ISO-10303-21;
HEADER;
/* Generated by software containing ST-Developer
 * from STEP Tools, Inc. (www.steptools.com) 
 */

FILE_DESCRIPTION(
/* description */ (''),
/* implementation_level */ '2;1');

FILE_NAME(
/* name */ 'carrier-bottom.step',
/* time_stamp */ '2026-09-11T12:50:13-07:00',
/* author */ (''),
/* organization */ (''),
/* preprocessor_version */ 'ST-DEVELOPER v20.1',
/* originating_system */ 'Autodesk Translation Framework v15.8.0.0',
/* authorisation */ '');

FILE_SCHEMA (('AUTOMOTIVE_DESIGN { 1 0 10303 214 3 1 1 }'));
ENDSEC;

DATA;
#10=MECHANICAL_DESIGN_GEOMETRIC_PRESENTATION_REPRESENTATION('',(#13),#4034);
#11=SHAPE_REPRESENTATION_RELATIONSHIP('SRR','None',#4041,#12);
#12=ADVANCED_BREP_SHAPE_REPRESENTATION('',(#14),#4033);
#13=STYLED_ITEM('',(#4051),#14);
#14=MANIFOLD_SOLID_BREP('01 Bottom shell',#2386);
#15=B_SPLINE_CURVE_WITH_KNOTS('',3,(#3473,#3474,#3475,#3476,#3477,#3478),
 .UNSPECIFIED.,.F.,.F.,(4,2,4),(0.95296858488715,1.0351057694818,1.1029683820014),
 .UNSPECIFIED.);
#16=B_SPLINE_CURVE_WITH_KNOTS('',3,(#3502,#3503,#3504,#3505,#3506,#3507),
 .UNSPECIFIED.,.F.,.F.,(4,2,4),(0.893891701928161,0.926169963992213,1.01366623991842),
 .UNSPECIFIED.);
#17=CYLINDRICAL_SURFACE('',#2422,0.27);
#18=CYLINDRICAL_SURFACE('',#2425,0.27);
#19=CYLINDRICAL_SURFACE('',#2429,0.27);
#20=CYLINDRICAL_SURFACE('',#2432,0.27);
#21=CYLINDRICAL_SURFACE('',#2434,0.2);
#22=CYLINDRICAL_SURFACE('',#2452,0.04);
#23=CYLINDRICAL_SURFACE('',#2455,0.04);
#24=CYLINDRICAL_SURFACE('',#2471,0.0199999999999999);
#25=CYLINDRICAL_SURFACE('',#2474,0.02);
#26=CYLINDRICAL_SURFACE('',#2478,0.2);
#27=CYLINDRICAL_SURFACE('',#2482,0.2);
#28=CYLINDRICAL_SURFACE('',#2486,0.2);
#29=CYLINDRICAL_SURFACE('',#2490,0.2);
#30=CYLINDRICAL_SURFACE('',#2497,0.04);
#31=CYLINDRICAL_SURFACE('',#2499,0.0399999999999998);
#32=CYLINDRICAL_SURFACE('',#2500,0.02);
#33=CYLINDRICAL_SURFACE('',#2503,0.02);
#34=CYLINDRICAL_SURFACE('',#2506,0.02);
#35=CYLINDRICAL_SURFACE('',#2509,0.02);
#36=CYLINDRICAL_SURFACE('',#2512,0.02);
#37=CYLINDRICAL_SURFACE('',#2515,0.02);
#38=CYLINDRICAL_SURFACE('',#2517,0.525);
#39=CYLINDRICAL_SURFACE('',#2520,0.525);
#40=CYLINDRICAL_SURFACE('',#2523,0.525);
#41=CYLINDRICAL_SURFACE('',#2526,0.2);
#42=CYLINDRICAL_SURFACE('',#2530,0.2);
#43=CYLINDRICAL_SURFACE('',#2534,0.2);
#44=CYLINDRICAL_SURFACE('',#2538,0.2);
#45=CYLINDRICAL_SURFACE('',#2542,0.2);
#46=CYLINDRICAL_SURFACE('',#2546,0.2);
#47=CYLINDRICAL_SURFACE('',#2550,0.2);
#48=CYLINDRICAL_SURFACE('',#2554,0.2);
#49=CYLINDRICAL_SURFACE('',#2559,0.2);
#50=CYLINDRICAL_SURFACE('',#2560,0.2);
#51=CYLINDRICAL_SURFACE('',#2562,0.2);
#52=CYLINDRICAL_SURFACE('',#2564,0.45);
#53=CYLINDRICAL_SURFACE('',#2580,0.45);
#54=CYLINDRICAL_SURFACE('',#2584,0.45);
#55=CYLINDRICAL_SURFACE('',#2597,0.45);
#56=CYLINDRICAL_SURFACE('',#2600,0.45);
#57=CYLINDRICAL_SURFACE('',#2603,0.45);
#58=CYLINDRICAL_SURFACE('',#2606,0.45);
#59=CYLINDRICAL_SURFACE('',#2609,0.45);
#60=CYLINDRICAL_SURFACE('',#2612,0.25);
#61=CYLINDRICAL_SURFACE('',#2614,0.25);
#62=CYLINDRICAL_SURFACE('',#2615,0.25);
#63=CYLINDRICAL_SURFACE('',#2617,0.25);
#64=CYLINDRICAL_SURFACE('',#2619,0.5);
#65=CYLINDRICAL_SURFACE('',#2622,0.5);
#66=CYLINDRICAL_SURFACE('',#2625,0.5);
#67=CYLINDRICAL_SURFACE('',#2628,0.5);
#68=FACE_BOUND('',#330,.T.);
#69=FACE_BOUND('',#376,.T.);
#70=FACE_BOUND('',#419,.T.);
#71=FACE_BOUND('',#420,.T.);
#72=FACE_BOUND('',#421,.T.);
#73=FACE_BOUND('',#422,.T.);
#74=FACE_BOUND('',#430,.T.);
#75=FACE_BOUND('',#431,.T.);
#76=FACE_BOUND('',#432,.T.);
#77=FACE_BOUND('',#433,.T.);
#78=FACE_BOUND('',#434,.T.);
#79=FACE_BOUND('',#440,.T.);
#80=FACE_BOUND('',#443,.T.);
#81=FACE_BOUND('',#446,.T.);
#82=FACE_BOUND('',#449,.T.);
#83=FACE_BOUND('',#452,.T.);
#84=FACE_BOUND('',#453,.T.);
#85=FACE_BOUND('',#454,.T.);
#86=FACE_BOUND('',#462,.T.);
#87=FACE_BOUND('',#463,.T.);
#88=FACE_BOUND('',#464,.T.);
#89=FACE_BOUND('',#469,.T.);
#90=FACE_BOUND('',#470,.T.);
#91=FACE_BOUND('',#471,.T.);
#92=CIRCLE('',#2407,0.02);
#93=CIRCLE('',#2408,0.02);
#94=CIRCLE('',#2409,0.02);
#95=CIRCLE('',#2410,0.02);
#96=CIRCLE('',#2411,0.2);
#97=CIRCLE('',#2412,0.2);
#98=CIRCLE('',#2413,0.2);
#99=CIRCLE('',#2414,0.2);
#100=CIRCLE('',#2421,0.27);
#101=CIRCLE('',#2423,0.27);
#102=CIRCLE('',#2424,0.27);
#103=CIRCLE('',#2426,0.27);
#104=CIRCLE('',#2428,0.27);
#105=CIRCLE('',#2430,0.27);
#106=CIRCLE('',#2431,0.27);
#107=CIRCLE('',#2433,0.27);
#108=CIRCLE('',#2435,0.2);
#109=CIRCLE('',#2436,0.2);
#110=CIRCLE('',#2438,0.04);
#111=CIRCLE('',#2439,0.0399999999999998);
#112=CIRCLE('',#2440,0.2);
#113=CIRCLE('',#2441,0.2);
#114=CIRCLE('',#2444,0.2);
#115=CIRCLE('',#2447,0.2);
#116=CIRCLE('',#2448,0.04);
#117=CIRCLE('',#2449,0.04);
#118=CIRCLE('',#2453,0.04);
#119=CIRCLE('',#2456,0.04);
#120=CIRCLE('',#2461,0.02);
#121=CIRCLE('',#2462,0.02);
#122=CIRCLE('',#2463,0.02);
#123=CIRCLE('',#2464,0.0199999999999999);
#124=CIRCLE('',#2472,0.0199999999999999);
#125=CIRCLE('',#2475,0.02);
#126=CIRCLE('',#2479,0.2);
#127=CIRCLE('',#2480,0.2);
#128=CIRCLE('',#2483,0.2);
#129=CIRCLE('',#2484,0.2);
#130=CIRCLE('',#2487,0.2);
#131=CIRCLE('',#2488,0.2);
#132=CIRCLE('',#2491,0.2);
#133=CIRCLE('',#2492,0.2);
#134=CIRCLE('',#2494,0.0399999999999998);
#135=CIRCLE('',#2495,0.04);
#136=CIRCLE('',#2501,0.02);
#137=CIRCLE('',#2504,0.02);
#138=CIRCLE('',#2507,0.02);
#139=CIRCLE('',#2510,0.02);
#140=CIRCLE('',#2513,0.02);
#141=CIRCLE('',#2516,0.02);
#142=CIRCLE('',#2518,0.525);
#143=CIRCLE('',#2519,0.525);
#144=CIRCLE('',#2521,0.525);
#145=CIRCLE('',#2522,0.525);
#146=CIRCLE('',#2524,0.525);
#147=CIRCLE('',#2525,0.525);
#148=CIRCLE('',#2527,0.2);
#149=CIRCLE('',#2528,0.2);
#150=CIRCLE('',#2531,0.2);
#151=CIRCLE('',#2532,0.2);
#152=CIRCLE('',#2535,0.2);
#153=CIRCLE('',#2536,0.2);
#154=CIRCLE('',#2539,0.2);
#155=CIRCLE('',#2540,0.2);
#156=CIRCLE('',#2543,0.2);
#157=CIRCLE('',#2544,0.2);
#158=CIRCLE('',#2547,0.2);
#159=CIRCLE('',#2548,0.2);
#160=CIRCLE('',#2551,0.2);
#161=CIRCLE('',#2552,0.2);
#162=CIRCLE('',#2555,0.2);
#163=CIRCLE('',#2556,0.2);
#164=CIRCLE('',#2565,0.45);
#165=CIRCLE('',#2566,0.45);
#166=CIRCLE('',#2568,0.25);
#167=CIRCLE('',#2569,0.45);
#168=CIRCLE('',#2570,0.45);
#169=CIRCLE('',#2571,0.25);
#170=CIRCLE('',#2572,0.25);
#171=CIRCLE('',#2573,0.45);
#172=CIRCLE('',#2574,0.25);
#173=CIRCLE('',#2575,0.45);
#174=CIRCLE('',#2576,0.45);
#175=CIRCLE('',#2577,0.45);
#176=CIRCLE('',#2578,0.45);
#177=CIRCLE('',#2581,0.45);
#178=CIRCLE('',#2585,0.45);
#179=CIRCLE('',#2588,0.5);
#180=CIRCLE('',#2589,0.5);
#181=CIRCLE('',#2590,0.5);
#182=CIRCLE('',#2591,0.5);
#183=CIRCLE('',#2592,0.45);
#184=CIRCLE('',#2593,0.25);
#185=CIRCLE('',#2594,0.25);
#186=CIRCLE('',#2595,0.25);
#187=CIRCLE('',#2596,0.25);
#188=CIRCLE('',#2601,0.45);
#189=CIRCLE('',#2604,0.45);
#190=CIRCLE('',#2607,0.45);
#191=CIRCLE('',#2610,0.45);
#192=CIRCLE('',#2620,0.5);
#193=CIRCLE('',#2623,0.5);
#194=CIRCLE('',#2626,0.5);
#195=CIRCLE('',#2629,0.5);
#196=FACE_OUTER_BOUND('',#323,.T.);
#197=FACE_OUTER_BOUND('',#324,.T.);
#198=FACE_OUTER_BOUND('',#325,.T.);
#199=FACE_OUTER_BOUND('',#326,.T.);
#200=FACE_OUTER_BOUND('',#327,.T.);
#201=FACE_OUTER_BOUND('',#328,.T.);
#202=FACE_OUTER_BOUND('',#329,.T.);
#203=FACE_OUTER_BOUND('',#331,.T.);
#204=FACE_OUTER_BOUND('',#332,.T.);
#205=FACE_OUTER_BOUND('',#333,.T.);
#206=FACE_OUTER_BOUND('',#334,.T.);
#207=FACE_OUTER_BOUND('',#335,.T.);
#208=FACE_OUTER_BOUND('',#336,.T.);
#209=FACE_OUTER_BOUND('',#337,.T.);
#210=FACE_OUTER_BOUND('',#338,.T.);
#211=FACE_OUTER_BOUND('',#339,.T.);
#212=FACE_OUTER_BOUND('',#340,.T.);
#213=FACE_OUTER_BOUND('',#341,.T.);
#214=FACE_OUTER_BOUND('',#342,.T.);
#215=FACE_OUTER_BOUND('',#343,.T.);
#216=FACE_OUTER_BOUND('',#344,.T.);
#217=FACE_OUTER_BOUND('',#345,.T.);
#218=FACE_OUTER_BOUND('',#346,.T.);
#219=FACE_OUTER_BOUND('',#347,.T.);
#220=FACE_OUTER_BOUND('',#348,.T.);
#221=FACE_OUTER_BOUND('',#349,.T.);
#222=FACE_OUTER_BOUND('',#350,.T.);
#223=FACE_OUTER_BOUND('',#351,.T.);
#224=FACE_OUTER_BOUND('',#352,.T.);
#225=FACE_OUTER_BOUND('',#353,.T.);
#226=FACE_OUTER_BOUND('',#354,.T.);
#227=FACE_OUTER_BOUND('',#355,.T.);
#228=FACE_OUTER_BOUND('',#356,.T.);
#229=FACE_OUTER_BOUND('',#357,.T.);
#230=FACE_OUTER_BOUND('',#358,.T.);
#231=FACE_OUTER_BOUND('',#359,.T.);
#232=FACE_OUTER_BOUND('',#360,.T.);
#233=FACE_OUTER_BOUND('',#361,.T.);
#234=FACE_OUTER_BOUND('',#362,.T.);
#235=FACE_OUTER_BOUND('',#363,.T.);
#236=FACE_OUTER_BOUND('',#364,.T.);
#237=FACE_OUTER_BOUND('',#365,.T.);
#238=FACE_OUTER_BOUND('',#366,.T.);
#239=FACE_OUTER_BOUND('',#367,.T.);
#240=FACE_OUTER_BOUND('',#368,.T.);
#241=FACE_OUTER_BOUND('',#369,.T.);
#242=FACE_OUTER_BOUND('',#370,.T.);
#243=FACE_OUTER_BOUND('',#371,.T.);
#244=FACE_OUTER_BOUND('',#372,.T.);
#245=FACE_OUTER_BOUND('',#373,.T.);
#246=FACE_OUTER_BOUND('',#374,.T.);
#247=FACE_OUTER_BOUND('',#375,.T.);
#248=FACE_OUTER_BOUND('',#377,.T.);
#249=FACE_OUTER_BOUND('',#378,.T.);
#250=FACE_OUTER_BOUND('',#379,.T.);
#251=FACE_OUTER_BOUND('',#380,.T.);
#252=FACE_OUTER_BOUND('',#381,.T.);
#253=FACE_OUTER_BOUND('',#382,.T.);
#254=FACE_OUTER_BOUND('',#383,.T.);
#255=FACE_OUTER_BOUND('',#384,.T.);
#256=FACE_OUTER_BOUND('',#385,.T.);
#257=FACE_OUTER_BOUND('',#386,.T.);
#258=FACE_OUTER_BOUND('',#387,.T.);
#259=FACE_OUTER_BOUND('',#388,.T.);
#260=FACE_OUTER_BOUND('',#389,.T.);
#261=FACE_OUTER_BOUND('',#390,.T.);
#262=FACE_OUTER_BOUND('',#391,.T.);
#263=FACE_OUTER_BOUND('',#392,.T.);
#264=FACE_OUTER_BOUND('',#393,.T.);
#265=FACE_OUTER_BOUND('',#394,.T.);
#266=FACE_OUTER_BOUND('',#395,.T.);
#267=FACE_OUTER_BOUND('',#396,.T.);
#268=FACE_OUTER_BOUND('',#397,.T.);
#269=FACE_OUTER_BOUND('',#398,.T.);
#270=FACE_OUTER_BOUND('',#399,.T.);
#271=FACE_OUTER_BOUND('',#400,.T.);
#272=FACE_OUTER_BOUND('',#401,.T.);
#273=FACE_OUTER_BOUND('',#402,.T.);
#274=FACE_OUTER_BOUND('',#403,.T.);
#275=FACE_OUTER_BOUND('',#404,.T.);
#276=FACE_OUTER_BOUND('',#405,.T.);
#277=FACE_OUTER_BOUND('',#406,.T.);
#278=FACE_OUTER_BOUND('',#407,.T.);
#279=FACE_OUTER_BOUND('',#408,.T.);
#280=FACE_OUTER_BOUND('',#409,.T.);
#281=FACE_OUTER_BOUND('',#410,.T.);
#282=FACE_OUTER_BOUND('',#411,.T.);
#283=FACE_OUTER_BOUND('',#412,.T.);
#284=FACE_OUTER_BOUND('',#413,.T.);
#285=FACE_OUTER_BOUND('',#414,.T.);
#286=FACE_OUTER_BOUND('',#415,.T.);
#287=FACE_OUTER_BOUND('',#416,.T.);
#288=FACE_OUTER_BOUND('',#417,.T.);
#289=FACE_OUTER_BOUND('',#418,.T.);
#290=FACE_OUTER_BOUND('',#423,.T.);
#291=FACE_OUTER_BOUND('',#424,.T.);
#292=FACE_OUTER_BOUND('',#425,.T.);
#293=FACE_OUTER_BOUND('',#426,.T.);
#294=FACE_OUTER_BOUND('',#427,.T.);
#295=FACE_OUTER_BOUND('',#428,.T.);
#296=FACE_OUTER_BOUND('',#429,.T.);
#297=FACE_OUTER_BOUND('',#435,.T.);
#298=FACE_OUTER_BOUND('',#436,.T.);
#299=FACE_OUTER_BOUND('',#437,.T.);
#300=FACE_OUTER_BOUND('',#438,.T.);
#301=FACE_OUTER_BOUND('',#439,.T.);
#302=FACE_OUTER_BOUND('',#441,.T.);
#303=FACE_OUTER_BOUND('',#442,.T.);
#304=FACE_OUTER_BOUND('',#444,.T.);
#305=FACE_OUTER_BOUND('',#445,.T.);
#306=FACE_OUTER_BOUND('',#447,.T.);
#307=FACE_OUTER_BOUND('',#448,.T.);
#308=FACE_OUTER_BOUND('',#450,.T.);
#309=FACE_OUTER_BOUND('',#451,.T.);
#310=FACE_OUTER_BOUND('',#455,.T.);
#311=FACE_OUTER_BOUND('',#456,.T.);
#312=FACE_OUTER_BOUND('',#457,.T.);
#313=FACE_OUTER_BOUND('',#458,.T.);
#314=FACE_OUTER_BOUND('',#459,.T.);
#315=FACE_OUTER_BOUND('',#460,.T.);
#316=FACE_OUTER_BOUND('',#461,.T.);
#317=FACE_OUTER_BOUND('',#465,.T.);
#318=FACE_OUTER_BOUND('',#466,.T.);
#319=FACE_OUTER_BOUND('',#467,.T.);
#320=FACE_OUTER_BOUND('',#468,.T.);
#321=FACE_OUTER_BOUND('',#472,.T.);
#322=FACE_OUTER_BOUND('',#473,.T.);
#323=EDGE_LOOP('',(#1505,#1506,#1507,#1508,#1509,#1510));
#324=EDGE_LOOP('',(#1511,#1512,#1513,#1514));
#325=EDGE_LOOP('',(#1515,#1516,#1517,#1518,#1519,#1520));
#326=EDGE_LOOP('',(#1521,#1522,#1523,#1524));
#327=EDGE_LOOP('',(#1525,#1526,#1527,#1528));
#328=EDGE_LOOP('',(#1529,#1530,#1531,#1532,#1533,#1534,#1535,#1536,#1537,
#1538,#1539,#1540));
#329=EDGE_LOOP('',(#1541,#1542,#1543,#1544,#1545,#1546,#1547,#1548,#1549,
#1550,#1551,#1552,#1553,#1554,#1555,#1556,#1557,#1558,#1559,#1560,#1561,
#1562,#1563,#1564));
#330=EDGE_LOOP('',(#1565,#1566,#1567,#1568,#1569,#1570,#1571,#1572));
#331=EDGE_LOOP('',(#1573,#1574,#1575,#1576,#1577,#1578));
#332=EDGE_LOOP('',(#1579,#1580,#1581,#1582));
#333=EDGE_LOOP('',(#1583,#1584,#1585,#1586,#1587,#1588));
#334=EDGE_LOOP('',(#1589,#1590,#1591,#1592));
#335=EDGE_LOOP('',(#1593,#1594,#1595,#1596));
#336=EDGE_LOOP('',(#1597,#1598));
#337=EDGE_LOOP('',(#1599,#1600,#1601,#1602,#1603));
#338=EDGE_LOOP('',(#1604,#1605,#1606,#1607));
#339=EDGE_LOOP('',(#1608,#1609));
#340=EDGE_LOOP('',(#1610,#1611,#1612,#1613,#1614));
#341=EDGE_LOOP('',(#1615,#1616,#1617,#1618));
#342=EDGE_LOOP('',(#1619,#1620,#1621,#1622,#1623,#1624,#1625));
#343=EDGE_LOOP('',(#1626,#1627,#1628,#1629,#1630,#1631,#1632,#1633,#1634,
#1635,#1636,#1637,#1638,#1639,#1640,#1641,#1642,#1643,#1644,#1645));
#344=EDGE_LOOP('',(#1646,#1647,#1648));
#345=EDGE_LOOP('',(#1649,#1650,#1651));
#346=EDGE_LOOP('',(#1652,#1653,#1654,#1655,#1656,#1657));
#347=EDGE_LOOP('',(#1658,#1659,#1660,#1661,#1662,#1663,#1664,#1665,#1666,
#1667,#1668,#1669));
#348=EDGE_LOOP('',(#1670,#1671,#1672,#1673,#1674,#1675));
#349=EDGE_LOOP('',(#1676,#1677,#1678,#1679,#1680,#1681,#1682,#1683));
#350=EDGE_LOOP('',(#1684,#1685,#1686,#1687));
#351=EDGE_LOOP('',(#1688,#1689,#1690,#1691));
#352=EDGE_LOOP('',(#1692,#1693,#1694,#1695));
#353=EDGE_LOOP('',(#1696,#1697,#1698,#1699,#1700,#1701));
#354=EDGE_LOOP('',(#1702,#1703,#1704,#1705));
#355=EDGE_LOOP('',(#1706,#1707,#1708,#1709,#1710,#1711));
#356=EDGE_LOOP('',(#1712,#1713,#1714,#1715,#1716,#1717,#1718,#1719,#1720,
#1721,#1722,#1723,#1724,#1725,#1726,#1727));
#357=EDGE_LOOP('',(#1728,#1729,#1730,#1731));
#358=EDGE_LOOP('',(#1732,#1733,#1734,#1735));
#359=EDGE_LOOP('',(#1736,#1737,#1738,#1739));
#360=EDGE_LOOP('',(#1740,#1741,#1742,#1743));
#361=EDGE_LOOP('',(#1744,#1745,#1746,#1747));
#362=EDGE_LOOP('',(#1748,#1749,#1750,#1751,#1752,#1753));
#363=EDGE_LOOP('',(#1754,#1755,#1756,#1757));
#364=EDGE_LOOP('',(#1758,#1759,#1760,#1761));
#365=EDGE_LOOP('',(#1762,#1763,#1764,#1765));
#366=EDGE_LOOP('',(#1766,#1767,#1768,#1769,#1770,#1771));
#367=EDGE_LOOP('',(#1772,#1773,#1774,#1775));
#368=EDGE_LOOP('',(#1776,#1777,#1778,#1779));
#369=EDGE_LOOP('',(#1780,#1781,#1782,#1783));
#370=EDGE_LOOP('',(#1784,#1785,#1786,#1787));
#371=EDGE_LOOP('',(#1788,#1789,#1790,#1791));
#372=EDGE_LOOP('',(#1792,#1793,#1794,#1795));
#373=EDGE_LOOP('',(#1796,#1797,#1798,#1799));
#374=EDGE_LOOP('',(#1800,#1801,#1802,#1803));
#375=EDGE_LOOP('',(#1804,#1805,#1806,#1807,#1808,#1809,#1810,#1811));
#376=EDGE_LOOP('',(#1812,#1813,#1814,#1815,#1816,#1817,#1818,#1819));
#377=EDGE_LOOP('',(#1820,#1821,#1822,#1823,#1824,#1825));
#378=EDGE_LOOP('',(#1826,#1827,#1828,#1829));
#379=EDGE_LOOP('',(#1830,#1831,#1832,#1833));
#380=EDGE_LOOP('',(#1834,#1835,#1836,#1837));
#381=EDGE_LOOP('',(#1838,#1839,#1840,#1841));
#382=EDGE_LOOP('',(#1842,#1843,#1844,#1845));
#383=EDGE_LOOP('',(#1846,#1847,#1848,#1849));
#384=EDGE_LOOP('',(#1850,#1851,#1852,#1853,#1854,#1855));
#385=EDGE_LOOP('',(#1856,#1857,#1858,#1859));
#386=EDGE_LOOP('',(#1860,#1861,#1862,#1863));
#387=EDGE_LOOP('',(#1864,#1865,#1866,#1867));
#388=EDGE_LOOP('',(#1868,#1869,#1870,#1871,#1872,#1873));
#389=EDGE_LOOP('',(#1874,#1875,#1876,#1877));
#390=EDGE_LOOP('',(#1878,#1879,#1880,#1881));
#391=EDGE_LOOP('',(#1882,#1883,#1884,#1885));
#392=EDGE_LOOP('',(#1886,#1887,#1888,#1889));
#393=EDGE_LOOP('',(#1890,#1891,#1892,#1893));
#394=EDGE_LOOP('',(#1894,#1895,#1896,#1897));
#395=EDGE_LOOP('',(#1898,#1899,#1900,#1901));
#396=EDGE_LOOP('',(#1902));
#397=EDGE_LOOP('',(#1903,#1904,#1905,#1906));
#398=EDGE_LOOP('',(#1907));
#399=EDGE_LOOP('',(#1908,#1909,#1910,#1911));
#400=EDGE_LOOP('',(#1912));
#401=EDGE_LOOP('',(#1913,#1914,#1915,#1916));
#402=EDGE_LOOP('',(#1917));
#403=EDGE_LOOP('',(#1918,#1919,#1920,#1921));
#404=EDGE_LOOP('',(#1922));
#405=EDGE_LOOP('',(#1923,#1924,#1925,#1926));
#406=EDGE_LOOP('',(#1927));
#407=EDGE_LOOP('',(#1928,#1929,#1930,#1931));
#408=EDGE_LOOP('',(#1932));
#409=EDGE_LOOP('',(#1933,#1934,#1935,#1936));
#410=EDGE_LOOP('',(#1937));
#411=EDGE_LOOP('',(#1938,#1939,#1940,#1941,#1942,#1943));
#412=EDGE_LOOP('',(#1944,#1945,#1946,#1947,#1948,#1949,#1950));
#413=EDGE_LOOP('',(#1951,#1952,#1953,#1954));
#414=EDGE_LOOP('',(#1955,#1956,#1957,#1958));
#415=EDGE_LOOP('',(#1959,#1960,#1961,#1962));
#416=EDGE_LOOP('',(#1963,#1964,#1965,#1966,#1967,#1968));
#417=EDGE_LOOP('',(#1969,#1970,#1971,#1972));
#418=EDGE_LOOP('',(#1973,#1974,#1975,#1976,#1977,#1978,#1979,#1980,#1981,
#1982,#1983,#1984,#1985,#1986,#1987,#1988,#1989,#1990,#1991,#1992,#1993,
#1994,#1995,#1996));
#419=EDGE_LOOP('',(#1997));
#420=EDGE_LOOP('',(#1998));
#421=EDGE_LOOP('',(#1999));
#422=EDGE_LOOP('',(#2000));
#423=EDGE_LOOP('',(#2001,#2002,#2003,#2004));
#424=EDGE_LOOP('',(#2005,#2006,#2007,#2008));
#425=EDGE_LOOP('',(#2009,#2010,#2011,#2012));
#426=EDGE_LOOP('',(#2013,#2014,#2015,#2016));
#427=EDGE_LOOP('',(#2017,#2018,#2019,#2020));
#428=EDGE_LOOP('',(#2021,#2022,#2023,#2024));
#429=EDGE_LOOP('',(#2025,#2026,#2027,#2028,#2029,#2030,#2031,#2032));
#430=EDGE_LOOP('',(#2033,#2034,#2035,#2036,#2037,#2038,#2039,#2040,#2041,
#2042,#2043,#2044,#2045,#2046,#2047,#2048));
#431=EDGE_LOOP('',(#2049));
#432=EDGE_LOOP('',(#2050));
#433=EDGE_LOOP('',(#2051));
#434=EDGE_LOOP('',(#2052));
#435=EDGE_LOOP('',(#2053,#2054,#2055,#2056));
#436=EDGE_LOOP('',(#2057,#2058,#2059,#2060));
#437=EDGE_LOOP('',(#2061,#2062,#2063,#2064));
#438=EDGE_LOOP('',(#2065,#2066,#2067,#2068));
#439=EDGE_LOOP('',(#2069));
#440=EDGE_LOOP('',(#2070));
#441=EDGE_LOOP('',(#2071,#2072,#2073,#2074));
#442=EDGE_LOOP('',(#2075));
#443=EDGE_LOOP('',(#2076));
#444=EDGE_LOOP('',(#2077,#2078,#2079,#2080));
#445=EDGE_LOOP('',(#2081));
#446=EDGE_LOOP('',(#2082));
#447=EDGE_LOOP('',(#2083,#2084,#2085,#2086));
#448=EDGE_LOOP('',(#2087));
#449=EDGE_LOOP('',(#2088));
#450=EDGE_LOOP('',(#2089,#2090,#2091,#2092));
#451=EDGE_LOOP('',(#2093,#2094,#2095,#2096));
#452=EDGE_LOOP('',(#2097));
#453=EDGE_LOOP('',(#2098));
#454=EDGE_LOOP('',(#2099));
#455=EDGE_LOOP('',(#2100,#2101,#2102,#2103));
#456=EDGE_LOOP('',(#2104,#2105,#2106,#2107));
#457=EDGE_LOOP('',(#2108,#2109,#2110,#2111));
#458=EDGE_LOOP('',(#2112,#2113,#2114,#2115));
#459=EDGE_LOOP('',(#2116,#2117,#2118,#2119));
#460=EDGE_LOOP('',(#2120,#2121,#2122,#2123));
#461=EDGE_LOOP('',(#2124,#2125,#2126,#2127));
#462=EDGE_LOOP('',(#2128,#2129,#2130,#2131,#2132,#2133,#2134,#2135));
#463=EDGE_LOOP('',(#2136,#2137,#2138,#2139,#2140,#2141,#2142,#2143));
#464=EDGE_LOOP('',(#2144,#2145,#2146,#2147,#2148,#2149,#2150,#2151));
#465=EDGE_LOOP('',(#2152,#2153,#2154,#2155));
#466=EDGE_LOOP('',(#2156,#2157,#2158,#2159));
#467=EDGE_LOOP('',(#2160,#2161,#2162,#2163));
#468=EDGE_LOOP('',(#2164,#2165,#2166,#2167));
#469=EDGE_LOOP('',(#2168));
#470=EDGE_LOOP('',(#2169));
#471=EDGE_LOOP('',(#2170));
#472=EDGE_LOOP('',(#2171,#2172,#2173,#2174));
#473=EDGE_LOOP('',(#2175,#2176,#2177,#2178,#2179,#2180,#2181,#2182));
#474=LINE('',#3332,#707);
#475=LINE('',#3334,#708);
#476=LINE('',#3336,#709);
#477=LINE('',#3338,#710);
#478=LINE('',#3340,#711);
#479=LINE('',#3341,#712);
#480=LINE('',#3344,#713);
#481=LINE('',#3346,#714);
#482=LINE('',#3347,#715);
#483=LINE('',#3350,#716);
#484=LINE('',#3352,#717);
#485=LINE('',#3354,#718);
#486=LINE('',#3356,#719);
#487=LINE('',#3357,#720);
#488=LINE('',#3359,#721);
#489=LINE('',#3360,#722);
#490=LINE('',#3364,#723);
#491=LINE('',#3366,#724);
#492=LINE('',#3368,#725);
#493=LINE('',#3370,#726);
#494=LINE('',#3372,#727);
#495=LINE('',#3374,#728);
#496=LINE('',#3376,#729);
#497=LINE('',#3378,#730);
#498=LINE('',#3379,#731);
#499=LINE('',#3382,#732);
#500=LINE('',#3384,#733);
#501=LINE('',#3386,#734);
#502=LINE('',#3388,#735);
#503=LINE('',#3390,#736);
#504=LINE('',#3391,#737);
#505=LINE('',#3393,#738);
#506=LINE('',#3395,#739);
#507=LINE('',#3397,#740);
#508=LINE('',#3401,#741);
#509=LINE('',#3405,#742);
#510=LINE('',#3407,#743);
#511=LINE('',#3409,#744);
#512=LINE('',#3413,#745);
#513=LINE('',#3417,#746);
#514=LINE('',#3419,#747);
#515=LINE('',#3420,#748);
#516=LINE('',#3423,#749);
#517=LINE('',#3427,#750);
#518=LINE('',#3431,#751);
#519=LINE('',#3435,#752);
#520=LINE('',#3439,#753);
#521=LINE('',#3441,#754);
#522=LINE('',#3443,#755);
#523=LINE('',#3444,#756);
#524=LINE('',#3447,#757);
#525=LINE('',#3448,#758);
#526=LINE('',#3451,#759);
#527=LINE('',#3453,#760);
#528=LINE('',#3455,#761);
#529=LINE('',#3456,#762);
#530=LINE('',#3458,#763);
#531=LINE('',#3459,#764);
#532=LINE('',#3464,#765);
#533=LINE('',#3471,#766);
#534=LINE('',#3481,#767);
#535=LINE('',#3484,#768);
#536=LINE('',#3487,#769);
#537=LINE('',#3491,#770);
#538=LINE('',#3498,#771);
#539=LINE('',#3508,#772);
#540=LINE('',#3511,#773);
#541=LINE('',#3514,#774);
#542=LINE('',#3519,#775);
#543=LINE('',#3522,#776);
#544=LINE('',#3523,#777);
#545=LINE('',#3526,#778);
#546=LINE('',#3528,#779);
#547=LINE('',#3532,#780);
#548=LINE('',#3536,#781);
#549=LINE('',#3537,#782);
#550=LINE('',#3539,#783);
#551=LINE('',#3541,#784);
#552=LINE('',#3545,#785);
#553=LINE('',#3549,#786);
#554=LINE('',#3550,#787);
#555=LINE('',#3552,#788);
#556=LINE('',#3556,#789);
#557=LINE('',#3559,#790);
#558=LINE('',#3561,#791);
#559=LINE('',#3562,#792);
#560=LINE('',#3566,#793);
#561=LINE('',#3568,#794);
#562=LINE('',#3569,#795);
#563=LINE('',#3571,#796);
#564=LINE('',#3574,#797);
#565=LINE('',#3576,#798);
#566=LINE('',#3580,#799);
#567=LINE('',#3583,#800);
#568=LINE('',#3584,#801);
#569=LINE('',#3586,#802);
#570=LINE('',#3587,#803);
#571=LINE('',#3590,#804);
#572=LINE('',#3593,#805);
#573=LINE('',#3596,#806);
#574=LINE('',#3597,#807);
#575=LINE('',#3600,#808);
#576=LINE('',#3604,#809);
#577=LINE('',#3605,#810);
#578=LINE('',#3607,#811);
#579=LINE('',#3609,#812);
#580=LINE('',#3610,#813);
#581=LINE('',#3614,#814);
#582=LINE('',#3616,#815);
#583=LINE('',#3618,#816);
#584=LINE('',#3622,#817);
#585=LINE('',#3626,#818);
#586=LINE('',#3628,#819);
#587=LINE('',#3629,#820);
#588=LINE('',#3631,#821);
#589=LINE('',#3633,#822);
#590=LINE('',#3635,#823);
#591=LINE('',#3639,#824);
#592=LINE('',#3642,#825);
#593=LINE('',#3643,#826);
#594=LINE('',#3645,#827);
#595=LINE('',#3646,#828);
#596=LINE('',#3650,#829);
#597=LINE('',#3651,#830);
#598=LINE('',#3654,#831);
#599=LINE('',#3656,#832);
#600=LINE('',#3657,#833);
#601=LINE('',#3660,#834);
#602=LINE('',#3664,#835);
#603=LINE('',#3665,#836);
#604=LINE('',#3668,#837);
#605=LINE('',#3672,#838);
#606=LINE('',#3673,#839);
#607=LINE('',#3677,#840);
#608=LINE('',#3679,#841);
#609=LINE('',#3681,#842);
#610=LINE('',#3682,#843);
#611=LINE('',#3688,#844);
#612=LINE('',#3691,#845);
#613=LINE('',#3693,#846);
#614=LINE('',#3694,#847);
#615=LINE('',#3700,#848);
#616=LINE('',#3703,#849);
#617=LINE('',#3705,#850);
#618=LINE('',#3706,#851);
#619=LINE('',#3712,#852);
#620=LINE('',#3715,#853);
#621=LINE('',#3717,#854);
#622=LINE('',#3718,#855);
#623=LINE('',#3724,#856);
#624=LINE('',#3728,#857);
#625=LINE('',#3731,#858);
#626=LINE('',#3733,#859);
#627=LINE('',#3735,#860);
#628=LINE('',#3740,#861);
#629=LINE('',#3743,#862);
#630=LINE('',#3744,#863);
#631=LINE('',#3749,#864);
#632=LINE('',#3751,#865);
#633=LINE('',#3752,#866);
#634=LINE('',#3756,#867);
#635=LINE('',#3759,#868);
#636=LINE('',#3760,#869);
#637=LINE('',#3764,#870);
#638=LINE('',#3767,#871);
#639=LINE('',#3768,#872);
#640=LINE('',#3771,#873);
#641=LINE('',#3775,#874);
#642=LINE('',#3776,#875);
#643=LINE('',#3783,#876);
#644=LINE('',#3789,#877);
#645=LINE('',#3795,#878);
#646=LINE('',#3801,#879);
#647=LINE('',#3808,#880);
#648=LINE('',#3815,#881);
#649=LINE('',#3822,#882);
#650=LINE('',#3829,#883);
#651=LINE('',#3836,#884);
#652=LINE('',#3843,#885);
#653=LINE('',#3850,#886);
#654=LINE('',#3854,#887);
#655=LINE('',#3857,#888);
#656=LINE('',#3859,#889);
#657=LINE('',#3861,#890);
#658=LINE('',#3866,#891);
#659=LINE('',#3870,#892);
#660=LINE('',#3873,#893);
#661=LINE('',#3877,#894);
#662=LINE('',#3881,#895);
#663=LINE('',#3885,#896);
#664=LINE('',#3889,#897);
#665=LINE('',#3893,#898);
#666=LINE('',#3896,#899);
#667=LINE('',#3898,#900);
#668=LINE('',#3910,#901);
#669=LINE('',#3911,#902);
#670=LINE('',#3914,#903);
#671=LINE('',#3917,#904);
#672=LINE('',#3920,#905);
#673=LINE('',#3921,#906);
#674=LINE('',#3924,#907);
#675=LINE('',#3925,#908);
#676=LINE('',#3928,#909);
#677=LINE('',#3932,#910);
#678=LINE('',#3933,#911);
#679=LINE('',#3939,#912);
#680=LINE('',#3943,#913);
#681=LINE('',#3947,#914);
#682=LINE('',#3950,#915);
#683=LINE('',#3952,#916);
#684=LINE('',#3956,#917);
#685=LINE('',#3960,#918);
#686=LINE('',#3965,#919);
#687=LINE('',#3966,#920);
#688=LINE('',#3968,#921);
#689=LINE('',#3973,#922);
#690=LINE('',#3978,#923);
#691=LINE('',#3983,#924);
#692=LINE('',#3988,#925);
#693=LINE('',#3991,#926);
#694=LINE('',#3993,#927);
#695=LINE('',#4001,#928);
#696=LINE('',#4002,#929);
#697=LINE('',#4003,#930);
#698=LINE('',#4007,#931);
#699=LINE('',#4010,#932);
#700=LINE('',#4011,#933);
#701=LINE('',#4015,#934);
#702=LINE('',#4018,#935);
#703=LINE('',#4019,#936);
#704=LINE('',#4023,#937);
#705=LINE('',#4026,#938);
#706=LINE('',#4027,#939);
#707=VECTOR('',#2635,1.);
#708=VECTOR('',#2636,1.);
#709=VECTOR('',#2637,1.);
#710=VECTOR('',#2638,1.);
#711=VECTOR('',#2639,1.);
#712=VECTOR('',#2640,1.);
#713=VECTOR('',#2643,1.);
#714=VECTOR('',#2644,1.);
#715=VECTOR('',#2645,1.);
#716=VECTOR('',#2648,1.);
#717=VECTOR('',#2649,1.);
#718=VECTOR('',#2650,1.);
#719=VECTOR('',#2651,1.);
#720=VECTOR('',#2652,1.);
#721=VECTOR('',#2655,1.);
#722=VECTOR('',#2656,1.);
#723=VECTOR('',#2661,1.);
#724=VECTOR('',#2662,1.);
#725=VECTOR('',#2663,1.);
#726=VECTOR('',#2664,1.);
#727=VECTOR('',#2665,1.);
#728=VECTOR('',#2666,1.);
#729=VECTOR('',#2667,1.);
#730=VECTOR('',#2668,1.);
#731=VECTOR('',#2669,1.);
#732=VECTOR('',#2672,1.);
#733=VECTOR('',#2673,1.);
#734=VECTOR('',#2674,1.);
#735=VECTOR('',#2675,1.);
#736=VECTOR('',#2676,1.);
#737=VECTOR('',#2677,1.);
#738=VECTOR('',#2678,1.);
#739=VECTOR('',#2679,1.);
#740=VECTOR('',#2680,1.);
#741=VECTOR('',#2683,1.);
#742=VECTOR('',#2686,1.);
#743=VECTOR('',#2687,1.);
#744=VECTOR('',#2688,1.);
#745=VECTOR('',#2691,1.);
#746=VECTOR('',#2694,1.);
#747=VECTOR('',#2695,1.);
#748=VECTOR('',#2696,1.);
#749=VECTOR('',#2697,1.);
#750=VECTOR('',#2700,1.);
#751=VECTOR('',#2703,1.);
#752=VECTOR('',#2706,1.);
#753=VECTOR('',#2711,1.);
#754=VECTOR('',#2712,1.);
#755=VECTOR('',#2713,1.);
#756=VECTOR('',#2714,1.);
#757=VECTOR('',#2717,1.);
#758=VECTOR('',#2718,1.);
#759=VECTOR('',#2721,1.);
#760=VECTOR('',#2722,1.);
#761=VECTOR('',#2723,1.);
#762=VECTOR('',#2724,1.);
#763=VECTOR('',#2727,1.);
#764=VECTOR('',#2728,1.);
#765=VECTOR('',#2733,1.);
#766=VECTOR('',#2740,1.);
#767=VECTOR('',#2743,1.);
#768=VECTOR('',#2746,1.);
#769=VECTOR('',#2749,1.);
#770=VECTOR('',#2752,1.);
#771=VECTOR('',#2759,1.);
#772=VECTOR('',#2762,1.);
#773=VECTOR('',#2765,1.);
#774=VECTOR('',#2768,1.);
#775=VECTOR('',#2773,1.);
#776=VECTOR('',#2776,1.);
#777=VECTOR('',#2777,1.);
#778=VECTOR('',#2780,1.);
#779=VECTOR('',#2781,1.);
#780=VECTOR('',#2784,1.);
#781=VECTOR('',#2787,1.);
#782=VECTOR('',#2788,1.);
#783=VECTOR('',#2789,1.);
#784=VECTOR('',#2790,1.);
#785=VECTOR('',#2793,1.);
#786=VECTOR('',#2796,1.);
#787=VECTOR('',#2797,1.);
#788=VECTOR('',#2800,1.);
#789=VECTOR('',#2805,1.);
#790=VECTOR('',#2808,1.);
#791=VECTOR('',#2809,1.);
#792=VECTOR('',#2810,1.);
#793=VECTOR('',#2813,1.);
#794=VECTOR('',#2814,1.);
#795=VECTOR('',#2815,1.);
#796=VECTOR('',#2816,1.);
#797=VECTOR('',#2819,1.);
#798=VECTOR('',#2820,1.);
#799=VECTOR('',#2823,1.);
#800=VECTOR('',#2828,1.);
#801=VECTOR('',#2829,1.);
#802=VECTOR('',#2832,1.);
#803=VECTOR('',#2833,1.);
#804=VECTOR('',#2836,1.);
#805=VECTOR('',#2839,1.);
#806=VECTOR('',#2842,1.);
#807=VECTOR('',#2843,1.);
#808=VECTOR('',#2846,1.);
#809=VECTOR('',#2851,1.);
#810=VECTOR('',#2852,1.);
#811=VECTOR('',#2855,1.);
#812=VECTOR('',#2858,1.);
#813=VECTOR('',#2859,1.);
#814=VECTOR('',#2862,1.);
#815=VECTOR('',#2863,1.);
#816=VECTOR('',#2864,1.);
#817=VECTOR('',#2867,1.);
#818=VECTOR('',#2870,1.);
#819=VECTOR('',#2871,1.);
#820=VECTOR('',#2872,1.);
#821=VECTOR('',#2873,1.);
#822=VECTOR('',#2874,1.);
#823=VECTOR('',#2875,1.);
#824=VECTOR('',#2878,1.);
#825=VECTOR('',#2883,1.);
#826=VECTOR('',#2884,1.);
#827=VECTOR('',#2887,1.);
#828=VECTOR('',#2888,1.);
#829=VECTOR('',#2895,1.);
#830=VECTOR('',#2896,1.);
#831=VECTOR('',#2899,1.);
#832=VECTOR('',#2900,1.);
#833=VECTOR('',#2901,1.);
#834=VECTOR('',#2904,1.);
#835=VECTOR('',#2909,1.);
#836=VECTOR('',#2910,1.);
#837=VECTOR('',#2913,1.);
#838=VECTOR('',#2918,1.);
#839=VECTOR('',#2919,1.);
#840=VECTOR('',#2922,1.);
#841=VECTOR('',#2923,1.);
#842=VECTOR('',#2924,1.);
#843=VECTOR('',#2925,1.);
#844=VECTOR('',#2932,1.);
#845=VECTOR('',#2935,1.);
#846=VECTOR('',#2936,1.);
#847=VECTOR('',#2937,1.);
#848=VECTOR('',#2944,1.);
#849=VECTOR('',#2947,1.);
#850=VECTOR('',#2948,1.);
#851=VECTOR('',#2949,1.);
#852=VECTOR('',#2956,1.);
#853=VECTOR('',#2959,1.);
#854=VECTOR('',#2960,1.);
#855=VECTOR('',#2961,1.);
#856=VECTOR('',#2970,1.);
#857=VECTOR('',#2973,1.);
#858=VECTOR('',#2978,1.);
#859=VECTOR('',#2981,1.);
#860=VECTOR('',#2984,1.);
#861=VECTOR('',#2991,1.);
#862=VECTOR('',#2994,1.);
#863=VECTOR('',#2995,1.);
#864=VECTOR('',#3002,1.);
#865=VECTOR('',#3003,1.);
#866=VECTOR('',#3004,1.);
#867=VECTOR('',#3009,1.);
#868=VECTOR('',#3012,1.);
#869=VECTOR('',#3013,1.);
#870=VECTOR('',#3018,1.);
#871=VECTOR('',#3021,1.);
#872=VECTOR('',#3022,1.);
#873=VECTOR('',#3025,1.);
#874=VECTOR('',#3030,1.);
#875=VECTOR('',#3031,1.);
#876=VECTOR('',#3040,0.525);
#877=VECTOR('',#3047,0.525);
#878=VECTOR('',#3054,0.525);
#879=VECTOR('',#3061,0.2);
#880=VECTOR('',#3070,0.2);
#881=VECTOR('',#3079,0.2);
#882=VECTOR('',#3088,0.2);
#883=VECTOR('',#3097,0.2);
#884=VECTOR('',#3106,0.2);
#885=VECTOR('',#3115,0.2);
#886=VECTOR('',#3124,0.2);
#887=VECTOR('',#3131,1.);
#888=VECTOR('',#3136,1.);
#889=VECTOR('',#3139,1.);
#890=VECTOR('',#3142,1.);
#891=VECTOR('',#3147,1.);
#892=VECTOR('',#3150,1.);
#893=VECTOR('',#3155,1.);
#894=VECTOR('',#3158,1.);
#895=VECTOR('',#3161,1.);
#896=VECTOR('',#3164,1.);
#897=VECTOR('',#3167,1.);
#898=VECTOR('',#3170,1.);
#899=VECTOR('',#3173,1.);
#900=VECTOR('',#3174,1.);
#901=VECTOR('',#3187,1.);
#902=VECTOR('',#3188,1.);
#903=VECTOR('',#3191,1.);
#904=VECTOR('',#3194,1.);
#905=VECTOR('',#3197,1.);
#906=VECTOR('',#3198,1.);
#907=VECTOR('',#3201,1.);
#908=VECTOR('',#3202,1.);
#909=VECTOR('',#3205,1.);
#910=VECTOR('',#3210,1.);
#911=VECTOR('',#3211,1.);
#912=VECTOR('',#3216,1.);
#913=VECTOR('',#3219,1.);
#914=VECTOR('',#3222,1.);
#915=VECTOR('',#3225,1.);
#916=VECTOR('',#3226,1.);
#917=VECTOR('',#3229,1.);
#918=VECTOR('',#3232,1.);
#919=VECTOR('',#3241,1.);
#920=VECTOR('',#3242,1.);
#921=VECTOR('',#3245,1.);
#922=VECTOR('',#3252,0.45);
#923=VECTOR('',#3259,0.45);
#924=VECTOR('',#3266,0.45);
#925=VECTOR('',#3273,0.45);
#926=VECTOR('',#3278,1.);
#927=VECTOR('',#3281,1.);
#928=VECTOR('',#3292,1.);
#929=VECTOR('',#3293,1.);
#930=VECTOR('',#3294,1.);
#931=VECTOR('',#3299,1.);
#932=VECTOR('',#3302,1.);
#933=VECTOR('',#3303,1.);
#934=VECTOR('',#3308,1.);
#935=VECTOR('',#3311,1.);
#936=VECTOR('',#3312,1.);
#937=VECTOR('',#3317,1.);
#938=VECTOR('',#3320,1.);
#939=VECTOR('',#3321,1.);
#940=VERTEX_POINT('',#3330);
#941=VERTEX_POINT('',#3331);
#942=VERTEX_POINT('',#3333);
#943=VERTEX_POINT('',#3335);
#944=VERTEX_POINT('',#3337);
#945=VERTEX_POINT('',#3339);
#946=VERTEX_POINT('',#3343);
#947=VERTEX_POINT('',#3345);
#948=VERTEX_POINT('',#3349);
#949=VERTEX_POINT('',#3351);
#950=VERTEX_POINT('',#3353);
#951=VERTEX_POINT('',#3355);
#952=VERTEX_POINT('',#3363);
#953=VERTEX_POINT('',#3365);
#954=VERTEX_POINT('',#3367);
#955=VERTEX_POINT('',#3369);
#956=VERTEX_POINT('',#3371);
#957=VERTEX_POINT('',#3373);
#958=VERTEX_POINT('',#3375);
#959=VERTEX_POINT('',#3377);
#960=VERTEX_POINT('',#3381);
#961=VERTEX_POINT('',#3383);
#962=VERTEX_POINT('',#3385);
#963=VERTEX_POINT('',#3387);
#964=VERTEX_POINT('',#3389);
#965=VERTEX_POINT('',#3392);
#966=VERTEX_POINT('',#3394);
#967=VERTEX_POINT('',#3396);
#968=VERTEX_POINT('',#3398);
#969=VERTEX_POINT('',#3400);
#970=VERTEX_POINT('',#3402);
#971=VERTEX_POINT('',#3404);
#972=VERTEX_POINT('',#3406);
#973=VERTEX_POINT('',#3408);
#974=VERTEX_POINT('',#3410);
#975=VERTEX_POINT('',#3412);
#976=VERTEX_POINT('',#3414);
#977=VERTEX_POINT('',#3416);
#978=VERTEX_POINT('',#3418);
#979=VERTEX_POINT('',#3421);
#980=VERTEX_POINT('',#3422);
#981=VERTEX_POINT('',#3424);
#982=VERTEX_POINT('',#3426);
#983=VERTEX_POINT('',#3428);
#984=VERTEX_POINT('',#3430);
#985=VERTEX_POINT('',#3432);
#986=VERTEX_POINT('',#3434);
#987=VERTEX_POINT('',#3438);
#988=VERTEX_POINT('',#3440);
#989=VERTEX_POINT('',#3442);
#990=VERTEX_POINT('',#3446);
#991=VERTEX_POINT('',#3450);
#992=VERTEX_POINT('',#3452);
#993=VERTEX_POINT('',#3454);
#994=VERTEX_POINT('',#3462);
#995=VERTEX_POINT('',#3463);
#996=VERTEX_POINT('',#3467);
#997=VERTEX_POINT('',#3468);
#998=VERTEX_POINT('',#3470);
#999=VERTEX_POINT('',#3472);
#1000=VERTEX_POINT('',#3479);
#1001=VERTEX_POINT('',#3483);
#1002=VERTEX_POINT('',#3485);
#1003=VERTEX_POINT('',#3489);
#1004=VERTEX_POINT('',#3490);
#1005=VERTEX_POINT('',#3494);
#1006=VERTEX_POINT('',#3495);
#1007=VERTEX_POINT('',#3497);
#1008=VERTEX_POINT('',#3499);
#1009=VERTEX_POINT('',#3501);
#1010=VERTEX_POINT('',#3510);
#1011=VERTEX_POINT('',#3512);
#1012=VERTEX_POINT('',#3516);
#1013=VERTEX_POINT('',#3518);
#1014=VERTEX_POINT('',#3520);
#1015=VERTEX_POINT('',#3525);
#1016=VERTEX_POINT('',#3527);
#1017=VERTEX_POINT('',#3529);
#1018=VERTEX_POINT('',#3531);
#1019=VERTEX_POINT('',#3533);
#1020=VERTEX_POINT('',#3535);
#1021=VERTEX_POINT('',#3538);
#1022=VERTEX_POINT('',#3540);
#1023=VERTEX_POINT('',#3542);
#1024=VERTEX_POINT('',#3544);
#1025=VERTEX_POINT('',#3546);
#1026=VERTEX_POINT('',#3548);
#1027=VERTEX_POINT('',#3554);
#1028=VERTEX_POINT('',#3558);
#1029=VERTEX_POINT('',#3560);
#1030=VERTEX_POINT('',#3564);
#1031=VERTEX_POINT('',#3565);
#1032=VERTEX_POINT('',#3567);
#1033=VERTEX_POINT('',#3570);
#1034=VERTEX_POINT('',#3572);
#1035=VERTEX_POINT('',#3575);
#1036=VERTEX_POINT('',#3577);
#1037=VERTEX_POINT('',#3579);
#1038=VERTEX_POINT('',#3589);
#1039=VERTEX_POINT('',#3591);
#1040=VERTEX_POINT('',#3595);
#1041=VERTEX_POINT('',#3599);
#1042=VERTEX_POINT('',#3603);
#1043=VERTEX_POINT('',#3612);
#1044=VERTEX_POINT('',#3613);
#1045=VERTEX_POINT('',#3615);
#1046=VERTEX_POINT('',#3617);
#1047=VERTEX_POINT('',#3619);
#1048=VERTEX_POINT('',#3621);
#1049=VERTEX_POINT('',#3623);
#1050=VERTEX_POINT('',#3625);
#1051=VERTEX_POINT('',#3627);
#1052=VERTEX_POINT('',#3630);
#1053=VERTEX_POINT('',#3632);
#1054=VERTEX_POINT('',#3634);
#1055=VERTEX_POINT('',#3636);
#1056=VERTEX_POINT('',#3638);
#1057=VERTEX_POINT('',#3653);
#1058=VERTEX_POINT('',#3655);
#1059=VERTEX_POINT('',#3659);
#1060=VERTEX_POINT('',#3663);
#1061=VERTEX_POINT('',#3667);
#1062=VERTEX_POINT('',#3671);
#1063=VERTEX_POINT('',#3675);
#1064=VERTEX_POINT('',#3676);
#1065=VERTEX_POINT('',#3678);
#1066=VERTEX_POINT('',#3680);
#1067=VERTEX_POINT('',#3684);
#1068=VERTEX_POINT('',#3686);
#1069=VERTEX_POINT('',#3690);
#1070=VERTEX_POINT('',#3692);
#1071=VERTEX_POINT('',#3696);
#1072=VERTEX_POINT('',#3698);
#1073=VERTEX_POINT('',#3702);
#1074=VERTEX_POINT('',#3704);
#1075=VERTEX_POINT('',#3708);
#1076=VERTEX_POINT('',#3710);
#1077=VERTEX_POINT('',#3714);
#1078=VERTEX_POINT('',#3716);
#1079=VERTEX_POINT('',#3723);
#1080=VERTEX_POINT('',#3725);
#1081=VERTEX_POINT('',#3727);
#1082=VERTEX_POINT('',#3738);
#1083=VERTEX_POINT('',#3742);
#1084=VERTEX_POINT('',#3748);
#1085=VERTEX_POINT('',#3750);
#1086=VERTEX_POINT('',#3754);
#1087=VERTEX_POINT('',#3758);
#1088=VERTEX_POINT('',#3762);
#1089=VERTEX_POINT('',#3766);
#1090=VERTEX_POINT('',#3770);
#1091=VERTEX_POINT('',#3774);
#1092=VERTEX_POINT('',#3780);
#1093=VERTEX_POINT('',#3782);
#1094=VERTEX_POINT('',#3786);
#1095=VERTEX_POINT('',#3788);
#1096=VERTEX_POINT('',#3792);
#1097=VERTEX_POINT('',#3794);
#1098=VERTEX_POINT('',#3798);
#1099=VERTEX_POINT('',#3800);
#1100=VERTEX_POINT('',#3805);
#1101=VERTEX_POINT('',#3807);
#1102=VERTEX_POINT('',#3812);
#1103=VERTEX_POINT('',#3814);
#1104=VERTEX_POINT('',#3819);
#1105=VERTEX_POINT('',#3821);
#1106=VERTEX_POINT('',#3826);
#1107=VERTEX_POINT('',#3828);
#1108=VERTEX_POINT('',#3833);
#1109=VERTEX_POINT('',#3835);
#1110=VERTEX_POINT('',#3840);
#1111=VERTEX_POINT('',#3842);
#1112=VERTEX_POINT('',#3847);
#1113=VERTEX_POINT('',#3849);
#1114=VERTEX_POINT('',#3864);
#1115=VERTEX_POINT('',#3865);
#1116=VERTEX_POINT('',#3867);
#1117=VERTEX_POINT('',#3869);
#1118=VERTEX_POINT('',#3874);
#1119=VERTEX_POINT('',#3876);
#1120=VERTEX_POINT('',#3878);
#1121=VERTEX_POINT('',#3880);
#1122=VERTEX_POINT('',#3882);
#1123=VERTEX_POINT('',#3884);
#1124=VERTEX_POINT('',#3886);
#1125=VERTEX_POINT('',#3888);
#1126=VERTEX_POINT('',#3890);
#1127=VERTEX_POINT('',#3892);
#1128=VERTEX_POINT('',#3894);
#1129=VERTEX_POINT('',#3897);
#1130=VERTEX_POINT('',#3900);
#1131=VERTEX_POINT('',#3902);
#1132=VERTEX_POINT('',#3904);
#1133=VERTEX_POINT('',#3906);
#1134=VERTEX_POINT('',#3909);
#1135=VERTEX_POINT('',#3913);
#1136=VERTEX_POINT('',#3915);
#1137=VERTEX_POINT('',#3919);
#1138=VERTEX_POINT('',#3923);
#1139=VERTEX_POINT('',#3927);
#1140=VERTEX_POINT('',#3931);
#1141=VERTEX_POINT('',#3935);
#1142=VERTEX_POINT('',#3936);
#1143=VERTEX_POINT('',#3938);
#1144=VERTEX_POINT('',#3940);
#1145=VERTEX_POINT('',#3942);
#1146=VERTEX_POINT('',#3944);
#1147=VERTEX_POINT('',#3946);
#1148=VERTEX_POINT('',#3948);
#1149=VERTEX_POINT('',#3951);
#1150=VERTEX_POINT('',#3953);
#1151=VERTEX_POINT('',#3955);
#1152=VERTEX_POINT('',#3957);
#1153=VERTEX_POINT('',#3959);
#1154=VERTEX_POINT('',#3971);
#1155=VERTEX_POINT('',#3976);
#1156=VERTEX_POINT('',#3981);
#1157=VERTEX_POINT('',#3986);
#1158=VERTEX_POINT('',#3999);
#1159=VERTEX_POINT('',#4000);
#1160=VERTEX_POINT('',#4005);
#1161=VERTEX_POINT('',#4009);
#1162=VERTEX_POINT('',#4013);
#1163=VERTEX_POINT('',#4017);
#1164=VERTEX_POINT('',#4021);
#1165=VERTEX_POINT('',#4025);
#1166=EDGE_CURVE('',#940,#941,#474,.T.);
#1167=EDGE_CURVE('',#942,#940,#475,.T.);
#1168=EDGE_CURVE('',#943,#942,#476,.T.);
#1169=EDGE_CURVE('',#943,#944,#477,.T.);
#1170=EDGE_CURVE('',#945,#944,#478,.T.);
#1171=EDGE_CURVE('',#941,#945,#479,.T.);
#1172=EDGE_CURVE('',#941,#946,#480,.T.);
#1173=EDGE_CURVE('',#947,#945,#481,.T.);
#1174=EDGE_CURVE('',#946,#947,#482,.T.);
#1175=EDGE_CURVE('',#946,#948,#483,.T.);
#1176=EDGE_CURVE('',#949,#947,#484,.T.);
#1177=EDGE_CURVE('',#950,#949,#485,.T.);
#1178=EDGE_CURVE('',#951,#950,#486,.T.);
#1179=EDGE_CURVE('',#948,#951,#487,.T.);
#1180=EDGE_CURVE('',#950,#943,#488,.T.);
#1181=EDGE_CURVE('',#944,#949,#489,.T.);
#1182=EDGE_CURVE('',#952,#948,#490,.T.);
#1183=EDGE_CURVE('',#952,#953,#491,.T.);
#1184=EDGE_CURVE('',#953,#954,#492,.T.);
#1185=EDGE_CURVE('',#954,#955,#493,.T.);
#1186=EDGE_CURVE('',#956,#955,#494,.T.);
#1187=EDGE_CURVE('',#956,#957,#495,.T.);
#1188=EDGE_CURVE('',#957,#958,#496,.T.);
#1189=EDGE_CURVE('',#958,#959,#497,.T.);
#1190=EDGE_CURVE('',#940,#959,#498,.T.);
#1191=EDGE_CURVE('',#960,#951,#499,.T.);
#1192=EDGE_CURVE('',#960,#961,#500,.T.);
#1193=EDGE_CURVE('',#962,#961,#501,.T.);
#1194=EDGE_CURVE('',#963,#962,#502,.T.);
#1195=EDGE_CURVE('',#964,#963,#503,.T.);
#1196=EDGE_CURVE('',#964,#956,#504,.T.);
#1197=EDGE_CURVE('',#955,#965,#505,.T.);
#1198=EDGE_CURVE('',#965,#966,#506,.T.);
#1199=EDGE_CURVE('',#966,#967,#507,.T.);
#1200=EDGE_CURVE('',#967,#968,#92,.T.);
#1201=EDGE_CURVE('',#968,#969,#508,.T.);
#1202=EDGE_CURVE('',#969,#970,#93,.T.);
#1203=EDGE_CURVE('',#970,#971,#509,.T.);
#1204=EDGE_CURVE('',#971,#972,#510,.T.);
#1205=EDGE_CURVE('',#972,#973,#511,.T.);
#1206=EDGE_CURVE('',#973,#974,#94,.T.);
#1207=EDGE_CURVE('',#974,#975,#512,.T.);
#1208=EDGE_CURVE('',#975,#976,#95,.T.);
#1209=EDGE_CURVE('',#976,#977,#513,.T.);
#1210=EDGE_CURVE('',#977,#978,#514,.T.);
#1211=EDGE_CURVE('',#978,#952,#515,.T.);
#1212=EDGE_CURVE('',#979,#980,#516,.T.);
#1213=EDGE_CURVE('',#980,#981,#96,.T.);
#1214=EDGE_CURVE('',#981,#982,#517,.T.);
#1215=EDGE_CURVE('',#982,#983,#97,.T.);
#1216=EDGE_CURVE('',#983,#984,#518,.T.);
#1217=EDGE_CURVE('',#984,#985,#98,.T.);
#1218=EDGE_CURVE('',#985,#986,#519,.T.);
#1219=EDGE_CURVE('',#986,#979,#99,.T.);
#1220=EDGE_CURVE('',#987,#964,#520,.T.);
#1221=EDGE_CURVE('',#987,#988,#521,.T.);
#1222=EDGE_CURVE('',#989,#988,#522,.T.);
#1223=EDGE_CURVE('',#957,#989,#523,.T.);
#1224=EDGE_CURVE('',#990,#989,#524,.T.);
#1225=EDGE_CURVE('',#958,#990,#525,.T.);
#1226=EDGE_CURVE('',#991,#990,#526,.T.);
#1227=EDGE_CURVE('',#992,#991,#527,.T.);
#1228=EDGE_CURVE('',#993,#992,#528,.T.);
#1229=EDGE_CURVE('',#959,#993,#529,.T.);
#1230=EDGE_CURVE('',#992,#987,#530,.T.);
#1231=EDGE_CURVE('',#988,#991,#531,.T.);
#1232=EDGE_CURVE('',#994,#995,#532,.T.);
#1233=EDGE_CURVE('',#995,#994,#100,.T.);
#1234=EDGE_CURVE('',#996,#997,#101,.T.);
#1235=EDGE_CURVE('',#998,#996,#533,.T.);
#1236=EDGE_CURVE('',#999,#998,#15,.T.);
#1237=EDGE_CURVE('',#1000,#999,#102,.T.);
#1238=EDGE_CURVE('',#997,#1000,#534,.T.);
#1239=EDGE_CURVE('',#1001,#994,#535,.T.);
#1240=EDGE_CURVE('',#1002,#1001,#103,.T.);
#1241=EDGE_CURVE('',#995,#1002,#536,.T.);
#1242=EDGE_CURVE('',#1003,#1004,#537,.T.);
#1243=EDGE_CURVE('',#1004,#1003,#104,.T.);
#1244=EDGE_CURVE('',#1005,#1006,#105,.T.);
#1245=EDGE_CURVE('',#1007,#1005,#538,.T.);
#1246=EDGE_CURVE('',#1008,#1007,#106,.T.);
#1247=EDGE_CURVE('',#1009,#1008,#16,.T.);
#1248=EDGE_CURVE('',#1006,#1009,#539,.T.);
#1249=EDGE_CURVE('',#1010,#1003,#540,.T.);
#1250=EDGE_CURVE('',#1011,#1010,#107,.T.);
#1251=EDGE_CURVE('',#1004,#1011,#541,.T.);
#1252=EDGE_CURVE('',#998,#1012,#108,.T.);
#1253=EDGE_CURVE('',#1012,#1013,#542,.T.);
#1254=EDGE_CURVE('',#1013,#1014,#109,.T.);
#1255=EDGE_CURVE('',#1014,#983,#543,.T.);
#1256=EDGE_CURVE('',#999,#982,#544,.T.);
#1257=EDGE_CURVE('',#1002,#1015,#545,.T.);
#1258=EDGE_CURVE('',#1015,#1016,#546,.T.);
#1259=EDGE_CURVE('',#1016,#1017,#110,.T.);
#1260=EDGE_CURVE('',#1017,#1018,#547,.T.);
#1261=EDGE_CURVE('',#1018,#1019,#111,.T.);
#1262=EDGE_CURVE('',#1019,#1020,#548,.T.);
#1263=EDGE_CURVE('',#1020,#1010,#549,.T.);
#1264=EDGE_CURVE('',#1011,#1021,#550,.T.);
#1265=EDGE_CURVE('',#1021,#1022,#551,.T.);
#1266=EDGE_CURVE('',#1023,#1022,#112,.T.);
#1267=EDGE_CURVE('',#1023,#1024,#552,.T.);
#1268=EDGE_CURVE('',#1025,#1024,#113,.T.);
#1269=EDGE_CURVE('',#1025,#1026,#553,.T.);
#1270=EDGE_CURVE('',#1026,#1001,#554,.T.);
#1271=EDGE_CURVE('',#996,#1012,#555,.T.);
#1272=EDGE_CURVE('',#1027,#1009,#114,.T.);
#1273=EDGE_CURVE('',#1027,#1006,#556,.T.);
#1274=EDGE_CURVE('',#1028,#1020,#557,.T.);
#1275=EDGE_CURVE('',#1029,#1028,#558,.T.);
#1276=EDGE_CURVE('',#1021,#1029,#559,.T.);
#1277=EDGE_CURVE('',#1030,#1031,#560,.T.);
#1278=EDGE_CURVE('',#1030,#1032,#561,.T.);
#1279=EDGE_CURVE('',#1014,#1032,#562,.T.);
#1280=EDGE_CURVE('',#1033,#1013,#563,.T.);
#1281=EDGE_CURVE('',#1034,#1033,#115,.T.);
#1282=EDGE_CURVE('',#1029,#1034,#564,.T.);
#1283=EDGE_CURVE('',#1035,#1028,#565,.T.);
#1284=EDGE_CURVE('',#1036,#1035,#116,.T.);
#1285=EDGE_CURVE('',#1037,#1036,#566,.T.);
#1286=EDGE_CURVE('',#1031,#1037,#117,.T.);
#1287=EDGE_CURVE('',#1032,#1026,#567,.T.);
#1288=EDGE_CURVE('',#1015,#1030,#568,.T.);
#1289=EDGE_CURVE('',#1005,#997,#569,.T.);
#1290=EDGE_CURVE('',#1033,#1027,#570,.T.);
#1291=EDGE_CURVE('',#1037,#1038,#571,.T.);
#1292=EDGE_CURVE('',#1038,#1039,#118,.T.);
#1293=EDGE_CURVE('',#1031,#1039,#572,.T.);
#1294=EDGE_CURVE('',#1036,#1040,#573,.T.);
#1295=EDGE_CURVE('',#1040,#1038,#574,.T.);
#1296=EDGE_CURVE('',#1035,#1041,#575,.T.);
#1297=EDGE_CURVE('',#1041,#1040,#119,.T.);
#1298=EDGE_CURVE('',#1019,#1042,#576,.T.);
#1299=EDGE_CURVE('',#1042,#1041,#577,.T.);
#1300=EDGE_CURVE('',#1000,#1007,#578,.T.);
#1301=EDGE_CURVE('',#1034,#980,#579,.T.);
#1302=EDGE_CURVE('',#1022,#979,#580,.T.);
#1303=EDGE_CURVE('',#1043,#1044,#581,.T.);
#1304=EDGE_CURVE('',#1043,#1045,#582,.T.);
#1305=EDGE_CURVE('',#1046,#1045,#583,.T.);
#1306=EDGE_CURVE('',#1047,#1046,#120,.T.);
#1307=EDGE_CURVE('',#1048,#1047,#584,.T.);
#1308=EDGE_CURVE('',#1049,#1048,#121,.T.);
#1309=EDGE_CURVE('',#1050,#1049,#585,.T.);
#1310=EDGE_CURVE('',#1050,#1051,#586,.T.);
#1311=EDGE_CURVE('',#954,#1051,#587,.T.);
#1312=EDGE_CURVE('',#953,#1052,#588,.T.);
#1313=EDGE_CURVE('',#1052,#1053,#589,.T.);
#1314=EDGE_CURVE('',#1054,#1053,#590,.T.);
#1315=EDGE_CURVE('',#1055,#1054,#122,.T.);
#1316=EDGE_CURVE('',#1056,#1055,#591,.T.);
#1317=EDGE_CURVE('',#1044,#1056,#123,.T.);
#1318=EDGE_CURVE('',#1053,#977,#592,.T.);
#1319=EDGE_CURVE('',#978,#1052,#593,.T.);
#1320=EDGE_CURVE('',#966,#1050,#594,.T.);
#1321=EDGE_CURVE('',#1051,#965,#595,.T.);
#1322=EDGE_CURVE('',#972,#1043,#596,.T.);
#1323=EDGE_CURVE('',#1045,#971,#597,.T.);
#1324=EDGE_CURVE('',#1044,#1057,#598,.T.);
#1325=EDGE_CURVE('',#1058,#1057,#599,.T.);
#1326=EDGE_CURVE('',#973,#1058,#600,.T.);
#1327=EDGE_CURVE('',#1056,#1059,#601,.T.);
#1328=EDGE_CURVE('',#1057,#1059,#124,.T.);
#1329=EDGE_CURVE('',#1055,#1060,#602,.T.);
#1330=EDGE_CURVE('',#1059,#1060,#603,.T.);
#1331=EDGE_CURVE('',#1054,#1061,#604,.T.);
#1332=EDGE_CURVE('',#1060,#1061,#125,.T.);
#1333=EDGE_CURVE('',#976,#1062,#605,.T.);
#1334=EDGE_CURVE('',#1061,#1062,#606,.T.);
#1335=EDGE_CURVE('',#1063,#1064,#607,.T.);
#1336=EDGE_CURVE('',#1065,#1063,#608,.T.);
#1337=EDGE_CURVE('',#1065,#1066,#609,.T.);
#1338=EDGE_CURVE('',#1066,#1064,#610,.T.);
#1339=EDGE_CURVE('',#1064,#1067,#126,.T.);
#1340=EDGE_CURVE('',#1068,#1066,#127,.T.);
#1341=EDGE_CURVE('',#1068,#1067,#611,.T.);
#1342=EDGE_CURVE('',#1067,#1069,#612,.T.);
#1343=EDGE_CURVE('',#1068,#1070,#613,.T.);
#1344=EDGE_CURVE('',#1070,#1069,#614,.T.);
#1345=EDGE_CURVE('',#1069,#1071,#128,.T.);
#1346=EDGE_CURVE('',#1072,#1070,#129,.T.);
#1347=EDGE_CURVE('',#1072,#1071,#615,.T.);
#1348=EDGE_CURVE('',#1071,#1073,#616,.T.);
#1349=EDGE_CURVE('',#1072,#1074,#617,.T.);
#1350=EDGE_CURVE('',#1074,#1073,#618,.T.);
#1351=EDGE_CURVE('',#1073,#1075,#130,.T.);
#1352=EDGE_CURVE('',#1076,#1074,#131,.T.);
#1353=EDGE_CURVE('',#1076,#1075,#619,.T.);
#1354=EDGE_CURVE('',#1075,#1077,#620,.T.);
#1355=EDGE_CURVE('',#1076,#1078,#621,.T.);
#1356=EDGE_CURVE('',#1078,#1077,#622,.T.);
#1357=EDGE_CURVE('',#1077,#1063,#132,.T.);
#1358=EDGE_CURVE('',#1065,#1078,#133,.T.);
#1359=EDGE_CURVE('',#1039,#1079,#623,.T.);
#1360=EDGE_CURVE('',#1080,#1042,#134,.T.);
#1361=EDGE_CURVE('',#1081,#1080,#624,.T.);
#1362=EDGE_CURVE('',#1079,#1081,#135,.T.);
#1363=EDGE_CURVE('',#1016,#1079,#625,.T.);
#1364=EDGE_CURVE('',#1017,#1081,#626,.T.);
#1365=EDGE_CURVE('',#1018,#1080,#627,.T.);
#1366=EDGE_CURVE('',#1082,#1058,#136,.T.);
#1367=EDGE_CURVE('',#974,#1082,#628,.T.);
#1368=EDGE_CURVE('',#1083,#1082,#629,.T.);
#1369=EDGE_CURVE('',#975,#1083,#630,.T.);
#1370=EDGE_CURVE('',#1062,#1083,#137,.T.);
#1371=EDGE_CURVE('',#1049,#1084,#631,.T.);
#1372=EDGE_CURVE('',#1085,#1084,#632,.T.);
#1373=EDGE_CURVE('',#967,#1085,#633,.T.);
#1374=EDGE_CURVE('',#1086,#1085,#138,.T.);
#1375=EDGE_CURVE('',#968,#1086,#634,.T.);
#1376=EDGE_CURVE('',#1087,#1086,#635,.T.);
#1377=EDGE_CURVE('',#969,#1087,#636,.T.);
#1378=EDGE_CURVE('',#1088,#1087,#139,.T.);
#1379=EDGE_CURVE('',#970,#1088,#637,.T.);
#1380=EDGE_CURVE('',#1089,#1088,#638,.T.);
#1381=EDGE_CURVE('',#1046,#1089,#639,.T.);
#1382=EDGE_CURVE('',#1048,#1090,#640,.T.);
#1383=EDGE_CURVE('',#1084,#1090,#140,.T.);
#1384=EDGE_CURVE('',#1047,#1091,#641,.T.);
#1385=EDGE_CURVE('',#1090,#1091,#642,.T.);
#1386=EDGE_CURVE('',#1091,#1089,#141,.T.);
#1387=EDGE_CURVE('',#1092,#1092,#142,.T.);
#1388=EDGE_CURVE('',#1092,#1093,#643,.T.);
#1389=EDGE_CURVE('',#1093,#1093,#143,.T.);
#1390=EDGE_CURVE('',#1094,#1094,#144,.T.);
#1391=EDGE_CURVE('',#1094,#1095,#644,.T.);
#1392=EDGE_CURVE('',#1095,#1095,#145,.T.);
#1393=EDGE_CURVE('',#1096,#1096,#146,.T.);
#1394=EDGE_CURVE('',#1096,#1097,#645,.T.);
#1395=EDGE_CURVE('',#1097,#1097,#147,.T.);
#1396=EDGE_CURVE('',#1098,#1098,#148,.T.);
#1397=EDGE_CURVE('',#1098,#1099,#646,.T.);
#1398=EDGE_CURVE('',#1099,#1099,#149,.T.);
#1399=EDGE_CURVE('',#1100,#1100,#150,.T.);
#1400=EDGE_CURVE('',#1100,#1101,#647,.T.);
#1401=EDGE_CURVE('',#1101,#1101,#151,.T.);
#1402=EDGE_CURVE('',#1102,#1102,#152,.T.);
#1403=EDGE_CURVE('',#1102,#1103,#648,.T.);
#1404=EDGE_CURVE('',#1103,#1103,#153,.T.);
#1405=EDGE_CURVE('',#1104,#1104,#154,.T.);
#1406=EDGE_CURVE('',#1104,#1105,#649,.T.);
#1407=EDGE_CURVE('',#1105,#1105,#155,.T.);
#1408=EDGE_CURVE('',#1106,#1106,#156,.T.);
#1409=EDGE_CURVE('',#1106,#1107,#650,.T.);
#1410=EDGE_CURVE('',#1107,#1107,#157,.T.);
#1411=EDGE_CURVE('',#1108,#1108,#158,.T.);
#1412=EDGE_CURVE('',#1108,#1109,#651,.T.);
#1413=EDGE_CURVE('',#1109,#1109,#159,.T.);
#1414=EDGE_CURVE('',#1110,#1110,#160,.T.);
#1415=EDGE_CURVE('',#1110,#1111,#652,.T.);
#1416=EDGE_CURVE('',#1111,#1111,#161,.T.);
#1417=EDGE_CURVE('',#1112,#1112,#162,.T.);
#1418=EDGE_CURVE('',#1112,#1113,#653,.T.);
#1419=EDGE_CURVE('',#1113,#1113,#163,.T.);
#1420=EDGE_CURVE('',#1008,#981,#654,.T.);
#1421=EDGE_CURVE('',#1023,#986,#655,.T.);
#1422=EDGE_CURVE('',#1024,#985,#656,.T.);
#1423=EDGE_CURVE('',#1025,#984,#657,.T.);
#1424=EDGE_CURVE('',#1114,#1115,#658,.T.);
#1425=EDGE_CURVE('',#1116,#1114,#164,.T.);
#1426=EDGE_CURVE('',#1117,#1116,#659,.T.);
#1427=EDGE_CURVE('',#1115,#1117,#165,.T.);
#1428=EDGE_CURVE('',#942,#993,#660,.T.);
#1429=EDGE_CURVE('',#963,#1118,#166,.T.);
#1430=EDGE_CURVE('',#1118,#1119,#661,.T.);
#1431=EDGE_CURVE('',#1119,#1120,#167,.T.);
#1432=EDGE_CURVE('',#1120,#1121,#662,.T.);
#1433=EDGE_CURVE('',#1121,#1122,#168,.T.);
#1434=EDGE_CURVE('',#1122,#1123,#663,.T.);
#1435=EDGE_CURVE('',#1123,#1124,#169,.T.);
#1436=EDGE_CURVE('',#1124,#1125,#664,.T.);
#1437=EDGE_CURVE('',#1125,#1126,#170,.T.);
#1438=EDGE_CURVE('',#1126,#1127,#665,.T.);
#1439=EDGE_CURVE('',#1127,#1128,#171,.T.);
#1440=EDGE_CURVE('',#1128,#1115,#666,.T.);
#1441=EDGE_CURVE('',#1117,#1129,#667,.T.);
#1442=EDGE_CURVE('',#1129,#960,#172,.T.);
#1443=EDGE_CURVE('',#1130,#1130,#173,.T.);
#1444=EDGE_CURVE('',#1131,#1131,#174,.T.);
#1445=EDGE_CURVE('',#1132,#1132,#175,.T.);
#1446=EDGE_CURVE('',#1133,#1133,#176,.T.);
#1447=EDGE_CURVE('',#1134,#1116,#668,.T.);
#1448=EDGE_CURVE('',#1129,#1134,#669,.T.);
#1449=EDGE_CURVE('',#1135,#1121,#670,.T.);
#1450=EDGE_CURVE('',#1136,#1135,#177,.T.);
#1451=EDGE_CURVE('',#1122,#1136,#671,.T.);
#1452=EDGE_CURVE('',#1137,#1136,#672,.T.);
#1453=EDGE_CURVE('',#1123,#1137,#673,.T.);
#1454=EDGE_CURVE('',#1120,#1138,#674,.T.);
#1455=EDGE_CURVE('',#1135,#1138,#675,.T.);
#1456=EDGE_CURVE('',#1139,#1119,#676,.T.);
#1457=EDGE_CURVE('',#1138,#1139,#178,.T.);
#1458=EDGE_CURVE('',#1118,#1140,#677,.T.);
#1459=EDGE_CURVE('',#1139,#1140,#678,.T.);
#1460=EDGE_CURVE('',#1141,#1142,#179,.T.);
#1461=EDGE_CURVE('',#1142,#1143,#679,.T.);
#1462=EDGE_CURVE('',#1143,#1144,#180,.T.);
#1463=EDGE_CURVE('',#1144,#1145,#680,.T.);
#1464=EDGE_CURVE('',#1145,#1146,#181,.T.);
#1465=EDGE_CURVE('',#1146,#1147,#681,.T.);
#1466=EDGE_CURVE('',#1147,#1148,#182,.T.);
#1467=EDGE_CURVE('',#1148,#1141,#682,.T.);
#1468=EDGE_CURVE('',#1114,#1149,#683,.T.);
#1469=EDGE_CURVE('',#1149,#1150,#183,.T.);
#1470=EDGE_CURVE('',#1150,#1151,#684,.T.);
#1471=EDGE_CURVE('',#1151,#1152,#184,.T.);
#1472=EDGE_CURVE('',#1152,#1153,#685,.T.);
#1473=EDGE_CURVE('',#1153,#1137,#185,.T.);
#1474=EDGE_CURVE('',#1140,#962,#186,.T.);
#1475=EDGE_CURVE('',#961,#1134,#187,.T.);
#1476=EDGE_CURVE('',#1128,#1149,#686,.T.);
#1477=EDGE_CURVE('',#1150,#1127,#687,.T.);
#1478=EDGE_CURVE('',#1126,#1151,#688,.T.);
#1479=EDGE_CURVE('',#1154,#1154,#188,.T.);
#1480=EDGE_CURVE('',#1154,#1130,#689,.T.);
#1481=EDGE_CURVE('',#1155,#1155,#189,.T.);
#1482=EDGE_CURVE('',#1155,#1131,#690,.T.);
#1483=EDGE_CURVE('',#1156,#1156,#190,.T.);
#1484=EDGE_CURVE('',#1156,#1132,#691,.T.);
#1485=EDGE_CURVE('',#1157,#1157,#191,.T.);
#1486=EDGE_CURVE('',#1157,#1133,#692,.T.);
#1487=EDGE_CURVE('',#1125,#1152,#693,.T.);
#1488=EDGE_CURVE('',#1124,#1153,#694,.T.);
#1489=EDGE_CURVE('',#1158,#1159,#695,.T.);
#1490=EDGE_CURVE('',#1159,#1141,#696,.T.);
#1491=EDGE_CURVE('',#1158,#1148,#697,.T.);
#1492=EDGE_CURVE('',#1160,#1158,#192,.T.);
#1493=EDGE_CURVE('',#1160,#1147,#698,.T.);
#1494=EDGE_CURVE('',#1161,#1160,#699,.T.);
#1495=EDGE_CURVE('',#1161,#1146,#700,.T.);
#1496=EDGE_CURVE('',#1162,#1161,#193,.T.);
#1497=EDGE_CURVE('',#1162,#1145,#701,.T.);
#1498=EDGE_CURVE('',#1163,#1162,#702,.T.);
#1499=EDGE_CURVE('',#1163,#1144,#703,.T.);
#1500=EDGE_CURVE('',#1164,#1163,#194,.T.);
#1501=EDGE_CURVE('',#1164,#1143,#704,.T.);
#1502=EDGE_CURVE('',#1165,#1164,#705,.T.);
#1503=EDGE_CURVE('',#1165,#1142,#706,.T.);
#1504=EDGE_CURVE('',#1159,#1165,#195,.T.);
#1505=ORIENTED_EDGE('',*,*,#1166,.F.);
#1506=ORIENTED_EDGE('',*,*,#1167,.F.);
#1507=ORIENTED_EDGE('',*,*,#1168,.F.);
#1508=ORIENTED_EDGE('',*,*,#1169,.T.);
#1509=ORIENTED_EDGE('',*,*,#1170,.F.);
#1510=ORIENTED_EDGE('',*,*,#1171,.F.);
#1511=ORIENTED_EDGE('',*,*,#1172,.F.);
#1512=ORIENTED_EDGE('',*,*,#1171,.T.);
#1513=ORIENTED_EDGE('',*,*,#1173,.F.);
#1514=ORIENTED_EDGE('',*,*,#1174,.F.);
#1515=ORIENTED_EDGE('',*,*,#1175,.F.);
#1516=ORIENTED_EDGE('',*,*,#1174,.T.);
#1517=ORIENTED_EDGE('',*,*,#1176,.F.);
#1518=ORIENTED_EDGE('',*,*,#1177,.F.);
#1519=ORIENTED_EDGE('',*,*,#1178,.F.);
#1520=ORIENTED_EDGE('',*,*,#1179,.F.);
#1521=ORIENTED_EDGE('',*,*,#1180,.F.);
#1522=ORIENTED_EDGE('',*,*,#1177,.T.);
#1523=ORIENTED_EDGE('',*,*,#1181,.F.);
#1524=ORIENTED_EDGE('',*,*,#1169,.F.);
#1525=ORIENTED_EDGE('',*,*,#1170,.T.);
#1526=ORIENTED_EDGE('',*,*,#1181,.T.);
#1527=ORIENTED_EDGE('',*,*,#1176,.T.);
#1528=ORIENTED_EDGE('',*,*,#1173,.T.);
#1529=ORIENTED_EDGE('',*,*,#1166,.T.);
#1530=ORIENTED_EDGE('',*,*,#1172,.T.);
#1531=ORIENTED_EDGE('',*,*,#1175,.T.);
#1532=ORIENTED_EDGE('',*,*,#1182,.F.);
#1533=ORIENTED_EDGE('',*,*,#1183,.T.);
#1534=ORIENTED_EDGE('',*,*,#1184,.T.);
#1535=ORIENTED_EDGE('',*,*,#1185,.T.);
#1536=ORIENTED_EDGE('',*,*,#1186,.F.);
#1537=ORIENTED_EDGE('',*,*,#1187,.T.);
#1538=ORIENTED_EDGE('',*,*,#1188,.T.);
#1539=ORIENTED_EDGE('',*,*,#1189,.T.);
#1540=ORIENTED_EDGE('',*,*,#1190,.F.);
#1541=ORIENTED_EDGE('',*,*,#1179,.T.);
#1542=ORIENTED_EDGE('',*,*,#1191,.F.);
#1543=ORIENTED_EDGE('',*,*,#1192,.T.);
#1544=ORIENTED_EDGE('',*,*,#1193,.F.);
#1545=ORIENTED_EDGE('',*,*,#1194,.F.);
#1546=ORIENTED_EDGE('',*,*,#1195,.F.);
#1547=ORIENTED_EDGE('',*,*,#1196,.T.);
#1548=ORIENTED_EDGE('',*,*,#1186,.T.);
#1549=ORIENTED_EDGE('',*,*,#1197,.T.);
#1550=ORIENTED_EDGE('',*,*,#1198,.T.);
#1551=ORIENTED_EDGE('',*,*,#1199,.T.);
#1552=ORIENTED_EDGE('',*,*,#1200,.T.);
#1553=ORIENTED_EDGE('',*,*,#1201,.T.);
#1554=ORIENTED_EDGE('',*,*,#1202,.T.);
#1555=ORIENTED_EDGE('',*,*,#1203,.T.);
#1556=ORIENTED_EDGE('',*,*,#1204,.T.);
#1557=ORIENTED_EDGE('',*,*,#1205,.T.);
#1558=ORIENTED_EDGE('',*,*,#1206,.T.);
#1559=ORIENTED_EDGE('',*,*,#1207,.T.);
#1560=ORIENTED_EDGE('',*,*,#1208,.T.);
#1561=ORIENTED_EDGE('',*,*,#1209,.T.);
#1562=ORIENTED_EDGE('',*,*,#1210,.T.);
#1563=ORIENTED_EDGE('',*,*,#1211,.T.);
#1564=ORIENTED_EDGE('',*,*,#1182,.T.);
#1565=ORIENTED_EDGE('',*,*,#1212,.T.);
#1566=ORIENTED_EDGE('',*,*,#1213,.T.);
#1567=ORIENTED_EDGE('',*,*,#1214,.T.);
#1568=ORIENTED_EDGE('',*,*,#1215,.T.);
#1569=ORIENTED_EDGE('',*,*,#1216,.T.);
#1570=ORIENTED_EDGE('',*,*,#1217,.T.);
#1571=ORIENTED_EDGE('',*,*,#1218,.T.);
#1572=ORIENTED_EDGE('',*,*,#1219,.T.);
#1573=ORIENTED_EDGE('',*,*,#1187,.F.);
#1574=ORIENTED_EDGE('',*,*,#1196,.F.);
#1575=ORIENTED_EDGE('',*,*,#1220,.F.);
#1576=ORIENTED_EDGE('',*,*,#1221,.T.);
#1577=ORIENTED_EDGE('',*,*,#1222,.F.);
#1578=ORIENTED_EDGE('',*,*,#1223,.F.);
#1579=ORIENTED_EDGE('',*,*,#1188,.F.);
#1580=ORIENTED_EDGE('',*,*,#1223,.T.);
#1581=ORIENTED_EDGE('',*,*,#1224,.F.);
#1582=ORIENTED_EDGE('',*,*,#1225,.F.);
#1583=ORIENTED_EDGE('',*,*,#1189,.F.);
#1584=ORIENTED_EDGE('',*,*,#1225,.T.);
#1585=ORIENTED_EDGE('',*,*,#1226,.F.);
#1586=ORIENTED_EDGE('',*,*,#1227,.F.);
#1587=ORIENTED_EDGE('',*,*,#1228,.F.);
#1588=ORIENTED_EDGE('',*,*,#1229,.F.);
#1589=ORIENTED_EDGE('',*,*,#1230,.F.);
#1590=ORIENTED_EDGE('',*,*,#1227,.T.);
#1591=ORIENTED_EDGE('',*,*,#1231,.F.);
#1592=ORIENTED_EDGE('',*,*,#1221,.F.);
#1593=ORIENTED_EDGE('',*,*,#1222,.T.);
#1594=ORIENTED_EDGE('',*,*,#1231,.T.);
#1595=ORIENTED_EDGE('',*,*,#1226,.T.);
#1596=ORIENTED_EDGE('',*,*,#1224,.T.);
#1597=ORIENTED_EDGE('',*,*,#1232,.F.);
#1598=ORIENTED_EDGE('',*,*,#1233,.F.);
#1599=ORIENTED_EDGE('',*,*,#1234,.F.);
#1600=ORIENTED_EDGE('',*,*,#1235,.F.);
#1601=ORIENTED_EDGE('',*,*,#1236,.F.);
#1602=ORIENTED_EDGE('',*,*,#1237,.F.);
#1603=ORIENTED_EDGE('',*,*,#1238,.F.);
#1604=ORIENTED_EDGE('',*,*,#1239,.F.);
#1605=ORIENTED_EDGE('',*,*,#1240,.F.);
#1606=ORIENTED_EDGE('',*,*,#1241,.F.);
#1607=ORIENTED_EDGE('',*,*,#1233,.T.);
#1608=ORIENTED_EDGE('',*,*,#1242,.F.);
#1609=ORIENTED_EDGE('',*,*,#1243,.F.);
#1610=ORIENTED_EDGE('',*,*,#1244,.F.);
#1611=ORIENTED_EDGE('',*,*,#1245,.F.);
#1612=ORIENTED_EDGE('',*,*,#1246,.F.);
#1613=ORIENTED_EDGE('',*,*,#1247,.F.);
#1614=ORIENTED_EDGE('',*,*,#1248,.F.);
#1615=ORIENTED_EDGE('',*,*,#1249,.F.);
#1616=ORIENTED_EDGE('',*,*,#1250,.F.);
#1617=ORIENTED_EDGE('',*,*,#1251,.F.);
#1618=ORIENTED_EDGE('',*,*,#1243,.T.);
#1619=ORIENTED_EDGE('',*,*,#1236,.T.);
#1620=ORIENTED_EDGE('',*,*,#1252,.T.);
#1621=ORIENTED_EDGE('',*,*,#1253,.T.);
#1622=ORIENTED_EDGE('',*,*,#1254,.T.);
#1623=ORIENTED_EDGE('',*,*,#1255,.T.);
#1624=ORIENTED_EDGE('',*,*,#1215,.F.);
#1625=ORIENTED_EDGE('',*,*,#1256,.F.);
#1626=ORIENTED_EDGE('',*,*,#1239,.T.);
#1627=ORIENTED_EDGE('',*,*,#1232,.T.);
#1628=ORIENTED_EDGE('',*,*,#1241,.T.);
#1629=ORIENTED_EDGE('',*,*,#1257,.T.);
#1630=ORIENTED_EDGE('',*,*,#1258,.T.);
#1631=ORIENTED_EDGE('',*,*,#1259,.T.);
#1632=ORIENTED_EDGE('',*,*,#1260,.T.);
#1633=ORIENTED_EDGE('',*,*,#1261,.T.);
#1634=ORIENTED_EDGE('',*,*,#1262,.T.);
#1635=ORIENTED_EDGE('',*,*,#1263,.T.);
#1636=ORIENTED_EDGE('',*,*,#1249,.T.);
#1637=ORIENTED_EDGE('',*,*,#1242,.T.);
#1638=ORIENTED_EDGE('',*,*,#1251,.T.);
#1639=ORIENTED_EDGE('',*,*,#1264,.T.);
#1640=ORIENTED_EDGE('',*,*,#1265,.T.);
#1641=ORIENTED_EDGE('',*,*,#1266,.F.);
#1642=ORIENTED_EDGE('',*,*,#1267,.T.);
#1643=ORIENTED_EDGE('',*,*,#1268,.F.);
#1644=ORIENTED_EDGE('',*,*,#1269,.T.);
#1645=ORIENTED_EDGE('',*,*,#1270,.T.);
#1646=ORIENTED_EDGE('',*,*,#1235,.T.);
#1647=ORIENTED_EDGE('',*,*,#1271,.T.);
#1648=ORIENTED_EDGE('',*,*,#1252,.F.);
#1649=ORIENTED_EDGE('',*,*,#1248,.T.);
#1650=ORIENTED_EDGE('',*,*,#1272,.F.);
#1651=ORIENTED_EDGE('',*,*,#1273,.T.);
#1652=ORIENTED_EDGE('',*,*,#1250,.T.);
#1653=ORIENTED_EDGE('',*,*,#1263,.F.);
#1654=ORIENTED_EDGE('',*,*,#1274,.F.);
#1655=ORIENTED_EDGE('',*,*,#1275,.F.);
#1656=ORIENTED_EDGE('',*,*,#1276,.F.);
#1657=ORIENTED_EDGE('',*,*,#1264,.F.);
#1658=ORIENTED_EDGE('',*,*,#1277,.F.);
#1659=ORIENTED_EDGE('',*,*,#1278,.T.);
#1660=ORIENTED_EDGE('',*,*,#1279,.F.);
#1661=ORIENTED_EDGE('',*,*,#1254,.F.);
#1662=ORIENTED_EDGE('',*,*,#1280,.F.);
#1663=ORIENTED_EDGE('',*,*,#1281,.F.);
#1664=ORIENTED_EDGE('',*,*,#1282,.F.);
#1665=ORIENTED_EDGE('',*,*,#1275,.T.);
#1666=ORIENTED_EDGE('',*,*,#1283,.F.);
#1667=ORIENTED_EDGE('',*,*,#1284,.F.);
#1668=ORIENTED_EDGE('',*,*,#1285,.F.);
#1669=ORIENTED_EDGE('',*,*,#1286,.F.);
#1670=ORIENTED_EDGE('',*,*,#1240,.T.);
#1671=ORIENTED_EDGE('',*,*,#1270,.F.);
#1672=ORIENTED_EDGE('',*,*,#1287,.F.);
#1673=ORIENTED_EDGE('',*,*,#1278,.F.);
#1674=ORIENTED_EDGE('',*,*,#1288,.F.);
#1675=ORIENTED_EDGE('',*,*,#1257,.F.);
#1676=ORIENTED_EDGE('',*,*,#1234,.T.);
#1677=ORIENTED_EDGE('',*,*,#1289,.F.);
#1678=ORIENTED_EDGE('',*,*,#1244,.T.);
#1679=ORIENTED_EDGE('',*,*,#1273,.F.);
#1680=ORIENTED_EDGE('',*,*,#1290,.F.);
#1681=ORIENTED_EDGE('',*,*,#1280,.T.);
#1682=ORIENTED_EDGE('',*,*,#1253,.F.);
#1683=ORIENTED_EDGE('',*,*,#1271,.F.);
#1684=ORIENTED_EDGE('',*,*,#1286,.T.);
#1685=ORIENTED_EDGE('',*,*,#1291,.T.);
#1686=ORIENTED_EDGE('',*,*,#1292,.T.);
#1687=ORIENTED_EDGE('',*,*,#1293,.F.);
#1688=ORIENTED_EDGE('',*,*,#1285,.T.);
#1689=ORIENTED_EDGE('',*,*,#1294,.T.);
#1690=ORIENTED_EDGE('',*,*,#1295,.T.);
#1691=ORIENTED_EDGE('',*,*,#1291,.F.);
#1692=ORIENTED_EDGE('',*,*,#1284,.T.);
#1693=ORIENTED_EDGE('',*,*,#1296,.T.);
#1694=ORIENTED_EDGE('',*,*,#1297,.T.);
#1695=ORIENTED_EDGE('',*,*,#1294,.F.);
#1696=ORIENTED_EDGE('',*,*,#1283,.T.);
#1697=ORIENTED_EDGE('',*,*,#1274,.T.);
#1698=ORIENTED_EDGE('',*,*,#1262,.F.);
#1699=ORIENTED_EDGE('',*,*,#1298,.T.);
#1700=ORIENTED_EDGE('',*,*,#1299,.T.);
#1701=ORIENTED_EDGE('',*,*,#1296,.F.);
#1702=ORIENTED_EDGE('',*,*,#1238,.T.);
#1703=ORIENTED_EDGE('',*,*,#1300,.T.);
#1704=ORIENTED_EDGE('',*,*,#1245,.T.);
#1705=ORIENTED_EDGE('',*,*,#1289,.T.);
#1706=ORIENTED_EDGE('',*,*,#1276,.T.);
#1707=ORIENTED_EDGE('',*,*,#1282,.T.);
#1708=ORIENTED_EDGE('',*,*,#1301,.T.);
#1709=ORIENTED_EDGE('',*,*,#1212,.F.);
#1710=ORIENTED_EDGE('',*,*,#1302,.F.);
#1711=ORIENTED_EDGE('',*,*,#1265,.F.);
#1712=ORIENTED_EDGE('',*,*,#1303,.F.);
#1713=ORIENTED_EDGE('',*,*,#1304,.T.);
#1714=ORIENTED_EDGE('',*,*,#1305,.F.);
#1715=ORIENTED_EDGE('',*,*,#1306,.F.);
#1716=ORIENTED_EDGE('',*,*,#1307,.F.);
#1717=ORIENTED_EDGE('',*,*,#1308,.F.);
#1718=ORIENTED_EDGE('',*,*,#1309,.F.);
#1719=ORIENTED_EDGE('',*,*,#1310,.T.);
#1720=ORIENTED_EDGE('',*,*,#1311,.F.);
#1721=ORIENTED_EDGE('',*,*,#1184,.F.);
#1722=ORIENTED_EDGE('',*,*,#1312,.T.);
#1723=ORIENTED_EDGE('',*,*,#1313,.T.);
#1724=ORIENTED_EDGE('',*,*,#1314,.F.);
#1725=ORIENTED_EDGE('',*,*,#1315,.F.);
#1726=ORIENTED_EDGE('',*,*,#1316,.F.);
#1727=ORIENTED_EDGE('',*,*,#1317,.F.);
#1728=ORIENTED_EDGE('',*,*,#1318,.F.);
#1729=ORIENTED_EDGE('',*,*,#1313,.F.);
#1730=ORIENTED_EDGE('',*,*,#1319,.F.);
#1731=ORIENTED_EDGE('',*,*,#1210,.F.);
#1732=ORIENTED_EDGE('',*,*,#1320,.F.);
#1733=ORIENTED_EDGE('',*,*,#1198,.F.);
#1734=ORIENTED_EDGE('',*,*,#1321,.F.);
#1735=ORIENTED_EDGE('',*,*,#1310,.F.);
#1736=ORIENTED_EDGE('',*,*,#1211,.F.);
#1737=ORIENTED_EDGE('',*,*,#1319,.T.);
#1738=ORIENTED_EDGE('',*,*,#1312,.F.);
#1739=ORIENTED_EDGE('',*,*,#1183,.F.);
#1740=ORIENTED_EDGE('',*,*,#1197,.F.);
#1741=ORIENTED_EDGE('',*,*,#1185,.F.);
#1742=ORIENTED_EDGE('',*,*,#1311,.T.);
#1743=ORIENTED_EDGE('',*,*,#1321,.T.);
#1744=ORIENTED_EDGE('',*,*,#1322,.F.);
#1745=ORIENTED_EDGE('',*,*,#1204,.F.);
#1746=ORIENTED_EDGE('',*,*,#1323,.F.);
#1747=ORIENTED_EDGE('',*,*,#1304,.F.);
#1748=ORIENTED_EDGE('',*,*,#1322,.T.);
#1749=ORIENTED_EDGE('',*,*,#1303,.T.);
#1750=ORIENTED_EDGE('',*,*,#1324,.T.);
#1751=ORIENTED_EDGE('',*,*,#1325,.F.);
#1752=ORIENTED_EDGE('',*,*,#1326,.F.);
#1753=ORIENTED_EDGE('',*,*,#1205,.F.);
#1754=ORIENTED_EDGE('',*,*,#1317,.T.);
#1755=ORIENTED_EDGE('',*,*,#1327,.T.);
#1756=ORIENTED_EDGE('',*,*,#1328,.F.);
#1757=ORIENTED_EDGE('',*,*,#1324,.F.);
#1758=ORIENTED_EDGE('',*,*,#1316,.T.);
#1759=ORIENTED_EDGE('',*,*,#1329,.T.);
#1760=ORIENTED_EDGE('',*,*,#1330,.F.);
#1761=ORIENTED_EDGE('',*,*,#1327,.F.);
#1762=ORIENTED_EDGE('',*,*,#1315,.T.);
#1763=ORIENTED_EDGE('',*,*,#1331,.T.);
#1764=ORIENTED_EDGE('',*,*,#1332,.F.);
#1765=ORIENTED_EDGE('',*,*,#1329,.F.);
#1766=ORIENTED_EDGE('',*,*,#1314,.T.);
#1767=ORIENTED_EDGE('',*,*,#1318,.T.);
#1768=ORIENTED_EDGE('',*,*,#1209,.F.);
#1769=ORIENTED_EDGE('',*,*,#1333,.T.);
#1770=ORIENTED_EDGE('',*,*,#1334,.F.);
#1771=ORIENTED_EDGE('',*,*,#1331,.F.);
#1772=ORIENTED_EDGE('',*,*,#1335,.F.);
#1773=ORIENTED_EDGE('',*,*,#1336,.F.);
#1774=ORIENTED_EDGE('',*,*,#1337,.T.);
#1775=ORIENTED_EDGE('',*,*,#1338,.T.);
#1776=ORIENTED_EDGE('',*,*,#1339,.F.);
#1777=ORIENTED_EDGE('',*,*,#1338,.F.);
#1778=ORIENTED_EDGE('',*,*,#1340,.F.);
#1779=ORIENTED_EDGE('',*,*,#1341,.T.);
#1780=ORIENTED_EDGE('',*,*,#1342,.F.);
#1781=ORIENTED_EDGE('',*,*,#1341,.F.);
#1782=ORIENTED_EDGE('',*,*,#1343,.T.);
#1783=ORIENTED_EDGE('',*,*,#1344,.T.);
#1784=ORIENTED_EDGE('',*,*,#1345,.F.);
#1785=ORIENTED_EDGE('',*,*,#1344,.F.);
#1786=ORIENTED_EDGE('',*,*,#1346,.F.);
#1787=ORIENTED_EDGE('',*,*,#1347,.T.);
#1788=ORIENTED_EDGE('',*,*,#1348,.F.);
#1789=ORIENTED_EDGE('',*,*,#1347,.F.);
#1790=ORIENTED_EDGE('',*,*,#1349,.T.);
#1791=ORIENTED_EDGE('',*,*,#1350,.T.);
#1792=ORIENTED_EDGE('',*,*,#1351,.F.);
#1793=ORIENTED_EDGE('',*,*,#1350,.F.);
#1794=ORIENTED_EDGE('',*,*,#1352,.F.);
#1795=ORIENTED_EDGE('',*,*,#1353,.T.);
#1796=ORIENTED_EDGE('',*,*,#1354,.F.);
#1797=ORIENTED_EDGE('',*,*,#1353,.F.);
#1798=ORIENTED_EDGE('',*,*,#1355,.T.);
#1799=ORIENTED_EDGE('',*,*,#1356,.T.);
#1800=ORIENTED_EDGE('',*,*,#1357,.F.);
#1801=ORIENTED_EDGE('',*,*,#1356,.F.);
#1802=ORIENTED_EDGE('',*,*,#1358,.F.);
#1803=ORIENTED_EDGE('',*,*,#1336,.T.);
#1804=ORIENTED_EDGE('',*,*,#1346,.T.);
#1805=ORIENTED_EDGE('',*,*,#1343,.F.);
#1806=ORIENTED_EDGE('',*,*,#1340,.T.);
#1807=ORIENTED_EDGE('',*,*,#1337,.F.);
#1808=ORIENTED_EDGE('',*,*,#1358,.T.);
#1809=ORIENTED_EDGE('',*,*,#1355,.F.);
#1810=ORIENTED_EDGE('',*,*,#1352,.T.);
#1811=ORIENTED_EDGE('',*,*,#1349,.F.);
#1812=ORIENTED_EDGE('',*,*,#1359,.F.);
#1813=ORIENTED_EDGE('',*,*,#1292,.F.);
#1814=ORIENTED_EDGE('',*,*,#1295,.F.);
#1815=ORIENTED_EDGE('',*,*,#1297,.F.);
#1816=ORIENTED_EDGE('',*,*,#1299,.F.);
#1817=ORIENTED_EDGE('',*,*,#1360,.F.);
#1818=ORIENTED_EDGE('',*,*,#1361,.F.);
#1819=ORIENTED_EDGE('',*,*,#1362,.F.);
#1820=ORIENTED_EDGE('',*,*,#1277,.T.);
#1821=ORIENTED_EDGE('',*,*,#1293,.T.);
#1822=ORIENTED_EDGE('',*,*,#1359,.T.);
#1823=ORIENTED_EDGE('',*,*,#1363,.F.);
#1824=ORIENTED_EDGE('',*,*,#1258,.F.);
#1825=ORIENTED_EDGE('',*,*,#1288,.T.);
#1826=ORIENTED_EDGE('',*,*,#1362,.T.);
#1827=ORIENTED_EDGE('',*,*,#1364,.F.);
#1828=ORIENTED_EDGE('',*,*,#1259,.F.);
#1829=ORIENTED_EDGE('',*,*,#1363,.T.);
#1830=ORIENTED_EDGE('',*,*,#1361,.T.);
#1831=ORIENTED_EDGE('',*,*,#1365,.F.);
#1832=ORIENTED_EDGE('',*,*,#1260,.F.);
#1833=ORIENTED_EDGE('',*,*,#1364,.T.);
#1834=ORIENTED_EDGE('',*,*,#1360,.T.);
#1835=ORIENTED_EDGE('',*,*,#1298,.F.);
#1836=ORIENTED_EDGE('',*,*,#1261,.F.);
#1837=ORIENTED_EDGE('',*,*,#1365,.T.);
#1838=ORIENTED_EDGE('',*,*,#1206,.F.);
#1839=ORIENTED_EDGE('',*,*,#1326,.T.);
#1840=ORIENTED_EDGE('',*,*,#1366,.F.);
#1841=ORIENTED_EDGE('',*,*,#1367,.F.);
#1842=ORIENTED_EDGE('',*,*,#1207,.F.);
#1843=ORIENTED_EDGE('',*,*,#1367,.T.);
#1844=ORIENTED_EDGE('',*,*,#1368,.F.);
#1845=ORIENTED_EDGE('',*,*,#1369,.F.);
#1846=ORIENTED_EDGE('',*,*,#1208,.F.);
#1847=ORIENTED_EDGE('',*,*,#1369,.T.);
#1848=ORIENTED_EDGE('',*,*,#1370,.F.);
#1849=ORIENTED_EDGE('',*,*,#1333,.F.);
#1850=ORIENTED_EDGE('',*,*,#1309,.T.);
#1851=ORIENTED_EDGE('',*,*,#1371,.T.);
#1852=ORIENTED_EDGE('',*,*,#1372,.F.);
#1853=ORIENTED_EDGE('',*,*,#1373,.F.);
#1854=ORIENTED_EDGE('',*,*,#1199,.F.);
#1855=ORIENTED_EDGE('',*,*,#1320,.T.);
#1856=ORIENTED_EDGE('',*,*,#1200,.F.);
#1857=ORIENTED_EDGE('',*,*,#1373,.T.);
#1858=ORIENTED_EDGE('',*,*,#1374,.F.);
#1859=ORIENTED_EDGE('',*,*,#1375,.F.);
#1860=ORIENTED_EDGE('',*,*,#1201,.F.);
#1861=ORIENTED_EDGE('',*,*,#1375,.T.);
#1862=ORIENTED_EDGE('',*,*,#1376,.F.);
#1863=ORIENTED_EDGE('',*,*,#1377,.F.);
#1864=ORIENTED_EDGE('',*,*,#1202,.F.);
#1865=ORIENTED_EDGE('',*,*,#1377,.T.);
#1866=ORIENTED_EDGE('',*,*,#1378,.F.);
#1867=ORIENTED_EDGE('',*,*,#1379,.F.);
#1868=ORIENTED_EDGE('',*,*,#1323,.T.);
#1869=ORIENTED_EDGE('',*,*,#1203,.F.);
#1870=ORIENTED_EDGE('',*,*,#1379,.T.);
#1871=ORIENTED_EDGE('',*,*,#1380,.F.);
#1872=ORIENTED_EDGE('',*,*,#1381,.F.);
#1873=ORIENTED_EDGE('',*,*,#1305,.T.);
#1874=ORIENTED_EDGE('',*,*,#1308,.T.);
#1875=ORIENTED_EDGE('',*,*,#1382,.T.);
#1876=ORIENTED_EDGE('',*,*,#1383,.F.);
#1877=ORIENTED_EDGE('',*,*,#1371,.F.);
#1878=ORIENTED_EDGE('',*,*,#1307,.T.);
#1879=ORIENTED_EDGE('',*,*,#1384,.T.);
#1880=ORIENTED_EDGE('',*,*,#1385,.F.);
#1881=ORIENTED_EDGE('',*,*,#1382,.F.);
#1882=ORIENTED_EDGE('',*,*,#1306,.T.);
#1883=ORIENTED_EDGE('',*,*,#1381,.T.);
#1884=ORIENTED_EDGE('',*,*,#1386,.F.);
#1885=ORIENTED_EDGE('',*,*,#1384,.F.);
#1886=ORIENTED_EDGE('',*,*,#1387,.F.);
#1887=ORIENTED_EDGE('',*,*,#1388,.T.);
#1888=ORIENTED_EDGE('',*,*,#1389,.F.);
#1889=ORIENTED_EDGE('',*,*,#1388,.F.);
#1890=ORIENTED_EDGE('',*,*,#1390,.F.);
#1891=ORIENTED_EDGE('',*,*,#1391,.T.);
#1892=ORIENTED_EDGE('',*,*,#1392,.F.);
#1893=ORIENTED_EDGE('',*,*,#1391,.F.);
#1894=ORIENTED_EDGE('',*,*,#1393,.F.);
#1895=ORIENTED_EDGE('',*,*,#1394,.T.);
#1896=ORIENTED_EDGE('',*,*,#1395,.F.);
#1897=ORIENTED_EDGE('',*,*,#1394,.F.);
#1898=ORIENTED_EDGE('',*,*,#1396,.F.);
#1899=ORIENTED_EDGE('',*,*,#1397,.T.);
#1900=ORIENTED_EDGE('',*,*,#1398,.F.);
#1901=ORIENTED_EDGE('',*,*,#1397,.F.);
#1902=ORIENTED_EDGE('',*,*,#1396,.T.);
#1903=ORIENTED_EDGE('',*,*,#1399,.F.);
#1904=ORIENTED_EDGE('',*,*,#1400,.T.);
#1905=ORIENTED_EDGE('',*,*,#1401,.F.);
#1906=ORIENTED_EDGE('',*,*,#1400,.F.);
#1907=ORIENTED_EDGE('',*,*,#1399,.T.);
#1908=ORIENTED_EDGE('',*,*,#1402,.F.);
#1909=ORIENTED_EDGE('',*,*,#1403,.T.);
#1910=ORIENTED_EDGE('',*,*,#1404,.F.);
#1911=ORIENTED_EDGE('',*,*,#1403,.F.);
#1912=ORIENTED_EDGE('',*,*,#1402,.T.);
#1913=ORIENTED_EDGE('',*,*,#1405,.F.);
#1914=ORIENTED_EDGE('',*,*,#1406,.T.);
#1915=ORIENTED_EDGE('',*,*,#1407,.F.);
#1916=ORIENTED_EDGE('',*,*,#1406,.F.);
#1917=ORIENTED_EDGE('',*,*,#1405,.T.);
#1918=ORIENTED_EDGE('',*,*,#1408,.F.);
#1919=ORIENTED_EDGE('',*,*,#1409,.T.);
#1920=ORIENTED_EDGE('',*,*,#1410,.F.);
#1921=ORIENTED_EDGE('',*,*,#1409,.F.);
#1922=ORIENTED_EDGE('',*,*,#1408,.T.);
#1923=ORIENTED_EDGE('',*,*,#1411,.F.);
#1924=ORIENTED_EDGE('',*,*,#1412,.T.);
#1925=ORIENTED_EDGE('',*,*,#1413,.F.);
#1926=ORIENTED_EDGE('',*,*,#1412,.F.);
#1927=ORIENTED_EDGE('',*,*,#1411,.T.);
#1928=ORIENTED_EDGE('',*,*,#1414,.F.);
#1929=ORIENTED_EDGE('',*,*,#1415,.T.);
#1930=ORIENTED_EDGE('',*,*,#1416,.F.);
#1931=ORIENTED_EDGE('',*,*,#1415,.F.);
#1932=ORIENTED_EDGE('',*,*,#1414,.T.);
#1933=ORIENTED_EDGE('',*,*,#1417,.F.);
#1934=ORIENTED_EDGE('',*,*,#1418,.T.);
#1935=ORIENTED_EDGE('',*,*,#1419,.F.);
#1936=ORIENTED_EDGE('',*,*,#1418,.F.);
#1937=ORIENTED_EDGE('',*,*,#1417,.T.);
#1938=ORIENTED_EDGE('',*,*,#1237,.T.);
#1939=ORIENTED_EDGE('',*,*,#1256,.T.);
#1940=ORIENTED_EDGE('',*,*,#1214,.F.);
#1941=ORIENTED_EDGE('',*,*,#1420,.F.);
#1942=ORIENTED_EDGE('',*,*,#1246,.T.);
#1943=ORIENTED_EDGE('',*,*,#1300,.F.);
#1944=ORIENTED_EDGE('',*,*,#1247,.T.);
#1945=ORIENTED_EDGE('',*,*,#1420,.T.);
#1946=ORIENTED_EDGE('',*,*,#1213,.F.);
#1947=ORIENTED_EDGE('',*,*,#1301,.F.);
#1948=ORIENTED_EDGE('',*,*,#1281,.T.);
#1949=ORIENTED_EDGE('',*,*,#1290,.T.);
#1950=ORIENTED_EDGE('',*,*,#1272,.T.);
#1951=ORIENTED_EDGE('',*,*,#1219,.F.);
#1952=ORIENTED_EDGE('',*,*,#1421,.F.);
#1953=ORIENTED_EDGE('',*,*,#1266,.T.);
#1954=ORIENTED_EDGE('',*,*,#1302,.T.);
#1955=ORIENTED_EDGE('',*,*,#1218,.F.);
#1956=ORIENTED_EDGE('',*,*,#1422,.F.);
#1957=ORIENTED_EDGE('',*,*,#1267,.F.);
#1958=ORIENTED_EDGE('',*,*,#1421,.T.);
#1959=ORIENTED_EDGE('',*,*,#1217,.F.);
#1960=ORIENTED_EDGE('',*,*,#1423,.F.);
#1961=ORIENTED_EDGE('',*,*,#1268,.T.);
#1962=ORIENTED_EDGE('',*,*,#1422,.T.);
#1963=ORIENTED_EDGE('',*,*,#1287,.T.);
#1964=ORIENTED_EDGE('',*,*,#1269,.F.);
#1965=ORIENTED_EDGE('',*,*,#1423,.T.);
#1966=ORIENTED_EDGE('',*,*,#1216,.F.);
#1967=ORIENTED_EDGE('',*,*,#1255,.F.);
#1968=ORIENTED_EDGE('',*,*,#1279,.T.);
#1969=ORIENTED_EDGE('',*,*,#1424,.F.);
#1970=ORIENTED_EDGE('',*,*,#1425,.F.);
#1971=ORIENTED_EDGE('',*,*,#1426,.F.);
#1972=ORIENTED_EDGE('',*,*,#1427,.F.);
#1973=ORIENTED_EDGE('',*,*,#1168,.T.);
#1974=ORIENTED_EDGE('',*,*,#1428,.T.);
#1975=ORIENTED_EDGE('',*,*,#1228,.T.);
#1976=ORIENTED_EDGE('',*,*,#1230,.T.);
#1977=ORIENTED_EDGE('',*,*,#1220,.T.);
#1978=ORIENTED_EDGE('',*,*,#1195,.T.);
#1979=ORIENTED_EDGE('',*,*,#1429,.T.);
#1980=ORIENTED_EDGE('',*,*,#1430,.T.);
#1981=ORIENTED_EDGE('',*,*,#1431,.T.);
#1982=ORIENTED_EDGE('',*,*,#1432,.T.);
#1983=ORIENTED_EDGE('',*,*,#1433,.T.);
#1984=ORIENTED_EDGE('',*,*,#1434,.T.);
#1985=ORIENTED_EDGE('',*,*,#1435,.T.);
#1986=ORIENTED_EDGE('',*,*,#1436,.T.);
#1987=ORIENTED_EDGE('',*,*,#1437,.T.);
#1988=ORIENTED_EDGE('',*,*,#1438,.T.);
#1989=ORIENTED_EDGE('',*,*,#1439,.T.);
#1990=ORIENTED_EDGE('',*,*,#1440,.T.);
#1991=ORIENTED_EDGE('',*,*,#1427,.T.);
#1992=ORIENTED_EDGE('',*,*,#1441,.T.);
#1993=ORIENTED_EDGE('',*,*,#1442,.T.);
#1994=ORIENTED_EDGE('',*,*,#1191,.T.);
#1995=ORIENTED_EDGE('',*,*,#1178,.T.);
#1996=ORIENTED_EDGE('',*,*,#1180,.T.);
#1997=ORIENTED_EDGE('',*,*,#1443,.T.);
#1998=ORIENTED_EDGE('',*,*,#1444,.T.);
#1999=ORIENTED_EDGE('',*,*,#1445,.T.);
#2000=ORIENTED_EDGE('',*,*,#1446,.T.);
#2001=ORIENTED_EDGE('',*,*,#1426,.T.);
#2002=ORIENTED_EDGE('',*,*,#1447,.F.);
#2003=ORIENTED_EDGE('',*,*,#1448,.F.);
#2004=ORIENTED_EDGE('',*,*,#1441,.F.);
#2005=ORIENTED_EDGE('',*,*,#1449,.F.);
#2006=ORIENTED_EDGE('',*,*,#1450,.F.);
#2007=ORIENTED_EDGE('',*,*,#1451,.F.);
#2008=ORIENTED_EDGE('',*,*,#1433,.F.);
#2009=ORIENTED_EDGE('',*,*,#1451,.T.);
#2010=ORIENTED_EDGE('',*,*,#1452,.F.);
#2011=ORIENTED_EDGE('',*,*,#1453,.F.);
#2012=ORIENTED_EDGE('',*,*,#1434,.F.);
#2013=ORIENTED_EDGE('',*,*,#1449,.T.);
#2014=ORIENTED_EDGE('',*,*,#1432,.F.);
#2015=ORIENTED_EDGE('',*,*,#1454,.T.);
#2016=ORIENTED_EDGE('',*,*,#1455,.F.);
#2017=ORIENTED_EDGE('',*,*,#1454,.F.);
#2018=ORIENTED_EDGE('',*,*,#1431,.F.);
#2019=ORIENTED_EDGE('',*,*,#1456,.F.);
#2020=ORIENTED_EDGE('',*,*,#1457,.F.);
#2021=ORIENTED_EDGE('',*,*,#1456,.T.);
#2022=ORIENTED_EDGE('',*,*,#1430,.F.);
#2023=ORIENTED_EDGE('',*,*,#1458,.T.);
#2024=ORIENTED_EDGE('',*,*,#1459,.F.);
#2025=ORIENTED_EDGE('',*,*,#1460,.T.);
#2026=ORIENTED_EDGE('',*,*,#1461,.T.);
#2027=ORIENTED_EDGE('',*,*,#1462,.T.);
#2028=ORIENTED_EDGE('',*,*,#1463,.T.);
#2029=ORIENTED_EDGE('',*,*,#1464,.T.);
#2030=ORIENTED_EDGE('',*,*,#1465,.T.);
#2031=ORIENTED_EDGE('',*,*,#1466,.T.);
#2032=ORIENTED_EDGE('',*,*,#1467,.T.);
#2033=ORIENTED_EDGE('',*,*,#1468,.T.);
#2034=ORIENTED_EDGE('',*,*,#1469,.T.);
#2035=ORIENTED_EDGE('',*,*,#1470,.T.);
#2036=ORIENTED_EDGE('',*,*,#1471,.T.);
#2037=ORIENTED_EDGE('',*,*,#1472,.T.);
#2038=ORIENTED_EDGE('',*,*,#1473,.T.);
#2039=ORIENTED_EDGE('',*,*,#1452,.T.);
#2040=ORIENTED_EDGE('',*,*,#1450,.T.);
#2041=ORIENTED_EDGE('',*,*,#1455,.T.);
#2042=ORIENTED_EDGE('',*,*,#1457,.T.);
#2043=ORIENTED_EDGE('',*,*,#1459,.T.);
#2044=ORIENTED_EDGE('',*,*,#1474,.T.);
#2045=ORIENTED_EDGE('',*,*,#1193,.T.);
#2046=ORIENTED_EDGE('',*,*,#1475,.T.);
#2047=ORIENTED_EDGE('',*,*,#1447,.T.);
#2048=ORIENTED_EDGE('',*,*,#1425,.T.);
#2049=ORIENTED_EDGE('',*,*,#1407,.T.);
#2050=ORIENTED_EDGE('',*,*,#1404,.T.);
#2051=ORIENTED_EDGE('',*,*,#1401,.T.);
#2052=ORIENTED_EDGE('',*,*,#1398,.T.);
#2053=ORIENTED_EDGE('',*,*,#1476,.F.);
#2054=ORIENTED_EDGE('',*,*,#1439,.F.);
#2055=ORIENTED_EDGE('',*,*,#1477,.F.);
#2056=ORIENTED_EDGE('',*,*,#1469,.F.);
#2057=ORIENTED_EDGE('',*,*,#1477,.T.);
#2058=ORIENTED_EDGE('',*,*,#1438,.F.);
#2059=ORIENTED_EDGE('',*,*,#1478,.T.);
#2060=ORIENTED_EDGE('',*,*,#1470,.F.);
#2061=ORIENTED_EDGE('',*,*,#1424,.T.);
#2062=ORIENTED_EDGE('',*,*,#1440,.F.);
#2063=ORIENTED_EDGE('',*,*,#1476,.T.);
#2064=ORIENTED_EDGE('',*,*,#1468,.F.);
#2065=ORIENTED_EDGE('',*,*,#1479,.F.);
#2066=ORIENTED_EDGE('',*,*,#1480,.T.);
#2067=ORIENTED_EDGE('',*,*,#1443,.F.);
#2068=ORIENTED_EDGE('',*,*,#1480,.F.);
#2069=ORIENTED_EDGE('',*,*,#1479,.T.);
#2070=ORIENTED_EDGE('',*,*,#1419,.T.);
#2071=ORIENTED_EDGE('',*,*,#1481,.F.);
#2072=ORIENTED_EDGE('',*,*,#1482,.T.);
#2073=ORIENTED_EDGE('',*,*,#1444,.F.);
#2074=ORIENTED_EDGE('',*,*,#1482,.F.);
#2075=ORIENTED_EDGE('',*,*,#1481,.T.);
#2076=ORIENTED_EDGE('',*,*,#1416,.T.);
#2077=ORIENTED_EDGE('',*,*,#1483,.F.);
#2078=ORIENTED_EDGE('',*,*,#1484,.T.);
#2079=ORIENTED_EDGE('',*,*,#1445,.F.);
#2080=ORIENTED_EDGE('',*,*,#1484,.F.);
#2081=ORIENTED_EDGE('',*,*,#1483,.T.);
#2082=ORIENTED_EDGE('',*,*,#1413,.T.);
#2083=ORIENTED_EDGE('',*,*,#1485,.F.);
#2084=ORIENTED_EDGE('',*,*,#1486,.T.);
#2085=ORIENTED_EDGE('',*,*,#1446,.F.);
#2086=ORIENTED_EDGE('',*,*,#1486,.F.);
#2087=ORIENTED_EDGE('',*,*,#1485,.T.);
#2088=ORIENTED_EDGE('',*,*,#1410,.T.);
#2089=ORIENTED_EDGE('',*,*,#1471,.F.);
#2090=ORIENTED_EDGE('',*,*,#1478,.F.);
#2091=ORIENTED_EDGE('',*,*,#1437,.F.);
#2092=ORIENTED_EDGE('',*,*,#1487,.T.);
#2093=ORIENTED_EDGE('',*,*,#1472,.F.);
#2094=ORIENTED_EDGE('',*,*,#1487,.F.);
#2095=ORIENTED_EDGE('',*,*,#1436,.F.);
#2096=ORIENTED_EDGE('',*,*,#1488,.T.);
#2097=ORIENTED_EDGE('',*,*,#1389,.T.);
#2098=ORIENTED_EDGE('',*,*,#1392,.T.);
#2099=ORIENTED_EDGE('',*,*,#1395,.T.);
#2100=ORIENTED_EDGE('',*,*,#1473,.F.);
#2101=ORIENTED_EDGE('',*,*,#1488,.F.);
#2102=ORIENTED_EDGE('',*,*,#1435,.F.);
#2103=ORIENTED_EDGE('',*,*,#1453,.T.);
#2104=ORIENTED_EDGE('',*,*,#1474,.F.);
#2105=ORIENTED_EDGE('',*,*,#1458,.F.);
#2106=ORIENTED_EDGE('',*,*,#1429,.F.);
#2107=ORIENTED_EDGE('',*,*,#1194,.T.);
#2108=ORIENTED_EDGE('',*,*,#1167,.T.);
#2109=ORIENTED_EDGE('',*,*,#1190,.T.);
#2110=ORIENTED_EDGE('',*,*,#1229,.T.);
#2111=ORIENTED_EDGE('',*,*,#1428,.F.);
#2112=ORIENTED_EDGE('',*,*,#1475,.F.);
#2113=ORIENTED_EDGE('',*,*,#1192,.F.);
#2114=ORIENTED_EDGE('',*,*,#1442,.F.);
#2115=ORIENTED_EDGE('',*,*,#1448,.T.);
#2116=ORIENTED_EDGE('',*,*,#1489,.T.);
#2117=ORIENTED_EDGE('',*,*,#1490,.T.);
#2118=ORIENTED_EDGE('',*,*,#1467,.F.);
#2119=ORIENTED_EDGE('',*,*,#1491,.F.);
#2120=ORIENTED_EDGE('',*,*,#1492,.T.);
#2121=ORIENTED_EDGE('',*,*,#1491,.T.);
#2122=ORIENTED_EDGE('',*,*,#1466,.F.);
#2123=ORIENTED_EDGE('',*,*,#1493,.F.);
#2124=ORIENTED_EDGE('',*,*,#1494,.T.);
#2125=ORIENTED_EDGE('',*,*,#1493,.T.);
#2126=ORIENTED_EDGE('',*,*,#1465,.F.);
#2127=ORIENTED_EDGE('',*,*,#1495,.F.);
#2128=ORIENTED_EDGE('',*,*,#1348,.T.);
#2129=ORIENTED_EDGE('',*,*,#1351,.T.);
#2130=ORIENTED_EDGE('',*,*,#1354,.T.);
#2131=ORIENTED_EDGE('',*,*,#1357,.T.);
#2132=ORIENTED_EDGE('',*,*,#1335,.T.);
#2133=ORIENTED_EDGE('',*,*,#1339,.T.);
#2134=ORIENTED_EDGE('',*,*,#1342,.T.);
#2135=ORIENTED_EDGE('',*,*,#1345,.T.);
#2136=ORIENTED_EDGE('',*,*,#1334,.T.);
#2137=ORIENTED_EDGE('',*,*,#1370,.T.);
#2138=ORIENTED_EDGE('',*,*,#1368,.T.);
#2139=ORIENTED_EDGE('',*,*,#1366,.T.);
#2140=ORIENTED_EDGE('',*,*,#1325,.T.);
#2141=ORIENTED_EDGE('',*,*,#1328,.T.);
#2142=ORIENTED_EDGE('',*,*,#1330,.T.);
#2143=ORIENTED_EDGE('',*,*,#1332,.T.);
#2144=ORIENTED_EDGE('',*,*,#1380,.T.);
#2145=ORIENTED_EDGE('',*,*,#1378,.T.);
#2146=ORIENTED_EDGE('',*,*,#1376,.T.);
#2147=ORIENTED_EDGE('',*,*,#1374,.T.);
#2148=ORIENTED_EDGE('',*,*,#1372,.T.);
#2149=ORIENTED_EDGE('',*,*,#1383,.T.);
#2150=ORIENTED_EDGE('',*,*,#1385,.T.);
#2151=ORIENTED_EDGE('',*,*,#1386,.T.);
#2152=ORIENTED_EDGE('',*,*,#1496,.T.);
#2153=ORIENTED_EDGE('',*,*,#1495,.T.);
#2154=ORIENTED_EDGE('',*,*,#1464,.F.);
#2155=ORIENTED_EDGE('',*,*,#1497,.F.);
#2156=ORIENTED_EDGE('',*,*,#1498,.T.);
#2157=ORIENTED_EDGE('',*,*,#1497,.T.);
#2158=ORIENTED_EDGE('',*,*,#1463,.F.);
#2159=ORIENTED_EDGE('',*,*,#1499,.F.);
#2160=ORIENTED_EDGE('',*,*,#1500,.T.);
#2161=ORIENTED_EDGE('',*,*,#1499,.T.);
#2162=ORIENTED_EDGE('',*,*,#1462,.F.);
#2163=ORIENTED_EDGE('',*,*,#1501,.F.);
#2164=ORIENTED_EDGE('',*,*,#1502,.T.);
#2165=ORIENTED_EDGE('',*,*,#1501,.T.);
#2166=ORIENTED_EDGE('',*,*,#1461,.F.);
#2167=ORIENTED_EDGE('',*,*,#1503,.F.);
#2168=ORIENTED_EDGE('',*,*,#1387,.T.);
#2169=ORIENTED_EDGE('',*,*,#1390,.T.);
#2170=ORIENTED_EDGE('',*,*,#1393,.T.);
#2171=ORIENTED_EDGE('',*,*,#1504,.T.);
#2172=ORIENTED_EDGE('',*,*,#1503,.T.);
#2173=ORIENTED_EDGE('',*,*,#1460,.F.);
#2174=ORIENTED_EDGE('',*,*,#1490,.F.);
#2175=ORIENTED_EDGE('',*,*,#1504,.F.);
#2176=ORIENTED_EDGE('',*,*,#1489,.F.);
#2177=ORIENTED_EDGE('',*,*,#1492,.F.);
#2178=ORIENTED_EDGE('',*,*,#1494,.F.);
#2179=ORIENTED_EDGE('',*,*,#1496,.F.);
#2180=ORIENTED_EDGE('',*,*,#1498,.F.);
#2181=ORIENTED_EDGE('',*,*,#1500,.F.);
#2182=ORIENTED_EDGE('',*,*,#1502,.F.);
#2183=PLANE('',#2400);
#2184=PLANE('',#2401);
#2185=PLANE('',#2402);
#2186=PLANE('',#2403);
#2187=PLANE('',#2404);
#2188=PLANE('',#2405);
#2189=PLANE('',#2406);
#2190=PLANE('',#2415);
#2191=PLANE('',#2416);
#2192=PLANE('',#2417);
#2193=PLANE('',#2418);
#2194=PLANE('',#2419);
#2195=PLANE('',#2420);
#2196=PLANE('',#2427);
#2197=PLANE('',#2437);
#2198=PLANE('',#2442);
#2199=PLANE('',#2443);
#2200=PLANE('',#2445);
#2201=PLANE('',#2446);
#2202=PLANE('',#2450);
#2203=PLANE('',#2451);
#2204=PLANE('',#2454);
#2205=PLANE('',#2457);
#2206=PLANE('',#2458);
#2207=PLANE('',#2459);
#2208=PLANE('',#2460);
#2209=PLANE('',#2465);
#2210=PLANE('',#2466);
#2211=PLANE('',#2467);
#2212=PLANE('',#2468);
#2213=PLANE('',#2469);
#2214=PLANE('',#2470);
#2215=PLANE('',#2473);
#2216=PLANE('',#2476);
#2217=PLANE('',#2477);
#2218=PLANE('',#2481);
#2219=PLANE('',#2485);
#2220=PLANE('',#2489);
#2221=PLANE('',#2493);
#2222=PLANE('',#2496);
#2223=PLANE('',#2498);
#2224=PLANE('',#2502);
#2225=PLANE('',#2505);
#2226=PLANE('',#2508);
#2227=PLANE('',#2511);
#2228=PLANE('',#2514);
#2229=PLANE('',#2529);
#2230=PLANE('',#2533);
#2231=PLANE('',#2537);
#2232=PLANE('',#2541);
#2233=PLANE('',#2545);
#2234=PLANE('',#2549);
#2235=PLANE('',#2553);
#2236=PLANE('',#2557);
#2237=PLANE('',#2558);
#2238=PLANE('',#2561);
#2239=PLANE('',#2563);
#2240=PLANE('',#2567);
#2241=PLANE('',#2579);
#2242=PLANE('',#2582);
#2243=PLANE('',#2583);
#2244=PLANE('',#2586);
#2245=PLANE('',#2587);
#2246=PLANE('',#2598);
#2247=PLANE('',#2599);
#2248=PLANE('',#2602);
#2249=PLANE('',#2605);
#2250=PLANE('',#2608);
#2251=PLANE('',#2611);
#2252=PLANE('',#2613);
#2253=PLANE('',#2616);
#2254=PLANE('',#2618);
#2255=PLANE('',#2621);
#2256=PLANE('',#2624);
#2257=PLANE('',#2627);
#2258=PLANE('',#2630);
#2259=ADVANCED_FACE('',(#196),#2183,.T.);
#2260=ADVANCED_FACE('',(#197),#2184,.T.);
#2261=ADVANCED_FACE('',(#198),#2185,.T.);
#2262=ADVANCED_FACE('',(#199),#2186,.T.);
#2263=ADVANCED_FACE('',(#200),#2187,.T.);
#2264=ADVANCED_FACE('',(#201),#2188,.T.);
#2265=ADVANCED_FACE('',(#202,#68),#2189,.F.);
#2266=ADVANCED_FACE('',(#203),#2190,.T.);
#2267=ADVANCED_FACE('',(#204),#2191,.T.);
#2268=ADVANCED_FACE('',(#205),#2192,.T.);
#2269=ADVANCED_FACE('',(#206),#2193,.T.);
#2270=ADVANCED_FACE('',(#207),#2194,.T.);
#2271=ADVANCED_FACE('',(#208),#2195,.F.);
#2272=ADVANCED_FACE('',(#209),#17,.F.);
#2273=ADVANCED_FACE('',(#210),#18,.F.);
#2274=ADVANCED_FACE('',(#211),#2196,.F.);
#2275=ADVANCED_FACE('',(#212),#19,.F.);
#2276=ADVANCED_FACE('',(#213),#20,.F.);
#2277=ADVANCED_FACE('',(#214),#21,.T.);
#2278=ADVANCED_FACE('',(#215),#2197,.F.);
#2279=ADVANCED_FACE('',(#216),#2198,.F.);
#2280=ADVANCED_FACE('',(#217),#2199,.F.);
#2281=ADVANCED_FACE('',(#218),#2200,.F.);
#2282=ADVANCED_FACE('',(#219),#2201,.F.);
#2283=ADVANCED_FACE('',(#220),#2202,.F.);
#2284=ADVANCED_FACE('',(#221),#2203,.T.);
#2285=ADVANCED_FACE('',(#222),#22,.F.);
#2286=ADVANCED_FACE('',(#223),#2204,.F.);
#2287=ADVANCED_FACE('',(#224),#23,.F.);
#2288=ADVANCED_FACE('',(#225),#2205,.F.);
#2289=ADVANCED_FACE('',(#226),#2206,.F.);
#2290=ADVANCED_FACE('',(#227),#2207,.T.);
#2291=ADVANCED_FACE('',(#228),#2208,.F.);
#2292=ADVANCED_FACE('',(#229),#2209,.F.);
#2293=ADVANCED_FACE('',(#230),#2210,.F.);
#2294=ADVANCED_FACE('',(#231),#2211,.F.);
#2295=ADVANCED_FACE('',(#232),#2212,.F.);
#2296=ADVANCED_FACE('',(#233),#2213,.F.);
#2297=ADVANCED_FACE('',(#234),#2214,.F.);
#2298=ADVANCED_FACE('',(#235),#24,.F.);
#2299=ADVANCED_FACE('',(#236),#2215,.F.);
#2300=ADVANCED_FACE('',(#237),#25,.F.);
#2301=ADVANCED_FACE('',(#238),#2216,.F.);
#2302=ADVANCED_FACE('',(#239),#2217,.F.);
#2303=ADVANCED_FACE('',(#240),#26,.F.);
#2304=ADVANCED_FACE('',(#241),#2218,.F.);
#2305=ADVANCED_FACE('',(#242),#27,.F.);
#2306=ADVANCED_FACE('',(#243),#2219,.F.);
#2307=ADVANCED_FACE('',(#244),#28,.F.);
#2308=ADVANCED_FACE('',(#245),#2220,.F.);
#2309=ADVANCED_FACE('',(#246),#29,.F.);
#2310=ADVANCED_FACE('',(#247,#69),#2221,.T.);
#2311=ADVANCED_FACE('',(#248),#2222,.F.);
#2312=ADVANCED_FACE('',(#249),#30,.F.);
#2313=ADVANCED_FACE('',(#250),#2223,.F.);
#2314=ADVANCED_FACE('',(#251),#31,.F.);
#2315=ADVANCED_FACE('',(#252),#32,.F.);
#2316=ADVANCED_FACE('',(#253),#2224,.F.);
#2317=ADVANCED_FACE('',(#254),#33,.F.);
#2318=ADVANCED_FACE('',(#255),#2225,.F.);
#2319=ADVANCED_FACE('',(#256),#34,.F.);
#2320=ADVANCED_FACE('',(#257),#2226,.F.);
#2321=ADVANCED_FACE('',(#258),#35,.F.);
#2322=ADVANCED_FACE('',(#259),#2227,.F.);
#2323=ADVANCED_FACE('',(#260),#36,.F.);
#2324=ADVANCED_FACE('',(#261),#2228,.F.);
#2325=ADVANCED_FACE('',(#262),#37,.F.);
#2326=ADVANCED_FACE('',(#263),#38,.F.);
#2327=ADVANCED_FACE('',(#264),#39,.F.);
#2328=ADVANCED_FACE('',(#265),#40,.F.);
#2329=ADVANCED_FACE('',(#266),#41,.F.);
#2330=ADVANCED_FACE('',(#267),#2229,.T.);
#2331=ADVANCED_FACE('',(#268),#42,.F.);
#2332=ADVANCED_FACE('',(#269),#2230,.T.);
#2333=ADVANCED_FACE('',(#270),#43,.F.);
#2334=ADVANCED_FACE('',(#271),#2231,.T.);
#2335=ADVANCED_FACE('',(#272),#44,.F.);
#2336=ADVANCED_FACE('',(#273),#2232,.T.);
#2337=ADVANCED_FACE('',(#274),#45,.F.);
#2338=ADVANCED_FACE('',(#275),#2233,.T.);
#2339=ADVANCED_FACE('',(#276),#46,.F.);
#2340=ADVANCED_FACE('',(#277),#2234,.T.);
#2341=ADVANCED_FACE('',(#278),#47,.F.);
#2342=ADVANCED_FACE('',(#279),#2235,.T.);
#2343=ADVANCED_FACE('',(#280),#48,.F.);
#2344=ADVANCED_FACE('',(#281),#2236,.T.);
#2345=ADVANCED_FACE('',(#282),#2237,.T.);
#2346=ADVANCED_FACE('',(#283),#49,.T.);
#2347=ADVANCED_FACE('',(#284),#50,.T.);
#2348=ADVANCED_FACE('',(#285),#2238,.T.);
#2349=ADVANCED_FACE('',(#286),#51,.T.);
#2350=ADVANCED_FACE('',(#287),#2239,.T.);
#2351=ADVANCED_FACE('',(#288),#52,.T.);
#2352=ADVANCED_FACE('',(#289,#70,#71,#72,#73),#2240,.T.);
#2353=ADVANCED_FACE('',(#290),#2241,.F.);
#2354=ADVANCED_FACE('',(#291),#53,.T.);
#2355=ADVANCED_FACE('',(#292),#2242,.F.);
#2356=ADVANCED_FACE('',(#293),#2243,.F.);
#2357=ADVANCED_FACE('',(#294),#54,.T.);
#2358=ADVANCED_FACE('',(#295),#2244,.F.);
#2359=ADVANCED_FACE('',(#296,#74,#75,#76,#77,#78),#2245,.T.);
#2360=ADVANCED_FACE('',(#297),#55,.T.);
#2361=ADVANCED_FACE('',(#298),#2246,.F.);
#2362=ADVANCED_FACE('',(#299),#2247,.F.);
#2363=ADVANCED_FACE('',(#300),#56,.T.);
#2364=ADVANCED_FACE('',(#301,#79),#2248,.T.);
#2365=ADVANCED_FACE('',(#302),#57,.T.);
#2366=ADVANCED_FACE('',(#303,#80),#2249,.T.);
#2367=ADVANCED_FACE('',(#304),#58,.T.);
#2368=ADVANCED_FACE('',(#305,#81),#2250,.T.);
#2369=ADVANCED_FACE('',(#306),#59,.T.);
#2370=ADVANCED_FACE('',(#307,#82),#2251,.T.);
#2371=ADVANCED_FACE('',(#308),#60,.F.);
#2372=ADVANCED_FACE('',(#309,#83,#84,#85),#2252,.F.);
#2373=ADVANCED_FACE('',(#310),#61,.F.);
#2374=ADVANCED_FACE('',(#311),#62,.F.);
#2375=ADVANCED_FACE('',(#312),#2253,.F.);
#2376=ADVANCED_FACE('',(#313),#63,.F.);
#2377=ADVANCED_FACE('',(#314),#2254,.T.);
#2378=ADVANCED_FACE('',(#315),#64,.T.);
#2379=ADVANCED_FACE('',(#316,#86,#87,#88),#2255,.T.);
#2380=ADVANCED_FACE('',(#317),#65,.T.);
#2381=ADVANCED_FACE('',(#318),#2256,.T.);
#2382=ADVANCED_FACE('',(#319),#66,.T.);
#2383=ADVANCED_FACE('',(#320,#89,#90,#91),#2257,.T.);
#2384=ADVANCED_FACE('',(#321),#67,.T.);
#2385=ADVANCED_FACE('',(#322),#2258,.F.);
#2386=CLOSED_SHELL('',(#2259,#2260,#2261,#2262,#2263,#2264,#2265,#2266,
#2267,#2268,#2269,#2270,#2271,#2272,#2273,#2274,#2275,#2276,#2277,#2278,
#2279,#2280,#2281,#2282,#2283,#2284,#2285,#2286,#2287,#2288,#2289,#2290,
#2291,#2292,#2293,#2294,#2295,#2296,#2297,#2298,#2299,#2300,#2301,#2302,
#2303,#2304,#2305,#2306,#2307,#2308,#2309,#2310,#2311,#2312,#2313,#2314,
#2315,#2316,#2317,#2318,#2319,#2320,#2321,#2322,#2323,#2324,#2325,#2326,
#2327,#2328,#2329,#2330,#2331,#2332,#2333,#2334,#2335,#2336,#2337,#2338,
#2339,#2340,#2341,#2342,#2343,#2344,#2345,#2346,#2347,#2348,#2349,#2350,
#2351,#2352,#2353,#2354,#2355,#2356,#2357,#2358,#2359,#2360,#2361,#2362,
#2363,#2364,#2365,#2366,#2367,#2368,#2369,#2370,#2371,#2372,#2373,#2374,
#2375,#2376,#2377,#2378,#2379,#2380,#2381,#2382,#2383,#2384,#2385));
#2387=DERIVED_UNIT_ELEMENT(#2389,1.);
#2388=DERIVED_UNIT_ELEMENT(#4036,-3.);
#2389=(
MASS_UNIT()
NAMED_UNIT(*)
SI_UNIT(.KILO.,.GRAM.)
);
#2390=DERIVED_UNIT((#2387,#2388));
#2391=MEASURE_REPRESENTATION_ITEM('density measure',
POSITIVE_RATIO_MEASURE(7850.),#2390);
#2392=PROPERTY_DEFINITION_REPRESENTATION(#2397,#2394);
#2393=PROPERTY_DEFINITION_REPRESENTATION(#2398,#2395);
#2394=REPRESENTATION('material name',(#2396),#4033);
#2395=REPRESENTATION('density',(#2391),#4033);
#2396=DESCRIPTIVE_REPRESENTATION_ITEM('Steel','Steel');
#2397=PROPERTY_DEFINITION('material property','material name',#4043);
#2398=PROPERTY_DEFINITION('material property','density of part',#4043);
#2399=AXIS2_PLACEMENT_3D('',#3328,#2631,#2632);
#2400=AXIS2_PLACEMENT_3D('',#3329,#2633,#2634);
#2401=AXIS2_PLACEMENT_3D('',#3342,#2641,#2642);
#2402=AXIS2_PLACEMENT_3D('',#3348,#2646,#2647);
#2403=AXIS2_PLACEMENT_3D('',#3358,#2653,#2654);
#2404=AXIS2_PLACEMENT_3D('',#3361,#2657,#2658);
#2405=AXIS2_PLACEMENT_3D('',#3362,#2659,#2660);
#2406=AXIS2_PLACEMENT_3D('',#3380,#2670,#2671);
#2407=AXIS2_PLACEMENT_3D('',#3399,#2681,#2682);
#2408=AXIS2_PLACEMENT_3D('',#3403,#2684,#2685);
#2409=AXIS2_PLACEMENT_3D('',#3411,#2689,#2690);
#2410=AXIS2_PLACEMENT_3D('',#3415,#2692,#2693);
#2411=AXIS2_PLACEMENT_3D('',#3425,#2698,#2699);
#2412=AXIS2_PLACEMENT_3D('',#3429,#2701,#2702);
#2413=AXIS2_PLACEMENT_3D('',#3433,#2704,#2705);
#2414=AXIS2_PLACEMENT_3D('',#3436,#2707,#2708);
#2415=AXIS2_PLACEMENT_3D('',#3437,#2709,#2710);
#2416=AXIS2_PLACEMENT_3D('',#3445,#2715,#2716);
#2417=AXIS2_PLACEMENT_3D('',#3449,#2719,#2720);
#2418=AXIS2_PLACEMENT_3D('',#3457,#2725,#2726);
#2419=AXIS2_PLACEMENT_3D('',#3460,#2729,#2730);
#2420=AXIS2_PLACEMENT_3D('',#3461,#2731,#2732);
#2421=AXIS2_PLACEMENT_3D('',#3465,#2734,#2735);
#2422=AXIS2_PLACEMENT_3D('',#3466,#2736,#2737);
#2423=AXIS2_PLACEMENT_3D('',#3469,#2738,#2739);
#2424=AXIS2_PLACEMENT_3D('',#3480,#2741,#2742);
#2425=AXIS2_PLACEMENT_3D('',#3482,#2744,#2745);
#2426=AXIS2_PLACEMENT_3D('',#3486,#2747,#2748);
#2427=AXIS2_PLACEMENT_3D('',#3488,#2750,#2751);
#2428=AXIS2_PLACEMENT_3D('',#3492,#2753,#2754);
#2429=AXIS2_PLACEMENT_3D('',#3493,#2755,#2756);
#2430=AXIS2_PLACEMENT_3D('',#3496,#2757,#2758);
#2431=AXIS2_PLACEMENT_3D('',#3500,#2760,#2761);
#2432=AXIS2_PLACEMENT_3D('',#3509,#2763,#2764);
#2433=AXIS2_PLACEMENT_3D('',#3513,#2766,#2767);
#2434=AXIS2_PLACEMENT_3D('',#3515,#2769,#2770);
#2435=AXIS2_PLACEMENT_3D('',#3517,#2771,#2772);
#2436=AXIS2_PLACEMENT_3D('',#3521,#2774,#2775);
#2437=AXIS2_PLACEMENT_3D('',#3524,#2778,#2779);
#2438=AXIS2_PLACEMENT_3D('',#3530,#2782,#2783);
#2439=AXIS2_PLACEMENT_3D('',#3534,#2785,#2786);
#2440=AXIS2_PLACEMENT_3D('',#3543,#2791,#2792);
#2441=AXIS2_PLACEMENT_3D('',#3547,#2794,#2795);
#2442=AXIS2_PLACEMENT_3D('',#3551,#2798,#2799);
#2443=AXIS2_PLACEMENT_3D('',#3553,#2801,#2802);
#2444=AXIS2_PLACEMENT_3D('',#3555,#2803,#2804);
#2445=AXIS2_PLACEMENT_3D('',#3557,#2806,#2807);
#2446=AXIS2_PLACEMENT_3D('',#3563,#2811,#2812);
#2447=AXIS2_PLACEMENT_3D('',#3573,#2817,#2818);
#2448=AXIS2_PLACEMENT_3D('',#3578,#2821,#2822);
#2449=AXIS2_PLACEMENT_3D('',#3581,#2824,#2825);
#2450=AXIS2_PLACEMENT_3D('',#3582,#2826,#2827);
#2451=AXIS2_PLACEMENT_3D('',#3585,#2830,#2831);
#2452=AXIS2_PLACEMENT_3D('',#3588,#2834,#2835);
#2453=AXIS2_PLACEMENT_3D('',#3592,#2837,#2838);
#2454=AXIS2_PLACEMENT_3D('',#3594,#2840,#2841);
#2455=AXIS2_PLACEMENT_3D('',#3598,#2844,#2845);
#2456=AXIS2_PLACEMENT_3D('',#3601,#2847,#2848);
#2457=AXIS2_PLACEMENT_3D('',#3602,#2849,#2850);
#2458=AXIS2_PLACEMENT_3D('',#3606,#2853,#2854);
#2459=AXIS2_PLACEMENT_3D('',#3608,#2856,#2857);
#2460=AXIS2_PLACEMENT_3D('',#3611,#2860,#2861);
#2461=AXIS2_PLACEMENT_3D('',#3620,#2865,#2866);
#2462=AXIS2_PLACEMENT_3D('',#3624,#2868,#2869);
#2463=AXIS2_PLACEMENT_3D('',#3637,#2876,#2877);
#2464=AXIS2_PLACEMENT_3D('',#3640,#2879,#2880);
#2465=AXIS2_PLACEMENT_3D('',#3641,#2881,#2882);
#2466=AXIS2_PLACEMENT_3D('',#3644,#2885,#2886);
#2467=AXIS2_PLACEMENT_3D('',#3647,#2889,#2890);
#2468=AXIS2_PLACEMENT_3D('',#3648,#2891,#2892);
#2469=AXIS2_PLACEMENT_3D('',#3649,#2893,#2894);
#2470=AXIS2_PLACEMENT_3D('',#3652,#2897,#2898);
#2471=AXIS2_PLACEMENT_3D('',#3658,#2902,#2903);
#2472=AXIS2_PLACEMENT_3D('',#3661,#2905,#2906);
#2473=AXIS2_PLACEMENT_3D('',#3662,#2907,#2908);
#2474=AXIS2_PLACEMENT_3D('',#3666,#2911,#2912);
#2475=AXIS2_PLACEMENT_3D('',#3669,#2914,#2915);
#2476=AXIS2_PLACEMENT_3D('',#3670,#2916,#2917);
#2477=AXIS2_PLACEMENT_3D('',#3674,#2920,#2921);
#2478=AXIS2_PLACEMENT_3D('',#3683,#2926,#2927);
#2479=AXIS2_PLACEMENT_3D('',#3685,#2928,#2929);
#2480=AXIS2_PLACEMENT_3D('',#3687,#2930,#2931);
#2481=AXIS2_PLACEMENT_3D('',#3689,#2933,#2934);
#2482=AXIS2_PLACEMENT_3D('',#3695,#2938,#2939);
#2483=AXIS2_PLACEMENT_3D('',#3697,#2940,#2941);
#2484=AXIS2_PLACEMENT_3D('',#3699,#2942,#2943);
#2485=AXIS2_PLACEMENT_3D('',#3701,#2945,#2946);
#2486=AXIS2_PLACEMENT_3D('',#3707,#2950,#2951);
#2487=AXIS2_PLACEMENT_3D('',#3709,#2952,#2953);
#2488=AXIS2_PLACEMENT_3D('',#3711,#2954,#2955);
#2489=AXIS2_PLACEMENT_3D('',#3713,#2957,#2958);
#2490=AXIS2_PLACEMENT_3D('',#3719,#2962,#2963);
#2491=AXIS2_PLACEMENT_3D('',#3720,#2964,#2965);
#2492=AXIS2_PLACEMENT_3D('',#3721,#2966,#2967);
#2493=AXIS2_PLACEMENT_3D('',#3722,#2968,#2969);
#2494=AXIS2_PLACEMENT_3D('',#3726,#2971,#2972);
#2495=AXIS2_PLACEMENT_3D('',#3729,#2974,#2975);
#2496=AXIS2_PLACEMENT_3D('',#3730,#2976,#2977);
#2497=AXIS2_PLACEMENT_3D('',#3732,#2979,#2980);
#2498=AXIS2_PLACEMENT_3D('',#3734,#2982,#2983);
#2499=AXIS2_PLACEMENT_3D('',#3736,#2985,#2986);
#2500=AXIS2_PLACEMENT_3D('',#3737,#2987,#2988);
#2501=AXIS2_PLACEMENT_3D('',#3739,#2989,#2990);
#2502=AXIS2_PLACEMENT_3D('',#3741,#2992,#2993);
#2503=AXIS2_PLACEMENT_3D('',#3745,#2996,#2997);
#2504=AXIS2_PLACEMENT_3D('',#3746,#2998,#2999);
#2505=AXIS2_PLACEMENT_3D('',#3747,#3000,#3001);
#2506=AXIS2_PLACEMENT_3D('',#3753,#3005,#3006);
#2507=AXIS2_PLACEMENT_3D('',#3755,#3007,#3008);
#2508=AXIS2_PLACEMENT_3D('',#3757,#3010,#3011);
#2509=AXIS2_PLACEMENT_3D('',#3761,#3014,#3015);
#2510=AXIS2_PLACEMENT_3D('',#3763,#3016,#3017);
#2511=AXIS2_PLACEMENT_3D('',#3765,#3019,#3020);
#2512=AXIS2_PLACEMENT_3D('',#3769,#3023,#3024);
#2513=AXIS2_PLACEMENT_3D('',#3772,#3026,#3027);
#2514=AXIS2_PLACEMENT_3D('',#3773,#3028,#3029);
#2515=AXIS2_PLACEMENT_3D('',#3777,#3032,#3033);
#2516=AXIS2_PLACEMENT_3D('',#3778,#3034,#3035);
#2517=AXIS2_PLACEMENT_3D('',#3779,#3036,#3037);
#2518=AXIS2_PLACEMENT_3D('',#3781,#3038,#3039);
#2519=AXIS2_PLACEMENT_3D('',#3784,#3041,#3042);
#2520=AXIS2_PLACEMENT_3D('',#3785,#3043,#3044);
#2521=AXIS2_PLACEMENT_3D('',#3787,#3045,#3046);
#2522=AXIS2_PLACEMENT_3D('',#3790,#3048,#3049);
#2523=AXIS2_PLACEMENT_3D('',#3791,#3050,#3051);
#2524=AXIS2_PLACEMENT_3D('',#3793,#3052,#3053);
#2525=AXIS2_PLACEMENT_3D('',#3796,#3055,#3056);
#2526=AXIS2_PLACEMENT_3D('',#3797,#3057,#3058);
#2527=AXIS2_PLACEMENT_3D('',#3799,#3059,#3060);
#2528=AXIS2_PLACEMENT_3D('',#3802,#3062,#3063);
#2529=AXIS2_PLACEMENT_3D('',#3803,#3064,#3065);
#2530=AXIS2_PLACEMENT_3D('',#3804,#3066,#3067);
#2531=AXIS2_PLACEMENT_3D('',#3806,#3068,#3069);
#2532=AXIS2_PLACEMENT_3D('',#3809,#3071,#3072);
#2533=AXIS2_PLACEMENT_3D('',#3810,#3073,#3074);
#2534=AXIS2_PLACEMENT_3D('',#3811,#3075,#3076);
#2535=AXIS2_PLACEMENT_3D('',#3813,#3077,#3078);
#2536=AXIS2_PLACEMENT_3D('',#3816,#3080,#3081);
#2537=AXIS2_PLACEMENT_3D('',#3817,#3082,#3083);
#2538=AXIS2_PLACEMENT_3D('',#3818,#3084,#3085);
#2539=AXIS2_PLACEMENT_3D('',#3820,#3086,#3087);
#2540=AXIS2_PLACEMENT_3D('',#3823,#3089,#3090);
#2541=AXIS2_PLACEMENT_3D('',#3824,#3091,#3092);
#2542=AXIS2_PLACEMENT_3D('',#3825,#3093,#3094);
#2543=AXIS2_PLACEMENT_3D('',#3827,#3095,#3096);
#2544=AXIS2_PLACEMENT_3D('',#3830,#3098,#3099);
#2545=AXIS2_PLACEMENT_3D('',#3831,#3100,#3101);
#2546=AXIS2_PLACEMENT_3D('',#3832,#3102,#3103);
#2547=AXIS2_PLACEMENT_3D('',#3834,#3104,#3105);
#2548=AXIS2_PLACEMENT_3D('',#3837,#3107,#3108);
#2549=AXIS2_PLACEMENT_3D('',#3838,#3109,#3110);
#2550=AXIS2_PLACEMENT_3D('',#3839,#3111,#3112);
#2551=AXIS2_PLACEMENT_3D('',#3841,#3113,#3114);
#2552=AXIS2_PLACEMENT_3D('',#3844,#3116,#3117);
#2553=AXIS2_PLACEMENT_3D('',#3845,#3118,#3119);
#2554=AXIS2_PLACEMENT_3D('',#3846,#3120,#3121);
#2555=AXIS2_PLACEMENT_3D('',#3848,#3122,#3123);
#2556=AXIS2_PLACEMENT_3D('',#3851,#3125,#3126);
#2557=AXIS2_PLACEMENT_3D('',#3852,#3127,#3128);
#2558=AXIS2_PLACEMENT_3D('',#3853,#3129,#3130);
#2559=AXIS2_PLACEMENT_3D('',#3855,#3132,#3133);
#2560=AXIS2_PLACEMENT_3D('',#3856,#3134,#3135);
#2561=AXIS2_PLACEMENT_3D('',#3858,#3137,#3138);
#2562=AXIS2_PLACEMENT_3D('',#3860,#3140,#3141);
#2563=AXIS2_PLACEMENT_3D('',#3862,#3143,#3144);
#2564=AXIS2_PLACEMENT_3D('',#3863,#3145,#3146);
#2565=AXIS2_PLACEMENT_3D('',#3868,#3148,#3149);
#2566=AXIS2_PLACEMENT_3D('',#3871,#3151,#3152);
#2567=AXIS2_PLACEMENT_3D('',#3872,#3153,#3154);
#2568=AXIS2_PLACEMENT_3D('',#3875,#3156,#3157);
#2569=AXIS2_PLACEMENT_3D('',#3879,#3159,#3160);
#2570=AXIS2_PLACEMENT_3D('',#3883,#3162,#3163);
#2571=AXIS2_PLACEMENT_3D('',#3887,#3165,#3166);
#2572=AXIS2_PLACEMENT_3D('',#3891,#3168,#3169);
#2573=AXIS2_PLACEMENT_3D('',#3895,#3171,#3172);
#2574=AXIS2_PLACEMENT_3D('',#3899,#3175,#3176);
#2575=AXIS2_PLACEMENT_3D('',#3901,#3177,#3178);
#2576=AXIS2_PLACEMENT_3D('',#3903,#3179,#3180);
#2577=AXIS2_PLACEMENT_3D('',#3905,#3181,#3182);
#2578=AXIS2_PLACEMENT_3D('',#3907,#3183,#3184);
#2579=AXIS2_PLACEMENT_3D('',#3908,#3185,#3186);
#2580=AXIS2_PLACEMENT_3D('',#3912,#3189,#3190);
#2581=AXIS2_PLACEMENT_3D('',#3916,#3192,#3193);
#2582=AXIS2_PLACEMENT_3D('',#3918,#3195,#3196);
#2583=AXIS2_PLACEMENT_3D('',#3922,#3199,#3200);
#2584=AXIS2_PLACEMENT_3D('',#3926,#3203,#3204);
#2585=AXIS2_PLACEMENT_3D('',#3929,#3206,#3207);
#2586=AXIS2_PLACEMENT_3D('',#3930,#3208,#3209);
#2587=AXIS2_PLACEMENT_3D('',#3934,#3212,#3213);
#2588=AXIS2_PLACEMENT_3D('',#3937,#3214,#3215);
#2589=AXIS2_PLACEMENT_3D('',#3941,#3217,#3218);
#2590=AXIS2_PLACEMENT_3D('',#3945,#3220,#3221);
#2591=AXIS2_PLACEMENT_3D('',#3949,#3223,#3224);
#2592=AXIS2_PLACEMENT_3D('',#3954,#3227,#3228);
#2593=AXIS2_PLACEMENT_3D('',#3958,#3230,#3231);
#2594=AXIS2_PLACEMENT_3D('',#3961,#3233,#3234);
#2595=AXIS2_PLACEMENT_3D('',#3962,#3235,#3236);
#2596=AXIS2_PLACEMENT_3D('',#3963,#3237,#3238);
#2597=AXIS2_PLACEMENT_3D('',#3964,#3239,#3240);
#2598=AXIS2_PLACEMENT_3D('',#3967,#3243,#3244);
#2599=AXIS2_PLACEMENT_3D('',#3969,#3246,#3247);
#2600=AXIS2_PLACEMENT_3D('',#3970,#3248,#3249);
#2601=AXIS2_PLACEMENT_3D('',#3972,#3250,#3251);
#2602=AXIS2_PLACEMENT_3D('',#3974,#3253,#3254);
#2603=AXIS2_PLACEMENT_3D('',#3975,#3255,#3256);
#2604=AXIS2_PLACEMENT_3D('',#3977,#3257,#3258);
#2605=AXIS2_PLACEMENT_3D('',#3979,#3260,#3261);
#2606=AXIS2_PLACEMENT_3D('',#3980,#3262,#3263);
#2607=AXIS2_PLACEMENT_3D('',#3982,#3264,#3265);
#2608=AXIS2_PLACEMENT_3D('',#3984,#3267,#3268);
#2609=AXIS2_PLACEMENT_3D('',#3985,#3269,#3270);
#2610=AXIS2_PLACEMENT_3D('',#3987,#3271,#3272);
#2611=AXIS2_PLACEMENT_3D('',#3989,#3274,#3275);
#2612=AXIS2_PLACEMENT_3D('',#3990,#3276,#3277);
#2613=AXIS2_PLACEMENT_3D('',#3992,#3279,#3280);
#2614=AXIS2_PLACEMENT_3D('',#3994,#3282,#3283);
#2615=AXIS2_PLACEMENT_3D('',#3995,#3284,#3285);
#2616=AXIS2_PLACEMENT_3D('',#3996,#3286,#3287);
#2617=AXIS2_PLACEMENT_3D('',#3997,#3288,#3289);
#2618=AXIS2_PLACEMENT_3D('',#3998,#3290,#3291);
#2619=AXIS2_PLACEMENT_3D('',#4004,#3295,#3296);
#2620=AXIS2_PLACEMENT_3D('',#4006,#3297,#3298);
#2621=AXIS2_PLACEMENT_3D('',#4008,#3300,#3301);
#2622=AXIS2_PLACEMENT_3D('',#4012,#3304,#3305);
#2623=AXIS2_PLACEMENT_3D('',#4014,#3306,#3307);
#2624=AXIS2_PLACEMENT_3D('',#4016,#3309,#3310);
#2625=AXIS2_PLACEMENT_3D('',#4020,#3313,#3314);
#2626=AXIS2_PLACEMENT_3D('',#4022,#3315,#3316);
#2627=AXIS2_PLACEMENT_3D('',#4024,#3318,#3319);
#2628=AXIS2_PLACEMENT_3D('',#4028,#3322,#3323);
#2629=AXIS2_PLACEMENT_3D('',#4029,#3324,#3325);
#2630=AXIS2_PLACEMENT_3D('',#4030,#3326,#3327);
#2631=DIRECTION('axis',(0.,0.,1.));
#2632=DIRECTION('refdir',(1.,0.,0.));
#2633=DIRECTION('center_axis',(-1.,0.,0.));
#2634=DIRECTION('ref_axis',(0.,-1.,0.));
#2635=DIRECTION('',(0.,1.,0.));
#2636=DIRECTION('',(0.,0.,1.));
#2637=DIRECTION('',(0.,1.,0.));
#2638=DIRECTION('',(0.,0.,1.));
#2639=DIRECTION('',(0.,-1.,0.));
#2640=DIRECTION('',(0.,0.,1.));
#2641=DIRECTION('center_axis',(0.,1.,0.));
#2642=DIRECTION('ref_axis',(-1.,0.,0.));
#2643=DIRECTION('',(1.,0.,0.));
#2644=DIRECTION('',(-1.,0.,0.));
#2645=DIRECTION('',(0.,0.,1.));
#2646=DIRECTION('center_axis',(1.,0.,0.));
#2647=DIRECTION('ref_axis',(0.,1.,0.));
#2648=DIRECTION('',(0.,-1.,0.));
#2649=DIRECTION('',(0.,1.,0.));
#2650=DIRECTION('',(0.,0.,1.));
#2651=DIRECTION('',(0.,-1.,0.));
#2652=DIRECTION('',(0.,0.,-1.));
#2653=DIRECTION('center_axis',(0.,-1.,0.));
#2654=DIRECTION('ref_axis',(1.,0.,0.));
#2655=DIRECTION('',(-1.,0.,0.));
#2656=DIRECTION('',(1.,0.,0.));
#2657=DIRECTION('center_axis',(0.,0.,1.));
#2658=DIRECTION('ref_axis',(1.,0.,0.));
#2659=DIRECTION('center_axis',(0.,0.,1.));
#2660=DIRECTION('ref_axis',(1.,0.,0.));
#2661=DIRECTION('',(-1.,0.,0.));
#2662=DIRECTION('',(0.,1.,0.));
#2663=DIRECTION('',(-1.,0.,0.));
#2664=DIRECTION('',(0.,-1.,0.));
#2665=DIRECTION('',(-1.,0.,0.));
#2666=DIRECTION('',(0.,1.,0.));
#2667=DIRECTION('',(1.,0.,0.));
#2668=DIRECTION('',(0.,-1.,0.));
#2669=DIRECTION('',(-1.,0.,0.));
#2670=DIRECTION('center_axis',(0.,1.,0.));
#2671=DIRECTION('ref_axis',(-1.,0.,0.));
#2672=DIRECTION('',(-1.,0.,0.));
#2673=DIRECTION('',(0.,0.,1.));
#2674=DIRECTION('',(1.,0.,0.));
#2675=DIRECTION('',(0.,0.,1.));
#2676=DIRECTION('',(-1.,0.,0.));
#2677=DIRECTION('',(0.,0.,1.));
#2678=DIRECTION('',(0.,0.,1.));
#2679=DIRECTION('',(1.,0.,0.));
#2680=DIRECTION('',(0.,0.,1.));
#2681=DIRECTION('center_axis',(0.,1.,0.));
#2682=DIRECTION('ref_axis',(-1.,0.,0.));
#2683=DIRECTION('',(1.,0.,0.));
#2684=DIRECTION('center_axis',(0.,1.,0.));
#2685=DIRECTION('ref_axis',(0.,0.,1.));
#2686=DIRECTION('',(0.,0.,-1.));
#2687=DIRECTION('',(1.,0.,0.));
#2688=DIRECTION('',(0.,0.,1.));
#2689=DIRECTION('center_axis',(0.,1.,0.));
#2690=DIRECTION('ref_axis',(-1.,0.,0.));
#2691=DIRECTION('',(1.,0.,0.));
#2692=DIRECTION('center_axis',(0.,1.,0.));
#2693=DIRECTION('ref_axis',(0.,0.,1.));
#2694=DIRECTION('',(0.,0.,-1.));
#2695=DIRECTION('',(1.,0.,0.));
#2696=DIRECTION('',(0.,0.,-1.));
#2697=DIRECTION('',(0.,0.,-1.));
#2698=DIRECTION('center_axis',(0.,1.,0.));
#2699=DIRECTION('ref_axis',(1.,0.,0.));
#2700=DIRECTION('',(-1.,0.,0.));
#2701=DIRECTION('center_axis',(0.,1.,0.));
#2702=DIRECTION('ref_axis',(0.,0.,-1.));
#2703=DIRECTION('',(0.,0.,1.));
#2704=DIRECTION('center_axis',(0.,1.,0.));
#2705=DIRECTION('ref_axis',(-1.,0.,0.));
#2706=DIRECTION('',(1.,0.,0.));
#2707=DIRECTION('center_axis',(0.,1.,0.));
#2708=DIRECTION('ref_axis',(0.,0.,1.));
#2709=DIRECTION('center_axis',(-1.,0.,0.));
#2710=DIRECTION('ref_axis',(0.,-1.,0.));
#2711=DIRECTION('',(0.,1.,0.));
#2712=DIRECTION('',(0.,0.,1.));
#2713=DIRECTION('',(0.,-1.,0.));
#2714=DIRECTION('',(0.,0.,1.));
#2715=DIRECTION('center_axis',(0.,1.,0.));
#2716=DIRECTION('ref_axis',(-1.,0.,0.));
#2717=DIRECTION('',(-1.,0.,0.));
#2718=DIRECTION('',(0.,0.,1.));
#2719=DIRECTION('center_axis',(1.,0.,0.));
#2720=DIRECTION('ref_axis',(0.,1.,0.));
#2721=DIRECTION('',(0.,1.,0.));
#2722=DIRECTION('',(0.,0.,1.));
#2723=DIRECTION('',(0.,-1.,0.));
#2724=DIRECTION('',(0.,0.,-1.));
#2725=DIRECTION('center_axis',(0.,-1.,0.));
#2726=DIRECTION('ref_axis',(1.,0.,0.));
#2727=DIRECTION('',(-1.,0.,0.));
#2728=DIRECTION('',(1.,0.,0.));
#2729=DIRECTION('center_axis',(0.,0.,1.));
#2730=DIRECTION('ref_axis',(1.,0.,0.));
#2731=DIRECTION('center_axis',(0.,0.,1.));
#2732=DIRECTION('ref_axis',(1.,0.,0.));
#2733=DIRECTION('',(1.,0.,0.));
#2734=DIRECTION('center_axis',(0.,0.,1.));
#2735=DIRECTION('ref_axis',(1.,0.,0.));
#2736=DIRECTION('center_axis',(0.,0.,1.));
#2737=DIRECTION('ref_axis',(1.,0.,0.));
#2738=DIRECTION('center_axis',(0.,0.,-1.));
#2739=DIRECTION('ref_axis',(1.,0.,0.));
#2740=DIRECTION('',(0.,0.,1.));
#2741=DIRECTION('center_axis',(0.,0.,1.));
#2742=DIRECTION('ref_axis',(1.,0.,0.));
#2743=DIRECTION('',(0.,0.,-1.));
#2744=DIRECTION('center_axis',(0.,0.,1.));
#2745=DIRECTION('ref_axis',(1.,0.,0.));
#2746=DIRECTION('',(0.,0.,1.));
#2747=DIRECTION('center_axis',(0.,0.,1.));
#2748=DIRECTION('ref_axis',(1.,0.,0.));
#2749=DIRECTION('',(0.,0.,-1.));
#2750=DIRECTION('center_axis',(0.,0.,1.));
#2751=DIRECTION('ref_axis',(1.,0.,0.));
#2752=DIRECTION('',(1.,0.,0.));
#2753=DIRECTION('center_axis',(0.,0.,1.));
#2754=DIRECTION('ref_axis',(1.,0.,0.));
#2755=DIRECTION('center_axis',(0.,0.,1.));
#2756=DIRECTION('ref_axis',(1.,0.,0.));
#2757=DIRECTION('center_axis',(0.,0.,-1.));
#2758=DIRECTION('ref_axis',(1.,0.,0.));
#2759=DIRECTION('',(0.,0.,1.));
#2760=DIRECTION('center_axis',(0.,0.,1.));
#2761=DIRECTION('ref_axis',(1.,0.,0.));
#2762=DIRECTION('',(0.,0.,-1.));
#2763=DIRECTION('center_axis',(0.,0.,1.));
#2764=DIRECTION('ref_axis',(1.,0.,0.));
#2765=DIRECTION('',(0.,0.,1.));
#2766=DIRECTION('center_axis',(0.,0.,1.));
#2767=DIRECTION('ref_axis',(1.,0.,0.));
#2768=DIRECTION('',(0.,0.,-1.));
#2769=DIRECTION('center_axis',(0.,1.,0.));
#2770=DIRECTION('ref_axis',(0.,0.,-1.));
#2771=DIRECTION('center_axis',(0.,1.,0.));
#2772=DIRECTION('ref_axis',(0.,0.,-1.));
#2773=DIRECTION('',(0.,1.,0.));
#2774=DIRECTION('center_axis',(0.,1.,0.));
#2775=DIRECTION('ref_axis',(0.,0.,-1.));
#2776=DIRECTION('',(0.,1.,0.));
#2777=DIRECTION('',(0.,1.,0.));
#2778=DIRECTION('center_axis',(0.,1.,0.));
#2779=DIRECTION('ref_axis',(1.,0.,0.));
#2780=DIRECTION('',(1.,0.,0.));
#2781=DIRECTION('',(0.,0.,1.));
#2782=DIRECTION('center_axis',(0.,1.,0.));
#2783=DIRECTION('ref_axis',(-1.,0.,0.));
#2784=DIRECTION('',(1.,0.,0.));
#2785=DIRECTION('center_axis',(0.,1.,0.));
#2786=DIRECTION('ref_axis',(0.,0.,1.));
#2787=DIRECTION('',(0.,0.,-1.));
#2788=DIRECTION('',(1.,0.,0.));
#2789=DIRECTION('',(1.,0.,0.));
#2790=DIRECTION('',(0.,0.,1.));
#2791=DIRECTION('center_axis',(0.,1.,0.));
#2792=DIRECTION('ref_axis',(0.,0.,1.));
#2793=DIRECTION('',(-1.,0.,0.));
#2794=DIRECTION('center_axis',(0.,1.,0.));
#2795=DIRECTION('ref_axis',(-1.,0.,0.));
#2796=DIRECTION('',(0.,0.,-1.));
#2797=DIRECTION('',(1.,0.,0.));
#2798=DIRECTION('center_axis',(0.,1.,0.));
#2799=DIRECTION('ref_axis',(1.,0.,0.));
#2800=DIRECTION('',(-1.,0.,0.));
#2801=DIRECTION('center_axis',(0.,1.,0.));
#2802=DIRECTION('ref_axis',(1.,0.,0.));
#2803=DIRECTION('center_axis',(0.,1.,0.));
#2804=DIRECTION('ref_axis',(1.,0.,0.));
#2805=DIRECTION('',(-1.,0.,0.));
#2806=DIRECTION('center_axis',(0.,0.,1.));
#2807=DIRECTION('ref_axis',(1.,0.,0.));
#2808=DIRECTION('',(0.,-1.,0.));
#2809=DIRECTION('',(-1.,0.,0.));
#2810=DIRECTION('',(0.,1.,0.));
#2811=DIRECTION('center_axis',(0.,1.,0.));
#2812=DIRECTION('ref_axis',(-1.,0.,0.));
#2813=DIRECTION('',(0.,0.,-1.));
#2814=DIRECTION('',(-1.,0.,0.));
#2815=DIRECTION('',(0.,0.,1.));
#2816=DIRECTION('',(-1.,0.,0.));
#2817=DIRECTION('center_axis',(0.,1.,0.));
#2818=DIRECTION('ref_axis',(1.,0.,0.));
#2819=DIRECTION('',(0.,0.,-1.));
#2820=DIRECTION('',(0.,0.,1.));
#2821=DIRECTION('center_axis',(0.,-1.,0.));
#2822=DIRECTION('ref_axis',(1.,0.,0.));
#2823=DIRECTION('',(1.,0.,0.));
#2824=DIRECTION('center_axis',(0.,-1.,0.));
#2825=DIRECTION('ref_axis',(0.,0.,-1.));
#2826=DIRECTION('center_axis',(0.,0.,1.));
#2827=DIRECTION('ref_axis',(1.,0.,0.));
#2828=DIRECTION('',(0.,-1.,0.));
#2829=DIRECTION('',(0.,1.,0.));
#2830=DIRECTION('center_axis',(0.,0.,1.));
#2831=DIRECTION('ref_axis',(1.,0.,0.));
#2832=DIRECTION('',(-1.,0.,0.));
#2833=DIRECTION('',(0.,-1.,0.));
#2834=DIRECTION('center_axis',(0.,1.,0.));
#2835=DIRECTION('ref_axis',(0.,0.,-1.));
#2836=DIRECTION('',(0.,1.,0.));
#2837=DIRECTION('center_axis',(0.,1.,0.));
#2838=DIRECTION('ref_axis',(0.,0.,-1.));
#2839=DIRECTION('',(0.,1.,0.));
#2840=DIRECTION('center_axis',(0.,0.,-1.));
#2841=DIRECTION('ref_axis',(-1.,0.,0.));
#2842=DIRECTION('',(0.,1.,0.));
#2843=DIRECTION('',(-1.,0.,0.));
#2844=DIRECTION('center_axis',(0.,1.,0.));
#2845=DIRECTION('ref_axis',(1.,0.,0.));
#2846=DIRECTION('',(0.,1.,0.));
#2847=DIRECTION('center_axis',(0.,1.,0.));
#2848=DIRECTION('ref_axis',(1.,0.,0.));
#2849=DIRECTION('center_axis',(1.,0.,0.));
#2850=DIRECTION('ref_axis',(0.,0.,-1.));
#2851=DIRECTION('',(0.,1.,0.));
#2852=DIRECTION('',(0.,0.,-1.));
#2853=DIRECTION('center_axis',(0.,1.,0.));
#2854=DIRECTION('ref_axis',(1.,0.,0.));
#2855=DIRECTION('',(1.,0.,0.));
#2856=DIRECTION('center_axis',(1.,0.,0.));
#2857=DIRECTION('ref_axis',(0.,0.,-1.));
#2858=DIRECTION('',(0.,1.,0.));
#2859=DIRECTION('',(0.,1.,0.));
#2860=DIRECTION('center_axis',(0.,1.,0.));
#2861=DIRECTION('ref_axis',(-1.,0.,0.));
#2862=DIRECTION('',(0.,0.,-1.));
#2863=DIRECTION('',(-1.,0.,0.));
#2864=DIRECTION('',(0.,0.,1.));
#2865=DIRECTION('center_axis',(0.,-1.,0.));
#2866=DIRECTION('ref_axis',(1.,0.,0.));
#2867=DIRECTION('',(1.,0.,0.));
#2868=DIRECTION('center_axis',(0.,-1.,0.));
#2869=DIRECTION('ref_axis',(0.,0.,-1.));
#2870=DIRECTION('',(0.,0.,-1.));
#2871=DIRECTION('',(-1.,0.,0.));
#2872=DIRECTION('',(0.,0.,1.));
#2873=DIRECTION('',(0.,0.,1.));
#2874=DIRECTION('',(-1.,0.,0.));
#2875=DIRECTION('',(0.,0.,1.));
#2876=DIRECTION('center_axis',(0.,-1.,0.));
#2877=DIRECTION('ref_axis',(1.,0.,0.));
#2878=DIRECTION('',(1.,0.,0.));
#2879=DIRECTION('center_axis',(0.,-1.,0.));
#2880=DIRECTION('ref_axis',(0.,0.,-1.));
#2881=DIRECTION('center_axis',(0.,0.,1.));
#2882=DIRECTION('ref_axis',(1.,0.,0.));
#2883=DIRECTION('',(0.,-1.,0.));
#2884=DIRECTION('',(0.,1.,0.));
#2885=DIRECTION('center_axis',(0.,0.,1.));
#2886=DIRECTION('ref_axis',(1.,0.,0.));
#2887=DIRECTION('',(0.,1.,0.));
#2888=DIRECTION('',(0.,-1.,0.));
#2889=DIRECTION('center_axis',(1.,0.,0.));
#2890=DIRECTION('ref_axis',(0.,1.,0.));
#2891=DIRECTION('center_axis',(-1.,0.,0.));
#2892=DIRECTION('ref_axis',(0.,-1.,0.));
#2893=DIRECTION('center_axis',(0.,0.,1.));
#2894=DIRECTION('ref_axis',(1.,0.,0.));
#2895=DIRECTION('',(0.,1.,0.));
#2896=DIRECTION('',(0.,-1.,0.));
#2897=DIRECTION('center_axis',(-1.,0.,0.));
#2898=DIRECTION('ref_axis',(0.,0.,1.));
#2899=DIRECTION('',(0.,1.,0.));
#2900=DIRECTION('',(0.,0.,-1.));
#2901=DIRECTION('',(0.,1.,0.));
#2902=DIRECTION('center_axis',(0.,1.,0.));
#2903=DIRECTION('ref_axis',(0.,0.,-1.));
#2904=DIRECTION('',(0.,1.,0.));
#2905=DIRECTION('center_axis',(0.,-1.,0.));
#2906=DIRECTION('ref_axis',(0.,0.,-1.));
#2907=DIRECTION('center_axis',(0.,0.,-1.));
#2908=DIRECTION('ref_axis',(-1.,0.,0.));
#2909=DIRECTION('',(0.,1.,0.));
#2910=DIRECTION('',(1.,0.,0.));
#2911=DIRECTION('center_axis',(0.,1.,0.));
#2912=DIRECTION('ref_axis',(1.,0.,0.));
#2913=DIRECTION('',(0.,1.,0.));
#2914=DIRECTION('center_axis',(0.,-1.,0.));
#2915=DIRECTION('ref_axis',(1.,0.,0.));
#2916=DIRECTION('center_axis',(1.,0.,0.));
#2917=DIRECTION('ref_axis',(0.,0.,-1.));
#2918=DIRECTION('',(0.,1.,0.));
#2919=DIRECTION('',(0.,0.,1.));
#2920=DIRECTION('center_axis',(-1.,0.,0.));
#2921=DIRECTION('ref_axis',(0.,0.,1.));
#2922=DIRECTION('',(0.,0.,-1.));
#2923=DIRECTION('',(0.,1.,0.));
#2924=DIRECTION('',(0.,0.,-1.));
#2925=DIRECTION('',(0.,1.,0.));
#2926=DIRECTION('center_axis',(0.,1.,0.));
#2927=DIRECTION('ref_axis',(0.,0.,-1.));
#2928=DIRECTION('center_axis',(0.,-1.,0.));
#2929=DIRECTION('ref_axis',(0.,0.,-1.));
#2930=DIRECTION('center_axis',(0.,1.,0.));
#2931=DIRECTION('ref_axis',(0.,0.,-1.));
#2932=DIRECTION('',(0.,1.,0.));
#2933=DIRECTION('center_axis',(0.,0.,-1.));
#2934=DIRECTION('ref_axis',(-1.,0.,0.));
#2935=DIRECTION('',(1.,0.,0.));
#2936=DIRECTION('',(1.,0.,0.));
#2937=DIRECTION('',(0.,1.,0.));
#2938=DIRECTION('center_axis',(0.,1.,0.));
#2939=DIRECTION('ref_axis',(1.,0.,0.));
#2940=DIRECTION('center_axis',(0.,-1.,0.));
#2941=DIRECTION('ref_axis',(1.,0.,0.));
#2942=DIRECTION('center_axis',(0.,1.,0.));
#2943=DIRECTION('ref_axis',(1.,0.,0.));
#2944=DIRECTION('',(0.,1.,0.));
#2945=DIRECTION('center_axis',(1.,0.,0.));
#2946=DIRECTION('ref_axis',(0.,0.,-1.));
#2947=DIRECTION('',(0.,0.,1.));
#2948=DIRECTION('',(0.,0.,1.));
#2949=DIRECTION('',(0.,1.,0.));
#2950=DIRECTION('center_axis',(0.,1.,0.));
#2951=DIRECTION('ref_axis',(0.,0.,1.));
#2952=DIRECTION('center_axis',(0.,-1.,0.));
#2953=DIRECTION('ref_axis',(0.,0.,1.));
#2954=DIRECTION('center_axis',(0.,1.,0.));
#2955=DIRECTION('ref_axis',(0.,0.,1.));
#2956=DIRECTION('',(0.,1.,0.));
#2957=DIRECTION('center_axis',(0.,0.,1.));
#2958=DIRECTION('ref_axis',(1.,0.,0.));
#2959=DIRECTION('',(-1.,0.,0.));
#2960=DIRECTION('',(-1.,0.,0.));
#2961=DIRECTION('',(0.,1.,0.));
#2962=DIRECTION('center_axis',(0.,1.,0.));
#2963=DIRECTION('ref_axis',(-1.,0.,0.));
#2964=DIRECTION('center_axis',(0.,-1.,0.));
#2965=DIRECTION('ref_axis',(-1.,0.,0.));
#2966=DIRECTION('center_axis',(0.,1.,0.));
#2967=DIRECTION('ref_axis',(-1.,0.,0.));
#2968=DIRECTION('center_axis',(0.,1.,0.));
#2969=DIRECTION('ref_axis',(1.,0.,0.));
#2970=DIRECTION('',(0.,0.,1.));
#2971=DIRECTION('center_axis',(0.,1.,0.));
#2972=DIRECTION('ref_axis',(0.,0.,1.));
#2973=DIRECTION('',(1.,0.,0.));
#2974=DIRECTION('center_axis',(0.,1.,0.));
#2975=DIRECTION('ref_axis',(-1.,0.,0.));
#2976=DIRECTION('center_axis',(-1.,0.,0.));
#2977=DIRECTION('ref_axis',(0.,0.,1.));
#2978=DIRECTION('',(0.,1.,0.));
#2979=DIRECTION('center_axis',(0.,1.,0.));
#2980=DIRECTION('ref_axis',(-1.,0.,0.));
#2981=DIRECTION('',(0.,1.,0.));
#2982=DIRECTION('center_axis',(0.,0.,1.));
#2983=DIRECTION('ref_axis',(1.,0.,0.));
#2984=DIRECTION('',(0.,1.,0.));
#2985=DIRECTION('center_axis',(0.,1.,0.));
#2986=DIRECTION('ref_axis',(0.,0.,1.));
#2987=DIRECTION('center_axis',(0.,1.,0.));
#2988=DIRECTION('ref_axis',(-1.,0.,0.));
#2989=DIRECTION('center_axis',(0.,-1.,0.));
#2990=DIRECTION('ref_axis',(-1.,0.,0.));
#2991=DIRECTION('',(0.,1.,0.));
#2992=DIRECTION('center_axis',(0.,0.,1.));
#2993=DIRECTION('ref_axis',(1.,0.,0.));
#2994=DIRECTION('',(-1.,0.,0.));
#2995=DIRECTION('',(0.,1.,0.));
#2996=DIRECTION('center_axis',(0.,1.,0.));
#2997=DIRECTION('ref_axis',(0.,0.,1.));
#2998=DIRECTION('center_axis',(0.,-1.,0.));
#2999=DIRECTION('ref_axis',(0.,0.,1.));
#3000=DIRECTION('center_axis',(-1.,0.,0.));
#3001=DIRECTION('ref_axis',(0.,0.,1.));
#3002=DIRECTION('',(0.,1.,0.));
#3003=DIRECTION('',(0.,0.,-1.));
#3004=DIRECTION('',(0.,1.,0.));
#3005=DIRECTION('center_axis',(0.,1.,0.));
#3006=DIRECTION('ref_axis',(-1.,0.,0.));
#3007=DIRECTION('center_axis',(0.,-1.,0.));
#3008=DIRECTION('ref_axis',(-1.,0.,0.));
#3009=DIRECTION('',(0.,1.,0.));
#3010=DIRECTION('center_axis',(0.,0.,1.));
#3011=DIRECTION('ref_axis',(1.,0.,0.));
#3012=DIRECTION('',(-1.,0.,0.));
#3013=DIRECTION('',(0.,1.,0.));
#3014=DIRECTION('center_axis',(0.,1.,0.));
#3015=DIRECTION('ref_axis',(0.,0.,1.));
#3016=DIRECTION('center_axis',(0.,-1.,0.));
#3017=DIRECTION('ref_axis',(0.,0.,1.));
#3018=DIRECTION('',(0.,1.,0.));
#3019=DIRECTION('center_axis',(1.,0.,0.));
#3020=DIRECTION('ref_axis',(0.,0.,-1.));
#3021=DIRECTION('',(0.,0.,1.));
#3022=DIRECTION('',(0.,1.,0.));
#3023=DIRECTION('center_axis',(0.,1.,0.));
#3024=DIRECTION('ref_axis',(0.,0.,-1.));
#3025=DIRECTION('',(0.,1.,0.));
#3026=DIRECTION('center_axis',(0.,-1.,0.));
#3027=DIRECTION('ref_axis',(0.,0.,-1.));
#3028=DIRECTION('center_axis',(0.,0.,-1.));
#3029=DIRECTION('ref_axis',(-1.,0.,0.));
#3030=DIRECTION('',(0.,1.,0.));
#3031=DIRECTION('',(1.,0.,0.));
#3032=DIRECTION('center_axis',(0.,1.,0.));
#3033=DIRECTION('ref_axis',(1.,0.,0.));
#3034=DIRECTION('center_axis',(0.,-1.,0.));
#3035=DIRECTION('ref_axis',(1.,0.,0.));
#3036=DIRECTION('center_axis',(0.,1.,0.));
#3037=DIRECTION('ref_axis',(1.,0.,0.));
#3038=DIRECTION('center_axis',(0.,1.,0.));
#3039=DIRECTION('ref_axis',(1.,0.,0.));
#3040=DIRECTION('',(0.,1.,0.));
#3041=DIRECTION('center_axis',(0.,-1.,0.));
#3042=DIRECTION('ref_axis',(1.,0.,0.));
#3043=DIRECTION('center_axis',(0.,1.,0.));
#3044=DIRECTION('ref_axis',(1.,0.,0.));
#3045=DIRECTION('center_axis',(0.,1.,0.));
#3046=DIRECTION('ref_axis',(1.,0.,0.));
#3047=DIRECTION('',(0.,1.,0.));
#3048=DIRECTION('center_axis',(0.,-1.,0.));
#3049=DIRECTION('ref_axis',(1.,0.,0.));
#3050=DIRECTION('center_axis',(0.,1.,0.));
#3051=DIRECTION('ref_axis',(1.,0.,0.));
#3052=DIRECTION('center_axis',(0.,1.,0.));
#3053=DIRECTION('ref_axis',(1.,0.,0.));
#3054=DIRECTION('',(0.,1.,0.));
#3055=DIRECTION('center_axis',(0.,-1.,0.));
#3056=DIRECTION('ref_axis',(1.,0.,0.));
#3057=DIRECTION('center_axis',(0.,0.,1.));
#3058=DIRECTION('ref_axis',(1.,0.,0.));
#3059=DIRECTION('center_axis',(0.,0.,1.));
#3060=DIRECTION('ref_axis',(1.,0.,0.));
#3061=DIRECTION('',(0.,0.,1.));
#3062=DIRECTION('center_axis',(0.,0.,-1.));
#3063=DIRECTION('ref_axis',(1.,0.,0.));
#3064=DIRECTION('center_axis',(0.,0.,1.));
#3065=DIRECTION('ref_axis',(1.,0.,0.));
#3066=DIRECTION('center_axis',(0.,0.,1.));
#3067=DIRECTION('ref_axis',(1.,0.,0.));
#3068=DIRECTION('center_axis',(0.,0.,1.));
#3069=DIRECTION('ref_axis',(1.,0.,0.));
#3070=DIRECTION('',(0.,0.,1.));
#3071=DIRECTION('center_axis',(0.,0.,-1.));
#3072=DIRECTION('ref_axis',(1.,0.,0.));
#3073=DIRECTION('center_axis',(0.,0.,1.));
#3074=DIRECTION('ref_axis',(1.,0.,0.));
#3075=DIRECTION('center_axis',(0.,0.,1.));
#3076=DIRECTION('ref_axis',(1.,0.,0.));
#3077=DIRECTION('center_axis',(0.,0.,1.));
#3078=DIRECTION('ref_axis',(1.,0.,0.));
#3079=DIRECTION('',(0.,0.,1.));
#3080=DIRECTION('center_axis',(0.,0.,-1.));
#3081=DIRECTION('ref_axis',(1.,0.,0.));
#3082=DIRECTION('center_axis',(0.,0.,1.));
#3083=DIRECTION('ref_axis',(1.,0.,0.));
#3084=DIRECTION('center_axis',(0.,0.,1.));
#3085=DIRECTION('ref_axis',(1.,0.,0.));
#3086=DIRECTION('center_axis',(0.,0.,1.));
#3087=DIRECTION('ref_axis',(1.,0.,0.));
#3088=DIRECTION('',(0.,0.,1.));
#3089=DIRECTION('center_axis',(0.,0.,-1.));
#3090=DIRECTION('ref_axis',(1.,0.,0.));
#3091=DIRECTION('center_axis',(0.,0.,1.));
#3092=DIRECTION('ref_axis',(1.,0.,0.));
#3093=DIRECTION('center_axis',(0.,0.,1.));
#3094=DIRECTION('ref_axis',(1.,0.,0.));
#3095=DIRECTION('center_axis',(0.,0.,1.));
#3096=DIRECTION('ref_axis',(1.,0.,0.));
#3097=DIRECTION('',(0.,0.,1.));
#3098=DIRECTION('center_axis',(0.,0.,-1.));
#3099=DIRECTION('ref_axis',(1.,0.,0.));
#3100=DIRECTION('center_axis',(0.,0.,1.));
#3101=DIRECTION('ref_axis',(1.,0.,0.));
#3102=DIRECTION('center_axis',(0.,0.,1.));
#3103=DIRECTION('ref_axis',(1.,0.,0.));
#3104=DIRECTION('center_axis',(0.,0.,1.));
#3105=DIRECTION('ref_axis',(1.,0.,0.));
#3106=DIRECTION('',(0.,0.,1.));
#3107=DIRECTION('center_axis',(0.,0.,-1.));
#3108=DIRECTION('ref_axis',(1.,0.,0.));
#3109=DIRECTION('center_axis',(0.,0.,1.));
#3110=DIRECTION('ref_axis',(1.,0.,0.));
#3111=DIRECTION('center_axis',(0.,0.,1.));
#3112=DIRECTION('ref_axis',(1.,0.,0.));
#3113=DIRECTION('center_axis',(0.,0.,1.));
#3114=DIRECTION('ref_axis',(1.,0.,0.));
#3115=DIRECTION('',(0.,0.,1.));
#3116=DIRECTION('center_axis',(0.,0.,-1.));
#3117=DIRECTION('ref_axis',(1.,0.,0.));
#3118=DIRECTION('center_axis',(0.,0.,1.));
#3119=DIRECTION('ref_axis',(1.,0.,0.));
#3120=DIRECTION('center_axis',(0.,0.,1.));
#3121=DIRECTION('ref_axis',(1.,0.,0.));
#3122=DIRECTION('center_axis',(0.,0.,1.));
#3123=DIRECTION('ref_axis',(1.,0.,0.));
#3124=DIRECTION('',(0.,0.,1.));
#3125=DIRECTION('center_axis',(0.,0.,-1.));
#3126=DIRECTION('ref_axis',(1.,0.,0.));
#3127=DIRECTION('center_axis',(0.,0.,1.));
#3128=DIRECTION('ref_axis',(1.,0.,0.));
#3129=DIRECTION('center_axis',(0.,0.,-1.));
#3130=DIRECTION('ref_axis',(-1.,0.,0.));
#3131=DIRECTION('',(0.,1.,0.));
#3132=DIRECTION('center_axis',(0.,1.,0.));
#3133=DIRECTION('ref_axis',(1.,0.,0.));
#3134=DIRECTION('center_axis',(0.,1.,0.));
#3135=DIRECTION('ref_axis',(0.,0.,1.));
#3136=DIRECTION('',(0.,1.,0.));
#3137=DIRECTION('center_axis',(0.,0.,1.));
#3138=DIRECTION('ref_axis',(1.,0.,0.));
#3139=DIRECTION('',(0.,1.,0.));
#3140=DIRECTION('center_axis',(0.,1.,0.));
#3141=DIRECTION('ref_axis',(-1.,0.,0.));
#3142=DIRECTION('',(0.,1.,0.));
#3143=DIRECTION('center_axis',(-1.,0.,0.));
#3144=DIRECTION('ref_axis',(0.,0.,1.));
#3145=DIRECTION('center_axis',(0.,0.,1.));
#3146=DIRECTION('ref_axis',(-1.,-1.22464679914735E-16,0.));
#3147=DIRECTION('',(0.,0.,-1.));
#3148=DIRECTION('center_axis',(0.,0.,1.));
#3149=DIRECTION('ref_axis',(1.,0.,0.));
#3150=DIRECTION('',(0.,0.,1.));
#3151=DIRECTION('center_axis',(0.,0.,-1.));
#3152=DIRECTION('ref_axis',(1.,0.,0.));
#3153=DIRECTION('center_axis',(0.,0.,1.));
#3154=DIRECTION('ref_axis',(1.,0.,0.));
#3155=DIRECTION('',(-1.,0.,0.));
#3156=DIRECTION('center_axis',(0.,0.,1.));
#3157=DIRECTION('ref_axis',(0.,1.,0.));
#3158=DIRECTION('',(0.,-1.,0.));
#3159=DIRECTION('center_axis',(0.,0.,-1.));
#3160=DIRECTION('ref_axis',(1.,0.,0.));
#3161=DIRECTION('',(0.,-1.,0.));
#3162=DIRECTION('center_axis',(0.,0.,-1.));
#3163=DIRECTION('ref_axis',(1.,0.,0.));
#3164=DIRECTION('',(0.,-1.,0.));
#3165=DIRECTION('center_axis',(0.,0.,1.));
#3166=DIRECTION('ref_axis',(-1.,0.,0.));
#3167=DIRECTION('',(1.,0.,0.));
#3168=DIRECTION('center_axis',(0.,0.,1.));
#3169=DIRECTION('ref_axis',(0.,-1.,0.));
#3170=DIRECTION('',(0.,1.,0.));
#3171=DIRECTION('center_axis',(0.,0.,-1.));
#3172=DIRECTION('ref_axis',(1.,0.,0.));
#3173=DIRECTION('',(0.,1.,0.));
#3174=DIRECTION('',(0.,1.,0.));
#3175=DIRECTION('center_axis',(0.,0.,1.));
#3176=DIRECTION('ref_axis',(1.,0.,0.));
#3177=DIRECTION('center_axis',(0.,0.,-1.));
#3178=DIRECTION('ref_axis',(1.,0.,0.));
#3179=DIRECTION('center_axis',(0.,0.,-1.));
#3180=DIRECTION('ref_axis',(1.,0.,0.));
#3181=DIRECTION('center_axis',(0.,0.,-1.));
#3182=DIRECTION('ref_axis',(1.,0.,0.));
#3183=DIRECTION('center_axis',(0.,0.,-1.));
#3184=DIRECTION('ref_axis',(1.,0.,0.));
#3185=DIRECTION('center_axis',(1.,0.,0.));
#3186=DIRECTION('ref_axis',(0.,1.,0.));
#3187=DIRECTION('',(0.,-1.,0.));
#3188=DIRECTION('',(0.,0.,1.));
#3189=DIRECTION('center_axis',(0.,0.,1.));
#3190=DIRECTION('ref_axis',(1.,0.,0.));
#3191=DIRECTION('',(0.,0.,-1.));
#3192=DIRECTION('center_axis',(0.,0.,1.));
#3193=DIRECTION('ref_axis',(1.,0.,0.));
#3194=DIRECTION('',(0.,0.,1.));
#3195=DIRECTION('center_axis',(-1.,0.,0.));
#3196=DIRECTION('ref_axis',(0.,-1.,0.));
#3197=DIRECTION('',(0.,1.,0.));
#3198=DIRECTION('',(0.,0.,1.));
#3199=DIRECTION('center_axis',(-1.,0.,0.));
#3200=DIRECTION('ref_axis',(0.,-1.,0.));
#3201=DIRECTION('',(0.,0.,1.));
#3202=DIRECTION('',(0.,1.,0.));
#3203=DIRECTION('center_axis',(0.,0.,1.));
#3204=DIRECTION('ref_axis',(1.,0.,0.));
#3205=DIRECTION('',(0.,0.,-1.));
#3206=DIRECTION('center_axis',(0.,0.,1.));
#3207=DIRECTION('ref_axis',(1.,0.,0.));
#3208=DIRECTION('center_axis',(-1.,0.,0.));
#3209=DIRECTION('ref_axis',(0.,-1.,0.));
#3210=DIRECTION('',(0.,0.,1.));
#3211=DIRECTION('',(0.,1.,0.));
#3212=DIRECTION('center_axis',(0.,0.,1.));
#3213=DIRECTION('ref_axis',(1.,0.,0.));
#3214=DIRECTION('center_axis',(0.,0.,1.));
#3215=DIRECTION('ref_axis',(-1.,0.,0.));
#3216=DIRECTION('',(1.,0.,0.));
#3217=DIRECTION('center_axis',(0.,0.,1.));
#3218=DIRECTION('ref_axis',(0.,-1.,0.));
#3219=DIRECTION('',(0.,1.,0.));
#3220=DIRECTION('center_axis',(0.,0.,1.));
#3221=DIRECTION('ref_axis',(1.,0.,0.));
#3222=DIRECTION('',(-1.,0.,0.));
#3223=DIRECTION('center_axis',(0.,0.,1.));
#3224=DIRECTION('ref_axis',(0.,1.,0.));
#3225=DIRECTION('',(0.,-1.,0.));
#3226=DIRECTION('',(0.,-1.,0.));
#3227=DIRECTION('center_axis',(0.,0.,1.));
#3228=DIRECTION('ref_axis',(1.,0.,0.));
#3229=DIRECTION('',(0.,-1.,0.));
#3230=DIRECTION('center_axis',(0.,0.,-1.));
#3231=DIRECTION('ref_axis',(0.,-1.,0.));
#3232=DIRECTION('',(-1.,0.,0.));
#3233=DIRECTION('center_axis',(0.,0.,-1.));
#3234=DIRECTION('ref_axis',(-1.,0.,0.));
#3235=DIRECTION('center_axis',(0.,0.,-1.));
#3236=DIRECTION('ref_axis',(0.,1.,0.));
#3237=DIRECTION('center_axis',(0.,0.,-1.));
#3238=DIRECTION('ref_axis',(1.,0.,0.));
#3239=DIRECTION('center_axis',(0.,0.,1.));
#3240=DIRECTION('ref_axis',(-1.,1.22464679914735E-16,0.));
#3241=DIRECTION('',(0.,0.,1.));
#3242=DIRECTION('',(0.,0.,-1.));
#3243=DIRECTION('center_axis',(1.,0.,0.));
#3244=DIRECTION('ref_axis',(0.,1.,0.));
#3245=DIRECTION('',(0.,0.,1.));
#3246=DIRECTION('center_axis',(1.,0.,0.));
#3247=DIRECTION('ref_axis',(0.,1.,0.));
#3248=DIRECTION('center_axis',(0.,0.,1.));
#3249=DIRECTION('ref_axis',(1.,0.,0.));
#3250=DIRECTION('center_axis',(0.,0.,1.));
#3251=DIRECTION('ref_axis',(1.,0.,0.));
#3252=DIRECTION('',(0.,0.,-1.));
#3253=DIRECTION('center_axis',(0.,0.,1.));
#3254=DIRECTION('ref_axis',(1.,0.,0.));
#3255=DIRECTION('center_axis',(0.,0.,1.));
#3256=DIRECTION('ref_axis',(1.,0.,0.));
#3257=DIRECTION('center_axis',(0.,0.,1.));
#3258=DIRECTION('ref_axis',(1.,0.,0.));
#3259=DIRECTION('',(0.,0.,-1.));
#3260=DIRECTION('center_axis',(0.,0.,1.));
#3261=DIRECTION('ref_axis',(1.,0.,0.));
#3262=DIRECTION('center_axis',(0.,0.,1.));
#3263=DIRECTION('ref_axis',(1.,0.,0.));
#3264=DIRECTION('center_axis',(0.,0.,1.));
#3265=DIRECTION('ref_axis',(1.,0.,0.));
#3266=DIRECTION('',(0.,0.,-1.));
#3267=DIRECTION('center_axis',(0.,0.,1.));
#3268=DIRECTION('ref_axis',(1.,0.,0.));
#3269=DIRECTION('center_axis',(0.,0.,1.));
#3270=DIRECTION('ref_axis',(1.,0.,0.));
#3271=DIRECTION('center_axis',(0.,0.,1.));
#3272=DIRECTION('ref_axis',(1.,0.,0.));
#3273=DIRECTION('',(0.,0.,-1.));
#3274=DIRECTION('center_axis',(0.,0.,1.));
#3275=DIRECTION('ref_axis',(1.,0.,0.));
#3276=DIRECTION('center_axis',(0.,0.,1.));
#3277=DIRECTION('ref_axis',(0.,-1.,0.));
#3278=DIRECTION('',(0.,0.,1.));
#3279=DIRECTION('center_axis',(0.,-1.,0.));
#3280=DIRECTION('ref_axis',(1.,0.,0.));
#3281=DIRECTION('',(0.,0.,1.));
#3282=DIRECTION('center_axis',(0.,0.,1.));
#3283=DIRECTION('ref_axis',(-1.,0.,0.));
#3284=DIRECTION('center_axis',(0.,0.,1.));
#3285=DIRECTION('ref_axis',(0.,1.,0.));
#3286=DIRECTION('center_axis',(0.,1.,0.));
#3287=DIRECTION('ref_axis',(-1.,0.,0.));
#3288=DIRECTION('center_axis',(0.,0.,1.));
#3289=DIRECTION('ref_axis',(1.,0.,0.));
#3290=DIRECTION('center_axis',(-1.,0.,0.));
#3291=DIRECTION('ref_axis',(0.,-1.,0.));
#3292=DIRECTION('',(0.,-1.,0.));
#3293=DIRECTION('',(0.,0.,1.));
#3294=DIRECTION('',(0.,0.,1.));
#3295=DIRECTION('center_axis',(0.,0.,1.));
#3296=DIRECTION('ref_axis',(0.,1.,0.));
#3297=DIRECTION('center_axis',(0.,0.,1.));
#3298=DIRECTION('ref_axis',(0.,1.,0.));
#3299=DIRECTION('',(0.,0.,1.));
#3300=DIRECTION('center_axis',(0.,1.,0.));
#3301=DIRECTION('ref_axis',(-1.,0.,0.));
#3302=DIRECTION('',(-1.,0.,0.));
#3303=DIRECTION('',(0.,0.,1.));
#3304=DIRECTION('center_axis',(0.,0.,1.));
#3305=DIRECTION('ref_axis',(1.,0.,0.));
#3306=DIRECTION('center_axis',(0.,0.,1.));
#3307=DIRECTION('ref_axis',(1.,0.,0.));
#3308=DIRECTION('',(0.,0.,1.));
#3309=DIRECTION('center_axis',(1.,0.,0.));
#3310=DIRECTION('ref_axis',(0.,1.,0.));
#3311=DIRECTION('',(0.,1.,0.));
#3312=DIRECTION('',(0.,0.,1.));
#3313=DIRECTION('center_axis',(0.,0.,1.));
#3314=DIRECTION('ref_axis',(0.,-1.,0.));
#3315=DIRECTION('center_axis',(0.,0.,1.));
#3316=DIRECTION('ref_axis',(0.,-1.,0.));
#3317=DIRECTION('',(0.,0.,1.));
#3318=DIRECTION('center_axis',(0.,-1.,0.));
#3319=DIRECTION('ref_axis',(1.,0.,0.));
#3320=DIRECTION('',(1.,0.,0.));
#3321=DIRECTION('',(0.,0.,1.));
#3322=DIRECTION('center_axis',(0.,0.,1.));
#3323=DIRECTION('ref_axis',(-1.,0.,0.));
#3324=DIRECTION('center_axis',(0.,0.,1.));
#3325=DIRECTION('ref_axis',(-1.,0.,0.));
#3326=DIRECTION('center_axis',(0.,0.,1.));
#3327=DIRECTION('ref_axis',(1.,0.,0.));
#3328=CARTESIAN_POINT('',(0.,0.,0.));
#3329=CARTESIAN_POINT('Origin',(2.6,5.05,0.25));
#3330=CARTESIAN_POINT('',(2.6,4.95,0.7));
#3331=CARTESIAN_POINT('',(2.6,5.05,0.7));
#3332=CARTESIAN_POINT('',(2.6,5.037,0.7));
#3333=CARTESIAN_POINT('',(2.6,4.95,0.25));
#3334=CARTESIAN_POINT('',(2.6,4.95,0.25));
#3335=CARTESIAN_POINT('',(2.6,4.92,0.25));
#3336=CARTESIAN_POINT('',(2.6,2.525,0.25));
#3337=CARTESIAN_POINT('',(2.6,4.92,0.75));
#3338=CARTESIAN_POINT('',(2.6,4.92,0.25));
#3339=CARTESIAN_POINT('',(2.6,5.05,0.75));
#3340=CARTESIAN_POINT('',(2.6,5.05,0.75));
#3341=CARTESIAN_POINT('',(2.6,5.05,0.25));
#3342=CARTESIAN_POINT('Origin',(2.9,5.05,0.25));
#3343=CARTESIAN_POINT('',(2.9,5.05,0.7));
#3344=CARTESIAN_POINT('',(1.45,5.05,0.7));
#3345=CARTESIAN_POINT('',(2.9,5.05,0.75));
#3346=CARTESIAN_POINT('',(2.9,5.05,0.75));
#3347=CARTESIAN_POINT('',(2.9,5.05,0.25));
#3348=CARTESIAN_POINT('Origin',(2.9,4.92,0.25));
#3349=CARTESIAN_POINT('',(2.9,4.95,0.7));
#3350=CARTESIAN_POINT('',(2.9,4.972,0.7));
#3351=CARTESIAN_POINT('',(2.9,4.92,0.75));
#3352=CARTESIAN_POINT('',(2.9,4.92,0.75));
#3353=CARTESIAN_POINT('',(2.9,4.92,0.25));
#3354=CARTESIAN_POINT('',(2.9,4.92,0.25));
#3355=CARTESIAN_POINT('',(2.9,4.95,0.25));
#3356=CARTESIAN_POINT('',(2.9,2.46,0.25));
#3357=CARTESIAN_POINT('',(2.9,4.95,0.25));
#3358=CARTESIAN_POINT('Origin',(2.6,4.92,0.25));
#3359=CARTESIAN_POINT('',(1.3,4.92,0.25));
#3360=CARTESIAN_POINT('',(2.6,4.92,0.75));
#3361=CARTESIAN_POINT('Origin',(2.75,4.985,0.75));
#3362=CARTESIAN_POINT('Origin',(0.,5.024,0.7));
#3363=CARTESIAN_POINT('',(3.05,4.95,0.7));
#3364=CARTESIAN_POINT('',(1.9,4.95,0.7));
#3365=CARTESIAN_POINT('',(3.05,5.1,0.7));
#3366=CARTESIAN_POINT('',(3.05,4.948,0.7));
#3367=CARTESIAN_POINT('',(-3.05,5.1,0.7));
#3368=CARTESIAN_POINT('',(3.05,5.1,0.7));
#3369=CARTESIAN_POINT('',(-3.05,4.95,0.7));
#3370=CARTESIAN_POINT('',(-3.05,5.1,0.7));
#3371=CARTESIAN_POINT('',(-2.8,4.95,0.7));
#3372=CARTESIAN_POINT('',(1.9,4.95,0.7));
#3373=CARTESIAN_POINT('',(-2.8,5.05,0.7));
#3374=CARTESIAN_POINT('',(-2.8,5.037,0.7));
#3375=CARTESIAN_POINT('',(-2.5,5.05,0.7));
#3376=CARTESIAN_POINT('',(-1.25,5.05,0.7));
#3377=CARTESIAN_POINT('',(-2.5,4.95,0.7));
#3378=CARTESIAN_POINT('',(-2.5,4.972,0.7));
#3379=CARTESIAN_POINT('',(1.9,4.95,0.7));
#3380=CARTESIAN_POINT('Origin',(3.8,4.95,0.25));
#3381=CARTESIAN_POINT('',(3.8,4.95,0.25));
#3382=CARTESIAN_POINT('',(3.8,4.95,0.25));
#3383=CARTESIAN_POINT('',(3.8,4.95,2.76));
#3384=CARTESIAN_POINT('',(3.8,4.95,0.25));
#3385=CARTESIAN_POINT('',(-3.8,4.95,2.76));
#3386=CARTESIAN_POINT('',(1.9,4.95,2.76));
#3387=CARTESIAN_POINT('',(-3.8,4.95,0.25));
#3388=CARTESIAN_POINT('',(-3.8,4.95,0.25));
#3389=CARTESIAN_POINT('',(-2.8,4.95,0.25));
#3390=CARTESIAN_POINT('',(3.8,4.95,0.25));
#3391=CARTESIAN_POINT('',(-2.8,4.95,0.25));
#3392=CARTESIAN_POINT('',(-3.05,4.95,0.99));
#3393=CARTESIAN_POINT('',(-3.05,4.95,0.475));
#3394=CARTESIAN_POINT('',(-2.8875,4.95,0.99));
#3395=CARTESIAN_POINT('',(1.9,4.95,0.99));
#3396=CARTESIAN_POINT('',(-2.8875,4.95,2.291));
#3397=CARTESIAN_POINT('',(-2.8875,4.95,0.565));
#3398=CARTESIAN_POINT('',(-2.8675,4.95,2.311));
#3399=CARTESIAN_POINT('Origin',(-2.8675,4.95,2.291));
#3400=CARTESIAN_POINT('',(-1.2325,4.95,2.311));
#3401=CARTESIAN_POINT('',(0.46625,4.95,2.311));
#3402=CARTESIAN_POINT('',(-1.2125,4.95,2.291));
#3403=CARTESIAN_POINT('Origin',(-1.2325,4.95,2.291));
#3404=CARTESIAN_POINT('',(-1.2125,4.95,0.99));
#3405=CARTESIAN_POINT('',(-1.2125,4.95,1.2705));
#3406=CARTESIAN_POINT('',(-0.85,4.95,0.99));
#3407=CARTESIAN_POINT('',(1.9,4.95,0.99));
#3408=CARTESIAN_POINT('',(-0.85,4.95,2.05));
#3409=CARTESIAN_POINT('',(-0.85,4.95,0.565));
#3410=CARTESIAN_POINT('',(-0.83,4.95,2.07));
#3411=CARTESIAN_POINT('Origin',(-0.83,4.95,2.05));
#3412=CARTESIAN_POINT('',(0.13,4.95,2.07));
#3413=CARTESIAN_POINT('',(1.485,4.95,2.07));
#3414=CARTESIAN_POINT('',(0.15,4.95,2.05));
#3415=CARTESIAN_POINT('Origin',(0.13,4.95,2.05));
#3416=CARTESIAN_POINT('',(0.15,4.95,0.99));
#3417=CARTESIAN_POINT('',(0.15,4.95,1.15));
#3418=CARTESIAN_POINT('',(3.05,4.95,0.99));
#3419=CARTESIAN_POINT('',(1.9,4.95,0.99));
#3420=CARTESIAN_POINT('',(3.05,4.95,0.475));
#3421=CARTESIAN_POINT('',(2.45,4.95,1.87));
#3422=CARTESIAN_POINT('',(2.45,4.95,1.27));
#3423=CARTESIAN_POINT('',(2.45,4.95,1.06));
#3424=CARTESIAN_POINT('',(2.25,4.95,1.07));
#3425=CARTESIAN_POINT('Origin',(2.25,4.95,1.27));
#3426=CARTESIAN_POINT('',(0.65,4.95,1.07));
#3427=CARTESIAN_POINT('',(3.025,4.95,1.07));
#3428=CARTESIAN_POINT('',(0.45,4.95,1.27));
#3429=CARTESIAN_POINT('Origin',(0.65,4.95,1.27));
#3430=CARTESIAN_POINT('',(0.45,4.95,1.87));
#3431=CARTESIAN_POINT('',(0.45,4.95,0.76));
#3432=CARTESIAN_POINT('',(0.65,4.95,2.07));
#3433=CARTESIAN_POINT('Origin',(0.65,4.95,1.87));
#3434=CARTESIAN_POINT('',(2.25,4.95,2.07));
#3435=CARTESIAN_POINT('',(2.225,4.95,2.07));
#3436=CARTESIAN_POINT('Origin',(2.25,4.95,1.87));
#3437=CARTESIAN_POINT('Origin',(-2.8,5.05,0.25));
#3438=CARTESIAN_POINT('',(-2.8,4.92,0.25));
#3439=CARTESIAN_POINT('',(-2.8,2.525,0.25));
#3440=CARTESIAN_POINT('',(-2.8,4.92,0.75));
#3441=CARTESIAN_POINT('',(-2.8,4.92,0.25));
#3442=CARTESIAN_POINT('',(-2.8,5.05,0.75));
#3443=CARTESIAN_POINT('',(-2.8,5.05,0.75));
#3444=CARTESIAN_POINT('',(-2.8,5.05,0.25));
#3445=CARTESIAN_POINT('Origin',(-2.5,5.05,0.25));
#3446=CARTESIAN_POINT('',(-2.5,5.05,0.75));
#3447=CARTESIAN_POINT('',(-2.5,5.05,0.75));
#3448=CARTESIAN_POINT('',(-2.5,5.05,0.25));
#3449=CARTESIAN_POINT('Origin',(-2.5,4.92,0.25));
#3450=CARTESIAN_POINT('',(-2.5,4.92,0.75));
#3451=CARTESIAN_POINT('',(-2.5,4.92,0.75));
#3452=CARTESIAN_POINT('',(-2.5,4.92,0.25));
#3453=CARTESIAN_POINT('',(-2.5,4.92,0.25));
#3454=CARTESIAN_POINT('',(-2.5,4.95,0.25));
#3455=CARTESIAN_POINT('',(-2.5,2.46,0.25));
#3456=CARTESIAN_POINT('',(-2.5,4.95,0.25));
#3457=CARTESIAN_POINT('Origin',(-2.8,4.92,0.25));
#3458=CARTESIAN_POINT('',(-1.4,4.92,0.25));
#3459=CARTESIAN_POINT('',(-2.8,4.92,0.75));
#3460=CARTESIAN_POINT('Origin',(-2.65,4.985,0.75));
#3461=CARTESIAN_POINT('Origin',(0.6753,4.6317,1.68));
#3462=CARTESIAN_POINT('',(0.516412901719492,4.85,1.68));
#3463=CARTESIAN_POINT('',(0.834187098280508,4.85,1.68));
#3464=CARTESIAN_POINT('',(1.06265,4.85,1.68));
#3465=CARTESIAN_POINT('Origin',(0.6753,4.6317,1.68));
#3466=CARTESIAN_POINT('Origin',(0.6753,4.6317,0.83));
#3467=CARTESIAN_POINT('',(0.516412901719492,4.85,1.13));
#3468=CARTESIAN_POINT('',(0.834187098280508,4.85,1.13));
#3469=CARTESIAN_POINT('Origin',(0.6753,4.6317,1.13));
#3470=CARTESIAN_POINT('',(0.516412901719492,4.85,1.12115616514953));
#3471=CARTESIAN_POINT('',(0.516412901719492,4.85,0.83));
#3472=CARTESIAN_POINT('',(0.65,4.90051203470083,1.07));
#3473=CARTESIAN_POINT('Ctrl Pts',(0.65,4.90051203470083,1.07));
#3474=CARTESIAN_POINT('Ctrl Pts',(0.622741402820389,4.89794651523139,1.07));
#3475=CARTESIAN_POINT('Ctrl Pts',(0.594926022518919,4.89084662734261,1.07586011190056));
#3476=CARTESIAN_POINT('Ctrl Pts',(0.549879759336003,4.87182323395299,1.09544407177193));
#3477=CARTESIAN_POINT('Ctrl Pts',(0.531566833329493,4.86102961164019,1.10755553632029));
#3478=CARTESIAN_POINT('Ctrl Pts',(0.516412901719492,4.85,1.12115616514953));
#3479=CARTESIAN_POINT('',(0.834187098280508,4.85,1.07));
#3480=CARTESIAN_POINT('Origin',(0.6753,4.6317,1.07));
#3481=CARTESIAN_POINT('',(0.834187098280508,4.85,0.83));
#3482=CARTESIAN_POINT('Origin',(0.6753,4.6317,0.83));
#3483=CARTESIAN_POINT('',(0.516412901719492,4.85,1.48));
#3484=CARTESIAN_POINT('',(0.516412901719492,4.85,0.83));
#3485=CARTESIAN_POINT('',(0.834187098280508,4.85,1.48));
#3486=CARTESIAN_POINT('Origin',(0.6753,4.6317,1.48));
#3487=CARTESIAN_POINT('',(0.834187098280508,4.85,0.83));
#3488=CARTESIAN_POINT('Origin',(2.1993,4.6317,1.68));
#3489=CARTESIAN_POINT('',(2.04041290171949,4.85,1.68));
#3490=CARTESIAN_POINT('',(2.35818709828051,4.85,1.68));
#3491=CARTESIAN_POINT('',(1.82465,4.85,1.68));
#3492=CARTESIAN_POINT('Origin',(2.1993,4.6317,1.68));
#3493=CARTESIAN_POINT('Origin',(2.1993,4.6317,0.83));
#3494=CARTESIAN_POINT('',(2.04041290171949,4.85,1.13));
#3495=CARTESIAN_POINT('',(2.35818709828051,4.85,1.13));
#3496=CARTESIAN_POINT('Origin',(2.1993,4.6317,1.13));
#3497=CARTESIAN_POINT('',(2.04041290171949,4.85,1.07));
#3498=CARTESIAN_POINT('',(2.04041290171949,4.85,0.83));
#3499=CARTESIAN_POINT('',(2.25,4.89689711536893,1.07));
#3500=CARTESIAN_POINT('Origin',(2.1993,4.6317,1.07));
#3501=CARTESIAN_POINT('',(2.35818709828051,4.85,1.10178718311126));
#3502=CARTESIAN_POINT('Ctrl Pts',(2.35818709828051,4.85,1.10178718311126));
#3503=CARTESIAN_POINT('Ctrl Pts',(2.35003824108665,4.85593105026951,1.09654619594743));
#3504=CARTESIAN_POINT('Ctrl Pts',(2.34131541914106,4.86157615183718,1.0917779949219));
#3505=CARTESIAN_POINT('Ctrl Pts',(2.30721345981258,4.88084539643866,1.07642035297845));
#3506=CARTESIAN_POINT('Ctrl Pts',(2.27864661726068,4.89142049661651,1.07));
#3507=CARTESIAN_POINT('Ctrl Pts',(2.25,4.89689711536893,1.07));
#3508=CARTESIAN_POINT('',(2.35818709828051,4.85,0.83));
#3509=CARTESIAN_POINT('Origin',(2.1993,4.6317,0.83));
#3510=CARTESIAN_POINT('',(2.04041290171949,4.85,1.48));
#3511=CARTESIAN_POINT('',(2.04041290171949,4.85,0.83));
#3512=CARTESIAN_POINT('',(2.35818709828051,4.85,1.48));
#3513=CARTESIAN_POINT('Origin',(2.1993,4.6317,1.48));
#3514=CARTESIAN_POINT('',(2.35818709828051,4.85,0.83));
#3515=CARTESIAN_POINT('Origin',(0.65,4.85,1.27));
#3516=CARTESIAN_POINT('',(0.507171431429143,4.85,1.13));
#3517=CARTESIAN_POINT('Origin',(0.65,4.85,1.27));
#3518=CARTESIAN_POINT('',(0.507171431429143,4.9057,1.13));
#3519=CARTESIAN_POINT('',(0.507171431429143,4.85,1.13));
#3520=CARTESIAN_POINT('',(0.45,4.9057,1.27));
#3521=CARTESIAN_POINT('Origin',(0.65,4.9057,1.27));
#3522=CARTESIAN_POINT('',(0.45,4.85,1.27));
#3523=CARTESIAN_POINT('',(0.65,4.85,1.07));
#3524=CARTESIAN_POINT('Origin',(1.45,4.85,1.57));
#3525=CARTESIAN_POINT('',(0.943,4.85,1.48));
#3526=CARTESIAN_POINT('',(1.45,4.85,1.48));
#3527=CARTESIAN_POINT('',(0.943,4.85,1.73));
#3528=CARTESIAN_POINT('',(0.943,4.85,1.455));
#3529=CARTESIAN_POINT('',(0.983,4.85,1.77));
#3530=CARTESIAN_POINT('Origin',(0.983,4.85,1.73));
#3531=CARTESIAN_POINT('',(1.917,4.85,1.77));
#3532=CARTESIAN_POINT('',(1.2165,4.85,1.77));
#3533=CARTESIAN_POINT('',(1.957,4.85,1.73));
#3534=CARTESIAN_POINT('Origin',(1.917,4.85,1.73));
#3535=CARTESIAN_POINT('',(1.957,4.85,1.48));
#3536=CARTESIAN_POINT('',(1.957,4.85,1.65));
#3537=CARTESIAN_POINT('',(1.45,4.85,1.48));
#3538=CARTESIAN_POINT('',(2.45,4.85,1.48));
#3539=CARTESIAN_POINT('',(1.45,4.85,1.48));
#3540=CARTESIAN_POINT('',(2.45,4.85,1.87));
#3541=CARTESIAN_POINT('',(2.45,4.85,1.27));
#3542=CARTESIAN_POINT('',(2.25,4.85,2.07));
#3543=CARTESIAN_POINT('Origin',(2.25,4.85,1.87));
#3544=CARTESIAN_POINT('',(0.65,4.85,2.07));
#3545=CARTESIAN_POINT('',(2.25,4.85,2.07));
#3546=CARTESIAN_POINT('',(0.45,4.85,1.87));
#3547=CARTESIAN_POINT('Origin',(0.65,4.85,1.87));
#3548=CARTESIAN_POINT('',(0.45,4.85,1.48));
#3549=CARTESIAN_POINT('',(0.45,4.85,1.87));
#3550=CARTESIAN_POINT('',(1.45,4.85,1.48));
#3551=CARTESIAN_POINT('Origin',(1.45,4.85,1.57));
#3552=CARTESIAN_POINT('',(1.45,4.85,1.13));
#3553=CARTESIAN_POINT('Origin',(1.45,4.85,1.57));
#3554=CARTESIAN_POINT('',(2.39282856857086,4.85,1.13));
#3555=CARTESIAN_POINT('Origin',(2.25,4.85,1.27));
#3556=CARTESIAN_POINT('',(1.45,4.85,1.13));
#3557=CARTESIAN_POINT('Origin',(1.45,4.87685,1.48));
#3558=CARTESIAN_POINT('',(1.957,4.9057,1.48));
#3559=CARTESIAN_POINT('',(1.957,4.788425,1.48));
#3560=CARTESIAN_POINT('',(2.45,4.9057,1.48));
#3561=CARTESIAN_POINT('',(2.486,4.9057,1.48));
#3562=CARTESIAN_POINT('',(2.45,4.863425,1.48));
#3563=CARTESIAN_POINT('Origin',(2.486,4.9057,1.13));
#3564=CARTESIAN_POINT('',(0.943,4.9057,1.48));
#3565=CARTESIAN_POINT('',(0.943,4.9057,1.34));
#3566=CARTESIAN_POINT('',(0.943,4.9057,1.235));
#3567=CARTESIAN_POINT('',(0.45,4.9057,1.48));
#3568=CARTESIAN_POINT('',(2.486,4.9057,1.48));
#3569=CARTESIAN_POINT('',(0.45,4.9057,1.2));
#3570=CARTESIAN_POINT('',(2.39282856857086,4.9057,1.13));
#3571=CARTESIAN_POINT('',(2.486,4.9057,1.13));
#3572=CARTESIAN_POINT('',(2.45,4.9057,1.27));
#3573=CARTESIAN_POINT('Origin',(2.25,4.9057,1.27));
#3574=CARTESIAN_POINT('',(2.45,4.9057,1.5));
#3575=CARTESIAN_POINT('',(1.957,4.9057,1.34));
#3576=CARTESIAN_POINT('',(1.957,4.9057,1.43));
#3577=CARTESIAN_POINT('',(1.917,4.9057,1.3));
#3578=CARTESIAN_POINT('Origin',(1.917,4.9057,1.34));
#3579=CARTESIAN_POINT('',(0.983,4.9057,1.3));
#3580=CARTESIAN_POINT('',(2.2015,4.9057,1.3));
#3581=CARTESIAN_POINT('Origin',(0.983,4.9057,1.34));
#3582=CARTESIAN_POINT('Origin',(1.45,4.87685,1.48));
#3583=CARTESIAN_POINT('',(0.45,4.863425,1.48));
#3584=CARTESIAN_POINT('',(0.943,4.788425,1.48));
#3585=CARTESIAN_POINT('Origin',(1.45,4.87685,1.13));
#3586=CARTESIAN_POINT('',(1.45,4.85,1.13));
#3587=CARTESIAN_POINT('',(2.39282856857086,4.85,1.13));
#3588=CARTESIAN_POINT('Origin',(0.983,4.7,1.34));
#3589=CARTESIAN_POINT('',(0.983,5.,1.3));
#3590=CARTESIAN_POINT('',(0.983,4.7,1.3));
#3591=CARTESIAN_POINT('',(0.943,5.,1.34));
#3592=CARTESIAN_POINT('Origin',(0.983,5.,1.34));
#3593=CARTESIAN_POINT('',(0.943,4.7,1.34));
#3594=CARTESIAN_POINT('Origin',(1.917,4.7,1.3));
#3595=CARTESIAN_POINT('',(1.917,5.,1.3));
#3596=CARTESIAN_POINT('',(1.917,4.7,1.3));
#3597=CARTESIAN_POINT('',(1.6835,5.,1.3));
#3598=CARTESIAN_POINT('Origin',(1.917,4.7,1.34));
#3599=CARTESIAN_POINT('',(1.957,5.,1.34));
#3600=CARTESIAN_POINT('',(1.957,4.7,1.34));
#3601=CARTESIAN_POINT('Origin',(1.917,5.,1.34));
#3602=CARTESIAN_POINT('Origin',(1.957,4.7,1.73));
#3603=CARTESIAN_POINT('',(1.957,5.,1.73));
#3604=CARTESIAN_POINT('',(1.957,4.7,1.73));
#3605=CARTESIAN_POINT('',(1.957,5.,1.65));
#3606=CARTESIAN_POINT('Origin',(1.45,4.85,1.57));
#3607=CARTESIAN_POINT('',(0.65,4.85,1.07));
#3608=CARTESIAN_POINT('Origin',(2.45,4.85,1.87));
#3609=CARTESIAN_POINT('',(2.45,4.85,1.27));
#3610=CARTESIAN_POINT('',(2.45,4.85,1.87));
#3611=CARTESIAN_POINT('Origin',(3.05,5.1,0.7));
#3612=CARTESIAN_POINT('',(-0.85,5.1,0.99));
#3613=CARTESIAN_POINT('',(-0.85,5.1,0.88));
#3614=CARTESIAN_POINT('',(-0.85,5.1,0.79));
#3615=CARTESIAN_POINT('',(-1.2125,5.1,0.99));
#3616=CARTESIAN_POINT('',(3.05,5.1,0.99));
#3617=CARTESIAN_POINT('',(-1.2125,5.1,0.88));
#3618=CARTESIAN_POINT('',(-1.2125,5.1,1.4955));
#3619=CARTESIAN_POINT('',(-1.2325,5.1,0.86));
#3620=CARTESIAN_POINT('Origin',(-1.2325,5.1,0.88));
#3621=CARTESIAN_POINT('',(-2.8675,5.1,0.86));
#3622=CARTESIAN_POINT('',(0.90875,5.1,0.86));
#3623=CARTESIAN_POINT('',(-2.8875,5.1,0.88));
#3624=CARTESIAN_POINT('Origin',(-2.8675,5.1,0.88));
#3625=CARTESIAN_POINT('',(-2.8875,5.1,0.99));
#3626=CARTESIAN_POINT('',(-2.8875,5.1,0.79));
#3627=CARTESIAN_POINT('',(-3.05,5.1,0.99));
#3628=CARTESIAN_POINT('',(3.05,5.1,0.99));
#3629=CARTESIAN_POINT('',(-3.05,5.1,0.7));
#3630=CARTESIAN_POINT('',(3.05,5.1,0.99));
#3631=CARTESIAN_POINT('',(3.05,5.1,0.7));
#3632=CARTESIAN_POINT('',(0.15,5.1,0.99));
#3633=CARTESIAN_POINT('',(3.05,5.1,0.99));
#3634=CARTESIAN_POINT('',(0.15,5.1,0.88));
#3635=CARTESIAN_POINT('',(0.15,5.1,1.375));
#3636=CARTESIAN_POINT('',(0.13,5.1,0.86));
#3637=CARTESIAN_POINT('Origin',(0.13,5.1,0.88));
#3638=CARTESIAN_POINT('',(-0.83,5.1,0.86));
#3639=CARTESIAN_POINT('',(1.59,5.1,0.86));
#3640=CARTESIAN_POINT('Origin',(-0.83,5.1,0.88));
#3641=CARTESIAN_POINT('Origin',(0.,5.024,0.99));
#3642=CARTESIAN_POINT('',(0.15,4.862,0.99));
#3643=CARTESIAN_POINT('',(3.05,4.948,0.99));
#3644=CARTESIAN_POINT('Origin',(0.,5.024,0.99));
#3645=CARTESIAN_POINT('',(-2.8875,4.862,0.99));
#3646=CARTESIAN_POINT('',(-3.05,5.1,0.99));
#3647=CARTESIAN_POINT('Origin',(3.05,4.948,0.7));
#3648=CARTESIAN_POINT('Origin',(-3.05,5.1,0.7));
#3649=CARTESIAN_POINT('Origin',(0.,5.024,0.99));
#3650=CARTESIAN_POINT('',(-0.85,4.862,0.99));
#3651=CARTESIAN_POINT('',(-1.2125,4.862,0.99));
#3652=CARTESIAN_POINT('Origin',(-0.85,4.7,0.88));
#3653=CARTESIAN_POINT('',(-0.85,5.2,0.88));
#3654=CARTESIAN_POINT('',(-0.85,4.7,0.88));
#3655=CARTESIAN_POINT('',(-0.85,5.2,2.05));
#3656=CARTESIAN_POINT('',(-0.85,5.2,0.44));
#3657=CARTESIAN_POINT('',(-0.85,4.7,2.05));
#3658=CARTESIAN_POINT('Origin',(-0.83,4.7,0.88));
#3659=CARTESIAN_POINT('',(-0.83,5.2,0.86));
#3660=CARTESIAN_POINT('',(-0.83,4.7,0.86));
#3661=CARTESIAN_POINT('Origin',(-0.83,5.2,0.88));
#3662=CARTESIAN_POINT('Origin',(0.13,4.7,0.86));
#3663=CARTESIAN_POINT('',(0.13,5.2,0.86));
#3664=CARTESIAN_POINT('',(0.13,4.7,0.86));
#3665=CARTESIAN_POINT('',(1.965,5.2,0.86));
#3666=CARTESIAN_POINT('Origin',(0.13,4.7,0.88));
#3667=CARTESIAN_POINT('',(0.15,5.2,0.88));
#3668=CARTESIAN_POINT('',(0.15,4.7,0.88));
#3669=CARTESIAN_POINT('Origin',(0.13,5.2,0.88));
#3670=CARTESIAN_POINT('Origin',(0.15,4.7,2.05));
#3671=CARTESIAN_POINT('',(0.15,5.2,2.05));
#3672=CARTESIAN_POINT('',(0.15,4.7,2.05));
#3673=CARTESIAN_POINT('',(0.15,5.2,1.025));
#3674=CARTESIAN_POINT('Origin',(0.45,5.,1.27));
#3675=CARTESIAN_POINT('',(0.45,5.2,1.87));
#3676=CARTESIAN_POINT('',(0.45,5.2,1.27));
#3677=CARTESIAN_POINT('',(0.45,5.2,0.635));
#3678=CARTESIAN_POINT('',(0.45,5.,1.87));
#3679=CARTESIAN_POINT('',(0.45,5.,1.87));
#3680=CARTESIAN_POINT('',(0.45,5.,1.27));
#3681=CARTESIAN_POINT('',(0.45,5.,1.87));
#3682=CARTESIAN_POINT('',(0.45,5.,1.27));
#3683=CARTESIAN_POINT('Origin',(0.65,5.,1.27));
#3684=CARTESIAN_POINT('',(0.65,5.2,1.07));
#3685=CARTESIAN_POINT('Origin',(0.65,5.2,1.27));
#3686=CARTESIAN_POINT('',(0.65,5.,1.07));
#3687=CARTESIAN_POINT('Origin',(0.65,5.,1.27));
#3688=CARTESIAN_POINT('',(0.65,5.,1.07));
#3689=CARTESIAN_POINT('Origin',(2.25,5.,1.07));
#3690=CARTESIAN_POINT('',(2.25,5.2,1.07));
#3691=CARTESIAN_POINT('',(3.025,5.2,1.07));
#3692=CARTESIAN_POINT('',(2.25,5.,1.07));
#3693=CARTESIAN_POINT('',(0.65,5.,1.07));
#3694=CARTESIAN_POINT('',(2.25,5.,1.07));
#3695=CARTESIAN_POINT('Origin',(2.25,5.,1.27));
#3696=CARTESIAN_POINT('',(2.45,5.2,1.27));
#3697=CARTESIAN_POINT('Origin',(2.25,5.2,1.27));
#3698=CARTESIAN_POINT('',(2.45,5.,1.27));
#3699=CARTESIAN_POINT('Origin',(2.25,5.,1.27));
#3700=CARTESIAN_POINT('',(2.45,5.,1.27));
#3701=CARTESIAN_POINT('Origin',(2.45,5.,1.87));
#3702=CARTESIAN_POINT('',(2.45,5.2,1.87));
#3703=CARTESIAN_POINT('',(2.45,5.2,0.935));
#3704=CARTESIAN_POINT('',(2.45,5.,1.87));
#3705=CARTESIAN_POINT('',(2.45,5.,1.27));
#3706=CARTESIAN_POINT('',(2.45,5.,1.87));
#3707=CARTESIAN_POINT('Origin',(2.25,5.,1.87));
#3708=CARTESIAN_POINT('',(2.25,5.2,2.07));
#3709=CARTESIAN_POINT('Origin',(2.25,5.2,1.87));
#3710=CARTESIAN_POINT('',(2.25,5.,2.07));
#3711=CARTESIAN_POINT('Origin',(2.25,5.,1.87));
#3712=CARTESIAN_POINT('',(2.25,5.,2.07));
#3713=CARTESIAN_POINT('Origin',(0.65,5.,2.07));
#3714=CARTESIAN_POINT('',(0.65,5.2,2.07));
#3715=CARTESIAN_POINT('',(2.225,5.2,2.07));
#3716=CARTESIAN_POINT('',(0.65,5.,2.07));
#3717=CARTESIAN_POINT('',(2.25,5.,2.07));
#3718=CARTESIAN_POINT('',(0.65,5.,2.07));
#3719=CARTESIAN_POINT('Origin',(0.65,5.,1.87));
#3720=CARTESIAN_POINT('Origin',(0.65,5.2,1.87));
#3721=CARTESIAN_POINT('Origin',(0.65,5.,1.87));
#3722=CARTESIAN_POINT('Origin',(1.45,5.,1.57));
#3723=CARTESIAN_POINT('',(0.943,5.,1.73));
#3724=CARTESIAN_POINT('',(0.943,5.,1.455));
#3725=CARTESIAN_POINT('',(1.917,5.,1.77));
#3726=CARTESIAN_POINT('Origin',(1.917,5.,1.73));
#3727=CARTESIAN_POINT('',(0.983,5.,1.77));
#3728=CARTESIAN_POINT('',(1.2165,5.,1.77));
#3729=CARTESIAN_POINT('Origin',(0.983,5.,1.73));
#3730=CARTESIAN_POINT('Origin',(0.943,4.7,1.34));
#3731=CARTESIAN_POINT('',(0.943,4.7,1.73));
#3732=CARTESIAN_POINT('Origin',(0.983,4.7,1.73));
#3733=CARTESIAN_POINT('',(0.983,4.7,1.77));
#3734=CARTESIAN_POINT('Origin',(0.983,4.7,1.77));
#3735=CARTESIAN_POINT('',(1.917,4.7,1.77));
#3736=CARTESIAN_POINT('Origin',(1.917,4.7,1.73));
#3737=CARTESIAN_POINT('Origin',(-0.83,4.7,2.05));
#3738=CARTESIAN_POINT('',(-0.83,5.2,2.07));
#3739=CARTESIAN_POINT('Origin',(-0.83,5.2,2.05));
#3740=CARTESIAN_POINT('',(-0.83,4.7,2.07));
#3741=CARTESIAN_POINT('Origin',(-0.83,4.7,2.07));
#3742=CARTESIAN_POINT('',(0.13,5.2,2.07));
#3743=CARTESIAN_POINT('',(1.485,5.2,2.07));
#3744=CARTESIAN_POINT('',(0.13,4.7,2.07));
#3745=CARTESIAN_POINT('Origin',(0.13,4.7,2.05));
#3746=CARTESIAN_POINT('Origin',(0.13,5.2,2.05));
#3747=CARTESIAN_POINT('Origin',(-2.8875,4.7,0.88));
#3748=CARTESIAN_POINT('',(-2.8875,5.2,0.88));
#3749=CARTESIAN_POINT('',(-2.8875,4.7,0.88));
#3750=CARTESIAN_POINT('',(-2.8875,5.2,2.291));
#3751=CARTESIAN_POINT('',(-2.8875,5.2,0.44));
#3752=CARTESIAN_POINT('',(-2.8875,4.7,2.291));
#3753=CARTESIAN_POINT('Origin',(-2.8675,4.7,2.291));
#3754=CARTESIAN_POINT('',(-2.8675,5.2,2.311));
#3755=CARTESIAN_POINT('Origin',(-2.8675,5.2,2.291));
#3756=CARTESIAN_POINT('',(-2.8675,4.7,2.311));
#3757=CARTESIAN_POINT('Origin',(-2.8675,4.7,2.311));
#3758=CARTESIAN_POINT('',(-1.2325,5.2,2.311));
#3759=CARTESIAN_POINT('',(0.46625,5.2,2.311));
#3760=CARTESIAN_POINT('',(-1.2325,4.7,2.311));
#3761=CARTESIAN_POINT('Origin',(-1.2325,4.7,2.291));
#3762=CARTESIAN_POINT('',(-1.2125,5.2,2.291));
#3763=CARTESIAN_POINT('Origin',(-1.2325,5.2,2.291));
#3764=CARTESIAN_POINT('',(-1.2125,4.7,2.291));
#3765=CARTESIAN_POINT('Origin',(-1.2125,4.7,2.291));
#3766=CARTESIAN_POINT('',(-1.2125,5.2,0.88));
#3767=CARTESIAN_POINT('',(-1.2125,5.2,1.1455));
#3768=CARTESIAN_POINT('',(-1.2125,4.7,0.88));
#3769=CARTESIAN_POINT('Origin',(-2.8675,4.7,0.88));
#3770=CARTESIAN_POINT('',(-2.8675,5.2,0.86));
#3771=CARTESIAN_POINT('',(-2.8675,4.7,0.86));
#3772=CARTESIAN_POINT('Origin',(-2.8675,5.2,0.88));
#3773=CARTESIAN_POINT('Origin',(-1.2325,4.7,0.86));
#3774=CARTESIAN_POINT('',(-1.2325,5.2,0.86));
#3775=CARTESIAN_POINT('',(-1.2325,4.7,0.86));
#3776=CARTESIAN_POINT('',(1.28375,5.2,0.86));
#3777=CARTESIAN_POINT('Origin',(-1.2325,4.7,0.88));
#3778=CARTESIAN_POINT('Origin',(-1.2325,5.2,0.88));
#3779=CARTESIAN_POINT('Origin',(-1.7,-5.7,1.165));
#3780=CARTESIAN_POINT('',(-2.225,-5.2,1.165));
#3781=CARTESIAN_POINT('Origin',(-1.7,-5.2,1.165));
#3782=CARTESIAN_POINT('',(-2.225,-4.95,1.165));
#3783=CARTESIAN_POINT('',(-2.225,-5.7,1.165));
#3784=CARTESIAN_POINT('Origin',(-1.7,-4.95,1.165));
#3785=CARTESIAN_POINT('Origin',(0.,-5.7,1.165));
#3786=CARTESIAN_POINT('',(-0.525,-5.2,1.165));
#3787=CARTESIAN_POINT('Origin',(0.,-5.2,1.165));
#3788=CARTESIAN_POINT('',(-0.525,-4.95,1.165));
#3789=CARTESIAN_POINT('',(-0.525,-5.7,1.165));
#3790=CARTESIAN_POINT('Origin',(0.,-4.95,1.165));
#3791=CARTESIAN_POINT('Origin',(1.7,-5.7,1.165));
#3792=CARTESIAN_POINT('',(1.175,-5.2,1.165));
#3793=CARTESIAN_POINT('Origin',(1.7,-5.2,1.165));
#3794=CARTESIAN_POINT('',(1.175,-4.95,1.165));
#3795=CARTESIAN_POINT('',(1.175,-5.7,1.165));
#3796=CARTESIAN_POINT('Origin',(1.7,-4.95,1.165));
#3797=CARTESIAN_POINT('Origin',(3.8,-2.8,2.26));
#3798=CARTESIAN_POINT('',(3.6,-2.8,2.26));
#3799=CARTESIAN_POINT('Origin',(3.8,-2.8,2.26));
#3800=CARTESIAN_POINT('',(3.6,-2.8,2.76));
#3801=CARTESIAN_POINT('',(3.6,-2.8,2.26));
#3802=CARTESIAN_POINT('Origin',(3.8,-2.8,2.76));
#3803=CARTESIAN_POINT('Origin',(3.8,-2.8,2.26));
#3804=CARTESIAN_POINT('Origin',(-3.8,2.8,2.26));
#3805=CARTESIAN_POINT('',(-4.,2.8,2.26));
#3806=CARTESIAN_POINT('Origin',(-3.8,2.8,2.26));
#3807=CARTESIAN_POINT('',(-4.,2.8,2.76));
#3808=CARTESIAN_POINT('',(-4.,2.8,2.26));
#3809=CARTESIAN_POINT('Origin',(-3.8,2.8,2.76));
#3810=CARTESIAN_POINT('Origin',(-3.8,2.8,2.26));
#3811=CARTESIAN_POINT('Origin',(-3.8,-2.8,2.26));
#3812=CARTESIAN_POINT('',(-4.,-2.8,2.26));
#3813=CARTESIAN_POINT('Origin',(-3.8,-2.8,2.26));
#3814=CARTESIAN_POINT('',(-4.,-2.8,2.76));
#3815=CARTESIAN_POINT('',(-4.,-2.8,2.26));
#3816=CARTESIAN_POINT('Origin',(-3.8,-2.8,2.76));
#3817=CARTESIAN_POINT('Origin',(-3.8,-2.8,2.26));
#3818=CARTESIAN_POINT('Origin',(3.8,2.8,2.26));
#3819=CARTESIAN_POINT('',(3.6,2.8,2.26));
#3820=CARTESIAN_POINT('Origin',(3.8,2.8,2.26));
#3821=CARTESIAN_POINT('',(3.6,2.8,2.76));
#3822=CARTESIAN_POINT('',(3.6,2.8,2.26));
#3823=CARTESIAN_POINT('Origin',(3.8,2.8,2.76));
#3824=CARTESIAN_POINT('Origin',(3.8,2.8,2.26));
#3825=CARTESIAN_POINT('Origin',(2.55,-3.7,0.25));
#3826=CARTESIAN_POINT('',(2.35,-3.7,0.25));
#3827=CARTESIAN_POINT('Origin',(2.55,-3.7,0.25));
#3828=CARTESIAN_POINT('',(2.35,-3.7,0.75));
#3829=CARTESIAN_POINT('',(2.35,-3.7,0.25));
#3830=CARTESIAN_POINT('Origin',(2.55,-3.7,0.75));
#3831=CARTESIAN_POINT('Origin',(2.55,-3.7,0.25));
#3832=CARTESIAN_POINT('Origin',(-2.55,2.1,0.25));
#3833=CARTESIAN_POINT('',(-2.75,2.1,0.25));
#3834=CARTESIAN_POINT('Origin',(-2.55,2.1,0.25));
#3835=CARTESIAN_POINT('',(-2.75,2.1,0.75));
#3836=CARTESIAN_POINT('',(-2.75,2.1,0.25));
#3837=CARTESIAN_POINT('Origin',(-2.55,2.1,0.75));
#3838=CARTESIAN_POINT('Origin',(-2.55,2.1,0.25));
#3839=CARTESIAN_POINT('Origin',(-2.55,-3.7,0.25));
#3840=CARTESIAN_POINT('',(-2.75,-3.7,0.25));
#3841=CARTESIAN_POINT('Origin',(-2.55,-3.7,0.25));
#3842=CARTESIAN_POINT('',(-2.75,-3.7,0.75));
#3843=CARTESIAN_POINT('',(-2.75,-3.7,0.25));
#3844=CARTESIAN_POINT('Origin',(-2.55,-3.7,0.75));
#3845=CARTESIAN_POINT('Origin',(-2.55,-3.7,0.25));
#3846=CARTESIAN_POINT('Origin',(2.55,2.1,0.25));
#3847=CARTESIAN_POINT('',(2.35,2.1,0.25));
#3848=CARTESIAN_POINT('Origin',(2.55,2.1,0.25));
#3849=CARTESIAN_POINT('',(2.35,2.1,0.75));
#3850=CARTESIAN_POINT('',(2.35,2.1,0.25));
#3851=CARTESIAN_POINT('Origin',(2.55,2.1,0.75));
#3852=CARTESIAN_POINT('Origin',(2.55,2.1,0.25));
#3853=CARTESIAN_POINT('Origin',(2.25,4.85,1.07));
#3854=CARTESIAN_POINT('',(2.25,4.85,1.07));
#3855=CARTESIAN_POINT('Origin',(2.25,4.85,1.27));
#3856=CARTESIAN_POINT('Origin',(2.25,4.85,1.87));
#3857=CARTESIAN_POINT('',(2.25,4.85,2.07));
#3858=CARTESIAN_POINT('Origin',(0.65,4.85,2.07));
#3859=CARTESIAN_POINT('',(0.65,4.85,2.07));
#3860=CARTESIAN_POINT('Origin',(0.65,4.85,1.87));
#3861=CARTESIAN_POINT('',(0.45,4.85,1.87));
#3862=CARTESIAN_POINT('Origin',(0.45,4.85,1.27));
#3863=CARTESIAN_POINT('Origin',(3.8,2.8,0.25));
#3864=CARTESIAN_POINT('',(4.05,2.42583426132261,2.76));
#3865=CARTESIAN_POINT('',(4.05,2.42583426132261,0.25));
#3866=CARTESIAN_POINT('',(4.05,2.42583426132261,0.25));
#3867=CARTESIAN_POINT('',(4.05,3.17416573867739,2.76));
#3868=CARTESIAN_POINT('Origin',(3.8,2.8,2.76));
#3869=CARTESIAN_POINT('',(4.05,3.17416573867739,0.25));
#3870=CARTESIAN_POINT('',(4.05,3.17416573867739,0.25));
#3871=CARTESIAN_POINT('Origin',(3.8,2.8,0.25));
#3872=CARTESIAN_POINT('Origin',(0.,0.,0.25));
#3873=CARTESIAN_POINT('',(3.8,4.95,0.25));
#3874=CARTESIAN_POINT('',(-4.05,4.7,0.25));
#3875=CARTESIAN_POINT('Origin',(-3.8,4.7,0.25));
#3876=CARTESIAN_POINT('',(-4.05,3.17416573867739,0.25));
#3877=CARTESIAN_POINT('',(-4.05,4.7,0.25));
#3878=CARTESIAN_POINT('',(-4.05,2.42583426132261,0.25));
#3879=CARTESIAN_POINT('Origin',(-3.8,2.8,0.25));
#3880=CARTESIAN_POINT('',(-4.05,-2.42583426132261,0.25));
#3881=CARTESIAN_POINT('',(-4.05,4.7,0.25));
#3882=CARTESIAN_POINT('',(-4.05,-3.17416573867739,0.25));
#3883=CARTESIAN_POINT('Origin',(-3.8,-2.8,0.25));
#3884=CARTESIAN_POINT('',(-4.05,-4.7,0.25));
#3885=CARTESIAN_POINT('',(-4.05,4.7,0.25));
#3886=CARTESIAN_POINT('',(-3.8,-4.95,0.25));
#3887=CARTESIAN_POINT('Origin',(-3.8,-4.7,0.25));
#3888=CARTESIAN_POINT('',(3.8,-4.95,0.25));
#3889=CARTESIAN_POINT('',(-3.8,-4.95,0.25));
#3890=CARTESIAN_POINT('',(4.05,-4.7,0.25));
#3891=CARTESIAN_POINT('Origin',(3.8,-4.7,0.25));
#3892=CARTESIAN_POINT('',(4.05,-3.17416573867739,0.25));
#3893=CARTESIAN_POINT('',(4.05,-4.7,0.25));
#3894=CARTESIAN_POINT('',(4.05,-2.42583426132261,0.25));
#3895=CARTESIAN_POINT('Origin',(3.8,-2.8,0.25));
#3896=CARTESIAN_POINT('',(4.05,-4.7,0.25));
#3897=CARTESIAN_POINT('',(4.05,4.7,0.25));
#3898=CARTESIAN_POINT('',(4.05,-4.7,0.25));
#3899=CARTESIAN_POINT('Origin',(3.8,4.7,0.25));
#3900=CARTESIAN_POINT('',(2.1,2.1,0.25));
#3901=CARTESIAN_POINT('Origin',(2.55,2.1,0.25));
#3902=CARTESIAN_POINT('',(-3.,-3.7,0.25));
#3903=CARTESIAN_POINT('Origin',(-2.55,-3.7,0.25));
#3904=CARTESIAN_POINT('',(-3.,2.1,0.25));
#3905=CARTESIAN_POINT('Origin',(-2.55,2.1,0.25));
#3906=CARTESIAN_POINT('',(2.1,-3.7,0.25));
#3907=CARTESIAN_POINT('Origin',(2.55,-3.7,0.25));
#3908=CARTESIAN_POINT('Origin',(4.05,-4.7,0.25));
#3909=CARTESIAN_POINT('',(4.05,4.7,2.76));
#3910=CARTESIAN_POINT('',(4.05,-2.35,2.76));
#3911=CARTESIAN_POINT('',(4.05,4.7,0.25));
#3912=CARTESIAN_POINT('Origin',(-3.8,-2.8,0.25));
#3913=CARTESIAN_POINT('',(-4.05,-2.42583426132261,2.76));
#3914=CARTESIAN_POINT('',(-4.05,-2.42583426132261,0.25));
#3915=CARTESIAN_POINT('',(-4.05,-3.17416573867739,2.76));
#3916=CARTESIAN_POINT('Origin',(-3.8,-2.8,2.76));
#3917=CARTESIAN_POINT('',(-4.05,-3.17416573867739,0.25));
#3918=CARTESIAN_POINT('Origin',(-4.05,4.7,0.25));
#3919=CARTESIAN_POINT('',(-4.05,-4.7,2.76));
#3920=CARTESIAN_POINT('',(-4.05,2.35,2.76));
#3921=CARTESIAN_POINT('',(-4.05,-4.7,0.25));
#3922=CARTESIAN_POINT('Origin',(-4.05,4.7,0.25));
#3923=CARTESIAN_POINT('',(-4.05,2.42583426132261,2.76));
#3924=CARTESIAN_POINT('',(-4.05,2.42583426132261,0.25));
#3925=CARTESIAN_POINT('',(-4.05,2.35,2.76));
#3926=CARTESIAN_POINT('Origin',(-3.8,2.8,0.25));
#3927=CARTESIAN_POINT('',(-4.05,3.17416573867739,2.76));
#3928=CARTESIAN_POINT('',(-4.05,3.17416573867739,0.25));
#3929=CARTESIAN_POINT('Origin',(-3.8,2.8,2.76));
#3930=CARTESIAN_POINT('Origin',(-4.05,4.7,0.25));
#3931=CARTESIAN_POINT('',(-4.05,4.7,2.76));
#3932=CARTESIAN_POINT('',(-4.05,4.7,0.25));
#3933=CARTESIAN_POINT('',(-4.05,2.35,2.76));
#3934=CARTESIAN_POINT('Origin',(0.,0.,2.76));
#3935=CARTESIAN_POINT('',(-4.3,-4.7,2.76));
#3936=CARTESIAN_POINT('',(-3.8,-5.2,2.76));
#3937=CARTESIAN_POINT('Origin',(-3.8,-4.7,2.76));
#3938=CARTESIAN_POINT('',(3.8,-5.2,2.76));
#3939=CARTESIAN_POINT('',(-3.8,-5.2,2.76));
#3940=CARTESIAN_POINT('',(4.3,-4.7,2.76));
#3941=CARTESIAN_POINT('Origin',(3.8,-4.7,2.76));
#3942=CARTESIAN_POINT('',(4.3,4.7,2.76));
#3943=CARTESIAN_POINT('',(4.3,-4.7,2.76));
#3944=CARTESIAN_POINT('',(3.8,5.2,2.76));
#3945=CARTESIAN_POINT('Origin',(3.8,4.7,2.76));
#3946=CARTESIAN_POINT('',(-3.8,5.2,2.76));
#3947=CARTESIAN_POINT('',(3.8,5.2,2.76));
#3948=CARTESIAN_POINT('',(-4.3,4.7,2.76));
#3949=CARTESIAN_POINT('Origin',(-3.8,4.7,2.76));
#3950=CARTESIAN_POINT('',(-4.3,4.7,2.76));
#3951=CARTESIAN_POINT('',(4.05,-2.42583426132261,2.76));
#3952=CARTESIAN_POINT('',(4.05,-2.35,2.76));
#3953=CARTESIAN_POINT('',(4.05,-3.17416573867739,2.76));
#3954=CARTESIAN_POINT('Origin',(3.8,-2.8,2.76));
#3955=CARTESIAN_POINT('',(4.05,-4.7,2.76));
#3956=CARTESIAN_POINT('',(4.05,-2.35,2.76));
#3957=CARTESIAN_POINT('',(3.8,-4.95,2.76));
#3958=CARTESIAN_POINT('Origin',(3.8,-4.7,2.76));
#3959=CARTESIAN_POINT('',(-3.8,-4.95,2.76));
#3960=CARTESIAN_POINT('',(-1.9,-4.95,2.76));
#3961=CARTESIAN_POINT('Origin',(-3.8,-4.7,2.76));
#3962=CARTESIAN_POINT('Origin',(-3.8,4.7,2.76));
#3963=CARTESIAN_POINT('Origin',(3.8,4.7,2.76));
#3964=CARTESIAN_POINT('Origin',(3.8,-2.8,0.25));
#3965=CARTESIAN_POINT('',(4.05,-2.42583426132261,0.25));
#3966=CARTESIAN_POINT('',(4.05,-3.17416573867739,0.25));
#3967=CARTESIAN_POINT('Origin',(4.05,-4.7,0.25));
#3968=CARTESIAN_POINT('',(4.05,-4.7,0.25));
#3969=CARTESIAN_POINT('Origin',(4.05,-4.7,0.25));
#3970=CARTESIAN_POINT('Origin',(2.55,2.1,0.25));
#3971=CARTESIAN_POINT('',(2.1,2.1,0.75));
#3972=CARTESIAN_POINT('Origin',(2.55,2.1,0.75));
#3973=CARTESIAN_POINT('',(2.1,2.1,0.25));
#3974=CARTESIAN_POINT('Origin',(2.55,2.1,0.75));
#3975=CARTESIAN_POINT('Origin',(-2.55,-3.7,0.25));
#3976=CARTESIAN_POINT('',(-3.,-3.7,0.75));
#3977=CARTESIAN_POINT('Origin',(-2.55,-3.7,0.75));
#3978=CARTESIAN_POINT('',(-3.,-3.7,0.25));
#3979=CARTESIAN_POINT('Origin',(-2.55,-3.7,0.75));
#3980=CARTESIAN_POINT('Origin',(-2.55,2.1,0.25));
#3981=CARTESIAN_POINT('',(-3.,2.1,0.75));
#3982=CARTESIAN_POINT('Origin',(-2.55,2.1,0.75));
#3983=CARTESIAN_POINT('',(-3.,2.1,0.25));
#3984=CARTESIAN_POINT('Origin',(-2.55,2.1,0.75));
#3985=CARTESIAN_POINT('Origin',(2.55,-3.7,0.25));
#3986=CARTESIAN_POINT('',(2.1,-3.7,0.75));
#3987=CARTESIAN_POINT('Origin',(2.55,-3.7,0.75));
#3988=CARTESIAN_POINT('',(2.1,-3.7,0.25));
#3989=CARTESIAN_POINT('Origin',(2.55,-3.7,0.75));
#3990=CARTESIAN_POINT('Origin',(3.8,-4.7,0.25));
#3991=CARTESIAN_POINT('',(3.8,-4.95,0.25));
#3992=CARTESIAN_POINT('Origin',(-3.8,-4.95,0.25));
#3993=CARTESIAN_POINT('',(-3.8,-4.95,0.25));
#3994=CARTESIAN_POINT('Origin',(-3.8,-4.7,0.25));
#3995=CARTESIAN_POINT('Origin',(-3.8,4.7,0.25));
#3996=CARTESIAN_POINT('Origin',(3.8,4.95,0.25));
#3997=CARTESIAN_POINT('Origin',(3.8,4.7,0.25));
#3998=CARTESIAN_POINT('Origin',(-4.3,4.7,0.));
#3999=CARTESIAN_POINT('',(-4.3,4.7,0.));
#4000=CARTESIAN_POINT('',(-4.3,-4.7,0.));
#4001=CARTESIAN_POINT('',(-4.3,4.7,0.));
#4002=CARTESIAN_POINT('',(-4.3,-4.7,0.));
#4003=CARTESIAN_POINT('',(-4.3,4.7,0.));
#4004=CARTESIAN_POINT('Origin',(-3.8,4.7,0.));
#4005=CARTESIAN_POINT('',(-3.8,5.2,0.));
#4006=CARTESIAN_POINT('Origin',(-3.8,4.7,0.));
#4007=CARTESIAN_POINT('',(-3.8,5.2,0.));
#4008=CARTESIAN_POINT('Origin',(3.8,5.2,0.));
#4009=CARTESIAN_POINT('',(3.8,5.2,0.));
#4010=CARTESIAN_POINT('',(3.8,5.2,0.));
#4011=CARTESIAN_POINT('',(3.8,5.2,0.));
#4012=CARTESIAN_POINT('Origin',(3.8,4.7,0.));
#4013=CARTESIAN_POINT('',(4.3,4.7,0.));
#4014=CARTESIAN_POINT('Origin',(3.8,4.7,0.));
#4015=CARTESIAN_POINT('',(4.3,4.7,0.));
#4016=CARTESIAN_POINT('Origin',(4.3,-4.7,0.));
#4017=CARTESIAN_POINT('',(4.3,-4.7,0.));
#4018=CARTESIAN_POINT('',(4.3,-4.7,0.));
#4019=CARTESIAN_POINT('',(4.3,-4.7,0.));
#4020=CARTESIAN_POINT('Origin',(3.8,-4.7,0.));
#4021=CARTESIAN_POINT('',(3.8,-5.2,0.));
#4022=CARTESIAN_POINT('Origin',(3.8,-4.7,0.));
#4023=CARTESIAN_POINT('',(3.8,-5.2,0.));
#4024=CARTESIAN_POINT('Origin',(-3.8,-5.2,0.));
#4025=CARTESIAN_POINT('',(-3.8,-5.2,0.));
#4026=CARTESIAN_POINT('',(-3.8,-5.2,0.));
#4027=CARTESIAN_POINT('',(-3.8,-5.2,0.));
#4028=CARTESIAN_POINT('Origin',(-3.8,-4.7,0.));
#4029=CARTESIAN_POINT('Origin',(-3.8,-4.7,0.));
#4030=CARTESIAN_POINT('Origin',(0.,0.,0.));
#4031=UNCERTAINTY_MEASURE_WITH_UNIT(LENGTH_MEASURE(0.001),#4035,
'DISTANCE_ACCURACY_VALUE',
'Maximum model space distance between geometric entities at asserted c
onnectivities');
#4032=UNCERTAINTY_MEASURE_WITH_UNIT(LENGTH_MEASURE(0.001),#4035,
'DISTANCE_ACCURACY_VALUE',
'Maximum model space distance between geometric entities at asserted c
onnectivities');
#4033=(
GEOMETRIC_REPRESENTATION_CONTEXT(3)
GLOBAL_UNCERTAINTY_ASSIGNED_CONTEXT((#4031))
GLOBAL_UNIT_ASSIGNED_CONTEXT((#4035,#4037,#4038))
REPRESENTATION_CONTEXT('','3D')
);
#4034=(
GEOMETRIC_REPRESENTATION_CONTEXT(3)
GLOBAL_UNCERTAINTY_ASSIGNED_CONTEXT((#4032))
GLOBAL_UNIT_ASSIGNED_CONTEXT((#4035,#4037,#4038))
REPRESENTATION_CONTEXT('','3D')
);
#4035=(
LENGTH_UNIT()
NAMED_UNIT(*)
SI_UNIT(.CENTI.,.METRE.)
);
#4036=(
LENGTH_UNIT()
NAMED_UNIT(*)
SI_UNIT($,.METRE.)
);
#4037=(
NAMED_UNIT(*)
PLANE_ANGLE_UNIT()
SI_UNIT($,.RADIAN.)
);
#4038=(
NAMED_UNIT(*)
SI_UNIT($,.STERADIAN.)
SOLID_ANGLE_UNIT()
);
#4039=SHAPE_DEFINITION_REPRESENTATION(#4040,#4041);
#4040=PRODUCT_DEFINITION_SHAPE('',$,#4043);
#4041=SHAPE_REPRESENTATION('',(#2399),#4033);
#4042=PRODUCT_DEFINITION_CONTEXT('part definition',#4047,'design');
#4043=PRODUCT_DEFINITION('01 Bottom shell','01 Bottom shell',#4044,#4042);
#4044=PRODUCT_DEFINITION_FORMATION('',$,#4049);
#4045=PRODUCT_RELATED_PRODUCT_CATEGORY('01 Bottom shell',
'01 Bottom shell',(#4049));
#4046=APPLICATION_PROTOCOL_DEFINITION('international standard',
'automotive_design',2009,#4047);
#4047=APPLICATION_CONTEXT(
'Core Data for Automotive Mechanical Design Process');
#4048=PRODUCT_CONTEXT('part definition',#4047,'mechanical');
#4049=PRODUCT('01 Bottom shell','01 Bottom shell',$,(#4048));
#4050=PRESENTATION_STYLE_ASSIGNMENT((#4052));
#4051=PRESENTATION_STYLE_ASSIGNMENT((#4053));
#4052=SURFACE_STYLE_USAGE(.BOTH.,#4054);
#4053=SURFACE_STYLE_USAGE(.BOTH.,#4055);
#4054=SURFACE_SIDE_STYLE('',(#4056));
#4055=SURFACE_SIDE_STYLE('',(#4057));
#4056=SURFACE_STYLE_FILL_AREA(#4058);
#4057=SURFACE_STYLE_FILL_AREA(#4059);
#4058=FILL_AREA_STYLE('Steel - Satin',(#4060));
#4059=FILL_AREA_STYLE('Case bottom slate',(#4061));
#4060=FILL_AREA_STYLE_COLOUR('Steel - Satin',#4062);
#4061=FILL_AREA_STYLE_COLOUR('Case bottom slate',#4063);
#4062=COLOUR_RGB('Steel - Satin',0.627450980392157,0.627450980392157,0.627450980392157);
#4063=COLOUR_RGB('Case bottom slate',0.282352941176471,0.356862745098039,
0.415686274509804);
ENDSEC;
END-ISO-10303-21;
