ISO-10303-21;
HEADER;
/* Generated by software containing ST-Developer
 * from STEP Tools, Inc. (www.steptools.com) 
 */

FILE_DESCRIPTION(
/* description */ (''),
/* implementation_level */ '2;1');

FILE_NAME(
/* name */ 'carrier-bottom.step',
/* time_stamp */ '2026-09-11T15:42:07-07:00',
/* author */ (''),
/* organization */ (''),
/* preprocessor_version */ 'ST-DEVELOPER v20.1',
/* originating_system */ 'Autodesk Translation Framework v15.8.0.0',
/* authorisation */ '');

FILE_SCHEMA (('AUTOMOTIVE_DESIGN { 1 0 10303 214 3 1 1 }'));
ENDSEC;

DATA;
#10=MECHANICAL_DESIGN_GEOMETRIC_PRESENTATION_REPRESENTATION('',(#13),#4635);
#11=SHAPE_REPRESENTATION_RELATIONSHIP('SRR','None',#4642,#12);
#12=ADVANCED_BREP_SHAPE_REPRESENTATION('',(#14),#4634);
#13=STYLED_ITEM('',(#4652),#14);
#14=MANIFOLD_SOLID_BREP('01 Bottom shell - open probe guides',#2771);
#15=B_SPLINE_CURVE_WITH_KNOTS('',3,(#4214,#4215,#4216,#4217,#4218,#4219),
 .UNSPECIFIED.,.F.,.F.,(4,2,4),(0.95296858488715,1.0351057694818,1.1029683820014),
 .UNSPECIFIED.);
#16=B_SPLINE_CURVE_WITH_KNOTS('',3,(#4239,#4240,#4241,#4242,#4243,#4244),
 .UNSPECIFIED.,.F.,.F.,(4,2,4),(0.893891701928161,0.926169963992213,1.01366623991842),
 .UNSPECIFIED.);
#17=FACE_BOUND('',#350,.T.);
#18=FACE_BOUND('',#351,.T.);
#19=FACE_BOUND('',#352,.T.);
#20=FACE_BOUND('',#353,.T.);
#21=FACE_BOUND('',#359,.T.);
#22=FACE_BOUND('',#360,.T.);
#23=FACE_BOUND('',#361,.T.);
#24=FACE_BOUND('',#362,.T.);
#25=FACE_BOUND('',#370,.T.);
#26=FACE_BOUND('',#416,.T.);
#27=FACE_BOUND('',#466,.T.);
#28=FACE_BOUND('',#469,.T.);
#29=FACE_BOUND('',#472,.T.);
#30=FACE_BOUND('',#475,.T.);
#31=FACE_BOUND('',#483,.T.);
#32=FACE_BOUND('',#484,.T.);
#33=FACE_BOUND('',#485,.T.);
#34=CYLINDRICAL_SURFACE('',#2809,0.25);
#35=CYLINDRICAL_SURFACE('',#2814,0.5);
#36=CYLINDRICAL_SURFACE('',#2869,0.27);
#37=CYLINDRICAL_SURFACE('',#2872,0.27);
#38=CYLINDRICAL_SURFACE('',#2876,0.27);
#39=CYLINDRICAL_SURFACE('',#2879,0.27);
#40=CYLINDRICAL_SURFACE('',#2881,0.2);
#41=CYLINDRICAL_SURFACE('',#2899,0.04);
#42=CYLINDRICAL_SURFACE('',#2902,0.04);
#43=CYLINDRICAL_SURFACE('',#2918,0.0199999999999999);
#44=CYLINDRICAL_SURFACE('',#2921,0.02);
#45=CYLINDRICAL_SURFACE('',#2925,0.2);
#46=CYLINDRICAL_SURFACE('',#2929,0.2);
#47=CYLINDRICAL_SURFACE('',#2933,0.2);
#48=CYLINDRICAL_SURFACE('',#2937,0.2);
#49=CYLINDRICAL_SURFACE('',#2944,0.04);
#50=CYLINDRICAL_SURFACE('',#2946,0.0399999999999998);
#51=CYLINDRICAL_SURFACE('',#2947,0.02);
#52=CYLINDRICAL_SURFACE('',#2950,0.02);
#53=CYLINDRICAL_SURFACE('',#2953,0.02);
#54=CYLINDRICAL_SURFACE('',#2956,0.02);
#55=CYLINDRICAL_SURFACE('',#2959,0.02);
#56=CYLINDRICAL_SURFACE('',#2962,0.02);
#57=CYLINDRICAL_SURFACE('',#2964,0.2);
#58=CYLINDRICAL_SURFACE('',#2967,0.2);
#59=CYLINDRICAL_SURFACE('',#2970,0.2);
#60=CYLINDRICAL_SURFACE('',#2973,0.2);
#61=CYLINDRICAL_SURFACE('',#2976,0.2);
#62=CYLINDRICAL_SURFACE('',#2980,0.2);
#63=CYLINDRICAL_SURFACE('',#2984,0.2);
#64=CYLINDRICAL_SURFACE('',#2988,0.2);
#65=CYLINDRICAL_SURFACE('',#2993,0.2);
#66=CYLINDRICAL_SURFACE('',#2994,0.2);
#67=CYLINDRICAL_SURFACE('',#2996,0.2);
#68=CYLINDRICAL_SURFACE('',#2998,0.45);
#69=CYLINDRICAL_SURFACE('',#3000,0.45);
#70=CYLINDRICAL_SURFACE('',#3003,0.45);
#71=CYLINDRICAL_SURFACE('',#3005,0.45);
#72=CYLINDRICAL_SURFACE('',#3008,0.45);
#73=CYLINDRICAL_SURFACE('',#3011,0.45);
#74=CYLINDRICAL_SURFACE('',#3014,0.45);
#75=CYLINDRICAL_SURFACE('',#3017,0.45);
#76=CYLINDRICAL_SURFACE('',#3020,0.25);
#77=CYLINDRICAL_SURFACE('',#3021,0.25);
#78=CYLINDRICAL_SURFACE('',#3023,0.25);
#79=CYLINDRICAL_SURFACE('',#3025,0.5);
#80=CYLINDRICAL_SURFACE('',#3027,0.5);
#81=CYLINDRICAL_SURFACE('',#3029,0.5);
#82=CIRCLE('',#2796,0.25);
#83=CIRCLE('',#2800,0.5);
#84=CIRCLE('',#2801,0.5);
#85=CIRCLE('',#2802,0.5);
#86=CIRCLE('',#2803,0.5);
#87=CIRCLE('',#2807,0.25);
#88=CIRCLE('',#2810,0.25);
#89=CIRCLE('',#2811,0.25);
#90=CIRCLE('',#2815,0.5);
#91=CIRCLE('',#2817,0.45);
#92=CIRCLE('',#2818,0.45);
#93=CIRCLE('',#2819,0.25);
#94=CIRCLE('',#2820,0.25);
#95=CIRCLE('',#2821,0.45);
#96=CIRCLE('',#2822,0.45);
#97=CIRCLE('',#2823,0.25);
#98=CIRCLE('',#2824,0.45);
#99=CIRCLE('',#2825,0.45);
#100=CIRCLE('',#2826,0.45);
#101=CIRCLE('',#2827,0.45);
#102=CIRCLE('',#2833,0.5);
#103=CIRCLE('',#2834,0.5);
#104=CIRCLE('',#2835,0.5);
#105=CIRCLE('',#2836,0.25);
#106=CIRCLE('',#2837,0.45);
#107=CIRCLE('',#2838,0.45);
#108=CIRCLE('',#2839,0.25);
#109=CIRCLE('',#2840,0.25);
#110=CIRCLE('',#2841,0.45);
#111=CIRCLE('',#2842,0.45);
#112=CIRCLE('',#2843,0.2);
#113=CIRCLE('',#2844,0.2);
#114=CIRCLE('',#2845,0.2);
#115=CIRCLE('',#2846,0.2);
#116=CIRCLE('',#2854,0.02);
#117=CIRCLE('',#2855,0.02);
#118=CIRCLE('',#2856,0.02);
#119=CIRCLE('',#2857,0.02);
#120=CIRCLE('',#2858,0.2);
#121=CIRCLE('',#2859,0.2);
#122=CIRCLE('',#2860,0.2);
#123=CIRCLE('',#2861,0.2);
#124=CIRCLE('',#2868,0.27);
#125=CIRCLE('',#2870,0.27);
#126=CIRCLE('',#2871,0.27);
#127=CIRCLE('',#2873,0.27);
#128=CIRCLE('',#2875,0.27);
#129=CIRCLE('',#2877,0.27);
#130=CIRCLE('',#2878,0.27);
#131=CIRCLE('',#2880,0.27);
#132=CIRCLE('',#2882,0.2);
#133=CIRCLE('',#2883,0.2);
#134=CIRCLE('',#2885,0.2);
#135=CIRCLE('',#2886,0.2);
#136=CIRCLE('',#2887,0.0399999999999998);
#137=CIRCLE('',#2888,0.04);
#138=CIRCLE('',#2891,0.2);
#139=CIRCLE('',#2894,0.04);
#140=CIRCLE('',#2895,0.04);
#141=CIRCLE('',#2896,0.2);
#142=CIRCLE('',#2900,0.04);
#143=CIRCLE('',#2903,0.04);
#144=CIRCLE('',#2908,0.0199999999999999);
#145=CIRCLE('',#2909,0.02);
#146=CIRCLE('',#2910,0.02);
#147=CIRCLE('',#2911,0.02);
#148=CIRCLE('',#2919,0.0199999999999999);
#149=CIRCLE('',#2922,0.02);
#150=CIRCLE('',#2926,0.2);
#151=CIRCLE('',#2927,0.2);
#152=CIRCLE('',#2930,0.2);
#153=CIRCLE('',#2931,0.2);
#154=CIRCLE('',#2934,0.2);
#155=CIRCLE('',#2935,0.2);
#156=CIRCLE('',#2938,0.2);
#157=CIRCLE('',#2939,0.2);
#158=CIRCLE('',#2941,0.04);
#159=CIRCLE('',#2942,0.0399999999999998);
#160=CIRCLE('',#2948,0.02);
#161=CIRCLE('',#2951,0.02);
#162=CIRCLE('',#2954,0.02);
#163=CIRCLE('',#2957,0.02);
#164=CIRCLE('',#2960,0.02);
#165=CIRCLE('',#2963,0.02);
#166=CIRCLE('',#2965,0.2);
#167=CIRCLE('',#2968,0.2);
#168=CIRCLE('',#2971,0.2);
#169=CIRCLE('',#2974,0.2);
#170=CIRCLE('',#2977,0.2);
#171=CIRCLE('',#2978,0.2);
#172=CIRCLE('',#2981,0.2);
#173=CIRCLE('',#2982,0.2);
#174=CIRCLE('',#2985,0.2);
#175=CIRCLE('',#2986,0.2);
#176=CIRCLE('',#2989,0.2);
#177=CIRCLE('',#2990,0.2);
#178=CIRCLE('',#3009,0.45);
#179=CIRCLE('',#3012,0.45);
#180=CIRCLE('',#3015,0.45);
#181=CIRCLE('',#3018,0.45);
#182=FACE_OUTER_BOUND('',#327,.T.);
#183=FACE_OUTER_BOUND('',#328,.T.);
#184=FACE_OUTER_BOUND('',#329,.T.);
#185=FACE_OUTER_BOUND('',#330,.T.);
#186=FACE_OUTER_BOUND('',#331,.T.);
#187=FACE_OUTER_BOUND('',#332,.T.);
#188=FACE_OUTER_BOUND('',#333,.T.);
#189=FACE_OUTER_BOUND('',#334,.T.);
#190=FACE_OUTER_BOUND('',#335,.T.);
#191=FACE_OUTER_BOUND('',#336,.T.);
#192=FACE_OUTER_BOUND('',#337,.T.);
#193=FACE_OUTER_BOUND('',#338,.T.);
#194=FACE_OUTER_BOUND('',#339,.T.);
#195=FACE_OUTER_BOUND('',#340,.T.);
#196=FACE_OUTER_BOUND('',#341,.T.);
#197=FACE_OUTER_BOUND('',#342,.T.);
#198=FACE_OUTER_BOUND('',#343,.T.);
#199=FACE_OUTER_BOUND('',#344,.T.);
#200=FACE_OUTER_BOUND('',#345,.T.);
#201=FACE_OUTER_BOUND('',#346,.T.);
#202=FACE_OUTER_BOUND('',#347,.T.);
#203=FACE_OUTER_BOUND('',#348,.T.);
#204=FACE_OUTER_BOUND('',#349,.T.);
#205=FACE_OUTER_BOUND('',#354,.T.);
#206=FACE_OUTER_BOUND('',#355,.T.);
#207=FACE_OUTER_BOUND('',#356,.T.);
#208=FACE_OUTER_BOUND('',#357,.T.);
#209=FACE_OUTER_BOUND('',#358,.T.);
#210=FACE_OUTER_BOUND('',#363,.T.);
#211=FACE_OUTER_BOUND('',#364,.T.);
#212=FACE_OUTER_BOUND('',#365,.T.);
#213=FACE_OUTER_BOUND('',#366,.T.);
#214=FACE_OUTER_BOUND('',#367,.T.);
#215=FACE_OUTER_BOUND('',#368,.T.);
#216=FACE_OUTER_BOUND('',#369,.T.);
#217=FACE_OUTER_BOUND('',#371,.T.);
#218=FACE_OUTER_BOUND('',#372,.T.);
#219=FACE_OUTER_BOUND('',#373,.T.);
#220=FACE_OUTER_BOUND('',#374,.T.);
#221=FACE_OUTER_BOUND('',#375,.T.);
#222=FACE_OUTER_BOUND('',#376,.T.);
#223=FACE_OUTER_BOUND('',#377,.T.);
#224=FACE_OUTER_BOUND('',#378,.T.);
#225=FACE_OUTER_BOUND('',#379,.T.);
#226=FACE_OUTER_BOUND('',#380,.T.);
#227=FACE_OUTER_BOUND('',#381,.T.);
#228=FACE_OUTER_BOUND('',#382,.T.);
#229=FACE_OUTER_BOUND('',#383,.T.);
#230=FACE_OUTER_BOUND('',#384,.T.);
#231=FACE_OUTER_BOUND('',#385,.T.);
#232=FACE_OUTER_BOUND('',#386,.T.);
#233=FACE_OUTER_BOUND('',#387,.T.);
#234=FACE_OUTER_BOUND('',#388,.T.);
#235=FACE_OUTER_BOUND('',#389,.T.);
#236=FACE_OUTER_BOUND('',#390,.T.);
#237=FACE_OUTER_BOUND('',#391,.T.);
#238=FACE_OUTER_BOUND('',#392,.T.);
#239=FACE_OUTER_BOUND('',#393,.T.);
#240=FACE_OUTER_BOUND('',#394,.T.);
#241=FACE_OUTER_BOUND('',#395,.T.);
#242=FACE_OUTER_BOUND('',#396,.T.);
#243=FACE_OUTER_BOUND('',#397,.T.);
#244=FACE_OUTER_BOUND('',#398,.T.);
#245=FACE_OUTER_BOUND('',#399,.T.);
#246=FACE_OUTER_BOUND('',#400,.T.);
#247=FACE_OUTER_BOUND('',#401,.T.);
#248=FACE_OUTER_BOUND('',#402,.T.);
#249=FACE_OUTER_BOUND('',#403,.T.);
#250=FACE_OUTER_BOUND('',#404,.T.);
#251=FACE_OUTER_BOUND('',#405,.T.);
#252=FACE_OUTER_BOUND('',#406,.T.);
#253=FACE_OUTER_BOUND('',#407,.T.);
#254=FACE_OUTER_BOUND('',#408,.T.);
#255=FACE_OUTER_BOUND('',#409,.T.);
#256=FACE_OUTER_BOUND('',#410,.T.);
#257=FACE_OUTER_BOUND('',#411,.T.);
#258=FACE_OUTER_BOUND('',#412,.T.);
#259=FACE_OUTER_BOUND('',#413,.T.);
#260=FACE_OUTER_BOUND('',#414,.T.);
#261=FACE_OUTER_BOUND('',#415,.T.);
#262=FACE_OUTER_BOUND('',#417,.T.);
#263=FACE_OUTER_BOUND('',#418,.T.);
#264=FACE_OUTER_BOUND('',#419,.T.);
#265=FACE_OUTER_BOUND('',#420,.T.);
#266=FACE_OUTER_BOUND('',#421,.T.);
#267=FACE_OUTER_BOUND('',#422,.T.);
#268=FACE_OUTER_BOUND('',#423,.T.);
#269=FACE_OUTER_BOUND('',#424,.T.);
#270=FACE_OUTER_BOUND('',#425,.T.);
#271=FACE_OUTER_BOUND('',#426,.T.);
#272=FACE_OUTER_BOUND('',#427,.T.);
#273=FACE_OUTER_BOUND('',#428,.T.);
#274=FACE_OUTER_BOUND('',#429,.T.);
#275=FACE_OUTER_BOUND('',#430,.T.);
#276=FACE_OUTER_BOUND('',#431,.T.);
#277=FACE_OUTER_BOUND('',#432,.T.);
#278=FACE_OUTER_BOUND('',#433,.T.);
#279=FACE_OUTER_BOUND('',#434,.T.);
#280=FACE_OUTER_BOUND('',#435,.T.);
#281=FACE_OUTER_BOUND('',#436,.T.);
#282=FACE_OUTER_BOUND('',#437,.T.);
#283=FACE_OUTER_BOUND('',#438,.T.);
#284=FACE_OUTER_BOUND('',#439,.T.);
#285=FACE_OUTER_BOUND('',#440,.T.);
#286=FACE_OUTER_BOUND('',#441,.T.);
#287=FACE_OUTER_BOUND('',#442,.T.);
#288=FACE_OUTER_BOUND('',#443,.T.);
#289=FACE_OUTER_BOUND('',#444,.T.);
#290=FACE_OUTER_BOUND('',#445,.T.);
#291=FACE_OUTER_BOUND('',#446,.T.);
#292=FACE_OUTER_BOUND('',#447,.T.);
#293=FACE_OUTER_BOUND('',#448,.T.);
#294=FACE_OUTER_BOUND('',#449,.T.);
#295=FACE_OUTER_BOUND('',#450,.T.);
#296=FACE_OUTER_BOUND('',#451,.T.);
#297=FACE_OUTER_BOUND('',#452,.T.);
#298=FACE_OUTER_BOUND('',#453,.T.);
#299=FACE_OUTER_BOUND('',#454,.T.);
#300=FACE_OUTER_BOUND('',#455,.T.);
#301=FACE_OUTER_BOUND('',#456,.T.);
#302=FACE_OUTER_BOUND('',#457,.T.);
#303=FACE_OUTER_BOUND('',#458,.T.);
#304=FACE_OUTER_BOUND('',#459,.T.);
#305=FACE_OUTER_BOUND('',#460,.T.);
#306=FACE_OUTER_BOUND('',#461,.T.);
#307=FACE_OUTER_BOUND('',#462,.T.);
#308=FACE_OUTER_BOUND('',#463,.T.);
#309=FACE_OUTER_BOUND('',#464,.T.);
#310=FACE_OUTER_BOUND('',#465,.T.);
#311=FACE_OUTER_BOUND('',#467,.T.);
#312=FACE_OUTER_BOUND('',#468,.T.);
#313=FACE_OUTER_BOUND('',#470,.T.);
#314=FACE_OUTER_BOUND('',#471,.T.);
#315=FACE_OUTER_BOUND('',#473,.T.);
#316=FACE_OUTER_BOUND('',#474,.T.);
#317=FACE_OUTER_BOUND('',#476,.T.);
#318=FACE_OUTER_BOUND('',#477,.T.);
#319=FACE_OUTER_BOUND('',#478,.T.);
#320=FACE_OUTER_BOUND('',#479,.T.);
#321=FACE_OUTER_BOUND('',#480,.T.);
#322=FACE_OUTER_BOUND('',#481,.T.);
#323=FACE_OUTER_BOUND('',#482,.T.);
#324=FACE_OUTER_BOUND('',#486,.T.);
#325=FACE_OUTER_BOUND('',#487,.T.);
#326=FACE_OUTER_BOUND('',#488,.T.);
#327=EDGE_LOOP('',(#1737,#1738,#1739,#1740));
#328=EDGE_LOOP('',(#1741,#1742,#1743,#1744,#1745,#1746));
#329=EDGE_LOOP('',(#1747,#1748,#1749,#1750));
#330=EDGE_LOOP('',(#1751,#1752,#1753,#1754));
#331=EDGE_LOOP('',(#1755,#1756,#1757,#1758,#1759,#1760));
#332=EDGE_LOOP('',(#1761,#1762,#1763,#1764));
#333=EDGE_LOOP('',(#1765,#1766,#1767,#1768));
#334=EDGE_LOOP('',(#1769,#1770,#1771,#1772));
#335=EDGE_LOOP('',(#1773,#1774,#1775,#1776,#1777,#1778));
#336=EDGE_LOOP('',(#1779,#1780,#1781,#1782));
#337=EDGE_LOOP('',(#1783,#1784,#1785,#1786,#1787,#1788,#1789));
#338=EDGE_LOOP('',(#1790,#1791,#1792,#1793));
#339=EDGE_LOOP('',(#1794,#1795,#1796,#1797,#1798,#1799,#1800,#1801));
#340=EDGE_LOOP('',(#1802,#1803,#1804,#1805,#1806,#1807,#1808,#1809,#1810,
#1811,#1812,#1813));
#341=EDGE_LOOP('',(#1814,#1815,#1816,#1817,#1818,#1819,#1820,#1821));
#342=EDGE_LOOP('',(#1822,#1823,#1824,#1825));
#343=EDGE_LOOP('',(#1826,#1827,#1828,#1829,#1830,#1831,#1832));
#344=EDGE_LOOP('',(#1833,#1834,#1835,#1836));
#345=EDGE_LOOP('',(#1837,#1838,#1839,#1840,#1841,#1842));
#346=EDGE_LOOP('',(#1843,#1844,#1845,#1846));
#347=EDGE_LOOP('',(#1847,#1848,#1849,#1850));
#348=EDGE_LOOP('',(#1851,#1852,#1853,#1854));
#349=EDGE_LOOP('',(#1855,#1856,#1857,#1858,#1859,#1860,#1861,#1862,#1863,
#1864,#1865,#1866,#1867,#1868,#1869,#1870,#1871,#1872,#1873,#1874,#1875,
#1876,#1877,#1878,#1879,#1880,#1881,#1882,#1883,#1884));
#350=EDGE_LOOP('',(#1885));
#351=EDGE_LOOP('',(#1886));
#352=EDGE_LOOP('',(#1887));
#353=EDGE_LOOP('',(#1888));
#354=EDGE_LOOP('',(#1889,#1890,#1891,#1892,#1893,#1894,#1895,#1896));
#355=EDGE_LOOP('',(#1897,#1898,#1899,#1900));
#356=EDGE_LOOP('',(#1901,#1902,#1903,#1904,#1905,#1906));
#357=EDGE_LOOP('',(#1907,#1908,#1909,#1910,#1911,#1912,#1913,#1914));
#358=EDGE_LOOP('',(#1915,#1916,#1917,#1918,#1919,#1920,#1921,#1922,#1923,
#1924,#1925,#1926,#1927,#1928,#1929,#1930,#1931,#1932,#1933,#1934,#1935,
#1936,#1937,#1938,#1939,#1940,#1941,#1942));
#359=EDGE_LOOP('',(#1943));
#360=EDGE_LOOP('',(#1944));
#361=EDGE_LOOP('',(#1945));
#362=EDGE_LOOP('',(#1946));
#363=EDGE_LOOP('',(#1947,#1948,#1949,#1950,#1951,#1952));
#364=EDGE_LOOP('',(#1953,#1954,#1955,#1956));
#365=EDGE_LOOP('',(#1957,#1958,#1959,#1960,#1961,#1962));
#366=EDGE_LOOP('',(#1963,#1964,#1965,#1966));
#367=EDGE_LOOP('',(#1967,#1968,#1969,#1970));
#368=EDGE_LOOP('',(#1971,#1972,#1973,#1974,#1975,#1976,#1977,#1978,#1979,
#1980,#1981,#1982));
#369=EDGE_LOOP('',(#1983,#1984,#1985,#1986,#1987,#1988,#1989,#1990,#1991,
#1992,#1993,#1994,#1995,#1996,#1997,#1998,#1999,#2000,#2001,#2002,#2003,
#2004,#2005,#2006));
#370=EDGE_LOOP('',(#2007,#2008,#2009,#2010,#2011,#2012,#2013,#2014));
#371=EDGE_LOOP('',(#2015,#2016,#2017,#2018,#2019,#2020));
#372=EDGE_LOOP('',(#2021,#2022,#2023,#2024));
#373=EDGE_LOOP('',(#2025,#2026,#2027,#2028,#2029,#2030));
#374=EDGE_LOOP('',(#2031,#2032,#2033,#2034));
#375=EDGE_LOOP('',(#2035,#2036,#2037,#2038));
#376=EDGE_LOOP('',(#2039,#2040));
#377=EDGE_LOOP('',(#2041,#2042,#2043,#2044,#2045));
#378=EDGE_LOOP('',(#2046,#2047,#2048,#2049));
#379=EDGE_LOOP('',(#2050,#2051));
#380=EDGE_LOOP('',(#2052,#2053,#2054,#2055,#2056));
#381=EDGE_LOOP('',(#2057,#2058,#2059,#2060));
#382=EDGE_LOOP('',(#2061,#2062,#2063,#2064,#2065,#2066,#2067));
#383=EDGE_LOOP('',(#2068,#2069,#2070,#2071,#2072,#2073,#2074,#2075,#2076,
#2077,#2078,#2079,#2080,#2081,#2082,#2083,#2084,#2085,#2086,#2087));
#384=EDGE_LOOP('',(#2088,#2089,#2090));
#385=EDGE_LOOP('',(#2091,#2092,#2093));
#386=EDGE_LOOP('',(#2094,#2095,#2096,#2097,#2098,#2099));
#387=EDGE_LOOP('',(#2100,#2101,#2102,#2103,#2104,#2105,#2106,#2107,#2108,
#2109,#2110,#2111));
#388=EDGE_LOOP('',(#2112,#2113,#2114,#2115,#2116,#2117));
#389=EDGE_LOOP('',(#2118,#2119,#2120,#2121,#2122,#2123,#2124,#2125));
#390=EDGE_LOOP('',(#2126,#2127,#2128,#2129));
#391=EDGE_LOOP('',(#2130,#2131,#2132,#2133));
#392=EDGE_LOOP('',(#2134,#2135,#2136,#2137));
#393=EDGE_LOOP('',(#2138,#2139,#2140,#2141,#2142,#2143));
#394=EDGE_LOOP('',(#2144,#2145,#2146,#2147));
#395=EDGE_LOOP('',(#2148,#2149,#2150,#2151,#2152,#2153));
#396=EDGE_LOOP('',(#2154,#2155,#2156,#2157,#2158,#2159,#2160,#2161,#2162,
#2163,#2164,#2165,#2166,#2167,#2168,#2169));
#397=EDGE_LOOP('',(#2170,#2171,#2172,#2173));
#398=EDGE_LOOP('',(#2174,#2175,#2176,#2177));
#399=EDGE_LOOP('',(#2178,#2179,#2180,#2181));
#400=EDGE_LOOP('',(#2182,#2183,#2184,#2185));
#401=EDGE_LOOP('',(#2186,#2187,#2188,#2189));
#402=EDGE_LOOP('',(#2190,#2191,#2192,#2193,#2194,#2195));
#403=EDGE_LOOP('',(#2196,#2197,#2198,#2199));
#404=EDGE_LOOP('',(#2200,#2201,#2202,#2203));
#405=EDGE_LOOP('',(#2204,#2205,#2206,#2207));
#406=EDGE_LOOP('',(#2208,#2209,#2210,#2211,#2212,#2213));
#407=EDGE_LOOP('',(#2214,#2215,#2216,#2217));
#408=EDGE_LOOP('',(#2218,#2219,#2220,#2221));
#409=EDGE_LOOP('',(#2222,#2223,#2224,#2225));
#410=EDGE_LOOP('',(#2226,#2227,#2228,#2229));
#411=EDGE_LOOP('',(#2230,#2231,#2232,#2233));
#412=EDGE_LOOP('',(#2234,#2235,#2236,#2237));
#413=EDGE_LOOP('',(#2238,#2239,#2240,#2241));
#414=EDGE_LOOP('',(#2242,#2243,#2244,#2245));
#415=EDGE_LOOP('',(#2246,#2247,#2248,#2249,#2250,#2251,#2252,#2253));
#416=EDGE_LOOP('',(#2254,#2255,#2256,#2257,#2258,#2259,#2260,#2261));
#417=EDGE_LOOP('',(#2262,#2263,#2264,#2265,#2266,#2267));
#418=EDGE_LOOP('',(#2268,#2269,#2270,#2271));
#419=EDGE_LOOP('',(#2272,#2273,#2274,#2275));
#420=EDGE_LOOP('',(#2276,#2277,#2278,#2279));
#421=EDGE_LOOP('',(#2280,#2281,#2282,#2283));
#422=EDGE_LOOP('',(#2284,#2285,#2286,#2287));
#423=EDGE_LOOP('',(#2288,#2289,#2290,#2291));
#424=EDGE_LOOP('',(#2292,#2293,#2294,#2295,#2296,#2297));
#425=EDGE_LOOP('',(#2298,#2299,#2300,#2301));
#426=EDGE_LOOP('',(#2302,#2303,#2304,#2305));
#427=EDGE_LOOP('',(#2306,#2307,#2308,#2309));
#428=EDGE_LOOP('',(#2310,#2311,#2312,#2313,#2314,#2315));
#429=EDGE_LOOP('',(#2316,#2317,#2318,#2319));
#430=EDGE_LOOP('',(#2320,#2321,#2322,#2323));
#431=EDGE_LOOP('',(#2324,#2325,#2326,#2327));
#432=EDGE_LOOP('',(#2328,#2329,#2330,#2331));
#433=EDGE_LOOP('',(#2332));
#434=EDGE_LOOP('',(#2333,#2334,#2335,#2336));
#435=EDGE_LOOP('',(#2337));
#436=EDGE_LOOP('',(#2338,#2339,#2340,#2341));
#437=EDGE_LOOP('',(#2342));
#438=EDGE_LOOP('',(#2343,#2344,#2345,#2346));
#439=EDGE_LOOP('',(#2347));
#440=EDGE_LOOP('',(#2348,#2349,#2350,#2351));
#441=EDGE_LOOP('',(#2352));
#442=EDGE_LOOP('',(#2353,#2354,#2355,#2356));
#443=EDGE_LOOP('',(#2357));
#444=EDGE_LOOP('',(#2358,#2359,#2360,#2361));
#445=EDGE_LOOP('',(#2362));
#446=EDGE_LOOP('',(#2363,#2364,#2365,#2366));
#447=EDGE_LOOP('',(#2367));
#448=EDGE_LOOP('',(#2368,#2369,#2370,#2371,#2372,#2373));
#449=EDGE_LOOP('',(#2374,#2375,#2376,#2377,#2378,#2379,#2380));
#450=EDGE_LOOP('',(#2381,#2382,#2383,#2384));
#451=EDGE_LOOP('',(#2385,#2386,#2387,#2388));
#452=EDGE_LOOP('',(#2389,#2390,#2391,#2392));
#453=EDGE_LOOP('',(#2393,#2394,#2395,#2396,#2397,#2398));
#454=EDGE_LOOP('',(#2399,#2400,#2401,#2402));
#455=EDGE_LOOP('',(#2403,#2404,#2405,#2406));
#456=EDGE_LOOP('',(#2407,#2408,#2409,#2410));
#457=EDGE_LOOP('',(#2411,#2412,#2413,#2414));
#458=EDGE_LOOP('',(#2415,#2416,#2417,#2418));
#459=EDGE_LOOP('',(#2419,#2420,#2421,#2422));
#460=EDGE_LOOP('',(#2423,#2424,#2425,#2426));
#461=EDGE_LOOP('',(#2427,#2428,#2429,#2430));
#462=EDGE_LOOP('',(#2431,#2432,#2433,#2434));
#463=EDGE_LOOP('',(#2435,#2436,#2437,#2438));
#464=EDGE_LOOP('',(#2439,#2440,#2441,#2442));
#465=EDGE_LOOP('',(#2443));
#466=EDGE_LOOP('',(#2444));
#467=EDGE_LOOP('',(#2445,#2446,#2447,#2448));
#468=EDGE_LOOP('',(#2449));
#469=EDGE_LOOP('',(#2450));
#470=EDGE_LOOP('',(#2451,#2452,#2453,#2454));
#471=EDGE_LOOP('',(#2455));
#472=EDGE_LOOP('',(#2456));
#473=EDGE_LOOP('',(#2457,#2458,#2459,#2460));
#474=EDGE_LOOP('',(#2461));
#475=EDGE_LOOP('',(#2462));
#476=EDGE_LOOP('',(#2463,#2464,#2465,#2466,#2467,#2468));
#477=EDGE_LOOP('',(#2469,#2470,#2471,#2472));
#478=EDGE_LOOP('',(#2473,#2474,#2475,#2476));
#479=EDGE_LOOP('',(#2477,#2478,#2479,#2480));
#480=EDGE_LOOP('',(#2481,#2482,#2483,#2484));
#481=EDGE_LOOP('',(#2485,#2486,#2487,#2488));
#482=EDGE_LOOP('',(#2489,#2490,#2491,#2492));
#483=EDGE_LOOP('',(#2493,#2494,#2495,#2496,#2497,#2498,#2499,#2500));
#484=EDGE_LOOP('',(#2501,#2502,#2503,#2504,#2505,#2506,#2507,#2508));
#485=EDGE_LOOP('',(#2509,#2510,#2511,#2512,#2513,#2514,#2515,#2516));
#486=EDGE_LOOP('',(#2517,#2518,#2519,#2520));
#487=EDGE_LOOP('',(#2521,#2522,#2523,#2524));
#488=EDGE_LOOP('',(#2525,#2526,#2527,#2528));
#489=LINE('',#3820,#783);
#490=LINE('',#3822,#784);
#491=LINE('',#3824,#785);
#492=LINE('',#3825,#786);
#493=LINE('',#3829,#787);
#494=LINE('',#3831,#788);
#495=LINE('',#3833,#789);
#496=LINE('',#3834,#790);
#497=LINE('',#3835,#791);
#498=LINE('',#3838,#792);
#499=LINE('',#3840,#793);
#500=LINE('',#3841,#794);
#501=LINE('',#3844,#795);
#502=LINE('',#3845,#796);
#503=LINE('',#3848,#797);
#504=LINE('',#3850,#798);
#505=LINE('',#3852,#799);
#506=LINE('',#3853,#800);
#507=LINE('',#3856,#801);
#508=LINE('',#3857,#802);
#509=LINE('',#3861,#803);
#510=LINE('',#3863,#804);
#511=LINE('',#3865,#805);
#512=LINE('',#3866,#806);
#513=LINE('',#3869,#807);
#514=LINE('',#3871,#808);
#515=LINE('',#3872,#809);
#516=LINE('',#3875,#810);
#517=LINE('',#3877,#811);
#518=LINE('',#3879,#812);
#519=LINE('',#3880,#813);
#520=LINE('',#3883,#814);
#521=LINE('',#3885,#815);
#522=LINE('',#3886,#816);
#523=LINE('',#3889,#817);
#524=LINE('',#3891,#818);
#525=LINE('',#3893,#819);
#526=LINE('',#3896,#820);
#527=LINE('',#3899,#821);
#528=LINE('',#3901,#822);
#529=LINE('',#3902,#823);
#530=LINE('',#3905,#824);
#531=LINE('',#3907,#825);
#532=LINE('',#3909,#826);
#533=LINE('',#3911,#827);
#534=LINE('',#3912,#828);
#535=LINE('',#3918,#829);
#536=LINE('',#3920,#830);
#537=LINE('',#3921,#831);
#538=LINE('',#3923,#832);
#539=LINE('',#3927,#833);
#540=LINE('',#3931,#834);
#541=LINE('',#3934,#835);
#542=LINE('',#3937,#836);
#543=LINE('',#3938,#837);
#544=LINE('',#3942,#838);
#545=LINE('',#3944,#839);
#546=LINE('',#3946,#840);
#547=LINE('',#3947,#841);
#548=LINE('',#3951,#842);
#549=LINE('',#3952,#843);
#550=LINE('',#3955,#844);
#551=LINE('',#3956,#845);
#552=LINE('',#3961,#846);
#553=LINE('',#3966,#847);
#554=LINE('',#3967,#848);
#555=LINE('',#3968,#849);
#556=LINE('',#3970,#850);
#557=LINE('',#3974,#851);
#558=LINE('',#3977,#852);
#559=LINE('',#3981,#853);
#560=LINE('',#3985,#854);
#561=LINE('',#3989,#855);
#562=LINE('',#3991,#856);
#563=LINE('',#3993,#857);
#564=LINE('',#3995,#858);
#565=LINE('',#3997,#859);
#566=LINE('',#3999,#860);
#567=LINE('',#4001,#861);
#568=LINE('',#4003,#862);
#569=LINE('',#4005,#863);
#570=LINE('',#4009,#864);
#571=LINE('',#4013,#865);
#572=LINE('',#4017,#866);
#573=LINE('',#4020,#867);
#574=LINE('',#4021,#868);
#575=LINE('',#4031,#869);
#576=LINE('',#4032,#870);
#577=LINE('',#4036,#871);
#578=LINE('',#4037,#872);
#579=LINE('',#4040,#873);
#580=LINE('',#4041,#874);
#581=LINE('',#4046,#875);
#582=LINE('',#4050,#876);
#583=LINE('',#4053,#877);
#584=LINE('',#4057,#878);
#585=LINE('',#4061,#879);
#586=LINE('',#4065,#880);
#587=LINE('',#4069,#881);
#588=LINE('',#4073,#882);
#589=LINE('',#4077,#883);
#590=LINE('',#4080,#884);
#591=LINE('',#4092,#885);
#592=LINE('',#4094,#886);
#593=LINE('',#4096,#887);
#594=LINE('',#4097,#888);
#595=LINE('',#4098,#889);
#596=LINE('',#4101,#890);
#597=LINE('',#4103,#891);
#598=LINE('',#4104,#892);
#599=LINE('',#4107,#893);
#600=LINE('',#4108,#894);
#601=LINE('',#4110,#895);
#602=LINE('',#4111,#896);
#603=LINE('',#4113,#897);
#604=LINE('',#4117,#898);
#605=LINE('',#4119,#899);
#606=LINE('',#4121,#900);
#607=LINE('',#4123,#901);
#608=LINE('',#4125,#902);
#609=LINE('',#4127,#903);
#610=LINE('',#4129,#904);
#611=LINE('',#4131,#905);
#612=LINE('',#4132,#906);
#613=LINE('',#4135,#907);
#614=LINE('',#4137,#908);
#615=LINE('',#4139,#909);
#616=LINE('',#4143,#910);
#617=LINE('',#4147,#911);
#618=LINE('',#4149,#912);
#619=LINE('',#4151,#913);
#620=LINE('',#4155,#914);
#621=LINE('',#4159,#915);
#622=LINE('',#4161,#916);
#623=LINE('',#4162,#917);
#624=LINE('',#4163,#918);
#625=LINE('',#4164,#919);
#626=LINE('',#4165,#920);
#627=LINE('',#4168,#921);
#628=LINE('',#4172,#922);
#629=LINE('',#4176,#923);
#630=LINE('',#4180,#924);
#631=LINE('',#4184,#925);
#632=LINE('',#4186,#926);
#633=LINE('',#4187,#927);
#634=LINE('',#4190,#928);
#635=LINE('',#4191,#929);
#636=LINE('',#4193,#930);
#637=LINE('',#4195,#931);
#638=LINE('',#4196,#932);
#639=LINE('',#4198,#933);
#640=LINE('',#4203,#934);
#641=LINE('',#4210,#935);
#642=LINE('',#4220,#936);
#643=LINE('',#4223,#937);
#644=LINE('',#4225,#938);
#645=LINE('',#4230,#939);
#646=LINE('',#4237,#940);
#647=LINE('',#4247,#941);
#648=LINE('',#4250,#942);
#649=LINE('',#4252,#943);
#650=LINE('',#4255,#944);
#651=LINE('',#4257,#945);
#652=LINE('',#4261,#946);
#653=LINE('',#4265,#947);
#654=LINE('',#4267,#948);
#655=LINE('',#4271,#949);
#656=LINE('',#4275,#950);
#657=LINE('',#4276,#951);
#658=LINE('',#4278,#952);
#659=LINE('',#4280,#953);
#660=LINE('',#4284,#954);
#661=LINE('',#4288,#955);
#662=LINE('',#4289,#956);
#663=LINE('',#4291,#957);
#664=LINE('',#4294,#958);
#665=LINE('',#4298,#959);
#666=LINE('',#4300,#960);
#667=LINE('',#4301,#961);
#668=LINE('',#4305,#962);
#669=LINE('',#4309,#963);
#670=LINE('',#4312,#964);
#671=LINE('',#4314,#965);
#672=LINE('',#4317,#966);
#673=LINE('',#4319,#967);
#674=LINE('',#4320,#968);
#675=LINE('',#4322,#969);
#676=LINE('',#4323,#970);
#677=LINE('',#4325,#971);
#678=LINE('',#4326,#972);
#679=LINE('',#4329,#973);
#680=LINE('',#4332,#974);
#681=LINE('',#4335,#975);
#682=LINE('',#4336,#976);
#683=LINE('',#4340,#977);
#684=LINE('',#4343,#978);
#685=LINE('',#4344,#979);
#686=LINE('',#4346,#980);
#687=LINE('',#4348,#981);
#688=LINE('',#4349,#982);
#689=LINE('',#4353,#983);
#690=LINE('',#4357,#984);
#691=LINE('',#4361,#985);
#692=LINE('',#4363,#986);
#693=LINE('',#4364,#987);
#694=LINE('',#4366,#988);
#695=LINE('',#4368,#989);
#696=LINE('',#4370,#990);
#697=LINE('',#4374,#991);
#698=LINE('',#4378,#992);
#699=LINE('',#4379,#993);
#700=LINE('',#4381,#994);
#701=LINE('',#4382,#995);
#702=LINE('',#4384,#996);
#703=LINE('',#4385,#997);
#704=LINE('',#4389,#998);
#705=LINE('',#4390,#999);
#706=LINE('',#4393,#1000);
#707=LINE('',#4395,#1001);
#708=LINE('',#4396,#1002);
#709=LINE('',#4400,#1003);
#710=LINE('',#4403,#1004);
#711=LINE('',#4404,#1005);
#712=LINE('',#4408,#1006);
#713=LINE('',#4411,#1007);
#714=LINE('',#4412,#1008);
#715=LINE('',#4416,#1009);
#716=LINE('',#4418,#1010);
#717=LINE('',#4420,#1011);
#718=LINE('',#4421,#1012);
#719=LINE('',#4426,#1013);
#720=LINE('',#4430,#1014);
#721=LINE('',#4432,#1015);
#722=LINE('',#4433,#1016);
#723=LINE('',#4438,#1017);
#724=LINE('',#4442,#1018);
#725=LINE('',#4444,#1019);
#726=LINE('',#4445,#1020);
#727=LINE('',#4450,#1021);
#728=LINE('',#4454,#1022);
#729=LINE('',#4456,#1023);
#730=LINE('',#4457,#1024);
#731=LINE('',#4463,#1025);
#732=LINE('',#4467,#1026);
#733=LINE('',#4470,#1027);
#734=LINE('',#4472,#1028);
#735=LINE('',#4474,#1029);
#736=LINE('',#4478,#1030);
#737=LINE('',#4482,#1031);
#738=LINE('',#4483,#1032);
#739=LINE('',#4488,#1033);
#740=LINE('',#4490,#1034);
#741=LINE('',#4491,#1035);
#742=LINE('',#4494,#1036);
#743=LINE('',#4498,#1037);
#744=LINE('',#4499,#1038);
#745=LINE('',#4502,#1039);
#746=LINE('',#4506,#1040);
#747=LINE('',#4507,#1041);
#748=LINE('',#4511,#1042);
#749=LINE('',#4514,#1043);
#750=LINE('',#4515,#1044);
#751=LINE('',#4521,#1045);
#752=LINE('',#4526,#1046);
#753=LINE('',#4531,#1047);
#754=LINE('',#4536,#1048);
#755=LINE('',#4542,#1049);
#756=LINE('',#4549,#1050);
#757=LINE('',#4556,#1051);
#758=LINE('',#4563,#1052);
#759=LINE('',#4567,#1053);
#760=LINE('',#4570,#1054);
#761=LINE('',#4572,#1055);
#762=LINE('',#4574,#1056);
#763=LINE('',#4577,#1057);
#764=LINE('',#4578,#1058);
#765=LINE('',#4580,#1059);
#766=LINE('',#4582,#1060);
#767=LINE('',#4583,#1061);
#768=LINE('',#4586,#1062);
#769=LINE('',#4588,#1063);
#770=LINE('',#4590,#1064);
#771=LINE('',#4592,#1065);
#772=LINE('',#4593,#1066);
#773=LINE('',#4595,#1067);
#774=LINE('',#4600,#1068);
#775=LINE('',#4605,#1069);
#776=LINE('',#4610,#1070);
#777=LINE('',#4615,#1071);
#778=LINE('',#4622,#1072);
#779=LINE('',#4623,#1073);
#780=LINE('',#4625,#1074);
#781=LINE('',#4627,#1075);
#782=LINE('',#4629,#1076);
#783=VECTOR('',#3034,1.);
#784=VECTOR('',#3035,1.);
#785=VECTOR('',#3036,1.);
#786=VECTOR('',#3037,1.);
#787=VECTOR('',#3040,1.);
#788=VECTOR('',#3041,1.);
#789=VECTOR('',#3042,1.);
#790=VECTOR('',#3043,1.);
#791=VECTOR('',#3044,1.);
#792=VECTOR('',#3047,1.);
#793=VECTOR('',#3048,1.);
#794=VECTOR('',#3049,1.);
#795=VECTOR('',#3052,1.);
#796=VECTOR('',#3053,1.);
#797=VECTOR('',#3056,1.);
#798=VECTOR('',#3057,1.);
#799=VECTOR('',#3058,1.);
#800=VECTOR('',#3059,1.);
#801=VECTOR('',#3062,1.);
#802=VECTOR('',#3063,1.);
#803=VECTOR('',#3066,1.);
#804=VECTOR('',#3067,1.);
#805=VECTOR('',#3068,1.);
#806=VECTOR('',#3069,1.);
#807=VECTOR('',#3072,1.);
#808=VECTOR('',#3073,1.);
#809=VECTOR('',#3074,1.);
#810=VECTOR('',#3077,1.);
#811=VECTOR('',#3078,1.);
#812=VECTOR('',#3079,1.);
#813=VECTOR('',#3080,1.);
#814=VECTOR('',#3083,1.);
#815=VECTOR('',#3084,1.);
#816=VECTOR('',#3085,1.);
#817=VECTOR('',#3088,1.);
#818=VECTOR('',#3089,1.);
#819=VECTOR('',#3090,1.);
#820=VECTOR('',#3093,1.);
#821=VECTOR('',#3096,1.);
#822=VECTOR('',#3097,1.);
#823=VECTOR('',#3098,1.);
#824=VECTOR('',#3101,1.);
#825=VECTOR('',#3102,1.);
#826=VECTOR('',#3103,1.);
#827=VECTOR('',#3104,1.);
#828=VECTOR('',#3105,1.);
#829=VECTOR('',#3110,1.);
#830=VECTOR('',#3111,1.);
#831=VECTOR('',#3112,1.);
#832=VECTOR('',#3113,1.);
#833=VECTOR('',#3116,1.);
#834=VECTOR('',#3119,1.);
#835=VECTOR('',#3122,1.);
#836=VECTOR('',#3125,1.);
#837=VECTOR('',#3126,1.);
#838=VECTOR('',#3129,1.);
#839=VECTOR('',#3130,1.);
#840=VECTOR('',#3131,1.);
#841=VECTOR('',#3132,1.);
#842=VECTOR('',#3137,1.);
#843=VECTOR('',#3138,1.);
#844=VECTOR('',#3141,1.);
#845=VECTOR('',#3142,1.);
#846=VECTOR('',#3147,1.);
#847=VECTOR('',#3152,1.);
#848=VECTOR('',#3153,1.);
#849=VECTOR('',#3154,1.);
#850=VECTOR('',#3157,1.);
#851=VECTOR('',#3162,1.);
#852=VECTOR('',#3165,1.);
#853=VECTOR('',#3168,1.);
#854=VECTOR('',#3171,1.);
#855=VECTOR('',#3174,1.);
#856=VECTOR('',#3175,1.);
#857=VECTOR('',#3176,1.);
#858=VECTOR('',#3177,1.);
#859=VECTOR('',#3178,1.);
#860=VECTOR('',#3179,1.);
#861=VECTOR('',#3180,1.);
#862=VECTOR('',#3181,1.);
#863=VECTOR('',#3182,1.);
#864=VECTOR('',#3185,1.);
#865=VECTOR('',#3188,1.);
#866=VECTOR('',#3191,1.);
#867=VECTOR('',#3194,1.);
#868=VECTOR('',#3195,1.);
#869=VECTOR('',#3206,1.);
#870=VECTOR('',#3207,1.);
#871=VECTOR('',#3212,1.);
#872=VECTOR('',#3213,1.);
#873=VECTOR('',#3216,1.);
#874=VECTOR('',#3217,1.);
#875=VECTOR('',#3222,1.);
#876=VECTOR('',#3225,1.);
#877=VECTOR('',#3228,1.);
#878=VECTOR('',#3231,1.);
#879=VECTOR('',#3234,1.);
#880=VECTOR('',#3237,1.);
#881=VECTOR('',#3240,1.);
#882=VECTOR('',#3243,1.);
#883=VECTOR('',#3246,1.);
#884=VECTOR('',#3249,1.);
#885=VECTOR('',#3260,1.);
#886=VECTOR('',#3261,1.);
#887=VECTOR('',#3262,1.);
#888=VECTOR('',#3263,1.);
#889=VECTOR('',#3264,1.);
#890=VECTOR('',#3267,1.);
#891=VECTOR('',#3268,1.);
#892=VECTOR('',#3269,1.);
#893=VECTOR('',#3272,1.);
#894=VECTOR('',#3273,1.);
#895=VECTOR('',#3274,1.);
#896=VECTOR('',#3275,1.);
#897=VECTOR('',#3278,1.);
#898=VECTOR('',#3283,1.);
#899=VECTOR('',#3284,1.);
#900=VECTOR('',#3285,1.);
#901=VECTOR('',#3286,1.);
#902=VECTOR('',#3287,1.);
#903=VECTOR('',#3288,1.);
#904=VECTOR('',#3289,1.);
#905=VECTOR('',#3290,1.);
#906=VECTOR('',#3291,1.);
#907=VECTOR('',#3294,1.);
#908=VECTOR('',#3295,1.);
#909=VECTOR('',#3296,1.);
#910=VECTOR('',#3299,1.);
#911=VECTOR('',#3302,1.);
#912=VECTOR('',#3303,1.);
#913=VECTOR('',#3304,1.);
#914=VECTOR('',#3307,1.);
#915=VECTOR('',#3310,1.);
#916=VECTOR('',#3311,1.);
#917=VECTOR('',#3312,1.);
#918=VECTOR('',#3313,1.);
#919=VECTOR('',#3314,1.);
#920=VECTOR('',#3315,1.);
#921=VECTOR('',#3316,1.);
#922=VECTOR('',#3319,1.);
#923=VECTOR('',#3322,1.);
#924=VECTOR('',#3325,1.);
#925=VECTOR('',#3330,1.);
#926=VECTOR('',#3331,1.);
#927=VECTOR('',#3332,1.);
#928=VECTOR('',#3335,1.);
#929=VECTOR('',#3336,1.);
#930=VECTOR('',#3339,1.);
#931=VECTOR('',#3340,1.);
#932=VECTOR('',#3341,1.);
#933=VECTOR('',#3344,1.);
#934=VECTOR('',#3349,1.);
#935=VECTOR('',#3356,1.);
#936=VECTOR('',#3359,1.);
#937=VECTOR('',#3362,1.);
#938=VECTOR('',#3363,1.);
#939=VECTOR('',#3368,1.);
#940=VECTOR('',#3375,1.);
#941=VECTOR('',#3378,1.);
#942=VECTOR('',#3381,1.);
#943=VECTOR('',#3382,1.);
#944=VECTOR('',#3387,1.);
#945=VECTOR('',#3388,1.);
#946=VECTOR('',#3391,1.);
#947=VECTOR('',#3396,1.);
#948=VECTOR('',#3397,1.);
#949=VECTOR('',#3400,1.);
#950=VECTOR('',#3403,1.);
#951=VECTOR('',#3404,1.);
#952=VECTOR('',#3405,1.);
#953=VECTOR('',#3406,1.);
#954=VECTOR('',#3409,1.);
#955=VECTOR('',#3412,1.);
#956=VECTOR('',#3413,1.);
#957=VECTOR('',#3416,1.);
#958=VECTOR('',#3419,1.);
#959=VECTOR('',#3424,1.);
#960=VECTOR('',#3425,1.);
#961=VECTOR('',#3426,1.);
#962=VECTOR('',#3429,1.);
#963=VECTOR('',#3432,1.);
#964=VECTOR('',#3435,1.);
#965=VECTOR('',#3436,1.);
#966=VECTOR('',#3439,1.);
#967=VECTOR('',#3440,1.);
#968=VECTOR('',#3441,1.);
#969=VECTOR('',#3444,1.);
#970=VECTOR('',#3445,1.);
#971=VECTOR('',#3448,1.);
#972=VECTOR('',#3449,1.);
#973=VECTOR('',#3452,1.);
#974=VECTOR('',#3455,1.);
#975=VECTOR('',#3458,1.);
#976=VECTOR('',#3459,1.);
#977=VECTOR('',#3464,1.);
#978=VECTOR('',#3467,1.);
#979=VECTOR('',#3468,1.);
#980=VECTOR('',#3471,1.);
#981=VECTOR('',#3474,1.);
#982=VECTOR('',#3475,1.);
#983=VECTOR('',#3478,1.);
#984=VECTOR('',#3481,1.);
#985=VECTOR('',#3484,1.);
#986=VECTOR('',#3485,1.);
#987=VECTOR('',#3486,1.);
#988=VECTOR('',#3487,1.);
#989=VECTOR('',#3488,1.);
#990=VECTOR('',#3489,1.);
#991=VECTOR('',#3492,1.);
#992=VECTOR('',#3495,1.);
#993=VECTOR('',#3496,1.);
#994=VECTOR('',#3499,1.);
#995=VECTOR('',#3500,1.);
#996=VECTOR('',#3503,1.);
#997=VECTOR('',#3504,1.);
#998=VECTOR('',#3511,1.);
#999=VECTOR('',#3512,1.);
#1000=VECTOR('',#3515,1.);
#1001=VECTOR('',#3516,1.);
#1002=VECTOR('',#3517,1.);
#1003=VECTOR('',#3522,1.);
#1004=VECTOR('',#3525,1.);
#1005=VECTOR('',#3526,1.);
#1006=VECTOR('',#3531,1.);
#1007=VECTOR('',#3534,1.);
#1008=VECTOR('',#3535,1.);
#1009=VECTOR('',#3538,1.);
#1010=VECTOR('',#3539,1.);
#1011=VECTOR('',#3540,1.);
#1012=VECTOR('',#3541,1.);
#1013=VECTOR('',#3546,1.);
#1014=VECTOR('',#3551,1.);
#1015=VECTOR('',#3552,1.);
#1016=VECTOR('',#3553,1.);
#1017=VECTOR('',#3558,1.);
#1018=VECTOR('',#3563,1.);
#1019=VECTOR('',#3564,1.);
#1020=VECTOR('',#3565,1.);
#1021=VECTOR('',#3570,1.);
#1022=VECTOR('',#3575,1.);
#1023=VECTOR('',#3576,1.);
#1024=VECTOR('',#3577,1.);
#1025=VECTOR('',#3586,1.);
#1026=VECTOR('',#3589,1.);
#1027=VECTOR('',#3594,1.);
#1028=VECTOR('',#3597,1.);
#1029=VECTOR('',#3600,1.);
#1030=VECTOR('',#3605,1.);
#1031=VECTOR('',#3610,1.);
#1032=VECTOR('',#3611,1.);
#1033=VECTOR('',#3618,1.);
#1034=VECTOR('',#3619,1.);
#1035=VECTOR('',#3620,1.);
#1036=VECTOR('',#3623,1.);
#1037=VECTOR('',#3628,1.);
#1038=VECTOR('',#3629,1.);
#1039=VECTOR('',#3632,1.);
#1040=VECTOR('',#3637,1.);
#1041=VECTOR('',#3638,1.);
#1042=VECTOR('',#3643,1.);
#1043=VECTOR('',#3646,1.);
#1044=VECTOR('',#3647,1.);
#1045=VECTOR('',#3656,0.2);
#1046=VECTOR('',#3663,0.2);
#1047=VECTOR('',#3670,0.2);
#1048=VECTOR('',#3677,0.2);
#1049=VECTOR('',#3684,0.2);
#1050=VECTOR('',#3693,0.2);
#1051=VECTOR('',#3702,0.2);
#1052=VECTOR('',#3711,0.2);
#1053=VECTOR('',#3718,1.);
#1054=VECTOR('',#3723,1.);
#1055=VECTOR('',#3726,1.);
#1056=VECTOR('',#3729,1.);
#1057=VECTOR('',#3734,1.);
#1058=VECTOR('',#3735,1.);
#1059=VECTOR('',#3738,1.);
#1060=VECTOR('',#3741,1.);
#1061=VECTOR('',#3742,1.);
#1062=VECTOR('',#3747,1.);
#1063=VECTOR('',#3750,1.);
#1064=VECTOR('',#3753,1.);
#1065=VECTOR('',#3756,1.);
#1066=VECTOR('',#3757,1.);
#1067=VECTOR('',#3760,1.);
#1068=VECTOR('',#3767,0.45);
#1069=VECTOR('',#3774,0.45);
#1070=VECTOR('',#3781,0.45);
#1071=VECTOR('',#3788,0.45);
#1072=VECTOR('',#3801,1.);
#1073=VECTOR('',#3802,1.);
#1074=VECTOR('',#3805,1.);
#1075=VECTOR('',#3808,1.);
#1076=VECTOR('',#3811,1.);
#1077=VERTEX_POINT('',#3818);
#1078=VERTEX_POINT('',#3819);
#1079=VERTEX_POINT('',#3821);
#1080=VERTEX_POINT('',#3823);
#1081=VERTEX_POINT('',#3827);
#1082=VERTEX_POINT('',#3828);
#1083=VERTEX_POINT('',#3830);
#1084=VERTEX_POINT('',#3832);
#1085=VERTEX_POINT('',#3837);
#1086=VERTEX_POINT('',#3839);
#1087=VERTEX_POINT('',#3843);
#1088=VERTEX_POINT('',#3847);
#1089=VERTEX_POINT('',#3849);
#1090=VERTEX_POINT('',#3851);
#1091=VERTEX_POINT('',#3855);
#1092=VERTEX_POINT('',#3859);
#1093=VERTEX_POINT('',#3860);
#1094=VERTEX_POINT('',#3862);
#1095=VERTEX_POINT('',#3864);
#1096=VERTEX_POINT('',#3868);
#1097=VERTEX_POINT('',#3870);
#1098=VERTEX_POINT('',#3874);
#1099=VERTEX_POINT('',#3876);
#1100=VERTEX_POINT('',#3878);
#1101=VERTEX_POINT('',#3882);
#1102=VERTEX_POINT('',#3884);
#1103=VERTEX_POINT('',#3888);
#1104=VERTEX_POINT('',#3890);
#1105=VERTEX_POINT('',#3892);
#1106=VERTEX_POINT('',#3894);
#1107=VERTEX_POINT('',#3898);
#1108=VERTEX_POINT('',#3900);
#1109=VERTEX_POINT('',#3904);
#1110=VERTEX_POINT('',#3906);
#1111=VERTEX_POINT('',#3908);
#1112=VERTEX_POINT('',#3910);
#1113=VERTEX_POINT('',#3914);
#1114=VERTEX_POINT('',#3915);
#1115=VERTEX_POINT('',#3917);
#1116=VERTEX_POINT('',#3919);
#1117=VERTEX_POINT('',#3922);
#1118=VERTEX_POINT('',#3924);
#1119=VERTEX_POINT('',#3926);
#1120=VERTEX_POINT('',#3928);
#1121=VERTEX_POINT('',#3930);
#1122=VERTEX_POINT('',#3932);
#1123=VERTEX_POINT('',#3936);
#1124=VERTEX_POINT('',#3940);
#1125=VERTEX_POINT('',#3941);
#1126=VERTEX_POINT('',#3943);
#1127=VERTEX_POINT('',#3945);
#1128=VERTEX_POINT('',#3950);
#1129=VERTEX_POINT('',#3954);
#1130=VERTEX_POINT('',#3958);
#1131=VERTEX_POINT('',#3960);
#1132=VERTEX_POINT('',#3964);
#1133=VERTEX_POINT('',#3965);
#1134=VERTEX_POINT('',#3972);
#1135=VERTEX_POINT('',#3976);
#1136=VERTEX_POINT('',#3978);
#1137=VERTEX_POINT('',#3980);
#1138=VERTEX_POINT('',#3982);
#1139=VERTEX_POINT('',#3984);
#1140=VERTEX_POINT('',#3986);
#1141=VERTEX_POINT('',#3988);
#1142=VERTEX_POINT('',#3990);
#1143=VERTEX_POINT('',#3992);
#1144=VERTEX_POINT('',#3994);
#1145=VERTEX_POINT('',#3996);
#1146=VERTEX_POINT('',#3998);
#1147=VERTEX_POINT('',#4000);
#1148=VERTEX_POINT('',#4002);
#1149=VERTEX_POINT('',#4004);
#1150=VERTEX_POINT('',#4006);
#1151=VERTEX_POINT('',#4008);
#1152=VERTEX_POINT('',#4010);
#1153=VERTEX_POINT('',#4012);
#1154=VERTEX_POINT('',#4014);
#1155=VERTEX_POINT('',#4016);
#1156=VERTEX_POINT('',#4019);
#1157=VERTEX_POINT('',#4022);
#1158=VERTEX_POINT('',#4024);
#1159=VERTEX_POINT('',#4026);
#1160=VERTEX_POINT('',#4028);
#1161=VERTEX_POINT('',#4035);
#1162=VERTEX_POINT('',#4039);
#1163=VERTEX_POINT('',#4043);
#1164=VERTEX_POINT('',#4045);
#1165=VERTEX_POINT('',#4047);
#1166=VERTEX_POINT('',#4049);
#1167=VERTEX_POINT('',#4051);
#1168=VERTEX_POINT('',#4054);
#1169=VERTEX_POINT('',#4056);
#1170=VERTEX_POINT('',#4058);
#1171=VERTEX_POINT('',#4060);
#1172=VERTEX_POINT('',#4062);
#1173=VERTEX_POINT('',#4064);
#1174=VERTEX_POINT('',#4066);
#1175=VERTEX_POINT('',#4068);
#1176=VERTEX_POINT('',#4070);
#1177=VERTEX_POINT('',#4072);
#1178=VERTEX_POINT('',#4074);
#1179=VERTEX_POINT('',#4076);
#1180=VERTEX_POINT('',#4078);
#1181=VERTEX_POINT('',#4081);
#1182=VERTEX_POINT('',#4083);
#1183=VERTEX_POINT('',#4085);
#1184=VERTEX_POINT('',#4087);
#1185=VERTEX_POINT('',#4090);
#1186=VERTEX_POINT('',#4091);
#1187=VERTEX_POINT('',#4093);
#1188=VERTEX_POINT('',#4095);
#1189=VERTEX_POINT('',#4100);
#1190=VERTEX_POINT('',#4102);
#1191=VERTEX_POINT('',#4106);
#1192=VERTEX_POINT('',#4109);
#1193=VERTEX_POINT('',#4116);
#1194=VERTEX_POINT('',#4118);
#1195=VERTEX_POINT('',#4120);
#1196=VERTEX_POINT('',#4122);
#1197=VERTEX_POINT('',#4124);
#1198=VERTEX_POINT('',#4126);
#1199=VERTEX_POINT('',#4128);
#1200=VERTEX_POINT('',#4130);
#1201=VERTEX_POINT('',#4134);
#1202=VERTEX_POINT('',#4136);
#1203=VERTEX_POINT('',#4138);
#1204=VERTEX_POINT('',#4140);
#1205=VERTEX_POINT('',#4142);
#1206=VERTEX_POINT('',#4144);
#1207=VERTEX_POINT('',#4146);
#1208=VERTEX_POINT('',#4148);
#1209=VERTEX_POINT('',#4150);
#1210=VERTEX_POINT('',#4152);
#1211=VERTEX_POINT('',#4154);
#1212=VERTEX_POINT('',#4156);
#1213=VERTEX_POINT('',#4158);
#1214=VERTEX_POINT('',#4160);
#1215=VERTEX_POINT('',#4166);
#1216=VERTEX_POINT('',#4167);
#1217=VERTEX_POINT('',#4169);
#1218=VERTEX_POINT('',#4171);
#1219=VERTEX_POINT('',#4173);
#1220=VERTEX_POINT('',#4175);
#1221=VERTEX_POINT('',#4177);
#1222=VERTEX_POINT('',#4179);
#1223=VERTEX_POINT('',#4183);
#1224=VERTEX_POINT('',#4185);
#1225=VERTEX_POINT('',#4189);
#1226=VERTEX_POINT('',#4194);
#1227=VERTEX_POINT('',#4201);
#1228=VERTEX_POINT('',#4202);
#1229=VERTEX_POINT('',#4206);
#1230=VERTEX_POINT('',#4207);
#1231=VERTEX_POINT('',#4209);
#1232=VERTEX_POINT('',#4211);
#1233=VERTEX_POINT('',#4213);
#1234=VERTEX_POINT('',#4222);
#1235=VERTEX_POINT('',#4224);
#1236=VERTEX_POINT('',#4228);
#1237=VERTEX_POINT('',#4229);
#1238=VERTEX_POINT('',#4233);
#1239=VERTEX_POINT('',#4234);
#1240=VERTEX_POINT('',#4236);
#1241=VERTEX_POINT('',#4238);
#1242=VERTEX_POINT('',#4245);
#1243=VERTEX_POINT('',#4249);
#1244=VERTEX_POINT('',#4251);
#1245=VERTEX_POINT('',#4256);
#1246=VERTEX_POINT('',#4258);
#1247=VERTEX_POINT('',#4260);
#1248=VERTEX_POINT('',#4264);
#1249=VERTEX_POINT('',#4266);
#1250=VERTEX_POINT('',#4268);
#1251=VERTEX_POINT('',#4270);
#1252=VERTEX_POINT('',#4272);
#1253=VERTEX_POINT('',#4274);
#1254=VERTEX_POINT('',#4277);
#1255=VERTEX_POINT('',#4279);
#1256=VERTEX_POINT('',#4281);
#1257=VERTEX_POINT('',#4283);
#1258=VERTEX_POINT('',#4285);
#1259=VERTEX_POINT('',#4287);
#1260=VERTEX_POINT('',#4293);
#1261=VERTEX_POINT('',#4297);
#1262=VERTEX_POINT('',#4299);
#1263=VERTEX_POINT('',#4303);
#1264=VERTEX_POINT('',#4304);
#1265=VERTEX_POINT('',#4306);
#1266=VERTEX_POINT('',#4308);
#1267=VERTEX_POINT('',#4310);
#1268=VERTEX_POINT('',#4313);
#1269=VERTEX_POINT('',#4315);
#1270=VERTEX_POINT('',#4318);
#1271=VERTEX_POINT('',#4328);
#1272=VERTEX_POINT('',#4330);
#1273=VERTEX_POINT('',#4334);
#1274=VERTEX_POINT('',#4338);
#1275=VERTEX_POINT('',#4342);
#1276=VERTEX_POINT('',#4351);
#1277=VERTEX_POINT('',#4352);
#1278=VERTEX_POINT('',#4354);
#1279=VERTEX_POINT('',#4356);
#1280=VERTEX_POINT('',#4358);
#1281=VERTEX_POINT('',#4360);
#1282=VERTEX_POINT('',#4362);
#1283=VERTEX_POINT('',#4365);
#1284=VERTEX_POINT('',#4367);
#1285=VERTEX_POINT('',#4369);
#1286=VERTEX_POINT('',#4371);
#1287=VERTEX_POINT('',#4373);
#1288=VERTEX_POINT('',#4375);
#1289=VERTEX_POINT('',#4377);
#1290=VERTEX_POINT('',#4392);
#1291=VERTEX_POINT('',#4394);
#1292=VERTEX_POINT('',#4398);
#1293=VERTEX_POINT('',#4402);
#1294=VERTEX_POINT('',#4406);
#1295=VERTEX_POINT('',#4410);
#1296=VERTEX_POINT('',#4414);
#1297=VERTEX_POINT('',#4415);
#1298=VERTEX_POINT('',#4417);
#1299=VERTEX_POINT('',#4419);
#1300=VERTEX_POINT('',#4423);
#1301=VERTEX_POINT('',#4425);
#1302=VERTEX_POINT('',#4429);
#1303=VERTEX_POINT('',#4431);
#1304=VERTEX_POINT('',#4435);
#1305=VERTEX_POINT('',#4437);
#1306=VERTEX_POINT('',#4441);
#1307=VERTEX_POINT('',#4443);
#1308=VERTEX_POINT('',#4447);
#1309=VERTEX_POINT('',#4449);
#1310=VERTEX_POINT('',#4453);
#1311=VERTEX_POINT('',#4455);
#1312=VERTEX_POINT('',#4462);
#1313=VERTEX_POINT('',#4464);
#1314=VERTEX_POINT('',#4466);
#1315=VERTEX_POINT('',#4477);
#1316=VERTEX_POINT('',#4481);
#1317=VERTEX_POINT('',#4487);
#1318=VERTEX_POINT('',#4489);
#1319=VERTEX_POINT('',#4493);
#1320=VERTEX_POINT('',#4497);
#1321=VERTEX_POINT('',#4501);
#1322=VERTEX_POINT('',#4505);
#1323=VERTEX_POINT('',#4509);
#1324=VERTEX_POINT('',#4513);
#1325=VERTEX_POINT('',#4519);
#1326=VERTEX_POINT('',#4524);
#1327=VERTEX_POINT('',#4529);
#1328=VERTEX_POINT('',#4534);
#1329=VERTEX_POINT('',#4539);
#1330=VERTEX_POINT('',#4541);
#1331=VERTEX_POINT('',#4546);
#1332=VERTEX_POINT('',#4548);
#1333=VERTEX_POINT('',#4553);
#1334=VERTEX_POINT('',#4555);
#1335=VERTEX_POINT('',#4560);
#1336=VERTEX_POINT('',#4562);
#1337=VERTEX_POINT('',#4598);
#1338=VERTEX_POINT('',#4603);
#1339=VERTEX_POINT('',#4608);
#1340=VERTEX_POINT('',#4613);
#1341=EDGE_CURVE('',#1077,#1078,#489,.T.);
#1342=EDGE_CURVE('',#1079,#1077,#490,.T.);
#1343=EDGE_CURVE('',#1080,#1079,#491,.T.);
#1344=EDGE_CURVE('',#1078,#1080,#492,.T.);
#1345=EDGE_CURVE('',#1081,#1082,#493,.T.);
#1346=EDGE_CURVE('',#1083,#1081,#494,.T.);
#1347=EDGE_CURVE('',#1084,#1083,#495,.T.);
#1348=EDGE_CURVE('',#1079,#1084,#496,.T.);
#1349=EDGE_CURVE('',#1082,#1077,#497,.T.);
#1350=EDGE_CURVE('',#1085,#1081,#498,.T.);
#1351=EDGE_CURVE('',#1086,#1085,#499,.T.);
#1352=EDGE_CURVE('',#1083,#1086,#500,.T.);
#1353=EDGE_CURVE('',#1087,#1086,#501,.T.);
#1354=EDGE_CURVE('',#1084,#1087,#502,.T.);
#1355=EDGE_CURVE('',#1078,#1088,#503,.T.);
#1356=EDGE_CURVE('',#1088,#1089,#504,.T.);
#1357=EDGE_CURVE('',#1090,#1089,#505,.T.);
#1358=EDGE_CURVE('',#1090,#1082,#506,.T.);
#1359=EDGE_CURVE('',#1091,#1080,#507,.T.);
#1360=EDGE_CURVE('',#1088,#1091,#508,.T.);
#1361=EDGE_CURVE('',#1092,#1093,#509,.T.);
#1362=EDGE_CURVE('',#1094,#1092,#510,.T.);
#1363=EDGE_CURVE('',#1095,#1094,#511,.T.);
#1364=EDGE_CURVE('',#1093,#1095,#512,.T.);
#1365=EDGE_CURVE('',#1095,#1096,#513,.T.);
#1366=EDGE_CURVE('',#1094,#1097,#514,.T.);
#1367=EDGE_CURVE('',#1096,#1097,#515,.T.);
#1368=EDGE_CURVE('',#1098,#1092,#516,.T.);
#1369=EDGE_CURVE('',#1099,#1098,#517,.T.);
#1370=EDGE_CURVE('',#1099,#1100,#518,.T.);
#1371=EDGE_CURVE('',#1097,#1100,#519,.T.);
#1372=EDGE_CURVE('',#1101,#1099,#520,.T.);
#1373=EDGE_CURVE('',#1102,#1101,#521,.T.);
#1374=EDGE_CURVE('',#1100,#1102,#522,.T.);
#1375=EDGE_CURVE('',#1093,#1103,#523,.T.);
#1376=EDGE_CURVE('',#1103,#1104,#524,.T.);
#1377=EDGE_CURVE('',#1104,#1105,#525,.T.);
#1378=EDGE_CURVE('',#1106,#1105,#82,.T.);
#1379=EDGE_CURVE('',#1098,#1106,#526,.T.);
#1380=EDGE_CURVE('',#1107,#1101,#527,.T.);
#1381=EDGE_CURVE('',#1108,#1107,#528,.T.);
#1382=EDGE_CURVE('',#1102,#1108,#529,.T.);
#1383=EDGE_CURVE('',#1109,#1096,#530,.T.);
#1384=EDGE_CURVE('',#1110,#1109,#531,.T.);
#1385=EDGE_CURVE('',#1110,#1111,#532,.T.);
#1386=EDGE_CURVE('',#1112,#1111,#533,.T.);
#1387=EDGE_CURVE('',#1112,#1103,#534,.T.);
#1388=EDGE_CURVE('',#1113,#1114,#83,.T.);
#1389=EDGE_CURVE('',#1113,#1115,#535,.T.);
#1390=EDGE_CURVE('',#1115,#1116,#536,.T.);
#1391=EDGE_CURVE('',#1116,#1110,#537,.T.);
#1392=EDGE_CURVE('',#1109,#1117,#538,.T.);
#1393=EDGE_CURVE('',#1117,#1118,#84,.T.);
#1394=EDGE_CURVE('',#1118,#1119,#539,.T.);
#1395=EDGE_CURVE('',#1119,#1120,#85,.T.);
#1396=EDGE_CURVE('',#1120,#1121,#540,.T.);
#1397=EDGE_CURVE('',#1121,#1122,#86,.T.);
#1398=EDGE_CURVE('',#1122,#1114,#541,.T.);
#1399=EDGE_CURVE('',#1108,#1123,#542,.T.);
#1400=EDGE_CURVE('',#1117,#1123,#543,.T.);
#1401=EDGE_CURVE('',#1124,#1125,#544,.T.);
#1402=EDGE_CURVE('',#1126,#1124,#545,.T.);
#1403=EDGE_CURVE('',#1126,#1127,#546,.T.);
#1404=EDGE_CURVE('',#1125,#1127,#547,.T.);
#1405=EDGE_CURVE('',#1125,#1090,#87,.T.);
#1406=EDGE_CURVE('',#1127,#1128,#548,.T.);
#1407=EDGE_CURVE('',#1128,#1085,#549,.T.);
#1408=EDGE_CURVE('',#1129,#1126,#550,.T.);
#1409=EDGE_CURVE('',#1129,#1128,#551,.T.);
#1410=EDGE_CURVE('',#1089,#1130,#88,.T.);
#1411=EDGE_CURVE('',#1131,#1130,#552,.T.);
#1412=EDGE_CURVE('',#1131,#1124,#89,.T.);
#1413=EDGE_CURVE('',#1132,#1133,#553,.T.);
#1414=EDGE_CURVE('',#1105,#1132,#554,.T.);
#1415=EDGE_CURVE('',#1133,#1104,#555,.T.);
#1416=EDGE_CURVE('',#1133,#1112,#556,.T.);
#1417=EDGE_CURVE('',#1123,#1134,#90,.T.);
#1418=EDGE_CURVE('',#1118,#1134,#557,.T.);
#1419=EDGE_CURVE('',#1135,#1131,#558,.T.);
#1420=EDGE_CURVE('',#1136,#1135,#91,.T.);
#1421=EDGE_CURVE('',#1137,#1136,#559,.T.);
#1422=EDGE_CURVE('',#1138,#1137,#92,.T.);
#1423=EDGE_CURVE('',#1139,#1138,#560,.T.);
#1424=EDGE_CURVE('',#1140,#1139,#93,.T.);
#1425=EDGE_CURVE('',#1141,#1140,#561,.T.);
#1426=EDGE_CURVE('',#1142,#1141,#562,.T.);
#1427=EDGE_CURVE('',#1143,#1142,#563,.T.);
#1428=EDGE_CURVE('',#1144,#1143,#564,.T.);
#1429=EDGE_CURVE('',#1145,#1144,#565,.T.);
#1430=EDGE_CURVE('',#1146,#1145,#566,.T.);
#1431=EDGE_CURVE('',#1147,#1146,#567,.T.);
#1432=EDGE_CURVE('',#1148,#1147,#568,.T.);
#1433=EDGE_CURVE('',#1149,#1148,#569,.T.);
#1434=EDGE_CURVE('',#1150,#1149,#94,.T.);
#1435=EDGE_CURVE('',#1151,#1150,#570,.T.);
#1436=EDGE_CURVE('',#1152,#1151,#95,.T.);
#1437=EDGE_CURVE('',#1153,#1152,#571,.T.);
#1438=EDGE_CURVE('',#1154,#1153,#96,.T.);
#1439=EDGE_CURVE('',#1155,#1154,#572,.T.);
#1440=EDGE_CURVE('',#1132,#1155,#97,.T.);
#1441=EDGE_CURVE('',#1111,#1156,#573,.T.);
#1442=EDGE_CURVE('',#1156,#1129,#574,.T.);
#1443=EDGE_CURVE('',#1157,#1157,#98,.T.);
#1444=EDGE_CURVE('',#1158,#1158,#99,.T.);
#1445=EDGE_CURVE('',#1159,#1159,#100,.T.);
#1446=EDGE_CURVE('',#1160,#1160,#101,.T.);
#1447=EDGE_CURVE('',#1116,#1156,#575,.T.);
#1448=EDGE_CURVE('',#1087,#1115,#576,.T.);
#1449=EDGE_CURVE('',#1106,#1161,#577,.T.);
#1450=EDGE_CURVE('',#1161,#1107,#578,.T.);
#1451=EDGE_CURVE('',#1113,#1162,#579,.T.);
#1452=EDGE_CURVE('',#1162,#1091,#580,.T.);
#1453=EDGE_CURVE('',#1163,#1162,#102,.T.);
#1454=EDGE_CURVE('',#1164,#1163,#581,.T.);
#1455=EDGE_CURVE('',#1165,#1164,#103,.T.);
#1456=EDGE_CURVE('',#1166,#1165,#582,.T.);
#1457=EDGE_CURVE('',#1167,#1166,#104,.T.);
#1458=EDGE_CURVE('',#1134,#1167,#583,.T.);
#1459=EDGE_CURVE('',#1168,#1161,#105,.T.);
#1460=EDGE_CURVE('',#1169,#1168,#584,.T.);
#1461=EDGE_CURVE('',#1170,#1169,#106,.T.);
#1462=EDGE_CURVE('',#1171,#1170,#585,.T.);
#1463=EDGE_CURVE('',#1172,#1171,#107,.T.);
#1464=EDGE_CURVE('',#1173,#1172,#586,.T.);
#1465=EDGE_CURVE('',#1174,#1173,#108,.T.);
#1466=EDGE_CURVE('',#1175,#1174,#587,.T.);
#1467=EDGE_CURVE('',#1176,#1175,#109,.T.);
#1468=EDGE_CURVE('',#1177,#1176,#588,.T.);
#1469=EDGE_CURVE('',#1178,#1177,#110,.T.);
#1470=EDGE_CURVE('',#1179,#1178,#589,.T.);
#1471=EDGE_CURVE('',#1180,#1179,#111,.T.);
#1472=EDGE_CURVE('',#1130,#1180,#590,.T.);
#1473=EDGE_CURVE('',#1181,#1181,#112,.T.);
#1474=EDGE_CURVE('',#1182,#1182,#113,.T.);
#1475=EDGE_CURVE('',#1183,#1183,#114,.T.);
#1476=EDGE_CURVE('',#1184,#1184,#115,.T.);
#1477=EDGE_CURVE('',#1185,#1186,#591,.T.);
#1478=EDGE_CURVE('',#1186,#1187,#592,.T.);
#1479=EDGE_CURVE('',#1187,#1188,#593,.T.);
#1480=EDGE_CURVE('',#1146,#1188,#594,.T.);
#1481=EDGE_CURVE('',#1145,#1185,#595,.T.);
#1482=EDGE_CURVE('',#1186,#1189,#596,.T.);
#1483=EDGE_CURVE('',#1189,#1190,#597,.T.);
#1484=EDGE_CURVE('',#1190,#1187,#598,.T.);
#1485=EDGE_CURVE('',#1189,#1191,#599,.T.);
#1486=EDGE_CURVE('',#1191,#1148,#600,.T.);
#1487=EDGE_CURVE('',#1147,#1192,#601,.T.);
#1488=EDGE_CURVE('',#1192,#1190,#602,.T.);
#1489=EDGE_CURVE('',#1188,#1192,#603,.T.);
#1490=EDGE_CURVE('',#1185,#1193,#604,.T.);
#1491=EDGE_CURVE('',#1194,#1193,#605,.T.);
#1492=EDGE_CURVE('',#1195,#1194,#606,.T.);
#1493=EDGE_CURVE('',#1196,#1195,#607,.T.);
#1494=EDGE_CURVE('',#1196,#1197,#608,.T.);
#1495=EDGE_CURVE('',#1198,#1197,#609,.T.);
#1496=EDGE_CURVE('',#1199,#1198,#610,.T.);
#1497=EDGE_CURVE('',#1200,#1199,#611,.T.);
#1498=EDGE_CURVE('',#1200,#1191,#612,.T.);
#1499=EDGE_CURVE('',#1201,#1200,#613,.T.);
#1500=EDGE_CURVE('',#1202,#1201,#614,.T.);
#1501=EDGE_CURVE('',#1203,#1202,#615,.T.);
#1502=EDGE_CURVE('',#1204,#1203,#116,.T.);
#1503=EDGE_CURVE('',#1205,#1204,#616,.T.);
#1504=EDGE_CURVE('',#1206,#1205,#117,.T.);
#1505=EDGE_CURVE('',#1207,#1206,#617,.T.);
#1506=EDGE_CURVE('',#1208,#1207,#618,.T.);
#1507=EDGE_CURVE('',#1209,#1208,#619,.T.);
#1508=EDGE_CURVE('',#1210,#1209,#118,.T.);
#1509=EDGE_CURVE('',#1211,#1210,#620,.T.);
#1510=EDGE_CURVE('',#1212,#1211,#119,.T.);
#1511=EDGE_CURVE('',#1213,#1212,#621,.T.);
#1512=EDGE_CURVE('',#1214,#1213,#622,.T.);
#1513=EDGE_CURVE('',#1197,#1214,#623,.T.);
#1514=EDGE_CURVE('',#1141,#1196,#624,.T.);
#1515=EDGE_CURVE('',#1140,#1175,#625,.T.);
#1516=EDGE_CURVE('',#1149,#1174,#626,.T.);
#1517=EDGE_CURVE('',#1215,#1216,#627,.T.);
#1518=EDGE_CURVE('',#1217,#1215,#120,.T.);
#1519=EDGE_CURVE('',#1218,#1217,#628,.T.);
#1520=EDGE_CURVE('',#1219,#1218,#121,.T.);
#1521=EDGE_CURVE('',#1220,#1219,#629,.T.);
#1522=EDGE_CURVE('',#1221,#1220,#122,.T.);
#1523=EDGE_CURVE('',#1222,#1221,#630,.T.);
#1524=EDGE_CURVE('',#1216,#1222,#123,.T.);
#1525=EDGE_CURVE('',#1195,#1223,#631,.T.);
#1526=EDGE_CURVE('',#1223,#1224,#632,.T.);
#1527=EDGE_CURVE('',#1142,#1224,#633,.T.);
#1528=EDGE_CURVE('',#1194,#1225,#634,.T.);
#1529=EDGE_CURVE('',#1225,#1223,#635,.T.);
#1530=EDGE_CURVE('',#1193,#1144,#636,.T.);
#1531=EDGE_CURVE('',#1143,#1226,#637,.T.);
#1532=EDGE_CURVE('',#1226,#1225,#638,.T.);
#1533=EDGE_CURVE('',#1224,#1226,#639,.T.);
#1534=EDGE_CURVE('',#1227,#1228,#640,.T.);
#1535=EDGE_CURVE('',#1228,#1227,#124,.T.);
#1536=EDGE_CURVE('',#1229,#1230,#125,.T.);
#1537=EDGE_CURVE('',#1230,#1231,#641,.T.);
#1538=EDGE_CURVE('',#1231,#1232,#126,.T.);
#1539=EDGE_CURVE('',#1232,#1233,#15,.T.);
#1540=EDGE_CURVE('',#1233,#1229,#642,.T.);
#1541=EDGE_CURVE('',#1234,#1227,#643,.T.);
#1542=EDGE_CURVE('',#1228,#1235,#644,.T.);
#1543=EDGE_CURVE('',#1235,#1234,#127,.T.);
#1544=EDGE_CURVE('',#1236,#1237,#645,.T.);
#1545=EDGE_CURVE('',#1237,#1236,#128,.T.);
#1546=EDGE_CURVE('',#1238,#1239,#129,.T.);
#1547=EDGE_CURVE('',#1239,#1240,#646,.T.);
#1548=EDGE_CURVE('',#1240,#1241,#16,.T.);
#1549=EDGE_CURVE('',#1241,#1242,#130,.T.);
#1550=EDGE_CURVE('',#1242,#1238,#647,.T.);
#1551=EDGE_CURVE('',#1243,#1236,#648,.T.);
#1552=EDGE_CURVE('',#1237,#1244,#649,.T.);
#1553=EDGE_CURVE('',#1244,#1243,#131,.T.);
#1554=EDGE_CURVE('',#1232,#1221,#650,.T.);
#1555=EDGE_CURVE('',#1245,#1220,#651,.T.);
#1556=EDGE_CURVE('',#1246,#1245,#132,.T.);
#1557=EDGE_CURVE('',#1247,#1246,#652,.T.);
#1558=EDGE_CURVE('',#1233,#1247,#133,.T.);
#1559=EDGE_CURVE('',#1248,#1234,#653,.T.);
#1560=EDGE_CURVE('',#1249,#1248,#654,.T.);
#1561=EDGE_CURVE('',#1249,#1250,#134,.T.);
#1562=EDGE_CURVE('',#1251,#1250,#655,.T.);
#1563=EDGE_CURVE('',#1251,#1252,#135,.T.);
#1564=EDGE_CURVE('',#1253,#1252,#656,.T.);
#1565=EDGE_CURVE('',#1244,#1253,#657,.T.);
#1566=EDGE_CURVE('',#1254,#1243,#658,.T.);
#1567=EDGE_CURVE('',#1255,#1254,#659,.T.);
#1568=EDGE_CURVE('',#1256,#1255,#136,.T.);
#1569=EDGE_CURVE('',#1257,#1256,#660,.T.);
#1570=EDGE_CURVE('',#1258,#1257,#137,.T.);
#1571=EDGE_CURVE('',#1259,#1258,#661,.T.);
#1572=EDGE_CURVE('',#1235,#1259,#662,.T.);
#1573=EDGE_CURVE('',#1229,#1247,#663,.T.);
#1574=EDGE_CURVE('',#1260,#1239,#664,.T.);
#1575=EDGE_CURVE('',#1260,#1240,#138,.T.);
#1576=EDGE_CURVE('',#1253,#1261,#665,.T.);
#1577=EDGE_CURVE('',#1261,#1262,#666,.T.);
#1578=EDGE_CURVE('',#1262,#1254,#667,.T.);
#1579=EDGE_CURVE('',#1263,#1264,#668,.T.);
#1580=EDGE_CURVE('',#1264,#1265,#139,.T.);
#1581=EDGE_CURVE('',#1265,#1266,#669,.T.);
#1582=EDGE_CURVE('',#1266,#1267,#140,.T.);
#1583=EDGE_CURVE('',#1267,#1262,#670,.T.);
#1584=EDGE_CURVE('',#1261,#1268,#671,.T.);
#1585=EDGE_CURVE('',#1268,#1269,#141,.T.);
#1586=EDGE_CURVE('',#1269,#1246,#672,.T.);
#1587=EDGE_CURVE('',#1245,#1270,#673,.T.);
#1588=EDGE_CURVE('',#1263,#1270,#674,.T.);
#1589=EDGE_CURVE('',#1259,#1263,#675,.T.);
#1590=EDGE_CURVE('',#1270,#1248,#676,.T.);
#1591=EDGE_CURVE('',#1269,#1260,#677,.T.);
#1592=EDGE_CURVE('',#1238,#1230,#678,.T.);
#1593=EDGE_CURVE('',#1264,#1271,#679,.T.);
#1594=EDGE_CURVE('',#1272,#1271,#142,.T.);
#1595=EDGE_CURVE('',#1265,#1272,#680,.T.);
#1596=EDGE_CURVE('',#1273,#1272,#681,.T.);
#1597=EDGE_CURVE('',#1266,#1273,#682,.T.);
#1598=EDGE_CURVE('',#1274,#1273,#143,.T.);
#1599=EDGE_CURVE('',#1267,#1274,#683,.T.);
#1600=EDGE_CURVE('',#1275,#1274,#684,.T.);
#1601=EDGE_CURVE('',#1255,#1275,#685,.T.);
#1602=EDGE_CURVE('',#1231,#1242,#686,.T.);
#1603=EDGE_CURVE('',#1252,#1215,#687,.T.);
#1604=EDGE_CURVE('',#1268,#1216,#688,.T.);
#1605=EDGE_CURVE('',#1276,#1277,#689,.T.);
#1606=EDGE_CURVE('',#1277,#1278,#144,.T.);
#1607=EDGE_CURVE('',#1278,#1279,#690,.T.);
#1608=EDGE_CURVE('',#1279,#1280,#145,.T.);
#1609=EDGE_CURVE('',#1280,#1281,#691,.T.);
#1610=EDGE_CURVE('',#1282,#1281,#692,.T.);
#1611=EDGE_CURVE('',#1199,#1282,#693,.T.);
#1612=EDGE_CURVE('',#1198,#1283,#694,.T.);
#1613=EDGE_CURVE('',#1284,#1283,#695,.T.);
#1614=EDGE_CURVE('',#1284,#1285,#696,.T.);
#1615=EDGE_CURVE('',#1285,#1286,#146,.T.);
#1616=EDGE_CURVE('',#1286,#1287,#697,.T.);
#1617=EDGE_CURVE('',#1287,#1288,#147,.T.);
#1618=EDGE_CURVE('',#1288,#1289,#698,.T.);
#1619=EDGE_CURVE('',#1276,#1289,#699,.T.);
#1620=EDGE_CURVE('',#1281,#1202,#700,.T.);
#1621=EDGE_CURVE('',#1201,#1282,#701,.T.);
#1622=EDGE_CURVE('',#1213,#1284,#702,.T.);
#1623=EDGE_CURVE('',#1283,#1214,#703,.T.);
#1624=EDGE_CURVE('',#1207,#1276,#704,.T.);
#1625=EDGE_CURVE('',#1289,#1208,#705,.T.);
#1626=EDGE_CURVE('',#1206,#1290,#706,.T.);
#1627=EDGE_CURVE('',#1290,#1291,#707,.T.);
#1628=EDGE_CURVE('',#1277,#1291,#708,.T.);
#1629=EDGE_CURVE('',#1291,#1292,#148,.T.);
#1630=EDGE_CURVE('',#1278,#1292,#709,.T.);
#1631=EDGE_CURVE('',#1292,#1293,#710,.T.);
#1632=EDGE_CURVE('',#1279,#1293,#711,.T.);
#1633=EDGE_CURVE('',#1293,#1294,#149,.T.);
#1634=EDGE_CURVE('',#1280,#1294,#712,.T.);
#1635=EDGE_CURVE('',#1294,#1295,#713,.T.);
#1636=EDGE_CURVE('',#1203,#1295,#714,.T.);
#1637=EDGE_CURVE('',#1296,#1297,#715,.T.);
#1638=EDGE_CURVE('',#1298,#1297,#716,.T.);
#1639=EDGE_CURVE('',#1299,#1298,#717,.T.);
#1640=EDGE_CURVE('',#1299,#1296,#718,.T.);
#1641=EDGE_CURVE('',#1297,#1300,#150,.T.);
#1642=EDGE_CURVE('',#1301,#1300,#719,.T.);
#1643=EDGE_CURVE('',#1301,#1298,#151,.T.);
#1644=EDGE_CURVE('',#1300,#1302,#720,.T.);
#1645=EDGE_CURVE('',#1303,#1302,#721,.T.);
#1646=EDGE_CURVE('',#1301,#1303,#722,.T.);
#1647=EDGE_CURVE('',#1302,#1304,#152,.T.);
#1648=EDGE_CURVE('',#1305,#1304,#723,.T.);
#1649=EDGE_CURVE('',#1305,#1303,#153,.T.);
#1650=EDGE_CURVE('',#1304,#1306,#724,.T.);
#1651=EDGE_CURVE('',#1307,#1306,#725,.T.);
#1652=EDGE_CURVE('',#1305,#1307,#726,.T.);
#1653=EDGE_CURVE('',#1306,#1308,#154,.T.);
#1654=EDGE_CURVE('',#1309,#1308,#727,.T.);
#1655=EDGE_CURVE('',#1309,#1307,#155,.T.);
#1656=EDGE_CURVE('',#1308,#1310,#728,.T.);
#1657=EDGE_CURVE('',#1311,#1310,#729,.T.);
#1658=EDGE_CURVE('',#1309,#1311,#730,.T.);
#1659=EDGE_CURVE('',#1310,#1296,#156,.T.);
#1660=EDGE_CURVE('',#1299,#1311,#157,.T.);
#1661=EDGE_CURVE('',#1271,#1312,#731,.T.);
#1662=EDGE_CURVE('',#1312,#1313,#158,.T.);
#1663=EDGE_CURVE('',#1313,#1314,#732,.T.);
#1664=EDGE_CURVE('',#1314,#1275,#159,.T.);
#1665=EDGE_CURVE('',#1258,#1312,#733,.T.);
#1666=EDGE_CURVE('',#1257,#1313,#734,.T.);
#1667=EDGE_CURVE('',#1256,#1314,#735,.T.);
#1668=EDGE_CURVE('',#1205,#1315,#736,.T.);
#1669=EDGE_CURVE('',#1315,#1290,#160,.T.);
#1670=EDGE_CURVE('',#1204,#1316,#737,.T.);
#1671=EDGE_CURVE('',#1316,#1315,#738,.T.);
#1672=EDGE_CURVE('',#1295,#1316,#161,.T.);
#1673=EDGE_CURVE('',#1212,#1317,#739,.T.);
#1674=EDGE_CURVE('',#1317,#1318,#740,.T.);
#1675=EDGE_CURVE('',#1285,#1318,#741,.T.);
#1676=EDGE_CURVE('',#1211,#1319,#742,.T.);
#1677=EDGE_CURVE('',#1319,#1317,#162,.T.);
#1678=EDGE_CURVE('',#1210,#1320,#743,.T.);
#1679=EDGE_CURVE('',#1320,#1319,#744,.T.);
#1680=EDGE_CURVE('',#1209,#1321,#745,.T.);
#1681=EDGE_CURVE('',#1321,#1320,#163,.T.);
#1682=EDGE_CURVE('',#1288,#1322,#746,.T.);
#1683=EDGE_CURVE('',#1322,#1321,#747,.T.);
#1684=EDGE_CURVE('',#1318,#1323,#164,.T.);
#1685=EDGE_CURVE('',#1286,#1323,#748,.T.);
#1686=EDGE_CURVE('',#1323,#1324,#749,.T.);
#1687=EDGE_CURVE('',#1287,#1324,#750,.T.);
#1688=EDGE_CURVE('',#1324,#1322,#165,.T.);
#1689=EDGE_CURVE('',#1325,#1325,#166,.T.);
#1690=EDGE_CURVE('',#1325,#1181,#751,.T.);
#1691=EDGE_CURVE('',#1326,#1326,#167,.T.);
#1692=EDGE_CURVE('',#1326,#1182,#752,.T.);
#1693=EDGE_CURVE('',#1327,#1327,#168,.T.);
#1694=EDGE_CURVE('',#1327,#1183,#753,.T.);
#1695=EDGE_CURVE('',#1328,#1328,#169,.T.);
#1696=EDGE_CURVE('',#1328,#1184,#754,.T.);
#1697=EDGE_CURVE('',#1329,#1329,#170,.T.);
#1698=EDGE_CURVE('',#1329,#1330,#755,.T.);
#1699=EDGE_CURVE('',#1330,#1330,#171,.T.);
#1700=EDGE_CURVE('',#1331,#1331,#172,.T.);
#1701=EDGE_CURVE('',#1331,#1332,#756,.T.);
#1702=EDGE_CURVE('',#1332,#1332,#173,.T.);
#1703=EDGE_CURVE('',#1333,#1333,#174,.T.);
#1704=EDGE_CURVE('',#1333,#1334,#757,.T.);
#1705=EDGE_CURVE('',#1334,#1334,#175,.T.);
#1706=EDGE_CURVE('',#1335,#1335,#176,.T.);
#1707=EDGE_CURVE('',#1335,#1336,#758,.T.);
#1708=EDGE_CURVE('',#1336,#1336,#177,.T.);
#1709=EDGE_CURVE('',#1241,#1222,#759,.T.);
#1710=EDGE_CURVE('',#1251,#1217,#760,.T.);
#1711=EDGE_CURVE('',#1250,#1218,#761,.T.);
#1712=EDGE_CURVE('',#1249,#1219,#762,.T.);
#1713=EDGE_CURVE('',#1171,#1152,#763,.T.);
#1714=EDGE_CURVE('',#1151,#1172,#764,.T.);
#1715=EDGE_CURVE('',#1150,#1173,#765,.T.);
#1716=EDGE_CURVE('',#1179,#1136,#766,.T.);
#1717=EDGE_CURVE('',#1135,#1180,#767,.T.);
#1718=EDGE_CURVE('',#1137,#1178,#768,.T.);
#1719=EDGE_CURVE('',#1177,#1138,#769,.T.);
#1720=EDGE_CURVE('',#1139,#1176,#770,.T.);
#1721=EDGE_CURVE('',#1153,#1170,#771,.T.);
#1722=EDGE_CURVE('',#1169,#1154,#772,.T.);
#1723=EDGE_CURVE('',#1155,#1168,#773,.T.);
#1724=EDGE_CURVE('',#1337,#1337,#178,.T.);
#1725=EDGE_CURVE('',#1337,#1157,#774,.T.);
#1726=EDGE_CURVE('',#1338,#1338,#179,.T.);
#1727=EDGE_CURVE('',#1338,#1158,#775,.T.);
#1728=EDGE_CURVE('',#1339,#1339,#180,.T.);
#1729=EDGE_CURVE('',#1339,#1159,#776,.T.);
#1730=EDGE_CURVE('',#1340,#1340,#181,.T.);
#1731=EDGE_CURVE('',#1340,#1160,#777,.T.);
#1732=EDGE_CURVE('',#1122,#1164,#778,.T.);
#1733=EDGE_CURVE('',#1114,#1163,#779,.T.);
#1734=EDGE_CURVE('',#1121,#1165,#780,.T.);
#1735=EDGE_CURVE('',#1120,#1166,#781,.T.);
#1736=EDGE_CURVE('',#1119,#1167,#782,.T.);
#1737=ORIENTED_EDGE('',*,*,#1341,.F.);
#1738=ORIENTED_EDGE('',*,*,#1342,.F.);
#1739=ORIENTED_EDGE('',*,*,#1343,.F.);
#1740=ORIENTED_EDGE('',*,*,#1344,.F.);
#1741=ORIENTED_EDGE('',*,*,#1345,.F.);
#1742=ORIENTED_EDGE('',*,*,#1346,.F.);
#1743=ORIENTED_EDGE('',*,*,#1347,.F.);
#1744=ORIENTED_EDGE('',*,*,#1348,.F.);
#1745=ORIENTED_EDGE('',*,*,#1342,.T.);
#1746=ORIENTED_EDGE('',*,*,#1349,.F.);
#1747=ORIENTED_EDGE('',*,*,#1350,.F.);
#1748=ORIENTED_EDGE('',*,*,#1351,.F.);
#1749=ORIENTED_EDGE('',*,*,#1352,.F.);
#1750=ORIENTED_EDGE('',*,*,#1346,.T.);
#1751=ORIENTED_EDGE('',*,*,#1353,.F.);
#1752=ORIENTED_EDGE('',*,*,#1354,.F.);
#1753=ORIENTED_EDGE('',*,*,#1347,.T.);
#1754=ORIENTED_EDGE('',*,*,#1352,.T.);
#1755=ORIENTED_EDGE('',*,*,#1349,.T.);
#1756=ORIENTED_EDGE('',*,*,#1341,.T.);
#1757=ORIENTED_EDGE('',*,*,#1355,.T.);
#1758=ORIENTED_EDGE('',*,*,#1356,.T.);
#1759=ORIENTED_EDGE('',*,*,#1357,.F.);
#1760=ORIENTED_EDGE('',*,*,#1358,.T.);
#1761=ORIENTED_EDGE('',*,*,#1344,.T.);
#1762=ORIENTED_EDGE('',*,*,#1359,.F.);
#1763=ORIENTED_EDGE('',*,*,#1360,.F.);
#1764=ORIENTED_EDGE('',*,*,#1355,.F.);
#1765=ORIENTED_EDGE('',*,*,#1361,.F.);
#1766=ORIENTED_EDGE('',*,*,#1362,.F.);
#1767=ORIENTED_EDGE('',*,*,#1363,.F.);
#1768=ORIENTED_EDGE('',*,*,#1364,.F.);
#1769=ORIENTED_EDGE('',*,*,#1365,.F.);
#1770=ORIENTED_EDGE('',*,*,#1363,.T.);
#1771=ORIENTED_EDGE('',*,*,#1366,.T.);
#1772=ORIENTED_EDGE('',*,*,#1367,.F.);
#1773=ORIENTED_EDGE('',*,*,#1368,.F.);
#1774=ORIENTED_EDGE('',*,*,#1369,.F.);
#1775=ORIENTED_EDGE('',*,*,#1370,.T.);
#1776=ORIENTED_EDGE('',*,*,#1371,.F.);
#1777=ORIENTED_EDGE('',*,*,#1366,.F.);
#1778=ORIENTED_EDGE('',*,*,#1362,.T.);
#1779=ORIENTED_EDGE('',*,*,#1372,.F.);
#1780=ORIENTED_EDGE('',*,*,#1373,.F.);
#1781=ORIENTED_EDGE('',*,*,#1374,.F.);
#1782=ORIENTED_EDGE('',*,*,#1370,.F.);
#1783=ORIENTED_EDGE('',*,*,#1368,.T.);
#1784=ORIENTED_EDGE('',*,*,#1361,.T.);
#1785=ORIENTED_EDGE('',*,*,#1375,.T.);
#1786=ORIENTED_EDGE('',*,*,#1376,.T.);
#1787=ORIENTED_EDGE('',*,*,#1377,.T.);
#1788=ORIENTED_EDGE('',*,*,#1378,.F.);
#1789=ORIENTED_EDGE('',*,*,#1379,.F.);
#1790=ORIENTED_EDGE('',*,*,#1373,.T.);
#1791=ORIENTED_EDGE('',*,*,#1380,.F.);
#1792=ORIENTED_EDGE('',*,*,#1381,.F.);
#1793=ORIENTED_EDGE('',*,*,#1382,.F.);
#1794=ORIENTED_EDGE('',*,*,#1364,.T.);
#1795=ORIENTED_EDGE('',*,*,#1365,.T.);
#1796=ORIENTED_EDGE('',*,*,#1383,.F.);
#1797=ORIENTED_EDGE('',*,*,#1384,.F.);
#1798=ORIENTED_EDGE('',*,*,#1385,.T.);
#1799=ORIENTED_EDGE('',*,*,#1386,.F.);
#1800=ORIENTED_EDGE('',*,*,#1387,.T.);
#1801=ORIENTED_EDGE('',*,*,#1375,.F.);
#1802=ORIENTED_EDGE('',*,*,#1388,.F.);
#1803=ORIENTED_EDGE('',*,*,#1389,.T.);
#1804=ORIENTED_EDGE('',*,*,#1390,.T.);
#1805=ORIENTED_EDGE('',*,*,#1391,.T.);
#1806=ORIENTED_EDGE('',*,*,#1384,.T.);
#1807=ORIENTED_EDGE('',*,*,#1392,.T.);
#1808=ORIENTED_EDGE('',*,*,#1393,.T.);
#1809=ORIENTED_EDGE('',*,*,#1394,.T.);
#1810=ORIENTED_EDGE('',*,*,#1395,.T.);
#1811=ORIENTED_EDGE('',*,*,#1396,.T.);
#1812=ORIENTED_EDGE('',*,*,#1397,.T.);
#1813=ORIENTED_EDGE('',*,*,#1398,.T.);
#1814=ORIENTED_EDGE('',*,*,#1374,.T.);
#1815=ORIENTED_EDGE('',*,*,#1382,.T.);
#1816=ORIENTED_EDGE('',*,*,#1399,.T.);
#1817=ORIENTED_EDGE('',*,*,#1400,.F.);
#1818=ORIENTED_EDGE('',*,*,#1392,.F.);
#1819=ORIENTED_EDGE('',*,*,#1383,.T.);
#1820=ORIENTED_EDGE('',*,*,#1367,.T.);
#1821=ORIENTED_EDGE('',*,*,#1371,.T.);
#1822=ORIENTED_EDGE('',*,*,#1401,.F.);
#1823=ORIENTED_EDGE('',*,*,#1402,.F.);
#1824=ORIENTED_EDGE('',*,*,#1403,.T.);
#1825=ORIENTED_EDGE('',*,*,#1404,.F.);
#1826=ORIENTED_EDGE('',*,*,#1345,.T.);
#1827=ORIENTED_EDGE('',*,*,#1358,.F.);
#1828=ORIENTED_EDGE('',*,*,#1405,.F.);
#1829=ORIENTED_EDGE('',*,*,#1404,.T.);
#1830=ORIENTED_EDGE('',*,*,#1406,.T.);
#1831=ORIENTED_EDGE('',*,*,#1407,.T.);
#1832=ORIENTED_EDGE('',*,*,#1350,.T.);
#1833=ORIENTED_EDGE('',*,*,#1408,.F.);
#1834=ORIENTED_EDGE('',*,*,#1409,.T.);
#1835=ORIENTED_EDGE('',*,*,#1406,.F.);
#1836=ORIENTED_EDGE('',*,*,#1403,.F.);
#1837=ORIENTED_EDGE('',*,*,#1401,.T.);
#1838=ORIENTED_EDGE('',*,*,#1405,.T.);
#1839=ORIENTED_EDGE('',*,*,#1357,.T.);
#1840=ORIENTED_EDGE('',*,*,#1410,.T.);
#1841=ORIENTED_EDGE('',*,*,#1411,.F.);
#1842=ORIENTED_EDGE('',*,*,#1412,.T.);
#1843=ORIENTED_EDGE('',*,*,#1413,.F.);
#1844=ORIENTED_EDGE('',*,*,#1414,.F.);
#1845=ORIENTED_EDGE('',*,*,#1377,.F.);
#1846=ORIENTED_EDGE('',*,*,#1415,.F.);
#1847=ORIENTED_EDGE('',*,*,#1416,.F.);
#1848=ORIENTED_EDGE('',*,*,#1415,.T.);
#1849=ORIENTED_EDGE('',*,*,#1376,.F.);
#1850=ORIENTED_EDGE('',*,*,#1387,.F.);
#1851=ORIENTED_EDGE('',*,*,#1393,.F.);
#1852=ORIENTED_EDGE('',*,*,#1400,.T.);
#1853=ORIENTED_EDGE('',*,*,#1417,.T.);
#1854=ORIENTED_EDGE('',*,*,#1418,.F.);
#1855=ORIENTED_EDGE('',*,*,#1402,.T.);
#1856=ORIENTED_EDGE('',*,*,#1412,.F.);
#1857=ORIENTED_EDGE('',*,*,#1419,.F.);
#1858=ORIENTED_EDGE('',*,*,#1420,.F.);
#1859=ORIENTED_EDGE('',*,*,#1421,.F.);
#1860=ORIENTED_EDGE('',*,*,#1422,.F.);
#1861=ORIENTED_EDGE('',*,*,#1423,.F.);
#1862=ORIENTED_EDGE('',*,*,#1424,.F.);
#1863=ORIENTED_EDGE('',*,*,#1425,.F.);
#1864=ORIENTED_EDGE('',*,*,#1426,.F.);
#1865=ORIENTED_EDGE('',*,*,#1427,.F.);
#1866=ORIENTED_EDGE('',*,*,#1428,.F.);
#1867=ORIENTED_EDGE('',*,*,#1429,.F.);
#1868=ORIENTED_EDGE('',*,*,#1430,.F.);
#1869=ORIENTED_EDGE('',*,*,#1431,.F.);
#1870=ORIENTED_EDGE('',*,*,#1432,.F.);
#1871=ORIENTED_EDGE('',*,*,#1433,.F.);
#1872=ORIENTED_EDGE('',*,*,#1434,.F.);
#1873=ORIENTED_EDGE('',*,*,#1435,.F.);
#1874=ORIENTED_EDGE('',*,*,#1436,.F.);
#1875=ORIENTED_EDGE('',*,*,#1437,.F.);
#1876=ORIENTED_EDGE('',*,*,#1438,.F.);
#1877=ORIENTED_EDGE('',*,*,#1439,.F.);
#1878=ORIENTED_EDGE('',*,*,#1440,.F.);
#1879=ORIENTED_EDGE('',*,*,#1413,.T.);
#1880=ORIENTED_EDGE('',*,*,#1416,.T.);
#1881=ORIENTED_EDGE('',*,*,#1386,.T.);
#1882=ORIENTED_EDGE('',*,*,#1441,.T.);
#1883=ORIENTED_EDGE('',*,*,#1442,.T.);
#1884=ORIENTED_EDGE('',*,*,#1408,.T.);
#1885=ORIENTED_EDGE('',*,*,#1443,.F.);
#1886=ORIENTED_EDGE('',*,*,#1444,.F.);
#1887=ORIENTED_EDGE('',*,*,#1445,.F.);
#1888=ORIENTED_EDGE('',*,*,#1446,.F.);
#1889=ORIENTED_EDGE('',*,*,#1351,.T.);
#1890=ORIENTED_EDGE('',*,*,#1407,.F.);
#1891=ORIENTED_EDGE('',*,*,#1409,.F.);
#1892=ORIENTED_EDGE('',*,*,#1442,.F.);
#1893=ORIENTED_EDGE('',*,*,#1447,.F.);
#1894=ORIENTED_EDGE('',*,*,#1390,.F.);
#1895=ORIENTED_EDGE('',*,*,#1448,.F.);
#1896=ORIENTED_EDGE('',*,*,#1353,.T.);
#1897=ORIENTED_EDGE('',*,*,#1441,.F.);
#1898=ORIENTED_EDGE('',*,*,#1385,.F.);
#1899=ORIENTED_EDGE('',*,*,#1391,.F.);
#1900=ORIENTED_EDGE('',*,*,#1447,.T.);
#1901=ORIENTED_EDGE('',*,*,#1369,.T.);
#1902=ORIENTED_EDGE('',*,*,#1379,.T.);
#1903=ORIENTED_EDGE('',*,*,#1449,.T.);
#1904=ORIENTED_EDGE('',*,*,#1450,.T.);
#1905=ORIENTED_EDGE('',*,*,#1380,.T.);
#1906=ORIENTED_EDGE('',*,*,#1372,.T.);
#1907=ORIENTED_EDGE('',*,*,#1354,.T.);
#1908=ORIENTED_EDGE('',*,*,#1448,.T.);
#1909=ORIENTED_EDGE('',*,*,#1389,.F.);
#1910=ORIENTED_EDGE('',*,*,#1451,.T.);
#1911=ORIENTED_EDGE('',*,*,#1452,.T.);
#1912=ORIENTED_EDGE('',*,*,#1359,.T.);
#1913=ORIENTED_EDGE('',*,*,#1343,.T.);
#1914=ORIENTED_EDGE('',*,*,#1348,.T.);
#1915=ORIENTED_EDGE('',*,*,#1360,.T.);
#1916=ORIENTED_EDGE('',*,*,#1452,.F.);
#1917=ORIENTED_EDGE('',*,*,#1453,.F.);
#1918=ORIENTED_EDGE('',*,*,#1454,.F.);
#1919=ORIENTED_EDGE('',*,*,#1455,.F.);
#1920=ORIENTED_EDGE('',*,*,#1456,.F.);
#1921=ORIENTED_EDGE('',*,*,#1457,.F.);
#1922=ORIENTED_EDGE('',*,*,#1458,.F.);
#1923=ORIENTED_EDGE('',*,*,#1417,.F.);
#1924=ORIENTED_EDGE('',*,*,#1399,.F.);
#1925=ORIENTED_EDGE('',*,*,#1381,.T.);
#1926=ORIENTED_EDGE('',*,*,#1450,.F.);
#1927=ORIENTED_EDGE('',*,*,#1459,.F.);
#1928=ORIENTED_EDGE('',*,*,#1460,.F.);
#1929=ORIENTED_EDGE('',*,*,#1461,.F.);
#1930=ORIENTED_EDGE('',*,*,#1462,.F.);
#1931=ORIENTED_EDGE('',*,*,#1463,.F.);
#1932=ORIENTED_EDGE('',*,*,#1464,.F.);
#1933=ORIENTED_EDGE('',*,*,#1465,.F.);
#1934=ORIENTED_EDGE('',*,*,#1466,.F.);
#1935=ORIENTED_EDGE('',*,*,#1467,.F.);
#1936=ORIENTED_EDGE('',*,*,#1468,.F.);
#1937=ORIENTED_EDGE('',*,*,#1469,.F.);
#1938=ORIENTED_EDGE('',*,*,#1470,.F.);
#1939=ORIENTED_EDGE('',*,*,#1471,.F.);
#1940=ORIENTED_EDGE('',*,*,#1472,.F.);
#1941=ORIENTED_EDGE('',*,*,#1410,.F.);
#1942=ORIENTED_EDGE('',*,*,#1356,.F.);
#1943=ORIENTED_EDGE('',*,*,#1473,.F.);
#1944=ORIENTED_EDGE('',*,*,#1474,.F.);
#1945=ORIENTED_EDGE('',*,*,#1475,.F.);
#1946=ORIENTED_EDGE('',*,*,#1476,.F.);
#1947=ORIENTED_EDGE('',*,*,#1477,.T.);
#1948=ORIENTED_EDGE('',*,*,#1478,.T.);
#1949=ORIENTED_EDGE('',*,*,#1479,.T.);
#1950=ORIENTED_EDGE('',*,*,#1480,.F.);
#1951=ORIENTED_EDGE('',*,*,#1430,.T.);
#1952=ORIENTED_EDGE('',*,*,#1481,.T.);
#1953=ORIENTED_EDGE('',*,*,#1482,.T.);
#1954=ORIENTED_EDGE('',*,*,#1483,.T.);
#1955=ORIENTED_EDGE('',*,*,#1484,.T.);
#1956=ORIENTED_EDGE('',*,*,#1478,.F.);
#1957=ORIENTED_EDGE('',*,*,#1485,.T.);
#1958=ORIENTED_EDGE('',*,*,#1486,.T.);
#1959=ORIENTED_EDGE('',*,*,#1432,.T.);
#1960=ORIENTED_EDGE('',*,*,#1487,.T.);
#1961=ORIENTED_EDGE('',*,*,#1488,.T.);
#1962=ORIENTED_EDGE('',*,*,#1483,.F.);
#1963=ORIENTED_EDGE('',*,*,#1431,.T.);
#1964=ORIENTED_EDGE('',*,*,#1480,.T.);
#1965=ORIENTED_EDGE('',*,*,#1489,.T.);
#1966=ORIENTED_EDGE('',*,*,#1487,.F.);
#1967=ORIENTED_EDGE('',*,*,#1479,.F.);
#1968=ORIENTED_EDGE('',*,*,#1484,.F.);
#1969=ORIENTED_EDGE('',*,*,#1488,.F.);
#1970=ORIENTED_EDGE('',*,*,#1489,.F.);
#1971=ORIENTED_EDGE('',*,*,#1477,.F.);
#1972=ORIENTED_EDGE('',*,*,#1490,.T.);
#1973=ORIENTED_EDGE('',*,*,#1491,.F.);
#1974=ORIENTED_EDGE('',*,*,#1492,.F.);
#1975=ORIENTED_EDGE('',*,*,#1493,.F.);
#1976=ORIENTED_EDGE('',*,*,#1494,.T.);
#1977=ORIENTED_EDGE('',*,*,#1495,.F.);
#1978=ORIENTED_EDGE('',*,*,#1496,.F.);
#1979=ORIENTED_EDGE('',*,*,#1497,.F.);
#1980=ORIENTED_EDGE('',*,*,#1498,.T.);
#1981=ORIENTED_EDGE('',*,*,#1485,.F.);
#1982=ORIENTED_EDGE('',*,*,#1482,.F.);
#1983=ORIENTED_EDGE('',*,*,#1486,.F.);
#1984=ORIENTED_EDGE('',*,*,#1498,.F.);
#1985=ORIENTED_EDGE('',*,*,#1499,.F.);
#1986=ORIENTED_EDGE('',*,*,#1500,.F.);
#1987=ORIENTED_EDGE('',*,*,#1501,.F.);
#1988=ORIENTED_EDGE('',*,*,#1502,.F.);
#1989=ORIENTED_EDGE('',*,*,#1503,.F.);
#1990=ORIENTED_EDGE('',*,*,#1504,.F.);
#1991=ORIENTED_EDGE('',*,*,#1505,.F.);
#1992=ORIENTED_EDGE('',*,*,#1506,.F.);
#1993=ORIENTED_EDGE('',*,*,#1507,.F.);
#1994=ORIENTED_EDGE('',*,*,#1508,.F.);
#1995=ORIENTED_EDGE('',*,*,#1509,.F.);
#1996=ORIENTED_EDGE('',*,*,#1510,.F.);
#1997=ORIENTED_EDGE('',*,*,#1511,.F.);
#1998=ORIENTED_EDGE('',*,*,#1512,.F.);
#1999=ORIENTED_EDGE('',*,*,#1513,.F.);
#2000=ORIENTED_EDGE('',*,*,#1494,.F.);
#2001=ORIENTED_EDGE('',*,*,#1514,.F.);
#2002=ORIENTED_EDGE('',*,*,#1425,.T.);
#2003=ORIENTED_EDGE('',*,*,#1515,.T.);
#2004=ORIENTED_EDGE('',*,*,#1466,.T.);
#2005=ORIENTED_EDGE('',*,*,#1516,.F.);
#2006=ORIENTED_EDGE('',*,*,#1433,.T.);
#2007=ORIENTED_EDGE('',*,*,#1517,.F.);
#2008=ORIENTED_EDGE('',*,*,#1518,.F.);
#2009=ORIENTED_EDGE('',*,*,#1519,.F.);
#2010=ORIENTED_EDGE('',*,*,#1520,.F.);
#2011=ORIENTED_EDGE('',*,*,#1521,.F.);
#2012=ORIENTED_EDGE('',*,*,#1522,.F.);
#2013=ORIENTED_EDGE('',*,*,#1523,.F.);
#2014=ORIENTED_EDGE('',*,*,#1524,.F.);
#2015=ORIENTED_EDGE('',*,*,#1493,.T.);
#2016=ORIENTED_EDGE('',*,*,#1525,.T.);
#2017=ORIENTED_EDGE('',*,*,#1526,.T.);
#2018=ORIENTED_EDGE('',*,*,#1527,.F.);
#2019=ORIENTED_EDGE('',*,*,#1426,.T.);
#2020=ORIENTED_EDGE('',*,*,#1514,.T.);
#2021=ORIENTED_EDGE('',*,*,#1492,.T.);
#2022=ORIENTED_EDGE('',*,*,#1528,.T.);
#2023=ORIENTED_EDGE('',*,*,#1529,.T.);
#2024=ORIENTED_EDGE('',*,*,#1525,.F.);
#2025=ORIENTED_EDGE('',*,*,#1491,.T.);
#2026=ORIENTED_EDGE('',*,*,#1530,.T.);
#2027=ORIENTED_EDGE('',*,*,#1428,.T.);
#2028=ORIENTED_EDGE('',*,*,#1531,.T.);
#2029=ORIENTED_EDGE('',*,*,#1532,.T.);
#2030=ORIENTED_EDGE('',*,*,#1528,.F.);
#2031=ORIENTED_EDGE('',*,*,#1427,.T.);
#2032=ORIENTED_EDGE('',*,*,#1527,.T.);
#2033=ORIENTED_EDGE('',*,*,#1533,.T.);
#2034=ORIENTED_EDGE('',*,*,#1531,.F.);
#2035=ORIENTED_EDGE('',*,*,#1526,.F.);
#2036=ORIENTED_EDGE('',*,*,#1529,.F.);
#2037=ORIENTED_EDGE('',*,*,#1532,.F.);
#2038=ORIENTED_EDGE('',*,*,#1533,.F.);
#2039=ORIENTED_EDGE('',*,*,#1534,.T.);
#2040=ORIENTED_EDGE('',*,*,#1535,.T.);
#2041=ORIENTED_EDGE('',*,*,#1536,.T.);
#2042=ORIENTED_EDGE('',*,*,#1537,.T.);
#2043=ORIENTED_EDGE('',*,*,#1538,.T.);
#2044=ORIENTED_EDGE('',*,*,#1539,.T.);
#2045=ORIENTED_EDGE('',*,*,#1540,.T.);
#2046=ORIENTED_EDGE('',*,*,#1541,.T.);
#2047=ORIENTED_EDGE('',*,*,#1535,.F.);
#2048=ORIENTED_EDGE('',*,*,#1542,.T.);
#2049=ORIENTED_EDGE('',*,*,#1543,.T.);
#2050=ORIENTED_EDGE('',*,*,#1544,.T.);
#2051=ORIENTED_EDGE('',*,*,#1545,.T.);
#2052=ORIENTED_EDGE('',*,*,#1546,.T.);
#2053=ORIENTED_EDGE('',*,*,#1547,.T.);
#2054=ORIENTED_EDGE('',*,*,#1548,.T.);
#2055=ORIENTED_EDGE('',*,*,#1549,.T.);
#2056=ORIENTED_EDGE('',*,*,#1550,.T.);
#2057=ORIENTED_EDGE('',*,*,#1551,.T.);
#2058=ORIENTED_EDGE('',*,*,#1545,.F.);
#2059=ORIENTED_EDGE('',*,*,#1552,.T.);
#2060=ORIENTED_EDGE('',*,*,#1553,.T.);
#2061=ORIENTED_EDGE('',*,*,#1539,.F.);
#2062=ORIENTED_EDGE('',*,*,#1554,.T.);
#2063=ORIENTED_EDGE('',*,*,#1522,.T.);
#2064=ORIENTED_EDGE('',*,*,#1555,.F.);
#2065=ORIENTED_EDGE('',*,*,#1556,.F.);
#2066=ORIENTED_EDGE('',*,*,#1557,.F.);
#2067=ORIENTED_EDGE('',*,*,#1558,.F.);
#2068=ORIENTED_EDGE('',*,*,#1541,.F.);
#2069=ORIENTED_EDGE('',*,*,#1559,.F.);
#2070=ORIENTED_EDGE('',*,*,#1560,.F.);
#2071=ORIENTED_EDGE('',*,*,#1561,.T.);
#2072=ORIENTED_EDGE('',*,*,#1562,.F.);
#2073=ORIENTED_EDGE('',*,*,#1563,.T.);
#2074=ORIENTED_EDGE('',*,*,#1564,.F.);
#2075=ORIENTED_EDGE('',*,*,#1565,.F.);
#2076=ORIENTED_EDGE('',*,*,#1552,.F.);
#2077=ORIENTED_EDGE('',*,*,#1544,.F.);
#2078=ORIENTED_EDGE('',*,*,#1551,.F.);
#2079=ORIENTED_EDGE('',*,*,#1566,.F.);
#2080=ORIENTED_EDGE('',*,*,#1567,.F.);
#2081=ORIENTED_EDGE('',*,*,#1568,.F.);
#2082=ORIENTED_EDGE('',*,*,#1569,.F.);
#2083=ORIENTED_EDGE('',*,*,#1570,.F.);
#2084=ORIENTED_EDGE('',*,*,#1571,.F.);
#2085=ORIENTED_EDGE('',*,*,#1572,.F.);
#2086=ORIENTED_EDGE('',*,*,#1542,.F.);
#2087=ORIENTED_EDGE('',*,*,#1534,.F.);
#2088=ORIENTED_EDGE('',*,*,#1540,.F.);
#2089=ORIENTED_EDGE('',*,*,#1558,.T.);
#2090=ORIENTED_EDGE('',*,*,#1573,.F.);
#2091=ORIENTED_EDGE('',*,*,#1547,.F.);
#2092=ORIENTED_EDGE('',*,*,#1574,.F.);
#2093=ORIENTED_EDGE('',*,*,#1575,.T.);
#2094=ORIENTED_EDGE('',*,*,#1553,.F.);
#2095=ORIENTED_EDGE('',*,*,#1565,.T.);
#2096=ORIENTED_EDGE('',*,*,#1576,.T.);
#2097=ORIENTED_EDGE('',*,*,#1577,.T.);
#2098=ORIENTED_EDGE('',*,*,#1578,.T.);
#2099=ORIENTED_EDGE('',*,*,#1566,.T.);
#2100=ORIENTED_EDGE('',*,*,#1579,.T.);
#2101=ORIENTED_EDGE('',*,*,#1580,.T.);
#2102=ORIENTED_EDGE('',*,*,#1581,.T.);
#2103=ORIENTED_EDGE('',*,*,#1582,.T.);
#2104=ORIENTED_EDGE('',*,*,#1583,.T.);
#2105=ORIENTED_EDGE('',*,*,#1577,.F.);
#2106=ORIENTED_EDGE('',*,*,#1584,.T.);
#2107=ORIENTED_EDGE('',*,*,#1585,.T.);
#2108=ORIENTED_EDGE('',*,*,#1586,.T.);
#2109=ORIENTED_EDGE('',*,*,#1556,.T.);
#2110=ORIENTED_EDGE('',*,*,#1587,.T.);
#2111=ORIENTED_EDGE('',*,*,#1588,.F.);
#2112=ORIENTED_EDGE('',*,*,#1543,.F.);
#2113=ORIENTED_EDGE('',*,*,#1572,.T.);
#2114=ORIENTED_EDGE('',*,*,#1589,.T.);
#2115=ORIENTED_EDGE('',*,*,#1588,.T.);
#2116=ORIENTED_EDGE('',*,*,#1590,.T.);
#2117=ORIENTED_EDGE('',*,*,#1559,.T.);
#2118=ORIENTED_EDGE('',*,*,#1536,.F.);
#2119=ORIENTED_EDGE('',*,*,#1573,.T.);
#2120=ORIENTED_EDGE('',*,*,#1557,.T.);
#2121=ORIENTED_EDGE('',*,*,#1586,.F.);
#2122=ORIENTED_EDGE('',*,*,#1591,.T.);
#2123=ORIENTED_EDGE('',*,*,#1574,.T.);
#2124=ORIENTED_EDGE('',*,*,#1546,.F.);
#2125=ORIENTED_EDGE('',*,*,#1592,.T.);
#2126=ORIENTED_EDGE('',*,*,#1580,.F.);
#2127=ORIENTED_EDGE('',*,*,#1593,.T.);
#2128=ORIENTED_EDGE('',*,*,#1594,.F.);
#2129=ORIENTED_EDGE('',*,*,#1595,.F.);
#2130=ORIENTED_EDGE('',*,*,#1581,.F.);
#2131=ORIENTED_EDGE('',*,*,#1595,.T.);
#2132=ORIENTED_EDGE('',*,*,#1596,.F.);
#2133=ORIENTED_EDGE('',*,*,#1597,.F.);
#2134=ORIENTED_EDGE('',*,*,#1582,.F.);
#2135=ORIENTED_EDGE('',*,*,#1597,.T.);
#2136=ORIENTED_EDGE('',*,*,#1598,.F.);
#2137=ORIENTED_EDGE('',*,*,#1599,.F.);
#2138=ORIENTED_EDGE('',*,*,#1583,.F.);
#2139=ORIENTED_EDGE('',*,*,#1599,.T.);
#2140=ORIENTED_EDGE('',*,*,#1600,.F.);
#2141=ORIENTED_EDGE('',*,*,#1601,.F.);
#2142=ORIENTED_EDGE('',*,*,#1567,.T.);
#2143=ORIENTED_EDGE('',*,*,#1578,.F.);
#2144=ORIENTED_EDGE('',*,*,#1537,.F.);
#2145=ORIENTED_EDGE('',*,*,#1592,.F.);
#2146=ORIENTED_EDGE('',*,*,#1550,.F.);
#2147=ORIENTED_EDGE('',*,*,#1602,.F.);
#2148=ORIENTED_EDGE('',*,*,#1576,.F.);
#2149=ORIENTED_EDGE('',*,*,#1564,.T.);
#2150=ORIENTED_EDGE('',*,*,#1603,.T.);
#2151=ORIENTED_EDGE('',*,*,#1517,.T.);
#2152=ORIENTED_EDGE('',*,*,#1604,.F.);
#2153=ORIENTED_EDGE('',*,*,#1584,.F.);
#2154=ORIENTED_EDGE('',*,*,#1605,.T.);
#2155=ORIENTED_EDGE('',*,*,#1606,.T.);
#2156=ORIENTED_EDGE('',*,*,#1607,.T.);
#2157=ORIENTED_EDGE('',*,*,#1608,.T.);
#2158=ORIENTED_EDGE('',*,*,#1609,.T.);
#2159=ORIENTED_EDGE('',*,*,#1610,.F.);
#2160=ORIENTED_EDGE('',*,*,#1611,.F.);
#2161=ORIENTED_EDGE('',*,*,#1496,.T.);
#2162=ORIENTED_EDGE('',*,*,#1612,.T.);
#2163=ORIENTED_EDGE('',*,*,#1613,.F.);
#2164=ORIENTED_EDGE('',*,*,#1614,.T.);
#2165=ORIENTED_EDGE('',*,*,#1615,.T.);
#2166=ORIENTED_EDGE('',*,*,#1616,.T.);
#2167=ORIENTED_EDGE('',*,*,#1617,.T.);
#2168=ORIENTED_EDGE('',*,*,#1618,.T.);
#2169=ORIENTED_EDGE('',*,*,#1619,.F.);
#2170=ORIENTED_EDGE('',*,*,#1620,.T.);
#2171=ORIENTED_EDGE('',*,*,#1500,.T.);
#2172=ORIENTED_EDGE('',*,*,#1621,.T.);
#2173=ORIENTED_EDGE('',*,*,#1610,.T.);
#2174=ORIENTED_EDGE('',*,*,#1622,.T.);
#2175=ORIENTED_EDGE('',*,*,#1613,.T.);
#2176=ORIENTED_EDGE('',*,*,#1623,.T.);
#2177=ORIENTED_EDGE('',*,*,#1512,.T.);
#2178=ORIENTED_EDGE('',*,*,#1499,.T.);
#2179=ORIENTED_EDGE('',*,*,#1497,.T.);
#2180=ORIENTED_EDGE('',*,*,#1611,.T.);
#2181=ORIENTED_EDGE('',*,*,#1621,.F.);
#2182=ORIENTED_EDGE('',*,*,#1513,.T.);
#2183=ORIENTED_EDGE('',*,*,#1623,.F.);
#2184=ORIENTED_EDGE('',*,*,#1612,.F.);
#2185=ORIENTED_EDGE('',*,*,#1495,.T.);
#2186=ORIENTED_EDGE('',*,*,#1624,.T.);
#2187=ORIENTED_EDGE('',*,*,#1619,.T.);
#2188=ORIENTED_EDGE('',*,*,#1625,.T.);
#2189=ORIENTED_EDGE('',*,*,#1506,.T.);
#2190=ORIENTED_EDGE('',*,*,#1624,.F.);
#2191=ORIENTED_EDGE('',*,*,#1505,.T.);
#2192=ORIENTED_EDGE('',*,*,#1626,.T.);
#2193=ORIENTED_EDGE('',*,*,#1627,.T.);
#2194=ORIENTED_EDGE('',*,*,#1628,.F.);
#2195=ORIENTED_EDGE('',*,*,#1605,.F.);
#2196=ORIENTED_EDGE('',*,*,#1606,.F.);
#2197=ORIENTED_EDGE('',*,*,#1628,.T.);
#2198=ORIENTED_EDGE('',*,*,#1629,.T.);
#2199=ORIENTED_EDGE('',*,*,#1630,.F.);
#2200=ORIENTED_EDGE('',*,*,#1607,.F.);
#2201=ORIENTED_EDGE('',*,*,#1630,.T.);
#2202=ORIENTED_EDGE('',*,*,#1631,.T.);
#2203=ORIENTED_EDGE('',*,*,#1632,.F.);
#2204=ORIENTED_EDGE('',*,*,#1608,.F.);
#2205=ORIENTED_EDGE('',*,*,#1632,.T.);
#2206=ORIENTED_EDGE('',*,*,#1633,.T.);
#2207=ORIENTED_EDGE('',*,*,#1634,.F.);
#2208=ORIENTED_EDGE('',*,*,#1609,.F.);
#2209=ORIENTED_EDGE('',*,*,#1634,.T.);
#2210=ORIENTED_EDGE('',*,*,#1635,.T.);
#2211=ORIENTED_EDGE('',*,*,#1636,.F.);
#2212=ORIENTED_EDGE('',*,*,#1501,.T.);
#2213=ORIENTED_EDGE('',*,*,#1620,.F.);
#2214=ORIENTED_EDGE('',*,*,#1637,.T.);
#2215=ORIENTED_EDGE('',*,*,#1638,.F.);
#2216=ORIENTED_EDGE('',*,*,#1639,.F.);
#2217=ORIENTED_EDGE('',*,*,#1640,.T.);
#2218=ORIENTED_EDGE('',*,*,#1641,.T.);
#2219=ORIENTED_EDGE('',*,*,#1642,.F.);
#2220=ORIENTED_EDGE('',*,*,#1643,.T.);
#2221=ORIENTED_EDGE('',*,*,#1638,.T.);
#2222=ORIENTED_EDGE('',*,*,#1644,.T.);
#2223=ORIENTED_EDGE('',*,*,#1645,.F.);
#2224=ORIENTED_EDGE('',*,*,#1646,.F.);
#2225=ORIENTED_EDGE('',*,*,#1642,.T.);
#2226=ORIENTED_EDGE('',*,*,#1647,.T.);
#2227=ORIENTED_EDGE('',*,*,#1648,.F.);
#2228=ORIENTED_EDGE('',*,*,#1649,.T.);
#2229=ORIENTED_EDGE('',*,*,#1645,.T.);
#2230=ORIENTED_EDGE('',*,*,#1650,.T.);
#2231=ORIENTED_EDGE('',*,*,#1651,.F.);
#2232=ORIENTED_EDGE('',*,*,#1652,.F.);
#2233=ORIENTED_EDGE('',*,*,#1648,.T.);
#2234=ORIENTED_EDGE('',*,*,#1653,.T.);
#2235=ORIENTED_EDGE('',*,*,#1654,.F.);
#2236=ORIENTED_EDGE('',*,*,#1655,.T.);
#2237=ORIENTED_EDGE('',*,*,#1651,.T.);
#2238=ORIENTED_EDGE('',*,*,#1656,.T.);
#2239=ORIENTED_EDGE('',*,*,#1657,.F.);
#2240=ORIENTED_EDGE('',*,*,#1658,.F.);
#2241=ORIENTED_EDGE('',*,*,#1654,.T.);
#2242=ORIENTED_EDGE('',*,*,#1659,.T.);
#2243=ORIENTED_EDGE('',*,*,#1640,.F.);
#2244=ORIENTED_EDGE('',*,*,#1660,.T.);
#2245=ORIENTED_EDGE('',*,*,#1657,.T.);
#2246=ORIENTED_EDGE('',*,*,#1649,.F.);
#2247=ORIENTED_EDGE('',*,*,#1652,.T.);
#2248=ORIENTED_EDGE('',*,*,#1655,.F.);
#2249=ORIENTED_EDGE('',*,*,#1658,.T.);
#2250=ORIENTED_EDGE('',*,*,#1660,.F.);
#2251=ORIENTED_EDGE('',*,*,#1639,.T.);
#2252=ORIENTED_EDGE('',*,*,#1643,.F.);
#2253=ORIENTED_EDGE('',*,*,#1646,.T.);
#2254=ORIENTED_EDGE('',*,*,#1661,.T.);
#2255=ORIENTED_EDGE('',*,*,#1662,.T.);
#2256=ORIENTED_EDGE('',*,*,#1663,.T.);
#2257=ORIENTED_EDGE('',*,*,#1664,.T.);
#2258=ORIENTED_EDGE('',*,*,#1600,.T.);
#2259=ORIENTED_EDGE('',*,*,#1598,.T.);
#2260=ORIENTED_EDGE('',*,*,#1596,.T.);
#2261=ORIENTED_EDGE('',*,*,#1594,.T.);
#2262=ORIENTED_EDGE('',*,*,#1579,.F.);
#2263=ORIENTED_EDGE('',*,*,#1589,.F.);
#2264=ORIENTED_EDGE('',*,*,#1571,.T.);
#2265=ORIENTED_EDGE('',*,*,#1665,.T.);
#2266=ORIENTED_EDGE('',*,*,#1661,.F.);
#2267=ORIENTED_EDGE('',*,*,#1593,.F.);
#2268=ORIENTED_EDGE('',*,*,#1662,.F.);
#2269=ORIENTED_EDGE('',*,*,#1665,.F.);
#2270=ORIENTED_EDGE('',*,*,#1570,.T.);
#2271=ORIENTED_EDGE('',*,*,#1666,.T.);
#2272=ORIENTED_EDGE('',*,*,#1663,.F.);
#2273=ORIENTED_EDGE('',*,*,#1666,.F.);
#2274=ORIENTED_EDGE('',*,*,#1569,.T.);
#2275=ORIENTED_EDGE('',*,*,#1667,.T.);
#2276=ORIENTED_EDGE('',*,*,#1664,.F.);
#2277=ORIENTED_EDGE('',*,*,#1667,.F.);
#2278=ORIENTED_EDGE('',*,*,#1568,.T.);
#2279=ORIENTED_EDGE('',*,*,#1601,.T.);
#2280=ORIENTED_EDGE('',*,*,#1504,.T.);
#2281=ORIENTED_EDGE('',*,*,#1668,.T.);
#2282=ORIENTED_EDGE('',*,*,#1669,.T.);
#2283=ORIENTED_EDGE('',*,*,#1626,.F.);
#2284=ORIENTED_EDGE('',*,*,#1503,.T.);
#2285=ORIENTED_EDGE('',*,*,#1670,.T.);
#2286=ORIENTED_EDGE('',*,*,#1671,.T.);
#2287=ORIENTED_EDGE('',*,*,#1668,.F.);
#2288=ORIENTED_EDGE('',*,*,#1502,.T.);
#2289=ORIENTED_EDGE('',*,*,#1636,.T.);
#2290=ORIENTED_EDGE('',*,*,#1672,.T.);
#2291=ORIENTED_EDGE('',*,*,#1670,.F.);
#2292=ORIENTED_EDGE('',*,*,#1614,.F.);
#2293=ORIENTED_EDGE('',*,*,#1622,.F.);
#2294=ORIENTED_EDGE('',*,*,#1511,.T.);
#2295=ORIENTED_EDGE('',*,*,#1673,.T.);
#2296=ORIENTED_EDGE('',*,*,#1674,.T.);
#2297=ORIENTED_EDGE('',*,*,#1675,.F.);
#2298=ORIENTED_EDGE('',*,*,#1510,.T.);
#2299=ORIENTED_EDGE('',*,*,#1676,.T.);
#2300=ORIENTED_EDGE('',*,*,#1677,.T.);
#2301=ORIENTED_EDGE('',*,*,#1673,.F.);
#2302=ORIENTED_EDGE('',*,*,#1509,.T.);
#2303=ORIENTED_EDGE('',*,*,#1678,.T.);
#2304=ORIENTED_EDGE('',*,*,#1679,.T.);
#2305=ORIENTED_EDGE('',*,*,#1676,.F.);
#2306=ORIENTED_EDGE('',*,*,#1508,.T.);
#2307=ORIENTED_EDGE('',*,*,#1680,.T.);
#2308=ORIENTED_EDGE('',*,*,#1681,.T.);
#2309=ORIENTED_EDGE('',*,*,#1678,.F.);
#2310=ORIENTED_EDGE('',*,*,#1625,.F.);
#2311=ORIENTED_EDGE('',*,*,#1618,.F.);
#2312=ORIENTED_EDGE('',*,*,#1682,.T.);
#2313=ORIENTED_EDGE('',*,*,#1683,.T.);
#2314=ORIENTED_EDGE('',*,*,#1680,.F.);
#2315=ORIENTED_EDGE('',*,*,#1507,.T.);
#2316=ORIENTED_EDGE('',*,*,#1615,.F.);
#2317=ORIENTED_EDGE('',*,*,#1675,.T.);
#2318=ORIENTED_EDGE('',*,*,#1684,.T.);
#2319=ORIENTED_EDGE('',*,*,#1685,.F.);
#2320=ORIENTED_EDGE('',*,*,#1616,.F.);
#2321=ORIENTED_EDGE('',*,*,#1685,.T.);
#2322=ORIENTED_EDGE('',*,*,#1686,.T.);
#2323=ORIENTED_EDGE('',*,*,#1687,.F.);
#2324=ORIENTED_EDGE('',*,*,#1617,.F.);
#2325=ORIENTED_EDGE('',*,*,#1687,.T.);
#2326=ORIENTED_EDGE('',*,*,#1688,.T.);
#2327=ORIENTED_EDGE('',*,*,#1682,.F.);
#2328=ORIENTED_EDGE('',*,*,#1689,.T.);
#2329=ORIENTED_EDGE('',*,*,#1690,.T.);
#2330=ORIENTED_EDGE('',*,*,#1473,.T.);
#2331=ORIENTED_EDGE('',*,*,#1690,.F.);
#2332=ORIENTED_EDGE('',*,*,#1689,.F.);
#2333=ORIENTED_EDGE('',*,*,#1691,.T.);
#2334=ORIENTED_EDGE('',*,*,#1692,.T.);
#2335=ORIENTED_EDGE('',*,*,#1474,.T.);
#2336=ORIENTED_EDGE('',*,*,#1692,.F.);
#2337=ORIENTED_EDGE('',*,*,#1691,.F.);
#2338=ORIENTED_EDGE('',*,*,#1693,.T.);
#2339=ORIENTED_EDGE('',*,*,#1694,.T.);
#2340=ORIENTED_EDGE('',*,*,#1475,.T.);
#2341=ORIENTED_EDGE('',*,*,#1694,.F.);
#2342=ORIENTED_EDGE('',*,*,#1693,.F.);
#2343=ORIENTED_EDGE('',*,*,#1695,.T.);
#2344=ORIENTED_EDGE('',*,*,#1696,.T.);
#2345=ORIENTED_EDGE('',*,*,#1476,.T.);
#2346=ORIENTED_EDGE('',*,*,#1696,.F.);
#2347=ORIENTED_EDGE('',*,*,#1695,.F.);
#2348=ORIENTED_EDGE('',*,*,#1697,.T.);
#2349=ORIENTED_EDGE('',*,*,#1698,.T.);
#2350=ORIENTED_EDGE('',*,*,#1699,.T.);
#2351=ORIENTED_EDGE('',*,*,#1698,.F.);
#2352=ORIENTED_EDGE('',*,*,#1697,.F.);
#2353=ORIENTED_EDGE('',*,*,#1700,.T.);
#2354=ORIENTED_EDGE('',*,*,#1701,.T.);
#2355=ORIENTED_EDGE('',*,*,#1702,.T.);
#2356=ORIENTED_EDGE('',*,*,#1701,.F.);
#2357=ORIENTED_EDGE('',*,*,#1700,.F.);
#2358=ORIENTED_EDGE('',*,*,#1703,.T.);
#2359=ORIENTED_EDGE('',*,*,#1704,.T.);
#2360=ORIENTED_EDGE('',*,*,#1705,.T.);
#2361=ORIENTED_EDGE('',*,*,#1704,.F.);
#2362=ORIENTED_EDGE('',*,*,#1703,.F.);
#2363=ORIENTED_EDGE('',*,*,#1706,.T.);
#2364=ORIENTED_EDGE('',*,*,#1707,.T.);
#2365=ORIENTED_EDGE('',*,*,#1708,.T.);
#2366=ORIENTED_EDGE('',*,*,#1707,.F.);
#2367=ORIENTED_EDGE('',*,*,#1706,.F.);
#2368=ORIENTED_EDGE('',*,*,#1538,.F.);
#2369=ORIENTED_EDGE('',*,*,#1602,.T.);
#2370=ORIENTED_EDGE('',*,*,#1549,.F.);
#2371=ORIENTED_EDGE('',*,*,#1709,.T.);
#2372=ORIENTED_EDGE('',*,*,#1523,.T.);
#2373=ORIENTED_EDGE('',*,*,#1554,.F.);
#2374=ORIENTED_EDGE('',*,*,#1548,.F.);
#2375=ORIENTED_EDGE('',*,*,#1575,.F.);
#2376=ORIENTED_EDGE('',*,*,#1591,.F.);
#2377=ORIENTED_EDGE('',*,*,#1585,.F.);
#2378=ORIENTED_EDGE('',*,*,#1604,.T.);
#2379=ORIENTED_EDGE('',*,*,#1524,.T.);
#2380=ORIENTED_EDGE('',*,*,#1709,.F.);
#2381=ORIENTED_EDGE('',*,*,#1518,.T.);
#2382=ORIENTED_EDGE('',*,*,#1603,.F.);
#2383=ORIENTED_EDGE('',*,*,#1563,.F.);
#2384=ORIENTED_EDGE('',*,*,#1710,.T.);
#2385=ORIENTED_EDGE('',*,*,#1519,.T.);
#2386=ORIENTED_EDGE('',*,*,#1710,.F.);
#2387=ORIENTED_EDGE('',*,*,#1562,.T.);
#2388=ORIENTED_EDGE('',*,*,#1711,.T.);
#2389=ORIENTED_EDGE('',*,*,#1520,.T.);
#2390=ORIENTED_EDGE('',*,*,#1711,.F.);
#2391=ORIENTED_EDGE('',*,*,#1561,.F.);
#2392=ORIENTED_EDGE('',*,*,#1712,.T.);
#2393=ORIENTED_EDGE('',*,*,#1590,.F.);
#2394=ORIENTED_EDGE('',*,*,#1587,.F.);
#2395=ORIENTED_EDGE('',*,*,#1555,.T.);
#2396=ORIENTED_EDGE('',*,*,#1521,.T.);
#2397=ORIENTED_EDGE('',*,*,#1712,.F.);
#2398=ORIENTED_EDGE('',*,*,#1560,.T.);
#2399=ORIENTED_EDGE('',*,*,#1713,.T.);
#2400=ORIENTED_EDGE('',*,*,#1436,.T.);
#2401=ORIENTED_EDGE('',*,*,#1714,.T.);
#2402=ORIENTED_EDGE('',*,*,#1463,.T.);
#2403=ORIENTED_EDGE('',*,*,#1714,.F.);
#2404=ORIENTED_EDGE('',*,*,#1435,.T.);
#2405=ORIENTED_EDGE('',*,*,#1715,.T.);
#2406=ORIENTED_EDGE('',*,*,#1464,.T.);
#2407=ORIENTED_EDGE('',*,*,#1716,.T.);
#2408=ORIENTED_EDGE('',*,*,#1420,.T.);
#2409=ORIENTED_EDGE('',*,*,#1717,.T.);
#2410=ORIENTED_EDGE('',*,*,#1471,.T.);
#2411=ORIENTED_EDGE('',*,*,#1717,.F.);
#2412=ORIENTED_EDGE('',*,*,#1419,.T.);
#2413=ORIENTED_EDGE('',*,*,#1411,.T.);
#2414=ORIENTED_EDGE('',*,*,#1472,.T.);
#2415=ORIENTED_EDGE('',*,*,#1716,.F.);
#2416=ORIENTED_EDGE('',*,*,#1470,.T.);
#2417=ORIENTED_EDGE('',*,*,#1718,.F.);
#2418=ORIENTED_EDGE('',*,*,#1421,.T.);
#2419=ORIENTED_EDGE('',*,*,#1718,.T.);
#2420=ORIENTED_EDGE('',*,*,#1469,.T.);
#2421=ORIENTED_EDGE('',*,*,#1719,.T.);
#2422=ORIENTED_EDGE('',*,*,#1422,.T.);
#2423=ORIENTED_EDGE('',*,*,#1719,.F.);
#2424=ORIENTED_EDGE('',*,*,#1468,.T.);
#2425=ORIENTED_EDGE('',*,*,#1720,.F.);
#2426=ORIENTED_EDGE('',*,*,#1423,.T.);
#2427=ORIENTED_EDGE('',*,*,#1721,.T.);
#2428=ORIENTED_EDGE('',*,*,#1461,.T.);
#2429=ORIENTED_EDGE('',*,*,#1722,.T.);
#2430=ORIENTED_EDGE('',*,*,#1438,.T.);
#2431=ORIENTED_EDGE('',*,*,#1722,.F.);
#2432=ORIENTED_EDGE('',*,*,#1460,.T.);
#2433=ORIENTED_EDGE('',*,*,#1723,.F.);
#2434=ORIENTED_EDGE('',*,*,#1439,.T.);
#2435=ORIENTED_EDGE('',*,*,#1713,.F.);
#2436=ORIENTED_EDGE('',*,*,#1462,.T.);
#2437=ORIENTED_EDGE('',*,*,#1721,.F.);
#2438=ORIENTED_EDGE('',*,*,#1437,.T.);
#2439=ORIENTED_EDGE('',*,*,#1724,.T.);
#2440=ORIENTED_EDGE('',*,*,#1725,.T.);
#2441=ORIENTED_EDGE('',*,*,#1443,.T.);
#2442=ORIENTED_EDGE('',*,*,#1725,.F.);
#2443=ORIENTED_EDGE('',*,*,#1724,.F.);
#2444=ORIENTED_EDGE('',*,*,#1708,.F.);
#2445=ORIENTED_EDGE('',*,*,#1726,.T.);
#2446=ORIENTED_EDGE('',*,*,#1727,.T.);
#2447=ORIENTED_EDGE('',*,*,#1444,.T.);
#2448=ORIENTED_EDGE('',*,*,#1727,.F.);
#2449=ORIENTED_EDGE('',*,*,#1726,.F.);
#2450=ORIENTED_EDGE('',*,*,#1705,.F.);
#2451=ORIENTED_EDGE('',*,*,#1728,.T.);
#2452=ORIENTED_EDGE('',*,*,#1729,.T.);
#2453=ORIENTED_EDGE('',*,*,#1445,.T.);
#2454=ORIENTED_EDGE('',*,*,#1729,.F.);
#2455=ORIENTED_EDGE('',*,*,#1728,.F.);
#2456=ORIENTED_EDGE('',*,*,#1702,.F.);
#2457=ORIENTED_EDGE('',*,*,#1730,.T.);
#2458=ORIENTED_EDGE('',*,*,#1731,.T.);
#2459=ORIENTED_EDGE('',*,*,#1446,.T.);
#2460=ORIENTED_EDGE('',*,*,#1731,.F.);
#2461=ORIENTED_EDGE('',*,*,#1730,.F.);
#2462=ORIENTED_EDGE('',*,*,#1699,.F.);
#2463=ORIENTED_EDGE('',*,*,#1414,.T.);
#2464=ORIENTED_EDGE('',*,*,#1440,.T.);
#2465=ORIENTED_EDGE('',*,*,#1723,.T.);
#2466=ORIENTED_EDGE('',*,*,#1459,.T.);
#2467=ORIENTED_EDGE('',*,*,#1449,.F.);
#2468=ORIENTED_EDGE('',*,*,#1378,.T.);
#2469=ORIENTED_EDGE('',*,*,#1467,.T.);
#2470=ORIENTED_EDGE('',*,*,#1515,.F.);
#2471=ORIENTED_EDGE('',*,*,#1424,.T.);
#2472=ORIENTED_EDGE('',*,*,#1720,.T.);
#2473=ORIENTED_EDGE('',*,*,#1481,.F.);
#2474=ORIENTED_EDGE('',*,*,#1429,.T.);
#2475=ORIENTED_EDGE('',*,*,#1530,.F.);
#2476=ORIENTED_EDGE('',*,*,#1490,.F.);
#2477=ORIENTED_EDGE('',*,*,#1465,.T.);
#2478=ORIENTED_EDGE('',*,*,#1715,.F.);
#2479=ORIENTED_EDGE('',*,*,#1434,.T.);
#2480=ORIENTED_EDGE('',*,*,#1516,.T.);
#2481=ORIENTED_EDGE('',*,*,#1398,.F.);
#2482=ORIENTED_EDGE('',*,*,#1732,.T.);
#2483=ORIENTED_EDGE('',*,*,#1454,.T.);
#2484=ORIENTED_EDGE('',*,*,#1733,.F.);
#2485=ORIENTED_EDGE('',*,*,#1397,.F.);
#2486=ORIENTED_EDGE('',*,*,#1734,.T.);
#2487=ORIENTED_EDGE('',*,*,#1455,.T.);
#2488=ORIENTED_EDGE('',*,*,#1732,.F.);
#2489=ORIENTED_EDGE('',*,*,#1396,.F.);
#2490=ORIENTED_EDGE('',*,*,#1735,.T.);
#2491=ORIENTED_EDGE('',*,*,#1456,.T.);
#2492=ORIENTED_EDGE('',*,*,#1734,.F.);
#2493=ORIENTED_EDGE('',*,*,#1650,.F.);
#2494=ORIENTED_EDGE('',*,*,#1647,.F.);
#2495=ORIENTED_EDGE('',*,*,#1644,.F.);
#2496=ORIENTED_EDGE('',*,*,#1641,.F.);
#2497=ORIENTED_EDGE('',*,*,#1637,.F.);
#2498=ORIENTED_EDGE('',*,*,#1659,.F.);
#2499=ORIENTED_EDGE('',*,*,#1656,.F.);
#2500=ORIENTED_EDGE('',*,*,#1653,.F.);
#2501=ORIENTED_EDGE('',*,*,#1635,.F.);
#2502=ORIENTED_EDGE('',*,*,#1633,.F.);
#2503=ORIENTED_EDGE('',*,*,#1631,.F.);
#2504=ORIENTED_EDGE('',*,*,#1629,.F.);
#2505=ORIENTED_EDGE('',*,*,#1627,.F.);
#2506=ORIENTED_EDGE('',*,*,#1669,.F.);
#2507=ORIENTED_EDGE('',*,*,#1671,.F.);
#2508=ORIENTED_EDGE('',*,*,#1672,.F.);
#2509=ORIENTED_EDGE('',*,*,#1683,.F.);
#2510=ORIENTED_EDGE('',*,*,#1688,.F.);
#2511=ORIENTED_EDGE('',*,*,#1686,.F.);
#2512=ORIENTED_EDGE('',*,*,#1684,.F.);
#2513=ORIENTED_EDGE('',*,*,#1674,.F.);
#2514=ORIENTED_EDGE('',*,*,#1677,.F.);
#2515=ORIENTED_EDGE('',*,*,#1679,.F.);
#2516=ORIENTED_EDGE('',*,*,#1681,.F.);
#2517=ORIENTED_EDGE('',*,*,#1395,.F.);
#2518=ORIENTED_EDGE('',*,*,#1736,.T.);
#2519=ORIENTED_EDGE('',*,*,#1457,.T.);
#2520=ORIENTED_EDGE('',*,*,#1735,.F.);
#2521=ORIENTED_EDGE('',*,*,#1394,.F.);
#2522=ORIENTED_EDGE('',*,*,#1418,.T.);
#2523=ORIENTED_EDGE('',*,*,#1458,.T.);
#2524=ORIENTED_EDGE('',*,*,#1736,.F.);
#2525=ORIENTED_EDGE('',*,*,#1388,.T.);
#2526=ORIENTED_EDGE('',*,*,#1733,.T.);
#2527=ORIENTED_EDGE('',*,*,#1453,.T.);
#2528=ORIENTED_EDGE('',*,*,#1451,.F.);
#2529=PLANE('',#2785);
#2530=PLANE('',#2786);
#2531=PLANE('',#2787);
#2532=PLANE('',#2788);
#2533=PLANE('',#2789);
#2534=PLANE('',#2790);
#2535=PLANE('',#2791);
#2536=PLANE('',#2792);
#2537=PLANE('',#2793);
#2538=PLANE('',#2794);
#2539=PLANE('',#2795);
#2540=PLANE('',#2797);
#2541=PLANE('',#2798);
#2542=PLANE('',#2799);
#2543=PLANE('',#2804);
#2544=PLANE('',#2805);
#2545=PLANE('',#2806);
#2546=PLANE('',#2808);
#2547=PLANE('',#2812);
#2548=PLANE('',#2813);
#2549=PLANE('',#2816);
#2550=PLANE('',#2828);
#2551=PLANE('',#2829);
#2552=PLANE('',#2830);
#2553=PLANE('',#2831);
#2554=PLANE('',#2832);
#2555=PLANE('',#2847);
#2556=PLANE('',#2848);
#2557=PLANE('',#2849);
#2558=PLANE('',#2850);
#2559=PLANE('',#2851);
#2560=PLANE('',#2852);
#2561=PLANE('',#2853);
#2562=PLANE('',#2862);
#2563=PLANE('',#2863);
#2564=PLANE('',#2864);
#2565=PLANE('',#2865);
#2566=PLANE('',#2866);
#2567=PLANE('',#2867);
#2568=PLANE('',#2874);
#2569=PLANE('',#2884);
#2570=PLANE('',#2889);
#2571=PLANE('',#2890);
#2572=PLANE('',#2892);
#2573=PLANE('',#2893);
#2574=PLANE('',#2897);
#2575=PLANE('',#2898);
#2576=PLANE('',#2901);
#2577=PLANE('',#2904);
#2578=PLANE('',#2905);
#2579=PLANE('',#2906);
#2580=PLANE('',#2907);
#2581=PLANE('',#2912);
#2582=PLANE('',#2913);
#2583=PLANE('',#2914);
#2584=PLANE('',#2915);
#2585=PLANE('',#2916);
#2586=PLANE('',#2917);
#2587=PLANE('',#2920);
#2588=PLANE('',#2923);
#2589=PLANE('',#2924);
#2590=PLANE('',#2928);
#2591=PLANE('',#2932);
#2592=PLANE('',#2936);
#2593=PLANE('',#2940);
#2594=PLANE('',#2943);
#2595=PLANE('',#2945);
#2596=PLANE('',#2949);
#2597=PLANE('',#2952);
#2598=PLANE('',#2955);
#2599=PLANE('',#2958);
#2600=PLANE('',#2961);
#2601=PLANE('',#2966);
#2602=PLANE('',#2969);
#2603=PLANE('',#2972);
#2604=PLANE('',#2975);
#2605=PLANE('',#2979);
#2606=PLANE('',#2983);
#2607=PLANE('',#2987);
#2608=PLANE('',#2991);
#2609=PLANE('',#2992);
#2610=PLANE('',#2995);
#2611=PLANE('',#2997);
#2612=PLANE('',#2999);
#2613=PLANE('',#3001);
#2614=PLANE('',#3002);
#2615=PLANE('',#3004);
#2616=PLANE('',#3006);
#2617=PLANE('',#3007);
#2618=PLANE('',#3010);
#2619=PLANE('',#3013);
#2620=PLANE('',#3016);
#2621=PLANE('',#3019);
#2622=PLANE('',#3022);
#2623=PLANE('',#3024);
#2624=PLANE('',#3026);
#2625=PLANE('',#3028);
#2626=ADVANCED_FACE('',(#182),#2529,.F.);
#2627=ADVANCED_FACE('',(#183),#2530,.F.);
#2628=ADVANCED_FACE('',(#184),#2531,.F.);
#2629=ADVANCED_FACE('',(#185),#2532,.T.);
#2630=ADVANCED_FACE('',(#186),#2533,.T.);
#2631=ADVANCED_FACE('',(#187),#2534,.F.);
#2632=ADVANCED_FACE('',(#188),#2535,.F.);
#2633=ADVANCED_FACE('',(#189),#2536,.T.);
#2634=ADVANCED_FACE('',(#190),#2537,.F.);
#2635=ADVANCED_FACE('',(#191),#2538,.F.);
#2636=ADVANCED_FACE('',(#192),#2539,.T.);
#2637=ADVANCED_FACE('',(#193),#2540,.F.);
#2638=ADVANCED_FACE('',(#194),#2541,.F.);
#2639=ADVANCED_FACE('',(#195),#2542,.T.);
#2640=ADVANCED_FACE('',(#196),#2543,.F.);
#2641=ADVANCED_FACE('',(#197),#2544,.T.);
#2642=ADVANCED_FACE('',(#198),#2545,.T.);
#2643=ADVANCED_FACE('',(#199),#2546,.T.);
#2644=ADVANCED_FACE('',(#200),#34,.F.);
#2645=ADVANCED_FACE('',(#201),#2547,.T.);
#2646=ADVANCED_FACE('',(#202),#2548,.T.);
#2647=ADVANCED_FACE('',(#203),#35,.T.);
#2648=ADVANCED_FACE('',(#204,#17,#18,#19,#20),#2549,.F.);
#2649=ADVANCED_FACE('',(#205),#2550,.F.);
#2650=ADVANCED_FACE('',(#206),#2551,.F.);
#2651=ADVANCED_FACE('',(#207),#2552,.T.);
#2652=ADVANCED_FACE('',(#208),#2553,.F.);
#2653=ADVANCED_FACE('',(#209,#21,#22,#23,#24),#2554,.F.);
#2654=ADVANCED_FACE('',(#210),#2555,.F.);
#2655=ADVANCED_FACE('',(#211),#2556,.F.);
#2656=ADVANCED_FACE('',(#212),#2557,.F.);
#2657=ADVANCED_FACE('',(#213),#2558,.F.);
#2658=ADVANCED_FACE('',(#214),#2559,.F.);
#2659=ADVANCED_FACE('',(#215),#2560,.F.);
#2660=ADVANCED_FACE('',(#216,#25),#2561,.T.);
#2661=ADVANCED_FACE('',(#217),#2562,.F.);
#2662=ADVANCED_FACE('',(#218),#2563,.F.);
#2663=ADVANCED_FACE('',(#219),#2564,.F.);
#2664=ADVANCED_FACE('',(#220),#2565,.F.);
#2665=ADVANCED_FACE('',(#221),#2566,.F.);
#2666=ADVANCED_FACE('',(#222),#2567,.T.);
#2667=ADVANCED_FACE('',(#223),#36,.F.);
#2668=ADVANCED_FACE('',(#224),#37,.F.);
#2669=ADVANCED_FACE('',(#225),#2568,.T.);
#2670=ADVANCED_FACE('',(#226),#38,.F.);
#2671=ADVANCED_FACE('',(#227),#39,.F.);
#2672=ADVANCED_FACE('',(#228),#40,.T.);
#2673=ADVANCED_FACE('',(#229),#2569,.T.);
#2674=ADVANCED_FACE('',(#230),#2570,.T.);
#2675=ADVANCED_FACE('',(#231),#2571,.T.);
#2676=ADVANCED_FACE('',(#232),#2572,.T.);
#2677=ADVANCED_FACE('',(#233),#2573,.T.);
#2678=ADVANCED_FACE('',(#234),#2574,.T.);
#2679=ADVANCED_FACE('',(#235),#2575,.F.);
#2680=ADVANCED_FACE('',(#236),#41,.F.);
#2681=ADVANCED_FACE('',(#237),#2576,.T.);
#2682=ADVANCED_FACE('',(#238),#42,.F.);
#2683=ADVANCED_FACE('',(#239),#2577,.T.);
#2684=ADVANCED_FACE('',(#240),#2578,.T.);
#2685=ADVANCED_FACE('',(#241),#2579,.F.);
#2686=ADVANCED_FACE('',(#242),#2580,.T.);
#2687=ADVANCED_FACE('',(#243),#2581,.T.);
#2688=ADVANCED_FACE('',(#244),#2582,.T.);
#2689=ADVANCED_FACE('',(#245),#2583,.T.);
#2690=ADVANCED_FACE('',(#246),#2584,.T.);
#2691=ADVANCED_FACE('',(#247),#2585,.T.);
#2692=ADVANCED_FACE('',(#248),#2586,.T.);
#2693=ADVANCED_FACE('',(#249),#43,.F.);
#2694=ADVANCED_FACE('',(#250),#2587,.T.);
#2695=ADVANCED_FACE('',(#251),#44,.F.);
#2696=ADVANCED_FACE('',(#252),#2588,.T.);
#2697=ADVANCED_FACE('',(#253),#2589,.T.);
#2698=ADVANCED_FACE('',(#254),#45,.F.);
#2699=ADVANCED_FACE('',(#255),#2590,.T.);
#2700=ADVANCED_FACE('',(#256),#46,.F.);
#2701=ADVANCED_FACE('',(#257),#2591,.T.);
#2702=ADVANCED_FACE('',(#258),#47,.F.);
#2703=ADVANCED_FACE('',(#259),#2592,.T.);
#2704=ADVANCED_FACE('',(#260),#48,.F.);
#2705=ADVANCED_FACE('',(#261,#26),#2593,.F.);
#2706=ADVANCED_FACE('',(#262),#2594,.T.);
#2707=ADVANCED_FACE('',(#263),#49,.F.);
#2708=ADVANCED_FACE('',(#264),#2595,.T.);
#2709=ADVANCED_FACE('',(#265),#50,.F.);
#2710=ADVANCED_FACE('',(#266),#51,.F.);
#2711=ADVANCED_FACE('',(#267),#2596,.T.);
#2712=ADVANCED_FACE('',(#268),#52,.F.);
#2713=ADVANCED_FACE('',(#269),#2597,.T.);
#2714=ADVANCED_FACE('',(#270),#53,.F.);
#2715=ADVANCED_FACE('',(#271),#2598,.T.);
#2716=ADVANCED_FACE('',(#272),#54,.F.);
#2717=ADVANCED_FACE('',(#273),#2599,.T.);
#2718=ADVANCED_FACE('',(#274),#55,.F.);
#2719=ADVANCED_FACE('',(#275),#2600,.T.);
#2720=ADVANCED_FACE('',(#276),#56,.F.);
#2721=ADVANCED_FACE('',(#277),#57,.F.);
#2722=ADVANCED_FACE('',(#278),#2601,.F.);
#2723=ADVANCED_FACE('',(#279),#58,.F.);
#2724=ADVANCED_FACE('',(#280),#2602,.F.);
#2725=ADVANCED_FACE('',(#281),#59,.F.);
#2726=ADVANCED_FACE('',(#282),#2603,.F.);
#2727=ADVANCED_FACE('',(#283),#60,.F.);
#2728=ADVANCED_FACE('',(#284),#2604,.F.);
#2729=ADVANCED_FACE('',(#285),#61,.F.);
#2730=ADVANCED_FACE('',(#286),#2605,.F.);
#2731=ADVANCED_FACE('',(#287),#62,.F.);
#2732=ADVANCED_FACE('',(#288),#2606,.F.);
#2733=ADVANCED_FACE('',(#289),#63,.F.);
#2734=ADVANCED_FACE('',(#290),#2607,.F.);
#2735=ADVANCED_FACE('',(#291),#64,.F.);
#2736=ADVANCED_FACE('',(#292),#2608,.F.);
#2737=ADVANCED_FACE('',(#293),#2609,.F.);
#2738=ADVANCED_FACE('',(#294),#65,.T.);
#2739=ADVANCED_FACE('',(#295),#66,.T.);
#2740=ADVANCED_FACE('',(#296),#2610,.F.);
#2741=ADVANCED_FACE('',(#297),#67,.T.);
#2742=ADVANCED_FACE('',(#298),#2611,.F.);
#2743=ADVANCED_FACE('',(#299),#68,.T.);
#2744=ADVANCED_FACE('',(#300),#2612,.T.);
#2745=ADVANCED_FACE('',(#301),#69,.T.);
#2746=ADVANCED_FACE('',(#302),#2613,.T.);
#2747=ADVANCED_FACE('',(#303),#2614,.T.);
#2748=ADVANCED_FACE('',(#304),#70,.T.);
#2749=ADVANCED_FACE('',(#305),#2615,.T.);
#2750=ADVANCED_FACE('',(#306),#71,.T.);
#2751=ADVANCED_FACE('',(#307),#2616,.T.);
#2752=ADVANCED_FACE('',(#308),#2617,.T.);
#2753=ADVANCED_FACE('',(#309),#72,.T.);
#2754=ADVANCED_FACE('',(#310,#27),#2618,.F.);
#2755=ADVANCED_FACE('',(#311),#73,.T.);
#2756=ADVANCED_FACE('',(#312,#28),#2619,.F.);
#2757=ADVANCED_FACE('',(#313),#74,.T.);
#2758=ADVANCED_FACE('',(#314,#29),#2620,.F.);
#2759=ADVANCED_FACE('',(#315),#75,.T.);
#2760=ADVANCED_FACE('',(#316,#30),#2621,.F.);
#2761=ADVANCED_FACE('',(#317),#76,.F.);
#2762=ADVANCED_FACE('',(#318),#77,.F.);
#2763=ADVANCED_FACE('',(#319),#2622,.T.);
#2764=ADVANCED_FACE('',(#320),#78,.F.);
#2765=ADVANCED_FACE('',(#321),#2623,.F.);
#2766=ADVANCED_FACE('',(#322),#79,.T.);
#2767=ADVANCED_FACE('',(#323,#31,#32,#33),#2624,.F.);
#2768=ADVANCED_FACE('',(#324),#80,.T.);
#2769=ADVANCED_FACE('',(#325),#2625,.F.);
#2770=ADVANCED_FACE('',(#326),#81,.T.);
#2771=CLOSED_SHELL('',(#2626,#2627,#2628,#2629,#2630,#2631,#2632,#2633,
#2634,#2635,#2636,#2637,#2638,#2639,#2640,#2641,#2642,#2643,#2644,#2645,
#2646,#2647,#2648,#2649,#2650,#2651,#2652,#2653,#2654,#2655,#2656,#2657,
#2658,#2659,#2660,#2661,#2662,#2663,#2664,#2665,#2666,#2667,#2668,#2669,
#2670,#2671,#2672,#2673,#2674,#2675,#2676,#2677,#2678,#2679,#2680,#2681,
#2682,#2683,#2684,#2685,#2686,#2687,#2688,#2689,#2690,#2691,#2692,#2693,
#2694,#2695,#2696,#2697,#2698,#2699,#2700,#2701,#2702,#2703,#2704,#2705,
#2706,#2707,#2708,#2709,#2710,#2711,#2712,#2713,#2714,#2715,#2716,#2717,
#2718,#2719,#2720,#2721,#2722,#2723,#2724,#2725,#2726,#2727,#2728,#2729,
#2730,#2731,#2732,#2733,#2734,#2735,#2736,#2737,#2738,#2739,#2740,#2741,
#2742,#2743,#2744,#2745,#2746,#2747,#2748,#2749,#2750,#2751,#2752,#2753,
#2754,#2755,#2756,#2757,#2758,#2759,#2760,#2761,#2762,#2763,#2764,#2765,
#2766,#2767,#2768,#2769,#2770));
#2772=DERIVED_UNIT_ELEMENT(#2774,1.);
#2773=DERIVED_UNIT_ELEMENT(#4637,-3.);
#2774=(
MASS_UNIT()
NAMED_UNIT(*)
SI_UNIT(.KILO.,.GRAM.)
);
#2775=DERIVED_UNIT((#2772,#2773));
#2776=MEASURE_REPRESENTATION_ITEM('density measure',
POSITIVE_RATIO_MEASURE(7850.),#2775);
#2777=PROPERTY_DEFINITION_REPRESENTATION(#2782,#2779);
#2778=PROPERTY_DEFINITION_REPRESENTATION(#2783,#2780);
#2779=REPRESENTATION('material name',(#2781),#4634);
#2780=REPRESENTATION('density',(#2776),#4634);
#2781=DESCRIPTIVE_REPRESENTATION_ITEM('Steel','Steel');
#2782=PROPERTY_DEFINITION('material property','material name',#4644);
#2783=PROPERTY_DEFINITION('material property','density of part',#4644);
#2784=AXIS2_PLACEMENT_3D('',#3816,#3030,#3031);
#2785=AXIS2_PLACEMENT_3D('',#3817,#3032,#3033);
#2786=AXIS2_PLACEMENT_3D('',#3826,#3038,#3039);
#2787=AXIS2_PLACEMENT_3D('',#3836,#3045,#3046);
#2788=AXIS2_PLACEMENT_3D('',#3842,#3050,#3051);
#2789=AXIS2_PLACEMENT_3D('',#3846,#3054,#3055);
#2790=AXIS2_PLACEMENT_3D('',#3854,#3060,#3061);
#2791=AXIS2_PLACEMENT_3D('',#3858,#3064,#3065);
#2792=AXIS2_PLACEMENT_3D('',#3867,#3070,#3071);
#2793=AXIS2_PLACEMENT_3D('',#3873,#3075,#3076);
#2794=AXIS2_PLACEMENT_3D('',#3881,#3081,#3082);
#2795=AXIS2_PLACEMENT_3D('',#3887,#3086,#3087);
#2796=AXIS2_PLACEMENT_3D('',#3895,#3091,#3092);
#2797=AXIS2_PLACEMENT_3D('',#3897,#3094,#3095);
#2798=AXIS2_PLACEMENT_3D('',#3903,#3099,#3100);
#2799=AXIS2_PLACEMENT_3D('',#3913,#3106,#3107);
#2800=AXIS2_PLACEMENT_3D('',#3916,#3108,#3109);
#2801=AXIS2_PLACEMENT_3D('',#3925,#3114,#3115);
#2802=AXIS2_PLACEMENT_3D('',#3929,#3117,#3118);
#2803=AXIS2_PLACEMENT_3D('',#3933,#3120,#3121);
#2804=AXIS2_PLACEMENT_3D('',#3935,#3123,#3124);
#2805=AXIS2_PLACEMENT_3D('',#3939,#3127,#3128);
#2806=AXIS2_PLACEMENT_3D('',#3948,#3133,#3134);
#2807=AXIS2_PLACEMENT_3D('',#3949,#3135,#3136);
#2808=AXIS2_PLACEMENT_3D('',#3953,#3139,#3140);
#2809=AXIS2_PLACEMENT_3D('',#3957,#3143,#3144);
#2810=AXIS2_PLACEMENT_3D('',#3959,#3145,#3146);
#2811=AXIS2_PLACEMENT_3D('',#3962,#3148,#3149);
#2812=AXIS2_PLACEMENT_3D('',#3963,#3150,#3151);
#2813=AXIS2_PLACEMENT_3D('',#3969,#3155,#3156);
#2814=AXIS2_PLACEMENT_3D('',#3971,#3158,#3159);
#2815=AXIS2_PLACEMENT_3D('',#3973,#3160,#3161);
#2816=AXIS2_PLACEMENT_3D('',#3975,#3163,#3164);
#2817=AXIS2_PLACEMENT_3D('',#3979,#3166,#3167);
#2818=AXIS2_PLACEMENT_3D('',#3983,#3169,#3170);
#2819=AXIS2_PLACEMENT_3D('',#3987,#3172,#3173);
#2820=AXIS2_PLACEMENT_3D('',#4007,#3183,#3184);
#2821=AXIS2_PLACEMENT_3D('',#4011,#3186,#3187);
#2822=AXIS2_PLACEMENT_3D('',#4015,#3189,#3190);
#2823=AXIS2_PLACEMENT_3D('',#4018,#3192,#3193);
#2824=AXIS2_PLACEMENT_3D('',#4023,#3196,#3197);
#2825=AXIS2_PLACEMENT_3D('',#4025,#3198,#3199);
#2826=AXIS2_PLACEMENT_3D('',#4027,#3200,#3201);
#2827=AXIS2_PLACEMENT_3D('',#4029,#3202,#3203);
#2828=AXIS2_PLACEMENT_3D('',#4030,#3204,#3205);
#2829=AXIS2_PLACEMENT_3D('',#4033,#3208,#3209);
#2830=AXIS2_PLACEMENT_3D('',#4034,#3210,#3211);
#2831=AXIS2_PLACEMENT_3D('',#4038,#3214,#3215);
#2832=AXIS2_PLACEMENT_3D('',#4042,#3218,#3219);
#2833=AXIS2_PLACEMENT_3D('',#4044,#3220,#3221);
#2834=AXIS2_PLACEMENT_3D('',#4048,#3223,#3224);
#2835=AXIS2_PLACEMENT_3D('',#4052,#3226,#3227);
#2836=AXIS2_PLACEMENT_3D('',#4055,#3229,#3230);
#2837=AXIS2_PLACEMENT_3D('',#4059,#3232,#3233);
#2838=AXIS2_PLACEMENT_3D('',#4063,#3235,#3236);
#2839=AXIS2_PLACEMENT_3D('',#4067,#3238,#3239);
#2840=AXIS2_PLACEMENT_3D('',#4071,#3241,#3242);
#2841=AXIS2_PLACEMENT_3D('',#4075,#3244,#3245);
#2842=AXIS2_PLACEMENT_3D('',#4079,#3247,#3248);
#2843=AXIS2_PLACEMENT_3D('',#4082,#3250,#3251);
#2844=AXIS2_PLACEMENT_3D('',#4084,#3252,#3253);
#2845=AXIS2_PLACEMENT_3D('',#4086,#3254,#3255);
#2846=AXIS2_PLACEMENT_3D('',#4088,#3256,#3257);
#2847=AXIS2_PLACEMENT_3D('',#4089,#3258,#3259);
#2848=AXIS2_PLACEMENT_3D('',#4099,#3265,#3266);
#2849=AXIS2_PLACEMENT_3D('',#4105,#3270,#3271);
#2850=AXIS2_PLACEMENT_3D('',#4112,#3276,#3277);
#2851=AXIS2_PLACEMENT_3D('',#4114,#3279,#3280);
#2852=AXIS2_PLACEMENT_3D('',#4115,#3281,#3282);
#2853=AXIS2_PLACEMENT_3D('',#4133,#3292,#3293);
#2854=AXIS2_PLACEMENT_3D('',#4141,#3297,#3298);
#2855=AXIS2_PLACEMENT_3D('',#4145,#3300,#3301);
#2856=AXIS2_PLACEMENT_3D('',#4153,#3305,#3306);
#2857=AXIS2_PLACEMENT_3D('',#4157,#3308,#3309);
#2858=AXIS2_PLACEMENT_3D('',#4170,#3317,#3318);
#2859=AXIS2_PLACEMENT_3D('',#4174,#3320,#3321);
#2860=AXIS2_PLACEMENT_3D('',#4178,#3323,#3324);
#2861=AXIS2_PLACEMENT_3D('',#4181,#3326,#3327);
#2862=AXIS2_PLACEMENT_3D('',#4182,#3328,#3329);
#2863=AXIS2_PLACEMENT_3D('',#4188,#3333,#3334);
#2864=AXIS2_PLACEMENT_3D('',#4192,#3337,#3338);
#2865=AXIS2_PLACEMENT_3D('',#4197,#3342,#3343);
#2866=AXIS2_PLACEMENT_3D('',#4199,#3345,#3346);
#2867=AXIS2_PLACEMENT_3D('',#4200,#3347,#3348);
#2868=AXIS2_PLACEMENT_3D('',#4204,#3350,#3351);
#2869=AXIS2_PLACEMENT_3D('',#4205,#3352,#3353);
#2870=AXIS2_PLACEMENT_3D('',#4208,#3354,#3355);
#2871=AXIS2_PLACEMENT_3D('',#4212,#3357,#3358);
#2872=AXIS2_PLACEMENT_3D('',#4221,#3360,#3361);
#2873=AXIS2_PLACEMENT_3D('',#4226,#3364,#3365);
#2874=AXIS2_PLACEMENT_3D('',#4227,#3366,#3367);
#2875=AXIS2_PLACEMENT_3D('',#4231,#3369,#3370);
#2876=AXIS2_PLACEMENT_3D('',#4232,#3371,#3372);
#2877=AXIS2_PLACEMENT_3D('',#4235,#3373,#3374);
#2878=AXIS2_PLACEMENT_3D('',#4246,#3376,#3377);
#2879=AXIS2_PLACEMENT_3D('',#4248,#3379,#3380);
#2880=AXIS2_PLACEMENT_3D('',#4253,#3383,#3384);
#2881=AXIS2_PLACEMENT_3D('',#4254,#3385,#3386);
#2882=AXIS2_PLACEMENT_3D('',#4259,#3389,#3390);
#2883=AXIS2_PLACEMENT_3D('',#4262,#3392,#3393);
#2884=AXIS2_PLACEMENT_3D('',#4263,#3394,#3395);
#2885=AXIS2_PLACEMENT_3D('',#4269,#3398,#3399);
#2886=AXIS2_PLACEMENT_3D('',#4273,#3401,#3402);
#2887=AXIS2_PLACEMENT_3D('',#4282,#3407,#3408);
#2888=AXIS2_PLACEMENT_3D('',#4286,#3410,#3411);
#2889=AXIS2_PLACEMENT_3D('',#4290,#3414,#3415);
#2890=AXIS2_PLACEMENT_3D('',#4292,#3417,#3418);
#2891=AXIS2_PLACEMENT_3D('',#4295,#3420,#3421);
#2892=AXIS2_PLACEMENT_3D('',#4296,#3422,#3423);
#2893=AXIS2_PLACEMENT_3D('',#4302,#3427,#3428);
#2894=AXIS2_PLACEMENT_3D('',#4307,#3430,#3431);
#2895=AXIS2_PLACEMENT_3D('',#4311,#3433,#3434);
#2896=AXIS2_PLACEMENT_3D('',#4316,#3437,#3438);
#2897=AXIS2_PLACEMENT_3D('',#4321,#3442,#3443);
#2898=AXIS2_PLACEMENT_3D('',#4324,#3446,#3447);
#2899=AXIS2_PLACEMENT_3D('',#4327,#3450,#3451);
#2900=AXIS2_PLACEMENT_3D('',#4331,#3453,#3454);
#2901=AXIS2_PLACEMENT_3D('',#4333,#3456,#3457);
#2902=AXIS2_PLACEMENT_3D('',#4337,#3460,#3461);
#2903=AXIS2_PLACEMENT_3D('',#4339,#3462,#3463);
#2904=AXIS2_PLACEMENT_3D('',#4341,#3465,#3466);
#2905=AXIS2_PLACEMENT_3D('',#4345,#3469,#3470);
#2906=AXIS2_PLACEMENT_3D('',#4347,#3472,#3473);
#2907=AXIS2_PLACEMENT_3D('',#4350,#3476,#3477);
#2908=AXIS2_PLACEMENT_3D('',#4355,#3479,#3480);
#2909=AXIS2_PLACEMENT_3D('',#4359,#3482,#3483);
#2910=AXIS2_PLACEMENT_3D('',#4372,#3490,#3491);
#2911=AXIS2_PLACEMENT_3D('',#4376,#3493,#3494);
#2912=AXIS2_PLACEMENT_3D('',#4380,#3497,#3498);
#2913=AXIS2_PLACEMENT_3D('',#4383,#3501,#3502);
#2914=AXIS2_PLACEMENT_3D('',#4386,#3505,#3506);
#2915=AXIS2_PLACEMENT_3D('',#4387,#3507,#3508);
#2916=AXIS2_PLACEMENT_3D('',#4388,#3509,#3510);
#2917=AXIS2_PLACEMENT_3D('',#4391,#3513,#3514);
#2918=AXIS2_PLACEMENT_3D('',#4397,#3518,#3519);
#2919=AXIS2_PLACEMENT_3D('',#4399,#3520,#3521);
#2920=AXIS2_PLACEMENT_3D('',#4401,#3523,#3524);
#2921=AXIS2_PLACEMENT_3D('',#4405,#3527,#3528);
#2922=AXIS2_PLACEMENT_3D('',#4407,#3529,#3530);
#2923=AXIS2_PLACEMENT_3D('',#4409,#3532,#3533);
#2924=AXIS2_PLACEMENT_3D('',#4413,#3536,#3537);
#2925=AXIS2_PLACEMENT_3D('',#4422,#3542,#3543);
#2926=AXIS2_PLACEMENT_3D('',#4424,#3544,#3545);
#2927=AXIS2_PLACEMENT_3D('',#4427,#3547,#3548);
#2928=AXIS2_PLACEMENT_3D('',#4428,#3549,#3550);
#2929=AXIS2_PLACEMENT_3D('',#4434,#3554,#3555);
#2930=AXIS2_PLACEMENT_3D('',#4436,#3556,#3557);
#2931=AXIS2_PLACEMENT_3D('',#4439,#3559,#3560);
#2932=AXIS2_PLACEMENT_3D('',#4440,#3561,#3562);
#2933=AXIS2_PLACEMENT_3D('',#4446,#3566,#3567);
#2934=AXIS2_PLACEMENT_3D('',#4448,#3568,#3569);
#2935=AXIS2_PLACEMENT_3D('',#4451,#3571,#3572);
#2936=AXIS2_PLACEMENT_3D('',#4452,#3573,#3574);
#2937=AXIS2_PLACEMENT_3D('',#4458,#3578,#3579);
#2938=AXIS2_PLACEMENT_3D('',#4459,#3580,#3581);
#2939=AXIS2_PLACEMENT_3D('',#4460,#3582,#3583);
#2940=AXIS2_PLACEMENT_3D('',#4461,#3584,#3585);
#2941=AXIS2_PLACEMENT_3D('',#4465,#3587,#3588);
#2942=AXIS2_PLACEMENT_3D('',#4468,#3590,#3591);
#2943=AXIS2_PLACEMENT_3D('',#4469,#3592,#3593);
#2944=AXIS2_PLACEMENT_3D('',#4471,#3595,#3596);
#2945=AXIS2_PLACEMENT_3D('',#4473,#3598,#3599);
#2946=AXIS2_PLACEMENT_3D('',#4475,#3601,#3602);
#2947=AXIS2_PLACEMENT_3D('',#4476,#3603,#3604);
#2948=AXIS2_PLACEMENT_3D('',#4479,#3606,#3607);
#2949=AXIS2_PLACEMENT_3D('',#4480,#3608,#3609);
#2950=AXIS2_PLACEMENT_3D('',#4484,#3612,#3613);
#2951=AXIS2_PLACEMENT_3D('',#4485,#3614,#3615);
#2952=AXIS2_PLACEMENT_3D('',#4486,#3616,#3617);
#2953=AXIS2_PLACEMENT_3D('',#4492,#3621,#3622);
#2954=AXIS2_PLACEMENT_3D('',#4495,#3624,#3625);
#2955=AXIS2_PLACEMENT_3D('',#4496,#3626,#3627);
#2956=AXIS2_PLACEMENT_3D('',#4500,#3630,#3631);
#2957=AXIS2_PLACEMENT_3D('',#4503,#3633,#3634);
#2958=AXIS2_PLACEMENT_3D('',#4504,#3635,#3636);
#2959=AXIS2_PLACEMENT_3D('',#4508,#3639,#3640);
#2960=AXIS2_PLACEMENT_3D('',#4510,#3641,#3642);
#2961=AXIS2_PLACEMENT_3D('',#4512,#3644,#3645);
#2962=AXIS2_PLACEMENT_3D('',#4516,#3648,#3649);
#2963=AXIS2_PLACEMENT_3D('',#4517,#3650,#3651);
#2964=AXIS2_PLACEMENT_3D('',#4518,#3652,#3653);
#2965=AXIS2_PLACEMENT_3D('',#4520,#3654,#3655);
#2966=AXIS2_PLACEMENT_3D('',#4522,#3657,#3658);
#2967=AXIS2_PLACEMENT_3D('',#4523,#3659,#3660);
#2968=AXIS2_PLACEMENT_3D('',#4525,#3661,#3662);
#2969=AXIS2_PLACEMENT_3D('',#4527,#3664,#3665);
#2970=AXIS2_PLACEMENT_3D('',#4528,#3666,#3667);
#2971=AXIS2_PLACEMENT_3D('',#4530,#3668,#3669);
#2972=AXIS2_PLACEMENT_3D('',#4532,#3671,#3672);
#2973=AXIS2_PLACEMENT_3D('',#4533,#3673,#3674);
#2974=AXIS2_PLACEMENT_3D('',#4535,#3675,#3676);
#2975=AXIS2_PLACEMENT_3D('',#4537,#3678,#3679);
#2976=AXIS2_PLACEMENT_3D('',#4538,#3680,#3681);
#2977=AXIS2_PLACEMENT_3D('',#4540,#3682,#3683);
#2978=AXIS2_PLACEMENT_3D('',#4543,#3685,#3686);
#2979=AXIS2_PLACEMENT_3D('',#4544,#3687,#3688);
#2980=AXIS2_PLACEMENT_3D('',#4545,#3689,#3690);
#2981=AXIS2_PLACEMENT_3D('',#4547,#3691,#3692);
#2982=AXIS2_PLACEMENT_3D('',#4550,#3694,#3695);
#2983=AXIS2_PLACEMENT_3D('',#4551,#3696,#3697);
#2984=AXIS2_PLACEMENT_3D('',#4552,#3698,#3699);
#2985=AXIS2_PLACEMENT_3D('',#4554,#3700,#3701);
#2986=AXIS2_PLACEMENT_3D('',#4557,#3703,#3704);
#2987=AXIS2_PLACEMENT_3D('',#4558,#3705,#3706);
#2988=AXIS2_PLACEMENT_3D('',#4559,#3707,#3708);
#2989=AXIS2_PLACEMENT_3D('',#4561,#3709,#3710);
#2990=AXIS2_PLACEMENT_3D('',#4564,#3712,#3713);
#2991=AXIS2_PLACEMENT_3D('',#4565,#3714,#3715);
#2992=AXIS2_PLACEMENT_3D('',#4566,#3716,#3717);
#2993=AXIS2_PLACEMENT_3D('',#4568,#3719,#3720);
#2994=AXIS2_PLACEMENT_3D('',#4569,#3721,#3722);
#2995=AXIS2_PLACEMENT_3D('',#4571,#3724,#3725);
#2996=AXIS2_PLACEMENT_3D('',#4573,#3727,#3728);
#2997=AXIS2_PLACEMENT_3D('',#4575,#3730,#3731);
#2998=AXIS2_PLACEMENT_3D('',#4576,#3732,#3733);
#2999=AXIS2_PLACEMENT_3D('',#4579,#3736,#3737);
#3000=AXIS2_PLACEMENT_3D('',#4581,#3739,#3740);
#3001=AXIS2_PLACEMENT_3D('',#4584,#3743,#3744);
#3002=AXIS2_PLACEMENT_3D('',#4585,#3745,#3746);
#3003=AXIS2_PLACEMENT_3D('',#4587,#3748,#3749);
#3004=AXIS2_PLACEMENT_3D('',#4589,#3751,#3752);
#3005=AXIS2_PLACEMENT_3D('',#4591,#3754,#3755);
#3006=AXIS2_PLACEMENT_3D('',#4594,#3758,#3759);
#3007=AXIS2_PLACEMENT_3D('',#4596,#3761,#3762);
#3008=AXIS2_PLACEMENT_3D('',#4597,#3763,#3764);
#3009=AXIS2_PLACEMENT_3D('',#4599,#3765,#3766);
#3010=AXIS2_PLACEMENT_3D('',#4601,#3768,#3769);
#3011=AXIS2_PLACEMENT_3D('',#4602,#3770,#3771);
#3012=AXIS2_PLACEMENT_3D('',#4604,#3772,#3773);
#3013=AXIS2_PLACEMENT_3D('',#4606,#3775,#3776);
#3014=AXIS2_PLACEMENT_3D('',#4607,#3777,#3778);
#3015=AXIS2_PLACEMENT_3D('',#4609,#3779,#3780);
#3016=AXIS2_PLACEMENT_3D('',#4611,#3782,#3783);
#3017=AXIS2_PLACEMENT_3D('',#4612,#3784,#3785);
#3018=AXIS2_PLACEMENT_3D('',#4614,#3786,#3787);
#3019=AXIS2_PLACEMENT_3D('',#4616,#3789,#3790);
#3020=AXIS2_PLACEMENT_3D('',#4617,#3791,#3792);
#3021=AXIS2_PLACEMENT_3D('',#4618,#3793,#3794);
#3022=AXIS2_PLACEMENT_3D('',#4619,#3795,#3796);
#3023=AXIS2_PLACEMENT_3D('',#4620,#3797,#3798);
#3024=AXIS2_PLACEMENT_3D('',#4621,#3799,#3800);
#3025=AXIS2_PLACEMENT_3D('',#4624,#3803,#3804);
#3026=AXIS2_PLACEMENT_3D('',#4626,#3806,#3807);
#3027=AXIS2_PLACEMENT_3D('',#4628,#3809,#3810);
#3028=AXIS2_PLACEMENT_3D('',#4630,#3812,#3813);
#3029=AXIS2_PLACEMENT_3D('',#4631,#3814,#3815);
#3030=DIRECTION('axis',(0.,0.,1.));
#3031=DIRECTION('refdir',(1.,0.,0.));
#3032=DIRECTION('center_axis',(0.,0.,1.));
#3033=DIRECTION('ref_axis',(1.,0.,0.));
#3034=DIRECTION('',(-1.,0.,0.));
#3035=DIRECTION('',(0.,1.,0.));
#3036=DIRECTION('',(1.,0.,0.));
#3037=DIRECTION('',(0.,-1.,0.));
#3038=DIRECTION('center_axis',(1.,0.,0.));
#3039=DIRECTION('ref_axis',(0.,1.,0.));
#3040=DIRECTION('',(0.,-1.,0.));
#3041=DIRECTION('',(0.,0.,1.));
#3042=DIRECTION('',(0.,1.,0.));
#3043=DIRECTION('',(0.,0.,-1.));
#3044=DIRECTION('',(0.,0.,1.));
#3045=DIRECTION('center_axis',(0.,1.,0.));
#3046=DIRECTION('ref_axis',(-1.,0.,0.));
#3047=DIRECTION('',(1.,0.,0.));
#3048=DIRECTION('',(0.,0.,1.));
#3049=DIRECTION('',(-1.,0.,0.));
#3050=DIRECTION('center_axis',(0.,0.,1.));
#3051=DIRECTION('ref_axis',(1.,0.,0.));
#3052=DIRECTION('',(0.,1.,0.));
#3053=DIRECTION('',(-1.,0.,0.));
#3054=DIRECTION('center_axis',(0.,1.,0.));
#3055=DIRECTION('ref_axis',(-1.,0.,0.));
#3056=DIRECTION('',(0.,0.,1.));
#3057=DIRECTION('',(1.,0.,0.));
#3058=DIRECTION('',(0.,0.,1.));
#3059=DIRECTION('',(-1.,0.,0.));
#3060=DIRECTION('center_axis',(1.,0.,0.));
#3061=DIRECTION('ref_axis',(0.,1.,0.));
#3062=DIRECTION('',(0.,0.,-1.));
#3063=DIRECTION('',(0.,-1.,0.));
#3064=DIRECTION('center_axis',(0.,1.,0.));
#3065=DIRECTION('ref_axis',(-1.,0.,0.));
#3066=DIRECTION('',(1.,0.,0.));
#3067=DIRECTION('',(0.,0.,1.));
#3068=DIRECTION('',(-1.,0.,0.));
#3069=DIRECTION('',(0.,0.,-1.));
#3070=DIRECTION('center_axis',(0.,0.,1.));
#3071=DIRECTION('ref_axis',(1.,0.,0.));
#3072=DIRECTION('',(0.,-1.,0.));
#3073=DIRECTION('',(0.,-1.,0.));
#3074=DIRECTION('',(-1.,0.,0.));
#3075=DIRECTION('center_axis',(-1.,0.,0.));
#3076=DIRECTION('ref_axis',(0.,-1.,0.));
#3077=DIRECTION('',(0.,1.,0.));
#3078=DIRECTION('',(0.,0.,-1.));
#3079=DIRECTION('',(0.,-1.,0.));
#3080=DIRECTION('',(0.,0.,1.));
#3081=DIRECTION('center_axis',(0.,0.,1.));
#3082=DIRECTION('ref_axis',(1.,0.,0.));
#3083=DIRECTION('',(-1.,0.,0.));
#3084=DIRECTION('',(0.,1.,0.));
#3085=DIRECTION('',(1.,0.,0.));
#3086=DIRECTION('center_axis',(0.,0.,1.));
#3087=DIRECTION('ref_axis',(1.,0.,0.));
#3088=DIRECTION('',(0.,1.,0.));
#3089=DIRECTION('',(-1.,0.,0.));
#3090=DIRECTION('',(0.,-1.,0.));
#3091=DIRECTION('center_axis',(0.,0.,-1.));
#3092=DIRECTION('ref_axis',(0.,-1.,0.));
#3093=DIRECTION('',(-1.,0.,0.));
#3094=DIRECTION('center_axis',(-1.,0.,0.));
#3095=DIRECTION('ref_axis',(0.,-1.,0.));
#3096=DIRECTION('',(0.,0.,-1.));
#3097=DIRECTION('',(0.,1.,0.));
#3098=DIRECTION('',(0.,0.,1.));
#3099=DIRECTION('center_axis',(-1.,0.,0.));
#3100=DIRECTION('ref_axis',(0.,-1.,0.));
#3101=DIRECTION('',(0.,0.,1.));
#3102=DIRECTION('',(0.,-1.,0.));
#3103=DIRECTION('',(0.,0.,1.));
#3104=DIRECTION('',(0.,-1.,0.));
#3105=DIRECTION('',(0.,0.,1.));
#3106=DIRECTION('center_axis',(0.,0.,-1.));
#3107=DIRECTION('ref_axis',(-1.,0.,0.));
#3108=DIRECTION('center_axis',(0.,0.,1.));
#3109=DIRECTION('ref_axis',(0.,-1.,0.));
#3110=DIRECTION('',(-1.,0.,0.));
#3111=DIRECTION('',(0.,1.,0.));
#3112=DIRECTION('',(-1.,0.,0.));
#3113=DIRECTION('',(-1.,0.,0.));
#3114=DIRECTION('center_axis',(0.,0.,-1.));
#3115=DIRECTION('ref_axis',(0.,-1.,0.));
#3116=DIRECTION('',(0.,1.,0.));
#3117=DIRECTION('center_axis',(0.,0.,-1.));
#3118=DIRECTION('ref_axis',(-1.,0.,0.));
#3119=DIRECTION('',(1.,0.,0.));
#3120=DIRECTION('center_axis',(0.,0.,-1.));
#3121=DIRECTION('ref_axis',(0.,1.,0.));
#3122=DIRECTION('',(0.,-1.,0.));
#3123=DIRECTION('center_axis',(0.,1.,0.));
#3124=DIRECTION('ref_axis',(-1.,0.,0.));
#3125=DIRECTION('',(-1.,0.,0.));
#3126=DIRECTION('',(0.,0.,1.));
#3127=DIRECTION('center_axis',(1.,0.,0.));
#3128=DIRECTION('ref_axis',(0.,1.,0.));
#3129=DIRECTION('',(0.,0.,1.));
#3130=DIRECTION('',(0.,-1.,0.));
#3131=DIRECTION('',(0.,0.,1.));
#3132=DIRECTION('',(0.,1.,0.));
#3133=DIRECTION('center_axis',(0.,0.,1.));
#3134=DIRECTION('ref_axis',(1.,0.,0.));
#3135=DIRECTION('center_axis',(0.,0.,-1.));
#3136=DIRECTION('ref_axis',(1.,0.,0.));
#3137=DIRECTION('',(-1.,0.,0.));
#3138=DIRECTION('',(0.,-1.,0.));
#3139=DIRECTION('center_axis',(0.,1.,0.));
#3140=DIRECTION('ref_axis',(-1.,0.,0.));
#3141=DIRECTION('',(1.,0.,0.));
#3142=DIRECTION('',(0.,0.,1.));
#3143=DIRECTION('center_axis',(0.,0.,-1.));
#3144=DIRECTION('ref_axis',(1.,0.,0.));
#3145=DIRECTION('center_axis',(0.,0.,1.));
#3146=DIRECTION('ref_axis',(1.,0.,0.));
#3147=DIRECTION('',(0.,0.,1.));
#3148=DIRECTION('center_axis',(0.,0.,-1.));
#3149=DIRECTION('ref_axis',(1.,0.,0.));
#3150=DIRECTION('center_axis',(-1.,0.,0.));
#3151=DIRECTION('ref_axis',(0.,-1.,0.));
#3152=DIRECTION('',(0.,1.,0.));
#3153=DIRECTION('',(0.,0.,-1.));
#3154=DIRECTION('',(0.,0.,1.));
#3155=DIRECTION('center_axis',(0.,1.,0.));
#3156=DIRECTION('ref_axis',(-1.,0.,0.));
#3157=DIRECTION('',(1.,0.,0.));
#3158=DIRECTION('center_axis',(0.,0.,-1.));
#3159=DIRECTION('ref_axis',(0.,-1.,0.));
#3160=DIRECTION('center_axis',(0.,0.,-1.));
#3161=DIRECTION('ref_axis',(0.,-1.,0.));
#3162=DIRECTION('',(0.,0.,1.));
#3163=DIRECTION('center_axis',(0.,0.,-1.));
#3164=DIRECTION('ref_axis',(-1.,0.,0.));
#3165=DIRECTION('',(0.,-1.,0.));
#3166=DIRECTION('center_axis',(0.,0.,1.));
#3167=DIRECTION('ref_axis',(-1.,0.,0.));
#3168=DIRECTION('',(0.,-1.,0.));
#3169=DIRECTION('center_axis',(0.,0.,1.));
#3170=DIRECTION('ref_axis',(-1.,0.,0.));
#3171=DIRECTION('',(0.,-1.,0.));
#3172=DIRECTION('center_axis',(0.,0.,-1.));
#3173=DIRECTION('ref_axis',(0.,1.,0.));
#3174=DIRECTION('',(1.,0.,0.));
#3175=DIRECTION('',(0.,1.,0.));
#3176=DIRECTION('',(1.,0.,0.));
#3177=DIRECTION('',(0.,-1.,0.));
#3178=DIRECTION('',(1.,0.,0.));
#3179=DIRECTION('',(0.,1.,0.));
#3180=DIRECTION('',(1.,0.,0.));
#3181=DIRECTION('',(0.,-1.,0.));
#3182=DIRECTION('',(1.,0.,0.));
#3183=DIRECTION('center_axis',(0.,0.,-1.));
#3184=DIRECTION('ref_axis',(-1.,0.,0.));
#3185=DIRECTION('',(0.,1.,0.));
#3186=DIRECTION('center_axis',(0.,0.,1.));
#3187=DIRECTION('ref_axis',(-1.,0.,0.));
#3188=DIRECTION('',(0.,1.,0.));
#3189=DIRECTION('center_axis',(0.,0.,1.));
#3190=DIRECTION('ref_axis',(-1.,0.,0.));
#3191=DIRECTION('',(0.,1.,0.));
#3192=DIRECTION('center_axis',(0.,0.,-1.));
#3193=DIRECTION('ref_axis',(0.,-1.,0.));
#3194=DIRECTION('',(1.,0.,0.));
#3195=DIRECTION('',(0.,1.,0.));
#3196=DIRECTION('center_axis',(0.,0.,1.));
#3197=DIRECTION('ref_axis',(-1.,0.,0.));
#3198=DIRECTION('center_axis',(0.,0.,1.));
#3199=DIRECTION('ref_axis',(-1.,0.,0.));
#3200=DIRECTION('center_axis',(0.,0.,1.));
#3201=DIRECTION('ref_axis',(-1.,0.,0.));
#3202=DIRECTION('center_axis',(0.,0.,1.));
#3203=DIRECTION('ref_axis',(-1.,0.,0.));
#3204=DIRECTION('center_axis',(1.,0.,0.));
#3205=DIRECTION('ref_axis',(0.,1.,0.));
#3206=DIRECTION('',(0.,0.,1.));
#3207=DIRECTION('',(0.,0.,-1.));
#3208=DIRECTION('center_axis',(0.,1.,0.));
#3209=DIRECTION('ref_axis',(-1.,0.,0.));
#3210=DIRECTION('center_axis',(0.,1.,0.));
#3211=DIRECTION('ref_axis',(-1.,0.,0.));
#3212=DIRECTION('',(0.,0.,1.));
#3213=DIRECTION('',(1.,0.,0.));
#3214=DIRECTION('center_axis',(0.,1.,0.));
#3215=DIRECTION('ref_axis',(-1.,0.,0.));
#3216=DIRECTION('',(0.,0.,1.));
#3217=DIRECTION('',(-1.,0.,0.));
#3218=DIRECTION('center_axis',(0.,0.,-1.));
#3219=DIRECTION('ref_axis',(-1.,0.,0.));
#3220=DIRECTION('center_axis',(0.,0.,-1.));
#3221=DIRECTION('ref_axis',(1.,0.,0.));
#3222=DIRECTION('',(0.,-1.,0.));
#3223=DIRECTION('center_axis',(0.,0.,-1.));
#3224=DIRECTION('ref_axis',(0.,1.,0.));
#3225=DIRECTION('',(1.,0.,0.));
#3226=DIRECTION('center_axis',(0.,0.,-1.));
#3227=DIRECTION('ref_axis',(-1.,0.,0.));
#3228=DIRECTION('',(0.,1.,0.));
#3229=DIRECTION('center_axis',(0.,0.,1.));
#3230=DIRECTION('ref_axis',(0.,-1.,0.));
#3231=DIRECTION('',(0.,-1.,0.));
#3232=DIRECTION('center_axis',(0.,0.,-1.));
#3233=DIRECTION('ref_axis',(-1.,0.,0.));
#3234=DIRECTION('',(0.,-1.,0.));
#3235=DIRECTION('center_axis',(0.,0.,-1.));
#3236=DIRECTION('ref_axis',(-1.,0.,0.));
#3237=DIRECTION('',(0.,-1.,0.));
#3238=DIRECTION('center_axis',(0.,0.,1.));
#3239=DIRECTION('ref_axis',(-1.,0.,0.));
#3240=DIRECTION('',(-1.,0.,0.));
#3241=DIRECTION('center_axis',(0.,0.,1.));
#3242=DIRECTION('ref_axis',(0.,1.,0.));
#3243=DIRECTION('',(0.,1.,0.));
#3244=DIRECTION('center_axis',(0.,0.,-1.));
#3245=DIRECTION('ref_axis',(-1.,0.,0.));
#3246=DIRECTION('',(0.,1.,0.));
#3247=DIRECTION('center_axis',(0.,0.,-1.));
#3248=DIRECTION('ref_axis',(-1.,0.,0.));
#3249=DIRECTION('',(0.,1.,0.));
#3250=DIRECTION('center_axis',(0.,0.,1.));
#3251=DIRECTION('ref_axis',(-1.,0.,0.));
#3252=DIRECTION('center_axis',(0.,0.,1.));
#3253=DIRECTION('ref_axis',(-1.,0.,0.));
#3254=DIRECTION('center_axis',(0.,0.,1.));
#3255=DIRECTION('ref_axis',(-1.,0.,0.));
#3256=DIRECTION('center_axis',(0.,0.,1.));
#3257=DIRECTION('ref_axis',(-1.,0.,0.));
#3258=DIRECTION('center_axis',(-1.,0.,0.));
#3259=DIRECTION('ref_axis',(0.,-1.,0.));
#3260=DIRECTION('',(0.,1.,0.));
#3261=DIRECTION('',(0.,0.,1.));
#3262=DIRECTION('',(0.,-1.,0.));
#3263=DIRECTION('',(0.,0.,1.));
#3264=DIRECTION('',(0.,0.,1.));
#3265=DIRECTION('center_axis',(0.,-1.,0.));
#3266=DIRECTION('ref_axis',(1.,0.,0.));
#3267=DIRECTION('',(-1.,0.,0.));
#3268=DIRECTION('',(0.,0.,1.));
#3269=DIRECTION('',(1.,0.,0.));
#3270=DIRECTION('center_axis',(1.,0.,0.));
#3271=DIRECTION('ref_axis',(0.,1.,0.));
#3272=DIRECTION('',(0.,-1.,0.));
#3273=DIRECTION('',(0.,0.,-1.));
#3274=DIRECTION('',(0.,0.,1.));
#3275=DIRECTION('',(0.,1.,0.));
#3276=DIRECTION('center_axis',(0.,1.,0.));
#3277=DIRECTION('ref_axis',(-1.,0.,0.));
#3278=DIRECTION('',(-1.,0.,0.));
#3279=DIRECTION('center_axis',(0.,0.,-1.));
#3280=DIRECTION('ref_axis',(-1.,0.,0.));
#3281=DIRECTION('center_axis',(0.,0.,-1.));
#3282=DIRECTION('ref_axis',(-1.,0.,0.));
#3283=DIRECTION('',(1.,0.,0.));
#3284=DIRECTION('',(0.,-1.,0.));
#3285=DIRECTION('',(-1.,0.,0.));
#3286=DIRECTION('',(0.,1.,0.));
#3287=DIRECTION('',(1.,0.,0.));
#3288=DIRECTION('',(0.,-1.,0.));
#3289=DIRECTION('',(1.,0.,0.));
#3290=DIRECTION('',(0.,1.,0.));
#3291=DIRECTION('',(1.,0.,0.));
#3292=DIRECTION('center_axis',(0.,-1.,0.));
#3293=DIRECTION('ref_axis',(1.,0.,0.));
#3294=DIRECTION('',(0.,0.,-1.));
#3295=DIRECTION('',(-1.,0.,0.));
#3296=DIRECTION('',(0.,0.,-1.));
#3297=DIRECTION('center_axis',(0.,-1.,0.));
#3298=DIRECTION('ref_axis',(0.,0.,1.));
#3299=DIRECTION('',(-1.,0.,0.));
#3300=DIRECTION('center_axis',(0.,-1.,0.));
#3301=DIRECTION('ref_axis',(1.,0.,0.));
#3302=DIRECTION('',(0.,0.,1.));
#3303=DIRECTION('',(-1.,0.,0.));
#3304=DIRECTION('',(0.,0.,-1.));
#3305=DIRECTION('center_axis',(0.,-1.,0.));
#3306=DIRECTION('ref_axis',(0.,0.,1.));
#3307=DIRECTION('',(-1.,0.,0.));
#3308=DIRECTION('center_axis',(0.,-1.,0.));
#3309=DIRECTION('ref_axis',(1.,0.,0.));
#3310=DIRECTION('',(0.,0.,1.));
#3311=DIRECTION('',(-1.,0.,0.));
#3312=DIRECTION('',(0.,0.,1.));
#3313=DIRECTION('',(0.,0.,1.));
#3314=DIRECTION('',(0.,0.,1.));
#3315=DIRECTION('',(0.,0.,1.));
#3316=DIRECTION('',(0.,0.,-1.));
#3317=DIRECTION('center_axis',(0.,-1.,0.));
#3318=DIRECTION('ref_axis',(0.,0.,1.));
#3319=DIRECTION('',(-1.,0.,0.));
#3320=DIRECTION('center_axis',(0.,-1.,0.));
#3321=DIRECTION('ref_axis',(1.,0.,0.));
#3322=DIRECTION('',(0.,0.,1.));
#3323=DIRECTION('center_axis',(0.,-1.,0.));
#3324=DIRECTION('ref_axis',(0.,0.,-1.));
#3325=DIRECTION('',(1.,0.,0.));
#3326=DIRECTION('center_axis',(0.,-1.,0.));
#3327=DIRECTION('ref_axis',(-1.,0.,0.));
#3328=DIRECTION('center_axis',(-1.,0.,0.));
#3329=DIRECTION('ref_axis',(0.,-1.,0.));
#3330=DIRECTION('',(0.,0.,1.));
#3331=DIRECTION('',(0.,-1.,0.));
#3332=DIRECTION('',(0.,0.,1.));
#3333=DIRECTION('center_axis',(0.,-1.,0.));
#3334=DIRECTION('ref_axis',(1.,0.,0.));
#3335=DIRECTION('',(0.,0.,1.));
#3336=DIRECTION('',(1.,0.,0.));
#3337=DIRECTION('center_axis',(1.,0.,0.));
#3338=DIRECTION('ref_axis',(0.,1.,0.));
#3339=DIRECTION('',(0.,0.,-1.));
#3340=DIRECTION('',(0.,0.,1.));
#3341=DIRECTION('',(0.,1.,0.));
#3342=DIRECTION('center_axis',(0.,1.,0.));
#3343=DIRECTION('ref_axis',(-1.,0.,0.));
#3344=DIRECTION('',(-1.,0.,0.));
#3345=DIRECTION('center_axis',(0.,0.,-1.));
#3346=DIRECTION('ref_axis',(-1.,0.,0.));
#3347=DIRECTION('center_axis',(0.,0.,-1.));
#3348=DIRECTION('ref_axis',(-1.,0.,0.));
#3349=DIRECTION('',(-1.,0.,0.));
#3350=DIRECTION('center_axis',(0.,0.,-1.));
#3351=DIRECTION('ref_axis',(-1.,0.,0.));
#3352=DIRECTION('center_axis',(0.,0.,-1.));
#3353=DIRECTION('ref_axis',(-1.,0.,0.));
#3354=DIRECTION('center_axis',(0.,0.,1.));
#3355=DIRECTION('ref_axis',(-1.,0.,0.));
#3356=DIRECTION('',(0.,0.,-1.));
#3357=DIRECTION('center_axis',(0.,0.,-1.));
#3358=DIRECTION('ref_axis',(-1.,0.,0.));
#3359=DIRECTION('',(0.,0.,1.));
#3360=DIRECTION('center_axis',(0.,0.,-1.));
#3361=DIRECTION('ref_axis',(-1.,0.,0.));
#3362=DIRECTION('',(0.,0.,1.));
#3363=DIRECTION('',(0.,0.,-1.));
#3364=DIRECTION('center_axis',(0.,0.,-1.));
#3365=DIRECTION('ref_axis',(-1.,0.,0.));
#3366=DIRECTION('center_axis',(0.,0.,-1.));
#3367=DIRECTION('ref_axis',(-1.,0.,0.));
#3368=DIRECTION('',(-1.,0.,0.));
#3369=DIRECTION('center_axis',(0.,0.,-1.));
#3370=DIRECTION('ref_axis',(-1.,0.,0.));
#3371=DIRECTION('center_axis',(0.,0.,-1.));
#3372=DIRECTION('ref_axis',(-1.,0.,0.));
#3373=DIRECTION('center_axis',(0.,0.,1.));
#3374=DIRECTION('ref_axis',(-1.,0.,0.));
#3375=DIRECTION('',(0.,0.,-1.));
#3376=DIRECTION('center_axis',(0.,0.,-1.));
#3377=DIRECTION('ref_axis',(-1.,0.,0.));
#3378=DIRECTION('',(0.,0.,1.));
#3379=DIRECTION('center_axis',(0.,0.,-1.));
#3380=DIRECTION('ref_axis',(-1.,0.,0.));
#3381=DIRECTION('',(0.,0.,1.));
#3382=DIRECTION('',(0.,0.,-1.));
#3383=DIRECTION('center_axis',(0.,0.,-1.));
#3384=DIRECTION('ref_axis',(-1.,0.,0.));
#3385=DIRECTION('center_axis',(0.,-1.,0.));
#3386=DIRECTION('ref_axis',(0.,0.,-1.));
#3387=DIRECTION('',(0.,1.,0.));
#3388=DIRECTION('',(0.,1.,0.));
#3389=DIRECTION('center_axis',(0.,-1.,0.));
#3390=DIRECTION('ref_axis',(0.,0.,-1.));
#3391=DIRECTION('',(0.,1.,0.));
#3392=DIRECTION('center_axis',(0.,-1.,0.));
#3393=DIRECTION('ref_axis',(0.,0.,-1.));
#3394=DIRECTION('center_axis',(0.,-1.,0.));
#3395=DIRECTION('ref_axis',(-1.,0.,0.));
#3396=DIRECTION('',(-1.,0.,0.));
#3397=DIRECTION('',(0.,0.,-1.));
#3398=DIRECTION('center_axis',(0.,-1.,0.));
#3399=DIRECTION('ref_axis',(1.,0.,0.));
#3400=DIRECTION('',(1.,0.,0.));
#3401=DIRECTION('center_axis',(0.,-1.,0.));
#3402=DIRECTION('ref_axis',(0.,0.,1.));
#3403=DIRECTION('',(0.,0.,1.));
#3404=DIRECTION('',(-1.,0.,0.));
#3405=DIRECTION('',(-1.,0.,0.));
#3406=DIRECTION('',(0.,0.,-1.));
#3407=DIRECTION('center_axis',(0.,-1.,0.));
#3408=DIRECTION('ref_axis',(0.,0.,1.));
#3409=DIRECTION('',(-1.,0.,0.));
#3410=DIRECTION('center_axis',(0.,-1.,0.));
#3411=DIRECTION('ref_axis',(1.,0.,0.));
#3412=DIRECTION('',(0.,0.,1.));
#3413=DIRECTION('',(-1.,0.,0.));
#3414=DIRECTION('center_axis',(0.,-1.,0.));
#3415=DIRECTION('ref_axis',(-1.,0.,0.));
#3416=DIRECTION('',(1.,0.,0.));
#3417=DIRECTION('center_axis',(0.,-1.,0.));
#3418=DIRECTION('ref_axis',(-1.,0.,0.));
#3419=DIRECTION('',(1.,0.,0.));
#3420=DIRECTION('center_axis',(0.,-1.,0.));
#3421=DIRECTION('ref_axis',(-1.,0.,0.));
#3422=DIRECTION('center_axis',(0.,0.,-1.));
#3423=DIRECTION('ref_axis',(-1.,0.,0.));
#3424=DIRECTION('',(0.,1.,0.));
#3425=DIRECTION('',(1.,0.,0.));
#3426=DIRECTION('',(0.,-1.,0.));
#3427=DIRECTION('center_axis',(0.,-1.,0.));
#3428=DIRECTION('ref_axis',(1.,0.,0.));
#3429=DIRECTION('',(0.,0.,-1.));
#3430=DIRECTION('center_axis',(0.,1.,0.));
#3431=DIRECTION('ref_axis',(0.,0.,-1.));
#3432=DIRECTION('',(-1.,0.,0.));
#3433=DIRECTION('center_axis',(0.,1.,0.));
#3434=DIRECTION('ref_axis',(-1.,0.,0.));
#3435=DIRECTION('',(0.,0.,1.));
#3436=DIRECTION('',(0.,0.,-1.));
#3437=DIRECTION('center_axis',(0.,-1.,0.));
#3438=DIRECTION('ref_axis',(-1.,0.,0.));
#3439=DIRECTION('',(1.,0.,0.));
#3440=DIRECTION('',(0.,0.,1.));
#3441=DIRECTION('',(1.,0.,0.));
#3442=DIRECTION('center_axis',(0.,0.,-1.));
#3443=DIRECTION('ref_axis',(-1.,0.,0.));
#3444=DIRECTION('',(0.,1.,0.));
#3445=DIRECTION('',(0.,-1.,0.));
#3446=DIRECTION('center_axis',(0.,0.,-1.));
#3447=DIRECTION('ref_axis',(-1.,0.,0.));
#3448=DIRECTION('',(0.,-1.,0.));
#3449=DIRECTION('',(1.,0.,0.));
#3450=DIRECTION('center_axis',(0.,-1.,0.));
#3451=DIRECTION('ref_axis',(0.,0.,-1.));
#3452=DIRECTION('',(0.,1.,0.));
#3453=DIRECTION('center_axis',(0.,-1.,0.));
#3454=DIRECTION('ref_axis',(0.,0.,-1.));
#3455=DIRECTION('',(0.,1.,0.));
#3456=DIRECTION('center_axis',(0.,0.,1.));
#3457=DIRECTION('ref_axis',(1.,0.,0.));
#3458=DIRECTION('',(1.,0.,0.));
#3459=DIRECTION('',(0.,1.,0.));
#3460=DIRECTION('center_axis',(0.,-1.,0.));
#3461=DIRECTION('ref_axis',(-1.,0.,0.));
#3462=DIRECTION('center_axis',(0.,-1.,0.));
#3463=DIRECTION('ref_axis',(-1.,0.,0.));
#3464=DIRECTION('',(0.,1.,0.));
#3465=DIRECTION('center_axis',(1.,0.,0.));
#3466=DIRECTION('ref_axis',(0.,0.,-1.));
#3467=DIRECTION('',(0.,0.,-1.));
#3468=DIRECTION('',(0.,1.,0.));
#3469=DIRECTION('center_axis',(0.,-1.,0.));
#3470=DIRECTION('ref_axis',(-1.,0.,0.));
#3471=DIRECTION('',(-1.,0.,0.));
#3472=DIRECTION('center_axis',(1.,0.,0.));
#3473=DIRECTION('ref_axis',(0.,0.,-1.));
#3474=DIRECTION('',(0.,1.,0.));
#3475=DIRECTION('',(0.,1.,0.));
#3476=DIRECTION('center_axis',(0.,-1.,0.));
#3477=DIRECTION('ref_axis',(1.,0.,0.));
#3478=DIRECTION('',(0.,0.,-1.));
#3479=DIRECTION('center_axis',(0.,1.,0.));
#3480=DIRECTION('ref_axis',(0.,0.,-1.));
#3481=DIRECTION('',(-1.,0.,0.));
#3482=DIRECTION('center_axis',(0.,1.,0.));
#3483=DIRECTION('ref_axis',(-1.,0.,0.));
#3484=DIRECTION('',(0.,0.,1.));
#3485=DIRECTION('',(1.,0.,0.));
#3486=DIRECTION('',(0.,0.,1.));
#3487=DIRECTION('',(0.,0.,1.));
#3488=DIRECTION('',(1.,0.,0.));
#3489=DIRECTION('',(0.,0.,-1.));
#3490=DIRECTION('center_axis',(0.,1.,0.));
#3491=DIRECTION('ref_axis',(0.,0.,-1.));
#3492=DIRECTION('',(-1.,0.,0.));
#3493=DIRECTION('center_axis',(0.,1.,0.));
#3494=DIRECTION('ref_axis',(-1.,0.,0.));
#3495=DIRECTION('',(0.,0.,1.));
#3496=DIRECTION('',(1.,0.,0.));
#3497=DIRECTION('center_axis',(0.,0.,-1.));
#3498=DIRECTION('ref_axis',(-1.,0.,0.));
#3499=DIRECTION('',(0.,-1.,0.));
#3500=DIRECTION('',(0.,1.,0.));
#3501=DIRECTION('center_axis',(0.,0.,-1.));
#3502=DIRECTION('ref_axis',(-1.,0.,0.));
#3503=DIRECTION('',(0.,1.,0.));
#3504=DIRECTION('',(0.,-1.,0.));
#3505=DIRECTION('center_axis',(1.,0.,0.));
#3506=DIRECTION('ref_axis',(0.,1.,0.));
#3507=DIRECTION('center_axis',(-1.,0.,0.));
#3508=DIRECTION('ref_axis',(0.,-1.,0.));
#3509=DIRECTION('center_axis',(0.,0.,-1.));
#3510=DIRECTION('ref_axis',(-1.,0.,0.));
#3511=DIRECTION('',(0.,1.,0.));
#3512=DIRECTION('',(0.,-1.,0.));
#3513=DIRECTION('center_axis',(-1.,0.,0.));
#3514=DIRECTION('ref_axis',(0.,0.,1.));
#3515=DIRECTION('',(0.,1.,0.));
#3516=DIRECTION('',(0.,0.,-1.));
#3517=DIRECTION('',(0.,1.,0.));
#3518=DIRECTION('center_axis',(0.,-1.,0.));
#3519=DIRECTION('ref_axis',(0.,0.,-1.));
#3520=DIRECTION('center_axis',(0.,1.,0.));
#3521=DIRECTION('ref_axis',(0.,0.,-1.));
#3522=DIRECTION('',(0.,1.,0.));
#3523=DIRECTION('center_axis',(0.,0.,1.));
#3524=DIRECTION('ref_axis',(1.,0.,0.));
#3525=DIRECTION('',(-1.,0.,0.));
#3526=DIRECTION('',(0.,1.,0.));
#3527=DIRECTION('center_axis',(0.,-1.,0.));
#3528=DIRECTION('ref_axis',(-1.,0.,0.));
#3529=DIRECTION('center_axis',(0.,1.,0.));
#3530=DIRECTION('ref_axis',(-1.,0.,0.));
#3531=DIRECTION('',(0.,1.,0.));
#3532=DIRECTION('center_axis',(1.,0.,0.));
#3533=DIRECTION('ref_axis',(0.,0.,-1.));
#3534=DIRECTION('',(0.,0.,1.));
#3535=DIRECTION('',(0.,1.,0.));
#3536=DIRECTION('center_axis',(-1.,0.,0.));
#3537=DIRECTION('ref_axis',(0.,0.,1.));
#3538=DIRECTION('',(0.,0.,-1.));
#3539=DIRECTION('',(0.,1.,0.));
#3540=DIRECTION('',(0.,0.,-1.));
#3541=DIRECTION('',(0.,1.,0.));
#3542=DIRECTION('center_axis',(0.,-1.,0.));
#3543=DIRECTION('ref_axis',(0.,0.,-1.));
#3544=DIRECTION('center_axis',(0.,1.,0.));
#3545=DIRECTION('ref_axis',(0.,0.,-1.));
#3546=DIRECTION('',(0.,1.,0.));
#3547=DIRECTION('center_axis',(0.,-1.,0.));
#3548=DIRECTION('ref_axis',(0.,0.,-1.));
#3549=DIRECTION('center_axis',(0.,0.,1.));
#3550=DIRECTION('ref_axis',(1.,0.,0.));
#3551=DIRECTION('',(-1.,0.,0.));
#3552=DIRECTION('',(0.,1.,0.));
#3553=DIRECTION('',(-1.,0.,0.));
#3554=DIRECTION('center_axis',(0.,-1.,0.));
#3555=DIRECTION('ref_axis',(-1.,0.,0.));
#3556=DIRECTION('center_axis',(0.,1.,0.));
#3557=DIRECTION('ref_axis',(-1.,0.,0.));
#3558=DIRECTION('',(0.,1.,0.));
#3559=DIRECTION('center_axis',(0.,-1.,0.));
#3560=DIRECTION('ref_axis',(-1.,0.,0.));
#3561=DIRECTION('center_axis',(1.,0.,0.));
#3562=DIRECTION('ref_axis',(0.,0.,-1.));
#3563=DIRECTION('',(0.,0.,1.));
#3564=DIRECTION('',(0.,1.,0.));
#3565=DIRECTION('',(0.,0.,1.));
#3566=DIRECTION('center_axis',(0.,-1.,0.));
#3567=DIRECTION('ref_axis',(0.,0.,1.));
#3568=DIRECTION('center_axis',(0.,1.,0.));
#3569=DIRECTION('ref_axis',(0.,0.,1.));
#3570=DIRECTION('',(0.,1.,0.));
#3571=DIRECTION('center_axis',(0.,-1.,0.));
#3572=DIRECTION('ref_axis',(0.,0.,1.));
#3573=DIRECTION('center_axis',(0.,0.,-1.));
#3574=DIRECTION('ref_axis',(-1.,0.,0.));
#3575=DIRECTION('',(1.,0.,0.));
#3576=DIRECTION('',(0.,1.,0.));
#3577=DIRECTION('',(1.,0.,0.));
#3578=DIRECTION('center_axis',(0.,-1.,0.));
#3579=DIRECTION('ref_axis',(1.,0.,0.));
#3580=DIRECTION('center_axis',(0.,1.,0.));
#3581=DIRECTION('ref_axis',(1.,0.,0.));
#3582=DIRECTION('center_axis',(0.,-1.,0.));
#3583=DIRECTION('ref_axis',(1.,0.,0.));
#3584=DIRECTION('center_axis',(0.,-1.,0.));
#3585=DIRECTION('ref_axis',(-1.,0.,0.));
#3586=DIRECTION('',(0.,0.,1.));
#3587=DIRECTION('center_axis',(0.,-1.,0.));
#3588=DIRECTION('ref_axis',(1.,0.,0.));
#3589=DIRECTION('',(-1.,0.,0.));
#3590=DIRECTION('center_axis',(0.,-1.,0.));
#3591=DIRECTION('ref_axis',(0.,0.,1.));
#3592=DIRECTION('center_axis',(-1.,0.,0.));
#3593=DIRECTION('ref_axis',(0.,0.,1.));
#3594=DIRECTION('',(0.,1.,0.));
#3595=DIRECTION('center_axis',(0.,-1.,0.));
#3596=DIRECTION('ref_axis',(1.,0.,0.));
#3597=DIRECTION('',(0.,1.,0.));
#3598=DIRECTION('center_axis',(0.,0.,-1.));
#3599=DIRECTION('ref_axis',(-1.,0.,0.));
#3600=DIRECTION('',(0.,1.,0.));
#3601=DIRECTION('center_axis',(0.,-1.,0.));
#3602=DIRECTION('ref_axis',(0.,0.,1.));
#3603=DIRECTION('center_axis',(0.,-1.,0.));
#3604=DIRECTION('ref_axis',(1.,0.,0.));
#3605=DIRECTION('',(0.,1.,0.));
#3606=DIRECTION('center_axis',(0.,1.,0.));
#3607=DIRECTION('ref_axis',(1.,0.,0.));
#3608=DIRECTION('center_axis',(0.,0.,-1.));
#3609=DIRECTION('ref_axis',(-1.,0.,0.));
#3610=DIRECTION('',(0.,1.,0.));
#3611=DIRECTION('',(1.,0.,0.));
#3612=DIRECTION('center_axis',(0.,-1.,0.));
#3613=DIRECTION('ref_axis',(0.,0.,1.));
#3614=DIRECTION('center_axis',(0.,1.,0.));
#3615=DIRECTION('ref_axis',(0.,0.,1.));
#3616=DIRECTION('center_axis',(-1.,0.,0.));
#3617=DIRECTION('ref_axis',(0.,0.,1.));
#3618=DIRECTION('',(0.,1.,0.));
#3619=DIRECTION('',(0.,0.,-1.));
#3620=DIRECTION('',(0.,1.,0.));
#3621=DIRECTION('center_axis',(0.,-1.,0.));
#3622=DIRECTION('ref_axis',(1.,0.,0.));
#3623=DIRECTION('',(0.,1.,0.));
#3624=DIRECTION('center_axis',(0.,1.,0.));
#3625=DIRECTION('ref_axis',(1.,0.,0.));
#3626=DIRECTION('center_axis',(0.,0.,-1.));
#3627=DIRECTION('ref_axis',(-1.,0.,0.));
#3628=DIRECTION('',(0.,1.,0.));
#3629=DIRECTION('',(1.,0.,0.));
#3630=DIRECTION('center_axis',(0.,-1.,0.));
#3631=DIRECTION('ref_axis',(0.,0.,1.));
#3632=DIRECTION('',(0.,1.,0.));
#3633=DIRECTION('center_axis',(0.,1.,0.));
#3634=DIRECTION('ref_axis',(0.,0.,1.));
#3635=DIRECTION('center_axis',(1.,0.,0.));
#3636=DIRECTION('ref_axis',(0.,0.,-1.));
#3637=DIRECTION('',(0.,1.,0.));
#3638=DIRECTION('',(0.,0.,1.));
#3639=DIRECTION('center_axis',(0.,-1.,0.));
#3640=DIRECTION('ref_axis',(0.,0.,-1.));
#3641=DIRECTION('center_axis',(0.,1.,0.));
#3642=DIRECTION('ref_axis',(0.,0.,-1.));
#3643=DIRECTION('',(0.,1.,0.));
#3644=DIRECTION('center_axis',(0.,0.,1.));
#3645=DIRECTION('ref_axis',(1.,0.,0.));
#3646=DIRECTION('',(-1.,0.,0.));
#3647=DIRECTION('',(0.,1.,0.));
#3648=DIRECTION('center_axis',(0.,-1.,0.));
#3649=DIRECTION('ref_axis',(-1.,0.,0.));
#3650=DIRECTION('center_axis',(0.,1.,0.));
#3651=DIRECTION('ref_axis',(-1.,0.,0.));
#3652=DIRECTION('center_axis',(0.,0.,-1.));
#3653=DIRECTION('ref_axis',(-1.,0.,0.));
#3654=DIRECTION('center_axis',(0.,0.,-1.));
#3655=DIRECTION('ref_axis',(-1.,0.,0.));
#3656=DIRECTION('',(0.,0.,1.));
#3657=DIRECTION('center_axis',(0.,0.,-1.));
#3658=DIRECTION('ref_axis',(-1.,0.,0.));
#3659=DIRECTION('center_axis',(0.,0.,-1.));
#3660=DIRECTION('ref_axis',(-1.,0.,0.));
#3661=DIRECTION('center_axis',(0.,0.,-1.));
#3662=DIRECTION('ref_axis',(-1.,0.,0.));
#3663=DIRECTION('',(0.,0.,1.));
#3664=DIRECTION('center_axis',(0.,0.,-1.));
#3665=DIRECTION('ref_axis',(-1.,0.,0.));
#3666=DIRECTION('center_axis',(0.,0.,-1.));
#3667=DIRECTION('ref_axis',(-1.,0.,0.));
#3668=DIRECTION('center_axis',(0.,0.,-1.));
#3669=DIRECTION('ref_axis',(-1.,0.,0.));
#3670=DIRECTION('',(0.,0.,1.));
#3671=DIRECTION('center_axis',(0.,0.,-1.));
#3672=DIRECTION('ref_axis',(-1.,0.,0.));
#3673=DIRECTION('center_axis',(0.,0.,-1.));
#3674=DIRECTION('ref_axis',(-1.,0.,0.));
#3675=DIRECTION('center_axis',(0.,0.,-1.));
#3676=DIRECTION('ref_axis',(-1.,0.,0.));
#3677=DIRECTION('',(0.,0.,1.));
#3678=DIRECTION('center_axis',(0.,0.,-1.));
#3679=DIRECTION('ref_axis',(-1.,0.,0.));
#3680=DIRECTION('center_axis',(0.,0.,-1.));
#3681=DIRECTION('ref_axis',(-1.,0.,0.));
#3682=DIRECTION('center_axis',(0.,0.,-1.));
#3683=DIRECTION('ref_axis',(-1.,0.,0.));
#3684=DIRECTION('',(0.,0.,1.));
#3685=DIRECTION('center_axis',(0.,0.,1.));
#3686=DIRECTION('ref_axis',(-1.,0.,0.));
#3687=DIRECTION('center_axis',(0.,0.,-1.));
#3688=DIRECTION('ref_axis',(-1.,0.,0.));
#3689=DIRECTION('center_axis',(0.,0.,-1.));
#3690=DIRECTION('ref_axis',(-1.,0.,0.));
#3691=DIRECTION('center_axis',(0.,0.,-1.));
#3692=DIRECTION('ref_axis',(-1.,0.,0.));
#3693=DIRECTION('',(0.,0.,1.));
#3694=DIRECTION('center_axis',(0.,0.,1.));
#3695=DIRECTION('ref_axis',(-1.,0.,0.));
#3696=DIRECTION('center_axis',(0.,0.,-1.));
#3697=DIRECTION('ref_axis',(-1.,0.,0.));
#3698=DIRECTION('center_axis',(0.,0.,-1.));
#3699=DIRECTION('ref_axis',(-1.,0.,0.));
#3700=DIRECTION('center_axis',(0.,0.,-1.));
#3701=DIRECTION('ref_axis',(-1.,0.,0.));
#3702=DIRECTION('',(0.,0.,1.));
#3703=DIRECTION('center_axis',(0.,0.,1.));
#3704=DIRECTION('ref_axis',(-1.,0.,0.));
#3705=DIRECTION('center_axis',(0.,0.,-1.));
#3706=DIRECTION('ref_axis',(-1.,0.,0.));
#3707=DIRECTION('center_axis',(0.,0.,-1.));
#3708=DIRECTION('ref_axis',(-1.,0.,0.));
#3709=DIRECTION('center_axis',(0.,0.,-1.));
#3710=DIRECTION('ref_axis',(-1.,0.,0.));
#3711=DIRECTION('',(0.,0.,1.));
#3712=DIRECTION('center_axis',(0.,0.,1.));
#3713=DIRECTION('ref_axis',(-1.,0.,0.));
#3714=DIRECTION('center_axis',(0.,0.,-1.));
#3715=DIRECTION('ref_axis',(-1.,0.,0.));
#3716=DIRECTION('center_axis',(0.,0.,1.));
#3717=DIRECTION('ref_axis',(1.,0.,0.));
#3718=DIRECTION('',(0.,1.,0.));
#3719=DIRECTION('center_axis',(0.,-1.,0.));
#3720=DIRECTION('ref_axis',(-1.,0.,0.));
#3721=DIRECTION('center_axis',(0.,-1.,0.));
#3722=DIRECTION('ref_axis',(0.,0.,1.));
#3723=DIRECTION('',(0.,1.,0.));
#3724=DIRECTION('center_axis',(0.,0.,-1.));
#3725=DIRECTION('ref_axis',(-1.,0.,0.));
#3726=DIRECTION('',(0.,1.,0.));
#3727=DIRECTION('center_axis',(0.,-1.,0.));
#3728=DIRECTION('ref_axis',(1.,0.,0.));
#3729=DIRECTION('',(0.,1.,0.));
#3730=DIRECTION('center_axis',(-1.,0.,0.));
#3731=DIRECTION('ref_axis',(0.,0.,1.));
#3732=DIRECTION('center_axis',(0.,0.,-1.));
#3733=DIRECTION('ref_axis',(1.,-1.22464679914735E-16,0.));
#3734=DIRECTION('',(0.,0.,-1.));
#3735=DIRECTION('',(0.,0.,1.));
#3736=DIRECTION('center_axis',(1.,0.,0.));
#3737=DIRECTION('ref_axis',(0.,1.,0.));
#3738=DIRECTION('',(0.,0.,1.));
#3739=DIRECTION('center_axis',(0.,0.,-1.));
#3740=DIRECTION('ref_axis',(-1.,0.,0.));
#3741=DIRECTION('',(0.,0.,-1.));
#3742=DIRECTION('',(0.,0.,1.));
#3743=DIRECTION('center_axis',(-1.,0.,0.));
#3744=DIRECTION('ref_axis',(0.,-1.,0.));
#3745=DIRECTION('center_axis',(-1.,0.,0.));
#3746=DIRECTION('ref_axis',(0.,-1.,0.));
#3747=DIRECTION('',(0.,0.,1.));
#3748=DIRECTION('center_axis',(0.,0.,-1.));
#3749=DIRECTION('ref_axis',(-1.,0.,0.));
#3750=DIRECTION('',(0.,0.,-1.));
#3751=DIRECTION('center_axis',(-1.,0.,0.));
#3752=DIRECTION('ref_axis',(0.,-1.,0.));
#3753=DIRECTION('',(0.,0.,1.));
#3754=DIRECTION('center_axis',(0.,0.,-1.));
#3755=DIRECTION('ref_axis',(1.,1.22464679914735E-16,0.));
#3756=DIRECTION('',(0.,0.,1.));
#3757=DIRECTION('',(0.,0.,-1.));
#3758=DIRECTION('center_axis',(1.,0.,0.));
#3759=DIRECTION('ref_axis',(0.,1.,0.));
#3760=DIRECTION('',(0.,0.,1.));
#3761=DIRECTION('center_axis',(1.,0.,0.));
#3762=DIRECTION('ref_axis',(0.,1.,0.));
#3763=DIRECTION('center_axis',(0.,0.,-1.));
#3764=DIRECTION('ref_axis',(-1.,0.,0.));
#3765=DIRECTION('center_axis',(0.,0.,-1.));
#3766=DIRECTION('ref_axis',(-1.,0.,0.));
#3767=DIRECTION('',(0.,0.,-1.));
#3768=DIRECTION('center_axis',(0.,0.,-1.));
#3769=DIRECTION('ref_axis',(-1.,0.,0.));
#3770=DIRECTION('center_axis',(0.,0.,-1.));
#3771=DIRECTION('ref_axis',(-1.,0.,0.));
#3772=DIRECTION('center_axis',(0.,0.,-1.));
#3773=DIRECTION('ref_axis',(-1.,0.,0.));
#3774=DIRECTION('',(0.,0.,-1.));
#3775=DIRECTION('center_axis',(0.,0.,-1.));
#3776=DIRECTION('ref_axis',(-1.,0.,0.));
#3777=DIRECTION('center_axis',(0.,0.,-1.));
#3778=DIRECTION('ref_axis',(-1.,0.,0.));
#3779=DIRECTION('center_axis',(0.,0.,-1.));
#3780=DIRECTION('ref_axis',(-1.,0.,0.));
#3781=DIRECTION('',(0.,0.,-1.));
#3782=DIRECTION('center_axis',(0.,0.,-1.));
#3783=DIRECTION('ref_axis',(-1.,0.,0.));
#3784=DIRECTION('center_axis',(0.,0.,-1.));
#3785=DIRECTION('ref_axis',(-1.,0.,0.));
#3786=DIRECTION('center_axis',(0.,0.,-1.));
#3787=DIRECTION('ref_axis',(-1.,0.,0.));
#3788=DIRECTION('',(0.,0.,-1.));
#3789=DIRECTION('center_axis',(0.,0.,-1.));
#3790=DIRECTION('ref_axis',(-1.,0.,0.));
#3791=DIRECTION('center_axis',(0.,0.,-1.));
#3792=DIRECTION('ref_axis',(0.,-1.,0.));
#3793=DIRECTION('center_axis',(0.,0.,-1.));
#3794=DIRECTION('ref_axis',(0.,1.,0.));
#3795=DIRECTION('center_axis',(0.,-1.,0.));
#3796=DIRECTION('ref_axis',(1.,0.,0.));
#3797=DIRECTION('center_axis',(0.,0.,-1.));
#3798=DIRECTION('ref_axis',(-1.,0.,0.));
#3799=DIRECTION('center_axis',(-1.,0.,0.));
#3800=DIRECTION('ref_axis',(0.,-1.,0.));
#3801=DIRECTION('',(0.,0.,1.));
#3802=DIRECTION('',(0.,0.,1.));
#3803=DIRECTION('center_axis',(0.,0.,-1.));
#3804=DIRECTION('ref_axis',(0.,1.,0.));
#3805=DIRECTION('',(0.,0.,1.));
#3806=DIRECTION('center_axis',(0.,-1.,0.));
#3807=DIRECTION('ref_axis',(1.,0.,0.));
#3808=DIRECTION('',(0.,0.,1.));
#3809=DIRECTION('center_axis',(0.,0.,-1.));
#3810=DIRECTION('ref_axis',(-1.,0.,0.));
#3811=DIRECTION('',(0.,0.,1.));
#3812=DIRECTION('center_axis',(1.,0.,0.));
#3813=DIRECTION('ref_axis',(0.,1.,0.));
#3814=DIRECTION('center_axis',(0.,0.,-1.));
#3815=DIRECTION('ref_axis',(1.,0.,0.));
#3816=CARTESIAN_POINT('',(0.,0.,0.));
#3817=CARTESIAN_POINT('Origin',(3.45,-4.755,0.81));
#3818=CARTESIAN_POINT('',(3.63,-4.95,0.81));
#3819=CARTESIAN_POINT('',(3.33,-4.95,0.81));
#3820=CARTESIAN_POINT('',(3.625,-4.95,0.81));
#3821=CARTESIAN_POINT('',(3.63,-5.2,0.81));
#3822=CARTESIAN_POINT('',(3.63,-5.21,0.81));
#3823=CARTESIAN_POINT('',(3.33,-5.2,0.81));
#3824=CARTESIAN_POINT('',(3.625,-5.2,0.81));
#3825=CARTESIAN_POINT('',(3.33,-5.0275,0.81));
#3826=CARTESIAN_POINT('Origin',(3.63,-5.21,0.38));
#3827=CARTESIAN_POINT('',(3.63,-4.3,0.8));
#3828=CARTESIAN_POINT('',(3.63,-4.95,0.8));
#3829=CARTESIAN_POINT('',(3.63,-4.9175,0.8));
#3830=CARTESIAN_POINT('',(3.63,-4.3,0.38));
#3831=CARTESIAN_POINT('',(3.63,-4.3,0.38));
#3832=CARTESIAN_POINT('',(3.63,-5.2,0.38));
#3833=CARTESIAN_POINT('',(3.63,-5.21,0.38));
#3834=CARTESIAN_POINT('',(3.63,-5.2,0.19));
#3835=CARTESIAN_POINT('',(3.63,-4.95,0.315));
#3836=CARTESIAN_POINT('Origin',(3.63,-4.3,0.38));
#3837=CARTESIAN_POINT('',(3.33,-4.3,0.8));
#3838=CARTESIAN_POINT('',(3.6225,-4.3,0.8));
#3839=CARTESIAN_POINT('',(3.33,-4.3,0.38));
#3840=CARTESIAN_POINT('',(3.33,-4.3,0.189));
#3841=CARTESIAN_POINT('',(3.63,-4.3,0.38));
#3842=CARTESIAN_POINT('Origin',(3.45,-4.755,0.38));
#3843=CARTESIAN_POINT('',(3.33,-5.2,0.38));
#3844=CARTESIAN_POINT('',(3.33,-5.0275,0.38));
#3845=CARTESIAN_POINT('',(3.625,-5.2,0.38));
#3846=CARTESIAN_POINT('Origin',(3.8,-4.95,0.25));
#3847=CARTESIAN_POINT('',(3.33,-4.95,2.76));
#3848=CARTESIAN_POINT('',(3.33,-4.95,0.124));
#3849=CARTESIAN_POINT('',(3.8,-4.95,2.76));
#3850=CARTESIAN_POINT('',(1.9,-4.95,2.76));
#3851=CARTESIAN_POINT('',(3.8,-4.95,0.8));
#3852=CARTESIAN_POINT('',(3.8,-4.95,0.25));
#3853=CARTESIAN_POINT('',(3.7075,-4.95,0.8));
#3854=CARTESIAN_POINT('Origin',(3.33,-5.3,-0.002));
#3855=CARTESIAN_POINT('',(3.33,-5.2,2.76));
#3856=CARTESIAN_POINT('',(3.33,-5.2,-0.001));
#3857=CARTESIAN_POINT('',(3.33,-2.65,2.76));
#3858=CARTESIAN_POINT('Origin',(-3.27,-4.3,0.38));
#3859=CARTESIAN_POINT('',(-3.63,-4.3,0.8));
#3860=CARTESIAN_POINT('',(-3.33,-4.3,0.8));
#3861=CARTESIAN_POINT('',(-3.4425,-4.3,0.8));
#3862=CARTESIAN_POINT('',(-3.63,-4.3,0.38));
#3863=CARTESIAN_POINT('',(-3.63,-4.3,0.38));
#3864=CARTESIAN_POINT('',(-3.33,-4.3,0.38));
#3865=CARTESIAN_POINT('',(-3.27,-4.3,0.38));
#3866=CARTESIAN_POINT('',(-3.33,-4.3,0.189));
#3867=CARTESIAN_POINT('Origin',(-3.45,-4.755,0.38));
#3868=CARTESIAN_POINT('',(-3.33,-5.2,0.38));
#3869=CARTESIAN_POINT('',(-3.33,-4.4775,0.38));
#3870=CARTESIAN_POINT('',(-3.63,-5.2,0.38));
#3871=CARTESIAN_POINT('',(-3.63,-4.3,0.38));
#3872=CARTESIAN_POINT('',(0.175,-5.2,0.38));
#3873=CARTESIAN_POINT('Origin',(-3.63,-4.3,0.38));
#3874=CARTESIAN_POINT('',(-3.63,-4.95,0.8));
#3875=CARTESIAN_POINT('',(-3.63,-4.4625,0.8));
#3876=CARTESIAN_POINT('',(-3.63,-4.95,0.81));
#3877=CARTESIAN_POINT('',(-3.63,-4.95,0.315));
#3878=CARTESIAN_POINT('',(-3.63,-5.2,0.81));
#3879=CARTESIAN_POINT('',(-3.63,-4.3,0.81));
#3880=CARTESIAN_POINT('',(-3.63,-5.2,0.19));
#3881=CARTESIAN_POINT('Origin',(-3.45,-4.755,0.81));
#3882=CARTESIAN_POINT('',(-3.33,-4.95,0.81));
#3883=CARTESIAN_POINT('',(0.175,-4.95,0.81));
#3884=CARTESIAN_POINT('',(-3.33,-5.2,0.81));
#3885=CARTESIAN_POINT('',(-3.33,-4.4775,0.81));
#3886=CARTESIAN_POINT('',(0.175,-5.2,0.81));
#3887=CARTESIAN_POINT('Origin',(-3.615,-4.625,0.8));
#3888=CARTESIAN_POINT('',(-3.33,-4.05,0.8));
#3889=CARTESIAN_POINT('',(-3.33,-5.2,0.8));
#3890=CARTESIAN_POINT('',(-3.9,-4.05,0.8));
#3891=CARTESIAN_POINT('',(-3.33,-4.05,0.8));
#3892=CARTESIAN_POINT('',(-3.9,-4.92912878474779,0.8));
#3893=CARTESIAN_POINT('',(-3.9,-4.05,0.8));
#3894=CARTESIAN_POINT('',(-3.8,-4.95,0.8));
#3895=CARTESIAN_POINT('Origin',(-3.8,-4.7,0.8));
#3896=CARTESIAN_POINT('',(0.0925,-4.95,0.8));
#3897=CARTESIAN_POINT('Origin',(-3.33,-4.2,-0.002));
#3898=CARTESIAN_POINT('',(-3.33,-4.95,2.76));
#3899=CARTESIAN_POINT('',(-3.33,-4.95,0.124));
#3900=CARTESIAN_POINT('',(-3.33,-5.2,2.76));
#3901=CARTESIAN_POINT('',(-3.33,-2.1,2.76));
#3902=CARTESIAN_POINT('',(-3.33,-5.2,-0.001));
#3903=CARTESIAN_POINT('Origin',(-3.33,-4.2,-0.002));
#3904=CARTESIAN_POINT('',(-3.33,-5.2,0.));
#3905=CARTESIAN_POINT('',(-3.33,-5.2,-0.001));
#3906=CARTESIAN_POINT('',(-3.33,-4.2,0.));
#3907=CARTESIAN_POINT('',(-3.33,-2.1,0.));
#3908=CARTESIAN_POINT('',(-3.33,-4.2,0.25));
#3909=CARTESIAN_POINT('',(-3.33,-4.2,-0.002));
#3910=CARTESIAN_POINT('',(-3.33,-4.05,0.25));
#3911=CARTESIAN_POINT('',(-3.33,-2.6,0.25));
#3912=CARTESIAN_POINT('',(-3.33,-4.05,0.));
#3913=CARTESIAN_POINT('Origin',(0.,0.,0.));
#3914=CARTESIAN_POINT('',(3.8,-5.2,0.));
#3915=CARTESIAN_POINT('',(4.3,-4.7,0.));
#3916=CARTESIAN_POINT('Origin',(3.8,-4.7,0.));
#3917=CARTESIAN_POINT('',(3.33,-5.2,0.));
#3918=CARTESIAN_POINT('',(3.8,-5.2,0.));
#3919=CARTESIAN_POINT('',(3.33,-4.2,0.));
#3920=CARTESIAN_POINT('',(3.33,-2.65,0.));
#3921=CARTESIAN_POINT('',(1.665,-4.2,0.));
#3922=CARTESIAN_POINT('',(-3.8,-5.2,0.));
#3923=CARTESIAN_POINT('',(3.8,-5.2,0.));
#3924=CARTESIAN_POINT('',(-4.3,-4.7,0.));
#3925=CARTESIAN_POINT('Origin',(-3.8,-4.7,0.));
#3926=CARTESIAN_POINT('',(-4.3,4.7,0.));
#3927=CARTESIAN_POINT('',(-4.3,-4.7,0.));
#3928=CARTESIAN_POINT('',(-3.8,5.2,0.));
#3929=CARTESIAN_POINT('Origin',(-3.8,4.7,0.));
#3930=CARTESIAN_POINT('',(3.8,5.2,0.));
#3931=CARTESIAN_POINT('',(-3.8,5.2,0.));
#3932=CARTESIAN_POINT('',(4.3,4.7,0.));
#3933=CARTESIAN_POINT('Origin',(3.8,4.7,0.));
#3934=CARTESIAN_POINT('',(4.3,4.7,0.));
#3935=CARTESIAN_POINT('Origin',(3.8,-5.2,0.));
#3936=CARTESIAN_POINT('',(-3.8,-5.2,2.76));
#3937=CARTESIAN_POINT('',(3.8,-5.2,2.76));
#3938=CARTESIAN_POINT('',(-3.8,-5.2,0.));
#3939=CARTESIAN_POINT('Origin',(3.9,-5.2,0.));
#3940=CARTESIAN_POINT('',(3.9,-4.92912878474779,0.25));
#3941=CARTESIAN_POINT('',(3.9,-4.92912878474779,0.8));
#3942=CARTESIAN_POINT('',(3.9,-4.92912878474779,0.25));
#3943=CARTESIAN_POINT('',(3.9,-4.05,0.25));
#3944=CARTESIAN_POINT('',(3.9,-2.6,0.25));
#3945=CARTESIAN_POINT('',(3.9,-4.05,0.8));
#3946=CARTESIAN_POINT('',(3.9,-4.05,0.));
#3947=CARTESIAN_POINT('',(3.9,-5.2,0.8));
#3948=CARTESIAN_POINT('Origin',(3.615,-4.625,0.8));
#3949=CARTESIAN_POINT('Origin',(3.8,-4.7,0.8));
#3950=CARTESIAN_POINT('',(3.33,-4.05,0.8));
#3951=CARTESIAN_POINT('',(3.9,-4.05,0.8));
#3952=CARTESIAN_POINT('',(3.33,-4.05,0.8));
#3953=CARTESIAN_POINT('Origin',(3.9,-4.05,0.));
#3954=CARTESIAN_POINT('',(3.33,-4.05,0.25));
#3955=CARTESIAN_POINT('',(1.95,-4.05,0.25));
#3956=CARTESIAN_POINT('',(3.33,-4.05,0.));
#3957=CARTESIAN_POINT('Origin',(3.8,-4.7,0.25));
#3958=CARTESIAN_POINT('',(4.05,-4.7,2.76));
#3959=CARTESIAN_POINT('Origin',(3.8,-4.7,2.76));
#3960=CARTESIAN_POINT('',(4.05,-4.7,0.25));
#3961=CARTESIAN_POINT('',(4.05,-4.7,0.25));
#3962=CARTESIAN_POINT('Origin',(3.8,-4.7,0.25));
#3963=CARTESIAN_POINT('Origin',(-3.9,-4.05,0.));
#3964=CARTESIAN_POINT('',(-3.9,-4.92912878474779,0.25));
#3965=CARTESIAN_POINT('',(-3.9,-4.05,0.25));
#3966=CARTESIAN_POINT('',(-3.9,-2.025,0.25));
#3967=CARTESIAN_POINT('',(-3.9,-4.92912878474779,0.25));
#3968=CARTESIAN_POINT('',(-3.9,-4.05,0.));
#3969=CARTESIAN_POINT('Origin',(-3.33,-4.05,0.));
#3970=CARTESIAN_POINT('',(-1.665,-4.05,0.25));
#3971=CARTESIAN_POINT('Origin',(-3.8,-4.7,0.));
#3972=CARTESIAN_POINT('',(-4.3,-4.7,2.76));
#3973=CARTESIAN_POINT('Origin',(-3.8,-4.7,2.76));
#3974=CARTESIAN_POINT('',(-4.3,-4.7,0.));
#3975=CARTESIAN_POINT('Origin',(0.,0.,0.25));
#3976=CARTESIAN_POINT('',(4.05,-3.17416573867739,0.25));
#3977=CARTESIAN_POINT('',(4.05,4.7,0.25));
#3978=CARTESIAN_POINT('',(4.05,-2.42583426132261,0.25));
#3979=CARTESIAN_POINT('Origin',(3.8,-2.8,0.25));
#3980=CARTESIAN_POINT('',(4.05,2.42583426132261,0.25));
#3981=CARTESIAN_POINT('',(4.05,4.7,0.25));
#3982=CARTESIAN_POINT('',(4.05,3.17416573867739,0.25));
#3983=CARTESIAN_POINT('Origin',(3.8,2.8,0.25));
#3984=CARTESIAN_POINT('',(4.05,4.7,0.25));
#3985=CARTESIAN_POINT('',(4.05,4.7,0.25));
#3986=CARTESIAN_POINT('',(3.8,4.95,0.25));
#3987=CARTESIAN_POINT('Origin',(3.8,4.7,0.25));
#3988=CARTESIAN_POINT('',(2.8,4.95,0.25));
#3989=CARTESIAN_POINT('',(-3.8,4.95,0.25));
#3990=CARTESIAN_POINT('',(2.8,4.92,0.25));
#3991=CARTESIAN_POINT('',(2.8,2.525,0.25));
#3992=CARTESIAN_POINT('',(2.5,4.92,0.25));
#3993=CARTESIAN_POINT('',(1.4,4.92,0.25));
#3994=CARTESIAN_POINT('',(2.5,4.95,0.25));
#3995=CARTESIAN_POINT('',(2.5,2.46,0.25));
#3996=CARTESIAN_POINT('',(-2.6,4.95,0.25));
#3997=CARTESIAN_POINT('',(-3.8,4.95,0.25));
#3998=CARTESIAN_POINT('',(-2.6,4.92,0.25));
#3999=CARTESIAN_POINT('',(-2.6,2.525,0.25));
#4000=CARTESIAN_POINT('',(-2.9,4.92,0.25));
#4001=CARTESIAN_POINT('',(-1.3,4.92,0.25));
#4002=CARTESIAN_POINT('',(-2.9,4.95,0.25));
#4003=CARTESIAN_POINT('',(-2.9,2.46,0.25));
#4004=CARTESIAN_POINT('',(-3.8,4.95,0.25));
#4005=CARTESIAN_POINT('',(-3.8,4.95,0.25));
#4006=CARTESIAN_POINT('',(-4.05,4.7,0.25));
#4007=CARTESIAN_POINT('Origin',(-3.8,4.7,0.25));
#4008=CARTESIAN_POINT('',(-4.05,3.17416573867739,0.25));
#4009=CARTESIAN_POINT('',(-4.05,-4.7,0.25));
#4010=CARTESIAN_POINT('',(-4.05,2.42583426132261,0.25));
#4011=CARTESIAN_POINT('Origin',(-3.8,2.8,0.25));
#4012=CARTESIAN_POINT('',(-4.05,-2.42583426132261,0.25));
#4013=CARTESIAN_POINT('',(-4.05,-4.7,0.25));
#4014=CARTESIAN_POINT('',(-4.05,-3.17416573867739,0.25));
#4015=CARTESIAN_POINT('Origin',(-3.8,-2.8,0.25));
#4016=CARTESIAN_POINT('',(-4.05,-4.7,0.25));
#4017=CARTESIAN_POINT('',(-4.05,-4.7,0.25));
#4018=CARTESIAN_POINT('Origin',(-3.8,-4.7,0.25));
#4019=CARTESIAN_POINT('',(3.33,-4.2,0.25));
#4020=CARTESIAN_POINT('',(1.665,-4.2,0.25));
#4021=CARTESIAN_POINT('',(3.33,-2.025,0.25));
#4022=CARTESIAN_POINT('',(-2.1,2.1,0.25));
#4023=CARTESIAN_POINT('Origin',(-2.55,2.1,0.25));
#4024=CARTESIAN_POINT('',(3.,-3.7,0.25));
#4025=CARTESIAN_POINT('Origin',(2.55,-3.7,0.25));
#4026=CARTESIAN_POINT('',(3.,2.1,0.25));
#4027=CARTESIAN_POINT('Origin',(2.55,2.1,0.25));
#4028=CARTESIAN_POINT('',(-2.1,-3.7,0.25));
#4029=CARTESIAN_POINT('Origin',(-2.55,-3.7,0.25));
#4030=CARTESIAN_POINT('Origin',(3.33,-5.3,-0.002));
#4031=CARTESIAN_POINT('',(3.33,-4.2,-0.002));
#4032=CARTESIAN_POINT('',(3.33,-5.2,-0.001));
#4033=CARTESIAN_POINT('Origin',(3.33,-4.2,-0.002));
#4034=CARTESIAN_POINT('Origin',(3.8,-4.95,0.25));
#4035=CARTESIAN_POINT('',(-3.8,-4.95,2.76));
#4036=CARTESIAN_POINT('',(-3.8,-4.95,0.25));
#4037=CARTESIAN_POINT('',(1.9,-4.95,2.76));
#4038=CARTESIAN_POINT('Origin',(3.8,-5.2,0.));
#4039=CARTESIAN_POINT('',(3.8,-5.2,2.76));
#4040=CARTESIAN_POINT('',(3.8,-5.2,0.));
#4041=CARTESIAN_POINT('',(3.8,-5.2,2.76));
#4042=CARTESIAN_POINT('Origin',(0.,0.,2.76));
#4043=CARTESIAN_POINT('',(4.3,-4.7,2.76));
#4044=CARTESIAN_POINT('Origin',(3.8,-4.7,2.76));
#4045=CARTESIAN_POINT('',(4.3,4.7,2.76));
#4046=CARTESIAN_POINT('',(4.3,4.7,2.76));
#4047=CARTESIAN_POINT('',(3.8,5.2,2.76));
#4048=CARTESIAN_POINT('Origin',(3.8,4.7,2.76));
#4049=CARTESIAN_POINT('',(-3.8,5.2,2.76));
#4050=CARTESIAN_POINT('',(-3.8,5.2,2.76));
#4051=CARTESIAN_POINT('',(-4.3,4.7,2.76));
#4052=CARTESIAN_POINT('Origin',(-3.8,4.7,2.76));
#4053=CARTESIAN_POINT('',(-4.3,-4.7,2.76));
#4054=CARTESIAN_POINT('',(-4.05,-4.7,2.76));
#4055=CARTESIAN_POINT('Origin',(-3.8,-4.7,2.76));
#4056=CARTESIAN_POINT('',(-4.05,-3.17416573867739,2.76));
#4057=CARTESIAN_POINT('',(-4.05,-2.35,2.76));
#4058=CARTESIAN_POINT('',(-4.05,-2.42583426132261,2.76));
#4059=CARTESIAN_POINT('Origin',(-3.8,-2.8,2.76));
#4060=CARTESIAN_POINT('',(-4.05,2.42583426132261,2.76));
#4061=CARTESIAN_POINT('',(-4.05,-2.35,2.76));
#4062=CARTESIAN_POINT('',(-4.05,3.17416573867739,2.76));
#4063=CARTESIAN_POINT('Origin',(-3.8,2.8,2.76));
#4064=CARTESIAN_POINT('',(-4.05,4.7,2.76));
#4065=CARTESIAN_POINT('',(-4.05,-2.35,2.76));
#4066=CARTESIAN_POINT('',(-3.8,4.95,2.76));
#4067=CARTESIAN_POINT('Origin',(-3.8,4.7,2.76));
#4068=CARTESIAN_POINT('',(3.8,4.95,2.76));
#4069=CARTESIAN_POINT('',(-1.9,4.95,2.76));
#4070=CARTESIAN_POINT('',(4.05,4.7,2.76));
#4071=CARTESIAN_POINT('Origin',(3.8,4.7,2.76));
#4072=CARTESIAN_POINT('',(4.05,3.17416573867739,2.76));
#4073=CARTESIAN_POINT('',(4.05,2.35,2.76));
#4074=CARTESIAN_POINT('',(4.05,2.42583426132261,2.76));
#4075=CARTESIAN_POINT('Origin',(3.8,2.8,2.76));
#4076=CARTESIAN_POINT('',(4.05,-2.42583426132261,2.76));
#4077=CARTESIAN_POINT('',(4.05,2.35,2.76));
#4078=CARTESIAN_POINT('',(4.05,-3.17416573867739,2.76));
#4079=CARTESIAN_POINT('Origin',(3.8,-2.8,2.76));
#4080=CARTESIAN_POINT('',(4.05,2.35,2.76));
#4081=CARTESIAN_POINT('',(-3.6,-2.8,2.76));
#4082=CARTESIAN_POINT('Origin',(-3.8,-2.8,2.76));
#4083=CARTESIAN_POINT('',(4.,2.8,2.76));
#4084=CARTESIAN_POINT('Origin',(3.8,2.8,2.76));
#4085=CARTESIAN_POINT('',(4.,-2.8,2.76));
#4086=CARTESIAN_POINT('Origin',(3.8,-2.8,2.76));
#4087=CARTESIAN_POINT('',(-3.6,2.8,2.76));
#4088=CARTESIAN_POINT('Origin',(-3.8,2.8,2.76));
#4089=CARTESIAN_POINT('Origin',(-2.6,5.05,0.25));
#4090=CARTESIAN_POINT('',(-2.6,4.95,0.7));
#4091=CARTESIAN_POINT('',(-2.6,5.05,0.7));
#4092=CARTESIAN_POINT('',(-2.6,5.037,0.7));
#4093=CARTESIAN_POINT('',(-2.6,5.05,0.75));
#4094=CARTESIAN_POINT('',(-2.6,5.05,0.25));
#4095=CARTESIAN_POINT('',(-2.6,4.92,0.75));
#4096=CARTESIAN_POINT('',(-2.6,5.05,0.75));
#4097=CARTESIAN_POINT('',(-2.6,4.92,0.25));
#4098=CARTESIAN_POINT('',(-2.6,4.95,0.25));
#4099=CARTESIAN_POINT('Origin',(-2.9,5.05,0.25));
#4100=CARTESIAN_POINT('',(-2.9,5.05,0.7));
#4101=CARTESIAN_POINT('',(-1.45,5.05,0.7));
#4102=CARTESIAN_POINT('',(-2.9,5.05,0.75));
#4103=CARTESIAN_POINT('',(-2.9,5.05,0.25));
#4104=CARTESIAN_POINT('',(-2.9,5.05,0.75));
#4105=CARTESIAN_POINT('Origin',(-2.9,4.92,0.25));
#4106=CARTESIAN_POINT('',(-2.9,4.95,0.7));
#4107=CARTESIAN_POINT('',(-2.9,4.972,0.7));
#4108=CARTESIAN_POINT('',(-2.9,4.95,0.25));
#4109=CARTESIAN_POINT('',(-2.9,4.92,0.75));
#4110=CARTESIAN_POINT('',(-2.9,4.92,0.25));
#4111=CARTESIAN_POINT('',(-2.9,4.92,0.75));
#4112=CARTESIAN_POINT('Origin',(-2.6,4.92,0.25));
#4113=CARTESIAN_POINT('',(-2.6,4.92,0.75));
#4114=CARTESIAN_POINT('Origin',(-2.75,4.985,0.75));
#4115=CARTESIAN_POINT('Origin',(0.,5.024,0.7));
#4116=CARTESIAN_POINT('',(2.5,4.95,0.7));
#4117=CARTESIAN_POINT('',(-1.9,4.95,0.7));
#4118=CARTESIAN_POINT('',(2.5,5.05,0.7));
#4119=CARTESIAN_POINT('',(2.5,4.972,0.7));
#4120=CARTESIAN_POINT('',(2.8,5.05,0.7));
#4121=CARTESIAN_POINT('',(1.25,5.05,0.7));
#4122=CARTESIAN_POINT('',(2.8,4.95,0.7));
#4123=CARTESIAN_POINT('',(2.8,5.037,0.7));
#4124=CARTESIAN_POINT('',(3.05,4.95,0.7));
#4125=CARTESIAN_POINT('',(-1.9,4.95,0.7));
#4126=CARTESIAN_POINT('',(3.05,5.1,0.7));
#4127=CARTESIAN_POINT('',(3.05,5.1,0.7));
#4128=CARTESIAN_POINT('',(-3.05,5.1,0.7));
#4129=CARTESIAN_POINT('',(-3.05,5.1,0.7));
#4130=CARTESIAN_POINT('',(-3.05,4.95,0.7));
#4131=CARTESIAN_POINT('',(-3.05,4.948,0.7));
#4132=CARTESIAN_POINT('',(-1.9,4.95,0.7));
#4133=CARTESIAN_POINT('Origin',(-3.8,4.95,0.25));
#4134=CARTESIAN_POINT('',(-3.05,4.95,0.99));
#4135=CARTESIAN_POINT('',(-3.05,4.95,0.475));
#4136=CARTESIAN_POINT('',(-0.15,4.95,0.99));
#4137=CARTESIAN_POINT('',(-1.9,4.95,0.99));
#4138=CARTESIAN_POINT('',(-0.15,4.95,2.05));
#4139=CARTESIAN_POINT('',(-0.15,4.95,1.15));
#4140=CARTESIAN_POINT('',(-0.13,4.95,2.07));
#4141=CARTESIAN_POINT('Origin',(-0.13,4.95,2.05));
#4142=CARTESIAN_POINT('',(0.83,4.95,2.07));
#4143=CARTESIAN_POINT('',(-1.485,4.95,2.07));
#4144=CARTESIAN_POINT('',(0.85,4.95,2.05));
#4145=CARTESIAN_POINT('Origin',(0.83,4.95,2.05));
#4146=CARTESIAN_POINT('',(0.85,4.95,0.99));
#4147=CARTESIAN_POINT('',(0.85,4.95,0.565));
#4148=CARTESIAN_POINT('',(1.2125,4.95,0.99));
#4149=CARTESIAN_POINT('',(-1.9,4.95,0.99));
#4150=CARTESIAN_POINT('',(1.2125,4.95,2.291));
#4151=CARTESIAN_POINT('',(1.2125,4.95,1.2705));
#4152=CARTESIAN_POINT('',(1.2325,4.95,2.311));
#4153=CARTESIAN_POINT('Origin',(1.2325,4.95,2.291));
#4154=CARTESIAN_POINT('',(2.8675,4.95,2.311));
#4155=CARTESIAN_POINT('',(-0.46625,4.95,2.311));
#4156=CARTESIAN_POINT('',(2.8875,4.95,2.291));
#4157=CARTESIAN_POINT('Origin',(2.8675,4.95,2.291));
#4158=CARTESIAN_POINT('',(2.8875,4.95,0.99));
#4159=CARTESIAN_POINT('',(2.8875,4.95,0.565));
#4160=CARTESIAN_POINT('',(3.05,4.95,0.99));
#4161=CARTESIAN_POINT('',(-1.9,4.95,0.99));
#4162=CARTESIAN_POINT('',(3.05,4.95,0.475));
#4163=CARTESIAN_POINT('',(2.8,4.95,0.25));
#4164=CARTESIAN_POINT('',(3.8,4.95,0.25));
#4165=CARTESIAN_POINT('',(-3.8,4.95,0.25));
#4166=CARTESIAN_POINT('',(-2.45,4.95,1.87));
#4167=CARTESIAN_POINT('',(-2.45,4.95,1.27));
#4168=CARTESIAN_POINT('',(-2.45,4.95,1.06));
#4169=CARTESIAN_POINT('',(-2.25,4.95,2.07));
#4170=CARTESIAN_POINT('Origin',(-2.25,4.95,1.87));
#4171=CARTESIAN_POINT('',(-0.65,4.95,2.07));
#4172=CARTESIAN_POINT('',(-2.225,4.95,2.07));
#4173=CARTESIAN_POINT('',(-0.45,4.95,1.87));
#4174=CARTESIAN_POINT('Origin',(-0.65,4.95,1.87));
#4175=CARTESIAN_POINT('',(-0.45,4.95,1.27));
#4176=CARTESIAN_POINT('',(-0.45,4.95,0.76));
#4177=CARTESIAN_POINT('',(-0.65,4.95,1.07));
#4178=CARTESIAN_POINT('Origin',(-0.65,4.95,1.27));
#4179=CARTESIAN_POINT('',(-2.25,4.95,1.07));
#4180=CARTESIAN_POINT('',(-3.025,4.95,1.07));
#4181=CARTESIAN_POINT('Origin',(-2.25,4.95,1.27));
#4182=CARTESIAN_POINT('Origin',(2.8,5.05,0.25));
#4183=CARTESIAN_POINT('',(2.8,5.05,0.75));
#4184=CARTESIAN_POINT('',(2.8,5.05,0.25));
#4185=CARTESIAN_POINT('',(2.8,4.92,0.75));
#4186=CARTESIAN_POINT('',(2.8,5.05,0.75));
#4187=CARTESIAN_POINT('',(2.8,4.92,0.25));
#4188=CARTESIAN_POINT('Origin',(2.5,5.05,0.25));
#4189=CARTESIAN_POINT('',(2.5,5.05,0.75));
#4190=CARTESIAN_POINT('',(2.5,5.05,0.25));
#4191=CARTESIAN_POINT('',(2.5,5.05,0.75));
#4192=CARTESIAN_POINT('Origin',(2.5,4.92,0.25));
#4193=CARTESIAN_POINT('',(2.5,4.95,0.25));
#4194=CARTESIAN_POINT('',(2.5,4.92,0.75));
#4195=CARTESIAN_POINT('',(2.5,4.92,0.25));
#4196=CARTESIAN_POINT('',(2.5,4.92,0.75));
#4197=CARTESIAN_POINT('Origin',(2.8,4.92,0.25));
#4198=CARTESIAN_POINT('',(2.8,4.92,0.75));
#4199=CARTESIAN_POINT('Origin',(2.65,4.985,0.75));
#4200=CARTESIAN_POINT('Origin',(-0.6753,4.6317,1.68));
#4201=CARTESIAN_POINT('',(-0.516412901719492,4.85,1.68));
#4202=CARTESIAN_POINT('',(-0.834187098280508,4.85,1.68));
#4203=CARTESIAN_POINT('',(-1.06265,4.85,1.68));
#4204=CARTESIAN_POINT('Origin',(-0.6753,4.6317,1.68));
#4205=CARTESIAN_POINT('Origin',(-0.6753,4.6317,0.83));
#4206=CARTESIAN_POINT('',(-0.516412901719492,4.85,1.13));
#4207=CARTESIAN_POINT('',(-0.834187098280508,4.85,1.13));
#4208=CARTESIAN_POINT('Origin',(-0.6753,4.6317,1.13));
#4209=CARTESIAN_POINT('',(-0.834187098280508,4.85,1.07));
#4210=CARTESIAN_POINT('',(-0.834187098280508,4.85,0.83));
#4211=CARTESIAN_POINT('',(-0.65,4.90051203470083,1.07));
#4212=CARTESIAN_POINT('Origin',(-0.6753,4.6317,1.07));
#4213=CARTESIAN_POINT('',(-0.516412901719492,4.85,1.12115616514953));
#4214=CARTESIAN_POINT('Ctrl Pts',(-0.65,4.90051203470083,1.07));
#4215=CARTESIAN_POINT('Ctrl Pts',(-0.622741402820389,4.89794651523139,1.07));
#4216=CARTESIAN_POINT('Ctrl Pts',(-0.594926022518919,4.89084662734261,1.07586011190056));
#4217=CARTESIAN_POINT('Ctrl Pts',(-0.549879759336003,4.87182323395299,1.09544407177193));
#4218=CARTESIAN_POINT('Ctrl Pts',(-0.531566833329493,4.86102961164019,1.10755553632029));
#4219=CARTESIAN_POINT('Ctrl Pts',(-0.516412901719492,4.85,1.12115616514953));
#4220=CARTESIAN_POINT('',(-0.516412901719492,4.85,0.83));
#4221=CARTESIAN_POINT('Origin',(-0.6753,4.6317,0.83));
#4222=CARTESIAN_POINT('',(-0.516412901719492,4.85,1.48));
#4223=CARTESIAN_POINT('',(-0.516412901719492,4.85,0.83));
#4224=CARTESIAN_POINT('',(-0.834187098280508,4.85,1.48));
#4225=CARTESIAN_POINT('',(-0.834187098280508,4.85,0.83));
#4226=CARTESIAN_POINT('Origin',(-0.6753,4.6317,1.48));
#4227=CARTESIAN_POINT('Origin',(-2.1993,4.6317,1.68));
#4228=CARTESIAN_POINT('',(-2.04041290171949,4.85,1.68));
#4229=CARTESIAN_POINT('',(-2.35818709828051,4.85,1.68));
#4230=CARTESIAN_POINT('',(-1.82465,4.85,1.68));
#4231=CARTESIAN_POINT('Origin',(-2.1993,4.6317,1.68));
#4232=CARTESIAN_POINT('Origin',(-2.1993,4.6317,0.83));
#4233=CARTESIAN_POINT('',(-2.04041290171949,4.85,1.13));
#4234=CARTESIAN_POINT('',(-2.35818709828051,4.85,1.13));
#4235=CARTESIAN_POINT('Origin',(-2.1993,4.6317,1.13));
#4236=CARTESIAN_POINT('',(-2.35818709828051,4.85,1.10178718311126));
#4237=CARTESIAN_POINT('',(-2.35818709828051,4.85,0.83));
#4238=CARTESIAN_POINT('',(-2.25,4.89689711536893,1.07));
#4239=CARTESIAN_POINT('Ctrl Pts',(-2.35818709828051,4.85,1.10178718311126));
#4240=CARTESIAN_POINT('Ctrl Pts',(-2.35003824108665,4.85593105026951,1.09654619594743));
#4241=CARTESIAN_POINT('Ctrl Pts',(-2.34131541914106,4.86157615183718,1.0917779949219));
#4242=CARTESIAN_POINT('Ctrl Pts',(-2.30721345981258,4.88084539643866,1.07642035297845));
#4243=CARTESIAN_POINT('Ctrl Pts',(-2.27864661726068,4.89142049661651,1.07));
#4244=CARTESIAN_POINT('Ctrl Pts',(-2.25,4.89689711536893,1.07));
#4245=CARTESIAN_POINT('',(-2.04041290171949,4.85,1.07));
#4246=CARTESIAN_POINT('Origin',(-2.1993,4.6317,1.07));
#4247=CARTESIAN_POINT('',(-2.04041290171949,4.85,0.83));
#4248=CARTESIAN_POINT('Origin',(-2.1993,4.6317,0.83));
#4249=CARTESIAN_POINT('',(-2.04041290171949,4.85,1.48));
#4250=CARTESIAN_POINT('',(-2.04041290171949,4.85,0.83));
#4251=CARTESIAN_POINT('',(-2.35818709828051,4.85,1.48));
#4252=CARTESIAN_POINT('',(-2.35818709828051,4.85,0.83));
#4253=CARTESIAN_POINT('Origin',(-2.1993,4.6317,1.48));
#4254=CARTESIAN_POINT('Origin',(-0.65,4.85,1.27));
#4255=CARTESIAN_POINT('',(-0.65,4.85,1.07));
#4256=CARTESIAN_POINT('',(-0.45,4.9057,1.27));
#4257=CARTESIAN_POINT('',(-0.45,4.85,1.27));
#4258=CARTESIAN_POINT('',(-0.507171431429143,4.9057,1.13));
#4259=CARTESIAN_POINT('Origin',(-0.65,4.9057,1.27));
#4260=CARTESIAN_POINT('',(-0.507171431429143,4.85,1.13));
#4261=CARTESIAN_POINT('',(-0.507171431429143,4.85,1.13));
#4262=CARTESIAN_POINT('Origin',(-0.65,4.85,1.27));
#4263=CARTESIAN_POINT('Origin',(-1.45,4.85,1.57));
#4264=CARTESIAN_POINT('',(-0.45,4.85,1.48));
#4265=CARTESIAN_POINT('',(-1.45,4.85,1.48));
#4266=CARTESIAN_POINT('',(-0.45,4.85,1.87));
#4267=CARTESIAN_POINT('',(-0.45,4.85,1.87));
#4268=CARTESIAN_POINT('',(-0.65,4.85,2.07));
#4269=CARTESIAN_POINT('Origin',(-0.65,4.85,1.87));
#4270=CARTESIAN_POINT('',(-2.25,4.85,2.07));
#4271=CARTESIAN_POINT('',(-2.25,4.85,2.07));
#4272=CARTESIAN_POINT('',(-2.45,4.85,1.87));
#4273=CARTESIAN_POINT('Origin',(-2.25,4.85,1.87));
#4274=CARTESIAN_POINT('',(-2.45,4.85,1.48));
#4275=CARTESIAN_POINT('',(-2.45,4.85,1.27));
#4276=CARTESIAN_POINT('',(-1.45,4.85,1.48));
#4277=CARTESIAN_POINT('',(-1.957,4.85,1.48));
#4278=CARTESIAN_POINT('',(-1.45,4.85,1.48));
#4279=CARTESIAN_POINT('',(-1.957,4.85,1.73));
#4280=CARTESIAN_POINT('',(-1.957,4.85,1.65));
#4281=CARTESIAN_POINT('',(-1.917,4.85,1.77));
#4282=CARTESIAN_POINT('Origin',(-1.917,4.85,1.73));
#4283=CARTESIAN_POINT('',(-0.983,4.85,1.77));
#4284=CARTESIAN_POINT('',(-1.2165,4.85,1.77));
#4285=CARTESIAN_POINT('',(-0.943,4.85,1.73));
#4286=CARTESIAN_POINT('Origin',(-0.983,4.85,1.73));
#4287=CARTESIAN_POINT('',(-0.943,4.85,1.48));
#4288=CARTESIAN_POINT('',(-0.943,4.85,1.455));
#4289=CARTESIAN_POINT('',(-1.45,4.85,1.48));
#4290=CARTESIAN_POINT('Origin',(-1.45,4.85,1.57));
#4291=CARTESIAN_POINT('',(-1.45,4.85,1.13));
#4292=CARTESIAN_POINT('Origin',(-1.45,4.85,1.57));
#4293=CARTESIAN_POINT('',(-2.39282856857086,4.85,1.13));
#4294=CARTESIAN_POINT('',(-1.45,4.85,1.13));
#4295=CARTESIAN_POINT('Origin',(-2.25,4.85,1.27));
#4296=CARTESIAN_POINT('Origin',(-1.45,4.87685,1.48));
#4297=CARTESIAN_POINT('',(-2.45,4.9057,1.48));
#4298=CARTESIAN_POINT('',(-2.45,4.863425,1.48));
#4299=CARTESIAN_POINT('',(-1.957,4.9057,1.48));
#4300=CARTESIAN_POINT('',(-2.486,4.9057,1.48));
#4301=CARTESIAN_POINT('',(-1.957,4.788425,1.48));
#4302=CARTESIAN_POINT('Origin',(-2.486,4.9057,1.13));
#4303=CARTESIAN_POINT('',(-0.943,4.9057,1.48));
#4304=CARTESIAN_POINT('',(-0.943,4.9057,1.34));
#4305=CARTESIAN_POINT('',(-0.943,4.9057,1.235));
#4306=CARTESIAN_POINT('',(-0.983,4.9057,1.3));
#4307=CARTESIAN_POINT('Origin',(-0.983,4.9057,1.34));
#4308=CARTESIAN_POINT('',(-1.917,4.9057,1.3));
#4309=CARTESIAN_POINT('',(-2.2015,4.9057,1.3));
#4310=CARTESIAN_POINT('',(-1.957,4.9057,1.34));
#4311=CARTESIAN_POINT('Origin',(-1.917,4.9057,1.34));
#4312=CARTESIAN_POINT('',(-1.957,4.9057,1.43));
#4313=CARTESIAN_POINT('',(-2.45,4.9057,1.27));
#4314=CARTESIAN_POINT('',(-2.45,4.9057,1.5));
#4315=CARTESIAN_POINT('',(-2.39282856857086,4.9057,1.13));
#4316=CARTESIAN_POINT('Origin',(-2.25,4.9057,1.27));
#4317=CARTESIAN_POINT('',(-2.486,4.9057,1.13));
#4318=CARTESIAN_POINT('',(-0.45,4.9057,1.48));
#4319=CARTESIAN_POINT('',(-0.45,4.9057,1.2));
#4320=CARTESIAN_POINT('',(-2.486,4.9057,1.48));
#4321=CARTESIAN_POINT('Origin',(-1.45,4.87685,1.48));
#4322=CARTESIAN_POINT('',(-0.943,4.788425,1.48));
#4323=CARTESIAN_POINT('',(-0.45,4.863425,1.48));
#4324=CARTESIAN_POINT('Origin',(-1.45,4.87685,1.13));
#4325=CARTESIAN_POINT('',(-2.39282856857086,4.85,1.13));
#4326=CARTESIAN_POINT('',(-1.45,4.85,1.13));
#4327=CARTESIAN_POINT('Origin',(-0.983,4.7,1.34));
#4328=CARTESIAN_POINT('',(-0.943,5.,1.34));
#4329=CARTESIAN_POINT('',(-0.943,4.7,1.34));
#4330=CARTESIAN_POINT('',(-0.983,5.,1.3));
#4331=CARTESIAN_POINT('Origin',(-0.983,5.,1.34));
#4332=CARTESIAN_POINT('',(-0.983,4.7,1.3));
#4333=CARTESIAN_POINT('Origin',(-1.917,4.7,1.3));
#4334=CARTESIAN_POINT('',(-1.917,5.,1.3));
#4335=CARTESIAN_POINT('',(-1.6835,5.,1.3));
#4336=CARTESIAN_POINT('',(-1.917,4.7,1.3));
#4337=CARTESIAN_POINT('Origin',(-1.917,4.7,1.34));
#4338=CARTESIAN_POINT('',(-1.957,5.,1.34));
#4339=CARTESIAN_POINT('Origin',(-1.917,5.,1.34));
#4340=CARTESIAN_POINT('',(-1.957,4.7,1.34));
#4341=CARTESIAN_POINT('Origin',(-1.957,4.7,1.73));
#4342=CARTESIAN_POINT('',(-1.957,5.,1.73));
#4343=CARTESIAN_POINT('',(-1.957,5.,1.65));
#4344=CARTESIAN_POINT('',(-1.957,4.7,1.73));
#4345=CARTESIAN_POINT('Origin',(-1.45,4.85,1.57));
#4346=CARTESIAN_POINT('',(-0.65,4.85,1.07));
#4347=CARTESIAN_POINT('Origin',(-2.45,4.85,1.87));
#4348=CARTESIAN_POINT('',(-2.45,4.85,1.87));
#4349=CARTESIAN_POINT('',(-2.45,4.85,1.27));
#4350=CARTESIAN_POINT('Origin',(-3.05,5.1,0.7));
#4351=CARTESIAN_POINT('',(0.85,5.1,0.99));
#4352=CARTESIAN_POINT('',(0.85,5.1,0.88));
#4353=CARTESIAN_POINT('',(0.85,5.1,0.79));
#4354=CARTESIAN_POINT('',(0.83,5.1,0.86));
#4355=CARTESIAN_POINT('Origin',(0.83,5.1,0.88));
#4356=CARTESIAN_POINT('',(-0.13,5.1,0.86));
#4357=CARTESIAN_POINT('',(-1.59,5.1,0.86));
#4358=CARTESIAN_POINT('',(-0.15,5.1,0.88));
#4359=CARTESIAN_POINT('Origin',(-0.13,5.1,0.88));
#4360=CARTESIAN_POINT('',(-0.15,5.1,0.99));
#4361=CARTESIAN_POINT('',(-0.15,5.1,1.375));
#4362=CARTESIAN_POINT('',(-3.05,5.1,0.99));
#4363=CARTESIAN_POINT('',(-3.05,5.1,0.99));
#4364=CARTESIAN_POINT('',(-3.05,5.1,0.7));
#4365=CARTESIAN_POINT('',(3.05,5.1,0.99));
#4366=CARTESIAN_POINT('',(3.05,5.1,0.7));
#4367=CARTESIAN_POINT('',(2.8875,5.1,0.99));
#4368=CARTESIAN_POINT('',(-3.05,5.1,0.99));
#4369=CARTESIAN_POINT('',(2.8875,5.1,0.88));
#4370=CARTESIAN_POINT('',(2.8875,5.1,0.79));
#4371=CARTESIAN_POINT('',(2.8675,5.1,0.86));
#4372=CARTESIAN_POINT('Origin',(2.8675,5.1,0.88));
#4373=CARTESIAN_POINT('',(1.2325,5.1,0.86));
#4374=CARTESIAN_POINT('',(-0.90875,5.1,0.86));
#4375=CARTESIAN_POINT('',(1.2125,5.1,0.88));
#4376=CARTESIAN_POINT('Origin',(1.2325,5.1,0.88));
#4377=CARTESIAN_POINT('',(1.2125,5.1,0.99));
#4378=CARTESIAN_POINT('',(1.2125,5.1,1.4955));
#4379=CARTESIAN_POINT('',(-3.05,5.1,0.99));
#4380=CARTESIAN_POINT('Origin',(0.,5.024,0.99));
#4381=CARTESIAN_POINT('',(-0.15,4.862,0.99));
#4382=CARTESIAN_POINT('',(-3.05,4.948,0.99));
#4383=CARTESIAN_POINT('Origin',(0.,5.024,0.99));
#4384=CARTESIAN_POINT('',(2.8875,4.862,0.99));
#4385=CARTESIAN_POINT('',(3.05,5.1,0.99));
#4386=CARTESIAN_POINT('Origin',(-3.05,4.948,0.7));
#4387=CARTESIAN_POINT('Origin',(3.05,5.1,0.7));
#4388=CARTESIAN_POINT('Origin',(0.,5.024,0.99));
#4389=CARTESIAN_POINT('',(0.85,4.862,0.99));
#4390=CARTESIAN_POINT('',(1.2125,4.862,0.99));
#4391=CARTESIAN_POINT('Origin',(0.85,4.7,0.88));
#4392=CARTESIAN_POINT('',(0.85,5.2,2.05));
#4393=CARTESIAN_POINT('',(0.85,4.7,2.05));
#4394=CARTESIAN_POINT('',(0.85,5.2,0.88));
#4395=CARTESIAN_POINT('',(0.85,5.2,0.44));
#4396=CARTESIAN_POINT('',(0.85,4.7,0.88));
#4397=CARTESIAN_POINT('Origin',(0.83,4.7,0.88));
#4398=CARTESIAN_POINT('',(0.83,5.2,0.86));
#4399=CARTESIAN_POINT('Origin',(0.83,5.2,0.88));
#4400=CARTESIAN_POINT('',(0.83,4.7,0.86));
#4401=CARTESIAN_POINT('Origin',(-0.13,4.7,0.86));
#4402=CARTESIAN_POINT('',(-0.13,5.2,0.86));
#4403=CARTESIAN_POINT('',(-1.965,5.2,0.86));
#4404=CARTESIAN_POINT('',(-0.13,4.7,0.86));
#4405=CARTESIAN_POINT('Origin',(-0.13,4.7,0.88));
#4406=CARTESIAN_POINT('',(-0.15,5.2,0.88));
#4407=CARTESIAN_POINT('Origin',(-0.13,5.2,0.88));
#4408=CARTESIAN_POINT('',(-0.15,4.7,0.88));
#4409=CARTESIAN_POINT('Origin',(-0.15,4.7,2.05));
#4410=CARTESIAN_POINT('',(-0.15,5.2,2.05));
#4411=CARTESIAN_POINT('',(-0.15,5.2,1.025));
#4412=CARTESIAN_POINT('',(-0.15,4.7,2.05));
#4413=CARTESIAN_POINT('Origin',(-0.45,5.,1.27));
#4414=CARTESIAN_POINT('',(-0.45,5.2,1.87));
#4415=CARTESIAN_POINT('',(-0.45,5.2,1.27));
#4416=CARTESIAN_POINT('',(-0.45,5.2,0.635));
#4417=CARTESIAN_POINT('',(-0.45,5.,1.27));
#4418=CARTESIAN_POINT('',(-0.45,5.,1.27));
#4419=CARTESIAN_POINT('',(-0.45,5.,1.87));
#4420=CARTESIAN_POINT('',(-0.45,5.,1.87));
#4421=CARTESIAN_POINT('',(-0.45,5.,1.87));
#4422=CARTESIAN_POINT('Origin',(-0.65,5.,1.27));
#4423=CARTESIAN_POINT('',(-0.65,5.2,1.07));
#4424=CARTESIAN_POINT('Origin',(-0.65,5.2,1.27));
#4425=CARTESIAN_POINT('',(-0.65,5.,1.07));
#4426=CARTESIAN_POINT('',(-0.65,5.,1.07));
#4427=CARTESIAN_POINT('Origin',(-0.65,5.,1.27));
#4428=CARTESIAN_POINT('Origin',(-2.25,5.,1.07));
#4429=CARTESIAN_POINT('',(-2.25,5.2,1.07));
#4430=CARTESIAN_POINT('',(-3.025,5.2,1.07));
#4431=CARTESIAN_POINT('',(-2.25,5.,1.07));
#4432=CARTESIAN_POINT('',(-2.25,5.,1.07));
#4433=CARTESIAN_POINT('',(-0.65,5.,1.07));
#4434=CARTESIAN_POINT('Origin',(-2.25,5.,1.27));
#4435=CARTESIAN_POINT('',(-2.45,5.2,1.27));
#4436=CARTESIAN_POINT('Origin',(-2.25,5.2,1.27));
#4437=CARTESIAN_POINT('',(-2.45,5.,1.27));
#4438=CARTESIAN_POINT('',(-2.45,5.,1.27));
#4439=CARTESIAN_POINT('Origin',(-2.25,5.,1.27));
#4440=CARTESIAN_POINT('Origin',(-2.45,5.,1.87));
#4441=CARTESIAN_POINT('',(-2.45,5.2,1.87));
#4442=CARTESIAN_POINT('',(-2.45,5.2,0.935));
#4443=CARTESIAN_POINT('',(-2.45,5.,1.87));
#4444=CARTESIAN_POINT('',(-2.45,5.,1.87));
#4445=CARTESIAN_POINT('',(-2.45,5.,1.27));
#4446=CARTESIAN_POINT('Origin',(-2.25,5.,1.87));
#4447=CARTESIAN_POINT('',(-2.25,5.2,2.07));
#4448=CARTESIAN_POINT('Origin',(-2.25,5.2,1.87));
#4449=CARTESIAN_POINT('',(-2.25,5.,2.07));
#4450=CARTESIAN_POINT('',(-2.25,5.,2.07));
#4451=CARTESIAN_POINT('Origin',(-2.25,5.,1.87));
#4452=CARTESIAN_POINT('Origin',(-0.65,5.,2.07));
#4453=CARTESIAN_POINT('',(-0.65,5.2,2.07));
#4454=CARTESIAN_POINT('',(-2.225,5.2,2.07));
#4455=CARTESIAN_POINT('',(-0.65,5.,2.07));
#4456=CARTESIAN_POINT('',(-0.65,5.,2.07));
#4457=CARTESIAN_POINT('',(-2.25,5.,2.07));
#4458=CARTESIAN_POINT('Origin',(-0.65,5.,1.87));
#4459=CARTESIAN_POINT('Origin',(-0.65,5.2,1.87));
#4460=CARTESIAN_POINT('Origin',(-0.65,5.,1.87));
#4461=CARTESIAN_POINT('Origin',(-1.45,5.,1.57));
#4462=CARTESIAN_POINT('',(-0.943,5.,1.73));
#4463=CARTESIAN_POINT('',(-0.943,5.,1.455));
#4464=CARTESIAN_POINT('',(-0.983,5.,1.77));
#4465=CARTESIAN_POINT('Origin',(-0.983,5.,1.73));
#4466=CARTESIAN_POINT('',(-1.917,5.,1.77));
#4467=CARTESIAN_POINT('',(-1.2165,5.,1.77));
#4468=CARTESIAN_POINT('Origin',(-1.917,5.,1.73));
#4469=CARTESIAN_POINT('Origin',(-0.943,4.7,1.34));
#4470=CARTESIAN_POINT('',(-0.943,4.7,1.73));
#4471=CARTESIAN_POINT('Origin',(-0.983,4.7,1.73));
#4472=CARTESIAN_POINT('',(-0.983,4.7,1.77));
#4473=CARTESIAN_POINT('Origin',(-0.983,4.7,1.77));
#4474=CARTESIAN_POINT('',(-1.917,4.7,1.77));
#4475=CARTESIAN_POINT('Origin',(-1.917,4.7,1.73));
#4476=CARTESIAN_POINT('Origin',(0.83,4.7,2.05));
#4477=CARTESIAN_POINT('',(0.83,5.2,2.07));
#4478=CARTESIAN_POINT('',(0.83,4.7,2.07));
#4479=CARTESIAN_POINT('Origin',(0.83,5.2,2.05));
#4480=CARTESIAN_POINT('Origin',(0.83,4.7,2.07));
#4481=CARTESIAN_POINT('',(-0.13,5.2,2.07));
#4482=CARTESIAN_POINT('',(-0.13,4.7,2.07));
#4483=CARTESIAN_POINT('',(-1.485,5.2,2.07));
#4484=CARTESIAN_POINT('Origin',(-0.13,4.7,2.05));
#4485=CARTESIAN_POINT('Origin',(-0.13,5.2,2.05));
#4486=CARTESIAN_POINT('Origin',(2.8875,4.7,0.88));
#4487=CARTESIAN_POINT('',(2.8875,5.2,2.291));
#4488=CARTESIAN_POINT('',(2.8875,4.7,2.291));
#4489=CARTESIAN_POINT('',(2.8875,5.2,0.88));
#4490=CARTESIAN_POINT('',(2.8875,5.2,0.44));
#4491=CARTESIAN_POINT('',(2.8875,4.7,0.88));
#4492=CARTESIAN_POINT('Origin',(2.8675,4.7,2.291));
#4493=CARTESIAN_POINT('',(2.8675,5.2,2.311));
#4494=CARTESIAN_POINT('',(2.8675,4.7,2.311));
#4495=CARTESIAN_POINT('Origin',(2.8675,5.2,2.291));
#4496=CARTESIAN_POINT('Origin',(2.8675,4.7,2.311));
#4497=CARTESIAN_POINT('',(1.2325,5.2,2.311));
#4498=CARTESIAN_POINT('',(1.2325,4.7,2.311));
#4499=CARTESIAN_POINT('',(-0.46625,5.2,2.311));
#4500=CARTESIAN_POINT('Origin',(1.2325,4.7,2.291));
#4501=CARTESIAN_POINT('',(1.2125,5.2,2.291));
#4502=CARTESIAN_POINT('',(1.2125,4.7,2.291));
#4503=CARTESIAN_POINT('Origin',(1.2325,5.2,2.291));
#4504=CARTESIAN_POINT('Origin',(1.2125,4.7,2.291));
#4505=CARTESIAN_POINT('',(1.2125,5.2,0.88));
#4506=CARTESIAN_POINT('',(1.2125,4.7,0.88));
#4507=CARTESIAN_POINT('',(1.2125,5.2,1.1455));
#4508=CARTESIAN_POINT('Origin',(2.8675,4.7,0.88));
#4509=CARTESIAN_POINT('',(2.8675,5.2,0.86));
#4510=CARTESIAN_POINT('Origin',(2.8675,5.2,0.88));
#4511=CARTESIAN_POINT('',(2.8675,4.7,0.86));
#4512=CARTESIAN_POINT('Origin',(1.2325,4.7,0.86));
#4513=CARTESIAN_POINT('',(1.2325,5.2,0.86));
#4514=CARTESIAN_POINT('',(-1.28375,5.2,0.86));
#4515=CARTESIAN_POINT('',(1.2325,4.7,0.86));
#4516=CARTESIAN_POINT('Origin',(1.2325,4.7,0.88));
#4517=CARTESIAN_POINT('Origin',(1.2325,5.2,0.88));
#4518=CARTESIAN_POINT('Origin',(-3.8,-2.8,2.26));
#4519=CARTESIAN_POINT('',(-3.6,-2.8,2.26));
#4520=CARTESIAN_POINT('Origin',(-3.8,-2.8,2.26));
#4521=CARTESIAN_POINT('',(-3.6,-2.8,2.26));
#4522=CARTESIAN_POINT('Origin',(-3.8,-2.8,2.26));
#4523=CARTESIAN_POINT('Origin',(3.8,2.8,2.26));
#4524=CARTESIAN_POINT('',(4.,2.8,2.26));
#4525=CARTESIAN_POINT('Origin',(3.8,2.8,2.26));
#4526=CARTESIAN_POINT('',(4.,2.8,2.26));
#4527=CARTESIAN_POINT('Origin',(3.8,2.8,2.26));
#4528=CARTESIAN_POINT('Origin',(3.8,-2.8,2.26));
#4529=CARTESIAN_POINT('',(4.,-2.8,2.26));
#4530=CARTESIAN_POINT('Origin',(3.8,-2.8,2.26));
#4531=CARTESIAN_POINT('',(4.,-2.8,2.26));
#4532=CARTESIAN_POINT('Origin',(3.8,-2.8,2.26));
#4533=CARTESIAN_POINT('Origin',(-3.8,2.8,2.26));
#4534=CARTESIAN_POINT('',(-3.6,2.8,2.26));
#4535=CARTESIAN_POINT('Origin',(-3.8,2.8,2.26));
#4536=CARTESIAN_POINT('',(-3.6,2.8,2.26));
#4537=CARTESIAN_POINT('Origin',(-3.8,2.8,2.26));
#4538=CARTESIAN_POINT('Origin',(-2.55,-3.7,0.25));
#4539=CARTESIAN_POINT('',(-2.35,-3.7,0.25));
#4540=CARTESIAN_POINT('Origin',(-2.55,-3.7,0.25));
#4541=CARTESIAN_POINT('',(-2.35,-3.7,0.75));
#4542=CARTESIAN_POINT('',(-2.35,-3.7,0.25));
#4543=CARTESIAN_POINT('Origin',(-2.55,-3.7,0.75));
#4544=CARTESIAN_POINT('Origin',(-2.55,-3.7,0.25));
#4545=CARTESIAN_POINT('Origin',(2.55,2.1,0.25));
#4546=CARTESIAN_POINT('',(2.75,2.1,0.25));
#4547=CARTESIAN_POINT('Origin',(2.55,2.1,0.25));
#4548=CARTESIAN_POINT('',(2.75,2.1,0.75));
#4549=CARTESIAN_POINT('',(2.75,2.1,0.25));
#4550=CARTESIAN_POINT('Origin',(2.55,2.1,0.75));
#4551=CARTESIAN_POINT('Origin',(2.55,2.1,0.25));
#4552=CARTESIAN_POINT('Origin',(2.55,-3.7,0.25));
#4553=CARTESIAN_POINT('',(2.75,-3.7,0.25));
#4554=CARTESIAN_POINT('Origin',(2.55,-3.7,0.25));
#4555=CARTESIAN_POINT('',(2.75,-3.7,0.75));
#4556=CARTESIAN_POINT('',(2.75,-3.7,0.25));
#4557=CARTESIAN_POINT('Origin',(2.55,-3.7,0.75));
#4558=CARTESIAN_POINT('Origin',(2.55,-3.7,0.25));
#4559=CARTESIAN_POINT('Origin',(-2.55,2.1,0.25));
#4560=CARTESIAN_POINT('',(-2.35,2.1,0.25));
#4561=CARTESIAN_POINT('Origin',(-2.55,2.1,0.25));
#4562=CARTESIAN_POINT('',(-2.35,2.1,0.75));
#4563=CARTESIAN_POINT('',(-2.35,2.1,0.25));
#4564=CARTESIAN_POINT('Origin',(-2.55,2.1,0.75));
#4565=CARTESIAN_POINT('Origin',(-2.55,2.1,0.25));
#4566=CARTESIAN_POINT('Origin',(-2.25,4.85,1.07));
#4567=CARTESIAN_POINT('',(-2.25,4.85,1.07));
#4568=CARTESIAN_POINT('Origin',(-2.25,4.85,1.27));
#4569=CARTESIAN_POINT('Origin',(-2.25,4.85,1.87));
#4570=CARTESIAN_POINT('',(-2.25,4.85,2.07));
#4571=CARTESIAN_POINT('Origin',(-0.65,4.85,2.07));
#4572=CARTESIAN_POINT('',(-0.65,4.85,2.07));
#4573=CARTESIAN_POINT('Origin',(-0.65,4.85,1.87));
#4574=CARTESIAN_POINT('',(-0.45,4.85,1.87));
#4575=CARTESIAN_POINT('Origin',(-0.45,4.85,1.27));
#4576=CARTESIAN_POINT('Origin',(-3.8,2.8,0.25));
#4577=CARTESIAN_POINT('',(-4.05,2.42583426132261,0.25));
#4578=CARTESIAN_POINT('',(-4.05,3.17416573867739,0.25));
#4579=CARTESIAN_POINT('Origin',(-4.05,-4.7,0.25));
#4580=CARTESIAN_POINT('',(-4.05,4.7,0.25));
#4581=CARTESIAN_POINT('Origin',(3.8,-2.8,0.25));
#4582=CARTESIAN_POINT('',(4.05,-2.42583426132261,0.25));
#4583=CARTESIAN_POINT('',(4.05,-3.17416573867739,0.25));
#4584=CARTESIAN_POINT('Origin',(4.05,4.7,0.25));
#4585=CARTESIAN_POINT('Origin',(4.05,4.7,0.25));
#4586=CARTESIAN_POINT('',(4.05,2.42583426132261,0.25));
#4587=CARTESIAN_POINT('Origin',(3.8,2.8,0.25));
#4588=CARTESIAN_POINT('',(4.05,3.17416573867739,0.25));
#4589=CARTESIAN_POINT('Origin',(4.05,4.7,0.25));
#4590=CARTESIAN_POINT('',(4.05,4.7,0.25));
#4591=CARTESIAN_POINT('Origin',(-3.8,-2.8,0.25));
#4592=CARTESIAN_POINT('',(-4.05,-2.42583426132261,0.25));
#4593=CARTESIAN_POINT('',(-4.05,-3.17416573867739,0.25));
#4594=CARTESIAN_POINT('Origin',(-4.05,-4.7,0.25));
#4595=CARTESIAN_POINT('',(-4.05,-4.7,0.25));
#4596=CARTESIAN_POINT('Origin',(-4.05,-4.7,0.25));
#4597=CARTESIAN_POINT('Origin',(-2.55,2.1,0.25));
#4598=CARTESIAN_POINT('',(-2.1,2.1,0.75));
#4599=CARTESIAN_POINT('Origin',(-2.55,2.1,0.75));
#4600=CARTESIAN_POINT('',(-2.1,2.1,0.25));
#4601=CARTESIAN_POINT('Origin',(-2.55,2.1,0.75));
#4602=CARTESIAN_POINT('Origin',(2.55,-3.7,0.25));
#4603=CARTESIAN_POINT('',(3.,-3.7,0.75));
#4604=CARTESIAN_POINT('Origin',(2.55,-3.7,0.75));
#4605=CARTESIAN_POINT('',(3.,-3.7,0.25));
#4606=CARTESIAN_POINT('Origin',(2.55,-3.7,0.75));
#4607=CARTESIAN_POINT('Origin',(2.55,2.1,0.25));
#4608=CARTESIAN_POINT('',(3.,2.1,0.75));
#4609=CARTESIAN_POINT('Origin',(2.55,2.1,0.75));
#4610=CARTESIAN_POINT('',(3.,2.1,0.25));
#4611=CARTESIAN_POINT('Origin',(2.55,2.1,0.75));
#4612=CARTESIAN_POINT('Origin',(-2.55,-3.7,0.25));
#4613=CARTESIAN_POINT('',(-2.1,-3.7,0.75));
#4614=CARTESIAN_POINT('Origin',(-2.55,-3.7,0.75));
#4615=CARTESIAN_POINT('',(-2.1,-3.7,0.25));
#4616=CARTESIAN_POINT('Origin',(-2.55,-3.7,0.75));
#4617=CARTESIAN_POINT('Origin',(-3.8,-4.7,0.25));
#4618=CARTESIAN_POINT('Origin',(3.8,4.7,0.25));
#4619=CARTESIAN_POINT('Origin',(-3.8,4.95,0.25));
#4620=CARTESIAN_POINT('Origin',(-3.8,4.7,0.25));
#4621=CARTESIAN_POINT('Origin',(4.3,4.7,0.));
#4622=CARTESIAN_POINT('',(4.3,4.7,0.));
#4623=CARTESIAN_POINT('',(4.3,-4.7,0.));
#4624=CARTESIAN_POINT('Origin',(3.8,4.7,0.));
#4625=CARTESIAN_POINT('',(3.8,5.2,0.));
#4626=CARTESIAN_POINT('Origin',(-3.8,5.2,0.));
#4627=CARTESIAN_POINT('',(-3.8,5.2,0.));
#4628=CARTESIAN_POINT('Origin',(-3.8,4.7,0.));
#4629=CARTESIAN_POINT('',(-4.3,4.7,0.));
#4630=CARTESIAN_POINT('Origin',(-4.3,-4.7,0.));
#4631=CARTESIAN_POINT('Origin',(3.8,-4.7,0.));
#4632=UNCERTAINTY_MEASURE_WITH_UNIT(LENGTH_MEASURE(0.001),#4636,
'DISTANCE_ACCURACY_VALUE',
'Maximum model space distance between geometric entities at asserted c
onnectivities');
#4633=UNCERTAINTY_MEASURE_WITH_UNIT(LENGTH_MEASURE(0.001),#4636,
'DISTANCE_ACCURACY_VALUE',
'Maximum model space distance between geometric entities at asserted c
onnectivities');
#4634=(
GEOMETRIC_REPRESENTATION_CONTEXT(3)
GLOBAL_UNCERTAINTY_ASSIGNED_CONTEXT((#4632))
GLOBAL_UNIT_ASSIGNED_CONTEXT((#4636,#4638,#4639))
REPRESENTATION_CONTEXT('','3D')
);
#4635=(
GEOMETRIC_REPRESENTATION_CONTEXT(3)
GLOBAL_UNCERTAINTY_ASSIGNED_CONTEXT((#4633))
GLOBAL_UNIT_ASSIGNED_CONTEXT((#4636,#4638,#4639))
REPRESENTATION_CONTEXT('','3D')
);
#4636=(
LENGTH_UNIT()
NAMED_UNIT(*)
SI_UNIT(.CENTI.,.METRE.)
);
#4637=(
LENGTH_UNIT()
NAMED_UNIT(*)
SI_UNIT($,.METRE.)
);
#4638=(
NAMED_UNIT(*)
PLANE_ANGLE_UNIT()
SI_UNIT($,.RADIAN.)
);
#4639=(
NAMED_UNIT(*)
SI_UNIT($,.STERADIAN.)
SOLID_ANGLE_UNIT()
);
#4640=SHAPE_DEFINITION_REPRESENTATION(#4641,#4642);
#4641=PRODUCT_DEFINITION_SHAPE('',$,#4644);
#4642=SHAPE_REPRESENTATION('',(#2784),#4634);
#4643=PRODUCT_DEFINITION_CONTEXT('part definition',#4648,'design');
#4644=PRODUCT_DEFINITION('01 Bottom shell - open probe guides',
'01 Bottom shell - open probe guides',#4645,#4643);
#4645=PRODUCT_DEFINITION_FORMATION('',$,#4650);
#4646=PRODUCT_RELATED_PRODUCT_CATEGORY(
'01 Bottom shell - open probe guides',
'01 Bottom shell - open probe guides',(#4650));
#4647=APPLICATION_PROTOCOL_DEFINITION('international standard',
'automotive_design',2009,#4648);
#4648=APPLICATION_CONTEXT(
'Core Data for Automotive Mechanical Design Process');
#4649=PRODUCT_CONTEXT('part definition',#4648,'mechanical');
#4650=PRODUCT('01 Bottom shell - open probe guides',
'01 Bottom shell - open probe guides',$,(#4649));
#4651=PRESENTATION_STYLE_ASSIGNMENT((#4653));
#4652=PRESENTATION_STYLE_ASSIGNMENT((#4654));
#4653=SURFACE_STYLE_USAGE(.BOTH.,#4655);
#4654=SURFACE_STYLE_USAGE(.BOTH.,#4656);
#4655=SURFACE_SIDE_STYLE('',(#4657));
#4656=SURFACE_SIDE_STYLE('',(#4658));
#4657=SURFACE_STYLE_FILL_AREA(#4659);
#4658=SURFACE_STYLE_FILL_AREA(#4660);
#4659=FILL_AREA_STYLE('Steel - Satin',(#4661));
#4660=FILL_AREA_STYLE('Case bottom slate',(#4662));
#4661=FILL_AREA_STYLE_COLOUR('Steel - Satin',#4663);
#4662=FILL_AREA_STYLE_COLOUR('Case bottom slate',#4664);
#4663=COLOUR_RGB('Steel - Satin',0.627450980392157,0.627450980392157,0.627450980392157);
#4664=COLOUR_RGB('Case bottom slate',0.282352941176471,0.356862745098039,
0.415686274509804);
ENDSEC;
END-ISO-10303-21;
