solid OpenSCAD_Model
  facet normal -0.6494480504681518 -0.7604059637740336 0
    outer loop
      vertex -31.633883476257324 -47.633883476257324 4.5
      vertex -31.484731562435627 -47.76127124577761 4.5
      vertex -31.633883476257324 -47.633883476257324 10.5
    endloop
  endfacet
  facet normal -0.5224985612198371 -0.8526401664965123 0
    outer loop
      vertex -31.484731562435627 -47.76127124577761 4.5
      vertex -31.317488126456738 -47.86375815421343 4.5
      vertex -31.484731562435627 -47.76127124577761 10.5
    endloop
  endfacet
  facet normal -0.3826834379849687 -0.9238795301834567 0
    outer loop
      vertex -31.317488126456738 -47.86375815421343 4.5
      vertex -31.136271245777607 -47.93882064521313 4.5
      vertex -31.317488126456738 -47.86375815421343 10.5
    endloop
  endfacet
  facet normal -0.23344534943096973 -0.9723699238607971 0
    outer loop
      vertex -31.136271245777607 -47.93882064521313 4.5
      vertex -30.945543080568314 -47.9846104234457 4.5
      vertex -31.136271245777607 -47.93882064521313 10.5
    endloop
  endfacet
  facet normal -0.07845910766438918 -0.9969173327937015 0
    outer loop
      vertex -30.945543080568314 -47.9846104234457 4.5
      vertex -30.75 -48 4.5
      vertex -30.945543080568314 -47.9846104234457 10.5
    endloop
  endfacet
  facet normal -0.9238795301834567 -0.3826834379849687 0
    outer loop
      vertex -31.86375815421343 -47.31748812645674 4.5
      vertex -31.938820645213127 -47.13627124577761 10.5
      vertex -31.938820645213127 -47.13627124577761 4.5
    endloop
  endfacet
  facet normal -0.8526401664965123 -0.5224985612198371 0
    outer loop
      vertex -31.86375815421343 -47.31748812645674 4.5
      vertex -31.761271245777607 -47.48473156243563 4.5
      vertex -31.86375815421343 -47.31748812645674 10.5
    endloop
  endfacet
  facet normal -0.9723699238607971 -0.23344534943096973 0
    outer loop
      vertex -31.938820645213127 -47.13627124577761 4.5
      vertex -31.9846104234457 -46.945543080568314 10.5
      vertex -31.9846104234457 -46.945543080568314 4.5
    endloop
  endfacet
  facet normal -0.9969173327937015 -0.07845910766438918 0
    outer loop
      vertex -31.9846104234457 -46.945543080568314 4.5
      vertex -32 -46.75 10.5
      vertex -32 -46.75 4.5
    endloop
  endfacet
  facet normal -0.7604059637740336 -0.6494480504681518 0
    outer loop
      vertex -31.633883476257324 -47.633883476257324 4.5
      vertex -31.761271245777607 -47.48473156243563 10.5
      vertex -31.761271245777607 -47.48473156243563 4.5
    endloop
  endfacet
  facet normal -1 0 0
    outer loop
      vertex -32 -46.75 4.5
      vertex -32 -46.75 10.5
      vertex -32 -6 8.51
    endloop
  endfacet
  facet normal 0 -1 0
    outer loop
      vertex -30.75 -48 4.5
      vertex -6 -48 7
      vertex -30.75 -48 10.5
    endloop
  endfacet
  facet normal -0.7604059637740336 -0.6494480504681518 0
    outer loop
      vertex -31.633883476257324 -47.633883476257324 4.5
      vertex -31.633883476257324 -47.633883476257324 10.5
      vertex -31.761271245777607 -47.48473156243563 10.5
    endloop
  endfacet
  facet normal -0.6494480504681518 -0.7604059637740336 0
    outer loop
      vertex -31.484731562435627 -47.76127124577761 4.5
      vertex -31.484731562435627 -47.76127124577761 10.5
      vertex -31.633883476257324 -47.633883476257324 10.5
    endloop
  endfacet
  facet normal -0.5224985612198371 -0.8526401664965123 0
    outer loop
      vertex -31.317488126456738 -47.86375815421343 4.5
      vertex -31.317488126456738 -47.86375815421343 10.5
      vertex -31.484731562435627 -47.76127124577761 10.5
    endloop
  endfacet
  facet normal -0.3826834379849687 -0.9238795301834567 0
    outer loop
      vertex -31.136271245777607 -47.93882064521313 4.5
      vertex -31.136271245777607 -47.93882064521313 10.5
      vertex -31.317488126456738 -47.86375815421343 10.5
    endloop
  endfacet
  facet normal -0.23344534943096973 -0.9723699238607971 0
    outer loop
      vertex -30.945543080568314 -47.9846104234457 4.5
      vertex -30.945543080568314 -47.9846104234457 10.5
      vertex -31.136271245777607 -47.93882064521313 10.5
    endloop
  endfacet
  facet normal -0.07845910766438918 -0.9969173327937015 0
    outer loop
      vertex -30.75 -48 4.5
      vertex -30.75 -48 10.5
      vertex -30.945543080568314 -47.9846104234457 10.5
    endloop
  endfacet
  facet normal -0.8526401664965123 -0.5224985612198371 0
    outer loop
      vertex -31.761271245777607 -47.48473156243563 4.5
      vertex -31.761271245777607 -47.48473156243563 10.5
      vertex -31.86375815421343 -47.31748812645674 10.5
    endloop
  endfacet
  facet normal -0.9238795301834567 -0.3826834379849687 0
    outer loop
      vertex -31.86375815421343 -47.31748812645674 4.5
      vertex -31.86375815421343 -47.31748812645674 10.5
      vertex -31.938820645213127 -47.13627124577761 10.5
    endloop
  endfacet
  facet normal -0.9723699238607971 -0.23344534943096973 0
    outer loop
      vertex -31.938820645213127 -47.13627124577761 4.5
      vertex -31.938820645213127 -47.13627124577761 10.5
      vertex -31.9846104234457 -46.945543080568314 10.5
    endloop
  endfacet
  facet normal -0.9969173327937015 -0.07845910766438918 0
    outer loop
      vertex -31.9846104234457 -46.945543080568314 4.5
      vertex -31.9846104234457 -46.945543080568314 10.5
      vertex -32 -46.75 10.5
    endloop
  endfacet
  facet normal 0 0 1
    outer loop
      vertex -31.938820645213127 -47.13627124577761 10.5
      vertex -30.445503264665604 -46.22699525207281 10.5
      vertex -30.47552825510502 -46.154508493840694 10.5
    endloop
  endfacet
  facet normal 0 0 1
    outer loop
      vertex -31.938820645213127 -47.13627124577761 10.5
      vertex -30.47552825510502 -46.154508493840694 10.5
      vertex -30.49384417384863 -46.07821723073721 10.5
    endloop
  endfacet
  facet normal 0 0 1
    outer loop
      vertex -31.938820645213127 -47.13627124577761 10.5
      vertex -30.49384417384863 -46.07821723073721 10.5
      vertex -30.5 -46 10.5
    endloop
  endfacet
  facet normal 0 0 1
    outer loop
      vertex -31.938820645213127 -47.13627124577761 10.5
      vertex -30.353553391993046 -46.353553391993046 10.5
      vertex -30.404508493840694 -46.2938926294446 10.5
    endloop
  endfacet
  facet normal 0 0 1
    outer loop
      vertex -31.938820645213127 -47.13627124577761 10.5
      vertex -30.2938926294446 -46.404508493840694 10.5
      vertex -30.353553391993046 -46.353553391993046 10.5
    endloop
  endfacet
  facet normal 0 0 1
    outer loop
      vertex -31.938820645213127 -47.13627124577761 10.5
      vertex -30.22699525207281 -46.445503264665604 10.5
      vertex -30.2938926294446 -46.404508493840694 10.5
    endloop
  endfacet
  facet normal 0 0 1
    outer loop
      vertex -31.938820645213127 -47.13627124577761 10.5
      vertex -30.404508493840694 -46.2938926294446 10.5
      vertex -30.445503264665604 -46.22699525207281 10.5
    endloop
  endfacet
  facet normal 0 0 1
    outer loop
      vertex -31.938820645213127 -47.13627124577761 10.5
      vertex -30.154508493840694 -46.47552825510502 10.5
      vertex -30.22699525207281 -46.445503264665604 10.5
    endloop
  endfacet
  facet normal 0 0 1
    outer loop
      vertex -31.938820645213127 -47.13627124577761 10.5
      vertex -30.07821723073721 -46.49384417384863 10.5
      vertex -30.154508493840694 -46.47552825510502 10.5
    endloop
  endfacet
  facet normal 0 0 1
    outer loop
      vertex -31.938820645213127 -47.13627124577761 10.5
      vertex -30 -46.5 10.5
      vertex -30.07821723073721 -46.49384417384863 10.5
    endloop
  endfacet
  facet normal -1 0 0
    outer loop
      vertex -32 -46.75 4.5
      vertex -32 -6 8.51
      vertex -32 -6 7
    endloop
  endfacet
  facet normal -1 0 0
    outer loop
      vertex -32 -46.75 4.5
      vertex -32 -6 7
      vertex -32 46.75 4.5
    endloop
  endfacet
  facet normal -1 0 0
    outer loop
      vertex -32 -46.75 10.5
      vertex -32 6 8.51
      vertex -32 -6 8.51
    endloop
  endfacet
  facet normal 0 0 1
    outer loop
      vertex -31.9846104234457 -46.945543080568314 10.5
      vertex -30.5 46 10.5
      vertex -32 -46.75 10.5
    endloop
  endfacet
  facet normal 0 0 1
    outer loop
      vertex -31.938820645213127 -47.13627124577761 10.5
      vertex -30.5 46 10.5
      vertex -31.9846104234457 -46.945543080568314 10.5
    endloop
  endfacet
  facet normal 0 0 1
    outer loop
      vertex -31.938820645213127 -47.13627124577761 10.5
      vertex -30.5 -46 10.5
      vertex -30.5 46 10.5
    endloop
  endfacet
  facet normal 0 -1 0
    outer loop
      vertex -30.75 -48 4.5
      vertex 6 -48 7
      vertex -6 -48 7
    endloop
  endfacet
  facet normal 0 -1 0
    outer loop
      vertex -30.75 -48 10.5
      vertex -6 -48 7
      vertex -6 -48 8.51
    endloop
  endfacet
  facet normal 0 0 1
    outer loop
      vertex -31.484731562435627 -47.76127124577761 10.5
      vertex -31.317488126456738 -47.86375815421343 10.5
      vertex 31.761271245777607 -47.48473156243563 10.5
    endloop
  endfacet
  facet normal 0 0 1
    outer loop
      vertex -31.317488126456738 -47.86375815421343 10.5
      vertex -31.136271245777607 -47.93882064521313 10.5
      vertex 31.633883476257324 -47.633883476257324 10.5
    endloop
  endfacet
  facet normal 0 0 1
    outer loop
      vertex -31.136271245777607 -47.93882064521313 10.5
      vertex -30.945543080568314 -47.9846104234457 10.5
      vertex 31.484731562435627 -47.76127124577761 10.5
    endloop
  endfacet
  facet normal 0 0 1
    outer loop
      vertex -30.945543080568314 -47.9846104234457 10.5
      vertex -30.75 -48 10.5
      vertex 31.317488126456738 -47.86375815421343 10.5
    endloop
  endfacet
  facet normal 0 0 1
    outer loop
      vertex -31.86375815421343 -47.31748812645674 10.5
      vertex 32 -46.75 10.5
      vertex -31.938820645213127 -47.13627124577761 10.5
    endloop
  endfacet
  facet normal 0 0 1
    outer loop
      vertex -31.633883476257324 -47.633883476257324 10.5
      vertex 31.938820645213127 -47.13627124577761 10.5
      vertex -31.761271245777607 -47.48473156243563 10.5
    endloop
  endfacet
  facet normal 0 0 1
    outer loop
      vertex -31.86375815421343 -47.31748812645674 10.5
      vertex -31.761271245777607 -47.48473156243563 10.5
      vertex 31.9846104234457 -46.945543080568314 10.5
    endloop
  endfacet
  facet normal 0 0 1
    outer loop
      vertex -31.633883476257324 -47.633883476257324 10.5
      vertex -31.484731562435627 -47.76127124577761 10.5
      vertex 31.86375815421343 -47.31748812645674 10.5
    endloop
  endfacet
  facet normal 0 0 1
    outer loop
      vertex -31.938820645213127 -47.13627124577761 10.5
      vertex 32 -46.75 10.5
      vertex -30 -46.5 10.5
    endloop
  endfacet
  facet normal 0 -1 0
    outer loop
      vertex -30.75 -48 10.5
      vertex -6 -48 8.51
      vertex 30.75 -48 10.5
    endloop
  endfacet
  facet normal -1 0 0
    outer loop
      vertex -32 -6 7
      vertex -32 6 7
      vertex -32 46.75 4.5
    endloop
  endfacet
  facet normal -1 0 0
    outer loop
      vertex -32 -46.75 10.5
      vertex -32 46.75 10.5
      vertex -32 6 8.51
    endloop
  endfacet
  facet normal -1 0 0
    outer loop
      vertex -32 6 7
      vertex -32 6 8.51
      vertex -32 46.75 10.5
    endloop
  endfacet
  facet normal 0 0 1
    outer loop
      vertex -32 -46.75 10.5
      vertex -30.5 46 10.5
      vertex -32 46.75 10.5
    endloop
  endfacet
  facet normal -1 0 0
    outer loop
      vertex -32 46.75 4.5
      vertex -32 6 7
      vertex -32 46.75 10.5
    endloop
  endfacet
  facet normal -0.9969173327937015 0.07845910766438918 0
    outer loop
      vertex -32 46.75 4.5
      vertex -31.9846104234457 46.945543080568314 10.5
      vertex -31.9846104234457 46.945543080568314 4.5
    endloop
  endfacet
  facet normal -0.9723699238607971 0.23344534943096973 0
    outer loop
      vertex -31.9846104234457 46.945543080568314 4.5
      vertex -31.938820645213127 47.13627124577761 10.5
      vertex -31.938820645213127 47.13627124577761 4.5
    endloop
  endfacet
  facet normal -0.9238795301834567 0.3826834379849687 0
    outer loop
      vertex -31.938820645213127 47.13627124577761 4.5
      vertex -31.86375815421343 47.31748812645674 10.5
      vertex -31.86375815421343 47.31748812645674 4.5
    endloop
  endfacet
  facet normal -0.8526401664965123 0.5224985612198371 0
    outer loop
      vertex -31.86375815421343 47.31748812645674 4.5
      vertex -31.761271245777607 47.48473156243563 10.5
      vertex -31.761271245777607 47.48473156243563 4.5
    endloop
  endfacet
  facet normal -0.7604059637740336 0.6494480504681518 0
    outer loop
      vertex -31.761271245777607 47.48473156243563 4.5
      vertex -31.633883476257324 47.633883476257324 10.5
      vertex -31.633883476257324 47.633883476257324 4.5
    endloop
  endfacet
  facet normal -0.6494480504681518 0.7604059637740336 0
    outer loop
      vertex -31.633883476257324 47.633883476257324 4.5
      vertex -31.484731562435627 47.76127124577761 10.5
      vertex -31.484731562435627 47.76127124577761 4.5
    endloop
  endfacet
  facet normal -0.5224985612198371 0.8526401664965123 0
    outer loop
      vertex -31.484731562435627 47.76127124577761 4.5
      vertex -31.317488126456738 47.86375815421343 10.5
      vertex -31.317488126456738 47.86375815421343 4.5
    endloop
  endfacet
  facet normal -0.3826834379849687 0.9238795301834567 0
    outer loop
      vertex -31.317488126456738 47.86375815421343 4.5
      vertex -31.136271245777607 47.93882064521313 10.5
      vertex -31.136271245777607 47.93882064521313 4.5
    endloop
  endfacet
  facet normal -0.23344534943096973 0.9723699238607971 0
    outer loop
      vertex -31.136271245777607 47.93882064521313 4.5
      vertex -30.945543080568314 47.9846104234457 10.5
      vertex -30.945543080568314 47.9846104234457 4.5
    endloop
  endfacet
  facet normal -0.07845910766438918 0.9969173327937015 0
    outer loop
      vertex -30.945543080568314 47.9846104234457 4.5
      vertex -30.75 48 10.5
      vertex -30.75 48 4.5
    endloop
  endfacet
  facet normal 0 1 0
    outer loop
      vertex -30.75 48 4.5
      vertex -30.75 48 10.5
      vertex -6 48 7
    endloop
  endfacet
  facet normal -0.9969173327937015 0.07845910766438918 0
    outer loop
      vertex -32 46.75 4.5
      vertex -32 46.75 10.5
      vertex -31.9846104234457 46.945543080568314 10.5
    endloop
  endfacet
  facet normal -0.9723699238607971 0.23344534943096973 0
    outer loop
      vertex -31.9846104234457 46.945543080568314 4.5
      vertex -31.9846104234457 46.945543080568314 10.5
      vertex -31.938820645213127 47.13627124577761 10.5
    endloop
  endfacet
  facet normal -0.9238795301834567 0.3826834379849687 0
    outer loop
      vertex -31.938820645213127 47.13627124577761 4.5
      vertex -31.938820645213127 47.13627124577761 10.5
      vertex -31.86375815421343 47.31748812645674 10.5
    endloop
  endfacet
  facet normal -0.8526401664965123 0.5224985612198371 0
    outer loop
      vertex -31.86375815421343 47.31748812645674 4.5
      vertex -31.86375815421343 47.31748812645674 10.5
      vertex -31.761271245777607 47.48473156243563 10.5
    endloop
  endfacet
  facet normal -0.7604059637740336 0.6494480504681518 0
    outer loop
      vertex -31.761271245777607 47.48473156243563 4.5
      vertex -31.761271245777607 47.48473156243563 10.5
      vertex -31.633883476257324 47.633883476257324 10.5
    endloop
  endfacet
  facet normal -0.6494480504681518 0.7604059637740336 0
    outer loop
      vertex -31.633883476257324 47.633883476257324 4.5
      vertex -31.633883476257324 47.633883476257324 10.5
      vertex -31.484731562435627 47.76127124577761 10.5
    endloop
  endfacet
  facet normal -0.5224985612198371 0.8526401664965123 0
    outer loop
      vertex -31.484731562435627 47.76127124577761 4.5
      vertex -31.484731562435627 47.76127124577761 10.5
      vertex -31.317488126456738 47.86375815421343 10.5
    endloop
  endfacet
  facet normal -0.3826834379849687 0.9238795301834567 0
    outer loop
      vertex -31.317488126456738 47.86375815421343 4.5
      vertex -31.317488126456738 47.86375815421343 10.5
      vertex -31.136271245777607 47.93882064521313 10.5
    endloop
  endfacet
  facet normal -0.23344534943096973 0.9723699238607971 0
    outer loop
      vertex -31.136271245777607 47.93882064521313 4.5
      vertex -31.136271245777607 47.93882064521313 10.5
      vertex -30.945543080568314 47.9846104234457 10.5
    endloop
  endfacet
  facet normal -0.07845910766438918 0.9969173327937015 0
    outer loop
      vertex -30.945543080568314 47.9846104234457 4.5
      vertex -30.945543080568314 47.9846104234457 10.5
      vertex -30.75 48 10.5
    endloop
  endfacet
  facet normal 0 0 1
    outer loop
      vertex -32 46.75 10.5
      vertex -30.5 46 10.5
      vertex -30.49384417384863 46.07821723073721 10.5
    endloop
  endfacet
  facet normal 0 0 1
    outer loop
      vertex -32 46.75 10.5
      vertex -30.49384417384863 46.07821723073721 10.5
      vertex -30.47552825510502 46.154508493840694 10.5
    endloop
  endfacet
  facet normal 0 0 1
    outer loop
      vertex -32 46.75 10.5
      vertex -30.47552825510502 46.154508493840694 10.5
      vertex -30.445503264665604 46.22699525207281 10.5
    endloop
  endfacet
  facet normal 0 0 1
    outer loop
      vertex -32 46.75 10.5
      vertex -30.445503264665604 46.22699525207281 10.5
      vertex -30.404508493840694 46.2938926294446 10.5
    endloop
  endfacet
  facet normal 0 0 1
    outer loop
      vertex -32 46.75 10.5
      vertex -30.404508493840694 46.2938926294446 10.5
      vertex -30.353553391993046 46.353553391993046 10.5
    endloop
  endfacet
  facet normal 0 0 1
    outer loop
      vertex -32 46.75 10.5
      vertex -30.353553391993046 46.353553391993046 10.5
      vertex -30.2938926294446 46.404508493840694 10.5
    endloop
  endfacet
  facet normal 0 0 1
    outer loop
      vertex -32 46.75 10.5
      vertex -30.2938926294446 46.404508493840694 10.5
      vertex -30.22699525207281 46.445503264665604 10.5
    endloop
  endfacet
  facet normal 0 0 1
    outer loop
      vertex -32 46.75 10.5
      vertex -30.22699525207281 46.445503264665604 10.5
      vertex -30.154508493840694 46.47552825510502 10.5
    endloop
  endfacet
  facet normal 0 0 1
    outer loop
      vertex -32 46.75 10.5
      vertex -30.07821723073721 46.49384417384863 10.5
      vertex -30 46.5 10.5
    endloop
  endfacet
  facet normal 0 0 1
    outer loop
      vertex -32 46.75 10.5
      vertex -30.154508493840694 46.47552825510502 10.5
      vertex -30.07821723073721 46.49384417384863 10.5
    endloop
  endfacet
  facet normal 0 0 1
    outer loop
      vertex -31.136271245777607 47.93882064521313 10.5
      vertex -30.75 48 10.5
      vertex -30.945543080568314 47.9846104234457 10.5
    endloop
  endfacet
  facet normal 0 1 0
    outer loop
      vertex -30.75 48 4.5
      vertex -6 48 7
      vertex 30.75 48 4.5
    endloop
  endfacet
  facet normal 0 1 0
    outer loop
      vertex -30.75 48 10.5
      vertex -6 48 8.51
      vertex -6 48 7
    endloop
  endfacet
  facet normal 0 1 0
    outer loop
      vertex -30.75 48 10.5
      vertex 6 48 8.51
      vertex -6 48 8.51
    endloop
  endfacet
  facet normal 0 0 1
    outer loop
      vertex -32 46.75 10.5
      vertex -30 46.5 10.5
      vertex 30 46.5 10.5
    endloop
  endfacet
  facet normal 0 0 1
    outer loop
      vertex -32 46.75 10.5
      vertex 31.86375815421343 47.31748812645674 10.5
      vertex -31.9846104234457 46.945543080568314 10.5
    endloop
  endfacet
  facet normal 0 0 1
    outer loop
      vertex -31.9846104234457 46.945543080568314 10.5
      vertex 31.761271245777607 47.48473156243563 10.5
      vertex -31.938820645213127 47.13627124577761 10.5
    endloop
  endfacet
  facet normal 0 0 1
    outer loop
      vertex -31.938820645213127 47.13627124577761 10.5
      vertex 31.633883476257324 47.633883476257324 10.5
      vertex -31.86375815421343 47.31748812645674 10.5
    endloop
  endfacet
  facet normal 0 0 1
    outer loop
      vertex -31.86375815421343 47.31748812645674 10.5
      vertex 31.484731562435627 47.76127124577761 10.5
      vertex -31.761271245777607 47.48473156243563 10.5
    endloop
  endfacet
  facet normal 0 0 1
    outer loop
      vertex -31.761271245777607 47.48473156243563 10.5
      vertex 31.317488126456738 47.86375815421343 10.5
      vertex -31.633883476257324 47.633883476257324 10.5
    endloop
  endfacet
  facet normal 0 0 1
    outer loop
      vertex -31.633883476257324 47.633883476257324 10.5
      vertex 31.136271245777607 47.93882064521313 10.5
      vertex -31.484731562435627 47.76127124577761 10.5
    endloop
  endfacet
  facet normal 0 0 1
    outer loop
      vertex -31.484731562435627 47.76127124577761 10.5
      vertex 30.945543080568314 47.9846104234457 10.5
      vertex -31.317488126456738 47.86375815421343 10.5
    endloop
  endfacet
  facet normal 0 0 1
    outer loop
      vertex -31.317488126456738 47.86375815421343 10.5
      vertex 30.75 48 10.5
      vertex -31.136271245777607 47.93882064521313 10.5
    endloop
  endfacet
  facet normal 0 0 1
    outer loop
      vertex -31.136271245777607 47.93882064521313 10.5
      vertex 30.75 48 10.5
      vertex -30.75 48 10.5
    endloop
  endfacet
  facet normal 0 -1 0
    outer loop
      vertex -30.75 -48 4.5
      vertex 30.75 -48 4.5
      vertex 6 -48 7
    endloop
  endfacet
  facet normal 0 -1 0
    outer loop
      vertex -6 -48 8.51
      vertex 6 -48 8.51
      vertex 30.75 -48 10.5
    endloop
  endfacet
  facet normal 0 -1 0
    outer loop
      vertex 6 -48 7
      vertex 30.75 -48 10.5
      vertex 6 -48 8.51
    endloop
  endfacet
  facet normal 0 0 1
    outer loop
      vertex -30.75 -48 10.5
      vertex 30.75 -48 10.5
      vertex 31.136271245777607 -47.93882064521313 10.5
    endloop
  endfacet
  facet normal 0 0 1
    outer loop
      vertex -30.75 -48 10.5
      vertex 31.136271245777607 -47.93882064521313 10.5
      vertex 31.317488126456738 -47.86375815421343 10.5
    endloop
  endfacet
  facet normal 0 0 1
    outer loop
      vertex -30.945543080568314 -47.9846104234457 10.5
      vertex 31.317488126456738 -47.86375815421343 10.5
      vertex 31.484731562435627 -47.76127124577761 10.5
    endloop
  endfacet
  facet normal 0 0 1
    outer loop
      vertex -31.136271245777607 -47.93882064521313 10.5
      vertex 31.484731562435627 -47.76127124577761 10.5
      vertex 31.633883476257324 -47.633883476257324 10.5
    endloop
  endfacet
  facet normal 0 0 1
    outer loop
      vertex -31.317488126456738 -47.86375815421343 10.5
      vertex 31.633883476257324 -47.633883476257324 10.5
      vertex 31.761271245777607 -47.48473156243563 10.5
    endloop
  endfacet
  facet normal 0 0 1
    outer loop
      vertex -31.484731562435627 -47.76127124577761 10.5
      vertex 31.761271245777607 -47.48473156243563 10.5
      vertex 31.86375815421343 -47.31748812645674 10.5
    endloop
  endfacet
  facet normal 0 0 1
    outer loop
      vertex -31.633883476257324 -47.633883476257324 10.5
      vertex 31.86375815421343 -47.31748812645674 10.5
      vertex 31.938820645213127 -47.13627124577761 10.5
    endloop
  endfacet
  facet normal 0 0 1
    outer loop
      vertex -31.761271245777607 -47.48473156243563 10.5
      vertex 31.938820645213127 -47.13627124577761 10.5
      vertex 31.9846104234457 -46.945543080568314 10.5
    endloop
  endfacet
  facet normal 0 0 1
    outer loop
      vertex -31.86375815421343 -47.31748812645674 10.5
      vertex 31.9846104234457 -46.945543080568314 10.5
      vertex 32 -46.75 10.5
    endloop
  endfacet
  facet normal 0 0 1
    outer loop
      vertex -30 -46.5 10.5
      vertex 32 -46.75 10.5
      vertex 30 -46.5 10.5
    endloop
  endfacet
  facet normal 0 -1 0
    outer loop
      vertex 30.75 -48 4.5
      vertex 30.75 -48 10.5
      vertex 6 -48 7
    endloop
  endfacet
  facet normal 0.07845910766438918 -0.9969173327937015 0
    outer loop
      vertex 30.75 -48 4.5
      vertex 30.945543080568314 -47.9846104234457 4.5
      vertex 30.75 -48 10.5
    endloop
  endfacet
  facet normal 0.23344534943096973 -0.9723699238607971 0
    outer loop
      vertex 30.945543080568314 -47.9846104234457 4.5
      vertex 31.136271245777607 -47.93882064521313 4.5
      vertex 30.945543080568314 -47.9846104234457 10.5
    endloop
  endfacet
  facet normal 0.3826834379849687 -0.9238795301834567 0
    outer loop
      vertex 31.136271245777607 -47.93882064521313 4.5
      vertex 31.317488126456738 -47.86375815421343 4.5
      vertex 31.136271245777607 -47.93882064521313 10.5
    endloop
  endfacet
  facet normal 0.5224985612198371 -0.8526401664965123 0
    outer loop
      vertex 31.317488126456738 -47.86375815421343 4.5
      vertex 31.484731562435627 -47.76127124577761 4.5
      vertex 31.317488126456738 -47.86375815421343 10.5
    endloop
  endfacet
  facet normal 0.6494480504681518 -0.7604059637740336 0
    outer loop
      vertex 31.484731562435627 -47.76127124577761 4.5
      vertex 31.633883476257324 -47.633883476257324 4.5
      vertex 31.484731562435627 -47.76127124577761 10.5
    endloop
  endfacet
  facet normal 0.7604059637740336 -0.6494480504681518 0
    outer loop
      vertex 31.633883476257324 -47.633883476257324 4.5
      vertex 31.761271245777607 -47.48473156243563 4.5
      vertex 31.633883476257324 -47.633883476257324 10.5
    endloop
  endfacet
  facet normal 0.8526401664965123 -0.5224985612198371 0
    outer loop
      vertex 31.761271245777607 -47.48473156243563 4.5
      vertex 31.86375815421343 -47.31748812645674 4.5
      vertex 31.761271245777607 -47.48473156243563 10.5
    endloop
  endfacet
  facet normal 0.9238795301834567 -0.3826834379849687 0
    outer loop
      vertex 31.86375815421343 -47.31748812645674 4.5
      vertex 31.938820645213127 -47.13627124577761 4.5
      vertex 31.86375815421343 -47.31748812645674 10.5
    endloop
  endfacet
  facet normal 0.9723699238607971 -0.23344534943096973 0
    outer loop
      vertex 31.938820645213127 -47.13627124577761 4.5
      vertex 31.9846104234457 -46.945543080568314 4.5
      vertex 31.938820645213127 -47.13627124577761 10.5
    endloop
  endfacet
  facet normal 0.9969173327937015 -0.07845910766438918 0
    outer loop
      vertex 31.9846104234457 -46.945543080568314 4.5
      vertex 32 -46.75 4.5
      vertex 31.9846104234457 -46.945543080568314 10.5
    endloop
  endfacet
  facet normal 1 0 0
    outer loop
      vertex 32 -46.75 4.5
      vertex 32 -6 7
      vertex 32 -46.75 10.5
    endloop
  endfacet
  facet normal 0.07845910766438918 -0.9969173327937015 0
    outer loop
      vertex 30.945543080568314 -47.9846104234457 4.5
      vertex 30.945543080568314 -47.9846104234457 10.5
      vertex 30.75 -48 10.5
    endloop
  endfacet
  facet normal 0.23344534943096973 -0.9723699238607971 0
    outer loop
      vertex 31.136271245777607 -47.93882064521313 4.5
      vertex 31.136271245777607 -47.93882064521313 10.5
      vertex 30.945543080568314 -47.9846104234457 10.5
    endloop
  endfacet
  facet normal 0.3826834379849687 -0.9238795301834567 0
    outer loop
      vertex 31.317488126456738 -47.86375815421343 4.5
      vertex 31.317488126456738 -47.86375815421343 10.5
      vertex 31.136271245777607 -47.93882064521313 10.5
    endloop
  endfacet
  facet normal 0.5224985612198371 -0.8526401664965123 0
    outer loop
      vertex 31.484731562435627 -47.76127124577761 4.5
      vertex 31.484731562435627 -47.76127124577761 10.5
      vertex 31.317488126456738 -47.86375815421343 10.5
    endloop
  endfacet
  facet normal 0.6494480504681518 -0.7604059637740336 0
    outer loop
      vertex 31.633883476257324 -47.633883476257324 4.5
      vertex 31.633883476257324 -47.633883476257324 10.5
      vertex 31.484731562435627 -47.76127124577761 10.5
    endloop
  endfacet
  facet normal 0.7604059637740336 -0.6494480504681518 0
    outer loop
      vertex 31.761271245777607 -47.48473156243563 4.5
      vertex 31.761271245777607 -47.48473156243563 10.5
      vertex 31.633883476257324 -47.633883476257324 10.5
    endloop
  endfacet
  facet normal 0.8526401664965123 -0.5224985612198371 0
    outer loop
      vertex 31.86375815421343 -47.31748812645674 4.5
      vertex 31.86375815421343 -47.31748812645674 10.5
      vertex 31.761271245777607 -47.48473156243563 10.5
    endloop
  endfacet
  facet normal 0.9238795301834567 -0.3826834379849687 0
    outer loop
      vertex 31.938820645213127 -47.13627124577761 4.5
      vertex 31.938820645213127 -47.13627124577761 10.5
      vertex 31.86375815421343 -47.31748812645674 10.5
    endloop
  endfacet
  facet normal 0.9723699238607971 -0.23344534943096973 0
    outer loop
      vertex 31.9846104234457 -46.945543080568314 4.5
      vertex 31.9846104234457 -46.945543080568314 10.5
      vertex 31.938820645213127 -47.13627124577761 10.5
    endloop
  endfacet
  facet normal 0.9969173327937015 -0.07845910766438918 0
    outer loop
      vertex 32 -46.75 4.5
      vertex 32 -46.75 10.5
      vertex 31.9846104234457 -46.945543080568314 10.5
    endloop
  endfacet
  facet normal 0 0 1
    outer loop
      vertex 30.75 -48 10.5
      vertex 30.945543080568314 -47.9846104234457 10.5
      vertex 31.136271245777607 -47.93882064521313 10.5
    endloop
  endfacet
  facet normal 0 0 1
    outer loop
      vertex 30 -46.5 10.5
      vertex 32 -46.75 10.5
      vertex 30.07821723073721 -46.49384417384863 10.5
    endloop
  endfacet
  facet normal 0 0 1
    outer loop
      vertex 30.07821723073721 -46.49384417384863 10.5
      vertex 32 -46.75 10.5
      vertex 30.154508493840694 -46.47552825510502 10.5
    endloop
  endfacet
  facet normal 0 0 1
    outer loop
      vertex 30.154508493840694 -46.47552825510502 10.5
      vertex 32 -46.75 10.5
      vertex 30.22699525207281 -46.445503264665604 10.5
    endloop
  endfacet
  facet normal 0 0 1
    outer loop
      vertex 30.22699525207281 -46.445503264665604 10.5
      vertex 32 -46.75 10.5
      vertex 30.2938926294446 -46.404508493840694 10.5
    endloop
  endfacet
  facet normal 0 0 1
    outer loop
      vertex 30.2938926294446 -46.404508493840694 10.5
      vertex 32 -46.75 10.5
      vertex 30.353553391993046 -46.353553391993046 10.5
    endloop
  endfacet
  facet normal 0 0 1
    outer loop
      vertex 30.353553391993046 -46.353553391993046 10.5
      vertex 32 -46.75 10.5
      vertex 30.404508493840694 -46.2938926294446 10.5
    endloop
  endfacet
  facet normal 0 0 1
    outer loop
      vertex 30.404508493840694 -46.2938926294446 10.5
      vertex 32 -46.75 10.5
      vertex 30.445503264665604 -46.22699525207281 10.5
    endloop
  endfacet
  facet normal 0 0 1
    outer loop
      vertex 30.47552825510502 -46.154508493840694 10.5
      vertex 32 -46.75 10.5
      vertex 30.49384417384863 -46.07821723073721 10.5
    endloop
  endfacet
  facet normal 0 0 1
    outer loop
      vertex 30.445503264665604 -46.22699525207281 10.5
      vertex 32 -46.75 10.5
      vertex 30.47552825510502 -46.154508493840694 10.5
    endloop
  endfacet
  facet normal 0 0 1
    outer loop
      vertex 30.49384417384863 -46.07821723073721 10.5
      vertex 32 -46.75 10.5
      vertex 30.5 -46 10.5
    endloop
  endfacet
  facet normal 1 0 0
    outer loop
      vertex 32 -46.75 4.5
      vertex 32 6 7
      vertex 32 -6 7
    endloop
  endfacet
  facet normal 1 0 0
    outer loop
      vertex 32 -46.75 10.5
      vertex 32 -6 7
      vertex 32 -6 8.51
    endloop
  endfacet
  facet normal 0 0 1
    outer loop
      vertex 30.5 -46 10.5
      vertex 32 -46.75 10.5
      vertex 32 46.75 10.5
    endloop
  endfacet
  facet normal 1 0 0
    outer loop
      vertex 32 -46.75 10.5
      vertex 32 -6 8.51
      vertex 32 46.75 10.5
    endloop
  endfacet
  facet normal 0 1 0
    outer loop
      vertex -6 48 7
      vertex 6 48 7
      vertex 30.75 48 4.5
    endloop
  endfacet
  facet normal 0 1 0
    outer loop
      vertex -30.75 48 10.5
      vertex 30.75 48 10.5
      vertex 6 48 8.51
    endloop
  endfacet
  facet normal 0 1 0
    outer loop
      vertex 6 48 7
      vertex 6 48 8.51
      vertex 30.75 48 10.5
    endloop
  endfacet
  facet normal 0 0 1
    outer loop
      vertex -32 46.75 10.5
      vertex 30 46.5 10.5
      vertex 31.938820645213127 47.13627124577761 10.5
    endloop
  endfacet
  facet normal 0 0 1
    outer loop
      vertex -31.86375815421343 47.31748812645674 10.5
      vertex 31.633883476257324 47.633883476257324 10.5
      vertex 31.484731562435627 47.76127124577761 10.5
    endloop
  endfacet
  facet normal 0 0 1
    outer loop
      vertex -31.9846104234457 46.945543080568314 10.5
      vertex 31.86375815421343 47.31748812645674 10.5
      vertex 31.761271245777607 47.48473156243563 10.5
    endloop
  endfacet
  facet normal 0 0 1
    outer loop
      vertex -31.938820645213127 47.13627124577761 10.5
      vertex 31.761271245777607 47.48473156243563 10.5
      vertex 31.633883476257324 47.633883476257324 10.5
    endloop
  endfacet
  facet normal 0 0 1
    outer loop
      vertex -32 46.75 10.5
      vertex 31.938820645213127 47.13627124577761 10.5
      vertex 31.86375815421343 47.31748812645674 10.5
    endloop
  endfacet
  facet normal 0 0 1
    outer loop
      vertex -31.317488126456738 47.86375815421343 10.5
      vertex 30.945543080568314 47.9846104234457 10.5
      vertex 30.75 48 10.5
    endloop
  endfacet
  facet normal 0 0 1
    outer loop
      vertex -31.484731562435627 47.76127124577761 10.5
      vertex 31.136271245777607 47.93882064521313 10.5
      vertex 30.945543080568314 47.9846104234457 10.5
    endloop
  endfacet
  facet normal 0 0 1
    outer loop
      vertex -31.633883476257324 47.633883476257324 10.5
      vertex 31.317488126456738 47.86375815421343 10.5
      vertex 31.136271245777607 47.93882064521313 10.5
    endloop
  endfacet
  facet normal 0 0 1
    outer loop
      vertex -31.761271245777607 47.48473156243563 10.5
      vertex 31.484731562435627 47.76127124577761 10.5
      vertex 31.317488126456738 47.86375815421343 10.5
    endloop
  endfacet
  facet normal 1 0 0
    outer loop
      vertex 32 -46.75 4.5
      vertex 32 46.75 4.5
      vertex 32 6 7
    endloop
  endfacet
  facet normal 1 0 0
    outer loop
      vertex 32 46.75 4.5
      vertex 32 6 8.51
      vertex 32 6 7
    endloop
  endfacet
  facet normal 1 0 0
    outer loop
      vertex 32 -6 8.51
      vertex 32 6 8.51
      vertex 32 46.75 10.5
    endloop
  endfacet
  facet normal 0 0 1
    outer loop
      vertex 30.5 -46 10.5
      vertex 31.938820645213127 47.13627124577761 10.5
      vertex 30.5 46 10.5
    endloop
  endfacet
  facet normal 0 0 1
    outer loop
      vertex 30.5 -46 10.5
      vertex 31.9846104234457 46.945543080568314 10.5
      vertex 31.938820645213127 47.13627124577761 10.5
    endloop
  endfacet
  facet normal 0 0 1
    outer loop
      vertex 30.5 -46 10.5
      vertex 32 46.75 10.5
      vertex 31.9846104234457 46.945543080568314 10.5
    endloop
  endfacet
  facet normal 0 1 0
    outer loop
      vertex 30.75 48 4.5
      vertex 6 48 7
      vertex 30.75 48 10.5
    endloop
  endfacet
  facet normal 1 0 0
    outer loop
      vertex 32 46.75 4.5
      vertex 32 46.75 10.5
      vertex 32 6 8.51
    endloop
  endfacet
  facet normal 0.7604059637740336 0.6494480504681518 0
    outer loop
      vertex 31.761271245777607 47.48473156243563 4.5
      vertex 31.633883476257324 47.633883476257324 4.5
      vertex 31.761271245777607 47.48473156243563 10.5
    endloop
  endfacet
  facet normal 0.9969173327937015 0.07845910766438918 0
    outer loop
      vertex 32 46.75 4.5
      vertex 31.9846104234457 46.945543080568314 4.5
      vertex 32 46.75 10.5
    endloop
  endfacet
  facet normal 0.9723699238607971 0.23344534943096973 0
    outer loop
      vertex 31.9846104234457 46.945543080568314 4.5
      vertex 31.938820645213127 47.13627124577761 4.5
      vertex 31.9846104234457 46.945543080568314 10.5
    endloop
  endfacet
  facet normal 0.8526401664965123 0.5224985612198371 0
    outer loop
      vertex 31.761271245777607 47.48473156243563 4.5
      vertex 31.86375815421343 47.31748812645674 10.5
      vertex 31.86375815421343 47.31748812645674 4.5
    endloop
  endfacet
  facet normal 0.9238795301834567 0.3826834379849687 0
    outer loop
      vertex 31.938820645213127 47.13627124577761 4.5
      vertex 31.86375815421343 47.31748812645674 4.5
      vertex 31.938820645213127 47.13627124577761 10.5
    endloop
  endfacet
  facet normal 0.07845910766438918 0.9969173327937015 0
    outer loop
      vertex 30.75 48 4.5
      vertex 30.945543080568314 47.9846104234457 10.5
      vertex 30.945543080568314 47.9846104234457 4.5
    endloop
  endfacet
  facet normal 0.23344534943096973 0.9723699238607971 0
    outer loop
      vertex 30.945543080568314 47.9846104234457 4.5
      vertex 31.136271245777607 47.93882064521313 10.5
      vertex 31.136271245777607 47.93882064521313 4.5
    endloop
  endfacet
  facet normal 0.3826834379849687 0.9238795301834567 0
    outer loop
      vertex 31.136271245777607 47.93882064521313 4.5
      vertex 31.317488126456738 47.86375815421343 10.5
      vertex 31.317488126456738 47.86375815421343 4.5
    endloop
  endfacet
  facet normal 0.5224985612198371 0.8526401664965123 0
    outer loop
      vertex 31.317488126456738 47.86375815421343 4.5
      vertex 31.484731562435627 47.76127124577761 10.5
      vertex 31.484731562435627 47.76127124577761 4.5
    endloop
  endfacet
  facet normal 0.6494480504681518 0.7604059637740336 0
    outer loop
      vertex 31.484731562435627 47.76127124577761 4.5
      vertex 31.633883476257324 47.633883476257324 10.5
      vertex 31.633883476257324 47.633883476257324 4.5
    endloop
  endfacet
  facet normal 0.9969173327937015 0.07845910766438918 0
    outer loop
      vertex 31.9846104234457 46.945543080568314 4.5
      vertex 31.9846104234457 46.945543080568314 10.5
      vertex 32 46.75 10.5
    endloop
  endfacet
  facet normal 0.9723699238607971 0.23344534943096973 0
    outer loop
      vertex 31.938820645213127 47.13627124577761 4.5
      vertex 31.938820645213127 47.13627124577761 10.5
      vertex 31.9846104234457 46.945543080568314 10.5
    endloop
  endfacet
  facet normal 0.9238795301834567 0.3826834379849687 0
    outer loop
      vertex 31.86375815421343 47.31748812645674 4.5
      vertex 31.86375815421343 47.31748812645674 10.5
      vertex 31.938820645213127 47.13627124577761 10.5
    endloop
  endfacet
  facet normal 0.8526401664965123 0.5224985612198371 0
    outer loop
      vertex 31.761271245777607 47.48473156243563 4.5
      vertex 31.761271245777607 47.48473156243563 10.5
      vertex 31.86375815421343 47.31748812645674 10.5
    endloop
  endfacet
  facet normal 0.07845910766438918 0.9969173327937015 0
    outer loop
      vertex 30.75 48 4.5
      vertex 30.75 48 10.5
      vertex 30.945543080568314 47.9846104234457 10.5
    endloop
  endfacet
  facet normal 0.23344534943096973 0.9723699238607971 0
    outer loop
      vertex 30.945543080568314 47.9846104234457 4.5
      vertex 30.945543080568314 47.9846104234457 10.5
      vertex 31.136271245777607 47.93882064521313 10.5
    endloop
  endfacet
  facet normal 0.3826834379849687 0.9238795301834567 0
    outer loop
      vertex 31.136271245777607 47.93882064521313 4.5
      vertex 31.136271245777607 47.93882064521313 10.5
      vertex 31.317488126456738 47.86375815421343 10.5
    endloop
  endfacet
  facet normal 0.5224985612198371 0.8526401664965123 0
    outer loop
      vertex 31.317488126456738 47.86375815421343 4.5
      vertex 31.317488126456738 47.86375815421343 10.5
      vertex 31.484731562435627 47.76127124577761 10.5
    endloop
  endfacet
  facet normal 0.6494480504681518 0.7604059637740336 0
    outer loop
      vertex 31.484731562435627 47.76127124577761 4.5
      vertex 31.484731562435627 47.76127124577761 10.5
      vertex 31.633883476257324 47.633883476257324 10.5
    endloop
  endfacet
  facet normal 0.7604059637740336 0.6494480504681518 0
    outer loop
      vertex 31.633883476257324 47.633883476257324 4.5
      vertex 31.633883476257324 47.633883476257324 10.5
      vertex 31.761271245777607 47.48473156243563 10.5
    endloop
  endfacet
  facet normal 0 0 1
    outer loop
      vertex 30 46.5 10.5
      vertex 30.07821723073721 46.49384417384863 10.5
      vertex 31.938820645213127 47.13627124577761 10.5
    endloop
  endfacet
  facet normal 0 0 1
    outer loop
      vertex 30.07821723073721 46.49384417384863 10.5
      vertex 30.154508493840694 46.47552825510502 10.5
      vertex 31.938820645213127 47.13627124577761 10.5
    endloop
  endfacet
  facet normal 0 0 1
    outer loop
      vertex 30.154508493840694 46.47552825510502 10.5
      vertex 30.22699525207281 46.445503264665604 10.5
      vertex 31.938820645213127 47.13627124577761 10.5
    endloop
  endfacet
  facet normal 0 0 1
    outer loop
      vertex 30.404508493840694 46.2938926294446 10.5
      vertex 30.445503264665604 46.22699525207281 10.5
      vertex 31.938820645213127 47.13627124577761 10.5
    endloop
  endfacet
  facet normal 0 0 1
    outer loop
      vertex 30.353553391993046 46.353553391993046 10.5
      vertex 31.938820645213127 47.13627124577761 10.5
      vertex 30.2938926294446 46.404508493840694 10.5
    endloop
  endfacet
  facet normal 0 0 1
    outer loop
      vertex 30.22699525207281 46.445503264665604 10.5
      vertex 30.2938926294446 46.404508493840694 10.5
      vertex 31.938820645213127 47.13627124577761 10.5
    endloop
  endfacet
  facet normal 0 0 1
    outer loop
      vertex 30.353553391993046 46.353553391993046 10.5
      vertex 30.404508493840694 46.2938926294446 10.5
      vertex 31.938820645213127 47.13627124577761 10.5
    endloop
  endfacet
  facet normal 0 0 1
    outer loop
      vertex 30.49384417384863 46.07821723073721 10.5
      vertex 30.5 46 10.5
      vertex 31.938820645213127 47.13627124577761 10.5
    endloop
  endfacet
  facet normal 0 0 1
    outer loop
      vertex 30.49384417384863 46.07821723073721 10.5
      vertex 31.938820645213127 47.13627124577761 10.5
      vertex 30.47552825510502 46.154508493840694 10.5
    endloop
  endfacet
  facet normal 0 0 1
    outer loop
      vertex 30.47552825510502 46.154508493840694 10.5
      vertex 31.938820645213127 47.13627124577761 10.5
      vertex 30.445503264665604 46.22699525207281 10.5
    endloop
  endfacet
  facet normal 0.8526401345608856 0.5224986133340404 0
    outer loop
      vertex -30.445503264665604 -46.22699525207281 4.5
      vertex -30.445503264665604 -46.22699525207281 10.5
      vertex -30.404508493840694 -46.2938926294446 4.5
    endloop
  endfacet
  facet normal 0.972369900234988 0.23344544783953108 0
    outer loop
      vertex -30.47552825510502 -46.154508493840694 4.5
      vertex -30.49384417384863 -46.07821723073721 4.5
      vertex -30.49384417384863 -46.07821723073721 10.5
    endloop
  endfacet
  facet normal 0.9969173371333554 0.07845905252384808 0
    outer loop
      vertex -30.49384417384863 -46.07821723073721 4.5
      vertex -30.5 -46 4.5
      vertex -30.5 -46 10.5
    endloop
  endfacet
  facet normal 0.923879568167986 0.3826833462821916 0
    outer loop
      vertex -30.445503264665604 -46.22699525207281 4.5
      vertex -30.47552825510502 -46.154508493840694 4.5
      vertex -30.47552825510502 -46.154508493840694 10.5
    endloop
  endfacet
  facet normal 0.5224986133340404 0.8526401345608856 0
    outer loop
      vertex -30.2938926294446 -46.404508493840694 4.5
      vertex -30.2938926294446 -46.404508493840694 10.5
      vertex -30.22699525207281 -46.445503264665604 4.5
    endloop
  endfacet
  facet normal 0.3826833462821916 0.923879568167986 0
    outer loop
      vertex -30.22699525207281 -46.445503264665604 4.5
      vertex -30.22699525207281 -46.445503264665604 10.5
      vertex -30.154508493840694 -46.47552825510502 4.5
    endloop
  endfacet
  facet normal 0.7604059852696942 0.6494480252999663 0
    outer loop
      vertex -30.404508493840694 -46.2938926294446 4.5
      vertex -30.404508493840694 -46.2938926294446 10.5
      vertex -30.353553391993046 -46.353553391993046 4.5
    endloop
  endfacet
  facet normal 0.6494480252999663 0.7604059852696942 0
    outer loop
      vertex -30.2938926294446 -46.404508493840694 4.5
      vertex -30.353553391993046 -46.353553391993046 4.5
      vertex -30.353553391993046 -46.353553391993046 10.5
    endloop
  endfacet
  facet normal 0.23344544783953108 0.972369900234988 0
    outer loop
      vertex -30.154508493840694 -46.47552825510502 4.5
      vertex -30.154508493840694 -46.47552825510502 10.5
      vertex -30.07821723073721 -46.49384417384863 4.5
    endloop
  endfacet
  facet normal 0.07845905252384808 0.9969173371333554 0
    outer loop
      vertex -30.07821723073721 -46.49384417384863 4.5
      vertex -30.07821723073721 -46.49384417384863 10.5
      vertex -30 -46.5 4.5
    endloop
  endfacet
  facet normal 0 1 0
    outer loop
      vertex -30 -46.5 4.5
      vertex -30 -46.5 10.5
      vertex -29.5 -46.5 4.5
    endloop
  endfacet
  facet normal 0.923879568167986 0.3826833462821916 0
    outer loop
      vertex -30.445503264665604 -46.22699525207281 4.5
      vertex -30.47552825510502 -46.154508493840694 10.5
      vertex -30.445503264665604 -46.22699525207281 10.5
    endloop
  endfacet
  facet normal 0.8526401345608856 0.5224986133340404 0
    outer loop
      vertex -30.404508493840694 -46.2938926294446 4.5
      vertex -30.445503264665604 -46.22699525207281 10.5
      vertex -30.404508493840694 -46.2938926294446 10.5
    endloop
  endfacet
  facet normal 0.972369900234988 0.23344544783953108 0
    outer loop
      vertex -30.47552825510502 -46.154508493840694 4.5
      vertex -30.49384417384863 -46.07821723073721 10.5
      vertex -30.47552825510502 -46.154508493840694 10.5
    endloop
  endfacet
  facet normal 0.9969173371333554 0.07845905252384808 0
    outer loop
      vertex -30.49384417384863 -46.07821723073721 4.5
      vertex -30.5 -46 10.5
      vertex -30.49384417384863 -46.07821723073721 10.5
    endloop
  endfacet
  facet normal 0.5224986133340404 0.8526401345608856 0
    outer loop
      vertex -30.22699525207281 -46.445503264665604 4.5
      vertex -30.2938926294446 -46.404508493840694 10.5
      vertex -30.22699525207281 -46.445503264665604 10.5
    endloop
  endfacet
  facet normal 0.3826833462821916 0.923879568167986 0
    outer loop
      vertex -30.154508493840694 -46.47552825510502 4.5
      vertex -30.22699525207281 -46.445503264665604 10.5
      vertex -30.154508493840694 -46.47552825510502 10.5
    endloop
  endfacet
  facet normal 0.7604059852696942 0.6494480252999663 0
    outer loop
      vertex -30.353553391993046 -46.353553391993046 4.5
      vertex -30.404508493840694 -46.2938926294446 10.5
      vertex -30.353553391993046 -46.353553391993046 10.5
    endloop
  endfacet
  facet normal 0.6494480252999663 0.7604059852696942 0
    outer loop
      vertex -30.2938926294446 -46.404508493840694 4.5
      vertex -30.353553391993046 -46.353553391993046 10.5
      vertex -30.2938926294446 -46.404508493840694 10.5
    endloop
  endfacet
  facet normal 0.23344544783953108 0.972369900234988 0
    outer loop
      vertex -30.07821723073721 -46.49384417384863 4.5
      vertex -30.154508493840694 -46.47552825510502 10.5
      vertex -30.07821723073721 -46.49384417384863 10.5
    endloop
  endfacet
  facet normal 0.07845905252384808 0.9969173371333554 0
    outer loop
      vertex -30 -46.5 4.5
      vertex -30.07821723073721 -46.49384417384863 10.5
      vertex -30 -46.5 10.5
    endloop
  endfacet
  facet normal 1 0 0
    outer loop
      vertex -30.5 -46 4.5
      vertex -30.5 -45.5 4.5
      vertex -30.5 46 10.5
    endloop
  endfacet
  facet normal 1 0 0
    outer loop
      vertex -30.5 -46 4.5
      vertex -30.5 46 10.5
      vertex -30.5 -46 10.5
    endloop
  endfacet
  facet normal 0 1 0
    outer loop
      vertex -29.5 -46.5 4.5
      vertex -30 -46.5 10.5
      vertex 29.5 -46.5 4.5
    endloop
  endfacet
  facet normal 1 0 0
    outer loop
      vertex -30.5 -45.5 4.5
      vertex -30.5 45.5 4.5
      vertex -30.5 46 10.5
    endloop
  endfacet
  facet normal 1 0 0
    outer loop
      vertex -30.5 45.5 4.5
      vertex -30.5 46 4.5
      vertex -30.5 46 10.5
    endloop
  endfacet
  facet normal 0.9969173371333554 -0.07845905252384808 0
    outer loop
      vertex -30.5 46 4.5
      vertex -30.49384417384863 46.07821723073721 4.5
      vertex -30.49384417384863 46.07821723073721 10.5
    endloop
  endfacet
  facet normal 0.972369900234988 -0.23344544783953108 0
    outer loop
      vertex -30.49384417384863 46.07821723073721 4.5
      vertex -30.47552825510502 46.154508493840694 4.5
      vertex -30.47552825510502 46.154508493840694 10.5
    endloop
  endfacet
  facet normal 0.923879568167986 -0.3826833462821916 0
    outer loop
      vertex -30.47552825510502 46.154508493840694 4.5
      vertex -30.445503264665604 46.22699525207281 4.5
      vertex -30.445503264665604 46.22699525207281 10.5
    endloop
  endfacet
  facet normal 0.8526401345608856 -0.5224986133340404 0
    outer loop
      vertex -30.445503264665604 46.22699525207281 4.5
      vertex -30.404508493840694 46.2938926294446 4.5
      vertex -30.404508493840694 46.2938926294446 10.5
    endloop
  endfacet
  facet normal 0.7604059852696942 -0.6494480252999663 0
    outer loop
      vertex -30.404508493840694 46.2938926294446 4.5
      vertex -30.353553391993046 46.353553391993046 4.5
      vertex -30.353553391993046 46.353553391993046 10.5
    endloop
  endfacet
  facet normal 0.6494480252999663 -0.7604059852696942 0
    outer loop
      vertex -30.353553391993046 46.353553391993046 4.5
      vertex -30.2938926294446 46.404508493840694 4.5
      vertex -30.2938926294446 46.404508493840694 10.5
    endloop
  endfacet
  facet normal 0.5224986133340404 -0.8526401345608856 0
    outer loop
      vertex -30.2938926294446 46.404508493840694 4.5
      vertex -30.22699525207281 46.445503264665604 4.5
      vertex -30.22699525207281 46.445503264665604 10.5
    endloop
  endfacet
  facet normal 0.3826833462821916 -0.923879568167986 0
    outer loop
      vertex -30.22699525207281 46.445503264665604 4.5
      vertex -30.154508493840694 46.47552825510502 4.5
      vertex -30.154508493840694 46.47552825510502 10.5
    endloop
  endfacet
  facet normal 0.23344544783953108 -0.972369900234988 0
    outer loop
      vertex -30.154508493840694 46.47552825510502 4.5
      vertex -30.07821723073721 46.49384417384863 4.5
      vertex -30.07821723073721 46.49384417384863 10.5
    endloop
  endfacet
  facet normal 0.07845905252384808 -0.9969173371333554 0
    outer loop
      vertex -30.07821723073721 46.49384417384863 4.5
      vertex -30 46.5 4.5
      vertex -30 46.5 10.5
    endloop
  endfacet
  facet normal 0.9969173371333554 -0.07845905252384808 0
    outer loop
      vertex -30.5 46 4.5
      vertex -30.49384417384863 46.07821723073721 10.5
      vertex -30.5 46 10.5
    endloop
  endfacet
  facet normal 0.972369900234988 -0.23344544783953108 0
    outer loop
      vertex -30.49384417384863 46.07821723073721 4.5
      vertex -30.47552825510502 46.154508493840694 10.5
      vertex -30.49384417384863 46.07821723073721 10.5
    endloop
  endfacet
  facet normal 0.923879568167986 -0.3826833462821916 0
    outer loop
      vertex -30.47552825510502 46.154508493840694 4.5
      vertex -30.445503264665604 46.22699525207281 10.5
      vertex -30.47552825510502 46.154508493840694 10.5
    endloop
  endfacet
  facet normal 0.8526401345608856 -0.5224986133340404 0
    outer loop
      vertex -30.445503264665604 46.22699525207281 4.5
      vertex -30.404508493840694 46.2938926294446 10.5
      vertex -30.445503264665604 46.22699525207281 10.5
    endloop
  endfacet
  facet normal 0.7604059852696942 -0.6494480252999663 0
    outer loop
      vertex -30.404508493840694 46.2938926294446 4.5
      vertex -30.353553391993046 46.353553391993046 10.5
      vertex -30.404508493840694 46.2938926294446 10.5
    endloop
  endfacet
  facet normal 0.6494480252999663 -0.7604059852696942 0
    outer loop
      vertex -30.353553391993046 46.353553391993046 4.5
      vertex -30.2938926294446 46.404508493840694 10.5
      vertex -30.353553391993046 46.353553391993046 10.5
    endloop
  endfacet
  facet normal 0.5224986133340404 -0.8526401345608856 0
    outer loop
      vertex -30.2938926294446 46.404508493840694 4.5
      vertex -30.22699525207281 46.445503264665604 10.5
      vertex -30.2938926294446 46.404508493840694 10.5
    endloop
  endfacet
  facet normal 0.3826833462821916 -0.923879568167986 0
    outer loop
      vertex -30.22699525207281 46.445503264665604 4.5
      vertex -30.154508493840694 46.47552825510502 10.5
      vertex -30.22699525207281 46.445503264665604 10.5
    endloop
  endfacet
  facet normal 0.23344544783953108 -0.972369900234988 0
    outer loop
      vertex -30.154508493840694 46.47552825510502 4.5
      vertex -30.07821723073721 46.49384417384863 10.5
      vertex -30.154508493840694 46.47552825510502 10.5
    endloop
  endfacet
  facet normal 0.07845905252384808 -0.9969173371333554 0
    outer loop
      vertex -30.07821723073721 46.49384417384863 4.5
      vertex -30 46.5 10.5
      vertex -30.07821723073721 46.49384417384863 10.5
    endloop
  endfacet
  facet normal 0 -1 0
    outer loop
      vertex -30 46.5 4.5
      vertex -29.5 46.5 4.5
      vertex 30 46.5 10.5
    endloop
  endfacet
  facet normal 0 -1 0
    outer loop
      vertex -30 46.5 4.5
      vertex 30 46.5 10.5
      vertex -30 46.5 10.5
    endloop
  endfacet
  facet normal 0 1 0
    outer loop
      vertex -30 -46.5 10.5
      vertex 30 -46.5 4.5
      vertex 29.5 -46.5 4.5
    endloop
  endfacet
  facet normal 0 1 0
    outer loop
      vertex -30 -46.5 10.5
      vertex 30 -46.5 10.5
      vertex 30 -46.5 4.5
    endloop
  endfacet
  facet normal -0.07845905252384808 0.9969173371333554 0
    outer loop
      vertex 30 -46.5 4.5
      vertex 30 -46.5 10.5
      vertex 30.07821723073721 -46.49384417384863 4.5
    endloop
  endfacet
  facet normal -0.23344544783953108 0.972369900234988 0
    outer loop
      vertex 30.07821723073721 -46.49384417384863 4.5
      vertex 30.07821723073721 -46.49384417384863 10.5
      vertex 30.154508493840694 -46.47552825510502 4.5
    endloop
  endfacet
  facet normal -0.3826833462821916 0.923879568167986 0
    outer loop
      vertex 30.154508493840694 -46.47552825510502 4.5
      vertex 30.154508493840694 -46.47552825510502 10.5
      vertex 30.22699525207281 -46.445503264665604 4.5
    endloop
  endfacet
  facet normal -0.5224986133340404 0.8526401345608856 0
    outer loop
      vertex 30.22699525207281 -46.445503264665604 4.5
      vertex 30.22699525207281 -46.445503264665604 10.5
      vertex 30.2938926294446 -46.404508493840694 4.5
    endloop
  endfacet
  facet normal -0.6494480252999663 0.7604059852696942 0
    outer loop
      vertex 30.2938926294446 -46.404508493840694 4.5
      vertex 30.2938926294446 -46.404508493840694 10.5
      vertex 30.353553391993046 -46.353553391993046 4.5
    endloop
  endfacet
  facet normal -0.7604059852696942 0.6494480252999663 0
    outer loop
      vertex 30.353553391993046 -46.353553391993046 4.5
      vertex 30.353553391993046 -46.353553391993046 10.5
      vertex 30.404508493840694 -46.2938926294446 4.5
    endloop
  endfacet
  facet normal -0.8526401345608856 0.5224986133340404 0
    outer loop
      vertex 30.404508493840694 -46.2938926294446 4.5
      vertex 30.404508493840694 -46.2938926294446 10.5
      vertex 30.445503264665604 -46.22699525207281 4.5
    endloop
  endfacet
  facet normal -0.923879568167986 0.3826833462821916 0
    outer loop
      vertex 30.445503264665604 -46.22699525207281 4.5
      vertex 30.445503264665604 -46.22699525207281 10.5
      vertex 30.47552825510502 -46.154508493840694 4.5
    endloop
  endfacet
  facet normal -0.972369900234988 0.23344544783953108 0
    outer loop
      vertex 30.47552825510502 -46.154508493840694 4.5
      vertex 30.47552825510502 -46.154508493840694 10.5
      vertex 30.49384417384863 -46.07821723073721 4.5
    endloop
  endfacet
  facet normal -0.9969173371333554 0.07845905252384808 0
    outer loop
      vertex 30.49384417384863 -46.07821723073721 4.5
      vertex 30.49384417384863 -46.07821723073721 10.5
      vertex 30.5 -46 4.5
    endloop
  endfacet
  facet normal -1 0 0
    outer loop
      vertex 30.5 -46 4.5
      vertex 30.5 -46 10.5
      vertex 30.5 -45.5 4.5
    endloop
  endfacet
  facet normal -0.07845905252384808 0.9969173371333554 0
    outer loop
      vertex 30.07821723073721 -46.49384417384863 4.5
      vertex 30 -46.5 10.5
      vertex 30.07821723073721 -46.49384417384863 10.5
    endloop
  endfacet
  facet normal -0.23344544783953108 0.972369900234988 0
    outer loop
      vertex 30.154508493840694 -46.47552825510502 4.5
      vertex 30.07821723073721 -46.49384417384863 10.5
      vertex 30.154508493840694 -46.47552825510502 10.5
    endloop
  endfacet
  facet normal -0.3826833462821916 0.923879568167986 0
    outer loop
      vertex 30.22699525207281 -46.445503264665604 4.5
      vertex 30.154508493840694 -46.47552825510502 10.5
      vertex 30.22699525207281 -46.445503264665604 10.5
    endloop
  endfacet
  facet normal -0.5224986133340404 0.8526401345608856 0
    outer loop
      vertex 30.2938926294446 -46.404508493840694 4.5
      vertex 30.22699525207281 -46.445503264665604 10.5
      vertex 30.2938926294446 -46.404508493840694 10.5
    endloop
  endfacet
  facet normal -0.6494480252999663 0.7604059852696942 0
    outer loop
      vertex 30.353553391993046 -46.353553391993046 4.5
      vertex 30.2938926294446 -46.404508493840694 10.5
      vertex 30.353553391993046 -46.353553391993046 10.5
    endloop
  endfacet
  facet normal -0.7604059852696942 0.6494480252999663 0
    outer loop
      vertex 30.404508493840694 -46.2938926294446 4.5
      vertex 30.353553391993046 -46.353553391993046 10.5
      vertex 30.404508493840694 -46.2938926294446 10.5
    endloop
  endfacet
  facet normal -0.8526401345608856 0.5224986133340404 0
    outer loop
      vertex 30.445503264665604 -46.22699525207281 4.5
      vertex 30.404508493840694 -46.2938926294446 10.5
      vertex 30.445503264665604 -46.22699525207281 10.5
    endloop
  endfacet
  facet normal -0.923879568167986 0.3826833462821916 0
    outer loop
      vertex 30.47552825510502 -46.154508493840694 4.5
      vertex 30.445503264665604 -46.22699525207281 10.5
      vertex 30.47552825510502 -46.154508493840694 10.5
    endloop
  endfacet
  facet normal -0.972369900234988 0.23344544783953108 0
    outer loop
      vertex 30.49384417384863 -46.07821723073721 4.5
      vertex 30.47552825510502 -46.154508493840694 10.5
      vertex 30.49384417384863 -46.07821723073721 10.5
    endloop
  endfacet
  facet normal -0.9969173371333554 0.07845905252384808 0
    outer loop
      vertex 30.5 -46 4.5
      vertex 30.49384417384863 -46.07821723073721 10.5
      vertex 30.5 -46 10.5
    endloop
  endfacet
  facet normal -1 0 0
    outer loop
      vertex 30.5 -45.5 4.5
      vertex 30.5 -46 10.5
      vertex 30.5 45.5 4.5
    endloop
  endfacet
  facet normal 0 -1 0
    outer loop
      vertex -29.5 46.5 4.5
      vertex 29.5 46.5 4.5
      vertex 30 46.5 10.5
    endloop
  endfacet
  facet normal -1 0 0
    outer loop
      vertex 30.5 -46 10.5
      vertex 30.5 46 4.5
      vertex 30.5 45.5 4.5
    endloop
  endfacet
  facet normal -1 0 0
    outer loop
      vertex 30.5 -46 10.5
      vertex 30.5 46 10.5
      vertex 30.5 46 4.5
    endloop
  endfacet
  facet normal 0 -1 0
    outer loop
      vertex 29.5 46.5 4.5
      vertex 30 46.5 4.5
      vertex 30 46.5 10.5
    endloop
  endfacet
  facet normal -0.07845905252384808 -0.9969173371333554 0
    outer loop
      vertex 30 46.5 4.5
      vertex 30.07821723073721 46.49384417384863 4.5
      vertex 30.07821723073721 46.49384417384863 10.5
    endloop
  endfacet
  facet normal -0.23344544783953108 -0.972369900234988 0
    outer loop
      vertex 30.07821723073721 46.49384417384863 4.5
      vertex 30.154508493840694 46.47552825510502 4.5
      vertex 30.154508493840694 46.47552825510502 10.5
    endloop
  endfacet
  facet normal -0.6494480252999663 -0.7604059852696942 0
    outer loop
      vertex 30.353553391993046 46.353553391993046 4.5
      vertex 30.353553391993046 46.353553391993046 10.5
      vertex 30.2938926294446 46.404508493840694 4.5
    endloop
  endfacet
  facet normal -0.7604059852696942 -0.6494480252999663 0
    outer loop
      vertex 30.353553391993046 46.353553391993046 4.5
      vertex 30.404508493840694 46.2938926294446 4.5
      vertex 30.404508493840694 46.2938926294446 10.5
    endloop
  endfacet
  facet normal -0.3826833462821916 -0.923879568167986 0
    outer loop
      vertex 30.154508493840694 46.47552825510502 4.5
      vertex 30.22699525207281 46.445503264665604 4.5
      vertex 30.22699525207281 46.445503264665604 10.5
    endloop
  endfacet
  facet normal -0.5224986133340404 -0.8526401345608856 0
    outer loop
      vertex 30.22699525207281 46.445503264665604 4.5
      vertex 30.2938926294446 46.404508493840694 4.5
      vertex 30.2938926294446 46.404508493840694 10.5
    endloop
  endfacet
  facet normal -0.923879568167986 -0.3826833462821916 0
    outer loop
      vertex 30.47552825510502 46.154508493840694 4.5
      vertex 30.47552825510502 46.154508493840694 10.5
      vertex 30.445503264665604 46.22699525207281 4.5
    endloop
  endfacet
  facet normal -0.9969173371333554 -0.07845905252384808 0
    outer loop
      vertex 30.5 46 4.5
      vertex 30.5 46 10.5
      vertex 30.49384417384863 46.07821723073721 4.5
    endloop
  endfacet
  facet normal -0.972369900234988 -0.23344544783953108 0
    outer loop
      vertex 30.49384417384863 46.07821723073721 4.5
      vertex 30.49384417384863 46.07821723073721 10.5
      vertex 30.47552825510502 46.154508493840694 4.5
    endloop
  endfacet
  facet normal -0.8526401345608856 -0.5224986133340404 0
    outer loop
      vertex 30.404508493840694 46.2938926294446 4.5
      vertex 30.445503264665604 46.22699525207281 4.5
      vertex 30.445503264665604 46.22699525207281 10.5
    endloop
  endfacet
  facet normal -0.07845905252384808 -0.9969173371333554 0
    outer loop
      vertex 30 46.5 4.5
      vertex 30.07821723073721 46.49384417384863 10.5
      vertex 30 46.5 10.5
    endloop
  endfacet
  facet normal -0.23344544783953108 -0.972369900234988 0
    outer loop
      vertex 30.07821723073721 46.49384417384863 4.5
      vertex 30.154508493840694 46.47552825510502 10.5
      vertex 30.07821723073721 46.49384417384863 10.5
    endloop
  endfacet
  facet normal -0.6494480252999663 -0.7604059852696942 0
    outer loop
      vertex 30.2938926294446 46.404508493840694 4.5
      vertex 30.353553391993046 46.353553391993046 10.5
      vertex 30.2938926294446 46.404508493840694 10.5
    endloop
  endfacet
  facet normal -0.7604059852696942 -0.6494480252999663 0
    outer loop
      vertex 30.353553391993046 46.353553391993046 4.5
      vertex 30.404508493840694 46.2938926294446 10.5
      vertex 30.353553391993046 46.353553391993046 10.5
    endloop
  endfacet
  facet normal -0.3826833462821916 -0.923879568167986 0
    outer loop
      vertex 30.154508493840694 46.47552825510502 4.5
      vertex 30.22699525207281 46.445503264665604 10.5
      vertex 30.154508493840694 46.47552825510502 10.5
    endloop
  endfacet
  facet normal -0.5224986133340404 -0.8526401345608856 0
    outer loop
      vertex 30.22699525207281 46.445503264665604 4.5
      vertex 30.2938926294446 46.404508493840694 10.5
      vertex 30.22699525207281 46.445503264665604 10.5
    endloop
  endfacet
  facet normal -0.9969173371333554 -0.07845905252384808 0
    outer loop
      vertex 30.49384417384863 46.07821723073721 4.5
      vertex 30.5 46 10.5
      vertex 30.49384417384863 46.07821723073721 10.5
    endloop
  endfacet
  facet normal -0.972369900234988 -0.23344544783953108 0
    outer loop
      vertex 30.47552825510502 46.154508493840694 4.5
      vertex 30.49384417384863 46.07821723073721 10.5
      vertex 30.47552825510502 46.154508493840694 10.5
    endloop
  endfacet
  facet normal -0.8526401345608856 -0.5224986133340404 0
    outer loop
      vertex 30.404508493840694 46.2938926294446 4.5
      vertex 30.445503264665604 46.22699525207281 10.5
      vertex 30.404508493840694 46.2938926294446 10.5
    endloop
  endfacet
  facet normal -0.923879568167986 -0.3826833462821916 0
    outer loop
      vertex 30.445503264665604 46.22699525207281 4.5
      vertex 30.47552825510502 46.154508493840694 10.5
      vertex 30.445503264665604 46.22699525207281 10.5
    endloop
  endfacet
  facet normal -1 0 0
    outer loop
      vertex -32.5 -6 7
      vertex -32.5 -6 7.01
      vertex -32.5 6 7.01
    endloop
  endfacet
  facet normal 0 0 -1
    outer loop
      vertex -32.5 -6 7
      vertex -32 6 7
      vertex -32 -6 7
    endloop
  endfacet
  facet normal 0 -1 0
    outer loop
      vertex -32.5 -6 7
      vertex -32.01 -6 8.51
      vertex -32.5 -6 7.01
    endloop
  endfacet
  facet normal 0 -1 0
    outer loop
      vertex -32.5 -6 7
      vertex -32 -6 7
      vertex -32 -6 8.51
    endloop
  endfacet
  facet normal -0.9505672882818043 0 0.31051864750539065
    outer loop
      vertex -32.5 -6 7.01
      vertex -32.01 -6 8.51
      vertex -32.5 6 7.01
    endloop
  endfacet
  facet normal 0 -1 0
    outer loop
      vertex -32.5 -6 7
      vertex -32 -6 8.51
      vertex -32.01 -6 8.51
    endloop
  endfacet
  facet normal 0 0 1
    outer loop
      vertex -32.01 -6 8.51
      vertex -32 -6 8.51
      vertex -32 6 8.51
    endloop
  endfacet
  facet normal -1 0 0
    outer loop
      vertex -32.5 -6 7
      vertex -32.5 6 7.01
      vertex -32.5 6 7
    endloop
  endfacet
  facet normal 0 0 -1
    outer loop
      vertex -32.5 -6 7
      vertex -32.5 6 7
      vertex -32 6 7
    endloop
  endfacet
  facet normal 0 1 0
    outer loop
      vertex -32.5 6 7
      vertex -32.5 6 7.01
      vertex -32 6 7
    endloop
  endfacet
  facet normal 0 1 0
    outer loop
      vertex -32.5 6 7.01
      vertex -32 6 8.51
      vertex -32 6 7
    endloop
  endfacet
  facet normal -0.9505672882818043 0 0.31051864750539065
    outer loop
      vertex -32.01 -6 8.51
      vertex -32.01 6 8.51
      vertex -32.5 6 7.01
    endloop
  endfacet
  facet normal 0 0 1
    outer loop
      vertex -32.01 -6 8.51
      vertex -32 6 8.51
      vertex -32.01 6 8.51
    endloop
  endfacet
  facet normal 0 1 0
    outer loop
      vertex -32.5 6 7.01
      vertex -32.01 6 8.51
      vertex -32 6 8.51
    endloop
  endfacet
  facet normal 0 -1 0
    outer loop
      vertex 32 -6 7
      vertex 32.5 -6 7
      vertex 32.5 -6 7.01
    endloop
  endfacet
  facet normal 0 0 -1
    outer loop
      vertex 32 -6 7
      vertex 32.5 6 7
      vertex 32.5 -6 7
    endloop
  endfacet
  facet normal 1 0 0
    outer loop
      vertex 32.5 -6 7
      vertex 32.5 6 7
      vertex 32.5 -6 7.01
    endloop
  endfacet
  facet normal 0 -1 0
    outer loop
      vertex 32 -6 7
      vertex 32.5 -6 7.01
      vertex 32 -6 8.51
    endloop
  endfacet
  facet normal 0 -1 0
    outer loop
      vertex 32.5 -6 7.01
      vertex 32.01 -6 8.51
      vertex 32 -6 8.51
    endloop
  endfacet
  facet normal 0.9505672882818043 0 0.31051864750539065
    outer loop
      vertex 32.5 -6 7.01
      vertex 32.01 6 8.51
      vertex 32.01 -6 8.51
    endloop
  endfacet
  facet normal 0 0 1
    outer loop
      vertex 32.01 -6 8.51
      vertex 32.01 6 8.51
      vertex 32 -6 8.51
    endloop
  endfacet
  facet normal 0 0 -1
    outer loop
      vertex 32 -6 7
      vertex 32 6 7
      vertex 32.5 6 7
    endloop
  endfacet
  facet normal 1 0 0
    outer loop
      vertex 32.5 -6 7.01
      vertex 32.5 6 7
      vertex 32.5 6 7.01
    endloop
  endfacet
  facet normal 0.9505672882818043 0 0.31051864750539065
    outer loop
      vertex 32.5 -6 7.01
      vertex 32.5 6 7.01
      vertex 32.01 6 8.51
    endloop
  endfacet
  facet normal 0 1 0
    outer loop
      vertex 32 6 7
      vertex 32 6 8.51
      vertex 32.5 6 7
    endloop
  endfacet
  facet normal 0 1 0
    outer loop
      vertex 32.5 6 7
      vertex 32.01 6 8.51
      vertex 32.5 6 7.01
    endloop
  endfacet
  facet normal 0 0 1
    outer loop
      vertex 32 -6 8.51
      vertex 32.01 6 8.51
      vertex 32 6 8.51
    endloop
  endfacet
  facet normal 0 1 0
    outer loop
      vertex 32.5 6 7
      vertex 32 6 8.51
      vertex 32.01 6 8.51
    endloop
  endfacet
  facet normal -1 0 0
    outer loop
      vertex -6 -48.5 7
      vertex -6 -48.5 7.01
      vertex -6 -48 7
    endloop
  endfacet
  facet normal -1 0 0
    outer loop
      vertex -6 -48.5 7.01
      vertex -6 -48 8.51
      vertex -6 -48 7
    endloop
  endfacet
  facet normal 0 -1 0
    outer loop
      vertex -6 -48.5 7
      vertex 6 -48.5 7
      vertex -6 -48.5 7.01
    endloop
  endfacet
  facet normal 0 0 -1
    outer loop
      vertex -6 -48.5 7
      vertex -6 -48 7
      vertex 6 -48.5 7
    endloop
  endfacet
  facet normal -1 0 0
    outer loop
      vertex -6 -48.5 7.01
      vertex -6 -48.01 8.51
      vertex -6 -48 8.51
    endloop
  endfacet
  facet normal 0 -0.9505672882818043 0.31051864750539065
    outer loop
      vertex -6 -48.5 7.01
      vertex 6 -48.01 8.51
      vertex -6 -48.01 8.51
    endloop
  endfacet
  facet normal 0 0 1
    outer loop
      vertex -6 -48.01 8.51
      vertex 6 -48.01 8.51
      vertex -6 -48 8.51
    endloop
  endfacet
  facet normal 0 -1 0
    outer loop
      vertex -6 -48.5 7.01
      vertex 6 -48.5 7
      vertex 6 -48.5 7.01
    endloop
  endfacet
  facet normal 0 0 -1
    outer loop
      vertex -6 -48 7
      vertex 6 -48 7
      vertex 6 -48.5 7
    endloop
  endfacet
  facet normal 0 -0.9505672882818043 0.31051864750539065
    outer loop
      vertex -6 -48.5 7.01
      vertex 6 -48.5 7.01
      vertex 6 -48.01 8.51
    endloop
  endfacet
  facet normal 1 0 0
    outer loop
      vertex 6 -48.5 7
      vertex 6 -48 7
      vertex 6 -48 8.51
    endloop
  endfacet
  facet normal 1 0 0
    outer loop
      vertex 6 -48.5 7
      vertex 6 -48.01 8.51
      vertex 6 -48.5 7.01
    endloop
  endfacet
  facet normal 0 0 1
    outer loop
      vertex -6 -48 8.51
      vertex 6 -48.01 8.51
      vertex 6 -48 8.51
    endloop
  endfacet
  facet normal 1 0 0
    outer loop
      vertex 6 -48.5 7
      vertex 6 -48 8.51
      vertex 6 -48.01 8.51
    endloop
  endfacet
  facet normal -1 0 0
    outer loop
      vertex -6 48 7
      vertex -6 48 8.51
      vertex -6 48.5 7
    endloop
  endfacet
  facet normal -1 0 0
    outer loop
      vertex -6 48.5 7
      vertex -6 48.01 8.51
      vertex -6 48.5 7.01
    endloop
  endfacet
  facet normal 0 0 -1
    outer loop
      vertex -6 48 7
      vertex -6 48.5 7
      vertex 6 48 7
    endloop
  endfacet
  facet normal 0 1 0
    outer loop
      vertex -6 48.5 7
      vertex -6 48.5 7.01
      vertex 6 48.5 7.01
    endloop
  endfacet
  facet normal 0 0.9505672882818043 0.31051864750539065
    outer loop
      vertex -6 48.5 7.01
      vertex -6 48.01 8.51
      vertex 6 48.5 7.01
    endloop
  endfacet
  facet normal -1 0 0
    outer loop
      vertex -6 48.5 7
      vertex -6 48 8.51
      vertex -6 48.01 8.51
    endloop
  endfacet
  facet normal 0 0 1
    outer loop
      vertex -6 48.01 8.51
      vertex -6 48 8.51
      vertex 6 48 8.51
    endloop
  endfacet
  facet normal 0 0 -1
    outer loop
      vertex -6 48.5 7
      vertex 6 48.5 7
      vertex 6 48 7
    endloop
  endfacet
  facet normal 0 1 0
    outer loop
      vertex -6 48.5 7
      vertex 6 48.5 7.01
      vertex 6 48.5 7
    endloop
  endfacet
  facet normal 1 0 0
    outer loop
      vertex 6 48 7
      vertex 6 48.5 7
      vertex 6 48.5 7.01
    endloop
  endfacet
  facet normal 1 0 0
    outer loop
      vertex 6 48 7
      vertex 6 48.5 7.01
      vertex 6 48 8.51
    endloop
  endfacet
  facet normal 0 0.9505672882818043 0.31051864750539065
    outer loop
      vertex -6 48.01 8.51
      vertex 6 48.01 8.51
      vertex 6 48.5 7.01
    endloop
  endfacet
  facet normal 0 0 1
    outer loop
      vertex -6 48.01 8.51
      vertex 6 48 8.51
      vertex 6 48.01 8.51
    endloop
  endfacet
  facet normal 1 0 0
    outer loop
      vertex 6 48.5 7.01
      vertex 6 48.01 8.51
      vertex 6 48 8.51
    endloop
  endfacet
  facet normal 0 0 -1
    outer loop
      vertex -34.55422606319189 -47.98606798052788 0
      vertex -34.70075336098671 -47.375737860798836 0
      vertex -25 -35.5 0
    endloop
  endfacet
  facet normal 0 0 -1
    outer loop
      vertex -34.70075336098671 -47.375737860798836 0
      vertex -34.75 -46.75 0
      vertex -25 -35.5 0
    endloop
  endfacet
  facet normal 0 0 -1
    outer loop
      vertex -34.55422606319189 -47.98606798052788 0
      vertex -24.381677880883217 -36.713525488972664 0
      vertex -24.180985748767853 -36.83650978654623 0
    endloop
  endfacet
  facet normal 0 0 -1
    outer loop
      vertex -34.55422606319189 -47.98606798052788 0
      vertex -24.83650978654623 -36.18098574876785 0
      vertex -24.713525488972664 -36.38167788088322 0
    endloop
  endfacet
  facet normal 0 0 -1
    outer loop
      vertex -34.55422606319189 -47.98606798052788 0
      vertex -24.926584772765636 -35.963525488972664 0
      vertex -24.83650978654623 -36.18098574876785 0
    endloop
  endfacet
  facet normal 0 0 -1
    outer loop
      vertex -34.55422606319189 -47.98606798052788 0
      vertex -24.981532514095306 -35.73465169966221 0
      vertex -24.926584772765636 -35.963525488972664 0
    endloop
  endfacet
  facet normal 0 0 -1
    outer loop
      vertex -34.55422606319189 -47.98606798052788 0
      vertex -25 -35.5 0
      vertex -24.981532514095306 -35.73465169966221 0
    endloop
  endfacet
  facet normal 0 0 -1
    outer loop
      vertex -34.55422606319189 -47.98606798052788 0
      vertex -24.713525488972664 -36.38167788088322 0
      vertex -24.560660168528557 -36.56066016852856 0
    endloop
  endfacet
  facet normal 0 0 -1
    outer loop
      vertex -34.55422606319189 -47.98606798052788 0
      vertex -24.560660168528557 -36.56066016852856 0
      vertex -24.381677880883217 -36.713525488972664 0
    endloop
  endfacet
  facet normal 0 0 -1
    outer loop
      vertex -34.55422606319189 -47.98606798052788 0
      vertex -24.180985748767853 -36.83650978654623 0
      vertex -23.963525488972664 -36.926584772765636 0
    endloop
  endfacet
  facet normal 0 0 -1
    outer loop
      vertex -34.55422606319189 -47.98606798052788 0
      vertex -23.963525488972664 -36.926584772765636 0
      vertex -23.73465169966221 -36.981532514095306 0
    endloop
  endfacet
  facet normal -0.7604059601108804 -0.6494480547571531 0
    outer loop
      vertex -33.98606798052788 -49.10114100575447 0
      vertex -33.578427121043205 -49.578427121043205 0
      vertex -33.98606798052788 -49.10114100575447 4.5
    endloop
  endfacet
  facet normal -0.9723699203900633 -0.2334453638876171 0
    outer loop
      vertex -34.55422606319189 -47.98606798052788 0
      vertex -34.70075336098671 -47.375737860798836 4.5
      vertex -34.70075336098671 -47.375737860798836 0
    endloop
  endfacet
  facet normal -0.9238795325574901 -0.382683432253545 0
    outer loop
      vertex -34.31402609497309 -48.56596200168133 0
      vertex -34.55422606319189 -47.98606798052788 4.5
      vertex -34.55422606319189 -47.98606798052788 0
    endloop
  endfacet
  facet normal -0.8526401650970484 -0.5224985635035544 0
    outer loop
      vertex -34.31402609497309 -48.56596200168133 0
      vertex -33.98606798052788 -49.10114100575447 0
      vertex -34.31402609497309 -48.56596200168133 4.5
    endloop
  endfacet
  facet normal -0.6494480547571531 -0.7604059601108804 0
    outer loop
      vertex -33.578427121043205 -49.578427121043205 0
      vertex -33.10114100575447 -49.98606798052788 0
      vertex -33.578427121043205 -49.578427121043205 4.5
    endloop
  endfacet
  facet normal -0.5224985635035544 -0.8526401650970484 0
    outer loop
      vertex -33.10114100575447 -49.98606798052788 0
      vertex -32.56596200168133 -50.31402609497309 0
      vertex -33.10114100575447 -49.98606798052788 4.5
    endloop
  endfacet
  facet normal -0.9969173335656912 -0.07845909785533144 0
    outer loop
      vertex -34.70075336098671 -47.375737860798836 0
      vertex -34.75 -46.75 4.5
      vertex -34.75 -46.75 0
    endloop
  endfacet
  facet normal -0.382683432253545 -0.9238795325574901 0
    outer loop
      vertex -32.56596200168133 -50.31402609497309 0
      vertex -31.986067980527878 -50.55422606319189 0
      vertex -32.56596200168133 -50.31402609497309 4.5
    endloop
  endfacet
  facet normal -0.2334453638876171 -0.9723699203900633 0
    outer loop
      vertex -31.986067980527878 -50.55422606319189 0
      vertex -31.375737860798836 -50.70075336098671 0
      vertex -31.986067980527878 -50.55422606319189 4.5
    endloop
  endfacet
  facet normal -0.07845909785533144 -0.9969173335656912 0
    outer loop
      vertex -31.375737860798836 -50.70075336098671 0
      vertex -30.75 -50.75 0
      vertex -31.375737860798836 -50.70075336098671 4.5
    endloop
  endfacet
  facet normal -0.7604059601108804 -0.6494480547571531 0
    outer loop
      vertex -33.578427121043205 -49.578427121043205 0
      vertex -33.578427121043205 -49.578427121043205 4.5
      vertex -33.98606798052788 -49.10114100575447 4.5
    endloop
  endfacet
  facet normal -0.9238795325574901 -0.382683432253545 0
    outer loop
      vertex -34.31402609497309 -48.56596200168133 0
      vertex -34.31402609497309 -48.56596200168133 4.5
      vertex -34.55422606319189 -47.98606798052788 4.5
    endloop
  endfacet
  facet normal -0.9723699203900633 -0.2334453638876171 0
    outer loop
      vertex -34.55422606319189 -47.98606798052788 0
      vertex -34.55422606319189 -47.98606798052788 4.5
      vertex -34.70075336098671 -47.375737860798836 4.5
    endloop
  endfacet
  facet normal -0.8526401650970484 -0.5224985635035544 0
    outer loop
      vertex -33.98606798052788 -49.10114100575447 0
      vertex -33.98606798052788 -49.10114100575447 4.5
      vertex -34.31402609497309 -48.56596200168133 4.5
    endloop
  endfacet
  facet normal -0.6494480547571531 -0.7604059601108804 0
    outer loop
      vertex -33.10114100575447 -49.98606798052788 0
      vertex -33.10114100575447 -49.98606798052788 4.5
      vertex -33.578427121043205 -49.578427121043205 4.5
    endloop
  endfacet
  facet normal -0.5224985635035544 -0.8526401650970484 0
    outer loop
      vertex -32.56596200168133 -50.31402609497309 0
      vertex -32.56596200168133 -50.31402609497309 4.5
      vertex -33.10114100575447 -49.98606798052788 4.5
    endloop
  endfacet
  facet normal -0.9969173335656912 -0.07845909785533144 0
    outer loop
      vertex -34.70075336098671 -47.375737860798836 0
      vertex -34.70075336098671 -47.375737860798836 4.5
      vertex -34.75 -46.75 4.5
    endloop
  endfacet
  facet normal -0.382683432253545 -0.9238795325574901 0
    outer loop
      vertex -31.986067980527878 -50.55422606319189 0
      vertex -31.986067980527878 -50.55422606319189 4.5
      vertex -32.56596200168133 -50.31402609497309 4.5
    endloop
  endfacet
  facet normal -0.2334453638876171 -0.9723699203900633 0
    outer loop
      vertex -31.375737860798836 -50.70075336098671 0
      vertex -31.375737860798836 -50.70075336098671 4.5
      vertex -31.986067980527878 -50.55422606319189 4.5
    endloop
  endfacet
  facet normal -0.07845909785533144 -0.9969173335656912 0
    outer loop
      vertex -30.75 -50.75 0
      vertex -30.75 -50.75 4.5
      vertex -31.375737860798836 -50.70075336098671 4.5
    endloop
  endfacet
  facet normal 0 0 1
    outer loop
      vertex -34.31402609497309 -48.56596200168133 4.5
      vertex -31.317488126456738 -47.86375815421343 4.5
      vertex -34.55422606319189 -47.98606798052788 4.5
    endloop
  endfacet
  facet normal 0 0 1
    outer loop
      vertex -34.31402609497309 -48.56596200168133 4.5
      vertex -33.98606798052788 -49.10114100575447 4.5
      vertex -30.75 -48 4.5
    endloop
  endfacet
  facet normal 0 0 1
    outer loop
      vertex -34.55422606319189 -47.98606798052788 4.5
      vertex -31.761271245777607 -47.48473156243563 4.5
      vertex -31.86375815421343 -47.31748812645674 4.5
    endloop
  endfacet
  facet normal 0 0 1
    outer loop
      vertex -34.55422606319189 -47.98606798052788 4.5
      vertex -31.633883476257324 -47.633883476257324 4.5
      vertex -31.761271245777607 -47.48473156243563 4.5
    endloop
  endfacet
  facet normal 0 0 1
    outer loop
      vertex -34.55422606319189 -47.98606798052788 4.5
      vertex -32 -46.75 4.5
      vertex -34.70075336098671 -47.375737860798836 4.5
    endloop
  endfacet
  facet normal 0 0 1
    outer loop
      vertex -34.70075336098671 -47.375737860798836 4.5
      vertex -32 -46.75 4.5
      vertex -34.75 -46.75 4.5
    endloop
  endfacet
  facet normal 0 0 1
    outer loop
      vertex -34.55422606319189 -47.98606798052788 4.5
      vertex -31.86375815421343 -47.31748812645674 4.5
      vertex -31.938820645213127 -47.13627124577761 4.5
    endloop
  endfacet
  facet normal 0 0 1
    outer loop
      vertex -34.55422606319189 -47.98606798052788 4.5
      vertex -31.938820645213127 -47.13627124577761 4.5
      vertex -31.9846104234457 -46.945543080568314 4.5
    endloop
  endfacet
  facet normal 0 0 1
    outer loop
      vertex -34.55422606319189 -47.98606798052788 4.5
      vertex -31.9846104234457 -46.945543080568314 4.5
      vertex -32 -46.75 4.5
    endloop
  endfacet
  facet normal 0 0 1
    outer loop
      vertex -34.55422606319189 -47.98606798052788 4.5
      vertex -31.484731562435627 -47.76127124577761 4.5
      vertex -31.633883476257324 -47.633883476257324 4.5
    endloop
  endfacet
  facet normal 0 0 1
    outer loop
      vertex -34.55422606319189 -47.98606798052788 4.5
      vertex -31.317488126456738 -47.86375815421343 4.5
      vertex -31.484731562435627 -47.76127124577761 4.5
    endloop
  endfacet
  facet normal 0 0 1
    outer loop
      vertex -34.31402609497309 -48.56596200168133 4.5
      vertex -31.136271245777607 -47.93882064521313 4.5
      vertex -31.317488126456738 -47.86375815421343 4.5
    endloop
  endfacet
  facet normal 0 0 1
    outer loop
      vertex -34.31402609497309 -48.56596200168133 4.5
      vertex -30.945543080568314 -47.9846104234457 4.5
      vertex -31.136271245777607 -47.93882064521313 4.5
    endloop
  endfacet
  facet normal 0 0 1
    outer loop
      vertex -34.31402609497309 -48.56596200168133 4.5
      vertex -30.75 -48 4.5
      vertex -30.945543080568314 -47.9846104234457 4.5
    endloop
  endfacet
  facet normal 0 0 1
    outer loop
      vertex -30.445503264665604 -46.22699525207281 4.5
      vertex -30.30901699513197 -46.08778525143862 4.5
      vertex -30.47552825510502 -46.154508493840694 4.5
    endloop
  endfacet
  facet normal 0 0 1
    outer loop
      vertex -30.49384417384863 -46.07821723073721 4.5
      vertex -30.391006521880627 -45.95399049669504 4.5
      vertex -30.5 -46 4.5
    endloop
  endfacet
  facet normal 0 0 1
    outer loop
      vertex -30.47552825510502 -46.154508493840694 4.5
      vertex -30.391006521880627 -45.95399049669504 4.5
      vertex -30.49384417384863 -46.07821723073721 4.5
    endloop
  endfacet
  facet normal 0 0 1
    outer loop
      vertex -30.5 -46 4.5
      vertex -30.451056517660618 -45.80901699513197 4.5
      vertex -30.487688340246677 -45.65643446147442 4.5
    endloop
  endfacet
  facet normal 0 0 1
    outer loop
      vertex -30.5 -46 4.5
      vertex -30.391006521880627 -45.95399049669504 4.5
      vertex -30.451056517660618 -45.80901699513197 4.5
    endloop
  endfacet
  facet normal 0 0 1
    outer loop
      vertex -30.5 -46 4.5
      vertex -30.487688340246677 -45.65643446147442 4.5
      vertex -30.5 -45.5 4.5
    endloop
  endfacet
  facet normal 0 0 1
    outer loop
      vertex -30.2938926294446 -46.404508493840694 4.5
      vertex -30.22699525207281 -46.445503264665604 4.5
      vertex -29.95399049669504 -46.39100652188063 4.5
    endloop
  endfacet
  facet normal 0 0 1
    outer loop
      vertex -30.445503264665604 -46.22699525207281 4.5
      vertex -30.404508493840694 -46.2938926294446 4.5
      vertex -30.20710678398609 -46.20710678398609 4.5
    endloop
  endfacet
  facet normal 0 0 1
    outer loop
      vertex -30.404508493840694 -46.2938926294446 4.5
      vertex -30.353553391993046 -46.353553391993046 4.5
      vertex -30.20710678398609 -46.20710678398609 4.5
    endloop
  endfacet
  facet normal 0 0 1
    outer loop
      vertex -30.47552825510502 -46.154508493840694 4.5
      vertex -30.30901699513197 -46.08778525143862 4.5
      vertex -30.391006521880627 -45.95399049669504 4.5
    endloop
  endfacet
  facet normal 0 0 1
    outer loop
      vertex -30.445503264665604 -46.22699525207281 4.5
      vertex -30.20710678398609 -46.20710678398609 4.5
      vertex -30.30901699513197 -46.08778525143862 4.5
    endloop
  endfacet
  facet normal 0 0 1
    outer loop
      vertex -30.2938926294446 -46.404508493840694 4.5
      vertex -30.087785251438618 -46.30901699513197 4.5
      vertex -30.353553391993046 -46.353553391993046 4.5
    endloop
  endfacet
  facet normal 0 0 1
    outer loop
      vertex -30.353553391993046 -46.353553391993046 4.5
      vertex -30.087785251438618 -46.30901699513197 4.5
      vertex -30.20710678398609 -46.20710678398609 4.5
    endloop
  endfacet
  facet normal 0 0 1
    outer loop
      vertex -30.22699525207281 -46.445503264665604 4.5
      vertex -30.154508493840694 -46.47552825510502 4.5
      vertex -29.95399049669504 -46.39100652188063 4.5
    endloop
  endfacet
  facet normal 0 0 1
    outer loop
      vertex -30.154508493840694 -46.47552825510502 4.5
      vertex -30.07821723073721 -46.49384417384863 4.5
      vertex -29.80901699513197 -46.45105651766062 4.5
    endloop
  endfacet
  facet normal 0 0 1
    outer loop
      vertex -30.154508493840694 -46.47552825510502 4.5
      vertex -29.80901699513197 -46.45105651766062 4.5
      vertex -29.95399049669504 -46.39100652188063 4.5
    endloop
  endfacet
  facet normal 0 0 1
    outer loop
      vertex -30.07821723073721 -46.49384417384863 4.5
      vertex -30 -46.5 4.5
      vertex -29.65643446147442 -46.48768834024668 4.5
    endloop
  endfacet
  facet normal 0 0 1
    outer loop
      vertex -30.2938926294446 -46.404508493840694 4.5
      vertex -29.95399049669504 -46.39100652188063 4.5
      vertex -30.087785251438618 -46.30901699513197 4.5
    endloop
  endfacet
  facet normal 0 0 1
    outer loop
      vertex -30.07821723073721 -46.49384417384863 4.5
      vertex -29.65643446147442 -46.48768834024668 4.5
      vertex -29.80901699513197 -46.45105651766062 4.5
    endloop
  endfacet
  facet normal 0 0 1
    outer loop
      vertex -30 -46.5 4.5
      vertex -29.5 -46.5 4.5
      vertex -29.65643446147442 -46.48768834024668 4.5
    endloop
  endfacet
  facet normal 0 0 -1
    outer loop
      vertex -34.75 -46.75 0
      vertex -25 35.5 0
      vertex -25 -35.5 0
    endloop
  endfacet
  facet normal -1 0 0
    outer loop
      vertex -34.75 -46.75 0
      vertex -34.75 -46.75 4.5
      vertex -34.75 46.75 4.5
    endloop
  endfacet
  facet normal 0 0 1
    outer loop
      vertex -34.75 -46.75 4.5
      vertex -32 -46.75 4.5
      vertex -34.75 46.75 4.5
    endloop
  endfacet
  facet normal 0 0 -1
    outer loop
      vertex -33.98606798052788 -49.10114100575447 0
      vertex 34.55422606319189 -47.98606798052788 0
      vertex -33.578427121043205 -49.578427121043205 0
    endloop
  endfacet
  facet normal 0 0 -1
    outer loop
      vertex -34.31402609497309 -48.56596200168133 0
      vertex 34.70075336098671 -47.375737860798836 0
      vertex -33.98606798052788 -49.10114100575447 0
    endloop
  endfacet
  facet normal 0 0 -1
    outer loop
      vertex -34.31402609497309 -48.56596200168133 0
      vertex -34.55422606319189 -47.98606798052788 0
      vertex 34.75 -46.75 0
    endloop
  endfacet
  facet normal 0 0 -1
    outer loop
      vertex -32.56596200168133 -50.31402609497309 0
      vertex 33.578427121043205 -49.578427121043205 0
      vertex -31.986067980527878 -50.55422606319189 0
    endloop
  endfacet
  facet normal 0 0 -1
    outer loop
      vertex -33.578427121043205 -49.578427121043205 0
      vertex 34.31402609497309 -48.56596200168133 0
      vertex -33.10114100575447 -49.98606798052788 0
    endloop
  endfacet
  facet normal 0 0 -1
    outer loop
      vertex -33.10114100575447 -49.98606798052788 0
      vertex 33.98606798052788 -49.10114100575447 0
      vertex -32.56596200168133 -50.31402609497309 0
    endloop
  endfacet
  facet normal 0 0 -1
    outer loop
      vertex -31.986067980527878 -50.55422606319189 0
      vertex 33.10114100575447 -49.98606798052788 0
      vertex -31.375737860798836 -50.70075336098671 0
    endloop
  endfacet
  facet normal 0 0 -1
    outer loop
      vertex -31.375737860798836 -50.70075336098671 0
      vertex 32.56596200168133 -50.31402609497309 0
      vertex -30.75 -50.75 0
    endloop
  endfacet
  facet normal 0 -1 0
    outer loop
      vertex -30.75 -50.75 0
      vertex 30.75 -50.75 0
      vertex -30.75 -50.75 4.5
    endloop
  endfacet
  facet normal 0 0 -1
    outer loop
      vertex -34.55422606319189 -47.98606798052788 0
      vertex -23.73465169966221 -36.981532514095306 0
      vertex 34.75 -46.75 0
    endloop
  endfacet
  facet normal 0 0 -1
    outer loop
      vertex -23.73465169966221 -36.981532514095306 0
      vertex -23.5 -37 0
      vertex 34.75 -46.75 0
    endloop
  endfacet
  facet normal 0 0 1
    outer loop
      vertex -33.98606798052788 -49.10114100575447 4.5
      vertex -33.578427121043205 -49.578427121043205 4.5
      vertex 34.55422606319189 -47.98606798052788 4.5
    endloop
  endfacet
  facet normal 0 0 1
    outer loop
      vertex -33.98606798052788 -49.10114100575447 4.5
      vertex 30.75 -48 4.5
      vertex -30.75 -48 4.5
    endloop
  endfacet
  facet normal 0 0 1
    outer loop
      vertex -32.56596200168133 -50.31402609497309 4.5
      vertex -31.986067980527878 -50.55422606319189 4.5
      vertex 33.578427121043205 -49.578427121043205 4.5
    endloop
  endfacet
  facet normal 0 0 1
    outer loop
      vertex -33.578427121043205 -49.578427121043205 4.5
      vertex -33.10114100575447 -49.98606798052788 4.5
      vertex 34.31402609497309 -48.56596200168133 4.5
    endloop
  endfacet
  facet normal 0 0 1
    outer loop
      vertex -33.10114100575447 -49.98606798052788 4.5
      vertex -32.56596200168133 -50.31402609497309 4.5
      vertex 33.98606798052788 -49.10114100575447 4.5
    endloop
  endfacet
  facet normal 0 0 1
    outer loop
      vertex -31.986067980527878 -50.55422606319189 4.5
      vertex -31.375737860798836 -50.70075336098671 4.5
      vertex 33.10114100575447 -49.98606798052788 4.5
    endloop
  endfacet
  facet normal 0 0 1
    outer loop
      vertex -31.375737860798836 -50.70075336098671 4.5
      vertex -30.75 -50.75 4.5
      vertex 32.56596200168133 -50.31402609497309 4.5
    endloop
  endfacet
  facet normal 0 0 -1
    outer loop
      vertex -34.75 -46.75 0
      vertex -34.75 46.75 0
      vertex -24.981532514095306 35.73465169966221 0
    endloop
  endfacet
  facet normal 0 0 -1
    outer loop
      vertex -34.75 -46.75 0
      vertex -24.981532514095306 35.73465169966221 0
      vertex -25 35.5 0
    endloop
  endfacet
  facet normal -1 0 0
    outer loop
      vertex -34.75 -46.75 0
      vertex -34.75 46.75 4.5
      vertex -34.75 46.75 0
    endloop
  endfacet
  facet normal 0 0 1
    outer loop
      vertex -32 -46.75 4.5
      vertex -32 46.75 4.5
      vertex -34.75 46.75 4.5
    endloop
  endfacet
  facet normal 0 0 -1
    outer loop
      vertex -31.986067980527878 50.55422606319189 0
      vertex -31.375737860798836 50.70075336098671 0
      vertex -30.75 50.75 0
    endloop
  endfacet
  facet normal 0 0 -1
    outer loop
      vertex -34.75 46.75 0
      vertex -24.926584772765636 35.963525488972664 0
      vertex -24.981532514095306 35.73465169966221 0
    endloop
  endfacet
  facet normal 0 0 -1
    outer loop
      vertex -34.75 46.75 0
      vertex -24.83650978654623 36.18098574876785 0
      vertex -24.926584772765636 35.963525488972664 0
    endloop
  endfacet
  facet normal 0 0 -1
    outer loop
      vertex -34.75 46.75 0
      vertex -24.713525488972664 36.38167788088322 0
      vertex -24.83650978654623 36.18098574876785 0
    endloop
  endfacet
  facet normal 0 0 -1
    outer loop
      vertex -34.75 46.75 0
      vertex -24.560660168528557 36.56066016852856 0
      vertex -24.713525488972664 36.38167788088322 0
    endloop
  endfacet
  facet normal 0 0 -1
    outer loop
      vertex -34.75 46.75 0
      vertex -24.381677880883217 36.713525488972664 0
      vertex -24.560660168528557 36.56066016852856 0
    endloop
  endfacet
  facet normal 0 0 -1
    outer loop
      vertex -34.75 46.75 0
      vertex -24.180985748767853 36.83650978654623 0
      vertex -24.381677880883217 36.713525488972664 0
    endloop
  endfacet
  facet normal 0 0 -1
    outer loop
      vertex -34.75 46.75 0
      vertex -23.963525488972664 36.926584772765636 0
      vertex -24.180985748767853 36.83650978654623 0
    endloop
  endfacet
  facet normal 0 0 -1
    outer loop
      vertex -34.75 46.75 0
      vertex -23.73465169966221 36.981532514095306 0
      vertex -23.963525488972664 36.926584772765636 0
    endloop
  endfacet
  facet normal 0 0 -1
    outer loop
      vertex -34.75 46.75 0
      vertex -23.5 37 0
      vertex -23.73465169966221 36.981532514095306 0
    endloop
  endfacet
  facet normal -0.9969173335656912 0.07845909785533144 0
    outer loop
      vertex -34.75 46.75 0
      vertex -34.70075336098671 47.375737860798836 4.5
      vertex -34.70075336098671 47.375737860798836 0
    endloop
  endfacet
  facet normal -0.9723699203900633 0.2334453638876171 0
    outer loop
      vertex -34.70075336098671 47.375737860798836 0
      vertex -34.55422606319189 47.98606798052788 4.5
      vertex -34.55422606319189 47.98606798052788 0
    endloop
  endfacet
  facet normal -0.9238795325574901 0.382683432253545 0
    outer loop
      vertex -34.55422606319189 47.98606798052788 0
      vertex -34.31402609497309 48.56596200168133 4.5
      vertex -34.31402609497309 48.56596200168133 0
    endloop
  endfacet
  facet normal -0.8526401650970484 0.5224985635035544 0
    outer loop
      vertex -34.31402609497309 48.56596200168133 0
      vertex -33.98606798052788 49.10114100575447 4.5
      vertex -33.98606798052788 49.10114100575447 0
    endloop
  endfacet
  facet normal -0.7604059601108804 0.6494480547571531 0
    outer loop
      vertex -33.98606798052788 49.10114100575447 0
      vertex -33.578427121043205 49.578427121043205 4.5
      vertex -33.578427121043205 49.578427121043205 0
    endloop
  endfacet
  facet normal -0.6494480547571531 0.7604059601108804 0
    outer loop
      vertex -33.578427121043205 49.578427121043205 0
      vertex -33.10114100575447 49.98606798052788 4.5
      vertex -33.10114100575447 49.98606798052788 0
    endloop
  endfacet
  facet normal -0.5224985635035544 0.8526401650970484 0
    outer loop
      vertex -33.10114100575447 49.98606798052788 0
      vertex -32.56596200168133 50.31402609497309 4.5
      vertex -32.56596200168133 50.31402609497309 0
    endloop
  endfacet
  facet normal -0.382683432253545 0.9238795325574901 0
    outer loop
      vertex -32.56596200168133 50.31402609497309 0
      vertex -31.986067980527878 50.55422606319189 4.5
      vertex -31.986067980527878 50.55422606319189 0
    endloop
  endfacet
  facet normal -0.2334453638876171 0.9723699203900633 0
    outer loop
      vertex -31.986067980527878 50.55422606319189 0
      vertex -31.375737860798836 50.70075336098671 4.5
      vertex -31.375737860798836 50.70075336098671 0
    endloop
  endfacet
  facet normal -0.07845909785533144 0.9969173335656912 0
    outer loop
      vertex -31.375737860798836 50.70075336098671 0
      vertex -30.75 50.75 4.5
      vertex -30.75 50.75 0
    endloop
  endfacet
  facet normal -0.9969173335656912 0.07845909785533144 0
    outer loop
      vertex -34.75 46.75 0
      vertex -34.75 46.75 4.5
      vertex -34.70075336098671 47.375737860798836 4.5
    endloop
  endfacet
  facet normal -0.9723699203900633 0.2334453638876171 0
    outer loop
      vertex -34.70075336098671 47.375737860798836 0
      vertex -34.70075336098671 47.375737860798836 4.5
      vertex -34.55422606319189 47.98606798052788 4.5
    endloop
  endfacet
  facet normal -0.9238795325574901 0.382683432253545 0
    outer loop
      vertex -34.55422606319189 47.98606798052788 0
      vertex -34.55422606319189 47.98606798052788 4.5
      vertex -34.31402609497309 48.56596200168133 4.5
    endloop
  endfacet
  facet normal -0.8526401650970484 0.5224985635035544 0
    outer loop
      vertex -34.31402609497309 48.56596200168133 0
      vertex -34.31402609497309 48.56596200168133 4.5
      vertex -33.98606798052788 49.10114100575447 4.5
    endloop
  endfacet
  facet normal -0.7604059601108804 0.6494480547571531 0
    outer loop
      vertex -33.98606798052788 49.10114100575447 0
      vertex -33.98606798052788 49.10114100575447 4.5
      vertex -33.578427121043205 49.578427121043205 4.5
    endloop
  endfacet
  facet normal -0.6494480547571531 0.7604059601108804 0
    outer loop
      vertex -33.578427121043205 49.578427121043205 0
      vertex -33.578427121043205 49.578427121043205 4.5
      vertex -33.10114100575447 49.98606798052788 4.5
    endloop
  endfacet
  facet normal -0.5224985635035544 0.8526401650970484 0
    outer loop
      vertex -33.10114100575447 49.98606798052788 0
      vertex -33.10114100575447 49.98606798052788 4.5
      vertex -32.56596200168133 50.31402609497309 4.5
    endloop
  endfacet
  facet normal -0.382683432253545 0.9238795325574901 0
    outer loop
      vertex -32.56596200168133 50.31402609497309 0
      vertex -32.56596200168133 50.31402609497309 4.5
      vertex -31.986067980527878 50.55422606319189 4.5
    endloop
  endfacet
  facet normal -0.2334453638876171 0.9723699203900633 0
    outer loop
      vertex -31.986067980527878 50.55422606319189 0
      vertex -31.986067980527878 50.55422606319189 4.5
      vertex -31.375737860798836 50.70075336098671 4.5
    endloop
  endfacet
  facet normal -0.07845909785533144 0.9969173335656912 0
    outer loop
      vertex -31.375737860798836 50.70075336098671 0
      vertex -31.375737860798836 50.70075336098671 4.5
      vertex -30.75 50.75 4.5
    endloop
  endfacet
  facet normal 0 0 1
    outer loop
      vertex -34.75 46.75 4.5
      vertex -31.9846104234457 46.945543080568314 4.5
      vertex -34.70075336098671 47.375737860798836 4.5
    endloop
  endfacet
  facet normal 0 0 1
    outer loop
      vertex -34.75 46.75 4.5
      vertex -32 46.75 4.5
      vertex -31.9846104234457 46.945543080568314 4.5
    endloop
  endfacet
  facet normal 0 0 1
    outer loop
      vertex -34.70075336098671 47.375737860798836 4.5
      vertex -31.9846104234457 46.945543080568314 4.5
      vertex -31.938820645213127 47.13627124577761 4.5
    endloop
  endfacet
  facet normal 0 0 1
    outer loop
      vertex -34.70075336098671 47.375737860798836 4.5
      vertex -31.938820645213127 47.13627124577761 4.5
      vertex -31.86375815421343 47.31748812645674 4.5
    endloop
  endfacet
  facet normal 0 0 1
    outer loop
      vertex -34.70075336098671 47.375737860798836 4.5
      vertex -31.86375815421343 47.31748812645674 4.5
      vertex -31.761271245777607 47.48473156243563 4.5
    endloop
  endfacet
  facet normal 0 0 1
    outer loop
      vertex -34.70075336098671 47.375737860798836 4.5
      vertex -31.761271245777607 47.48473156243563 4.5
      vertex -34.55422606319189 47.98606798052788 4.5
    endloop
  endfacet
  facet normal 0 0 1
    outer loop
      vertex -34.55422606319189 47.98606798052788 4.5
      vertex -31.761271245777607 47.48473156243563 4.5
      vertex -31.633883476257324 47.633883476257324 4.5
    endloop
  endfacet
  facet normal 0 0 1
    outer loop
      vertex -30.5 45.5 4.5
      vertex -30.487688340246677 45.65643446147442 4.5
      vertex -30.5 46 4.5
    endloop
  endfacet
  facet normal 0 0 1
    outer loop
      vertex -30.487688340246677 45.65643446147442 4.5
      vertex -30.451056517660618 45.80901699513197 4.5
      vertex -30.5 46 4.5
    endloop
  endfacet
  facet normal 0 0 1
    outer loop
      vertex -30.451056517660618 45.80901699513197 4.5
      vertex -30.391006521880627 45.95399049669504 4.5
      vertex -30.5 46 4.5
    endloop
  endfacet
  facet normal 0 0 1
    outer loop
      vertex -30.5 46 4.5
      vertex -30.30901699513197 46.08778525143862 4.5
      vertex -30.49384417384863 46.07821723073721 4.5
    endloop
  endfacet
  facet normal 0 0 1
    outer loop
      vertex -30.49384417384863 46.07821723073721 4.5
      vertex -30.30901699513197 46.08778525143862 4.5
      vertex -30.47552825510502 46.154508493840694 4.5
    endloop
  endfacet
  facet normal 0 0 1
    outer loop
      vertex -34.55422606319189 47.98606798052788 4.5
      vertex -31.633883476257324 47.633883476257324 4.5
      vertex -31.484731562435627 47.76127124577761 4.5
    endloop
  endfacet
  facet normal 0 0 1
    outer loop
      vertex -34.55422606319189 47.98606798052788 4.5
      vertex -31.484731562435627 47.76127124577761 4.5
      vertex -31.317488126456738 47.86375815421343 4.5
    endloop
  endfacet
  facet normal 0 0 1
    outer loop
      vertex -34.55422606319189 47.98606798052788 4.5
      vertex -31.317488126456738 47.86375815421343 4.5
      vertex -31.136271245777607 47.93882064521313 4.5
    endloop
  endfacet
  facet normal 0 0 1
    outer loop
      vertex -34.55422606319189 47.98606798052788 4.5
      vertex -31.136271245777607 47.93882064521313 4.5
      vertex -30.945543080568314 47.9846104234457 4.5
    endloop
  endfacet
  facet normal 0 0 1
    outer loop
      vertex -34.55422606319189 47.98606798052788 4.5
      vertex -30.945543080568314 47.9846104234457 4.5
      vertex -30.75 48 4.5
    endloop
  endfacet
  facet normal 0 0 1
    outer loop
      vertex -31.986067980527878 50.55422606319189 4.5
      vertex -30.75 50.75 4.5
      vertex -31.375737860798836 50.70075336098671 4.5
    endloop
  endfacet
  facet normal 0 0 1
    outer loop
      vertex -30.5 46 4.5
      vertex -30.391006521880627 45.95399049669504 4.5
      vertex -30.30901699513197 46.08778525143862 4.5
    endloop
  endfacet
  facet normal 0 0 1
    outer loop
      vertex -30.47552825510502 46.154508493840694 4.5
      vertex -30.30901699513197 46.08778525143862 4.5
      vertex -30.20710678398609 46.20710678398609 4.5
    endloop
  endfacet
  facet normal 0 0 1
    outer loop
      vertex -30.47552825510502 46.154508493840694 4.5
      vertex -30.20710678398609 46.20710678398609 4.5
      vertex -30.445503264665604 46.22699525207281 4.5
    endloop
  endfacet
  facet normal 0 0 1
    outer loop
      vertex -30.445503264665604 46.22699525207281 4.5
      vertex -30.087785251438618 46.30901699513197 4.5
      vertex -30.404508493840694 46.2938926294446 4.5
    endloop
  endfacet
  facet normal 0 0 1
    outer loop
      vertex -30.404508493840694 46.2938926294446 4.5
      vertex -30.087785251438618 46.30901699513197 4.5
      vertex -30.353553391993046 46.353553391993046 4.5
    endloop
  endfacet
  facet normal 0 0 1
    outer loop
      vertex -30.445503264665604 46.22699525207281 4.5
      vertex -30.20710678398609 46.20710678398609 4.5
      vertex -30.087785251438618 46.30901699513197 4.5
    endloop
  endfacet
  facet normal 0 0 1
    outer loop
      vertex -30.353553391993046 46.353553391993046 4.5
      vertex -29.95399049669504 46.39100652188063 4.5
      vertex -30.2938926294446 46.404508493840694 4.5
    endloop
  endfacet
  facet normal 0 0 1
    outer loop
      vertex -30.353553391993046 46.353553391993046 4.5
      vertex -30.087785251438618 46.30901699513197 4.5
      vertex -29.95399049669504 46.39100652188063 4.5
    endloop
  endfacet
  facet normal 0 0 1
    outer loop
      vertex -30.2938926294446 46.404508493840694 4.5
      vertex -29.80901699513197 46.45105651766062 4.5
      vertex -30.22699525207281 46.445503264665604 4.5
    endloop
  endfacet
  facet normal 0 0 1
    outer loop
      vertex -30.2938926294446 46.404508493840694 4.5
      vertex -29.95399049669504 46.39100652188063 4.5
      vertex -29.80901699513197 46.45105651766062 4.5
    endloop
  endfacet
  facet normal 0 0 1
    outer loop
      vertex -30.22699525207281 46.445503264665604 4.5
      vertex -29.80901699513197 46.45105651766062 4.5
      vertex -30.154508493840694 46.47552825510502 4.5
    endloop
  endfacet
  facet normal 0 0 1
    outer loop
      vertex -30.154508493840694 46.47552825510502 4.5
      vertex -29.65643446147442 46.48768834024668 4.5
      vertex -30.07821723073721 46.49384417384863 4.5
    endloop
  endfacet
  facet normal 0 0 1
    outer loop
      vertex -30.154508493840694 46.47552825510502 4.5
      vertex -29.80901699513197 46.45105651766062 4.5
      vertex -29.65643446147442 46.48768834024668 4.5
    endloop
  endfacet
  facet normal 0 0 1
    outer loop
      vertex -30.07821723073721 46.49384417384863 4.5
      vertex -29.5 46.5 4.5
      vertex -30 46.5 4.5
    endloop
  endfacet
  facet normal 0 0 1
    outer loop
      vertex -30.07821723073721 46.49384417384863 4.5
      vertex -29.65643446147442 46.48768834024668 4.5
      vertex -29.5 46.5 4.5
    endloop
  endfacet
  facet normal 0 0 -1
    outer loop
      vertex -34.75 46.75 0
      vertex 23.5 37 0
      vertex -23.5 37 0
    endloop
  endfacet
  facet normal 0 0 -1
    outer loop
      vertex -34.75 46.75 0
      vertex -34.70075336098671 47.375737860798836 0
      vertex 34.31402609497309 48.56596200168133 0
    endloop
  endfacet
  facet normal 0 0 -1
    outer loop
      vertex -34.70075336098671 47.375737860798836 0
      vertex -34.55422606319189 47.98606798052788 0
      vertex 33.98606798052788 49.10114100575447 0
    endloop
  endfacet
  facet normal 0 0 -1
    outer loop
      vertex -34.55422606319189 47.98606798052788 0
      vertex -34.31402609497309 48.56596200168133 0
      vertex 33.578427121043205 49.578427121043205 0
    endloop
  endfacet
  facet normal 0 0 -1
    outer loop
      vertex -34.31402609497309 48.56596200168133 0
      vertex -33.98606798052788 49.10114100575447 0
      vertex 33.10114100575447 49.98606798052788 0
    endloop
  endfacet
  facet normal 0 0 -1
    outer loop
      vertex -33.98606798052788 49.10114100575447 0
      vertex -33.578427121043205 49.578427121043205 0
      vertex 32.56596200168133 50.31402609497309 0
    endloop
  endfacet
  facet normal 0 0 -1
    outer loop
      vertex -33.578427121043205 49.578427121043205 0
      vertex -33.10114100575447 49.98606798052788 0
      vertex 31.986067980527878 50.55422606319189 0
    endloop
  endfacet
  facet normal 0 0 -1
    outer loop
      vertex -33.10114100575447 49.98606798052788 0
      vertex -32.56596200168133 50.31402609497309 0
      vertex 31.375737860798836 50.70075336098671 0
    endloop
  endfacet
  facet normal 0 0 -1
    outer loop
      vertex -32.56596200168133 50.31402609497309 0
      vertex -31.986067980527878 50.55422606319189 0
      vertex 30.75 50.75 0
    endloop
  endfacet
  facet normal 0 0 -1
    outer loop
      vertex -31.986067980527878 50.55422606319189 0
      vertex -30.75 50.75 0
      vertex 30.75 50.75 0
    endloop
  endfacet
  facet normal 0 1 0
    outer loop
      vertex -30.75 50.75 0
      vertex -30.75 50.75 4.5
      vertex 30.75 50.75 4.5
    endloop
  endfacet
  facet normal 0 0 1
    outer loop
      vertex -34.55422606319189 47.98606798052788 4.5
      vertex 33.578427121043205 49.578427121043205 4.5
      vertex -34.31402609497309 48.56596200168133 4.5
    endloop
  endfacet
  facet normal 0 0 1
    outer loop
      vertex -34.31402609497309 48.56596200168133 4.5
      vertex 33.10114100575447 49.98606798052788 4.5
      vertex -33.98606798052788 49.10114100575447 4.5
    endloop
  endfacet
  facet normal 0 0 1
    outer loop
      vertex -33.98606798052788 49.10114100575447 4.5
      vertex 32.56596200168133 50.31402609497309 4.5
      vertex -33.578427121043205 49.578427121043205 4.5
    endloop
  endfacet
  facet normal 0 0 1
    outer loop
      vertex -33.578427121043205 49.578427121043205 4.5
      vertex 31.986067980527878 50.55422606319189 4.5
      vertex -33.10114100575447 49.98606798052788 4.5
    endloop
  endfacet
  facet normal 0 0 1
    outer loop
      vertex -33.10114100575447 49.98606798052788 4.5
      vertex 31.375737860798836 50.70075336098671 4.5
      vertex -32.56596200168133 50.31402609497309 4.5
    endloop
  endfacet
  facet normal 0 0 1
    outer loop
      vertex -32.56596200168133 50.31402609497309 4.5
      vertex 30.75 50.75 4.5
      vertex -31.986067980527878 50.55422606319189 4.5
    endloop
  endfacet
  facet normal 0 0 1
    outer loop
      vertex -34.55422606319189 47.98606798052788 4.5
      vertex -30.75 48 4.5
      vertex 33.98606798052788 49.10114100575447 4.5
    endloop
  endfacet
  facet normal 0 0 1
    outer loop
      vertex -31.986067980527878 50.55422606319189 4.5
      vertex 30.75 50.75 4.5
      vertex -30.75 50.75 4.5
    endloop
  endfacet
  facet normal 0 0 -1
    outer loop
      vertex -30.75 -50.75 0
      vertex 31.986067980527878 -50.55422606319189 0
      vertex 30.75 -50.75 0
    endloop
  endfacet
  facet normal 0 0 -1
    outer loop
      vertex -30.75 -50.75 0
      vertex 32.56596200168133 -50.31402609497309 0
      vertex 31.986067980527878 -50.55422606319189 0
    endloop
  endfacet
  facet normal 0 0 -1
    outer loop
      vertex -31.375737860798836 -50.70075336098671 0
      vertex 33.10114100575447 -49.98606798052788 0
      vertex 32.56596200168133 -50.31402609497309 0
    endloop
  endfacet
  facet normal 0 0 -1
    outer loop
      vertex -31.986067980527878 -50.55422606319189 0
      vertex 33.578427121043205 -49.578427121043205 0
      vertex 33.10114100575447 -49.98606798052788 0
    endloop
  endfacet
  facet normal 0 0 -1
    outer loop
      vertex -32.56596200168133 -50.31402609497309 0
      vertex 33.98606798052788 -49.10114100575447 0
      vertex 33.578427121043205 -49.578427121043205 0
    endloop
  endfacet
  facet normal 0 0 -1
    outer loop
      vertex -33.10114100575447 -49.98606798052788 0
      vertex 34.31402609497309 -48.56596200168133 0
      vertex 33.98606798052788 -49.10114100575447 0
    endloop
  endfacet
  facet normal 0 0 -1
    outer loop
      vertex -33.578427121043205 -49.578427121043205 0
      vertex 34.55422606319189 -47.98606798052788 0
      vertex 34.31402609497309 -48.56596200168133 0
    endloop
  endfacet
  facet normal 0 0 -1
    outer loop
      vertex -33.98606798052788 -49.10114100575447 0
      vertex 34.70075336098671 -47.375737860798836 0
      vertex 34.55422606319189 -47.98606798052788 0
    endloop
  endfacet
  facet normal 0 0 -1
    outer loop
      vertex -34.31402609497309 -48.56596200168133 0
      vertex 34.75 -46.75 0
      vertex 34.70075336098671 -47.375737860798836 0
    endloop
  endfacet
  facet normal 0 0 -1
    outer loop
      vertex -23.5 -37 0
      vertex 23.5 -37 0
      vertex 34.75 -46.75 0
    endloop
  endfacet
  facet normal 0 -1 0
    outer loop
      vertex -30.75 -50.75 4.5
      vertex 30.75 -50.75 0
      vertex 30.75 -50.75 4.5
    endloop
  endfacet
  facet normal 0 0 1
    outer loop
      vertex -30.75 -50.75 4.5
      vertex 30.75 -50.75 4.5
      vertex 31.986067980527878 -50.55422606319189 4.5
    endloop
  endfacet
  facet normal 0 0 1
    outer loop
      vertex -33.98606798052788 -49.10114100575447 4.5
      vertex 34.55422606319189 -47.98606798052788 4.5
      vertex 30.75 -48 4.5
    endloop
  endfacet
  facet normal 0 0 1
    outer loop
      vertex -30.75 -50.75 4.5
      vertex 31.986067980527878 -50.55422606319189 4.5
      vertex 32.56596200168133 -50.31402609497309 4.5
    endloop
  endfacet
  facet normal 0 0 1
    outer loop
      vertex -31.375737860798836 -50.70075336098671 4.5
      vertex 32.56596200168133 -50.31402609497309 4.5
      vertex 33.10114100575447 -49.98606798052788 4.5
    endloop
  endfacet
  facet normal 0 0 1
    outer loop
      vertex -31.986067980527878 -50.55422606319189 4.5
      vertex 33.10114100575447 -49.98606798052788 4.5
      vertex 33.578427121043205 -49.578427121043205 4.5
    endloop
  endfacet
  facet normal 0 0 1
    outer loop
      vertex -32.56596200168133 -50.31402609497309 4.5
      vertex 33.578427121043205 -49.578427121043205 4.5
      vertex 33.98606798052788 -49.10114100575447 4.5
    endloop
  endfacet
  facet normal 0 0 1
    outer loop
      vertex -33.10114100575447 -49.98606798052788 4.5
      vertex 33.98606798052788 -49.10114100575447 4.5
      vertex 34.31402609497309 -48.56596200168133 4.5
    endloop
  endfacet
  facet normal 0 0 1
    outer loop
      vertex -33.578427121043205 -49.578427121043205 4.5
      vertex 34.31402609497309 -48.56596200168133 4.5
      vertex 34.55422606319189 -47.98606798052788 4.5
    endloop
  endfacet
  facet normal 0 0 -1
    outer loop
      vertex 23.5 -37 0
      vertex 23.73465169966221 -36.981532514095306 0
      vertex 34.75 -46.75 0
    endloop
  endfacet
  facet normal 0 0 -1
    outer loop
      vertex 23.73465169966221 -36.981532514095306 0
      vertex 23.963525488972664 -36.926584772765636 0
      vertex 34.75 -46.75 0
    endloop
  endfacet
  facet normal 0 0 -1
    outer loop
      vertex 23.963525488972664 -36.926584772765636 0
      vertex 24.180985748767853 -36.83650978654623 0
      vertex 34.75 -46.75 0
    endloop
  endfacet
  facet normal 0 0 -1
    outer loop
      vertex 24.180985748767853 -36.83650978654623 0
      vertex 24.381677880883217 -36.713525488972664 0
      vertex 34.75 -46.75 0
    endloop
  endfacet
  facet normal 0 0 -1
    outer loop
      vertex 24.381677880883217 -36.713525488972664 0
      vertex 24.560660168528557 -36.56066016852856 0
      vertex 34.75 -46.75 0
    endloop
  endfacet
  facet normal 0 0 -1
    outer loop
      vertex 24.560660168528557 -36.56066016852856 0
      vertex 24.713525488972664 -36.38167788088322 0
      vertex 34.75 -46.75 0
    endloop
  endfacet
  facet normal 0 0 -1
    outer loop
      vertex 24.713525488972664 -36.38167788088322 0
      vertex 24.83650978654623 -36.18098574876785 0
      vertex 34.75 -46.75 0
    endloop
  endfacet
  facet normal 0 0 -1
    outer loop
      vertex 24.83650978654623 -36.18098574876785 0
      vertex 24.926584772765636 -35.963525488972664 0
      vertex 34.75 -46.75 0
    endloop
  endfacet
  facet normal 0 0 -1
    outer loop
      vertex 24.926584772765636 -35.963525488972664 0
      vertex 24.981532514095306 -35.73465169966221 0
      vertex 34.75 -46.75 0
    endloop
  endfacet
  facet normal 0 0 -1
    outer loop
      vertex 30.75 -50.75 0
      vertex 31.986067980527878 -50.55422606319189 0
      vertex 31.375737860798836 -50.70075336098671 0
    endloop
  endfacet
  facet normal 0.07845909785533144 -0.9969173335656912 0
    outer loop
      vertex 30.75 -50.75 0
      vertex 31.375737860798836 -50.70075336098671 0
      vertex 30.75 -50.75 4.5
    endloop
  endfacet
  facet normal 0.2334453638876171 -0.9723699203900633 0
    outer loop
      vertex 31.375737860798836 -50.70075336098671 0
      vertex 31.986067980527878 -50.55422606319189 0
      vertex 31.375737860798836 -50.70075336098671 4.5
    endloop
  endfacet
  facet normal 0.382683432253545 -0.9238795325574901 0
    outer loop
      vertex 31.986067980527878 -50.55422606319189 0
      vertex 32.56596200168133 -50.31402609497309 0
      vertex 31.986067980527878 -50.55422606319189 4.5
    endloop
  endfacet
  facet normal 0.5224985635035544 -0.8526401650970484 0
    outer loop
      vertex 32.56596200168133 -50.31402609497309 0
      vertex 33.10114100575447 -49.98606798052788 0
      vertex 32.56596200168133 -50.31402609497309 4.5
    endloop
  endfacet
  facet normal 0.6494480547571531 -0.7604059601108804 0
    outer loop
      vertex 33.10114100575447 -49.98606798052788 0
      vertex 33.578427121043205 -49.578427121043205 0
      vertex 33.10114100575447 -49.98606798052788 4.5
    endloop
  endfacet
  facet normal 0.7604059601108804 -0.6494480547571531 0
    outer loop
      vertex 33.578427121043205 -49.578427121043205 0
      vertex 33.98606798052788 -49.10114100575447 0
      vertex 33.578427121043205 -49.578427121043205 4.5
    endloop
  endfacet
  facet normal 0.8526401650970484 -0.5224985635035544 0
    outer loop
      vertex 33.98606798052788 -49.10114100575447 0
      vertex 34.31402609497309 -48.56596200168133 0
      vertex 33.98606798052788 -49.10114100575447 4.5
    endloop
  endfacet
  facet normal 0.9238795325574901 -0.382683432253545 0
    outer loop
      vertex 34.31402609497309 -48.56596200168133 0
      vertex 34.55422606319189 -47.98606798052788 0
      vertex 34.31402609497309 -48.56596200168133 4.5
    endloop
  endfacet
  facet normal 0.9723699203900633 -0.2334453638876171 0
    outer loop
      vertex 34.55422606319189 -47.98606798052788 0
      vertex 34.70075336098671 -47.375737860798836 0
      vertex 34.55422606319189 -47.98606798052788 4.5
    endloop
  endfacet
  facet normal 0.9969173335656912 -0.07845909785533144 0
    outer loop
      vertex 34.70075336098671 -47.375737860798836 0
      vertex 34.75 -46.75 0
      vertex 34.70075336098671 -47.375737860798836 4.5
    endloop
  endfacet
  facet normal 0.07845909785533144 -0.9969173335656912 0
    outer loop
      vertex 31.375737860798836 -50.70075336098671 0
      vertex 31.375737860798836 -50.70075336098671 4.5
      vertex 30.75 -50.75 4.5
    endloop
  endfacet
  facet normal 0.2334453638876171 -0.9723699203900633 0
    outer loop
      vertex 31.986067980527878 -50.55422606319189 0
      vertex 31.986067980527878 -50.55422606319189 4.5
      vertex 31.375737860798836 -50.70075336098671 4.5
    endloop
  endfacet
  facet normal 0.382683432253545 -0.9238795325574901 0
    outer loop
      vertex 32.56596200168133 -50.31402609497309 0
      vertex 32.56596200168133 -50.31402609497309 4.5
      vertex 31.986067980527878 -50.55422606319189 4.5
    endloop
  endfacet
  facet normal 0.5224985635035544 -0.8526401650970484 0
    outer loop
      vertex 33.10114100575447 -49.98606798052788 0
      vertex 33.10114100575447 -49.98606798052788 4.5
      vertex 32.56596200168133 -50.31402609497309 4.5
    endloop
  endfacet
  facet normal 0.6494480547571531 -0.7604059601108804 0
    outer loop
      vertex 33.578427121043205 -49.578427121043205 0
      vertex 33.578427121043205 -49.578427121043205 4.5
      vertex 33.10114100575447 -49.98606798052788 4.5
    endloop
  endfacet
  facet normal 0.7604059601108804 -0.6494480547571531 0
    outer loop
      vertex 33.98606798052788 -49.10114100575447 0
      vertex 33.98606798052788 -49.10114100575447 4.5
      vertex 33.578427121043205 -49.578427121043205 4.5
    endloop
  endfacet
  facet normal 0.8526401650970484 -0.5224985635035544 0
    outer loop
      vertex 34.31402609497309 -48.56596200168133 0
      vertex 34.31402609497309 -48.56596200168133 4.5
      vertex 33.98606798052788 -49.10114100575447 4.5
    endloop
  endfacet
  facet normal 0.9238795325574901 -0.382683432253545 0
    outer loop
      vertex 34.55422606319189 -47.98606798052788 0
      vertex 34.55422606319189 -47.98606798052788 4.5
      vertex 34.31402609497309 -48.56596200168133 4.5
    endloop
  endfacet
  facet normal 0.9723699203900633 -0.2334453638876171 0
    outer loop
      vertex 34.70075336098671 -47.375737860798836 0
      vertex 34.70075336098671 -47.375737860798836 4.5
      vertex 34.55422606319189 -47.98606798052788 4.5
    endloop
  endfacet
  facet normal 0.9969173335656912 -0.07845909785533144 0
    outer loop
      vertex 34.75 -46.75 0
      vertex 34.75 -46.75 4.5
      vertex 34.70075336098671 -47.375737860798836 4.5
    endloop
  endfacet
  facet normal 0 0 1
    outer loop
      vertex 29.5 -46.5 4.5
      vertex 30.07821723073721 -46.49384417384863 4.5
      vertex 29.65643446147442 -46.48768834024668 4.5
    endloop
  endfacet
  facet normal 0 0 1
    outer loop
      vertex 29.5 -46.5 4.5
      vertex 30 -46.5 4.5
      vertex 30.07821723073721 -46.49384417384863 4.5
    endloop
  endfacet
  facet normal 0 0 1
    outer loop
      vertex 29.65643446147442 -46.48768834024668 4.5
      vertex 30.154508493840694 -46.47552825510502 4.5
      vertex 29.80901699513197 -46.45105651766062 4.5
    endloop
  endfacet
  facet normal 0 0 1
    outer loop
      vertex 29.65643446147442 -46.48768834024668 4.5
      vertex 30.07821723073721 -46.49384417384863 4.5
      vertex 30.154508493840694 -46.47552825510502 4.5
    endloop
  endfacet
  facet normal 0 0 1
    outer loop
      vertex 29.80901699513197 -46.45105651766062 4.5
      vertex 30.154508493840694 -46.47552825510502 4.5
      vertex 30.22699525207281 -46.445503264665604 4.5
    endloop
  endfacet
  facet normal 0 0 1
    outer loop
      vertex 29.80901699513197 -46.45105651766062 4.5
      vertex 30.2938926294446 -46.404508493840694 4.5
      vertex 29.95399049669504 -46.39100652188063 4.5
    endloop
  endfacet
  facet normal 0 0 1
    outer loop
      vertex 29.80901699513197 -46.45105651766062 4.5
      vertex 30.22699525207281 -46.445503264665604 4.5
      vertex 30.2938926294446 -46.404508493840694 4.5
    endloop
  endfacet
  facet normal 0 0 1
    outer loop
      vertex 29.95399049669504 -46.39100652188063 4.5
      vertex 30.353553391993046 -46.353553391993046 4.5
      vertex 30.087785251438618 -46.30901699513197 4.5
    endloop
  endfacet
  facet normal 0 0 1
    outer loop
      vertex 29.95399049669504 -46.39100652188063 4.5
      vertex 30.2938926294446 -46.404508493840694 4.5
      vertex 30.353553391993046 -46.353553391993046 4.5
    endloop
  endfacet
  facet normal 0 0 1
    outer loop
      vertex 30.087785251438618 -46.30901699513197 4.5
      vertex 30.445503264665604 -46.22699525207281 4.5
      vertex 30.20710678398609 -46.20710678398609 4.5
    endloop
  endfacet
  facet normal 0 0 1
    outer loop
      vertex 30.087785251438618 -46.30901699513197 4.5
      vertex 30.353553391993046 -46.353553391993046 4.5
      vertex 30.404508493840694 -46.2938926294446 4.5
    endloop
  endfacet
  facet normal 0 0 1
    outer loop
      vertex 30.087785251438618 -46.30901699513197 4.5
      vertex 30.404508493840694 -46.2938926294446 4.5
      vertex 30.445503264665604 -46.22699525207281 4.5
    endloop
  endfacet
  facet normal 0 0 1
    outer loop
      vertex 30.20710678398609 -46.20710678398609 4.5
      vertex 30.445503264665604 -46.22699525207281 4.5
      vertex 30.47552825510502 -46.154508493840694 4.5
    endloop
  endfacet
  facet normal 0 0 1
    outer loop
      vertex 30.20710678398609 -46.20710678398609 4.5
      vertex 30.47552825510502 -46.154508493840694 4.5
      vertex 30.30901699513197 -46.08778525143862 4.5
    endloop
  endfacet
  facet normal 0 0 1
    outer loop
      vertex 30.30901699513197 -46.08778525143862 4.5
      vertex 30.5 -46 4.5
      vertex 30.391006521880627 -45.95399049669504 4.5
    endloop
  endfacet
  facet normal 0 0 1
    outer loop
      vertex 30.75 -50.75 4.5
      vertex 31.375737860798836 -50.70075336098671 4.5
      vertex 31.986067980527878 -50.55422606319189 4.5
    endloop
  endfacet
  facet normal 0 0 1
    outer loop
      vertex 30.75 -48 4.5
      vertex 34.55422606319189 -47.98606798052788 4.5
      vertex 30.945543080568314 -47.9846104234457 4.5
    endloop
  endfacet
  facet normal 0 0 1
    outer loop
      vertex 30.945543080568314 -47.9846104234457 4.5
      vertex 34.55422606319189 -47.98606798052788 4.5
      vertex 31.136271245777607 -47.93882064521313 4.5
    endloop
  endfacet
  facet normal 0 0 1
    outer loop
      vertex 31.136271245777607 -47.93882064521313 4.5
      vertex 34.55422606319189 -47.98606798052788 4.5
      vertex 31.317488126456738 -47.86375815421343 4.5
    endloop
  endfacet
  facet normal 0 0 1
    outer loop
      vertex 31.317488126456738 -47.86375815421343 4.5
      vertex 34.55422606319189 -47.98606798052788 4.5
      vertex 31.484731562435627 -47.76127124577761 4.5
    endloop
  endfacet
  facet normal 0 0 1
    outer loop
      vertex 31.484731562435627 -47.76127124577761 4.5
      vertex 34.55422606319189 -47.98606798052788 4.5
      vertex 31.633883476257324 -47.633883476257324 4.5
    endloop
  endfacet
  facet normal 0 0 1
    outer loop
      vertex 30.30901699513197 -46.08778525143862 4.5
      vertex 30.47552825510502 -46.154508493840694 4.5
      vertex 30.49384417384863 -46.07821723073721 4.5
    endloop
  endfacet
  facet normal 0 0 1
    outer loop
      vertex 30.30901699513197 -46.08778525143862 4.5
      vertex 30.49384417384863 -46.07821723073721 4.5
      vertex 30.5 -46 4.5
    endloop
  endfacet
  facet normal 0 0 1
    outer loop
      vertex 30.391006521880627 -45.95399049669504 4.5
      vertex 30.5 -46 4.5
      vertex 30.451056517660618 -45.80901699513197 4.5
    endloop
  endfacet
  facet normal 0 0 1
    outer loop
      vertex 30.5 -46 4.5
      vertex 30.487688340246677 -45.65643446147442 4.5
      vertex 30.451056517660618 -45.80901699513197 4.5
    endloop
  endfacet
  facet normal 0 0 1
    outer loop
      vertex 30.5 -46 4.5
      vertex 30.5 -45.5 4.5
      vertex 30.487688340246677 -45.65643446147442 4.5
    endloop
  endfacet
  facet normal 0 0 1
    outer loop
      vertex 31.633883476257324 -47.633883476257324 4.5
      vertex 34.55422606319189 -47.98606798052788 4.5
      vertex 31.761271245777607 -47.48473156243563 4.5
    endloop
  endfacet
  facet normal 0 0 1
    outer loop
      vertex 31.761271245777607 -47.48473156243563 4.5
      vertex 34.55422606319189 -47.98606798052788 4.5
      vertex 34.70075336098671 -47.375737860798836 4.5
    endloop
  endfacet
  facet normal 0 0 1
    outer loop
      vertex 31.761271245777607 -47.48473156243563 4.5
      vertex 34.70075336098671 -47.375737860798836 4.5
      vertex 31.86375815421343 -47.31748812645674 4.5
    endloop
  endfacet
  facet normal 0 0 1
    outer loop
      vertex 31.86375815421343 -47.31748812645674 4.5
      vertex 34.70075336098671 -47.375737860798836 4.5
      vertex 31.938820645213127 -47.13627124577761 4.5
    endloop
  endfacet
  facet normal 0 0 1
    outer loop
      vertex 31.938820645213127 -47.13627124577761 4.5
      vertex 34.70075336098671 -47.375737860798836 4.5
      vertex 31.9846104234457 -46.945543080568314 4.5
    endloop
  endfacet
  facet normal 0 0 1
    outer loop
      vertex 31.9846104234457 -46.945543080568314 4.5
      vertex 34.75 -46.75 4.5
      vertex 32 -46.75 4.5
    endloop
  endfacet
  facet normal 0 0 1
    outer loop
      vertex 31.9846104234457 -46.945543080568314 4.5
      vertex 34.70075336098671 -47.375737860798836 4.5
      vertex 34.75 -46.75 4.5
    endloop
  endfacet
  facet normal 1 0 0
    outer loop
      vertex 34.75 -46.75 0
      vertex 34.75 46.75 0
      vertex 34.75 -46.75 4.5
    endloop
  endfacet
  facet normal 0 0 -1
    outer loop
      vertex 24.981532514095306 -35.73465169966221 0
      vertex 25 -35.5 0
      vertex 34.75 46.75 0
    endloop
  endfacet
  facet normal 0 0 -1
    outer loop
      vertex 24.981532514095306 -35.73465169966221 0
      vertex 34.75 46.75 0
      vertex 34.75 -46.75 0
    endloop
  endfacet
  facet normal 0 0 1
    outer loop
      vertex 32 -46.75 4.5
      vertex 34.75 -46.75 4.5
      vertex 32 46.75 4.5
    endloop
  endfacet
  facet normal 0 0 -1
    outer loop
      vertex -34.75 46.75 0
      vertex 23.73465169966221 36.981532514095306 0
      vertex 23.5 37 0
    endloop
  endfacet
  facet normal 0 0 -1
    outer loop
      vertex -34.75 46.75 0
      vertex 34.55422606319189 47.98606798052788 0
      vertex 23.73465169966221 36.981532514095306 0
    endloop
  endfacet
  facet normal 0 0 -1
    outer loop
      vertex -32.56596200168133 50.31402609497309 0
      vertex 30.75 50.75 0
      vertex 31.375737860798836 50.70075336098671 0
    endloop
  endfacet
  facet normal 0 0 -1
    outer loop
      vertex -33.10114100575447 49.98606798052788 0
      vertex 31.375737860798836 50.70075336098671 0
      vertex 31.986067980527878 50.55422606319189 0
    endloop
  endfacet
  facet normal 0 0 -1
    outer loop
      vertex -33.98606798052788 49.10114100575447 0
      vertex 32.56596200168133 50.31402609497309 0
      vertex 33.10114100575447 49.98606798052788 0
    endloop
  endfacet
  facet normal 0 0 -1
    outer loop
      vertex -34.31402609497309 48.56596200168133 0
      vertex 33.10114100575447 49.98606798052788 0
      vertex 33.578427121043205 49.578427121043205 0
    endloop
  endfacet
  facet normal 0 0 -1
    outer loop
      vertex -33.578427121043205 49.578427121043205 0
      vertex 31.986067980527878 50.55422606319189 0
      vertex 32.56596200168133 50.31402609497309 0
    endloop
  endfacet
  facet normal 0 0 -1
    outer loop
      vertex -34.75 46.75 0
      vertex 34.31402609497309 48.56596200168133 0
      vertex 34.55422606319189 47.98606798052788 0
    endloop
  endfacet
  facet normal 0 0 -1
    outer loop
      vertex -34.70075336098671 47.375737860798836 0
      vertex 33.98606798052788 49.10114100575447 0
      vertex 34.31402609497309 48.56596200168133 0
    endloop
  endfacet
  facet normal 0 0 -1
    outer loop
      vertex -34.55422606319189 47.98606798052788 0
      vertex 33.578427121043205 49.578427121043205 0
      vertex 33.98606798052788 49.10114100575447 0
    endloop
  endfacet
  facet normal 0 1 0
    outer loop
      vertex -30.75 50.75 0
      vertex 30.75 50.75 4.5
      vertex 30.75 50.75 0
    endloop
  endfacet
  facet normal 0 0 1
    outer loop
      vertex -32.56596200168133 50.31402609497309 4.5
      vertex 31.375737860798836 50.70075336098671 4.5
      vertex 30.75 50.75 4.5
    endloop
  endfacet
  facet normal 0 0 1
    outer loop
      vertex -33.10114100575447 49.98606798052788 4.5
      vertex 31.986067980527878 50.55422606319189 4.5
      vertex 31.375737860798836 50.70075336098671 4.5
    endloop
  endfacet
  facet normal 0 0 1
    outer loop
      vertex -33.98606798052788 49.10114100575447 4.5
      vertex 33.10114100575447 49.98606798052788 4.5
      vertex 32.56596200168133 50.31402609497309 4.5
    endloop
  endfacet
  facet normal 0 0 1
    outer loop
      vertex -34.31402609497309 48.56596200168133 4.5
      vertex 33.578427121043205 49.578427121043205 4.5
      vertex 33.10114100575447 49.98606798052788 4.5
    endloop
  endfacet
  facet normal 0 0 1
    outer loop
      vertex -33.578427121043205 49.578427121043205 4.5
      vertex 32.56596200168133 50.31402609497309 4.5
      vertex 31.986067980527878 50.55422606319189 4.5
    endloop
  endfacet
  facet normal 0 0 1
    outer loop
      vertex -30.75 48 4.5
      vertex 30.75 48 4.5
      vertex 33.98606798052788 49.10114100575447 4.5
    endloop
  endfacet
  facet normal 0 0 1
    outer loop
      vertex -34.55422606319189 47.98606798052788 4.5
      vertex 33.98606798052788 49.10114100575447 4.5
      vertex 33.578427121043205 49.578427121043205 4.5
    endloop
  endfacet
  facet normal 0 0 -1
    outer loop
      vertex 25 -35.5 0
      vertex 25 35.5 0
      vertex 34.75 46.75 0
    endloop
  endfacet
  facet normal 1 0 0
    outer loop
      vertex 34.75 -46.75 4.5
      vertex 34.75 46.75 0
      vertex 34.75 46.75 4.5
    endloop
  endfacet
  facet normal 0 0 1
    outer loop
      vertex 34.75 -46.75 4.5
      vertex 34.75 46.75 4.5
      vertex 32 46.75 4.5
    endloop
  endfacet
  facet normal 0 0 -1
    outer loop
      vertex 23.73465169966221 36.981532514095306 0
      vertex 34.55422606319189 47.98606798052788 0
      vertex 23.963525488972664 36.926584772765636 0
    endloop
  endfacet
  facet normal 0 0 -1
    outer loop
      vertex 23.963525488972664 36.926584772765636 0
      vertex 34.55422606319189 47.98606798052788 0
      vertex 24.180985748767853 36.83650978654623 0
    endloop
  endfacet
  facet normal 0 0 -1
    outer loop
      vertex 24.381677880883217 36.713525488972664 0
      vertex 34.55422606319189 47.98606798052788 0
      vertex 24.560660168528557 36.56066016852856 0
    endloop
  endfacet
  facet normal 0 0 -1
    outer loop
      vertex 24.713525488972664 36.38167788088322 0
      vertex 24.560660168528557 36.56066016852856 0
      vertex 34.55422606319189 47.98606798052788 0
    endloop
  endfacet
  facet normal 0 0 -1
    outer loop
      vertex 25 35.5 0
      vertex 24.981532514095306 35.73465169966221 0
      vertex 34.55422606319189 47.98606798052788 0
    endloop
  endfacet
  facet normal 0 0 -1
    outer loop
      vertex 24.926584772765636 35.963525488972664 0
      vertex 34.55422606319189 47.98606798052788 0
      vertex 24.981532514095306 35.73465169966221 0
    endloop
  endfacet
  facet normal 0 0 -1
    outer loop
      vertex 24.926584772765636 35.963525488972664 0
      vertex 24.83650978654623 36.18098574876785 0
      vertex 34.55422606319189 47.98606798052788 0
    endloop
  endfacet
  facet normal 0 0 -1
    outer loop
      vertex 24.83650978654623 36.18098574876785 0
      vertex 24.713525488972664 36.38167788088322 0
      vertex 34.55422606319189 47.98606798052788 0
    endloop
  endfacet
  facet normal 0 0 -1
    outer loop
      vertex 24.180985748767853 36.83650978654623 0
      vertex 34.55422606319189 47.98606798052788 0
      vertex 24.381677880883217 36.713525488972664 0
    endloop
  endfacet
  facet normal 0 0 -1
    outer loop
      vertex 25 35.5 0
      vertex 34.70075336098671 47.375737860798836 0
      vertex 34.75 46.75 0
    endloop
  endfacet
  facet normal 0 0 -1
    outer loop
      vertex 25 35.5 0
      vertex 34.55422606319189 47.98606798052788 0
      vertex 34.70075336098671 47.375737860798836 0
    endloop
  endfacet
  facet normal 0.07845909785533144 0.9969173335656912 0
    outer loop
      vertex 30.75 50.75 0
      vertex 31.375737860798836 50.70075336098671 4.5
      vertex 31.375737860798836 50.70075336098671 0
    endloop
  endfacet
  facet normal 0.2334453638876171 0.9723699203900633 0
    outer loop
      vertex 31.375737860798836 50.70075336098671 0
      vertex 31.986067980527878 50.55422606319189 4.5
      vertex 31.986067980527878 50.55422606319189 0
    endloop
  endfacet
  facet normal 0.382683432253545 0.9238795325574901 0
    outer loop
      vertex 31.986067980527878 50.55422606319189 0
      vertex 32.56596200168133 50.31402609497309 4.5
      vertex 32.56596200168133 50.31402609497309 0
    endloop
  endfacet
  facet normal 0.9969173335656912 0.07845909785533144 0
    outer loop
      vertex 34.75 46.75 0
      vertex 34.70075336098671 47.375737860798836 0
      vertex 34.75 46.75 4.5
    endloop
  endfacet
  facet normal 0.5224985635035544 0.8526401650970484 0
    outer loop
      vertex 32.56596200168133 50.31402609497309 0
      vertex 33.10114100575447 49.98606798052788 4.5
      vertex 33.10114100575447 49.98606798052788 0
    endloop
  endfacet
  facet normal 0.6494480547571531 0.7604059601108804 0
    outer loop
      vertex 33.10114100575447 49.98606798052788 0
      vertex 33.578427121043205 49.578427121043205 4.5
      vertex 33.578427121043205 49.578427121043205 0
    endloop
  endfacet
  facet normal 0.8526401650970484 0.5224985635035544 0
    outer loop
      vertex 33.98606798052788 49.10114100575447 0
      vertex 34.31402609497309 48.56596200168133 4.5
      vertex 34.31402609497309 48.56596200168133 0
    endloop
  endfacet
  facet normal 0.9238795325574901 0.382683432253545 0
    outer loop
      vertex 34.55422606319189 47.98606798052788 0
      vertex 34.31402609497309 48.56596200168133 0
      vertex 34.55422606319189 47.98606798052788 4.5
    endloop
  endfacet
  facet normal 0.9723699203900633 0.2334453638876171 0
    outer loop
      vertex 34.70075336098671 47.375737860798836 0
      vertex 34.55422606319189 47.98606798052788 0
      vertex 34.70075336098671 47.375737860798836 4.5
    endloop
  endfacet
  facet normal 0.7604059601108804 0.6494480547571531 0
    outer loop
      vertex 33.578427121043205 49.578427121043205 0
      vertex 33.98606798052788 49.10114100575447 4.5
      vertex 33.98606798052788 49.10114100575447 0
    endloop
  endfacet
  facet normal 0.07845909785533144 0.9969173335656912 0
    outer loop
      vertex 30.75 50.75 0
      vertex 30.75 50.75 4.5
      vertex 31.375737860798836 50.70075336098671 4.5
    endloop
  endfacet
  facet normal 0.2334453638876171 0.9723699203900633 0
    outer loop
      vertex 31.375737860798836 50.70075336098671 0
      vertex 31.375737860798836 50.70075336098671 4.5
      vertex 31.986067980527878 50.55422606319189 4.5
    endloop
  endfacet
  facet normal 0.382683432253545 0.9238795325574901 0
    outer loop
      vertex 31.986067980527878 50.55422606319189 0
      vertex 31.986067980527878 50.55422606319189 4.5
      vertex 32.56596200168133 50.31402609497309 4.5
    endloop
  endfacet
  facet normal 0.9969173335656912 0.07845909785533144 0
    outer loop
      vertex 34.70075336098671 47.375737860798836 0
      vertex 34.70075336098671 47.375737860798836 4.5
      vertex 34.75 46.75 4.5
    endloop
  endfacet
  facet normal 0.5224985635035544 0.8526401650970484 0
    outer loop
      vertex 32.56596200168133 50.31402609497309 0
      vertex 32.56596200168133 50.31402609497309 4.5
      vertex 33.10114100575447 49.98606798052788 4.5
    endloop
  endfacet
  facet normal 0.6494480547571531 0.7604059601108804 0
    outer loop
      vertex 33.10114100575447 49.98606798052788 0
      vertex 33.10114100575447 49.98606798052788 4.5
      vertex 33.578427121043205 49.578427121043205 4.5
    endloop
  endfacet
  facet normal 0.8526401650970484 0.5224985635035544 0
    outer loop
      vertex 33.98606798052788 49.10114100575447 0
      vertex 33.98606798052788 49.10114100575447 4.5
      vertex 34.31402609497309 48.56596200168133 4.5
    endloop
  endfacet
  facet normal 0.9723699203900633 0.2334453638876171 0
    outer loop
      vertex 34.55422606319189 47.98606798052788 0
      vertex 34.55422606319189 47.98606798052788 4.5
      vertex 34.70075336098671 47.375737860798836 4.5
    endloop
  endfacet
  facet normal 0.9238795325574901 0.382683432253545 0
    outer loop
      vertex 34.31402609497309 48.56596200168133 0
      vertex 34.31402609497309 48.56596200168133 4.5
      vertex 34.55422606319189 47.98606798052788 4.5
    endloop
  endfacet
  facet normal 0.7604059601108804 0.6494480547571531 0
    outer loop
      vertex 33.578427121043205 49.578427121043205 0
      vertex 33.578427121043205 49.578427121043205 4.5
      vertex 33.98606798052788 49.10114100575447 4.5
    endloop
  endfacet
  facet normal 0 0 1
    outer loop
      vertex 29.5 46.5 4.5
      vertex 29.65643446147442 46.48768834024668 4.5
      vertex 30 46.5 4.5
    endloop
  endfacet
  facet normal 0 0 1
    outer loop
      vertex 29.65643446147442 46.48768834024668 4.5
      vertex 29.80901699513197 46.45105651766062 4.5
      vertex 30.07821723073721 46.49384417384863 4.5
    endloop
  endfacet
  facet normal 0 0 1
    outer loop
      vertex 30.087785251438618 46.30901699513197 4.5
      vertex 30.2938926294446 46.404508493840694 4.5
      vertex 29.95399049669504 46.39100652188063 4.5
    endloop
  endfacet
  facet normal 0 0 1
    outer loop
      vertex 29.65643446147442 46.48768834024668 4.5
      vertex 30.07821723073721 46.49384417384863 4.5
      vertex 30 46.5 4.5
    endloop
  endfacet
  facet normal 0 0 1
    outer loop
      vertex 29.80901699513197 46.45105651766062 4.5
      vertex 29.95399049669504 46.39100652188063 4.5
      vertex 30.154508493840694 46.47552825510502 4.5
    endloop
  endfacet
  facet normal 0 0 1
    outer loop
      vertex 29.80901699513197 46.45105651766062 4.5
      vertex 30.154508493840694 46.47552825510502 4.5
      vertex 30.07821723073721 46.49384417384863 4.5
    endloop
  endfacet
  facet normal 0 0 1
    outer loop
      vertex 29.95399049669504 46.39100652188063 4.5
      vertex 30.22699525207281 46.445503264665604 4.5
      vertex 30.154508493840694 46.47552825510502 4.5
    endloop
  endfacet
  facet normal 0 0 1
    outer loop
      vertex 30.087785251438618 46.30901699513197 4.5
      vertex 30.20710678398609 46.20710678398609 4.5
      vertex 30.353553391993046 46.353553391993046 4.5
    endloop
  endfacet
  facet normal 0 0 1
    outer loop
      vertex 30.087785251438618 46.30901699513197 4.5
      vertex 30.353553391993046 46.353553391993046 4.5
      vertex 30.2938926294446 46.404508493840694 4.5
    endloop
  endfacet
  facet normal 0 0 1
    outer loop
      vertex 30.20710678398609 46.20710678398609 4.5
      vertex 30.30901699513197 46.08778525143862 4.5
      vertex 30.445503264665604 46.22699525207281 4.5
    endloop
  endfacet
  facet normal 0 0 1
    outer loop
      vertex 30.391006521880627 45.95399049669504 4.5
      vertex 30.47552825510502 46.154508493840694 4.5
      vertex 30.30901699513197 46.08778525143862 4.5
    endloop
  endfacet
  facet normal 0 0 1
    outer loop
      vertex 30.20710678398609 46.20710678398609 4.5
      vertex 30.404508493840694 46.2938926294446 4.5
      vertex 30.353553391993046 46.353553391993046 4.5
    endloop
  endfacet
  facet normal 0 0 1
    outer loop
      vertex 30.20710678398609 46.20710678398609 4.5
      vertex 30.445503264665604 46.22699525207281 4.5
      vertex 30.404508493840694 46.2938926294446 4.5
    endloop
  endfacet
  facet normal 0 0 1
    outer loop
      vertex 29.95399049669504 46.39100652188063 4.5
      vertex 30.2938926294446 46.404508493840694 4.5
      vertex 30.22699525207281 46.445503264665604 4.5
    endloop
  endfacet
  facet normal 0 0 1
    outer loop
      vertex 30.5 45.5 4.5
      vertex 30.5 46 4.5
      vertex 30.487688340246677 45.65643446147442 4.5
    endloop
  endfacet
  facet normal 0 0 1
    outer loop
      vertex 30.391006521880627 45.95399049669504 4.5
      vertex 30.451056517660618 45.80901699513197 4.5
      vertex 30.5 46 4.5
    endloop
  endfacet
  facet normal 0 0 1
    outer loop
      vertex 30.487688340246677 45.65643446147442 4.5
      vertex 30.5 46 4.5
      vertex 30.451056517660618 45.80901699513197 4.5
    endloop
  endfacet
  facet normal 0 0 1
    outer loop
      vertex 30.391006521880627 45.95399049669504 4.5
      vertex 30.5 46 4.5
      vertex 30.49384417384863 46.07821723073721 4.5
    endloop
  endfacet
  facet normal 0 0 1
    outer loop
      vertex 30.391006521880627 45.95399049669504 4.5
      vertex 30.49384417384863 46.07821723073721 4.5
      vertex 30.47552825510502 46.154508493840694 4.5
    endloop
  endfacet
  facet normal 0 0 1
    outer loop
      vertex 30.30901699513197 46.08778525143862 4.5
      vertex 30.47552825510502 46.154508493840694 4.5
      vertex 30.445503264665604 46.22699525207281 4.5
    endloop
  endfacet
  facet normal 0 0 1
    outer loop
      vertex 30.75 48 4.5
      vertex 30.945543080568314 47.9846104234457 4.5
      vertex 34.31402609497309 48.56596200168133 4.5
    endloop
  endfacet
  facet normal 0 0 1
    outer loop
      vertex 30.945543080568314 47.9846104234457 4.5
      vertex 31.136271245777607 47.93882064521313 4.5
      vertex 34.31402609497309 48.56596200168133 4.5
    endloop
  endfacet
  facet normal 0 0 1
    outer loop
      vertex 31.136271245777607 47.93882064521313 4.5
      vertex 31.317488126456738 47.86375815421343 4.5
      vertex 34.31402609497309 48.56596200168133 4.5
    endloop
  endfacet
  facet normal 0 0 1
    outer loop
      vertex 31.317488126456738 47.86375815421343 4.5
      vertex 31.484731562435627 47.76127124577761 4.5
      vertex 34.55422606319189 47.98606798052788 4.5
    endloop
  endfacet
  facet normal 0 0 1
    outer loop
      vertex 31.484731562435627 47.76127124577761 4.5
      vertex 31.633883476257324 47.633883476257324 4.5
      vertex 34.55422606319189 47.98606798052788 4.5
    endloop
  endfacet
  facet normal 0 0 1
    outer loop
      vertex 32 46.75 4.5
      vertex 34.55422606319189 47.98606798052788 4.5
      vertex 31.9846104234457 46.945543080568314 4.5
    endloop
  endfacet
  facet normal 0 0 1
    outer loop
      vertex 31.9846104234457 46.945543080568314 4.5
      vertex 34.55422606319189 47.98606798052788 4.5
      vertex 31.938820645213127 47.13627124577761 4.5
    endloop
  endfacet
  facet normal 0 0 1
    outer loop
      vertex 31.938820645213127 47.13627124577761 4.5
      vertex 34.55422606319189 47.98606798052788 4.5
      vertex 31.86375815421343 47.31748812645674 4.5
    endloop
  endfacet
  facet normal 0 0 1
    outer loop
      vertex 32 46.75 4.5
      vertex 34.75 46.75 4.5
      vertex 34.70075336098671 47.375737860798836 4.5
    endloop
  endfacet
  facet normal 0 0 1
    outer loop
      vertex 32 46.75 4.5
      vertex 34.70075336098671 47.375737860798836 4.5
      vertex 34.55422606319189 47.98606798052788 4.5
    endloop
  endfacet
  facet normal 0 0 1
    outer loop
      vertex 31.761271245777607 47.48473156243563 4.5
      vertex 34.55422606319189 47.98606798052788 4.5
      vertex 31.633883476257324 47.633883476257324 4.5
    endloop
  endfacet
  facet normal 0 0 1
    outer loop
      vertex 31.761271245777607 47.48473156243563 4.5
      vertex 31.86375815421343 47.31748812645674 4.5
      vertex 34.55422606319189 47.98606798052788 4.5
    endloop
  endfacet
  facet normal 0 0 1
    outer loop
      vertex 30.75 48 4.5
      vertex 34.31402609497309 48.56596200168133 4.5
      vertex 33.98606798052788 49.10114100575447 4.5
    endloop
  endfacet
  facet normal 0 0 1
    outer loop
      vertex 31.317488126456738 47.86375815421343 4.5
      vertex 34.55422606319189 47.98606798052788 4.5
      vertex 34.31402609497309 48.56596200168133 4.5
    endloop
  endfacet
  facet normal 0.9969173348523404 0.07845908150690199 0
    outer loop
      vertex -24.981532514095306 -35.73465169966221 0
      vertex -25 -35.5 0
      vertex -25 -35.5 2.5
    endloop
  endfacet
  facet normal 0.6494480619054889 0.7604059540056248 0
    outer loop
      vertex -24.560660168528557 -36.56066016852856 0
      vertex -24.560660168528557 -36.56066016852856 2.5
      vertex -24.381677880883217 -36.713525488972664 0
    endloop
  endfacet
  facet normal 0.52249856730975 0.852640162764609 0
    outer loop
      vertex -24.381677880883217 -36.713525488972664 0
      vertex -24.381677880883217 -36.713525488972664 2.5
      vertex -24.180985748767853 -36.83650978654623 0
    endloop
  endfacet
  facet normal 0.3826834227011722 0.9238795365142124 0
    outer loop
      vertex -24.180985748767853 -36.83650978654623 0
      vertex -24.180985748767853 -36.83650978654623 2.5
      vertex -23.963525488972664 -36.926584772765636 0
    endloop
  endfacet
  facet normal 0.852640162764609 0.52249856730975 0
    outer loop
      vertex -24.713525488972664 -36.38167788088322 0
      vertex -24.83650978654623 -36.18098574876785 0
      vertex -24.83650978654623 -36.18098574876785 2.5
    endloop
  endfacet
  facet normal 0.9238795365142124 0.3826834227011722 0
    outer loop
      vertex -24.83650978654623 -36.18098574876785 0
      vertex -24.926584772765636 -35.963525488972664 0
      vertex -24.926584772765636 -35.963525488972664 2.5
    endloop
  endfacet
  facet normal 0.9723699146055064 0.23344538798202996 0
    outer loop
      vertex -24.981532514095306 -35.73465169966221 0
      vertex -24.981532514095306 -35.73465169966221 2.5
      vertex -24.926584772765636 -35.963525488972664 0
    endloop
  endfacet
  facet normal 0.7604059540056248 0.6494480619054889 0
    outer loop
      vertex -24.560660168528557 -36.56066016852856 0
      vertex -24.713525488972664 -36.38167788088322 0
      vertex -24.713525488972664 -36.38167788088322 2.5
    endloop
  endfacet
  facet normal 0.23344538798202996 0.9723699146055064 0
    outer loop
      vertex -23.963525488972664 -36.926584772765636 0
      vertex -23.963525488972664 -36.926584772765636 2.5
      vertex -23.73465169966221 -36.981532514095306 0
    endloop
  endfacet
  facet normal 0.07845908150690199 0.9969173348523404 0
    outer loop
      vertex -23.73465169966221 -36.981532514095306 0
      vertex -23.73465169966221 -36.981532514095306 2.5
      vertex -23.5 -37 0
    endloop
  endfacet
  facet normal 0.9969173348523404 0.07845908150690199 0
    outer loop
      vertex -24.981532514095306 -35.73465169966221 0
      vertex -25 -35.5 2.5
      vertex -24.981532514095306 -35.73465169966221 2.5
    endloop
  endfacet
  facet normal 0.7604059540056248 0.6494480619054889 0
    outer loop
      vertex -24.560660168528557 -36.56066016852856 0
      vertex -24.713525488972664 -36.38167788088322 2.5
      vertex -24.560660168528557 -36.56066016852856 2.5
    endloop
  endfacet
  facet normal 0.6494480619054889 0.7604059540056248 0
    outer loop
      vertex -24.381677880883217 -36.713525488972664 0
      vertex -24.560660168528557 -36.56066016852856 2.5
      vertex -24.381677880883217 -36.713525488972664 2.5
    endloop
  endfacet
  facet normal 0.52249856730975 0.852640162764609 0
    outer loop
      vertex -24.180985748767853 -36.83650978654623 0
      vertex -24.381677880883217 -36.713525488972664 2.5
      vertex -24.180985748767853 -36.83650978654623 2.5
    endloop
  endfacet
  facet normal 0.3826834227011722 0.9238795365142124 0
    outer loop
      vertex -23.963525488972664 -36.926584772765636 0
      vertex -24.180985748767853 -36.83650978654623 2.5
      vertex -23.963525488972664 -36.926584772765636 2.5
    endloop
  endfacet
  facet normal 0.9238795365142124 0.3826834227011722 0
    outer loop
      vertex -24.83650978654623 -36.18098574876785 0
      vertex -24.926584772765636 -35.963525488972664 2.5
      vertex -24.83650978654623 -36.18098574876785 2.5
    endloop
  endfacet
  facet normal 0.852640162764609 0.52249856730975 0
    outer loop
      vertex -24.713525488972664 -36.38167788088322 0
      vertex -24.83650978654623 -36.18098574876785 2.5
      vertex -24.713525488972664 -36.38167788088322 2.5
    endloop
  endfacet
  facet normal 0.9723699146055064 0.23344538798202996 0
    outer loop
      vertex -24.926584772765636 -35.963525488972664 0
      vertex -24.981532514095306 -35.73465169966221 2.5
      vertex -24.926584772765636 -35.963525488972664 2.5
    endloop
  endfacet
  facet normal 0.23344538798202996 0.9723699146055064 0
    outer loop
      vertex -23.73465169966221 -36.981532514095306 0
      vertex -23.963525488972664 -36.926584772765636 2.5
      vertex -23.73465169966221 -36.981532514095306 2.5
    endloop
  endfacet
  facet normal 0.07845908150690199 0.9969173348523404 0
    outer loop
      vertex -23.5 -37 0
      vertex -23.73465169966221 -36.981532514095306 2.5
      vertex -23.5 -37 2.5
    endloop
  endfacet
  facet normal 1 0 0
    outer loop
      vertex -25 -35.5 0
      vertex -25 35.5 2.5
      vertex -25 -35.5 2.5
    endloop
  endfacet
  facet normal 0 1 0
    outer loop
      vertex -23.5 -37 0
      vertex -23.5 -37 2.5
      vertex 23.5 -37 0
    endloop
  endfacet
  facet normal 1 0 0
    outer loop
      vertex -25 -35.5 0
      vertex -25 35.5 0
      vertex -25 35.5 2.5
    endloop
  endfacet
  facet normal 0.9969173348523404 -0.07845908150690199 0
    outer loop
      vertex -25 35.5 0
      vertex -24.981532514095306 35.73465169966221 0
      vertex -24.981532514095306 35.73465169966221 2.5
    endloop
  endfacet
  facet normal 0.9723699146055064 -0.23344538798202996 0
    outer loop
      vertex -24.981532514095306 35.73465169966221 0
      vertex -24.926584772765636 35.963525488972664 0
      vertex -24.926584772765636 35.963525488972664 2.5
    endloop
  endfacet
  facet normal 0.9238795365142124 -0.3826834227011722 0
    outer loop
      vertex -24.926584772765636 35.963525488972664 0
      vertex -24.83650978654623 36.18098574876785 0
      vertex -24.83650978654623 36.18098574876785 2.5
    endloop
  endfacet
  facet normal 0.852640162764609 -0.52249856730975 0
    outer loop
      vertex -24.83650978654623 36.18098574876785 0
      vertex -24.713525488972664 36.38167788088322 0
      vertex -24.713525488972664 36.38167788088322 2.5
    endloop
  endfacet
  facet normal 0.7604059540056248 -0.6494480619054889 0
    outer loop
      vertex -24.713525488972664 36.38167788088322 0
      vertex -24.560660168528557 36.56066016852856 0
      vertex -24.560660168528557 36.56066016852856 2.5
    endloop
  endfacet
  facet normal 0.6494480619054889 -0.7604059540056248 0
    outer loop
      vertex -24.560660168528557 36.56066016852856 0
      vertex -24.381677880883217 36.713525488972664 0
      vertex -24.381677880883217 36.713525488972664 2.5
    endloop
  endfacet
  facet normal 0.52249856730975 -0.852640162764609 0
    outer loop
      vertex -24.381677880883217 36.713525488972664 0
      vertex -24.180985748767853 36.83650978654623 0
      vertex -24.180985748767853 36.83650978654623 2.5
    endloop
  endfacet
  facet normal 0.3826834227011722 -0.9238795365142124 0
    outer loop
      vertex -24.180985748767853 36.83650978654623 0
      vertex -23.963525488972664 36.926584772765636 0
      vertex -23.963525488972664 36.926584772765636 2.5
    endloop
  endfacet
  facet normal 0.23344538798202996 -0.9723699146055064 0
    outer loop
      vertex -23.963525488972664 36.926584772765636 0
      vertex -23.73465169966221 36.981532514095306 0
      vertex -23.73465169966221 36.981532514095306 2.5
    endloop
  endfacet
  facet normal 0.07845908150690199 -0.9969173348523404 0
    outer loop
      vertex -23.73465169966221 36.981532514095306 0
      vertex -23.5 37 0
      vertex -23.5 37 2.5
    endloop
  endfacet
  facet normal 0.9969173348523404 -0.07845908150690199 0
    outer loop
      vertex -25 35.5 0
      vertex -24.981532514095306 35.73465169966221 2.5
      vertex -25 35.5 2.5
    endloop
  endfacet
  facet normal 0.9723699146055064 -0.23344538798202996 0
    outer loop
      vertex -24.981532514095306 35.73465169966221 0
      vertex -24.926584772765636 35.963525488972664 2.5
      vertex -24.981532514095306 35.73465169966221 2.5
    endloop
  endfacet
  facet normal 0.9238795365142124 -0.3826834227011722 0
    outer loop
      vertex -24.926584772765636 35.963525488972664 0
      vertex -24.83650978654623 36.18098574876785 2.5
      vertex -24.926584772765636 35.963525488972664 2.5
    endloop
  endfacet
  facet normal 0.852640162764609 -0.52249856730975 0
    outer loop
      vertex -24.83650978654623 36.18098574876785 0
      vertex -24.713525488972664 36.38167788088322 2.5
      vertex -24.83650978654623 36.18098574876785 2.5
    endloop
  endfacet
  facet normal 0.7604059540056248 -0.6494480619054889 0
    outer loop
      vertex -24.713525488972664 36.38167788088322 0
      vertex -24.560660168528557 36.56066016852856 2.5
      vertex -24.713525488972664 36.38167788088322 2.5
    endloop
  endfacet
  facet normal 0.6494480619054889 -0.7604059540056248 0
    outer loop
      vertex -24.560660168528557 36.56066016852856 0
      vertex -24.381677880883217 36.713525488972664 2.5
      vertex -24.560660168528557 36.56066016852856 2.5
    endloop
  endfacet
  facet normal 0.52249856730975 -0.852640162764609 0
    outer loop
      vertex -24.381677880883217 36.713525488972664 0
      vertex -24.180985748767853 36.83650978654623 2.5
      vertex -24.381677880883217 36.713525488972664 2.5
    endloop
  endfacet
  facet normal 0.3826834227011722 -0.9238795365142124 0
    outer loop
      vertex -24.180985748767853 36.83650978654623 0
      vertex -23.963525488972664 36.926584772765636 2.5
      vertex -24.180985748767853 36.83650978654623 2.5
    endloop
  endfacet
  facet normal 0.23344538798202996 -0.9723699146055064 0
    outer loop
      vertex -23.963525488972664 36.926584772765636 0
      vertex -23.73465169966221 36.981532514095306 2.5
      vertex -23.963525488972664 36.926584772765636 2.5
    endloop
  endfacet
  facet normal 0.07845908150690199 -0.9969173348523404 0
    outer loop
      vertex -23.73465169966221 36.981532514095306 0
      vertex -23.5 37 2.5
      vertex -23.73465169966221 36.981532514095306 2.5
    endloop
  endfacet
  facet normal 0 -1 0
    outer loop
      vertex -23.5 37 0
      vertex 23.5 37 2.5
      vertex -23.5 37 2.5
    endloop
  endfacet
  facet normal 0 1 0
    outer loop
      vertex -23.5 -37 2.5
      vertex 23.5 -37 2.5
      vertex 23.5 -37 0
    endloop
  endfacet
  facet normal -0.07845908150690199 0.9969173348523404 0
    outer loop
      vertex 23.5 -37 0
      vertex 23.5 -37 2.5
      vertex 23.73465169966221 -36.981532514095306 0
    endloop
  endfacet
  facet normal -0.23344538798202996 0.9723699146055064 0
    outer loop
      vertex 23.73465169966221 -36.981532514095306 0
      vertex 23.73465169966221 -36.981532514095306 2.5
      vertex 23.963525488972664 -36.926584772765636 0
    endloop
  endfacet
  facet normal -0.3826834227011722 0.9238795365142124 0
    outer loop
      vertex 23.963525488972664 -36.926584772765636 0
      vertex 23.963525488972664 -36.926584772765636 2.5
      vertex 24.180985748767853 -36.83650978654623 0
    endloop
  endfacet
  facet normal -0.52249856730975 0.852640162764609 0
    outer loop
      vertex 24.180985748767853 -36.83650978654623 0
      vertex 24.180985748767853 -36.83650978654623 2.5
      vertex 24.381677880883217 -36.713525488972664 0
    endloop
  endfacet
  facet normal -0.6494480619054889 0.7604059540056248 0
    outer loop
      vertex 24.381677880883217 -36.713525488972664 0
      vertex 24.381677880883217 -36.713525488972664 2.5
      vertex 24.560660168528557 -36.56066016852856 0
    endloop
  endfacet
  facet normal -0.7604059540056248 0.6494480619054889 0
    outer loop
      vertex 24.560660168528557 -36.56066016852856 0
      vertex 24.560660168528557 -36.56066016852856 2.5
      vertex 24.713525488972664 -36.38167788088322 0
    endloop
  endfacet
  facet normal -0.852640162764609 0.52249856730975 0
    outer loop
      vertex 24.713525488972664 -36.38167788088322 0
      vertex 24.713525488972664 -36.38167788088322 2.5
      vertex 24.83650978654623 -36.18098574876785 0
    endloop
  endfacet
  facet normal -0.9238795365142124 0.3826834227011722 0
    outer loop
      vertex 24.83650978654623 -36.18098574876785 0
      vertex 24.83650978654623 -36.18098574876785 2.5
      vertex 24.926584772765636 -35.963525488972664 0
    endloop
  endfacet
  facet normal -0.9723699146055064 0.23344538798202996 0
    outer loop
      vertex 24.926584772765636 -35.963525488972664 0
      vertex 24.926584772765636 -35.963525488972664 2.5
      vertex 24.981532514095306 -35.73465169966221 0
    endloop
  endfacet
  facet normal -0.9969173348523404 0.07845908150690199 0
    outer loop
      vertex 24.981532514095306 -35.73465169966221 0
      vertex 24.981532514095306 -35.73465169966221 2.5
      vertex 25 -35.5 0
    endloop
  endfacet
  facet normal -0.07845908150690199 0.9969173348523404 0
    outer loop
      vertex 23.73465169966221 -36.981532514095306 0
      vertex 23.5 -37 2.5
      vertex 23.73465169966221 -36.981532514095306 2.5
    endloop
  endfacet
  facet normal -0.23344538798202996 0.9723699146055064 0
    outer loop
      vertex 23.963525488972664 -36.926584772765636 0
      vertex 23.73465169966221 -36.981532514095306 2.5
      vertex 23.963525488972664 -36.926584772765636 2.5
    endloop
  endfacet
  facet normal -0.3826834227011722 0.9238795365142124 0
    outer loop
      vertex 24.180985748767853 -36.83650978654623 0
      vertex 23.963525488972664 -36.926584772765636 2.5
      vertex 24.180985748767853 -36.83650978654623 2.5
    endloop
  endfacet
  facet normal -0.52249856730975 0.852640162764609 0
    outer loop
      vertex 24.381677880883217 -36.713525488972664 0
      vertex 24.180985748767853 -36.83650978654623 2.5
      vertex 24.381677880883217 -36.713525488972664 2.5
    endloop
  endfacet
  facet normal -0.6494480619054889 0.7604059540056248 0
    outer loop
      vertex 24.560660168528557 -36.56066016852856 0
      vertex 24.381677880883217 -36.713525488972664 2.5
      vertex 24.560660168528557 -36.56066016852856 2.5
    endloop
  endfacet
  facet normal -0.7604059540056248 0.6494480619054889 0
    outer loop
      vertex 24.713525488972664 -36.38167788088322 0
      vertex 24.560660168528557 -36.56066016852856 2.5
      vertex 24.713525488972664 -36.38167788088322 2.5
    endloop
  endfacet
  facet normal -0.852640162764609 0.52249856730975 0
    outer loop
      vertex 24.83650978654623 -36.18098574876785 0
      vertex 24.713525488972664 -36.38167788088322 2.5
      vertex 24.83650978654623 -36.18098574876785 2.5
    endloop
  endfacet
  facet normal -0.9238795365142124 0.3826834227011722 0
    outer loop
      vertex 24.926584772765636 -35.963525488972664 0
      vertex 24.83650978654623 -36.18098574876785 2.5
      vertex 24.926584772765636 -35.963525488972664 2.5
    endloop
  endfacet
  facet normal -0.9723699146055064 0.23344538798202996 0
    outer loop
      vertex 24.981532514095306 -35.73465169966221 0
      vertex 24.926584772765636 -35.963525488972664 2.5
      vertex 24.981532514095306 -35.73465169966221 2.5
    endloop
  endfacet
  facet normal -0.9969173348523404 0.07845908150690199 0
    outer loop
      vertex 25 -35.5 0
      vertex 24.981532514095306 -35.73465169966221 2.5
      vertex 25 -35.5 2.5
    endloop
  endfacet
  facet normal -1 0 0
    outer loop
      vertex 25 -35.5 0
      vertex 25 -35.5 2.5
      vertex 25 35.5 0
    endloop
  endfacet
  facet normal 0 -1 0
    outer loop
      vertex -23.5 37 0
      vertex 23.5 37 0
      vertex 23.5 37 2.5
    endloop
  endfacet
  facet normal -1 0 0
    outer loop
      vertex 25 -35.5 2.5
      vertex 25 35.5 2.5
      vertex 25 35.5 0
    endloop
  endfacet
  facet normal -0.07845908150690199 -0.9969173348523404 0
    outer loop
      vertex 23.5 37 0
      vertex 23.73465169966221 36.981532514095306 0
      vertex 23.73465169966221 36.981532514095306 2.5
    endloop
  endfacet
  facet normal -0.23344538798202996 -0.9723699146055064 0
    outer loop
      vertex 23.73465169966221 36.981532514095306 0
      vertex 23.963525488972664 36.926584772765636 0
      vertex 23.963525488972664 36.926584772765636 2.5
    endloop
  endfacet
  facet normal -0.7604059540056248 -0.6494480619054889 0
    outer loop
      vertex 24.713525488972664 36.38167788088322 0
      vertex 24.713525488972664 36.38167788088322 2.5
      vertex 24.560660168528557 36.56066016852856 0
    endloop
  endfacet
  facet normal -0.9723699146055064 -0.23344538798202996 0
    outer loop
      vertex 24.926584772765636 35.963525488972664 0
      vertex 24.981532514095306 35.73465169966221 0
      vertex 24.981532514095306 35.73465169966221 2.5
    endloop
  endfacet
  facet normal -0.9238795365142124 -0.3826834227011722 0
    outer loop
      vertex 24.926584772765636 35.963525488972664 0
      vertex 24.926584772765636 35.963525488972664 2.5
      vertex 24.83650978654623 36.18098574876785 0
    endloop
  endfacet
  facet normal -0.852640162764609 -0.52249856730975 0
    outer loop
      vertex 24.83650978654623 36.18098574876785 0
      vertex 24.83650978654623 36.18098574876785 2.5
      vertex 24.713525488972664 36.38167788088322 0
    endloop
  endfacet
  facet normal -0.3826834227011722 -0.9238795365142124 0
    outer loop
      vertex 23.963525488972664 36.926584772765636 0
      vertex 24.180985748767853 36.83650978654623 0
      vertex 24.180985748767853 36.83650978654623 2.5
    endloop
  endfacet
  facet normal -0.52249856730975 -0.852640162764609 0
    outer loop
      vertex 24.180985748767853 36.83650978654623 0
      vertex 24.381677880883217 36.713525488972664 0
      vertex 24.381677880883217 36.713525488972664 2.5
    endloop
  endfacet
  facet normal -0.6494480619054889 -0.7604059540056248 0
    outer loop
      vertex 24.381677880883217 36.713525488972664 0
      vertex 24.560660168528557 36.56066016852856 0
      vertex 24.560660168528557 36.56066016852856 2.5
    endloop
  endfacet
  facet normal -0.9969173348523404 -0.07845908150690199 0
    outer loop
      vertex 25 35.5 0
      vertex 25 35.5 2.5
      vertex 24.981532514095306 35.73465169966221 0
    endloop
  endfacet
  facet normal -0.07845908150690199 -0.9969173348523404 0
    outer loop
      vertex 23.5 37 0
      vertex 23.73465169966221 36.981532514095306 2.5
      vertex 23.5 37 2.5
    endloop
  endfacet
  facet normal -0.23344538798202996 -0.9723699146055064 0
    outer loop
      vertex 23.73465169966221 36.981532514095306 0
      vertex 23.963525488972664 36.926584772765636 2.5
      vertex 23.73465169966221 36.981532514095306 2.5
    endloop
  endfacet
  facet normal -0.9723699146055064 -0.23344538798202996 0
    outer loop
      vertex 24.926584772765636 35.963525488972664 0
      vertex 24.981532514095306 35.73465169966221 2.5
      vertex 24.926584772765636 35.963525488972664 2.5
    endloop
  endfacet
  facet normal -0.852640162764609 -0.52249856730975 0
    outer loop
      vertex 24.713525488972664 36.38167788088322 0
      vertex 24.83650978654623 36.18098574876785 2.5
      vertex 24.713525488972664 36.38167788088322 2.5
    endloop
  endfacet
  facet normal -0.9238795365142124 -0.3826834227011722 0
    outer loop
      vertex 24.83650978654623 36.18098574876785 0
      vertex 24.926584772765636 35.963525488972664 2.5
      vertex 24.83650978654623 36.18098574876785 2.5
    endloop
  endfacet
  facet normal -0.3826834227011722 -0.9238795365142124 0
    outer loop
      vertex 23.963525488972664 36.926584772765636 0
      vertex 24.180985748767853 36.83650978654623 2.5
      vertex 23.963525488972664 36.926584772765636 2.5
    endloop
  endfacet
  facet normal -0.52249856730975 -0.852640162764609 0
    outer loop
      vertex 24.180985748767853 36.83650978654623 0
      vertex 24.381677880883217 36.713525488972664 2.5
      vertex 24.180985748767853 36.83650978654623 2.5
    endloop
  endfacet
  facet normal -0.6494480619054889 -0.7604059540056248 0
    outer loop
      vertex 24.381677880883217 36.713525488972664 0
      vertex 24.560660168528557 36.56066016852856 2.5
      vertex 24.381677880883217 36.713525488972664 2.5
    endloop
  endfacet
  facet normal -0.7604059540056248 -0.6494480619054889 0
    outer loop
      vertex 24.560660168528557 36.56066016852856 0
      vertex 24.713525488972664 36.38167788088322 2.5
      vertex 24.560660168528557 36.56066016852856 2.5
    endloop
  endfacet
  facet normal -0.9969173348523404 -0.07845908150690199 0
    outer loop
      vertex 24.981532514095306 35.73465169966221 0
      vertex 25 35.5 2.5
      vertex 24.981532514095306 35.73465169966221 2.5
    endloop
  endfacet
  facet normal 0 0 1
    outer loop
      vertex -30.451056517660618 -45.80901699513197 2.5
      vertex -29.45026794151801 -44.248473874283754 2.5
      vertex -30.487688340246677 -45.65643446147442 2.5
    endloop
  endfacet
  facet normal 0 0 1
    outer loop
      vertex -30.487688340246677 -45.65643446147442 2.5
      vertex -29.615405419811673 -43.849796734531104 2.5
      vertex -30.5 -45.5 2.5
    endloop
  endfacet
  facet normal 0 0 1
    outer loop
      vertex -30.451056517660618 -45.80901699513197 2.5
      vertex -28.6164094438043 -45.224796734531104 2.5
      vertex -28.944543648263007 -44.94454364826301 2.5
    endloop
  endfacet
  facet normal 0 0 1
    outer loop
      vertex -30.451056517660618 -45.80901699513197 2.5
      vertex -29.224796734531104 -44.6164094438043 2.5
      vertex -29.45026794151801 -44.248473874283754 2.5
    endloop
  endfacet
  facet normal 0 0 1
    outer loop
      vertex -30.487688340246677 -45.65643446147442 2.5
      vertex -29.45026794151801 -44.248473874283754 2.5
      vertex -29.615405419811673 -43.849796734531104 2.5
    endloop
  endfacet
  facet normal 0 0 1
    outer loop
      vertex -30.451056517660618 -45.80901699513197 2.5
      vertex -28.944543648263007 -44.94454364826301 2.5
      vertex -29.224796734531104 -44.6164094438043 2.5
    endloop
  endfacet
  facet normal 0 0 1
    outer loop
      vertex -30.451056517660618 -45.80901699513197 2.5
      vertex -28.248473874283754 -45.450267941518014 2.5
      vertex -28.6164094438043 -45.224796734531104 2.5
    endloop
  endfacet
  facet normal 0 0 1
    outer loop
      vertex -30.451056517660618 -45.80901699513197 2.5
      vertex -27.849796734531104 -45.61540541981167 2.5
      vertex -28.248473874283754 -45.450267941518014 2.5
    endloop
  endfacet
  facet normal 0 0 1
    outer loop
      vertex -30.451056517660618 -45.80901699513197 2.5
      vertex -27.430194778860635 -45.71614293663663 2.5
      vertex -27.849796734531104 -45.61540541981167 2.5
    endloop
  endfacet
  facet normal 0 0 1
    outer loop
      vertex -30.451056517660618 -45.80901699513197 2.5
      vertex -27 -45.75 2.5
      vertex -27.430194778860635 -45.71614293663663 2.5
    endloop
  endfacet
  facet normal 0 0 1
    outer loop
      vertex -30.5 -45.5 2.5
      vertex -29.615405419811673 -43.849796734531104 2.5
      vertex -29.71614293663663 -43.43019477886064 2.5
    endloop
  endfacet
  facet normal 0 0 1
    outer loop
      vertex -30.5 -45.5 2.5
      vertex -29.71614293663663 -43.43019477886064 2.5
      vertex -29.75 -43 2.5
    endloop
  endfacet
  facet normal 0 0 1
    outer loop
      vertex -27.544788599687458 -44.06920782902604 2.5
      vertex -27.370820393249936 -44.14126781955419 2.5
      vertex -26.81227864195172 -44.18522600871417 2.5
    endloop
  endfacet
  facet normal 0 0 1
    outer loop
      vertex -27.705342302750967 -43.97082039324994 2.5
      vertex -27.544788599687458 -44.06920782902604 2.5
      vertex -26.455211400312542 -44.06920782902604 2.5
    endloop
  endfacet
  facet normal 0 0 1
    outer loop
      vertex -27.970820393249937 -43.70534230275097 2.5
      vertex -26.029179606750063 -43.70534230275097 2.5
      vertex -28.06920782902604 -43.54478859968746 2.5
    endloop
  endfacet
  facet normal 0 0 1
    outer loop
      vertex -27.970820393249937 -43.70534230275097 2.5
      vertex -27.84852813742386 -43.848528137423855 2.5
      vertex -26.15147186257614 -43.848528137423855 2.5
    endloop
  endfacet
  facet normal 0 0 1
    outer loop
      vertex -27.84852813742386 -43.848528137423855 2.5
      vertex -27.705342302750967 -43.97082039324994 2.5
      vertex -26.294657697249033 -43.97082039324994 2.5
    endloop
  endfacet
  facet normal 0 0 1
    outer loop
      vertex -28.141267819554184 -43.370820393249936 2.5
      vertex -28.06920782902604 -43.54478859968746 2.5
      vertex -25.93079217097396 -43.54478859968746 2.5
    endloop
  endfacet
  facet normal 0 0 1
    outer loop
      vertex -28.185226008714167 -43.18772135804828 2.5
      vertex -28.141267819554184 -43.370820393249936 2.5
      vertex -25.858732180445816 -43.370820393249936 2.5
    endloop
  endfacet
  facet normal 0 0 1
    outer loop
      vertex -28.185226008714167 -43.18772135804828 2.5
      vertex -25.858732180445816 -43.370820393249936 2.5
      vertex -28.2 -43 2.5
    endloop
  endfacet
  facet normal 0 0 1
    outer loop
      vertex -28.2 -43 2.5
      vertex -27.544788599687458 -41.93079217097396 2.5
      vertex -28.185226008714167 -42.81227864195172 2.5
    endloop
  endfacet
  facet normal 0 0 1
    outer loop
      vertex -28.185226008714167 -42.81227864195172 2.5
      vertex -27.705342302750967 -42.02917960675006 2.5
      vertex -28.141267819554184 -42.629179606750064 2.5
    endloop
  endfacet
  facet normal 0 0 1
    outer loop
      vertex -27.705342302750967 -42.02917960675006 2.5
      vertex -28.06920782902604 -42.45521140031254 2.5
      vertex -28.141267819554184 -42.629179606750064 2.5
    endloop
  endfacet
  facet normal 0 0 1
    outer loop
      vertex -28.06920782902604 -42.45521140031254 2.5
      vertex -27.84852813742386 -42.151471862576145 2.5
      vertex -27.970820393249937 -42.29465769724903 2.5
    endloop
  endfacet
  facet normal 0 0 1
    outer loop
      vertex -28.06920782902604 -42.45521140031254 2.5
      vertex -27.705342302750967 -42.02917960675006 2.5
      vertex -27.84852813742386 -42.151471862576145 2.5
    endloop
  endfacet
  facet normal 0 0 1
    outer loop
      vertex -28.185226008714167 -42.81227864195172 2.5
      vertex -27.544788599687458 -41.93079217097396 2.5
      vertex -27.705342302750967 -42.02917960675006 2.5
    endloop
  endfacet
  facet normal 0 0 1
    outer loop
      vertex -27.544788599687458 -41.93079217097396 2.5
      vertex -28.2 -43 2.5
      vertex -27.370820393249936 -41.85873218044581 2.5
    endloop
  endfacet
  facet normal 0 0 1
    outer loop
      vertex -28.2 -43 2.5
      vertex -27.18772135804828 -41.81477399128583 2.5
      vertex -27.370820393249936 -41.85873218044581 2.5
    endloop
  endfacet
  facet normal 0 0 1
    outer loop
      vertex -28.2 -43 2.5
      vertex -27 -41.8 2.5
      vertex -27.18772135804828 -41.81477399128583 2.5
    endloop
  endfacet
  facet normal 0 0 1
    outer loop
      vertex -28.2 -43 2.5
      vertex -26.81227864195172 -41.81477399128583 2.5
      vertex -27 -41.8 2.5
    endloop
  endfacet
  facet normal 0 0 1
    outer loop
      vertex -28.2 -43 2.5
      vertex -26.629179606750064 -41.85873218044581 2.5
      vertex -26.81227864195172 -41.81477399128583 2.5
    endloop
  endfacet
  facet normal 0 0 1
    outer loop
      vertex -27.370820393249936 -44.14126781955419 2.5
      vertex -27.18772135804828 -44.18522600871417 2.5
      vertex -26.81227864195172 -44.18522600871417 2.5
    endloop
  endfacet
  facet normal 0 0 1
    outer loop
      vertex -27.544788599687458 -44.06920782902604 2.5
      vertex -26.81227864195172 -44.18522600871417 2.5
      vertex -26.629179606750064 -44.14126781955419 2.5
    endloop
  endfacet
  facet normal 0 0 1
    outer loop
      vertex -27.18772135804828 -44.18522600871417 2.5
      vertex -27 -44.2 2.5
      vertex -26.81227864195172 -44.18522600871417 2.5
    endloop
  endfacet
  facet normal 0 0 1
    outer loop
      vertex -27.544788599687458 -44.06920782902604 2.5
      vertex -26.629179606750064 -44.14126781955419 2.5
      vertex -26.455211400312542 -44.06920782902604 2.5
    endloop
  endfacet
  facet normal 0 0 1
    outer loop
      vertex -27.705342302750967 -43.97082039324994 2.5
      vertex -26.455211400312542 -44.06920782902604 2.5
      vertex -26.294657697249033 -43.97082039324994 2.5
    endloop
  endfacet
  facet normal 0 0 1
    outer loop
      vertex -27.84852813742386 -43.848528137423855 2.5
      vertex -26.294657697249033 -43.97082039324994 2.5
      vertex -26.15147186257614 -43.848528137423855 2.5
    endloop
  endfacet
  facet normal 0 0 1
    outer loop
      vertex -27.970820393249937 -43.70534230275097 2.5
      vertex -26.15147186257614 -43.848528137423855 2.5
      vertex -26.029179606750063 -43.70534230275097 2.5
    endloop
  endfacet
  facet normal 0 0 1
    outer loop
      vertex -28.06920782902604 -43.54478859968746 2.5
      vertex -26.029179606750063 -43.70534230275097 2.5
      vertex -25.93079217097396 -43.54478859968746 2.5
    endloop
  endfacet
  facet normal 0 0 1
    outer loop
      vertex -28.141267819554184 -43.370820393249936 2.5
      vertex -25.93079217097396 -43.54478859968746 2.5
      vertex -25.858732180445816 -43.370820393249936 2.5
    endloop
  endfacet
  facet normal 0 0 1
    outer loop
      vertex -28.2 -43 2.5
      vertex -25.858732180445816 -43.370820393249936 2.5
      vertex -25.814773991285833 -43.18772135804828 2.5
    endloop
  endfacet
  facet normal 0 0 1
    outer loop
      vertex -28.2 -43 2.5
      vertex -25.814773991285833 -43.18772135804828 2.5
      vertex -25.8 -43 2.5
    endloop
  endfacet
  facet normal 0 0 1
    outer loop
      vertex -28.2 -43 2.5
      vertex -25.8 -43 2.5
      vertex -25.814773991285833 -42.81227864195172 2.5
    endloop
  endfacet
  facet normal 0 0 1
    outer loop
      vertex -28.2 -43 2.5
      vertex -26.455211400312542 -41.93079217097396 2.5
      vertex -26.629179606750064 -41.85873218044581 2.5
    endloop
  endfacet
  facet normal 0 0 1
    outer loop
      vertex -28.2 -43 2.5
      vertex -26.294657697249033 -42.02917960675006 2.5
      vertex -26.455211400312542 -41.93079217097396 2.5
    endloop
  endfacet
  facet normal 0 0 1
    outer loop
      vertex -28.2 -43 2.5
      vertex -26.15147186257614 -42.151471862576145 2.5
      vertex -26.294657697249033 -42.02917960675006 2.5
    endloop
  endfacet
  facet normal 0 0 1
    outer loop
      vertex -28.2 -43 2.5
      vertex -26.029179606750063 -42.29465769724903 2.5
      vertex -26.15147186257614 -42.151471862576145 2.5
    endloop
  endfacet
  facet normal 0 0 1
    outer loop
      vertex -28.2 -43 2.5
      vertex -25.814773991285833 -42.81227864195172 2.5
      vertex -25.858732180445816 -42.629179606750064 2.5
    endloop
  endfacet
  facet normal 0 0 1
    outer loop
      vertex -28.2 -43 2.5
      vertex -25.858732180445816 -42.629179606750064 2.5
      vertex -25.93079217097396 -42.45521140031254 2.5
    endloop
  endfacet
  facet normal 0 0 1
    outer loop
      vertex -28.2 -43 2.5
      vertex -25.93079217097396 -42.45521140031254 2.5
      vertex -26.029179606750063 -42.29465769724903 2.5
    endloop
  endfacet
  facet normal 0 0 1
    outer loop
      vertex -25 -35.5 2.5
      vertex -28.248473874283754 -40.549732058481986 2.5
      vertex -27.849796734531104 -40.38459458018833 2.5
    endloop
  endfacet
  facet normal 0 0 1
    outer loop
      vertex -25 -35.5 2.5
      vertex -27.849796734531104 -40.38459458018833 2.5
      vertex -27.430194778860635 -40.28385706336337 2.5
    endloop
  endfacet
  facet normal 0 0 1
    outer loop
      vertex -24.83650978654623 -36.18098574876785 2.5
      vertex -27.430194778860635 -40.28385706336337 2.5
      vertex -27 -40.25 2.5
    endloop
  endfacet
  facet normal 0 0 1
    outer loop
      vertex -24.560660168528557 -36.56066016852856 2.5
      vertex -27 -40.25 2.5
      vertex -26.569805221139365 -40.28385706336337 2.5
    endloop
  endfacet
  facet normal 0 0 1
    outer loop
      vertex -24.180985748767853 -36.83650978654623 2.5
      vertex -26.569805221139365 -40.28385706336337 2.5
      vertex -26.150203265468896 -40.38459458018833 2.5
    endloop
  endfacet
  facet normal 0 0 1
    outer loop
      vertex -23.5 -37 2.5
      vertex -26.150203265468896 -40.38459458018833 2.5
      vertex -25.751526125716246 -40.549732058481986 2.5
    endloop
  endfacet
  facet normal 0 0 1
    outer loop
      vertex -23.5 -37 2.5
      vertex -25.055456351736993 -41.05545635173699 2.5
      vertex -24.775203265468896 -41.3835905561957 2.5
    endloop
  endfacet
  facet normal 0 0 1
    outer loop
      vertex -23.5 -37 2.5
      vertex -24.775203265468896 -41.3835905561957 2.5
      vertex -24.54973205848199 -41.751526125716246 2.5
    endloop
  endfacet
  facet normal 0 0 1
    outer loop
      vertex -23.5 -37 2.5
      vertex -25.751526125716246 -40.549732058481986 2.5
      vertex -25.3835905561957 -40.775203265468896 2.5
    endloop
  endfacet
  facet normal 0 0 1
    outer loop
      vertex -23.5 -37 2.5
      vertex -25.3835905561957 -40.775203265468896 2.5
      vertex -25.055456351736993 -41.05545635173699 2.5
    endloop
  endfacet
  facet normal 0 0 1
    outer loop
      vertex -23.963525488972664 -36.926584772765636 2.5
      vertex -26.150203265468896 -40.38459458018833 2.5
      vertex -23.73465169966221 -36.981532514095306 2.5
    endloop
  endfacet
  facet normal 0 0 1
    outer loop
      vertex -23.73465169966221 -36.981532514095306 2.5
      vertex -26.150203265468896 -40.38459458018833 2.5
      vertex -23.5 -37 2.5
    endloop
  endfacet
  facet normal 0 0 1
    outer loop
      vertex -24.83650978654623 -36.18098574876785 2.5
      vertex -24.926584772765636 -35.963525488972664 2.5
      vertex -27.430194778860635 -40.28385706336337 2.5
    endloop
  endfacet
  facet normal 0 0 1
    outer loop
      vertex -24.981532514095306 -35.73465169966221 2.5
      vertex -27.430194778860635 -40.28385706336337 2.5
      vertex -24.926584772765636 -35.963525488972664 2.5
    endloop
  endfacet
  facet normal 0 0 1
    outer loop
      vertex -24.981532514095306 -35.73465169966221 2.5
      vertex -25 -35.5 2.5
      vertex -27.430194778860635 -40.28385706336337 2.5
    endloop
  endfacet
  facet normal 0 0 1
    outer loop
      vertex -24.560660168528557 -36.56066016852856 2.5
      vertex -24.713525488972664 -36.38167788088322 2.5
      vertex -27 -40.25 2.5
    endloop
  endfacet
  facet normal 0 0 1
    outer loop
      vertex -24.713525488972664 -36.38167788088322 2.5
      vertex -24.83650978654623 -36.18098574876785 2.5
      vertex -27 -40.25 2.5
    endloop
  endfacet
  facet normal 0 0 1
    outer loop
      vertex -24.560660168528557 -36.56066016852856 2.5
      vertex -26.569805221139365 -40.28385706336337 2.5
      vertex -24.381677880883217 -36.713525488972664 2.5
    endloop
  endfacet
  facet normal 0 0 1
    outer loop
      vertex -24.381677880883217 -36.713525488972664 2.5
      vertex -26.569805221139365 -40.28385706336337 2.5
      vertex -24.180985748767853 -36.83650978654623 2.5
    endloop
  endfacet
  facet normal 0 0 1
    outer loop
      vertex -24.180985748767853 -36.83650978654623 2.5
      vertex -26.150203265468896 -40.38459458018833 2.5
      vertex -23.963525488972664 -36.926584772765636 2.5
    endloop
  endfacet
  facet normal 0.9238795206873224 0.3826834609106635 0
    outer loop
      vertex -30.451056517660618 -45.80901699513197 2.5
      vertex -30.451056517660618 -45.80901699513197 4.5
      vertex -30.391006521880627 -45.95399049669504 2.5
    endloop
  endfacet
  facet normal 0.9723699243783054 0.2334453472753927 0
    outer loop
      vertex -30.451056517660618 -45.80901699513197 2.5
      vertex -30.487688340246677 -45.65643446147442 2.5
      vertex -30.487688340246677 -45.65643446147442 4.5
    endloop
  endfacet
  facet normal 0.9969173334195497 0.07845909971223476 0
    outer loop
      vertex -30.487688340246677 -45.65643446147442 2.5
      vertex -30.5 -45.5 2.5
      vertex -30.5 -45.5 4.5
    endloop
  endfacet
  facet normal 0.9238795206873224 0.3826834609106635 0
    outer loop
      vertex -30.391006521880627 -45.95399049669504 2.5
      vertex -30.451056517660618 -45.80901699513197 4.5
      vertex -30.391006521880627 -45.95399049669504 4.5
    endloop
  endfacet
  facet normal 0.9969173334195497 0.07845909971223476 0
    outer loop
      vertex -30.487688340246677 -45.65643446147442 2.5
      vertex -30.5 -45.5 4.5
      vertex -30.487688340246677 -45.65643446147442 4.5
    endloop
  endfacet
  facet normal 0.9723699243783054 0.2334453472753927 0
    outer loop
      vertex -30.451056517660618 -45.80901699513197 2.5
      vertex -30.487688340246677 -45.65643446147442 4.5
      vertex -30.451056517660618 -45.80901699513197 4.5
    endloop
  endfacet
  facet normal 0.8526401768664703 0.522498544297603 0
    outer loop
      vertex -30.30901699513197 -46.08778525143862 2.5
      vertex -30.391006521880627 -45.95399049669504 2.5
      vertex -30.391006521880627 -45.95399049669504 4.5
    endloop
  endfacet
  facet normal 0.7604059818481694 0.6494480293060573 0
    outer loop
      vertex -30.30901699513197 -46.08778525143862 2.5
      vertex -30.30901699513197 -46.08778525143862 4.5
      vertex -30.20710678398609 -46.20710678398609 2.5
    endloop
  endfacet
  facet normal 0.6494480293060573 0.7604059818481694 0
    outer loop
      vertex -30.20710678398609 -46.20710678398609 2.5
      vertex -30.20710678398609 -46.20710678398609 4.5
      vertex -30.087785251438618 -46.30901699513197 2.5
    endloop
  endfacet
  facet normal 0.3826834609106635 0.9238795206873224 0
    outer loop
      vertex -29.95399049669504 -46.39100652188063 2.5
      vertex -29.95399049669504 -46.39100652188063 4.5
      vertex -29.80901699513197 -46.45105651766062 2.5
    endloop
  endfacet
  facet normal 0.522498544297603 0.8526401768664703 0
    outer loop
      vertex -29.95399049669504 -46.39100652188063 2.5
      vertex -30.087785251438618 -46.30901699513197 2.5
      vertex -30.087785251438618 -46.30901699513197 4.5
    endloop
  endfacet
  facet normal 0.2334453472753927 0.9723699243783054 0
    outer loop
      vertex -29.80901699513197 -46.45105651766062 2.5
      vertex -29.80901699513197 -46.45105651766062 4.5
      vertex -29.65643446147442 -46.48768834024668 2.5
    endloop
  endfacet
  facet normal 0.07845909971223476 0.9969173334195497 0
    outer loop
      vertex -29.65643446147442 -46.48768834024668 2.5
      vertex -29.65643446147442 -46.48768834024668 4.5
      vertex -29.5 -46.5 2.5
    endloop
  endfacet
  facet normal 0.8526401768664703 0.522498544297603 0
    outer loop
      vertex -30.30901699513197 -46.08778525143862 2.5
      vertex -30.391006521880627 -45.95399049669504 4.5
      vertex -30.30901699513197 -46.08778525143862 4.5
    endloop
  endfacet
  facet normal 0.7604059818481694 0.6494480293060573 0
    outer loop
      vertex -30.20710678398609 -46.20710678398609 2.5
      vertex -30.30901699513197 -46.08778525143862 4.5
      vertex -30.20710678398609 -46.20710678398609 4.5
    endloop
  endfacet
  facet normal 0.6494480293060573 0.7604059818481694 0
    outer loop
      vertex -30.087785251438618 -46.30901699513197 2.5
      vertex -30.20710678398609 -46.20710678398609 4.5
      vertex -30.087785251438618 -46.30901699513197 4.5
    endloop
  endfacet
  facet normal 0.522498544297603 0.8526401768664703 0
    outer loop
      vertex -29.95399049669504 -46.39100652188063 2.5
      vertex -30.087785251438618 -46.30901699513197 4.5
      vertex -29.95399049669504 -46.39100652188063 4.5
    endloop
  endfacet
  facet normal 0.3826834609106635 0.9238795206873224 0
    outer loop
      vertex -29.80901699513197 -46.45105651766062 2.5
      vertex -29.95399049669504 -46.39100652188063 4.5
      vertex -29.80901699513197 -46.45105651766062 4.5
    endloop
  endfacet
  facet normal 0.2334453472753927 0.9723699243783054 0
    outer loop
      vertex -29.65643446147442 -46.48768834024668 2.5
      vertex -29.80901699513197 -46.45105651766062 4.5
      vertex -29.65643446147442 -46.48768834024668 4.5
    endloop
  endfacet
  facet normal 0.07845909971223476 0.9969173334195497 0
    outer loop
      vertex -29.5 -46.5 2.5
      vertex -29.65643446147442 -46.48768834024668 4.5
      vertex -29.5 -46.5 4.5
    endloop
  endfacet
  facet normal 0 0 1
    outer loop
      vertex -30.5 -45.5 2.5
      vertex -29.75 -43 2.5
      vertex -30.5 45.5 2.5
    endloop
  endfacet
  facet normal 0 0 1
    outer loop
      vertex -30.5 45.5 2.5
      vertex -29.75 -43 2.5
      vertex -29.71614293663663 -42.56980522113936 2.5
    endloop
  endfacet
  facet normal 0 0 1
    outer loop
      vertex -30.5 45.5 2.5
      vertex -29.71614293663663 -42.56980522113936 2.5
      vertex -29.615405419811673 -42.150203265468896 2.5
    endloop
  endfacet
  facet normal 0 0 1
    outer loop
      vertex -30.5 45.5 2.5
      vertex -29.615405419811673 -42.150203265468896 2.5
      vertex -29.45026794151801 -41.751526125716246 2.5
    endloop
  endfacet
  facet normal 0 0 1
    outer loop
      vertex -30.5 45.5 2.5
      vertex -29.45026794151801 -41.751526125716246 2.5
      vertex -29.224796734531104 -41.3835905561957 2.5
    endloop
  endfacet
  facet normal 0 0 1
    outer loop
      vertex -30.5 45.5 2.5
      vertex -29.224796734531104 -41.3835905561957 2.5
      vertex -28.944543648263007 -41.05545635173699 2.5
    endloop
  endfacet
  facet normal 0 0 1
    outer loop
      vertex -30.5 45.5 2.5
      vertex -28.944543648263007 -41.05545635173699 2.5
      vertex -28.6164094438043 -40.775203265468896 2.5
    endloop
  endfacet
  facet normal 0 0 1
    outer loop
      vertex -30.5 45.5 2.5
      vertex -28.6164094438043 -40.775203265468896 2.5
      vertex -28.248473874283754 -40.549732058481986 2.5
    endloop
  endfacet
  facet normal 0 0 1
    outer loop
      vertex -25 -35.5 2.5
      vertex -30.5 45.5 2.5
      vertex -28.248473874283754 -40.549732058481986 2.5
    endloop
  endfacet
  facet normal 1 0 0
    outer loop
      vertex -30.5 -45.5 2.5
      vertex -30.5 45.5 4.5
      vertex -30.5 -45.5 4.5
    endloop
  endfacet
  facet normal 0 0 1
    outer loop
      vertex -30.451056517660618 -45.80901699513197 2.5
      vertex -30.391006521880627 -45.95399049669504 2.5
      vertex 25.751526125716246 -45.450267941518014 2.5
    endloop
  endfacet
  facet normal 0 0 1
    outer loop
      vertex -30.30901699513197 -46.08778525143862 2.5
      vertex 26.150203265468896 -45.61540541981167 2.5
      vertex -30.391006521880627 -45.95399049669504 2.5
    endloop
  endfacet
  facet normal 0 0 1
    outer loop
      vertex -29.80901699513197 -46.45105651766062 2.5
      vertex -29.65643446147442 -46.48768834024668 2.5
      vertex 30.087785251438618 -46.30901699513197 2.5
    endloop
  endfacet
  facet normal 0 0 1
    outer loop
      vertex -29.95399049669504 -46.39100652188063 2.5
      vertex 30.30901699513197 -46.08778525143862 2.5
      vertex -30.087785251438618 -46.30901699513197 2.5
    endloop
  endfacet
  facet normal 0 0 1
    outer loop
      vertex -30.30901699513197 -46.08778525143862 2.5
      vertex -30.20710678398609 -46.20710678398609 2.5
      vertex 30.451056517660618 -45.80901699513197 2.5
    endloop
  endfacet
  facet normal 0 0 1
    outer loop
      vertex -30.20710678398609 -46.20710678398609 2.5
      vertex -30.087785251438618 -46.30901699513197 2.5
      vertex 30.391006521880627 -45.95399049669504 2.5
    endloop
  endfacet
  facet normal 0 0 1
    outer loop
      vertex -29.95399049669504 -46.39100652188063 2.5
      vertex -29.80901699513197 -46.45105651766062 2.5
      vertex 30.20710678398609 -46.20710678398609 2.5
    endloop
  endfacet
  facet normal 0 0 1
    outer loop
      vertex -30.451056517660618 -45.80901699513197 2.5
      vertex 25.055456351736993 -44.94454364826301 2.5
      vertex -27 -45.75 2.5
    endloop
  endfacet
  facet normal 0 0 1
    outer loop
      vertex -29.65643446147442 -46.48768834024668 2.5
      vertex -29.5 -46.5 2.5
      vertex 29.95399049669504 -46.39100652188063 2.5
    endloop
  endfacet
  facet normal 0 0 1
    outer loop
      vertex -27 -45.75 2.5
      vertex 25.055456351736993 -44.94454364826301 2.5
      vertex -26.569805221139365 -45.71614293663663 2.5
    endloop
  endfacet
  facet normal 0 0 1
    outer loop
      vertex -26.569805221139365 -45.71614293663663 2.5
      vertex 25.055456351736993 -44.94454364826301 2.5
      vertex -26.150203265468896 -45.61540541981167 2.5
    endloop
  endfacet
  facet normal 0 0 1
    outer loop
      vertex -26.150203265468896 -45.61540541981167 2.5
      vertex 25.055456351736993 -44.94454364826301 2.5
      vertex -25.751526125716246 -45.450267941518014 2.5
    endloop
  endfacet
  facet normal 0 0 1
    outer loop
      vertex -25.751526125716246 -45.450267941518014 2.5
      vertex 25.055456351736993 -44.94454364826301 2.5
      vertex -25.3835905561957 -45.224796734531104 2.5
    endloop
  endfacet
  facet normal 0 0 1
    outer loop
      vertex 23.5 -37 2.5
      vertex -24.775203265468896 -44.6164094438043 2.5
      vertex -25.055456351736993 -44.94454364826301 2.5
    endloop
  endfacet
  facet normal 0 0 1
    outer loop
      vertex -25.3835905561957 -45.224796734531104 2.5
      vertex 25.055456351736993 -44.94454364826301 2.5
      vertex -25.055456351736993 -44.94454364826301 2.5
    endloop
  endfacet
  facet normal 0 0 1
    outer loop
      vertex 23.5 -37 2.5
      vertex -24.54973205848199 -44.248473874283754 2.5
      vertex -24.775203265468896 -44.6164094438043 2.5
    endloop
  endfacet
  facet normal 0 0 1
    outer loop
      vertex 23.5 -37 2.5
      vertex -24.384594580188327 -43.849796734531104 2.5
      vertex -24.54973205848199 -44.248473874283754 2.5
    endloop
  endfacet
  facet normal 0 0 1
    outer loop
      vertex 23.5 -37 2.5
      vertex -24.28385706336337 -43.43019477886064 2.5
      vertex -24.384594580188327 -43.849796734531104 2.5
    endloop
  endfacet
  facet normal 0 0 1
    outer loop
      vertex 23.5 -37 2.5
      vertex -24.25 -43 2.5
      vertex -24.28385706336337 -43.43019477886064 2.5
    endloop
  endfacet
  facet normal 0 0 1
    outer loop
      vertex 23.5 -37 2.5
      vertex -24.28385706336337 -42.56980522113936 2.5
      vertex -24.25 -43 2.5
    endloop
  endfacet
  facet normal 0 0 1
    outer loop
      vertex 23.5 -37 2.5
      vertex -24.384594580188327 -42.150203265468896 2.5
      vertex -24.28385706336337 -42.56980522113936 2.5
    endloop
  endfacet
  facet normal 0 0 1
    outer loop
      vertex 23.5 -37 2.5
      vertex -24.54973205848199 -41.751526125716246 2.5
      vertex -24.384594580188327 -42.150203265468896 2.5
    endloop
  endfacet
  facet normal 0 0 1
    outer loop
      vertex -23.5 -37 2.5
      vertex -24.54973205848199 -41.751526125716246 2.5
      vertex 23.5 -37 2.5
    endloop
  endfacet
  facet normal 0 1 0
    outer loop
      vertex -29.5 -46.5 2.5
      vertex -29.5 -46.5 4.5
      vertex 29.5 -46.5 2.5
    endloop
  endfacet
  facet normal 0 0 1
    outer loop
      vertex -25 -35.5 2.5
      vertex -29.75 43 2.5
      vertex -30.5 45.5 2.5
    endloop
  endfacet
  facet normal 0 0 1
    outer loop
      vertex -25 -35.5 2.5
      vertex -28.944543648263007 41.05545635173699 2.5
      vertex -29.224796734531104 41.3835905561957 2.5
    endloop
  endfacet
  facet normal 0 0 1
    outer loop
      vertex -25 -35.5 2.5
      vertex -28.6164094438043 40.775203265468896 2.5
      vertex -28.944543648263007 41.05545635173699 2.5
    endloop
  endfacet
  facet normal 0 0 1
    outer loop
      vertex -25 -35.5 2.5
      vertex -28.248473874283754 40.549732058481986 2.5
      vertex -28.6164094438043 40.775203265468896 2.5
    endloop
  endfacet
  facet normal 0 0 1
    outer loop
      vertex -25 -35.5 2.5
      vertex -25 35.5 2.5
      vertex -28.248473874283754 40.549732058481986 2.5
    endloop
  endfacet
  facet normal 0 0 1
    outer loop
      vertex -25 -35.5 2.5
      vertex -29.45026794151801 41.751526125716246 2.5
      vertex -29.615405419811673 42.150203265468896 2.5
    endloop
  endfacet
  facet normal 0 0 1
    outer loop
      vertex -25 -35.5 2.5
      vertex -29.615405419811673 42.150203265468896 2.5
      vertex -29.71614293663663 42.56980522113936 2.5
    endloop
  endfacet
  facet normal 0 0 1
    outer loop
      vertex -25 -35.5 2.5
      vertex -29.224796734531104 41.3835905561957 2.5
      vertex -29.45026794151801 41.751526125716246 2.5
    endloop
  endfacet
  facet normal 0 0 1
    outer loop
      vertex -25 -35.5 2.5
      vertex -29.71614293663663 42.56980522113936 2.5
      vertex -29.75 43 2.5
    endloop
  endfacet
  facet normal 1 0 0
    outer loop
      vertex -30.5 -45.5 2.5
      vertex -30.5 45.5 2.5
      vertex -30.5 45.5 4.5
    endloop
  endfacet
  facet normal 0 0 1
    outer loop
      vertex -30.5 45.5 2.5
      vertex -29.75 43 2.5
      vertex -29.71614293663663 43.43019477886064 2.5
    endloop
  endfacet
  facet normal 0 0 1
    outer loop
      vertex -30.5 45.5 2.5
      vertex -29.71614293663663 43.43019477886064 2.5
      vertex -29.615405419811673 43.849796734531104 2.5
    endloop
  endfacet
  facet normal 0 0 1
    outer loop
      vertex -25 35.5 2.5
      vertex -27.849796734531104 40.38459458018833 2.5
      vertex -28.248473874283754 40.549732058481986 2.5
    endloop
  endfacet
  facet normal 0 0 1
    outer loop
      vertex -24.83650978654623 36.18098574876785 2.5
      vertex -27.430194778860635 40.28385706336337 2.5
      vertex -27.849796734531104 40.38459458018833 2.5
    endloop
  endfacet
  facet normal 0 0 1
    outer loop
      vertex -24.560660168528557 36.56066016852856 2.5
      vertex -27 40.25 2.5
      vertex -27.430194778860635 40.28385706336337 2.5
    endloop
  endfacet
  facet normal 0 0 1
    outer loop
      vertex -28.06920782902604 42.45521140031254 2.5
      vertex -27.705342302750967 42.02917960675006 2.5
      vertex -28.141267819554184 42.629179606750064 2.5
    endloop
  endfacet
  facet normal 0 0 1
    outer loop
      vertex -27.544788599687458 41.93079217097396 2.5
      vertex -28.2 43 2.5
      vertex -28.185226008714167 42.81227864195172 2.5
    endloop
  endfacet
  facet normal 0 0 1
    outer loop
      vertex -27.544788599687458 41.93079217097396 2.5
      vertex -28.185226008714167 43.18772135804828 2.5
      vertex -28.2 43 2.5
    endloop
  endfacet
  facet normal 0 0 1
    outer loop
      vertex -27.705342302750967 42.02917960675006 2.5
      vertex -27.970820393249937 42.29465769724903 2.5
      vertex -27.84852813742386 42.151471862576145 2.5
    endloop
  endfacet
  facet normal 0 0 1
    outer loop
      vertex -27.970820393249937 42.29465769724903 2.5
      vertex -27.705342302750967 42.02917960675006 2.5
      vertex -28.06920782902604 42.45521140031254 2.5
    endloop
  endfacet
  facet normal 0 0 1
    outer loop
      vertex -27.544788599687458 41.93079217097396 2.5
      vertex -28.141267819554184 42.629179606750064 2.5
      vertex -27.705342302750967 42.02917960675006 2.5
    endloop
  endfacet
  facet normal 0 0 1
    outer loop
      vertex -28.141267819554184 42.629179606750064 2.5
      vertex -27.544788599687458 41.93079217097396 2.5
      vertex -28.185226008714167 42.81227864195172 2.5
    endloop
  endfacet
  facet normal 0 0 1
    outer loop
      vertex -27.544788599687458 41.93079217097396 2.5
      vertex -28.141267819554184 43.370820393249936 2.5
      vertex -28.185226008714167 43.18772135804828 2.5
    endloop
  endfacet
  facet normal 0 0 1
    outer loop
      vertex -27.544788599687458 41.93079217097396 2.5
      vertex -28.06920782902604 43.54478859968746 2.5
      vertex -28.141267819554184 43.370820393249936 2.5
    endloop
  endfacet
  facet normal 0 0 1
    outer loop
      vertex -27.544788599687458 41.93079217097396 2.5
      vertex -27.970820393249937 43.70534230275097 2.5
      vertex -28.06920782902604 43.54478859968746 2.5
    endloop
  endfacet
  facet normal 0 0 1
    outer loop
      vertex -27.544788599687458 41.93079217097396 2.5
      vertex -27.84852813742386 43.848528137423855 2.5
      vertex -27.970820393249937 43.70534230275097 2.5
    endloop
  endfacet
  facet normal 0 0 1
    outer loop
      vertex -27.544788599687458 41.93079217097396 2.5
      vertex -27.705342302750967 43.97082039324994 2.5
      vertex -27.84852813742386 43.848528137423855 2.5
    endloop
  endfacet
  facet normal 0 0 1
    outer loop
      vertex -27.544788599687458 41.93079217097396 2.5
      vertex -27.544788599687458 44.06920782902604 2.5
      vertex -27.705342302750967 43.97082039324994 2.5
    endloop
  endfacet
  facet normal 0 0 1
    outer loop
      vertex -27.544788599687458 41.93079217097396 2.5
      vertex -27.370820393249936 44.14126781955419 2.5
      vertex -27.544788599687458 44.06920782902604 2.5
    endloop
  endfacet
  facet normal 0 0 1
    outer loop
      vertex -27.544788599687458 41.93079217097396 2.5
      vertex -27.18772135804828 44.18522600871417 2.5
      vertex -27.370820393249936 44.14126781955419 2.5
    endloop
  endfacet
  facet normal 0 0 1
    outer loop
      vertex -27.544788599687458 41.93079217097396 2.5
      vertex -27 44.2 2.5
      vertex -27.18772135804828 44.18522600871417 2.5
    endloop
  endfacet
  facet normal 0 0 1
    outer loop
      vertex -27.544788599687458 41.93079217097396 2.5
      vertex -27.370820393249936 41.85873218044581 2.5
      vertex -25.93079217097396 43.54478859968746 2.5
    endloop
  endfacet
  facet normal 0 0 1
    outer loop
      vertex -27.370820393249936 41.85873218044581 2.5
      vertex -27.18772135804828 41.81477399128583 2.5
      vertex -25.93079217097396 43.54478859968746 2.5
    endloop
  endfacet
  facet normal 0 0 1
    outer loop
      vertex -27.18772135804828 41.81477399128583 2.5
      vertex -27 41.8 2.5
      vertex -25.93079217097396 43.54478859968746 2.5
    endloop
  endfacet
  facet normal 0 0 1
    outer loop
      vertex -27 41.8 2.5
      vertex -26.81227864195172 41.81477399128583 2.5
      vertex -25.93079217097396 43.54478859968746 2.5
    endloop
  endfacet
  facet normal 0 0 1
    outer loop
      vertex -26.81227864195172 41.81477399128583 2.5
      vertex -26.629179606750064 41.85873218044581 2.5
      vertex -25.93079217097396 43.54478859968746 2.5
    endloop
  endfacet
  facet normal 0 0 1
    outer loop
      vertex -26.629179606750064 41.85873218044581 2.5
      vertex -26.455211400312542 41.93079217097396 2.5
      vertex -25.858732180445816 43.370820393249936 2.5
    endloop
  endfacet
  facet normal 0 0 1
    outer loop
      vertex -26.294657697249033 42.02917960675006 2.5
      vertex -26.15147186257614 42.151471862576145 2.5
      vertex -25.93079217097396 42.45521140031254 2.5
    endloop
  endfacet
  facet normal 0 0 1
    outer loop
      vertex -26.455211400312542 41.93079217097396 2.5
      vertex -26.294657697249033 42.02917960675006 2.5
      vertex -25.858732180445816 43.370820393249936 2.5
    endloop
  endfacet
  facet normal 0 0 1
    outer loop
      vertex -27.544788599687458 41.93079217097396 2.5
      vertex -26.81227864195172 44.18522600871417 2.5
      vertex -27 44.2 2.5
    endloop
  endfacet
  facet normal 0 0 1
    outer loop
      vertex -27.544788599687458 41.93079217097396 2.5
      vertex -26.629179606750064 44.14126781955419 2.5
      vertex -26.81227864195172 44.18522600871417 2.5
    endloop
  endfacet
  facet normal 0 0 1
    outer loop
      vertex -27.544788599687458 41.93079217097396 2.5
      vertex -26.455211400312542 44.06920782902604 2.5
      vertex -26.629179606750064 44.14126781955419 2.5
    endloop
  endfacet
  facet normal 0 0 1
    outer loop
      vertex -27.544788599687458 41.93079217097396 2.5
      vertex -26.294657697249033 43.97082039324994 2.5
      vertex -26.455211400312542 44.06920782902604 2.5
    endloop
  endfacet
  facet normal 0 0 1
    outer loop
      vertex -27.544788599687458 41.93079217097396 2.5
      vertex -26.15147186257614 43.848528137423855 2.5
      vertex -26.294657697249033 43.97082039324994 2.5
    endloop
  endfacet
  facet normal 0 0 1
    outer loop
      vertex -27.544788599687458 41.93079217097396 2.5
      vertex -26.029179606750063 43.70534230275097 2.5
      vertex -26.15147186257614 43.848528137423855 2.5
    endloop
  endfacet
  facet normal 0 0 1
    outer loop
      vertex -27.544788599687458 41.93079217097396 2.5
      vertex -25.93079217097396 43.54478859968746 2.5
      vertex -26.029179606750063 43.70534230275097 2.5
    endloop
  endfacet
  facet normal 0 0 1
    outer loop
      vertex -26.629179606750064 41.85873218044581 2.5
      vertex -25.858732180445816 43.370820393249936 2.5
      vertex -25.93079217097396 43.54478859968746 2.5
    endloop
  endfacet
  facet normal 0 0 1
    outer loop
      vertex -30.5 45.5 2.5
      vertex -29.615405419811673 43.849796734531104 2.5
      vertex -29.45026794151801 44.248473874283754 2.5
    endloop
  endfacet
  facet normal 0 0 1
    outer loop
      vertex -30.5 45.5 2.5
      vertex -29.45026794151801 44.248473874283754 2.5
      vertex -29.224796734531104 44.6164094438043 2.5
    endloop
  endfacet
  facet normal 0 0 1
    outer loop
      vertex -30.5 45.5 2.5
      vertex -29.224796734531104 44.6164094438043 2.5
      vertex -28.944543648263007 44.94454364826301 2.5
    endloop
  endfacet
  facet normal 0 0 1
    outer loop
      vertex -30.5 45.5 2.5
      vertex -27.849796734531104 45.61540541981167 2.5
      vertex -30.487688340246677 45.65643446147442 2.5
    endloop
  endfacet
  facet normal 0 0 1
    outer loop
      vertex -30.5 45.5 2.5
      vertex -28.944543648263007 44.94454364826301 2.5
      vertex -28.6164094438043 45.224796734531104 2.5
    endloop
  endfacet
  facet normal 0 0 1
    outer loop
      vertex -30.487688340246677 45.65643446147442 2.5
      vertex -27.430194778860635 45.71614293663663 2.5
      vertex -30.451056517660618 45.80901699513197 2.5
    endloop
  endfacet
  facet normal 0 0 1
    outer loop
      vertex -29.80901699513197 46.45105651766062 2.5
      vertex -29.5 46.5 2.5
      vertex -29.65643446147442 46.48768834024668 2.5
    endloop
  endfacet
  facet normal 0 0 1
    outer loop
      vertex -30.5 45.5 2.5
      vertex -28.6164094438043 45.224796734531104 2.5
      vertex -28.248473874283754 45.450267941518014 2.5
    endloop
  endfacet
  facet normal 0 0 1
    outer loop
      vertex -30.5 45.5 2.5
      vertex -28.248473874283754 45.450267941518014 2.5
      vertex -27.849796734531104 45.61540541981167 2.5
    endloop
  endfacet
  facet normal 0 0 1
    outer loop
      vertex -30.487688340246677 45.65643446147442 2.5
      vertex -27.849796734531104 45.61540541981167 2.5
      vertex -27.430194778860635 45.71614293663663 2.5
    endloop
  endfacet
  facet normal 0 0 1
    outer loop
      vertex -30.451056517660618 45.80901699513197 2.5
      vertex -27.430194778860635 45.71614293663663 2.5
      vertex -27 45.75 2.5
    endloop
  endfacet
  facet normal 0 0 1
    outer loop
      vertex -25 35.5 2.5
      vertex -24.981532514095306 35.73465169966221 2.5
      vertex -27.849796734531104 40.38459458018833 2.5
    endloop
  endfacet
  facet normal 0 0 1
    outer loop
      vertex -24.981532514095306 35.73465169966221 2.5
      vertex -24.926584772765636 35.963525488972664 2.5
      vertex -27.849796734531104 40.38459458018833 2.5
    endloop
  endfacet
  facet normal 0 0 1
    outer loop
      vertex -24.926584772765636 35.963525488972664 2.5
      vertex -24.83650978654623 36.18098574876785 2.5
      vertex -27.849796734531104 40.38459458018833 2.5
    endloop
  endfacet
  facet normal 0 0 1
    outer loop
      vertex -24.83650978654623 36.18098574876785 2.5
      vertex -24.713525488972664 36.38167788088322 2.5
      vertex -27.430194778860635 40.28385706336337 2.5
    endloop
  endfacet
  facet normal 0 0 1
    outer loop
      vertex -24.713525488972664 36.38167788088322 2.5
      vertex -24.560660168528557 36.56066016852856 2.5
      vertex -27.430194778860635 40.28385706336337 2.5
    endloop
  endfacet
  facet normal 0 0 1
    outer loop
      vertex -24.560660168528557 36.56066016852856 2.5
      vertex -24.381677880883217 36.713525488972664 2.5
      vertex -27 40.25 2.5
    endloop
  endfacet
  facet normal 0 0 1
    outer loop
      vertex -24.381677880883217 36.713525488972664 2.5
      vertex -24.180985748767853 36.83650978654623 2.5
      vertex -27 40.25 2.5
    endloop
  endfacet
  facet normal 0 0 1
    outer loop
      vertex -24.180985748767853 36.83650978654623 2.5
      vertex -23.963525488972664 36.926584772765636 2.5
      vertex -26.569805221139365 40.28385706336337 2.5
    endloop
  endfacet
  facet normal 0 0 1
    outer loop
      vertex -24.180985748767853 36.83650978654623 2.5
      vertex -26.569805221139365 40.28385706336337 2.5
      vertex -27 40.25 2.5
    endloop
  endfacet
  facet normal 0 0 1
    outer loop
      vertex -23.5 37 2.5
      vertex -26.150203265468896 40.38459458018833 2.5
      vertex -26.569805221139365 40.28385706336337 2.5
    endloop
  endfacet
  facet normal 0 0 1
    outer loop
      vertex -23.5 37 2.5
      vertex -25.751526125716246 40.549732058481986 2.5
      vertex -26.150203265468896 40.38459458018833 2.5
    endloop
  endfacet
  facet normal 0 0 1
    outer loop
      vertex -23.963525488972664 36.926584772765636 2.5
      vertex -23.73465169966221 36.981532514095306 2.5
      vertex -26.569805221139365 40.28385706336337 2.5
    endloop
  endfacet
  facet normal 0 0 1
    outer loop
      vertex -23.73465169966221 36.981532514095306 2.5
      vertex -23.5 37 2.5
      vertex -26.569805221139365 40.28385706336337 2.5
    endloop
  endfacet
  facet normal 0 0 1
    outer loop
      vertex -23.5 37 2.5
      vertex -25.3835905561957 40.775203265468896 2.5
      vertex -25.751526125716246 40.549732058481986 2.5
    endloop
  endfacet
  facet normal 0 0 1
    outer loop
      vertex -23.5 37 2.5
      vertex -25.055456351736993 41.05545635173699 2.5
      vertex -25.3835905561957 40.775203265468896 2.5
    endloop
  endfacet
  facet normal 0 0 1
    outer loop
      vertex -26.15147186257614 42.151471862576145 2.5
      vertex -26.029179606750063 42.29465769724903 2.5
      vertex -25.93079217097396 42.45521140031254 2.5
    endloop
  endfacet
  facet normal 0 0 1
    outer loop
      vertex -26.294657697249033 42.02917960675006 2.5
      vertex -25.93079217097396 42.45521140031254 2.5
      vertex -25.858732180445816 42.629179606750064 2.5
    endloop
  endfacet
  facet normal 0 0 1
    outer loop
      vertex -26.294657697249033 42.02917960675006 2.5
      vertex -25.858732180445816 42.629179606750064 2.5
      vertex -25.814773991285833 42.81227864195172 2.5
    endloop
  endfacet
  facet normal 0 0 1
    outer loop
      vertex -26.294657697249033 42.02917960675006 2.5
      vertex -25.814773991285833 42.81227864195172 2.5
      vertex -25.8 43 2.5
    endloop
  endfacet
  facet normal 0 0 1
    outer loop
      vertex -26.294657697249033 42.02917960675006 2.5
      vertex -25.8 43 2.5
      vertex -25.814773991285833 43.18772135804828 2.5
    endloop
  endfacet
  facet normal 0 0 1
    outer loop
      vertex -26.294657697249033 42.02917960675006 2.5
      vertex -25.814773991285833 43.18772135804828 2.5
      vertex -25.858732180445816 43.370820393249936 2.5
    endloop
  endfacet
  facet normal 0.9969173334195497 -0.07845909971223476 0
    outer loop
      vertex -30.5 45.5 2.5
      vertex -30.487688340246677 45.65643446147442 2.5
      vertex -30.487688340246677 45.65643446147442 4.5
    endloop
  endfacet
  facet normal 0.9723699243783054 -0.2334453472753927 0
    outer loop
      vertex -30.487688340246677 45.65643446147442 2.5
      vertex -30.451056517660618 45.80901699513197 2.5
      vertex -30.451056517660618 45.80901699513197 4.5
    endloop
  endfacet
  facet normal 0.9238795206873224 -0.3826834609106635 0
    outer loop
      vertex -30.451056517660618 45.80901699513197 2.5
      vertex -30.391006521880627 45.95399049669504 2.5
      vertex -30.391006521880627 45.95399049669504 4.5
    endloop
  endfacet
  facet normal 0.9969173334195497 -0.07845909971223476 0
    outer loop
      vertex -30.5 45.5 2.5
      vertex -30.487688340246677 45.65643446147442 4.5
      vertex -30.5 45.5 4.5
    endloop
  endfacet
  facet normal 0.9723699243783054 -0.2334453472753927 0
    outer loop
      vertex -30.487688340246677 45.65643446147442 2.5
      vertex -30.451056517660618 45.80901699513197 4.5
      vertex -30.487688340246677 45.65643446147442 4.5
    endloop
  endfacet
  facet normal 0.9238795206873224 -0.3826834609106635 0
    outer loop
      vertex -30.451056517660618 45.80901699513197 2.5
      vertex -30.391006521880627 45.95399049669504 4.5
      vertex -30.451056517660618 45.80901699513197 4.5
    endloop
  endfacet
  facet normal 0.8526401768664703 -0.522498544297603 0
    outer loop
      vertex -30.391006521880627 45.95399049669504 2.5
      vertex -30.30901699513197 46.08778525143862 2.5
      vertex -30.30901699513197 46.08778525143862 4.5
    endloop
  endfacet
  facet normal 0.7604059818481694 -0.6494480293060573 0
    outer loop
      vertex -30.30901699513197 46.08778525143862 2.5
      vertex -30.20710678398609 46.20710678398609 2.5
      vertex -30.20710678398609 46.20710678398609 4.5
    endloop
  endfacet
  facet normal 0.6494480293060573 -0.7604059818481694 0
    outer loop
      vertex -30.20710678398609 46.20710678398609 2.5
      vertex -30.087785251438618 46.30901699513197 2.5
      vertex -30.087785251438618 46.30901699513197 4.5
    endloop
  endfacet
  facet normal 0.522498544297603 -0.8526401768664703 0
    outer loop
      vertex -30.087785251438618 46.30901699513197 2.5
      vertex -29.95399049669504 46.39100652188063 2.5
      vertex -29.95399049669504 46.39100652188063 4.5
    endloop
  endfacet
  facet normal 0.3826834609106635 -0.9238795206873224 0
    outer loop
      vertex -29.95399049669504 46.39100652188063 2.5
      vertex -29.80901699513197 46.45105651766062 2.5
      vertex -29.80901699513197 46.45105651766062 4.5
    endloop
  endfacet
  facet normal 0.2334453472753927 -0.9723699243783054 0
    outer loop
      vertex -29.80901699513197 46.45105651766062 2.5
      vertex -29.65643446147442 46.48768834024668 2.5
      vertex -29.65643446147442 46.48768834024668 4.5
    endloop
  endfacet
  facet normal 0.07845909971223476 -0.9969173334195497 0
    outer loop
      vertex -29.65643446147442 46.48768834024668 2.5
      vertex -29.5 46.5 2.5
      vertex -29.5 46.5 4.5
    endloop
  endfacet
  facet normal 0.8526401768664703 -0.522498544297603 0
    outer loop
      vertex -30.391006521880627 45.95399049669504 2.5
      vertex -30.30901699513197 46.08778525143862 4.5
      vertex -30.391006521880627 45.95399049669504 4.5
    endloop
  endfacet
  facet normal 0.7604059818481694 -0.6494480293060573 0
    outer loop
      vertex -30.30901699513197 46.08778525143862 2.5
      vertex -30.20710678398609 46.20710678398609 4.5
      vertex -30.30901699513197 46.08778525143862 4.5
    endloop
  endfacet
  facet normal 0.6494480293060573 -0.7604059818481694 0
    outer loop
      vertex -30.20710678398609 46.20710678398609 2.5
      vertex -30.087785251438618 46.30901699513197 4.5
      vertex -30.20710678398609 46.20710678398609 4.5
    endloop
  endfacet
  facet normal 0.522498544297603 -0.8526401768664703 0
    outer loop
      vertex -30.087785251438618 46.30901699513197 2.5
      vertex -29.95399049669504 46.39100652188063 4.5
      vertex -30.087785251438618 46.30901699513197 4.5
    endloop
  endfacet
  facet normal 0.3826834609106635 -0.9238795206873224 0
    outer loop
      vertex -29.95399049669504 46.39100652188063 2.5
      vertex -29.80901699513197 46.45105651766062 4.5
      vertex -29.95399049669504 46.39100652188063 4.5
    endloop
  endfacet
  facet normal 0.2334453472753927 -0.9723699243783054 0
    outer loop
      vertex -29.80901699513197 46.45105651766062 2.5
      vertex -29.65643446147442 46.48768834024668 4.5
      vertex -29.80901699513197 46.45105651766062 4.5
    endloop
  endfacet
  facet normal 0.07845909971223476 -0.9969173334195497 0
    outer loop
      vertex -29.65643446147442 46.48768834024668 2.5
      vertex -29.5 46.5 4.5
      vertex -29.65643446147442 46.48768834024668 4.5
    endloop
  endfacet
  facet normal 0 0 1
    outer loop
      vertex -30.451056517660618 45.80901699513197 2.5
      vertex 30.20710678398609 46.20710678398609 2.5
      vertex -30.391006521880627 45.95399049669504 2.5
    endloop
  endfacet
  facet normal 0 0 1
    outer loop
      vertex -30.391006521880627 45.95399049669504 2.5
      vertex 30.087785251438618 46.30901699513197 2.5
      vertex -30.30901699513197 46.08778525143862 2.5
    endloop
  endfacet
  facet normal 0 0 1
    outer loop
      vertex -30.30901699513197 46.08778525143862 2.5
      vertex 29.95399049669504 46.39100652188063 2.5
      vertex -30.20710678398609 46.20710678398609 2.5
    endloop
  endfacet
  facet normal 0 0 1
    outer loop
      vertex -30.20710678398609 46.20710678398609 2.5
      vertex 29.80901699513197 46.45105651766062 2.5
      vertex -30.087785251438618 46.30901699513197 2.5
    endloop
  endfacet
  facet normal 0 0 1
    outer loop
      vertex -30.087785251438618 46.30901699513197 2.5
      vertex 29.65643446147442 46.48768834024668 2.5
      vertex -29.95399049669504 46.39100652188063 2.5
    endloop
  endfacet
  facet normal 0 0 1
    outer loop
      vertex -29.95399049669504 46.39100652188063 2.5
      vertex 29.5 46.5 2.5
      vertex -29.80901699513197 46.45105651766062 2.5
    endloop
  endfacet
  facet normal 0 0 1
    outer loop
      vertex -29.80901699513197 46.45105651766062 2.5
      vertex 29.5 46.5 2.5
      vertex -29.5 46.5 2.5
    endloop
  endfacet
  facet normal 0 0 1
    outer loop
      vertex -30.451056517660618 45.80901699513197 2.5
      vertex -27 45.75 2.5
      vertex 30.30901699513197 46.08778525143862 2.5
    endloop
  endfacet
  facet normal 0 0 1
    outer loop
      vertex -23.5 37 2.5
      vertex 25.055456351736993 44.94454364826301 2.5
      vertex -25.055456351736993 41.05545635173699 2.5
    endloop
  endfacet
  facet normal 0 0 1
    outer loop
      vertex 25.055456351736993 44.94454364826301 2.5
      vertex -24.775203265468896 41.3835905561957 2.5
      vertex -25.055456351736993 41.05545635173699 2.5
    endloop
  endfacet
  facet normal 0 0 1
    outer loop
      vertex 25.055456351736993 44.94454364826301 2.5
      vertex -24.54973205848199 41.751526125716246 2.5
      vertex -24.775203265468896 41.3835905561957 2.5
    endloop
  endfacet
  facet normal 0 0 1
    outer loop
      vertex 25.055456351736993 44.94454364826301 2.5
      vertex -24.384594580188327 42.150203265468896 2.5
      vertex -24.54973205848199 41.751526125716246 2.5
    endloop
  endfacet
  facet normal 0 0 1
    outer loop
      vertex 25.055456351736993 44.94454364826301 2.5
      vertex -24.28385706336337 42.56980522113936 2.5
      vertex -24.384594580188327 42.150203265468896 2.5
    endloop
  endfacet
  facet normal 0 0 1
    outer loop
      vertex 25.055456351736993 44.94454364826301 2.5
      vertex -24.25 43 2.5
      vertex -24.28385706336337 42.56980522113936 2.5
    endloop
  endfacet
  facet normal 0 0 1
    outer loop
      vertex 25.055456351736993 44.94454364826301 2.5
      vertex -24.54973205848199 44.248473874283754 2.5
      vertex -24.384594580188327 43.849796734531104 2.5
    endloop
  endfacet
  facet normal 0 0 1
    outer loop
      vertex 25.055456351736993 44.94454364826301 2.5
      vertex -24.28385706336337 43.43019477886064 2.5
      vertex -24.25 43 2.5
    endloop
  endfacet
  facet normal 0 0 1
    outer loop
      vertex 25.055456351736993 44.94454364826301 2.5
      vertex -24.384594580188327 43.849796734531104 2.5
      vertex -24.28385706336337 43.43019477886064 2.5
    endloop
  endfacet
  facet normal 0 0 1
    outer loop
      vertex 25.055456351736993 44.94454364826301 2.5
      vertex -25.055456351736993 44.94454364826301 2.5
      vertex -24.775203265468896 44.6164094438043 2.5
    endloop
  endfacet
  facet normal 0 0 1
    outer loop
      vertex 25.055456351736993 44.94454364826301 2.5
      vertex -24.775203265468896 44.6164094438043 2.5
      vertex -24.54973205848199 44.248473874283754 2.5
    endloop
  endfacet
  facet normal 0 0 1
    outer loop
      vertex 30.30901699513197 46.08778525143862 2.5
      vertex -27 45.75 2.5
      vertex -26.569805221139365 45.71614293663663 2.5
    endloop
  endfacet
  facet normal 0 0 1
    outer loop
      vertex 30.30901699513197 46.08778525143862 2.5
      vertex -26.569805221139365 45.71614293663663 2.5
      vertex -26.150203265468896 45.61540541981167 2.5
    endloop
  endfacet
  facet normal 0 0 1
    outer loop
      vertex 30.391006521880627 45.95399049669504 2.5
      vertex -26.150203265468896 45.61540541981167 2.5
      vertex -25.751526125716246 45.450267941518014 2.5
    endloop
  endfacet
  facet normal 0 0 1
    outer loop
      vertex 30.451056517660618 45.80901699513197 2.5
      vertex -25.751526125716246 45.450267941518014 2.5
      vertex -25.3835905561957 45.224796734531104 2.5
    endloop
  endfacet
  facet normal 0 0 1
    outer loop
      vertex 30.451056517660618 45.80901699513197 2.5
      vertex -25.3835905561957 45.224796734531104 2.5
      vertex -25.055456351736993 44.94454364826301 2.5
    endloop
  endfacet
  facet normal 0 -1 0
    outer loop
      vertex -29.5 46.5 2.5
      vertex 29.5 46.5 4.5
      vertex -29.5 46.5 4.5
    endloop
  endfacet
  facet normal 0 0 1
    outer loop
      vertex -30.451056517660618 -45.80901699513197 2.5
      vertex 25.3835905561957 -45.224796734531104 2.5
      vertex 25.055456351736993 -44.94454364826301 2.5
    endloop
  endfacet
  facet normal 0 0 1
    outer loop
      vertex -30.451056517660618 -45.80901699513197 2.5
      vertex 25.751526125716246 -45.450267941518014 2.5
      vertex 25.3835905561957 -45.224796734531104 2.5
    endloop
  endfacet
  facet normal 0 0 1
    outer loop
      vertex -30.391006521880627 -45.95399049669504 2.5
      vertex 26.150203265468896 -45.61540541981167 2.5
      vertex 25.751526125716246 -45.450267941518014 2.5
    endloop
  endfacet
  facet normal 0 0 1
    outer loop
      vertex -30.30901699513197 -46.08778525143862 2.5
      vertex 26.569805221139365 -45.71614293663663 2.5
      vertex 26.150203265468896 -45.61540541981167 2.5
    endloop
  endfacet
  facet normal 0 0 1
    outer loop
      vertex -30.30901699513197 -46.08778525143862 2.5
      vertex 27 -45.75 2.5
      vertex 26.569805221139365 -45.71614293663663 2.5
    endloop
  endfacet
  facet normal 0 0 1
    outer loop
      vertex -25.055456351736993 -44.94454364826301 2.5
      vertex 24.775203265468896 -44.6164094438043 2.5
      vertex 24.54973205848199 -44.248473874283754 2.5
    endloop
  endfacet
  facet normal 0 0 1
    outer loop
      vertex -25.055456351736993 -44.94454364826301 2.5
      vertex 25.055456351736993 -44.94454364826301 2.5
      vertex 24.775203265468896 -44.6164094438043 2.5
    endloop
  endfacet
  facet normal 0 0 1
    outer loop
      vertex -25.055456351736993 -44.94454364826301 2.5
      vertex 24.384594580188327 -43.849796734531104 2.5
      vertex 24.28385706336337 -43.43019477886064 2.5
    endloop
  endfacet
  facet normal 0 0 1
    outer loop
      vertex -25.055456351736993 -44.94454364826301 2.5
      vertex 24.28385706336337 -43.43019477886064 2.5
      vertex 24.25 -43 2.5
    endloop
  endfacet
  facet normal 0 0 1
    outer loop
      vertex -25.055456351736993 -44.94454364826301 2.5
      vertex 24.54973205848199 -44.248473874283754 2.5
      vertex 24.384594580188327 -43.849796734531104 2.5
    endloop
  endfacet
  facet normal 0 0 1
    outer loop
      vertex -25.055456351736993 -44.94454364826301 2.5
      vertex 24.25 -43 2.5
      vertex 24.28385706336337 -42.56980522113936 2.5
    endloop
  endfacet
  facet normal 0 0 1
    outer loop
      vertex -25.055456351736993 -44.94454364826301 2.5
      vertex 24.28385706336337 -42.56980522113936 2.5
      vertex 24.384594580188327 -42.150203265468896 2.5
    endloop
  endfacet
  facet normal 0 0 1
    outer loop
      vertex -25.055456351736993 -44.94454364826301 2.5
      vertex 24.384594580188327 -42.150203265468896 2.5
      vertex 24.54973205848199 -41.751526125716246 2.5
    endloop
  endfacet
  facet normal 0 0 1
    outer loop
      vertex -25.055456351736993 -44.94454364826301 2.5
      vertex 24.54973205848199 -41.751526125716246 2.5
      vertex 24.775203265468896 -41.3835905561957 2.5
    endloop
  endfacet
  facet normal 0 0 1
    outer loop
      vertex -25.055456351736993 -44.94454364826301 2.5
      vertex 24.775203265468896 -41.3835905561957 2.5
      vertex 25.055456351736993 -41.05545635173699 2.5
    endloop
  endfacet
  facet normal 0 0 1
    outer loop
      vertex 23.5 -37 2.5
      vertex -25.055456351736993 -44.94454364826301 2.5
      vertex 25.055456351736993 -41.05545635173699 2.5
    endloop
  endfacet
  facet normal 0 0 1
    outer loop
      vertex -30.30901699513197 -46.08778525143862 2.5
      vertex 30.451056517660618 -45.80901699513197 2.5
      vertex 27 -45.75 2.5
    endloop
  endfacet
  facet normal 0 0 1
    outer loop
      vertex -29.5 -46.5 2.5
      vertex 29.5 -46.5 2.5
      vertex 29.80901699513197 -46.45105651766062 2.5
    endloop
  endfacet
  facet normal 0 0 1
    outer loop
      vertex -29.5 -46.5 2.5
      vertex 29.80901699513197 -46.45105651766062 2.5
      vertex 29.95399049669504 -46.39100652188063 2.5
    endloop
  endfacet
  facet normal 0 0 1
    outer loop
      vertex -29.65643446147442 -46.48768834024668 2.5
      vertex 29.95399049669504 -46.39100652188063 2.5
      vertex 30.087785251438618 -46.30901699513197 2.5
    endloop
  endfacet
  facet normal 0 0 1
    outer loop
      vertex -29.80901699513197 -46.45105651766062 2.5
      vertex 30.087785251438618 -46.30901699513197 2.5
      vertex 30.20710678398609 -46.20710678398609 2.5
    endloop
  endfacet
  facet normal 0 0 1
    outer loop
      vertex -29.95399049669504 -46.39100652188063 2.5
      vertex 30.20710678398609 -46.20710678398609 2.5
      vertex 30.30901699513197 -46.08778525143862 2.5
    endloop
  endfacet
  facet normal 0 0 1
    outer loop
      vertex -30.087785251438618 -46.30901699513197 2.5
      vertex 30.30901699513197 -46.08778525143862 2.5
      vertex 30.391006521880627 -45.95399049669504 2.5
    endloop
  endfacet
  facet normal 0 0 1
    outer loop
      vertex -30.20710678398609 -46.20710678398609 2.5
      vertex 30.391006521880627 -45.95399049669504 2.5
      vertex 30.451056517660618 -45.80901699513197 2.5
    endloop
  endfacet
  facet normal 0 1 0
    outer loop
      vertex -29.5 -46.5 4.5
      vertex 29.5 -46.5 4.5
      vertex 29.5 -46.5 2.5
    endloop
  endfacet
  facet normal 0 0 1
    outer loop
      vertex 25.858732180445816 -43.370820393249936 2.5
      vertex 26.294657697249033 -42.02917960675006 2.5
      vertex 25.814773991285833 -43.18772135804828 2.5
    endloop
  endfacet
  facet normal 0 0 1
    outer loop
      vertex 25.814773991285833 -43.18772135804828 2.5
      vertex 26.294657697249033 -42.02917960675006 2.5
      vertex 25.8 -43 2.5
    endloop
  endfacet
  facet normal 0 0 1
    outer loop
      vertex 25.8 -43 2.5
      vertex 26.294657697249033 -42.02917960675006 2.5
      vertex 25.814773991285833 -42.81227864195172 2.5
    endloop
  endfacet
  facet normal 0 0 1
    outer loop
      vertex 25.814773991285833 -42.81227864195172 2.5
      vertex 26.294657697249033 -42.02917960675006 2.5
      vertex 25.858732180445816 -42.629179606750064 2.5
    endloop
  endfacet
  facet normal 0 0 1
    outer loop
      vertex 25.858732180445816 -42.629179606750064 2.5
      vertex 26.294657697249033 -42.02917960675006 2.5
      vertex 25.93079217097396 -42.45521140031254 2.5
    endloop
  endfacet
  facet normal 0 0 1
    outer loop
      vertex 25.93079217097396 -42.45521140031254 2.5
      vertex 26.15147186257614 -42.151471862576145 2.5
      vertex 26.029179606750063 -42.29465769724903 2.5
    endloop
  endfacet
  facet normal 0 0 1
    outer loop
      vertex 23.5 -37 2.5
      vertex 25.055456351736993 -41.05545635173699 2.5
      vertex 25.3835905561957 -40.775203265468896 2.5
    endloop
  endfacet
  facet normal 0 0 1
    outer loop
      vertex 23.5 -37 2.5
      vertex 25.3835905561957 -40.775203265468896 2.5
      vertex 25.751526125716246 -40.549732058481986 2.5
    endloop
  endfacet
  facet normal 0 0 1
    outer loop
      vertex 23.5 -37 2.5
      vertex 26.569805221139365 -40.28385706336337 2.5
      vertex 23.73465169966221 -36.981532514095306 2.5
    endloop
  endfacet
  facet normal 0 0 1
    outer loop
      vertex 23.73465169966221 -36.981532514095306 2.5
      vertex 26.569805221139365 -40.28385706336337 2.5
      vertex 23.963525488972664 -36.926584772765636 2.5
    endloop
  endfacet
  facet normal 0 0 1
    outer loop
      vertex 23.5 -37 2.5
      vertex 25.751526125716246 -40.549732058481986 2.5
      vertex 26.150203265468896 -40.38459458018833 2.5
    endloop
  endfacet
  facet normal 0 0 1
    outer loop
      vertex 23.5 -37 2.5
      vertex 26.150203265468896 -40.38459458018833 2.5
      vertex 26.569805221139365 -40.28385706336337 2.5
    endloop
  endfacet
  facet normal 0 0 1
    outer loop
      vertex 24.180985748767853 -36.83650978654623 2.5
      vertex 26.569805221139365 -40.28385706336337 2.5
      vertex 27 -40.25 2.5
    endloop
  endfacet
  facet normal 0 0 1
    outer loop
      vertex 23.963525488972664 -36.926584772765636 2.5
      vertex 26.569805221139365 -40.28385706336337 2.5
      vertex 24.180985748767853 -36.83650978654623 2.5
    endloop
  endfacet
  facet normal 0 0 1
    outer loop
      vertex 24.180985748767853 -36.83650978654623 2.5
      vertex 27 -40.25 2.5
      vertex 24.381677880883217 -36.713525488972664 2.5
    endloop
  endfacet
  facet normal 0 0 1
    outer loop
      vertex 24.381677880883217 -36.713525488972664 2.5
      vertex 27 -40.25 2.5
      vertex 24.560660168528557 -36.56066016852856 2.5
    endloop
  endfacet
  facet normal 0 0 1
    outer loop
      vertex 24.560660168528557 -36.56066016852856 2.5
      vertex 27.430194778860635 -40.28385706336337 2.5
      vertex 24.713525488972664 -36.38167788088322 2.5
    endloop
  endfacet
  facet normal 0 0 1
    outer loop
      vertex 24.713525488972664 -36.38167788088322 2.5
      vertex 27.430194778860635 -40.28385706336337 2.5
      vertex 24.83650978654623 -36.18098574876785 2.5
    endloop
  endfacet
  facet normal 0 0 1
    outer loop
      vertex 24.83650978654623 -36.18098574876785 2.5
      vertex 27.849796734531104 -40.38459458018833 2.5
      vertex 24.926584772765636 -35.963525488972664 2.5
    endloop
  endfacet
  facet normal 0 0 1
    outer loop
      vertex 24.926584772765636 -35.963525488972664 2.5
      vertex 27.849796734531104 -40.38459458018833 2.5
      vertex 24.981532514095306 -35.73465169966221 2.5
    endloop
  endfacet
  facet normal 0 0 1
    outer loop
      vertex 24.981532514095306 -35.73465169966221 2.5
      vertex 27.849796734531104 -40.38459458018833 2.5
      vertex 25 -35.5 2.5
    endloop
  endfacet
  facet normal 0 0 1
    outer loop
      vertex 30.451056517660618 -45.80901699513197 2.5
      vertex 27.430194778860635 -45.71614293663663 2.5
      vertex 27 -45.75 2.5
    endloop
  endfacet
  facet normal 0 0 1
    outer loop
      vertex 30.487688340246677 -45.65643446147442 2.5
      vertex 27.849796734531104 -45.61540541981167 2.5
      vertex 27.430194778860635 -45.71614293663663 2.5
    endloop
  endfacet
  facet normal 0 0 1
    outer loop
      vertex 30.5 -45.5 2.5
      vertex 28.248473874283754 -45.450267941518014 2.5
      vertex 27.849796734531104 -45.61540541981167 2.5
    endloop
  endfacet
  facet normal 0 0 1
    outer loop
      vertex 30.5 -45.5 2.5
      vertex 28.6164094438043 -45.224796734531104 2.5
      vertex 28.248473874283754 -45.450267941518014 2.5
    endloop
  endfacet
  facet normal 0 0 1
    outer loop
      vertex 29.5 -46.5 2.5
      vertex 29.65643446147442 -46.48768834024668 2.5
      vertex 29.80901699513197 -46.45105651766062 2.5
    endloop
  endfacet
  facet normal 0 0 1
    outer loop
      vertex 30.451056517660618 -45.80901699513197 2.5
      vertex 30.487688340246677 -45.65643446147442 2.5
      vertex 27.430194778860635 -45.71614293663663 2.5
    endloop
  endfacet
  facet normal 0 0 1
    outer loop
      vertex 30.5 -45.5 2.5
      vertex 28.944543648263007 -44.94454364826301 2.5
      vertex 28.6164094438043 -45.224796734531104 2.5
    endloop
  endfacet
  facet normal 0 0 1
    outer loop
      vertex 30.487688340246677 -45.65643446147442 2.5
      vertex 30.5 -45.5 2.5
      vertex 27.849796734531104 -45.61540541981167 2.5
    endloop
  endfacet
  facet normal 0 0 1
    outer loop
      vertex 30.5 -45.5 2.5
      vertex 29.224796734531104 -44.6164094438043 2.5
      vertex 28.944543648263007 -44.94454364826301 2.5
    endloop
  endfacet
  facet normal 0 0 1
    outer loop
      vertex 30.5 -45.5 2.5
      vertex 29.45026794151801 -44.248473874283754 2.5
      vertex 29.224796734531104 -44.6164094438043 2.5
    endloop
  endfacet
  facet normal 0 0 1
    outer loop
      vertex 30.5 -45.5 2.5
      vertex 29.615405419811673 -43.849796734531104 2.5
      vertex 29.45026794151801 -44.248473874283754 2.5
    endloop
  endfacet
  facet normal 0 0 1
    outer loop
      vertex 25.858732180445816 -43.370820393249936 2.5
      vertex 25.93079217097396 -43.54478859968746 2.5
      vertex 26.629179606750064 -41.85873218044581 2.5
    endloop
  endfacet
  facet normal 0 0 1
    outer loop
      vertex 25.93079217097396 -43.54478859968746 2.5
      vertex 26.029179606750063 -43.70534230275097 2.5
      vertex 27.544788599687458 -41.93079217097396 2.5
    endloop
  endfacet
  facet normal 0 0 1
    outer loop
      vertex 26.029179606750063 -43.70534230275097 2.5
      vertex 26.15147186257614 -43.848528137423855 2.5
      vertex 27.544788599687458 -41.93079217097396 2.5
    endloop
  endfacet
  facet normal 0 0 1
    outer loop
      vertex 26.15147186257614 -43.848528137423855 2.5
      vertex 26.294657697249033 -43.97082039324994 2.5
      vertex 27.544788599687458 -41.93079217097396 2.5
    endloop
  endfacet
  facet normal 0 0 1
    outer loop
      vertex 26.294657697249033 -43.97082039324994 2.5
      vertex 26.455211400312542 -44.06920782902604 2.5
      vertex 27.544788599687458 -41.93079217097396 2.5
    endloop
  endfacet
  facet normal 0 0 1
    outer loop
      vertex 27.544788599687458 -41.93079217097396 2.5
      vertex 26.455211400312542 -44.06920782902604 2.5
      vertex 26.629179606750064 -44.14126781955419 2.5
    endloop
  endfacet
  facet normal 0 0 1
    outer loop
      vertex 27.544788599687458 -41.93079217097396 2.5
      vertex 26.629179606750064 -44.14126781955419 2.5
      vertex 26.81227864195172 -44.18522600871417 2.5
    endloop
  endfacet
  facet normal 0 0 1
    outer loop
      vertex 27.544788599687458 -41.93079217097396 2.5
      vertex 26.81227864195172 -44.18522600871417 2.5
      vertex 27 -44.2 2.5
    endloop
  endfacet
  facet normal 0 0 1
    outer loop
      vertex 25.858732180445816 -43.370820393249936 2.5
      vertex 26.455211400312542 -41.93079217097396 2.5
      vertex 26.294657697249033 -42.02917960675006 2.5
    endloop
  endfacet
  facet normal 0 0 1
    outer loop
      vertex 25.93079217097396 -42.45521140031254 2.5
      vertex 26.294657697249033 -42.02917960675006 2.5
      vertex 26.15147186257614 -42.151471862576145 2.5
    endloop
  endfacet
  facet normal 0 0 1
    outer loop
      vertex 25.858732180445816 -43.370820393249936 2.5
      vertex 26.629179606750064 -41.85873218044581 2.5
      vertex 26.455211400312542 -41.93079217097396 2.5
    endloop
  endfacet
  facet normal 0 0 1
    outer loop
      vertex 25.93079217097396 -43.54478859968746 2.5
      vertex 26.81227864195172 -41.81477399128583 2.5
      vertex 26.629179606750064 -41.85873218044581 2.5
    endloop
  endfacet
  facet normal 0 0 1
    outer loop
      vertex 25.93079217097396 -43.54478859968746 2.5
      vertex 27 -41.8 2.5
      vertex 26.81227864195172 -41.81477399128583 2.5
    endloop
  endfacet
  facet normal 0 0 1
    outer loop
      vertex 25.93079217097396 -43.54478859968746 2.5
      vertex 27.18772135804828 -41.81477399128583 2.5
      vertex 27 -41.8 2.5
    endloop
  endfacet
  facet normal 0 0 1
    outer loop
      vertex 25.93079217097396 -43.54478859968746 2.5
      vertex 27.370820393249936 -41.85873218044581 2.5
      vertex 27.18772135804828 -41.81477399128583 2.5
    endloop
  endfacet
  facet normal 0 0 1
    outer loop
      vertex 25.93079217097396 -43.54478859968746 2.5
      vertex 27.544788599687458 -41.93079217097396 2.5
      vertex 27.370820393249936 -41.85873218044581 2.5
    endloop
  endfacet
  facet normal 0 0 1
    outer loop
      vertex 27.544788599687458 -41.93079217097396 2.5
      vertex 27 -44.2 2.5
      vertex 27.18772135804828 -44.18522600871417 2.5
    endloop
  endfacet
  facet normal 0 0 1
    outer loop
      vertex 27.544788599687458 -41.93079217097396 2.5
      vertex 27.18772135804828 -44.18522600871417 2.5
      vertex 27.370820393249936 -44.14126781955419 2.5
    endloop
  endfacet
  facet normal 0 0 1
    outer loop
      vertex 27.544788599687458 -41.93079217097396 2.5
      vertex 27.370820393249936 -44.14126781955419 2.5
      vertex 27.544788599687458 -44.06920782902604 2.5
    endloop
  endfacet
  facet normal 0 0 1
    outer loop
      vertex 27.544788599687458 -41.93079217097396 2.5
      vertex 27.544788599687458 -44.06920782902604 2.5
      vertex 27.705342302750967 -43.97082039324994 2.5
    endloop
  endfacet
  facet normal 0 0 1
    outer loop
      vertex 27.544788599687458 -41.93079217097396 2.5
      vertex 27.705342302750967 -43.97082039324994 2.5
      vertex 27.84852813742386 -43.848528137423855 2.5
    endloop
  endfacet
  facet normal 0 0 1
    outer loop
      vertex 27.544788599687458 -41.93079217097396 2.5
      vertex 27.84852813742386 -43.848528137423855 2.5
      vertex 27.970820393249937 -43.70534230275097 2.5
    endloop
  endfacet
  facet normal 0 0 1
    outer loop
      vertex 27.544788599687458 -41.93079217097396 2.5
      vertex 27.970820393249937 -43.70534230275097 2.5
      vertex 28.06920782902604 -43.54478859968746 2.5
    endloop
  endfacet
  facet normal 0 0 1
    outer loop
      vertex 27.544788599687458 -41.93079217097396 2.5
      vertex 28.06920782902604 -43.54478859968746 2.5
      vertex 28.141267819554184 -43.370820393249936 2.5
    endloop
  endfacet
  facet normal 0 0 1
    outer loop
      vertex 27.544788599687458 -41.93079217097396 2.5
      vertex 28.141267819554184 -43.370820393249936 2.5
      vertex 28.185226008714167 -43.18772135804828 2.5
    endloop
  endfacet
  facet normal 0 0 1
    outer loop
      vertex 27.544788599687458 -41.93079217097396 2.5
      vertex 28.185226008714167 -42.81227864195172 2.5
      vertex 28.141267819554184 -42.629179606750064 2.5
    endloop
  endfacet
  facet normal 0 0 1
    outer loop
      vertex 27.544788599687458 -41.93079217097396 2.5
      vertex 28.141267819554184 -42.629179606750064 2.5
      vertex 27.705342302750967 -42.02917960675006 2.5
    endloop
  endfacet
  facet normal 0 0 1
    outer loop
      vertex 27.705342302750967 -42.02917960675006 2.5
      vertex 28.06920782902604 -42.45521140031254 2.5
      vertex 27.970820393249937 -42.29465769724903 2.5
    endloop
  endfacet
  facet normal 0 0 1
    outer loop
      vertex 27.705342302750967 -42.02917960675006 2.5
      vertex 27.970820393249937 -42.29465769724903 2.5
      vertex 27.84852813742386 -42.151471862576145 2.5
    endloop
  endfacet
  facet normal 0 0 1
    outer loop
      vertex 27.544788599687458 -41.93079217097396 2.5
      vertex 28.185226008714167 -43.18772135804828 2.5
      vertex 28.2 -43 2.5
    endloop
  endfacet
  facet normal 0 0 1
    outer loop
      vertex 27.544788599687458 -41.93079217097396 2.5
      vertex 28.2 -43 2.5
      vertex 28.185226008714167 -42.81227864195172 2.5
    endloop
  endfacet
  facet normal 0 0 1
    outer loop
      vertex 27.705342302750967 -42.02917960675006 2.5
      vertex 28.141267819554184 -42.629179606750064 2.5
      vertex 28.06920782902604 -42.45521140031254 2.5
    endloop
  endfacet
  facet normal 0 0 1
    outer loop
      vertex 24.560660168528557 -36.56066016852856 2.5
      vertex 27 -40.25 2.5
      vertex 27.430194778860635 -40.28385706336337 2.5
    endloop
  endfacet
  facet normal 0 0 1
    outer loop
      vertex 24.83650978654623 -36.18098574876785 2.5
      vertex 27.430194778860635 -40.28385706336337 2.5
      vertex 27.849796734531104 -40.38459458018833 2.5
    endloop
  endfacet
  facet normal 0 0 1
    outer loop
      vertex 25 -35.5 2.5
      vertex 27.849796734531104 -40.38459458018833 2.5
      vertex 28.248473874283754 -40.549732058481986 2.5
    endloop
  endfacet
  facet normal 0 0 1
    outer loop
      vertex 30.5 -45.5 2.5
      vertex 29.71614293663663 -43.43019477886064 2.5
      vertex 29.615405419811673 -43.849796734531104 2.5
    endloop
  endfacet
  facet normal 0 0 1
    outer loop
      vertex 30.5 -45.5 2.5
      vertex 29.75 -43 2.5
      vertex 29.71614293663663 -43.43019477886064 2.5
    endloop
  endfacet
  facet normal -0.07845909971223476 0.9969173334195497 0
    outer loop
      vertex 29.5 -46.5 2.5
      vertex 29.5 -46.5 4.5
      vertex 29.65643446147442 -46.48768834024668 2.5
    endloop
  endfacet
  facet normal -0.2334453472753927 0.9723699243783054 0
    outer loop
      vertex 29.65643446147442 -46.48768834024668 2.5
      vertex 29.65643446147442 -46.48768834024668 4.5
      vertex 29.80901699513197 -46.45105651766062 2.5
    endloop
  endfacet
  facet normal -0.3826834609106635 0.9238795206873224 0
    outer loop
      vertex 29.80901699513197 -46.45105651766062 2.5
      vertex 29.80901699513197 -46.45105651766062 4.5
      vertex 29.95399049669504 -46.39100652188063 2.5
    endloop
  endfacet
  facet normal -0.522498544297603 0.8526401768664703 0
    outer loop
      vertex 29.95399049669504 -46.39100652188063 2.5
      vertex 29.95399049669504 -46.39100652188063 4.5
      vertex 30.087785251438618 -46.30901699513197 2.5
    endloop
  endfacet
  facet normal -0.6494480293060573 0.7604059818481694 0
    outer loop
      vertex 30.087785251438618 -46.30901699513197 2.5
      vertex 30.087785251438618 -46.30901699513197 4.5
      vertex 30.20710678398609 -46.20710678398609 2.5
    endloop
  endfacet
  facet normal -0.7604059818481694 0.6494480293060573 0
    outer loop
      vertex 30.20710678398609 -46.20710678398609 2.5
      vertex 30.20710678398609 -46.20710678398609 4.5
      vertex 30.30901699513197 -46.08778525143862 2.5
    endloop
  endfacet
  facet normal -0.8526401768664703 0.522498544297603 0
    outer loop
      vertex 30.30901699513197 -46.08778525143862 2.5
      vertex 30.30901699513197 -46.08778525143862 4.5
      vertex 30.391006521880627 -45.95399049669504 2.5
    endloop
  endfacet
  facet normal -0.07845909971223476 0.9969173334195497 0
    outer loop
      vertex 29.65643446147442 -46.48768834024668 2.5
      vertex 29.5 -46.5 4.5
      vertex 29.65643446147442 -46.48768834024668 4.5
    endloop
  endfacet
  facet normal -0.2334453472753927 0.9723699243783054 0
    outer loop
      vertex 29.80901699513197 -46.45105651766062 2.5
      vertex 29.65643446147442 -46.48768834024668 4.5
      vertex 29.80901699513197 -46.45105651766062 4.5
    endloop
  endfacet
  facet normal -0.3826834609106635 0.9238795206873224 0
    outer loop
      vertex 29.95399049669504 -46.39100652188063 2.5
      vertex 29.80901699513197 -46.45105651766062 4.5
      vertex 29.95399049669504 -46.39100652188063 4.5
    endloop
  endfacet
  facet normal -0.522498544297603 0.8526401768664703 0
    outer loop
      vertex 30.087785251438618 -46.30901699513197 2.5
      vertex 29.95399049669504 -46.39100652188063 4.5
      vertex 30.087785251438618 -46.30901699513197 4.5
    endloop
  endfacet
  facet normal -0.6494480293060573 0.7604059818481694 0
    outer loop
      vertex 30.20710678398609 -46.20710678398609 2.5
      vertex 30.087785251438618 -46.30901699513197 4.5
      vertex 30.20710678398609 -46.20710678398609 4.5
    endloop
  endfacet
  facet normal -0.7604059818481694 0.6494480293060573 0
    outer loop
      vertex 30.30901699513197 -46.08778525143862 2.5
      vertex 30.20710678398609 -46.20710678398609 4.5
      vertex 30.30901699513197 -46.08778525143862 4.5
    endloop
  endfacet
  facet normal -0.8526401768664703 0.522498544297603 0
    outer loop
      vertex 30.391006521880627 -45.95399049669504 2.5
      vertex 30.30901699513197 -46.08778525143862 4.5
      vertex 30.391006521880627 -45.95399049669504 4.5
    endloop
  endfacet
  facet normal -0.9238795206873224 0.3826834609106635 0
    outer loop
      vertex 30.391006521880627 -45.95399049669504 2.5
      vertex 30.391006521880627 -45.95399049669504 4.5
      vertex 30.451056517660618 -45.80901699513197 2.5
    endloop
  endfacet
  facet normal -0.9723699243783054 0.2334453472753927 0
    outer loop
      vertex 30.451056517660618 -45.80901699513197 2.5
      vertex 30.451056517660618 -45.80901699513197 4.5
      vertex 30.487688340246677 -45.65643446147442 2.5
    endloop
  endfacet
  facet normal -0.9969173334195497 0.07845909971223476 0
    outer loop
      vertex 30.487688340246677 -45.65643446147442 2.5
      vertex 30.487688340246677 -45.65643446147442 4.5
      vertex 30.5 -45.5 2.5
    endloop
  endfacet
  facet normal -0.9238795206873224 0.3826834609106635 0
    outer loop
      vertex 30.451056517660618 -45.80901699513197 2.5
      vertex 30.391006521880627 -45.95399049669504 4.5
      vertex 30.451056517660618 -45.80901699513197 4.5
    endloop
  endfacet
  facet normal -0.9723699243783054 0.2334453472753927 0
    outer loop
      vertex 30.487688340246677 -45.65643446147442 2.5
      vertex 30.451056517660618 -45.80901699513197 4.5
      vertex 30.487688340246677 -45.65643446147442 4.5
    endloop
  endfacet
  facet normal -0.9969173334195497 0.07845909971223476 0
    outer loop
      vertex 30.5 -45.5 2.5
      vertex 30.487688340246677 -45.65643446147442 4.5
      vertex 30.5 -45.5 4.5
    endloop
  endfacet
  facet normal 0 0 1
    outer loop
      vertex 25 35.5 2.5
      vertex 29.71614293663663 -42.56980522113936 2.5
      vertex 29.75 -43 2.5
    endloop
  endfacet
  facet normal 0 0 1
    outer loop
      vertex 25 35.5 2.5
      vertex 29.224796734531104 -41.3835905561957 2.5
      vertex 29.45026794151801 -41.751526125716246 2.5
    endloop
  endfacet
  facet normal 0 0 1
    outer loop
      vertex 25 35.5 2.5
      vertex 29.615405419811673 -42.150203265468896 2.5
      vertex 29.71614293663663 -42.56980522113936 2.5
    endloop
  endfacet
  facet normal 0 0 1
    outer loop
      vertex 25 35.5 2.5
      vertex 29.45026794151801 -41.751526125716246 2.5
      vertex 29.615405419811673 -42.150203265468896 2.5
    endloop
  endfacet
  facet normal 0 0 1
    outer loop
      vertex 25 -35.5 2.5
      vertex 28.248473874283754 -40.549732058481986 2.5
      vertex 25 35.5 2.5
    endloop
  endfacet
  facet normal 0 0 1
    outer loop
      vertex 25 35.5 2.5
      vertex 28.248473874283754 -40.549732058481986 2.5
      vertex 28.6164094438043 -40.775203265468896 2.5
    endloop
  endfacet
  facet normal 0 0 1
    outer loop
      vertex 25 35.5 2.5
      vertex 28.6164094438043 -40.775203265468896 2.5
      vertex 28.944543648263007 -41.05545635173699 2.5
    endloop
  endfacet
  facet normal 0 0 1
    outer loop
      vertex 25 35.5 2.5
      vertex 28.944543648263007 -41.05545635173699 2.5
      vertex 29.224796734531104 -41.3835905561957 2.5
    endloop
  endfacet
  facet normal 0 0 1
    outer loop
      vertex 30.5 -45.5 2.5
      vertex 25 35.5 2.5
      vertex 29.75 -43 2.5
    endloop
  endfacet
  facet normal -1 0 0
    outer loop
      vertex 30.5 -45.5 2.5
      vertex 30.5 -45.5 4.5
      vertex 30.5 45.5 2.5
    endloop
  endfacet
  facet normal 0 0 1
    outer loop
      vertex -23.5 37 2.5
      vertex 23.5 37 2.5
      vertex 24.54973205848199 41.751526125716246 2.5
    endloop
  endfacet
  facet normal 0 0 1
    outer loop
      vertex -23.5 37 2.5
      vertex 24.54973205848199 41.751526125716246 2.5
      vertex 24.384594580188327 42.150203265468896 2.5
    endloop
  endfacet
  facet normal 0 0 1
    outer loop
      vertex -23.5 37 2.5
      vertex 24.384594580188327 42.150203265468896 2.5
      vertex 24.28385706336337 42.56980522113936 2.5
    endloop
  endfacet
  facet normal 0 0 1
    outer loop
      vertex -23.5 37 2.5
      vertex 24.28385706336337 42.56980522113936 2.5
      vertex 24.25 43 2.5
    endloop
  endfacet
  facet normal 0 0 1
    outer loop
      vertex -23.5 37 2.5
      vertex 24.25 43 2.5
      vertex 24.28385706336337 43.43019477886064 2.5
    endloop
  endfacet
  facet normal 0 0 1
    outer loop
      vertex -23.5 37 2.5
      vertex 24.28385706336337 43.43019477886064 2.5
      vertex 24.384594580188327 43.849796734531104 2.5
    endloop
  endfacet
  facet normal 0 0 1
    outer loop
      vertex -23.5 37 2.5
      vertex 24.384594580188327 43.849796734531104 2.5
      vertex 24.54973205848199 44.248473874283754 2.5
    endloop
  endfacet
  facet normal 0 0 1
    outer loop
      vertex -23.5 37 2.5
      vertex 24.54973205848199 44.248473874283754 2.5
      vertex 24.775203265468896 44.6164094438043 2.5
    endloop
  endfacet
  facet normal 0 0 1
    outer loop
      vertex -25.055456351736993 44.94454364826301 2.5
      vertex 25.055456351736993 44.94454364826301 2.5
      vertex 25.3835905561957 45.224796734531104 2.5
    endloop
  endfacet
  facet normal 0 0 1
    outer loop
      vertex -23.5 37 2.5
      vertex 24.775203265468896 44.6164094438043 2.5
      vertex 25.055456351736993 44.94454364826301 2.5
    endloop
  endfacet
  facet normal 0 0 1
    outer loop
      vertex -25.055456351736993 44.94454364826301 2.5
      vertex 25.3835905561957 45.224796734531104 2.5
      vertex 25.751526125716246 45.450267941518014 2.5
    endloop
  endfacet
  facet normal 0 0 1
    outer loop
      vertex -25.055456351736993 44.94454364826301 2.5
      vertex 25.751526125716246 45.450267941518014 2.5
      vertex 26.150203265468896 45.61540541981167 2.5
    endloop
  endfacet
  facet normal 0 0 1
    outer loop
      vertex -25.055456351736993 44.94454364826301 2.5
      vertex 26.150203265468896 45.61540541981167 2.5
      vertex 26.569805221139365 45.71614293663663 2.5
    endloop
  endfacet
  facet normal 0 0 1
    outer loop
      vertex -25.055456351736993 44.94454364826301 2.5
      vertex 26.569805221139365 45.71614293663663 2.5
      vertex 27 45.75 2.5
    endloop
  endfacet
  facet normal 0 0 1
    outer loop
      vertex -29.95399049669504 46.39100652188063 2.5
      vertex 29.65643446147442 46.48768834024668 2.5
      vertex 29.5 46.5 2.5
    endloop
  endfacet
  facet normal 0 0 1
    outer loop
      vertex 30.451056517660618 45.80901699513197 2.5
      vertex -25.055456351736993 44.94454364826301 2.5
      vertex 27 45.75 2.5
    endloop
  endfacet
  facet normal 0 0 1
    outer loop
      vertex -30.20710678398609 46.20710678398609 2.5
      vertex 29.95399049669504 46.39100652188063 2.5
      vertex 29.80901699513197 46.45105651766062 2.5
    endloop
  endfacet
  facet normal 0 0 1
    outer loop
      vertex -30.391006521880627 45.95399049669504 2.5
      vertex 30.20710678398609 46.20710678398609 2.5
      vertex 30.087785251438618 46.30901699513197 2.5
    endloop
  endfacet
  facet normal 0 0 1
    outer loop
      vertex -30.451056517660618 45.80901699513197 2.5
      vertex 30.30901699513197 46.08778525143862 2.5
      vertex 30.20710678398609 46.20710678398609 2.5
    endloop
  endfacet
  facet normal 0 0 1
    outer loop
      vertex -30.30901699513197 46.08778525143862 2.5
      vertex 30.087785251438618 46.30901699513197 2.5
      vertex 29.95399049669504 46.39100652188063 2.5
    endloop
  endfacet
  facet normal 0 0 1
    outer loop
      vertex -30.087785251438618 46.30901699513197 2.5
      vertex 29.80901699513197 46.45105651766062 2.5
      vertex 29.65643446147442 46.48768834024668 2.5
    endloop
  endfacet
  facet normal 0 0 1
    outer loop
      vertex 30.391006521880627 45.95399049669504 2.5
      vertex 30.30901699513197 46.08778525143862 2.5
      vertex -26.150203265468896 45.61540541981167 2.5
    endloop
  endfacet
  facet normal 0 0 1
    outer loop
      vertex 30.391006521880627 45.95399049669504 2.5
      vertex -25.751526125716246 45.450267941518014 2.5
      vertex 30.451056517660618 45.80901699513197 2.5
    endloop
  endfacet
  facet normal 0 -1 0
    outer loop
      vertex -29.5 46.5 2.5
      vertex 29.5 46.5 2.5
      vertex 29.5 46.5 4.5
    endloop
  endfacet
  facet normal 0 0 1
    outer loop
      vertex 30.5 -45.5 2.5
      vertex 28.248473874283754 40.549732058481986 2.5
      vertex 25 35.5 2.5
    endloop
  endfacet
  facet normal 0 0 1
    outer loop
      vertex 30.5 -45.5 2.5
      vertex 28.6164094438043 40.775203265468896 2.5
      vertex 28.248473874283754 40.549732058481986 2.5
    endloop
  endfacet
  facet normal 0 0 1
    outer loop
      vertex 30.5 -45.5 2.5
      vertex 28.944543648263007 41.05545635173699 2.5
      vertex 28.6164094438043 40.775203265468896 2.5
    endloop
  endfacet
  facet normal 0 0 1
    outer loop
      vertex 30.5 -45.5 2.5
      vertex 29.224796734531104 41.3835905561957 2.5
      vertex 28.944543648263007 41.05545635173699 2.5
    endloop
  endfacet
  facet normal 0 0 1
    outer loop
      vertex 30.5 -45.5 2.5
      vertex 29.45026794151801 41.751526125716246 2.5
      vertex 29.224796734531104 41.3835905561957 2.5
    endloop
  endfacet
  facet normal 0 0 1
    outer loop
      vertex 30.5 -45.5 2.5
      vertex 29.615405419811673 42.150203265468896 2.5
      vertex 29.45026794151801 41.751526125716246 2.5
    endloop
  endfacet
  facet normal 0 0 1
    outer loop
      vertex 30.5 -45.5 2.5
      vertex 29.71614293663663 42.56980522113936 2.5
      vertex 29.615405419811673 42.150203265468896 2.5
    endloop
  endfacet
  facet normal 0 0 1
    outer loop
      vertex 30.5 -45.5 2.5
      vertex 29.75 43 2.5
      vertex 29.71614293663663 42.56980522113936 2.5
    endloop
  endfacet
  facet normal 0 0 1
    outer loop
      vertex 30.5 -45.5 2.5
      vertex 30.5 45.5 2.5
      vertex 29.75 43 2.5
    endloop
  endfacet
  facet normal -1 0 0
    outer loop
      vertex 30.5 -45.5 4.5
      vertex 30.5 45.5 4.5
      vertex 30.5 45.5 2.5
    endloop
  endfacet
  facet normal 0 0 1
    outer loop
      vertex 23.963525488972664 36.926584772765636 2.5
      vertex 24.180985748767853 36.83650978654623 2.5
      vertex 26.150203265468896 40.38459458018833 2.5
    endloop
  endfacet
  facet normal 0 0 1
    outer loop
      vertex 24.180985748767853 36.83650978654623 2.5
      vertex 24.381677880883217 36.713525488972664 2.5
      vertex 26.569805221139365 40.28385706336337 2.5
    endloop
  endfacet
  facet normal 0 0 1
    outer loop
      vertex 24.381677880883217 36.713525488972664 2.5
      vertex 24.560660168528557 36.56066016852856 2.5
      vertex 26.569805221139365 40.28385706336337 2.5
    endloop
  endfacet
  facet normal 0 0 1
    outer loop
      vertex 24.83650978654623 36.18098574876785 2.5
      vertex 27 40.25 2.5
      vertex 24.713525488972664 36.38167788088322 2.5
    endloop
  endfacet
  facet normal 0 0 1
    outer loop
      vertex 24.713525488972664 36.38167788088322 2.5
      vertex 27 40.25 2.5
      vertex 24.560660168528557 36.56066016852856 2.5
    endloop
  endfacet
  facet normal 0 0 1
    outer loop
      vertex 25 35.5 2.5
      vertex 27.430194778860635 40.28385706336337 2.5
      vertex 24.981532514095306 35.73465169966221 2.5
    endloop
  endfacet
  facet normal 0 0 1
    outer loop
      vertex 24.926584772765636 35.963525488972664 2.5
      vertex 24.981532514095306 35.73465169966221 2.5
      vertex 27.430194778860635 40.28385706336337 2.5
    endloop
  endfacet
  facet normal 0 0 1
    outer loop
      vertex 24.926584772765636 35.963525488972664 2.5
      vertex 27.430194778860635 40.28385706336337 2.5
      vertex 24.83650978654623 36.18098574876785 2.5
    endloop
  endfacet
  facet normal 0 0 1
    outer loop
      vertex 23.5 37 2.5
      vertex 23.73465169966221 36.981532514095306 2.5
      vertex 26.150203265468896 40.38459458018833 2.5
    endloop
  endfacet
  facet normal 0 0 1
    outer loop
      vertex 23.73465169966221 36.981532514095306 2.5
      vertex 23.963525488972664 36.926584772765636 2.5
      vertex 26.150203265468896 40.38459458018833 2.5
    endloop
  endfacet
  facet normal 0 0 1
    outer loop
      vertex 23.5 37 2.5
      vertex 25.3835905561957 40.775203265468896 2.5
      vertex 25.055456351736993 41.05545635173699 2.5
    endloop
  endfacet
  facet normal 0 0 1
    outer loop
      vertex 23.5 37 2.5
      vertex 25.751526125716246 40.549732058481986 2.5
      vertex 25.3835905561957 40.775203265468896 2.5
    endloop
  endfacet
  facet normal 0 0 1
    outer loop
      vertex 23.5 37 2.5
      vertex 24.775203265468896 41.3835905561957 2.5
      vertex 24.54973205848199 41.751526125716246 2.5
    endloop
  endfacet
  facet normal 0 0 1
    outer loop
      vertex 23.5 37 2.5
      vertex 25.055456351736993 41.05545635173699 2.5
      vertex 24.775203265468896 41.3835905561957 2.5
    endloop
  endfacet
  facet normal 0 0 1
    outer loop
      vertex 23.5 37 2.5
      vertex 26.150203265468896 40.38459458018833 2.5
      vertex 25.751526125716246 40.549732058481986 2.5
    endloop
  endfacet
  facet normal 0 0 1
    outer loop
      vertex 24.180985748767853 36.83650978654623 2.5
      vertex 26.569805221139365 40.28385706336337 2.5
      vertex 26.150203265468896 40.38459458018833 2.5
    endloop
  endfacet
  facet normal 0 0 1
    outer loop
      vertex 24.560660168528557 36.56066016852856 2.5
      vertex 27 40.25 2.5
      vertex 26.569805221139365 40.28385706336337 2.5
    endloop
  endfacet
  facet normal 0 0 1
    outer loop
      vertex 24.83650978654623 36.18098574876785 2.5
      vertex 27.430194778860635 40.28385706336337 2.5
      vertex 27 40.25 2.5
    endloop
  endfacet
  facet normal 0 0 1
    outer loop
      vertex 25 35.5 2.5
      vertex 27.849796734531104 40.38459458018833 2.5
      vertex 27.430194778860635 40.28385706336337 2.5
    endloop
  endfacet
  facet normal 0 0 1
    outer loop
      vertex 25 35.5 2.5
      vertex 28.248473874283754 40.549732058481986 2.5
      vertex 27.849796734531104 40.38459458018833 2.5
    endloop
  endfacet
  facet normal 0 0 1
    outer loop
      vertex 28.2 43 2.5
      vertex 25.93079217097396 42.45521140031254 2.5
      vertex 26.029179606750063 42.29465769724903 2.5
    endloop
  endfacet
  facet normal 0 0 1
    outer loop
      vertex 28.2 43 2.5
      vertex 25.858732180445816 42.629179606750064 2.5
      vertex 25.93079217097396 42.45521140031254 2.5
    endloop
  endfacet
  facet normal 0 0 1
    outer loop
      vertex 28.2 43 2.5
      vertex 25.814773991285833 42.81227864195172 2.5
      vertex 25.858732180445816 42.629179606750064 2.5
    endloop
  endfacet
  facet normal 0 0 1
    outer loop
      vertex 28.2 43 2.5
      vertex 26.029179606750063 42.29465769724903 2.5
      vertex 26.15147186257614 42.151471862576145 2.5
    endloop
  endfacet
  facet normal 0 0 1
    outer loop
      vertex 28.2 43 2.5
      vertex 26.15147186257614 42.151471862576145 2.5
      vertex 26.294657697249033 42.02917960675006 2.5
    endloop
  endfacet
  facet normal 0 0 1
    outer loop
      vertex 28.2 43 2.5
      vertex 26.294657697249033 42.02917960675006 2.5
      vertex 26.455211400312542 41.93079217097396 2.5
    endloop
  endfacet
  facet normal 0 0 1
    outer loop
      vertex 28.2 43 2.5
      vertex 26.455211400312542 41.93079217097396 2.5
      vertex 26.629179606750064 41.85873218044581 2.5
    endloop
  endfacet
  facet normal 0 0 1
    outer loop
      vertex 28.2 43 2.5
      vertex 25.8 43 2.5
      vertex 25.814773991285833 42.81227864195172 2.5
    endloop
  endfacet
  facet normal 0 0 1
    outer loop
      vertex 25.8 43 2.5
      vertex 28.2 43 2.5
      vertex 25.814773991285833 43.18772135804828 2.5
    endloop
  endfacet
  facet normal 0 0 1
    outer loop
      vertex 25.814773991285833 43.18772135804828 2.5
      vertex 28.2 43 2.5
      vertex 25.858732180445816 43.370820393249936 2.5
    endloop
  endfacet
  facet normal 0 0 1
    outer loop
      vertex 25.858732180445816 43.370820393249936 2.5
      vertex 28.141267819554184 43.370820393249936 2.5
      vertex 25.93079217097396 43.54478859968746 2.5
    endloop
  endfacet
  facet normal 0 0 1
    outer loop
      vertex 25.93079217097396 43.54478859968746 2.5
      vertex 28.06920782902604 43.54478859968746 2.5
      vertex 26.029179606750063 43.70534230275097 2.5
    endloop
  endfacet
  facet normal 0 0 1
    outer loop
      vertex 26.029179606750063 43.70534230275097 2.5
      vertex 27.970820393249937 43.70534230275097 2.5
      vertex 26.15147186257614 43.848528137423855 2.5
    endloop
  endfacet
  facet normal 0 0 1
    outer loop
      vertex 26.15147186257614 43.848528137423855 2.5
      vertex 27.84852813742386 43.848528137423855 2.5
      vertex 26.294657697249033 43.97082039324994 2.5
    endloop
  endfacet
  facet normal 0 0 1
    outer loop
      vertex 26.294657697249033 43.97082039324994 2.5
      vertex 27.705342302750967 43.97082039324994 2.5
      vertex 26.455211400312542 44.06920782902604 2.5
    endloop
  endfacet
  facet normal 0 0 1
    outer loop
      vertex 26.455211400312542 44.06920782902604 2.5
      vertex 27.544788599687458 44.06920782902604 2.5
      vertex 26.629179606750064 44.14126781955419 2.5
    endloop
  endfacet
  facet normal 0 0 1
    outer loop
      vertex 26.629179606750064 44.14126781955419 2.5
      vertex 27.544788599687458 44.06920782902604 2.5
      vertex 26.81227864195172 44.18522600871417 2.5
    endloop
  endfacet
  facet normal 0 0 1
    outer loop
      vertex 26.81227864195172 44.18522600871417 2.5
      vertex 27.18772135804828 44.18522600871417 2.5
      vertex 27 44.2 2.5
    endloop
  endfacet
  facet normal 0 0 1
    outer loop
      vertex 26.81227864195172 44.18522600871417 2.5
      vertex 27.370820393249936 44.14126781955419 2.5
      vertex 27.18772135804828 44.18522600871417 2.5
    endloop
  endfacet
  facet normal 0 0 1
    outer loop
      vertex 28.2 43 2.5
      vertex 26.629179606750064 41.85873218044581 2.5
      vertex 26.81227864195172 41.81477399128583 2.5
    endloop
  endfacet
  facet normal 0 0 1
    outer loop
      vertex 28.2 43 2.5
      vertex 26.81227864195172 41.81477399128583 2.5
      vertex 27 41.8 2.5
    endloop
  endfacet
  facet normal 0 0 1
    outer loop
      vertex 28.2 43 2.5
      vertex 27 41.8 2.5
      vertex 27.18772135804828 41.81477399128583 2.5
    endloop
  endfacet
  facet normal 0 0 1
    outer loop
      vertex 27.370820393249936 41.85873218044581 2.5
      vertex 28.2 43 2.5
      vertex 27.18772135804828 41.81477399128583 2.5
    endloop
  endfacet
  facet normal 0 0 1
    outer loop
      vertex 28.2 43 2.5
      vertex 27.370820393249936 41.85873218044581 2.5
      vertex 27.544788599687458 41.93079217097396 2.5
    endloop
  endfacet
  facet normal 0 0 1
    outer loop
      vertex 27.705342302750967 42.02917960675006 2.5
      vertex 28.185226008714167 42.81227864195172 2.5
      vertex 27.544788599687458 41.93079217097396 2.5
    endloop
  endfacet
  facet normal 0 0 1
    outer loop
      vertex 27.705342302750967 42.02917960675006 2.5
      vertex 27.84852813742386 42.151471862576145 2.5
      vertex 28.06920782902604 42.45521140031254 2.5
    endloop
  endfacet
  facet normal 0 0 1
    outer loop
      vertex 27.84852813742386 42.151471862576145 2.5
      vertex 27.970820393249937 42.29465769724903 2.5
      vertex 28.06920782902604 42.45521140031254 2.5
    endloop
  endfacet
  facet normal 0 0 1
    outer loop
      vertex 27.705342302750967 42.02917960675006 2.5
      vertex 28.06920782902604 42.45521140031254 2.5
      vertex 28.141267819554184 42.629179606750064 2.5
    endloop
  endfacet
  facet normal 0 0 1
    outer loop
      vertex 27.705342302750967 42.02917960675006 2.5
      vertex 28.141267819554184 42.629179606750064 2.5
      vertex 28.185226008714167 42.81227864195172 2.5
    endloop
  endfacet
  facet normal 0 0 1
    outer loop
      vertex 28.2 43 2.5
      vertex 27.544788599687458 41.93079217097396 2.5
      vertex 28.185226008714167 42.81227864195172 2.5
    endloop
  endfacet
  facet normal 0 0 1
    outer loop
      vertex 25.858732180445816 43.370820393249936 2.5
      vertex 28.2 43 2.5
      vertex 28.185226008714167 43.18772135804828 2.5
    endloop
  endfacet
  facet normal 0 0 1
    outer loop
      vertex 25.858732180445816 43.370820393249936 2.5
      vertex 28.185226008714167 43.18772135804828 2.5
      vertex 28.141267819554184 43.370820393249936 2.5
    endloop
  endfacet
  facet normal 0 0 1
    outer loop
      vertex 25.93079217097396 43.54478859968746 2.5
      vertex 28.141267819554184 43.370820393249936 2.5
      vertex 28.06920782902604 43.54478859968746 2.5
    endloop
  endfacet
  facet normal 0 0 1
    outer loop
      vertex 26.294657697249033 43.97082039324994 2.5
      vertex 27.84852813742386 43.848528137423855 2.5
      vertex 27.705342302750967 43.97082039324994 2.5
    endloop
  endfacet
  facet normal 0 0 1
    outer loop
      vertex 26.15147186257614 43.848528137423855 2.5
      vertex 27.970820393249937 43.70534230275097 2.5
      vertex 27.84852813742386 43.848528137423855 2.5
    endloop
  endfacet
  facet normal 0 0 1
    outer loop
      vertex 26.029179606750063 43.70534230275097 2.5
      vertex 28.06920782902604 43.54478859968746 2.5
      vertex 27.970820393249937 43.70534230275097 2.5
    endloop
  endfacet
  facet normal 0 0 1
    outer loop
      vertex 26.455211400312542 44.06920782902604 2.5
      vertex 27.705342302750967 43.97082039324994 2.5
      vertex 27.544788599687458 44.06920782902604 2.5
    endloop
  endfacet
  facet normal 0 0 1
    outer loop
      vertex 26.81227864195172 44.18522600871417 2.5
      vertex 27.544788599687458 44.06920782902604 2.5
      vertex 27.370820393249936 44.14126781955419 2.5
    endloop
  endfacet
  facet normal 0 0 1
    outer loop
      vertex 30.5 45.5 2.5
      vertex 29.71614293663663 43.43019477886064 2.5
      vertex 29.75 43 2.5
    endloop
  endfacet
  facet normal 0 0 1
    outer loop
      vertex 30.5 45.5 2.5
      vertex 29.615405419811673 43.849796734531104 2.5
      vertex 29.71614293663663 43.43019477886064 2.5
    endloop
  endfacet
  facet normal 0 0 1
    outer loop
      vertex 30.451056517660618 45.80901699513197 2.5
      vertex 27 45.75 2.5
      vertex 27.430194778860635 45.71614293663663 2.5
    endloop
  endfacet
  facet normal 0 0 1
    outer loop
      vertex 30.451056517660618 45.80901699513197 2.5
      vertex 27.430194778860635 45.71614293663663 2.5
      vertex 27.849796734531104 45.61540541981167 2.5
    endloop
  endfacet
  facet normal 0 0 1
    outer loop
      vertex 30.451056517660618 45.80901699513197 2.5
      vertex 27.849796734531104 45.61540541981167 2.5
      vertex 28.248473874283754 45.450267941518014 2.5
    endloop
  endfacet
  facet normal 0 0 1
    outer loop
      vertex 30.451056517660618 45.80901699513197 2.5
      vertex 28.248473874283754 45.450267941518014 2.5
      vertex 28.6164094438043 45.224796734531104 2.5
    endloop
  endfacet
  facet normal 0 0 1
    outer loop
      vertex 30.451056517660618 45.80901699513197 2.5
      vertex 28.944543648263007 44.94454364826301 2.5
      vertex 29.224796734531104 44.6164094438043 2.5
    endloop
  endfacet
  facet normal 0 0 1
    outer loop
      vertex 30.487688340246677 45.65643446147442 2.5
      vertex 29.45026794151801 44.248473874283754 2.5
      vertex 29.615405419811673 43.849796734531104 2.5
    endloop
  endfacet
  facet normal 0 0 1
    outer loop
      vertex 30.451056517660618 45.80901699513197 2.5
      vertex 29.224796734531104 44.6164094438043 2.5
      vertex 29.45026794151801 44.248473874283754 2.5
    endloop
  endfacet
  facet normal 0 0 1
    outer loop
      vertex 30.451056517660618 45.80901699513197 2.5
      vertex 28.6164094438043 45.224796734531104 2.5
      vertex 28.944543648263007 44.94454364826301 2.5
    endloop
  endfacet
  facet normal 0 0 1
    outer loop
      vertex 30.5 45.5 2.5
      vertex 30.487688340246677 45.65643446147442 2.5
      vertex 29.615405419811673 43.849796734531104 2.5
    endloop
  endfacet
  facet normal 0 0 1
    outer loop
      vertex 30.487688340246677 45.65643446147442 2.5
      vertex 30.451056517660618 45.80901699513197 2.5
      vertex 29.45026794151801 44.248473874283754 2.5
    endloop
  endfacet
  facet normal -0.07845909971223476 -0.9969173334195497 0
    outer loop
      vertex 29.5 46.5 2.5
      vertex 29.65643446147442 46.48768834024668 2.5
      vertex 29.65643446147442 46.48768834024668 4.5
    endloop
  endfacet
  facet normal -0.2334453472753927 -0.9723699243783054 0
    outer loop
      vertex 29.65643446147442 46.48768834024668 2.5
      vertex 29.80901699513197 46.45105651766062 2.5
      vertex 29.80901699513197 46.45105651766062 4.5
    endloop
  endfacet
  facet normal -0.522498544297603 -0.8526401768664703 0
    outer loop
      vertex 30.087785251438618 46.30901699513197 2.5
      vertex 30.087785251438618 46.30901699513197 4.5
      vertex 29.95399049669504 46.39100652188063 2.5
    endloop
  endfacet
  facet normal -0.3826834609106635 -0.9238795206873224 0
    outer loop
      vertex 29.80901699513197 46.45105651766062 2.5
      vertex 29.95399049669504 46.39100652188063 2.5
      vertex 29.95399049669504 46.39100652188063 4.5
    endloop
  endfacet
  facet normal -0.6494480293060573 -0.7604059818481694 0
    outer loop
      vertex 30.087785251438618 46.30901699513197 2.5
      vertex 30.20710678398609 46.20710678398609 2.5
      vertex 30.20710678398609 46.20710678398609 4.5
    endloop
  endfacet
  facet normal -0.7604059818481694 -0.6494480293060573 0
    outer loop
      vertex 30.20710678398609 46.20710678398609 2.5
      vertex 30.30901699513197 46.08778525143862 2.5
      vertex 30.30901699513197 46.08778525143862 4.5
    endloop
  endfacet
  facet normal -0.8526401768664703 -0.522498544297603 0
    outer loop
      vertex 30.391006521880627 45.95399049669504 2.5
      vertex 30.391006521880627 45.95399049669504 4.5
      vertex 30.30901699513197 46.08778525143862 2.5
    endloop
  endfacet
  facet normal -0.07845909971223476 -0.9969173334195497 0
    outer loop
      vertex 29.5 46.5 2.5
      vertex 29.65643446147442 46.48768834024668 4.5
      vertex 29.5 46.5 4.5
    endloop
  endfacet
  facet normal -0.2334453472753927 -0.9723699243783054 0
    outer loop
      vertex 29.65643446147442 46.48768834024668 2.5
      vertex 29.80901699513197 46.45105651766062 4.5
      vertex 29.65643446147442 46.48768834024668 4.5
    endloop
  endfacet
  facet normal -0.3826834609106635 -0.9238795206873224 0
    outer loop
      vertex 29.80901699513197 46.45105651766062 2.5
      vertex 29.95399049669504 46.39100652188063 4.5
      vertex 29.80901699513197 46.45105651766062 4.5
    endloop
  endfacet
  facet normal -0.522498544297603 -0.8526401768664703 0
    outer loop
      vertex 29.95399049669504 46.39100652188063 2.5
      vertex 30.087785251438618 46.30901699513197 4.5
      vertex 29.95399049669504 46.39100652188063 4.5
    endloop
  endfacet
  facet normal -0.6494480293060573 -0.7604059818481694 0
    outer loop
      vertex 30.087785251438618 46.30901699513197 2.5
      vertex 30.20710678398609 46.20710678398609 4.5
      vertex 30.087785251438618 46.30901699513197 4.5
    endloop
  endfacet
  facet normal -0.7604059818481694 -0.6494480293060573 0
    outer loop
      vertex 30.20710678398609 46.20710678398609 2.5
      vertex 30.30901699513197 46.08778525143862 4.5
      vertex 30.20710678398609 46.20710678398609 4.5
    endloop
  endfacet
  facet normal -0.8526401768664703 -0.522498544297603 0
    outer loop
      vertex 30.30901699513197 46.08778525143862 2.5
      vertex 30.391006521880627 45.95399049669504 4.5
      vertex 30.30901699513197 46.08778525143862 4.5
    endloop
  endfacet
  facet normal -0.9969173334195497 -0.07845909971223476 0
    outer loop
      vertex 30.5 45.5 2.5
      vertex 30.5 45.5 4.5
      vertex 30.487688340246677 45.65643446147442 2.5
    endloop
  endfacet
  facet normal -0.9723699243783054 -0.2334453472753927 0
    outer loop
      vertex 30.487688340246677 45.65643446147442 2.5
      vertex 30.487688340246677 45.65643446147442 4.5
      vertex 30.451056517660618 45.80901699513197 2.5
    endloop
  endfacet
  facet normal -0.9238795206873224 -0.3826834609106635 0
    outer loop
      vertex 30.391006521880627 45.95399049669504 2.5
      vertex 30.451056517660618 45.80901699513197 2.5
      vertex 30.451056517660618 45.80901699513197 4.5
    endloop
  endfacet
  facet normal -0.9723699243783054 -0.2334453472753927 0
    outer loop
      vertex 30.451056517660618 45.80901699513197 2.5
      vertex 30.487688340246677 45.65643446147442 4.5
      vertex 30.451056517660618 45.80901699513197 4.5
    endloop
  endfacet
  facet normal -0.9969173334195497 -0.07845909971223476 0
    outer loop
      vertex 30.487688340246677 45.65643446147442 2.5
      vertex 30.5 45.5 4.5
      vertex 30.487688340246677 45.65643446147442 4.5
    endloop
  endfacet
  facet normal -0.9238795206873224 -0.3826834609106635 0
    outer loop
      vertex 30.391006521880627 45.95399049669504 2.5
      vertex 30.451056517660618 45.80901699513197 4.5
      vertex 30.391006521880627 45.95399049669504 4.5
    endloop
  endfacet
  facet normal -0.760405965600036 -0.6494480483301777 0
    outer loop
      vertex -29.224796734531104 -44.6164094438043 5.5
      vertex -29.224796734531104 -44.6164094438043 2.5
      vertex -28.944543648263007 -44.94454364826301 2.5
    endloop
  endfacet
  facet normal -0.5224985647159555 -0.8526401643540882 0
    outer loop
      vertex -28.248473874283754 -45.450267941518014 5.5
      vertex -28.6164094438043 -45.224796734531104 2.5
      vertex -28.248473874283754 -45.450267941518014 2.5
    endloop
  endfacet
  facet normal -0.6494480483301777 -0.760405965600036 0
    outer loop
      vertex -28.6164094438043 -45.224796734531104 5.5
      vertex -28.944543648263007 -44.94454364826301 2.5
      vertex -28.6164094438043 -45.224796734531104 2.5
    endloop
  endfacet
  facet normal -0.3826834323650844 -0.9238795325112891 0
    outer loop
      vertex -27.849796734531104 -45.61540541981167 5.5
      vertex -28.248473874283754 -45.450267941518014 2.5
      vertex -27.849796734531104 -45.61540541981167 2.5
    endloop
  endfacet
  facet normal -0.23344536385590675 -0.9723699203976763 0
    outer loop
      vertex -27.430194778860635 -45.71614293663663 5.5
      vertex -27.849796734531104 -45.61540541981167 2.5
      vertex -27.430194778860635 -45.71614293663663 2.5
    endloop
  endfacet
  facet normal -0.07845909572784392 -0.9969173337331281 0
    outer loop
      vertex -27 -45.75 5.5
      vertex -27.430194778860635 -45.71614293663663 2.5
      vertex -27 -45.75 2.5
    endloop
  endfacet
  facet normal 0.07845909572784392 -0.9969173337331281 0
    outer loop
      vertex -26.569805221139365 -45.71614293663663 5.5
      vertex -27 -45.75 2.5
      vertex -26.569805221139365 -45.71614293663663 2.5
    endloop
  endfacet
  facet normal 0.23344536385590675 -0.9723699203976763 0
    outer loop
      vertex -26.150203265468896 -45.61540541981167 5.5
      vertex -26.569805221139365 -45.71614293663663 2.5
      vertex -26.150203265468896 -45.61540541981167 2.5
    endloop
  endfacet
  facet normal -0.8526401643540918 -0.5224985647159495 0
    outer loop
      vertex -29.45026794151801 -44.248473874283754 5.5
      vertex -29.45026794151801 -44.248473874283754 2.5
      vertex -29.224796734531104 -44.6164094438043 2.5
    endloop
  endfacet
  facet normal -0.923879532511286 -0.3826834323650914 0
    outer loop
      vertex -29.615405419811673 -43.849796734531104 5.5
      vertex -29.615405419811673 -43.849796734531104 2.5
      vertex -29.45026794151801 -44.248473874283754 2.5
    endloop
  endfacet
  facet normal -0.9723699203976758 -0.23344536385590858 0
    outer loop
      vertex -29.71614293663663 -43.43019477886064 5.5
      vertex -29.71614293663663 -43.43019477886064 2.5
      vertex -29.615405419811673 -43.849796734531104 2.5
    endloop
  endfacet
  facet normal -0.9969173337331281 -0.07845909572784326 0
    outer loop
      vertex -29.75 -43 5.5
      vertex -29.75 -43 2.5
      vertex -29.71614293663663 -43.43019477886064 2.5
    endloop
  endfacet
  facet normal -0.9969173337331281 0.07845909572784326 0
    outer loop
      vertex -29.71614293663663 -42.56980522113936 5.5
      vertex -29.71614293663663 -42.56980522113936 2.5
      vertex -29.75 -43 2.5
    endloop
  endfacet
  facet normal -0.9723699203976758 0.23344536385590858 0
    outer loop
      vertex -29.615405419811673 -42.150203265468896 5.5
      vertex -29.615405419811673 -42.150203265468896 2.5
      vertex -29.71614293663663 -42.56980522113936 2.5
    endloop
  endfacet
  facet normal -0.923879532511286 0.3826834323650914 0
    outer loop
      vertex -29.45026794151801 -41.751526125716246 5.5
      vertex -29.45026794151801 -41.751526125716246 2.5
      vertex -29.615405419811673 -42.150203265468896 2.5
    endloop
  endfacet
  facet normal -0.8526401643540918 0.5224985647159495 0
    outer loop
      vertex -29.224796734531104 -41.3835905561957 5.5
      vertex -29.224796734531104 -41.3835905561957 2.5
      vertex -29.45026794151801 -41.751526125716246 2.5
    endloop
  endfacet
  facet normal -0.760405965600036 0.6494480483301777 0
    outer loop
      vertex -28.944543648263007 -41.05545635173699 5.5
      vertex -28.944543648263007 -41.05545635173699 2.5
      vertex -29.224796734531104 -41.3835905561957 2.5
    endloop
  endfacet
  facet normal -0.6494480483301777 0.760405965600036 0
    outer loop
      vertex -28.944543648263007 -41.05545635173699 5.5
      vertex -28.6164094438043 -40.775203265468896 2.5
      vertex -28.944543648263007 -41.05545635173699 2.5
    endloop
  endfacet
  facet normal -0.5224985647159555 0.8526401643540882 0
    outer loop
      vertex -28.6164094438043 -40.775203265468896 5.5
      vertex -28.248473874283754 -40.549732058481986 2.5
      vertex -28.6164094438043 -40.775203265468896 2.5
    endloop
  endfacet
  facet normal -0.3826834323650844 0.9238795325112891 0
    outer loop
      vertex -28.248473874283754 -40.549732058481986 5.5
      vertex -27.849796734531104 -40.38459458018833 2.5
      vertex -28.248473874283754 -40.549732058481986 2.5
    endloop
  endfacet
  facet normal -0.23344536385590675 0.9723699203976763 0
    outer loop
      vertex -27.849796734531104 -40.38459458018833 5.5
      vertex -27.430194778860635 -40.28385706336337 2.5
      vertex -27.849796734531104 -40.38459458018833 2.5
    endloop
  endfacet
  facet normal -0.07845909572784392 0.9969173337331281 0
    outer loop
      vertex -27.430194778860635 -40.28385706336337 5.5
      vertex -27 -40.25 2.5
      vertex -27.430194778860635 -40.28385706336337 2.5
    endloop
  endfacet
  facet normal 0.07845909572784392 0.9969173337331281 0
    outer loop
      vertex -27 -40.25 5.5
      vertex -26.569805221139365 -40.28385706336337 2.5
      vertex -27 -40.25 2.5
    endloop
  endfacet
  facet normal 0.23344536385590675 0.9723699203976763 0
    outer loop
      vertex -26.569805221139365 -40.28385706336337 5.5
      vertex -26.150203265468896 -40.38459458018833 2.5
      vertex -26.569805221139365 -40.28385706336337 2.5
    endloop
  endfacet
  facet normal -0.8526401643540918 -0.5224985647159495 0
    outer loop
      vertex -29.224796734531104 -44.6164094438043 5.5
      vertex -29.45026794151801 -44.248473874283754 5.5
      vertex -29.224796734531104 -44.6164094438043 2.5
    endloop
  endfacet
  facet normal -0.760405965600036 -0.6494480483301777 -6.504364864149216e-19
    outer loop
      vertex -29.224796734531104 -44.6164094438043 5.5
      vertex -28.944543648263007 -44.94454364826301 2.5
      vertex -28.944543648263007 -44.94454364826301 5.5
    endloop
  endfacet
  facet normal -0.6494480483301777 -0.760405965600036 0
    outer loop
      vertex -28.944543648263007 -44.94454364826301 5.5
      vertex -28.944543648263007 -44.94454364826301 2.5
      vertex -28.6164094438043 -45.224796734531104 5.5
    endloop
  endfacet
  facet normal -0.5224985647159555 -0.8526401643540882 0
    outer loop
      vertex -28.6164094438043 -45.224796734531104 5.5
      vertex -28.6164094438043 -45.224796734531104 2.5
      vertex -28.248473874283754 -45.450267941518014 5.5
    endloop
  endfacet
  facet normal -0.3826834323650844 -0.9238795325112891 0
    outer loop
      vertex -28.248473874283754 -45.450267941518014 5.5
      vertex -28.248473874283754 -45.450267941518014 2.5
      vertex -27.849796734531104 -45.61540541981167 5.5
    endloop
  endfacet
  facet normal -0.23344536385590675 -0.9723699203976763 0
    outer loop
      vertex -27.849796734531104 -45.61540541981167 5.5
      vertex -27.849796734531104 -45.61540541981167 2.5
      vertex -27.430194778860635 -45.71614293663663 5.5
    endloop
  endfacet
  facet normal -0.07845909572784392 -0.9969173337331281 0
    outer loop
      vertex -27.430194778860635 -45.71614293663663 5.5
      vertex -27.430194778860635 -45.71614293663663 2.5
      vertex -27 -45.75 5.5
    endloop
  endfacet
  facet normal 0.07845909572784392 -0.9969173337331281 0
    outer loop
      vertex -27 -45.75 5.5
      vertex -27 -45.75 2.5
      vertex -26.569805221139365 -45.71614293663663 5.5
    endloop
  endfacet
  facet normal 0.23344536385590675 -0.9723699203976763 0
    outer loop
      vertex -26.569805221139365 -45.71614293663663 5.5
      vertex -26.569805221139365 -45.71614293663663 2.5
      vertex -26.150203265468896 -45.61540541981167 5.5
    endloop
  endfacet
  facet normal -0.9723699203976758 -0.23344536385590858 0
    outer loop
      vertex -29.615405419811673 -43.849796734531104 5.5
      vertex -29.71614293663663 -43.43019477886064 5.5
      vertex -29.615405419811673 -43.849796734531104 2.5
    endloop
  endfacet
  facet normal -0.923879532511286 -0.3826834323650914 4.629635175799753e-18
    outer loop
      vertex -29.615405419811673 -43.849796734531104 5.5
      vertex -29.45026794151801 -44.248473874283754 2.5
      vertex -29.45026794151801 -44.248473874283754 5.5
    endloop
  endfacet
  facet normal -0.9969173337331281 -0.07845909572784326 0
    outer loop
      vertex -29.71614293663663 -43.43019477886064 5.5
      vertex -29.75 -43 5.5
      vertex -29.71614293663663 -43.43019477886064 2.5
    endloop
  endfacet
  facet normal -0.9969173337331281 0.07845909572784326 0
    outer loop
      vertex -29.75 -43 5.5
      vertex -29.71614293663663 -42.56980522113936 5.5
      vertex -29.75 -43 2.5
    endloop
  endfacet
  facet normal -0.9723699203976758 0.23344536385590858 0
    outer loop
      vertex -29.71614293663663 -42.56980522113936 5.5
      vertex -29.615405419811673 -42.150203265468896 5.5
      vertex -29.71614293663663 -42.56980522113936 2.5
    endloop
  endfacet
  facet normal -0.923879532511286 0.3826834323650914 0
    outer loop
      vertex -29.615405419811673 -42.150203265468896 5.5
      vertex -29.45026794151801 -41.751526125716246 5.5
      vertex -29.615405419811673 -42.150203265468896 2.5
    endloop
  endfacet
  facet normal -0.8526401643540918 0.5224985647159495 0
    outer loop
      vertex -29.45026794151801 -41.751526125716246 5.5
      vertex -29.224796734531104 -41.3835905561957 5.5
      vertex -29.45026794151801 -41.751526125716246 2.5
    endloop
  endfacet
  facet normal -0.760405965600036 0.6494480483301777 0
    outer loop
      vertex -29.224796734531104 -41.3835905561957 5.5
      vertex -28.944543648263007 -41.05545635173699 5.5
      vertex -29.224796734531104 -41.3835905561957 2.5
    endloop
  endfacet
  facet normal -0.6494480483301777 0.760405965600036 6.504364864149216e-19
    outer loop
      vertex -28.944543648263007 -41.05545635173699 5.5
      vertex -28.6164094438043 -40.775203265468896 5.5
      vertex -28.6164094438043 -40.775203265468896 2.5
    endloop
  endfacet
  facet normal -0.5224985647159555 0.8526401643540882 4.011368395001335e-18
    outer loop
      vertex -28.6164094438043 -40.775203265468896 5.5
      vertex -28.248473874283754 -40.549732058481986 5.5
      vertex -28.248473874283754 -40.549732058481986 2.5
    endloop
  endfacet
  facet normal -0.3826834323650844 0.9238795325112891 -5.287280638545195e-18
    outer loop
      vertex -28.248473874283754 -40.549732058481986 5.5
      vertex -27.849796734531104 -40.38459458018833 5.5
      vertex -27.849796734531104 -40.38459458018833 2.5
    endloop
  endfacet
  facet normal -0.23344536385590675 0.9723699203976763 -2.150523421194484e-18
    outer loop
      vertex -27.849796734531104 -40.38459458018833 5.5
      vertex -27.430194778860635 -40.28385706336337 5.5
      vertex -27.430194778860635 -40.28385706336337 2.5
    endloop
  endfacet
  facet normal -0.07845909572784392 0.9969173337331281 -3.230210885191619e-19
    outer loop
      vertex -27.430194778860635 -40.28385706336337 5.5
      vertex -27 -40.25 5.5
      vertex -27 -40.25 2.5
    endloop
  endfacet
  facet normal 0.07845909572784392 0.9969173337331281 3.230210885191619e-19
    outer loop
      vertex -27 -40.25 5.5
      vertex -26.569805221139365 -40.28385706336337 5.5
      vertex -26.569805221139365 -40.28385706336337 2.5
    endloop
  endfacet
  facet normal 0.23344536385590675 0.9723699203976763 2.150523421194484e-18
    outer loop
      vertex -26.569805221139365 -40.28385706336337 5.5
      vertex -26.150203265468896 -40.38459458018833 5.5
      vertex -26.150203265468896 -40.38459458018833 2.5
    endloop
  endfacet
  facet normal 0.3826834323650844 -0.9238795325112891 0
    outer loop
      vertex -25.751526125716246 -45.450267941518014 5.5
      vertex -26.150203265468896 -45.61540541981167 2.5
      vertex -25.751526125716246 -45.450267941518014 2.5
    endloop
  endfacet
  facet normal 0.5224985647159555 -0.8526401643540882 0
    outer loop
      vertex -25.3835905561957 -45.224796734531104 5.5
      vertex -25.751526125716246 -45.450267941518014 2.5
      vertex -25.3835905561957 -45.224796734531104 2.5
    endloop
  endfacet
  facet normal 0.6494480483301777 -0.760405965600036 0
    outer loop
      vertex -25.055456351736993 -44.94454364826301 5.5
      vertex -25.3835905561957 -45.224796734531104 2.5
      vertex -25.055456351736993 -44.94454364826301 2.5
    endloop
  endfacet
  facet normal 0.760405965600036 -0.6494480483301777 0
    outer loop
      vertex -25.055456351736993 -44.94454364826301 5.5
      vertex -25.055456351736993 -44.94454364826301 2.5
      vertex -24.775203265468896 -44.6164094438043 2.5
    endloop
  endfacet
  facet normal 0.8526401643540918 -0.5224985647159495 0
    outer loop
      vertex -24.775203265468896 -44.6164094438043 5.5
      vertex -24.775203265468896 -44.6164094438043 2.5
      vertex -24.54973205848199 -44.248473874283754 2.5
    endloop
  endfacet
  facet normal 0.923879532511286 -0.3826834323650914 0
    outer loop
      vertex -24.54973205848199 -44.248473874283754 5.5
      vertex -24.54973205848199 -44.248473874283754 2.5
      vertex -24.384594580188327 -43.849796734531104 2.5
    endloop
  endfacet
  facet normal 0.9723699203976758 -0.23344536385590858 0
    outer loop
      vertex -24.384594580188327 -43.849796734531104 5.5
      vertex -24.384594580188327 -43.849796734531104 2.5
      vertex -24.28385706336337 -43.43019477886064 2.5
    endloop
  endfacet
  facet normal 0.9969173337331281 -0.07845909572784326 0
    outer loop
      vertex -24.28385706336337 -43.43019477886064 5.5
      vertex -24.28385706336337 -43.43019477886064 2.5
      vertex -24.25 -43 2.5
    endloop
  endfacet
  facet normal 0.9969173337331281 0.07845909572784326 0
    outer loop
      vertex -24.25 -43 5.5
      vertex -24.25 -43 2.5
      vertex -24.28385706336337 -42.56980522113936 2.5
    endloop
  endfacet
  facet normal 0.760405965600036 0.6494480483301777 0
    outer loop
      vertex -24.775203265468896 -41.3835905561957 5.5
      vertex -24.775203265468896 -41.3835905561957 2.5
      vertex -25.055456351736993 -41.05545635173699 2.5
    endloop
  endfacet
  facet normal 0.923879532511286 0.3826834323650914 0
    outer loop
      vertex -24.384594580188327 -42.150203265468896 5.5
      vertex -24.384594580188327 -42.150203265468896 2.5
      vertex -24.54973205848199 -41.751526125716246 2.5
    endloop
  endfacet
  facet normal 0.8526401643540918 0.5224985647159495 0
    outer loop
      vertex -24.54973205848199 -41.751526125716246 5.5
      vertex -24.54973205848199 -41.751526125716246 2.5
      vertex -24.775203265468896 -41.3835905561957 2.5
    endloop
  endfacet
  facet normal 0.9723699203976758 0.23344536385590858 0
    outer loop
      vertex -24.28385706336337 -42.56980522113936 5.5
      vertex -24.28385706336337 -42.56980522113936 2.5
      vertex -24.384594580188327 -42.150203265468896 2.5
    endloop
  endfacet
  facet normal 0.5224985647159555 0.8526401643540882 0
    outer loop
      vertex -25.751526125716246 -40.549732058481986 5.5
      vertex -25.3835905561957 -40.775203265468896 2.5
      vertex -25.751526125716246 -40.549732058481986 2.5
    endloop
  endfacet
  facet normal 0.3826834323650844 0.9238795325112891 0
    outer loop
      vertex -26.150203265468896 -40.38459458018833 5.5
      vertex -25.751526125716246 -40.549732058481986 2.5
      vertex -26.150203265468896 -40.38459458018833 2.5
    endloop
  endfacet
  facet normal 0.6494480483301777 0.760405965600036 0
    outer loop
      vertex -25.3835905561957 -40.775203265468896 5.5
      vertex -25.055456351736993 -41.05545635173699 2.5
      vertex -25.3835905561957 -40.775203265468896 2.5
    endloop
  endfacet
  facet normal 0.3826834323650844 -0.9238795325112891 0
    outer loop
      vertex -26.150203265468896 -45.61540541981167 5.5
      vertex -26.150203265468896 -45.61540541981167 2.5
      vertex -25.751526125716246 -45.450267941518014 5.5
    endloop
  endfacet
  facet normal 0.5224985647159555 -0.8526401643540882 0
    outer loop
      vertex -25.751526125716246 -45.450267941518014 5.5
      vertex -25.751526125716246 -45.450267941518014 2.5
      vertex -25.3835905561957 -45.224796734531104 5.5
    endloop
  endfacet
  facet normal 0.6494480483301777 -0.760405965600036 0
    outer loop
      vertex -25.3835905561957 -45.224796734531104 5.5
      vertex -25.3835905561957 -45.224796734531104 2.5
      vertex -25.055456351736993 -44.94454364826301 5.5
    endloop
  endfacet
  facet normal 0.760405965600036 -0.6494480483301777 6.504364864149216e-19
    outer loop
      vertex -25.055456351736993 -44.94454364826301 5.5
      vertex -24.775203265468896 -44.6164094438043 2.5
      vertex -24.775203265468896 -44.6164094438043 5.5
    endloop
  endfacet
  facet normal 0.8526401643540918 -0.5224985647159495 1.9584346869392653e-18
    outer loop
      vertex -24.775203265468896 -44.6164094438043 5.5
      vertex -24.54973205848199 -44.248473874283754 2.5
      vertex -24.54973205848199 -44.248473874283754 5.5
    endloop
  endfacet
  facet normal 0.923879532511286 -0.3826834323650914 -4.629635175799753e-18
    outer loop
      vertex -24.54973205848199 -44.248473874283754 5.5
      vertex -24.384594580188327 -43.849796734531104 2.5
      vertex -24.384594580188327 -43.849796734531104 5.5
    endloop
  endfacet
  facet normal 0.9723699203976758 -0.23344536385590858 1.134850995529494e-19
    outer loop
      vertex -24.384594580188327 -43.849796734531104 5.5
      vertex -24.28385706336337 -43.43019477886064 2.5
      vertex -24.28385706336337 -43.43019477886064 5.5
    endloop
  endfacet
  facet normal 0.9969173337331281 -0.07845909572784326 1.315931721586002e-19
    outer loop
      vertex -24.28385706336337 -43.43019477886064 5.5
      vertex -24.25 -43 2.5
      vertex -24.25 -43 5.5
    endloop
  endfacet
  facet normal 0.923879532511286 0.3826834323650914 0
    outer loop
      vertex -24.54973205848199 -41.751526125716246 5.5
      vertex -24.384594580188327 -42.150203265468896 5.5
      vertex -24.54973205848199 -41.751526125716246 2.5
    endloop
  endfacet
  facet normal 0.8526401643540918 0.5224985647159495 -1.9584346869392653e-18
    outer loop
      vertex -24.54973205848199 -41.751526125716246 5.5
      vertex -24.775203265468896 -41.3835905561957 2.5
      vertex -24.775203265468896 -41.3835905561957 5.5
    endloop
  endfacet
  facet normal 0.9969173337331281 0.07845909572784326 -1.315931721586002e-19
    outer loop
      vertex -24.25 -43 5.5
      vertex -24.28385706336337 -42.56980522113936 2.5
      vertex -24.28385706336337 -42.56980522113936 5.5
    endloop
  endfacet
  facet normal 0.9723699203976758 0.23344536385590858 -1.134850995529494e-19
    outer loop
      vertex -24.28385706336337 -42.56980522113936 5.5
      vertex -24.384594580188327 -42.150203265468896 2.5
      vertex -24.384594580188327 -42.150203265468896 5.5
    endloop
  endfacet
  facet normal 0.3826834323650844 0.9238795325112891 5.287280638545195e-18
    outer loop
      vertex -26.150203265468896 -40.38459458018833 5.5
      vertex -25.751526125716246 -40.549732058481986 5.5
      vertex -25.751526125716246 -40.549732058481986 2.5
    endloop
  endfacet
  facet normal 0.5224985647159555 0.8526401643540882 -4.011368395001335e-18
    outer loop
      vertex -25.751526125716246 -40.549732058481986 5.5
      vertex -25.3835905561957 -40.775203265468896 5.5
      vertex -25.3835905561957 -40.775203265468896 2.5
    endloop
  endfacet
  facet normal 0.6494480483301777 0.760405965600036 -6.504364864149216e-19
    outer loop
      vertex -25.3835905561957 -40.775203265468896 5.5
      vertex -25.055456351736993 -41.05545635173699 5.5
      vertex -25.055456351736993 -41.05545635173699 2.5
    endloop
  endfacet
  facet normal 0.760405965600036 0.6494480483301777 0
    outer loop
      vertex -25.055456351736993 -41.05545635173699 5.5
      vertex -24.775203265468896 -41.3835905561957 5.5
      vertex -25.055456351736993 -41.05545635173699 2.5
    endloop
  endfacet
  facet normal 0 0 1
    outer loop
      vertex -28.248473874283754 -45.450267941518014 5.5
      vertex -27.849796734531104 -45.61540541981167 5.5
      vertex -28.06920782902604 -43.54478859968746 5.5
    endloop
  endfacet
  facet normal 0 0 1
    outer loop
      vertex -27.849796734531104 -45.61540541981167 5.5
      vertex -27.705342302750967 -43.97082039324994 5.5
      vertex -27.84852813742386 -43.848528137423855 5.5
    endloop
  endfacet
  facet normal 0 0 1
    outer loop
      vertex -27.430194778860635 -45.71614293663663 5.5
      vertex -27 -45.75 5.5
      vertex -27.18772135804828 -44.18522600871417 5.5
    endloop
  endfacet
  facet normal 0 0 1
    outer loop
      vertex -27.849796734531104 -45.61540541981167 5.5
      vertex -27.430194778860635 -45.71614293663663 5.5
      vertex -27.705342302750967 -43.97082039324994 5.5
    endloop
  endfacet
  facet normal 0 0 1
    outer loop
      vertex -27.430194778860635 -45.71614293663663 5.5
      vertex -27.544788599687458 -44.06920782902604 5.5
      vertex -27.705342302750967 -43.97082039324994 5.5
    endloop
  endfacet
  facet normal 0 0 1
    outer loop
      vertex -27.430194778860635 -45.71614293663663 5.5
      vertex -27.370820393249936 -44.14126781955419 5.5
      vertex -27.544788599687458 -44.06920782902604 5.5
    endloop
  endfacet
  facet normal 0 0 1
    outer loop
      vertex -27.430194778860635 -45.71614293663663 5.5
      vertex -27.18772135804828 -44.18522600871417 5.5
      vertex -27.370820393249936 -44.14126781955419 5.5
    endloop
  endfacet
  facet normal 0 0 1
    outer loop
      vertex -27 -45.75 5.5
      vertex -26.569805221139365 -45.71614293663663 5.5
      vertex -26.81227864195172 -44.18522600871417 5.5
    endloop
  endfacet
  facet normal 0 0 1
    outer loop
      vertex -27 -45.75 5.5
      vertex -27 -44.2 5.5
      vertex -27.18772135804828 -44.18522600871417 5.5
    endloop
  endfacet
  facet normal 0 0 1
    outer loop
      vertex -27 -45.75 5.5
      vertex -26.81227864195172 -44.18522600871417 5.5
      vertex -27 -44.2 5.5
    endloop
  endfacet
  facet normal 0 0 1
    outer loop
      vertex -26.569805221139365 -45.71614293663663 5.5
      vertex -26.629179606750064 -44.14126781955419 5.5
      vertex -26.81227864195172 -44.18522600871417 5.5
    endloop
  endfacet
  facet normal 0 0 1
    outer loop
      vertex -26.569805221139365 -45.71614293663663 5.5
      vertex -26.150203265468896 -45.61540541981167 5.5
      vertex -26.629179606750064 -44.14126781955419 5.5
    endloop
  endfacet
  facet normal 0 0 1
    outer loop
      vertex -26.150203265468896 -45.61540541981167 5.5
      vertex -26.455211400312542 -44.06920782902604 5.5
      vertex -26.629179606750064 -44.14126781955419 5.5
    endloop
  endfacet
  facet normal 0 0 1
    outer loop
      vertex -26.150203265468896 -45.61540541981167 5.5
      vertex -26.294657697249033 -43.97082039324994 5.5
      vertex -26.455211400312542 -44.06920782902604 5.5
    endloop
  endfacet
  facet normal 0 0 1
    outer loop
      vertex -26.150203265468896 -45.61540541981167 5.5
      vertex -26.15147186257614 -43.848528137423855 5.5
      vertex -26.294657697249033 -43.97082039324994 5.5
    endloop
  endfacet
  facet normal 0 0 1
    outer loop
      vertex -29.615405419811673 -43.849796734531104 5.5
      vertex -29.71614293663663 -42.56980522113936 5.5
      vertex -29.71614293663663 -43.43019477886064 5.5
    endloop
  endfacet
  facet normal 0 0 1
    outer loop
      vertex -29.71614293663663 -43.43019477886064 5.5
      vertex -29.71614293663663 -42.56980522113936 5.5
      vertex -29.75 -43 5.5
    endloop
  endfacet
  facet normal 0 0 1
    outer loop
      vertex -29.615405419811673 -43.849796734531104 5.5
      vertex -29.615405419811673 -42.150203265468896 5.5
      vertex -29.71614293663663 -42.56980522113936 5.5
    endloop
  endfacet
  facet normal 0 0 1
    outer loop
      vertex -29.615405419811673 -43.849796734531104 5.5
      vertex -29.45026794151801 -44.248473874283754 5.5
      vertex -29.615405419811673 -42.150203265468896 5.5
    endloop
  endfacet
  facet normal 0 0 1
    outer loop
      vertex -29.224796734531104 -44.6164094438043 5.5
      vertex -29.45026794151801 -41.751526125716246 5.5
      vertex -29.45026794151801 -44.248473874283754 5.5
    endloop
  endfacet
  facet normal 0 0 1
    outer loop
      vertex -29.45026794151801 -44.248473874283754 5.5
      vertex -29.45026794151801 -41.751526125716246 5.5
      vertex -29.615405419811673 -42.150203265468896 5.5
    endloop
  endfacet
  facet normal 0 0 1
    outer loop
      vertex -29.224796734531104 -44.6164094438043 5.5
      vertex -28.944543648263007 -44.94454364826301 5.5
      vertex -29.224796734531104 -41.3835905561957 5.5
    endloop
  endfacet
  facet normal 0 0 1
    outer loop
      vertex -28.944543648263007 -44.94454364826301 5.5
      vertex -28.6164094438043 -45.224796734531104 5.5
      vertex -28.944543648263007 -41.05545635173699 5.5
    endloop
  endfacet
  facet normal 0 0 1
    outer loop
      vertex -28.6164094438043 -45.224796734531104 5.5
      vertex -28.248473874283754 -45.450267941518014 5.5
      vertex -28.6164094438043 -40.775203265468896 5.5
    endloop
  endfacet
  facet normal 0 0 1
    outer loop
      vertex -29.224796734531104 -44.6164094438043 5.5
      vertex -29.224796734531104 -41.3835905561957 5.5
      vertex -29.45026794151801 -41.751526125716246 5.5
    endloop
  endfacet
  facet normal 0 0 1
    outer loop
      vertex -28.944543648263007 -44.94454364826301 5.5
      vertex -28.944543648263007 -41.05545635173699 5.5
      vertex -29.224796734531104 -41.3835905561957 5.5
    endloop
  endfacet
  facet normal 0 0 1
    outer loop
      vertex -28.6164094438043 -45.224796734531104 5.5
      vertex -28.6164094438043 -40.775203265468896 5.5
      vertex -28.944543648263007 -41.05545635173699 5.5
    endloop
  endfacet
  facet normal 0 0 1
    outer loop
      vertex -28.248473874283754 -45.450267941518014 5.5
      vertex -28.248473874283754 -40.549732058481986 5.5
      vertex -28.6164094438043 -40.775203265468896 5.5
    endloop
  endfacet
  facet normal 0 0 1
    outer loop
      vertex -28.248473874283754 -45.450267941518014 5.5
      vertex -28.06920782902604 -43.54478859968746 5.5
      vertex -28.141267819554184 -43.370820393249936 5.5
    endloop
  endfacet
  facet normal 0 0 1
    outer loop
      vertex -27.970820393249937 -43.70534230275097 5.5
      vertex -28.06920782902604 -43.54478859968746 5.5
      vertex -27.849796734531104 -45.61540541981167 5.5
    endloop
  endfacet
  facet normal 0 0 1
    outer loop
      vertex -28.248473874283754 -45.450267941518014 5.5
      vertex -28.141267819554184 -43.370820393249936 5.5
      vertex -28.185226008714167 -43.18772135804828 5.5
    endloop
  endfacet
  facet normal 0 0 1
    outer loop
      vertex -28.248473874283754 -45.450267941518014 5.5
      vertex -28.185226008714167 -43.18772135804828 5.5
      vertex -28.2 -43 5.5
    endloop
  endfacet
  facet normal 0 0 1
    outer loop
      vertex -27.970820393249937 -43.70534230275097 5.5
      vertex -27.849796734531104 -45.61540541981167 5.5
      vertex -27.84852813742386 -43.848528137423855 5.5
    endloop
  endfacet
  facet normal 0 0 1
    outer loop
      vertex -28.248473874283754 -45.450267941518014 5.5
      vertex -28.2 -43 5.5
      vertex -28.248473874283754 -40.549732058481986 5.5
    endloop
  endfacet
  facet normal 0 0 1
    outer loop
      vertex -28.2 -43 5.5
      vertex -28.185226008714167 -42.81227864195172 5.5
      vertex -28.248473874283754 -40.549732058481986 5.5
    endloop
  endfacet
  facet normal 0 0 1
    outer loop
      vertex -28.185226008714167 -42.81227864195172 5.5
      vertex -28.141267819554184 -42.629179606750064 5.5
      vertex -28.248473874283754 -40.549732058481986 5.5
    endloop
  endfacet
  facet normal 0 0 1
    outer loop
      vertex -28.141267819554184 -42.629179606750064 5.5
      vertex -28.06920782902604 -42.45521140031254 5.5
      vertex -28.248473874283754 -40.549732058481986 5.5
    endloop
  endfacet
  facet normal 0 0 1
    outer loop
      vertex -28.06920782902604 -42.45521140031254 5.5
      vertex -27.970820393249937 -42.29465769724903 5.5
      vertex -28.248473874283754 -40.549732058481986 5.5
    endloop
  endfacet
  facet normal 0 0 1
    outer loop
      vertex -27.970820393249937 -42.29465769724903 5.5
      vertex -27.84852813742386 -42.151471862576145 5.5
      vertex -28.248473874283754 -40.549732058481986 5.5
    endloop
  endfacet
  facet normal 0 0 1
    outer loop
      vertex -27.84852813742386 -42.151471862576145 5.5
      vertex -27.705342302750967 -42.02917960675006 5.5
      vertex -27.849796734531104 -40.38459458018833 5.5
    endloop
  endfacet
  facet normal 0 0 1
    outer loop
      vertex -27.705342302750967 -42.02917960675006 5.5
      vertex -27.544788599687458 -41.93079217097396 5.5
      vertex -27.849796734531104 -40.38459458018833 5.5
    endloop
  endfacet
  facet normal 0 0 1
    outer loop
      vertex -27.544788599687458 -41.93079217097396 5.5
      vertex -27.370820393249936 -41.85873218044581 5.5
      vertex -27.849796734531104 -40.38459458018833 5.5
    endloop
  endfacet
  facet normal 0 0 1
    outer loop
      vertex -27.370820393249936 -41.85873218044581 5.5
      vertex -27.18772135804828 -41.81477399128583 5.5
      vertex -27.430194778860635 -40.28385706336337 5.5
    endloop
  endfacet
  facet normal 0 0 1
    outer loop
      vertex -27.18772135804828 -41.81477399128583 5.5
      vertex -27 -41.8 5.5
      vertex -27 -40.25 5.5
    endloop
  endfacet
  facet normal 0 0 1
    outer loop
      vertex -27 -41.8 5.5
      vertex -26.81227864195172 -41.81477399128583 5.5
      vertex -27 -40.25 5.5
    endloop
  endfacet
  facet normal 0 0 1
    outer loop
      vertex -26.81227864195172 -41.81477399128583 5.5
      vertex -26.629179606750064 -41.85873218044581 5.5
      vertex -26.569805221139365 -40.28385706336337 5.5
    endloop
  endfacet
  facet normal 0 0 1
    outer loop
      vertex -26.629179606750064 -41.85873218044581 5.5
      vertex -26.455211400312542 -41.93079217097396 5.5
      vertex -26.569805221139365 -40.28385706336337 5.5
    endloop
  endfacet
  facet normal 0 0 1
    outer loop
      vertex -26.455211400312542 -41.93079217097396 5.5
      vertex -26.294657697249033 -42.02917960675006 5.5
      vertex -26.569805221139365 -40.28385706336337 5.5
    endloop
  endfacet
  facet normal 0 0 1
    outer loop
      vertex -26.294657697249033 -42.02917960675006 5.5
      vertex -26.15147186257614 -42.151471862576145 5.5
      vertex -26.150203265468896 -40.38459458018833 5.5
    endloop
  endfacet
  facet normal 0 0 1
    outer loop
      vertex -26.15147186257614 -42.151471862576145 5.5
      vertex -26.029179606750063 -42.29465769724903 5.5
      vertex -26.150203265468896 -40.38459458018833 5.5
    endloop
  endfacet
  facet normal 0 0 1
    outer loop
      vertex -28.248473874283754 -40.549732058481986 5.5
      vertex -27.84852813742386 -42.151471862576145 5.5
      vertex -27.849796734531104 -40.38459458018833 5.5
    endloop
  endfacet
  facet normal 0 0 1
    outer loop
      vertex -27.370820393249936 -41.85873218044581 5.5
      vertex -27.430194778860635 -40.28385706336337 5.5
      vertex -27.849796734531104 -40.38459458018833 5.5
    endloop
  endfacet
  facet normal 0 0 1
    outer loop
      vertex -27.18772135804828 -41.81477399128583 5.5
      vertex -27 -40.25 5.5
      vertex -27.430194778860635 -40.28385706336337 5.5
    endloop
  endfacet
  facet normal 0 0 1
    outer loop
      vertex -27 -40.25 5.5
      vertex -26.81227864195172 -41.81477399128583 5.5
      vertex -26.569805221139365 -40.28385706336337 5.5
    endloop
  endfacet
  facet normal 0 0 1
    outer loop
      vertex -26.294657697249033 -42.02917960675006 5.5
      vertex -26.150203265468896 -40.38459458018833 5.5
      vertex -26.569805221139365 -40.28385706336337 5.5
    endloop
  endfacet
  facet normal 0 0 1
    outer loop
      vertex -26.150203265468896 -45.61540541981167 5.5
      vertex -25.751526125716246 -45.450267941518014 5.5
      vertex -26.15147186257614 -43.848528137423855 5.5
    endloop
  endfacet
  facet normal 0 0 1
    outer loop
      vertex -26.15147186257614 -43.848528137423855 5.5
      vertex -25.751526125716246 -45.450267941518014 5.5
      vertex -26.029179606750063 -43.70534230275097 5.5
    endloop
  endfacet
  facet normal 0 0 1
    outer loop
      vertex -25.751526125716246 -45.450267941518014 5.5
      vertex -25.93079217097396 -43.54478859968746 5.5
      vertex -26.029179606750063 -43.70534230275097 5.5
    endloop
  endfacet
  facet normal 0 0 1
    outer loop
      vertex -25.751526125716246 -45.450267941518014 5.5
      vertex -25.858732180445816 -43.370820393249936 5.5
      vertex -25.93079217097396 -43.54478859968746 5.5
    endloop
  endfacet
  facet normal 0 0 1
    outer loop
      vertex -25.751526125716246 -45.450267941518014 5.5
      vertex -25.814773991285833 -43.18772135804828 5.5
      vertex -25.858732180445816 -43.370820393249936 5.5
    endloop
  endfacet
  facet normal 0 0 1
    outer loop
      vertex -25.751526125716246 -45.450267941518014 5.5
      vertex -25.8 -43 5.5
      vertex -25.814773991285833 -43.18772135804828 5.5
    endloop
  endfacet
  facet normal 0 0 1
    outer loop
      vertex -25.751526125716246 -45.450267941518014 5.5
      vertex -25.3835905561957 -45.224796734531104 5.5
      vertex -25.751526125716246 -40.549732058481986 5.5
    endloop
  endfacet
  facet normal 0 0 1
    outer loop
      vertex -25.751526125716246 -45.450267941518014 5.5
      vertex -25.751526125716246 -40.549732058481986 5.5
      vertex -25.8 -43 5.5
    endloop
  endfacet
  facet normal 0 0 1
    outer loop
      vertex -25.3835905561957 -45.224796734531104 5.5
      vertex -25.055456351736993 -44.94454364826301 5.5
      vertex -25.3835905561957 -40.775203265468896 5.5
    endloop
  endfacet
  facet normal 0 0 1
    outer loop
      vertex -25.8 -43 5.5
      vertex -25.751526125716246 -40.549732058481986 5.5
      vertex -25.814773991285833 -42.81227864195172 5.5
    endloop
  endfacet
  facet normal 0 0 1
    outer loop
      vertex -26.150203265468896 -40.38459458018833 5.5
      vertex -26.029179606750063 -42.29465769724903 5.5
      vertex -25.93079217097396 -42.45521140031254 5.5
    endloop
  endfacet
  facet normal 0 0 1
    outer loop
      vertex -25.814773991285833 -42.81227864195172 5.5
      vertex -25.751526125716246 -40.549732058481986 5.5
      vertex -25.858732180445816 -42.629179606750064 5.5
    endloop
  endfacet
  facet normal 0 0 1
    outer loop
      vertex -25.858732180445816 -42.629179606750064 5.5
      vertex -25.751526125716246 -40.549732058481986 5.5
      vertex -25.93079217097396 -42.45521140031254 5.5
    endloop
  endfacet
  facet normal 0 0 1
    outer loop
      vertex -25.3835905561957 -45.224796734531104 5.5
      vertex -25.3835905561957 -40.775203265468896 5.5
      vertex -25.751526125716246 -40.549732058481986 5.5
    endloop
  endfacet
  facet normal 0 0 1
    outer loop
      vertex -25.055456351736993 -44.94454364826301 5.5
      vertex -25.055456351736993 -41.05545635173699 5.5
      vertex -25.3835905561957 -40.775203265468896 5.5
    endloop
  endfacet
  facet normal 0 0 1
    outer loop
      vertex -25.055456351736993 -44.94454364826301 5.5
      vertex -24.775203265468896 -44.6164094438043 5.5
      vertex -25.055456351736993 -41.05545635173699 5.5
    endloop
  endfacet
  facet normal 0 0 1
    outer loop
      vertex -24.775203265468896 -44.6164094438043 5.5
      vertex -24.54973205848199 -44.248473874283754 5.5
      vertex -24.775203265468896 -41.3835905561957 5.5
    endloop
  endfacet
  facet normal 0 0 1
    outer loop
      vertex -24.54973205848199 -44.248473874283754 5.5
      vertex -24.384594580188327 -43.849796734531104 5.5
      vertex -24.54973205848199 -41.751526125716246 5.5
    endloop
  endfacet
  facet normal 0 0 1
    outer loop
      vertex -24.384594580188327 -43.849796734531104 5.5
      vertex -24.28385706336337 -43.43019477886064 5.5
      vertex -24.384594580188327 -42.150203265468896 5.5
    endloop
  endfacet
  facet normal 0 0 1
    outer loop
      vertex -24.28385706336337 -43.43019477886064 5.5
      vertex -24.25 -43 5.5
      vertex -24.28385706336337 -42.56980522113936 5.5
    endloop
  endfacet
  facet normal 0 0 1
    outer loop
      vertex -24.775203265468896 -44.6164094438043 5.5
      vertex -24.775203265468896 -41.3835905561957 5.5
      vertex -25.055456351736993 -41.05545635173699 5.5
    endloop
  endfacet
  facet normal 0 0 1
    outer loop
      vertex -24.54973205848199 -44.248473874283754 5.5
      vertex -24.54973205848199 -41.751526125716246 5.5
      vertex -24.775203265468896 -41.3835905561957 5.5
    endloop
  endfacet
  facet normal 0 0 1
    outer loop
      vertex -24.384594580188327 -43.849796734531104 5.5
      vertex -24.384594580188327 -42.150203265468896 5.5
      vertex -24.54973205848199 -41.751526125716246 5.5
    endloop
  endfacet
  facet normal 0 0 1
    outer loop
      vertex -24.28385706336337 -43.43019477886064 5.5
      vertex -24.28385706336337 -42.56980522113936 5.5
      vertex -24.384594580188327 -42.150203265468896 5.5
    endloop
  endfacet
  facet normal 0 0 1
    outer loop
      vertex -26.150203265468896 -40.38459458018833 5.5
      vertex -25.93079217097396 -42.45521140031254 5.5
      vertex -25.751526125716246 -40.549732058481986 5.5
    endloop
  endfacet
  facet normal -0.760405965600036 -0.6494480483301777 0
    outer loop
      vertex 24.775203265468896 -44.6164094438043 5.5
      vertex 24.775203265468896 -44.6164094438043 2.5
      vertex 25.055456351736993 -44.94454364826301 2.5
    endloop
  endfacet
  facet normal -0.6494480483301777 -0.760405965600036 0
    outer loop
      vertex 25.3835905561957 -45.224796734531104 5.5
      vertex 25.055456351736993 -44.94454364826301 2.5
      vertex 25.3835905561957 -45.224796734531104 2.5
    endloop
  endfacet
  facet normal -0.5224985647159555 -0.8526401643540882 0
    outer loop
      vertex 25.751526125716246 -45.450267941518014 5.5
      vertex 25.3835905561957 -45.224796734531104 2.5
      vertex 25.751526125716246 -45.450267941518014 2.5
    endloop
  endfacet
  facet normal -0.3826834323650844 -0.9238795325112891 0
    outer loop
      vertex 26.150203265468896 -45.61540541981167 5.5
      vertex 25.751526125716246 -45.450267941518014 2.5
      vertex 26.150203265468896 -45.61540541981167 2.5
    endloop
  endfacet
  facet normal -0.9723699203976758 -0.23344536385590858 0
    outer loop
      vertex 24.28385706336337 -43.43019477886064 5.5
      vertex 24.28385706336337 -43.43019477886064 2.5
      vertex 24.384594580188327 -43.849796734531104 2.5
    endloop
  endfacet
  facet normal -0.9969173337331281 -0.07845909572784326 0
    outer loop
      vertex 24.25 -43 5.5
      vertex 24.25 -43 2.5
      vertex 24.28385706336337 -43.43019477886064 2.5
    endloop
  endfacet
  facet normal -0.8526401643540918 -0.5224985647159495 0
    outer loop
      vertex 24.54973205848199 -44.248473874283754 5.5
      vertex 24.54973205848199 -44.248473874283754 2.5
      vertex 24.775203265468896 -44.6164094438043 2.5
    endloop
  endfacet
  facet normal -0.923879532511286 -0.3826834323650914 0
    outer loop
      vertex 24.384594580188327 -43.849796734531104 5.5
      vertex 24.384594580188327 -43.849796734531104 2.5
      vertex 24.54973205848199 -44.248473874283754 2.5
    endloop
  endfacet
  facet normal -0.9969173337331281 0.07845909572784326 0
    outer loop
      vertex 24.28385706336337 -42.56980522113936 5.5
      vertex 24.28385706336337 -42.56980522113936 2.5
      vertex 24.25 -43 2.5
    endloop
  endfacet
  facet normal -0.9723699203976758 0.23344536385590858 0
    outer loop
      vertex 24.384594580188327 -42.150203265468896 5.5
      vertex 24.384594580188327 -42.150203265468896 2.5
      vertex 24.28385706336337 -42.56980522113936 2.5
    endloop
  endfacet
  facet normal -0.923879532511286 0.3826834323650914 0
    outer loop
      vertex 24.54973205848199 -41.751526125716246 5.5
      vertex 24.54973205848199 -41.751526125716246 2.5
      vertex 24.384594580188327 -42.150203265468896 2.5
    endloop
  endfacet
  facet normal -0.8526401643540918 0.5224985647159495 0
    outer loop
      vertex 24.775203265468896 -41.3835905561957 5.5
      vertex 24.775203265468896 -41.3835905561957 2.5
      vertex 24.54973205848199 -41.751526125716246 2.5
    endloop
  endfacet
  facet normal -0.760405965600036 0.6494480483301777 0
    outer loop
      vertex 25.055456351736993 -41.05545635173699 5.5
      vertex 25.055456351736993 -41.05545635173699 2.5
      vertex 24.775203265468896 -41.3835905561957 2.5
    endloop
  endfacet
  facet normal -0.6494480483301777 0.760405965600036 0
    outer loop
      vertex 25.055456351736993 -41.05545635173699 5.5
      vertex 25.3835905561957 -40.775203265468896 2.5
      vertex 25.055456351736993 -41.05545635173699 2.5
    endloop
  endfacet
  facet normal -0.5224985647159555 0.8526401643540882 0
    outer loop
      vertex 25.3835905561957 -40.775203265468896 5.5
      vertex 25.751526125716246 -40.549732058481986 2.5
      vertex 25.3835905561957 -40.775203265468896 2.5
    endloop
  endfacet
  facet normal -0.3826834323650844 0.9238795325112891 0
    outer loop
      vertex 25.751526125716246 -40.549732058481986 5.5
      vertex 26.150203265468896 -40.38459458018833 2.5
      vertex 25.751526125716246 -40.549732058481986 2.5
    endloop
  endfacet
  facet normal -0.8526401643540918 -0.5224985647159495 0
    outer loop
      vertex 24.775203265468896 -44.6164094438043 5.5
      vertex 24.54973205848199 -44.248473874283754 5.5
      vertex 24.775203265468896 -44.6164094438043 2.5
    endloop
  endfacet
  facet normal -0.760405965600036 -0.6494480483301777 -6.504364864149216e-19
    outer loop
      vertex 24.775203265468896 -44.6164094438043 5.5
      vertex 25.055456351736993 -44.94454364826301 2.5
      vertex 25.055456351736993 -44.94454364826301 5.5
    endloop
  endfacet
  facet normal -0.5224985647159555 -0.8526401643540882 0
    outer loop
      vertex 25.3835905561957 -45.224796734531104 5.5
      vertex 25.3835905561957 -45.224796734531104 2.5
      vertex 25.751526125716246 -45.450267941518014 5.5
    endloop
  endfacet
  facet normal -0.6494480483301777 -0.760405965600036 0
    outer loop
      vertex 25.055456351736993 -44.94454364826301 5.5
      vertex 25.055456351736993 -44.94454364826301 2.5
      vertex 25.3835905561957 -45.224796734531104 5.5
    endloop
  endfacet
  facet normal -0.3826834323650844 -0.9238795325112891 0
    outer loop
      vertex 25.751526125716246 -45.450267941518014 5.5
      vertex 25.751526125716246 -45.450267941518014 2.5
      vertex 26.150203265468896 -45.61540541981167 5.5
    endloop
  endfacet
  facet normal -0.9723699203976758 -0.23344536385590858 0
    outer loop
      vertex 24.384594580188327 -43.849796734531104 5.5
      vertex 24.28385706336337 -43.43019477886064 5.5
      vertex 24.384594580188327 -43.849796734531104 2.5
    endloop
  endfacet
  facet normal -0.9969173337331281 -0.07845909572784326 0
    outer loop
      vertex 24.28385706336337 -43.43019477886064 5.5
      vertex 24.25 -43 5.5
      vertex 24.28385706336337 -43.43019477886064 2.5
    endloop
  endfacet
  facet normal -0.9969173337331281 0.07845909572784326 0
    outer loop
      vertex 24.25 -43 5.5
      vertex 24.28385706336337 -42.56980522113936 5.5
      vertex 24.25 -43 2.5
    endloop
  endfacet
  facet normal -0.923879532511286 -0.3826834323650914 4.629635175799753e-18
    outer loop
      vertex 24.384594580188327 -43.849796734531104 5.5
      vertex 24.54973205848199 -44.248473874283754 2.5
      vertex 24.54973205848199 -44.248473874283754 5.5
    endloop
  endfacet
  facet normal -0.9723699203976758 0.23344536385590858 0
    outer loop
      vertex 24.28385706336337 -42.56980522113936 5.5
      vertex 24.384594580188327 -42.150203265468896 5.5
      vertex 24.28385706336337 -42.56980522113936 2.5
    endloop
  endfacet
  facet normal -0.923879532511286 0.3826834323650914 0
    outer loop
      vertex 24.384594580188327 -42.150203265468896 5.5
      vertex 24.54973205848199 -41.751526125716246 5.5
      vertex 24.384594580188327 -42.150203265468896 2.5
    endloop
  endfacet
  facet normal -0.8526401643540918 0.5224985647159495 0
    outer loop
      vertex 24.54973205848199 -41.751526125716246 5.5
      vertex 24.775203265468896 -41.3835905561957 5.5
      vertex 24.54973205848199 -41.751526125716246 2.5
    endloop
  endfacet
  facet normal -0.760405965600036 0.6494480483301777 0
    outer loop
      vertex 24.775203265468896 -41.3835905561957 5.5
      vertex 25.055456351736993 -41.05545635173699 5.5
      vertex 24.775203265468896 -41.3835905561957 2.5
    endloop
  endfacet
  facet normal -0.6494480483301777 0.760405965600036 6.504364864149216e-19
    outer loop
      vertex 25.055456351736993 -41.05545635173699 5.5
      vertex 25.3835905561957 -40.775203265468896 5.5
      vertex 25.3835905561957 -40.775203265468896 2.5
    endloop
  endfacet
  facet normal -0.5224985647159555 0.8526401643540882 4.011368395001335e-18
    outer loop
      vertex 25.3835905561957 -40.775203265468896 5.5
      vertex 25.751526125716246 -40.549732058481986 5.5
      vertex 25.751526125716246 -40.549732058481986 2.5
    endloop
  endfacet
  facet normal -0.3826834323650844 0.9238795325112891 -5.287280638545195e-18
    outer loop
      vertex 25.751526125716246 -40.549732058481986 5.5
      vertex 26.150203265468896 -40.38459458018833 5.5
      vertex 26.150203265468896 -40.38459458018833 2.5
    endloop
  endfacet
  facet normal -0.23344536385590675 -0.9723699203976763 0
    outer loop
      vertex 26.569805221139365 -45.71614293663663 5.5
      vertex 26.150203265468896 -45.61540541981167 2.5
      vertex 26.569805221139365 -45.71614293663663 2.5
    endloop
  endfacet
  facet normal -0.07845909572784392 -0.9969173337331281 0
    outer loop
      vertex 27 -45.75 5.5
      vertex 26.569805221139365 -45.71614293663663 2.5
      vertex 27 -45.75 2.5
    endloop
  endfacet
  facet normal 0.07845909572784392 -0.9969173337331281 0
    outer loop
      vertex 27.430194778860635 -45.71614293663663 5.5
      vertex 27 -45.75 2.5
      vertex 27.430194778860635 -45.71614293663663 2.5
    endloop
  endfacet
  facet normal 0.23344536385590675 -0.9723699203976763 0
    outer loop
      vertex 27.849796734531104 -45.61540541981167 5.5
      vertex 27.430194778860635 -45.71614293663663 2.5
      vertex 27.849796734531104 -45.61540541981167 2.5
    endloop
  endfacet
  facet normal 0.3826834323650844 -0.9238795325112891 0
    outer loop
      vertex 28.248473874283754 -45.450267941518014 5.5
      vertex 27.849796734531104 -45.61540541981167 2.5
      vertex 28.248473874283754 -45.450267941518014 2.5
    endloop
  endfacet
  facet normal 0.5224985647159555 -0.8526401643540882 0
    outer loop
      vertex 28.6164094438043 -45.224796734531104 5.5
      vertex 28.248473874283754 -45.450267941518014 2.5
      vertex 28.6164094438043 -45.224796734531104 2.5
    endloop
  endfacet
  facet normal 0.6494480483301777 -0.760405965600036 0
    outer loop
      vertex 28.944543648263007 -44.94454364826301 5.5
      vertex 28.6164094438043 -45.224796734531104 2.5
      vertex 28.944543648263007 -44.94454364826301 2.5
    endloop
  endfacet
  facet normal 0.760405965600036 -0.6494480483301777 0
    outer loop
      vertex 28.944543648263007 -44.94454364826301 5.5
      vertex 28.944543648263007 -44.94454364826301 2.5
      vertex 29.224796734531104 -44.6164094438043 2.5
    endloop
  endfacet
  facet normal 0.8526401643540918 -0.5224985647159495 0
    outer loop
      vertex 29.224796734531104 -44.6164094438043 5.5
      vertex 29.224796734531104 -44.6164094438043 2.5
      vertex 29.45026794151801 -44.248473874283754 2.5
    endloop
  endfacet
  facet normal -0.23344536385590675 0.9723699203976763 0
    outer loop
      vertex 26.150203265468896 -40.38459458018833 5.5
      vertex 26.569805221139365 -40.28385706336337 2.5
      vertex 26.150203265468896 -40.38459458018833 2.5
    endloop
  endfacet
  facet normal -0.07845909572784392 0.9969173337331281 0
    outer loop
      vertex 26.569805221139365 -40.28385706336337 5.5
      vertex 27 -40.25 2.5
      vertex 26.569805221139365 -40.28385706336337 2.5
    endloop
  endfacet
  facet normal 0.07845909572784392 0.9969173337331281 0
    outer loop
      vertex 27 -40.25 5.5
      vertex 27.430194778860635 -40.28385706336337 2.5
      vertex 27 -40.25 2.5
    endloop
  endfacet
  facet normal 0.23344536385590675 0.9723699203976763 0
    outer loop
      vertex 27.430194778860635 -40.28385706336337 5.5
      vertex 27.849796734531104 -40.38459458018833 2.5
      vertex 27.430194778860635 -40.28385706336337 2.5
    endloop
  endfacet
  facet normal 0.3826834323650844 0.9238795325112891 0
    outer loop
      vertex 27.849796734531104 -40.38459458018833 5.5
      vertex 28.248473874283754 -40.549732058481986 2.5
      vertex 27.849796734531104 -40.38459458018833 2.5
    endloop
  endfacet
  facet normal 0.760405965600036 0.6494480483301777 0
    outer loop
      vertex 29.224796734531104 -41.3835905561957 5.5
      vertex 29.224796734531104 -41.3835905561957 2.5
      vertex 28.944543648263007 -41.05545635173699 2.5
    endloop
  endfacet
  facet normal 0.923879532511286 -0.3826834323650914 0
    outer loop
      vertex 29.45026794151801 -44.248473874283754 5.5
      vertex 29.45026794151801 -44.248473874283754 2.5
      vertex 29.615405419811673 -43.849796734531104 2.5
    endloop
  endfacet
  facet normal 0.9723699203976758 -0.23344536385590858 0
    outer loop
      vertex 29.615405419811673 -43.849796734531104 5.5
      vertex 29.615405419811673 -43.849796734531104 2.5
      vertex 29.71614293663663 -43.43019477886064 2.5
    endloop
  endfacet
  facet normal 0.9969173337331281 -0.07845909572784326 0
    outer loop
      vertex 29.71614293663663 -43.43019477886064 5.5
      vertex 29.71614293663663 -43.43019477886064 2.5
      vertex 29.75 -43 2.5
    endloop
  endfacet
  facet normal 0.9969173337331281 0.07845909572784326 0
    outer loop
      vertex 29.75 -43 5.5
      vertex 29.75 -43 2.5
      vertex 29.71614293663663 -42.56980522113936 2.5
    endloop
  endfacet
  facet normal 0.9723699203976758 0.23344536385590858 0
    outer loop
      vertex 29.71614293663663 -42.56980522113936 5.5
      vertex 29.71614293663663 -42.56980522113936 2.5
      vertex 29.615405419811673 -42.150203265468896 2.5
    endloop
  endfacet
  facet normal 0.923879532511286 0.3826834323650914 0
    outer loop
      vertex 29.615405419811673 -42.150203265468896 5.5
      vertex 29.615405419811673 -42.150203265468896 2.5
      vertex 29.45026794151801 -41.751526125716246 2.5
    endloop
  endfacet
  facet normal 0.8526401643540918 0.5224985647159495 0
    outer loop
      vertex 29.45026794151801 -41.751526125716246 5.5
      vertex 29.45026794151801 -41.751526125716246 2.5
      vertex 29.224796734531104 -41.3835905561957 2.5
    endloop
  endfacet
  facet normal 0.5224985647159555 0.8526401643540882 0
    outer loop
      vertex 28.248473874283754 -40.549732058481986 5.5
      vertex 28.6164094438043 -40.775203265468896 2.5
      vertex 28.248473874283754 -40.549732058481986 2.5
    endloop
  endfacet
  facet normal 0.6494480483301777 0.760405965600036 0
    outer loop
      vertex 28.6164094438043 -40.775203265468896 5.5
      vertex 28.944543648263007 -41.05545635173699 2.5
      vertex 28.6164094438043 -40.775203265468896 2.5
    endloop
  endfacet
  facet normal -0.23344536385590675 -0.9723699203976763 0
    outer loop
      vertex 26.150203265468896 -45.61540541981167 5.5
      vertex 26.150203265468896 -45.61540541981167 2.5
      vertex 26.569805221139365 -45.71614293663663 5.5
    endloop
  endfacet
  facet normal -0.07845909572784392 -0.9969173337331281 0
    outer loop
      vertex 26.569805221139365 -45.71614293663663 5.5
      vertex 26.569805221139365 -45.71614293663663 2.5
      vertex 27 -45.75 5.5
    endloop
  endfacet
  facet normal 0.07845909572784392 -0.9969173337331281 0
    outer loop
      vertex 27 -45.75 5.5
      vertex 27 -45.75 2.5
      vertex 27.430194778860635 -45.71614293663663 5.5
    endloop
  endfacet
  facet normal 0.23344536385590675 -0.9723699203976763 0
    outer loop
      vertex 27.430194778860635 -45.71614293663663 5.5
      vertex 27.430194778860635 -45.71614293663663 2.5
      vertex 27.849796734531104 -45.61540541981167 5.5
    endloop
  endfacet
  facet normal 0.3826834323650844 -0.9238795325112891 0
    outer loop
      vertex 27.849796734531104 -45.61540541981167 5.5
      vertex 27.849796734531104 -45.61540541981167 2.5
      vertex 28.248473874283754 -45.450267941518014 5.5
    endloop
  endfacet
  facet normal 0.5224985647159555 -0.8526401643540882 0
    outer loop
      vertex 28.248473874283754 -45.450267941518014 5.5
      vertex 28.248473874283754 -45.450267941518014 2.5
      vertex 28.6164094438043 -45.224796734531104 5.5
    endloop
  endfacet
  facet normal 0.6494480483301777 -0.760405965600036 0
    outer loop
      vertex 28.6164094438043 -45.224796734531104 5.5
      vertex 28.6164094438043 -45.224796734531104 2.5
      vertex 28.944543648263007 -44.94454364826301 5.5
    endloop
  endfacet
  facet normal 0.760405965600036 -0.6494480483301777 6.504364864149216e-19
    outer loop
      vertex 28.944543648263007 -44.94454364826301 5.5
      vertex 29.224796734531104 -44.6164094438043 2.5
      vertex 29.224796734531104 -44.6164094438043 5.5
    endloop
  endfacet
  facet normal -0.23344536385590675 0.9723699203976763 -2.150523421194484e-18
    outer loop
      vertex 26.150203265468896 -40.38459458018833 5.5
      vertex 26.569805221139365 -40.28385706336337 5.5
      vertex 26.569805221139365 -40.28385706336337 2.5
    endloop
  endfacet
  facet normal -0.07845909572784392 0.9969173337331281 -3.230210885191619e-19
    outer loop
      vertex 26.569805221139365 -40.28385706336337 5.5
      vertex 27 -40.25 5.5
      vertex 27 -40.25 2.5
    endloop
  endfacet
  facet normal 0.07845909572784392 0.9969173337331281 3.230210885191619e-19
    outer loop
      vertex 27 -40.25 5.5
      vertex 27.430194778860635 -40.28385706336337 5.5
      vertex 27.430194778860635 -40.28385706336337 2.5
    endloop
  endfacet
  facet normal 0.3826834323650844 0.9238795325112891 5.287280638545195e-18
    outer loop
      vertex 27.849796734531104 -40.38459458018833 5.5
      vertex 28.248473874283754 -40.549732058481986 5.5
      vertex 28.248473874283754 -40.549732058481986 2.5
    endloop
  endfacet
  facet normal 0.23344536385590675 0.9723699203976763 2.150523421194484e-18
    outer loop
      vertex 27.430194778860635 -40.28385706336337 5.5
      vertex 27.849796734531104 -40.38459458018833 5.5
      vertex 27.849796734531104 -40.38459458018833 2.5
    endloop
  endfacet
  facet normal 0.8526401643540918 0.5224985647159495 -1.9584346869392653e-18
    outer loop
      vertex 29.45026794151801 -41.751526125716246 5.5
      vertex 29.224796734531104 -41.3835905561957 2.5
      vertex 29.224796734531104 -41.3835905561957 5.5
    endloop
  endfacet
  facet normal 0.8526401643540918 -0.5224985647159495 1.9584346869392653e-18
    outer loop
      vertex 29.224796734531104 -44.6164094438043 5.5
      vertex 29.45026794151801 -44.248473874283754 2.5
      vertex 29.45026794151801 -44.248473874283754 5.5
    endloop
  endfacet
  facet normal 0.923879532511286 -0.3826834323650914 -4.629635175799753e-18
    outer loop
      vertex 29.45026794151801 -44.248473874283754 5.5
      vertex 29.615405419811673 -43.849796734531104 2.5
      vertex 29.615405419811673 -43.849796734531104 5.5
    endloop
  endfacet
  facet normal 0.9723699203976758 -0.23344536385590858 1.134850995529494e-19
    outer loop
      vertex 29.615405419811673 -43.849796734531104 5.5
      vertex 29.71614293663663 -43.43019477886064 2.5
      vertex 29.71614293663663 -43.43019477886064 5.5
    endloop
  endfacet
  facet normal 0.9969173337331281 -0.07845909572784326 1.315931721586002e-19
    outer loop
      vertex 29.71614293663663 -43.43019477886064 5.5
      vertex 29.75 -43 2.5
      vertex 29.75 -43 5.5
    endloop
  endfacet
  facet normal 0.9969173337331281 0.07845909572784326 -1.315931721586002e-19
    outer loop
      vertex 29.75 -43 5.5
      vertex 29.71614293663663 -42.56980522113936 2.5
      vertex 29.71614293663663 -42.56980522113936 5.5
    endloop
  endfacet
  facet normal 0.9723699203976758 0.23344536385590858 -1.134850995529494e-19
    outer loop
      vertex 29.71614293663663 -42.56980522113936 5.5
      vertex 29.615405419811673 -42.150203265468896 2.5
      vertex 29.615405419811673 -42.150203265468896 5.5
    endloop
  endfacet
  facet normal 0.923879532511286 0.3826834323650914 0
    outer loop
      vertex 29.45026794151801 -41.751526125716246 5.5
      vertex 29.615405419811673 -42.150203265468896 5.5
      vertex 29.45026794151801 -41.751526125716246 2.5
    endloop
  endfacet
  facet normal 0.5224985647159555 0.8526401643540882 -4.011368395001335e-18
    outer loop
      vertex 28.248473874283754 -40.549732058481986 5.5
      vertex 28.6164094438043 -40.775203265468896 5.5
      vertex 28.6164094438043 -40.775203265468896 2.5
    endloop
  endfacet
  facet normal 0.6494480483301777 0.760405965600036 -6.504364864149216e-19
    outer loop
      vertex 28.6164094438043 -40.775203265468896 5.5
      vertex 28.944543648263007 -41.05545635173699 5.5
      vertex 28.944543648263007 -41.05545635173699 2.5
    endloop
  endfacet
  facet normal 0.760405965600036 0.6494480483301777 0
    outer loop
      vertex 28.944543648263007 -41.05545635173699 5.5
      vertex 29.224796734531104 -41.3835905561957 5.5
      vertex 28.944543648263007 -41.05545635173699 2.5
    endloop
  endfacet
  facet normal 0 0 1
    outer loop
      vertex 25.751526125716246 -45.450267941518014 5.5
      vertex 26.150203265468896 -45.61540541981167 5.5
      vertex 25.93079217097396 -43.54478859968746 5.5
    endloop
  endfacet
  facet normal 0 0 1
    outer loop
      vertex 24.384594580188327 -43.849796734531104 5.5
      vertex 24.28385706336337 -42.56980522113936 5.5
      vertex 24.28385706336337 -43.43019477886064 5.5
    endloop
  endfacet
  facet normal 0 0 1
    outer loop
      vertex 24.28385706336337 -43.43019477886064 5.5
      vertex 24.28385706336337 -42.56980522113936 5.5
      vertex 24.25 -43 5.5
    endloop
  endfacet
  facet normal 0 0 1
    outer loop
      vertex 24.384594580188327 -43.849796734531104 5.5
      vertex 24.384594580188327 -42.150203265468896 5.5
      vertex 24.28385706336337 -42.56980522113936 5.5
    endloop
  endfacet
  facet normal 0 0 1
    outer loop
      vertex 24.775203265468896 -44.6164094438043 5.5
      vertex 25.055456351736993 -44.94454364826301 5.5
      vertex 24.775203265468896 -41.3835905561957 5.5
    endloop
  endfacet
  facet normal 0 0 1
    outer loop
      vertex 24.384594580188327 -43.849796734531104 5.5
      vertex 24.54973205848199 -44.248473874283754 5.5
      vertex 24.384594580188327 -42.150203265468896 5.5
    endloop
  endfacet
  facet normal 0 0 1
    outer loop
      vertex 24.775203265468896 -44.6164094438043 5.5
      vertex 24.54973205848199 -41.751526125716246 5.5
      vertex 24.54973205848199 -44.248473874283754 5.5
    endloop
  endfacet
  facet normal 0 0 1
    outer loop
      vertex 24.54973205848199 -44.248473874283754 5.5
      vertex 24.54973205848199 -41.751526125716246 5.5
      vertex 24.384594580188327 -42.150203265468896 5.5
    endloop
  endfacet
  facet normal 0 0 1
    outer loop
      vertex 24.775203265468896 -44.6164094438043 5.5
      vertex 24.775203265468896 -41.3835905561957 5.5
      vertex 24.54973205848199 -41.751526125716246 5.5
    endloop
  endfacet
  facet normal 0 0 1
    outer loop
      vertex 25.055456351736993 -44.94454364826301 5.5
      vertex 25.055456351736993 -41.05545635173699 5.5
      vertex 24.775203265468896 -41.3835905561957 5.5
    endloop
  endfacet
  facet normal 0 0 1
    outer loop
      vertex 25.055456351736993 -44.94454364826301 5.5
      vertex 25.3835905561957 -45.224796734531104 5.5
      vertex 25.055456351736993 -41.05545635173699 5.5
    endloop
  endfacet
  facet normal 0 0 1
    outer loop
      vertex 25.3835905561957 -45.224796734531104 5.5
      vertex 25.751526125716246 -45.450267941518014 5.5
      vertex 25.3835905561957 -40.775203265468896 5.5
    endloop
  endfacet
  facet normal 0 0 1
    outer loop
      vertex 25.751526125716246 -45.450267941518014 5.5
      vertex 25.814773991285833 -43.18772135804828 5.5
      vertex 25.8 -43 5.5
    endloop
  endfacet
  facet normal 0 0 1
    outer loop
      vertex 25.751526125716246 -45.450267941518014 5.5
      vertex 25.93079217097396 -43.54478859968746 5.5
      vertex 25.858732180445816 -43.370820393249936 5.5
    endloop
  endfacet
  facet normal 0 0 1
    outer loop
      vertex 26.029179606750063 -43.70534230275097 5.5
      vertex 25.93079217097396 -43.54478859968746 5.5
      vertex 26.150203265468896 -45.61540541981167 5.5
    endloop
  endfacet
  facet normal 0 0 1
    outer loop
      vertex 25.751526125716246 -45.450267941518014 5.5
      vertex 25.858732180445816 -43.370820393249936 5.5
      vertex 25.814773991285833 -43.18772135804828 5.5
    endloop
  endfacet
  facet normal 0 0 1
    outer loop
      vertex 25.751526125716246 -45.450267941518014 5.5
      vertex 25.8 -43 5.5
      vertex 25.751526125716246 -40.549732058481986 5.5
    endloop
  endfacet
  facet normal 0 0 1
    outer loop
      vertex 25.3835905561957 -45.224796734531104 5.5
      vertex 25.3835905561957 -40.775203265468896 5.5
      vertex 25.055456351736993 -41.05545635173699 5.5
    endloop
  endfacet
  facet normal 0 0 1
    outer loop
      vertex 25.751526125716246 -45.450267941518014 5.5
      vertex 25.751526125716246 -40.549732058481986 5.5
      vertex 25.3835905561957 -40.775203265468896 5.5
    endloop
  endfacet
  facet normal 0 0 1
    outer loop
      vertex 25.8 -43 5.5
      vertex 25.814773991285833 -42.81227864195172 5.5
      vertex 25.751526125716246 -40.549732058481986 5.5
    endloop
  endfacet
  facet normal 0 0 1
    outer loop
      vertex 25.814773991285833 -42.81227864195172 5.5
      vertex 25.858732180445816 -42.629179606750064 5.5
      vertex 25.751526125716246 -40.549732058481986 5.5
    endloop
  endfacet
  facet normal 0 0 1
    outer loop
      vertex 25.858732180445816 -42.629179606750064 5.5
      vertex 25.93079217097396 -42.45521140031254 5.5
      vertex 25.751526125716246 -40.549732058481986 5.5
    endloop
  endfacet
  facet normal 0 0 1
    outer loop
      vertex 25.93079217097396 -42.45521140031254 5.5
      vertex 26.029179606750063 -42.29465769724903 5.5
      vertex 25.751526125716246 -40.549732058481986 5.5
    endloop
  endfacet
  facet normal 0 0 1
    outer loop
      vertex 26.029179606750063 -42.29465769724903 5.5
      vertex 26.15147186257614 -42.151471862576145 5.5
      vertex 25.751526125716246 -40.549732058481986 5.5
    endloop
  endfacet
  facet normal 0 0 1
    outer loop
      vertex 25.751526125716246 -40.549732058481986 5.5
      vertex 26.15147186257614 -42.151471862576145 5.5
      vertex 26.150203265468896 -40.38459458018833 5.5
    endloop
  endfacet
  facet normal 0 0 1
    outer loop
      vertex 26.150203265468896 -45.61540541981167 5.5
      vertex 26.294657697249033 -43.97082039324994 5.5
      vertex 26.15147186257614 -43.848528137423855 5.5
    endloop
  endfacet
  facet normal 0 0 1
    outer loop
      vertex 26.150203265468896 -45.61540541981167 5.5
      vertex 26.569805221139365 -45.71614293663663 5.5
      vertex 26.294657697249033 -43.97082039324994 5.5
    endloop
  endfacet
  facet normal 0 0 1
    outer loop
      vertex 26.569805221139365 -45.71614293663663 5.5
      vertex 26.455211400312542 -44.06920782902604 5.5
      vertex 26.294657697249033 -43.97082039324994 5.5
    endloop
  endfacet
  facet normal 0 0 1
    outer loop
      vertex 26.569805221139365 -45.71614293663663 5.5
      vertex 26.629179606750064 -44.14126781955419 5.5
      vertex 26.455211400312542 -44.06920782902604 5.5
    endloop
  endfacet
  facet normal 0 0 1
    outer loop
      vertex 26.569805221139365 -45.71614293663663 5.5
      vertex 27 -45.75 5.5
      vertex 26.81227864195172 -44.18522600871417 5.5
    endloop
  endfacet
  facet normal 0 0 1
    outer loop
      vertex 26.569805221139365 -45.71614293663663 5.5
      vertex 26.81227864195172 -44.18522600871417 5.5
      vertex 26.629179606750064 -44.14126781955419 5.5
    endloop
  endfacet
  facet normal 0 0 1
    outer loop
      vertex 26.81227864195172 -44.18522600871417 5.5
      vertex 27 -45.75 5.5
      vertex 27 -44.2 5.5
    endloop
  endfacet
  facet normal 0 0 1
    outer loop
      vertex 27 -45.75 5.5
      vertex 27.18772135804828 -44.18522600871417 5.5
      vertex 27 -44.2 5.5
    endloop
  endfacet
  facet normal 0 0 1
    outer loop
      vertex 27 -45.75 5.5
      vertex 27.430194778860635 -45.71614293663663 5.5
      vertex 27.18772135804828 -44.18522600871417 5.5
    endloop
  endfacet
  facet normal 0 0 1
    outer loop
      vertex 27.430194778860635 -45.71614293663663 5.5
      vertex 27.370820393249936 -44.14126781955419 5.5
      vertex 27.18772135804828 -44.18522600871417 5.5
    endloop
  endfacet
  facet normal 0 0 1
    outer loop
      vertex 27.430194778860635 -45.71614293663663 5.5
      vertex 27.849796734531104 -45.61540541981167 5.5
      vertex 27.370820393249936 -44.14126781955419 5.5
    endloop
  endfacet
  facet normal 0 0 1
    outer loop
      vertex 27.849796734531104 -45.61540541981167 5.5
      vertex 27.544788599687458 -44.06920782902604 5.5
      vertex 27.370820393249936 -44.14126781955419 5.5
    endloop
  endfacet
  facet normal 0 0 1
    outer loop
      vertex 27.849796734531104 -45.61540541981167 5.5
      vertex 27.705342302750967 -43.97082039324994 5.5
      vertex 27.544788599687458 -44.06920782902604 5.5
    endloop
  endfacet
  facet normal 0 0 1
    outer loop
      vertex 27.849796734531104 -45.61540541981167 5.5
      vertex 27.84852813742386 -43.848528137423855 5.5
      vertex 27.705342302750967 -43.97082039324994 5.5
    endloop
  endfacet
  facet normal 0 0 1
    outer loop
      vertex 27.849796734531104 -45.61540541981167 5.5
      vertex 28.248473874283754 -45.450267941518014 5.5
      vertex 27.84852813742386 -43.848528137423855 5.5
    endloop
  endfacet
  facet normal 0 0 1
    outer loop
      vertex 26.029179606750063 -43.70534230275097 5.5
      vertex 26.150203265468896 -45.61540541981167 5.5
      vertex 26.15147186257614 -43.848528137423855 5.5
    endloop
  endfacet
  facet normal 0 0 1
    outer loop
      vertex 26.15147186257614 -42.151471862576145 5.5
      vertex 26.294657697249033 -42.02917960675006 5.5
      vertex 26.150203265468896 -40.38459458018833 5.5
    endloop
  endfacet
  facet normal 0 0 1
    outer loop
      vertex 26.294657697249033 -42.02917960675006 5.5
      vertex 26.455211400312542 -41.93079217097396 5.5
      vertex 26.150203265468896 -40.38459458018833 5.5
    endloop
  endfacet
  facet normal 0 0 1
    outer loop
      vertex 26.455211400312542 -41.93079217097396 5.5
      vertex 26.629179606750064 -41.85873218044581 5.5
      vertex 26.150203265468896 -40.38459458018833 5.5
    endloop
  endfacet
  facet normal 0 0 1
    outer loop
      vertex 26.629179606750064 -41.85873218044581 5.5
      vertex 26.81227864195172 -41.81477399128583 5.5
      vertex 26.569805221139365 -40.28385706336337 5.5
    endloop
  endfacet
  facet normal 0 0 1
    outer loop
      vertex 26.81227864195172 -41.81477399128583 5.5
      vertex 27 -41.8 5.5
      vertex 27 -40.25 5.5
    endloop
  endfacet
  facet normal 0 0 1
    outer loop
      vertex 27 -41.8 5.5
      vertex 27.18772135804828 -41.81477399128583 5.5
      vertex 27 -40.25 5.5
    endloop
  endfacet
  facet normal 0 0 1
    outer loop
      vertex 27.84852813742386 -43.848528137423855 5.5
      vertex 28.248473874283754 -45.450267941518014 5.5
      vertex 27.970820393249937 -43.70534230275097 5.5
    endloop
  endfacet
  facet normal 0 0 1
    outer loop
      vertex 28.248473874283754 -45.450267941518014 5.5
      vertex 28.06920782902604 -43.54478859968746 5.5
      vertex 27.970820393249937 -43.70534230275097 5.5
    endloop
  endfacet
  facet normal 0 0 1
    outer loop
      vertex 28.248473874283754 -45.450267941518014 5.5
      vertex 28.141267819554184 -43.370820393249936 5.5
      vertex 28.06920782902604 -43.54478859968746 5.5
    endloop
  endfacet
  facet normal 0 0 1
    outer loop
      vertex 28.248473874283754 -45.450267941518014 5.5
      vertex 28.185226008714167 -43.18772135804828 5.5
      vertex 28.141267819554184 -43.370820393249936 5.5
    endloop
  endfacet
  facet normal 0 0 1
    outer loop
      vertex 28.248473874283754 -45.450267941518014 5.5
      vertex 28.2 -43 5.5
      vertex 28.185226008714167 -43.18772135804828 5.5
    endloop
  endfacet
  facet normal 0 0 1
    outer loop
      vertex 28.248473874283754 -45.450267941518014 5.5
      vertex 28.248473874283754 -40.549732058481986 5.5
      vertex 28.2 -43 5.5
    endloop
  endfacet
  facet normal 0 0 1
    outer loop
      vertex 27.18772135804828 -41.81477399128583 5.5
      vertex 27.370820393249936 -41.85873218044581 5.5
      vertex 27.430194778860635 -40.28385706336337 5.5
    endloop
  endfacet
  facet normal 0 0 1
    outer loop
      vertex 27.370820393249936 -41.85873218044581 5.5
      vertex 27.544788599687458 -41.93079217097396 5.5
      vertex 27.430194778860635 -40.28385706336337 5.5
    endloop
  endfacet
  facet normal 0 0 1
    outer loop
      vertex 27.544788599687458 -41.93079217097396 5.5
      vertex 27.705342302750967 -42.02917960675006 5.5
      vertex 27.430194778860635 -40.28385706336337 5.5
    endloop
  endfacet
  facet normal 0 0 1
    outer loop
      vertex 28.2 -43 5.5
      vertex 28.248473874283754 -40.549732058481986 5.5
      vertex 28.185226008714167 -42.81227864195172 5.5
    endloop
  endfacet
  facet normal 0 0 1
    outer loop
      vertex 27.705342302750967 -42.02917960675006 5.5
      vertex 27.84852813742386 -42.151471862576145 5.5
      vertex 27.849796734531104 -40.38459458018833 5.5
    endloop
  endfacet
  facet normal 0 0 1
    outer loop
      vertex 27.84852813742386 -42.151471862576145 5.5
      vertex 27.970820393249937 -42.29465769724903 5.5
      vertex 27.849796734531104 -40.38459458018833 5.5
    endloop
  endfacet
  facet normal 0 0 1
    outer loop
      vertex 27.849796734531104 -40.38459458018833 5.5
      vertex 27.970820393249937 -42.29465769724903 5.5
      vertex 28.06920782902604 -42.45521140031254 5.5
    endloop
  endfacet
  facet normal 0 0 1
    outer loop
      vertex 28.06920782902604 -42.45521140031254 5.5
      vertex 28.141267819554184 -42.629179606750064 5.5
      vertex 28.248473874283754 -40.549732058481986 5.5
    endloop
  endfacet
  facet normal 0 0 1
    outer loop
      vertex 28.185226008714167 -42.81227864195172 5.5
      vertex 28.248473874283754 -40.549732058481986 5.5
      vertex 28.141267819554184 -42.629179606750064 5.5
    endloop
  endfacet
  facet normal 0 0 1
    outer loop
      vertex 26.629179606750064 -41.85873218044581 5.5
      vertex 26.569805221139365 -40.28385706336337 5.5
      vertex 26.150203265468896 -40.38459458018833 5.5
    endloop
  endfacet
  facet normal 0 0 1
    outer loop
      vertex 26.81227864195172 -41.81477399128583 5.5
      vertex 27 -40.25 5.5
      vertex 26.569805221139365 -40.28385706336337 5.5
    endloop
  endfacet
  facet normal 0 0 1
    outer loop
      vertex 27.18772135804828 -41.81477399128583 5.5
      vertex 27.430194778860635 -40.28385706336337 5.5
      vertex 27 -40.25 5.5
    endloop
  endfacet
  facet normal 0 0 1
    outer loop
      vertex 27.705342302750967 -42.02917960675006 5.5
      vertex 27.849796734531104 -40.38459458018833 5.5
      vertex 27.430194778860635 -40.28385706336337 5.5
    endloop
  endfacet
  facet normal 0 0 1
    outer loop
      vertex 27.849796734531104 -40.38459458018833 5.5
      vertex 28.06920782902604 -42.45521140031254 5.5
      vertex 28.248473874283754 -40.549732058481986 5.5
    endloop
  endfacet
  facet normal 0 0 1
    outer loop
      vertex 28.248473874283754 -45.450267941518014 5.5
      vertex 28.6164094438043 -45.224796734531104 5.5
      vertex 28.248473874283754 -40.549732058481986 5.5
    endloop
  endfacet
  facet normal 0 0 1
    outer loop
      vertex 28.6164094438043 -45.224796734531104 5.5
      vertex 28.944543648263007 -44.94454364826301 5.5
      vertex 28.6164094438043 -40.775203265468896 5.5
    endloop
  endfacet
  facet normal 0 0 1
    outer loop
      vertex 28.944543648263007 -44.94454364826301 5.5
      vertex 29.224796734531104 -44.6164094438043 5.5
      vertex 28.944543648263007 -41.05545635173699 5.5
    endloop
  endfacet
  facet normal 0 0 1
    outer loop
      vertex 29.224796734531104 -44.6164094438043 5.5
      vertex 29.45026794151801 -44.248473874283754 5.5
      vertex 29.224796734531104 -41.3835905561957 5.5
    endloop
  endfacet
  facet normal 0 0 1
    outer loop
      vertex 28.6164094438043 -45.224796734531104 5.5
      vertex 28.6164094438043 -40.775203265468896 5.5
      vertex 28.248473874283754 -40.549732058481986 5.5
    endloop
  endfacet
  facet normal 0 0 1
    outer loop
      vertex 28.944543648263007 -44.94454364826301 5.5
      vertex 28.944543648263007 -41.05545635173699 5.5
      vertex 28.6164094438043 -40.775203265468896 5.5
    endloop
  endfacet
  facet normal 0 0 1
    outer loop
      vertex 29.224796734531104 -44.6164094438043 5.5
      vertex 29.224796734531104 -41.3835905561957 5.5
      vertex 28.944543648263007 -41.05545635173699 5.5
    endloop
  endfacet
  facet normal 0 0 1
    outer loop
      vertex 29.45026794151801 -44.248473874283754 5.5
      vertex 29.615405419811673 -43.849796734531104 5.5
      vertex 29.45026794151801 -41.751526125716246 5.5
    endloop
  endfacet
  facet normal 0 0 1
    outer loop
      vertex 29.615405419811673 -43.849796734531104 5.5
      vertex 29.71614293663663 -43.43019477886064 5.5
      vertex 29.615405419811673 -42.150203265468896 5.5
    endloop
  endfacet
  facet normal 0 0 1
    outer loop
      vertex 29.71614293663663 -43.43019477886064 5.5
      vertex 29.75 -43 5.5
      vertex 29.71614293663663 -42.56980522113936 5.5
    endloop
  endfacet
  facet normal 0 0 1
    outer loop
      vertex 29.45026794151801 -44.248473874283754 5.5
      vertex 29.45026794151801 -41.751526125716246 5.5
      vertex 29.224796734531104 -41.3835905561957 5.5
    endloop
  endfacet
  facet normal 0 0 1
    outer loop
      vertex 29.615405419811673 -43.849796734531104 5.5
      vertex 29.615405419811673 -42.150203265468896 5.5
      vertex 29.45026794151801 -41.751526125716246 5.5
    endloop
  endfacet
  facet normal 0 0 1
    outer loop
      vertex 29.71614293663663 -43.43019477886064 5.5
      vertex 29.71614293663663 -42.56980522113936 5.5
      vertex 29.615405419811673 -42.150203265468896 5.5
    endloop
  endfacet
  facet normal -0.6494480483301777 -0.760405965600036 0
    outer loop
      vertex 25.3835905561957 40.775203265468896 5.5
      vertex 25.055456351736993 41.05545635173699 2.5
      vertex 25.3835905561957 40.775203265468896 2.5
    endloop
  endfacet
  facet normal -0.3826834323650844 -0.9238795325112891 0
    outer loop
      vertex 26.150203265468896 40.38459458018833 5.5
      vertex 25.751526125716246 40.549732058481986 2.5
      vertex 26.150203265468896 40.38459458018833 2.5
    endloop
  endfacet
  facet normal -0.5224985647159555 -0.8526401643540882 0
    outer loop
      vertex 25.751526125716246 40.549732058481986 5.5
      vertex 25.3835905561957 40.775203265468896 2.5
      vertex 25.751526125716246 40.549732058481986 2.5
    endloop
  endfacet
  facet normal -0.9723699203976758 -0.23344536385590858 0
    outer loop
      vertex 24.28385706336337 42.56980522113936 5.5
      vertex 24.28385706336337 42.56980522113936 2.5
      vertex 24.384594580188327 42.150203265468896 2.5
    endloop
  endfacet
  facet normal -0.8526401643540918 -0.5224985647159495 0
    outer loop
      vertex 24.54973205848199 41.751526125716246 5.5
      vertex 24.54973205848199 41.751526125716246 2.5
      vertex 24.775203265468896 41.3835905561957 2.5
    endloop
  endfacet
  facet normal -0.923879532511286 -0.3826834323650914 0
    outer loop
      vertex 24.384594580188327 42.150203265468896 5.5
      vertex 24.384594580188327 42.150203265468896 2.5
      vertex 24.54973205848199 41.751526125716246 2.5
    endloop
  endfacet
  facet normal -0.760405965600036 -0.6494480483301777 0
    outer loop
      vertex 24.775203265468896 41.3835905561957 5.5
      vertex 24.775203265468896 41.3835905561957 2.5
      vertex 25.055456351736993 41.05545635173699 2.5
    endloop
  endfacet
  facet normal -0.9969173337331281 -0.07845909572784326 0
    outer loop
      vertex 24.25 43 5.5
      vertex 24.25 43 2.5
      vertex 24.28385706336337 42.56980522113936 2.5
    endloop
  endfacet
  facet normal -0.9969173337331281 0.07845909572784326 0
    outer loop
      vertex 24.28385706336337 43.43019477886064 5.5
      vertex 24.28385706336337 43.43019477886064 2.5
      vertex 24.25 43 2.5
    endloop
  endfacet
  facet normal -0.9723699203976758 0.23344536385590858 0
    outer loop
      vertex 24.384594580188327 43.849796734531104 5.5
      vertex 24.384594580188327 43.849796734531104 2.5
      vertex 24.28385706336337 43.43019477886064 2.5
    endloop
  endfacet
  facet normal -0.923879532511286 0.3826834323650914 0
    outer loop
      vertex 24.54973205848199 44.248473874283754 5.5
      vertex 24.54973205848199 44.248473874283754 2.5
      vertex 24.384594580188327 43.849796734531104 2.5
    endloop
  endfacet
  facet normal -0.8526401643540918 0.5224985647159495 0
    outer loop
      vertex 24.775203265468896 44.6164094438043 5.5
      vertex 24.775203265468896 44.6164094438043 2.5
      vertex 24.54973205848199 44.248473874283754 2.5
    endloop
  endfacet
  facet normal -0.760405965600036 0.6494480483301777 0
    outer loop
      vertex 25.055456351736993 44.94454364826301 5.5
      vertex 25.055456351736993 44.94454364826301 2.5
      vertex 24.775203265468896 44.6164094438043 2.5
    endloop
  endfacet
  facet normal -0.6494480483301777 0.760405965600036 0
    outer loop
      vertex 25.055456351736993 44.94454364826301 5.5
      vertex 25.3835905561957 45.224796734531104 2.5
      vertex 25.055456351736993 44.94454364826301 2.5
    endloop
  endfacet
  facet normal -0.5224985647159555 0.8526401643540882 0
    outer loop
      vertex 25.3835905561957 45.224796734531104 5.5
      vertex 25.751526125716246 45.450267941518014 2.5
      vertex 25.3835905561957 45.224796734531104 2.5
    endloop
  endfacet
  facet normal -0.3826834323650844 0.9238795325112891 0
    outer loop
      vertex 25.751526125716246 45.450267941518014 5.5
      vertex 26.150203265468896 45.61540541981167 2.5
      vertex 25.751526125716246 45.450267941518014 2.5
    endloop
  endfacet
  facet normal -0.760405965600036 -0.6494480483301777 -6.504364864149216e-19
    outer loop
      vertex 24.775203265468896 41.3835905561957 5.5
      vertex 25.055456351736993 41.05545635173699 2.5
      vertex 25.055456351736993 41.05545635173699 5.5
    endloop
  endfacet
  facet normal -0.6494480483301777 -0.760405965600036 0
    outer loop
      vertex 25.055456351736993 41.05545635173699 5.5
      vertex 25.055456351736993 41.05545635173699 2.5
      vertex 25.3835905561957 40.775203265468896 5.5
    endloop
  endfacet
  facet normal -0.5224985647159555 -0.8526401643540882 0
    outer loop
      vertex 25.3835905561957 40.775203265468896 5.5
      vertex 25.3835905561957 40.775203265468896 2.5
      vertex 25.751526125716246 40.549732058481986 5.5
    endloop
  endfacet
  facet normal -0.3826834323650844 -0.9238795325112891 0
    outer loop
      vertex 25.751526125716246 40.549732058481986 5.5
      vertex 25.751526125716246 40.549732058481986 2.5
      vertex 26.150203265468896 40.38459458018833 5.5
    endloop
  endfacet
  facet normal -0.9723699203976758 -0.23344536385590858 0
    outer loop
      vertex 24.384594580188327 42.150203265468896 5.5
      vertex 24.28385706336337 42.56980522113936 5.5
      vertex 24.384594580188327 42.150203265468896 2.5
    endloop
  endfacet
  facet normal -0.9969173337331281 -0.07845909572784326 0
    outer loop
      vertex 24.28385706336337 42.56980522113936 5.5
      vertex 24.25 43 5.5
      vertex 24.28385706336337 42.56980522113936 2.5
    endloop
  endfacet
  facet normal -0.8526401643540918 -0.5224985647159495 0
    outer loop
      vertex 24.775203265468896 41.3835905561957 5.5
      vertex 24.54973205848199 41.751526125716246 5.5
      vertex 24.775203265468896 41.3835905561957 2.5
    endloop
  endfacet
  facet normal -0.923879532511286 -0.3826834323650914 4.629635175799753e-18
    outer loop
      vertex 24.384594580188327 42.150203265468896 5.5
      vertex 24.54973205848199 41.751526125716246 2.5
      vertex 24.54973205848199 41.751526125716246 5.5
    endloop
  endfacet
  facet normal -0.9969173337331281 0.07845909572784326 0
    outer loop
      vertex 24.25 43 5.5
      vertex 24.28385706336337 43.43019477886064 5.5
      vertex 24.25 43 2.5
    endloop
  endfacet
  facet normal -0.9723699203976758 0.23344536385590858 0
    outer loop
      vertex 24.28385706336337 43.43019477886064 5.5
      vertex 24.384594580188327 43.849796734531104 5.5
      vertex 24.28385706336337 43.43019477886064 2.5
    endloop
  endfacet
  facet normal -0.923879532511286 0.3826834323650914 0
    outer loop
      vertex 24.384594580188327 43.849796734531104 5.5
      vertex 24.54973205848199 44.248473874283754 5.5
      vertex 24.384594580188327 43.849796734531104 2.5
    endloop
  endfacet
  facet normal -0.8526401643540918 0.5224985647159495 0
    outer loop
      vertex 24.54973205848199 44.248473874283754 5.5
      vertex 24.775203265468896 44.6164094438043 5.5
      vertex 24.54973205848199 44.248473874283754 2.5
    endloop
  endfacet
  facet normal -0.760405965600036 0.6494480483301777 0
    outer loop
      vertex 24.775203265468896 44.6164094438043 5.5
      vertex 25.055456351736993 44.94454364826301 5.5
      vertex 24.775203265468896 44.6164094438043 2.5
    endloop
  endfacet
  facet normal -0.6494480483301777 0.760405965600036 6.504364864149216e-19
    outer loop
      vertex 25.055456351736993 44.94454364826301 5.5
      vertex 25.3835905561957 45.224796734531104 5.5
      vertex 25.3835905561957 45.224796734531104 2.5
    endloop
  endfacet
  facet normal -0.5224985647159555 0.8526401643540882 4.011368395001335e-18
    outer loop
      vertex 25.3835905561957 45.224796734531104 5.5
      vertex 25.751526125716246 45.450267941518014 5.5
      vertex 25.751526125716246 45.450267941518014 2.5
    endloop
  endfacet
  facet normal -0.3826834323650844 0.9238795325112891 -5.287280638545195e-18
    outer loop
      vertex 25.751526125716246 45.450267941518014 5.5
      vertex 26.150203265468896 45.61540541981167 5.5
      vertex 26.150203265468896 45.61540541981167 2.5
    endloop
  endfacet
  facet normal -0.23344536385590675 -0.9723699203976763 0
    outer loop
      vertex 26.569805221139365 40.28385706336337 5.5
      vertex 26.150203265468896 40.38459458018833 2.5
      vertex 26.569805221139365 40.28385706336337 2.5
    endloop
  endfacet
  facet normal -0.07845909572784392 -0.9969173337331281 0
    outer loop
      vertex 27 40.25 5.5
      vertex 26.569805221139365 40.28385706336337 2.5
      vertex 27 40.25 2.5
    endloop
  endfacet
  facet normal 0.07845909572784392 -0.9969173337331281 0
    outer loop
      vertex 27.430194778860635 40.28385706336337 5.5
      vertex 27 40.25 2.5
      vertex 27.430194778860635 40.28385706336337 2.5
    endloop
  endfacet
  facet normal 0.23344536385590675 -0.9723699203976763 0
    outer loop
      vertex 27.849796734531104 40.38459458018833 5.5
      vertex 27.430194778860635 40.28385706336337 2.5
      vertex 27.849796734531104 40.38459458018833 2.5
    endloop
  endfacet
  facet normal 0.3826834323650844 -0.9238795325112891 0
    outer loop
      vertex 28.248473874283754 40.549732058481986 5.5
      vertex 27.849796734531104 40.38459458018833 2.5
      vertex 28.248473874283754 40.549732058481986 2.5
    endloop
  endfacet
  facet normal 0.5224985647159555 -0.8526401643540882 0
    outer loop
      vertex 28.6164094438043 40.775203265468896 5.5
      vertex 28.248473874283754 40.549732058481986 2.5
      vertex 28.6164094438043 40.775203265468896 2.5
    endloop
  endfacet
  facet normal 0.6494480483301777 -0.760405965600036 0
    outer loop
      vertex 28.944543648263007 41.05545635173699 5.5
      vertex 28.6164094438043 40.775203265468896 2.5
      vertex 28.944543648263007 41.05545635173699 2.5
    endloop
  endfacet
  facet normal 0.760405965600036 -0.6494480483301777 0
    outer loop
      vertex 28.944543648263007 41.05545635173699 5.5
      vertex 28.944543648263007 41.05545635173699 2.5
      vertex 29.224796734531104 41.3835905561957 2.5
    endloop
  endfacet
  facet normal 0.8526401643540918 -0.5224985647159495 0
    outer loop
      vertex 29.224796734531104 41.3835905561957 5.5
      vertex 29.224796734531104 41.3835905561957 2.5
      vertex 29.45026794151801 41.751526125716246 2.5
    endloop
  endfacet
  facet normal 0.923879532511286 -0.3826834323650914 0
    outer loop
      vertex 29.45026794151801 41.751526125716246 5.5
      vertex 29.45026794151801 41.751526125716246 2.5
      vertex 29.615405419811673 42.150203265468896 2.5
    endloop
  endfacet
  facet normal 0.9723699203976758 -0.23344536385590858 0
    outer loop
      vertex 29.615405419811673 42.150203265468896 5.5
      vertex 29.615405419811673 42.150203265468896 2.5
      vertex 29.71614293663663 42.56980522113936 2.5
    endloop
  endfacet
  facet normal 0.9969173337331281 -0.07845909572784326 0
    outer loop
      vertex 29.71614293663663 42.56980522113936 5.5
      vertex 29.71614293663663 42.56980522113936 2.5
      vertex 29.75 43 2.5
    endloop
  endfacet
  facet normal 0.9969173337331281 0.07845909572784326 0
    outer loop
      vertex 29.75 43 5.5
      vertex 29.75 43 2.5
      vertex 29.71614293663663 43.43019477886064 2.5
    endloop
  endfacet
  facet normal 0.9723699203976758 0.23344536385590858 0
    outer loop
      vertex 29.71614293663663 43.43019477886064 5.5
      vertex 29.71614293663663 43.43019477886064 2.5
      vertex 29.615405419811673 43.849796734531104 2.5
    endloop
  endfacet
  facet normal 0.923879532511286 0.3826834323650914 0
    outer loop
      vertex 29.615405419811673 43.849796734531104 5.5
      vertex 29.615405419811673 43.849796734531104 2.5
      vertex 29.45026794151801 44.248473874283754 2.5
    endloop
  endfacet
  facet normal 0.8526401643540918 0.5224985647159495 0
    outer loop
      vertex 29.45026794151801 44.248473874283754 5.5
      vertex 29.45026794151801 44.248473874283754 2.5
      vertex 29.224796734531104 44.6164094438043 2.5
    endloop
  endfacet
  facet normal -0.23344536385590675 0.9723699203976763 0
    outer loop
      vertex 26.150203265468896 45.61540541981167 5.5
      vertex 26.569805221139365 45.71614293663663 2.5
      vertex 26.150203265468896 45.61540541981167 2.5
    endloop
  endfacet
  facet normal -0.07845909572784392 0.9969173337331281 0
    outer loop
      vertex 26.569805221139365 45.71614293663663 5.5
      vertex 27 45.75 2.5
      vertex 26.569805221139365 45.71614293663663 2.5
    endloop
  endfacet
  facet normal 0.07845909572784392 0.9969173337331281 0
    outer loop
      vertex 27 45.75 5.5
      vertex 27.430194778860635 45.71614293663663 2.5
      vertex 27 45.75 2.5
    endloop
  endfacet
  facet normal 0.23344536385590675 0.9723699203976763 0
    outer loop
      vertex 27.430194778860635 45.71614293663663 5.5
      vertex 27.849796734531104 45.61540541981167 2.5
      vertex 27.430194778860635 45.71614293663663 2.5
    endloop
  endfacet
  facet normal 0.3826834323650844 0.9238795325112891 0
    outer loop
      vertex 27.849796734531104 45.61540541981167 5.5
      vertex 28.248473874283754 45.450267941518014 2.5
      vertex 27.849796734531104 45.61540541981167 2.5
    endloop
  endfacet
  facet normal 0.6494480483301777 0.760405965600036 0
    outer loop
      vertex 28.6164094438043 45.224796734531104 5.5
      vertex 28.944543648263007 44.94454364826301 2.5
      vertex 28.6164094438043 45.224796734531104 2.5
    endloop
  endfacet
  facet normal 0.5224985647159555 0.8526401643540882 0
    outer loop
      vertex 28.248473874283754 45.450267941518014 5.5
      vertex 28.6164094438043 45.224796734531104 2.5
      vertex 28.248473874283754 45.450267941518014 2.5
    endloop
  endfacet
  facet normal 0.760405965600036 0.6494480483301777 0
    outer loop
      vertex 29.224796734531104 44.6164094438043 5.5
      vertex 29.224796734531104 44.6164094438043 2.5
      vertex 28.944543648263007 44.94454364826301 2.5
    endloop
  endfacet
  facet normal -0.23344536385590675 -0.9723699203976763 0
    outer loop
      vertex 26.150203265468896 40.38459458018833 5.5
      vertex 26.150203265468896 40.38459458018833 2.5
      vertex 26.569805221139365 40.28385706336337 5.5
    endloop
  endfacet
  facet normal -0.07845909572784392 -0.9969173337331281 0
    outer loop
      vertex 26.569805221139365 40.28385706336337 5.5
      vertex 26.569805221139365 40.28385706336337 2.5
      vertex 27 40.25 5.5
    endloop
  endfacet
  facet normal 0.07845909572784392 -0.9969173337331281 0
    outer loop
      vertex 27 40.25 5.5
      vertex 27 40.25 2.5
      vertex 27.430194778860635 40.28385706336337 5.5
    endloop
  endfacet
  facet normal 0.23344536385590675 -0.9723699203976763 0
    outer loop
      vertex 27.430194778860635 40.28385706336337 5.5
      vertex 27.430194778860635 40.28385706336337 2.5
      vertex 27.849796734531104 40.38459458018833 5.5
    endloop
  endfacet
  facet normal 0.3826834323650844 -0.9238795325112891 0
    outer loop
      vertex 27.849796734531104 40.38459458018833 5.5
      vertex 27.849796734531104 40.38459458018833 2.5
      vertex 28.248473874283754 40.549732058481986 5.5
    endloop
  endfacet
  facet normal 0.5224985647159555 -0.8526401643540882 0
    outer loop
      vertex 28.248473874283754 40.549732058481986 5.5
      vertex 28.248473874283754 40.549732058481986 2.5
      vertex 28.6164094438043 40.775203265468896 5.5
    endloop
  endfacet
  facet normal 0.6494480483301777 -0.760405965600036 0
    outer loop
      vertex 28.6164094438043 40.775203265468896 5.5
      vertex 28.6164094438043 40.775203265468896 2.5
      vertex 28.944543648263007 41.05545635173699 5.5
    endloop
  endfacet
  facet normal 0.760405965600036 -0.6494480483301777 6.504364864149216e-19
    outer loop
      vertex 28.944543648263007 41.05545635173699 5.5
      vertex 29.224796734531104 41.3835905561957 2.5
      vertex 29.224796734531104 41.3835905561957 5.5
    endloop
  endfacet
  facet normal 0.8526401643540918 -0.5224985647159495 1.9584346869392653e-18
    outer loop
      vertex 29.224796734531104 41.3835905561957 5.5
      vertex 29.45026794151801 41.751526125716246 2.5
      vertex 29.45026794151801 41.751526125716246 5.5
    endloop
  endfacet
  facet normal 0.923879532511286 -0.3826834323650914 -4.629635175799753e-18
    outer loop
      vertex 29.45026794151801 41.751526125716246 5.5
      vertex 29.615405419811673 42.150203265468896 2.5
      vertex 29.615405419811673 42.150203265468896 5.5
    endloop
  endfacet
  facet normal 0.9723699203976758 -0.23344536385590858 1.134850995529494e-19
    outer loop
      vertex 29.615405419811673 42.150203265468896 5.5
      vertex 29.71614293663663 42.56980522113936 2.5
      vertex 29.71614293663663 42.56980522113936 5.5
    endloop
  endfacet
  facet normal 0.9969173337331281 -0.07845909572784326 1.315931721586002e-19
    outer loop
      vertex 29.71614293663663 42.56980522113936 5.5
      vertex 29.75 43 2.5
      vertex 29.75 43 5.5
    endloop
  endfacet
  facet normal 0.9969173337331281 0.07845909572784326 -1.315931721586002e-19
    outer loop
      vertex 29.75 43 5.5
      vertex 29.71614293663663 43.43019477886064 2.5
      vertex 29.71614293663663 43.43019477886064 5.5
    endloop
  endfacet
  facet normal 0.923879532511286 0.3826834323650914 0
    outer loop
      vertex 29.45026794151801 44.248473874283754 5.5
      vertex 29.615405419811673 43.849796734531104 5.5
      vertex 29.45026794151801 44.248473874283754 2.5
    endloop
  endfacet
  facet normal 0.9723699203976758 0.23344536385590858 -1.134850995529494e-19
    outer loop
      vertex 29.71614293663663 43.43019477886064 5.5
      vertex 29.615405419811673 43.849796734531104 2.5
      vertex 29.615405419811673 43.849796734531104 5.5
    endloop
  endfacet
  facet normal -0.23344536385590675 0.9723699203976763 -2.150523421194484e-18
    outer loop
      vertex 26.150203265468896 45.61540541981167 5.5
      vertex 26.569805221139365 45.71614293663663 5.5
      vertex 26.569805221139365 45.71614293663663 2.5
    endloop
  endfacet
  facet normal -0.07845909572784392 0.9969173337331281 -3.230210885191619e-19
    outer loop
      vertex 26.569805221139365 45.71614293663663 5.5
      vertex 27 45.75 5.5
      vertex 27 45.75 2.5
    endloop
  endfacet
  facet normal 0.07845909572784392 0.9969173337331281 3.230210885191619e-19
    outer loop
      vertex 27 45.75 5.5
      vertex 27.430194778860635 45.71614293663663 5.5
      vertex 27.430194778860635 45.71614293663663 2.5
    endloop
  endfacet
  facet normal 0.23344536385590675 0.9723699203976763 2.150523421194484e-18
    outer loop
      vertex 27.430194778860635 45.71614293663663 5.5
      vertex 27.849796734531104 45.61540541981167 5.5
      vertex 27.849796734531104 45.61540541981167 2.5
    endloop
  endfacet
  facet normal 0.3826834323650844 0.9238795325112891 5.287280638545195e-18
    outer loop
      vertex 27.849796734531104 45.61540541981167 5.5
      vertex 28.248473874283754 45.450267941518014 5.5
      vertex 28.248473874283754 45.450267941518014 2.5
    endloop
  endfacet
  facet normal 0.5224985647159555 0.8526401643540882 -4.011368395001335e-18
    outer loop
      vertex 28.248473874283754 45.450267941518014 5.5
      vertex 28.6164094438043 45.224796734531104 5.5
      vertex 28.6164094438043 45.224796734531104 2.5
    endloop
  endfacet
  facet normal 0.6494480483301777 0.760405965600036 -6.504364864149216e-19
    outer loop
      vertex 28.6164094438043 45.224796734531104 5.5
      vertex 28.944543648263007 44.94454364826301 5.5
      vertex 28.944543648263007 44.94454364826301 2.5
    endloop
  endfacet
  facet normal 0.760405965600036 0.6494480483301777 0
    outer loop
      vertex 28.944543648263007 44.94454364826301 5.5
      vertex 29.224796734531104 44.6164094438043 5.5
      vertex 28.944543648263007 44.94454364826301 2.5
    endloop
  endfacet
  facet normal 0.8526401643540918 0.5224985647159495 -1.9584346869392653e-18
    outer loop
      vertex 29.45026794151801 44.248473874283754 5.5
      vertex 29.224796734531104 44.6164094438043 2.5
      vertex 29.224796734531104 44.6164094438043 5.5
    endloop
  endfacet
  facet normal 0 0 1
    outer loop
      vertex 25.751526125716246 40.549732058481986 5.5
      vertex 26.150203265468896 40.38459458018833 5.5
      vertex 25.93079217097396 42.45521140031254 5.5
    endloop
  endfacet
  facet normal 0 0 1
    outer loop
      vertex 24.384594580188327 42.150203265468896 5.5
      vertex 24.28385706336337 43.43019477886064 5.5
      vertex 24.28385706336337 42.56980522113936 5.5
    endloop
  endfacet
  facet normal 0 0 1
    outer loop
      vertex 24.384594580188327 42.150203265468896 5.5
      vertex 24.54973205848199 41.751526125716246 5.5
      vertex 24.384594580188327 43.849796734531104 5.5
    endloop
  endfacet
  facet normal 0 0 1
    outer loop
      vertex 24.775203265468896 41.3835905561957 5.5
      vertex 24.54973205848199 44.248473874283754 5.5
      vertex 24.54973205848199 41.751526125716246 5.5
    endloop
  endfacet
  facet normal 0 0 1
    outer loop
      vertex 24.775203265468896 41.3835905561957 5.5
      vertex 25.055456351736993 41.05545635173699 5.5
      vertex 24.775203265468896 44.6164094438043 5.5
    endloop
  endfacet
  facet normal 0 0 1
    outer loop
      vertex 24.28385706336337 42.56980522113936 5.5
      vertex 24.28385706336337 43.43019477886064 5.5
      vertex 24.25 43 5.5
    endloop
  endfacet
  facet normal 0 0 1
    outer loop
      vertex 24.384594580188327 42.150203265468896 5.5
      vertex 24.384594580188327 43.849796734531104 5.5
      vertex 24.28385706336337 43.43019477886064 5.5
    endloop
  endfacet
  facet normal 0 0 1
    outer loop
      vertex 24.54973205848199 41.751526125716246 5.5
      vertex 24.54973205848199 44.248473874283754 5.5
      vertex 24.384594580188327 43.849796734531104 5.5
    endloop
  endfacet
  facet normal 0 0 1
    outer loop
      vertex 24.775203265468896 41.3835905561957 5.5
      vertex 24.775203265468896 44.6164094438043 5.5
      vertex 24.54973205848199 44.248473874283754 5.5
    endloop
  endfacet
  facet normal 0 0 1
    outer loop
      vertex 25.055456351736993 41.05545635173699 5.5
      vertex 25.055456351736993 44.94454364826301 5.5
      vertex 24.775203265468896 44.6164094438043 5.5
    endloop
  endfacet
  facet normal 0 0 1
    outer loop
      vertex 25.055456351736993 41.05545635173699 5.5
      vertex 25.3835905561957 40.775203265468896 5.5
      vertex 25.055456351736993 44.94454364826301 5.5
    endloop
  endfacet
  facet normal 0 0 1
    outer loop
      vertex 25.3835905561957 40.775203265468896 5.5
      vertex 25.751526125716246 40.549732058481986 5.5
      vertex 25.3835905561957 45.224796734531104 5.5
    endloop
  endfacet
  facet normal 0 0 1
    outer loop
      vertex 25.751526125716246 40.549732058481986 5.5
      vertex 25.93079217097396 42.45521140031254 5.5
      vertex 25.858732180445816 42.629179606750064 5.5
    endloop
  endfacet
  facet normal 0 0 1
    outer loop
      vertex 25.751526125716246 40.549732058481986 5.5
      vertex 25.858732180445816 42.629179606750064 5.5
      vertex 25.814773991285833 42.81227864195172 5.5
    endloop
  endfacet
  facet normal 0 0 1
    outer loop
      vertex 26.029179606750063 42.29465769724903 5.5
      vertex 25.93079217097396 42.45521140031254 5.5
      vertex 26.150203265468896 40.38459458018833 5.5
    endloop
  endfacet
  facet normal 0 0 1
    outer loop
      vertex 25.751526125716246 40.549732058481986 5.5
      vertex 25.814773991285833 42.81227864195172 5.5
      vertex 25.8 43 5.5
    endloop
  endfacet
  facet normal 0 0 1
    outer loop
      vertex 25.3835905561957 40.775203265468896 5.5
      vertex 25.3835905561957 45.224796734531104 5.5
      vertex 25.055456351736993 44.94454364826301 5.5
    endloop
  endfacet
  facet normal 0 0 1
    outer loop
      vertex 25.751526125716246 40.549732058481986 5.5
      vertex 25.8 43 5.5
      vertex 25.751526125716246 45.450267941518014 5.5
    endloop
  endfacet
  facet normal 0 0 1
    outer loop
      vertex 25.751526125716246 40.549732058481986 5.5
      vertex 25.751526125716246 45.450267941518014 5.5
      vertex 25.3835905561957 45.224796734531104 5.5
    endloop
  endfacet
  facet normal 0 0 1
    outer loop
      vertex 25.8 43 5.5
      vertex 25.814773991285833 43.18772135804828 5.5
      vertex 25.751526125716246 45.450267941518014 5.5
    endloop
  endfacet
  facet normal 0 0 1
    outer loop
      vertex 25.814773991285833 43.18772135804828 5.5
      vertex 25.858732180445816 43.370820393249936 5.5
      vertex 25.751526125716246 45.450267941518014 5.5
    endloop
  endfacet
  facet normal 0 0 1
    outer loop
      vertex 25.858732180445816 43.370820393249936 5.5
      vertex 25.93079217097396 43.54478859968746 5.5
      vertex 25.751526125716246 45.450267941518014 5.5
    endloop
  endfacet
  facet normal 0 0 1
    outer loop
      vertex 25.93079217097396 43.54478859968746 5.5
      vertex 26.029179606750063 43.70534230275097 5.5
      vertex 25.751526125716246 45.450267941518014 5.5
    endloop
  endfacet
  facet normal 0 0 1
    outer loop
      vertex 26.029179606750063 43.70534230275097 5.5
      vertex 26.15147186257614 43.848528137423855 5.5
      vertex 25.751526125716246 45.450267941518014 5.5
    endloop
  endfacet
  facet normal 0 0 1
    outer loop
      vertex 25.751526125716246 45.450267941518014 5.5
      vertex 26.15147186257614 43.848528137423855 5.5
      vertex 26.150203265468896 45.61540541981167 5.5
    endloop
  endfacet
  facet normal 0 0 1
    outer loop
      vertex 26.150203265468896 40.38459458018833 5.5
      vertex 26.569805221139365 40.28385706336337 5.5
      vertex 26.294657697249033 42.02917960675006 5.5
    endloop
  endfacet
  facet normal 0 0 1
    outer loop
      vertex 26.569805221139365 40.28385706336337 5.5
      vertex 27 40.25 5.5
      vertex 26.81227864195172 41.81477399128583 5.5
    endloop
  endfacet
  facet normal 0 0 1
    outer loop
      vertex 27 40.25 5.5
      vertex 27.430194778860635 40.28385706336337 5.5
      vertex 27.18772135804828 41.81477399128583 5.5
    endloop
  endfacet
  facet normal 0 0 1
    outer loop
      vertex 27.430194778860635 40.28385706336337 5.5
      vertex 27.849796734531104 40.38459458018833 5.5
      vertex 27.370820393249936 41.85873218044581 5.5
    endloop
  endfacet
  facet normal 0 0 1
    outer loop
      vertex 27.849796734531104 40.38459458018833 5.5
      vertex 28.248473874283754 40.549732058481986 5.5
      vertex 27.84852813742386 42.151471862576145 5.5
    endloop
  endfacet
  facet normal 0 0 1
    outer loop
      vertex 26.029179606750063 42.29465769724903 5.5
      vertex 26.150203265468896 40.38459458018833 5.5
      vertex 26.15147186257614 42.151471862576145 5.5
    endloop
  endfacet
  facet normal 0 0 1
    outer loop
      vertex 26.150203265468896 40.38459458018833 5.5
      vertex 26.294657697249033 42.02917960675006 5.5
      vertex 26.15147186257614 42.151471862576145 5.5
    endloop
  endfacet
  facet normal 0 0 1
    outer loop
      vertex 26.569805221139365 40.28385706336337 5.5
      vertex 26.455211400312542 41.93079217097396 5.5
      vertex 26.294657697249033 42.02917960675006 5.5
    endloop
  endfacet
  facet normal 0 0 1
    outer loop
      vertex 26.569805221139365 40.28385706336337 5.5
      vertex 26.629179606750064 41.85873218044581 5.5
      vertex 26.455211400312542 41.93079217097396 5.5
    endloop
  endfacet
  facet normal 0 0 1
    outer loop
      vertex 26.569805221139365 40.28385706336337 5.5
      vertex 26.81227864195172 41.81477399128583 5.5
      vertex 26.629179606750064 41.85873218044581 5.5
    endloop
  endfacet
  facet normal 0 0 1
    outer loop
      vertex 26.81227864195172 41.81477399128583 5.5
      vertex 27 40.25 5.5
      vertex 27 41.8 5.5
    endloop
  endfacet
  facet normal 0 0 1
    outer loop
      vertex 27 40.25 5.5
      vertex 27.18772135804828 41.81477399128583 5.5
      vertex 27 41.8 5.5
    endloop
  endfacet
  facet normal 0 0 1
    outer loop
      vertex 27.430194778860635 40.28385706336337 5.5
      vertex 27.370820393249936 41.85873218044581 5.5
      vertex 27.18772135804828 41.81477399128583 5.5
    endloop
  endfacet
  facet normal 0 0 1
    outer loop
      vertex 27.849796734531104 40.38459458018833 5.5
      vertex 27.544788599687458 41.93079217097396 5.5
      vertex 27.370820393249936 41.85873218044581 5.5
    endloop
  endfacet
  facet normal 0 0 1
    outer loop
      vertex 27.849796734531104 40.38459458018833 5.5
      vertex 27.705342302750967 42.02917960675006 5.5
      vertex 27.544788599687458 41.93079217097396 5.5
    endloop
  endfacet
  facet normal 0 0 1
    outer loop
      vertex 27.849796734531104 40.38459458018833 5.5
      vertex 27.84852813742386 42.151471862576145 5.5
      vertex 27.705342302750967 42.02917960675006 5.5
    endloop
  endfacet
  facet normal 0 0 1
    outer loop
      vertex 27.84852813742386 42.151471862576145 5.5
      vertex 28.248473874283754 40.549732058481986 5.5
      vertex 27.970820393249937 42.29465769724903 5.5
    endloop
  endfacet
  facet normal 0 0 1
    outer loop
      vertex 28.248473874283754 40.549732058481986 5.5
      vertex 28.06920782902604 42.45521140031254 5.5
      vertex 27.970820393249937 42.29465769724903 5.5
    endloop
  endfacet
  facet normal 0 0 1
    outer loop
      vertex 28.248473874283754 40.549732058481986 5.5
      vertex 28.141267819554184 42.629179606750064 5.5
      vertex 28.06920782902604 42.45521140031254 5.5
    endloop
  endfacet
  facet normal 0 0 1
    outer loop
      vertex 28.248473874283754 40.549732058481986 5.5
      vertex 28.185226008714167 42.81227864195172 5.5
      vertex 28.141267819554184 42.629179606750064 5.5
    endloop
  endfacet
  facet normal 0 0 1
    outer loop
      vertex 28.248473874283754 40.549732058481986 5.5
      vertex 28.2 43 5.5
      vertex 28.185226008714167 42.81227864195172 5.5
    endloop
  endfacet
  facet normal 0 0 1
    outer loop
      vertex 28.248473874283754 40.549732058481986 5.5
      vertex 28.248473874283754 45.450267941518014 5.5
      vertex 28.2 43 5.5
    endloop
  endfacet
  facet normal 0 0 1
    outer loop
      vertex 27.84852813742386 43.848528137423855 5.5
      vertex 27.970820393249937 43.70534230275097 5.5
      vertex 27.849796734531104 45.61540541981167 5.5
    endloop
  endfacet
  facet normal 0 0 1
    outer loop
      vertex 28.2 43 5.5
      vertex 28.248473874283754 45.450267941518014 5.5
      vertex 28.185226008714167 43.18772135804828 5.5
    endloop
  endfacet
  facet normal 0 0 1
    outer loop
      vertex 28.185226008714167 43.18772135804828 5.5
      vertex 28.248473874283754 45.450267941518014 5.5
      vertex 28.141267819554184 43.370820393249936 5.5
    endloop
  endfacet
  facet normal 0 0 1
    outer loop
      vertex 27.849796734531104 45.61540541981167 5.5
      vertex 27.970820393249937 43.70534230275097 5.5
      vertex 28.06920782902604 43.54478859968746 5.5
    endloop
  endfacet
  facet normal 0 0 1
    outer loop
      vertex 28.06920782902604 43.54478859968746 5.5
      vertex 28.141267819554184 43.370820393249936 5.5
      vertex 28.248473874283754 45.450267941518014 5.5
    endloop
  endfacet
  facet normal 0 0 1
    outer loop
      vertex 28.248473874283754 40.549732058481986 5.5
      vertex 28.6164094438043 40.775203265468896 5.5
      vertex 28.248473874283754 45.450267941518014 5.5
    endloop
  endfacet
  facet normal 0 0 1
    outer loop
      vertex 28.6164094438043 40.775203265468896 5.5
      vertex 28.944543648263007 41.05545635173699 5.5
      vertex 28.6164094438043 45.224796734531104 5.5
    endloop
  endfacet
  facet normal 0 0 1
    outer loop
      vertex 28.944543648263007 41.05545635173699 5.5
      vertex 29.224796734531104 41.3835905561957 5.5
      vertex 28.944543648263007 44.94454364826301 5.5
    endloop
  endfacet
  facet normal 0 0 1
    outer loop
      vertex 29.224796734531104 41.3835905561957 5.5
      vertex 29.45026794151801 41.751526125716246 5.5
      vertex 29.224796734531104 44.6164094438043 5.5
    endloop
  endfacet
  facet normal 0 0 1
    outer loop
      vertex 28.6164094438043 40.775203265468896 5.5
      vertex 28.6164094438043 45.224796734531104 5.5
      vertex 28.248473874283754 45.450267941518014 5.5
    endloop
  endfacet
  facet normal 0 0 1
    outer loop
      vertex 28.944543648263007 41.05545635173699 5.5
      vertex 28.944543648263007 44.94454364826301 5.5
      vertex 28.6164094438043 45.224796734531104 5.5
    endloop
  endfacet
  facet normal 0 0 1
    outer loop
      vertex 29.224796734531104 41.3835905561957 5.5
      vertex 29.224796734531104 44.6164094438043 5.5
      vertex 28.944543648263007 44.94454364826301 5.5
    endloop
  endfacet
  facet normal 0 0 1
    outer loop
      vertex 29.45026794151801 41.751526125716246 5.5
      vertex 29.615405419811673 42.150203265468896 5.5
      vertex 29.45026794151801 44.248473874283754 5.5
    endloop
  endfacet
  facet normal 0 0 1
    outer loop
      vertex 29.45026794151801 41.751526125716246 5.5
      vertex 29.45026794151801 44.248473874283754 5.5
      vertex 29.224796734531104 44.6164094438043 5.5
    endloop
  endfacet
  facet normal 0 0 1
    outer loop
      vertex 29.615405419811673 42.150203265468896 5.5
      vertex 29.615405419811673 43.849796734531104 5.5
      vertex 29.45026794151801 44.248473874283754 5.5
    endloop
  endfacet
  facet normal 0 0 1
    outer loop
      vertex 29.615405419811673 42.150203265468896 5.5
      vertex 29.71614293663663 42.56980522113936 5.5
      vertex 29.615405419811673 43.849796734531104 5.5
    endloop
  endfacet
  facet normal 0 0 1
    outer loop
      vertex 29.71614293663663 42.56980522113936 5.5
      vertex 29.75 43 5.5
      vertex 29.71614293663663 43.43019477886064 5.5
    endloop
  endfacet
  facet normal 0 0 1
    outer loop
      vertex 29.71614293663663 42.56980522113936 5.5
      vertex 29.71614293663663 43.43019477886064 5.5
      vertex 29.615405419811673 43.849796734531104 5.5
    endloop
  endfacet
  facet normal 0 0 1
    outer loop
      vertex 26.15147186257614 43.848528137423855 5.5
      vertex 26.294657697249033 43.97082039324994 5.5
      vertex 26.150203265468896 45.61540541981167 5.5
    endloop
  endfacet
  facet normal 0 0 1
    outer loop
      vertex 26.294657697249033 43.97082039324994 5.5
      vertex 26.455211400312542 44.06920782902604 5.5
      vertex 26.150203265468896 45.61540541981167 5.5
    endloop
  endfacet
  facet normal 0 0 1
    outer loop
      vertex 26.455211400312542 44.06920782902604 5.5
      vertex 26.629179606750064 44.14126781955419 5.5
      vertex 26.150203265468896 45.61540541981167 5.5
    endloop
  endfacet
  facet normal 0 0 1
    outer loop
      vertex 26.629179606750064 44.14126781955419 5.5
      vertex 26.569805221139365 45.71614293663663 5.5
      vertex 26.150203265468896 45.61540541981167 5.5
    endloop
  endfacet
  facet normal 0 0 1
    outer loop
      vertex 26.629179606750064 44.14126781955419 5.5
      vertex 26.81227864195172 44.18522600871417 5.5
      vertex 26.569805221139365 45.71614293663663 5.5
    endloop
  endfacet
  facet normal 0 0 1
    outer loop
      vertex 26.81227864195172 44.18522600871417 5.5
      vertex 27 44.2 5.5
      vertex 27 45.75 5.5
    endloop
  endfacet
  facet normal 0 0 1
    outer loop
      vertex 27 44.2 5.5
      vertex 27.18772135804828 44.18522600871417 5.5
      vertex 27 45.75 5.5
    endloop
  endfacet
  facet normal 0 0 1
    outer loop
      vertex 26.81227864195172 44.18522600871417 5.5
      vertex 27 45.75 5.5
      vertex 26.569805221139365 45.71614293663663 5.5
    endloop
  endfacet
  facet normal 0 0 1
    outer loop
      vertex 27.18772135804828 44.18522600871417 5.5
      vertex 27.370820393249936 44.14126781955419 5.5
      vertex 27.430194778860635 45.71614293663663 5.5
    endloop
  endfacet
  facet normal 0 0 1
    outer loop
      vertex 27.370820393249936 44.14126781955419 5.5
      vertex 27.544788599687458 44.06920782902604 5.5
      vertex 27.430194778860635 45.71614293663663 5.5
    endloop
  endfacet
  facet normal 0 0 1
    outer loop
      vertex 27.544788599687458 44.06920782902604 5.5
      vertex 27.705342302750967 43.97082039324994 5.5
      vertex 27.430194778860635 45.71614293663663 5.5
    endloop
  endfacet
  facet normal 0 0 1
    outer loop
      vertex 27.705342302750967 43.97082039324994 5.5
      vertex 27.849796734531104 45.61540541981167 5.5
      vertex 27.430194778860635 45.71614293663663 5.5
    endloop
  endfacet
  facet normal 0 0 1
    outer loop
      vertex 27.18772135804828 44.18522600871417 5.5
      vertex 27.430194778860635 45.71614293663663 5.5
      vertex 27 45.75 5.5
    endloop
  endfacet
  facet normal 0 0 1
    outer loop
      vertex 27.84852813742386 43.848528137423855 5.5
      vertex 27.849796734531104 45.61540541981167 5.5
      vertex 27.705342302750967 43.97082039324994 5.5
    endloop
  endfacet
  facet normal 0 0 1
    outer loop
      vertex 27.849796734531104 45.61540541981167 5.5
      vertex 28.06920782902604 43.54478859968746 5.5
      vertex 28.248473874283754 45.450267941518014 5.5
    endloop
  endfacet
  facet normal -0.6494480483301777 -0.760405965600036 0
    outer loop
      vertex -28.6164094438043 40.775203265468896 5.5
      vertex -28.944543648263007 41.05545635173699 2.5
      vertex -28.6164094438043 40.775203265468896 2.5
    endloop
  endfacet
  facet normal -0.5224985647159555 -0.8526401643540882 0
    outer loop
      vertex -28.248473874283754 40.549732058481986 5.5
      vertex -28.6164094438043 40.775203265468896 2.5
      vertex -28.248473874283754 40.549732058481986 2.5
    endloop
  endfacet
  facet normal -0.8526401643540918 -0.5224985647159495 0
    outer loop
      vertex -29.45026794151801 41.751526125716246 5.5
      vertex -29.45026794151801 41.751526125716246 2.5
      vertex -29.224796734531104 41.3835905561957 2.5
    endloop
  endfacet
  facet normal -0.923879532511286 -0.3826834323650914 0
    outer loop
      vertex -29.615405419811673 42.150203265468896 5.5
      vertex -29.615405419811673 42.150203265468896 2.5
      vertex -29.45026794151801 41.751526125716246 2.5
    endloop
  endfacet
  facet normal -0.9723699203976758 -0.23344536385590858 0
    outer loop
      vertex -29.71614293663663 42.56980522113936 5.5
      vertex -29.71614293663663 42.56980522113936 2.5
      vertex -29.615405419811673 42.150203265468896 2.5
    endloop
  endfacet
  facet normal -0.9969173337331281 -0.07845909572784326 0
    outer loop
      vertex -29.75 43 5.5
      vertex -29.75 43 2.5
      vertex -29.71614293663663 42.56980522113936 2.5
    endloop
  endfacet
  facet normal -0.9969173337331281 0.07845909572784326 0
    outer loop
      vertex -29.71614293663663 43.43019477886064 5.5
      vertex -29.71614293663663 43.43019477886064 2.5
      vertex -29.75 43 2.5
    endloop
  endfacet
  facet normal -0.9723699203976758 0.23344536385590858 0
    outer loop
      vertex -29.615405419811673 43.849796734531104 5.5
      vertex -29.615405419811673 43.849796734531104 2.5
      vertex -29.71614293663663 43.43019477886064 2.5
    endloop
  endfacet
  facet normal -0.923879532511286 0.3826834323650914 0
    outer loop
      vertex -29.45026794151801 44.248473874283754 5.5
      vertex -29.45026794151801 44.248473874283754 2.5
      vertex -29.615405419811673 43.849796734531104 2.5
    endloop
  endfacet
  facet normal -0.760405965600036 -0.6494480483301777 0
    outer loop
      vertex -29.224796734531104 41.3835905561957 5.5
      vertex -29.224796734531104 41.3835905561957 2.5
      vertex -28.944543648263007 41.05545635173699 2.5
    endloop
  endfacet
  facet normal -0.3826834323650844 -0.9238795325112891 0
    outer loop
      vertex -27.849796734531104 40.38459458018833 5.5
      vertex -28.248473874283754 40.549732058481986 2.5
      vertex -27.849796734531104 40.38459458018833 2.5
    endloop
  endfacet
  facet normal -0.23344536385590675 -0.9723699203976763 0
    outer loop
      vertex -27.430194778860635 40.28385706336337 5.5
      vertex -27.849796734531104 40.38459458018833 2.5
      vertex -27.430194778860635 40.28385706336337 2.5
    endloop
  endfacet
  facet normal -0.07845909572784392 -0.9969173337331281 0
    outer loop
      vertex -27 40.25 5.5
      vertex -27.430194778860635 40.28385706336337 2.5
      vertex -27 40.25 2.5
    endloop
  endfacet
  facet normal 0.07845909572784392 -0.9969173337331281 0
    outer loop
      vertex -26.569805221139365 40.28385706336337 5.5
      vertex -27 40.25 2.5
      vertex -26.569805221139365 40.28385706336337 2.5
    endloop
  endfacet
  facet normal 0.23344536385590675 -0.9723699203976763 0
    outer loop
      vertex -26.150203265468896 40.38459458018833 5.5
      vertex -26.569805221139365 40.28385706336337 2.5
      vertex -26.150203265468896 40.38459458018833 2.5
    endloop
  endfacet
  facet normal -0.8526401643540918 0.5224985647159495 0
    outer loop
      vertex -29.224796734531104 44.6164094438043 5.5
      vertex -29.224796734531104 44.6164094438043 2.5
      vertex -29.45026794151801 44.248473874283754 2.5
    endloop
  endfacet
  facet normal -0.760405965600036 0.6494480483301777 0
    outer loop
      vertex -28.944543648263007 44.94454364826301 5.5
      vertex -28.944543648263007 44.94454364826301 2.5
      vertex -29.224796734531104 44.6164094438043 2.5
    endloop
  endfacet
  facet normal -0.6494480483301777 0.760405965600036 0
    outer loop
      vertex -28.944543648263007 44.94454364826301 5.5
      vertex -28.6164094438043 45.224796734531104 2.5
      vertex -28.944543648263007 44.94454364826301 2.5
    endloop
  endfacet
  facet normal -0.5224985647159555 0.8526401643540882 0
    outer loop
      vertex -28.6164094438043 45.224796734531104 5.5
      vertex -28.248473874283754 45.450267941518014 2.5
      vertex -28.6164094438043 45.224796734531104 2.5
    endloop
  endfacet
  facet normal -0.3826834323650844 0.9238795325112891 0
    outer loop
      vertex -28.248473874283754 45.450267941518014 5.5
      vertex -27.849796734531104 45.61540541981167 2.5
      vertex -28.248473874283754 45.450267941518014 2.5
    endloop
  endfacet
  facet normal -0.23344536385590675 0.9723699203976763 0
    outer loop
      vertex -27.849796734531104 45.61540541981167 5.5
      vertex -27.430194778860635 45.71614293663663 2.5
      vertex -27.849796734531104 45.61540541981167 2.5
    endloop
  endfacet
  facet normal -0.07845909572784392 0.9969173337331281 0
    outer loop
      vertex -27.430194778860635 45.71614293663663 5.5
      vertex -27 45.75 2.5
      vertex -27.430194778860635 45.71614293663663 2.5
    endloop
  endfacet
  facet normal 0.07845909572784392 0.9969173337331281 0
    outer loop
      vertex -27 45.75 5.5
      vertex -26.569805221139365 45.71614293663663 2.5
      vertex -27 45.75 2.5
    endloop
  endfacet
  facet normal 0.23344536385590675 0.9723699203976763 0
    outer loop
      vertex -26.569805221139365 45.71614293663663 5.5
      vertex -26.150203265468896 45.61540541981167 2.5
      vertex -26.569805221139365 45.71614293663663 2.5
    endloop
  endfacet
  facet normal -0.760405965600036 -0.6494480483301777 -6.504364864149216e-19
    outer loop
      vertex -29.224796734531104 41.3835905561957 5.5
      vertex -28.944543648263007 41.05545635173699 2.5
      vertex -28.944543648263007 41.05545635173699 5.5
    endloop
  endfacet
  facet normal -0.6494480483301777 -0.760405965600036 0
    outer loop
      vertex -28.944543648263007 41.05545635173699 5.5
      vertex -28.944543648263007 41.05545635173699 2.5
      vertex -28.6164094438043 40.775203265468896 5.5
    endloop
  endfacet
  facet normal -0.5224985647159555 -0.8526401643540882 0
    outer loop
      vertex -28.6164094438043 40.775203265468896 5.5
      vertex -28.6164094438043 40.775203265468896 2.5
      vertex -28.248473874283754 40.549732058481986 5.5
    endloop
  endfacet
  facet normal -0.923879532511286 -0.3826834323650914 4.629635175799753e-18
    outer loop
      vertex -29.615405419811673 42.150203265468896 5.5
      vertex -29.45026794151801 41.751526125716246 2.5
      vertex -29.45026794151801 41.751526125716246 5.5
    endloop
  endfacet
  facet normal -0.9723699203976758 -0.23344536385590858 0
    outer loop
      vertex -29.615405419811673 42.150203265468896 5.5
      vertex -29.71614293663663 42.56980522113936 5.5
      vertex -29.615405419811673 42.150203265468896 2.5
    endloop
  endfacet
  facet normal -0.9969173337331281 -0.07845909572784326 0
    outer loop
      vertex -29.71614293663663 42.56980522113936 5.5
      vertex -29.75 43 5.5
      vertex -29.71614293663663 42.56980522113936 2.5
    endloop
  endfacet
  facet normal -0.9969173337331281 0.07845909572784326 0
    outer loop
      vertex -29.75 43 5.5
      vertex -29.71614293663663 43.43019477886064 5.5
      vertex -29.75 43 2.5
    endloop
  endfacet
  facet normal -0.9723699203976758 0.23344536385590858 0
    outer loop
      vertex -29.71614293663663 43.43019477886064 5.5
      vertex -29.615405419811673 43.849796734531104 5.5
      vertex -29.71614293663663 43.43019477886064 2.5
    endloop
  endfacet
  facet normal -0.923879532511286 0.3826834323650914 0
    outer loop
      vertex -29.615405419811673 43.849796734531104 5.5
      vertex -29.45026794151801 44.248473874283754 5.5
      vertex -29.615405419811673 43.849796734531104 2.5
    endloop
  endfacet
  facet normal -0.8526401643540918 0.5224985647159495 0
    outer loop
      vertex -29.45026794151801 44.248473874283754 5.5
      vertex -29.224796734531104 44.6164094438043 5.5
      vertex -29.45026794151801 44.248473874283754 2.5
    endloop
  endfacet
  facet normal -0.8526401643540918 -0.5224985647159495 0
    outer loop
      vertex -29.224796734531104 41.3835905561957 5.5
      vertex -29.45026794151801 41.751526125716246 5.5
      vertex -29.224796734531104 41.3835905561957 2.5
    endloop
  endfacet
  facet normal -0.23344536385590675 -0.9723699203976763 0
    outer loop
      vertex -27.849796734531104 40.38459458018833 5.5
      vertex -27.849796734531104 40.38459458018833 2.5
      vertex -27.430194778860635 40.28385706336337 5.5
    endloop
  endfacet
  facet normal -0.3826834323650844 -0.9238795325112891 0
    outer loop
      vertex -28.248473874283754 40.549732058481986 5.5
      vertex -28.248473874283754 40.549732058481986 2.5
      vertex -27.849796734531104 40.38459458018833 5.5
    endloop
  endfacet
  facet normal -0.07845909572784392 -0.9969173337331281 0
    outer loop
      vertex -27.430194778860635 40.28385706336337 5.5
      vertex -27.430194778860635 40.28385706336337 2.5
      vertex -27 40.25 5.5
    endloop
  endfacet
  facet normal 0.07845909572784392 -0.9969173337331281 0
    outer loop
      vertex -27 40.25 5.5
      vertex -27 40.25 2.5
      vertex -26.569805221139365 40.28385706336337 5.5
    endloop
  endfacet
  facet normal 0.23344536385590675 -0.9723699203976763 0
    outer loop
      vertex -26.569805221139365 40.28385706336337 5.5
      vertex -26.569805221139365 40.28385706336337 2.5
      vertex -26.150203265468896 40.38459458018833 5.5
    endloop
  endfacet
  facet normal -0.760405965600036 0.6494480483301777 0
    outer loop
      vertex -29.224796734531104 44.6164094438043 5.5
      vertex -28.944543648263007 44.94454364826301 5.5
      vertex -29.224796734531104 44.6164094438043 2.5
    endloop
  endfacet
  facet normal -0.6494480483301777 0.760405965600036 6.504364864149216e-19
    outer loop
      vertex -28.944543648263007 44.94454364826301 5.5
      vertex -28.6164094438043 45.224796734531104 5.5
      vertex -28.6164094438043 45.224796734531104 2.5
    endloop
  endfacet
  facet normal -0.5224985647159555 0.8526401643540882 4.011368395001335e-18
    outer loop
      vertex -28.6164094438043 45.224796734531104 5.5
      vertex -28.248473874283754 45.450267941518014 5.5
      vertex -28.248473874283754 45.450267941518014 2.5
    endloop
  endfacet
  facet normal -0.3826834323650844 0.9238795325112891 -5.287280638545195e-18
    outer loop
      vertex -28.248473874283754 45.450267941518014 5.5
      vertex -27.849796734531104 45.61540541981167 5.5
      vertex -27.849796734531104 45.61540541981167 2.5
    endloop
  endfacet
  facet normal -0.23344536385590675 0.9723699203976763 -2.150523421194484e-18
    outer loop
      vertex -27.849796734531104 45.61540541981167 5.5
      vertex -27.430194778860635 45.71614293663663 5.5
      vertex -27.430194778860635 45.71614293663663 2.5
    endloop
  endfacet
  facet normal -0.07845909572784392 0.9969173337331281 -3.230210885191619e-19
    outer loop
      vertex -27.430194778860635 45.71614293663663 5.5
      vertex -27 45.75 5.5
      vertex -27 45.75 2.5
    endloop
  endfacet
  facet normal 0.07845909572784392 0.9969173337331281 3.230210885191619e-19
    outer loop
      vertex -27 45.75 5.5
      vertex -26.569805221139365 45.71614293663663 5.5
      vertex -26.569805221139365 45.71614293663663 2.5
    endloop
  endfacet
  facet normal 0.23344536385590675 0.9723699203976763 2.150523421194484e-18
    outer loop
      vertex -26.569805221139365 45.71614293663663 5.5
      vertex -26.150203265468896 45.61540541981167 5.5
      vertex -26.150203265468896 45.61540541981167 2.5
    endloop
  endfacet
  facet normal 0.3826834323650844 -0.9238795325112891 0
    outer loop
      vertex -25.751526125716246 40.549732058481986 5.5
      vertex -26.150203265468896 40.38459458018833 2.5
      vertex -25.751526125716246 40.549732058481986 2.5
    endloop
  endfacet
  facet normal 0.5224985647159555 -0.8526401643540882 0
    outer loop
      vertex -25.3835905561957 40.775203265468896 5.5
      vertex -25.751526125716246 40.549732058481986 2.5
      vertex -25.3835905561957 40.775203265468896 2.5
    endloop
  endfacet
  facet normal 0.6494480483301777 -0.760405965600036 0
    outer loop
      vertex -25.055456351736993 41.05545635173699 5.5
      vertex -25.3835905561957 40.775203265468896 2.5
      vertex -25.055456351736993 41.05545635173699 2.5
    endloop
  endfacet
  facet normal 0.760405965600036 -0.6494480483301777 0
    outer loop
      vertex -25.055456351736993 41.05545635173699 5.5
      vertex -25.055456351736993 41.05545635173699 2.5
      vertex -24.775203265468896 41.3835905561957 2.5
    endloop
  endfacet
  facet normal 0.8526401643540918 -0.5224985647159495 0
    outer loop
      vertex -24.775203265468896 41.3835905561957 5.5
      vertex -24.775203265468896 41.3835905561957 2.5
      vertex -24.54973205848199 41.751526125716246 2.5
    endloop
  endfacet
  facet normal 0.923879532511286 -0.3826834323650914 0
    outer loop
      vertex -24.54973205848199 41.751526125716246 5.5
      vertex -24.54973205848199 41.751526125716246 2.5
      vertex -24.384594580188327 42.150203265468896 2.5
    endloop
  endfacet
  facet normal 0.9723699203976758 -0.23344536385590858 0
    outer loop
      vertex -24.384594580188327 42.150203265468896 5.5
      vertex -24.384594580188327 42.150203265468896 2.5
      vertex -24.28385706336337 42.56980522113936 2.5
    endloop
  endfacet
  facet normal 0.9969173337331281 -0.07845909572784326 0
    outer loop
      vertex -24.28385706336337 42.56980522113936 5.5
      vertex -24.28385706336337 42.56980522113936 2.5
      vertex -24.25 43 2.5
    endloop
  endfacet
  facet normal 0.923879532511286 0.3826834323650914 0
    outer loop
      vertex -24.384594580188327 43.849796734531104 5.5
      vertex -24.384594580188327 43.849796734531104 2.5
      vertex -24.54973205848199 44.248473874283754 2.5
    endloop
  endfacet
  facet normal 0.8526401643540918 0.5224985647159495 0
    outer loop
      vertex -24.54973205848199 44.248473874283754 5.5
      vertex -24.54973205848199 44.248473874283754 2.5
      vertex -24.775203265468896 44.6164094438043 2.5
    endloop
  endfacet
  facet normal 0.9969173337331281 0.07845909572784326 0
    outer loop
      vertex -24.25 43 5.5
      vertex -24.25 43 2.5
      vertex -24.28385706336337 43.43019477886064 2.5
    endloop
  endfacet
  facet normal 0.9723699203976758 0.23344536385590858 0
    outer loop
      vertex -24.28385706336337 43.43019477886064 5.5
      vertex -24.28385706336337 43.43019477886064 2.5
      vertex -24.384594580188327 43.849796734531104 2.5
    endloop
  endfacet
  facet normal 0.3826834323650844 0.9238795325112891 0
    outer loop
      vertex -26.150203265468896 45.61540541981167 5.5
      vertex -25.751526125716246 45.450267941518014 2.5
      vertex -26.150203265468896 45.61540541981167 2.5
    endloop
  endfacet
  facet normal 0.5224985647159555 0.8526401643540882 0
    outer loop
      vertex -25.751526125716246 45.450267941518014 5.5
      vertex -25.3835905561957 45.224796734531104 2.5
      vertex -25.751526125716246 45.450267941518014 2.5
    endloop
  endfacet
  facet normal 0.6494480483301777 0.760405965600036 0
    outer loop
      vertex -25.3835905561957 45.224796734531104 5.5
      vertex -25.055456351736993 44.94454364826301 2.5
      vertex -25.3835905561957 45.224796734531104 2.5
    endloop
  endfacet
  facet normal 0.760405965600036 0.6494480483301777 0
    outer loop
      vertex -24.775203265468896 44.6164094438043 5.5
      vertex -24.775203265468896 44.6164094438043 2.5
      vertex -25.055456351736993 44.94454364826301 2.5
    endloop
  endfacet
  facet normal 0.3826834323650844 -0.9238795325112891 0
    outer loop
      vertex -26.150203265468896 40.38459458018833 5.5
      vertex -26.150203265468896 40.38459458018833 2.5
      vertex -25.751526125716246 40.549732058481986 5.5
    endloop
  endfacet
  facet normal 0.5224985647159555 -0.8526401643540882 0
    outer loop
      vertex -25.751526125716246 40.549732058481986 5.5
      vertex -25.751526125716246 40.549732058481986 2.5
      vertex -25.3835905561957 40.775203265468896 5.5
    endloop
  endfacet
  facet normal 0.6494480483301777 -0.760405965600036 0
    outer loop
      vertex -25.3835905561957 40.775203265468896 5.5
      vertex -25.3835905561957 40.775203265468896 2.5
      vertex -25.055456351736993 41.05545635173699 5.5
    endloop
  endfacet
  facet normal 0.760405965600036 -0.6494480483301777 6.504364864149216e-19
    outer loop
      vertex -25.055456351736993 41.05545635173699 5.5
      vertex -24.775203265468896 41.3835905561957 2.5
      vertex -24.775203265468896 41.3835905561957 5.5
    endloop
  endfacet
  facet normal 0.8526401643540918 -0.5224985647159495 1.9584346869392653e-18
    outer loop
      vertex -24.775203265468896 41.3835905561957 5.5
      vertex -24.54973205848199 41.751526125716246 2.5
      vertex -24.54973205848199 41.751526125716246 5.5
    endloop
  endfacet
  facet normal 0.923879532511286 -0.3826834323650914 -4.629635175799753e-18
    outer loop
      vertex -24.54973205848199 41.751526125716246 5.5
      vertex -24.384594580188327 42.150203265468896 2.5
      vertex -24.384594580188327 42.150203265468896 5.5
    endloop
  endfacet
  facet normal 0.9723699203976758 -0.23344536385590858 1.134850995529494e-19
    outer loop
      vertex -24.384594580188327 42.150203265468896 5.5
      vertex -24.28385706336337 42.56980522113936 2.5
      vertex -24.28385706336337 42.56980522113936 5.5
    endloop
  endfacet
  facet normal 0.923879532511286 0.3826834323650914 0
    outer loop
      vertex -24.54973205848199 44.248473874283754 5.5
      vertex -24.384594580188327 43.849796734531104 5.5
      vertex -24.54973205848199 44.248473874283754 2.5
    endloop
  endfacet
  facet normal 0.9969173337331281 -0.07845909572784326 1.315931721586002e-19
    outer loop
      vertex -24.28385706336337 42.56980522113936 5.5
      vertex -24.25 43 2.5
      vertex -24.25 43 5.5
    endloop
  endfacet
  facet normal 0.9969173337331281 0.07845909572784326 -1.315931721586002e-19
    outer loop
      vertex -24.25 43 5.5
      vertex -24.28385706336337 43.43019477886064 2.5
      vertex -24.28385706336337 43.43019477886064 5.5
    endloop
  endfacet
  facet normal 0.9723699203976758 0.23344536385590858 -1.134850995529494e-19
    outer loop
      vertex -24.28385706336337 43.43019477886064 5.5
      vertex -24.384594580188327 43.849796734531104 2.5
      vertex -24.384594580188327 43.849796734531104 5.5
    endloop
  endfacet
  facet normal 0.3826834323650844 0.9238795325112891 5.287280638545195e-18
    outer loop
      vertex -26.150203265468896 45.61540541981167 5.5
      vertex -25.751526125716246 45.450267941518014 5.5
      vertex -25.751526125716246 45.450267941518014 2.5
    endloop
  endfacet
  facet normal 0.6494480483301777 0.760405965600036 -6.504364864149216e-19
    outer loop
      vertex -25.3835905561957 45.224796734531104 5.5
      vertex -25.055456351736993 44.94454364826301 5.5
      vertex -25.055456351736993 44.94454364826301 2.5
    endloop
  endfacet
  facet normal 0.5224985647159555 0.8526401643540882 -4.011368395001335e-18
    outer loop
      vertex -25.751526125716246 45.450267941518014 5.5
      vertex -25.3835905561957 45.224796734531104 5.5
      vertex -25.3835905561957 45.224796734531104 2.5
    endloop
  endfacet
  facet normal 0.760405965600036 0.6494480483301777 0
    outer loop
      vertex -25.055456351736993 44.94454364826301 5.5
      vertex -24.775203265468896 44.6164094438043 5.5
      vertex -25.055456351736993 44.94454364826301 2.5
    endloop
  endfacet
  facet normal 0.8526401643540918 0.5224985647159495 -1.9584346869392653e-18
    outer loop
      vertex -24.54973205848199 44.248473874283754 5.5
      vertex -24.775203265468896 44.6164094438043 2.5
      vertex -24.775203265468896 44.6164094438043 5.5
    endloop
  endfacet
  facet normal 0 0 1
    outer loop
      vertex -29.615405419811673 42.150203265468896 5.5
      vertex -29.71614293663663 43.43019477886064 5.5
      vertex -29.71614293663663 42.56980522113936 5.5
    endloop
  endfacet
  facet normal 0 0 1
    outer loop
      vertex -29.615405419811673 42.150203265468896 5.5
      vertex -29.45026794151801 41.751526125716246 5.5
      vertex -29.615405419811673 43.849796734531104 5.5
    endloop
  endfacet
  facet normal 0 0 1
    outer loop
      vertex -29.224796734531104 41.3835905561957 5.5
      vertex -29.45026794151801 44.248473874283754 5.5
      vertex -29.45026794151801 41.751526125716246 5.5
    endloop
  endfacet
  facet normal 0 0 1
    outer loop
      vertex -29.71614293663663 42.56980522113936 5.5
      vertex -29.71614293663663 43.43019477886064 5.5
      vertex -29.75 43 5.5
    endloop
  endfacet
  facet normal 0 0 1
    outer loop
      vertex -29.615405419811673 42.150203265468896 5.5
      vertex -29.615405419811673 43.849796734531104 5.5
      vertex -29.71614293663663 43.43019477886064 5.5
    endloop
  endfacet
  facet normal 0 0 1
    outer loop
      vertex -29.45026794151801 41.751526125716246 5.5
      vertex -29.45026794151801 44.248473874283754 5.5
      vertex -29.615405419811673 43.849796734531104 5.5
    endloop
  endfacet
  facet normal 0 0 1
    outer loop
      vertex -29.224796734531104 41.3835905561957 5.5
      vertex -28.944543648263007 41.05545635173699 5.5
      vertex -29.224796734531104 44.6164094438043 5.5
    endloop
  endfacet
  facet normal 0 0 1
    outer loop
      vertex -28.944543648263007 41.05545635173699 5.5
      vertex -28.6164094438043 40.775203265468896 5.5
      vertex -28.944543648263007 44.94454364826301 5.5
    endloop
  endfacet
  facet normal 0 0 1
    outer loop
      vertex -28.6164094438043 40.775203265468896 5.5
      vertex -28.248473874283754 40.549732058481986 5.5
      vertex -28.6164094438043 45.224796734531104 5.5
    endloop
  endfacet
  facet normal 0 0 1
    outer loop
      vertex -29.224796734531104 41.3835905561957 5.5
      vertex -29.224796734531104 44.6164094438043 5.5
      vertex -29.45026794151801 44.248473874283754 5.5
    endloop
  endfacet
  facet normal 0 0 1
    outer loop
      vertex -28.944543648263007 41.05545635173699 5.5
      vertex -28.944543648263007 44.94454364826301 5.5
      vertex -29.224796734531104 44.6164094438043 5.5
    endloop
  endfacet
  facet normal 0 0 1
    outer loop
      vertex -28.6164094438043 40.775203265468896 5.5
      vertex -28.6164094438043 45.224796734531104 5.5
      vertex -28.944543648263007 44.94454364826301 5.5
    endloop
  endfacet
  facet normal 0 0 1
    outer loop
      vertex -28.248473874283754 40.549732058481986 5.5
      vertex -28.248473874283754 45.450267941518014 5.5
      vertex -28.6164094438043 45.224796734531104 5.5
    endloop
  endfacet
  facet normal 0 0 1
    outer loop
      vertex -28.248473874283754 40.549732058481986 5.5
      vertex -27.849796734531104 40.38459458018833 5.5
      vertex -28.06920782902604 42.45521140031254 5.5
    endloop
  endfacet
  facet normal 0 0 1
    outer loop
      vertex -27.849796734531104 40.38459458018833 5.5
      vertex -27.430194778860635 40.28385706336337 5.5
      vertex -27.705342302750967 42.02917960675006 5.5
    endloop
  endfacet
  facet normal 0 0 1
    outer loop
      vertex -27.430194778860635 40.28385706336337 5.5
      vertex -27 40.25 5.5
      vertex -27.18772135804828 41.81477399128583 5.5
    endloop
  endfacet
  facet normal 0 0 1
    outer loop
      vertex -27 40.25 5.5
      vertex -26.569805221139365 40.28385706336337 5.5
      vertex -26.81227864195172 41.81477399128583 5.5
    endloop
  endfacet
  facet normal 0 0 1
    outer loop
      vertex -26.569805221139365 40.28385706336337 5.5
      vertex -26.150203265468896 40.38459458018833 5.5
      vertex -26.629179606750064 41.85873218044581 5.5
    endloop
  endfacet
  facet normal 0 0 1
    outer loop
      vertex -28.248473874283754 40.549732058481986 5.5
      vertex -28.141267819554184 42.629179606750064 5.5
      vertex -28.185226008714167 42.81227864195172 5.5
    endloop
  endfacet
  facet normal 0 0 1
    outer loop
      vertex -28.248473874283754 40.549732058481986 5.5
      vertex -28.06920782902604 42.45521140031254 5.5
      vertex -28.141267819554184 42.629179606750064 5.5
    endloop
  endfacet
  facet normal 0 0 1
    outer loop
      vertex -28.06920782902604 42.45521140031254 5.5
      vertex -27.849796734531104 40.38459458018833 5.5
      vertex -27.970820393249937 42.29465769724903 5.5
    endloop
  endfacet
  facet normal 0 0 1
    outer loop
      vertex -27.970820393249937 42.29465769724903 5.5
      vertex -27.849796734531104 40.38459458018833 5.5
      vertex -27.84852813742386 42.151471862576145 5.5
    endloop
  endfacet
  facet normal 0 0 1
    outer loop
      vertex -27.849796734531104 40.38459458018833 5.5
      vertex -27.705342302750967 42.02917960675006 5.5
      vertex -27.84852813742386 42.151471862576145 5.5
    endloop
  endfacet
  facet normal 0 0 1
    outer loop
      vertex -28.248473874283754 40.549732058481986 5.5
      vertex -28.185226008714167 42.81227864195172 5.5
      vertex -28.2 43 5.5
    endloop
  endfacet
  facet normal 0 0 1
    outer loop
      vertex -27.430194778860635 40.28385706336337 5.5
      vertex -27.544788599687458 41.93079217097396 5.5
      vertex -27.705342302750967 42.02917960675006 5.5
    endloop
  endfacet
  facet normal 0 0 1
    outer loop
      vertex -27.430194778860635 40.28385706336337 5.5
      vertex -27.370820393249936 41.85873218044581 5.5
      vertex -27.544788599687458 41.93079217097396 5.5
    endloop
  endfacet
  facet normal 0 0 1
    outer loop
      vertex -27.430194778860635 40.28385706336337 5.5
      vertex -27.18772135804828 41.81477399128583 5.5
      vertex -27.370820393249936 41.85873218044581 5.5
    endloop
  endfacet
  facet normal 0 0 1
    outer loop
      vertex -28.248473874283754 40.549732058481986 5.5
      vertex -28.2 43 5.5
      vertex -28.248473874283754 45.450267941518014 5.5
    endloop
  endfacet
  facet normal 0 0 1
    outer loop
      vertex -28.2 43 5.5
      vertex -28.185226008714167 43.18772135804828 5.5
      vertex -28.248473874283754 45.450267941518014 5.5
    endloop
  endfacet
  facet normal 0 0 1
    outer loop
      vertex -28.185226008714167 43.18772135804828 5.5
      vertex -28.141267819554184 43.370820393249936 5.5
      vertex -28.248473874283754 45.450267941518014 5.5
    endloop
  endfacet
  facet normal 0 0 1
    outer loop
      vertex -28.141267819554184 43.370820393249936 5.5
      vertex -28.06920782902604 43.54478859968746 5.5
      vertex -28.248473874283754 45.450267941518014 5.5
    endloop
  endfacet
  facet normal 0 0 1
    outer loop
      vertex -28.06920782902604 43.54478859968746 5.5
      vertex -27.970820393249937 43.70534230275097 5.5
      vertex -28.248473874283754 45.450267941518014 5.5
    endloop
  endfacet
  facet normal 0 0 1
    outer loop
      vertex -27.970820393249937 43.70534230275097 5.5
      vertex -27.84852813742386 43.848528137423855 5.5
      vertex -28.248473874283754 45.450267941518014 5.5
    endloop
  endfacet
  facet normal 0 0 1
    outer loop
      vertex -27 40.25 5.5
      vertex -27 41.8 5.5
      vertex -27.18772135804828 41.81477399128583 5.5
    endloop
  endfacet
  facet normal 0 0 1
    outer loop
      vertex -27 40.25 5.5
      vertex -26.81227864195172 41.81477399128583 5.5
      vertex -27 41.8 5.5
    endloop
  endfacet
  facet normal 0 0 1
    outer loop
      vertex -26.569805221139365 40.28385706336337 5.5
      vertex -26.629179606750064 41.85873218044581 5.5
      vertex -26.81227864195172 41.81477399128583 5.5
    endloop
  endfacet
  facet normal 0 0 1
    outer loop
      vertex -26.150203265468896 40.38459458018833 5.5
      vertex -26.455211400312542 41.93079217097396 5.5
      vertex -26.629179606750064 41.85873218044581 5.5
    endloop
  endfacet
  facet normal 0 0 1
    outer loop
      vertex -26.150203265468896 40.38459458018833 5.5
      vertex -26.294657697249033 42.02917960675006 5.5
      vertex -26.455211400312542 41.93079217097396 5.5
    endloop
  endfacet
  facet normal 0 0 1
    outer loop
      vertex -26.150203265468896 40.38459458018833 5.5
      vertex -26.15147186257614 42.151471862576145 5.5
      vertex -26.294657697249033 42.02917960675006 5.5
    endloop
  endfacet
  facet normal 0 0 1
    outer loop
      vertex -26.15147186257614 43.848528137423855 5.5
      vertex -26.029179606750063 43.70534230275097 5.5
      vertex -26.150203265468896 45.61540541981167 5.5
    endloop
  endfacet
  facet normal 0 0 1
    outer loop
      vertex -28.248473874283754 45.450267941518014 5.5
      vertex -27.84852813742386 43.848528137423855 5.5
      vertex -27.849796734531104 45.61540541981167 5.5
    endloop
  endfacet
  facet normal 0 0 1
    outer loop
      vertex -27.84852813742386 43.848528137423855 5.5
      vertex -27.705342302750967 43.97082039324994 5.5
      vertex -27.849796734531104 45.61540541981167 5.5
    endloop
  endfacet
  facet normal 0 0 1
    outer loop
      vertex -27.705342302750967 43.97082039324994 5.5
      vertex -27.544788599687458 44.06920782902604 5.5
      vertex -27.849796734531104 45.61540541981167 5.5
    endloop
  endfacet
  facet normal 0 0 1
    outer loop
      vertex -27.544788599687458 44.06920782902604 5.5
      vertex -27.370820393249936 44.14126781955419 5.5
      vertex -27.849796734531104 45.61540541981167 5.5
    endloop
  endfacet
  facet normal 0 0 1
    outer loop
      vertex -27.370820393249936 44.14126781955419 5.5
      vertex -27.430194778860635 45.71614293663663 5.5
      vertex -27.849796734531104 45.61540541981167 5.5
    endloop
  endfacet
  facet normal 0 0 1
    outer loop
      vertex -27.370820393249936 44.14126781955419 5.5
      vertex -27.18772135804828 44.18522600871417 5.5
      vertex -27.430194778860635 45.71614293663663 5.5
    endloop
  endfacet
  facet normal 0 0 1
    outer loop
      vertex -27.18772135804828 44.18522600871417 5.5
      vertex -27 45.75 5.5
      vertex -27.430194778860635 45.71614293663663 5.5
    endloop
  endfacet
  facet normal 0 0 1
    outer loop
      vertex -27.18772135804828 44.18522600871417 5.5
      vertex -27 44.2 5.5
      vertex -27 45.75 5.5
    endloop
  endfacet
  facet normal 0 0 1
    outer loop
      vertex -27 44.2 5.5
      vertex -26.81227864195172 44.18522600871417 5.5
      vertex -27 45.75 5.5
    endloop
  endfacet
  facet normal 0 0 1
    outer loop
      vertex -26.81227864195172 44.18522600871417 5.5
      vertex -26.629179606750064 44.14126781955419 5.5
      vertex -26.569805221139365 45.71614293663663 5.5
    endloop
  endfacet
  facet normal 0 0 1
    outer loop
      vertex -27 45.75 5.5
      vertex -26.81227864195172 44.18522600871417 5.5
      vertex -26.569805221139365 45.71614293663663 5.5
    endloop
  endfacet
  facet normal 0 0 1
    outer loop
      vertex -26.629179606750064 44.14126781955419 5.5
      vertex -26.455211400312542 44.06920782902604 5.5
      vertex -26.569805221139365 45.71614293663663 5.5
    endloop
  endfacet
  facet normal 0 0 1
    outer loop
      vertex -26.455211400312542 44.06920782902604 5.5
      vertex -26.294657697249033 43.97082039324994 5.5
      vertex -26.569805221139365 45.71614293663663 5.5
    endloop
  endfacet
  facet normal 0 0 1
    outer loop
      vertex -26.294657697249033 43.97082039324994 5.5
      vertex -26.150203265468896 45.61540541981167 5.5
      vertex -26.569805221139365 45.71614293663663 5.5
    endloop
  endfacet
  facet normal 0 0 1
    outer loop
      vertex -26.294657697249033 43.97082039324994 5.5
      vertex -26.15147186257614 43.848528137423855 5.5
      vertex -26.150203265468896 45.61540541981167 5.5
    endloop
  endfacet
  facet normal 0 0 1
    outer loop
      vertex -26.150203265468896 40.38459458018833 5.5
      vertex -25.751526125716246 40.549732058481986 5.5
      vertex -26.15147186257614 42.151471862576145 5.5
    endloop
  endfacet
  facet normal 0 0 1
    outer loop
      vertex -26.15147186257614 42.151471862576145 5.5
      vertex -25.751526125716246 40.549732058481986 5.5
      vertex -26.029179606750063 42.29465769724903 5.5
    endloop
  endfacet
  facet normal 0 0 1
    outer loop
      vertex -25.751526125716246 40.549732058481986 5.5
      vertex -25.93079217097396 42.45521140031254 5.5
      vertex -26.029179606750063 42.29465769724903 5.5
    endloop
  endfacet
  facet normal 0 0 1
    outer loop
      vertex -25.751526125716246 40.549732058481986 5.5
      vertex -25.858732180445816 42.629179606750064 5.5
      vertex -25.93079217097396 42.45521140031254 5.5
    endloop
  endfacet
  facet normal 0 0 1
    outer loop
      vertex -25.751526125716246 40.549732058481986 5.5
      vertex -25.814773991285833 42.81227864195172 5.5
      vertex -25.858732180445816 42.629179606750064 5.5
    endloop
  endfacet
  facet normal 0 0 1
    outer loop
      vertex -25.751526125716246 40.549732058481986 5.5
      vertex -25.8 43 5.5
      vertex -25.814773991285833 42.81227864195172 5.5
    endloop
  endfacet
  facet normal 0 0 1
    outer loop
      vertex -25.751526125716246 40.549732058481986 5.5
      vertex -25.3835905561957 40.775203265468896 5.5
      vertex -25.751526125716246 45.450267941518014 5.5
    endloop
  endfacet
  facet normal 0 0 1
    outer loop
      vertex -25.3835905561957 40.775203265468896 5.5
      vertex -25.055456351736993 41.05545635173699 5.5
      vertex -25.3835905561957 45.224796734531104 5.5
    endloop
  endfacet
  facet normal 0 0 1
    outer loop
      vertex -25.751526125716246 40.549732058481986 5.5
      vertex -25.751526125716246 45.450267941518014 5.5
      vertex -25.8 43 5.5
    endloop
  endfacet
  facet normal 0 0 1
    outer loop
      vertex -25.814773991285833 43.18772135804828 5.5
      vertex -25.751526125716246 45.450267941518014 5.5
      vertex -25.858732180445816 43.370820393249936 5.5
    endloop
  endfacet
  facet normal 0 0 1
    outer loop
      vertex -26.150203265468896 45.61540541981167 5.5
      vertex -26.029179606750063 43.70534230275097 5.5
      vertex -25.93079217097396 43.54478859968746 5.5
    endloop
  endfacet
  facet normal 0 0 1
    outer loop
      vertex -25.93079217097396 43.54478859968746 5.5
      vertex -25.858732180445816 43.370820393249936 5.5
      vertex -25.751526125716246 45.450267941518014 5.5
    endloop
  endfacet
  facet normal 0 0 1
    outer loop
      vertex -25.8 43 5.5
      vertex -25.751526125716246 45.450267941518014 5.5
      vertex -25.814773991285833 43.18772135804828 5.5
    endloop
  endfacet
  facet normal 0 0 1
    outer loop
      vertex -25.3835905561957 40.775203265468896 5.5
      vertex -25.3835905561957 45.224796734531104 5.5
      vertex -25.751526125716246 45.450267941518014 5.5
    endloop
  endfacet
  facet normal 0 0 1
    outer loop
      vertex -25.055456351736993 41.05545635173699 5.5
      vertex -25.055456351736993 44.94454364826301 5.5
      vertex -25.3835905561957 45.224796734531104 5.5
    endloop
  endfacet
  facet normal 0 0 1
    outer loop
      vertex -25.055456351736993 41.05545635173699 5.5
      vertex -24.775203265468896 41.3835905561957 5.5
      vertex -25.055456351736993 44.94454364826301 5.5
    endloop
  endfacet
  facet normal 0 0 1
    outer loop
      vertex -24.775203265468896 41.3835905561957 5.5
      vertex -24.54973205848199 41.751526125716246 5.5
      vertex -24.775203265468896 44.6164094438043 5.5
    endloop
  endfacet
  facet normal 0 0 1
    outer loop
      vertex -24.54973205848199 41.751526125716246 5.5
      vertex -24.384594580188327 42.150203265468896 5.5
      vertex -24.54973205848199 44.248473874283754 5.5
    endloop
  endfacet
  facet normal 0 0 1
    outer loop
      vertex -24.54973205848199 41.751526125716246 5.5
      vertex -24.54973205848199 44.248473874283754 5.5
      vertex -24.775203265468896 44.6164094438043 5.5
    endloop
  endfacet
  facet normal 0 0 1
    outer loop
      vertex -24.384594580188327 42.150203265468896 5.5
      vertex -24.384594580188327 43.849796734531104 5.5
      vertex -24.54973205848199 44.248473874283754 5.5
    endloop
  endfacet
  facet normal 0 0 1
    outer loop
      vertex -24.775203265468896 41.3835905561957 5.5
      vertex -24.775203265468896 44.6164094438043 5.5
      vertex -25.055456351736993 44.94454364826301 5.5
    endloop
  endfacet
  facet normal 0 0 1
    outer loop
      vertex -24.384594580188327 42.150203265468896 5.5
      vertex -24.28385706336337 42.56980522113936 5.5
      vertex -24.384594580188327 43.849796734531104 5.5
    endloop
  endfacet
  facet normal 0 0 1
    outer loop
      vertex -24.28385706336337 42.56980522113936 5.5
      vertex -24.25 43 5.5
      vertex -24.28385706336337 43.43019477886064 5.5
    endloop
  endfacet
  facet normal 0 0 1
    outer loop
      vertex -24.28385706336337 42.56980522113936 5.5
      vertex -24.28385706336337 43.43019477886064 5.5
      vertex -24.384594580188327 43.849796734531104 5.5
    endloop
  endfacet
  facet normal 0 0 1
    outer loop
      vertex -26.150203265468896 45.61540541981167 5.5
      vertex -25.93079217097396 43.54478859968746 5.5
      vertex -25.751526125716246 45.450267941518014 5.5
    endloop
  endfacet
  facet normal 0.760405965600024 0.6494480483301917 0
    outer loop
      vertex -27.970820393249937 -43.70534230275097 5.5
      vertex -27.84852813742386 -43.848528137423855 2.5
      vertex -27.970820393249937 -43.70534230275097 2.5
    endloop
  endfacet
  facet normal 0.6494480483301839 0.7604059656000307 0
    outer loop
      vertex -27.84852813742386 -43.848528137423855 5.5
      vertex -27.705342302750967 -43.97082039324994 2.5
      vertex -27.84852813742386 -43.848528137423855 2.5
    endloop
  endfacet
  facet normal 0.9238795325112893 0.3826834323650836 0
    outer loop
      vertex -28.141267819554184 -43.370820393249936 5.5
      vertex -28.06920782902604 -43.54478859968746 2.5
      vertex -28.141267819554184 -43.370820393249936 2.5
    endloop
  endfacet
  facet normal 0.9723699203976726 0.23344536385592202 0
    outer loop
      vertex -28.185226008714167 -43.18772135804828 5.5
      vertex -28.141267819554184 -43.370820393249936 2.5
      vertex -28.185226008714167 -43.18772135804828 2.5
    endloop
  endfacet
  facet normal 0.8526401643540962 0.5224985647159421 0
    outer loop
      vertex -28.06920782902604 -43.54478859968746 5.5
      vertex -27.970820393249937 -43.70534230275097 2.5
      vertex -28.06920782902604 -43.54478859968746 2.5
    endloop
  endfacet
  facet normal 0.9969173337331291 0.07845909572782986 0
    outer loop
      vertex -28.2 -43 5.5
      vertex -28.185226008714167 -43.18772135804828 2.5
      vertex -28.2 -43 2.5
    endloop
  endfacet
  facet normal 0.9969173337331291 -0.07845909572782986 0
    outer loop
      vertex -28.185226008714167 -42.81227864195172 5.5
      vertex -28.2 -43 2.5
      vertex -28.185226008714167 -42.81227864195172 2.5
    endloop
  endfacet
  facet normal 0.3826834323650998 0.9238795325112827 0
    outer loop
      vertex -27.544788599687458 -44.06920782902604 5.5
      vertex -27.370820393249936 -44.14126781955419 2.5
      vertex -27.544788599687458 -44.06920782902604 2.5
    endloop
  endfacet
  facet normal 0.5224985647159506 0.8526401643540911 0
    outer loop
      vertex -27.705342302750967 -43.97082039324994 5.5
      vertex -27.544788599687458 -44.06920782902604 2.5
      vertex -27.705342302750967 -43.97082039324994 2.5
    endloop
  endfacet
  facet normal 0.23344536385590423 0.972369920397677 0
    outer loop
      vertex -27.370820393249936 -44.14126781955419 5.5
      vertex -27.18772135804828 -44.18522600871417 2.5
      vertex -27.370820393249936 -44.14126781955419 2.5
    endloop
  endfacet
  facet normal 0.9723699203976726 -0.23344536385592202 0
    outer loop
      vertex -28.141267819554184 -42.629179606750064 5.5
      vertex -28.185226008714167 -42.81227864195172 2.5
      vertex -28.141267819554184 -42.629179606750064 2.5
    endloop
  endfacet
  facet normal 0.9238795325112893 -0.3826834323650836 0
    outer loop
      vertex -28.06920782902604 -42.45521140031254 5.5
      vertex -28.141267819554184 -42.629179606750064 2.5
      vertex -28.06920782902604 -42.45521140031254 2.5
    endloop
  endfacet
  facet normal 0.8526401643540962 -0.5224985647159421 0
    outer loop
      vertex -27.970820393249937 -42.29465769724903 5.5
      vertex -28.06920782902604 -42.45521140031254 2.5
      vertex -27.970820393249937 -42.29465769724903 2.5
    endloop
  endfacet
  facet normal 0.760405965600024 -0.6494480483301917 0
    outer loop
      vertex -27.84852813742386 -42.151471862576145 5.5
      vertex -27.970820393249937 -42.29465769724903 2.5
      vertex -27.84852813742386 -42.151471862576145 2.5
    endloop
  endfacet
  facet normal 0.6494480483301839 -0.7604059656000307 0
    outer loop
      vertex -27.705342302750967 -42.02917960675006 5.5
      vertex -27.84852813742386 -42.151471862576145 2.5
      vertex -27.705342302750967 -42.02917960675006 2.5
    endloop
  endfacet
  facet normal 0.5224985647159506 -0.8526401643540911 0
    outer loop
      vertex -27.544788599687458 -41.93079217097396 5.5
      vertex -27.705342302750967 -42.02917960675006 2.5
      vertex -27.544788599687458 -41.93079217097396 2.5
    endloop
  endfacet
  facet normal 0.3826834323650998 -0.9238795325112827 0
    outer loop
      vertex -27.370820393249936 -41.85873218044581 5.5
      vertex -27.544788599687458 -41.93079217097396 2.5
      vertex -27.370820393249936 -41.85873218044581 2.5
    endloop
  endfacet
  facet normal 0.23344536385590423 -0.972369920397677 0
    outer loop
      vertex -27.18772135804828 -41.81477399128583 5.5
      vertex -27.370820393249936 -41.85873218044581 2.5
      vertex -27.18772135804828 -41.81477399128583 2.5
    endloop
  endfacet
  facet normal 0.07845909572784862 0.9969173337331277 0
    outer loop
      vertex -27.18772135804828 -44.18522600871417 5.5
      vertex -27 -44.2 2.5
      vertex -27.18772135804828 -44.18522600871417 2.5
    endloop
  endfacet
  facet normal -0.07845909572784862 0.9969173337331277 0
    outer loop
      vertex -27 -44.2 5.5
      vertex -26.81227864195172 -44.18522600871417 2.5
      vertex -27 -44.2 2.5
    endloop
  endfacet
  facet normal -0.23344536385590423 0.972369920397677 0
    outer loop
      vertex -26.81227864195172 -44.18522600871417 5.5
      vertex -26.629179606750064 -44.14126781955419 2.5
      vertex -26.81227864195172 -44.18522600871417 2.5
    endloop
  endfacet
  facet normal -0.3826834323650998 0.9238795325112827 0
    outer loop
      vertex -26.629179606750064 -44.14126781955419 5.5
      vertex -26.455211400312542 -44.06920782902604 2.5
      vertex -26.629179606750064 -44.14126781955419 2.5
    endloop
  endfacet
  facet normal -0.5224985647159506 0.8526401643540911 0
    outer loop
      vertex -26.455211400312542 -44.06920782902604 5.5
      vertex -26.294657697249033 -43.97082039324994 2.5
      vertex -26.455211400312542 -44.06920782902604 2.5
    endloop
  endfacet
  facet normal -0.6494480483301839 0.7604059656000307 0
    outer loop
      vertex -26.294657697249033 -43.97082039324994 5.5
      vertex -26.15147186257614 -43.848528137423855 2.5
      vertex -26.294657697249033 -43.97082039324994 2.5
    endloop
  endfacet
  facet normal -0.760405965600024 0.6494480483301917 0
    outer loop
      vertex -26.15147186257614 -43.848528137423855 5.5
      vertex -26.029179606750063 -43.70534230275097 2.5
      vertex -26.15147186257614 -43.848528137423855 2.5
    endloop
  endfacet
  facet normal 0.07845909572784862 -0.9969173337331277 0
    outer loop
      vertex -27 -41.8 5.5
      vertex -27.18772135804828 -41.81477399128583 2.5
      vertex -27 -41.8 2.5
    endloop
  endfacet
  facet normal -0.07845909572784862 -0.9969173337331277 0
    outer loop
      vertex -26.81227864195172 -41.81477399128583 5.5
      vertex -27 -41.8 2.5
      vertex -26.81227864195172 -41.81477399128583 2.5
    endloop
  endfacet
  facet normal -0.23344536385590423 -0.972369920397677 0
    outer loop
      vertex -26.629179606750064 -41.85873218044581 5.5
      vertex -26.81227864195172 -41.81477399128583 2.5
      vertex -26.629179606750064 -41.85873218044581 2.5
    endloop
  endfacet
  facet normal -0.6494480483301839 -0.7604059656000307 0
    outer loop
      vertex -26.15147186257614 -42.151471862576145 5.5
      vertex -26.294657697249033 -42.02917960675006 2.5
      vertex -26.15147186257614 -42.151471862576145 2.5
    endloop
  endfacet
  facet normal -0.760405965600024 -0.6494480483301917 0
    outer loop
      vertex -26.029179606750063 -42.29465769724903 5.5
      vertex -26.15147186257614 -42.151471862576145 2.5
      vertex -26.029179606750063 -42.29465769724903 2.5
    endloop
  endfacet
  facet normal -0.3826834323650998 -0.9238795325112827 0
    outer loop
      vertex -26.455211400312542 -41.93079217097396 5.5
      vertex -26.629179606750064 -41.85873218044581 2.5
      vertex -26.455211400312542 -41.93079217097396 2.5
    endloop
  endfacet
  facet normal -0.5224985647159506 -0.8526401643540911 0
    outer loop
      vertex -26.294657697249033 -42.02917960675006 5.5
      vertex -26.455211400312542 -41.93079217097396 2.5
      vertex -26.294657697249033 -42.02917960675006 2.5
    endloop
  endfacet
  facet normal 0.8526401643540962 0.5224985647159421 0
    outer loop
      vertex -27.970820393249937 -43.70534230275097 5.5
      vertex -27.970820393249937 -43.70534230275097 2.5
      vertex -28.06920782902604 -43.54478859968746 5.5
    endloop
  endfacet
  facet normal 0.760405965600024 0.6494480483301917 2.6249064513909427e-18
    outer loop
      vertex -27.970820393249937 -43.70534230275097 5.5
      vertex -27.84852813742386 -43.848528137423855 5.5
      vertex -27.84852813742386 -43.848528137423855 2.5
    endloop
  endfacet
  facet normal 0.6494480483301839 0.7604059656000307 0
    outer loop
      vertex -27.705342302750967 -43.97082039324994 5.5
      vertex -27.705342302750967 -43.97082039324994 2.5
      vertex -27.84852813742386 -43.848528137423855 5.5
    endloop
  endfacet
  facet normal 0.9723699203976726 0.23344536385592202 0
    outer loop
      vertex -28.141267819554184 -43.370820393249936 5.5
      vertex -28.141267819554184 -43.370820393249936 2.5
      vertex -28.185226008714167 -43.18772135804828 5.5
    endloop
  endfacet
  facet normal 0.9238795325112893 0.3826834323650836 -6.026964432235277e-19
    outer loop
      vertex -28.141267819554184 -43.370820393249936 5.5
      vertex -28.06920782902604 -43.54478859968746 5.5
      vertex -28.06920782902604 -43.54478859968746 2.5
    endloop
  endfacet
  facet normal 0.9969173337331291 0.07845909572782986 0
    outer loop
      vertex -28.185226008714167 -43.18772135804828 5.5
      vertex -28.185226008714167 -43.18772135804828 2.5
      vertex -28.2 -43 5.5
    endloop
  endfacet
  facet normal 0.9969173337331291 -0.07845909572782986 0
    outer loop
      vertex -28.2 -43 5.5
      vertex -28.2 -43 2.5
      vertex -28.185226008714167 -42.81227864195172 5.5
    endloop
  endfacet
  facet normal 0.5224985647159506 0.8526401643540911 -3.0136479983530177e-19
    outer loop
      vertex -27.705342302750967 -43.97082039324994 5.5
      vertex -27.544788599687458 -44.06920782902604 5.5
      vertex -27.544788599687458 -44.06920782902604 2.5
    endloop
  endfacet
  facet normal 0.3826834323650998 0.9238795325112827 -1.4836743213076805e-18
    outer loop
      vertex -27.544788599687458 -44.06920782902604 5.5
      vertex -27.370820393249936 -44.14126781955419 5.5
      vertex -27.370820393249936 -44.14126781955419 2.5
    endloop
  endfacet
  facet normal 0.23344536385590423 0.972369920397677 -4.1608086094639506e-19
    outer loop
      vertex -27.370820393249936 -44.14126781955419 5.5
      vertex -27.18772135804828 -44.18522600871417 5.5
      vertex -27.18772135804828 -44.18522600871417 2.5
    endloop
  endfacet
  facet normal 0.9723699203976726 -0.23344536385592202 0
    outer loop
      vertex -28.185226008714167 -42.81227864195172 5.5
      vertex -28.185226008714167 -42.81227864195172 2.5
      vertex -28.141267819554184 -42.629179606750064 5.5
    endloop
  endfacet
  facet normal 0.9238795325112893 -0.3826834323650836 0
    outer loop
      vertex -28.141267819554184 -42.629179606750064 5.5
      vertex -28.141267819554184 -42.629179606750064 2.5
      vertex -28.06920782902604 -42.45521140031254 5.5
    endloop
  endfacet
  facet normal 0.8526401643540962 -0.5224985647159421 0
    outer loop
      vertex -28.06920782902604 -42.45521140031254 5.5
      vertex -28.06920782902604 -42.45521140031254 2.5
      vertex -27.970820393249937 -42.29465769724903 5.5
    endloop
  endfacet
  facet normal 0.760405965600024 -0.6494480483301917 0
    outer loop
      vertex -27.970820393249937 -42.29465769724903 5.5
      vertex -27.970820393249937 -42.29465769724903 2.5
      vertex -27.84852813742386 -42.151471862576145 5.5
    endloop
  endfacet
  facet normal 0.6494480483301839 -0.7604059656000307 0
    outer loop
      vertex -27.84852813742386 -42.151471862576145 5.5
      vertex -27.84852813742386 -42.151471862576145 2.5
      vertex -27.705342302750967 -42.02917960675006 5.5
    endloop
  endfacet
  facet normal 0.5224985647159506 -0.8526401643540911 0
    outer loop
      vertex -27.705342302750967 -42.02917960675006 5.5
      vertex -27.705342302750967 -42.02917960675006 2.5
      vertex -27.544788599687458 -41.93079217097396 5.5
    endloop
  endfacet
  facet normal 0.3826834323650998 -0.9238795325112827 0
    outer loop
      vertex -27.544788599687458 -41.93079217097396 5.5
      vertex -27.544788599687458 -41.93079217097396 2.5
      vertex -27.370820393249936 -41.85873218044581 5.5
    endloop
  endfacet
  facet normal 0.23344536385590423 -0.972369920397677 0
    outer loop
      vertex -27.370820393249936 -41.85873218044581 5.5
      vertex -27.370820393249936 -41.85873218044581 2.5
      vertex -27.18772135804828 -41.81477399128583 5.5
    endloop
  endfacet
  facet normal 0.07845909572784862 0.9969173337331277 3.1817204979716393e-19
    outer loop
      vertex -27.18772135804828 -44.18522600871417 5.5
      vertex -27 -44.2 5.5
      vertex -27 -44.2 2.5
    endloop
  endfacet
  facet normal -0.07845909572784862 0.9969173337331277 -3.1817204979716393e-19
    outer loop
      vertex -27 -44.2 5.5
      vertex -26.81227864195172 -44.18522600871417 5.5
      vertex -26.81227864195172 -44.18522600871417 2.5
    endloop
  endfacet
  facet normal -0.23344536385590423 0.972369920397677 4.1608086094639506e-19
    outer loop
      vertex -26.81227864195172 -44.18522600871417 5.5
      vertex -26.629179606750064 -44.14126781955419 5.5
      vertex -26.629179606750064 -44.14126781955419 2.5
    endloop
  endfacet
  facet normal -0.3826834323650998 0.9238795325112827 1.4836743213076805e-18
    outer loop
      vertex -26.629179606750064 -44.14126781955419 5.5
      vertex -26.455211400312542 -44.06920782902604 5.5
      vertex -26.455211400312542 -44.06920782902604 2.5
    endloop
  endfacet
  facet normal -0.5224985647159506 0.8526401643540911 3.0136479983530177e-19
    outer loop
      vertex -26.455211400312542 -44.06920782902604 5.5
      vertex -26.294657697249033 -43.97082039324994 5.5
      vertex -26.294657697249033 -43.97082039324994 2.5
    endloop
  endfacet
  facet normal -0.6494480483301839 0.7604059656000307 -2.1530156631096757e-18
    outer loop
      vertex -26.294657697249033 -43.97082039324994 5.5
      vertex -26.15147186257614 -43.848528137423855 5.5
      vertex -26.15147186257614 -43.848528137423855 2.5
    endloop
  endfacet
  facet normal -0.760405965600024 0.6494480483301917 -2.6249064513909427e-18
    outer loop
      vertex -26.15147186257614 -43.848528137423855 5.5
      vertex -26.029179606750063 -43.70534230275097 5.5
      vertex -26.029179606750063 -43.70534230275097 2.5
    endloop
  endfacet
  facet normal 0.07845909572784862 -0.9969173337331277 0
    outer loop
      vertex -27.18772135804828 -41.81477399128583 5.5
      vertex -27.18772135804828 -41.81477399128583 2.5
      vertex -27 -41.8 5.5
    endloop
  endfacet
  facet normal -0.07845909572784862 -0.9969173337331277 0
    outer loop
      vertex -27 -41.8 5.5
      vertex -27 -41.8 2.5
      vertex -26.81227864195172 -41.81477399128583 5.5
    endloop
  endfacet
  facet normal -0.23344536385590423 -0.972369920397677 0
    outer loop
      vertex -26.81227864195172 -41.81477399128583 5.5
      vertex -26.81227864195172 -41.81477399128583 2.5
      vertex -26.629179606750064 -41.85873218044581 5.5
    endloop
  endfacet
  facet normal -0.6494480483301839 -0.7604059656000307 0
    outer loop
      vertex -26.294657697249033 -42.02917960675006 5.5
      vertex -26.294657697249033 -42.02917960675006 2.5
      vertex -26.15147186257614 -42.151471862576145 5.5
    endloop
  endfacet
  facet normal -0.760405965600024 -0.6494480483301917 0
    outer loop
      vertex -26.15147186257614 -42.151471862576145 5.5
      vertex -26.15147186257614 -42.151471862576145 2.5
      vertex -26.029179606750063 -42.29465769724903 5.5
    endloop
  endfacet
  facet normal -0.3826834323650998 -0.9238795325112827 0
    outer loop
      vertex -26.629179606750064 -41.85873218044581 5.5
      vertex -26.629179606750064 -41.85873218044581 2.5
      vertex -26.455211400312542 -41.93079217097396 5.5
    endloop
  endfacet
  facet normal -0.5224985647159506 -0.8526401643540911 0
    outer loop
      vertex -26.455211400312542 -41.93079217097396 5.5
      vertex -26.455211400312542 -41.93079217097396 2.5
      vertex -26.294657697249033 -42.02917960675006 5.5
    endloop
  endfacet
  facet normal -0.8526401643540962 0.5224985647159421 0
    outer loop
      vertex -26.029179606750063 -43.70534230275097 5.5
      vertex -25.93079217097396 -43.54478859968746 2.5
      vertex -26.029179606750063 -43.70534230275097 2.5
    endloop
  endfacet
  facet normal -0.9238795325112893 0.3826834323650836 0
    outer loop
      vertex -25.93079217097396 -43.54478859968746 5.5
      vertex -25.858732180445816 -43.370820393249936 2.5
      vertex -25.93079217097396 -43.54478859968746 2.5
    endloop
  endfacet
  facet normal -0.9723699203976726 0.23344536385592202 0
    outer loop
      vertex -25.858732180445816 -43.370820393249936 5.5
      vertex -25.814773991285833 -43.18772135804828 2.5
      vertex -25.858732180445816 -43.370820393249936 2.5
    endloop
  endfacet
  facet normal -0.9969173337331291 0.07845909572782986 0
    outer loop
      vertex -25.814773991285833 -43.18772135804828 5.5
      vertex -25.8 -43 2.5
      vertex -25.814773991285833 -43.18772135804828 2.5
    endloop
  endfacet
  facet normal -0.9969173337331291 -0.07845909572782986 0
    outer loop
      vertex -25.8 -43 5.5
      vertex -25.814773991285833 -42.81227864195172 2.5
      vertex -25.8 -43 2.5
    endloop
  endfacet
  facet normal -0.9723699203976726 -0.23344536385592202 0
    outer loop
      vertex -25.814773991285833 -42.81227864195172 5.5
      vertex -25.858732180445816 -42.629179606750064 2.5
      vertex -25.814773991285833 -42.81227864195172 2.5
    endloop
  endfacet
  facet normal -0.9238795325112893 -0.3826834323650836 0
    outer loop
      vertex -25.858732180445816 -42.629179606750064 5.5
      vertex -25.93079217097396 -42.45521140031254 2.5
      vertex -25.858732180445816 -42.629179606750064 2.5
    endloop
  endfacet
  facet normal -0.8526401643540962 -0.5224985647159421 0
    outer loop
      vertex -25.93079217097396 -42.45521140031254 5.5
      vertex -26.029179606750063 -42.29465769724903 2.5
      vertex -25.93079217097396 -42.45521140031254 2.5
    endloop
  endfacet
  facet normal -0.8526401643540962 0.5224985647159421 -1.241819431950271e-18
    outer loop
      vertex -26.029179606750063 -43.70534230275097 5.5
      vertex -25.93079217097396 -43.54478859968746 5.5
      vertex -25.93079217097396 -43.54478859968746 2.5
    endloop
  endfacet
  facet normal -0.9238795325112893 0.3826834323650836 6.026964432235277e-19
    outer loop
      vertex -25.93079217097396 -43.54478859968746 5.5
      vertex -25.858732180445816 -43.370820393249936 5.5
      vertex -25.858732180445816 -43.370820393249936 2.5
    endloop
  endfacet
  facet normal -0.9723699203976726 0.23344536385592202 3.756200128282952e-19
    outer loop
      vertex -25.858732180445816 -43.370820393249936 5.5
      vertex -25.814773991285833 -43.18772135804828 5.5
      vertex -25.814773991285833 -43.18772135804828 2.5
    endloop
  endfacet
  facet normal -0.9969173337331291 0.07845909572782986 -1.7489149491276233e-19
    outer loop
      vertex -25.814773991285833 -43.18772135804828 5.5
      vertex -25.8 -43 5.5
      vertex -25.8 -43 2.5
    endloop
  endfacet
  facet normal -0.9969173337331291 -0.07845909572782986 1.7489149491276233e-19
    outer loop
      vertex -25.8 -43 5.5
      vertex -25.814773991285833 -42.81227864195172 5.5
      vertex -25.814773991285833 -42.81227864195172 2.5
    endloop
  endfacet
  facet normal -0.9723699203976726 -0.23344536385592202 -3.756200128282952e-19
    outer loop
      vertex -25.814773991285833 -42.81227864195172 5.5
      vertex -25.858732180445816 -42.629179606750064 5.5
      vertex -25.858732180445816 -42.629179606750064 2.5
    endloop
  endfacet
  facet normal -0.9238795325112893 -0.3826834323650836 -6.026964432235277e-19
    outer loop
      vertex -25.858732180445816 -42.629179606750064 5.5
      vertex -25.93079217097396 -42.45521140031254 5.5
      vertex -25.93079217097396 -42.45521140031254 2.5
    endloop
  endfacet
  facet normal -0.8526401643540962 -0.5224985647159421 1.241819431950271e-18
    outer loop
      vertex -25.93079217097396 -42.45521140031254 5.5
      vertex -26.029179606750063 -42.29465769724903 5.5
      vertex -26.029179606750063 -42.29465769724903 2.5
    endloop
  endfacet
  facet normal 0.9238795325112893 0.3826834323650836 0
    outer loop
      vertex 25.858732180445816 -43.370820393249936 5.5
      vertex 25.93079217097396 -43.54478859968746 2.5
      vertex 25.858732180445816 -43.370820393249936 2.5
    endloop
  endfacet
  facet normal 0.9723699203976726 0.23344536385592202 0
    outer loop
      vertex 25.814773991285833 -43.18772135804828 5.5
      vertex 25.858732180445816 -43.370820393249936 2.5
      vertex 25.814773991285833 -43.18772135804828 2.5
    endloop
  endfacet
  facet normal 0.8526401643540962 0.5224985647159421 0
    outer loop
      vertex 25.93079217097396 -43.54478859968746 5.5
      vertex 26.029179606750063 -43.70534230275097 2.5
      vertex 25.93079217097396 -43.54478859968746 2.5
    endloop
  endfacet
  facet normal 0.9969173337331291 0.07845909572782986 0
    outer loop
      vertex 25.8 -43 5.5
      vertex 25.814773991285833 -43.18772135804828 2.5
      vertex 25.8 -43 2.5
    endloop
  endfacet
  facet normal 0.9969173337331291 -0.07845909572782986 0
    outer loop
      vertex 25.814773991285833 -42.81227864195172 5.5
      vertex 25.8 -43 2.5
      vertex 25.814773991285833 -42.81227864195172 2.5
    endloop
  endfacet
  facet normal 0.9723699203976726 -0.23344536385592202 0
    outer loop
      vertex 25.858732180445816 -42.629179606750064 5.5
      vertex 25.814773991285833 -42.81227864195172 2.5
      vertex 25.858732180445816 -42.629179606750064 2.5
    endloop
  endfacet
  facet normal 0.9238795325112893 -0.3826834323650836 0
    outer loop
      vertex 25.93079217097396 -42.45521140031254 5.5
      vertex 25.858732180445816 -42.629179606750064 2.5
      vertex 25.93079217097396 -42.45521140031254 2.5
    endloop
  endfacet
  facet normal 0.8526401643540962 -0.5224985647159421 0
    outer loop
      vertex 26.029179606750063 -42.29465769724903 5.5
      vertex 25.93079217097396 -42.45521140031254 2.5
      vertex 26.029179606750063 -42.29465769724903 2.5
    endloop
  endfacet
  facet normal 0.8526401643540962 0.5224985647159421 0
    outer loop
      vertex 26.029179606750063 -43.70534230275097 5.5
      vertex 26.029179606750063 -43.70534230275097 2.5
      vertex 25.93079217097396 -43.54478859968746 5.5
    endloop
  endfacet
  facet normal 0.9238795325112893 0.3826834323650836 -6.026964432235277e-19
    outer loop
      vertex 25.858732180445816 -43.370820393249936 5.5
      vertex 25.93079217097396 -43.54478859968746 5.5
      vertex 25.93079217097396 -43.54478859968746 2.5
    endloop
  endfacet
  facet normal 0.9723699203976726 0.23344536385592202 0
    outer loop
      vertex 25.858732180445816 -43.370820393249936 5.5
      vertex 25.858732180445816 -43.370820393249936 2.5
      vertex 25.814773991285833 -43.18772135804828 5.5
    endloop
  endfacet
  facet normal 0.9969173337331291 0.07845909572782986 0
    outer loop
      vertex 25.814773991285833 -43.18772135804828 5.5
      vertex 25.814773991285833 -43.18772135804828 2.5
      vertex 25.8 -43 5.5
    endloop
  endfacet
  facet normal 0.9969173337331291 -0.07845909572782986 0
    outer loop
      vertex 25.8 -43 5.5
      vertex 25.8 -43 2.5
      vertex 25.814773991285833 -42.81227864195172 5.5
    endloop
  endfacet
  facet normal 0.9723699203976726 -0.23344536385592202 0
    outer loop
      vertex 25.814773991285833 -42.81227864195172 5.5
      vertex 25.814773991285833 -42.81227864195172 2.5
      vertex 25.858732180445816 -42.629179606750064 5.5
    endloop
  endfacet
  facet normal 0.9238795325112893 -0.3826834323650836 0
    outer loop
      vertex 25.858732180445816 -42.629179606750064 5.5
      vertex 25.858732180445816 -42.629179606750064 2.5
      vertex 25.93079217097396 -42.45521140031254 5.5
    endloop
  endfacet
  facet normal 0.8526401643540962 -0.5224985647159421 0
    outer loop
      vertex 25.93079217097396 -42.45521140031254 5.5
      vertex 25.93079217097396 -42.45521140031254 2.5
      vertex 26.029179606750063 -42.29465769724903 5.5
    endloop
  endfacet
  facet normal 0.760405965600024 0.6494480483301917 0
    outer loop
      vertex 26.029179606750063 -43.70534230275097 5.5
      vertex 26.15147186257614 -43.848528137423855 2.5
      vertex 26.029179606750063 -43.70534230275097 2.5
    endloop
  endfacet
  facet normal 0.6494480483301839 0.7604059656000307 0
    outer loop
      vertex 26.15147186257614 -43.848528137423855 5.5
      vertex 26.294657697249033 -43.97082039324994 2.5
      vertex 26.15147186257614 -43.848528137423855 2.5
    endloop
  endfacet
  facet normal 0.3826834323650998 0.9238795325112827 0
    outer loop
      vertex 26.455211400312542 -44.06920782902604 5.5
      vertex 26.629179606750064 -44.14126781955419 2.5
      vertex 26.455211400312542 -44.06920782902604 2.5
    endloop
  endfacet
  facet normal 0.5224985647159506 0.8526401643540911 0
    outer loop
      vertex 26.294657697249033 -43.97082039324994 5.5
      vertex 26.455211400312542 -44.06920782902604 2.5
      vertex 26.294657697249033 -43.97082039324994 2.5
    endloop
  endfacet
  facet normal 0.23344536385590423 0.972369920397677 0
    outer loop
      vertex 26.629179606750064 -44.14126781955419 5.5
      vertex 26.81227864195172 -44.18522600871417 2.5
      vertex 26.629179606750064 -44.14126781955419 2.5
    endloop
  endfacet
  facet normal 0.07845909572784862 0.9969173337331277 0
    outer loop
      vertex 26.81227864195172 -44.18522600871417 5.5
      vertex 27 -44.2 2.5
      vertex 26.81227864195172 -44.18522600871417 2.5
    endloop
  endfacet
  facet normal -0.07845909572784862 0.9969173337331277 0
    outer loop
      vertex 27 -44.2 5.5
      vertex 27.18772135804828 -44.18522600871417 2.5
      vertex 27 -44.2 2.5
    endloop
  endfacet
  facet normal 0.760405965600024 -0.6494480483301917 0
    outer loop
      vertex 26.15147186257614 -42.151471862576145 5.5
      vertex 26.029179606750063 -42.29465769724903 2.5
      vertex 26.15147186257614 -42.151471862576145 2.5
    endloop
  endfacet
  facet normal 0.6494480483301839 -0.7604059656000307 0
    outer loop
      vertex 26.294657697249033 -42.02917960675006 5.5
      vertex 26.15147186257614 -42.151471862576145 2.5
      vertex 26.294657697249033 -42.02917960675006 2.5
    endloop
  endfacet
  facet normal 0.5224985647159506 -0.8526401643540911 0
    outer loop
      vertex 26.455211400312542 -41.93079217097396 5.5
      vertex 26.294657697249033 -42.02917960675006 2.5
      vertex 26.455211400312542 -41.93079217097396 2.5
    endloop
  endfacet
  facet normal 0.3826834323650998 -0.9238795325112827 0
    outer loop
      vertex 26.629179606750064 -41.85873218044581 5.5
      vertex 26.455211400312542 -41.93079217097396 2.5
      vertex 26.629179606750064 -41.85873218044581 2.5
    endloop
  endfacet
  facet normal 0.23344536385590423 -0.972369920397677 0
    outer loop
      vertex 26.81227864195172 -41.81477399128583 5.5
      vertex 26.629179606750064 -41.85873218044581 2.5
      vertex 26.81227864195172 -41.81477399128583 2.5
    endloop
  endfacet
  facet normal 0.07845909572784862 -0.9969173337331277 0
    outer loop
      vertex 27 -41.8 5.5
      vertex 26.81227864195172 -41.81477399128583 2.5
      vertex 27 -41.8 2.5
    endloop
  endfacet
  facet normal -0.07845909572784862 -0.9969173337331277 0
    outer loop
      vertex 27.18772135804828 -41.81477399128583 5.5
      vertex 27 -41.8 2.5
      vertex 27.18772135804828 -41.81477399128583 2.5
    endloop
  endfacet
  facet normal -0.23344536385590423 0.972369920397677 0
    outer loop
      vertex 27.18772135804828 -44.18522600871417 5.5
      vertex 27.370820393249936 -44.14126781955419 2.5
      vertex 27.18772135804828 -44.18522600871417 2.5
    endloop
  endfacet
  facet normal -0.3826834323650998 0.9238795325112827 0
    outer loop
      vertex 27.370820393249936 -44.14126781955419 5.5
      vertex 27.544788599687458 -44.06920782902604 2.5
      vertex 27.370820393249936 -44.14126781955419 2.5
    endloop
  endfacet
  facet normal -0.5224985647159506 0.8526401643540911 0
    outer loop
      vertex 27.544788599687458 -44.06920782902604 5.5
      vertex 27.705342302750967 -43.97082039324994 2.5
      vertex 27.544788599687458 -44.06920782902604 2.5
    endloop
  endfacet
  facet normal -0.6494480483301839 0.7604059656000307 0
    outer loop
      vertex 27.705342302750967 -43.97082039324994 5.5
      vertex 27.84852813742386 -43.848528137423855 2.5
      vertex 27.705342302750967 -43.97082039324994 2.5
    endloop
  endfacet
  facet normal -0.760405965600024 0.6494480483301917 0
    outer loop
      vertex 27.84852813742386 -43.848528137423855 5.5
      vertex 27.970820393249937 -43.70534230275097 2.5
      vertex 27.84852813742386 -43.848528137423855 2.5
    endloop
  endfacet
  facet normal -0.8526401643540962 0.5224985647159421 0
    outer loop
      vertex 27.970820393249937 -43.70534230275097 5.5
      vertex 28.06920782902604 -43.54478859968746 2.5
      vertex 27.970820393249937 -43.70534230275097 2.5
    endloop
  endfacet
  facet normal -0.9238795325112893 0.3826834323650836 0
    outer loop
      vertex 28.06920782902604 -43.54478859968746 5.5
      vertex 28.141267819554184 -43.370820393249936 2.5
      vertex 28.06920782902604 -43.54478859968746 2.5
    endloop
  endfacet
  facet normal -0.9723699203976726 0.23344536385592202 0
    outer loop
      vertex 28.141267819554184 -43.370820393249936 5.5
      vertex 28.185226008714167 -43.18772135804828 2.5
      vertex 28.141267819554184 -43.370820393249936 2.5
    endloop
  endfacet
  facet normal -0.9969173337331291 0.07845909572782986 0
    outer loop
      vertex 28.185226008714167 -43.18772135804828 5.5
      vertex 28.2 -43 2.5
      vertex 28.185226008714167 -43.18772135804828 2.5
    endloop
  endfacet
  facet normal -0.9969173337331291 -0.07845909572782986 0
    outer loop
      vertex 28.2 -43 5.5
      vertex 28.185226008714167 -42.81227864195172 2.5
      vertex 28.2 -43 2.5
    endloop
  endfacet
  facet normal -0.23344536385590423 -0.972369920397677 0
    outer loop
      vertex 27.370820393249936 -41.85873218044581 5.5
      vertex 27.18772135804828 -41.81477399128583 2.5
      vertex 27.370820393249936 -41.85873218044581 2.5
    endloop
  endfacet
  facet normal -0.3826834323650998 -0.9238795325112827 0
    outer loop
      vertex 27.544788599687458 -41.93079217097396 5.5
      vertex 27.370820393249936 -41.85873218044581 2.5
      vertex 27.544788599687458 -41.93079217097396 2.5
    endloop
  endfacet
  facet normal -0.5224985647159506 -0.8526401643540911 0
    outer loop
      vertex 27.705342302750967 -42.02917960675006 5.5
      vertex 27.544788599687458 -41.93079217097396 2.5
      vertex 27.705342302750967 -42.02917960675006 2.5
    endloop
  endfacet
  facet normal -0.6494480483301839 -0.7604059656000307 0
    outer loop
      vertex 27.84852813742386 -42.151471862576145 5.5
      vertex 27.705342302750967 -42.02917960675006 2.5
      vertex 27.84852813742386 -42.151471862576145 2.5
    endloop
  endfacet
  facet normal -0.760405965600024 -0.6494480483301917 0
    outer loop
      vertex 27.970820393249937 -42.29465769724903 5.5
      vertex 27.84852813742386 -42.151471862576145 2.5
      vertex 27.970820393249937 -42.29465769724903 2.5
    endloop
  endfacet
  facet normal -0.9723699203976726 -0.23344536385592202 0
    outer loop
      vertex 28.185226008714167 -42.81227864195172 5.5
      vertex 28.141267819554184 -42.629179606750064 2.5
      vertex 28.185226008714167 -42.81227864195172 2.5
    endloop
  endfacet
  facet normal -0.9238795325112893 -0.3826834323650836 0
    outer loop
      vertex 28.141267819554184 -42.629179606750064 5.5
      vertex 28.06920782902604 -42.45521140031254 2.5
      vertex 28.141267819554184 -42.629179606750064 2.5
    endloop
  endfacet
  facet normal -0.8526401643540962 -0.5224985647159421 0
    outer loop
      vertex 28.06920782902604 -42.45521140031254 5.5
      vertex 27.970820393249937 -42.29465769724903 2.5
      vertex 28.06920782902604 -42.45521140031254 2.5
    endloop
  endfacet
  facet normal 0.760405965600024 0.6494480483301917 2.6249064513909427e-18
    outer loop
      vertex 26.029179606750063 -43.70534230275097 5.5
      vertex 26.15147186257614 -43.848528137423855 5.5
      vertex 26.15147186257614 -43.848528137423855 2.5
    endloop
  endfacet
  facet normal 0.6494480483301839 0.7604059656000307 2.1530156631096757e-18
    outer loop
      vertex 26.15147186257614 -43.848528137423855 5.5
      vertex 26.294657697249033 -43.97082039324994 5.5
      vertex 26.294657697249033 -43.97082039324994 2.5
    endloop
  endfacet
  facet normal 0.5224985647159506 0.8526401643540911 -3.0136479983530177e-19
    outer loop
      vertex 26.294657697249033 -43.97082039324994 5.5
      vertex 26.455211400312542 -44.06920782902604 5.5
      vertex 26.455211400312542 -44.06920782902604 2.5
    endloop
  endfacet
  facet normal 0.3826834323650998 0.9238795325112827 -1.4836743213076805e-18
    outer loop
      vertex 26.455211400312542 -44.06920782902604 5.5
      vertex 26.629179606750064 -44.14126781955419 5.5
      vertex 26.629179606750064 -44.14126781955419 2.5
    endloop
  endfacet
  facet normal 0.23344536385590423 0.972369920397677 -4.1608086094639506e-19
    outer loop
      vertex 26.629179606750064 -44.14126781955419 5.5
      vertex 26.81227864195172 -44.18522600871417 5.5
      vertex 26.81227864195172 -44.18522600871417 2.5
    endloop
  endfacet
  facet normal 0.07845909572784862 0.9969173337331277 3.1817204979716393e-19
    outer loop
      vertex 26.81227864195172 -44.18522600871417 5.5
      vertex 27 -44.2 5.5
      vertex 27 -44.2 2.5
    endloop
  endfacet
  facet normal -0.07845909572784862 0.9969173337331277 -3.1817204979716393e-19
    outer loop
      vertex 27 -44.2 5.5
      vertex 27.18772135804828 -44.18522600871417 5.5
      vertex 27.18772135804828 -44.18522600871417 2.5
    endloop
  endfacet
  facet normal 0.760405965600024 -0.6494480483301917 0
    outer loop
      vertex 26.029179606750063 -42.29465769724903 5.5
      vertex 26.029179606750063 -42.29465769724903 2.5
      vertex 26.15147186257614 -42.151471862576145 5.5
    endloop
  endfacet
  facet normal 0.6494480483301839 -0.7604059656000307 0
    outer loop
      vertex 26.15147186257614 -42.151471862576145 5.5
      vertex 26.15147186257614 -42.151471862576145 2.5
      vertex 26.294657697249033 -42.02917960675006 5.5
    endloop
  endfacet
  facet normal 0.5224985647159506 -0.8526401643540911 0
    outer loop
      vertex 26.294657697249033 -42.02917960675006 5.5
      vertex 26.294657697249033 -42.02917960675006 2.5
      vertex 26.455211400312542 -41.93079217097396 5.5
    endloop
  endfacet
  facet normal 0.3826834323650998 -0.9238795325112827 0
    outer loop
      vertex 26.455211400312542 -41.93079217097396 5.5
      vertex 26.455211400312542 -41.93079217097396 2.5
      vertex 26.629179606750064 -41.85873218044581 5.5
    endloop
  endfacet
  facet normal 0.23344536385590423 -0.972369920397677 0
    outer loop
      vertex 26.629179606750064 -41.85873218044581 5.5
      vertex 26.629179606750064 -41.85873218044581 2.5
      vertex 26.81227864195172 -41.81477399128583 5.5
    endloop
  endfacet
  facet normal 0.07845909572784862 -0.9969173337331277 0
    outer loop
      vertex 26.81227864195172 -41.81477399128583 5.5
      vertex 26.81227864195172 -41.81477399128583 2.5
      vertex 27 -41.8 5.5
    endloop
  endfacet
  facet normal -0.07845909572784862 -0.9969173337331277 0
    outer loop
      vertex 27 -41.8 5.5
      vertex 27 -41.8 2.5
      vertex 27.18772135804828 -41.81477399128583 5.5
    endloop
  endfacet
  facet normal -0.23344536385590423 0.972369920397677 4.1608086094639506e-19
    outer loop
      vertex 27.18772135804828 -44.18522600871417 5.5
      vertex 27.370820393249936 -44.14126781955419 5.5
      vertex 27.370820393249936 -44.14126781955419 2.5
    endloop
  endfacet
  facet normal -0.3826834323650998 0.9238795325112827 1.4836743213076805e-18
    outer loop
      vertex 27.370820393249936 -44.14126781955419 5.5
      vertex 27.544788599687458 -44.06920782902604 5.5
      vertex 27.544788599687458 -44.06920782902604 2.5
    endloop
  endfacet
  facet normal -0.5224985647159506 0.8526401643540911 3.0136479983530177e-19
    outer loop
      vertex 27.544788599687458 -44.06920782902604 5.5
      vertex 27.705342302750967 -43.97082039324994 5.5
      vertex 27.705342302750967 -43.97082039324994 2.5
    endloop
  endfacet
  facet normal -0.6494480483301839 0.7604059656000307 -2.1530156631096757e-18
    outer loop
      vertex 27.705342302750967 -43.97082039324994 5.5
      vertex 27.84852813742386 -43.848528137423855 5.5
      vertex 27.84852813742386 -43.848528137423855 2.5
    endloop
  endfacet
  facet normal -0.760405965600024 0.6494480483301917 -2.6249064513909427e-18
    outer loop
      vertex 27.84852813742386 -43.848528137423855 5.5
      vertex 27.970820393249937 -43.70534230275097 5.5
      vertex 27.970820393249937 -43.70534230275097 2.5
    endloop
  endfacet
  facet normal -0.8526401643540962 0.5224985647159421 -1.241819431950271e-18
    outer loop
      vertex 27.970820393249937 -43.70534230275097 5.5
      vertex 28.06920782902604 -43.54478859968746 5.5
      vertex 28.06920782902604 -43.54478859968746 2.5
    endloop
  endfacet
  facet normal -0.9238795325112893 0.3826834323650836 6.026964432235277e-19
    outer loop
      vertex 28.06920782902604 -43.54478859968746 5.5
      vertex 28.141267819554184 -43.370820393249936 5.5
      vertex 28.141267819554184 -43.370820393249936 2.5
    endloop
  endfacet
  facet normal -0.9723699203976726 0.23344536385592202 3.756200128282952e-19
    outer loop
      vertex 28.141267819554184 -43.370820393249936 5.5
      vertex 28.185226008714167 -43.18772135804828 5.5
      vertex 28.185226008714167 -43.18772135804828 2.5
    endloop
  endfacet
  facet normal -0.9969173337331291 0.07845909572782986 -1.7489149491276233e-19
    outer loop
      vertex 28.185226008714167 -43.18772135804828 5.5
      vertex 28.2 -43 5.5
      vertex 28.2 -43 2.5
    endloop
  endfacet
  facet normal -0.9969173337331291 -0.07845909572782986 1.7489149491276233e-19
    outer loop
      vertex 28.2 -43 5.5
      vertex 28.185226008714167 -42.81227864195172 5.5
      vertex 28.185226008714167 -42.81227864195172 2.5
    endloop
  endfacet
  facet normal -0.23344536385590423 -0.972369920397677 0
    outer loop
      vertex 27.18772135804828 -41.81477399128583 5.5
      vertex 27.18772135804828 -41.81477399128583 2.5
      vertex 27.370820393249936 -41.85873218044581 5.5
    endloop
  endfacet
  facet normal -0.3826834323650998 -0.9238795325112827 0
    outer loop
      vertex 27.370820393249936 -41.85873218044581 5.5
      vertex 27.370820393249936 -41.85873218044581 2.5
      vertex 27.544788599687458 -41.93079217097396 5.5
    endloop
  endfacet
  facet normal -0.5224985647159506 -0.8526401643540911 0
    outer loop
      vertex 27.544788599687458 -41.93079217097396 5.5
      vertex 27.544788599687458 -41.93079217097396 2.5
      vertex 27.705342302750967 -42.02917960675006 5.5
    endloop
  endfacet
  facet normal -0.6494480483301839 -0.7604059656000307 0
    outer loop
      vertex 27.705342302750967 -42.02917960675006 5.5
      vertex 27.705342302750967 -42.02917960675006 2.5
      vertex 27.84852813742386 -42.151471862576145 5.5
    endloop
  endfacet
  facet normal -0.760405965600024 -0.6494480483301917 0
    outer loop
      vertex 27.84852813742386 -42.151471862576145 5.5
      vertex 27.84852813742386 -42.151471862576145 2.5
      vertex 27.970820393249937 -42.29465769724903 5.5
    endloop
  endfacet
  facet normal -0.9238795325112893 -0.3826834323650836 0
    outer loop
      vertex 28.06920782902604 -42.45521140031254 5.5
      vertex 28.06920782902604 -42.45521140031254 2.5
      vertex 28.141267819554184 -42.629179606750064 5.5
    endloop
  endfacet
  facet normal -0.9723699203976726 -0.23344536385592202 -3.756200128282952e-19
    outer loop
      vertex 28.185226008714167 -42.81227864195172 5.5
      vertex 28.141267819554184 -42.629179606750064 5.5
      vertex 28.141267819554184 -42.629179606750064 2.5
    endloop
  endfacet
  facet normal -0.8526401643540962 -0.5224985647159421 0
    outer loop
      vertex 27.970820393249937 -42.29465769724903 5.5
      vertex 27.970820393249937 -42.29465769724903 2.5
      vertex 28.06920782902604 -42.45521140031254 5.5
    endloop
  endfacet
  facet normal 0.8526401643540962 0.5224985647159421 0
    outer loop
      vertex 25.93079217097396 42.45521140031254 5.5
      vertex 26.029179606750063 42.29465769724903 2.5
      vertex 25.93079217097396 42.45521140031254 2.5
    endloop
  endfacet
  facet normal 0.9238795325112893 0.3826834323650836 0
    outer loop
      vertex 25.858732180445816 42.629179606750064 5.5
      vertex 25.93079217097396 42.45521140031254 2.5
      vertex 25.858732180445816 42.629179606750064 2.5
    endloop
  endfacet
  facet normal 0.9723699203976726 0.23344536385592202 0
    outer loop
      vertex 25.814773991285833 42.81227864195172 5.5
      vertex 25.858732180445816 42.629179606750064 2.5
      vertex 25.814773991285833 42.81227864195172 2.5
    endloop
  endfacet
  facet normal 0.9969173337331291 0.07845909572782986 0
    outer loop
      vertex 25.8 43 5.5
      vertex 25.814773991285833 42.81227864195172 2.5
      vertex 25.8 43 2.5
    endloop
  endfacet
  facet normal 0.9969173337331291 -0.07845909572782986 0
    outer loop
      vertex 25.814773991285833 43.18772135804828 5.5
      vertex 25.8 43 2.5
      vertex 25.814773991285833 43.18772135804828 2.5
    endloop
  endfacet
  facet normal 0.9723699203976726 -0.23344536385592202 0
    outer loop
      vertex 25.858732180445816 43.370820393249936 5.5
      vertex 25.814773991285833 43.18772135804828 2.5
      vertex 25.858732180445816 43.370820393249936 2.5
    endloop
  endfacet
  facet normal 0.9238795325112893 -0.3826834323650836 0
    outer loop
      vertex 25.93079217097396 43.54478859968746 5.5
      vertex 25.858732180445816 43.370820393249936 2.5
      vertex 25.93079217097396 43.54478859968746 2.5
    endloop
  endfacet
  facet normal 0.8526401643540962 -0.5224985647159421 0
    outer loop
      vertex 26.029179606750063 43.70534230275097 5.5
      vertex 25.93079217097396 43.54478859968746 2.5
      vertex 26.029179606750063 43.70534230275097 2.5
    endloop
  endfacet
  facet normal 0.8526401643540962 0.5224985647159421 0
    outer loop
      vertex 26.029179606750063 42.29465769724903 5.5
      vertex 26.029179606750063 42.29465769724903 2.5
      vertex 25.93079217097396 42.45521140031254 5.5
    endloop
  endfacet
  facet normal 0.9238795325112893 0.3826834323650836 0
    outer loop
      vertex 25.93079217097396 42.45521140031254 5.5
      vertex 25.93079217097396 42.45521140031254 2.5
      vertex 25.858732180445816 42.629179606750064 5.5
    endloop
  endfacet
  facet normal 0.9723699203976726 0.23344536385592202 0
    outer loop
      vertex 25.858732180445816 42.629179606750064 5.5
      vertex 25.858732180445816 42.629179606750064 2.5
      vertex 25.814773991285833 42.81227864195172 5.5
    endloop
  endfacet
  facet normal 0.9969173337331291 0.07845909572782986 0
    outer loop
      vertex 25.814773991285833 42.81227864195172 5.5
      vertex 25.814773991285833 42.81227864195172 2.5
      vertex 25.8 43 5.5
    endloop
  endfacet
  facet normal 0.9969173337331291 -0.07845909572782986 0
    outer loop
      vertex 25.8 43 5.5
      vertex 25.8 43 2.5
      vertex 25.814773991285833 43.18772135804828 5.5
    endloop
  endfacet
  facet normal 0.9723699203976726 -0.23344536385592202 0
    outer loop
      vertex 25.814773991285833 43.18772135804828 5.5
      vertex 25.814773991285833 43.18772135804828 2.5
      vertex 25.858732180445816 43.370820393249936 5.5
    endloop
  endfacet
  facet normal 0.9238795325112893 -0.3826834323650836 0
    outer loop
      vertex 25.858732180445816 43.370820393249936 5.5
      vertex 25.858732180445816 43.370820393249936 2.5
      vertex 25.93079217097396 43.54478859968746 5.5
    endloop
  endfacet
  facet normal 0.8526401643540962 -0.5224985647159421 0
    outer loop
      vertex 25.93079217097396 43.54478859968746 5.5
      vertex 25.93079217097396 43.54478859968746 2.5
      vertex 26.029179606750063 43.70534230275097 5.5
    endloop
  endfacet
  facet normal 0.5224985647159506 0.8526401643540911 0
    outer loop
      vertex 26.294657697249033 42.02917960675006 5.5
      vertex 26.455211400312542 41.93079217097396 2.5
      vertex 26.294657697249033 42.02917960675006 2.5
    endloop
  endfacet
  facet normal 0.3826834323650998 0.9238795325112827 0
    outer loop
      vertex 26.455211400312542 41.93079217097396 5.5
      vertex 26.629179606750064 41.85873218044581 2.5
      vertex 26.455211400312542 41.93079217097396 2.5
    endloop
  endfacet
  facet normal 0.760405965600024 0.6494480483301917 0
    outer loop
      vertex 26.029179606750063 42.29465769724903 5.5
      vertex 26.15147186257614 42.151471862576145 2.5
      vertex 26.029179606750063 42.29465769724903 2.5
    endloop
  endfacet
  facet normal 0.6494480483301839 0.7604059656000307 0
    outer loop
      vertex 26.15147186257614 42.151471862576145 5.5
      vertex 26.294657697249033 42.02917960675006 2.5
      vertex 26.15147186257614 42.151471862576145 2.5
    endloop
  endfacet
  facet normal 0.23344536385590423 0.972369920397677 0
    outer loop
      vertex 26.629179606750064 41.85873218044581 5.5
      vertex 26.81227864195172 41.81477399128583 2.5
      vertex 26.629179606750064 41.85873218044581 2.5
    endloop
  endfacet
  facet normal 0.07845909572784862 0.9969173337331277 0
    outer loop
      vertex 26.81227864195172 41.81477399128583 5.5
      vertex 27 41.8 2.5
      vertex 26.81227864195172 41.81477399128583 2.5
    endloop
  endfacet
  facet normal -0.07845909572784862 0.9969173337331277 0
    outer loop
      vertex 27 41.8 5.5
      vertex 27.18772135804828 41.81477399128583 2.5
      vertex 27 41.8 2.5
    endloop
  endfacet
  facet normal 0.760405965600024 -0.6494480483301917 0
    outer loop
      vertex 26.15147186257614 43.848528137423855 5.5
      vertex 26.029179606750063 43.70534230275097 2.5
      vertex 26.15147186257614 43.848528137423855 2.5
    endloop
  endfacet
  facet normal 0.6494480483301839 -0.7604059656000307 0
    outer loop
      vertex 26.294657697249033 43.97082039324994 5.5
      vertex 26.15147186257614 43.848528137423855 2.5
      vertex 26.294657697249033 43.97082039324994 2.5
    endloop
  endfacet
  facet normal 0.5224985647159506 -0.8526401643540911 0
    outer loop
      vertex 26.455211400312542 44.06920782902604 5.5
      vertex 26.294657697249033 43.97082039324994 2.5
      vertex 26.455211400312542 44.06920782902604 2.5
    endloop
  endfacet
  facet normal 0.3826834323650998 -0.9238795325112827 0
    outer loop
      vertex 26.629179606750064 44.14126781955419 5.5
      vertex 26.455211400312542 44.06920782902604 2.5
      vertex 26.629179606750064 44.14126781955419 2.5
    endloop
  endfacet
  facet normal 0.23344536385590423 -0.972369920397677 0
    outer loop
      vertex 26.81227864195172 44.18522600871417 5.5
      vertex 26.629179606750064 44.14126781955419 2.5
      vertex 26.81227864195172 44.18522600871417 2.5
    endloop
  endfacet
  facet normal 0.07845909572784862 -0.9969173337331277 0
    outer loop
      vertex 27 44.2 5.5
      vertex 26.81227864195172 44.18522600871417 2.5
      vertex 27 44.2 2.5
    endloop
  endfacet
  facet normal -0.07845909572784862 -0.9969173337331277 0
    outer loop
      vertex 27.18772135804828 44.18522600871417 5.5
      vertex 27 44.2 2.5
      vertex 27.18772135804828 44.18522600871417 2.5
    endloop
  endfacet
  facet normal -0.23344536385590423 0.972369920397677 0
    outer loop
      vertex 27.18772135804828 41.81477399128583 5.5
      vertex 27.370820393249936 41.85873218044581 2.5
      vertex 27.18772135804828 41.81477399128583 2.5
    endloop
  endfacet
  facet normal -0.3826834323650998 0.9238795325112827 0
    outer loop
      vertex 27.370820393249936 41.85873218044581 5.5
      vertex 27.544788599687458 41.93079217097396 2.5
      vertex 27.370820393249936 41.85873218044581 2.5
    endloop
  endfacet
  facet normal -0.5224985647159506 0.8526401643540911 0
    outer loop
      vertex 27.544788599687458 41.93079217097396 5.5
      vertex 27.705342302750967 42.02917960675006 2.5
      vertex 27.544788599687458 41.93079217097396 2.5
    endloop
  endfacet
  facet normal -0.6494480483301839 0.7604059656000307 0
    outer loop
      vertex 27.705342302750967 42.02917960675006 5.5
      vertex 27.84852813742386 42.151471862576145 2.5
      vertex 27.705342302750967 42.02917960675006 2.5
    endloop
  endfacet
  facet normal -0.760405965600024 0.6494480483301917 0
    outer loop
      vertex 27.84852813742386 42.151471862576145 5.5
      vertex 27.970820393249937 42.29465769724903 2.5
      vertex 27.84852813742386 42.151471862576145 2.5
    endloop
  endfacet
  facet normal -0.8526401643540962 0.5224985647159421 0
    outer loop
      vertex 27.970820393249937 42.29465769724903 5.5
      vertex 28.06920782902604 42.45521140031254 2.5
      vertex 27.970820393249937 42.29465769724903 2.5
    endloop
  endfacet
  facet normal -0.9238795325112893 0.3826834323650836 0
    outer loop
      vertex 28.06920782902604 42.45521140031254 5.5
      vertex 28.141267819554184 42.629179606750064 2.5
      vertex 28.06920782902604 42.45521140031254 2.5
    endloop
  endfacet
  facet normal -0.9723699203976726 0.23344536385592202 0
    outer loop
      vertex 28.141267819554184 42.629179606750064 5.5
      vertex 28.185226008714167 42.81227864195172 2.5
      vertex 28.141267819554184 42.629179606750064 2.5
    endloop
  endfacet
  facet normal -0.23344536385590423 -0.972369920397677 0
    outer loop
      vertex 27.370820393249936 44.14126781955419 5.5
      vertex 27.18772135804828 44.18522600871417 2.5
      vertex 27.370820393249936 44.14126781955419 2.5
    endloop
  endfacet
  facet normal -0.5224985647159506 -0.8526401643540911 0
    outer loop
      vertex 27.705342302750967 43.97082039324994 5.5
      vertex 27.544788599687458 44.06920782902604 2.5
      vertex 27.705342302750967 43.97082039324994 2.5
    endloop
  endfacet
  facet normal -0.3826834323650998 -0.9238795325112827 0
    outer loop
      vertex 27.544788599687458 44.06920782902604 5.5
      vertex 27.370820393249936 44.14126781955419 2.5
      vertex 27.544788599687458 44.06920782902604 2.5
    endloop
  endfacet
  facet normal -0.9969173337331291 0.07845909572782986 0
    outer loop
      vertex 28.185226008714167 42.81227864195172 5.5
      vertex 28.2 43 2.5
      vertex 28.185226008714167 42.81227864195172 2.5
    endloop
  endfacet
  facet normal -0.9969173337331291 -0.07845909572782986 0
    outer loop
      vertex 28.2 43 5.5
      vertex 28.185226008714167 43.18772135804828 2.5
      vertex 28.2 43 2.5
    endloop
  endfacet
  facet normal -0.8526401643540962 -0.5224985647159421 0
    outer loop
      vertex 28.06920782902604 43.54478859968746 5.5
      vertex 27.970820393249937 43.70534230275097 2.5
      vertex 28.06920782902604 43.54478859968746 2.5
    endloop
  endfacet
  facet normal -0.9723699203976726 -0.23344536385592202 0
    outer loop
      vertex 28.185226008714167 43.18772135804828 5.5
      vertex 28.141267819554184 43.370820393249936 2.5
      vertex 28.185226008714167 43.18772135804828 2.5
    endloop
  endfacet
  facet normal -0.9238795325112893 -0.3826834323650836 0
    outer loop
      vertex 28.141267819554184 43.370820393249936 5.5
      vertex 28.06920782902604 43.54478859968746 2.5
      vertex 28.141267819554184 43.370820393249936 2.5
    endloop
  endfacet
  facet normal -0.6494480483301839 -0.7604059656000307 0
    outer loop
      vertex 27.84852813742386 43.848528137423855 5.5
      vertex 27.705342302750967 43.97082039324994 2.5
      vertex 27.84852813742386 43.848528137423855 2.5
    endloop
  endfacet
  facet normal -0.760405965600024 -0.6494480483301917 0
    outer loop
      vertex 27.970820393249937 43.70534230275097 5.5
      vertex 27.84852813742386 43.848528137423855 2.5
      vertex 27.970820393249937 43.70534230275097 2.5
    endloop
  endfacet
  facet normal 0.5224985647159506 0.8526401643540911 -3.0136479983530177e-19
    outer loop
      vertex 26.294657697249033 42.02917960675006 5.5
      vertex 26.455211400312542 41.93079217097396 5.5
      vertex 26.455211400312542 41.93079217097396 2.5
    endloop
  endfacet
  facet normal 0.3826834323650998 0.9238795325112827 -1.4836743213076805e-18
    outer loop
      vertex 26.455211400312542 41.93079217097396 5.5
      vertex 26.629179606750064 41.85873218044581 5.5
      vertex 26.629179606750064 41.85873218044581 2.5
    endloop
  endfacet
  facet normal 0.760405965600024 0.6494480483301917 2.6249064513909427e-18
    outer loop
      vertex 26.029179606750063 42.29465769724903 5.5
      vertex 26.15147186257614 42.151471862576145 5.5
      vertex 26.15147186257614 42.151471862576145 2.5
    endloop
  endfacet
  facet normal 0.6494480483301839 0.7604059656000307 2.1530156631096757e-18
    outer loop
      vertex 26.15147186257614 42.151471862576145 5.5
      vertex 26.294657697249033 42.02917960675006 5.5
      vertex 26.294657697249033 42.02917960675006 2.5
    endloop
  endfacet
  facet normal 0.23344536385590423 0.972369920397677 -4.1608086094639506e-19
    outer loop
      vertex 26.629179606750064 41.85873218044581 5.5
      vertex 26.81227864195172 41.81477399128583 5.5
      vertex 26.81227864195172 41.81477399128583 2.5
    endloop
  endfacet
  facet normal 0.07845909572784862 0.9969173337331277 3.1817204979716393e-19
    outer loop
      vertex 26.81227864195172 41.81477399128583 5.5
      vertex 27 41.8 5.5
      vertex 27 41.8 2.5
    endloop
  endfacet
  facet normal -0.07845909572784862 0.9969173337331277 -3.1817204979716393e-19
    outer loop
      vertex 27 41.8 5.5
      vertex 27.18772135804828 41.81477399128583 5.5
      vertex 27.18772135804828 41.81477399128583 2.5
    endloop
  endfacet
  facet normal 0.760405965600024 -0.6494480483301917 0
    outer loop
      vertex 26.029179606750063 43.70534230275097 5.5
      vertex 26.029179606750063 43.70534230275097 2.5
      vertex 26.15147186257614 43.848528137423855 5.5
    endloop
  endfacet
  facet normal 0.6494480483301839 -0.7604059656000307 0
    outer loop
      vertex 26.15147186257614 43.848528137423855 5.5
      vertex 26.15147186257614 43.848528137423855 2.5
      vertex 26.294657697249033 43.97082039324994 5.5
    endloop
  endfacet
  facet normal 0.5224985647159506 -0.8526401643540911 0
    outer loop
      vertex 26.294657697249033 43.97082039324994 5.5
      vertex 26.294657697249033 43.97082039324994 2.5
      vertex 26.455211400312542 44.06920782902604 5.5
    endloop
  endfacet
  facet normal 0.3826834323650998 -0.9238795325112827 0
    outer loop
      vertex 26.455211400312542 44.06920782902604 5.5
      vertex 26.455211400312542 44.06920782902604 2.5
      vertex 26.629179606750064 44.14126781955419 5.5
    endloop
  endfacet
  facet normal 0.23344536385590423 -0.972369920397677 0
    outer loop
      vertex 26.629179606750064 44.14126781955419 5.5
      vertex 26.629179606750064 44.14126781955419 2.5
      vertex 26.81227864195172 44.18522600871417 5.5
    endloop
  endfacet
  facet normal 0.07845909572784862 -0.9969173337331277 0
    outer loop
      vertex 26.81227864195172 44.18522600871417 5.5
      vertex 26.81227864195172 44.18522600871417 2.5
      vertex 27 44.2 5.5
    endloop
  endfacet
  facet normal -0.07845909572784862 -0.9969173337331277 0
    outer loop
      vertex 27 44.2 5.5
      vertex 27 44.2 2.5
      vertex 27.18772135804828 44.18522600871417 5.5
    endloop
  endfacet
  facet normal -0.23344536385590423 0.972369920397677 4.1608086094639506e-19
    outer loop
      vertex 27.18772135804828 41.81477399128583 5.5
      vertex 27.370820393249936 41.85873218044581 5.5
      vertex 27.370820393249936 41.85873218044581 2.5
    endloop
  endfacet
  facet normal -0.3826834323650998 0.9238795325112827 1.4836743213076805e-18
    outer loop
      vertex 27.370820393249936 41.85873218044581 5.5
      vertex 27.544788599687458 41.93079217097396 5.5
      vertex 27.544788599687458 41.93079217097396 2.5
    endloop
  endfacet
  facet normal -0.5224985647159506 0.8526401643540911 3.0136479983530177e-19
    outer loop
      vertex 27.544788599687458 41.93079217097396 5.5
      vertex 27.705342302750967 42.02917960675006 5.5
      vertex 27.705342302750967 42.02917960675006 2.5
    endloop
  endfacet
  facet normal -0.6494480483301839 0.7604059656000307 -2.1530156631096757e-18
    outer loop
      vertex 27.705342302750967 42.02917960675006 5.5
      vertex 27.84852813742386 42.151471862576145 5.5
      vertex 27.84852813742386 42.151471862576145 2.5
    endloop
  endfacet
  facet normal -0.760405965600024 0.6494480483301917 -2.6249064513909427e-18
    outer loop
      vertex 27.84852813742386 42.151471862576145 5.5
      vertex 27.970820393249937 42.29465769724903 5.5
      vertex 27.970820393249937 42.29465769724903 2.5
    endloop
  endfacet
  facet normal -0.8526401643540962 0.5224985647159421 -1.241819431950271e-18
    outer loop
      vertex 27.970820393249937 42.29465769724903 5.5
      vertex 28.06920782902604 42.45521140031254 5.5
      vertex 28.06920782902604 42.45521140031254 2.5
    endloop
  endfacet
  facet normal -0.9238795325112893 0.3826834323650836 6.026964432235277e-19
    outer loop
      vertex 28.06920782902604 42.45521140031254 5.5
      vertex 28.141267819554184 42.629179606750064 5.5
      vertex 28.141267819554184 42.629179606750064 2.5
    endloop
  endfacet
  facet normal -0.9723699203976726 0.23344536385592202 3.756200128282952e-19
    outer loop
      vertex 28.141267819554184 42.629179606750064 5.5
      vertex 28.185226008714167 42.81227864195172 5.5
      vertex 28.185226008714167 42.81227864195172 2.5
    endloop
  endfacet
  facet normal -0.23344536385590423 -0.972369920397677 0
    outer loop
      vertex 27.18772135804828 44.18522600871417 5.5
      vertex 27.18772135804828 44.18522600871417 2.5
      vertex 27.370820393249936 44.14126781955419 5.5
    endloop
  endfacet
  facet normal -0.3826834323650998 -0.9238795325112827 0
    outer loop
      vertex 27.370820393249936 44.14126781955419 5.5
      vertex 27.370820393249936 44.14126781955419 2.5
      vertex 27.544788599687458 44.06920782902604 5.5
    endloop
  endfacet
  facet normal -0.5224985647159506 -0.8526401643540911 0
    outer loop
      vertex 27.544788599687458 44.06920782902604 5.5
      vertex 27.544788599687458 44.06920782902604 2.5
      vertex 27.705342302750967 43.97082039324994 5.5
    endloop
  endfacet
  facet normal -0.9969173337331291 0.07845909572782986 -1.7489149491276233e-19
    outer loop
      vertex 28.185226008714167 42.81227864195172 5.5
      vertex 28.2 43 5.5
      vertex 28.2 43 2.5
    endloop
  endfacet
  facet normal -0.9969173337331291 -0.07845909572782986 1.7489149491276233e-19
    outer loop
      vertex 28.2 43 5.5
      vertex 28.185226008714167 43.18772135804828 5.5
      vertex 28.185226008714167 43.18772135804828 2.5
    endloop
  endfacet
  facet normal -0.9238795325112893 -0.3826834323650836 0
    outer loop
      vertex 28.06920782902604 43.54478859968746 5.5
      vertex 28.06920782902604 43.54478859968746 2.5
      vertex 28.141267819554184 43.370820393249936 5.5
    endloop
  endfacet
  facet normal -0.9723699203976726 -0.23344536385592202 -3.756200128282952e-19
    outer loop
      vertex 28.185226008714167 43.18772135804828 5.5
      vertex 28.141267819554184 43.370820393249936 5.5
      vertex 28.141267819554184 43.370820393249936 2.5
    endloop
  endfacet
  facet normal -0.6494480483301839 -0.7604059656000307 2.1530156631096757e-18
    outer loop
      vertex 27.84852813742386 43.848528137423855 5.5
      vertex 27.705342302750967 43.97082039324994 5.5
      vertex 27.705342302750967 43.97082039324994 2.5
    endloop
  endfacet
  facet normal -0.760405965600024 -0.6494480483301917 0
    outer loop
      vertex 27.84852813742386 43.848528137423855 5.5
      vertex 27.84852813742386 43.848528137423855 2.5
      vertex 27.970820393249937 43.70534230275097 5.5
    endloop
  endfacet
  facet normal -0.8526401643540962 -0.5224985647159421 1.241819431950271e-18
    outer loop
      vertex 28.06920782902604 43.54478859968746 5.5
      vertex 27.970820393249937 43.70534230275097 5.5
      vertex 27.970820393249937 43.70534230275097 2.5
    endloop
  endfacet
  facet normal 0.8526401643540962 0.5224985647159421 0
    outer loop
      vertex -28.06920782902604 42.45521140031254 5.5
      vertex -27.970820393249937 42.29465769724903 2.5
      vertex -28.06920782902604 42.45521140031254 2.5
    endloop
  endfacet
  facet normal 0.9238795325112893 0.3826834323650836 0
    outer loop
      vertex -28.141267819554184 42.629179606750064 5.5
      vertex -28.06920782902604 42.45521140031254 2.5
      vertex -28.141267819554184 42.629179606750064 2.5
    endloop
  endfacet
  facet normal 0.9723699203976726 0.23344536385592202 0
    outer loop
      vertex -28.185226008714167 42.81227864195172 5.5
      vertex -28.141267819554184 42.629179606750064 2.5
      vertex -28.185226008714167 42.81227864195172 2.5
    endloop
  endfacet
  facet normal 0.760405965600024 0.6494480483301917 0
    outer loop
      vertex -27.970820393249937 42.29465769724903 5.5
      vertex -27.84852813742386 42.151471862576145 2.5
      vertex -27.970820393249937 42.29465769724903 2.5
    endloop
  endfacet
  facet normal 0.6494480483301839 0.7604059656000307 0
    outer loop
      vertex -27.84852813742386 42.151471862576145 5.5
      vertex -27.705342302750967 42.02917960675006 2.5
      vertex -27.84852813742386 42.151471862576145 2.5
    endloop
  endfacet
  facet normal 0.5224985647159506 0.8526401643540911 0
    outer loop
      vertex -27.705342302750967 42.02917960675006 5.5
      vertex -27.544788599687458 41.93079217097396 2.5
      vertex -27.705342302750967 42.02917960675006 2.5
    endloop
  endfacet
  facet normal 0.3826834323650998 0.9238795325112827 0
    outer loop
      vertex -27.544788599687458 41.93079217097396 5.5
      vertex -27.370820393249936 41.85873218044581 2.5
      vertex -27.544788599687458 41.93079217097396 2.5
    endloop
  endfacet
  facet normal 0.23344536385590423 0.972369920397677 0
    outer loop
      vertex -27.370820393249936 41.85873218044581 5.5
      vertex -27.18772135804828 41.81477399128583 2.5
      vertex -27.370820393249936 41.85873218044581 2.5
    endloop
  endfacet
  facet normal 0.9969173337331291 0.07845909572782986 0
    outer loop
      vertex -28.2 43 5.5
      vertex -28.185226008714167 42.81227864195172 2.5
      vertex -28.2 43 2.5
    endloop
  endfacet
  facet normal 0.9969173337331291 -0.07845909572782986 0
    outer loop
      vertex -28.185226008714167 43.18772135804828 5.5
      vertex -28.2 43 2.5
      vertex -28.185226008714167 43.18772135804828 2.5
    endloop
  endfacet
  facet normal 0.9723699203976726 -0.23344536385592202 0
    outer loop
      vertex -28.141267819554184 43.370820393249936 5.5
      vertex -28.185226008714167 43.18772135804828 2.5
      vertex -28.141267819554184 43.370820393249936 2.5
    endloop
  endfacet
  facet normal 0.9238795325112893 -0.3826834323650836 0
    outer loop
      vertex -28.06920782902604 43.54478859968746 5.5
      vertex -28.141267819554184 43.370820393249936 2.5
      vertex -28.06920782902604 43.54478859968746 2.5
    endloop
  endfacet
  facet normal 0.8526401643540962 -0.5224985647159421 0
    outer loop
      vertex -27.970820393249937 43.70534230275097 5.5
      vertex -28.06920782902604 43.54478859968746 2.5
      vertex -27.970820393249937 43.70534230275097 2.5
    endloop
  endfacet
  facet normal 0.760405965600024 -0.6494480483301917 0
    outer loop
      vertex -27.84852813742386 43.848528137423855 5.5
      vertex -27.970820393249937 43.70534230275097 2.5
      vertex -27.84852813742386 43.848528137423855 2.5
    endloop
  endfacet
  facet normal 0.6494480483301839 -0.7604059656000307 0
    outer loop
      vertex -27.705342302750967 43.97082039324994 5.5
      vertex -27.84852813742386 43.848528137423855 2.5
      vertex -27.705342302750967 43.97082039324994 2.5
    endloop
  endfacet
  facet normal 0.5224985647159506 -0.8526401643540911 0
    outer loop
      vertex -27.544788599687458 44.06920782902604 5.5
      vertex -27.705342302750967 43.97082039324994 2.5
      vertex -27.544788599687458 44.06920782902604 2.5
    endloop
  endfacet
  facet normal 0.3826834323650998 -0.9238795325112827 0
    outer loop
      vertex -27.370820393249936 44.14126781955419 5.5
      vertex -27.544788599687458 44.06920782902604 2.5
      vertex -27.370820393249936 44.14126781955419 2.5
    endloop
  endfacet
  facet normal 0.23344536385590423 -0.972369920397677 0
    outer loop
      vertex -27.18772135804828 44.18522600871417 5.5
      vertex -27.370820393249936 44.14126781955419 2.5
      vertex -27.18772135804828 44.18522600871417 2.5
    endloop
  endfacet
  facet normal 0.07845909572784862 0.9969173337331277 0
    outer loop
      vertex -27.18772135804828 41.81477399128583 5.5
      vertex -27 41.8 2.5
      vertex -27.18772135804828 41.81477399128583 2.5
    endloop
  endfacet
  facet normal -0.07845909572784862 0.9969173337331277 0
    outer loop
      vertex -27 41.8 5.5
      vertex -26.81227864195172 41.81477399128583 2.5
      vertex -27 41.8 2.5
    endloop
  endfacet
  facet normal -0.23344536385590423 0.972369920397677 0
    outer loop
      vertex -26.81227864195172 41.81477399128583 5.5
      vertex -26.629179606750064 41.85873218044581 2.5
      vertex -26.81227864195172 41.81477399128583 2.5
    endloop
  endfacet
  facet normal -0.3826834323650998 0.9238795325112827 0
    outer loop
      vertex -26.629179606750064 41.85873218044581 5.5
      vertex -26.455211400312542 41.93079217097396 2.5
      vertex -26.629179606750064 41.85873218044581 2.5
    endloop
  endfacet
  facet normal -0.5224985647159506 0.8526401643540911 0
    outer loop
      vertex -26.455211400312542 41.93079217097396 5.5
      vertex -26.294657697249033 42.02917960675006 2.5
      vertex -26.455211400312542 41.93079217097396 2.5
    endloop
  endfacet
  facet normal -0.6494480483301839 0.7604059656000307 0
    outer loop
      vertex -26.294657697249033 42.02917960675006 5.5
      vertex -26.15147186257614 42.151471862576145 2.5
      vertex -26.294657697249033 42.02917960675006 2.5
    endloop
  endfacet
  facet normal -0.760405965600024 0.6494480483301917 0
    outer loop
      vertex -26.15147186257614 42.151471862576145 5.5
      vertex -26.029179606750063 42.29465769724903 2.5
      vertex -26.15147186257614 42.151471862576145 2.5
    endloop
  endfacet
  facet normal 0.07845909572784862 -0.9969173337331277 0
    outer loop
      vertex -27 44.2 5.5
      vertex -27.18772135804828 44.18522600871417 2.5
      vertex -27 44.2 2.5
    endloop
  endfacet
  facet normal -0.07845909572784862 -0.9969173337331277 0
    outer loop
      vertex -26.81227864195172 44.18522600871417 5.5
      vertex -27 44.2 2.5
      vertex -26.81227864195172 44.18522600871417 2.5
    endloop
  endfacet
  facet normal -0.23344536385590423 -0.972369920397677 0
    outer loop
      vertex -26.629179606750064 44.14126781955419 5.5
      vertex -26.81227864195172 44.18522600871417 2.5
      vertex -26.629179606750064 44.14126781955419 2.5
    endloop
  endfacet
  facet normal -0.5224985647159506 -0.8526401643540911 0
    outer loop
      vertex -26.294657697249033 43.97082039324994 5.5
      vertex -26.455211400312542 44.06920782902604 2.5
      vertex -26.294657697249033 43.97082039324994 2.5
    endloop
  endfacet
  facet normal -0.3826834323650998 -0.9238795325112827 0
    outer loop
      vertex -26.455211400312542 44.06920782902604 5.5
      vertex -26.629179606750064 44.14126781955419 2.5
      vertex -26.455211400312542 44.06920782902604 2.5
    endloop
  endfacet
  facet normal -0.6494480483301839 -0.7604059656000307 0
    outer loop
      vertex -26.15147186257614 43.848528137423855 5.5
      vertex -26.294657697249033 43.97082039324994 2.5
      vertex -26.15147186257614 43.848528137423855 2.5
    endloop
  endfacet
  facet normal -0.760405965600024 -0.6494480483301917 0
    outer loop
      vertex -26.029179606750063 43.70534230275097 5.5
      vertex -26.15147186257614 43.848528137423855 2.5
      vertex -26.029179606750063 43.70534230275097 2.5
    endloop
  endfacet
  facet normal 0.8526401643540962 0.5224985647159421 1.241819431950271e-18
    outer loop
      vertex -28.06920782902604 42.45521140031254 5.5
      vertex -27.970820393249937 42.29465769724903 5.5
      vertex -27.970820393249937 42.29465769724903 2.5
    endloop
  endfacet
  facet normal 0.9723699203976726 0.23344536385592202 0
    outer loop
      vertex -28.141267819554184 42.629179606750064 5.5
      vertex -28.141267819554184 42.629179606750064 2.5
      vertex -28.185226008714167 42.81227864195172 5.5
    endloop
  endfacet
  facet normal 0.9238795325112893 0.3826834323650836 -6.026964432235277e-19
    outer loop
      vertex -28.141267819554184 42.629179606750064 5.5
      vertex -28.06920782902604 42.45521140031254 5.5
      vertex -28.06920782902604 42.45521140031254 2.5
    endloop
  endfacet
  facet normal 0.760405965600024 0.6494480483301917 2.6249064513909427e-18
    outer loop
      vertex -27.970820393249937 42.29465769724903 5.5
      vertex -27.84852813742386 42.151471862576145 5.5
      vertex -27.84852813742386 42.151471862576145 2.5
    endloop
  endfacet
  facet normal 0.6494480483301839 0.7604059656000307 2.1530156631096757e-18
    outer loop
      vertex -27.84852813742386 42.151471862576145 5.5
      vertex -27.705342302750967 42.02917960675006 5.5
      vertex -27.705342302750967 42.02917960675006 2.5
    endloop
  endfacet
  facet normal 0.5224985647159506 0.8526401643540911 -3.0136479983530177e-19
    outer loop
      vertex -27.705342302750967 42.02917960675006 5.5
      vertex -27.544788599687458 41.93079217097396 5.5
      vertex -27.544788599687458 41.93079217097396 2.5
    endloop
  endfacet
  facet normal 0.3826834323650998 0.9238795325112827 -1.4836743213076805e-18
    outer loop
      vertex -27.544788599687458 41.93079217097396 5.5
      vertex -27.370820393249936 41.85873218044581 5.5
      vertex -27.370820393249936 41.85873218044581 2.5
    endloop
  endfacet
  facet normal 0.23344536385590423 0.972369920397677 -4.1608086094639506e-19
    outer loop
      vertex -27.370820393249936 41.85873218044581 5.5
      vertex -27.18772135804828 41.81477399128583 5.5
      vertex -27.18772135804828 41.81477399128583 2.5
    endloop
  endfacet
  facet normal 0.9969173337331291 0.07845909572782986 0
    outer loop
      vertex -28.185226008714167 42.81227864195172 5.5
      vertex -28.185226008714167 42.81227864195172 2.5
      vertex -28.2 43 5.5
    endloop
  endfacet
  facet normal 0.9969173337331291 -0.07845909572782986 0
    outer loop
      vertex -28.2 43 5.5
      vertex -28.2 43 2.5
      vertex -28.185226008714167 43.18772135804828 5.5
    endloop
  endfacet
  facet normal 0.9723699203976726 -0.23344536385592202 0
    outer loop
      vertex -28.185226008714167 43.18772135804828 5.5
      vertex -28.185226008714167 43.18772135804828 2.5
      vertex -28.141267819554184 43.370820393249936 5.5
    endloop
  endfacet
  facet normal 0.9238795325112893 -0.3826834323650836 0
    outer loop
      vertex -28.141267819554184 43.370820393249936 5.5
      vertex -28.141267819554184 43.370820393249936 2.5
      vertex -28.06920782902604 43.54478859968746 5.5
    endloop
  endfacet
  facet normal 0.8526401643540962 -0.5224985647159421 0
    outer loop
      vertex -28.06920782902604 43.54478859968746 5.5
      vertex -28.06920782902604 43.54478859968746 2.5
      vertex -27.970820393249937 43.70534230275097 5.5
    endloop
  endfacet
  facet normal 0.760405965600024 -0.6494480483301917 0
    outer loop
      vertex -27.970820393249937 43.70534230275097 5.5
      vertex -27.970820393249937 43.70534230275097 2.5
      vertex -27.84852813742386 43.848528137423855 5.5
    endloop
  endfacet
  facet normal 0.6494480483301839 -0.7604059656000307 0
    outer loop
      vertex -27.84852813742386 43.848528137423855 5.5
      vertex -27.84852813742386 43.848528137423855 2.5
      vertex -27.705342302750967 43.97082039324994 5.5
    endloop
  endfacet
  facet normal 0.5224985647159506 -0.8526401643540911 0
    outer loop
      vertex -27.705342302750967 43.97082039324994 5.5
      vertex -27.705342302750967 43.97082039324994 2.5
      vertex -27.544788599687458 44.06920782902604 5.5
    endloop
  endfacet
  facet normal 0.3826834323650998 -0.9238795325112827 0
    outer loop
      vertex -27.544788599687458 44.06920782902604 5.5
      vertex -27.544788599687458 44.06920782902604 2.5
      vertex -27.370820393249936 44.14126781955419 5.5
    endloop
  endfacet
  facet normal 0.23344536385590423 -0.972369920397677 0
    outer loop
      vertex -27.370820393249936 44.14126781955419 5.5
      vertex -27.370820393249936 44.14126781955419 2.5
      vertex -27.18772135804828 44.18522600871417 5.5
    endloop
  endfacet
  facet normal 0.07845909572784862 0.9969173337331277 3.1817204979716393e-19
    outer loop
      vertex -27.18772135804828 41.81477399128583 5.5
      vertex -27 41.8 5.5
      vertex -27 41.8 2.5
    endloop
  endfacet
  facet normal -0.07845909572784862 0.9969173337331277 -3.1817204979716393e-19
    outer loop
      vertex -27 41.8 5.5
      vertex -26.81227864195172 41.81477399128583 5.5
      vertex -26.81227864195172 41.81477399128583 2.5
    endloop
  endfacet
  facet normal -0.23344536385590423 0.972369920397677 4.1608086094639506e-19
    outer loop
      vertex -26.81227864195172 41.81477399128583 5.5
      vertex -26.629179606750064 41.85873218044581 5.5
      vertex -26.629179606750064 41.85873218044581 2.5
    endloop
  endfacet
  facet normal -0.3826834323650998 0.9238795325112827 1.4836743213076805e-18
    outer loop
      vertex -26.629179606750064 41.85873218044581 5.5
      vertex -26.455211400312542 41.93079217097396 5.5
      vertex -26.455211400312542 41.93079217097396 2.5
    endloop
  endfacet
  facet normal -0.5224985647159506 0.8526401643540911 3.0136479983530177e-19
    outer loop
      vertex -26.455211400312542 41.93079217097396 5.5
      vertex -26.294657697249033 42.02917960675006 5.5
      vertex -26.294657697249033 42.02917960675006 2.5
    endloop
  endfacet
  facet normal -0.6494480483301839 0.7604059656000307 -2.1530156631096757e-18
    outer loop
      vertex -26.294657697249033 42.02917960675006 5.5
      vertex -26.15147186257614 42.151471862576145 5.5
      vertex -26.15147186257614 42.151471862576145 2.5
    endloop
  endfacet
  facet normal -0.760405965600024 0.6494480483301917 -2.6249064513909427e-18
    outer loop
      vertex -26.15147186257614 42.151471862576145 5.5
      vertex -26.029179606750063 42.29465769724903 5.5
      vertex -26.029179606750063 42.29465769724903 2.5
    endloop
  endfacet
  facet normal 0.07845909572784862 -0.9969173337331277 0
    outer loop
      vertex -27.18772135804828 44.18522600871417 5.5
      vertex -27.18772135804828 44.18522600871417 2.5
      vertex -27 44.2 5.5
    endloop
  endfacet
  facet normal -0.07845909572784862 -0.9969173337331277 0
    outer loop
      vertex -27 44.2 5.5
      vertex -27 44.2 2.5
      vertex -26.81227864195172 44.18522600871417 5.5
    endloop
  endfacet
  facet normal -0.23344536385590423 -0.972369920397677 0
    outer loop
      vertex -26.81227864195172 44.18522600871417 5.5
      vertex -26.81227864195172 44.18522600871417 2.5
      vertex -26.629179606750064 44.14126781955419 5.5
    endloop
  endfacet
  facet normal -0.3826834323650998 -0.9238795325112827 0
    outer loop
      vertex -26.629179606750064 44.14126781955419 5.5
      vertex -26.629179606750064 44.14126781955419 2.5
      vertex -26.455211400312542 44.06920782902604 5.5
    endloop
  endfacet
  facet normal -0.5224985647159506 -0.8526401643540911 0
    outer loop
      vertex -26.455211400312542 44.06920782902604 5.5
      vertex -26.455211400312542 44.06920782902604 2.5
      vertex -26.294657697249033 43.97082039324994 5.5
    endloop
  endfacet
  facet normal -0.6494480483301839 -0.7604059656000307 0
    outer loop
      vertex -26.294657697249033 43.97082039324994 5.5
      vertex -26.294657697249033 43.97082039324994 2.5
      vertex -26.15147186257614 43.848528137423855 5.5
    endloop
  endfacet
  facet normal -0.760405965600024 -0.6494480483301917 0
    outer loop
      vertex -26.15147186257614 43.848528137423855 5.5
      vertex -26.15147186257614 43.848528137423855 2.5
      vertex -26.029179606750063 43.70534230275097 5.5
    endloop
  endfacet
  facet normal -0.8526401643540962 0.5224985647159421 0
    outer loop
      vertex -26.029179606750063 42.29465769724903 5.5
      vertex -25.93079217097396 42.45521140031254 2.5
      vertex -26.029179606750063 42.29465769724903 2.5
    endloop
  endfacet
  facet normal -0.9238795325112893 0.3826834323650836 0
    outer loop
      vertex -25.93079217097396 42.45521140031254 5.5
      vertex -25.858732180445816 42.629179606750064 2.5
      vertex -25.93079217097396 42.45521140031254 2.5
    endloop
  endfacet
  facet normal -0.9723699203976726 0.23344536385592202 0
    outer loop
      vertex -25.858732180445816 42.629179606750064 5.5
      vertex -25.814773991285833 42.81227864195172 2.5
      vertex -25.858732180445816 42.629179606750064 2.5
    endloop
  endfacet
  facet normal -0.9969173337331291 0.07845909572782986 0
    outer loop
      vertex -25.814773991285833 42.81227864195172 5.5
      vertex -25.8 43 2.5
      vertex -25.814773991285833 42.81227864195172 2.5
    endloop
  endfacet
  facet normal -0.9969173337331291 -0.07845909572782986 0
    outer loop
      vertex -25.8 43 5.5
      vertex -25.814773991285833 43.18772135804828 2.5
      vertex -25.8 43 2.5
    endloop
  endfacet
  facet normal -0.8526401643540962 -0.5224985647159421 0
    outer loop
      vertex -25.93079217097396 43.54478859968746 5.5
      vertex -26.029179606750063 43.70534230275097 2.5
      vertex -25.93079217097396 43.54478859968746 2.5
    endloop
  endfacet
  facet normal -0.9723699203976726 -0.23344536385592202 0
    outer loop
      vertex -25.814773991285833 43.18772135804828 5.5
      vertex -25.858732180445816 43.370820393249936 2.5
      vertex -25.814773991285833 43.18772135804828 2.5
    endloop
  endfacet
  facet normal -0.9238795325112893 -0.3826834323650836 0
    outer loop
      vertex -25.858732180445816 43.370820393249936 5.5
      vertex -25.93079217097396 43.54478859968746 2.5
      vertex -25.858732180445816 43.370820393249936 2.5
    endloop
  endfacet
  facet normal -0.8526401643540962 0.5224985647159421 -1.241819431950271e-18
    outer loop
      vertex -26.029179606750063 42.29465769724903 5.5
      vertex -25.93079217097396 42.45521140031254 5.5
      vertex -25.93079217097396 42.45521140031254 2.5
    endloop
  endfacet
  facet normal -0.9238795325112893 0.3826834323650836 6.026964432235277e-19
    outer loop
      vertex -25.93079217097396 42.45521140031254 5.5
      vertex -25.858732180445816 42.629179606750064 5.5
      vertex -25.858732180445816 42.629179606750064 2.5
    endloop
  endfacet
  facet normal -0.9723699203976726 0.23344536385592202 3.756200128282952e-19
    outer loop
      vertex -25.858732180445816 42.629179606750064 5.5
      vertex -25.814773991285833 42.81227864195172 5.5
      vertex -25.814773991285833 42.81227864195172 2.5
    endloop
  endfacet
  facet normal -0.9969173337331291 0.07845909572782986 -1.7489149491276233e-19
    outer loop
      vertex -25.814773991285833 42.81227864195172 5.5
      vertex -25.8 43 5.5
      vertex -25.8 43 2.5
    endloop
  endfacet
  facet normal -0.9969173337331291 -0.07845909572782986 1.7489149491276233e-19
    outer loop
      vertex -25.8 43 5.5
      vertex -25.814773991285833 43.18772135804828 5.5
      vertex -25.814773991285833 43.18772135804828 2.5
    endloop
  endfacet
  facet normal -0.9723699203976726 -0.23344536385592202 -3.756200128282952e-19
    outer loop
      vertex -25.814773991285833 43.18772135804828 5.5
      vertex -25.858732180445816 43.370820393249936 5.5
      vertex -25.858732180445816 43.370820393249936 2.5
    endloop
  endfacet
  facet normal -0.9238795325112893 -0.3826834323650836 0
    outer loop
      vertex -25.93079217097396 43.54478859968746 5.5
      vertex -25.93079217097396 43.54478859968746 2.5
      vertex -25.858732180445816 43.370820393249936 5.5
    endloop
  endfacet
  facet normal -0.8526401643540962 -0.5224985647159421 1.241819431950271e-18
    outer loop
      vertex -25.93079217097396 43.54478859968746 5.5
      vertex -26.029179606750063 43.70534230275097 5.5
      vertex -26.029179606750063 43.70534230275097 2.5
    endloop
  endfacet
endsolid OpenSCAD_Model
