solid OpenSCAD_Model
  facet normal 0 0 -1
    outer loop
      vertex -34.55422606319189 -47.98606798052788 0
      vertex -34.70075336098671 -47.375737860798836 0
      vertex -10.187429987478852 -15.070739087062375 0
    endloop
  endfacet
  facet normal 0 0 -1
    outer loop
      vertex -34.70075336098671 -47.375737860798836 0
      vertex -34.75 -46.75 0
      vertex -10.3 -14.359999999999996 0
    endloop
  endfacet
  facet normal 0 -1 0
    outer loop
      vertex -30.75 -50.75 0
      vertex -19.742031021678294 -50.75 8.307968978321703
      vertex -20.057952682562334 -50.75 8.677865717893333
    endloop
  endfacet
  facet normal 0 -1 0
    outer loop
      vertex -30.75 -50.75 0
      vertex -19.372134282106664 -50.75 7.992047317437663
      vertex -19.742031021678294 -50.75 8.307968978321703
    endloop
  endfacet
  facet normal 0 -1 0
    outer loop
      vertex -30.75 -50.75 0
      vertex -18.957370549192593 -50.75 7.73787977501606
      vertex -19.372134282106664 -50.75 7.992047317437663
    endloop
  endfacet
  facet normal 0 -1 0
    outer loop
      vertex -30.75 -50.75 0
      vertex -18.507952682562333 -50.75 7.551724799485024
      vertex -18.957370549192593 -50.75 7.73787977501606
    endloop
  endfacet
  facet normal 0 -1 0
    outer loop
      vertex -30.75 -50.75 0
      vertex -18.034946841624713 -50.75 7.438166144155073
      vertex -18.507952682562333 -50.75 7.551724799485024
    endloop
  endfacet
  facet normal 0 -1 0
    outer loop
      vertex -30.75 -50.75 0
      vertex -17.549999999999997 -50.75 7.4
      vertex -18.034946841624713 -50.75 7.438166144155073
    endloop
  endfacet
  facet normal 0 -1 0
    outer loop
      vertex -30.75 -50.75 0
      vertex -20.057952682562334 -50.75 8.677865717893333
      vertex -20.31212022498394 -50.75 9.092629450807404
    endloop
  endfacet
  facet normal 0 -1 0
    outer loop
      vertex -30.75 -50.75 0
      vertex -20.31212022498394 -50.75 9.092629450807404
      vertex -20.498275200514975 -50.75 9.542047317437664
    endloop
  endfacet
  facet normal 0 -1 0
    outer loop
      vertex -30.75 -50.75 0
      vertex -7.849999999999998 -50.75 7.4
      vertex -17.549999999999997 -50.75 7.4
    endloop
  endfacet
  facet normal 0 0 -1
    outer loop
      vertex -34.55422606319189 -47.98606798052788 0
      vertex -9.044178149400958 -16.409315005633243 0
      vertex -8.710739087062379 -16.54742998747885 0
    endloop
  endfacet
  facet normal 0 0 -1
    outer loop
      vertex -34.55422606319189 -47.98606798052788 0
      vertex -10.049315005633247 -15.404178149400954 0
      vertex -9.86073908706238 -15.711906080272684 0
    endloop
  endfacet
  facet normal 0 0 -1
    outer loop
      vertex -34.55422606319189 -47.98606798052788 0
      vertex -9.86073908706238 -15.711906080272684 0
      vertex -9.62634559672906 -15.986345596729056 0
    endloop
  endfacet
  facet normal 0 0 -1
    outer loop
      vertex -34.55422606319189 -47.98606798052788 0
      vertex -10.187429987478852 -15.070739087062375 0
      vertex -10.049315005633247 -15.404178149400954 0
    endloop
  endfacet
  facet normal 0 0 -1
    outer loop
      vertex -34.70075336098671 -47.375737860798836 0
      vertex -10.271683183368816 -14.719799269592526 0
      vertex -10.187429987478852 -15.070739087062375 0
    endloop
  endfacet
  facet normal 0 0 -1
    outer loop
      vertex -34.70075336098671 -47.375737860798836 0
      vertex -10.3 -14.359999999999996 0
      vertex -10.271683183368816 -14.719799269592526 0
    endloop
  endfacet
  facet normal 0 0 -1
    outer loop
      vertex -34.55422606319189 -47.98606798052788 0
      vertex -9.62634559672906 -15.986345596729056 0
      vertex -9.351906080272688 -16.220739087062373 0
    endloop
  endfacet
  facet normal 0 0 -1
    outer loop
      vertex -34.55422606319189 -47.98606798052788 0
      vertex -9.351906080272688 -16.220739087062373 0
      vertex -9.044178149400958 -16.409315005633243 0
    endloop
  endfacet
  facet normal -0.7604059601108804 -0.6494480547571532 0
    outer loop
      vertex -33.98606798052788 -49.10114100575447 0
      vertex -33.578427121043205 -49.578427121043205 0
      vertex -33.98606798052788 -49.10114100575447 36.900000000000006
    endloop
  endfacet
  facet normal -0.9723699203900633 -0.23344536388761708 0
    outer loop
      vertex -34.55422606319189 -47.98606798052788 0
      vertex -34.70075336098671 -47.375737860798836 36.900000000000006
      vertex -34.70075336098671 -47.375737860798836 0
    endloop
  endfacet
  facet normal -0.9238795325574901 -0.382683432253545 0
    outer loop
      vertex -34.31402609497309 -48.56596200168133 0
      vertex -34.55422606319189 -47.98606798052788 36.900000000000006
      vertex -34.55422606319189 -47.98606798052788 0
    endloop
  endfacet
  facet normal -0.8526401650970484 -0.5224985635035544 0
    outer loop
      vertex -34.31402609497309 -48.56596200168133 0
      vertex -33.98606798052788 -49.10114100575447 0
      vertex -34.31402609497309 -48.56596200168133 36.900000000000006
    endloop
  endfacet
  facet normal -0.6494480547571532 -0.7604059601108804 0
    outer loop
      vertex -33.578427121043205 -49.578427121043205 0
      vertex -33.10114100575447 -49.98606798052788 0
      vertex -33.578427121043205 -49.578427121043205 36.900000000000006
    endloop
  endfacet
  facet normal -0.5224985635035544 -0.8526401650970484 0
    outer loop
      vertex -33.10114100575447 -49.98606798052788 0
      vertex -32.56596200168133 -50.31402609497309 0
      vertex -33.10114100575447 -49.98606798052788 36.900000000000006
    endloop
  endfacet
  facet normal -0.9969173335656911 -0.07845909785533144 0
    outer loop
      vertex -34.70075336098671 -47.375737860798836 0
      vertex -34.75 -46.75 36.900000000000006
      vertex -34.75 -46.75 0
    endloop
  endfacet
  facet normal -0.382683432253545 -0.9238795325574901 0
    outer loop
      vertex -32.56596200168133 -50.31402609497309 0
      vertex -31.986067980527878 -50.55422606319189 0
      vertex -32.56596200168133 -50.31402609497309 36.900000000000006
    endloop
  endfacet
  facet normal -0.23344536388761708 -0.9723699203900633 0
    outer loop
      vertex -31.986067980527878 -50.55422606319189 0
      vertex -31.375737860798836 -50.70075336098671 0
      vertex -31.986067980527878 -50.55422606319189 36.900000000000006
    endloop
  endfacet
  facet normal -0.07845909785533144 -0.9969173335656911 0
    outer loop
      vertex -31.375737860798836 -50.70075336098671 0
      vertex -30.75 -50.75 0
      vertex -31.375737860798836 -50.70075336098671 36.900000000000006
    endloop
  endfacet
  facet normal 0 -1 0
    outer loop
      vertex -30.75 -50.75 0
      vertex -20.498275200514975 -50.75 9.542047317437664
      vertex -30.75 -50.75 36.900000000000006
    endloop
  endfacet
  facet normal 0 0 -1
    outer loop
      vertex -34.75 -46.75 0
      vertex -10.271683183368816 -14.000200730407466 0
      vertex -10.3 -14.359999999999996 0
    endloop
  endfacet
  facet normal 0 0 -1
    outer loop
      vertex -34.75 -46.75 0
      vertex -10.187429987478852 -13.649260912937617 0
      vertex -10.271683183368816 -14.000200730407466 0
    endloop
  endfacet
  facet normal 0 0 -1
    outer loop
      vertex -34.75 -46.75 0
      vertex -10.049315005633247 -13.315821850599038 0
      vertex -10.187429987478852 -13.649260912937617 0
    endloop
  endfacet
  facet normal 0 0 -1
    outer loop
      vertex -34.75 -46.75 0
      vertex -9.86073908706238 -13.008093919727308 0
      vertex -10.049315005633247 -13.315821850599038 0
    endloop
  endfacet
  facet normal 0 0 -1
    outer loop
      vertex -34.75 -46.75 0
      vertex -26.125 9.75 0
      vertex -6.125 9.75 0
    endloop
  endfacet
  facet normal 0 0 -1
    outer loop
      vertex -33.98606798052788 -49.10114100575447 0
      vertex 34.55422606319189 -47.98606798052788 0
      vertex -33.578427121043205 -49.578427121043205 0
    endloop
  endfacet
  facet normal 0 0 -1
    outer loop
      vertex -34.31402609497309 -48.56596200168133 0
      vertex 34.70075336098671 -47.375737860798836 0
      vertex -33.98606798052788 -49.10114100575447 0
    endloop
  endfacet
  facet normal 0 0 -1
    outer loop
      vertex -34.31402609497309 -48.56596200168133 0
      vertex -34.55422606319189 -47.98606798052788 0
      vertex 34.75 -46.75 0
    endloop
  endfacet
  facet normal 0 0 -1
    outer loop
      vertex -32.56596200168133 -50.31402609497309 0
      vertex 33.578427121043205 -49.578427121043205 0
      vertex -31.986067980527878 -50.55422606319189 0
    endloop
  endfacet
  facet normal 0 0 -1
    outer loop
      vertex -33.578427121043205 -49.578427121043205 0
      vertex 34.31402609497309 -48.56596200168133 0
      vertex -33.10114100575447 -49.98606798052788 0
    endloop
  endfacet
  facet normal 0 0 -1
    outer loop
      vertex -33.10114100575447 -49.98606798052788 0
      vertex 33.98606798052788 -49.10114100575447 0
      vertex -32.56596200168133 -50.31402609497309 0
    endloop
  endfacet
  facet normal 0 0 -1
    outer loop
      vertex -31.986067980527878 -50.55422606319189 0
      vertex 33.10114100575447 -49.98606798052788 0
      vertex -31.375737860798836 -50.70075336098671 0
    endloop
  endfacet
  facet normal 0 0 -1
    outer loop
      vertex -31.375737860798836 -50.70075336098671 0
      vertex 32.56596200168133 -50.31402609497309 0
      vertex -30.75 -50.75 0
    endloop
  endfacet
  facet normal 0 -1 0
    outer loop
      vertex -17.549999999999997 -50.75 7.4
      vertex -8.334946841624713 -50.75 7.438166144155073
      vertex -17.06505315837528 -50.75 7.438166144155073
    endloop
  endfacet
  facet normal 0 -1 0
    outer loop
      vertex -17.06505315837528 -50.75 7.438166144155073
      vertex -8.807952682562334 -50.75 7.551724799485024
      vertex -16.59204731743766 -50.75 7.551724799485024
    endloop
  endfacet
  facet normal 0 -1 0
    outer loop
      vertex -16.59204731743766 -50.75 7.551724799485024
      vertex -9.257370549192594 -50.75 7.73787977501606
      vertex -16.1426294508074 -50.75 7.73787977501606
    endloop
  endfacet
  facet normal 0 -1 0
    outer loop
      vertex -16.1426294508074 -50.75 7.73787977501606
      vertex -9.672134282106665 -50.75 7.992047317437663
      vertex -15.72786571789333 -50.75 7.992047317437663
    endloop
  endfacet
  facet normal 0 -1 0
    outer loop
      vertex -15.72786571789333 -50.75 7.992047317437663
      vertex -10.042031021678294 -50.75 8.307968978321703
      vertex -15.3579689783217 -50.75 8.307968978321703
    endloop
  endfacet
  facet normal 0 -1 0
    outer loop
      vertex -15.3579689783217 -50.75 8.307968978321703
      vertex -10.357952682562335 -50.75 8.677865717893333
      vertex -15.04204731743766 -50.75 8.677865717893333
    endloop
  endfacet
  facet normal 0 -1 0
    outer loop
      vertex -14.787879775016057 -50.75 9.092629450807404
      vertex -15.04204731743766 -50.75 8.677865717893333
      vertex -10.612120224983938 -50.75 9.092629450807404
    endloop
  endfacet
  facet normal 0 -1 0
    outer loop
      vertex -30.75 -50.75 0
      vertex 1.8500000000000023 -50.75 7.4
      vertex -7.849999999999998 -50.75 7.4
    endloop
  endfacet
  facet normal 0 -1 0
    outer loop
      vertex -17.06505315837528 -50.75 7.438166144155073
      vertex -8.334946841624713 -50.75 7.438166144155073
      vertex -8.807952682562334 -50.75 7.551724799485024
    endloop
  endfacet
  facet normal 0 -1 0
    outer loop
      vertex -17.549999999999997 -50.75 7.4
      vertex -7.849999999999998 -50.75 7.4
      vertex -8.334946841624713 -50.75 7.438166144155073
    endloop
  endfacet
  facet normal 0 -1 0
    outer loop
      vertex -16.59204731743766 -50.75 7.551724799485024
      vertex -8.807952682562334 -50.75 7.551724799485024
      vertex -9.257370549192594 -50.75 7.73787977501606
    endloop
  endfacet
  facet normal 0 -1 0
    outer loop
      vertex -16.1426294508074 -50.75 7.73787977501606
      vertex -9.257370549192594 -50.75 7.73787977501606
      vertex -9.672134282106665 -50.75 7.992047317437663
    endloop
  endfacet
  facet normal 0 -1 0
    outer loop
      vertex -15.04204731743766 -50.75 8.677865717893333
      vertex -10.357952682562335 -50.75 8.677865717893333
      vertex -10.612120224983938 -50.75 9.092629450807404
    endloop
  endfacet
  facet normal 0 -1 0
    outer loop
      vertex -15.72786571789333 -50.75 7.992047317437663
      vertex -9.672134282106665 -50.75 7.992047317437663
      vertex -10.042031021678294 -50.75 8.307968978321703
    endloop
  endfacet
  facet normal 0 -1 0
    outer loop
      vertex -10.042031021678294 -50.75 8.307968978321703
      vertex -10.357952682562335 -50.75 8.677865717893333
      vertex -15.3579689783217 -50.75 8.307968978321703
    endloop
  endfacet
  facet normal 0 0 -1
    outer loop
      vertex -34.55422606319189 -47.98606798052788 0
      vertex -8.710739087062379 -16.54742998747885 0
      vertex -8.35979926959253 -16.631683183368814 0
    endloop
  endfacet
  facet normal 0 0 -1
    outer loop
      vertex -34.55422606319189 -47.98606798052788 0
      vertex -8.35979926959253 -16.631683183368814 0
      vertex -8 -16.659999999999997 0
    endloop
  endfacet
  facet normal 0 -1 0
    outer loop
      vertex -7.849999999999998 -50.75 7.4
      vertex 1.3650531583752867 -50.75 7.438166144155073
      vertex -7.365053158375282 -50.75 7.438166144155073
    endloop
  endfacet
  facet normal 0 -1 0
    outer loop
      vertex -7.365053158375282 -50.75 7.438166144155073
      vertex 0.8920473174376654 -50.75 7.551724799485024
      vertex -6.892047317437661 -50.75 7.551724799485024
    endloop
  endfacet
  facet normal 0 -1 0
    outer loop
      vertex -6.892047317437661 -50.75 7.551724799485024
      vertex 0.4426294508074071 -50.75 7.73787977501606
      vertex -6.442629450807402 -50.75 7.73787977501606
    endloop
  endfacet
  facet normal 0 -1 0
    outer loop
      vertex -6.442629450807402 -50.75 7.73787977501606
      vertex 0.027865717893335473 -50.75 7.992047317437663
      vertex -6.027865717893331 -50.75 7.992047317437663
    endloop
  endfacet
  facet normal 0 -1 0
    outer loop
      vertex -6.027865717893331 -50.75 7.992047317437663
      vertex -0.34203102167829513 -50.75 8.307968978321703
      vertex -5.6579689783217 -50.75 8.307968978321703
    endloop
  endfacet
  facet normal 0 -1 0
    outer loop
      vertex -5.6579689783217 -50.75 8.307968978321703
      vertex -0.657952682562335 -50.75 8.677865717893333
      vertex -5.342047317437661 -50.75 8.677865717893333
    endloop
  endfacet
  facet normal 0 -1 0
    outer loop
      vertex -5.087879775016058 -50.75 9.092629450807404
      vertex -5.342047317437661 -50.75 8.677865717893333
      vertex -0.9121202249839384 -50.75 9.092629450807404
    endloop
  endfacet
  facet normal 0 -1 0
    outer loop
      vertex -0.34203102167829513 -50.75 8.307968978321703
      vertex -0.657952682562335 -50.75 8.677865717893333
      vertex -5.6579689783217 -50.75 8.307968978321703
    endloop
  endfacet
  facet normal 0 -1 0
    outer loop
      vertex -5.342047317437661 -50.75 8.677865717893333
      vertex -0.657952682562335 -50.75 8.677865717893333
      vertex -0.9121202249839384 -50.75 9.092629450807404
    endloop
  endfacet
  facet normal 0 -1 0
    outer loop
      vertex -7.365053158375282 -50.75 7.438166144155073
      vertex 1.3650531583752867 -50.75 7.438166144155073
      vertex 0.8920473174376654 -50.75 7.551724799485024
    endloop
  endfacet
  facet normal 0 -1 0
    outer loop
      vertex -7.849999999999998 -50.75 7.4
      vertex 1.8500000000000023 -50.75 7.4
      vertex 1.3650531583752867 -50.75 7.438166144155073
    endloop
  endfacet
  facet normal 0 -1 0
    outer loop
      vertex -6.892047317437661 -50.75 7.551724799485024
      vertex 0.8920473174376654 -50.75 7.551724799485024
      vertex 0.4426294508074071 -50.75 7.73787977501606
    endloop
  endfacet
  facet normal 0 -1 0
    outer loop
      vertex -6.442629450807402 -50.75 7.73787977501606
      vertex 0.4426294508074071 -50.75 7.73787977501606
      vertex 0.027865717893335473 -50.75 7.992047317437663
    endloop
  endfacet
  facet normal 0 -1 0
    outer loop
      vertex -6.027865717893331 -50.75 7.992047317437663
      vertex 0.027865717893335473 -50.75 7.992047317437663
      vertex -0.34203102167829513 -50.75 8.307968978321703
    endloop
  endfacet
  facet normal 0 0 -1
    outer loop
      vertex -34.55422606319189 -47.98606798052788 0
      vertex -8 -16.659999999999997 0
      vertex 34.75 -46.75 0
    endloop
  endfacet
  facet normal 0 -1 0
    outer loop
      vertex -14.787879775016057 -50.75 9.092629450807404
      vertex -10.798275200514974 -50.75 9.542047317437664
      vertex -14.601724799485021 -50.75 9.542047317437664
    endloop
  endfacet
  facet normal 0 -1 0
    outer loop
      vertex -14.48816614415507 -50.75 10.015053158375284
      vertex -14.601724799485021 -50.75 9.542047317437664
      vertex -10.911833855844925 -50.75 10.015053158375284
    endloop
  endfacet
  facet normal 0 -1 0
    outer loop
      vertex -14.48816614415507 -50.75 10.015053158375284
      vertex -10.949999999999998 -50.75 10.5
      vertex -14.449999999999998 -50.75 10.5
    endloop
  endfacet
  facet normal 0 -1 0
    outer loop
      vertex -14.449999999999998 -50.75 10.5
      vertex -10.911833855844925 -50.75 10.984946841624716
      vertex -14.48816614415507 -50.75 10.984946841624716
    endloop
  endfacet
  facet normal 0 -1 0
    outer loop
      vertex -14.601724799485021 -50.75 11.457952682562336
      vertex -14.48816614415507 -50.75 10.984946841624716
      vertex -10.798275200514974 -50.75 11.457952682562336
    endloop
  endfacet
  facet normal 0 -1 0
    outer loop
      vertex -14.787879775016057 -50.75 11.907370549192596
      vertex -14.601724799485021 -50.75 11.457952682562336
      vertex -10.612120224983938 -50.75 11.907370549192596
    endloop
  endfacet
  facet normal 0 -1 0
    outer loop
      vertex -15.04204731743766 -50.75 12.322134282106667
      vertex -14.787879775016057 -50.75 11.907370549192596
      vertex -10.357952682562335 -50.75 12.322134282106667
    endloop
  endfacet
  facet normal 0 -1 0
    outer loop
      vertex -15.3579689783217 -50.75 12.692031021678297
      vertex -15.04204731743766 -50.75 12.322134282106667
      vertex -10.042031021678294 -50.75 12.692031021678297
    endloop
  endfacet
  facet normal 0 -1 0
    outer loop
      vertex -15.3579689783217 -50.75 12.692031021678297
      vertex -9.672134282106665 -50.75 13.007952682562337
      vertex -15.72786571789333 -50.75 13.007952682562337
    endloop
  endfacet
  facet normal 0 -1 0
    outer loop
      vertex -15.72786571789333 -50.75 13.007952682562337
      vertex -9.257370549192594 -50.75 13.26212022498394
      vertex -16.1426294508074 -50.75 13.26212022498394
    endloop
  endfacet
  facet normal 0 -1 0
    outer loop
      vertex -14.787879775016057 -50.75 9.092629450807404
      vertex -10.612120224983938 -50.75 9.092629450807404
      vertex -10.798275200514974 -50.75 9.542047317437664
    endloop
  endfacet
  facet normal 0 -1 0
    outer loop
      vertex -14.601724799485021 -50.75 9.542047317437664
      vertex -10.798275200514974 -50.75 9.542047317437664
      vertex -10.911833855844925 -50.75 10.015053158375284
    endloop
  endfacet
  facet normal 0 -1 0
    outer loop
      vertex -14.48816614415507 -50.75 10.015053158375284
      vertex -10.911833855844925 -50.75 10.015053158375284
      vertex -10.949999999999998 -50.75 10.5
    endloop
  endfacet
  facet normal 0 -1 0
    outer loop
      vertex -14.449999999999998 -50.75 10.5
      vertex -10.949999999999998 -50.75 10.5
      vertex -10.911833855844925 -50.75 10.984946841624716
    endloop
  endfacet
  facet normal 0 -1 0
    outer loop
      vertex -14.48816614415507 -50.75 10.984946841624716
      vertex -10.911833855844925 -50.75 10.984946841624716
      vertex -10.798275200514974 -50.75 11.457952682562336
    endloop
  endfacet
  facet normal 0 -1 0
    outer loop
      vertex -14.601724799485021 -50.75 11.457952682562336
      vertex -10.798275200514974 -50.75 11.457952682562336
      vertex -10.612120224983938 -50.75 11.907370549192596
    endloop
  endfacet
  facet normal 0 -1 0
    outer loop
      vertex -14.787879775016057 -50.75 11.907370549192596
      vertex -10.612120224983938 -50.75 11.907370549192596
      vertex -10.357952682562335 -50.75 12.322134282106667
    endloop
  endfacet
  facet normal 0 -1 0
    outer loop
      vertex -15.04204731743766 -50.75 12.322134282106667
      vertex -10.357952682562335 -50.75 12.322134282106667
      vertex -10.042031021678294 -50.75 12.692031021678297
    endloop
  endfacet
  facet normal 0 -1 0
    outer loop
      vertex -15.3579689783217 -50.75 12.692031021678297
      vertex -10.042031021678294 -50.75 12.692031021678297
      vertex -9.672134282106665 -50.75 13.007952682562337
    endloop
  endfacet
  facet normal 0 -1 0
    outer loop
      vertex -15.72786571789333 -50.75 13.007952682562337
      vertex -9.672134282106665 -50.75 13.007952682562337
      vertex -9.257370549192594 -50.75 13.26212022498394
    endloop
  endfacet
  facet normal 0 -1 0
    outer loop
      vertex -5.087879775016058 -50.75 9.092629450807404
      vertex -1.0982752005149736 -50.75 9.542047317437664
      vertex -4.901724799485022 -50.75 9.542047317437664
    endloop
  endfacet
  facet normal 0 -1 0
    outer loop
      vertex -4.7881661441550705 -50.75 10.015053158375284
      vertex -4.901724799485022 -50.75 9.542047317437664
      vertex -1.2118338558449246 -50.75 10.015053158375284
    endloop
  endfacet
  facet normal 0 -1 0
    outer loop
      vertex -4.7881661441550705 -50.75 10.015053158375284
      vertex -1.2499999999999978 -50.75 10.5
      vertex -4.749999999999998 -50.75 10.5
    endloop
  endfacet
  facet normal 0 -1 0
    outer loop
      vertex -5.087879775016058 -50.75 9.092629450807404
      vertex -0.9121202249839384 -50.75 9.092629450807404
      vertex -1.0982752005149736 -50.75 9.542047317437664
    endloop
  endfacet
  facet normal 0 -1 0
    outer loop
      vertex -4.901724799485022 -50.75 9.542047317437664
      vertex -1.0982752005149736 -50.75 9.542047317437664
      vertex -1.2118338558449246 -50.75 10.015053158375284
    endloop
  endfacet
  facet normal 0 -1 0
    outer loop
      vertex -4.7881661441550705 -50.75 10.015053158375284
      vertex -1.2118338558449246 -50.75 10.015053158375284
      vertex -1.2499999999999978 -50.75 10.5
    endloop
  endfacet
  facet normal 0 -1 0
    outer loop
      vertex -4.749999999999998 -50.75 10.5
      vertex -1.2118338558449246 -50.75 10.984946841624716
      vertex -4.7881661441550705 -50.75 10.984946841624716
    endloop
  endfacet
  facet normal 0 -1 0
    outer loop
      vertex -4.901724799485022 -50.75 11.457952682562336
      vertex -4.7881661441550705 -50.75 10.984946841624716
      vertex -1.0982752005149736 -50.75 11.457952682562336
    endloop
  endfacet
  facet normal 0 -1 0
    outer loop
      vertex -4.749999999999998 -50.75 10.5
      vertex -1.2499999999999978 -50.75 10.5
      vertex -1.2118338558449246 -50.75 10.984946841624716
    endloop
  endfacet
  facet normal 0 -1 0
    outer loop
      vertex -4.7881661441550705 -50.75 10.984946841624716
      vertex -1.2118338558449246 -50.75 10.984946841624716
      vertex -1.0982752005149736 -50.75 11.457952682562336
    endloop
  endfacet
  facet normal 0 -1 0
    outer loop
      vertex -5.087879775016058 -50.75 11.907370549192596
      vertex -4.901724799485022 -50.75 11.457952682562336
      vertex -0.9121202249839384 -50.75 11.907370549192596
    endloop
  endfacet
  facet normal 0 -1 0
    outer loop
      vertex -5.342047317437661 -50.75 12.322134282106667
      vertex -5.087879775016058 -50.75 11.907370549192596
      vertex -0.657952682562335 -50.75 12.322134282106667
    endloop
  endfacet
  facet normal 0 -1 0
    outer loop
      vertex -5.342047317437661 -50.75 12.322134282106667
      vertex -0.34203102167829513 -50.75 12.692031021678297
      vertex -5.6579689783217 -50.75 12.692031021678297
    endloop
  endfacet
  facet normal 0 -1 0
    outer loop
      vertex -4.901724799485022 -50.75 11.457952682562336
      vertex -1.0982752005149736 -50.75 11.457952682562336
      vertex -0.9121202249839384 -50.75 11.907370549192596
    endloop
  endfacet
  facet normal 0 -1 0
    outer loop
      vertex -5.087879775016058 -50.75 11.907370549192596
      vertex -0.9121202249839384 -50.75 11.907370549192596
      vertex -0.657952682562335 -50.75 12.322134282106667
    endloop
  endfacet
  facet normal 0 -1 0
    outer loop
      vertex -5.6579689783217 -50.75 12.692031021678297
      vertex 0.027865717893335473 -50.75 13.007952682562337
      vertex -6.027865717893331 -50.75 13.007952682562337
    endloop
  endfacet
  facet normal 0 -1 0
    outer loop
      vertex -6.027865717893331 -50.75 13.007952682562337
      vertex 0.4426294508074071 -50.75 13.26212022498394
      vertex -6.442629450807402 -50.75 13.26212022498394
    endloop
  endfacet
  facet normal 0 -1 0
    outer loop
      vertex -5.342047317437661 -50.75 12.322134282106667
      vertex -0.657952682562335 -50.75 12.322134282106667
      vertex -0.34203102167829513 -50.75 12.692031021678297
    endloop
  endfacet
  facet normal 0 -1 0
    outer loop
      vertex -0.34203102167829513 -50.75 12.692031021678297
      vertex 0.027865717893335473 -50.75 13.007952682562337
      vertex -5.6579689783217 -50.75 12.692031021678297
    endloop
  endfacet
  facet normal 0 -1 0
    outer loop
      vertex -6.027865717893331 -50.75 13.007952682562337
      vertex 0.027865717893335473 -50.75 13.007952682562337
      vertex 0.4426294508074071 -50.75 13.26212022498394
    endloop
  endfacet
  facet normal 0 0 -1
    outer loop
      vertex -34.75 -46.75 0
      vertex 6.125 9.75 0
      vertex -9.86073908706238 -13.008093919727308 0
    endloop
  endfacet
  facet normal 0 0 -1
    outer loop
      vertex -34.75 -46.75 0
      vertex -6.125 9.75 0
      vertex 6.125 9.75 0
    endloop
  endfacet
  facet normal 0 0 -1
    outer loop
      vertex -9.86073908706238 -13.008093919727308 0
      vertex 6.125 9.75 0
      vertex -9.62634559672906 -12.733654403270936 0
    endloop
  endfacet
  facet normal 0 0 -1
    outer loop
      vertex 6.125 9.75 0
      vertex -9.351906080272688 -12.499260912937617 0
      vertex -9.62634559672906 -12.733654403270936 0
    endloop
  endfacet
  facet normal 0 0 -1
    outer loop
      vertex 6.125 9.75 0
      vertex -9.044178149400958 -12.31068499436675 0
      vertex -9.351906080272688 -12.499260912937617 0
    endloop
  endfacet
  facet normal -0.7604059601108804 -0.6494480547571532 0
    outer loop
      vertex -33.578427121043205 -49.578427121043205 0
      vertex -33.578427121043205 -49.578427121043205 36.900000000000006
      vertex -33.98606798052788 -49.10114100575447 36.900000000000006
    endloop
  endfacet
  facet normal -0.9238795325574901 -0.382683432253545 0
    outer loop
      vertex -34.31402609497309 -48.56596200168133 0
      vertex -34.31402609497309 -48.56596200168133 36.900000000000006
      vertex -34.55422606319189 -47.98606798052788 36.900000000000006
    endloop
  endfacet
  facet normal -0.9723699203900633 -0.23344536388761708 0
    outer loop
      vertex -34.55422606319189 -47.98606798052788 0
      vertex -34.55422606319189 -47.98606798052788 36.900000000000006
      vertex -34.70075336098671 -47.375737860798836 36.900000000000006
    endloop
  endfacet
  facet normal -0.8526401650970484 -0.5224985635035544 0
    outer loop
      vertex -33.98606798052788 -49.10114100575447 0
      vertex -33.98606798052788 -49.10114100575447 36.900000000000006
      vertex -34.31402609497309 -48.56596200168133 36.900000000000006
    endloop
  endfacet
  facet normal -0.6494480547571532 -0.7604059601108804 0
    outer loop
      vertex -33.10114100575447 -49.98606798052788 0
      vertex -33.10114100575447 -49.98606798052788 36.900000000000006
      vertex -33.578427121043205 -49.578427121043205 36.900000000000006
    endloop
  endfacet
  facet normal -0.5224985635035544 -0.8526401650970484 0
    outer loop
      vertex -32.56596200168133 -50.31402609497309 0
      vertex -32.56596200168133 -50.31402609497309 36.900000000000006
      vertex -33.10114100575447 -49.98606798052788 36.900000000000006
    endloop
  endfacet
  facet normal -0.9969173335656911 -0.07845909785533144 0
    outer loop
      vertex -34.70075336098671 -47.375737860798836 0
      vertex -34.70075336098671 -47.375737860798836 36.900000000000006
      vertex -34.75 -46.75 36.900000000000006
    endloop
  endfacet
  facet normal -0.382683432253545 -0.9238795325574901 0
    outer loop
      vertex -31.986067980527878 -50.55422606319189 0
      vertex -31.986067980527878 -50.55422606319189 36.900000000000006
      vertex -32.56596200168133 -50.31402609497309 36.900000000000006
    endloop
  endfacet
  facet normal -0.23344536388761708 -0.9723699203900633 0
    outer loop
      vertex -31.375737860798836 -50.70075336098671 0
      vertex -31.375737860798836 -50.70075336098671 36.900000000000006
      vertex -31.986067980527878 -50.55422606319189 36.900000000000006
    endloop
  endfacet
  facet normal -0.07845909785533144 -0.9969173335656911 0
    outer loop
      vertex -30.75 -50.75 0
      vertex -30.75 -50.75 36.900000000000006
      vertex -31.375737860798836 -50.70075336098671 36.900000000000006
    endloop
  endfacet
  facet normal 0 -1 0
    outer loop
      vertex -30.75 -50.75 36.900000000000006
      vertex -20.498275200514975 -50.75 9.542047317437664
      vertex -20.611833855844925 -50.75 10.015053158375284
    endloop
  endfacet
  facet normal 0 -1 0
    outer loop
      vertex -30.75 -50.75 36.900000000000006
      vertex -20.611833855844925 -50.75 10.015053158375284
      vertex -20.65 -50.75 10.5
    endloop
  endfacet
  facet normal 0 -1 0
    outer loop
      vertex -30.75 -50.75 36.900000000000006
      vertex -20.65 -50.75 10.5
      vertex -20.611833855844925 -50.75 10.984946841624716
    endloop
  endfacet
  facet normal 0 -1 0
    outer loop
      vertex -30.75 -50.75 36.900000000000006
      vertex -20.611833855844925 -50.75 10.984946841624716
      vertex -20.498275200514975 -50.75 11.457952682562336
    endloop
  endfacet
  facet normal 0 -1 0
    outer loop
      vertex -30.75 -50.75 36.900000000000006
      vertex -20.498275200514975 -50.75 11.457952682562336
      vertex -20.31212022498394 -50.75 11.907370549192596
    endloop
  endfacet
  facet normal 0 -1 0
    outer loop
      vertex -30.75 -50.75 36.900000000000006
      vertex -20.31212022498394 -50.75 11.907370549192596
      vertex -20.057952682562334 -50.75 12.322134282106667
    endloop
  endfacet
  facet normal 0 -1 0
    outer loop
      vertex -30.75 -50.75 36.900000000000006
      vertex -20.057952682562334 -50.75 12.322134282106667
      vertex -19.742031021678294 -50.75 12.692031021678297
    endloop
  endfacet
  facet normal 0 -1 0
    outer loop
      vertex -30.75 -50.75 36.900000000000006
      vertex -19.742031021678294 -50.75 12.692031021678297
      vertex -19.372134282106664 -50.75 13.007952682562337
    endloop
  endfacet
  facet normal 0 -1 0
    outer loop
      vertex -30.75 -50.75 36.900000000000006
      vertex -19.372134282106664 -50.75 13.007952682562337
      vertex -18.957370549192593 -50.75 13.26212022498394
    endloop
  endfacet
  facet normal 0 -1 0
    outer loop
      vertex -30.75 -50.75 36.900000000000006
      vertex -18.957370549192593 -50.75 13.26212022498394
      vertex -18.507952682562333 -50.75 13.448275200514976
    endloop
  endfacet
  facet normal 0 -1 0
    outer loop
      vertex -30.75 -50.75 36.900000000000006
      vertex -18.507952682562333 -50.75 13.448275200514976
      vertex -18.034946841624713 -50.75 13.561833855844927
    endloop
  endfacet
  facet normal 0 -1 0
    outer loop
      vertex -30.75 -50.75 36.900000000000006
      vertex -18.034946841624713 -50.75 13.561833855844927
      vertex -17.549999999999997 -50.75 13.6
    endloop
  endfacet
  facet normal 0 -1 0
    outer loop
      vertex -30.75 -50.75 36.900000000000006
      vertex -17.549999999999997 -50.75 13.6
      vertex -17.06505315837528 -50.75 13.561833855844927
    endloop
  endfacet
  facet normal 0 -1 0
    outer loop
      vertex -30.75 -50.75 36.900000000000006
      vertex -17.06505315837528 -50.75 13.561833855844927
      vertex -16.59204731743766 -50.75 13.448275200514976
    endloop
  endfacet
  facet normal 0 -1 0
    outer loop
      vertex -30.75 -50.75 36.900000000000006
      vertex -16.59204731743766 -50.75 13.448275200514976
      vertex -16.1426294508074 -50.75 13.26212022498394
    endloop
  endfacet
  facet normal 0 -1 0
    outer loop
      vertex -30.75 -50.75 36.900000000000006
      vertex -16.1426294508074 -50.75 13.26212022498394
      vertex -9.257370549192594 -50.75 13.26212022498394
    endloop
  endfacet
  facet normal 0 0 1
    outer loop
      vertex -34.31402609497309 -48.56596200168133 36.900000000000006
      vertex -31.116409443318844 -47.72479673475027 36.900000000000006
      vertex -34.55422606319189 -47.98606798052788 36.900000000000006
    endloop
  endfacet
  facet normal 0 0 1
    outer loop
      vertex -34.31402609497309 -48.56596200168133 36.900000000000006
      vertex -33.98606798052788 -49.10114100575447 36.900000000000006
      vertex -29.5 -48.25 36.900000000000006
    endloop
  endfacet
  facet normal 0 0 1
    outer loop
      vertex -34.55422606319189 -47.98606798052788 36.900000000000006
      vertex -31.95026794075966 -46.74847387522459 36.900000000000006
      vertex -32.115405417978764 -46.34979673475027 36.900000000000006
    endloop
  endfacet
  facet normal 0 0 1
    outer loop
      vertex -34.55422606319189 -47.98606798052788 36.900000000000006
      vertex -31.72479673475027 -47.116409443318844 36.900000000000006
      vertex -31.95026794075966 -46.74847387522459 36.900000000000006
    endloop
  endfacet
  facet normal 0 0 1
    outer loop
      vertex -34.55422606319189 -47.98606798052788 36.900000000000006
      vertex -32.21614293754101 -45.93019478023052 36.900000000000006
      vertex -32.25 -45.5 36.900000000000006
    endloop
  endfacet
  facet normal 0 0 1
    outer loop
      vertex -34.55422606319189 -47.98606798052788 36.900000000000006
      vertex -32.115405417978764 -46.34979673475027 36.900000000000006
      vertex -32.21614293754101 -45.93019478023052 36.900000000000006
    endloop
  endfacet
  facet normal 0 0 1
    outer loop
      vertex -33.98606798052788 -49.10114100575447 36.900000000000006
      vertex -33.578427121043205 -49.578427121043205 36.900000000000006
      vertex -29.5 -48.25 36.900000000000006
    endloop
  endfacet
  facet normal 0 0 1
    outer loop
      vertex -34.55422606319189 -47.98606798052788 36.900000000000006
      vertex -31.116409443318844 -47.72479673475027 36.900000000000006
      vertex -31.44454364478588 -47.44454364478588 36.900000000000006
    endloop
  endfacet
  facet normal 0 0 1
    outer loop
      vertex -34.31402609497309 -48.56596200168133 36.900000000000006
      vertex -30.74847387522459 -47.95026794075966 36.900000000000006
      vertex -31.116409443318844 -47.72479673475027 36.900000000000006
    endloop
  endfacet
  facet normal 0 0 1
    outer loop
      vertex -34.31402609497309 -48.56596200168133 36.900000000000006
      vertex -30.34979673475027 -48.115405417978764 36.900000000000006
      vertex -30.74847387522459 -47.95026794075966 36.900000000000006
    endloop
  endfacet
  facet normal 0 0 1
    outer loop
      vertex -34.31402609497309 -48.56596200168133 36.900000000000006
      vertex -29.930194780230522 -48.21614293754101 36.900000000000006
      vertex -30.34979673475027 -48.115405417978764 36.900000000000006
    endloop
  endfacet
  facet normal 0 0 1
    outer loop
      vertex -34.31402609497309 -48.56596200168133 36.900000000000006
      vertex -29.5 -48.25 36.900000000000006
      vertex -29.930194780230522 -48.21614293754101 36.900000000000006
    endloop
  endfacet
  facet normal 0 0 1
    outer loop
      vertex -34.55422606319189 -47.98606798052788 36.900000000000006
      vertex -31.44454364478588 -47.44454364478588 36.900000000000006
      vertex -31.72479673475027 -47.116409443318844 36.900000000000006
    endloop
  endfacet
  facet normal -1 0 0
    outer loop
      vertex -34.75 -46.75 0
      vertex -34.75 -46.75 36.900000000000006
      vertex -34.75 46.75 36.900000000000006
    endloop
  endfacet
  facet normal 0 0 1
    outer loop
      vertex -34.55422606319189 -47.98606798052788 36.900000000000006
      vertex -32.25 45.5 36.900000000000006
      vertex -34.70075336098671 -47.375737860798836 36.900000000000006
    endloop
  endfacet
  facet normal 0 0 1
    outer loop
      vertex -34.70075336098671 -47.375737860798836 36.900000000000006
      vertex -32.25 45.5 36.900000000000006
      vertex -34.75 -46.75 36.900000000000006
    endloop
  endfacet
  facet normal 0 0 1
    outer loop
      vertex -34.55422606319189 -47.98606798052788 36.900000000000006
      vertex -32.25 -45.5 36.900000000000006
      vertex -32.25 45.5 36.900000000000006
    endloop
  endfacet
  facet normal 0 -1 0
    outer loop
      vertex -30.75 -50.75 36.900000000000006
      vertex -9.257370549192594 -50.75 13.26212022498394
      vertex -8.807952682562334 -50.75 13.448275200514976
    endloop
  endfacet
  facet normal 0 -1 0
    outer loop
      vertex -30.75 -50.75 36.900000000000006
      vertex -8.807952682562334 -50.75 13.448275200514976
      vertex -8.334946841624713 -50.75 13.561833855844927
    endloop
  endfacet
  facet normal 0 -1 0
    outer loop
      vertex -30.75 -50.75 36.900000000000006
      vertex -8.334946841624713 -50.75 13.561833855844927
      vertex -7.849999999999998 -50.75 13.6
    endloop
  endfacet
  facet normal 0 -1 0
    outer loop
      vertex -30.75 -50.75 36.900000000000006
      vertex -7.849999999999998 -50.75 13.6
      vertex -7.365053158375282 -50.75 13.561833855844927
    endloop
  endfacet
  facet normal 0 -1 0
    outer loop
      vertex -30.75 -50.75 36.900000000000006
      vertex -7.365053158375282 -50.75 13.561833855844927
      vertex -6.892047317437661 -50.75 13.448275200514976
    endloop
  endfacet
  facet normal 0 -1 0
    outer loop
      vertex -30.75 -50.75 36.900000000000006
      vertex -6.892047317437661 -50.75 13.448275200514976
      vertex -6.442629450807402 -50.75 13.26212022498394
    endloop
  endfacet
  facet normal 0 -1 0
    outer loop
      vertex -30.75 -50.75 36.900000000000006
      vertex -6.442629450807402 -50.75 13.26212022498394
      vertex 0.4426294508074071 -50.75 13.26212022498394
    endloop
  endfacet
  facet normal 0 -1 0
    outer loop
      vertex -30.75 -50.75 36.900000000000006
      vertex 0.4426294508074071 -50.75 13.26212022498394
      vertex 0.8920473174376654 -50.75 13.448275200514976
    endloop
  endfacet
  facet normal 0 -1 0
    outer loop
      vertex -30.75 -50.75 36.900000000000006
      vertex 0.8920473174376654 -50.75 13.448275200514976
      vertex 1.3650531583752867 -50.75 13.561833855844927
    endloop
  endfacet
  facet normal 0 -1 0
    outer loop
      vertex -30.75 -50.75 36.900000000000006
      vertex 1.3650531583752867 -50.75 13.561833855844927
      vertex 1.8500000000000023 -50.75 13.6
    endloop
  endfacet
  facet normal 0 -1 0
    outer loop
      vertex -30.75 -50.75 36.900000000000006
      vertex 1.8500000000000023 -50.75 13.6
      vertex 2.334946841624718 -50.75 13.561833855844927
    endloop
  endfacet
  facet normal 0 -1 0
    outer loop
      vertex -30.75 -50.75 36.900000000000006
      vertex 3.6721342821066694 -50.75 13.007952682562337
      vertex 8.450000000000003 -50.75 10.5
    endloop
  endfacet
  facet normal 0 -1 0
    outer loop
      vertex -30.75 -50.75 36.900000000000006
      vertex 8.450000000000003 -50.75 10.5
      vertex 8.525101122369662 -50.75 11.454250236745409
    endloop
  endfacet
  facet normal 0 -1 0
    outer loop
      vertex -30.75 -50.75 36.900000000000006
      vertex 8.525101122369662 -50.75 11.454250236745409
      vertex 8.748555250599566 -50.75 12.38500366568718
    endloop
  endfacet
  facet normal 0 -1 0
    outer loop
      vertex -30.75 -50.75 36.900000000000006
      vertex 2.334946841624718 -50.75 13.561833855844927
      vertex 2.8079526825623393 -50.75 13.448275200514976
    endloop
  endfacet
  facet normal 0 -1 0
    outer loop
      vertex -30.75 -50.75 36.900000000000006
      vertex 2.8079526825623393 -50.75 13.448275200514976
      vertex 3.2573705491925975 -50.75 13.26212022498394
    endloop
  endfacet
  facet normal 0 -1 0
    outer loop
      vertex -30.75 -50.75 36.900000000000006
      vertex 3.2573705491925975 -50.75 13.26212022498394
      vertex 3.6721342821066694 -50.75 13.007952682562337
    endloop
  endfacet
  facet normal 0 -1 0
    outer loop
      vertex -30.75 -50.75 36.900000000000006
      vertex 8.748555250599566 -50.75 12.38500366568718
      vertex 9.11486020245096 -50.75 13.269342048411236
    endloop
  endfacet
  facet normal 0 -1 0
    outer loop
      vertex -30.75 -50.75 36.900000000000006
      vertex 9.11486020245096 -50.75 13.269342048411236
      vertex 9.614996334312824 -50.75 14.085490038984085
    endloop
  endfacet
  facet normal 0 -1 0
    outer loop
      vertex -30.75 -50.75 36.900000000000006
      vertex 9.614996334312824 -50.75 14.085490038984085
      vertex 10.236648634762062 -50.75 14.81335136523794
    endloop
  endfacet
  facet normal 0 -1 0
    outer loop
      vertex -30.75 -50.75 36.900000000000006
      vertex 10.236648634762062 -50.75 14.81335136523794
      vertex 10.964509961015917 -50.75 15.43500366568718
    endloop
  endfacet
  facet normal 0 0 1
    outer loop
      vertex -32.56596200168133 -50.31402609497309 36.900000000000006
      vertex -31.986067980527878 -50.55422606319189 36.900000000000006
      vertex 33.578427121043205 -49.578427121043205 36.900000000000006
    endloop
  endfacet
  facet normal 0 0 1
    outer loop
      vertex -33.578427121043205 -49.578427121043205 36.900000000000006
      vertex -33.10114100575447 -49.98606798052788 36.900000000000006
      vertex 34.31402609497309 -48.56596200168133 36.900000000000006
    endloop
  endfacet
  facet normal 0 0 1
    outer loop
      vertex -33.10114100575447 -49.98606798052788 36.900000000000006
      vertex -32.56596200168133 -50.31402609497309 36.900000000000006
      vertex 33.98606798052788 -49.10114100575447 36.900000000000006
    endloop
  endfacet
  facet normal 0 0 1
    outer loop
      vertex -31.986067980527878 -50.55422606319189 36.900000000000006
      vertex -31.375737860798836 -50.70075336098671 36.900000000000006
      vertex 33.10114100575447 -49.98606798052788 36.900000000000006
    endloop
  endfacet
  facet normal 0 0 1
    outer loop
      vertex -31.375737860798836 -50.70075336098671 36.900000000000006
      vertex -30.75 -50.75 36.900000000000006
      vertex 32.56596200168133 -50.31402609497309 36.900000000000006
    endloop
  endfacet
  facet normal 0 0 1
    outer loop
      vertex -33.578427121043205 -49.578427121043205 36.900000000000006
      vertex 34.31402609497309 -48.56596200168133 36.900000000000006
      vertex -29.5 -48.25 36.900000000000006
    endloop
  endfacet
  facet normal 0 0 -1
    outer loop
      vertex -34.75 -46.75 0
      vertex -34.75 46.75 0
      vertex -26.125 9.75 0
    endloop
  endfacet
  facet normal 0 0 -1
    outer loop
      vertex -34.75 46.75 0
      vertex -26.125 11.75 0
      vertex -26.125 9.75 0
    endloop
  endfacet
  facet normal 0 0 -1
    outer loop
      vertex -34.75 46.75 0
      vertex -26.125 14.75 0
      vertex -26.125 11.75 0
    endloop
  endfacet
  facet normal 0 0 -1
    outer loop
      vertex -26.125 14.75 0
      vertex -6.125 14.75 0
      vertex -26.125 11.75 0
    endloop
  endfacet
  facet normal 0 0 -1
    outer loop
      vertex -26.125 19.75 0
      vertex -6.125 19.75 0
      vertex -26.125 16.75 0
    endloop
  endfacet
  facet normal 0 0 -1
    outer loop
      vertex -26.125 21.75 0
      vertex -26.125 24.75 0
      vertex -6.125 24.75 0
    endloop
  endfacet
  facet normal -1 0 0
    outer loop
      vertex -34.75 -46.75 0
      vertex -34.75 46.75 36.900000000000006
      vertex -34.75 46.75 0
    endloop
  endfacet
  facet normal 0 0 -1
    outer loop
      vertex -34.75 46.75 0
      vertex -26.125 16.75 0
      vertex -26.125 14.75 0
    endloop
  endfacet
  facet normal 0 0 -1
    outer loop
      vertex -34.75 46.75 0
      vertex -26.125 19.75 0
      vertex -26.125 16.75 0
    endloop
  endfacet
  facet normal 0 0 -1
    outer loop
      vertex -34.75 46.75 0
      vertex -26.125 21.75 0
      vertex -26.125 19.75 0
    endloop
  endfacet
  facet normal 0 0 -1
    outer loop
      vertex -34.75 46.75 0
      vertex -26.125 24.75 0
      vertex -26.125 21.75 0
    endloop
  endfacet
  facet normal 0 0 -1
    outer loop
      vertex -34.75 46.75 0
      vertex -26.125 26.75 0
      vertex -26.125 24.75 0
    endloop
  endfacet
  facet normal 0 0 -1
    outer loop
      vertex -34.75 46.75 0
      vertex -26.125 29.75 0
      vertex -26.125 26.75 0
    endloop
  endfacet
  facet normal 0 0 -1
    outer loop
      vertex -34.75 46.75 0
      vertex -26.125 31.75 0
      vertex -26.125 29.75 0
    endloop
  endfacet
  facet normal 0 0 -1
    outer loop
      vertex -31.986067980527878 50.55422606319189 0
      vertex -31.375737860798836 50.70075336098671 0
      vertex -30.75 50.75 0
    endloop
  endfacet
  facet normal 0 0 -1
    outer loop
      vertex -26.125 29.75 0
      vertex -6.125 29.75 0
      vertex -26.125 26.75 0
    endloop
  endfacet
  facet normal -0.9969173335656911 0.07845909785533144 0
    outer loop
      vertex -34.75 46.75 0
      vertex -34.70075336098671 47.375737860798836 36.900000000000006
      vertex -34.70075336098671 47.375737860798836 0
    endloop
  endfacet
  facet normal -0.9723699203900633 0.23344536388761708 0
    outer loop
      vertex -34.70075336098671 47.375737860798836 0
      vertex -34.55422606319189 47.98606798052788 36.900000000000006
      vertex -34.55422606319189 47.98606798052788 0
    endloop
  endfacet
  facet normal -0.9238795325574901 0.382683432253545 0
    outer loop
      vertex -34.55422606319189 47.98606798052788 0
      vertex -34.31402609497309 48.56596200168133 36.900000000000006
      vertex -34.31402609497309 48.56596200168133 0
    endloop
  endfacet
  facet normal -0.8526401650970484 0.5224985635035544 0
    outer loop
      vertex -34.31402609497309 48.56596200168133 0
      vertex -33.98606798052788 49.10114100575447 36.900000000000006
      vertex -33.98606798052788 49.10114100575447 0
    endloop
  endfacet
  facet normal -0.7604059601108804 0.6494480547571532 0
    outer loop
      vertex -33.98606798052788 49.10114100575447 0
      vertex -33.578427121043205 49.578427121043205 36.900000000000006
      vertex -33.578427121043205 49.578427121043205 0
    endloop
  endfacet
  facet normal -0.6494480547571532 0.7604059601108804 0
    outer loop
      vertex -33.578427121043205 49.578427121043205 0
      vertex -33.10114100575447 49.98606798052788 36.900000000000006
      vertex -33.10114100575447 49.98606798052788 0
    endloop
  endfacet
  facet normal -0.5224985635035544 0.8526401650970484 0
    outer loop
      vertex -33.10114100575447 49.98606798052788 0
      vertex -32.56596200168133 50.31402609497309 36.900000000000006
      vertex -32.56596200168133 50.31402609497309 0
    endloop
  endfacet
  facet normal -0.382683432253545 0.9238795325574901 0
    outer loop
      vertex -32.56596200168133 50.31402609497309 0
      vertex -31.986067980527878 50.55422606319189 36.900000000000006
      vertex -31.986067980527878 50.55422606319189 0
    endloop
  endfacet
  facet normal -0.23344536388761708 0.9723699203900633 0
    outer loop
      vertex -31.986067980527878 50.55422606319189 0
      vertex -31.375737860798836 50.70075336098671 36.900000000000006
      vertex -31.375737860798836 50.70075336098671 0
    endloop
  endfacet
  facet normal -0.07845909785533144 0.9969173335656911 0
    outer loop
      vertex -31.375737860798836 50.70075336098671 0
      vertex -30.75 50.75 36.900000000000006
      vertex -30.75 50.75 0
    endloop
  endfacet
  facet normal 0 0 -1
    outer loop
      vertex -26.125 11.75 0
      vertex -6.125 14.75 0
      vertex -6.125 11.75 0
    endloop
  endfacet
  facet normal 0 0 -1
    outer loop
      vertex -26.125 16.75 0
      vertex -6.125 19.75 0
      vertex -6.125 16.75 0
    endloop
  endfacet
  facet normal 0 0 -1
    outer loop
      vertex -26.125 21.75 0
      vertex -6.125 24.75 0
      vertex -6.125 21.75 0
    endloop
  endfacet
  facet normal 0 0 -1
    outer loop
      vertex -6.125 9.75 0
      vertex -6.125 11.75 0
      vertex 6.125 9.75 0
    endloop
  endfacet
  facet normal 0 0 -1
    outer loop
      vertex -6.125 14.75 0
      vertex 6.125 14.75 0
      vertex -6.125 11.75 0
    endloop
  endfacet
  facet normal 0 0 -1
    outer loop
      vertex -6.125 14.75 0
      vertex -6.125 16.75 0
      vertex 6.125 14.75 0
    endloop
  endfacet
  facet normal 0 0 -1
    outer loop
      vertex -6.125 19.75 0
      vertex 6.125 19.75 0
      vertex -6.125 16.75 0
    endloop
  endfacet
  facet normal 0 0 -1
    outer loop
      vertex -6.125 19.75 0
      vertex -6.125 21.75 0
      vertex 6.125 19.75 0
    endloop
  endfacet
  facet normal 0 0 -1
    outer loop
      vertex -6.125 21.75 0
      vertex -6.125 24.75 0
      vertex 6.125 24.75 0
    endloop
  endfacet
  facet normal 0 0 -1
    outer loop
      vertex -26.125 26.75 0
      vertex -6.125 29.75 0
      vertex -6.125 26.75 0
    endloop
  endfacet
  facet normal 0 0 -1
    outer loop
      vertex -34.75 46.75 0
      vertex 34.55422606319189 47.98606798052788 0
      vertex -26.125 31.75 0
    endloop
  endfacet
  facet normal 0 0 -1
    outer loop
      vertex -34.75 46.75 0
      vertex -34.70075336098671 47.375737860798836 0
      vertex 34.31402609497309 48.56596200168133 0
    endloop
  endfacet
  facet normal 0 0 -1
    outer loop
      vertex -34.70075336098671 47.375737860798836 0
      vertex -34.55422606319189 47.98606798052788 0
      vertex 33.98606798052788 49.10114100575447 0
    endloop
  endfacet
  facet normal 0 0 -1
    outer loop
      vertex -34.55422606319189 47.98606798052788 0
      vertex -34.31402609497309 48.56596200168133 0
      vertex 33.578427121043205 49.578427121043205 0
    endloop
  endfacet
  facet normal 0 0 -1
    outer loop
      vertex -34.31402609497309 48.56596200168133 0
      vertex -33.98606798052788 49.10114100575447 0
      vertex 33.10114100575447 49.98606798052788 0
    endloop
  endfacet
  facet normal 0 0 -1
    outer loop
      vertex -33.98606798052788 49.10114100575447 0
      vertex -33.578427121043205 49.578427121043205 0
      vertex 32.56596200168133 50.31402609497309 0
    endloop
  endfacet
  facet normal 0 0 -1
    outer loop
      vertex -33.578427121043205 49.578427121043205 0
      vertex -33.10114100575447 49.98606798052788 0
      vertex 31.986067980527878 50.55422606319189 0
    endloop
  endfacet
  facet normal 0 0 -1
    outer loop
      vertex -33.10114100575447 49.98606798052788 0
      vertex -32.56596200168133 50.31402609497309 0
      vertex 31.375737860798836 50.70075336098671 0
    endloop
  endfacet
  facet normal 0 0 -1
    outer loop
      vertex -32.56596200168133 50.31402609497309 0
      vertex -31.986067980527878 50.55422606319189 0
      vertex 30.75 50.75 0
    endloop
  endfacet
  facet normal 0 0 -1
    outer loop
      vertex -31.986067980527878 50.55422606319189 0
      vertex -30.75 50.75 0
      vertex 30.75 50.75 0
    endloop
  endfacet
  facet normal 0 0 -1
    outer loop
      vertex -6.125 24.75 0
      vertex -6.125 26.75 0
      vertex 6.125 24.75 0
    endloop
  endfacet
  facet normal 0 0 -1
    outer loop
      vertex -6.125 29.75 0
      vertex 6.125 31.75 0
      vertex -6.125 26.75 0
    endloop
  endfacet
  facet normal 0 0 -1
    outer loop
      vertex -6.125 29.75 0
      vertex -6.125 31.75 0
      vertex 6.125 31.75 0
    endloop
  endfacet
  facet normal 0 0 1
    outer loop
      vertex -34.75 -46.75 36.900000000000006
      vertex -32.25 45.5 36.900000000000006
      vertex -34.75 46.75 36.900000000000006
    endloop
  endfacet
  facet normal -0.9969173335656911 0.07845909785533144 0
    outer loop
      vertex -34.75 46.75 0
      vertex -34.75 46.75 36.900000000000006
      vertex -34.70075336098671 47.375737860798836 36.900000000000006
    endloop
  endfacet
  facet normal -0.9723699203900633 0.23344536388761708 0
    outer loop
      vertex -34.70075336098671 47.375737860798836 0
      vertex -34.70075336098671 47.375737860798836 36.900000000000006
      vertex -34.55422606319189 47.98606798052788 36.900000000000006
    endloop
  endfacet
  facet normal -0.9238795325574901 0.382683432253545 0
    outer loop
      vertex -34.55422606319189 47.98606798052788 0
      vertex -34.55422606319189 47.98606798052788 36.900000000000006
      vertex -34.31402609497309 48.56596200168133 36.900000000000006
    endloop
  endfacet
  facet normal -0.8526401650970484 0.5224985635035544 0
    outer loop
      vertex -34.31402609497309 48.56596200168133 0
      vertex -34.31402609497309 48.56596200168133 36.900000000000006
      vertex -33.98606798052788 49.10114100575447 36.900000000000006
    endloop
  endfacet
  facet normal -0.7604059601108804 0.6494480547571532 0
    outer loop
      vertex -33.98606798052788 49.10114100575447 0
      vertex -33.98606798052788 49.10114100575447 36.900000000000006
      vertex -33.578427121043205 49.578427121043205 36.900000000000006
    endloop
  endfacet
  facet normal -0.6494480547571532 0.7604059601108804 0
    outer loop
      vertex -33.578427121043205 49.578427121043205 0
      vertex -33.578427121043205 49.578427121043205 36.900000000000006
      vertex -33.10114100575447 49.98606798052788 36.900000000000006
    endloop
  endfacet
  facet normal -0.5224985635035544 0.8526401650970484 0
    outer loop
      vertex -33.10114100575447 49.98606798052788 0
      vertex -33.10114100575447 49.98606798052788 36.900000000000006
      vertex -32.56596200168133 50.31402609497309 36.900000000000006
    endloop
  endfacet
  facet normal -0.382683432253545 0.9238795325574901 0
    outer loop
      vertex -32.56596200168133 50.31402609497309 0
      vertex -32.56596200168133 50.31402609497309 36.900000000000006
      vertex -31.986067980527878 50.55422606319189 36.900000000000006
    endloop
  endfacet
  facet normal -0.23344536388761708 0.9723699203900633 0
    outer loop
      vertex -31.986067980527878 50.55422606319189 0
      vertex -31.986067980527878 50.55422606319189 36.900000000000006
      vertex -31.375737860798836 50.70075336098671 36.900000000000006
    endloop
  endfacet
  facet normal -0.07845909785533144 0.9969173335656911 0
    outer loop
      vertex -31.375737860798836 50.70075336098671 0
      vertex -31.375737860798836 50.70075336098671 36.900000000000006
      vertex -30.75 50.75 36.900000000000006
    endloop
  endfacet
  facet normal 0 0 1
    outer loop
      vertex -34.75 46.75 36.900000000000006
      vertex -31.72479673475027 47.116409443318844 36.900000000000006
      vertex -34.70075336098671 47.375737860798836 36.900000000000006
    endloop
  endfacet
  facet normal 0 0 1
    outer loop
      vertex -34.75 46.75 36.900000000000006
      vertex -32.25 45.5 36.900000000000006
      vertex -32.21614293754101 45.93019478023052 36.900000000000006
    endloop
  endfacet
  facet normal 0 0 1
    outer loop
      vertex -34.75 46.75 36.900000000000006
      vertex -32.21614293754101 45.93019478023052 36.900000000000006
      vertex -32.115405417978764 46.34979673475027 36.900000000000006
    endloop
  endfacet
  facet normal 0 0 1
    outer loop
      vertex -34.75 46.75 36.900000000000006
      vertex -32.115405417978764 46.34979673475027 36.900000000000006
      vertex -31.95026794075966 46.74847387522459 36.900000000000006
    endloop
  endfacet
  facet normal 0 0 1
    outer loop
      vertex -34.75 46.75 36.900000000000006
      vertex -31.95026794075966 46.74847387522459 36.900000000000006
      vertex -31.72479673475027 47.116409443318844 36.900000000000006
    endloop
  endfacet
  facet normal 0 0 1
    outer loop
      vertex -34.70075336098671 47.375737860798836 36.900000000000006
      vertex -31.72479673475027 47.116409443318844 36.900000000000006
      vertex -31.44454364478588 47.44454364478588 36.900000000000006
    endloop
  endfacet
  facet normal 0 0 1
    outer loop
      vertex -34.70075336098671 47.375737860798836 36.900000000000006
      vertex -31.116409443318844 47.72479673475027 36.900000000000006
      vertex -34.55422606319189 47.98606798052788 36.900000000000006
    endloop
  endfacet
  facet normal 0 0 1
    outer loop
      vertex -34.55422606319189 47.98606798052788 36.900000000000006
      vertex -30.34979673475027 48.115405417978764 36.900000000000006
      vertex -34.31402609497309 48.56596200168133 36.900000000000006
    endloop
  endfacet
  facet normal 0 0 1
    outer loop
      vertex -34.70075336098671 47.375737860798836 36.900000000000006
      vertex -31.44454364478588 47.44454364478588 36.900000000000006
      vertex -31.116409443318844 47.72479673475027 36.900000000000006
    endloop
  endfacet
  facet normal 0 0 1
    outer loop
      vertex -34.55422606319189 47.98606798052788 36.900000000000006
      vertex -31.116409443318844 47.72479673475027 36.900000000000006
      vertex -30.74847387522459 47.95026794075966 36.900000000000006
    endloop
  endfacet
  facet normal 0 0 1
    outer loop
      vertex -34.55422606319189 47.98606798052788 36.900000000000006
      vertex -30.74847387522459 47.95026794075966 36.900000000000006
      vertex -30.34979673475027 48.115405417978764 36.900000000000006
    endloop
  endfacet
  facet normal 0 0 1
    outer loop
      vertex -34.31402609497309 48.56596200168133 36.900000000000006
      vertex -30.34979673475027 48.115405417978764 36.900000000000006
      vertex -29.930194780230522 48.21614293754101 36.900000000000006
    endloop
  endfacet
  facet normal 0 0 1
    outer loop
      vertex -34.31402609497309 48.56596200168133 36.900000000000006
      vertex -29.930194780230522 48.21614293754101 36.900000000000006
      vertex -29.5 48.25 36.900000000000006
    endloop
  endfacet
  facet normal 0 0 1
    outer loop
      vertex -31.986067980527878 50.55422606319189 36.900000000000006
      vertex -30.75 50.75 36.900000000000006
      vertex -31.375737860798836 50.70075336098671 36.900000000000006
    endloop
  endfacet
  facet normal 0 1 0
    outer loop
      vertex -30.75 50.75 0
      vertex -30.75 50.75 36.900000000000006
      vertex 30.75 50.75 36.900000000000006
    endloop
  endfacet
  facet normal 0 0 1
    outer loop
      vertex -34.31402609497309 48.56596200168133 36.900000000000006
      vertex -29.5 48.25 36.900000000000006
      vertex 29.5 48.25 36.900000000000006
    endloop
  endfacet
  facet normal 0 0 1
    outer loop
      vertex -34.31402609497309 48.56596200168133 36.900000000000006
      vertex 33.10114100575447 49.98606798052788 36.900000000000006
      vertex -33.98606798052788 49.10114100575447 36.900000000000006
    endloop
  endfacet
  facet normal 0 0 1
    outer loop
      vertex -33.98606798052788 49.10114100575447 36.900000000000006
      vertex 32.56596200168133 50.31402609497309 36.900000000000006
      vertex -33.578427121043205 49.578427121043205 36.900000000000006
    endloop
  endfacet
  facet normal 0 0 1
    outer loop
      vertex -33.578427121043205 49.578427121043205 36.900000000000006
      vertex 31.986067980527878 50.55422606319189 36.900000000000006
      vertex -33.10114100575447 49.98606798052788 36.900000000000006
    endloop
  endfacet
  facet normal 0 0 1
    outer loop
      vertex -33.10114100575447 49.98606798052788 36.900000000000006
      vertex 31.375737860798836 50.70075336098671 36.900000000000006
      vertex -32.56596200168133 50.31402609497309 36.900000000000006
    endloop
  endfacet
  facet normal 0 0 1
    outer loop
      vertex -32.56596200168133 50.31402609497309 36.900000000000006
      vertex 30.75 50.75 36.900000000000006
      vertex -31.986067980527878 50.55422606319189 36.900000000000006
    endloop
  endfacet
  facet normal 0 0 1
    outer loop
      vertex -31.986067980527878 50.55422606319189 36.900000000000006
      vertex 30.75 50.75 36.900000000000006
      vertex -30.75 50.75 36.900000000000006
    endloop
  endfacet
  facet normal 0 -1 0
    outer loop
      vertex -30.75 -50.75 0
      vertex 30.75 -50.75 0
      vertex 1.8500000000000023 -50.75 7.4
    endloop
  endfacet
  facet normal 0 -1 0
    outer loop
      vertex 1.8500000000000023 -50.75 7.4
      vertex 11.780657951588767 -50.75 5.064860202450956
      vertex 2.334946841624718 -50.75 7.438166144155073
    endloop
  endfacet
  facet normal 0 -1 0
    outer loop
      vertex 2.334946841624718 -50.75 7.438166144155073
      vertex 10.964509961015917 -50.75 5.564996334312821
      vertex 2.8079526825623393 -50.75 7.551724799485024
    endloop
  endfacet
  facet normal 0 -1 0
    outer loop
      vertex 2.334946841624718 -50.75 7.438166144155073
      vertex 11.780657951588767 -50.75 5.064860202450956
      vertex 10.964509961015917 -50.75 5.564996334312821
    endloop
  endfacet
  facet normal 0 -1 0
    outer loop
      vertex 2.8079526825623393 -50.75 7.551724799485024
      vertex 10.964509961015917 -50.75 5.564996334312821
      vertex 10.236648634762062 -50.75 6.18664863476206
    endloop
  endfacet
  facet normal 0 -1 0
    outer loop
      vertex 2.8079526825623393 -50.75 7.551724799485024
      vertex 10.236648634762062 -50.75 6.18664863476206
      vertex 3.2573705491925975 -50.75 7.73787977501606
    endloop
  endfacet
  facet normal 0 -1 0
    outer loop
      vertex 3.2573705491925975 -50.75 7.73787977501606
      vertex 9.614996334312824 -50.75 6.914509961015915
      vertex 3.6721342821066694 -50.75 7.992047317437663
    endloop
  endfacet
  facet normal 0 -1 0
    outer loop
      vertex 3.6721342821066694 -50.75 7.992047317437663
      vertex 9.11486020245096 -50.75 7.730657951588764
      vertex 4.0420310216783 -50.75 8.307968978321703
    endloop
  endfacet
  facet normal 0 -1 0
    outer loop
      vertex 9.11486020245096 -50.75 7.730657951588764
      vertex 4.35795268256234 -50.75 8.677865717893333
      vertex 4.0420310216783 -50.75 8.307968978321703
    endloop
  endfacet
  facet normal 0 -1 0
    outer loop
      vertex 8.748555250599566 -50.75 8.61499633431282
      vertex 4.6121202249839435 -50.75 9.092629450807404
      vertex 4.35795268256234 -50.75 8.677865717893333
    endloop
  endfacet
  facet normal 0 -1 0
    outer loop
      vertex 3.6721342821066694 -50.75 7.992047317437663
      vertex 9.614996334312824 -50.75 6.914509961015915
      vertex 9.11486020245096 -50.75 7.730657951588764
    endloop
  endfacet
  facet normal 0 -1 0
    outer loop
      vertex 3.2573705491925975 -50.75 7.73787977501606
      vertex 10.236648634762062 -50.75 6.18664863476206
      vertex 9.614996334312824 -50.75 6.914509961015915
    endloop
  endfacet
  facet normal 0 -1 0
    outer loop
      vertex 9.11486020245096 -50.75 7.730657951588764
      vertex 8.748555250599566 -50.75 8.61499633431282
      vertex 4.35795268256234 -50.75 8.677865717893333
    endloop
  endfacet
  facet normal 0 -1 0
    outer loop
      vertex 8.748555250599566 -50.75 8.61499633431282
      vertex 8.525101122369662 -50.75 9.545749763254591
      vertex 4.6121202249839435 -50.75 9.092629450807404
    endloop
  endfacet
  facet normal 0 0 -1
    outer loop
      vertex -30.75 -50.75 0
      vertex 31.986067980527878 -50.55422606319189 0
      vertex 30.75 -50.75 0
    endloop
  endfacet
  facet normal 0 0 -1
    outer loop
      vertex -30.75 -50.75 0
      vertex 32.56596200168133 -50.31402609497309 0
      vertex 31.986067980527878 -50.55422606319189 0
    endloop
  endfacet
  facet normal 0 0 -1
    outer loop
      vertex -31.375737860798836 -50.70075336098671 0
      vertex 33.10114100575447 -49.98606798052788 0
      vertex 32.56596200168133 -50.31402609497309 0
    endloop
  endfacet
  facet normal 0 0 -1
    outer loop
      vertex -31.986067980527878 -50.55422606319189 0
      vertex 33.578427121043205 -49.578427121043205 0
      vertex 33.10114100575447 -49.98606798052788 0
    endloop
  endfacet
  facet normal 0 0 -1
    outer loop
      vertex -32.56596200168133 -50.31402609497309 0
      vertex 33.98606798052788 -49.10114100575447 0
      vertex 33.578427121043205 -49.578427121043205 0
    endloop
  endfacet
  facet normal 0 0 -1
    outer loop
      vertex -33.10114100575447 -49.98606798052788 0
      vertex 34.31402609497309 -48.56596200168133 0
      vertex 33.98606798052788 -49.10114100575447 0
    endloop
  endfacet
  facet normal 0 0 -1
    outer loop
      vertex -33.578427121043205 -49.578427121043205 0
      vertex 34.55422606319189 -47.98606798052788 0
      vertex 34.31402609497309 -48.56596200168133 0
    endloop
  endfacet
  facet normal 0 0 -1
    outer loop
      vertex -33.98606798052788 -49.10114100575447 0
      vertex 34.70075336098671 -47.375737860798836 0
      vertex 34.55422606319189 -47.98606798052788 0
    endloop
  endfacet
  facet normal 0 0 -1
    outer loop
      vertex -34.31402609497309 -48.56596200168133 0
      vertex 34.75 -46.75 0
      vertex 34.70075336098671 -47.375737860798836 0
    endloop
  endfacet
  facet normal 0 -1 0
    outer loop
      vertex 30.75 -50.75 0
      vertex 12.664996334312823 -50.75 4.698555250599564
      vertex 1.8500000000000023 -50.75 7.4
    endloop
  endfacet
  facet normal 0 -1 0
    outer loop
      vertex 1.8500000000000023 -50.75 7.4
      vertex 12.664996334312823 -50.75 4.698555250599564
      vertex 11.780657951588767 -50.75 5.064860202450956
    endloop
  endfacet
  facet normal 0 0 -1
    outer loop
      vertex 34.75 -46.75 0
      vertex -8 -16.659999999999997 0
      vertex 8 -16.659999999999997 0
    endloop
  endfacet
  facet normal 0 0 -1
    outer loop
      vertex 34.75 -46.75 0
      vertex 8 -16.659999999999997 0
      vertex 8.35979926959253 -16.631683183368814 0
    endloop
  endfacet
  facet normal 0 0 -1
    outer loop
      vertex 34.75 -46.75 0
      vertex 8.35979926959253 -16.631683183368814 0
      vertex 8.710739087062379 -16.54742998747885 0
    endloop
  endfacet
  facet normal 0 -1 0
    outer loop
      vertex 4.6121202249839435 -50.75 9.092629450807404
      vertex 8.525101122369662 -50.75 9.545749763254591
      vertex 4.798275200514978 -50.75 9.542047317437664
    endloop
  endfacet
  facet normal 0 -1 0
    outer loop
      vertex 4.911833855844929 -50.75 10.015053158375284
      vertex 4.798275200514978 -50.75 9.542047317437664
      vertex 8.525101122369662 -50.75 9.545749763254591
    endloop
  endfacet
  facet normal 0 -1 0
    outer loop
      vertex 4.911833855844929 -50.75 10.015053158375284
      vertex 8.450000000000003 -50.75 10.5
      vertex 4.950000000000003 -50.75 10.5
    endloop
  endfacet
  facet normal 0 -1 0
    outer loop
      vertex 4.950000000000003 -50.75 10.5
      vertex 8.450000000000003 -50.75 10.5
      vertex 4.911833855844929 -50.75 10.984946841624716
    endloop
  endfacet
  facet normal 0 -1 0
    outer loop
      vertex 4.6121202249839435 -50.75 11.907370549192596
      vertex 4.798275200514978 -50.75 11.457952682562336
      vertex 8.450000000000003 -50.75 10.5
    endloop
  endfacet
  facet normal 0 -1 0
    outer loop
      vertex 4.798275200514978 -50.75 11.457952682562336
      vertex 4.911833855844929 -50.75 10.984946841624716
      vertex 8.450000000000003 -50.75 10.5
    endloop
  endfacet
  facet normal 0 -1 0
    outer loop
      vertex 4.911833855844929 -50.75 10.015053158375284
      vertex 8.525101122369662 -50.75 9.545749763254591
      vertex 8.450000000000003 -50.75 10.5
    endloop
  endfacet
  facet normal 0 -1 0
    outer loop
      vertex 8.450000000000003 -50.75 10.5
      vertex 3.6721342821066694 -50.75 13.007952682562337
      vertex 4.0420310216783 -50.75 12.692031021678297
    endloop
  endfacet
  facet normal 0 -1 0
    outer loop
      vertex 4.35795268256234 -50.75 12.322134282106667
      vertex 4.6121202249839435 -50.75 11.907370549192596
      vertex 8.450000000000003 -50.75 10.5
    endloop
  endfacet
  facet normal 0 -1 0
    outer loop
      vertex 4.35795268256234 -50.75 12.322134282106667
      vertex 8.450000000000003 -50.75 10.5
      vertex 4.0420310216783 -50.75 12.692031021678297
    endloop
  endfacet
  facet normal 0 0 -1
    outer loop
      vertex -9.044178149400958 -12.31068499436675 0
      vertex 26.125 9.75 0
      vertex -8.710739087062379 -12.172570012521144 0
    endloop
  endfacet
  facet normal 0 0 -1
    outer loop
      vertex 26.125 9.75 0
      vertex -8.35979926959253 -12.08831681663118 0
      vertex -8.710739087062379 -12.172570012521144 0
    endloop
  endfacet
  facet normal 0 0 -1
    outer loop
      vertex -8.35979926959253 -12.08831681663118 0
      vertex 26.125 9.75 0
      vertex -8 -12.059999999999995 0
    endloop
  endfacet
  facet normal 0 0 -1
    outer loop
      vertex 26.125 9.75 0
      vertex 8 -12.059999999999995 0
      vertex -8 -12.059999999999995 0
    endloop
  endfacet
  facet normal 0 0 -1
    outer loop
      vertex 8 -12.059999999999995 0
      vertex 26.125 9.75 0
      vertex 8.35979926959253 -12.08831681663118 0
    endloop
  endfacet
  facet normal 0 0 -1
    outer loop
      vertex 8.35979926959253 -12.08831681663118 0
      vertex 26.125 9.75 0
      vertex 8.710739087062379 -12.172570012521144 0
    endloop
  endfacet
  facet normal 0 0 -1
    outer loop
      vertex 8.710739087062379 -12.172570012521144 0
      vertex 26.125 9.75 0
      vertex 9.044178149400958 -12.31068499436675 0
    endloop
  endfacet
  facet normal 0 0 -1
    outer loop
      vertex 9.044178149400958 -12.31068499436675 0
      vertex 26.125 9.75 0
      vertex 9.351906080272688 -12.499260912937617 0
    endloop
  endfacet
  facet normal 0 0 -1
    outer loop
      vertex 9.351906080272688 -12.499260912937617 0
      vertex 26.125 9.75 0
      vertex 9.62634559672906 -12.733654403270936 0
    endloop
  endfacet
  facet normal 0 0 -1
    outer loop
      vertex 10.049315005633247 -13.315821850599038 0
      vertex 26.125 9.75 0
      vertex 10.187429987478852 -13.649260912937617 0
    endloop
  endfacet
  facet normal 0 0 -1
    outer loop
      vertex 10.271683183368816 -14.000200730407466 0
      vertex 26.125 9.75 0
      vertex 10.3 -14.359999999999996 0
    endloop
  endfacet
  facet normal 0 0 -1
    outer loop
      vertex 10.187429987478852 -13.649260912937617 0
      vertex 26.125 9.75 0
      vertex 10.271683183368816 -14.000200730407466 0
    endloop
  endfacet
  facet normal 0 0 -1
    outer loop
      vertex 9.62634559672906 -12.733654403270936 0
      vertex 26.125 9.75 0
      vertex 9.86073908706238 -13.008093919727308 0
    endloop
  endfacet
  facet normal 0 0 -1
    outer loop
      vertex 9.86073908706238 -13.008093919727308 0
      vertex 26.125 9.75 0
      vertex 10.049315005633247 -13.315821850599038 0
    endloop
  endfacet
  facet normal 0 -1 0
    outer loop
      vertex 30.75 -50.75 0
      vertex 13.595749763254595 -50.75 4.47510112236966
      vertex 12.664996334312823 -50.75 4.698555250599564
    endloop
  endfacet
  facet normal 0 -1 0
    outer loop
      vertex 30.75 -50.75 0
      vertex 14.550000000000002 -50.75 4.4
      vertex 13.595749763254595 -50.75 4.47510112236966
    endloop
  endfacet
  facet normal 0 -1 0
    outer loop
      vertex 30.75 -50.75 0
      vertex 15.50425023674541 -50.75 4.47510112236966
      vertex 14.550000000000002 -50.75 4.4
    endloop
  endfacet
  facet normal 0 -1 0
    outer loop
      vertex 30.75 -50.75 0
      vertex 16.43500366568718 -50.75 4.698555250599564
      vertex 15.50425023674541 -50.75 4.47510112236966
    endloop
  endfacet
  facet normal 0 -1 0
    outer loop
      vertex 30.75 -50.75 0
      vertex 17.319342048411237 -50.75 5.064860202450956
      vertex 16.43500366568718 -50.75 4.698555250599564
    endloop
  endfacet
  facet normal 0 -1 0
    outer loop
      vertex 30.75 -50.75 0
      vertex 18.135490038984088 -50.75 5.564996334312821
      vertex 17.319342048411237 -50.75 5.064860202450956
    endloop
  endfacet
  facet normal 0 -1 0
    outer loop
      vertex 30.75 -50.75 0
      vertex 18.863351365237943 -50.75 6.18664863476206
      vertex 18.135490038984088 -50.75 5.564996334312821
    endloop
  endfacet
  facet normal 0 -1 0
    outer loop
      vertex 30.75 -50.75 0
      vertex 19.48500366568718 -50.75 6.914509961015915
      vertex 18.863351365237943 -50.75 6.18664863476206
    endloop
  endfacet
  facet normal 0 -1 0
    outer loop
      vertex 30.75 -50.75 0
      vertex 19.985139797549046 -50.75 7.730657951588764
      vertex 19.48500366568718 -50.75 6.914509961015915
    endloop
  endfacet
  facet normal 0 -1 0
    outer loop
      vertex 30.75 -50.75 0
      vertex 20.35144474940044 -50.75 8.61499633431282
      vertex 19.985139797549046 -50.75 7.730657951588764
    endloop
  endfacet
  facet normal 0 -1 0
    outer loop
      vertex 30.75 -50.75 0
      vertex 20.574898877630343 -50.75 9.545749763254591
      vertex 20.35144474940044 -50.75 8.61499633431282
    endloop
  endfacet
  facet normal 0 0 -1
    outer loop
      vertex 34.75 -46.75 0
      vertex 8.710739087062379 -16.54742998747885 0
      vertex 9.044178149400958 -16.409315005633243 0
    endloop
  endfacet
  facet normal 0 0 -1
    outer loop
      vertex 34.75 -46.75 0
      vertex 9.044178149400958 -16.409315005633243 0
      vertex 9.351906080272688 -16.220739087062373 0
    endloop
  endfacet
  facet normal 0 0 -1
    outer loop
      vertex 34.75 -46.75 0
      vertex 9.351906080272688 -16.220739087062373 0
      vertex 9.62634559672906 -15.986345596729056 0
    endloop
  endfacet
  facet normal 0 0 -1
    outer loop
      vertex 34.75 -46.75 0
      vertex 9.62634559672906 -15.986345596729056 0
      vertex 9.86073908706238 -15.711906080272684 0
    endloop
  endfacet
  facet normal 0 0 -1
    outer loop
      vertex 34.75 -46.75 0
      vertex 9.86073908706238 -15.711906080272684 0
      vertex 10.049315005633247 -15.404178149400954 0
    endloop
  endfacet
  facet normal 0 0 -1
    outer loop
      vertex 34.75 -46.75 0
      vertex 10.049315005633247 -15.404178149400954 0
      vertex 10.187429987478852 -15.070739087062375 0
    endloop
  endfacet
  facet normal 0 0 -1
    outer loop
      vertex 34.75 -46.75 0
      vertex 10.187429987478852 -15.070739087062375 0
      vertex 10.271683183368816 -14.719799269592526 0
    endloop
  endfacet
  facet normal 0 0 -1
    outer loop
      vertex 30.75 -50.75 0
      vertex 31.986067980527878 -50.55422606319189 0
      vertex 31.375737860798836 -50.70075336098671 0
    endloop
  endfacet
  facet normal 0.07845909785533144 -0.9969173335656911 0
    outer loop
      vertex 30.75 -50.75 0
      vertex 31.375737860798836 -50.70075336098671 0
      vertex 30.75 -50.75 36.900000000000006
    endloop
  endfacet
  facet normal 0.23344536388761708 -0.9723699203900633 0
    outer loop
      vertex 31.375737860798836 -50.70075336098671 0
      vertex 31.986067980527878 -50.55422606319189 0
      vertex 31.375737860798836 -50.70075336098671 36.900000000000006
    endloop
  endfacet
  facet normal 0.382683432253545 -0.9238795325574901 0
    outer loop
      vertex 31.986067980527878 -50.55422606319189 0
      vertex 32.56596200168133 -50.31402609497309 0
      vertex 31.986067980527878 -50.55422606319189 36.900000000000006
    endloop
  endfacet
  facet normal 0.5224985635035544 -0.8526401650970484 0
    outer loop
      vertex 32.56596200168133 -50.31402609497309 0
      vertex 33.10114100575447 -49.98606798052788 0
      vertex 32.56596200168133 -50.31402609497309 36.900000000000006
    endloop
  endfacet
  facet normal 0.6494480547571532 -0.7604059601108804 0
    outer loop
      vertex 33.10114100575447 -49.98606798052788 0
      vertex 33.578427121043205 -49.578427121043205 0
      vertex 33.10114100575447 -49.98606798052788 36.900000000000006
    endloop
  endfacet
  facet normal 0.7604059601108804 -0.6494480547571532 0
    outer loop
      vertex 33.578427121043205 -49.578427121043205 0
      vertex 33.98606798052788 -49.10114100575447 0
      vertex 33.578427121043205 -49.578427121043205 36.900000000000006
    endloop
  endfacet
  facet normal 0.8526401650970484 -0.5224985635035544 0
    outer loop
      vertex 33.98606798052788 -49.10114100575447 0
      vertex 34.31402609497309 -48.56596200168133 0
      vertex 33.98606798052788 -49.10114100575447 36.900000000000006
    endloop
  endfacet
  facet normal 0.9238795325574901 -0.382683432253545 0
    outer loop
      vertex 34.31402609497309 -48.56596200168133 0
      vertex 34.55422606319189 -47.98606798052788 0
      vertex 34.31402609497309 -48.56596200168133 36.900000000000006
    endloop
  endfacet
  facet normal 0.9723699203900633 -0.23344536388761708 0
    outer loop
      vertex 34.55422606319189 -47.98606798052788 0
      vertex 34.70075336098671 -47.375737860798836 0
      vertex 34.55422606319189 -47.98606798052788 36.900000000000006
    endloop
  endfacet
  facet normal 0.9969173335656911 -0.07845909785533144 0
    outer loop
      vertex 34.70075336098671 -47.375737860798836 0
      vertex 34.75 -46.75 0
      vertex 34.70075336098671 -47.375737860798836 36.900000000000006
    endloop
  endfacet
  facet normal 0 -1 0
    outer loop
      vertex 30.75 -50.75 0
      vertex 30.75 -50.75 36.900000000000006
      vertex 20.574898877630343 -50.75 9.545749763254591
    endloop
  endfacet
  facet normal 1 0 0
    outer loop
      vertex 34.75 -46.75 0
      vertex 34.75 13.375 10
      vertex 34.75 -46.75 36.900000000000006
    endloop
  endfacet
  facet normal 0 0 -1
    outer loop
      vertex 34.75 -46.75 0
      vertex 10.271683183368816 -14.719799269592526 0
      vertex 10.3 -14.359999999999996 0
    endloop
  endfacet
  facet normal 0 0 -1
    outer loop
      vertex 34.75 -46.75 0
      vertex 10.3 -14.359999999999996 0
      vertex 26.125 9.75 0
    endloop
  endfacet
  facet normal 0 0 -1
    outer loop
      vertex 34.75 -46.75 0
      vertex 26.125 9.75 0
      vertex 26.125 11.75 0
    endloop
  endfacet
  facet normal 0 0 -1
    outer loop
      vertex 34.75 -46.75 0
      vertex 26.125 11.75 0
      vertex 26.125 14.75 0
    endloop
  endfacet
  facet normal 0 0 -1
    outer loop
      vertex 34.75 -46.75 0
      vertex 26.125 14.75 0
      vertex 26.125 16.75 0
    endloop
  endfacet
  facet normal 0 0 -1
    outer loop
      vertex 34.75 -46.75 0
      vertex 26.125 16.75 0
      vertex 26.125 19.75 0
    endloop
  endfacet
  facet normal 0 0 -1
    outer loop
      vertex 34.75 -46.75 0
      vertex 26.125 19.75 0
      vertex 26.125 21.75 0
    endloop
  endfacet
  facet normal 0 0 -1
    outer loop
      vertex 34.75 -46.75 0
      vertex 26.125 21.75 0
      vertex 26.125 24.75 0
    endloop
  endfacet
  facet normal 1 0 0
    outer loop
      vertex 34.75 -46.75 0
      vertex 34.75 21.375 5
      vertex 34.75 13.375 5
    endloop
  endfacet
  facet normal 1 0 0
    outer loop
      vertex 34.75 -46.75 0
      vertex 34.75 13.375 5
      vertex 34.75 13.375 10
    endloop
  endfacet
  facet normal 0 -1 0
    outer loop
      vertex -30.75 -50.75 36.900000000000006
      vertex 10.964509961015917 -50.75 15.43500366568718
      vertex 30.75 -50.75 36.900000000000006
    endloop
  endfacet
  facet normal 0 0 1
    outer loop
      vertex -30.75 -50.75 36.900000000000006
      vertex 30.75 -50.75 36.900000000000006
      vertex 31.986067980527878 -50.55422606319189 36.900000000000006
    endloop
  endfacet
  facet normal 0 0 1
    outer loop
      vertex -30.75 -50.75 36.900000000000006
      vertex 31.986067980527878 -50.55422606319189 36.900000000000006
      vertex 32.56596200168133 -50.31402609497309 36.900000000000006
    endloop
  endfacet
  facet normal 0 0 1
    outer loop
      vertex -31.375737860798836 -50.70075336098671 36.900000000000006
      vertex 32.56596200168133 -50.31402609497309 36.900000000000006
      vertex 33.10114100575447 -49.98606798052788 36.900000000000006
    endloop
  endfacet
  facet normal 0 0 1
    outer loop
      vertex -31.986067980527878 -50.55422606319189 36.900000000000006
      vertex 33.10114100575447 -49.98606798052788 36.900000000000006
      vertex 33.578427121043205 -49.578427121043205 36.900000000000006
    endloop
  endfacet
  facet normal 0 0 1
    outer loop
      vertex -32.56596200168133 -50.31402609497309 36.900000000000006
      vertex 33.578427121043205 -49.578427121043205 36.900000000000006
      vertex 33.98606798052788 -49.10114100575447 36.900000000000006
    endloop
  endfacet
  facet normal 0 0 1
    outer loop
      vertex -33.10114100575447 -49.98606798052788 36.900000000000006
      vertex 33.98606798052788 -49.10114100575447 36.900000000000006
      vertex 34.31402609497309 -48.56596200168133 36.900000000000006
    endloop
  endfacet
  facet normal 0 0 1
    outer loop
      vertex -29.5 -48.25 36.900000000000006
      vertex 34.31402609497309 -48.56596200168133 36.900000000000006
      vertex 29.5 -48.25 36.900000000000006
    endloop
  endfacet
  facet normal 0 -1 0
    outer loop
      vertex 30.75 -50.75 36.900000000000006
      vertex 10.964509961015917 -50.75 15.43500366568718
      vertex 11.780657951588767 -50.75 15.935139797549045
    endloop
  endfacet
  facet normal 0 -1 0
    outer loop
      vertex 30.75 -50.75 36.900000000000006
      vertex 11.780657951588767 -50.75 15.935139797549045
      vertex 12.664996334312823 -50.75 16.301444749400435
    endloop
  endfacet
  facet normal 0 -1 0
    outer loop
      vertex 30.75 -50.75 36.900000000000006
      vertex 16.43500366568718 -50.75 16.301444749400435
      vertex 17.319342048411237 -50.75 15.935139797549045
    endloop
  endfacet
  facet normal 0 -1 0
    outer loop
      vertex 30.75 -50.75 36.900000000000006
      vertex 20.650000000000002 -50.75 10.5
      vertex 20.574898877630343 -50.75 9.545749763254591
    endloop
  endfacet
  facet normal 0 -1 0
    outer loop
      vertex 30.75 -50.75 36.900000000000006
      vertex 20.574898877630343 -50.75 11.454250236745409
      vertex 20.650000000000002 -50.75 10.5
    endloop
  endfacet
  facet normal 0 -1 0
    outer loop
      vertex 30.75 -50.75 36.900000000000006
      vertex 20.35144474940044 -50.75 12.38500366568718
      vertex 20.574898877630343 -50.75 11.454250236745409
    endloop
  endfacet
  facet normal 0 -1 0
    outer loop
      vertex 30.75 -50.75 36.900000000000006
      vertex 19.985139797549046 -50.75 13.269342048411236
      vertex 20.35144474940044 -50.75 12.38500366568718
    endloop
  endfacet
  facet normal 0 -1 0
    outer loop
      vertex 30.75 -50.75 36.900000000000006
      vertex 19.48500366568718 -50.75 14.085490038984085
      vertex 19.985139797549046 -50.75 13.269342048411236
    endloop
  endfacet
  facet normal 0 -1 0
    outer loop
      vertex 30.75 -50.75 36.900000000000006
      vertex 18.135490038984088 -50.75 15.43500366568718
      vertex 18.863351365237943 -50.75 14.81335136523794
    endloop
  endfacet
  facet normal 0 -1 0
    outer loop
      vertex 30.75 -50.75 36.900000000000006
      vertex 17.319342048411237 -50.75 15.935139797549045
      vertex 18.135490038984088 -50.75 15.43500366568718
    endloop
  endfacet
  facet normal 0 -1 0
    outer loop
      vertex 30.75 -50.75 36.900000000000006
      vertex 18.863351365237943 -50.75 14.81335136523794
      vertex 19.48500366568718 -50.75 14.085490038984085
    endloop
  endfacet
  facet normal 0 -1 0
    outer loop
      vertex 30.75 -50.75 36.900000000000006
      vertex 12.664996334312823 -50.75 16.301444749400435
      vertex 13.595749763254595 -50.75 16.524898877630342
    endloop
  endfacet
  facet normal 0 -1 0
    outer loop
      vertex 30.75 -50.75 36.900000000000006
      vertex 13.595749763254595 -50.75 16.524898877630342
      vertex 14.550000000000002 -50.75 16.6
    endloop
  endfacet
  facet normal 0 -1 0
    outer loop
      vertex 30.75 -50.75 36.900000000000006
      vertex 14.550000000000002 -50.75 16.6
      vertex 15.50425023674541 -50.75 16.524898877630342
    endloop
  endfacet
  facet normal 0 -1 0
    outer loop
      vertex 30.75 -50.75 36.900000000000006
      vertex 15.50425023674541 -50.75 16.524898877630342
      vertex 16.43500366568718 -50.75 16.301444749400435
    endloop
  endfacet
  facet normal 0.07845909785533144 -0.9969173335656911 0
    outer loop
      vertex 31.375737860798836 -50.70075336098671 0
      vertex 31.375737860798836 -50.70075336098671 36.900000000000006
      vertex 30.75 -50.75 36.900000000000006
    endloop
  endfacet
  facet normal 0.23344536388761708 -0.9723699203900633 0
    outer loop
      vertex 31.986067980527878 -50.55422606319189 0
      vertex 31.986067980527878 -50.55422606319189 36.900000000000006
      vertex 31.375737860798836 -50.70075336098671 36.900000000000006
    endloop
  endfacet
  facet normal 0.382683432253545 -0.9238795325574901 0
    outer loop
      vertex 32.56596200168133 -50.31402609497309 0
      vertex 32.56596200168133 -50.31402609497309 36.900000000000006
      vertex 31.986067980527878 -50.55422606319189 36.900000000000006
    endloop
  endfacet
  facet normal 0.5224985635035544 -0.8526401650970484 0
    outer loop
      vertex 33.10114100575447 -49.98606798052788 0
      vertex 33.10114100575447 -49.98606798052788 36.900000000000006
      vertex 32.56596200168133 -50.31402609497309 36.900000000000006
    endloop
  endfacet
  facet normal 0.6494480547571532 -0.7604059601108804 0
    outer loop
      vertex 33.578427121043205 -49.578427121043205 0
      vertex 33.578427121043205 -49.578427121043205 36.900000000000006
      vertex 33.10114100575447 -49.98606798052788 36.900000000000006
    endloop
  endfacet
  facet normal 0.7604059601108804 -0.6494480547571532 0
    outer loop
      vertex 33.98606798052788 -49.10114100575447 0
      vertex 33.98606798052788 -49.10114100575447 36.900000000000006
      vertex 33.578427121043205 -49.578427121043205 36.900000000000006
    endloop
  endfacet
  facet normal 0.8526401650970484 -0.5224985635035544 0
    outer loop
      vertex 34.31402609497309 -48.56596200168133 0
      vertex 34.31402609497309 -48.56596200168133 36.900000000000006
      vertex 33.98606798052788 -49.10114100575447 36.900000000000006
    endloop
  endfacet
  facet normal 0.9238795325574901 -0.382683432253545 0
    outer loop
      vertex 34.55422606319189 -47.98606798052788 0
      vertex 34.55422606319189 -47.98606798052788 36.900000000000006
      vertex 34.31402609497309 -48.56596200168133 36.900000000000006
    endloop
  endfacet
  facet normal 0.9723699203900633 -0.23344536388761708 0
    outer loop
      vertex 34.70075336098671 -47.375737860798836 0
      vertex 34.70075336098671 -47.375737860798836 36.900000000000006
      vertex 34.55422606319189 -47.98606798052788 36.900000000000006
    endloop
  endfacet
  facet normal 0.9969173335656911 -0.07845909785533144 0
    outer loop
      vertex 34.75 -46.75 0
      vertex 34.75 -46.75 36.900000000000006
      vertex 34.70075336098671 -47.375737860798836 36.900000000000006
    endloop
  endfacet
  facet normal 0 0 1
    outer loop
      vertex 30.75 -50.75 36.900000000000006
      vertex 31.375737860798836 -50.70075336098671 36.900000000000006
      vertex 31.986067980527878 -50.55422606319189 36.900000000000006
    endloop
  endfacet
  facet normal 0 0 1
    outer loop
      vertex 29.5 -48.25 36.900000000000006
      vertex 34.31402609497309 -48.56596200168133 36.900000000000006
      vertex 29.930194780230522 -48.21614293754101 36.900000000000006
    endloop
  endfacet
  facet normal 0 0 1
    outer loop
      vertex 29.930194780230522 -48.21614293754101 36.900000000000006
      vertex 34.31402609497309 -48.56596200168133 36.900000000000006
      vertex 30.34979673475027 -48.115405417978764 36.900000000000006
    endloop
  endfacet
  facet normal 0 0 1
    outer loop
      vertex 30.34979673475027 -48.115405417978764 36.900000000000006
      vertex 34.55422606319189 -47.98606798052788 36.900000000000006
      vertex 30.74847387522459 -47.95026794075966 36.900000000000006
    endloop
  endfacet
  facet normal 0 0 1
    outer loop
      vertex 30.74847387522459 -47.95026794075966 36.900000000000006
      vertex 34.55422606319189 -47.98606798052788 36.900000000000006
      vertex 31.116409443318844 -47.72479673475027 36.900000000000006
    endloop
  endfacet
  facet normal 0 0 1
    outer loop
      vertex 31.116409443318844 -47.72479673475027 36.900000000000006
      vertex 34.70075336098671 -47.375737860798836 36.900000000000006
      vertex 31.44454364478588 -47.44454364478588 36.900000000000006
    endloop
  endfacet
  facet normal 0 0 1
    outer loop
      vertex 30.34979673475027 -48.115405417978764 36.900000000000006
      vertex 34.31402609497309 -48.56596200168133 36.900000000000006
      vertex 34.55422606319189 -47.98606798052788 36.900000000000006
    endloop
  endfacet
  facet normal 0 0 1
    outer loop
      vertex 31.116409443318844 -47.72479673475027 36.900000000000006
      vertex 34.55422606319189 -47.98606798052788 36.900000000000006
      vertex 34.70075336098671 -47.375737860798836 36.900000000000006
    endloop
  endfacet
  facet normal 0 0 1
    outer loop
      vertex 31.44454364478588 -47.44454364478588 36.900000000000006
      vertex 34.70075336098671 -47.375737860798836 36.900000000000006
      vertex 31.72479673475027 -47.116409443318844 36.900000000000006
    endloop
  endfacet
  facet normal 0 0 1
    outer loop
      vertex 31.72479673475027 -47.116409443318844 36.900000000000006
      vertex 34.75 -46.75 36.900000000000006
      vertex 31.95026794075966 -46.74847387522459 36.900000000000006
    endloop
  endfacet
  facet normal 0 0 1
    outer loop
      vertex 31.95026794075966 -46.74847387522459 36.900000000000006
      vertex 34.75 -46.75 36.900000000000006
      vertex 32.115405417978764 -46.34979673475027 36.900000000000006
    endloop
  endfacet
  facet normal 0 0 1
    outer loop
      vertex 32.115405417978764 -46.34979673475027 36.900000000000006
      vertex 34.75 -46.75 36.900000000000006
      vertex 32.21614293754101 -45.93019478023052 36.900000000000006
    endloop
  endfacet
  facet normal 0 0 1
    outer loop
      vertex 32.21614293754101 -45.93019478023052 36.900000000000006
      vertex 34.75 -46.75 36.900000000000006
      vertex 32.25 -45.5 36.900000000000006
    endloop
  endfacet
  facet normal 0 0 1
    outer loop
      vertex 31.72479673475027 -47.116409443318844 36.900000000000006
      vertex 34.70075336098671 -47.375737860798836 36.900000000000006
      vertex 34.75 -46.75 36.900000000000006
    endloop
  endfacet
  facet normal 1 0 0
    outer loop
      vertex 34.75 -46.75 36.900000000000006
      vertex 34.75 13.375 10
      vertex 34.75 21.375 10
    endloop
  endfacet
  facet normal 0 0 1
    outer loop
      vertex 32.25 -45.5 36.900000000000006
      vertex 34.75 -46.75 36.900000000000006
      vertex 34.75 46.75 36.900000000000006
    endloop
  endfacet
  facet normal 0 0 -1
    outer loop
      vertex -6.125 11.75 0
      vertex 6.125 11.75 0
      vertex 6.125 9.75 0
    endloop
  endfacet
  facet normal 0 0 -1
    outer loop
      vertex -9.044178149400958 -12.31068499436675 0
      vertex 6.125 9.75 0
      vertex 26.125 9.75 0
    endloop
  endfacet
  facet normal 0 0 -1
    outer loop
      vertex -6.125 11.75 0
      vertex 6.125 14.75 0
      vertex 6.125 11.75 0
    endloop
  endfacet
  facet normal 0 0 -1
    outer loop
      vertex -6.125 16.75 0
      vertex 6.125 16.75 0
      vertex 6.125 14.75 0
    endloop
  endfacet
  facet normal 0 0 -1
    outer loop
      vertex -6.125 16.75 0
      vertex 6.125 19.75 0
      vertex 6.125 16.75 0
    endloop
  endfacet
  facet normal 0 0 -1
    outer loop
      vertex -6.125 21.75 0
      vertex 6.125 21.75 0
      vertex 6.125 19.75 0
    endloop
  endfacet
  facet normal 0 0 -1
    outer loop
      vertex -6.125 21.75 0
      vertex 6.125 24.75 0
      vertex 6.125 21.75 0
    endloop
  endfacet
  facet normal 0 0 -1
    outer loop
      vertex 6.125 11.75 0
      vertex 6.125 14.75 0
      vertex 26.125 14.75 0
    endloop
  endfacet
  facet normal 0 0 -1
    outer loop
      vertex 6.125 19.75 0
      vertex 26.125 19.75 0
      vertex 6.125 16.75 0
    endloop
  endfacet
  facet normal 0 0 -1
    outer loop
      vertex 6.125 21.75 0
      vertex 6.125 24.75 0
      vertex 26.125 24.75 0
    endloop
  endfacet
  facet normal 0 0 -1
    outer loop
      vertex -6.125 26.75 0
      vertex 6.125 26.75 0
      vertex 6.125 24.75 0
    endloop
  endfacet
  facet normal 0 0 -1
    outer loop
      vertex -6.125 26.75 0
      vertex 6.125 29.75 0
      vertex 6.125 26.75 0
    endloop
  endfacet
  facet normal 0 0 -1
    outer loop
      vertex -6.125 26.75 0
      vertex 6.125 31.75 0
      vertex 6.125 29.75 0
    endloop
  endfacet
  facet normal 0 0 -1
    outer loop
      vertex 34.55422606319189 47.98606798052788 0
      vertex -6.125 31.75 0
      vertex -26.125 31.75 0
    endloop
  endfacet
  facet normal 0 0 -1
    outer loop
      vertex 6.125 29.75 0
      vertex 26.125 29.75 0
      vertex 6.125 26.75 0
    endloop
  endfacet
  facet normal 0 0 -1
    outer loop
      vertex 34.55422606319189 47.98606798052788 0
      vertex 6.125 31.75 0
      vertex -6.125 31.75 0
    endloop
  endfacet
  facet normal 0 0 -1
    outer loop
      vertex -32.56596200168133 50.31402609497309 0
      vertex 30.75 50.75 0
      vertex 31.375737860798836 50.70075336098671 0
    endloop
  endfacet
  facet normal 0 0 -1
    outer loop
      vertex -33.10114100575447 49.98606798052788 0
      vertex 31.375737860798836 50.70075336098671 0
      vertex 31.986067980527878 50.55422606319189 0
    endloop
  endfacet
  facet normal 0 0 -1
    outer loop
      vertex -33.98606798052788 49.10114100575447 0
      vertex 32.56596200168133 50.31402609497309 0
      vertex 33.10114100575447 49.98606798052788 0
    endloop
  endfacet
  facet normal 0 0 -1
    outer loop
      vertex -34.31402609497309 48.56596200168133 0
      vertex 33.10114100575447 49.98606798052788 0
      vertex 33.578427121043205 49.578427121043205 0
    endloop
  endfacet
  facet normal 0 0 -1
    outer loop
      vertex -33.578427121043205 49.578427121043205 0
      vertex 31.986067980527878 50.55422606319189 0
      vertex 32.56596200168133 50.31402609497309 0
    endloop
  endfacet
  facet normal 0 0 -1
    outer loop
      vertex -34.75 46.75 0
      vertex 34.31402609497309 48.56596200168133 0
      vertex 34.55422606319189 47.98606798052788 0
    endloop
  endfacet
  facet normal 0 0 -1
    outer loop
      vertex -34.70075336098671 47.375737860798836 0
      vertex 33.98606798052788 49.10114100575447 0
      vertex 34.31402609497309 48.56596200168133 0
    endloop
  endfacet
  facet normal 0 0 -1
    outer loop
      vertex -34.55422606319189 47.98606798052788 0
      vertex 33.578427121043205 49.578427121043205 0
      vertex 33.98606798052788 49.10114100575447 0
    endloop
  endfacet
  facet normal 0 1 0
    outer loop
      vertex -30.75 50.75 0
      vertex 30.75 50.75 36.900000000000006
      vertex 30.75 50.75 0
    endloop
  endfacet
  facet normal 0 0 -1
    outer loop
      vertex 6.125 11.75 0
      vertex 26.125 14.75 0
      vertex 26.125 11.75 0
    endloop
  endfacet
  facet normal 0 0 -1
    outer loop
      vertex 6.125 16.75 0
      vertex 26.125 19.75 0
      vertex 26.125 16.75 0
    endloop
  endfacet
  facet normal 0 0 -1
    outer loop
      vertex 6.125 21.75 0
      vertex 26.125 24.75 0
      vertex 26.125 21.75 0
    endloop
  endfacet
  facet normal 0 0 -1
    outer loop
      vertex 34.75 -46.75 0
      vertex 26.125 24.75 0
      vertex 26.125 26.75 0
    endloop
  endfacet
  facet normal 0 0 -1
    outer loop
      vertex 34.75 -46.75 0
      vertex 26.125 26.75 0
      vertex 26.125 29.75 0
    endloop
  endfacet
  facet normal 0 0 -1
    outer loop
      vertex 34.75 -46.75 0
      vertex 26.125 29.75 0
      vertex 26.125 31.75 0
    endloop
  endfacet
  facet normal 1 0 0
    outer loop
      vertex 34.75 -46.75 0
      vertex 34.75 29.375 5
      vertex 34.75 21.375 5
    endloop
  endfacet
  facet normal 0 0 -1
    outer loop
      vertex 34.75 -46.75 0
      vertex 26.125 31.75 0
      vertex 34.75 46.75 0
    endloop
  endfacet
  facet normal 1 0 0
    outer loop
      vertex 34.75 -46.75 0
      vertex 34.75 46.75 0
      vertex 34.75 29.375 5
    endloop
  endfacet
  facet normal 1 0 0
    outer loop
      vertex 34.75 29.375 10
      vertex 34.75 21.375 10
      vertex 34.75 21.375 5
    endloop
  endfacet
  facet normal 0 0 -1
    outer loop
      vertex 6.125 26.75 0
      vertex 26.125 29.75 0
      vertex 26.125 26.75 0
    endloop
  endfacet
  facet normal 0 0 -1
    outer loop
      vertex 34.75 46.75 0
      vertex 26.125 31.75 0
      vertex 6.125 31.75 0
    endloop
  endfacet
  facet normal 0 0 -1
    outer loop
      vertex 34.75 46.75 0
      vertex 6.125 31.75 0
      vertex 34.70075336098671 47.375737860798836 0
    endloop
  endfacet
  facet normal 0 0 -1
    outer loop
      vertex 34.70075336098671 47.375737860798836 0
      vertex 6.125 31.75 0
      vertex 34.55422606319189 47.98606798052788 0
    endloop
  endfacet
  facet normal 1 0 0
    outer loop
      vertex 34.75 46.75 0
      vertex 34.75 37.375 5
      vertex 34.75 29.375 5
    endloop
  endfacet
  facet normal 1 0 0
    outer loop
      vertex 34.75 29.375 10
      vertex 34.75 21.375 5
      vertex 34.75 29.375 5
    endloop
  endfacet
  facet normal 0.07845909785533144 0.9969173335656911 0
    outer loop
      vertex 30.75 50.75 0
      vertex 31.375737860798836 50.70075336098671 36.900000000000006
      vertex 31.375737860798836 50.70075336098671 0
    endloop
  endfacet
  facet normal 0.23344536388761708 0.9723699203900633 0
    outer loop
      vertex 31.375737860798836 50.70075336098671 0
      vertex 31.986067980527878 50.55422606319189 36.900000000000006
      vertex 31.986067980527878 50.55422606319189 0
    endloop
  endfacet
  facet normal 0.382683432253545 0.9238795325574901 0
    outer loop
      vertex 31.986067980527878 50.55422606319189 0
      vertex 32.56596200168133 50.31402609497309 36.900000000000006
      vertex 32.56596200168133 50.31402609497309 0
    endloop
  endfacet
  facet normal 0.9969173335656911 0.07845909785533144 0
    outer loop
      vertex 34.75 46.75 0
      vertex 34.70075336098671 47.375737860798836 0
      vertex 34.75 46.75 36.900000000000006
    endloop
  endfacet
  facet normal 0.5224985635035544 0.8526401650970484 0
    outer loop
      vertex 32.56596200168133 50.31402609497309 0
      vertex 33.10114100575447 49.98606798052788 36.900000000000006
      vertex 33.10114100575447 49.98606798052788 0
    endloop
  endfacet
  facet normal 0.6494480547571532 0.7604059601108804 0
    outer loop
      vertex 33.10114100575447 49.98606798052788 0
      vertex 33.578427121043205 49.578427121043205 36.900000000000006
      vertex 33.578427121043205 49.578427121043205 0
    endloop
  endfacet
  facet normal 0.8526401650970484 0.5224985635035544 0
    outer loop
      vertex 33.98606798052788 49.10114100575447 0
      vertex 34.31402609497309 48.56596200168133 36.900000000000006
      vertex 34.31402609497309 48.56596200168133 0
    endloop
  endfacet
  facet normal 0.9238795325574901 0.382683432253545 0
    outer loop
      vertex 34.55422606319189 47.98606798052788 0
      vertex 34.31402609497309 48.56596200168133 0
      vertex 34.55422606319189 47.98606798052788 36.900000000000006
    endloop
  endfacet
  facet normal 0.9723699203900633 0.23344536388761708 0
    outer loop
      vertex 34.70075336098671 47.375737860798836 0
      vertex 34.55422606319189 47.98606798052788 0
      vertex 34.70075336098671 47.375737860798836 36.900000000000006
    endloop
  endfacet
  facet normal 0.7604059601108804 0.6494480547571532 0
    outer loop
      vertex 33.578427121043205 49.578427121043205 0
      vertex 33.98606798052788 49.10114100575447 36.900000000000006
      vertex 33.98606798052788 49.10114100575447 0
    endloop
  endfacet
  facet normal 1 0 0
    outer loop
      vertex 34.75 46.75 0
      vertex 34.75 46.75 36.900000000000006
      vertex 34.75 37.375 5
    endloop
  endfacet
  facet normal 1 0 0
    outer loop
      vertex 34.75 46.75 36.900000000000006
      vertex 34.75 37.375 10
      vertex 34.75 37.375 5
    endloop
  endfacet
  facet normal 0 0 1
    outer loop
      vertex -34.31402609497309 48.56596200168133 36.900000000000006
      vertex 29.5 48.25 36.900000000000006
      vertex 33.578427121043205 49.578427121043205 36.900000000000006
    endloop
  endfacet
  facet normal 0 0 1
    outer loop
      vertex -32.56596200168133 50.31402609497309 36.900000000000006
      vertex 31.375737860798836 50.70075336098671 36.900000000000006
      vertex 30.75 50.75 36.900000000000006
    endloop
  endfacet
  facet normal 0 0 1
    outer loop
      vertex -33.10114100575447 49.98606798052788 36.900000000000006
      vertex 31.986067980527878 50.55422606319189 36.900000000000006
      vertex 31.375737860798836 50.70075336098671 36.900000000000006
    endloop
  endfacet
  facet normal 0 0 1
    outer loop
      vertex -33.98606798052788 49.10114100575447 36.900000000000006
      vertex 33.10114100575447 49.98606798052788 36.900000000000006
      vertex 32.56596200168133 50.31402609497309 36.900000000000006
    endloop
  endfacet
  facet normal 0 0 1
    outer loop
      vertex -34.31402609497309 48.56596200168133 36.900000000000006
      vertex 33.578427121043205 49.578427121043205 36.900000000000006
      vertex 33.10114100575447 49.98606798052788 36.900000000000006
    endloop
  endfacet
  facet normal 0 0 1
    outer loop
      vertex -33.578427121043205 49.578427121043205 36.900000000000006
      vertex 32.56596200168133 50.31402609497309 36.900000000000006
      vertex 31.986067980527878 50.55422606319189 36.900000000000006
    endloop
  endfacet
  facet normal 1 0 0
    outer loop
      vertex 34.75 -46.75 36.900000000000006
      vertex 34.75 21.375 10
      vertex 34.75 29.375 10
    endloop
  endfacet
  facet normal 1 0 0
    outer loop
      vertex 34.75 -46.75 36.900000000000006
      vertex 34.75 29.375 10
      vertex 34.75 46.75 36.900000000000006
    endloop
  endfacet
  facet normal 0 0 1
    outer loop
      vertex 32.25 -45.5 36.900000000000006
      vertex 34.55422606319189 47.98606798052788 36.900000000000006
      vertex 32.25 45.5 36.900000000000006
    endloop
  endfacet
  facet normal 0 0 1
    outer loop
      vertex 32.25 -45.5 36.900000000000006
      vertex 34.75 46.75 36.900000000000006
      vertex 34.70075336098671 47.375737860798836 36.900000000000006
    endloop
  endfacet
  facet normal 0 0 1
    outer loop
      vertex 32.25 -45.5 36.900000000000006
      vertex 34.70075336098671 47.375737860798836 36.900000000000006
      vertex 34.55422606319189 47.98606798052788 36.900000000000006
    endloop
  endfacet
  facet normal 1 0 0
    outer loop
      vertex 34.75 46.75 36.900000000000006
      vertex 34.75 29.375 10
      vertex 34.75 37.375 10
    endloop
  endfacet
  facet normal 0.07845909785533144 0.9969173335656911 0
    outer loop
      vertex 30.75 50.75 0
      vertex 30.75 50.75 36.900000000000006
      vertex 31.375737860798836 50.70075336098671 36.900000000000006
    endloop
  endfacet
  facet normal 0.23344536388761708 0.9723699203900633 0
    outer loop
      vertex 31.375737860798836 50.70075336098671 0
      vertex 31.375737860798836 50.70075336098671 36.900000000000006
      vertex 31.986067980527878 50.55422606319189 36.900000000000006
    endloop
  endfacet
  facet normal 0.382683432253545 0.9238795325574901 0
    outer loop
      vertex 31.986067980527878 50.55422606319189 0
      vertex 31.986067980527878 50.55422606319189 36.900000000000006
      vertex 32.56596200168133 50.31402609497309 36.900000000000006
    endloop
  endfacet
  facet normal 0.9969173335656911 0.07845909785533144 0
    outer loop
      vertex 34.70075336098671 47.375737860798836 0
      vertex 34.70075336098671 47.375737860798836 36.900000000000006
      vertex 34.75 46.75 36.900000000000006
    endloop
  endfacet
  facet normal 0.5224985635035544 0.8526401650970484 0
    outer loop
      vertex 32.56596200168133 50.31402609497309 0
      vertex 32.56596200168133 50.31402609497309 36.900000000000006
      vertex 33.10114100575447 49.98606798052788 36.900000000000006
    endloop
  endfacet
  facet normal 0.6494480547571532 0.7604059601108804 0
    outer loop
      vertex 33.10114100575447 49.98606798052788 0
      vertex 33.10114100575447 49.98606798052788 36.900000000000006
      vertex 33.578427121043205 49.578427121043205 36.900000000000006
    endloop
  endfacet
  facet normal 0.8526401650970484 0.5224985635035544 0
    outer loop
      vertex 33.98606798052788 49.10114100575447 0
      vertex 33.98606798052788 49.10114100575447 36.900000000000006
      vertex 34.31402609497309 48.56596200168133 36.900000000000006
    endloop
  endfacet
  facet normal 0.9723699203900633 0.23344536388761708 0
    outer loop
      vertex 34.55422606319189 47.98606798052788 0
      vertex 34.55422606319189 47.98606798052788 36.900000000000006
      vertex 34.70075336098671 47.375737860798836 36.900000000000006
    endloop
  endfacet
  facet normal 0.9238795325574901 0.382683432253545 0
    outer loop
      vertex 34.31402609497309 48.56596200168133 0
      vertex 34.31402609497309 48.56596200168133 36.900000000000006
      vertex 34.55422606319189 47.98606798052788 36.900000000000006
    endloop
  endfacet
  facet normal 0.7604059601108804 0.6494480547571532 0
    outer loop
      vertex 33.578427121043205 49.578427121043205 0
      vertex 33.578427121043205 49.578427121043205 36.900000000000006
      vertex 33.98606798052788 49.10114100575447 36.900000000000006
    endloop
  endfacet
  facet normal 0 0 1
    outer loop
      vertex 31.44454364478588 47.44454364478588 36.900000000000006
      vertex 31.72479673475027 47.116409443318844 36.900000000000006
      vertex 34.55422606319189 47.98606798052788 36.900000000000006
    endloop
  endfacet
  facet normal 0 0 1
    outer loop
      vertex 29.5 48.25 36.900000000000006
      vertex 29.930194780230522 48.21614293754101 36.900000000000006
      vertex 34.31402609497309 48.56596200168133 36.900000000000006
    endloop
  endfacet
  facet normal 0 0 1
    outer loop
      vertex 29.930194780230522 48.21614293754101 36.900000000000006
      vertex 30.34979673475027 48.115405417978764 36.900000000000006
      vertex 34.31402609497309 48.56596200168133 36.900000000000006
    endloop
  endfacet
  facet normal 0 0 1
    outer loop
      vertex 30.34979673475027 48.115405417978764 36.900000000000006
      vertex 30.74847387522459 47.95026794075966 36.900000000000006
      vertex 34.31402609497309 48.56596200168133 36.900000000000006
    endloop
  endfacet
  facet normal 0 0 1
    outer loop
      vertex 30.74847387522459 47.95026794075966 36.900000000000006
      vertex 31.116409443318844 47.72479673475027 36.900000000000006
      vertex 34.31402609497309 48.56596200168133 36.900000000000006
    endloop
  endfacet
  facet normal 0 0 1
    outer loop
      vertex 31.44454364478588 47.44454364478588 36.900000000000006
      vertex 34.55422606319189 47.98606798052788 36.900000000000006
      vertex 31.116409443318844 47.72479673475027 36.900000000000006
    endloop
  endfacet
  facet normal 0 0 1
    outer loop
      vertex 29.5 48.25 36.900000000000006
      vertex 33.98606798052788 49.10114100575447 36.900000000000006
      vertex 33.578427121043205 49.578427121043205 36.900000000000006
    endloop
  endfacet
  facet normal 0 0 1
    outer loop
      vertex 32.21614293754101 45.93019478023052 36.900000000000006
      vertex 34.55422606319189 47.98606798052788 36.900000000000006
      vertex 32.115405417978764 46.34979673475027 36.900000000000006
    endloop
  endfacet
  facet normal 0 0 1
    outer loop
      vertex 32.25 45.5 36.900000000000006
      vertex 34.55422606319189 47.98606798052788 36.900000000000006
      vertex 32.21614293754101 45.93019478023052 36.900000000000006
    endloop
  endfacet
  facet normal 0 0 1
    outer loop
      vertex 31.95026794075966 46.74847387522459 36.900000000000006
      vertex 34.55422606319189 47.98606798052788 36.900000000000006
      vertex 31.72479673475027 47.116409443318844 36.900000000000006
    endloop
  endfacet
  facet normal 0 0 1
    outer loop
      vertex 31.95026794075966 46.74847387522459 36.900000000000006
      vertex 32.115405417978764 46.34979673475027 36.900000000000006
      vertex 34.55422606319189 47.98606798052788 36.900000000000006
    endloop
  endfacet
  facet normal 0 0 1
    outer loop
      vertex 29.5 48.25 36.900000000000006
      vertex 34.31402609497309 48.56596200168133 36.900000000000006
      vertex 33.98606798052788 49.10114100575447 36.900000000000006
    endloop
  endfacet
  facet normal 0 0 1
    outer loop
      vertex 31.116409443318844 47.72479673475027 36.900000000000006
      vertex 34.55422606319189 47.98606798052788 36.900000000000006
      vertex 34.31402609497309 48.56596200168133 36.900000000000006
    endloop
  endfacet
  facet normal 0 0 1
    outer loop
      vertex -32.21614293754101 -45.93019478023052 2.5
      vertex -21.569805221139365 -30.71614293663663 2.5
      vertex -32.25 -45.5 2.5
    endloop
  endfacet
  facet normal 0 0 1
    outer loop
      vertex -32.115405417978764 -46.34979673475027 2.5
      vertex -21.150203265468896 -30.615405419811673 2.5
      vertex -32.21614293754101 -45.93019478023052 2.5
    endloop
  endfacet
  facet normal 0 0 1
    outer loop
      vertex -32.25 -45.5 2.5
      vertex -23.944543648263007 -29.944543648263007 2.5
      vertex -24.224796734531104 -29.6164094438043 2.5
    endloop
  endfacet
  facet normal 0 0 1
    outer loop
      vertex -32.25 -45.5 2.5
      vertex -23.248473874283754 -30.45026794151801 2.5
      vertex -23.6164094438043 -30.224796734531104 2.5
    endloop
  endfacet
  facet normal 0 0 1
    outer loop
      vertex -32.25 -45.5 2.5
      vertex -23.6164094438043 -30.224796734531104 2.5
      vertex -23.944543648263007 -29.944543648263007 2.5
    endloop
  endfacet
  facet normal 0 0 1
    outer loop
      vertex -32.25 -45.5 2.5
      vertex -22.849796734531104 -30.615405419811673 2.5
      vertex -23.248473874283754 -30.45026794151801 2.5
    endloop
  endfacet
  facet normal 0 0 1
    outer loop
      vertex -32.25 -45.5 2.5
      vertex -24.615405419811673 -28.849796734531104 2.5
      vertex -24.71614293663663 -28.430194778860635 2.5
    endloop
  endfacet
  facet normal 0 0 1
    outer loop
      vertex -32.25 -45.5 2.5
      vertex -24.71614293663663 -28.430194778860635 2.5
      vertex -24.75 -28 2.5
    endloop
  endfacet
  facet normal 0 0 1
    outer loop
      vertex -32.25 -45.5 2.5
      vertex -24.75 -28 2.5
      vertex -24.71614293663663 -27.569805221139365 2.5
    endloop
  endfacet
  facet normal 0 0 1
    outer loop
      vertex -32.25 -45.5 2.5
      vertex -24.71614293663663 -27.569805221139365 2.5
      vertex -24.615405419811673 -27.150203265468896 2.5
    endloop
  endfacet
  facet normal 0 0 1
    outer loop
      vertex -32.25 -45.5 2.5
      vertex -24.45026794151801 -29.248473874283754 2.5
      vertex -24.615405419811673 -28.849796734531104 2.5
    endloop
  endfacet
  facet normal 0 0 1
    outer loop
      vertex -32.25 -45.5 2.5
      vertex -24.224796734531104 -29.6164094438043 2.5
      vertex -24.45026794151801 -29.248473874283754 2.5
    endloop
  endfacet
  facet normal 0 0 1
    outer loop
      vertex -32.25 -45.5 2.5
      vertex -24.615405419811673 -27.150203265468896 2.5
      vertex -24.45026794151801 -26.751526125716246 2.5
    endloop
  endfacet
  facet normal 0 0 1
    outer loop
      vertex -32.25 -45.5 2.5
      vertex -22.430194778860635 -30.71614293663663 2.5
      vertex -22.849796734531104 -30.615405419811673 2.5
    endloop
  endfacet
  facet normal 0 0 1
    outer loop
      vertex -32.25 -45.5 2.5
      vertex -22 -30.75 2.5
      vertex -22.430194778860635 -30.71614293663663 2.5
    endloop
  endfacet
  facet normal 0 0 1
    outer loop
      vertex -32.21614293754101 -45.93019478023052 2.5
      vertex -21.150203265468896 -30.615405419811673 2.5
      vertex -21.569805221139365 -30.71614293663663 2.5
    endloop
  endfacet
  facet normal 0 0 1
    outer loop
      vertex -32.25 -45.5 2.5
      vertex -21.569805221139365 -30.71614293663663 2.5
      vertex -22 -30.75 2.5
    endloop
  endfacet
  facet normal 0.5224985645416078 0.8526401644609286 0
    outer loop
      vertex -31.116409443318844 -47.72479673475027 2.5
      vertex -31.116409443318844 -47.72479673475027 36.900000000000006
      vertex -30.74847387522459 -47.95026794075966 2.5
    endloop
  endfacet
  facet normal 0.3826834296483524 0.9238795336365963 0
    outer loop
      vertex -30.74847387522459 -47.95026794075966 2.5
      vertex -30.74847387522459 -47.95026794075966 36.900000000000006
      vertex -30.34979673475027 -48.115405417978764 2.5
    endloop
  endfacet
  facet normal 0.9238795336365963 0.3826834296483524 0
    outer loop
      vertex -32.115405417978764 -46.34979673475027 2.5
      vertex -32.115405417978764 -46.34979673475027 36.900000000000006
      vertex -31.95026794075966 -46.74847387522459 2.5
    endloop
  endfacet
  facet normal 0.9723699188124569 0.23344537045882052 0
    outer loop
      vertex -32.115405417978764 -46.34979673475027 2.5
      vertex -32.21614293754101 -45.93019478023052 2.5
      vertex -32.21614293754101 -45.93019478023052 36.900000000000006
    endloop
  endfacet
  facet normal 0.8526401644609286 0.5224985645416078 0
    outer loop
      vertex -31.72479673475027 -47.116409443318844 2.5
      vertex -31.95026794075966 -46.74847387522459 2.5
      vertex -31.95026794075966 -46.74847387522459 36.900000000000006
    endloop
  endfacet
  facet normal 0.7604059584458107 0.6494480567066993 0
    outer loop
      vertex -31.72479673475027 -47.116409443318844 2.5
      vertex -31.72479673475027 -47.116409443318844 36.900000000000006
      vertex -31.44454364478588 -47.44454364478588 2.5
    endloop
  endfacet
  facet normal 0.9969173339165955 0.07845909339666883 0
    outer loop
      vertex -32.21614293754101 -45.93019478023052 2.5
      vertex -32.25 -45.5 2.5
      vertex -32.25 -45.5 36.900000000000006
    endloop
  endfacet
  facet normal 0.6494480567066993 0.7604059584458107 0
    outer loop
      vertex -31.116409443318844 -47.72479673475027 2.5
      vertex -31.44454364478588 -47.44454364478588 2.5
      vertex -31.44454364478588 -47.44454364478588 36.900000000000006
    endloop
  endfacet
  facet normal 0.23344537045882052 0.9723699188124569 0
    outer loop
      vertex -30.34979673475027 -48.115405417978764 2.5
      vertex -30.34979673475027 -48.115405417978764 36.900000000000006
      vertex -29.930194780230522 -48.21614293754101 2.5
    endloop
  endfacet
  facet normal 0.07845909339666883 0.9969173339165955 0
    outer loop
      vertex -29.930194780230522 -48.21614293754101 2.5
      vertex -29.930194780230522 -48.21614293754101 36.900000000000006
      vertex -29.5 -48.25 2.5
    endloop
  endfacet
  facet normal 0 0 1
    outer loop
      vertex -32.25 -45.5 2.5
      vertex -24.45026794151801 -26.751526125716246 2.5
      vertex -26.125 9.75 2.5
    endloop
  endfacet
  facet normal 0 0 1
    outer loop
      vertex -32.25 -45.5 2.5
      vertex -26.125 9.75 2.5
      vertex -26.125 11.75 2.5
    endloop
  endfacet
  facet normal 0 0 1
    outer loop
      vertex -32.25 -45.5 2.5
      vertex -26.125 11.75 2.5
      vertex -26.125 14.75 2.5
    endloop
  endfacet
  facet normal 0 0 1
    outer loop
      vertex -32.25 -45.5 2.5
      vertex -26.125 14.75 2.5
      vertex -26.125 16.75 2.5
    endloop
  endfacet
  facet normal 0 0 1
    outer loop
      vertex -32.25 -45.5 2.5
      vertex -26.125 16.75 2.5
      vertex -26.125 19.75 2.5
    endloop
  endfacet
  facet normal 0 0 1
    outer loop
      vertex -32.25 -45.5 2.5
      vertex -26.125 19.75 2.5
      vertex -26.125 21.75 2.5
    endloop
  endfacet
  facet normal 0 0 1
    outer loop
      vertex -24.45026794151801 -26.751526125716246 2.5
      vertex -24.224796734531104 -26.3835905561957 2.5
      vertex -26.125 9.75 2.5
    endloop
  endfacet
  facet normal 0 0 1
    outer loop
      vertex -24.224796734531104 -26.3835905561957 2.5
      vertex -23.944543648263007 -26.055456351736993 2.5
      vertex -26.125 9.75 2.5
    endloop
  endfacet
  facet normal 0 0 1
    outer loop
      vertex -23.944543648263007 -26.055456351736993 2.5
      vertex -23.6164094438043 -25.775203265468896 2.5
      vertex -26.125 9.75 2.5
    endloop
  endfacet
  facet normal 0 0 1
    outer loop
      vertex -23.6164094438043 -25.775203265468896 2.5
      vertex -23.248473874283754 -25.54973205848199 2.5
      vertex -26.125 9.75 2.5
    endloop
  endfacet
  facet normal 0 0 1
    outer loop
      vertex -23.248473874283754 -25.54973205848199 2.5
      vertex -22.849796734531104 -25.384594580188327 2.5
      vertex -26.125 9.75 2.5
    endloop
  endfacet
  facet normal 0 0 1
    outer loop
      vertex -22.849796734531104 -25.384594580188327 2.5
      vertex -22.430194778860635 -25.28385706336337 2.5
      vertex -26.125 9.75 2.5
    endloop
  endfacet
  facet normal 0 0 1
    outer loop
      vertex -22.430194778860635 -25.28385706336337 2.5
      vertex -22 -25.25 2.5
      vertex -26.125 9.75 2.5
    endloop
  endfacet
  facet normal 0 0 1
    outer loop
      vertex -22 -25.25 2.5
      vertex -21.569805221139365 -25.28385706336337 2.5
      vertex -26.125 9.75 2.5
    endloop
  endfacet
  facet normal 0 0 1
    outer loop
      vertex -21.569805221139365 -25.28385706336337 2.5
      vertex -6.125 9.75 2.5
      vertex -26.125 9.75 2.5
    endloop
  endfacet
  facet normal 0 0 1
    outer loop
      vertex -31.116409443318844 -47.72479673475027 2.5
      vertex -30.74847387522459 -47.95026794075966 2.5
      vertex 31.72479673475027 -47.116409443318844 2.5
    endloop
  endfacet
  facet normal 0 0 1
    outer loop
      vertex -30.74847387522459 -47.95026794075966 2.5
      vertex -30.34979673475027 -48.115405417978764 2.5
      vertex 31.44454364478588 -47.44454364478588 2.5
    endloop
  endfacet
  facet normal 0 0 1
    outer loop
      vertex -30.34979673475027 -48.115405417978764 2.5
      vertex -29.930194780230522 -48.21614293754101 2.5
      vertex 31.116409443318844 -47.72479673475027 2.5
    endloop
  endfacet
  facet normal 0 0 1
    outer loop
      vertex -29.930194780230522 -48.21614293754101 2.5
      vertex -29.5 -48.25 2.5
      vertex 30.74847387522459 -47.95026794075966 2.5
    endloop
  endfacet
  facet normal 0 0 1
    outer loop
      vertex -31.72479673475027 -47.116409443318844 2.5
      vertex -31.44454364478588 -47.44454364478588 2.5
      vertex 32.115405417978764 -46.34979673475027 2.5
    endloop
  endfacet
  facet normal 0 0 1
    outer loop
      vertex -32.115405417978764 -46.34979673475027 2.5
      vertex -31.95026794075966 -46.74847387522459 2.5
      vertex 32.25 -45.5 2.5
    endloop
  endfacet
  facet normal 0 0 1
    outer loop
      vertex -31.72479673475027 -47.116409443318844 2.5
      vertex 32.21614293754101 -45.93019478023052 2.5
      vertex -31.95026794075966 -46.74847387522459 2.5
    endloop
  endfacet
  facet normal 0 0 1
    outer loop
      vertex -31.116409443318844 -47.72479673475027 2.5
      vertex 31.95026794075966 -46.74847387522459 2.5
      vertex -31.44454364478588 -47.44454364478588 2.5
    endloop
  endfacet
  facet normal 0 0 1
    outer loop
      vertex -32.115405417978764 -46.34979673475027 2.5
      vertex 22 -30.75 2.5
      vertex -21.150203265468896 -30.615405419811673 2.5
    endloop
  endfacet
  facet normal 0 0 1
    outer loop
      vertex -21.150203265468896 -30.615405419811673 2.5
      vertex 20.751526125716246 -30.45026794151801 2.5
      vertex -20.751526125716246 -30.45026794151801 2.5
    endloop
  endfacet
  facet normal 0 0 1
    outer loop
      vertex -20.751526125716246 -30.45026794151801 2.5
      vertex 20.751526125716246 -30.45026794151801 2.5
      vertex -20.3835905561957 -30.224796734531104 2.5
    endloop
  endfacet
  facet normal 0 0 1
    outer loop
      vertex -20.3835905561957 -30.224796734531104 2.5
      vertex 20.3835905561957 -30.224796734531104 2.5
      vertex -20.055456351736993 -29.944543648263007 2.5
    endloop
  endfacet
  facet normal 0 0 1
    outer loop
      vertex -20.055456351736993 -29.944543648263007 2.5
      vertex 20.055456351736993 -29.944543648263007 2.5
      vertex -19.775203265468896 -29.6164094438043 2.5
    endloop
  endfacet
  facet normal 0 0 1
    outer loop
      vertex -19.775203265468896 -29.6164094438043 2.5
      vertex 19.775203265468896 -29.6164094438043 2.5
      vertex -19.54973205848199 -29.248473874283754 2.5
    endloop
  endfacet
  facet normal 0 0 1
    outer loop
      vertex -19.54973205848199 -29.248473874283754 2.5
      vertex 19.54973205848199 -29.248473874283754 2.5
      vertex -19.384594580188327 -28.849796734531104 2.5
    endloop
  endfacet
  facet normal 0 0 1
    outer loop
      vertex -19.384594580188327 -28.849796734531104 2.5
      vertex 19.384594580188327 -28.849796734531104 2.5
      vertex -19.28385706336337 -28.430194778860635 2.5
    endloop
  endfacet
  facet normal 0 0 1
    outer loop
      vertex -19.28385706336337 -28.430194778860635 2.5
      vertex 19.28385706336337 -28.430194778860635 2.5
      vertex -19.25 -28 2.5
    endloop
  endfacet
  facet normal 0 1 0
    outer loop
      vertex -29.5 -48.25 2.5
      vertex -29.5 -48.25 36.900000000000006
      vertex 29.5 -48.25 2.5
    endloop
  endfacet
  facet normal 0 0 1
    outer loop
      vertex -19.28385706336337 -27.569805221139365 2.5
      vertex -10.3 -14.359999999999996 2.5
      vertex -19.384594580188327 -27.150203265468896 2.5
    endloop
  endfacet
  facet normal 0 0 1
    outer loop
      vertex -19.54973205848199 -26.751526125716246 2.5
      vertex -19.384594580188327 -27.150203265468896 2.5
      vertex -10.187429987478852 -13.649260912937617 2.5
    endloop
  endfacet
  facet normal 0 0 1
    outer loop
      vertex -19.25 -28 2.5
      vertex -10.271683183368816 -14.719799269592526 2.5
      vertex -19.28385706336337 -27.569805221139365 2.5
    endloop
  endfacet
  facet normal 0 0 1
    outer loop
      vertex -19.25 -28 2.5
      vertex -9.86073908706238 -15.711906080272684 2.5
      vertex -10.049315005633247 -15.404178149400954 2.5
    endloop
  endfacet
  facet normal 0 0 1
    outer loop
      vertex -19.25 -28 2.5
      vertex -10.049315005633247 -15.404178149400954 2.5
      vertex -10.187429987478852 -15.070739087062375 2.5
    endloop
  endfacet
  facet normal 0 0 1
    outer loop
      vertex -19.25 -28 2.5
      vertex -10.187429987478852 -15.070739087062375 2.5
      vertex -10.271683183368816 -14.719799269592526 2.5
    endloop
  endfacet
  facet normal 0 0 1
    outer loop
      vertex -19.384594580188327 -27.150203265468896 2.5
      vertex -10.3 -14.359999999999996 2.5
      vertex -10.271683183368816 -14.000200730407466 2.5
    endloop
  endfacet
  facet normal 0 0 1
    outer loop
      vertex -19.28385706336337 -27.569805221139365 2.5
      vertex -10.271683183368816 -14.719799269592526 2.5
      vertex -10.3 -14.359999999999996 2.5
    endloop
  endfacet
  facet normal 0 0 1
    outer loop
      vertex -19.384594580188327 -27.150203265468896 2.5
      vertex -10.271683183368816 -14.000200730407466 2.5
      vertex -10.187429987478852 -13.649260912937617 2.5
    endloop
  endfacet
  facet normal 0 0 1
    outer loop
      vertex -19.54973205848199 -26.751526125716246 2.5
      vertex -10.187429987478852 -13.649260912937617 2.5
      vertex -10.049315005633247 -13.315821850599038 2.5
    endloop
  endfacet
  facet normal 0 0 1
    outer loop
      vertex -19.54973205848199 -26.751526125716246 2.5
      vertex -10.049315005633247 -13.315821850599038 2.5
      vertex -9.86073908706238 -13.008093919727308 2.5
    endloop
  endfacet
  facet normal 0 0 1
    outer loop
      vertex -19.25 -28 2.5
      vertex -9.62634559672906 -15.986345596729056 2.5
      vertex -9.86073908706238 -15.711906080272684 2.5
    endloop
  endfacet
  facet normal 0 0 1
    outer loop
      vertex -19.25 -28 2.5
      vertex -9.351906080272688 -16.220739087062373 2.5
      vertex -9.62634559672906 -15.986345596729056 2.5
    endloop
  endfacet
  facet normal 0 0 1
    outer loop
      vertex -19.25 -28 2.5
      vertex -9.044178149400958 -16.409315005633243 2.5
      vertex -9.351906080272688 -16.220739087062373 2.5
    endloop
  endfacet
  facet normal 0 0 1
    outer loop
      vertex -19.25 -28 2.5
      vertex -8.710739087062379 -16.54742998747885 2.5
      vertex -9.044178149400958 -16.409315005633243 2.5
    endloop
  endfacet
  facet normal 0 0 1
    outer loop
      vertex -19.25 -28 2.5
      vertex -8.35979926959253 -16.631683183368814 2.5
      vertex -8.710739087062379 -16.54742998747885 2.5
    endloop
  endfacet
  facet normal 0 0 1
    outer loop
      vertex -19.25 -28 2.5
      vertex -8 -16.659999999999997 2.5
      vertex -8.35979926959253 -16.631683183368814 2.5
    endloop
  endfacet
  facet normal 0 0 1
    outer loop
      vertex -19.775203265468896 -26.3835905561957 2.5
      vertex 6.125 11.75 2.5
      vertex -20.055456351736993 -26.055456351736993 2.5
    endloop
  endfacet
  facet normal 0 0 1
    outer loop
      vertex -19.54973205848199 -26.751526125716246 2.5
      vertex 6.125 11.75 2.5
      vertex -19.775203265468896 -26.3835905561957 2.5
    endloop
  endfacet
  facet normal 0 0 1
    outer loop
      vertex -21.150203265468896 -25.384594580188327 2.5
      vertex 6.125 14.75 2.5
      vertex -21.569805221139365 -25.28385706336337 2.5
    endloop
  endfacet
  facet normal 0 0 1
    outer loop
      vertex -21.150203265468896 -25.384594580188327 2.5
      vertex -20.751526125716246 -25.54973205848199 2.5
      vertex 6.125 14.75 2.5
    endloop
  endfacet
  facet normal 0 0 1
    outer loop
      vertex -20.3835905561957 -25.775203265468896 2.5
      vertex -20.055456351736993 -26.055456351736993 2.5
      vertex 6.125 14.75 2.5
    endloop
  endfacet
  facet normal 0 0 1
    outer loop
      vertex -20.751526125716246 -25.54973205848199 2.5
      vertex -20.3835905561957 -25.775203265468896 2.5
      vertex 6.125 14.75 2.5
    endloop
  endfacet
  facet normal 0 0 1
    outer loop
      vertex -19.25 -28 2.5
      vertex 8 -16.659999999999997 2.5
      vertex -8 -16.659999999999997 2.5
    endloop
  endfacet
  facet normal 0 0 1
    outer loop
      vertex -19.54973205848199 -26.751526125716246 2.5
      vertex -9.86073908706238 -13.008093919727308 2.5
      vertex 6.125 11.75 2.5
    endloop
  endfacet
  facet normal 0 0 1
    outer loop
      vertex 6.125 11.75 2.5
      vertex -9.86073908706238 -13.008093919727308 2.5
      vertex -9.62634559672906 -12.733654403270936 2.5
    endloop
  endfacet
  facet normal 0 0 1
    outer loop
      vertex 6.125 9.75 2.5
      vertex -9.044178149400958 -12.31068499436675 2.5
      vertex -8.710739087062379 -12.172570012521144 2.5
    endloop
  endfacet
  facet normal 0 0 1
    outer loop
      vertex -8.35979926959253 -12.08831681663118 2.5
      vertex 6.125 9.75 2.5
      vertex -8.710739087062379 -12.172570012521144 2.5
    endloop
  endfacet
  facet normal 0 0 1
    outer loop
      vertex -8 -12.059999999999995 2.5
      vertex 6.125 9.75 2.5
      vertex -8.35979926959253 -12.08831681663118 2.5
    endloop
  endfacet
  facet normal 0 0 1
    outer loop
      vertex 6.125 11.75 2.5
      vertex -9.62634559672906 -12.733654403270936 2.5
      vertex -9.351906080272688 -12.499260912937617 2.5
    endloop
  endfacet
  facet normal 0 0 1
    outer loop
      vertex -9.044178149400958 -12.31068499436675 2.5
      vertex 6.125 11.75 2.5
      vertex -9.351906080272688 -12.499260912937617 2.5
    endloop
  endfacet
  facet normal 0.6494480567066993 0.7604059584458107 0
    outer loop
      vertex -31.116409443318844 -47.72479673475027 2.5
      vertex -31.44454364478588 -47.44454364478588 36.900000000000006
      vertex -31.116409443318844 -47.72479673475027 36.900000000000006
    endloop
  endfacet
  facet normal 0.5224985645416078 0.8526401644609286 0
    outer loop
      vertex -30.74847387522459 -47.95026794075966 2.5
      vertex -31.116409443318844 -47.72479673475027 36.900000000000006
      vertex -30.74847387522459 -47.95026794075966 36.900000000000006
    endloop
  endfacet
  facet normal 0.3826834296483524 0.9238795336365963 0
    outer loop
      vertex -30.34979673475027 -48.115405417978764 2.5
      vertex -30.74847387522459 -47.95026794075966 36.900000000000006
      vertex -30.34979673475027 -48.115405417978764 36.900000000000006
    endloop
  endfacet
  facet normal 0.9723699188124569 0.23344537045882052 0
    outer loop
      vertex -32.115405417978764 -46.34979673475027 2.5
      vertex -32.21614293754101 -45.93019478023052 36.900000000000006
      vertex -32.115405417978764 -46.34979673475027 36.900000000000006
    endloop
  endfacet
  facet normal 0.8526401644609286 0.5224985645416078 0
    outer loop
      vertex -31.72479673475027 -47.116409443318844 2.5
      vertex -31.95026794075966 -46.74847387522459 36.900000000000006
      vertex -31.72479673475027 -47.116409443318844 36.900000000000006
    endloop
  endfacet
  facet normal 0.7604059584458107 0.6494480567066993 0
    outer loop
      vertex -31.44454364478588 -47.44454364478588 2.5
      vertex -31.72479673475027 -47.116409443318844 36.900000000000006
      vertex -31.44454364478588 -47.44454364478588 36.900000000000006
    endloop
  endfacet
  facet normal 0.9238795336365963 0.3826834296483524 0
    outer loop
      vertex -31.95026794075966 -46.74847387522459 2.5
      vertex -32.115405417978764 -46.34979673475027 36.900000000000006
      vertex -31.95026794075966 -46.74847387522459 36.900000000000006
    endloop
  endfacet
  facet normal 0.9969173339165955 0.07845909339666883 0
    outer loop
      vertex -32.21614293754101 -45.93019478023052 2.5
      vertex -32.25 -45.5 36.900000000000006
      vertex -32.21614293754101 -45.93019478023052 36.900000000000006
    endloop
  endfacet
  facet normal 0.23344537045882052 0.9723699188124569 0
    outer loop
      vertex -29.930194780230522 -48.21614293754101 2.5
      vertex -30.34979673475027 -48.115405417978764 36.900000000000006
      vertex -29.930194780230522 -48.21614293754101 36.900000000000006
    endloop
  endfacet
  facet normal 0.07845909339666883 0.9969173339165955 0
    outer loop
      vertex -29.5 -48.25 2.5
      vertex -29.930194780230522 -48.21614293754101 36.900000000000006
      vertex -29.5 -48.25 36.900000000000006
    endloop
  endfacet
  facet normal 1 0 0
    outer loop
      vertex -32.25 -45.5 2.5
      vertex -32.25 -6.25 32.900000000000006
      vertex -32.25 -45.5 36.900000000000006
    endloop
  endfacet
  facet normal 1 0 0
    outer loop
      vertex -32.25 -45.5 2.5
      vertex -32.25 6.25 32.900000000000006
      vertex -32.25 -6.25 32.900000000000006
    endloop
  endfacet
  facet normal 1 0 0
    outer loop
      vertex -32.25 -45.5 36.900000000000006
      vertex -32.25 -6.25 32.900000000000006
      vertex -32.25 -6.25 34.900000000000006
    endloop
  endfacet
  facet normal 1 0 0
    outer loop
      vertex -32.25 -45.5 36.900000000000006
      vertex -32.25 -6.25 34.900000000000006
      vertex -32.25 6.25 34.900000000000006
    endloop
  endfacet
  facet normal 0 1 0
    outer loop
      vertex -29.5 -48.25 36.900000000000006
      vertex -6.25 -48.25 32.900000000000006
      vertex 29.5 -48.25 2.5
    endloop
  endfacet
  facet normal 0 1 0
    outer loop
      vertex -29.5 -48.25 36.900000000000006
      vertex -6.25 -48.25 34.900000000000006
      vertex -6.25 -48.25 32.900000000000006
    endloop
  endfacet
  facet normal 0 1 0
    outer loop
      vertex -29.5 -48.25 36.900000000000006
      vertex 6.25 -48.25 34.900000000000006
      vertex -6.25 -48.25 34.900000000000006
    endloop
  endfacet
  facet normal 0 0 1
    outer loop
      vertex -32.25 -45.5 2.5
      vertex -26.125 21.75 2.5
      vertex -26.125 24.75 2.5
    endloop
  endfacet
  facet normal 0 0 1
    outer loop
      vertex -32.25 -45.5 2.5
      vertex -26.125 24.75 2.5
      vertex -26.125 26.75 2.5
    endloop
  endfacet
  facet normal 0 0 1
    outer loop
      vertex -32.25 -45.5 2.5
      vertex -26.125 26.75 2.5
      vertex -26.125 29.75 2.5
    endloop
  endfacet
  facet normal 0 0 1
    outer loop
      vertex -32.25 -45.5 2.5
      vertex -26.125 29.75 2.5
      vertex -26.125 31.75 2.5
    endloop
  endfacet
  facet normal 0 0 1
    outer loop
      vertex -32.25 -45.5 2.5
      vertex -26.125 31.75 2.5
      vertex -32.25 45.5 2.5
    endloop
  endfacet
  facet normal 0 0 1
    outer loop
      vertex -6.125 11.75 2.5
      vertex -26.125 14.75 2.5
      vertex -26.125 11.75 2.5
    endloop
  endfacet
  facet normal 0 0 1
    outer loop
      vertex -6.125 16.75 2.5
      vertex -26.125 19.75 2.5
      vertex -26.125 16.75 2.5
    endloop
  endfacet
  facet normal 0 0 1
    outer loop
      vertex -6.125 21.75 2.5
      vertex -26.125 24.75 2.5
      vertex -26.125 21.75 2.5
    endloop
  endfacet
  facet normal 1 0 0
    outer loop
      vertex -32.25 -45.5 2.5
      vertex -32.25 45.5 2.5
      vertex -32.25 45.5 36.900000000000006
    endloop
  endfacet
  facet normal 0 0 1
    outer loop
      vertex -32.25 45.5 2.5
      vertex -26.125 31.75 2.5
      vertex -24.71614293663663 36.43019477886064 2.5
    endloop
  endfacet
  facet normal 0 0 1
    outer loop
      vertex -32.25 45.5 2.5
      vertex -24.71614293663663 36.43019477886064 2.5
      vertex -24.615405419811673 36.849796734531104 2.5
    endloop
  endfacet
  facet normal 0 0 1
    outer loop
      vertex -32.25 45.5 2.5
      vertex -24.615405419811673 36.849796734531104 2.5
      vertex -24.45026794151801 37.248473874283754 2.5
    endloop
  endfacet
  facet normal 0 0 1
    outer loop
      vertex -32.25 45.5 2.5
      vertex -24.45026794151801 37.248473874283754 2.5
      vertex -24.224796734531104 37.6164094438043 2.5
    endloop
  endfacet
  facet normal 0 0 1
    outer loop
      vertex -32.25 45.5 2.5
      vertex -24.224796734531104 37.6164094438043 2.5
      vertex -23.944543648263007 37.94454364826301 2.5
    endloop
  endfacet
  facet normal 0 0 1
    outer loop
      vertex -32.25 45.5 2.5
      vertex -23.944543648263007 37.94454364826301 2.5
      vertex -23.6164094438043 38.224796734531104 2.5
    endloop
  endfacet
  facet normal 0 0 1
    outer loop
      vertex -32.25 45.5 2.5
      vertex -23.6164094438043 38.224796734531104 2.5
      vertex -23.248473874283754 38.450267941518014 2.5
    endloop
  endfacet
  facet normal 0 0 1
    outer loop
      vertex -32.25 45.5 2.5
      vertex -23.248473874283754 38.450267941518014 2.5
      vertex -22.849796734531104 38.61540541981167 2.5
    endloop
  endfacet
  facet normal 0 0 1
    outer loop
      vertex -30.34979673475027 48.115405417978764 2.5
      vertex -29.5 48.25 2.5
      vertex -29.930194780230522 48.21614293754101 2.5
    endloop
  endfacet
  facet normal 0 0 1
    outer loop
      vertex -24.45026794151801 34.751526125716246 2.5
      vertex -24.615405419811673 35.150203265468896 2.5
      vertex -26.125 31.75 2.5
    endloop
  endfacet
  facet normal 0 0 1
    outer loop
      vertex -24.71614293663663 35.56980522113936 2.5
      vertex -26.125 31.75 2.5
      vertex -24.615405419811673 35.150203265468896 2.5
    endloop
  endfacet
  facet normal 0 0 1
    outer loop
      vertex -24.71614293663663 35.56980522113936 2.5
      vertex -24.75 36 2.5
      vertex -26.125 31.75 2.5
    endloop
  endfacet
  facet normal 0 0 1
    outer loop
      vertex -24.75 36 2.5
      vertex -24.71614293663663 36.43019477886064 2.5
      vertex -26.125 31.75 2.5
    endloop
  endfacet
  facet normal 0 0 1
    outer loop
      vertex -23.944543648263007 34.05545635173699 2.5
      vertex -26.125 31.75 2.5
      vertex -23.6164094438043 33.775203265468896 2.5
    endloop
  endfacet
  facet normal 0 0 1
    outer loop
      vertex -23.6164094438043 33.775203265468896 2.5
      vertex -26.125 31.75 2.5
      vertex -23.248473874283754 33.549732058481986 2.5
    endloop
  endfacet
  facet normal 0 0 1
    outer loop
      vertex -23.248473874283754 33.549732058481986 2.5
      vertex -26.125 31.75 2.5
      vertex -22.849796734531104 33.38459458018833 2.5
    endloop
  endfacet
  facet normal 0 0 1
    outer loop
      vertex -24.45026794151801 34.751526125716246 2.5
      vertex -26.125 31.75 2.5
      vertex -24.224796734531104 34.3835905561957 2.5
    endloop
  endfacet
  facet normal 0 0 1
    outer loop
      vertex -23.944543648263007 34.05545635173699 2.5
      vertex -24.224796734531104 34.3835905561957 2.5
      vertex -26.125 31.75 2.5
    endloop
  endfacet
  facet normal 0 0 1
    outer loop
      vertex -22.849796734531104 33.38459458018833 2.5
      vertex -26.125 31.75 2.5
      vertex -22.430194778860635 33.28385706336337 2.5
    endloop
  endfacet
  facet normal 0 0 1
    outer loop
      vertex -6.125 26.75 2.5
      vertex -26.125 29.75 2.5
      vertex -26.125 26.75 2.5
    endloop
  endfacet
  facet normal 0 0 1
    outer loop
      vertex -22.430194778860635 33.28385706336337 2.5
      vertex -26.125 31.75 2.5
      vertex -6.125 31.75 2.5
    endloop
  endfacet
  facet normal 0 0 1
    outer loop
      vertex -32.25 45.5 2.5
      vertex -22.849796734531104 38.61540541981167 2.5
      vertex -22.430194778860635 38.71614293663663 2.5
    endloop
  endfacet
  facet normal 0 0 1
    outer loop
      vertex -32.25 45.5 2.5
      vertex -22.430194778860635 38.71614293663663 2.5
      vertex -22 38.75 2.5
    endloop
  endfacet
  facet normal 0 0 1
    outer loop
      vertex -32.25 45.5 2.5
      vertex -22 38.75 2.5
      vertex -21.569805221139365 38.71614293663663 2.5
    endloop
  endfacet
  facet normal 0 0 1
    outer loop
      vertex -32.25 45.5 2.5
      vertex -21.569805221139365 38.71614293663663 2.5
      vertex -21.150203265468896 38.61540541981167 2.5
    endloop
  endfacet
  facet normal 0 0 1
    outer loop
      vertex -32.25 45.5 2.5
      vertex -21.150203265468896 38.61540541981167 2.5
      vertex -20.751526125716246 38.450267941518014 2.5
    endloop
  endfacet
  facet normal 0 0 1
    outer loop
      vertex -32.25 45.5 2.5
      vertex -20.751526125716246 38.450267941518014 2.5
      vertex -20.3835905561957 38.224796734531104 2.5
    endloop
  endfacet
  facet normal 0.9969173339165955 -0.07845909339666883 0
    outer loop
      vertex -32.25 45.5 2.5
      vertex -32.21614293754101 45.93019478023052 2.5
      vertex -32.21614293754101 45.93019478023052 36.900000000000006
    endloop
  endfacet
  facet normal 0.9723699188124569 -0.23344537045882052 0
    outer loop
      vertex -32.21614293754101 45.93019478023052 2.5
      vertex -32.115405417978764 46.34979673475027 2.5
      vertex -32.115405417978764 46.34979673475027 36.900000000000006
    endloop
  endfacet
  facet normal 0.9238795336365963 -0.3826834296483524 0
    outer loop
      vertex -32.115405417978764 46.34979673475027 2.5
      vertex -31.95026794075966 46.74847387522459 2.5
      vertex -31.95026794075966 46.74847387522459 36.900000000000006
    endloop
  endfacet
  facet normal 0.8526401644609286 -0.5224985645416078 0
    outer loop
      vertex -31.95026794075966 46.74847387522459 2.5
      vertex -31.72479673475027 47.116409443318844 2.5
      vertex -31.72479673475027 47.116409443318844 36.900000000000006
    endloop
  endfacet
  facet normal 0.7604059584458107 -0.6494480567066993 0
    outer loop
      vertex -31.72479673475027 47.116409443318844 2.5
      vertex -31.44454364478588 47.44454364478588 2.5
      vertex -31.44454364478588 47.44454364478588 36.900000000000006
    endloop
  endfacet
  facet normal 0.6494480567066993 -0.7604059584458107 0
    outer loop
      vertex -31.44454364478588 47.44454364478588 2.5
      vertex -31.116409443318844 47.72479673475027 2.5
      vertex -31.116409443318844 47.72479673475027 36.900000000000006
    endloop
  endfacet
  facet normal 0.5224985645416078 -0.8526401644609286 0
    outer loop
      vertex -31.116409443318844 47.72479673475027 2.5
      vertex -30.74847387522459 47.95026794075966 2.5
      vertex -30.74847387522459 47.95026794075966 36.900000000000006
    endloop
  endfacet
  facet normal 0.3826834296483524 -0.9238795336365963 0
    outer loop
      vertex -30.74847387522459 47.95026794075966 2.5
      vertex -30.34979673475027 48.115405417978764 2.5
      vertex -30.34979673475027 48.115405417978764 36.900000000000006
    endloop
  endfacet
  facet normal 0.23344537045882052 -0.9723699188124569 0
    outer loop
      vertex -30.34979673475027 48.115405417978764 2.5
      vertex -29.930194780230522 48.21614293754101 2.5
      vertex -29.930194780230522 48.21614293754101 36.900000000000006
    endloop
  endfacet
  facet normal 0.07845909339666883 -0.9969173339165955 0
    outer loop
      vertex -29.930194780230522 48.21614293754101 2.5
      vertex -29.5 48.25 2.5
      vertex -29.5 48.25 36.900000000000006
    endloop
  endfacet
  facet normal 0 0 1
    outer loop
      vertex -26.125 14.75 2.5
      vertex -6.125 11.75 2.5
      vertex -6.125 14.75 2.5
    endloop
  endfacet
  facet normal 0 0 1
    outer loop
      vertex -26.125 19.75 2.5
      vertex -6.125 16.75 2.5
      vertex -6.125 19.75 2.5
    endloop
  endfacet
  facet normal 0 0 1
    outer loop
      vertex -26.125 24.75 2.5
      vertex -6.125 21.75 2.5
      vertex -6.125 24.75 2.5
    endloop
  endfacet
  facet normal 0 0 1
    outer loop
      vertex -21.569805221139365 -25.28385706336337 2.5
      vertex 6.125 16.75 2.5
      vertex -6.125 9.75 2.5
    endloop
  endfacet
  facet normal 0 0 1
    outer loop
      vertex -20.055456351736993 -26.055456351736993 2.5
      vertex 6.125 11.75 2.5
      vertex 6.125 14.75 2.5
    endloop
  endfacet
  facet normal 0 0 1
    outer loop
      vertex -21.569805221139365 -25.28385706336337 2.5
      vertex 6.125 14.75 2.5
      vertex 6.125 16.75 2.5
    endloop
  endfacet
  facet normal 0 0 1
    outer loop
      vertex 6.125 16.75 2.5
      vertex -6.125 11.75 2.5
      vertex -6.125 9.75 2.5
    endloop
  endfacet
  facet normal 0 0 1
    outer loop
      vertex 6.125 16.75 2.5
      vertex -6.125 14.75 2.5
      vertex -6.125 11.75 2.5
    endloop
  endfacet
  facet normal 0 0 1
    outer loop
      vertex -6.125 14.75 2.5
      vertex 6.125 16.75 2.5
      vertex -6.125 16.75 2.5
    endloop
  endfacet
  facet normal 0 0 1
    outer loop
      vertex -6.125 19.75 2.5
      vertex -6.125 16.75 2.5
      vertex 6.125 16.75 2.5
    endloop
  endfacet
  facet normal 0 0 1
    outer loop
      vertex -6.125 19.75 2.5
      vertex 6.125 21.75 2.5
      vertex -6.125 21.75 2.5
    endloop
  endfacet
  facet normal 0 0 1
    outer loop
      vertex -6.125 21.75 2.5
      vertex 6.125 21.75 2.5
      vertex -6.125 24.75 2.5
    endloop
  endfacet
  facet normal 0 0 1
    outer loop
      vertex -6.125 24.75 2.5
      vertex 6.125 21.75 2.5
      vertex -6.125 26.75 2.5
    endloop
  endfacet
  facet normal 0 0 1
    outer loop
      vertex -22.430194778860635 33.28385706336337 2.5
      vertex -6.125 31.75 2.5
      vertex -22 33.25 2.5
    endloop
  endfacet
  facet normal 0 0 1
    outer loop
      vertex -22 33.25 2.5
      vertex -6.125 31.75 2.5
      vertex -21.569805221139365 33.28385706336337 2.5
    endloop
  endfacet
  facet normal 0 0 1
    outer loop
      vertex -21.569805221139365 33.28385706336337 2.5
      vertex -6.125 31.75 2.5
      vertex -21.150203265468896 33.38459458018833 2.5
    endloop
  endfacet
  facet normal 0 0 1
    outer loop
      vertex -21.150203265468896 33.38459458018833 2.5
      vertex -6.125 31.75 2.5
      vertex -20.751526125716246 33.549732058481986 2.5
    endloop
  endfacet
  facet normal 0 0 1
    outer loop
      vertex -20.751526125716246 33.549732058481986 2.5
      vertex -6.125 31.75 2.5
      vertex -20.3835905561957 33.775203265468896 2.5
    endloop
  endfacet
  facet normal 0 0 1
    outer loop
      vertex -20.3835905561957 33.775203265468896 2.5
      vertex -6.125 31.75 2.5
      vertex -20.055456351736993 34.05545635173699 2.5
    endloop
  endfacet
  facet normal 0 0 1
    outer loop
      vertex -20.055456351736993 34.05545635173699 2.5
      vertex -6.125 31.75 2.5
      vertex -19.775203265468896 34.3835905561957 2.5
    endloop
  endfacet
  facet normal 0 0 1
    outer loop
      vertex -19.775203265468896 34.3835905561957 2.5
      vertex -6.125 31.75 2.5
      vertex -19.54973205848199 34.751526125716246 2.5
    endloop
  endfacet
  facet normal 0 0 1
    outer loop
      vertex -26.125 29.75 2.5
      vertex -6.125 26.75 2.5
      vertex -6.125 29.75 2.5
    endloop
  endfacet
  facet normal 0 0 1
    outer loop
      vertex -32.25 45.5 2.5
      vertex -20.3835905561957 38.224796734531104 2.5
      vertex 20.055456351736993 37.94454364826301 2.5
    endloop
  endfacet
  facet normal 0 0 1
    outer loop
      vertex -32.21614293754101 45.93019478023052 2.5
      vertex 31.72479673475027 47.116409443318844 2.5
      vertex -32.115405417978764 46.34979673475027 2.5
    endloop
  endfacet
  facet normal 0 0 1
    outer loop
      vertex -32.115405417978764 46.34979673475027 2.5
      vertex 31.44454364478588 47.44454364478588 2.5
      vertex -31.95026794075966 46.74847387522459 2.5
    endloop
  endfacet
  facet normal 0 0 1
    outer loop
      vertex -32.25 45.5 2.5
      vertex 31.95026794075966 46.74847387522459 2.5
      vertex -32.21614293754101 45.93019478023052 2.5
    endloop
  endfacet
  facet normal 0 0 1
    outer loop
      vertex -31.95026794075966 46.74847387522459 2.5
      vertex 31.116409443318844 47.72479673475027 2.5
      vertex -31.72479673475027 47.116409443318844 2.5
    endloop
  endfacet
  facet normal 0 0 1
    outer loop
      vertex -31.72479673475027 47.116409443318844 2.5
      vertex 30.74847387522459 47.95026794075966 2.5
      vertex -31.44454364478588 47.44454364478588 2.5
    endloop
  endfacet
  facet normal 0 0 1
    outer loop
      vertex -31.44454364478588 47.44454364478588 2.5
      vertex 30.34979673475027 48.115405417978764 2.5
      vertex -31.116409443318844 47.72479673475027 2.5
    endloop
  endfacet
  facet normal 0 0 1
    outer loop
      vertex -31.116409443318844 47.72479673475027 2.5
      vertex 29.930194780230522 48.21614293754101 2.5
      vertex -30.74847387522459 47.95026794075966 2.5
    endloop
  endfacet
  facet normal 0 0 1
    outer loop
      vertex -30.74847387522459 47.95026794075966 2.5
      vertex 29.5 48.25 2.5
      vertex -30.34979673475027 48.115405417978764 2.5
    endloop
  endfacet
  facet normal 0 0 1
    outer loop
      vertex -30.34979673475027 48.115405417978764 2.5
      vertex 29.5 48.25 2.5
      vertex -29.5 48.25 2.5
    endloop
  endfacet
  facet normal 0 0 1
    outer loop
      vertex -19.54973205848199 34.751526125716246 2.5
      vertex -6.125 31.75 2.5
      vertex 6.125 31.75 2.5
    endloop
  endfacet
  facet normal 0 0 1
    outer loop
      vertex -19.54973205848199 37.248473874283754 2.5
      vertex -19.384594580188327 36.849796734531104 2.5
      vertex 19.384594580188327 36.849796734531104 2.5
    endloop
  endfacet
  facet normal 0 0 1
    outer loop
      vertex -20.055456351736993 37.94454364826301 2.5
      vertex 20.055456351736993 37.94454364826301 2.5
      vertex -20.3835905561957 38.224796734531104 2.5
    endloop
  endfacet
  facet normal 0 0 1
    outer loop
      vertex -19.54973205848199 37.248473874283754 2.5
      vertex 19.54973205848199 37.248473874283754 2.5
      vertex -19.775203265468896 37.6164094438043 2.5
    endloop
  endfacet
  facet normal 0 0 1
    outer loop
      vertex -20.055456351736993 37.94454364826301 2.5
      vertex -19.775203265468896 37.6164094438043 2.5
      vertex 19.775203265468896 37.6164094438043 2.5
    endloop
  endfacet
  facet normal 0 0 1
    outer loop
      vertex -19.54973205848199 34.751526125716246 2.5
      vertex 19.54973205848199 34.751526125716246 2.5
      vertex -19.384594580188327 35.150203265468896 2.5
    endloop
  endfacet
  facet normal 0 0 1
    outer loop
      vertex -19.384594580188327 35.150203265468896 2.5
      vertex 19.384594580188327 35.150203265468896 2.5
      vertex -19.28385706336337 35.56980522113936 2.5
    endloop
  endfacet
  facet normal 0 0 1
    outer loop
      vertex -19.28385706336337 35.56980522113936 2.5
      vertex 19.28385706336337 35.56980522113936 2.5
      vertex -19.25 36 2.5
    endloop
  endfacet
  facet normal 0 0 1
    outer loop
      vertex -19.28385706336337 36.43019477886064 2.5
      vertex -19.25 36 2.5
      vertex 19.25 36 2.5
    endloop
  endfacet
  facet normal 0 0 1
    outer loop
      vertex -19.28385706336337 36.43019477886064 2.5
      vertex 19.28385706336337 36.43019477886064 2.5
      vertex -19.384594580188327 36.849796734531104 2.5
    endloop
  endfacet
  facet normal 0 0 1
    outer loop
      vertex -6.125 29.75 2.5
      vertex -6.125 26.75 2.5
      vertex 6.125 21.75 2.5
    endloop
  endfacet
  facet normal 0 0 1
    outer loop
      vertex -6.125 29.75 2.5
      vertex 6.125 21.75 2.5
      vertex -6.125 31.75 2.5
    endloop
  endfacet
  facet normal 1 0 0
    outer loop
      vertex -32.25 -45.5 2.5
      vertex -32.25 45.5 36.900000000000006
      vertex -32.25 6.25 32.900000000000006
    endloop
  endfacet
  facet normal 1 0 0
    outer loop
      vertex -32.25 -45.5 36.900000000000006
      vertex -32.25 6.25 34.900000000000006
      vertex -32.25 45.5 36.900000000000006
    endloop
  endfacet
  facet normal 1 0 0
    outer loop
      vertex -32.25 45.5 36.900000000000006
      vertex -32.25 6.25 34.900000000000006
      vertex -32.25 6.25 32.900000000000006
    endloop
  endfacet
  facet normal 0.9969173339165955 -0.07845909339666883 0
    outer loop
      vertex -32.25 45.5 2.5
      vertex -32.21614293754101 45.93019478023052 36.900000000000006
      vertex -32.25 45.5 36.900000000000006
    endloop
  endfacet
  facet normal 0.9723699188124569 -0.23344537045882052 0
    outer loop
      vertex -32.21614293754101 45.93019478023052 2.5
      vertex -32.115405417978764 46.34979673475027 36.900000000000006
      vertex -32.21614293754101 45.93019478023052 36.900000000000006
    endloop
  endfacet
  facet normal 0.9238795336365963 -0.3826834296483524 0
    outer loop
      vertex -32.115405417978764 46.34979673475027 2.5
      vertex -31.95026794075966 46.74847387522459 36.900000000000006
      vertex -32.115405417978764 46.34979673475027 36.900000000000006
    endloop
  endfacet
  facet normal 0.8526401644609286 -0.5224985645416078 0
    outer loop
      vertex -31.95026794075966 46.74847387522459 2.5
      vertex -31.72479673475027 47.116409443318844 36.900000000000006
      vertex -31.95026794075966 46.74847387522459 36.900000000000006
    endloop
  endfacet
  facet normal 0.7604059584458107 -0.6494480567066993 0
    outer loop
      vertex -31.72479673475027 47.116409443318844 2.5
      vertex -31.44454364478588 47.44454364478588 36.900000000000006
      vertex -31.72479673475027 47.116409443318844 36.900000000000006
    endloop
  endfacet
  facet normal 0.6494480567066993 -0.7604059584458107 0
    outer loop
      vertex -31.44454364478588 47.44454364478588 2.5
      vertex -31.116409443318844 47.72479673475027 36.900000000000006
      vertex -31.44454364478588 47.44454364478588 36.900000000000006
    endloop
  endfacet
  facet normal 0.5224985645416078 -0.8526401644609286 0
    outer loop
      vertex -31.116409443318844 47.72479673475027 2.5
      vertex -30.74847387522459 47.95026794075966 36.900000000000006
      vertex -31.116409443318844 47.72479673475027 36.900000000000006
    endloop
  endfacet
  facet normal 0.3826834296483524 -0.9238795336365963 0
    outer loop
      vertex -30.74847387522459 47.95026794075966 2.5
      vertex -30.34979673475027 48.115405417978764 36.900000000000006
      vertex -30.74847387522459 47.95026794075966 36.900000000000006
    endloop
  endfacet
  facet normal 0.23344537045882052 -0.9723699188124569 0
    outer loop
      vertex -30.34979673475027 48.115405417978764 2.5
      vertex -29.930194780230522 48.21614293754101 36.900000000000006
      vertex -30.34979673475027 48.115405417978764 36.900000000000006
    endloop
  endfacet
  facet normal 0.07845909339666883 -0.9969173339165955 0
    outer loop
      vertex -29.930194780230522 48.21614293754101 2.5
      vertex -29.5 48.25 36.900000000000006
      vertex -29.930194780230522 48.21614293754101 36.900000000000006
    endloop
  endfacet
  facet normal 0 -1 0
    outer loop
      vertex -29.5 48.25 2.5
      vertex -6.25 48.25 32.900000000000006
      vertex -29.5 48.25 36.900000000000006
    endloop
  endfacet
  facet normal 0 -1 0
    outer loop
      vertex -29.5 48.25 2.5
      vertex 6.25 48.25 32.900000000000006
      vertex -6.25 48.25 32.900000000000006
    endloop
  endfacet
  facet normal 0 -1 0
    outer loop
      vertex -29.5 48.25 36.900000000000006
      vertex -6.25 48.25 32.900000000000006
      vertex -6.25 48.25 34.900000000000006
    endloop
  endfacet
  facet normal 0 -1 0
    outer loop
      vertex -29.5 48.25 36.900000000000006
      vertex -6.25 48.25 34.900000000000006
      vertex 6.25 48.25 34.900000000000006
    endloop
  endfacet
  facet normal 0 0 1
    outer loop
      vertex -32.115405417978764 -46.34979673475027 2.5
      vertex 32.25 -45.5 2.5
      vertex 22 -30.75 2.5
    endloop
  endfacet
  facet normal 0 0 1
    outer loop
      vertex -19.28385706336337 -28.430194778860635 2.5
      vertex 19.384594580188327 -28.849796734531104 2.5
      vertex 19.28385706336337 -28.430194778860635 2.5
    endloop
  endfacet
  facet normal 0 0 1
    outer loop
      vertex -19.25 -28 2.5
      vertex 19.28385706336337 -28.430194778860635 2.5
      vertex 19.25 -28 2.5
    endloop
  endfacet
  facet normal 0 0 1
    outer loop
      vertex -19.25 -28 2.5
      vertex 19.25 -28 2.5
      vertex 19.28385706336337 -27.569805221139365 2.5
    endloop
  endfacet
  facet normal 0 0 1
    outer loop
      vertex -19.25 -28 2.5
      vertex 19.28385706336337 -27.569805221139365 2.5
      vertex 19.384594580188327 -27.150203265468896 2.5
    endloop
  endfacet
  facet normal 0 0 1
    outer loop
      vertex -21.150203265468896 -30.615405419811673 2.5
      vertex 21.150203265468896 -30.615405419811673 2.5
      vertex 20.751526125716246 -30.45026794151801 2.5
    endloop
  endfacet
  facet normal 0 0 1
    outer loop
      vertex -20.3835905561957 -30.224796734531104 2.5
      vertex 20.751526125716246 -30.45026794151801 2.5
      vertex 20.3835905561957 -30.224796734531104 2.5
    endloop
  endfacet
  facet normal 0 0 1
    outer loop
      vertex -21.150203265468896 -30.615405419811673 2.5
      vertex 21.569805221139365 -30.71614293663663 2.5
      vertex 21.150203265468896 -30.615405419811673 2.5
    endloop
  endfacet
  facet normal 0 0 1
    outer loop
      vertex -21.150203265468896 -30.615405419811673 2.5
      vertex 22 -30.75 2.5
      vertex 21.569805221139365 -30.71614293663663 2.5
    endloop
  endfacet
  facet normal 0 0 1
    outer loop
      vertex -19.54973205848199 -29.248473874283754 2.5
      vertex 19.775203265468896 -29.6164094438043 2.5
      vertex 19.54973205848199 -29.248473874283754 2.5
    endloop
  endfacet
  facet normal 0 0 1
    outer loop
      vertex -19.775203265468896 -29.6164094438043 2.5
      vertex 20.055456351736993 -29.944543648263007 2.5
      vertex 19.775203265468896 -29.6164094438043 2.5
    endloop
  endfacet
  facet normal 0 0 1
    outer loop
      vertex -20.055456351736993 -29.944543648263007 2.5
      vertex 20.3835905561957 -30.224796734531104 2.5
      vertex 20.055456351736993 -29.944543648263007 2.5
    endloop
  endfacet
  facet normal 0 0 1
    outer loop
      vertex -19.384594580188327 -28.849796734531104 2.5
      vertex 19.54973205848199 -29.248473874283754 2.5
      vertex 19.384594580188327 -28.849796734531104 2.5
    endloop
  endfacet
  facet normal 0 0 1
    outer loop
      vertex -19.25 -28 2.5
      vertex 19.384594580188327 -27.150203265468896 2.5
      vertex 19.54973205848199 -26.751526125716246 2.5
    endloop
  endfacet
  facet normal 0 0 1
    outer loop
      vertex -19.25 -28 2.5
      vertex 19.54973205848199 -26.751526125716246 2.5
      vertex 19.775203265468896 -26.3835905561957 2.5
    endloop
  endfacet
  facet normal 0 0 1
    outer loop
      vertex -19.25 -28 2.5
      vertex 19.775203265468896 -26.3835905561957 2.5
      vertex 20.055456351736993 -26.055456351736993 2.5
    endloop
  endfacet
  facet normal 0 0 1
    outer loop
      vertex -19.25 -28 2.5
      vertex 20.055456351736993 -26.055456351736993 2.5
      vertex 20.3835905561957 -25.775203265468896 2.5
    endloop
  endfacet
  facet normal 0 0 1
    outer loop
      vertex -19.25 -28 2.5
      vertex 20.3835905561957 -25.775203265468896 2.5
      vertex 20.751526125716246 -25.54973205848199 2.5
    endloop
  endfacet
  facet normal 0 0 1
    outer loop
      vertex -19.25 -28 2.5
      vertex 20.751526125716246 -25.54973205848199 2.5
      vertex 21.150203265468896 -25.384594580188327 2.5
    endloop
  endfacet
  facet normal 0 0 1
    outer loop
      vertex -19.25 -28 2.5
      vertex 21.150203265468896 -25.384594580188327 2.5
      vertex 21.569805221139365 -25.28385706336337 2.5
    endloop
  endfacet
  facet normal 0 0 1
    outer loop
      vertex -29.5 -48.25 2.5
      vertex 29.5 -48.25 2.5
      vertex 30.34979673475027 -48.115405417978764 2.5
    endloop
  endfacet
  facet normal 0 0 1
    outer loop
      vertex -29.5 -48.25 2.5
      vertex 30.34979673475027 -48.115405417978764 2.5
      vertex 30.74847387522459 -47.95026794075966 2.5
    endloop
  endfacet
  facet normal 0 0 1
    outer loop
      vertex -29.930194780230522 -48.21614293754101 2.5
      vertex 30.74847387522459 -47.95026794075966 2.5
      vertex 31.116409443318844 -47.72479673475027 2.5
    endloop
  endfacet
  facet normal 0 0 1
    outer loop
      vertex -30.34979673475027 -48.115405417978764 2.5
      vertex 31.116409443318844 -47.72479673475027 2.5
      vertex 31.44454364478588 -47.44454364478588 2.5
    endloop
  endfacet
  facet normal 0 0 1
    outer loop
      vertex -30.74847387522459 -47.95026794075966 2.5
      vertex 31.44454364478588 -47.44454364478588 2.5
      vertex 31.72479673475027 -47.116409443318844 2.5
    endloop
  endfacet
  facet normal 0 0 1
    outer loop
      vertex -31.116409443318844 -47.72479673475027 2.5
      vertex 31.72479673475027 -47.116409443318844 2.5
      vertex 31.95026794075966 -46.74847387522459 2.5
    endloop
  endfacet
  facet normal 0 0 1
    outer loop
      vertex -31.95026794075966 -46.74847387522459 2.5
      vertex 32.21614293754101 -45.93019478023052 2.5
      vertex 32.25 -45.5 2.5
    endloop
  endfacet
  facet normal 0 0 1
    outer loop
      vertex -31.44454364478588 -47.44454364478588 2.5
      vertex 31.95026794075966 -46.74847387522459 2.5
      vertex 32.115405417978764 -46.34979673475027 2.5
    endloop
  endfacet
  facet normal 0 0 1
    outer loop
      vertex -31.72479673475027 -47.116409443318844 2.5
      vertex 32.115405417978764 -46.34979673475027 2.5
      vertex 32.21614293754101 -45.93019478023052 2.5
    endloop
  endfacet
  facet normal 0 0 1
    outer loop
      vertex -19.25 -28 2.5
      vertex 21.569805221139365 -25.28385706336337 2.5
      vertex 8 -16.659999999999997 2.5
    endloop
  endfacet
  facet normal 0 0 1
    outer loop
      vertex 6.125 9.75 2.5
      vertex -8 -12.059999999999995 2.5
      vertex 8 -12.059999999999995 2.5
    endloop
  endfacet
  facet normal 0 0 1
    outer loop
      vertex 8.35979926959253 -12.08831681663118 2.5
      vertex 6.125 9.75 2.5
      vertex 8 -12.059999999999995 2.5
    endloop
  endfacet
  facet normal 0 0 1
    outer loop
      vertex 8.710739087062379 -12.172570012521144 2.5
      vertex 6.125 9.75 2.5
      vertex 8.35979926959253 -12.08831681663118 2.5
    endloop
  endfacet
  facet normal 0 0 1
    outer loop
      vertex 9.044178149400958 -12.31068499436675 2.5
      vertex 6.125 9.75 2.5
      vertex 8.710739087062379 -12.172570012521144 2.5
    endloop
  endfacet
  facet normal 0 0 1
    outer loop
      vertex 9.62634559672906 -12.733654403270936 2.5
      vertex 6.125 9.75 2.5
      vertex 9.351906080272688 -12.499260912937617 2.5
    endloop
  endfacet
  facet normal 0 0 1
    outer loop
      vertex 9.351906080272688 -12.499260912937617 2.5
      vertex 6.125 9.75 2.5
      vertex 9.044178149400958 -12.31068499436675 2.5
    endloop
  endfacet
  facet normal 0 0 1
    outer loop
      vertex 9.86073908706238 -13.008093919727308 2.5
      vertex 6.125 9.75 2.5
      vertex 9.62634559672906 -12.733654403270936 2.5
    endloop
  endfacet
  facet normal 0 0 1
    outer loop
      vertex 10.049315005633247 -13.315821850599038 2.5
      vertex 6.125 9.75 2.5
      vertex 9.86073908706238 -13.008093919727308 2.5
    endloop
  endfacet
  facet normal 0 0 1
    outer loop
      vertex 21.569805221139365 -25.28385706336337 2.5
      vertex 8.35979926959253 -16.631683183368814 2.5
      vertex 8 -16.659999999999997 2.5
    endloop
  endfacet
  facet normal 0 0 1
    outer loop
      vertex 21.569805221139365 -25.28385706336337 2.5
      vertex 8.710739087062379 -16.54742998747885 2.5
      vertex 8.35979926959253 -16.631683183368814 2.5
    endloop
  endfacet
  facet normal 0 0 1
    outer loop
      vertex 21.569805221139365 -25.28385706336337 2.5
      vertex 9.044178149400958 -16.409315005633243 2.5
      vertex 8.710739087062379 -16.54742998747885 2.5
    endloop
  endfacet
  facet normal 0 0 1
    outer loop
      vertex 21.569805221139365 -25.28385706336337 2.5
      vertex 9.351906080272688 -16.220739087062373 2.5
      vertex 9.044178149400958 -16.409315005633243 2.5
    endloop
  endfacet
  facet normal 0 0 1
    outer loop
      vertex 21.569805221139365 -25.28385706336337 2.5
      vertex 9.62634559672906 -15.986345596729056 2.5
      vertex 9.351906080272688 -16.220739087062373 2.5
    endloop
  endfacet
  facet normal 0 0 1
    outer loop
      vertex 21.569805221139365 -25.28385706336337 2.5
      vertex 9.86073908706238 -15.711906080272684 2.5
      vertex 9.62634559672906 -15.986345596729056 2.5
    endloop
  endfacet
  facet normal 0 0 1
    outer loop
      vertex 21.569805221139365 -25.28385706336337 2.5
      vertex 10.049315005633247 -15.404178149400954 2.5
      vertex 9.86073908706238 -15.711906080272684 2.5
    endloop
  endfacet
  facet normal 0 0 1
    outer loop
      vertex 21.569805221139365 -25.28385706336337 2.5
      vertex 10.187429987478852 -15.070739087062375 2.5
      vertex 10.049315005633247 -15.404178149400954 2.5
    endloop
  endfacet
  facet normal 0 0 1
    outer loop
      vertex 21.569805221139365 -25.28385706336337 2.5
      vertex 10.271683183368816 -14.719799269592526 2.5
      vertex 10.187429987478852 -15.070739087062375 2.5
    endloop
  endfacet
  facet normal 0 0 1
    outer loop
      vertex 21.569805221139365 -25.28385706336337 2.5
      vertex 10.3 -14.359999999999996 2.5
      vertex 10.271683183368816 -14.719799269592526 2.5
    endloop
  endfacet
  facet normal 0 0 1
    outer loop
      vertex 21.569805221139365 -25.28385706336337 2.5
      vertex 10.271683183368816 -14.000200730407466 2.5
      vertex 10.3 -14.359999999999996 2.5
    endloop
  endfacet
  facet normal 0 0 1
    outer loop
      vertex 10.187429987478852 -13.649260912937617 2.5
      vertex 26.125 9.75 2.5
      vertex 10.049315005633247 -13.315821850599038 2.5
    endloop
  endfacet
  facet normal 0 0 1
    outer loop
      vertex 10.271683183368816 -14.000200730407466 2.5
      vertex 26.125 9.75 2.5
      vertex 10.187429987478852 -13.649260912937617 2.5
    endloop
  endfacet
  facet normal 0 0 1
    outer loop
      vertex 22 -30.75 2.5
      vertex 32.25 -45.5 2.5
      vertex 22.430194778860635 -30.71614293663663 2.5
    endloop
  endfacet
  facet normal 0 0 1
    outer loop
      vertex 22.430194778860635 -30.71614293663663 2.5
      vertex 32.25 -45.5 2.5
      vertex 22.849796734531104 -30.615405419811673 2.5
    endloop
  endfacet
  facet normal 0 0 1
    outer loop
      vertex 29.5 -48.25 2.5
      vertex 29.930194780230522 -48.21614293754101 2.5
      vertex 30.34979673475027 -48.115405417978764 2.5
    endloop
  endfacet
  facet normal 0 0 1
    outer loop
      vertex 22.849796734531104 -30.615405419811673 2.5
      vertex 32.25 -45.5 2.5
      vertex 23.248473874283754 -30.45026794151801 2.5
    endloop
  endfacet
  facet normal 0 0 1
    outer loop
      vertex 23.248473874283754 -30.45026794151801 2.5
      vertex 32.25 -45.5 2.5
      vertex 23.6164094438043 -30.224796734531104 2.5
    endloop
  endfacet
  facet normal 0 0 1
    outer loop
      vertex 23.6164094438043 -30.224796734531104 2.5
      vertex 32.25 -45.5 2.5
      vertex 23.944543648263007 -29.944543648263007 2.5
    endloop
  endfacet
  facet normal 0 0 1
    outer loop
      vertex 23.944543648263007 -29.944543648263007 2.5
      vertex 32.25 -45.5 2.5
      vertex 24.224796734531104 -29.6164094438043 2.5
    endloop
  endfacet
  facet normal 0 0 1
    outer loop
      vertex 24.224796734531104 -29.6164094438043 2.5
      vertex 32.25 -45.5 2.5
      vertex 24.45026794151801 -29.248473874283754 2.5
    endloop
  endfacet
  facet normal 0 0 1
    outer loop
      vertex 24.45026794151801 -29.248473874283754 2.5
      vertex 32.25 -45.5 2.5
      vertex 24.615405419811673 -28.849796734531104 2.5
    endloop
  endfacet
  facet normal 0 0 1
    outer loop
      vertex 24.615405419811673 -28.849796734531104 2.5
      vertex 32.25 -45.5 2.5
      vertex 24.71614293663663 -28.430194778860635 2.5
    endloop
  endfacet
  facet normal 0 0 1
    outer loop
      vertex 24.71614293663663 -28.430194778860635 2.5
      vertex 32.25 -45.5 2.5
      vertex 24.75 -28 2.5
    endloop
  endfacet
  facet normal -0.07845909339666883 0.9969173339165955 0
    outer loop
      vertex 29.5 -48.25 2.5
      vertex 29.5 -48.25 36.900000000000006
      vertex 29.930194780230522 -48.21614293754101 2.5
    endloop
  endfacet
  facet normal -0.23344537045882052 0.9723699188124569 0
    outer loop
      vertex 29.930194780230522 -48.21614293754101 2.5
      vertex 29.930194780230522 -48.21614293754101 36.900000000000006
      vertex 30.34979673475027 -48.115405417978764 2.5
    endloop
  endfacet
  facet normal -0.3826834296483524 0.9238795336365963 0
    outer loop
      vertex 30.34979673475027 -48.115405417978764 2.5
      vertex 30.34979673475027 -48.115405417978764 36.900000000000006
      vertex 30.74847387522459 -47.95026794075966 2.5
    endloop
  endfacet
  facet normal -0.5224985645416078 0.8526401644609286 0
    outer loop
      vertex 30.74847387522459 -47.95026794075966 2.5
      vertex 30.74847387522459 -47.95026794075966 36.900000000000006
      vertex 31.116409443318844 -47.72479673475027 2.5
    endloop
  endfacet
  facet normal -0.6494480567066993 0.7604059584458107 0
    outer loop
      vertex 31.116409443318844 -47.72479673475027 2.5
      vertex 31.116409443318844 -47.72479673475027 36.900000000000006
      vertex 31.44454364478588 -47.44454364478588 2.5
    endloop
  endfacet
  facet normal -0.7604059584458107 0.6494480567066993 0
    outer loop
      vertex 31.44454364478588 -47.44454364478588 2.5
      vertex 31.44454364478588 -47.44454364478588 36.900000000000006
      vertex 31.72479673475027 -47.116409443318844 2.5
    endloop
  endfacet
  facet normal -0.8526401644609286 0.5224985645416078 0
    outer loop
      vertex 31.72479673475027 -47.116409443318844 2.5
      vertex 31.72479673475027 -47.116409443318844 36.900000000000006
      vertex 31.95026794075966 -46.74847387522459 2.5
    endloop
  endfacet
  facet normal -0.9238795336365963 0.3826834296483524 0
    outer loop
      vertex 31.95026794075966 -46.74847387522459 2.5
      vertex 31.95026794075966 -46.74847387522459 36.900000000000006
      vertex 32.115405417978764 -46.34979673475027 2.5
    endloop
  endfacet
  facet normal -0.9723699188124569 0.23344537045882052 0
    outer loop
      vertex 32.115405417978764 -46.34979673475027 2.5
      vertex 32.115405417978764 -46.34979673475027 36.900000000000006
      vertex 32.21614293754101 -45.93019478023052 2.5
    endloop
  endfacet
  facet normal -0.9969173339165955 0.07845909339666883 0
    outer loop
      vertex 32.21614293754101 -45.93019478023052 2.5
      vertex 32.21614293754101 -45.93019478023052 36.900000000000006
      vertex 32.25 -45.5 2.5
    endloop
  endfacet
  facet normal 0 0 1
    outer loop
      vertex 21.569805221139365 -25.28385706336337 2.5
      vertex 26.125 9.75 2.5
      vertex 10.271683183368816 -14.000200730407466 2.5
    endloop
  endfacet
  facet normal 0 0 1
    outer loop
      vertex 21.569805221139365 -25.28385706336337 2.5
      vertex 22 -25.25 2.5
      vertex 32.25 45.5 2.5
    endloop
  endfacet
  facet normal 0 0 1
    outer loop
      vertex 22 -25.25 2.5
      vertex 22.430194778860635 -25.28385706336337 2.5
      vertex 32.25 45.5 2.5
    endloop
  endfacet
  facet normal 0 0 1
    outer loop
      vertex 22.849796734531104 -25.384594580188327 2.5
      vertex 32.25 45.5 2.5
      vertex 22.430194778860635 -25.28385706336337 2.5
    endloop
  endfacet
  facet normal 0 0 1
    outer loop
      vertex 24.75 -28 2.5
      vertex 32.25 -45.5 2.5
      vertex 32.25 45.5 2.5
    endloop
  endfacet
  facet normal 0 0 1
    outer loop
      vertex 24.75 -28 2.5
      vertex 32.25 45.5 2.5
      vertex 24.71614293663663 -27.569805221139365 2.5
    endloop
  endfacet
  facet normal 0 0 1
    outer loop
      vertex 22.849796734531104 -25.384594580188327 2.5
      vertex 23.248473874283754 -25.54973205848199 2.5
      vertex 32.25 45.5 2.5
    endloop
  endfacet
  facet normal 0 0 1
    outer loop
      vertex 23.6164094438043 -25.775203265468896 2.5
      vertex 23.944543648263007 -26.055456351736993 2.5
      vertex 32.25 45.5 2.5
    endloop
  endfacet
  facet normal 0 0 1
    outer loop
      vertex 23.248473874283754 -25.54973205848199 2.5
      vertex 23.6164094438043 -25.775203265468896 2.5
      vertex 32.25 45.5 2.5
    endloop
  endfacet
  facet normal 0 0 1
    outer loop
      vertex 24.615405419811673 -27.150203265468896 2.5
      vertex 32.25 45.5 2.5
      vertex 24.45026794151801 -26.751526125716246 2.5
    endloop
  endfacet
  facet normal 0 0 1
    outer loop
      vertex 24.224796734531104 -26.3835905561957 2.5
      vertex 24.45026794151801 -26.751526125716246 2.5
      vertex 32.25 45.5 2.5
    endloop
  endfacet
  facet normal 0 0 1
    outer loop
      vertex 24.224796734531104 -26.3835905561957 2.5
      vertex 32.25 45.5 2.5
      vertex 23.944543648263007 -26.055456351736993 2.5
    endloop
  endfacet
  facet normal 0 0 1
    outer loop
      vertex 24.615405419811673 -27.150203265468896 2.5
      vertex 24.71614293663663 -27.569805221139365 2.5
      vertex 32.25 45.5 2.5
    endloop
  endfacet
  facet normal -1 0 0
    outer loop
      vertex 32.25 -45.5 2.5
      vertex 32.25 -45.5 36.900000000000006
      vertex 32.25 45.5 2.5
    endloop
  endfacet
  facet normal 0 1 0
    outer loop
      vertex 29.5 -48.25 2.5
      vertex -6.25 -48.25 32.900000000000006
      vertex 6.25 -48.25 32.900000000000006
    endloop
  endfacet
  facet normal 0 1 0
    outer loop
      vertex 29.5 -48.25 2.5
      vertex 6.25 -48.25 32.900000000000006
      vertex 6.25 -48.25 34.900000000000006
    endloop
  endfacet
  facet normal 0 1 0
    outer loop
      vertex -29.5 -48.25 36.900000000000006
      vertex 29.5 -48.25 36.900000000000006
      vertex 6.25 -48.25 34.900000000000006
    endloop
  endfacet
  facet normal 0 1 0
    outer loop
      vertex 29.5 -48.25 2.5
      vertex 6.25 -48.25 34.900000000000006
      vertex 29.5 -48.25 36.900000000000006
    endloop
  endfacet
  facet normal -0.07845909339666883 0.9969173339165955 0
    outer loop
      vertex 29.930194780230522 -48.21614293754101 2.5
      vertex 29.5 -48.25 36.900000000000006
      vertex 29.930194780230522 -48.21614293754101 36.900000000000006
    endloop
  endfacet
  facet normal -0.23344537045882052 0.9723699188124569 0
    outer loop
      vertex 30.34979673475027 -48.115405417978764 2.5
      vertex 29.930194780230522 -48.21614293754101 36.900000000000006
      vertex 30.34979673475027 -48.115405417978764 36.900000000000006
    endloop
  endfacet
  facet normal -0.3826834296483524 0.9238795336365963 0
    outer loop
      vertex 30.74847387522459 -47.95026794075966 2.5
      vertex 30.34979673475027 -48.115405417978764 36.900000000000006
      vertex 30.74847387522459 -47.95026794075966 36.900000000000006
    endloop
  endfacet
  facet normal -0.5224985645416078 0.8526401644609286 0
    outer loop
      vertex 31.116409443318844 -47.72479673475027 2.5
      vertex 30.74847387522459 -47.95026794075966 36.900000000000006
      vertex 31.116409443318844 -47.72479673475027 36.900000000000006
    endloop
  endfacet
  facet normal -0.6494480567066993 0.7604059584458107 0
    outer loop
      vertex 31.44454364478588 -47.44454364478588 2.5
      vertex 31.116409443318844 -47.72479673475027 36.900000000000006
      vertex 31.44454364478588 -47.44454364478588 36.900000000000006
    endloop
  endfacet
  facet normal -0.7604059584458107 0.6494480567066993 0
    outer loop
      vertex 31.72479673475027 -47.116409443318844 2.5
      vertex 31.44454364478588 -47.44454364478588 36.900000000000006
      vertex 31.72479673475027 -47.116409443318844 36.900000000000006
    endloop
  endfacet
  facet normal -0.8526401644609286 0.5224985645416078 0
    outer loop
      vertex 31.95026794075966 -46.74847387522459 2.5
      vertex 31.72479673475027 -47.116409443318844 36.900000000000006
      vertex 31.95026794075966 -46.74847387522459 36.900000000000006
    endloop
  endfacet
  facet normal -0.9238795336365963 0.3826834296483524 0
    outer loop
      vertex 32.115405417978764 -46.34979673475027 2.5
      vertex 31.95026794075966 -46.74847387522459 36.900000000000006
      vertex 32.115405417978764 -46.34979673475027 36.900000000000006
    endloop
  endfacet
  facet normal -0.9723699188124569 0.23344537045882052 0
    outer loop
      vertex 32.21614293754101 -45.93019478023052 2.5
      vertex 32.115405417978764 -46.34979673475027 36.900000000000006
      vertex 32.21614293754101 -45.93019478023052 36.900000000000006
    endloop
  endfacet
  facet normal -0.9969173339165955 0.07845909339666883 0
    outer loop
      vertex 32.25 -45.5 2.5
      vertex 32.21614293754101 -45.93019478023052 36.900000000000006
      vertex 32.25 -45.5 36.900000000000006
    endloop
  endfacet
  facet normal -1 0 0
    outer loop
      vertex 32.25 -45.5 36.900000000000006
      vertex 32.25 -6.25 32.900000000000006
      vertex 32.25 45.5 2.5
    endloop
  endfacet
  facet normal -1 0 0
    outer loop
      vertex 32.25 -45.5 36.900000000000006
      vertex 32.25 -6.25 34.900000000000006
      vertex 32.25 -6.25 32.900000000000006
    endloop
  endfacet
  facet normal -1 0 0
    outer loop
      vertex 32.25 -45.5 36.900000000000006
      vertex 32.25 45.5 36.900000000000006
      vertex 32.25 -6.25 34.900000000000006
    endloop
  endfacet
  facet normal 0 0 1
    outer loop
      vertex -9.044178149400958 -12.31068499436675 2.5
      vertex 6.125 9.75 2.5
      vertex 6.125 11.75 2.5
    endloop
  endfacet
  facet normal 0 0 1
    outer loop
      vertex -6.125 19.75 2.5
      vertex 6.125 16.75 2.5
      vertex 6.125 19.75 2.5
    endloop
  endfacet
  facet normal 0 0 1
    outer loop
      vertex -6.125 19.75 2.5
      vertex 6.125 19.75 2.5
      vertex 6.125 21.75 2.5
    endloop
  endfacet
  facet normal 0 0 1
    outer loop
      vertex 10.049315005633247 -13.315821850599038 2.5
      vertex 26.125 9.75 2.5
      vertex 6.125 9.75 2.5
    endloop
  endfacet
  facet normal 0 0 1
    outer loop
      vertex 6.125 14.75 2.5
      vertex 6.125 11.75 2.5
      vertex 26.125 11.75 2.5
    endloop
  endfacet
  facet normal 0 0 1
    outer loop
      vertex 26.125 16.75 2.5
      vertex 6.125 19.75 2.5
      vertex 6.125 16.75 2.5
    endloop
  endfacet
  facet normal 0 0 1
    outer loop
      vertex 6.125 21.75 2.5
      vertex 26.125 21.75 2.5
      vertex 6.125 24.75 2.5
    endloop
  endfacet
  facet normal 0 0 1
    outer loop
      vertex -6.125 31.75 2.5
      vertex 6.125 21.75 2.5
      vertex 6.125 24.75 2.5
    endloop
  endfacet
  facet normal 0 0 1
    outer loop
      vertex -6.125 31.75 2.5
      vertex 6.125 24.75 2.5
      vertex 6.125 26.75 2.5
    endloop
  endfacet
  facet normal 0 0 1
    outer loop
      vertex -6.125 31.75 2.5
      vertex 6.125 26.75 2.5
      vertex 6.125 29.75 2.5
    endloop
  endfacet
  facet normal 0 0 1
    outer loop
      vertex -6.125 31.75 2.5
      vertex 6.125 29.75 2.5
      vertex 6.125 31.75 2.5
    endloop
  endfacet
  facet normal 0 0 1
    outer loop
      vertex -19.54973205848199 34.751526125716246 2.5
      vertex 6.125 31.75 2.5
      vertex 19.54973205848199 34.751526125716246 2.5
    endloop
  endfacet
  facet normal 0 0 1
    outer loop
      vertex -19.28385706336337 35.56980522113936 2.5
      vertex 19.384594580188327 35.150203265468896 2.5
      vertex 19.28385706336337 35.56980522113936 2.5
    endloop
  endfacet
  facet normal 0 0 1
    outer loop
      vertex -19.25 36 2.5
      vertex 19.28385706336337 35.56980522113936 2.5
      vertex 19.25 36 2.5
    endloop
  endfacet
  facet normal 0 0 1
    outer loop
      vertex -19.28385706336337 36.43019477886064 2.5
      vertex 19.25 36 2.5
      vertex 19.28385706336337 36.43019477886064 2.5
    endloop
  endfacet
  facet normal 0 0 1
    outer loop
      vertex -19.384594580188327 36.849796734531104 2.5
      vertex 19.28385706336337 36.43019477886064 2.5
      vertex 19.384594580188327 36.849796734531104 2.5
    endloop
  endfacet
  facet normal 0 0 1
    outer loop
      vertex -19.54973205848199 37.248473874283754 2.5
      vertex 19.384594580188327 36.849796734531104 2.5
      vertex 19.54973205848199 37.248473874283754 2.5
    endloop
  endfacet
  facet normal 0 0 1
    outer loop
      vertex -19.384594580188327 35.150203265468896 2.5
      vertex 19.54973205848199 34.751526125716246 2.5
      vertex 19.384594580188327 35.150203265468896 2.5
    endloop
  endfacet
  facet normal 0 0 1
    outer loop
      vertex -19.775203265468896 37.6164094438043 2.5
      vertex 19.54973205848199 37.248473874283754 2.5
      vertex 19.775203265468896 37.6164094438043 2.5
    endloop
  endfacet
  facet normal 0 0 1
    outer loop
      vertex -20.055456351736993 37.94454364826301 2.5
      vertex 19.775203265468896 37.6164094438043 2.5
      vertex 20.055456351736993 37.94454364826301 2.5
    endloop
  endfacet
  facet normal 0 0 1
    outer loop
      vertex -32.25 45.5 2.5
      vertex 20.055456351736993 37.94454364826301 2.5
      vertex 20.3835905561957 38.224796734531104 2.5
    endloop
  endfacet
  facet normal 0 0 1
    outer loop
      vertex -32.25 45.5 2.5
      vertex 20.3835905561957 38.224796734531104 2.5
      vertex 20.751526125716246 38.450267941518014 2.5
    endloop
  endfacet
  facet normal 0 0 1
    outer loop
      vertex -32.25 45.5 2.5
      vertex 20.751526125716246 38.450267941518014 2.5
      vertex 21.150203265468896 38.61540541981167 2.5
    endloop
  endfacet
  facet normal 0 0 1
    outer loop
      vertex -32.25 45.5 2.5
      vertex 21.150203265468896 38.61540541981167 2.5
      vertex 21.569805221139365 38.71614293663663 2.5
    endloop
  endfacet
  facet normal 0 0 1
    outer loop
      vertex -32.25 45.5 2.5
      vertex 21.569805221139365 38.71614293663663 2.5
      vertex 22 38.75 2.5
    endloop
  endfacet
  facet normal 0 0 1
    outer loop
      vertex -32.25 45.5 2.5
      vertex 22 38.75 2.5
      vertex 22.430194778860635 38.71614293663663 2.5
    endloop
  endfacet
  facet normal 0 0 1
    outer loop
      vertex -32.25 45.5 2.5
      vertex 22.430194778860635 38.71614293663663 2.5
      vertex 32.115405417978764 46.34979673475027 2.5
    endloop
  endfacet
  facet normal 0 0 1
    outer loop
      vertex 6.125 29.75 2.5
      vertex 6.125 26.75 2.5
      vertex 26.125 26.75 2.5
    endloop
  endfacet
  facet normal 0 0 1
    outer loop
      vertex 19.775203265468896 34.3835905561957 2.5
      vertex 19.54973205848199 34.751526125716246 2.5
      vertex 6.125 31.75 2.5
    endloop
  endfacet
  facet normal 0 0 1
    outer loop
      vertex 20.055456351736993 34.05545635173699 2.5
      vertex 6.125 31.75 2.5
      vertex 20.3835905561957 33.775203265468896 2.5
    endloop
  endfacet
  facet normal 0 0 1
    outer loop
      vertex 20.751526125716246 33.549732058481986 2.5
      vertex 6.125 31.75 2.5
      vertex 21.150203265468896 33.38459458018833 2.5
    endloop
  endfacet
  facet normal 0 0 1
    outer loop
      vertex 20.3835905561957 33.775203265468896 2.5
      vertex 6.125 31.75 2.5
      vertex 20.751526125716246 33.549732058481986 2.5
    endloop
  endfacet
  facet normal 0 0 1
    outer loop
      vertex 21.569805221139365 33.28385706336337 2.5
      vertex 21.150203265468896 33.38459458018833 2.5
      vertex 6.125 31.75 2.5
    endloop
  endfacet
  facet normal 0 0 1
    outer loop
      vertex 20.055456351736993 34.05545635173699 2.5
      vertex 19.775203265468896 34.3835905561957 2.5
      vertex 6.125 31.75 2.5
    endloop
  endfacet
  facet normal 0 0 1
    outer loop
      vertex 21.569805221139365 33.28385706336337 2.5
      vertex 6.125 31.75 2.5
      vertex 22 33.25 2.5
    endloop
  endfacet
  facet normal 0 0 1
    outer loop
      vertex 22 33.25 2.5
      vertex 6.125 31.75 2.5
      vertex 22.430194778860635 33.28385706336337 2.5
    endloop
  endfacet
  facet normal 0 0 1
    outer loop
      vertex -31.95026794075966 46.74847387522459 2.5
      vertex 31.44454364478588 47.44454364478588 2.5
      vertex 31.116409443318844 47.72479673475027 2.5
    endloop
  endfacet
  facet normal 0 0 1
    outer loop
      vertex -32.21614293754101 45.93019478023052 2.5
      vertex 31.95026794075966 46.74847387522459 2.5
      vertex 31.72479673475027 47.116409443318844 2.5
    endloop
  endfacet
  facet normal 0 0 1
    outer loop
      vertex -32.25 45.5 2.5
      vertex 32.115405417978764 46.34979673475027 2.5
      vertex 31.95026794075966 46.74847387522459 2.5
    endloop
  endfacet
  facet normal 0 0 1
    outer loop
      vertex -32.115405417978764 46.34979673475027 2.5
      vertex 31.72479673475027 47.116409443318844 2.5
      vertex 31.44454364478588 47.44454364478588 2.5
    endloop
  endfacet
  facet normal 0 0 1
    outer loop
      vertex -30.74847387522459 47.95026794075966 2.5
      vertex 29.930194780230522 48.21614293754101 2.5
      vertex 29.5 48.25 2.5
    endloop
  endfacet
  facet normal 0 0 1
    outer loop
      vertex -31.116409443318844 47.72479673475027 2.5
      vertex 30.34979673475027 48.115405417978764 2.5
      vertex 29.930194780230522 48.21614293754101 2.5
    endloop
  endfacet
  facet normal 0 0 1
    outer loop
      vertex -31.44454364478588 47.44454364478588 2.5
      vertex 30.74847387522459 47.95026794075966 2.5
      vertex 30.34979673475027 48.115405417978764 2.5
    endloop
  endfacet
  facet normal 0 0 1
    outer loop
      vertex -31.72479673475027 47.116409443318844 2.5
      vertex 31.116409443318844 47.72479673475027 2.5
      vertex 30.74847387522459 47.95026794075966 2.5
    endloop
  endfacet
  facet normal 0 -1 0
    outer loop
      vertex -29.5 48.25 2.5
      vertex 29.5 48.25 2.5
      vertex 29.5 48.25 36.900000000000006
    endloop
  endfacet
  facet normal 0 0 1
    outer loop
      vertex 6.125 14.75 2.5
      vertex 26.125 11.75 2.5
      vertex 26.125 14.75 2.5
    endloop
  endfacet
  facet normal 0 0 1
    outer loop
      vertex 6.125 19.75 2.5
      vertex 26.125 16.75 2.5
      vertex 26.125 19.75 2.5
    endloop
  endfacet
  facet normal 0 0 1
    outer loop
      vertex 6.125 24.75 2.5
      vertex 26.125 21.75 2.5
      vertex 26.125 24.75 2.5
    endloop
  endfacet
  facet normal 0 0 1
    outer loop
      vertex 21.569805221139365 -25.28385706336337 2.5
      vertex 32.25 45.5 2.5
      vertex 26.125 9.75 2.5
    endloop
  endfacet
  facet normal 0 0 1
    outer loop
      vertex 32.25 45.5 2.5
      vertex 26.125 11.75 2.5
      vertex 26.125 9.75 2.5
    endloop
  endfacet
  facet normal 0 0 1
    outer loop
      vertex 32.25 45.5 2.5
      vertex 26.125 14.75 2.5
      vertex 26.125 11.75 2.5
    endloop
  endfacet
  facet normal 0 0 1
    outer loop
      vertex 6.125 29.75 2.5
      vertex 26.125 26.75 2.5
      vertex 26.125 29.75 2.5
    endloop
  endfacet
  facet normal 0 0 1
    outer loop
      vertex 22.430194778860635 33.28385706336337 2.5
      vertex 6.125 31.75 2.5
      vertex 26.125 31.75 2.5
    endloop
  endfacet
  facet normal 0 0 1
    outer loop
      vertex 22.430194778860635 33.28385706336337 2.5
      vertex 26.125 31.75 2.5
      vertex 22.849796734531104 33.38459458018833 2.5
    endloop
  endfacet
  facet normal 0 0 1
    outer loop
      vertex 22.849796734531104 33.38459458018833 2.5
      vertex 26.125 31.75 2.5
      vertex 23.248473874283754 33.549732058481986 2.5
    endloop
  endfacet
  facet normal 0 0 1
    outer loop
      vertex 23.248473874283754 33.549732058481986 2.5
      vertex 26.125 31.75 2.5
      vertex 23.6164094438043 33.775203265468896 2.5
    endloop
  endfacet
  facet normal 0 0 1
    outer loop
      vertex 23.6164094438043 33.775203265468896 2.5
      vertex 26.125 31.75 2.5
      vertex 23.944543648263007 34.05545635173699 2.5
    endloop
  endfacet
  facet normal 0 0 1
    outer loop
      vertex 23.944543648263007 34.05545635173699 2.5
      vertex 26.125 31.75 2.5
      vertex 24.224796734531104 34.3835905561957 2.5
    endloop
  endfacet
  facet normal 0 0 1
    outer loop
      vertex 22.430194778860635 38.71614293663663 2.5
      vertex 22.849796734531104 38.61540541981167 2.5
      vertex 32.115405417978764 46.34979673475027 2.5
    endloop
  endfacet
  facet normal 0 0 1
    outer loop
      vertex 32.25 45.5 2.5
      vertex 26.125 16.75 2.5
      vertex 26.125 14.75 2.5
    endloop
  endfacet
  facet normal 0 0 1
    outer loop
      vertex 32.25 45.5 2.5
      vertex 26.125 19.75 2.5
      vertex 26.125 16.75 2.5
    endloop
  endfacet
  facet normal 0 0 1
    outer loop
      vertex 32.25 45.5 2.5
      vertex 26.125 21.75 2.5
      vertex 26.125 19.75 2.5
    endloop
  endfacet
  facet normal 0 0 1
    outer loop
      vertex 32.25 45.5 2.5
      vertex 26.125 24.75 2.5
      vertex 26.125 21.75 2.5
    endloop
  endfacet
  facet normal 0 0 1
    outer loop
      vertex 32.25 45.5 2.5
      vertex 26.125 26.75 2.5
      vertex 26.125 24.75 2.5
    endloop
  endfacet
  facet normal 0 0 1
    outer loop
      vertex 32.25 45.5 2.5
      vertex 26.125 29.75 2.5
      vertex 26.125 26.75 2.5
    endloop
  endfacet
  facet normal 0 0 1
    outer loop
      vertex 32.25 45.5 2.5
      vertex 26.125 31.75 2.5
      vertex 26.125 29.75 2.5
    endloop
  endfacet
  facet normal 0 0 1
    outer loop
      vertex 24.224796734531104 34.3835905561957 2.5
      vertex 26.125 31.75 2.5
      vertex 32.25 45.5 2.5
    endloop
  endfacet
  facet normal 0 0 1
    outer loop
      vertex 24.224796734531104 34.3835905561957 2.5
      vertex 32.25 45.5 2.5
      vertex 24.45026794151801 34.751526125716246 2.5
    endloop
  endfacet
  facet normal 0 0 1
    outer loop
      vertex 24.45026794151801 34.751526125716246 2.5
      vertex 32.21614293754101 45.93019478023052 2.5
      vertex 24.615405419811673 35.150203265468896 2.5
    endloop
  endfacet
  facet normal 0 0 1
    outer loop
      vertex 22.849796734531104 38.61540541981167 2.5
      vertex 23.248473874283754 38.450267941518014 2.5
      vertex 32.115405417978764 46.34979673475027 2.5
    endloop
  endfacet
  facet normal 0 0 1
    outer loop
      vertex 23.248473874283754 38.450267941518014 2.5
      vertex 23.6164094438043 38.224796734531104 2.5
      vertex 32.115405417978764 46.34979673475027 2.5
    endloop
  endfacet
  facet normal 0 0 1
    outer loop
      vertex 23.944543648263007 37.94454364826301 2.5
      vertex 32.115405417978764 46.34979673475027 2.5
      vertex 23.6164094438043 38.224796734531104 2.5
    endloop
  endfacet
  facet normal 0 0 1
    outer loop
      vertex 24.224796734531104 37.6164094438043 2.5
      vertex 24.45026794151801 37.248473874283754 2.5
      vertex 32.115405417978764 46.34979673475027 2.5
    endloop
  endfacet
  facet normal 0 0 1
    outer loop
      vertex 24.615405419811673 36.849796734531104 2.5
      vertex 32.115405417978764 46.34979673475027 2.5
      vertex 24.45026794151801 37.248473874283754 2.5
    endloop
  endfacet
  facet normal 0 0 1
    outer loop
      vertex 23.944543648263007 37.94454364826301 2.5
      vertex 24.224796734531104 37.6164094438043 2.5
      vertex 32.115405417978764 46.34979673475027 2.5
    endloop
  endfacet
  facet normal 0 0 1
    outer loop
      vertex 24.615405419811673 35.150203265468896 2.5
      vertex 32.21614293754101 45.93019478023052 2.5
      vertex 24.71614293663663 35.56980522113936 2.5
    endloop
  endfacet
  facet normal 0 0 1
    outer loop
      vertex 24.71614293663663 35.56980522113936 2.5
      vertex 32.115405417978764 46.34979673475027 2.5
      vertex 24.75 36 2.5
    endloop
  endfacet
  facet normal 0 0 1
    outer loop
      vertex 24.75 36 2.5
      vertex 32.115405417978764 46.34979673475027 2.5
      vertex 24.71614293663663 36.43019477886064 2.5
    endloop
  endfacet
  facet normal 0 0 1
    outer loop
      vertex 24.71614293663663 36.43019477886064 2.5
      vertex 32.115405417978764 46.34979673475027 2.5
      vertex 24.615405419811673 36.849796734531104 2.5
    endloop
  endfacet
  facet normal 0 0 1
    outer loop
      vertex 24.45026794151801 34.751526125716246 2.5
      vertex 32.25 45.5 2.5
      vertex 32.21614293754101 45.93019478023052 2.5
    endloop
  endfacet
  facet normal 0 0 1
    outer loop
      vertex 24.71614293663663 35.56980522113936 2.5
      vertex 32.21614293754101 45.93019478023052 2.5
      vertex 32.115405417978764 46.34979673475027 2.5
    endloop
  endfacet
  facet normal -0.07845909339666883 -0.9969173339165955 0
    outer loop
      vertex 29.5 48.25 2.5
      vertex 29.930194780230522 48.21614293754101 2.5
      vertex 29.930194780230522 48.21614293754101 36.900000000000006
    endloop
  endfacet
  facet normal -0.23344537045882052 -0.9723699188124569 0
    outer loop
      vertex 29.930194780230522 48.21614293754101 2.5
      vertex 30.34979673475027 48.115405417978764 2.5
      vertex 30.34979673475027 48.115405417978764 36.900000000000006
    endloop
  endfacet
  facet normal -0.6494480567066993 -0.7604059584458107 0
    outer loop
      vertex 31.44454364478588 47.44454364478588 2.5
      vertex 31.44454364478588 47.44454364478588 36.900000000000006
      vertex 31.116409443318844 47.72479673475027 2.5
    endloop
  endfacet
  facet normal -0.9969173339165955 -0.07845909339666883 0
    outer loop
      vertex 32.25 45.5 2.5
      vertex 32.25 45.5 36.900000000000006
      vertex 32.21614293754101 45.93019478023052 2.5
    endloop
  endfacet
  facet normal -0.7604059584458107 -0.6494480567066993 0
    outer loop
      vertex 31.44454364478588 47.44454364478588 2.5
      vertex 31.72479673475027 47.116409443318844 2.5
      vertex 31.72479673475027 47.116409443318844 36.900000000000006
    endloop
  endfacet
  facet normal -0.8526401644609286 -0.5224985645416078 0
    outer loop
      vertex 31.95026794075966 46.74847387522459 2.5
      vertex 31.95026794075966 46.74847387522459 36.900000000000006
      vertex 31.72479673475027 47.116409443318844 2.5
    endloop
  endfacet
  facet normal -0.9723699188124569 -0.23344537045882052 0
    outer loop
      vertex 32.21614293754101 45.93019478023052 2.5
      vertex 32.21614293754101 45.93019478023052 36.900000000000006
      vertex 32.115405417978764 46.34979673475027 2.5
    endloop
  endfacet
  facet normal -0.9238795336365963 -0.3826834296483524 0
    outer loop
      vertex 31.95026794075966 46.74847387522459 2.5
      vertex 32.115405417978764 46.34979673475027 2.5
      vertex 32.115405417978764 46.34979673475027 36.900000000000006
    endloop
  endfacet
  facet normal -0.3826834296483524 -0.9238795336365963 0
    outer loop
      vertex 30.34979673475027 48.115405417978764 2.5
      vertex 30.74847387522459 47.95026794075966 2.5
      vertex 30.74847387522459 47.95026794075966 36.900000000000006
    endloop
  endfacet
  facet normal -0.5224985645416078 -0.8526401644609286 0
    outer loop
      vertex 30.74847387522459 47.95026794075966 2.5
      vertex 31.116409443318844 47.72479673475027 2.5
      vertex 31.116409443318844 47.72479673475027 36.900000000000006
    endloop
  endfacet
  facet normal 0 -1 0
    outer loop
      vertex -29.5 48.25 2.5
      vertex 29.5 48.25 36.900000000000006
      vertex 6.25 48.25 32.900000000000006
    endloop
  endfacet
  facet normal 0 -1 0
    outer loop
      vertex -29.5 48.25 36.900000000000006
      vertex 6.25 48.25 34.900000000000006
      vertex 29.5 48.25 36.900000000000006
    endloop
  endfacet
  facet normal 0 -1 0
    outer loop
      vertex 29.5 48.25 36.900000000000006
      vertex 6.25 48.25 34.900000000000006
      vertex 6.25 48.25 32.900000000000006
    endloop
  endfacet
  facet normal -1 0 0
    outer loop
      vertex 32.25 45.5 2.5
      vertex 32.25 -6.25 32.900000000000006
      vertex 32.25 6.25 32.900000000000006
    endloop
  endfacet
  facet normal -1 0 0
    outer loop
      vertex 32.25 45.5 36.900000000000006
      vertex 32.25 6.25 34.900000000000006
      vertex 32.25 -6.25 34.900000000000006
    endloop
  endfacet
  facet normal -1 0 0
    outer loop
      vertex 32.25 45.5 36.900000000000006
      vertex 32.25 6.25 32.900000000000006
      vertex 32.25 6.25 34.900000000000006
    endloop
  endfacet
  facet normal -1 0 0
    outer loop
      vertex 32.25 45.5 2.5
      vertex 32.25 6.25 32.900000000000006
      vertex 32.25 45.5 36.900000000000006
    endloop
  endfacet
  facet normal -0.07845909339666883 -0.9969173339165955 0
    outer loop
      vertex 29.5 48.25 2.5
      vertex 29.930194780230522 48.21614293754101 36.900000000000006
      vertex 29.5 48.25 36.900000000000006
    endloop
  endfacet
  facet normal -0.23344537045882052 -0.9723699188124569 0
    outer loop
      vertex 29.930194780230522 48.21614293754101 2.5
      vertex 30.34979673475027 48.115405417978764 36.900000000000006
      vertex 29.930194780230522 48.21614293754101 36.900000000000006
    endloop
  endfacet
  facet normal -0.9969173339165955 -0.07845909339666883 0
    outer loop
      vertex 32.21614293754101 45.93019478023052 2.5
      vertex 32.25 45.5 36.900000000000006
      vertex 32.21614293754101 45.93019478023052 36.900000000000006
    endloop
  endfacet
  facet normal -0.9238795336365963 -0.3826834296483524 0
    outer loop
      vertex 31.95026794075966 46.74847387522459 2.5
      vertex 32.115405417978764 46.34979673475027 36.900000000000006
      vertex 31.95026794075966 46.74847387522459 36.900000000000006
    endloop
  endfacet
  facet normal -0.7604059584458107 -0.6494480567066993 0
    outer loop
      vertex 31.44454364478588 47.44454364478588 2.5
      vertex 31.72479673475027 47.116409443318844 36.900000000000006
      vertex 31.44454364478588 47.44454364478588 36.900000000000006
    endloop
  endfacet
  facet normal -0.8526401644609286 -0.5224985645416078 0
    outer loop
      vertex 31.72479673475027 47.116409443318844 2.5
      vertex 31.95026794075966 46.74847387522459 36.900000000000006
      vertex 31.72479673475027 47.116409443318844 36.900000000000006
    endloop
  endfacet
  facet normal -0.9723699188124569 -0.23344537045882052 0
    outer loop
      vertex 32.115405417978764 46.34979673475027 2.5
      vertex 32.21614293754101 45.93019478023052 36.900000000000006
      vertex 32.115405417978764 46.34979673475027 36.900000000000006
    endloop
  endfacet
  facet normal -0.3826834296483524 -0.9238795336365963 0
    outer loop
      vertex 30.34979673475027 48.115405417978764 2.5
      vertex 30.74847387522459 47.95026794075966 36.900000000000006
      vertex 30.34979673475027 48.115405417978764 36.900000000000006
    endloop
  endfacet
  facet normal -0.5224985645416078 -0.8526401644609286 0
    outer loop
      vertex 30.74847387522459 47.95026794075966 2.5
      vertex 31.116409443318844 47.72479673475027 36.900000000000006
      vertex 30.74847387522459 47.95026794075966 36.900000000000006
    endloop
  endfacet
  facet normal -0.6494480567066993 -0.7604059584458107 0
    outer loop
      vertex 31.116409443318844 47.72479673475027 2.5
      vertex 31.44454364478588 47.44454364478588 36.900000000000006
      vertex 31.116409443318844 47.72479673475027 36.900000000000006
    endloop
  endfacet
  facet normal -0.9238795325112861 -0.38268343236509145 0
    outer loop
      vertex 19.384594580188327 35.150203265468896 2.5
      vertex 19.54973205848199 34.751526125716246 2.5
      vertex 19.384594580188327 35.150203265468896 7.5
    endloop
  endfacet
  facet normal -0.9723699203976758 -0.2334453638559086 -6.809105973176964e-20
    outer loop
      vertex 19.384594580188327 35.150203265468896 2.5
      vertex 19.28385706336337 35.56980522113936 7.5
      vertex 19.28385706336337 35.56980522113936 2.5
    endloop
  endfacet
  facet normal -0.9969173337331281 -0.07845909572784326 -7.895590329516011e-20
    outer loop
      vertex 19.28385706336337 35.56980522113936 2.5
      vertex 19.25 36 7.5
      vertex 19.25 36 2.5
    endloop
  endfacet
  facet normal -0.9969173337331281 0.07845909572784326 7.895590329516011e-20
    outer loop
      vertex 19.25 36 2.5
      vertex 19.28385706336337 36.43019477886064 7.5
      vertex 19.28385706336337 36.43019477886064 2.5
    endloop
  endfacet
  facet normal -0.9723699203976758 0.2334453638559086 6.809105973176964e-20
    outer loop
      vertex 19.28385706336337 36.43019477886064 2.5
      vertex 19.384594580188327 36.849796734531104 7.5
      vertex 19.384594580188327 36.849796734531104 2.5
    endloop
  endfacet
  facet normal -0.9238795325112861 0.38268343236509145 -2.7777811054798523e-18
    outer loop
      vertex 19.384594580188327 36.849796734531104 2.5
      vertex 19.54973205848199 37.248473874283754 7.5
      vertex 19.54973205848199 37.248473874283754 2.5
    endloop
  endfacet
  facet normal -0.8526401643540918 -0.5224985647159495 -1.175060812163559e-18
    outer loop
      vertex 19.775203265468896 34.3835905561957 2.5
      vertex 19.54973205848199 34.751526125716246 7.5
      vertex 19.54973205848199 34.751526125716246 2.5
    endloop
  endfacet
  facet normal -0.760405965600036 -0.6494480483301777 -3.9026189184895294e-19
    outer loop
      vertex 20.055456351736993 34.05545635173699 2.5
      vertex 19.775203265468896 34.3835905561957 7.5
      vertex 19.775203265468896 34.3835905561957 2.5
    endloop
  endfacet
  facet normal -0.6494480483301777 -0.760405965600036 -3.9026189184895294e-19
    outer loop
      vertex 20.055456351736993 34.05545635173699 2.5
      vertex 20.3835905561957 33.775203265468896 2.5
      vertex 20.3835905561957 33.775203265468896 7.5
    endloop
  endfacet
  facet normal -0.5224985647159555 -0.8526401643540882 -2.4068210370008008e-18
    outer loop
      vertex 20.3835905561957 33.775203265468896 2.5
      vertex 20.751526125716246 33.549732058481986 2.5
      vertex 20.751526125716246 33.549732058481986 7.5
    endloop
  endfacet
  facet normal -0.38268343236508434 -0.923879532511289 3.1723683831271162e-18
    outer loop
      vertex 20.751526125716246 33.549732058481986 2.5
      vertex 21.150203265468896 33.38459458018833 2.5
      vertex 21.150203265468896 33.38459458018833 7.5
    endloop
  endfacet
  facet normal -0.23344536385590672 -0.9723699203976762 0
    outer loop
      vertex 21.569805221139365 33.28385706336337 2.5
      vertex 21.569805221139365 33.28385706336337 7.5
      vertex 21.150203265468896 33.38459458018833 2.5
    endloop
  endfacet
  facet normal -0.8526401643540918 0.5224985647159495 1.175060812163559e-18
    outer loop
      vertex 19.54973205848199 37.248473874283754 2.5
      vertex 19.775203265468896 37.6164094438043 7.5
      vertex 19.775203265468896 37.6164094438043 2.5
    endloop
  endfacet
  facet normal -0.760405965600036 0.6494480483301777 3.9026189184895294e-19
    outer loop
      vertex 19.775203265468896 37.6164094438043 2.5
      vertex 20.055456351736993 37.94454364826301 7.5
      vertex 20.055456351736993 37.94454364826301 2.5
    endloop
  endfacet
  facet normal -0.6494480483301777 0.760405965600036 0
    outer loop
      vertex 20.055456351736993 37.94454364826301 2.5
      vertex 20.055456351736993 37.94454364826301 7.5
      vertex 20.3835905561957 38.224796734531104 2.5
    endloop
  endfacet
  facet normal -0.0784590957278439 -0.9969173337331281 1.9381265311149711e-19
    outer loop
      vertex 21.569805221139365 33.28385706336337 2.5
      vertex 22 33.25 2.5
      vertex 22 33.25 7.5
    endloop
  endfacet
  facet normal 0.0784590957278439 -0.9969173337331281 -1.9381265311149711e-19
    outer loop
      vertex 22 33.25 2.5
      vertex 22.430194778860635 33.28385706336337 2.5
      vertex 22.430194778860635 33.28385706336337 7.5
    endloop
  endfacet
  facet normal 0.23344536385590672 -0.9723699203976762 -1.2903140527166903e-18
    outer loop
      vertex 22.430194778860635 33.28385706336337 2.5
      vertex 22.849796734531104 33.38459458018833 2.5
      vertex 22.849796734531104 33.38459458018833 7.5
    endloop
  endfacet
  facet normal 0.38268343236508434 -0.923879532511289 -3.1723683831271162e-18
    outer loop
      vertex 22.849796734531104 33.38459458018833 2.5
      vertex 23.248473874283754 33.549732058481986 2.5
      vertex 23.248473874283754 33.549732058481986 7.5
    endloop
  endfacet
  facet normal 0.5224985647159555 -0.8526401643540882 2.4068210370008008e-18
    outer loop
      vertex 23.248473874283754 33.549732058481986 2.5
      vertex 23.6164094438043 33.775203265468896 2.5
      vertex 23.6164094438043 33.775203265468896 7.5
    endloop
  endfacet
  facet normal 0.6494480483301777 -0.760405965600036 3.9026189184895294e-19
    outer loop
      vertex 23.6164094438043 33.775203265468896 2.5
      vertex 23.944543648263007 34.05545635173699 2.5
      vertex 23.944543648263007 34.05545635173699 7.5
    endloop
  endfacet
  facet normal 0.760405965600036 -0.6494480483301777 0
    outer loop
      vertex 23.944543648263007 34.05545635173699 2.5
      vertex 24.224796734531104 34.3835905561957 2.5
      vertex 23.944543648263007 34.05545635173699 7.5
    endloop
  endfacet
  facet normal 0.8526401643540918 -0.5224985647159495 0
    outer loop
      vertex 24.224796734531104 34.3835905561957 2.5
      vertex 24.45026794151801 34.751526125716246 2.5
      vertex 24.224796734531104 34.3835905561957 7.5
    endloop
  endfacet
  facet normal 0.9238795325112861 -0.38268343236509145 0
    outer loop
      vertex 24.45026794151801 34.751526125716246 2.5
      vertex 24.615405419811673 35.150203265468896 2.5
      vertex 24.45026794151801 34.751526125716246 7.5
    endloop
  endfacet
  facet normal 0.9723699203976758 -0.2334453638559086 0
    outer loop
      vertex 24.615405419811673 35.150203265468896 2.5
      vertex 24.71614293663663 35.56980522113936 2.5
      vertex 24.615405419811673 35.150203265468896 7.5
    endloop
  endfacet
  facet normal 0.9969173337331281 -0.07845909572784326 0
    outer loop
      vertex 24.71614293663663 35.56980522113936 2.5
      vertex 24.75 36 2.5
      vertex 24.71614293663663 35.56980522113936 7.5
    endloop
  endfacet
  facet normal 0.9969173337331281 0.07845909572784326 0
    outer loop
      vertex 24.75 36 2.5
      vertex 24.71614293663663 36.43019477886064 2.5
      vertex 24.75 36 7.5
    endloop
  endfacet
  facet normal 0.760405965600036 0.6494480483301777 -3.9026189184895294e-19
    outer loop
      vertex 23.944543648263007 37.94454364826301 2.5
      vertex 24.224796734531104 37.6164094438043 7.5
      vertex 24.224796734531104 37.6164094438043 2.5
    endloop
  endfacet
  facet normal 0.8526401643540918 0.5224985647159495 -1.175060812163559e-18
    outer loop
      vertex 24.224796734531104 37.6164094438043 2.5
      vertex 24.45026794151801 37.248473874283754 7.5
      vertex 24.45026794151801 37.248473874283754 2.5
    endloop
  endfacet
  facet normal 0.9723699203976758 0.2334453638559086 0
    outer loop
      vertex 24.71614293663663 36.43019477886064 2.5
      vertex 24.615405419811673 36.849796734531104 2.5
      vertex 24.71614293663663 36.43019477886064 7.5
    endloop
  endfacet
  facet normal 0.9238795325112861 0.38268343236509145 0
    outer loop
      vertex 24.615405419811673 36.849796734531104 2.5
      vertex 24.45026794151801 37.248473874283754 2.5
      vertex 24.615405419811673 36.849796734531104 7.5
    endloop
  endfacet
  facet normal -0.9238795325112861 -0.38268343236509145 0
    outer loop
      vertex 19.54973205848199 34.751526125716246 2.5
      vertex 19.54973205848199 34.751526125716246 7.5
      vertex 19.384594580188327 35.150203265468896 7.5
    endloop
  endfacet
  facet normal -0.9723699203976758 -0.2334453638559086 0
    outer loop
      vertex 19.384594580188327 35.150203265468896 2.5
      vertex 19.384594580188327 35.150203265468896 7.5
      vertex 19.28385706336337 35.56980522113936 7.5
    endloop
  endfacet
  facet normal -0.9969173337331281 -0.07845909572784326 0
    outer loop
      vertex 19.28385706336337 35.56980522113936 2.5
      vertex 19.28385706336337 35.56980522113936 7.5
      vertex 19.25 36 7.5
    endloop
  endfacet
  facet normal -0.9969173337331281 0.07845909572784326 0
    outer loop
      vertex 19.25 36 2.5
      vertex 19.25 36 7.5
      vertex 19.28385706336337 36.43019477886064 7.5
    endloop
  endfacet
  facet normal -0.9723699203976758 0.2334453638559086 0
    outer loop
      vertex 19.28385706336337 36.43019477886064 2.5
      vertex 19.28385706336337 36.43019477886064 7.5
      vertex 19.384594580188327 36.849796734531104 7.5
    endloop
  endfacet
  facet normal -0.9238795325112861 0.38268343236509145 0
    outer loop
      vertex 19.384594580188327 36.849796734531104 2.5
      vertex 19.384594580188327 36.849796734531104 7.5
      vertex 19.54973205848199 37.248473874283754 7.5
    endloop
  endfacet
  facet normal -0.8526401643540918 -0.5224985647159495 0
    outer loop
      vertex 19.775203265468896 34.3835905561957 2.5
      vertex 19.775203265468896 34.3835905561957 7.5
      vertex 19.54973205848199 34.751526125716246 7.5
    endloop
  endfacet
  facet normal -0.760405965600036 -0.6494480483301777 0
    outer loop
      vertex 20.055456351736993 34.05545635173699 2.5
      vertex 20.055456351736993 34.05545635173699 7.5
      vertex 19.775203265468896 34.3835905561957 7.5
    endloop
  endfacet
  facet normal -0.6494480483301777 -0.760405965600036 0
    outer loop
      vertex 20.055456351736993 34.05545635173699 2.5
      vertex 20.3835905561957 33.775203265468896 7.5
      vertex 20.055456351736993 34.05545635173699 7.5
    endloop
  endfacet
  facet normal -0.5224985647159555 -0.8526401643540882 0
    outer loop
      vertex 20.3835905561957 33.775203265468896 2.5
      vertex 20.751526125716246 33.549732058481986 7.5
      vertex 20.3835905561957 33.775203265468896 7.5
    endloop
  endfacet
  facet normal -0.0784590957278439 -0.9969173337331281 0
    outer loop
      vertex 21.569805221139365 33.28385706336337 2.5
      vertex 22 33.25 7.5
      vertex 21.569805221139365 33.28385706336337 7.5
    endloop
  endfacet
  facet normal -0.38268343236508434 -0.923879532511289 0
    outer loop
      vertex 20.751526125716246 33.549732058481986 2.5
      vertex 21.150203265468896 33.38459458018833 7.5
      vertex 20.751526125716246 33.549732058481986 7.5
    endloop
  endfacet
  facet normal -0.23344536385590672 -0.9723699203976762 0
    outer loop
      vertex 21.150203265468896 33.38459458018833 2.5
      vertex 21.569805221139365 33.28385706336337 7.5
      vertex 21.150203265468896 33.38459458018833 7.5
    endloop
  endfacet
  facet normal -0.8526401643540918 0.5224985647159495 0
    outer loop
      vertex 19.54973205848199 37.248473874283754 2.5
      vertex 19.54973205848199 37.248473874283754 7.5
      vertex 19.775203265468896 37.6164094438043 7.5
    endloop
  endfacet
  facet normal -0.760405965600036 0.6494480483301777 0
    outer loop
      vertex 19.775203265468896 37.6164094438043 2.5
      vertex 19.775203265468896 37.6164094438043 7.5
      vertex 20.055456351736993 37.94454364826301 7.5
    endloop
  endfacet
  facet normal 0 0 1
    outer loop
      vertex 19.384594580188327 35.150203265468896 7.5
      vertex 19.54973205848199 34.751526125716246 7.5
      vertex 19.384594580188327 36.849796734531104 7.5
    endloop
  endfacet
  facet normal 0 0 1
    outer loop
      vertex 19.28385706336337 35.56980522113936 7.5
      vertex 19.28385706336337 36.43019477886064 7.5
      vertex 19.25 36 7.5
    endloop
  endfacet
  facet normal 0 0 1
    outer loop
      vertex 19.384594580188327 35.150203265468896 7.5
      vertex 19.28385706336337 36.43019477886064 7.5
      vertex 19.28385706336337 35.56980522113936 7.5
    endloop
  endfacet
  facet normal 0 0 1
    outer loop
      vertex 19.384594580188327 35.150203265468896 7.5
      vertex 19.384594580188327 36.849796734531104 7.5
      vertex 19.28385706336337 36.43019477886064 7.5
    endloop
  endfacet
  facet normal 0 0 1
    outer loop
      vertex 19.384594580188327 36.849796734531104 7.5
      vertex 19.54973205848199 34.751526125716246 7.5
      vertex 19.54973205848199 37.248473874283754 7.5
    endloop
  endfacet
  facet normal 0 0 1
    outer loop
      vertex 20.751526125716246 33.549732058481986 7.5
      vertex 20.93079217097396 35.45521140031254 7.5
      vertex 20.858732180445816 35.629179606750064 7.5
    endloop
  endfacet
  facet normal 0 0 1
    outer loop
      vertex 20.751526125716246 33.549732058481986 7.5
      vertex 21.150203265468896 33.38459458018833 7.5
      vertex 20.93079217097396 35.45521140031254 7.5
    endloop
  endfacet
  facet normal 0 0 1
    outer loop
      vertex 21.150203265468896 33.38459458018833 7.5
      vertex 21.029179606750063 35.29465769724903 7.5
      vertex 20.93079217097396 35.45521140031254 7.5
    endloop
  endfacet
  facet normal 0 0 1
    outer loop
      vertex 21.150203265468896 33.38459458018833 7.5
      vertex 21.15147186257614 35.151471862576145 7.5
      vertex 21.029179606750063 35.29465769724903 7.5
    endloop
  endfacet
  facet normal 0 0 1
    outer loop
      vertex 21.569805221139365 33.28385706336337 7.5
      vertex 21.294657697249033 35.02917960675006 7.5
      vertex 21.150203265468896 33.38459458018833 7.5
    endloop
  endfacet
  facet normal 0 0 1
    outer loop
      vertex 21.569805221139365 33.28385706336337 7.5
      vertex 21.455211400312542 34.93079217097396 7.5
      vertex 21.294657697249033 35.02917960675006 7.5
    endloop
  endfacet
  facet normal 0 0 1
    outer loop
      vertex 21.150203265468896 33.38459458018833 7.5
      vertex 21.294657697249033 35.02917960675006 7.5
      vertex 21.15147186257614 35.151471862576145 7.5
    endloop
  endfacet
  facet normal 0 0 1
    outer loop
      vertex 21.569805221139365 33.28385706336337 7.5
      vertex 21.629179606750064 34.85873218044581 7.5
      vertex 21.455211400312542 34.93079217097396 7.5
    endloop
  endfacet
  facet normal 0 0 1
    outer loop
      vertex 21.569805221139365 33.28385706336337 7.5
      vertex 21.81227864195172 34.81477399128583 7.5
      vertex 21.629179606750064 34.85873218044581 7.5
    endloop
  endfacet
  facet normal 0 0 1
    outer loop
      vertex 19.775203265468896 34.3835905561957 7.5
      vertex 19.54973205848199 37.248473874283754 7.5
      vertex 19.54973205848199 34.751526125716246 7.5
    endloop
  endfacet
  facet normal 0 0 1
    outer loop
      vertex 20.055456351736993 34.05545635173699 7.5
      vertex 19.775203265468896 37.6164094438043 7.5
      vertex 19.775203265468896 34.3835905561957 7.5
    endloop
  endfacet
  facet normal 0 0 1
    outer loop
      vertex 19.775203265468896 34.3835905561957 7.5
      vertex 19.775203265468896 37.6164094438043 7.5
      vertex 19.54973205848199 37.248473874283754 7.5
    endloop
  endfacet
  facet normal 0 0 1
    outer loop
      vertex 20.055456351736993 34.05545635173699 7.5
      vertex 20.3835905561957 33.775203265468896 7.5
      vertex 20.055456351736993 37.94454364826301 7.5
    endloop
  endfacet
  facet normal 0 0 1
    outer loop
      vertex 20.3835905561957 33.775203265468896 7.5
      vertex 20.751526125716246 33.549732058481986 7.5
      vertex 20.3835905561957 38.224796734531104 7.5
    endloop
  endfacet
  facet normal 0 0 1
    outer loop
      vertex 20.055456351736993 34.05545635173699 7.5
      vertex 20.055456351736993 37.94454364826301 7.5
      vertex 19.775203265468896 37.6164094438043 7.5
    endloop
  endfacet
  facet normal 0 0 1
    outer loop
      vertex 20.3835905561957 33.775203265468896 7.5
      vertex 20.3835905561957 38.224796734531104 7.5
      vertex 20.055456351736993 37.94454364826301 7.5
    endloop
  endfacet
  facet normal 0 0 1
    outer loop
      vertex 20.751526125716246 33.549732058481986 7.5
      vertex 20.751526125716246 38.450267941518014 7.5
      vertex 20.3835905561957 38.224796734531104 7.5
    endloop
  endfacet
  facet normal 0 0 1
    outer loop
      vertex 20.751526125716246 33.549732058481986 7.5
      vertex 20.858732180445816 35.629179606750064 7.5
      vertex 20.814773991285833 35.81227864195172 7.5
    endloop
  endfacet
  facet normal 0 0 1
    outer loop
      vertex 20.751526125716246 33.549732058481986 7.5
      vertex 20.814773991285833 35.81227864195172 7.5
      vertex 20.8 36 7.5
    endloop
  endfacet
  facet normal 0 0 1
    outer loop
      vertex 20.751526125716246 33.549732058481986 7.5
      vertex 20.8 36 7.5
      vertex 20.751526125716246 38.450267941518014 7.5
    endloop
  endfacet
  facet normal 0 0 1
    outer loop
      vertex 20.751526125716246 38.450267941518014 7.5
      vertex 20.8 36 7.5
      vertex 20.814773991285833 36.18772135804828 7.5
    endloop
  endfacet
  facet normal 0 0 1
    outer loop
      vertex 20.751526125716246 38.450267941518014 7.5
      vertex 20.814773991285833 36.18772135804828 7.5
      vertex 20.858732180445816 36.370820393249936 7.5
    endloop
  endfacet
  facet normal 0 0 1
    outer loop
      vertex 20.751526125716246 38.450267941518014 7.5
      vertex 20.858732180445816 36.370820393249936 7.5
      vertex 20.93079217097396 36.54478859968746 7.5
    endloop
  endfacet
  facet normal 0 0 1
    outer loop
      vertex 20.751526125716246 38.450267941518014 7.5
      vertex 20.93079217097396 36.54478859968746 7.5
      vertex 21.029179606750063 36.70534230275097 7.5
    endloop
  endfacet
  facet normal 0 0 1
    outer loop
      vertex 20.751526125716246 38.450267941518014 7.5
      vertex 21.029179606750063 36.70534230275097 7.5
      vertex 21.15147186257614 36.848528137423855 7.5
    endloop
  endfacet
  facet normal 0 0 1
    outer loop
      vertex 20.751526125716246 38.450267941518014 7.5
      vertex 21.15147186257614 36.848528137423855 7.5
      vertex 21.150203265468896 38.61540541981167 7.5
    endloop
  endfacet
  facet normal 0 0 1
    outer loop
      vertex 21.150203265468896 38.61540541981167 7.5
      vertex 21.15147186257614 36.848528137423855 7.5
      vertex 21.294657697249033 36.97082039324994 7.5
    endloop
  endfacet
  facet normal 0 0 1
    outer loop
      vertex 21.150203265468896 38.61540541981167 7.5
      vertex 21.294657697249033 36.97082039324994 7.5
      vertex 21.455211400312542 37.06920782902604 7.5
    endloop
  endfacet
  facet normal 0 0 1
    outer loop
      vertex 21.150203265468896 38.61540541981167 7.5
      vertex 21.455211400312542 37.06920782902604 7.5
      vertex 21.629179606750064 37.14126781955419 7.5
    endloop
  endfacet
  facet normal 0 0 1
    outer loop
      vertex 21.569805221139365 38.71614293663663 7.5
      vertex 21.629179606750064 37.14126781955419 7.5
      vertex 21.81227864195172 37.18522600871417 7.5
    endloop
  endfacet
  facet normal 0.0784590957278439 -0.9969173337331281 0
    outer loop
      vertex 22 33.25 2.5
      vertex 22.430194778860635 33.28385706336337 7.5
      vertex 22 33.25 7.5
    endloop
  endfacet
  facet normal 0.23344536385590672 -0.9723699203976762 0
    outer loop
      vertex 22.430194778860635 33.28385706336337 2.5
      vertex 22.849796734531104 33.38459458018833 7.5
      vertex 22.430194778860635 33.28385706336337 7.5
    endloop
  endfacet
  facet normal 0.38268343236508434 -0.923879532511289 0
    outer loop
      vertex 22.849796734531104 33.38459458018833 2.5
      vertex 23.248473874283754 33.549732058481986 7.5
      vertex 22.849796734531104 33.38459458018833 7.5
    endloop
  endfacet
  facet normal 0.5224985647159555 -0.8526401643540882 0
    outer loop
      vertex 23.248473874283754 33.549732058481986 2.5
      vertex 23.6164094438043 33.775203265468896 7.5
      vertex 23.248473874283754 33.549732058481986 7.5
    endloop
  endfacet
  facet normal 0.6494480483301777 -0.760405965600036 0
    outer loop
      vertex 23.6164094438043 33.775203265468896 2.5
      vertex 23.944543648263007 34.05545635173699 7.5
      vertex 23.6164094438043 33.775203265468896 7.5
    endloop
  endfacet
  facet normal 0.6494480483301777 0.760405965600036 0
    outer loop
      vertex 23.944543648263007 37.94454364826301 2.5
      vertex 23.6164094438043 38.224796734531104 7.5
      vertex 23.944543648263007 37.94454364826301 7.5
    endloop
  endfacet
  facet normal 0.760405965600036 -0.6494480483301777 0
    outer loop
      vertex 24.224796734531104 34.3835905561957 2.5
      vertex 24.224796734531104 34.3835905561957 7.5
      vertex 23.944543648263007 34.05545635173699 7.5
    endloop
  endfacet
  facet normal 0.8526401643540918 -0.5224985647159495 0
    outer loop
      vertex 24.45026794151801 34.751526125716246 2.5
      vertex 24.45026794151801 34.751526125716246 7.5
      vertex 24.224796734531104 34.3835905561957 7.5
    endloop
  endfacet
  facet normal 0.9238795325112861 -0.38268343236509145 0
    outer loop
      vertex 24.615405419811673 35.150203265468896 2.5
      vertex 24.615405419811673 35.150203265468896 7.5
      vertex 24.45026794151801 34.751526125716246 7.5
    endloop
  endfacet
  facet normal 0.9723699203976758 -0.2334453638559086 0
    outer loop
      vertex 24.71614293663663 35.56980522113936 2.5
      vertex 24.71614293663663 35.56980522113936 7.5
      vertex 24.615405419811673 35.150203265468896 7.5
    endloop
  endfacet
  facet normal 0.9969173337331281 -0.07845909572784326 0
    outer loop
      vertex 24.75 36 2.5
      vertex 24.75 36 7.5
      vertex 24.71614293663663 35.56980522113936 7.5
    endloop
  endfacet
  facet normal 0.9969173337331281 0.07845909572784326 0
    outer loop
      vertex 24.71614293663663 36.43019477886064 2.5
      vertex 24.71614293663663 36.43019477886064 7.5
      vertex 24.75 36 7.5
    endloop
  endfacet
  facet normal 0.760405965600036 0.6494480483301777 0
    outer loop
      vertex 23.944543648263007 37.94454364826301 2.5
      vertex 23.944543648263007 37.94454364826301 7.5
      vertex 24.224796734531104 37.6164094438043 7.5
    endloop
  endfacet
  facet normal 0.8526401643540918 0.5224985647159495 0
    outer loop
      vertex 24.224796734531104 37.6164094438043 2.5
      vertex 24.224796734531104 37.6164094438043 7.5
      vertex 24.45026794151801 37.248473874283754 7.5
    endloop
  endfacet
  facet normal 0.9723699203976758 0.2334453638559086 0
    outer loop
      vertex 24.615405419811673 36.849796734531104 2.5
      vertex 24.615405419811673 36.849796734531104 7.5
      vertex 24.71614293663663 36.43019477886064 7.5
    endloop
  endfacet
  facet normal 0.9238795325112861 0.38268343236509145 0
    outer loop
      vertex 24.45026794151801 37.248473874283754 2.5
      vertex 24.45026794151801 37.248473874283754 7.5
      vertex 24.615405419811673 36.849796734531104 7.5
    endloop
  endfacet
  facet normal 0 0 1
    outer loop
      vertex 21.569805221139365 33.28385706336337 7.5
      vertex 22 33.25 7.5
      vertex 21.81227864195172 34.81477399128583 7.5
    endloop
  endfacet
  facet normal 0 0 1
    outer loop
      vertex 22 33.25 7.5
      vertex 22.430194778860635 33.28385706336337 7.5
      vertex 22.18772135804828 34.81477399128583 7.5
    endloop
  endfacet
  facet normal 0 0 1
    outer loop
      vertex 22 33.25 7.5
      vertex 22 34.8 7.5
      vertex 21.81227864195172 34.81477399128583 7.5
    endloop
  endfacet
  facet normal 0 0 1
    outer loop
      vertex 22 33.25 7.5
      vertex 22.18772135804828 34.81477399128583 7.5
      vertex 22 34.8 7.5
    endloop
  endfacet
  facet normal 0 0 1
    outer loop
      vertex 22.430194778860635 33.28385706336337 7.5
      vertex 22.849796734531104 33.38459458018833 7.5
      vertex 22.370820393249936 34.85873218044581 7.5
    endloop
  endfacet
  facet normal 0 0 1
    outer loop
      vertex 22.430194778860635 33.28385706336337 7.5
      vertex 22.370820393249936 34.85873218044581 7.5
      vertex 22.18772135804828 34.81477399128583 7.5
    endloop
  endfacet
  facet normal 0 0 1
    outer loop
      vertex 22.849796734531104 33.38459458018833 7.5
      vertex 22.544788599687458 34.93079217097396 7.5
      vertex 22.370820393249936 34.85873218044581 7.5
    endloop
  endfacet
  facet normal 0 0 1
    outer loop
      vertex 22.849796734531104 33.38459458018833 7.5
      vertex 22.705342302750967 35.02917960675006 7.5
      vertex 22.544788599687458 34.93079217097396 7.5
    endloop
  endfacet
  facet normal 0 0 1
    outer loop
      vertex 22.849796734531104 33.38459458018833 7.5
      vertex 22.84852813742386 35.151471862576145 7.5
      vertex 22.705342302750967 35.02917960675006 7.5
    endloop
  endfacet
  facet normal 0 0 1
    outer loop
      vertex 22.849796734531104 33.38459458018833 7.5
      vertex 23.248473874283754 33.549732058481986 7.5
      vertex 22.84852813742386 35.151471862576145 7.5
    endloop
  endfacet
  facet normal 0 0 1
    outer loop
      vertex 23.248473874283754 33.549732058481986 7.5
      vertex 22.970820393249937 35.29465769724903 7.5
      vertex 22.84852813742386 35.151471862576145 7.5
    endloop
  endfacet
  facet normal 0 0 1
    outer loop
      vertex 23.248473874283754 33.549732058481986 7.5
      vertex 23.06920782902604 35.45521140031254 7.5
      vertex 22.970820393249937 35.29465769724903 7.5
    endloop
  endfacet
  facet normal 0 0 1
    outer loop
      vertex 23.248473874283754 33.549732058481986 7.5
      vertex 23.141267819554184 35.629179606750064 7.5
      vertex 23.06920782902604 35.45521140031254 7.5
    endloop
  endfacet
  facet normal 0 0 1
    outer loop
      vertex 22 38.75 7.5
      vertex 21.81227864195172 37.18522600871417 7.5
      vertex 22 37.2 7.5
    endloop
  endfacet
  facet normal 0 0 1
    outer loop
      vertex 22 38.75 7.5
      vertex 22 37.2 7.5
      vertex 22.18772135804828 37.18522600871417 7.5
    endloop
  endfacet
  facet normal 0 0 1
    outer loop
      vertex 22.430194778860635 38.71614293663663 7.5
      vertex 22.370820393249936 37.14126781955419 7.5
      vertex 22.544788599687458 37.06920782902604 7.5
    endloop
  endfacet
  facet normal 0 0 1
    outer loop
      vertex 22.430194778860635 38.71614293663663 7.5
      vertex 22.18772135804828 37.18522600871417 7.5
      vertex 22.370820393249936 37.14126781955419 7.5
    endloop
  endfacet
  facet normal 0 0 1
    outer loop
      vertex 22.430194778860635 38.71614293663663 7.5
      vertex 22.544788599687458 37.06920782902604 7.5
      vertex 22.705342302750967 36.97082039324994 7.5
    endloop
  endfacet
  facet normal 0 0 1
    outer loop
      vertex 22.849796734531104 38.61540541981167 7.5
      vertex 22.705342302750967 36.97082039324994 7.5
      vertex 22.84852813742386 36.848528137423855 7.5
    endloop
  endfacet
  facet normal 0 0 1
    outer loop
      vertex 23.248473874283754 33.549732058481986 7.5
      vertex 23.185226008714167 35.81227864195172 7.5
      vertex 23.141267819554184 35.629179606750064 7.5
    endloop
  endfacet
  facet normal 0 0 1
    outer loop
      vertex 23.248473874283754 33.549732058481986 7.5
      vertex 23.2 36 7.5
      vertex 23.185226008714167 35.81227864195172 7.5
    endloop
  endfacet
  facet normal 0 0 1
    outer loop
      vertex 23.248473874283754 33.549732058481986 7.5
      vertex 23.248473874283754 38.450267941518014 7.5
      vertex 23.2 36 7.5
    endloop
  endfacet
  facet normal 0 0 1
    outer loop
      vertex 23.248473874283754 33.549732058481986 7.5
      vertex 23.6164094438043 33.775203265468896 7.5
      vertex 23.248473874283754 38.450267941518014 7.5
    endloop
  endfacet
  facet normal 0 0 1
    outer loop
      vertex 23.6164094438043 33.775203265468896 7.5
      vertex 23.944543648263007 34.05545635173699 7.5
      vertex 23.6164094438043 38.224796734531104 7.5
    endloop
  endfacet
  facet normal 0 0 1
    outer loop
      vertex 23.248473874283754 38.450267941518014 7.5
      vertex 23.185226008714167 36.18772135804828 7.5
      vertex 23.2 36 7.5
    endloop
  endfacet
  facet normal 0 0 1
    outer loop
      vertex 23.248473874283754 38.450267941518014 7.5
      vertex 23.141267819554184 36.370820393249936 7.5
      vertex 23.185226008714167 36.18772135804828 7.5
    endloop
  endfacet
  facet normal 0 0 1
    outer loop
      vertex 23.248473874283754 38.450267941518014 7.5
      vertex 23.06920782902604 36.54478859968746 7.5
      vertex 23.141267819554184 36.370820393249936 7.5
    endloop
  endfacet
  facet normal 0 0 1
    outer loop
      vertex 22.849796734531104 38.61540541981167 7.5
      vertex 22.84852813742386 36.848528137423855 7.5
      vertex 22.970820393249937 36.70534230275097 7.5
    endloop
  endfacet
  facet normal 0 0 1
    outer loop
      vertex 22.849796734531104 38.61540541981167 7.5
      vertex 22.970820393249937 36.70534230275097 7.5
      vertex 23.06920782902604 36.54478859968746 7.5
    endloop
  endfacet
  facet normal 0 0 1
    outer loop
      vertex 22.849796734531104 38.61540541981167 7.5
      vertex 23.06920782902604 36.54478859968746 7.5
      vertex 23.248473874283754 38.450267941518014 7.5
    endloop
  endfacet
  facet normal 0 0 1
    outer loop
      vertex 23.6164094438043 33.775203265468896 7.5
      vertex 23.6164094438043 38.224796734531104 7.5
      vertex 23.248473874283754 38.450267941518014 7.5
    endloop
  endfacet
  facet normal 0 0 1
    outer loop
      vertex 23.944543648263007 34.05545635173699 7.5
      vertex 23.944543648263007 37.94454364826301 7.5
      vertex 23.6164094438043 38.224796734531104 7.5
    endloop
  endfacet
  facet normal 0 0 1
    outer loop
      vertex 23.944543648263007 34.05545635173699 7.5
      vertex 24.224796734531104 34.3835905561957 7.5
      vertex 23.944543648263007 37.94454364826301 7.5
    endloop
  endfacet
  facet normal 0 0 1
    outer loop
      vertex 24.224796734531104 34.3835905561957 7.5
      vertex 24.45026794151801 34.751526125716246 7.5
      vertex 24.224796734531104 37.6164094438043 7.5
    endloop
  endfacet
  facet normal 0 0 1
    outer loop
      vertex 24.45026794151801 34.751526125716246 7.5
      vertex 24.615405419811673 35.150203265468896 7.5
      vertex 24.45026794151801 37.248473874283754 7.5
    endloop
  endfacet
  facet normal 0 0 1
    outer loop
      vertex 24.615405419811673 35.150203265468896 7.5
      vertex 24.71614293663663 35.56980522113936 7.5
      vertex 24.615405419811673 36.849796734531104 7.5
    endloop
  endfacet
  facet normal 0 0 1
    outer loop
      vertex 24.615405419811673 35.150203265468896 7.5
      vertex 24.615405419811673 36.849796734531104 7.5
      vertex 24.45026794151801 37.248473874283754 7.5
    endloop
  endfacet
  facet normal 0 0 1
    outer loop
      vertex 24.71614293663663 35.56980522113936 7.5
      vertex 24.71614293663663 36.43019477886064 7.5
      vertex 24.615405419811673 36.849796734531104 7.5
    endloop
  endfacet
  facet normal 0 0 1
    outer loop
      vertex 24.71614293663663 35.56980522113936 7.5
      vertex 24.75 36 7.5
      vertex 24.71614293663663 36.43019477886064 7.5
    endloop
  endfacet
  facet normal 0 0 1
    outer loop
      vertex 24.224796734531104 34.3835905561957 7.5
      vertex 24.224796734531104 37.6164094438043 7.5
      vertex 23.944543648263007 37.94454364826301 7.5
    endloop
  endfacet
  facet normal 0 0 1
    outer loop
      vertex 24.45026794151801 34.751526125716246 7.5
      vertex 24.45026794151801 37.248473874283754 7.5
      vertex 24.224796734531104 37.6164094438043 7.5
    endloop
  endfacet
  facet normal -0.5224985647159555 0.8526401643540882 0
    outer loop
      vertex 20.3835905561957 38.224796734531104 2.5
      vertex 20.3835905561957 38.224796734531104 7.5
      vertex 20.751526125716246 38.450267941518014 2.5
    endloop
  endfacet
  facet normal -0.38268343236508434 0.923879532511289 0
    outer loop
      vertex 20.751526125716246 38.450267941518014 2.5
      vertex 20.751526125716246 38.450267941518014 7.5
      vertex 21.150203265468896 38.61540541981167 2.5
    endloop
  endfacet
  facet normal -0.23344536385590672 0.9723699203976762 0
    outer loop
      vertex 21.150203265468896 38.61540541981167 2.5
      vertex 21.150203265468896 38.61540541981167 7.5
      vertex 21.569805221139365 38.71614293663663 2.5
    endloop
  endfacet
  facet normal -0.0784590957278439 0.9969173337331281 0
    outer loop
      vertex 21.569805221139365 38.71614293663663 2.5
      vertex 21.569805221139365 38.71614293663663 7.5
      vertex 22 38.75 2.5
    endloop
  endfacet
  facet normal 0.0784590957278439 0.9969173337331281 0
    outer loop
      vertex 22 38.75 2.5
      vertex 22 38.75 7.5
      vertex 22.430194778860635 38.71614293663663 2.5
    endloop
  endfacet
  facet normal 0.23344536385590672 0.9723699203976762 0
    outer loop
      vertex 22.430194778860635 38.71614293663663 2.5
      vertex 22.430194778860635 38.71614293663663 7.5
      vertex 22.849796734531104 38.61540541981167 2.5
    endloop
  endfacet
  facet normal 0.38268343236508434 0.923879532511289 0
    outer loop
      vertex 22.849796734531104 38.61540541981167 2.5
      vertex 22.849796734531104 38.61540541981167 7.5
      vertex 23.248473874283754 38.450267941518014 2.5
    endloop
  endfacet
  facet normal 0.5224985647159555 0.8526401643540882 0
    outer loop
      vertex 23.248473874283754 38.450267941518014 2.5
      vertex 23.248473874283754 38.450267941518014 7.5
      vertex 23.6164094438043 38.224796734531104 2.5
    endloop
  endfacet
  facet normal 0.6494480483301777 0.760405965600036 -3.9026189184895294e-19
    outer loop
      vertex 23.944543648263007 37.94454364826301 2.5
      vertex 23.6164094438043 38.224796734531104 2.5
      vertex 23.6164094438043 38.224796734531104 7.5
    endloop
  endfacet
  facet normal -0.6494480483301777 0.760405965600036 3.9026189184895294e-19
    outer loop
      vertex 20.055456351736993 37.94454364826301 7.5
      vertex 20.3835905561957 38.224796734531104 7.5
      vertex 20.3835905561957 38.224796734531104 2.5
    endloop
  endfacet
  facet normal -0.5224985647159555 0.8526401643540882 0
    outer loop
      vertex 20.751526125716246 38.450267941518014 2.5
      vertex 20.3835905561957 38.224796734531104 7.5
      vertex 20.751526125716246 38.450267941518014 7.5
    endloop
  endfacet
  facet normal -0.38268343236508434 0.923879532511289 0
    outer loop
      vertex 21.150203265468896 38.61540541981167 2.5
      vertex 20.751526125716246 38.450267941518014 7.5
      vertex 21.150203265468896 38.61540541981167 7.5
    endloop
  endfacet
  facet normal -0.23344536385590672 0.9723699203976762 0
    outer loop
      vertex 21.569805221139365 38.71614293663663 2.5
      vertex 21.150203265468896 38.61540541981167 7.5
      vertex 21.569805221139365 38.71614293663663 7.5
    endloop
  endfacet
  facet normal 0 0 1
    outer loop
      vertex 21.150203265468896 38.61540541981167 7.5
      vertex 21.629179606750064 37.14126781955419 7.5
      vertex 21.569805221139365 38.71614293663663 7.5
    endloop
  endfacet
  facet normal -0.0784590957278439 0.9969173337331281 0
    outer loop
      vertex 22 38.75 2.5
      vertex 21.569805221139365 38.71614293663663 7.5
      vertex 22 38.75 7.5
    endloop
  endfacet
  facet normal 0.0784590957278439 0.9969173337331281 0
    outer loop
      vertex 22.430194778860635 38.71614293663663 2.5
      vertex 22 38.75 7.5
      vertex 22.430194778860635 38.71614293663663 7.5
    endloop
  endfacet
  facet normal 0.23344536385590672 0.9723699203976762 0
    outer loop
      vertex 22.849796734531104 38.61540541981167 2.5
      vertex 22.430194778860635 38.71614293663663 7.5
      vertex 22.849796734531104 38.61540541981167 7.5
    endloop
  endfacet
  facet normal 0.38268343236508434 0.923879532511289 0
    outer loop
      vertex 23.248473874283754 38.450267941518014 2.5
      vertex 22.849796734531104 38.61540541981167 7.5
      vertex 23.248473874283754 38.450267941518014 7.5
    endloop
  endfacet
  facet normal 0.5224985647159555 0.8526401643540882 0
    outer loop
      vertex 23.6164094438043 38.224796734531104 2.5
      vertex 23.248473874283754 38.450267941518014 7.5
      vertex 23.6164094438043 38.224796734531104 7.5
    endloop
  endfacet
  facet normal 0 0 1
    outer loop
      vertex 21.569805221139365 38.71614293663663 7.5
      vertex 21.81227864195172 37.18522600871417 7.5
      vertex 22 38.75 7.5
    endloop
  endfacet
  facet normal 0 0 1
    outer loop
      vertex 22 38.75 7.5
      vertex 22.18772135804828 37.18522600871417 7.5
      vertex 22.430194778860635 38.71614293663663 7.5
    endloop
  endfacet
  facet normal 0 0 1
    outer loop
      vertex 22.430194778860635 38.71614293663663 7.5
      vertex 22.705342302750967 36.97082039324994 7.5
      vertex 22.849796734531104 38.61540541981167 7.5
    endloop
  endfacet
  facet normal -0.8526401643540918 -0.5224985647159495 0
    outer loop
      vertex -24.45026794151801 34.751526125716246 2.5
      vertex -24.224796734531104 34.3835905561957 2.5
      vertex -24.45026794151801 34.751526125716246 7.5
    endloop
  endfacet
  facet normal -0.760405965600036 -0.6494480483301777 -3.9026189184895294e-19
    outer loop
      vertex -23.944543648263007 34.05545635173699 2.5
      vertex -24.224796734531104 34.3835905561957 7.5
      vertex -24.224796734531104 34.3835905561957 2.5
    endloop
  endfacet
  facet normal -0.9238795325112861 -0.38268343236509145 2.7777811054798523e-18
    outer loop
      vertex -24.45026794151801 34.751526125716246 2.5
      vertex -24.615405419811673 35.150203265468896 7.5
      vertex -24.615405419811673 35.150203265468896 2.5
    endloop
  endfacet
  facet normal -0.9723699203976758 -0.2334453638559086 0
    outer loop
      vertex -24.71614293663663 35.56980522113936 2.5
      vertex -24.615405419811673 35.150203265468896 2.5
      vertex -24.71614293663663 35.56980522113936 7.5
    endloop
  endfacet
  facet normal -0.9969173337331281 -0.07845909572784326 -7.895590329516011e-20
    outer loop
      vertex -24.71614293663663 35.56980522113936 2.5
      vertex -24.75 36 7.5
      vertex -24.75 36 2.5
    endloop
  endfacet
  facet normal -0.9969173337331281 0.07845909572784326 7.895590329516011e-20
    outer loop
      vertex -24.75 36 2.5
      vertex -24.71614293663663 36.43019477886064 7.5
      vertex -24.71614293663663 36.43019477886064 2.5
    endloop
  endfacet
  facet normal -0.9723699203976758 0.2334453638559086 6.809105973176964e-20
    outer loop
      vertex -24.71614293663663 36.43019477886064 2.5
      vertex -24.615405419811673 36.849796734531104 7.5
      vertex -24.615405419811673 36.849796734531104 2.5
    endloop
  endfacet
  facet normal -0.9238795325112861 0.38268343236509145 -2.7777811054798523e-18
    outer loop
      vertex -24.615405419811673 36.849796734531104 2.5
      vertex -24.45026794151801 37.248473874283754 7.5
      vertex -24.45026794151801 37.248473874283754 2.5
    endloop
  endfacet
  facet normal -0.8526401643540918 0.5224985647159495 1.175060812163559e-18
    outer loop
      vertex -24.45026794151801 37.248473874283754 2.5
      vertex -24.224796734531104 37.6164094438043 7.5
      vertex -24.224796734531104 37.6164094438043 2.5
    endloop
  endfacet
  facet normal -0.760405965600036 0.6494480483301777 3.9026189184895294e-19
    outer loop
      vertex -24.224796734531104 37.6164094438043 2.5
      vertex -23.944543648263007 37.94454364826301 7.5
      vertex -23.944543648263007 37.94454364826301 2.5
    endloop
  endfacet
  facet normal -0.6494480483301777 -0.760405965600036 -3.9026189184895294e-19
    outer loop
      vertex -23.944543648263007 34.05545635173699 2.5
      vertex -23.6164094438043 33.775203265468896 2.5
      vertex -23.6164094438043 33.775203265468896 7.5
    endloop
  endfacet
  facet normal -0.5224985647159555 -0.8526401643540882 -2.4068210370008008e-18
    outer loop
      vertex -23.6164094438043 33.775203265468896 2.5
      vertex -23.248473874283754 33.549732058481986 2.5
      vertex -23.248473874283754 33.549732058481986 7.5
    endloop
  endfacet
  facet normal -0.38268343236508434 -0.923879532511289 3.1723683831271162e-18
    outer loop
      vertex -23.248473874283754 33.549732058481986 2.5
      vertex -22.849796734531104 33.38459458018833 2.5
      vertex -22.849796734531104 33.38459458018833 7.5
    endloop
  endfacet
  facet normal -0.0784590957278439 -0.9969173337331281 1.9381265311149711e-19
    outer loop
      vertex -22.430194778860635 33.28385706336337 2.5
      vertex -22 33.25 2.5
      vertex -22 33.25 7.5
    endloop
  endfacet
  facet normal -0.23344536385590672 -0.9723699203976762 1.2903140527166903e-18
    outer loop
      vertex -22.849796734531104 33.38459458018833 2.5
      vertex -22.430194778860635 33.28385706336337 2.5
      vertex -22.430194778860635 33.28385706336337 7.5
    endloop
  endfacet
  facet normal -0.6494480483301777 0.760405965600036 0
    outer loop
      vertex -23.944543648263007 37.94454364826301 2.5
      vertex -23.944543648263007 37.94454364826301 7.5
      vertex -23.6164094438043 38.224796734531104 2.5
    endloop
  endfacet
  facet normal 0.0784590957278439 -0.9969173337331281 -1.9381265311149711e-19
    outer loop
      vertex -22 33.25 2.5
      vertex -21.569805221139365 33.28385706336337 2.5
      vertex -21.569805221139365 33.28385706336337 7.5
    endloop
  endfacet
  facet normal 0.23344536385590672 -0.9723699203976762 -1.2903140527166903e-18
    outer loop
      vertex -21.569805221139365 33.28385706336337 2.5
      vertex -21.150203265468896 33.38459458018833 2.5
      vertex -21.150203265468896 33.38459458018833 7.5
    endloop
  endfacet
  facet normal 0.38268343236508434 -0.923879532511289 -3.1723683831271162e-18
    outer loop
      vertex -21.150203265468896 33.38459458018833 2.5
      vertex -20.751526125716246 33.549732058481986 2.5
      vertex -20.751526125716246 33.549732058481986 7.5
    endloop
  endfacet
  facet normal 0.5224985647159555 -0.8526401643540882 2.4068210370008008e-18
    outer loop
      vertex -20.751526125716246 33.549732058481986 2.5
      vertex -20.3835905561957 33.775203265468896 2.5
      vertex -20.3835905561957 33.775203265468896 7.5
    endloop
  endfacet
  facet normal 0.6494480483301777 -0.760405965600036 3.9026189184895294e-19
    outer loop
      vertex -20.3835905561957 33.775203265468896 2.5
      vertex -20.055456351736993 34.05545635173699 2.5
      vertex -20.055456351736993 34.05545635173699 7.5
    endloop
  endfacet
  facet normal 0.760405965600036 -0.6494480483301777 0
    outer loop
      vertex -20.055456351736993 34.05545635173699 2.5
      vertex -19.775203265468896 34.3835905561957 2.5
      vertex -20.055456351736993 34.05545635173699 7.5
    endloop
  endfacet
  facet normal 0.8526401643540918 -0.5224985647159495 0
    outer loop
      vertex -19.775203265468896 34.3835905561957 2.5
      vertex -19.54973205848199 34.751526125716246 2.5
      vertex -19.775203265468896 34.3835905561957 7.5
    endloop
  endfacet
  facet normal 0.760405965600036 0.6494480483301777 -3.9026189184895294e-19
    outer loop
      vertex -20.055456351736993 37.94454364826301 2.5
      vertex -19.775203265468896 37.6164094438043 7.5
      vertex -19.775203265468896 37.6164094438043 2.5
    endloop
  endfacet
  facet normal 0.8526401643540918 0.5224985647159495 0
    outer loop
      vertex -19.54973205848199 37.248473874283754 2.5
      vertex -19.775203265468896 37.6164094438043 2.5
      vertex -19.54973205848199 37.248473874283754 7.5
    endloop
  endfacet
  facet normal 0.9238795325112861 -0.38268343236509145 0
    outer loop
      vertex -19.54973205848199 34.751526125716246 2.5
      vertex -19.384594580188327 35.150203265468896 2.5
      vertex -19.54973205848199 34.751526125716246 7.5
    endloop
  endfacet
  facet normal 0.9723699203976758 -0.2334453638559086 0
    outer loop
      vertex -19.384594580188327 35.150203265468896 2.5
      vertex -19.28385706336337 35.56980522113936 2.5
      vertex -19.384594580188327 35.150203265468896 7.5
    endloop
  endfacet
  facet normal 0.9969173337331281 -0.07845909572784326 0
    outer loop
      vertex -19.28385706336337 35.56980522113936 2.5
      vertex -19.25 36 2.5
      vertex -19.28385706336337 35.56980522113936 7.5
    endloop
  endfacet
  facet normal 0.9969173337331281 0.07845909572784326 -7.895590329516011e-20
    outer loop
      vertex -19.28385706336337 36.43019477886064 2.5
      vertex -19.25 36 7.5
      vertex -19.25 36 2.5
    endloop
  endfacet
  facet normal 0.9723699203976758 0.2334453638559086 0
    outer loop
      vertex -19.28385706336337 36.43019477886064 2.5
      vertex -19.384594580188327 36.849796734531104 2.5
      vertex -19.28385706336337 36.43019477886064 7.5
    endloop
  endfacet
  facet normal 0.9238795325112861 0.38268343236509145 2.7777811054798523e-18
    outer loop
      vertex -19.54973205848199 37.248473874283754 2.5
      vertex -19.384594580188327 36.849796734531104 7.5
      vertex -19.384594580188327 36.849796734531104 2.5
    endloop
  endfacet
  facet normal -0.9238795325112861 -0.38268343236509145 0
    outer loop
      vertex -24.45026794151801 34.751526125716246 2.5
      vertex -24.45026794151801 34.751526125716246 7.5
      vertex -24.615405419811673 35.150203265468896 7.5
    endloop
  endfacet
  facet normal -0.8526401643540918 -0.5224985647159495 0
    outer loop
      vertex -24.224796734531104 34.3835905561957 2.5
      vertex -24.224796734531104 34.3835905561957 7.5
      vertex -24.45026794151801 34.751526125716246 7.5
    endloop
  endfacet
  facet normal -0.760405965600036 -0.6494480483301777 0
    outer loop
      vertex -23.944543648263007 34.05545635173699 2.5
      vertex -23.944543648263007 34.05545635173699 7.5
      vertex -24.224796734531104 34.3835905561957 7.5
    endloop
  endfacet
  facet normal -0.9723699203976758 -0.2334453638559086 0
    outer loop
      vertex -24.615405419811673 35.150203265468896 2.5
      vertex -24.615405419811673 35.150203265468896 7.5
      vertex -24.71614293663663 35.56980522113936 7.5
    endloop
  endfacet
  facet normal -0.9969173337331281 -0.07845909572784326 0
    outer loop
      vertex -24.71614293663663 35.56980522113936 2.5
      vertex -24.71614293663663 35.56980522113936 7.5
      vertex -24.75 36 7.5
    endloop
  endfacet
  facet normal -0.9969173337331281 0.07845909572784326 0
    outer loop
      vertex -24.75 36 2.5
      vertex -24.75 36 7.5
      vertex -24.71614293663663 36.43019477886064 7.5
    endloop
  endfacet
  facet normal -0.9723699203976758 0.2334453638559086 0
    outer loop
      vertex -24.71614293663663 36.43019477886064 2.5
      vertex -24.71614293663663 36.43019477886064 7.5
      vertex -24.615405419811673 36.849796734531104 7.5
    endloop
  endfacet
  facet normal -0.9238795325112861 0.38268343236509145 0
    outer loop
      vertex -24.615405419811673 36.849796734531104 2.5
      vertex -24.615405419811673 36.849796734531104 7.5
      vertex -24.45026794151801 37.248473874283754 7.5
    endloop
  endfacet
  facet normal -0.8526401643540918 0.5224985647159495 0
    outer loop
      vertex -24.45026794151801 37.248473874283754 2.5
      vertex -24.45026794151801 37.248473874283754 7.5
      vertex -24.224796734531104 37.6164094438043 7.5
    endloop
  endfacet
  facet normal -0.760405965600036 0.6494480483301777 0
    outer loop
      vertex -24.224796734531104 37.6164094438043 2.5
      vertex -24.224796734531104 37.6164094438043 7.5
      vertex -23.944543648263007 37.94454364826301 7.5
    endloop
  endfacet
  facet normal -0.6494480483301777 -0.760405965600036 0
    outer loop
      vertex -23.944543648263007 34.05545635173699 2.5
      vertex -23.6164094438043 33.775203265468896 7.5
      vertex -23.944543648263007 34.05545635173699 7.5
    endloop
  endfacet
  facet normal -0.5224985647159555 -0.8526401643540882 0
    outer loop
      vertex -23.6164094438043 33.775203265468896 2.5
      vertex -23.248473874283754 33.549732058481986 7.5
      vertex -23.6164094438043 33.775203265468896 7.5
    endloop
  endfacet
  facet normal -0.38268343236508434 -0.923879532511289 0
    outer loop
      vertex -23.248473874283754 33.549732058481986 2.5
      vertex -22.849796734531104 33.38459458018833 7.5
      vertex -23.248473874283754 33.549732058481986 7.5
    endloop
  endfacet
  facet normal -0.0784590957278439 -0.9969173337331281 0
    outer loop
      vertex -22.430194778860635 33.28385706336337 2.5
      vertex -22 33.25 7.5
      vertex -22.430194778860635 33.28385706336337 7.5
    endloop
  endfacet
  facet normal 0.0784590957278439 -0.9969173337331281 0
    outer loop
      vertex -22 33.25 2.5
      vertex -21.569805221139365 33.28385706336337 7.5
      vertex -22 33.25 7.5
    endloop
  endfacet
  facet normal -0.23344536385590672 -0.9723699203976762 0
    outer loop
      vertex -22.849796734531104 33.38459458018833 2.5
      vertex -22.430194778860635 33.28385706336337 7.5
      vertex -22.849796734531104 33.38459458018833 7.5
    endloop
  endfacet
  facet normal 0 0 1
    outer loop
      vertex -24.45026794151801 34.751526125716246 7.5
      vertex -24.615405419811673 36.849796734531104 7.5
      vertex -24.615405419811673 35.150203265468896 7.5
    endloop
  endfacet
  facet normal 0 0 1
    outer loop
      vertex -24.71614293663663 35.56980522113936 7.5
      vertex -24.71614293663663 36.43019477886064 7.5
      vertex -24.75 36 7.5
    endloop
  endfacet
  facet normal 0 0 1
    outer loop
      vertex -24.71614293663663 35.56980522113936 7.5
      vertex -24.615405419811673 35.150203265468896 7.5
      vertex -24.71614293663663 36.43019477886064 7.5
    endloop
  endfacet
  facet normal 0 0 1
    outer loop
      vertex -24.615405419811673 35.150203265468896 7.5
      vertex -24.615405419811673 36.849796734531104 7.5
      vertex -24.71614293663663 36.43019477886064 7.5
    endloop
  endfacet
  facet normal 0 0 1
    outer loop
      vertex -24.45026794151801 34.751526125716246 7.5
      vertex -24.45026794151801 37.248473874283754 7.5
      vertex -24.615405419811673 36.849796734531104 7.5
    endloop
  endfacet
  facet normal 0 0 1
    outer loop
      vertex -24.45026794151801 34.751526125716246 7.5
      vertex -24.224796734531104 34.3835905561957 7.5
      vertex -24.45026794151801 37.248473874283754 7.5
    endloop
  endfacet
  facet normal 0 0 1
    outer loop
      vertex -23.944543648263007 34.05545635173699 7.5
      vertex -24.224796734531104 37.6164094438043 7.5
      vertex -24.224796734531104 34.3835905561957 7.5
    endloop
  endfacet
  facet normal 0 0 1
    outer loop
      vertex -24.224796734531104 34.3835905561957 7.5
      vertex -24.224796734531104 37.6164094438043 7.5
      vertex -24.45026794151801 37.248473874283754 7.5
    endloop
  endfacet
  facet normal 0 0 1
    outer loop
      vertex -23.944543648263007 34.05545635173699 7.5
      vertex -23.944543648263007 37.94454364826301 7.5
      vertex -24.224796734531104 37.6164094438043 7.5
    endloop
  endfacet
  facet normal 0 0 1
    outer loop
      vertex -23.248473874283754 33.549732058481986 7.5
      vertex -23.06920782902604 35.45521140031254 7.5
      vertex -23.141267819554184 35.629179606750064 7.5
    endloop
  endfacet
  facet normal 0 0 1
    outer loop
      vertex -23.248473874283754 33.549732058481986 7.5
      vertex -22.849796734531104 33.38459458018833 7.5
      vertex -23.06920782902604 35.45521140031254 7.5
    endloop
  endfacet
  facet normal 0 0 1
    outer loop
      vertex -22.849796734531104 33.38459458018833 7.5
      vertex -22.970820393249937 35.29465769724903 7.5
      vertex -23.06920782902604 35.45521140031254 7.5
    endloop
  endfacet
  facet normal 0 0 1
    outer loop
      vertex -22.849796734531104 33.38459458018833 7.5
      vertex -22.84852813742386 35.151471862576145 7.5
      vertex -22.970820393249937 35.29465769724903 7.5
    endloop
  endfacet
  facet normal 0 0 1
    outer loop
      vertex -22.849796734531104 33.38459458018833 7.5
      vertex -22.430194778860635 33.28385706336337 7.5
      vertex -22.705342302750967 35.02917960675006 7.5
    endloop
  endfacet
  facet normal 0 0 1
    outer loop
      vertex -22.430194778860635 33.28385706336337 7.5
      vertex -22.544788599687458 34.93079217097396 7.5
      vertex -22.705342302750967 35.02917960675006 7.5
    endloop
  endfacet
  facet normal 0 0 1
    outer loop
      vertex -22.849796734531104 33.38459458018833 7.5
      vertex -22.705342302750967 35.02917960675006 7.5
      vertex -22.84852813742386 35.151471862576145 7.5
    endloop
  endfacet
  facet normal 0 0 1
    outer loop
      vertex -22.430194778860635 33.28385706336337 7.5
      vertex -22.370820393249936 34.85873218044581 7.5
      vertex -22.544788599687458 34.93079217097396 7.5
    endloop
  endfacet
  facet normal 0 0 1
    outer loop
      vertex -22.430194778860635 33.28385706336337 7.5
      vertex -22.18772135804828 34.81477399128583 7.5
      vertex -22.370820393249936 34.85873218044581 7.5
    endloop
  endfacet
  facet normal 0 0 1
    outer loop
      vertex -22.430194778860635 33.28385706336337 7.5
      vertex -22 33.25 7.5
      vertex -22.18772135804828 34.81477399128583 7.5
    endloop
  endfacet
  facet normal 0 0 1
    outer loop
      vertex -22 33.25 7.5
      vertex -21.569805221139365 33.28385706336337 7.5
      vertex -21.81227864195172 34.81477399128583 7.5
    endloop
  endfacet
  facet normal 0 0 1
    outer loop
      vertex -22 33.25 7.5
      vertex -22 34.8 7.5
      vertex -22.18772135804828 34.81477399128583 7.5
    endloop
  endfacet
  facet normal 0 0 1
    outer loop
      vertex -22 33.25 7.5
      vertex -21.81227864195172 34.81477399128583 7.5
      vertex -22 34.8 7.5
    endloop
  endfacet
  facet normal 0 0 1
    outer loop
      vertex -23.944543648263007 34.05545635173699 7.5
      vertex -23.6164094438043 33.775203265468896 7.5
      vertex -23.944543648263007 37.94454364826301 7.5
    endloop
  endfacet
  facet normal 0 0 1
    outer loop
      vertex -23.6164094438043 33.775203265468896 7.5
      vertex -23.248473874283754 33.549732058481986 7.5
      vertex -23.6164094438043 38.224796734531104 7.5
    endloop
  endfacet
  facet normal 0 0 1
    outer loop
      vertex -23.248473874283754 33.549732058481986 7.5
      vertex -23.141267819554184 35.629179606750064 7.5
      vertex -23.185226008714167 35.81227864195172 7.5
    endloop
  endfacet
  facet normal 0 0 1
    outer loop
      vertex -23.248473874283754 33.549732058481986 7.5
      vertex -23.185226008714167 35.81227864195172 7.5
      vertex -23.2 36 7.5
    endloop
  endfacet
  facet normal 0 0 1
    outer loop
      vertex -23.248473874283754 33.549732058481986 7.5
      vertex -23.2 36 7.5
      vertex -23.248473874283754 38.450267941518014 7.5
    endloop
  endfacet
  facet normal 0 0 1
    outer loop
      vertex -23.944543648263007 37.94454364826301 7.5
      vertex -23.6164094438043 33.775203265468896 7.5
      vertex -23.6164094438043 38.224796734531104 7.5
    endloop
  endfacet
  facet normal 0 0 1
    outer loop
      vertex -23.248473874283754 33.549732058481986 7.5
      vertex -23.248473874283754 38.450267941518014 7.5
      vertex -23.6164094438043 38.224796734531104 7.5
    endloop
  endfacet
  facet normal 0 0 1
    outer loop
      vertex -23.248473874283754 38.450267941518014 7.5
      vertex -23.2 36 7.5
      vertex -23.185226008714167 36.18772135804828 7.5
    endloop
  endfacet
  facet normal 0 0 1
    outer loop
      vertex -23.248473874283754 38.450267941518014 7.5
      vertex -23.185226008714167 36.18772135804828 7.5
      vertex -23.141267819554184 36.370820393249936 7.5
    endloop
  endfacet
  facet normal 0 0 1
    outer loop
      vertex -23.248473874283754 38.450267941518014 7.5
      vertex -23.141267819554184 36.370820393249936 7.5
      vertex -23.06920782902604 36.54478859968746 7.5
    endloop
  endfacet
  facet normal 0 0 1
    outer loop
      vertex -23.248473874283754 38.450267941518014 7.5
      vertex -23.06920782902604 36.54478859968746 7.5
      vertex -22.970820393249937 36.70534230275097 7.5
    endloop
  endfacet
  facet normal 0 0 1
    outer loop
      vertex -23.248473874283754 38.450267941518014 7.5
      vertex -22.970820393249937 36.70534230275097 7.5
      vertex -22.84852813742386 36.848528137423855 7.5
    endloop
  endfacet
  facet normal 0 0 1
    outer loop
      vertex -23.248473874283754 38.450267941518014 7.5
      vertex -22.84852813742386 36.848528137423855 7.5
      vertex -22.849796734531104 38.61540541981167 7.5
    endloop
  endfacet
  facet normal 0 0 1
    outer loop
      vertex -22.849796734531104 38.61540541981167 7.5
      vertex -22.84852813742386 36.848528137423855 7.5
      vertex -22.705342302750967 36.97082039324994 7.5
    endloop
  endfacet
  facet normal 0 0 1
    outer loop
      vertex -22.849796734531104 38.61540541981167 7.5
      vertex -22.705342302750967 36.97082039324994 7.5
      vertex -22.544788599687458 37.06920782902604 7.5
    endloop
  endfacet
  facet normal 0 0 1
    outer loop
      vertex -22.849796734531104 38.61540541981167 7.5
      vertex -22.544788599687458 37.06920782902604 7.5
      vertex -22.370820393249936 37.14126781955419 7.5
    endloop
  endfacet
  facet normal 0 0 1
    outer loop
      vertex -22.430194778860635 38.71614293663663 7.5
      vertex -22.370820393249936 37.14126781955419 7.5
      vertex -22.18772135804828 37.18522600871417 7.5
    endloop
  endfacet
  facet normal 0 0 1
    outer loop
      vertex -22 38.75 7.5
      vertex -22.18772135804828 37.18522600871417 7.5
      vertex -22 37.2 7.5
    endloop
  endfacet
  facet normal 0 0 1
    outer loop
      vertex -22 38.75 7.5
      vertex -22 37.2 7.5
      vertex -21.81227864195172 37.18522600871417 7.5
    endloop
  endfacet
  facet normal 0.23344536385590672 -0.9723699203976762 0
    outer loop
      vertex -21.569805221139365 33.28385706336337 2.5
      vertex -21.150203265468896 33.38459458018833 7.5
      vertex -21.569805221139365 33.28385706336337 7.5
    endloop
  endfacet
  facet normal 0.38268343236508434 -0.923879532511289 0
    outer loop
      vertex -21.150203265468896 33.38459458018833 2.5
      vertex -20.751526125716246 33.549732058481986 7.5
      vertex -21.150203265468896 33.38459458018833 7.5
    endloop
  endfacet
  facet normal 0.5224985647159555 -0.8526401643540882 0
    outer loop
      vertex -20.751526125716246 33.549732058481986 2.5
      vertex -20.3835905561957 33.775203265468896 7.5
      vertex -20.751526125716246 33.549732058481986 7.5
    endloop
  endfacet
  facet normal 0.6494480483301777 -0.760405965600036 0
    outer loop
      vertex -20.3835905561957 33.775203265468896 2.5
      vertex -20.055456351736993 34.05545635173699 7.5
      vertex -20.3835905561957 33.775203265468896 7.5
    endloop
  endfacet
  facet normal 0.760405965600036 -0.6494480483301777 0
    outer loop
      vertex -19.775203265468896 34.3835905561957 2.5
      vertex -19.775203265468896 34.3835905561957 7.5
      vertex -20.055456351736993 34.05545635173699 7.5
    endloop
  endfacet
  facet normal 0.8526401643540918 -0.5224985647159495 0
    outer loop
      vertex -19.54973205848199 34.751526125716246 2.5
      vertex -19.54973205848199 34.751526125716246 7.5
      vertex -19.775203265468896 34.3835905561957 7.5
    endloop
  endfacet
  facet normal 0.6494480483301777 0.760405965600036 0
    outer loop
      vertex -20.055456351736993 37.94454364826301 2.5
      vertex -20.3835905561957 38.224796734531104 7.5
      vertex -20.055456351736993 37.94454364826301 7.5
    endloop
  endfacet
  facet normal 0.760405965600036 0.6494480483301777 0
    outer loop
      vertex -20.055456351736993 37.94454364826301 2.5
      vertex -20.055456351736993 37.94454364826301 7.5
      vertex -19.775203265468896 37.6164094438043 7.5
    endloop
  endfacet
  facet normal 0.8526401643540918 0.5224985647159495 0
    outer loop
      vertex -19.775203265468896 37.6164094438043 2.5
      vertex -19.775203265468896 37.6164094438043 7.5
      vertex -19.54973205848199 37.248473874283754 7.5
    endloop
  endfacet
  facet normal 0.9238795325112861 -0.38268343236509145 0
    outer loop
      vertex -19.384594580188327 35.150203265468896 2.5
      vertex -19.384594580188327 35.150203265468896 7.5
      vertex -19.54973205848199 34.751526125716246 7.5
    endloop
  endfacet
  facet normal 0.9723699203976758 -0.2334453638559086 0
    outer loop
      vertex -19.28385706336337 35.56980522113936 2.5
      vertex -19.28385706336337 35.56980522113936 7.5
      vertex -19.384594580188327 35.150203265468896 7.5
    endloop
  endfacet
  facet normal 0.9969173337331281 -0.07845909572784326 0
    outer loop
      vertex -19.25 36 2.5
      vertex -19.25 36 7.5
      vertex -19.28385706336337 35.56980522113936 7.5
    endloop
  endfacet
  facet normal 0.9969173337331281 0.07845909572784326 0
    outer loop
      vertex -19.28385706336337 36.43019477886064 2.5
      vertex -19.28385706336337 36.43019477886064 7.5
      vertex -19.25 36 7.5
    endloop
  endfacet
  facet normal 0.9723699203976758 0.2334453638559086 0
    outer loop
      vertex -19.384594580188327 36.849796734531104 2.5
      vertex -19.384594580188327 36.849796734531104 7.5
      vertex -19.28385706336337 36.43019477886064 7.5
    endloop
  endfacet
  facet normal 0.9238795325112861 0.38268343236509145 0
    outer loop
      vertex -19.54973205848199 37.248473874283754 2.5
      vertex -19.54973205848199 37.248473874283754 7.5
      vertex -19.384594580188327 36.849796734531104 7.5
    endloop
  endfacet
  facet normal 0 0 1
    outer loop
      vertex -21.569805221139365 33.28385706336337 7.5
      vertex -21.150203265468896 33.38459458018833 7.5
      vertex -21.629179606750064 34.85873218044581 7.5
    endloop
  endfacet
  facet normal 0 0 1
    outer loop
      vertex -21.569805221139365 33.28385706336337 7.5
      vertex -21.629179606750064 34.85873218044581 7.5
      vertex -21.81227864195172 34.81477399128583 7.5
    endloop
  endfacet
  facet normal 0 0 1
    outer loop
      vertex -21.150203265468896 33.38459458018833 7.5
      vertex -21.455211400312542 34.93079217097396 7.5
      vertex -21.629179606750064 34.85873218044581 7.5
    endloop
  endfacet
  facet normal 0 0 1
    outer loop
      vertex -21.150203265468896 33.38459458018833 7.5
      vertex -21.294657697249033 35.02917960675006 7.5
      vertex -21.455211400312542 34.93079217097396 7.5
    endloop
  endfacet
  facet normal 0 0 1
    outer loop
      vertex -21.150203265468896 33.38459458018833 7.5
      vertex -21.15147186257614 35.151471862576145 7.5
      vertex -21.294657697249033 35.02917960675006 7.5
    endloop
  endfacet
  facet normal 0 0 1
    outer loop
      vertex -21.150203265468896 33.38459458018833 7.5
      vertex -20.751526125716246 33.549732058481986 7.5
      vertex -21.15147186257614 35.151471862576145 7.5
    endloop
  endfacet
  facet normal 0 0 1
    outer loop
      vertex -20.751526125716246 33.549732058481986 7.5
      vertex -21.029179606750063 35.29465769724903 7.5
      vertex -21.15147186257614 35.151471862576145 7.5
    endloop
  endfacet
  facet normal 0 0 1
    outer loop
      vertex -20.751526125716246 33.549732058481986 7.5
      vertex -20.93079217097396 35.45521140031254 7.5
      vertex -21.029179606750063 35.29465769724903 7.5
    endloop
  endfacet
  facet normal 0 0 1
    outer loop
      vertex -20.751526125716246 33.549732058481986 7.5
      vertex -20.858732180445816 35.629179606750064 7.5
      vertex -20.93079217097396 35.45521140031254 7.5
    endloop
  endfacet
  facet normal 0 0 1
    outer loop
      vertex -20.751526125716246 33.549732058481986 7.5
      vertex -20.814773991285833 35.81227864195172 7.5
      vertex -20.858732180445816 35.629179606750064 7.5
    endloop
  endfacet
  facet normal 0 0 1
    outer loop
      vertex -20.751526125716246 33.549732058481986 7.5
      vertex -20.8 36 7.5
      vertex -20.814773991285833 35.81227864195172 7.5
    endloop
  endfacet
  facet normal 0 0 1
    outer loop
      vertex -20.751526125716246 33.549732058481986 7.5
      vertex -20.751526125716246 38.450267941518014 7.5
      vertex -20.8 36 7.5
    endloop
  endfacet
  facet normal 0 0 1
    outer loop
      vertex -21.569805221139365 38.71614293663663 7.5
      vertex -21.629179606750064 37.14126781955419 7.5
      vertex -21.455211400312542 37.06920782902604 7.5
    endloop
  endfacet
  facet normal 0 0 1
    outer loop
      vertex -21.569805221139365 38.71614293663663 7.5
      vertex -21.81227864195172 37.18522600871417 7.5
      vertex -21.629179606750064 37.14126781955419 7.5
    endloop
  endfacet
  facet normal 0 0 1
    outer loop
      vertex -21.569805221139365 38.71614293663663 7.5
      vertex -21.455211400312542 37.06920782902604 7.5
      vertex -21.294657697249033 36.97082039324994 7.5
    endloop
  endfacet
  facet normal 0 0 1
    outer loop
      vertex -21.150203265468896 38.61540541981167 7.5
      vertex -21.294657697249033 36.97082039324994 7.5
      vertex -21.15147186257614 36.848528137423855 7.5
    endloop
  endfacet
  facet normal 0 0 1
    outer loop
      vertex -20.751526125716246 38.450267941518014 7.5
      vertex -20.814773991285833 36.18772135804828 7.5
      vertex -20.8 36 7.5
    endloop
  endfacet
  facet normal 0 0 1
    outer loop
      vertex -20.751526125716246 38.450267941518014 7.5
      vertex -20.858732180445816 36.370820393249936 7.5
      vertex -20.814773991285833 36.18772135804828 7.5
    endloop
  endfacet
  facet normal 0 0 1
    outer loop
      vertex -20.751526125716246 38.450267941518014 7.5
      vertex -20.93079217097396 36.54478859968746 7.5
      vertex -20.858732180445816 36.370820393249936 7.5
    endloop
  endfacet
  facet normal 0 0 1
    outer loop
      vertex -21.150203265468896 38.61540541981167 7.5
      vertex -21.15147186257614 36.848528137423855 7.5
      vertex -21.029179606750063 36.70534230275097 7.5
    endloop
  endfacet
  facet normal 0 0 1
    outer loop
      vertex -21.150203265468896 38.61540541981167 7.5
      vertex -21.029179606750063 36.70534230275097 7.5
      vertex -20.93079217097396 36.54478859968746 7.5
    endloop
  endfacet
  facet normal 0 0 1
    outer loop
      vertex -21.150203265468896 38.61540541981167 7.5
      vertex -20.93079217097396 36.54478859968746 7.5
      vertex -20.751526125716246 38.450267941518014 7.5
    endloop
  endfacet
  facet normal 0 0 1
    outer loop
      vertex -20.751526125716246 33.549732058481986 7.5
      vertex -20.3835905561957 33.775203265468896 7.5
      vertex -20.751526125716246 38.450267941518014 7.5
    endloop
  endfacet
  facet normal 0 0 1
    outer loop
      vertex -20.3835905561957 33.775203265468896 7.5
      vertex -20.055456351736993 34.05545635173699 7.5
      vertex -20.3835905561957 38.224796734531104 7.5
    endloop
  endfacet
  facet normal 0 0 1
    outer loop
      vertex -20.055456351736993 34.05545635173699 7.5
      vertex -19.775203265468896 34.3835905561957 7.5
      vertex -20.055456351736993 37.94454364826301 7.5
    endloop
  endfacet
  facet normal 0 0 1
    outer loop
      vertex -19.775203265468896 34.3835905561957 7.5
      vertex -19.54973205848199 34.751526125716246 7.5
      vertex -19.775203265468896 37.6164094438043 7.5
    endloop
  endfacet
  facet normal 0 0 1
    outer loop
      vertex -20.3835905561957 33.775203265468896 7.5
      vertex -20.3835905561957 38.224796734531104 7.5
      vertex -20.751526125716246 38.450267941518014 7.5
    endloop
  endfacet
  facet normal 0 0 1
    outer loop
      vertex -20.055456351736993 34.05545635173699 7.5
      vertex -20.055456351736993 37.94454364826301 7.5
      vertex -20.3835905561957 38.224796734531104 7.5
    endloop
  endfacet
  facet normal 0 0 1
    outer loop
      vertex -19.775203265468896 34.3835905561957 7.5
      vertex -19.775203265468896 37.6164094438043 7.5
      vertex -20.055456351736993 37.94454364826301 7.5
    endloop
  endfacet
  facet normal 0 0 1
    outer loop
      vertex -19.54973205848199 34.751526125716246 7.5
      vertex -19.54973205848199 37.248473874283754 7.5
      vertex -19.775203265468896 37.6164094438043 7.5
    endloop
  endfacet
  facet normal 0 0 1
    outer loop
      vertex -19.54973205848199 34.751526125716246 7.5
      vertex -19.384594580188327 35.150203265468896 7.5
      vertex -19.54973205848199 37.248473874283754 7.5
    endloop
  endfacet
  facet normal 0 0 1
    outer loop
      vertex -19.384594580188327 35.150203265468896 7.5
      vertex -19.28385706336337 35.56980522113936 7.5
      vertex -19.384594580188327 36.849796734531104 7.5
    endloop
  endfacet
  facet normal 0 0 1
    outer loop
      vertex -19.54973205848199 37.248473874283754 7.5
      vertex -19.384594580188327 35.150203265468896 7.5
      vertex -19.384594580188327 36.849796734531104 7.5
    endloop
  endfacet
  facet normal 0 0 1
    outer loop
      vertex -19.28385706336337 35.56980522113936 7.5
      vertex -19.28385706336337 36.43019477886064 7.5
      vertex -19.384594580188327 36.849796734531104 7.5
    endloop
  endfacet
  facet normal 0 0 1
    outer loop
      vertex -19.28385706336337 35.56980522113936 7.5
      vertex -19.25 36 7.5
      vertex -19.28385706336337 36.43019477886064 7.5
    endloop
  endfacet
  facet normal -0.5224985647159555 0.8526401643540882 0
    outer loop
      vertex -23.6164094438043 38.224796734531104 2.5
      vertex -23.6164094438043 38.224796734531104 7.5
      vertex -23.248473874283754 38.450267941518014 2.5
    endloop
  endfacet
  facet normal -0.38268343236508434 0.923879532511289 0
    outer loop
      vertex -23.248473874283754 38.450267941518014 2.5
      vertex -23.248473874283754 38.450267941518014 7.5
      vertex -22.849796734531104 38.61540541981167 2.5
    endloop
  endfacet
  facet normal -0.23344536385590672 0.9723699203976762 0
    outer loop
      vertex -22.849796734531104 38.61540541981167 2.5
      vertex -22.849796734531104 38.61540541981167 7.5
      vertex -22.430194778860635 38.71614293663663 2.5
    endloop
  endfacet
  facet normal -0.0784590957278439 0.9969173337331281 0
    outer loop
      vertex -22.430194778860635 38.71614293663663 2.5
      vertex -22.430194778860635 38.71614293663663 7.5
      vertex -22 38.75 2.5
    endloop
  endfacet
  facet normal 0.0784590957278439 0.9969173337331281 0
    outer loop
      vertex -22 38.75 2.5
      vertex -22 38.75 7.5
      vertex -21.569805221139365 38.71614293663663 2.5
    endloop
  endfacet
  facet normal 0.23344536385590672 0.9723699203976762 0
    outer loop
      vertex -21.569805221139365 38.71614293663663 2.5
      vertex -21.569805221139365 38.71614293663663 7.5
      vertex -21.150203265468896 38.61540541981167 2.5
    endloop
  endfacet
  facet normal 0.38268343236508434 0.923879532511289 0
    outer loop
      vertex -21.150203265468896 38.61540541981167 2.5
      vertex -21.150203265468896 38.61540541981167 7.5
      vertex -20.751526125716246 38.450267941518014 2.5
    endloop
  endfacet
  facet normal 0.5224985647159555 0.8526401643540882 0
    outer loop
      vertex -20.751526125716246 38.450267941518014 2.5
      vertex -20.751526125716246 38.450267941518014 7.5
      vertex -20.3835905561957 38.224796734531104 2.5
    endloop
  endfacet
  facet normal 0.6494480483301777 0.760405965600036 -3.9026189184895294e-19
    outer loop
      vertex -20.055456351736993 37.94454364826301 2.5
      vertex -20.3835905561957 38.224796734531104 2.5
      vertex -20.3835905561957 38.224796734531104 7.5
    endloop
  endfacet
  facet normal -0.6494480483301777 0.760405965600036 3.9026189184895294e-19
    outer loop
      vertex -23.944543648263007 37.94454364826301 7.5
      vertex -23.6164094438043 38.224796734531104 7.5
      vertex -23.6164094438043 38.224796734531104 2.5
    endloop
  endfacet
  facet normal -0.5224985647159555 0.8526401643540882 0
    outer loop
      vertex -23.248473874283754 38.450267941518014 2.5
      vertex -23.6164094438043 38.224796734531104 7.5
      vertex -23.248473874283754 38.450267941518014 7.5
    endloop
  endfacet
  facet normal -0.38268343236508434 0.923879532511289 0
    outer loop
      vertex -22.849796734531104 38.61540541981167 2.5
      vertex -23.248473874283754 38.450267941518014 7.5
      vertex -22.849796734531104 38.61540541981167 7.5
    endloop
  endfacet
  facet normal -0.23344536385590672 0.9723699203976762 0
    outer loop
      vertex -22.430194778860635 38.71614293663663 2.5
      vertex -22.849796734531104 38.61540541981167 7.5
      vertex -22.430194778860635 38.71614293663663 7.5
    endloop
  endfacet
  facet normal -0.0784590957278439 0.9969173337331281 0
    outer loop
      vertex -22 38.75 2.5
      vertex -22.430194778860635 38.71614293663663 7.5
      vertex -22 38.75 7.5
    endloop
  endfacet
  facet normal 0 0 1
    outer loop
      vertex -22.849796734531104 38.61540541981167 7.5
      vertex -22.370820393249936 37.14126781955419 7.5
      vertex -22.430194778860635 38.71614293663663 7.5
    endloop
  endfacet
  facet normal 0 0 1
    outer loop
      vertex -22.430194778860635 38.71614293663663 7.5
      vertex -22.18772135804828 37.18522600871417 7.5
      vertex -22 38.75 7.5
    endloop
  endfacet
  facet normal 0 0 1
    outer loop
      vertex -22 38.75 7.5
      vertex -21.81227864195172 37.18522600871417 7.5
      vertex -21.569805221139365 38.71614293663663 7.5
    endloop
  endfacet
  facet normal 0.0784590957278439 0.9969173337331281 0
    outer loop
      vertex -21.569805221139365 38.71614293663663 2.5
      vertex -22 38.75 7.5
      vertex -21.569805221139365 38.71614293663663 7.5
    endloop
  endfacet
  facet normal 0.23344536385590672 0.9723699203976762 0
    outer loop
      vertex -21.150203265468896 38.61540541981167 2.5
      vertex -21.569805221139365 38.71614293663663 7.5
      vertex -21.150203265468896 38.61540541981167 7.5
    endloop
  endfacet
  facet normal 0.38268343236508434 0.923879532511289 0
    outer loop
      vertex -20.751526125716246 38.450267941518014 2.5
      vertex -21.150203265468896 38.61540541981167 7.5
      vertex -20.751526125716246 38.450267941518014 7.5
    endloop
  endfacet
  facet normal 0.5224985647159555 0.8526401643540882 0
    outer loop
      vertex -20.3835905561957 38.224796734531104 2.5
      vertex -20.751526125716246 38.450267941518014 7.5
      vertex -20.3835905561957 38.224796734531104 7.5
    endloop
  endfacet
  facet normal 0 0 1
    outer loop
      vertex -21.569805221139365 38.71614293663663 7.5
      vertex -21.294657697249033 36.97082039324994 7.5
      vertex -21.150203265468896 38.61540541981167 7.5
    endloop
  endfacet
  facet normal -0.9238795325112861 -0.38268343236509145 0
    outer loop
      vertex 19.384594580188327 -28.849796734531104 2.5
      vertex 19.54973205848199 -29.248473874283754 2.5
      vertex 19.384594580188327 -28.849796734531104 7.5
    endloop
  endfacet
  facet normal -0.9723699203976762 -0.23344536385590672 1.2903140527166903e-18
    outer loop
      vertex 19.384594580188327 -28.849796734531104 2.5
      vertex 19.28385706336337 -28.430194778860635 7.5
      vertex 19.28385706336337 -28.430194778860635 2.5
    endloop
  endfacet
  facet normal -0.9969173337331281 -0.0784590957278439 0
    outer loop
      vertex 19.25 -28 2.5
      vertex 19.28385706336337 -28.430194778860635 2.5
      vertex 19.25 -28 7.5
    endloop
  endfacet
  facet normal -0.9969173337331281 0.0784590957278439 -1.9381265311149711e-19
    outer loop
      vertex 19.25 -28 2.5
      vertex 19.28385706336337 -27.569805221139365 7.5
      vertex 19.28385706336337 -27.569805221139365 2.5
    endloop
  endfacet
  facet normal -0.9723699203976762 0.23344536385590672 -1.2903140527166903e-18
    outer loop
      vertex 19.28385706336337 -27.569805221139365 2.5
      vertex 19.384594580188327 -27.150203265468896 7.5
      vertex 19.384594580188327 -27.150203265468896 2.5
    endloop
  endfacet
  facet normal -0.9238795325112861 0.38268343236509145 -2.7777811054798523e-18
    outer loop
      vertex 19.384594580188327 -27.150203265468896 2.5
      vertex 19.54973205848199 -26.751526125716246 7.5
      vertex 19.54973205848199 -26.751526125716246 2.5
    endloop
  endfacet
  facet normal -0.5224985647159495 -0.8526401643540918 -1.175060812163559e-18
    outer loop
      vertex 20.3835905561957 -30.224796734531104 2.5
      vertex 20.751526125716246 -30.45026794151801 2.5
      vertex 20.751526125716246 -30.45026794151801 7.5
    endloop
  endfacet
  facet normal -0.8526401643540918 -0.5224985647159495 -1.175060812163559e-18
    outer loop
      vertex 19.775203265468896 -29.6164094438043 2.5
      vertex 19.54973205848199 -29.248473874283754 7.5
      vertex 19.54973205848199 -29.248473874283754 2.5
    endloop
  endfacet
  facet normal -0.760405965600036 -0.6494480483301777 0
    outer loop
      vertex 19.775203265468896 -29.6164094438043 2.5
      vertex 20.055456351736993 -29.944543648263007 2.5
      vertex 19.775203265468896 -29.6164094438043 7.5
    endloop
  endfacet
  facet normal -0.6494480483301777 -0.760405965600036 0
    outer loop
      vertex 20.3835905561957 -30.224796734531104 2.5
      vertex 20.3835905561957 -30.224796734531104 7.5
      vertex 20.055456351736993 -29.944543648263007 2.5
    endloop
  endfacet
  facet normal -0.38268343236509145 -0.9238795325112861 2.7777811054798523e-18
    outer loop
      vertex 20.751526125716246 -30.45026794151801 2.5
      vertex 21.150203265468896 -30.615405419811673 2.5
      vertex 21.150203265468896 -30.615405419811673 7.5
    endloop
  endfacet
  facet normal -0.23344536385590672 -0.9723699203976762 1.2903140527166903e-18
    outer loop
      vertex 21.150203265468896 -30.615405419811673 2.5
      vertex 21.569805221139365 -30.71614293663663 2.5
      vertex 21.569805221139365 -30.71614293663663 7.5
    endloop
  endfacet
  facet normal -0.8526401643540918 0.5224985647159495 1.175060812163559e-18
    outer loop
      vertex 19.54973205848199 -26.751526125716246 2.5
      vertex 19.775203265468896 -26.3835905561957 7.5
      vertex 19.775203265468896 -26.3835905561957 2.5
    endloop
  endfacet
  facet normal -0.760405965600036 0.6494480483301777 3.9026189184895294e-19
    outer loop
      vertex 19.775203265468896 -26.3835905561957 2.5
      vertex 20.055456351736993 -26.055456351736993 7.5
      vertex 20.055456351736993 -26.055456351736993 2.5
    endloop
  endfacet
  facet normal -0.6494480483301777 0.760405965600036 0
    outer loop
      vertex 20.055456351736993 -26.055456351736993 2.5
      vertex 20.055456351736993 -26.055456351736993 7.5
      vertex 20.3835905561957 -25.775203265468896 2.5
    endloop
  endfacet
  facet normal -0.5224985647159495 0.8526401643540918 0
    outer loop
      vertex 20.3835905561957 -25.775203265468896 2.5
      vertex 20.3835905561957 -25.775203265468896 7.5
      vertex 20.751526125716246 -25.54973205848199 2.5
    endloop
  endfacet
  facet normal -0.38268343236509145 0.9238795325112861 0
    outer loop
      vertex 20.751526125716246 -25.54973205848199 2.5
      vertex 20.751526125716246 -25.54973205848199 7.5
      vertex 21.150203265468896 -25.384594580188327 2.5
    endloop
  endfacet
  facet normal -0.0784590957278439 -0.9969173337331281 1.9381265311149711e-19
    outer loop
      vertex 21.569805221139365 -30.71614293663663 2.5
      vertex 22 -30.75 2.5
      vertex 22 -30.75 7.5
    endloop
  endfacet
  facet normal 0.0784590957278439 -0.9969173337331281 -1.9381265311149711e-19
    outer loop
      vertex 22 -30.75 2.5
      vertex 22.430194778860635 -30.71614293663663 2.5
      vertex 22.430194778860635 -30.71614293663663 7.5
    endloop
  endfacet
  facet normal 0.23344536385590672 -0.9723699203976762 -1.2903140527166903e-18
    outer loop
      vertex 22.430194778860635 -30.71614293663663 2.5
      vertex 22.849796734531104 -30.615405419811673 2.5
      vertex 22.849796734531104 -30.615405419811673 7.5
    endloop
  endfacet
  facet normal 0.38268343236509145 -0.9238795325112861 -2.7777811054798523e-18
    outer loop
      vertex 22.849796734531104 -30.615405419811673 2.5
      vertex 23.248473874283754 -30.45026794151801 2.5
      vertex 23.248473874283754 -30.45026794151801 7.5
    endloop
  endfacet
  facet normal 0.5224985647159495 -0.8526401643540918 1.175060812163559e-18
    outer loop
      vertex 23.248473874283754 -30.45026794151801 2.5
      vertex 23.6164094438043 -30.224796734531104 2.5
      vertex 23.6164094438043 -30.224796734531104 7.5
    endloop
  endfacet
  facet normal 0.6494480483301777 -0.760405965600036 3.9026189184895294e-19
    outer loop
      vertex 23.6164094438043 -30.224796734531104 2.5
      vertex 23.944543648263007 -29.944543648263007 2.5
      vertex 23.944543648263007 -29.944543648263007 7.5
    endloop
  endfacet
  facet normal 0.38268343236509145 0.9238795325112861 0
    outer loop
      vertex 22.849796734531104 -25.384594580188327 2.5
      vertex 22.849796734531104 -25.384594580188327 7.5
      vertex 23.248473874283754 -25.54973205848199 2.5
    endloop
  endfacet
  facet normal 0.5224985647159495 0.8526401643540918 0
    outer loop
      vertex 23.248473874283754 -25.54973205848199 2.5
      vertex 23.248473874283754 -25.54973205848199 7.5
      vertex 23.6164094438043 -25.775203265468896 2.5
    endloop
  endfacet
  facet normal 0.6494480483301777 0.760405965600036 0
    outer loop
      vertex 23.6164094438043 -25.775203265468896 2.5
      vertex 23.6164094438043 -25.775203265468896 7.5
      vertex 23.944543648263007 -26.055456351736993 2.5
    endloop
  endfacet
  facet normal 0.760405965600036 -0.6494480483301777 0
    outer loop
      vertex 23.944543648263007 -29.944543648263007 2.5
      vertex 24.224796734531104 -29.6164094438043 2.5
      vertex 23.944543648263007 -29.944543648263007 7.5
    endloop
  endfacet
  facet normal 0.8526401643540918 -0.5224985647159495 0
    outer loop
      vertex 24.224796734531104 -29.6164094438043 2.5
      vertex 24.45026794151801 -29.248473874283754 2.5
      vertex 24.224796734531104 -29.6164094438043 7.5
    endloop
  endfacet
  facet normal 0.9238795325112861 -0.38268343236509145 0
    outer loop
      vertex 24.45026794151801 -29.248473874283754 2.5
      vertex 24.615405419811673 -28.849796734531104 2.5
      vertex 24.45026794151801 -29.248473874283754 7.5
    endloop
  endfacet
  facet normal 0.9723699203976762 -0.23344536385590672 0
    outer loop
      vertex 24.615405419811673 -28.849796734531104 2.5
      vertex 24.71614293663663 -28.430194778860635 2.5
      vertex 24.615405419811673 -28.849796734531104 7.5
    endloop
  endfacet
  facet normal 0.9969173337331281 -0.0784590957278439 0
    outer loop
      vertex 24.71614293663663 -28.430194778860635 2.5
      vertex 24.75 -28 2.5
      vertex 24.71614293663663 -28.430194778860635 7.5
    endloop
  endfacet
  facet normal 0.9969173337331281 0.0784590957278439 0
    outer loop
      vertex 24.75 -28 2.5
      vertex 24.71614293663663 -27.569805221139365 2.5
      vertex 24.75 -28 7.5
    endloop
  endfacet
  facet normal 0.9723699203976762 0.23344536385590672 1.2903140527166903e-18
    outer loop
      vertex 24.615405419811673 -27.150203265468896 2.5
      vertex 24.71614293663663 -27.569805221139365 7.5
      vertex 24.71614293663663 -27.569805221139365 2.5
    endloop
  endfacet
  facet normal 0.9238795325112861 0.38268343236509145 0
    outer loop
      vertex 24.615405419811673 -27.150203265468896 2.5
      vertex 24.45026794151801 -26.751526125716246 2.5
      vertex 24.615405419811673 -27.150203265468896 7.5
    endloop
  endfacet
  facet normal 0.760405965600036 0.6494480483301777 0
    outer loop
      vertex 24.224796734531104 -26.3835905561957 2.5
      vertex 23.944543648263007 -26.055456351736993 2.5
      vertex 24.224796734531104 -26.3835905561957 7.5
    endloop
  endfacet
  facet normal 0.8526401643540918 0.5224985647159495 -1.175060812163559e-18
    outer loop
      vertex 24.224796734531104 -26.3835905561957 2.5
      vertex 24.45026794151801 -26.751526125716246 7.5
      vertex 24.45026794151801 -26.751526125716246 2.5
    endloop
  endfacet
  facet normal -0.9238795325112861 -0.38268343236509145 0
    outer loop
      vertex 19.54973205848199 -29.248473874283754 2.5
      vertex 19.54973205848199 -29.248473874283754 7.5
      vertex 19.384594580188327 -28.849796734531104 7.5
    endloop
  endfacet
  facet normal -0.9723699203976762 -0.23344536385590672 0
    outer loop
      vertex 19.384594580188327 -28.849796734531104 2.5
      vertex 19.384594580188327 -28.849796734531104 7.5
      vertex 19.28385706336337 -28.430194778860635 7.5
    endloop
  endfacet
  facet normal -0.9969173337331281 -0.0784590957278439 0
    outer loop
      vertex 19.28385706336337 -28.430194778860635 2.5
      vertex 19.28385706336337 -28.430194778860635 7.5
      vertex 19.25 -28 7.5
    endloop
  endfacet
  facet normal -0.9969173337331281 0.0784590957278439 0
    outer loop
      vertex 19.25 -28 2.5
      vertex 19.25 -28 7.5
      vertex 19.28385706336337 -27.569805221139365 7.5
    endloop
  endfacet
  facet normal -0.9723699203976762 0.23344536385590672 0
    outer loop
      vertex 19.28385706336337 -27.569805221139365 2.5
      vertex 19.28385706336337 -27.569805221139365 7.5
      vertex 19.384594580188327 -27.150203265468896 7.5
    endloop
  endfacet
  facet normal -0.9238795325112861 0.38268343236509145 0
    outer loop
      vertex 19.384594580188327 -27.150203265468896 2.5
      vertex 19.384594580188327 -27.150203265468896 7.5
      vertex 19.54973205848199 -26.751526125716246 7.5
    endloop
  endfacet
  facet normal -0.5224985647159495 -0.8526401643540918 0
    outer loop
      vertex 20.3835905561957 -30.224796734531104 2.5
      vertex 20.751526125716246 -30.45026794151801 7.5
      vertex 20.3835905561957 -30.224796734531104 7.5
    endloop
  endfacet
  facet normal -0.8526401643540918 -0.5224985647159495 0
    outer loop
      vertex 19.775203265468896 -29.6164094438043 2.5
      vertex 19.775203265468896 -29.6164094438043 7.5
      vertex 19.54973205848199 -29.248473874283754 7.5
    endloop
  endfacet
  facet normal -0.760405965600036 -0.6494480483301777 0
    outer loop
      vertex 20.055456351736993 -29.944543648263007 2.5
      vertex 20.055456351736993 -29.944543648263007 7.5
      vertex 19.775203265468896 -29.6164094438043 7.5
    endloop
  endfacet
  facet normal -0.6494480483301777 -0.760405965600036 0
    outer loop
      vertex 20.055456351736993 -29.944543648263007 2.5
      vertex 20.3835905561957 -30.224796734531104 7.5
      vertex 20.055456351736993 -29.944543648263007 7.5
    endloop
  endfacet
  facet normal -0.38268343236509145 -0.9238795325112861 0
    outer loop
      vertex 20.751526125716246 -30.45026794151801 2.5
      vertex 21.150203265468896 -30.615405419811673 7.5
      vertex 20.751526125716246 -30.45026794151801 7.5
    endloop
  endfacet
  facet normal -0.23344536385590672 -0.9723699203976762 0
    outer loop
      vertex 21.150203265468896 -30.615405419811673 2.5
      vertex 21.569805221139365 -30.71614293663663 7.5
      vertex 21.150203265468896 -30.615405419811673 7.5
    endloop
  endfacet
  facet normal -0.0784590957278439 -0.9969173337331281 0
    outer loop
      vertex 21.569805221139365 -30.71614293663663 2.5
      vertex 22 -30.75 7.5
      vertex 21.569805221139365 -30.71614293663663 7.5
    endloop
  endfacet
  facet normal -0.8526401643540918 0.5224985647159495 0
    outer loop
      vertex 19.54973205848199 -26.751526125716246 2.5
      vertex 19.54973205848199 -26.751526125716246 7.5
      vertex 19.775203265468896 -26.3835905561957 7.5
    endloop
  endfacet
  facet normal -0.760405965600036 0.6494480483301777 0
    outer loop
      vertex 19.775203265468896 -26.3835905561957 2.5
      vertex 19.775203265468896 -26.3835905561957 7.5
      vertex 20.055456351736993 -26.055456351736993 7.5
    endloop
  endfacet
  facet normal -0.6494480483301777 0.760405965600036 0
    outer loop
      vertex 20.3835905561957 -25.775203265468896 2.5
      vertex 20.055456351736993 -26.055456351736993 7.5
      vertex 20.3835905561957 -25.775203265468896 7.5
    endloop
  endfacet
  facet normal -0.5224985647159495 0.8526401643540918 0
    outer loop
      vertex 20.751526125716246 -25.54973205848199 2.5
      vertex 20.3835905561957 -25.775203265468896 7.5
      vertex 20.751526125716246 -25.54973205848199 7.5
    endloop
  endfacet
  facet normal -0.38268343236509145 0.9238795325112861 0
    outer loop
      vertex 21.150203265468896 -25.384594580188327 2.5
      vertex 20.751526125716246 -25.54973205848199 7.5
      vertex 21.150203265468896 -25.384594580188327 7.5
    endloop
  endfacet
  facet normal 0 0 1
    outer loop
      vertex 19.25 -28 7.5
      vertex 19.28385706336337 -28.430194778860635 7.5
      vertex 19.28385706336337 -27.569805221139365 7.5
    endloop
  endfacet
  facet normal 0 0 1
    outer loop
      vertex 19.384594580188327 -28.849796734531104 7.5
      vertex 19.28385706336337 -27.569805221139365 7.5
      vertex 19.28385706336337 -28.430194778860635 7.5
    endloop
  endfacet
  facet normal 0 0 1
    outer loop
      vertex 19.384594580188327 -28.849796734531104 7.5
      vertex 19.54973205848199 -29.248473874283754 7.5
      vertex 19.384594580188327 -27.150203265468896 7.5
    endloop
  endfacet
  facet normal 0 0 1
    outer loop
      vertex 19.384594580188327 -28.849796734531104 7.5
      vertex 19.384594580188327 -27.150203265468896 7.5
      vertex 19.28385706336337 -27.569805221139365 7.5
    endloop
  endfacet
  facet normal 0 0 1
    outer loop
      vertex 19.384594580188327 -27.150203265468896 7.5
      vertex 19.54973205848199 -29.248473874283754 7.5
      vertex 19.54973205848199 -26.751526125716246 7.5
    endloop
  endfacet
  facet normal 0 0 1
    outer loop
      vertex 19.775203265468896 -29.6164094438043 7.5
      vertex 20.055456351736993 -29.944543648263007 7.5
      vertex 19.775203265468896 -26.3835905561957 7.5
    endloop
  endfacet
  facet normal 0 0 1
    outer loop
      vertex 20.3835905561957 -30.224796734531104 7.5
      vertex 20.055456351736993 -26.055456351736993 7.5
      vertex 20.055456351736993 -29.944543648263007 7.5
    endloop
  endfacet
  facet normal 0 0 1
    outer loop
      vertex 20.3835905561957 -30.224796734531104 7.5
      vertex 20.751526125716246 -30.45026794151801 7.5
      vertex 20.3835905561957 -25.775203265468896 7.5
    endloop
  endfacet
  facet normal 0 0 1
    outer loop
      vertex 20.751526125716246 -30.45026794151801 7.5
      vertex 21.150203265468896 -30.615405419811673 7.5
      vertex 20.93079217097396 -28.544788599687458 7.5
    endloop
  endfacet
  facet normal 0 0 1
    outer loop
      vertex 21.150203265468896 -30.615405419811673 7.5
      vertex 21.15147186257614 -28.84852813742386 7.5
      vertex 21.029179606750063 -28.705342302750967 7.5
    endloop
  endfacet
  facet normal 0 0 1
    outer loop
      vertex 20.751526125716246 -30.45026794151801 7.5
      vertex 20.858732180445816 -28.370820393249936 7.5
      vertex 20.814773991285833 -28.18772135804828 7.5
    endloop
  endfacet
  facet normal 0 0 1
    outer loop
      vertex 20.751526125716246 -30.45026794151801 7.5
      vertex 20.93079217097396 -28.544788599687458 7.5
      vertex 20.858732180445816 -28.370820393249936 7.5
    endloop
  endfacet
  facet normal 0 0 1
    outer loop
      vertex 20.751526125716246 -30.45026794151801 7.5
      vertex 20.814773991285833 -28.18772135804828 7.5
      vertex 20.8 -28 7.5
    endloop
  endfacet
  facet normal 0 0 1
    outer loop
      vertex 21.150203265468896 -30.615405419811673 7.5
      vertex 21.029179606750063 -28.705342302750967 7.5
      vertex 20.93079217097396 -28.544788599687458 7.5
    endloop
  endfacet
  facet normal 0 0 1
    outer loop
      vertex 21.150203265468896 -30.615405419811673 7.5
      vertex 21.569805221139365 -30.71614293663663 7.5
      vertex 21.294657697249033 -28.970820393249937 7.5
    endloop
  endfacet
  facet normal 0 0 1
    outer loop
      vertex 21.150203265468896 -30.615405419811673 7.5
      vertex 21.294657697249033 -28.970820393249937 7.5
      vertex 21.15147186257614 -28.84852813742386 7.5
    endloop
  endfacet
  facet normal 0 0 1
    outer loop
      vertex 21.569805221139365 -30.71614293663663 7.5
      vertex 21.455211400312542 -29.06920782902604 7.5
      vertex 21.294657697249033 -28.970820393249937 7.5
    endloop
  endfacet
  facet normal 0 0 1
    outer loop
      vertex 21.569805221139365 -30.71614293663663 7.5
      vertex 21.629179606750064 -29.141267819554184 7.5
      vertex 21.455211400312542 -29.06920782902604 7.5
    endloop
  endfacet
  facet normal 0 0 1
    outer loop
      vertex 21.569805221139365 -30.71614293663663 7.5
      vertex 21.81227864195172 -29.185226008714167 7.5
      vertex 21.629179606750064 -29.141267819554184 7.5
    endloop
  endfacet
  facet normal 0 0 1
    outer loop
      vertex 19.775203265468896 -29.6164094438043 7.5
      vertex 19.54973205848199 -26.751526125716246 7.5
      vertex 19.54973205848199 -29.248473874283754 7.5
    endloop
  endfacet
  facet normal 0 0 1
    outer loop
      vertex 19.775203265468896 -29.6164094438043 7.5
      vertex 19.775203265468896 -26.3835905561957 7.5
      vertex 19.54973205848199 -26.751526125716246 7.5
    endloop
  endfacet
  facet normal 0 0 1
    outer loop
      vertex 20.055456351736993 -29.944543648263007 7.5
      vertex 20.055456351736993 -26.055456351736993 7.5
      vertex 19.775203265468896 -26.3835905561957 7.5
    endloop
  endfacet
  facet normal 0 0 1
    outer loop
      vertex 20.3835905561957 -30.224796734531104 7.5
      vertex 20.3835905561957 -25.775203265468896 7.5
      vertex 20.055456351736993 -26.055456351736993 7.5
    endloop
  endfacet
  facet normal 0 0 1
    outer loop
      vertex 20.751526125716246 -30.45026794151801 7.5
      vertex 20.751526125716246 -25.54973205848199 7.5
      vertex 20.3835905561957 -25.775203265468896 7.5
    endloop
  endfacet
  facet normal 0 0 1
    outer loop
      vertex 20.751526125716246 -30.45026794151801 7.5
      vertex 20.8 -28 7.5
      vertex 20.751526125716246 -25.54973205848199 7.5
    endloop
  endfacet
  facet normal 0 0 1
    outer loop
      vertex 20.751526125716246 -25.54973205848199 7.5
      vertex 20.8 -28 7.5
      vertex 20.814773991285833 -27.81227864195172 7.5
    endloop
  endfacet
  facet normal 0 0 1
    outer loop
      vertex 20.751526125716246 -25.54973205848199 7.5
      vertex 20.814773991285833 -27.81227864195172 7.5
      vertex 20.858732180445816 -27.629179606750064 7.5
    endloop
  endfacet
  facet normal 0 0 1
    outer loop
      vertex 20.751526125716246 -25.54973205848199 7.5
      vertex 20.858732180445816 -27.629179606750064 7.5
      vertex 20.93079217097396 -27.455211400312542 7.5
    endloop
  endfacet
  facet normal 0 0 1
    outer loop
      vertex 20.751526125716246 -25.54973205848199 7.5
      vertex 20.93079217097396 -27.455211400312542 7.5
      vertex 21.029179606750063 -27.294657697249033 7.5
    endloop
  endfacet
  facet normal 0 0 1
    outer loop
      vertex 20.751526125716246 -25.54973205848199 7.5
      vertex 21.029179606750063 -27.294657697249033 7.5
      vertex 21.15147186257614 -27.15147186257614 7.5
    endloop
  endfacet
  facet normal 0 0 1
    outer loop
      vertex 20.751526125716246 -25.54973205848199 7.5
      vertex 21.15147186257614 -27.15147186257614 7.5
      vertex 21.150203265468896 -25.384594580188327 7.5
    endloop
  endfacet
  facet normal 0 0 1
    outer loop
      vertex 21.150203265468896 -25.384594580188327 7.5
      vertex 21.15147186257614 -27.15147186257614 7.5
      vertex 21.294657697249033 -27.029179606750063 7.5
    endloop
  endfacet
  facet normal 0 0 1
    outer loop
      vertex 21.150203265468896 -25.384594580188327 7.5
      vertex 21.294657697249033 -27.029179606750063 7.5
      vertex 21.455211400312542 -26.93079217097396 7.5
    endloop
  endfacet
  facet normal 0 0 1
    outer loop
      vertex 21.150203265468896 -25.384594580188327 7.5
      vertex 21.455211400312542 -26.93079217097396 7.5
      vertex 21.629179606750064 -26.858732180445816 7.5
    endloop
  endfacet
  facet normal 0 0 1
    outer loop
      vertex 21.569805221139365 -25.28385706336337 7.5
      vertex 21.629179606750064 -26.858732180445816 7.5
      vertex 21.81227864195172 -26.814773991285833 7.5
    endloop
  endfacet
  facet normal 0 0 1
    outer loop
      vertex 21.150203265468896 -25.384594580188327 7.5
      vertex 21.629179606750064 -26.858732180445816 7.5
      vertex 21.569805221139365 -25.28385706336337 7.5
    endloop
  endfacet
  facet normal 0.0784590957278439 -0.9969173337331281 0
    outer loop
      vertex 22 -30.75 2.5
      vertex 22.430194778860635 -30.71614293663663 7.5
      vertex 22 -30.75 7.5
    endloop
  endfacet
  facet normal 0.23344536385590672 -0.9723699203976762 0
    outer loop
      vertex 22.430194778860635 -30.71614293663663 2.5
      vertex 22.849796734531104 -30.615405419811673 7.5
      vertex 22.430194778860635 -30.71614293663663 7.5
    endloop
  endfacet
  facet normal 0.38268343236509145 -0.9238795325112861 0
    outer loop
      vertex 22.849796734531104 -30.615405419811673 2.5
      vertex 23.248473874283754 -30.45026794151801 7.5
      vertex 22.849796734531104 -30.615405419811673 7.5
    endloop
  endfacet
  facet normal 0.5224985647159495 -0.8526401643540918 0
    outer loop
      vertex 23.248473874283754 -30.45026794151801 2.5
      vertex 23.6164094438043 -30.224796734531104 7.5
      vertex 23.248473874283754 -30.45026794151801 7.5
    endloop
  endfacet
  facet normal 0.6494480483301777 -0.760405965600036 0
    outer loop
      vertex 23.6164094438043 -30.224796734531104 2.5
      vertex 23.944543648263007 -29.944543648263007 7.5
      vertex 23.6164094438043 -30.224796734531104 7.5
    endloop
  endfacet
  facet normal 0.38268343236509145 0.9238795325112861 0
    outer loop
      vertex 23.248473874283754 -25.54973205848199 2.5
      vertex 22.849796734531104 -25.384594580188327 7.5
      vertex 23.248473874283754 -25.54973205848199 7.5
    endloop
  endfacet
  facet normal 0.5224985647159495 0.8526401643540918 0
    outer loop
      vertex 23.6164094438043 -25.775203265468896 2.5
      vertex 23.248473874283754 -25.54973205848199 7.5
      vertex 23.6164094438043 -25.775203265468896 7.5
    endloop
  endfacet
  facet normal 0.6494480483301777 0.760405965600036 0
    outer loop
      vertex 23.944543648263007 -26.055456351736993 2.5
      vertex 23.6164094438043 -25.775203265468896 7.5
      vertex 23.944543648263007 -26.055456351736993 7.5
    endloop
  endfacet
  facet normal 0.760405965600036 -0.6494480483301777 0
    outer loop
      vertex 24.224796734531104 -29.6164094438043 2.5
      vertex 24.224796734531104 -29.6164094438043 7.5
      vertex 23.944543648263007 -29.944543648263007 7.5
    endloop
  endfacet
  facet normal 0.8526401643540918 -0.5224985647159495 0
    outer loop
      vertex 24.45026794151801 -29.248473874283754 2.5
      vertex 24.45026794151801 -29.248473874283754 7.5
      vertex 24.224796734531104 -29.6164094438043 7.5
    endloop
  endfacet
  facet normal 0.9238795325112861 -0.38268343236509145 0
    outer loop
      vertex 24.615405419811673 -28.849796734531104 2.5
      vertex 24.615405419811673 -28.849796734531104 7.5
      vertex 24.45026794151801 -29.248473874283754 7.5
    endloop
  endfacet
  facet normal 0.9723699203976762 -0.23344536385590672 0
    outer loop
      vertex 24.71614293663663 -28.430194778860635 2.5
      vertex 24.71614293663663 -28.430194778860635 7.5
      vertex 24.615405419811673 -28.849796734531104 7.5
    endloop
  endfacet
  facet normal 0.9969173337331281 -0.0784590957278439 0
    outer loop
      vertex 24.75 -28 2.5
      vertex 24.75 -28 7.5
      vertex 24.71614293663663 -28.430194778860635 7.5
    endloop
  endfacet
  facet normal 0.9723699203976762 0.23344536385590672 0
    outer loop
      vertex 24.615405419811673 -27.150203265468896 2.5
      vertex 24.615405419811673 -27.150203265468896 7.5
      vertex 24.71614293663663 -27.569805221139365 7.5
    endloop
  endfacet
  facet normal 0.9969173337331281 0.0784590957278439 0
    outer loop
      vertex 24.71614293663663 -27.569805221139365 2.5
      vertex 24.71614293663663 -27.569805221139365 7.5
      vertex 24.75 -28 7.5
    endloop
  endfacet
  facet normal 0.8526401643540918 0.5224985647159495 0
    outer loop
      vertex 24.224796734531104 -26.3835905561957 2.5
      vertex 24.224796734531104 -26.3835905561957 7.5
      vertex 24.45026794151801 -26.751526125716246 7.5
    endloop
  endfacet
  facet normal 0.760405965600036 0.6494480483301777 0
    outer loop
      vertex 23.944543648263007 -26.055456351736993 2.5
      vertex 23.944543648263007 -26.055456351736993 7.5
      vertex 24.224796734531104 -26.3835905561957 7.5
    endloop
  endfacet
  facet normal 0.9238795325112861 0.38268343236509145 0
    outer loop
      vertex 24.45026794151801 -26.751526125716246 2.5
      vertex 24.45026794151801 -26.751526125716246 7.5
      vertex 24.615405419811673 -27.150203265468896 7.5
    endloop
  endfacet
  facet normal 0 0 1
    outer loop
      vertex 21.569805221139365 -30.71614293663663 7.5
      vertex 22 -30.75 7.5
      vertex 21.81227864195172 -29.185226008714167 7.5
    endloop
  endfacet
  facet normal 0 0 1
    outer loop
      vertex 22 -30.75 7.5
      vertex 22.430194778860635 -30.71614293663663 7.5
      vertex 22.18772135804828 -29.185226008714167 7.5
    endloop
  endfacet
  facet normal 0 0 1
    outer loop
      vertex 22.430194778860635 -30.71614293663663 7.5
      vertex 22.849796734531104 -30.615405419811673 7.5
      vertex 22.370820393249936 -29.141267819554184 7.5
    endloop
  endfacet
  facet normal 0 0 1
    outer loop
      vertex 22 -30.75 7.5
      vertex 22 -29.2 7.5
      vertex 21.81227864195172 -29.185226008714167 7.5
    endloop
  endfacet
  facet normal 0 0 1
    outer loop
      vertex 22 -30.75 7.5
      vertex 22.18772135804828 -29.185226008714167 7.5
      vertex 22 -29.2 7.5
    endloop
  endfacet
  facet normal 0 0 1
    outer loop
      vertex 22.430194778860635 -30.71614293663663 7.5
      vertex 22.370820393249936 -29.141267819554184 7.5
      vertex 22.18772135804828 -29.185226008714167 7.5
    endloop
  endfacet
  facet normal 0 0 1
    outer loop
      vertex 22.849796734531104 -30.615405419811673 7.5
      vertex 22.544788599687458 -29.06920782902604 7.5
      vertex 22.370820393249936 -29.141267819554184 7.5
    endloop
  endfacet
  facet normal 0 0 1
    outer loop
      vertex 22.849796734531104 -30.615405419811673 7.5
      vertex 22.705342302750967 -28.970820393249937 7.5
      vertex 22.544788599687458 -29.06920782902604 7.5
    endloop
  endfacet
  facet normal 0 0 1
    outer loop
      vertex 22.849796734531104 -30.615405419811673 7.5
      vertex 22.84852813742386 -28.84852813742386 7.5
      vertex 22.705342302750967 -28.970820393249937 7.5
    endloop
  endfacet
  facet normal 0 0 1
    outer loop
      vertex 22.849796734531104 -30.615405419811673 7.5
      vertex 23.248473874283754 -30.45026794151801 7.5
      vertex 22.84852813742386 -28.84852813742386 7.5
    endloop
  endfacet
  facet normal 0 0 1
    outer loop
      vertex 23.248473874283754 -30.45026794151801 7.5
      vertex 22.970820393249937 -28.705342302750967 7.5
      vertex 22.84852813742386 -28.84852813742386 7.5
    endloop
  endfacet
  facet normal 0 0 1
    outer loop
      vertex 23.248473874283754 -30.45026794151801 7.5
      vertex 23.06920782902604 -28.544788599687458 7.5
      vertex 22.970820393249937 -28.705342302750967 7.5
    endloop
  endfacet
  facet normal 0 0 1
    outer loop
      vertex 23.248473874283754 -30.45026794151801 7.5
      vertex 23.141267819554184 -28.370820393249936 7.5
      vertex 23.06920782902604 -28.544788599687458 7.5
    endloop
  endfacet
  facet normal 0 0 1
    outer loop
      vertex 23.248473874283754 -30.45026794151801 7.5
      vertex 23.185226008714167 -28.18772135804828 7.5
      vertex 23.141267819554184 -28.370820393249936 7.5
    endloop
  endfacet
  facet normal 0 0 1
    outer loop
      vertex 23.248473874283754 -30.45026794151801 7.5
      vertex 23.2 -28 7.5
      vertex 23.185226008714167 -28.18772135804828 7.5
    endloop
  endfacet
  facet normal 0 0 1
    outer loop
      vertex 23.248473874283754 -30.45026794151801 7.5
      vertex 23.6164094438043 -30.224796734531104 7.5
      vertex 23.248473874283754 -25.54973205848199 7.5
    endloop
  endfacet
  facet normal 0 0 1
    outer loop
      vertex 23.6164094438043 -30.224796734531104 7.5
      vertex 23.944543648263007 -29.944543648263007 7.5
      vertex 23.6164094438043 -25.775203265468896 7.5
    endloop
  endfacet
  facet normal 0 0 1
    outer loop
      vertex 22 -25.25 7.5
      vertex 21.81227864195172 -26.814773991285833 7.5
      vertex 22 -26.8 7.5
    endloop
  endfacet
  facet normal 0 0 1
    outer loop
      vertex 22 -25.25 7.5
      vertex 22 -26.8 7.5
      vertex 22.18772135804828 -26.814773991285833 7.5
    endloop
  endfacet
  facet normal 0 0 1
    outer loop
      vertex 21.569805221139365 -25.28385706336337 7.5
      vertex 21.81227864195172 -26.814773991285833 7.5
      vertex 22 -25.25 7.5
    endloop
  endfacet
  facet normal 0 0 1
    outer loop
      vertex 22 -25.25 7.5
      vertex 22.18772135804828 -26.814773991285833 7.5
      vertex 22.430194778860635 -25.28385706336337 7.5
    endloop
  endfacet
  facet normal 0 0 1
    outer loop
      vertex 22.430194778860635 -25.28385706336337 7.5
      vertex 22.18772135804828 -26.814773991285833 7.5
      vertex 22.370820393249936 -26.858732180445816 7.5
    endloop
  endfacet
  facet normal 0 0 1
    outer loop
      vertex 22.430194778860635 -25.28385706336337 7.5
      vertex 22.370820393249936 -26.858732180445816 7.5
      vertex 22.544788599687458 -26.93079217097396 7.5
    endloop
  endfacet
  facet normal 0 0 1
    outer loop
      vertex 22.430194778860635 -25.28385706336337 7.5
      vertex 22.544788599687458 -26.93079217097396 7.5
      vertex 22.705342302750967 -27.029179606750063 7.5
    endloop
  endfacet
  facet normal 0 0 1
    outer loop
      vertex 22.849796734531104 -25.384594580188327 7.5
      vertex 22.705342302750967 -27.029179606750063 7.5
      vertex 22.84852813742386 -27.15147186257614 7.5
    endloop
  endfacet
  facet normal 0 0 1
    outer loop
      vertex 22.849796734531104 -25.384594580188327 7.5
      vertex 22.430194778860635 -25.28385706336337 7.5
      vertex 22.705342302750967 -27.029179606750063 7.5
    endloop
  endfacet
  facet normal 0 0 1
    outer loop
      vertex 23.248473874283754 -30.45026794151801 7.5
      vertex 23.248473874283754 -25.54973205848199 7.5
      vertex 23.2 -28 7.5
    endloop
  endfacet
  facet normal 0 0 1
    outer loop
      vertex 23.248473874283754 -25.54973205848199 7.5
      vertex 23.185226008714167 -27.81227864195172 7.5
      vertex 23.2 -28 7.5
    endloop
  endfacet
  facet normal 0 0 1
    outer loop
      vertex 23.248473874283754 -25.54973205848199 7.5
      vertex 23.141267819554184 -27.629179606750064 7.5
      vertex 23.185226008714167 -27.81227864195172 7.5
    endloop
  endfacet
  facet normal 0 0 1
    outer loop
      vertex 23.6164094438043 -30.224796734531104 7.5
      vertex 23.6164094438043 -25.775203265468896 7.5
      vertex 23.248473874283754 -25.54973205848199 7.5
    endloop
  endfacet
  facet normal 0 0 1
    outer loop
      vertex 23.6164094438043 -25.775203265468896 7.5
      vertex 23.944543648263007 -29.944543648263007 7.5
      vertex 23.944543648263007 -26.055456351736993 7.5
    endloop
  endfacet
  facet normal 0 0 1
    outer loop
      vertex 22.849796734531104 -25.384594580188327 7.5
      vertex 22.84852813742386 -27.15147186257614 7.5
      vertex 22.970820393249937 -27.294657697249033 7.5
    endloop
  endfacet
  facet normal 0 0 1
    outer loop
      vertex 22.849796734531104 -25.384594580188327 7.5
      vertex 22.970820393249937 -27.294657697249033 7.5
      vertex 23.06920782902604 -27.455211400312542 7.5
    endloop
  endfacet
  facet normal 0 0 1
    outer loop
      vertex 23.248473874283754 -25.54973205848199 7.5
      vertex 23.06920782902604 -27.455211400312542 7.5
      vertex 23.141267819554184 -27.629179606750064 7.5
    endloop
  endfacet
  facet normal 0 0 1
    outer loop
      vertex 22.849796734531104 -25.384594580188327 7.5
      vertex 23.06920782902604 -27.455211400312542 7.5
      vertex 23.248473874283754 -25.54973205848199 7.5
    endloop
  endfacet
  facet normal 0 0 1
    outer loop
      vertex 23.944543648263007 -29.944543648263007 7.5
      vertex 24.224796734531104 -29.6164094438043 7.5
      vertex 23.944543648263007 -26.055456351736993 7.5
    endloop
  endfacet
  facet normal 0 0 1
    outer loop
      vertex 24.224796734531104 -29.6164094438043 7.5
      vertex 24.45026794151801 -29.248473874283754 7.5
      vertex 24.224796734531104 -26.3835905561957 7.5
    endloop
  endfacet
  facet normal 0 0 1
    outer loop
      vertex 24.224796734531104 -29.6164094438043 7.5
      vertex 24.224796734531104 -26.3835905561957 7.5
      vertex 23.944543648263007 -26.055456351736993 7.5
    endloop
  endfacet
  facet normal 0 0 1
    outer loop
      vertex 24.45026794151801 -29.248473874283754 7.5
      vertex 24.45026794151801 -26.751526125716246 7.5
      vertex 24.224796734531104 -26.3835905561957 7.5
    endloop
  endfacet
  facet normal 0 0 1
    outer loop
      vertex 24.45026794151801 -29.248473874283754 7.5
      vertex 24.615405419811673 -28.849796734531104 7.5
      vertex 24.45026794151801 -26.751526125716246 7.5
    endloop
  endfacet
  facet normal 0 0 1
    outer loop
      vertex 24.615405419811673 -28.849796734531104 7.5
      vertex 24.71614293663663 -28.430194778860635 7.5
      vertex 24.615405419811673 -27.150203265468896 7.5
    endloop
  endfacet
  facet normal 0 0 1
    outer loop
      vertex 24.71614293663663 -28.430194778860635 7.5
      vertex 24.75 -28 7.5
      vertex 24.71614293663663 -27.569805221139365 7.5
    endloop
  endfacet
  facet normal 0 0 1
    outer loop
      vertex 24.615405419811673 -28.849796734531104 7.5
      vertex 24.615405419811673 -27.150203265468896 7.5
      vertex 24.45026794151801 -26.751526125716246 7.5
    endloop
  endfacet
  facet normal 0 0 1
    outer loop
      vertex 24.71614293663663 -28.430194778860635 7.5
      vertex 24.71614293663663 -27.569805221139365 7.5
      vertex 24.615405419811673 -27.150203265468896 7.5
    endloop
  endfacet
  facet normal -0.23344536385590672 0.9723699203976762 0
    outer loop
      vertex 21.150203265468896 -25.384594580188327 2.5
      vertex 21.150203265468896 -25.384594580188327 7.5
      vertex 21.569805221139365 -25.28385706336337 2.5
    endloop
  endfacet
  facet normal -0.0784590957278439 0.9969173337331281 0
    outer loop
      vertex 21.569805221139365 -25.28385706336337 2.5
      vertex 21.569805221139365 -25.28385706336337 7.5
      vertex 22 -25.25 2.5
    endloop
  endfacet
  facet normal 0.0784590957278439 0.9969173337331281 0
    outer loop
      vertex 22 -25.25 2.5
      vertex 22 -25.25 7.5
      vertex 22.430194778860635 -25.28385706336337 2.5
    endloop
  endfacet
  facet normal 0.23344536385590672 0.9723699203976762 1.2903140527166903e-18
    outer loop
      vertex 22.849796734531104 -25.384594580188327 2.5
      vertex 22.430194778860635 -25.28385706336337 2.5
      vertex 22.430194778860635 -25.28385706336337 7.5
    endloop
  endfacet
  facet normal -0.23344536385590672 0.9723699203976762 -1.2903140527166903e-18
    outer loop
      vertex 21.150203265468896 -25.384594580188327 7.5
      vertex 21.569805221139365 -25.28385706336337 7.5
      vertex 21.569805221139365 -25.28385706336337 2.5
    endloop
  endfacet
  facet normal -0.0784590957278439 0.9969173337331281 0
    outer loop
      vertex 22 -25.25 2.5
      vertex 21.569805221139365 -25.28385706336337 7.5
      vertex 22 -25.25 7.5
    endloop
  endfacet
  facet normal 0.0784590957278439 0.9969173337331281 0
    outer loop
      vertex 22.430194778860635 -25.28385706336337 2.5
      vertex 22 -25.25 7.5
      vertex 22.430194778860635 -25.28385706336337 7.5
    endloop
  endfacet
  facet normal 0.23344536385590672 0.9723699203976762 0
    outer loop
      vertex 22.849796734531104 -25.384594580188327 2.5
      vertex 22.430194778860635 -25.28385706336337 7.5
      vertex 22.849796734531104 -25.384594580188327 7.5
    endloop
  endfacet
  facet normal -0.9238795325112861 -0.38268343236509145 2.7777811054798523e-18
    outer loop
      vertex -24.45026794151801 -29.248473874283754 2.5
      vertex -24.615405419811673 -28.849796734531104 7.5
      vertex -24.615405419811673 -28.849796734531104 2.5
    endloop
  endfacet
  facet normal -0.9723699203976762 -0.23344536385590672 1.2903140527166903e-18
    outer loop
      vertex -24.615405419811673 -28.849796734531104 2.5
      vertex -24.71614293663663 -28.430194778860635 7.5
      vertex -24.71614293663663 -28.430194778860635 2.5
    endloop
  endfacet
  facet normal -0.8526401643540918 -0.5224985647159495 0
    outer loop
      vertex -24.45026794151801 -29.248473874283754 2.5
      vertex -24.224796734531104 -29.6164094438043 2.5
      vertex -24.45026794151801 -29.248473874283754 7.5
    endloop
  endfacet
  facet normal -0.760405965600036 -0.6494480483301777 0
    outer loop
      vertex -24.224796734531104 -29.6164094438043 2.5
      vertex -23.944543648263007 -29.944543648263007 2.5
      vertex -24.224796734531104 -29.6164094438043 7.5
    endloop
  endfacet
  facet normal -0.9969173337331281 -0.0784590957278439 1.9381265311149711e-19
    outer loop
      vertex -24.71614293663663 -28.430194778860635 2.5
      vertex -24.75 -28 7.5
      vertex -24.75 -28 2.5
    endloop
  endfacet
  facet normal -0.9969173337331281 0.0784590957278439 -1.9381265311149711e-19
    outer loop
      vertex -24.75 -28 2.5
      vertex -24.71614293663663 -27.569805221139365 7.5
      vertex -24.71614293663663 -27.569805221139365 2.5
    endloop
  endfacet
  facet normal -0.9723699203976762 0.23344536385590672 -1.2903140527166903e-18
    outer loop
      vertex -24.71614293663663 -27.569805221139365 2.5
      vertex -24.615405419811673 -27.150203265468896 7.5
      vertex -24.615405419811673 -27.150203265468896 2.5
    endloop
  endfacet
  facet normal -0.9238795325112861 0.38268343236509145 -2.7777811054798523e-18
    outer loop
      vertex -24.615405419811673 -27.150203265468896 2.5
      vertex -24.45026794151801 -26.751526125716246 7.5
      vertex -24.45026794151801 -26.751526125716246 2.5
    endloop
  endfacet
  facet normal -0.8526401643540918 0.5224985647159495 1.175060812163559e-18
    outer loop
      vertex -24.45026794151801 -26.751526125716246 2.5
      vertex -24.224796734531104 -26.3835905561957 7.5
      vertex -24.224796734531104 -26.3835905561957 2.5
    endloop
  endfacet
  facet normal -0.760405965600036 0.6494480483301777 3.9026189184895294e-19
    outer loop
      vertex -24.224796734531104 -26.3835905561957 2.5
      vertex -23.944543648263007 -26.055456351736993 7.5
      vertex -23.944543648263007 -26.055456351736993 2.5
    endloop
  endfacet
  facet normal -0.5224985647159495 -0.8526401643540918 -1.175060812163559e-18
    outer loop
      vertex -23.6164094438043 -30.224796734531104 2.5
      vertex -23.248473874283754 -30.45026794151801 2.5
      vertex -23.248473874283754 -30.45026794151801 7.5
    endloop
  endfacet
  facet normal -0.38268343236509145 -0.9238795325112861 2.7777811054798523e-18
    outer loop
      vertex -23.248473874283754 -30.45026794151801 2.5
      vertex -22.849796734531104 -30.615405419811673 2.5
      vertex -22.849796734531104 -30.615405419811673 7.5
    endloop
  endfacet
  facet normal -0.6494480483301777 -0.760405965600036 -3.9026189184895294e-19
    outer loop
      vertex -23.944543648263007 -29.944543648263007 2.5
      vertex -23.6164094438043 -30.224796734531104 2.5
      vertex -23.6164094438043 -30.224796734531104 7.5
    endloop
  endfacet
  facet normal -0.23344536385590672 -0.9723699203976762 1.2903140527166903e-18
    outer loop
      vertex -22.849796734531104 -30.615405419811673 2.5
      vertex -22.430194778860635 -30.71614293663663 2.5
      vertex -22.430194778860635 -30.71614293663663 7.5
    endloop
  endfacet
  facet normal -0.0784590957278439 -0.9969173337331281 1.9381265311149711e-19
    outer loop
      vertex -22.430194778860635 -30.71614293663663 2.5
      vertex -22 -30.75 2.5
      vertex -22 -30.75 7.5
    endloop
  endfacet
  facet normal -0.6494480483301777 0.760405965600036 0
    outer loop
      vertex -23.944543648263007 -26.055456351736993 2.5
      vertex -23.944543648263007 -26.055456351736993 7.5
      vertex -23.6164094438043 -25.775203265468896 2.5
    endloop
  endfacet
  facet normal -0.5224985647159495 0.8526401643540918 0
    outer loop
      vertex -23.6164094438043 -25.775203265468896 2.5
      vertex -23.6164094438043 -25.775203265468896 7.5
      vertex -23.248473874283754 -25.54973205848199 2.5
    endloop
  endfacet
  facet normal -0.38268343236509145 0.9238795325112861 0
    outer loop
      vertex -23.248473874283754 -25.54973205848199 2.5
      vertex -23.248473874283754 -25.54973205848199 7.5
      vertex -22.849796734531104 -25.384594580188327 2.5
    endloop
  endfacet
  facet normal 0.0784590957278439 -0.9969173337331281 -1.9381265311149711e-19
    outer loop
      vertex -22 -30.75 2.5
      vertex -21.569805221139365 -30.71614293663663 2.5
      vertex -21.569805221139365 -30.71614293663663 7.5
    endloop
  endfacet
  facet normal 0.23344536385590672 -0.9723699203976762 -1.2903140527166903e-18
    outer loop
      vertex -21.569805221139365 -30.71614293663663 2.5
      vertex -21.150203265468896 -30.615405419811673 2.5
      vertex -21.150203265468896 -30.615405419811673 7.5
    endloop
  endfacet
  facet normal 0.38268343236509145 -0.9238795325112861 -2.7777811054798523e-18
    outer loop
      vertex -21.150203265468896 -30.615405419811673 2.5
      vertex -20.751526125716246 -30.45026794151801 2.5
      vertex -20.751526125716246 -30.45026794151801 7.5
    endloop
  endfacet
  facet normal 0.5224985647159495 -0.8526401643540918 1.175060812163559e-18
    outer loop
      vertex -20.751526125716246 -30.45026794151801 2.5
      vertex -20.3835905561957 -30.224796734531104 2.5
      vertex -20.3835905561957 -30.224796734531104 7.5
    endloop
  endfacet
  facet normal 0.6494480483301777 -0.760405965600036 3.9026189184895294e-19
    outer loop
      vertex -20.3835905561957 -30.224796734531104 2.5
      vertex -20.055456351736993 -29.944543648263007 2.5
      vertex -20.055456351736993 -29.944543648263007 7.5
    endloop
  endfacet
  facet normal 0.760405965600036 -0.6494480483301777 0
    outer loop
      vertex -20.055456351736993 -29.944543648263007 2.5
      vertex -19.775203265468896 -29.6164094438043 2.5
      vertex -20.055456351736993 -29.944543648263007 7.5
    endloop
  endfacet
  facet normal 0.8526401643540918 -0.5224985647159495 0
    outer loop
      vertex -19.775203265468896 -29.6164094438043 2.5
      vertex -19.54973205848199 -29.248473874283754 2.5
      vertex -19.775203265468896 -29.6164094438043 7.5
    endloop
  endfacet
  facet normal 0.38268343236509145 0.9238795325112861 0
    outer loop
      vertex -21.150203265468896 -25.384594580188327 2.5
      vertex -21.150203265468896 -25.384594580188327 7.5
      vertex -20.751526125716246 -25.54973205848199 2.5
    endloop
  endfacet
  facet normal 0.5224985647159495 0.8526401643540918 0
    outer loop
      vertex -20.751526125716246 -25.54973205848199 2.5
      vertex -20.751526125716246 -25.54973205848199 7.5
      vertex -20.3835905561957 -25.775203265468896 2.5
    endloop
  endfacet
  facet normal 0.6494480483301777 0.760405965600036 0
    outer loop
      vertex -20.3835905561957 -25.775203265468896 2.5
      vertex -20.3835905561957 -25.775203265468896 7.5
      vertex -20.055456351736993 -26.055456351736993 2.5
    endloop
  endfacet
  facet normal 0.760405965600036 0.6494480483301777 0
    outer loop
      vertex -19.775203265468896 -26.3835905561957 2.5
      vertex -20.055456351736993 -26.055456351736993 2.5
      vertex -19.775203265468896 -26.3835905561957 7.5
    endloop
  endfacet
  facet normal 0.8526401643540918 0.5224985647159495 0
    outer loop
      vertex -19.54973205848199 -26.751526125716246 2.5
      vertex -19.775203265468896 -26.3835905561957 2.5
      vertex -19.54973205848199 -26.751526125716246 7.5
    endloop
  endfacet
  facet normal 0.9238795325112861 -0.38268343236509145 0
    outer loop
      vertex -19.54973205848199 -29.248473874283754 2.5
      vertex -19.384594580188327 -28.849796734531104 2.5
      vertex -19.54973205848199 -29.248473874283754 7.5
    endloop
  endfacet
  facet normal 0.9723699203976762 -0.23344536385590672 0
    outer loop
      vertex -19.384594580188327 -28.849796734531104 2.5
      vertex -19.28385706336337 -28.430194778860635 2.5
      vertex -19.384594580188327 -28.849796734531104 7.5
    endloop
  endfacet
  facet normal 0.9969173337331281 -0.0784590957278439 0
    outer loop
      vertex -19.28385706336337 -28.430194778860635 2.5
      vertex -19.25 -28 2.5
      vertex -19.28385706336337 -28.430194778860635 7.5
    endloop
  endfacet
  facet normal 0.9969173337331281 0.0784590957278439 0
    outer loop
      vertex -19.25 -28 2.5
      vertex -19.28385706336337 -27.569805221139365 2.5
      vertex -19.25 -28 7.5
    endloop
  endfacet
  facet normal 0.9723699203976762 0.23344536385590672 0
    outer loop
      vertex -19.28385706336337 -27.569805221139365 2.5
      vertex -19.384594580188327 -27.150203265468896 2.5
      vertex -19.28385706336337 -27.569805221139365 7.5
    endloop
  endfacet
  facet normal 0.9238795325112861 0.38268343236509145 2.7777811054798523e-18
    outer loop
      vertex -19.54973205848199 -26.751526125716246 2.5
      vertex -19.384594580188327 -27.150203265468896 7.5
      vertex -19.384594580188327 -27.150203265468896 2.5
    endloop
  endfacet
  facet normal -0.9238795325112861 -0.38268343236509145 0
    outer loop
      vertex -24.45026794151801 -29.248473874283754 2.5
      vertex -24.45026794151801 -29.248473874283754 7.5
      vertex -24.615405419811673 -28.849796734531104 7.5
    endloop
  endfacet
  facet normal -0.9723699203976762 -0.23344536385590672 0
    outer loop
      vertex -24.615405419811673 -28.849796734531104 2.5
      vertex -24.615405419811673 -28.849796734531104 7.5
      vertex -24.71614293663663 -28.430194778860635 7.5
    endloop
  endfacet
  facet normal -0.8526401643540918 -0.5224985647159495 0
    outer loop
      vertex -24.224796734531104 -29.6164094438043 2.5
      vertex -24.224796734531104 -29.6164094438043 7.5
      vertex -24.45026794151801 -29.248473874283754 7.5
    endloop
  endfacet
  facet normal -0.760405965600036 -0.6494480483301777 0
    outer loop
      vertex -23.944543648263007 -29.944543648263007 2.5
      vertex -23.944543648263007 -29.944543648263007 7.5
      vertex -24.224796734531104 -29.6164094438043 7.5
    endloop
  endfacet
  facet normal -0.9969173337331281 -0.0784590957278439 0
    outer loop
      vertex -24.71614293663663 -28.430194778860635 2.5
      vertex -24.71614293663663 -28.430194778860635 7.5
      vertex -24.75 -28 7.5
    endloop
  endfacet
  facet normal -0.9969173337331281 0.0784590957278439 0
    outer loop
      vertex -24.75 -28 2.5
      vertex -24.75 -28 7.5
      vertex -24.71614293663663 -27.569805221139365 7.5
    endloop
  endfacet
  facet normal -0.9723699203976762 0.23344536385590672 0
    outer loop
      vertex -24.71614293663663 -27.569805221139365 2.5
      vertex -24.71614293663663 -27.569805221139365 7.5
      vertex -24.615405419811673 -27.150203265468896 7.5
    endloop
  endfacet
  facet normal -0.9238795325112861 0.38268343236509145 0
    outer loop
      vertex -24.615405419811673 -27.150203265468896 2.5
      vertex -24.615405419811673 -27.150203265468896 7.5
      vertex -24.45026794151801 -26.751526125716246 7.5
    endloop
  endfacet
  facet normal -0.8526401643540918 0.5224985647159495 0
    outer loop
      vertex -24.45026794151801 -26.751526125716246 2.5
      vertex -24.45026794151801 -26.751526125716246 7.5
      vertex -24.224796734531104 -26.3835905561957 7.5
    endloop
  endfacet
  facet normal -0.760405965600036 0.6494480483301777 0
    outer loop
      vertex -24.224796734531104 -26.3835905561957 2.5
      vertex -24.224796734531104 -26.3835905561957 7.5
      vertex -23.944543648263007 -26.055456351736993 7.5
    endloop
  endfacet
  facet normal -0.5224985647159495 -0.8526401643540918 0
    outer loop
      vertex -23.6164094438043 -30.224796734531104 2.5
      vertex -23.248473874283754 -30.45026794151801 7.5
      vertex -23.6164094438043 -30.224796734531104 7.5
    endloop
  endfacet
  facet normal -0.38268343236509145 -0.9238795325112861 0
    outer loop
      vertex -23.248473874283754 -30.45026794151801 2.5
      vertex -22.849796734531104 -30.615405419811673 7.5
      vertex -23.248473874283754 -30.45026794151801 7.5
    endloop
  endfacet
  facet normal -0.6494480483301777 -0.760405965600036 0
    outer loop
      vertex -23.944543648263007 -29.944543648263007 2.5
      vertex -23.6164094438043 -30.224796734531104 7.5
      vertex -23.944543648263007 -29.944543648263007 7.5
    endloop
  endfacet
  facet normal -0.23344536385590672 -0.9723699203976762 0
    outer loop
      vertex -22.849796734531104 -30.615405419811673 2.5
      vertex -22.430194778860635 -30.71614293663663 7.5
      vertex -22.849796734531104 -30.615405419811673 7.5
    endloop
  endfacet
  facet normal -0.0784590957278439 -0.9969173337331281 0
    outer loop
      vertex -22.430194778860635 -30.71614293663663 2.5
      vertex -22 -30.75 7.5
      vertex -22.430194778860635 -30.71614293663663 7.5
    endloop
  endfacet
  facet normal 0.0784590957278439 -0.9969173337331281 0
    outer loop
      vertex -22 -30.75 2.5
      vertex -21.569805221139365 -30.71614293663663 7.5
      vertex -22 -30.75 7.5
    endloop
  endfacet
  facet normal -0.6494480483301777 0.760405965600036 0
    outer loop
      vertex -23.6164094438043 -25.775203265468896 2.5
      vertex -23.944543648263007 -26.055456351736993 7.5
      vertex -23.6164094438043 -25.775203265468896 7.5
    endloop
  endfacet
  facet normal -0.5224985647159495 0.8526401643540918 0
    outer loop
      vertex -23.248473874283754 -25.54973205848199 2.5
      vertex -23.6164094438043 -25.775203265468896 7.5
      vertex -23.248473874283754 -25.54973205848199 7.5
    endloop
  endfacet
  facet normal -0.38268343236509145 0.9238795325112861 0
    outer loop
      vertex -22.849796734531104 -25.384594580188327 2.5
      vertex -23.248473874283754 -25.54973205848199 7.5
      vertex -22.849796734531104 -25.384594580188327 7.5
    endloop
  endfacet
  facet normal 0 0 1
    outer loop
      vertex -24.224796734531104 -29.6164094438043 7.5
      vertex -23.944543648263007 -29.944543648263007 7.5
      vertex -24.224796734531104 -26.3835905561957 7.5
    endloop
  endfacet
  facet normal 0 0 1
    outer loop
      vertex -24.71614293663663 -28.430194778860635 7.5
      vertex -24.71614293663663 -27.569805221139365 7.5
      vertex -24.75 -28 7.5
    endloop
  endfacet
  facet normal 0 0 1
    outer loop
      vertex -24.615405419811673 -28.849796734531104 7.5
      vertex -24.71614293663663 -27.569805221139365 7.5
      vertex -24.71614293663663 -28.430194778860635 7.5
    endloop
  endfacet
  facet normal 0 0 1
    outer loop
      vertex -24.45026794151801 -29.248473874283754 7.5
      vertex -24.615405419811673 -27.150203265468896 7.5
      vertex -24.615405419811673 -28.849796734531104 7.5
    endloop
  endfacet
  facet normal 0 0 1
    outer loop
      vertex -24.615405419811673 -28.849796734531104 7.5
      vertex -24.615405419811673 -27.150203265468896 7.5
      vertex -24.71614293663663 -27.569805221139365 7.5
    endloop
  endfacet
  facet normal 0 0 1
    outer loop
      vertex -24.45026794151801 -29.248473874283754 7.5
      vertex -24.45026794151801 -26.751526125716246 7.5
      vertex -24.615405419811673 -27.150203265468896 7.5
    endloop
  endfacet
  facet normal 0 0 1
    outer loop
      vertex -24.45026794151801 -29.248473874283754 7.5
      vertex -24.224796734531104 -29.6164094438043 7.5
      vertex -24.45026794151801 -26.751526125716246 7.5
    endloop
  endfacet
  facet normal 0 0 1
    outer loop
      vertex -24.224796734531104 -29.6164094438043 7.5
      vertex -24.224796734531104 -26.3835905561957 7.5
      vertex -24.45026794151801 -26.751526125716246 7.5
    endloop
  endfacet
  facet normal 0 0 1
    outer loop
      vertex -23.944543648263007 -29.944543648263007 7.5
      vertex -23.944543648263007 -26.055456351736993 7.5
      vertex -24.224796734531104 -26.3835905561957 7.5
    endloop
  endfacet
  facet normal 0 0 1
    outer loop
      vertex -23.944543648263007 -29.944543648263007 7.5
      vertex -23.6164094438043 -30.224796734531104 7.5
      vertex -23.944543648263007 -26.055456351736993 7.5
    endloop
  endfacet
  facet normal 0 0 1
    outer loop
      vertex -23.6164094438043 -30.224796734531104 7.5
      vertex -23.248473874283754 -30.45026794151801 7.5
      vertex -23.6164094438043 -25.775203265468896 7.5
    endloop
  endfacet
  facet normal 0 0 1
    outer loop
      vertex -23.248473874283754 -30.45026794151801 7.5
      vertex -22.849796734531104 -30.615405419811673 7.5
      vertex -23.06920782902604 -28.544788599687458 7.5
    endloop
  endfacet
  facet normal 0 0 1
    outer loop
      vertex -22.849796734531104 -30.615405419811673 7.5
      vertex -22.84852813742386 -28.84852813742386 7.5
      vertex -22.970820393249937 -28.705342302750967 7.5
    endloop
  endfacet
  facet normal 0 0 1
    outer loop
      vertex -23.248473874283754 -30.45026794151801 7.5
      vertex -23.06920782902604 -28.544788599687458 7.5
      vertex -23.141267819554184 -28.370820393249936 7.5
    endloop
  endfacet
  facet normal 0 0 1
    outer loop
      vertex -23.248473874283754 -30.45026794151801 7.5
      vertex -23.141267819554184 -28.370820393249936 7.5
      vertex -23.185226008714167 -28.18772135804828 7.5
    endloop
  endfacet
  facet normal 0 0 1
    outer loop
      vertex -23.248473874283754 -30.45026794151801 7.5
      vertex -23.185226008714167 -28.18772135804828 7.5
      vertex -23.2 -28 7.5
    endloop
  endfacet
  facet normal 0 0 1
    outer loop
      vertex -22.849796734531104 -30.615405419811673 7.5
      vertex -22.970820393249937 -28.705342302750967 7.5
      vertex -23.06920782902604 -28.544788599687458 7.5
    endloop
  endfacet
  facet normal 0 0 1
    outer loop
      vertex -22.430194778860635 -30.71614293663663 7.5
      vertex -22 -30.75 7.5
      vertex -22.18772135804828 -29.185226008714167 7.5
    endloop
  endfacet
  facet normal 0 0 1
    outer loop
      vertex -22 -30.75 7.5
      vertex -21.569805221139365 -30.71614293663663 7.5
      vertex -21.81227864195172 -29.185226008714167 7.5
    endloop
  endfacet
  facet normal 0 0 1
    outer loop
      vertex -22.849796734531104 -30.615405419811673 7.5
      vertex -22.430194778860635 -30.71614293663663 7.5
      vertex -22.705342302750967 -28.970820393249937 7.5
    endloop
  endfacet
  facet normal 0 0 1
    outer loop
      vertex -22.849796734531104 -30.615405419811673 7.5
      vertex -22.705342302750967 -28.970820393249937 7.5
      vertex -22.84852813742386 -28.84852813742386 7.5
    endloop
  endfacet
  facet normal 0 0 1
    outer loop
      vertex -22.430194778860635 -30.71614293663663 7.5
      vertex -22.544788599687458 -29.06920782902604 7.5
      vertex -22.705342302750967 -28.970820393249937 7.5
    endloop
  endfacet
  facet normal 0 0 1
    outer loop
      vertex -22.430194778860635 -30.71614293663663 7.5
      vertex -22.370820393249936 -29.141267819554184 7.5
      vertex -22.544788599687458 -29.06920782902604 7.5
    endloop
  endfacet
  facet normal 0 0 1
    outer loop
      vertex -22.430194778860635 -30.71614293663663 7.5
      vertex -22.18772135804828 -29.185226008714167 7.5
      vertex -22.370820393249936 -29.141267819554184 7.5
    endloop
  endfacet
  facet normal 0 0 1
    outer loop
      vertex -22 -30.75 7.5
      vertex -22 -29.2 7.5
      vertex -22.18772135804828 -29.185226008714167 7.5
    endloop
  endfacet
  facet normal 0 0 1
    outer loop
      vertex -22 -30.75 7.5
      vertex -21.81227864195172 -29.185226008714167 7.5
      vertex -22 -29.2 7.5
    endloop
  endfacet
  facet normal 0 0 1
    outer loop
      vertex -23.944543648263007 -26.055456351736993 7.5
      vertex -23.6164094438043 -30.224796734531104 7.5
      vertex -23.6164094438043 -25.775203265468896 7.5
    endloop
  endfacet
  facet normal 0 0 1
    outer loop
      vertex -23.248473874283754 -30.45026794151801 7.5
      vertex -23.248473874283754 -25.54973205848199 7.5
      vertex -23.6164094438043 -25.775203265468896 7.5
    endloop
  endfacet
  facet normal 0 0 1
    outer loop
      vertex -23.248473874283754 -30.45026794151801 7.5
      vertex -23.2 -28 7.5
      vertex -23.248473874283754 -25.54973205848199 7.5
    endloop
  endfacet
  facet normal 0 0 1
    outer loop
      vertex -23.248473874283754 -25.54973205848199 7.5
      vertex -23.2 -28 7.5
      vertex -23.185226008714167 -27.81227864195172 7.5
    endloop
  endfacet
  facet normal 0 0 1
    outer loop
      vertex -23.248473874283754 -25.54973205848199 7.5
      vertex -23.185226008714167 -27.81227864195172 7.5
      vertex -23.141267819554184 -27.629179606750064 7.5
    endloop
  endfacet
  facet normal 0 0 1
    outer loop
      vertex -23.248473874283754 -25.54973205848199 7.5
      vertex -23.141267819554184 -27.629179606750064 7.5
      vertex -23.06920782902604 -27.455211400312542 7.5
    endloop
  endfacet
  facet normal 0 0 1
    outer loop
      vertex -23.248473874283754 -25.54973205848199 7.5
      vertex -23.06920782902604 -27.455211400312542 7.5
      vertex -22.970820393249937 -27.294657697249033 7.5
    endloop
  endfacet
  facet normal 0 0 1
    outer loop
      vertex -23.248473874283754 -25.54973205848199 7.5
      vertex -22.970820393249937 -27.294657697249033 7.5
      vertex -22.84852813742386 -27.15147186257614 7.5
    endloop
  endfacet
  facet normal 0 0 1
    outer loop
      vertex -23.248473874283754 -25.54973205848199 7.5
      vertex -22.84852813742386 -27.15147186257614 7.5
      vertex -22.849796734531104 -25.384594580188327 7.5
    endloop
  endfacet
  facet normal 0 0 1
    outer loop
      vertex -22.849796734531104 -25.384594580188327 7.5
      vertex -22.84852813742386 -27.15147186257614 7.5
      vertex -22.705342302750967 -27.029179606750063 7.5
    endloop
  endfacet
  facet normal 0 0 1
    outer loop
      vertex -22.849796734531104 -25.384594580188327 7.5
      vertex -22.705342302750967 -27.029179606750063 7.5
      vertex -22.544788599687458 -26.93079217097396 7.5
    endloop
  endfacet
  facet normal 0 0 1
    outer loop
      vertex -22.849796734531104 -25.384594580188327 7.5
      vertex -22.544788599687458 -26.93079217097396 7.5
      vertex -22.370820393249936 -26.858732180445816 7.5
    endloop
  endfacet
  facet normal 0 0 1
    outer loop
      vertex -22.430194778860635 -25.28385706336337 7.5
      vertex -22.370820393249936 -26.858732180445816 7.5
      vertex -22.18772135804828 -26.814773991285833 7.5
    endloop
  endfacet
  facet normal 0 0 1
    outer loop
      vertex -22.849796734531104 -25.384594580188327 7.5
      vertex -22.370820393249936 -26.858732180445816 7.5
      vertex -22.430194778860635 -25.28385706336337 7.5
    endloop
  endfacet
  facet normal 0 0 1
    outer loop
      vertex -22 -25.25 7.5
      vertex -22.18772135804828 -26.814773991285833 7.5
      vertex -22 -26.8 7.5
    endloop
  endfacet
  facet normal 0 0 1
    outer loop
      vertex -22 -25.25 7.5
      vertex -22 -26.8 7.5
      vertex -21.81227864195172 -26.814773991285833 7.5
    endloop
  endfacet
  facet normal 0 0 1
    outer loop
      vertex -22.430194778860635 -25.28385706336337 7.5
      vertex -22.18772135804828 -26.814773991285833 7.5
      vertex -22 -25.25 7.5
    endloop
  endfacet
  facet normal 0 0 1
    outer loop
      vertex -22 -25.25 7.5
      vertex -21.81227864195172 -26.814773991285833 7.5
      vertex -21.569805221139365 -25.28385706336337 7.5
    endloop
  endfacet
  facet normal 0.23344536385590672 -0.9723699203976762 0
    outer loop
      vertex -21.569805221139365 -30.71614293663663 2.5
      vertex -21.150203265468896 -30.615405419811673 7.5
      vertex -21.569805221139365 -30.71614293663663 7.5
    endloop
  endfacet
  facet normal 0.38268343236509145 -0.9238795325112861 0
    outer loop
      vertex -21.150203265468896 -30.615405419811673 2.5
      vertex -20.751526125716246 -30.45026794151801 7.5
      vertex -21.150203265468896 -30.615405419811673 7.5
    endloop
  endfacet
  facet normal 0.5224985647159495 -0.8526401643540918 0
    outer loop
      vertex -20.751526125716246 -30.45026794151801 2.5
      vertex -20.3835905561957 -30.224796734531104 7.5
      vertex -20.751526125716246 -30.45026794151801 7.5
    endloop
  endfacet
  facet normal 0.6494480483301777 -0.760405965600036 0
    outer loop
      vertex -20.3835905561957 -30.224796734531104 2.5
      vertex -20.055456351736993 -29.944543648263007 7.5
      vertex -20.3835905561957 -30.224796734531104 7.5
    endloop
  endfacet
  facet normal 0.760405965600036 -0.6494480483301777 0
    outer loop
      vertex -19.775203265468896 -29.6164094438043 2.5
      vertex -19.775203265468896 -29.6164094438043 7.5
      vertex -20.055456351736993 -29.944543648263007 7.5
    endloop
  endfacet
  facet normal 0.8526401643540918 -0.5224985647159495 0
    outer loop
      vertex -19.54973205848199 -29.248473874283754 2.5
      vertex -19.54973205848199 -29.248473874283754 7.5
      vertex -19.775203265468896 -29.6164094438043 7.5
    endloop
  endfacet
  facet normal 0.38268343236509145 0.9238795325112861 0
    outer loop
      vertex -20.751526125716246 -25.54973205848199 2.5
      vertex -21.150203265468896 -25.384594580188327 7.5
      vertex -20.751526125716246 -25.54973205848199 7.5
    endloop
  endfacet
  facet normal 0.5224985647159495 0.8526401643540918 0
    outer loop
      vertex -20.3835905561957 -25.775203265468896 2.5
      vertex -20.751526125716246 -25.54973205848199 7.5
      vertex -20.3835905561957 -25.775203265468896 7.5
    endloop
  endfacet
  facet normal 0.6494480483301777 0.760405965600036 0
    outer loop
      vertex -20.055456351736993 -26.055456351736993 2.5
      vertex -20.3835905561957 -25.775203265468896 7.5
      vertex -20.055456351736993 -26.055456351736993 7.5
    endloop
  endfacet
  facet normal 0.8526401643540918 0.5224985647159495 0
    outer loop
      vertex -19.775203265468896 -26.3835905561957 2.5
      vertex -19.775203265468896 -26.3835905561957 7.5
      vertex -19.54973205848199 -26.751526125716246 7.5
    endloop
  endfacet
  facet normal 0.760405965600036 0.6494480483301777 0
    outer loop
      vertex -20.055456351736993 -26.055456351736993 2.5
      vertex -20.055456351736993 -26.055456351736993 7.5
      vertex -19.775203265468896 -26.3835905561957 7.5
    endloop
  endfacet
  facet normal 0.9238795325112861 -0.38268343236509145 0
    outer loop
      vertex -19.384594580188327 -28.849796734531104 2.5
      vertex -19.384594580188327 -28.849796734531104 7.5
      vertex -19.54973205848199 -29.248473874283754 7.5
    endloop
  endfacet
  facet normal 0.9723699203976762 -0.23344536385590672 0
    outer loop
      vertex -19.28385706336337 -28.430194778860635 2.5
      vertex -19.28385706336337 -28.430194778860635 7.5
      vertex -19.384594580188327 -28.849796734531104 7.5
    endloop
  endfacet
  facet normal 0.9969173337331281 -0.0784590957278439 0
    outer loop
      vertex -19.25 -28 2.5
      vertex -19.25 -28 7.5
      vertex -19.28385706336337 -28.430194778860635 7.5
    endloop
  endfacet
  facet normal 0.9723699203976762 0.23344536385590672 0
    outer loop
      vertex -19.384594580188327 -27.150203265468896 2.5
      vertex -19.384594580188327 -27.150203265468896 7.5
      vertex -19.28385706336337 -27.569805221139365 7.5
    endloop
  endfacet
  facet normal 0.9969173337331281 0.0784590957278439 0
    outer loop
      vertex -19.28385706336337 -27.569805221139365 2.5
      vertex -19.28385706336337 -27.569805221139365 7.5
      vertex -19.25 -28 7.5
    endloop
  endfacet
  facet normal 0.9238795325112861 0.38268343236509145 0
    outer loop
      vertex -19.54973205848199 -26.751526125716246 2.5
      vertex -19.54973205848199 -26.751526125716246 7.5
      vertex -19.384594580188327 -27.150203265468896 7.5
    endloop
  endfacet
  facet normal 0 0 1
    outer loop
      vertex -21.569805221139365 -30.71614293663663 7.5
      vertex -21.150203265468896 -30.615405419811673 7.5
      vertex -21.629179606750064 -29.141267819554184 7.5
    endloop
  endfacet
  facet normal 0 0 1
    outer loop
      vertex -21.569805221139365 -30.71614293663663 7.5
      vertex -21.629179606750064 -29.141267819554184 7.5
      vertex -21.81227864195172 -29.185226008714167 7.5
    endloop
  endfacet
  facet normal 0 0 1
    outer loop
      vertex -21.150203265468896 -30.615405419811673 7.5
      vertex -21.455211400312542 -29.06920782902604 7.5
      vertex -21.629179606750064 -29.141267819554184 7.5
    endloop
  endfacet
  facet normal 0 0 1
    outer loop
      vertex -21.150203265468896 -30.615405419811673 7.5
      vertex -21.294657697249033 -28.970820393249937 7.5
      vertex -21.455211400312542 -29.06920782902604 7.5
    endloop
  endfacet
  facet normal 0 0 1
    outer loop
      vertex -21.150203265468896 -30.615405419811673 7.5
      vertex -21.15147186257614 -28.84852813742386 7.5
      vertex -21.294657697249033 -28.970820393249937 7.5
    endloop
  endfacet
  facet normal 0 0 1
    outer loop
      vertex -21.150203265468896 -30.615405419811673 7.5
      vertex -20.751526125716246 -30.45026794151801 7.5
      vertex -21.15147186257614 -28.84852813742386 7.5
    endloop
  endfacet
  facet normal 0 0 1
    outer loop
      vertex -20.751526125716246 -30.45026794151801 7.5
      vertex -21.029179606750063 -28.705342302750967 7.5
      vertex -21.15147186257614 -28.84852813742386 7.5
    endloop
  endfacet
  facet normal 0 0 1
    outer loop
      vertex -20.751526125716246 -30.45026794151801 7.5
      vertex -20.93079217097396 -28.544788599687458 7.5
      vertex -21.029179606750063 -28.705342302750967 7.5
    endloop
  endfacet
  facet normal 0 0 1
    outer loop
      vertex -20.751526125716246 -30.45026794151801 7.5
      vertex -20.858732180445816 -28.370820393249936 7.5
      vertex -20.93079217097396 -28.544788599687458 7.5
    endloop
  endfacet
  facet normal 0 0 1
    outer loop
      vertex -20.751526125716246 -30.45026794151801 7.5
      vertex -20.814773991285833 -28.18772135804828 7.5
      vertex -20.858732180445816 -28.370820393249936 7.5
    endloop
  endfacet
  facet normal 0 0 1
    outer loop
      vertex -20.751526125716246 -30.45026794151801 7.5
      vertex -20.8 -28 7.5
      vertex -20.814773991285833 -28.18772135804828 7.5
    endloop
  endfacet
  facet normal 0 0 1
    outer loop
      vertex -20.751526125716246 -30.45026794151801 7.5
      vertex -20.3835905561957 -30.224796734531104 7.5
      vertex -20.751526125716246 -25.54973205848199 7.5
    endloop
  endfacet
  facet normal 0 0 1
    outer loop
      vertex -20.3835905561957 -30.224796734531104 7.5
      vertex -20.055456351736993 -29.944543648263007 7.5
      vertex -20.3835905561957 -25.775203265468896 7.5
    endloop
  endfacet
  facet normal 0 0 1
    outer loop
      vertex -20.751526125716246 -30.45026794151801 7.5
      vertex -20.751526125716246 -25.54973205848199 7.5
      vertex -20.8 -28 7.5
    endloop
  endfacet
  facet normal 0 0 1
    outer loop
      vertex -20.751526125716246 -25.54973205848199 7.5
      vertex -20.814773991285833 -27.81227864195172 7.5
      vertex -20.8 -28 7.5
    endloop
  endfacet
  facet normal 0 0 1
    outer loop
      vertex -20.751526125716246 -25.54973205848199 7.5
      vertex -20.858732180445816 -27.629179606750064 7.5
      vertex -20.814773991285833 -27.81227864195172 7.5
    endloop
  endfacet
  facet normal 0 0 1
    outer loop
      vertex -21.569805221139365 -25.28385706336337 7.5
      vertex -21.81227864195172 -26.814773991285833 7.5
      vertex -21.629179606750064 -26.858732180445816 7.5
    endloop
  endfacet
  facet normal 0 0 1
    outer loop
      vertex -21.569805221139365 -25.28385706336337 7.5
      vertex -21.629179606750064 -26.858732180445816 7.5
      vertex -21.455211400312542 -26.93079217097396 7.5
    endloop
  endfacet
  facet normal 0 0 1
    outer loop
      vertex -21.569805221139365 -25.28385706336337 7.5
      vertex -21.455211400312542 -26.93079217097396 7.5
      vertex -21.294657697249033 -27.029179606750063 7.5
    endloop
  endfacet
  facet normal 0 0 1
    outer loop
      vertex -21.150203265468896 -25.384594580188327 7.5
      vertex -21.294657697249033 -27.029179606750063 7.5
      vertex -21.15147186257614 -27.15147186257614 7.5
    endloop
  endfacet
  facet normal 0 0 1
    outer loop
      vertex -21.150203265468896 -25.384594580188327 7.5
      vertex -21.569805221139365 -25.28385706336337 7.5
      vertex -21.294657697249033 -27.029179606750063 7.5
    endloop
  endfacet
  facet normal 0 0 1
    outer loop
      vertex -21.150203265468896 -25.384594580188327 7.5
      vertex -21.15147186257614 -27.15147186257614 7.5
      vertex -21.029179606750063 -27.294657697249033 7.5
    endloop
  endfacet
  facet normal 0 0 1
    outer loop
      vertex -21.150203265468896 -25.384594580188327 7.5
      vertex -21.029179606750063 -27.294657697249033 7.5
      vertex -20.93079217097396 -27.455211400312542 7.5
    endloop
  endfacet
  facet normal 0 0 1
    outer loop
      vertex -20.751526125716246 -25.54973205848199 7.5
      vertex -20.93079217097396 -27.455211400312542 7.5
      vertex -20.858732180445816 -27.629179606750064 7.5
    endloop
  endfacet
  facet normal 0 0 1
    outer loop
      vertex -21.150203265468896 -25.384594580188327 7.5
      vertex -20.93079217097396 -27.455211400312542 7.5
      vertex -20.751526125716246 -25.54973205848199 7.5
    endloop
  endfacet
  facet normal 0 0 1
    outer loop
      vertex -20.3835905561957 -30.224796734531104 7.5
      vertex -20.3835905561957 -25.775203265468896 7.5
      vertex -20.751526125716246 -25.54973205848199 7.5
    endloop
  endfacet
  facet normal 0 0 1
    outer loop
      vertex -20.055456351736993 -29.944543648263007 7.5
      vertex -20.055456351736993 -26.055456351736993 7.5
      vertex -20.3835905561957 -25.775203265468896 7.5
    endloop
  endfacet
  facet normal 0 0 1
    outer loop
      vertex -20.055456351736993 -29.944543648263007 7.5
      vertex -19.775203265468896 -29.6164094438043 7.5
      vertex -20.055456351736993 -26.055456351736993 7.5
    endloop
  endfacet
  facet normal 0 0 1
    outer loop
      vertex -19.775203265468896 -29.6164094438043 7.5
      vertex -19.54973205848199 -29.248473874283754 7.5
      vertex -19.775203265468896 -26.3835905561957 7.5
    endloop
  endfacet
  facet normal 0 0 1
    outer loop
      vertex -19.775203265468896 -29.6164094438043 7.5
      vertex -19.775203265468896 -26.3835905561957 7.5
      vertex -20.055456351736993 -26.055456351736993 7.5
    endloop
  endfacet
  facet normal 0 0 1
    outer loop
      vertex -19.54973205848199 -29.248473874283754 7.5
      vertex -19.54973205848199 -26.751526125716246 7.5
      vertex -19.775203265468896 -26.3835905561957 7.5
    endloop
  endfacet
  facet normal 0 0 1
    outer loop
      vertex -19.54973205848199 -29.248473874283754 7.5
      vertex -19.384594580188327 -28.849796734531104 7.5
      vertex -19.54973205848199 -26.751526125716246 7.5
    endloop
  endfacet
  facet normal 0 0 1
    outer loop
      vertex -19.384594580188327 -28.849796734531104 7.5
      vertex -19.28385706336337 -28.430194778860635 7.5
      vertex -19.384594580188327 -27.150203265468896 7.5
    endloop
  endfacet
  facet normal 0 0 1
    outer loop
      vertex -19.28385706336337 -28.430194778860635 7.5
      vertex -19.25 -28 7.5
      vertex -19.28385706336337 -27.569805221139365 7.5
    endloop
  endfacet
  facet normal 0 0 1
    outer loop
      vertex -19.54973205848199 -26.751526125716246 7.5
      vertex -19.384594580188327 -28.849796734531104 7.5
      vertex -19.384594580188327 -27.150203265468896 7.5
    endloop
  endfacet
  facet normal 0 0 1
    outer loop
      vertex -19.28385706336337 -28.430194778860635 7.5
      vertex -19.28385706336337 -27.569805221139365 7.5
      vertex -19.384594580188327 -27.150203265468896 7.5
    endloop
  endfacet
  facet normal -0.23344536385590672 0.9723699203976762 0
    outer loop
      vertex -22.849796734531104 -25.384594580188327 2.5
      vertex -22.849796734531104 -25.384594580188327 7.5
      vertex -22.430194778860635 -25.28385706336337 2.5
    endloop
  endfacet
  facet normal -0.0784590957278439 0.9969173337331281 0
    outer loop
      vertex -22.430194778860635 -25.28385706336337 2.5
      vertex -22.430194778860635 -25.28385706336337 7.5
      vertex -22 -25.25 2.5
    endloop
  endfacet
  facet normal 0.0784590957278439 0.9969173337331281 0
    outer loop
      vertex -22 -25.25 2.5
      vertex -22 -25.25 7.5
      vertex -21.569805221139365 -25.28385706336337 2.5
    endloop
  endfacet
  facet normal 0.23344536385590672 0.9723699203976762 1.2903140527166903e-18
    outer loop
      vertex -21.150203265468896 -25.384594580188327 2.5
      vertex -21.569805221139365 -25.28385706336337 2.5
      vertex -21.569805221139365 -25.28385706336337 7.5
    endloop
  endfacet
  facet normal -0.23344536385590672 0.9723699203976762 -1.2903140527166903e-18
    outer loop
      vertex -22.849796734531104 -25.384594580188327 7.5
      vertex -22.430194778860635 -25.28385706336337 7.5
      vertex -22.430194778860635 -25.28385706336337 2.5
    endloop
  endfacet
  facet normal -0.0784590957278439 0.9969173337331281 0
    outer loop
      vertex -22 -25.25 2.5
      vertex -22.430194778860635 -25.28385706336337 7.5
      vertex -22 -25.25 7.5
    endloop
  endfacet
  facet normal 0.0784590957278439 0.9969173337331281 0
    outer loop
      vertex -21.569805221139365 -25.28385706336337 2.5
      vertex -22 -25.25 7.5
      vertex -21.569805221139365 -25.28385706336337 7.5
    endloop
  endfacet
  facet normal 0.23344536385590672 0.9723699203976762 0
    outer loop
      vertex -21.150203265468896 -25.384594580188327 2.5
      vertex -21.569805221139365 -25.28385706336337 7.5
      vertex -21.150203265468896 -25.384594580188327 7.5
    endloop
  endfacet
  facet normal 0.23344536385590417 0.9723699203976768 0
    outer loop
      vertex 21.629179606750064 34.85873218044581 2.5
      vertex 21.629179606750064 34.85873218044581 7.5
      vertex 21.81227864195172 34.81477399128583 2.5
    endloop
  endfacet
  facet normal 0 0 1
    outer loop
      vertex 20.814773991285833 35.81227864195172 2.5
      vertex 20.814773991285833 36.18772135804828 2.5
      vertex 20.8 36 2.5
    endloop
  endfacet
  facet normal 0 0 1
    outer loop
      vertex 20.858732180445816 35.629179606750064 2.5
      vertex 20.858732180445816 36.370820393249936 2.5
      vertex 20.814773991285833 35.81227864195172 2.5
    endloop
  endfacet
  facet normal 0 0 1
    outer loop
      vertex 20.814773991285833 35.81227864195172 2.5
      vertex 20.858732180445816 36.370820393249936 2.5
      vertex 20.814773991285833 36.18772135804828 2.5
    endloop
  endfacet
  facet normal 0 0 1
    outer loop
      vertex 20.858732180445816 35.629179606750064 2.5
      vertex 20.93079217097396 36.54478859968746 2.5
      vertex 20.858732180445816 36.370820393249936 2.5
    endloop
  endfacet
  facet normal 0 0 1
    outer loop
      vertex 20.858732180445816 35.629179606750064 2.5
      vertex 20.93079217097396 35.45521140031254 2.5
      vertex 20.93079217097396 36.54478859968746 2.5
    endloop
  endfacet
  facet normal 0 0 1
    outer loop
      vertex 21.029179606750063 35.29465769724903 2.5
      vertex 21.029179606750063 36.70534230275097 2.5
      vertex 20.93079217097396 35.45521140031254 2.5
    endloop
  endfacet
  facet normal 0 0 1
    outer loop
      vertex 21.15147186257614 35.151471862576145 2.5
      vertex 21.15147186257614 36.848528137423855 2.5
      vertex 21.029179606750063 35.29465769724903 2.5
    endloop
  endfacet
  facet normal 0 0 1
    outer loop
      vertex 20.93079217097396 35.45521140031254 2.5
      vertex 21.029179606750063 36.70534230275097 2.5
      vertex 20.93079217097396 36.54478859968746 2.5
    endloop
  endfacet
  facet normal 0 0 1
    outer loop
      vertex 21.029179606750063 35.29465769724903 2.5
      vertex 21.15147186257614 36.848528137423855 2.5
      vertex 21.029179606750063 36.70534230275097 2.5
    endloop
  endfacet
  facet normal 0 0 1
    outer loop
      vertex 21.294657697249033 35.02917960675006 2.5
      vertex 21.455211400312542 34.93079217097396 2.5
      vertex 21.455211400312542 37.06920782902604 2.5
    endloop
  endfacet
  facet normal 0 0 1
    outer loop
      vertex 21.455211400312542 34.93079217097396 2.5
      vertex 21.629179606750064 34.85873218044581 2.5
      vertex 21.629179606750064 37.14126781955419 2.5
    endloop
  endfacet
  facet normal 0 0 1
    outer loop
      vertex 21.15147186257614 35.151471862576145 2.5
      vertex 21.294657697249033 35.02917960675006 2.5
      vertex 21.294657697249033 36.97082039324994 2.5
    endloop
  endfacet
  facet normal 0 0 1
    outer loop
      vertex 21.15147186257614 35.151471862576145 2.5
      vertex 21.294657697249033 36.97082039324994 2.5
      vertex 21.15147186257614 36.848528137423855 2.5
    endloop
  endfacet
  facet normal 0 0 1
    outer loop
      vertex 21.294657697249033 35.02917960675006 2.5
      vertex 21.455211400312542 37.06920782902604 2.5
      vertex 21.294657697249033 36.97082039324994 2.5
    endloop
  endfacet
  facet normal 0 0 1
    outer loop
      vertex 21.455211400312542 34.93079217097396 2.5
      vertex 21.629179606750064 37.14126781955419 2.5
      vertex 21.455211400312542 37.06920782902604 2.5
    endloop
  endfacet
  facet normal 0 0 1
    outer loop
      vertex 21.629179606750064 34.85873218044581 2.5
      vertex 21.81227864195172 37.18522600871417 2.5
      vertex 21.629179606750064 37.14126781955419 2.5
    endloop
  endfacet
  facet normal 0.9238795325112893 0.3826834323650836 0
    outer loop
      vertex 20.858732180445816 35.629179606750064 2.5
      vertex 20.858732180445816 35.629179606750064 7.5
      vertex 20.93079217097396 35.45521140031254 2.5
    endloop
  endfacet
  facet normal 0.7604059656000242 0.6494480483301917 1.5749438708345657e-18
    outer loop
      vertex 21.15147186257614 35.151471862576145 2.5
      vertex 21.029179606750063 35.29465769724903 2.5
      vertex 21.029179606750063 35.29465769724903 7.5
    endloop
  endfacet
  facet normal 0.8526401643540964 0.5224985647159422 7.450916591701627e-19
    outer loop
      vertex 21.029179606750063 35.29465769724903 2.5
      vertex 20.93079217097396 35.45521140031254 2.5
      vertex 20.93079217097396 35.45521140031254 7.5
    endloop
  endfacet
  facet normal 0.9723699203976726 0.23344536385592202 -2.253720076969771e-19
    outer loop
      vertex 20.858732180445816 35.629179606750064 2.5
      vertex 20.814773991285833 35.81227864195172 2.5
      vertex 20.814773991285833 35.81227864195172 7.5
    endloop
  endfacet
  facet normal 0.9969173337331292 0.07845909572782986 1.0493489694765741e-19
    outer loop
      vertex 20.814773991285833 35.81227864195172 2.5
      vertex 20.8 36 2.5
      vertex 20.8 36 7.5
    endloop
  endfacet
  facet normal 0.9969173337331292 -0.07845909572782986 -1.0493489694765741e-19
    outer loop
      vertex 20.8 36 2.5
      vertex 20.814773991285833 36.18772135804828 2.5
      vertex 20.814773991285833 36.18772135804828 7.5
    endloop
  endfacet
  facet normal 0.9723699203976726 -0.23344536385592202 2.253720076969771e-19
    outer loop
      vertex 20.814773991285833 36.18772135804828 2.5
      vertex 20.858732180445816 36.370820393249936 2.5
      vertex 20.858732180445816 36.370820393249936 7.5
    endloop
  endfacet
  facet normal 0.6494480483301839 0.7604059656000306 0
    outer loop
      vertex 21.15147186257614 35.151471862576145 2.5
      vertex 21.15147186257614 35.151471862576145 7.5
      vertex 21.294657697249033 35.02917960675006 2.5
    endloop
  endfacet
  facet normal 0.5224985647159506 0.8526401643540912 0
    outer loop
      vertex 21.294657697249033 35.02917960675006 2.5
      vertex 21.294657697249033 35.02917960675006 7.5
      vertex 21.455211400312542 34.93079217097396 2.5
    endloop
  endfacet
  facet normal 0.3826834323650997 0.9238795325112826 0
    outer loop
      vertex 21.455211400312542 34.93079217097396 2.5
      vertex 21.455211400312542 34.93079217097396 7.5
      vertex 21.629179606750064 34.85873218044581 2.5
    endloop
  endfacet
  facet normal 0.9238795325112893 -0.3826834323650836 3.6161786593411663e-19
    outer loop
      vertex 20.858732180445816 36.370820393249936 2.5
      vertex 20.93079217097396 36.54478859968746 2.5
      vertex 20.93079217097396 36.54478859968746 7.5
    endloop
  endfacet
  facet normal 0.8526401643540964 -0.5224985647159422 -7.450916591701627e-19
    outer loop
      vertex 20.93079217097396 36.54478859968746 2.5
      vertex 21.029179606750063 36.70534230275097 2.5
      vertex 21.029179606750063 36.70534230275097 7.5
    endloop
  endfacet
  facet normal 0.7604059656000242 -0.6494480483301917 -1.5749438708345657e-18
    outer loop
      vertex 21.029179606750063 36.70534230275097 2.5
      vertex 21.15147186257614 36.848528137423855 2.5
      vertex 21.15147186257614 36.848528137423855 7.5
    endloop
  endfacet
  facet normal 0.6494480483301839 -0.7604059656000306 -1.2918093978658053e-18
    outer loop
      vertex 21.15147186257614 36.848528137423855 2.5
      vertex 21.294657697249033 36.97082039324994 2.5
      vertex 21.294657697249033 36.97082039324994 7.5
    endloop
  endfacet
  facet normal 0.5224985647159506 -0.8526401643540912 1.8081887990118107e-19
    outer loop
      vertex 21.294657697249033 36.97082039324994 2.5
      vertex 21.455211400312542 37.06920782902604 2.5
      vertex 21.455211400312542 37.06920782902604 7.5
    endloop
  endfacet
  facet normal 0.3826834323650997 -0.9238795325112826 8.902045927846083e-19
    outer loop
      vertex 21.455211400312542 37.06920782902604 2.5
      vertex 21.629179606750064 37.14126781955419 2.5
      vertex 21.629179606750064 37.14126781955419 7.5
    endloop
  endfacet
  facet normal 0.07845909572784861 0.9969173337331276 0
    outer loop
      vertex 21.81227864195172 34.81477399128583 2.5
      vertex 21.81227864195172 34.81477399128583 7.5
      vertex 22 34.8 2.5
    endloop
  endfacet
  facet normal -0.07845909572784861 0.9969173337331276 0
    outer loop
      vertex 22 34.8 2.5
      vertex 22 34.8 7.5
      vertex 22.18772135804828 34.81477399128583 2.5
    endloop
  endfacet
  facet normal -0.23344536385590417 0.9723699203976768 0
    outer loop
      vertex 22.18772135804828 34.81477399128583 2.5
      vertex 22.18772135804828 34.81477399128583 7.5
      vertex 22.370820393249936 34.85873218044581 2.5
    endloop
  endfacet
  facet normal -0.3826834323650997 0.9238795325112826 0
    outer loop
      vertex 22.370820393249936 34.85873218044581 2.5
      vertex 22.370820393249936 34.85873218044581 7.5
      vertex 22.544788599687458 34.93079217097396 2.5
    endloop
  endfacet
  facet normal 0 0 1
    outer loop
      vertex 21.629179606750064 34.85873218044581 2.5
      vertex 21.81227864195172 34.81477399128583 2.5
      vertex 21.81227864195172 37.18522600871417 2.5
    endloop
  endfacet
  facet normal 0 0 1
    outer loop
      vertex 21.81227864195172 34.81477399128583 2.5
      vertex 22 34.8 2.5
      vertex 22 37.2 2.5
    endloop
  endfacet
  facet normal 0 0 1
    outer loop
      vertex 22 34.8 2.5
      vertex 22.18772135804828 34.81477399128583 2.5
      vertex 22.18772135804828 37.18522600871417 2.5
    endloop
  endfacet
  facet normal 0 0 1
    outer loop
      vertex 21.81227864195172 34.81477399128583 2.5
      vertex 22 37.2 2.5
      vertex 21.81227864195172 37.18522600871417 2.5
    endloop
  endfacet
  facet normal 0 0 1
    outer loop
      vertex 22 34.8 2.5
      vertex 22.18772135804828 37.18522600871417 2.5
      vertex 22 37.2 2.5
    endloop
  endfacet
  facet normal 0 0 1
    outer loop
      vertex 22.18772135804828 34.81477399128583 2.5
      vertex 22.370820393249936 37.14126781955419 2.5
      vertex 22.18772135804828 37.18522600871417 2.5
    endloop
  endfacet
  facet normal 0 0 1
    outer loop
      vertex 22.18772135804828 34.81477399128583 2.5
      vertex 22.370820393249936 34.85873218044581 2.5
      vertex 22.370820393249936 37.14126781955419 2.5
    endloop
  endfacet
  facet normal 0 0 1
    outer loop
      vertex 22.370820393249936 34.85873218044581 2.5
      vertex 22.544788599687458 34.93079217097396 2.5
      vertex 22.544788599687458 37.06920782902604 2.5
    endloop
  endfacet
  facet normal 0 0 1
    outer loop
      vertex 22.544788599687458 34.93079217097396 2.5
      vertex 22.705342302750967 35.02917960675006 2.5
      vertex 22.705342302750967 36.97082039324994 2.5
    endloop
  endfacet
  facet normal 0 0 1
    outer loop
      vertex 22.705342302750967 35.02917960675006 2.5
      vertex 22.84852813742386 35.151471862576145 2.5
      vertex 22.84852813742386 36.848528137423855 2.5
    endloop
  endfacet
  facet normal 0 0 1
    outer loop
      vertex 22.370820393249936 34.85873218044581 2.5
      vertex 22.544788599687458 37.06920782902604 2.5
      vertex 22.370820393249936 37.14126781955419 2.5
    endloop
  endfacet
  facet normal 0 0 1
    outer loop
      vertex 22.544788599687458 34.93079217097396 2.5
      vertex 22.705342302750967 36.97082039324994 2.5
      vertex 22.544788599687458 37.06920782902604 2.5
    endloop
  endfacet
  facet normal 0 0 1
    outer loop
      vertex 22.705342302750967 35.02917960675006 2.5
      vertex 22.84852813742386 36.848528137423855 2.5
      vertex 22.705342302750967 36.97082039324994 2.5
    endloop
  endfacet
  facet normal 0 0 1
    outer loop
      vertex 22.84852813742386 35.151471862576145 2.5
      vertex 22.970820393249937 35.29465769724903 2.5
      vertex 22.970820393249937 36.70534230275097 2.5
    endloop
  endfacet
  facet normal 0 0 1
    outer loop
      vertex 22.970820393249937 35.29465769724903 2.5
      vertex 23.06920782902604 35.45521140031254 2.5
      vertex 23.06920782902604 36.54478859968746 2.5
    endloop
  endfacet
  facet normal 0 0 1
    outer loop
      vertex 22.84852813742386 35.151471862576145 2.5
      vertex 22.970820393249937 36.70534230275097 2.5
      vertex 22.84852813742386 36.848528137423855 2.5
    endloop
  endfacet
  facet normal 0 0 1
    outer loop
      vertex 22.970820393249937 35.29465769724903 2.5
      vertex 23.06920782902604 36.54478859968746 2.5
      vertex 22.970820393249937 36.70534230275097 2.5
    endloop
  endfacet
  facet normal 0 0 1
    outer loop
      vertex 23.06920782902604 35.45521140031254 2.5
      vertex 23.141267819554184 35.629179606750064 2.5
      vertex 23.141267819554184 36.370820393249936 2.5
    endloop
  endfacet
  facet normal 0 0 1
    outer loop
      vertex 23.141267819554184 35.629179606750064 2.5
      vertex 23.185226008714167 35.81227864195172 2.5
      vertex 23.185226008714167 36.18772135804828 2.5
    endloop
  endfacet
  facet normal 0 0 1
    outer loop
      vertex 23.185226008714167 35.81227864195172 2.5
      vertex 23.2 36 2.5
      vertex 23.185226008714167 36.18772135804828 2.5
    endloop
  endfacet
  facet normal 0 0 1
    outer loop
      vertex 23.141267819554184 35.629179606750064 2.5
      vertex 23.185226008714167 36.18772135804828 2.5
      vertex 23.141267819554184 36.370820393249936 2.5
    endloop
  endfacet
  facet normal 0 0 1
    outer loop
      vertex 23.06920782902604 35.45521140031254 2.5
      vertex 23.141267819554184 36.370820393249936 2.5
      vertex 23.06920782902604 36.54478859968746 2.5
    endloop
  endfacet
  facet normal -0.5224985647159506 0.8526401643540912 0
    outer loop
      vertex 22.544788599687458 34.93079217097396 2.5
      vertex 22.544788599687458 34.93079217097396 7.5
      vertex 22.705342302750967 35.02917960675006 2.5
    endloop
  endfacet
  facet normal -0.6494480483301839 0.7604059656000306 0
    outer loop
      vertex 22.705342302750967 35.02917960675006 2.5
      vertex 22.705342302750967 35.02917960675006 7.5
      vertex 22.84852813742386 35.151471862576145 2.5
    endloop
  endfacet
  facet normal 0.23344536385590417 -0.9723699203976768 2.49648516567837e-19
    outer loop
      vertex 21.629179606750064 37.14126781955419 2.5
      vertex 21.81227864195172 37.18522600871417 2.5
      vertex 21.81227864195172 37.18522600871417 7.5
    endloop
  endfacet
  facet normal 0.07845909572784861 -0.9969173337331276 -1.9090322987829834e-19
    outer loop
      vertex 21.81227864195172 37.18522600871417 2.5
      vertex 22 37.2 2.5
      vertex 22 37.2 7.5
    endloop
  endfacet
  facet normal -0.07845909572784861 -0.9969173337331276 1.9090322987829834e-19
    outer loop
      vertex 22 37.2 2.5
      vertex 22.18772135804828 37.18522600871417 2.5
      vertex 22.18772135804828 37.18522600871417 7.5
    endloop
  endfacet
  facet normal -0.23344536385590417 -0.9723699203976768 -2.49648516567837e-19
    outer loop
      vertex 22.18772135804828 37.18522600871417 2.5
      vertex 22.370820393249936 37.14126781955419 2.5
      vertex 22.370820393249936 37.14126781955419 7.5
    endloop
  endfacet
  facet normal -0.3826834323650997 -0.9238795325112826 -8.902045927846083e-19
    outer loop
      vertex 22.370820393249936 37.14126781955419 2.5
      vertex 22.544788599687458 37.06920782902604 2.5
      vertex 22.544788599687458 37.06920782902604 7.5
    endloop
  endfacet
  facet normal -0.5224985647159506 -0.8526401643540912 -1.8081887990118107e-19
    outer loop
      vertex 22.544788599687458 37.06920782902604 2.5
      vertex 22.705342302750967 36.97082039324994 2.5
      vertex 22.705342302750967 36.97082039324994 7.5
    endloop
  endfacet
  facet normal -0.6494480483301839 -0.7604059656000306 1.2918093978658053e-18
    outer loop
      vertex 22.705342302750967 36.97082039324994 2.5
      vertex 22.84852813742386 36.848528137423855 2.5
      vertex 22.84852813742386 36.848528137423855 7.5
    endloop
  endfacet
  facet normal -0.7604059656000242 0.6494480483301917 0
    outer loop
      vertex 22.84852813742386 35.151471862576145 2.5
      vertex 22.84852813742386 35.151471862576145 7.5
      vertex 22.970820393249937 35.29465769724903 2.5
    endloop
  endfacet
  facet normal -0.8526401643540964 0.5224985647159422 0
    outer loop
      vertex 22.970820393249937 35.29465769724903 2.5
      vertex 22.970820393249937 35.29465769724903 7.5
      vertex 23.06920782902604 35.45521140031254 2.5
    endloop
  endfacet
  facet normal -0.9238795325112893 0.3826834323650836 0
    outer loop
      vertex 23.06920782902604 35.45521140031254 2.5
      vertex 23.06920782902604 35.45521140031254 7.5
      vertex 23.141267819554184 35.629179606750064 2.5
    endloop
  endfacet
  facet normal -0.9723699203976726 0.23344536385592202 0
    outer loop
      vertex 23.141267819554184 35.629179606750064 2.5
      vertex 23.141267819554184 35.629179606750064 7.5
      vertex 23.185226008714167 35.81227864195172 2.5
    endloop
  endfacet
  facet normal -0.9969173337331292 0.07845909572782986 0
    outer loop
      vertex 23.185226008714167 35.81227864195172 2.5
      vertex 23.185226008714167 35.81227864195172 7.5
      vertex 23.2 36 2.5
    endloop
  endfacet
  facet normal -0.9969173337331292 -0.07845909572782986 0
    outer loop
      vertex 23.2 36 2.5
      vertex 23.2 36 7.5
      vertex 23.185226008714167 36.18772135804828 2.5
    endloop
  endfacet
  facet normal -0.9723699203976726 -0.23344536385592202 0
    outer loop
      vertex 23.185226008714167 36.18772135804828 2.5
      vertex 23.185226008714167 36.18772135804828 7.5
      vertex 23.141267819554184 36.370820393249936 2.5
    endloop
  endfacet
  facet normal -0.9238795325112893 -0.3826834323650836 -3.6161786593411663e-19
    outer loop
      vertex 23.06920782902604 36.54478859968746 2.5
      vertex 23.141267819554184 36.370820393249936 2.5
      vertex 23.141267819554184 36.370820393249936 7.5
    endloop
  endfacet
  facet normal -0.7604059656000242 -0.6494480483301917 0
    outer loop
      vertex 22.970820393249937 36.70534230275097 2.5
      vertex 22.970820393249937 36.70534230275097 7.5
      vertex 22.84852813742386 36.848528137423855 2.5
    endloop
  endfacet
  facet normal -0.8526401643540964 -0.5224985647159422 0
    outer loop
      vertex 23.06920782902604 36.54478859968746 2.5
      vertex 23.06920782902604 36.54478859968746 7.5
      vertex 22.970820393249937 36.70534230275097 2.5
    endloop
  endfacet
  facet normal 0.3826834323650997 0.9238795325112826 0
    outer loop
      vertex 21.629179606750064 34.85873218044581 2.5
      vertex 21.455211400312542 34.93079217097396 7.5
      vertex 21.629179606750064 34.85873218044581 7.5
    endloop
  endfacet
  facet normal 0.7604059656000242 0.6494480483301917 0
    outer loop
      vertex 21.15147186257614 35.151471862576145 2.5
      vertex 21.029179606750063 35.29465769724903 7.5
      vertex 21.15147186257614 35.151471862576145 7.5
    endloop
  endfacet
  facet normal 0.8526401643540964 0.5224985647159422 0
    outer loop
      vertex 21.029179606750063 35.29465769724903 2.5
      vertex 20.93079217097396 35.45521140031254 7.5
      vertex 21.029179606750063 35.29465769724903 7.5
    endloop
  endfacet
  facet normal 0.9238795325112893 0.3826834323650836 0
    outer loop
      vertex 20.93079217097396 35.45521140031254 2.5
      vertex 20.858732180445816 35.629179606750064 7.5
      vertex 20.93079217097396 35.45521140031254 7.5
    endloop
  endfacet
  facet normal 0.9969173337331292 0.07845909572782986 0
    outer loop
      vertex 20.814773991285833 35.81227864195172 2.5
      vertex 20.8 36 7.5
      vertex 20.814773991285833 35.81227864195172 7.5
    endloop
  endfacet
  facet normal 0.9723699203976726 0.23344536385592202 0
    outer loop
      vertex 20.858732180445816 35.629179606750064 2.5
      vertex 20.814773991285833 35.81227864195172 7.5
      vertex 20.858732180445816 35.629179606750064 7.5
    endloop
  endfacet
  facet normal 0.9969173337331292 -0.07845909572782986 0
    outer loop
      vertex 20.8 36 2.5
      vertex 20.814773991285833 36.18772135804828 7.5
      vertex 20.8 36 7.5
    endloop
  endfacet
  facet normal 0.9723699203976726 -0.23344536385592202 0
    outer loop
      vertex 20.814773991285833 36.18772135804828 2.5
      vertex 20.858732180445816 36.370820393249936 7.5
      vertex 20.814773991285833 36.18772135804828 7.5
    endloop
  endfacet
  facet normal 0.9238795325112893 -0.3826834323650836 0
    outer loop
      vertex 20.858732180445816 36.370820393249936 2.5
      vertex 20.93079217097396 36.54478859968746 7.5
      vertex 20.858732180445816 36.370820393249936 7.5
    endloop
  endfacet
  facet normal 0.6494480483301839 0.7604059656000306 0
    outer loop
      vertex 21.294657697249033 35.02917960675006 2.5
      vertex 21.15147186257614 35.151471862576145 7.5
      vertex 21.294657697249033 35.02917960675006 7.5
    endloop
  endfacet
  facet normal 0.5224985647159506 0.8526401643540912 0
    outer loop
      vertex 21.455211400312542 34.93079217097396 2.5
      vertex 21.294657697249033 35.02917960675006 7.5
      vertex 21.455211400312542 34.93079217097396 7.5
    endloop
  endfacet
  facet normal 0.8526401643540964 -0.5224985647159422 0
    outer loop
      vertex 20.93079217097396 36.54478859968746 2.5
      vertex 21.029179606750063 36.70534230275097 7.5
      vertex 20.93079217097396 36.54478859968746 7.5
    endloop
  endfacet
  facet normal 0.7604059656000242 -0.6494480483301917 0
    outer loop
      vertex 21.029179606750063 36.70534230275097 2.5
      vertex 21.15147186257614 36.848528137423855 7.5
      vertex 21.029179606750063 36.70534230275097 7.5
    endloop
  endfacet
  facet normal 0.6494480483301839 -0.7604059656000306 0
    outer loop
      vertex 21.15147186257614 36.848528137423855 2.5
      vertex 21.294657697249033 36.97082039324994 7.5
      vertex 21.15147186257614 36.848528137423855 7.5
    endloop
  endfacet
  facet normal 0.5224985647159506 -0.8526401643540912 0
    outer loop
      vertex 21.294657697249033 36.97082039324994 2.5
      vertex 21.455211400312542 37.06920782902604 7.5
      vertex 21.294657697249033 36.97082039324994 7.5
    endloop
  endfacet
  facet normal 0.3826834323650997 -0.9238795325112826 0
    outer loop
      vertex 21.455211400312542 37.06920782902604 2.5
      vertex 21.629179606750064 37.14126781955419 7.5
      vertex 21.455211400312542 37.06920782902604 7.5
    endloop
  endfacet
  facet normal 0.23344536385590417 -0.9723699203976768 0
    outer loop
      vertex 21.629179606750064 37.14126781955419 2.5
      vertex 21.81227864195172 37.18522600871417 7.5
      vertex 21.629179606750064 37.14126781955419 7.5
    endloop
  endfacet
  facet normal 0.23344536385590417 0.9723699203976768 0
    outer loop
      vertex 21.81227864195172 34.81477399128583 2.5
      vertex 21.629179606750064 34.85873218044581 7.5
      vertex 21.81227864195172 34.81477399128583 7.5
    endloop
  endfacet
  facet normal 0.07845909572784861 0.9969173337331276 0
    outer loop
      vertex 22 34.8 2.5
      vertex 21.81227864195172 34.81477399128583 7.5
      vertex 22 34.8 7.5
    endloop
  endfacet
  facet normal -0.07845909572784861 0.9969173337331276 0
    outer loop
      vertex 22.18772135804828 34.81477399128583 2.5
      vertex 22 34.8 7.5
      vertex 22.18772135804828 34.81477399128583 7.5
    endloop
  endfacet
  facet normal -0.23344536385590417 0.9723699203976768 0
    outer loop
      vertex 22.370820393249936 34.85873218044581 2.5
      vertex 22.18772135804828 34.81477399128583 7.5
      vertex 22.370820393249936 34.85873218044581 7.5
    endloop
  endfacet
  facet normal -0.3826834323650997 0.9238795325112826 0
    outer loop
      vertex 22.544788599687458 34.93079217097396 2.5
      vertex 22.370820393249936 34.85873218044581 7.5
      vertex 22.544788599687458 34.93079217097396 7.5
    endloop
  endfacet
  facet normal -0.5224985647159506 0.8526401643540912 0
    outer loop
      vertex 22.705342302750967 35.02917960675006 2.5
      vertex 22.544788599687458 34.93079217097396 7.5
      vertex 22.705342302750967 35.02917960675006 7.5
    endloop
  endfacet
  facet normal -0.6494480483301839 0.7604059656000306 0
    outer loop
      vertex 22.84852813742386 35.151471862576145 2.5
      vertex 22.705342302750967 35.02917960675006 7.5
      vertex 22.84852813742386 35.151471862576145 7.5
    endloop
  endfacet
  facet normal 0.07845909572784861 -0.9969173337331276 0
    outer loop
      vertex 21.81227864195172 37.18522600871417 2.5
      vertex 22 37.2 7.5
      vertex 21.81227864195172 37.18522600871417 7.5
    endloop
  endfacet
  facet normal -0.07845909572784861 -0.9969173337331276 0
    outer loop
      vertex 22 37.2 2.5
      vertex 22.18772135804828 37.18522600871417 7.5
      vertex 22 37.2 7.5
    endloop
  endfacet
  facet normal -0.23344536385590417 -0.9723699203976768 0
    outer loop
      vertex 22.18772135804828 37.18522600871417 2.5
      vertex 22.370820393249936 37.14126781955419 7.5
      vertex 22.18772135804828 37.18522600871417 7.5
    endloop
  endfacet
  facet normal -0.3826834323650997 -0.9238795325112826 0
    outer loop
      vertex 22.370820393249936 37.14126781955419 2.5
      vertex 22.544788599687458 37.06920782902604 7.5
      vertex 22.370820393249936 37.14126781955419 7.5
    endloop
  endfacet
  facet normal -0.5224985647159506 -0.8526401643540912 0
    outer loop
      vertex 22.544788599687458 37.06920782902604 2.5
      vertex 22.705342302750967 36.97082039324994 7.5
      vertex 22.544788599687458 37.06920782902604 7.5
    endloop
  endfacet
  facet normal -0.6494480483301839 -0.7604059656000306 0
    outer loop
      vertex 22.705342302750967 36.97082039324994 2.5
      vertex 22.84852813742386 36.848528137423855 7.5
      vertex 22.705342302750967 36.97082039324994 7.5
    endloop
  endfacet
  facet normal -0.7604059656000242 0.6494480483301917 0
    outer loop
      vertex 22.970820393249937 35.29465769724903 2.5
      vertex 22.84852813742386 35.151471862576145 7.5
      vertex 22.970820393249937 35.29465769724903 7.5
    endloop
  endfacet
  facet normal -0.8526401643540964 0.5224985647159422 0
    outer loop
      vertex 23.06920782902604 35.45521140031254 2.5
      vertex 22.970820393249937 35.29465769724903 7.5
      vertex 23.06920782902604 35.45521140031254 7.5
    endloop
  endfacet
  facet normal -0.9238795325112893 0.3826834323650836 0
    outer loop
      vertex 23.141267819554184 35.629179606750064 2.5
      vertex 23.06920782902604 35.45521140031254 7.5
      vertex 23.141267819554184 35.629179606750064 7.5
    endloop
  endfacet
  facet normal -0.9723699203976726 0.23344536385592202 0
    outer loop
      vertex 23.185226008714167 35.81227864195172 2.5
      vertex 23.141267819554184 35.629179606750064 7.5
      vertex 23.185226008714167 35.81227864195172 7.5
    endloop
  endfacet
  facet normal -0.9969173337331292 0.07845909572782986 0
    outer loop
      vertex 23.2 36 2.5
      vertex 23.185226008714167 35.81227864195172 7.5
      vertex 23.2 36 7.5
    endloop
  endfacet
  facet normal -0.9969173337331292 -0.07845909572782986 0
    outer loop
      vertex 23.185226008714167 36.18772135804828 2.5
      vertex 23.2 36 7.5
      vertex 23.185226008714167 36.18772135804828 7.5
    endloop
  endfacet
  facet normal -0.9723699203976726 -0.23344536385592202 0
    outer loop
      vertex 23.141267819554184 36.370820393249936 2.5
      vertex 23.185226008714167 36.18772135804828 7.5
      vertex 23.141267819554184 36.370820393249936 7.5
    endloop
  endfacet
  facet normal -0.7604059656000242 -0.6494480483301917 0
    outer loop
      vertex 22.84852813742386 36.848528137423855 2.5
      vertex 22.970820393249937 36.70534230275097 7.5
      vertex 22.84852813742386 36.848528137423855 7.5
    endloop
  endfacet
  facet normal -0.8526401643540964 -0.5224985647159422 0
    outer loop
      vertex 22.970820393249937 36.70534230275097 2.5
      vertex 23.06920782902604 36.54478859968746 7.5
      vertex 22.970820393249937 36.70534230275097 7.5
    endloop
  endfacet
  facet normal -0.9238795325112893 -0.3826834323650836 0
    outer loop
      vertex 23.06920782902604 36.54478859968746 2.5
      vertex 23.141267819554184 36.370820393249936 7.5
      vertex 23.06920782902604 36.54478859968746 7.5
    endloop
  endfacet
  facet normal 0.23344536385590417 0.9723699203976768 -2.49648516567837e-19
    outer loop
      vertex -22.18772135804828 34.81477399128583 2.5
      vertex -22.370820393249936 34.85873218044581 2.5
      vertex -22.370820393249936 34.85873218044581 7.5
    endloop
  endfacet
  facet normal 0.07845909572784861 0.9969173337331276 0
    outer loop
      vertex -22.18772135804828 34.81477399128583 2.5
      vertex -22.18772135804828 34.81477399128583 7.5
      vertex -22 34.8 2.5
    endloop
  endfacet
  facet normal -0.07845909572784861 0.9969173337331276 0
    outer loop
      vertex -22 34.8 2.5
      vertex -22 34.8 7.5
      vertex -21.81227864195172 34.81477399128583 2.5
    endloop
  endfacet
  facet normal -0.23344536385590417 0.9723699203976768 0
    outer loop
      vertex -21.81227864195172 34.81477399128583 2.5
      vertex -21.81227864195172 34.81477399128583 7.5
      vertex -21.629179606750064 34.85873218044581 2.5
    endloop
  endfacet
  facet normal 0 0 1
    outer loop
      vertex -23.141267819554184 35.629179606750064 2.5
      vertex -23.06920782902604 35.45521140031254 2.5
      vertex -23.06920782902604 36.54478859968746 2.5
    endloop
  endfacet
  facet normal 0 0 1
    outer loop
      vertex -23.141267819554184 35.629179606750064 2.5
      vertex -23.141267819554184 36.370820393249936 2.5
      vertex -23.185226008714167 35.81227864195172 2.5
    endloop
  endfacet
  facet normal 0 0 1
    outer loop
      vertex -23.185226008714167 35.81227864195172 2.5
      vertex -23.185226008714167 36.18772135804828 2.5
      vertex -23.2 36 2.5
    endloop
  endfacet
  facet normal 0 0 1
    outer loop
      vertex -23.185226008714167 35.81227864195172 2.5
      vertex -23.141267819554184 36.370820393249936 2.5
      vertex -23.185226008714167 36.18772135804828 2.5
    endloop
  endfacet
  facet normal 0 0 1
    outer loop
      vertex -23.141267819554184 35.629179606750064 2.5
      vertex -23.06920782902604 36.54478859968746 2.5
      vertex -23.141267819554184 36.370820393249936 2.5
    endloop
  endfacet
  facet normal 0 0 1
    outer loop
      vertex -22.970820393249937 35.29465769724903 2.5
      vertex -22.970820393249937 36.70534230275097 2.5
      vertex -23.06920782902604 35.45521140031254 2.5
    endloop
  endfacet
  facet normal 0 0 1
    outer loop
      vertex -22.970820393249937 35.29465769724903 2.5
      vertex -22.84852813742386 35.151471862576145 2.5
      vertex -22.84852813742386 36.848528137423855 2.5
    endloop
  endfacet
  facet normal 0 0 1
    outer loop
      vertex -23.06920782902604 35.45521140031254 2.5
      vertex -22.970820393249937 36.70534230275097 2.5
      vertex -23.06920782902604 36.54478859968746 2.5
    endloop
  endfacet
  facet normal 0 0 1
    outer loop
      vertex -22.970820393249937 35.29465769724903 2.5
      vertex -22.84852813742386 36.848528137423855 2.5
      vertex -22.970820393249937 36.70534230275097 2.5
    endloop
  endfacet
  facet normal 0 0 1
    outer loop
      vertex -22.705342302750967 35.02917960675006 2.5
      vertex -22.544788599687458 34.93079217097396 2.5
      vertex -22.544788599687458 37.06920782902604 2.5
    endloop
  endfacet
  facet normal 0 0 1
    outer loop
      vertex -22.544788599687458 34.93079217097396 2.5
      vertex -22.370820393249936 34.85873218044581 2.5
      vertex -22.370820393249936 37.14126781955419 2.5
    endloop
  endfacet
  facet normal 0 0 1
    outer loop
      vertex -22.84852813742386 35.151471862576145 2.5
      vertex -22.705342302750967 35.02917960675006 2.5
      vertex -22.705342302750967 36.97082039324994 2.5
    endloop
  endfacet
  facet normal 0 0 1
    outer loop
      vertex -22.84852813742386 35.151471862576145 2.5
      vertex -22.705342302750967 36.97082039324994 2.5
      vertex -22.84852813742386 36.848528137423855 2.5
    endloop
  endfacet
  facet normal 0 0 1
    outer loop
      vertex -22.705342302750967 35.02917960675006 2.5
      vertex -22.544788599687458 37.06920782902604 2.5
      vertex -22.705342302750967 36.97082039324994 2.5
    endloop
  endfacet
  facet normal 0 0 1
    outer loop
      vertex -22.544788599687458 34.93079217097396 2.5
      vertex -22.370820393249936 37.14126781955419 2.5
      vertex -22.544788599687458 37.06920782902604 2.5
    endloop
  endfacet
  facet normal 0 0 1
    outer loop
      vertex -22.370820393249936 34.85873218044581 2.5
      vertex -22.18772135804828 37.18522600871417 2.5
      vertex -22.370820393249936 37.14126781955419 2.5
    endloop
  endfacet
  facet normal 0 0 1
    outer loop
      vertex -22.18772135804828 34.81477399128583 2.5
      vertex -22.18772135804828 37.18522600871417 2.5
      vertex -22.370820393249936 34.85873218044581 2.5
    endloop
  endfacet
  facet normal 0 0 1
    outer loop
      vertex -22.18772135804828 34.81477399128583 2.5
      vertex -22 34.8 2.5
      vertex -22 37.2 2.5
    endloop
  endfacet
  facet normal 0 0 1
    outer loop
      vertex -22 34.8 2.5
      vertex -21.81227864195172 34.81477399128583 2.5
      vertex -21.81227864195172 37.18522600871417 2.5
    endloop
  endfacet
  facet normal 0 0 1
    outer loop
      vertex -22.18772135804828 34.81477399128583 2.5
      vertex -22 37.2 2.5
      vertex -22.18772135804828 37.18522600871417 2.5
    endloop
  endfacet
  facet normal 0 0 1
    outer loop
      vertex -22 34.8 2.5
      vertex -21.81227864195172 37.18522600871417 2.5
      vertex -22 37.2 2.5
    endloop
  endfacet
  facet normal 0 0 1
    outer loop
      vertex -21.81227864195172 34.81477399128583 2.5
      vertex -21.629179606750064 37.14126781955419 2.5
      vertex -21.81227864195172 37.18522600871417 2.5
    endloop
  endfacet
  facet normal 0.9238795325112893 0.3826834323650836 0
    outer loop
      vertex -23.141267819554184 35.629179606750064 2.5
      vertex -23.141267819554184 35.629179606750064 7.5
      vertex -23.06920782902604 35.45521140031254 2.5
    endloop
  endfacet
  facet normal 0.7604059656000242 0.6494480483301917 0
    outer loop
      vertex -22.970820393249937 35.29465769724903 2.5
      vertex -22.970820393249937 35.29465769724903 7.5
      vertex -22.84852813742386 35.151471862576145 2.5
    endloop
  endfacet
  facet normal 0.8526401643540964 0.5224985647159422 7.450916591701627e-19
    outer loop
      vertex -22.970820393249937 35.29465769724903 2.5
      vertex -23.06920782902604 35.45521140031254 2.5
      vertex -23.06920782902604 35.45521140031254 7.5
    endloop
  endfacet
  facet normal 0.9723699203976726 0.23344536385592202 -2.253720076969771e-19
    outer loop
      vertex -23.141267819554184 35.629179606750064 2.5
      vertex -23.185226008714167 35.81227864195172 2.5
      vertex -23.185226008714167 35.81227864195172 7.5
    endloop
  endfacet
  facet normal 0.9969173337331292 0.07845909572782986 1.0493489694765741e-19
    outer loop
      vertex -23.185226008714167 35.81227864195172 2.5
      vertex -23.2 36 2.5
      vertex -23.2 36 7.5
    endloop
  endfacet
  facet normal 0.9969173337331292 -0.07845909572782986 -1.0493489694765741e-19
    outer loop
      vertex -23.2 36 2.5
      vertex -23.185226008714167 36.18772135804828 2.5
      vertex -23.185226008714167 36.18772135804828 7.5
    endloop
  endfacet
  facet normal 0.9723699203976726 -0.23344536385592202 2.253720076969771e-19
    outer loop
      vertex -23.185226008714167 36.18772135804828 2.5
      vertex -23.141267819554184 36.370820393249936 2.5
      vertex -23.141267819554184 36.370820393249936 7.5
    endloop
  endfacet
  facet normal 0.9238795325112893 -0.3826834323650836 3.6161786593411663e-19
    outer loop
      vertex -23.141267819554184 36.370820393249936 2.5
      vertex -23.06920782902604 36.54478859968746 2.5
      vertex -23.06920782902604 36.54478859968746 7.5
    endloop
  endfacet
  facet normal 0.8526401643540964 -0.5224985647159422 -7.450916591701627e-19
    outer loop
      vertex -23.06920782902604 36.54478859968746 2.5
      vertex -22.970820393249937 36.70534230275097 2.5
      vertex -22.970820393249937 36.70534230275097 7.5
    endloop
  endfacet
  facet normal 0.7604059656000242 -0.6494480483301917 -1.5749438708345657e-18
    outer loop
      vertex -22.970820393249937 36.70534230275097 2.5
      vertex -22.84852813742386 36.848528137423855 2.5
      vertex -22.84852813742386 36.848528137423855 7.5
    endloop
  endfacet
  facet normal 0.6494480483301839 0.7604059656000306 0
    outer loop
      vertex -22.84852813742386 35.151471862576145 2.5
      vertex -22.84852813742386 35.151471862576145 7.5
      vertex -22.705342302750967 35.02917960675006 2.5
    endloop
  endfacet
  facet normal 0.5224985647159506 0.8526401643540912 0
    outer loop
      vertex -22.705342302750967 35.02917960675006 2.5
      vertex -22.705342302750967 35.02917960675006 7.5
      vertex -22.544788599687458 34.93079217097396 2.5
    endloop
  endfacet
  facet normal 0.3826834323650997 0.9238795325112826 0
    outer loop
      vertex -22.544788599687458 34.93079217097396 2.5
      vertex -22.544788599687458 34.93079217097396 7.5
      vertex -22.370820393249936 34.85873218044581 2.5
    endloop
  endfacet
  facet normal 0.6494480483301839 -0.7604059656000306 -1.2918093978658053e-18
    outer loop
      vertex -22.84852813742386 36.848528137423855 2.5
      vertex -22.705342302750967 36.97082039324994 2.5
      vertex -22.705342302750967 36.97082039324994 7.5
    endloop
  endfacet
  facet normal 0.5224985647159506 -0.8526401643540912 1.8081887990118107e-19
    outer loop
      vertex -22.705342302750967 36.97082039324994 2.5
      vertex -22.544788599687458 37.06920782902604 2.5
      vertex -22.544788599687458 37.06920782902604 7.5
    endloop
  endfacet
  facet normal 0.3826834323650997 -0.9238795325112826 8.902045927846083e-19
    outer loop
      vertex -22.544788599687458 37.06920782902604 2.5
      vertex -22.370820393249936 37.14126781955419 2.5
      vertex -22.370820393249936 37.14126781955419 7.5
    endloop
  endfacet
  facet normal 0.23344536385590417 -0.9723699203976768 2.49648516567837e-19
    outer loop
      vertex -22.370820393249936 37.14126781955419 2.5
      vertex -22.18772135804828 37.18522600871417 2.5
      vertex -22.18772135804828 37.18522600871417 7.5
    endloop
  endfacet
  facet normal 0.07845909572784861 -0.9969173337331276 -1.9090322987829834e-19
    outer loop
      vertex -22.18772135804828 37.18522600871417 2.5
      vertex -22 37.2 2.5
      vertex -22 37.2 7.5
    endloop
  endfacet
  facet normal -0.07845909572784861 -0.9969173337331276 1.9090322987829834e-19
    outer loop
      vertex -22 37.2 2.5
      vertex -21.81227864195172 37.18522600871417 2.5
      vertex -21.81227864195172 37.18522600871417 7.5
    endloop
  endfacet
  facet normal -0.3826834323650997 0.9238795325112826 0
    outer loop
      vertex -21.629179606750064 34.85873218044581 2.5
      vertex -21.629179606750064 34.85873218044581 7.5
      vertex -21.455211400312542 34.93079217097396 2.5
    endloop
  endfacet
  facet normal 0 0 1
    outer loop
      vertex -21.81227864195172 34.81477399128583 2.5
      vertex -21.629179606750064 34.85873218044581 2.5
      vertex -21.629179606750064 37.14126781955419 2.5
    endloop
  endfacet
  facet normal 0 0 1
    outer loop
      vertex -21.629179606750064 34.85873218044581 2.5
      vertex -21.455211400312542 34.93079217097396 2.5
      vertex -21.455211400312542 37.06920782902604 2.5
    endloop
  endfacet
  facet normal 0 0 1
    outer loop
      vertex -21.455211400312542 34.93079217097396 2.5
      vertex -21.294657697249033 35.02917960675006 2.5
      vertex -21.294657697249033 36.97082039324994 2.5
    endloop
  endfacet
  facet normal 0 0 1
    outer loop
      vertex -21.294657697249033 35.02917960675006 2.5
      vertex -21.15147186257614 35.151471862576145 2.5
      vertex -21.15147186257614 36.848528137423855 2.5
    endloop
  endfacet
  facet normal 0 0 1
    outer loop
      vertex -21.629179606750064 34.85873218044581 2.5
      vertex -21.455211400312542 37.06920782902604 2.5
      vertex -21.629179606750064 37.14126781955419 2.5
    endloop
  endfacet
  facet normal 0 0 1
    outer loop
      vertex -21.455211400312542 34.93079217097396 2.5
      vertex -21.294657697249033 36.97082039324994 2.5
      vertex -21.455211400312542 37.06920782902604 2.5
    endloop
  endfacet
  facet normal 0 0 1
    outer loop
      vertex -21.294657697249033 35.02917960675006 2.5
      vertex -21.15147186257614 36.848528137423855 2.5
      vertex -21.294657697249033 36.97082039324994 2.5
    endloop
  endfacet
  facet normal 0 0 1
    outer loop
      vertex -21.15147186257614 35.151471862576145 2.5
      vertex -21.029179606750063 35.29465769724903 2.5
      vertex -21.029179606750063 36.70534230275097 2.5
    endloop
  endfacet
  facet normal 0 0 1
    outer loop
      vertex -21.029179606750063 35.29465769724903 2.5
      vertex -20.93079217097396 35.45521140031254 2.5
      vertex -20.93079217097396 36.54478859968746 2.5
    endloop
  endfacet
  facet normal 0 0 1
    outer loop
      vertex -21.15147186257614 35.151471862576145 2.5
      vertex -21.029179606750063 36.70534230275097 2.5
      vertex -21.15147186257614 36.848528137423855 2.5
    endloop
  endfacet
  facet normal 0 0 1
    outer loop
      vertex -21.029179606750063 35.29465769724903 2.5
      vertex -20.93079217097396 36.54478859968746 2.5
      vertex -21.029179606750063 36.70534230275097 2.5
    endloop
  endfacet
  facet normal 0 0 1
    outer loop
      vertex -20.93079217097396 35.45521140031254 2.5
      vertex -20.858732180445816 36.370820393249936 2.5
      vertex -20.93079217097396 36.54478859968746 2.5
    endloop
  endfacet
  facet normal 0 0 1
    outer loop
      vertex -20.93079217097396 35.45521140031254 2.5
      vertex -20.858732180445816 35.629179606750064 2.5
      vertex -20.858732180445816 36.370820393249936 2.5
    endloop
  endfacet
  facet normal 0 0 1
    outer loop
      vertex -20.858732180445816 35.629179606750064 2.5
      vertex -20.814773991285833 35.81227864195172 2.5
      vertex -20.814773991285833 36.18772135804828 2.5
    endloop
  endfacet
  facet normal 0 0 1
    outer loop
      vertex -20.858732180445816 35.629179606750064 2.5
      vertex -20.814773991285833 36.18772135804828 2.5
      vertex -20.858732180445816 36.370820393249936 2.5
    endloop
  endfacet
  facet normal 0 0 1
    outer loop
      vertex -20.814773991285833 35.81227864195172 2.5
      vertex -20.8 36 2.5
      vertex -20.814773991285833 36.18772135804828 2.5
    endloop
  endfacet
  facet normal -0.5224985647159506 0.8526401643540912 0
    outer loop
      vertex -21.455211400312542 34.93079217097396 2.5
      vertex -21.455211400312542 34.93079217097396 7.5
      vertex -21.294657697249033 35.02917960675006 2.5
    endloop
  endfacet
  facet normal -0.6494480483301839 0.7604059656000306 0
    outer loop
      vertex -21.294657697249033 35.02917960675006 2.5
      vertex -21.294657697249033 35.02917960675006 7.5
      vertex -21.15147186257614 35.151471862576145 2.5
    endloop
  endfacet
  facet normal -0.7604059656000242 0.6494480483301917 0
    outer loop
      vertex -21.15147186257614 35.151471862576145 2.5
      vertex -21.15147186257614 35.151471862576145 7.5
      vertex -21.029179606750063 35.29465769724903 2.5
    endloop
  endfacet
  facet normal -0.8526401643540964 0.5224985647159422 0
    outer loop
      vertex -21.029179606750063 35.29465769724903 2.5
      vertex -21.029179606750063 35.29465769724903 7.5
      vertex -20.93079217097396 35.45521140031254 2.5
    endloop
  endfacet
  facet normal -0.9238795325112893 0.3826834323650836 0
    outer loop
      vertex -20.93079217097396 35.45521140031254 2.5
      vertex -20.93079217097396 35.45521140031254 7.5
      vertex -20.858732180445816 35.629179606750064 2.5
    endloop
  endfacet
  facet normal -0.9723699203976726 0.23344536385592202 0
    outer loop
      vertex -20.858732180445816 35.629179606750064 2.5
      vertex -20.858732180445816 35.629179606750064 7.5
      vertex -20.814773991285833 35.81227864195172 2.5
    endloop
  endfacet
  facet normal -0.9969173337331292 0.07845909572782986 0
    outer loop
      vertex -20.814773991285833 35.81227864195172 2.5
      vertex -20.814773991285833 35.81227864195172 7.5
      vertex -20.8 36 2.5
    endloop
  endfacet
  facet normal -0.9969173337331292 -0.07845909572782986 0
    outer loop
      vertex -20.8 36 2.5
      vertex -20.8 36 7.5
      vertex -20.814773991285833 36.18772135804828 2.5
    endloop
  endfacet
  facet normal -0.9723699203976726 -0.23344536385592202 0
    outer loop
      vertex -20.814773991285833 36.18772135804828 2.5
      vertex -20.814773991285833 36.18772135804828 7.5
      vertex -20.858732180445816 36.370820393249936 2.5
    endloop
  endfacet
  facet normal -0.9238795325112893 -0.3826834323650836 0
    outer loop
      vertex -20.858732180445816 36.370820393249936 2.5
      vertex -20.858732180445816 36.370820393249936 7.5
      vertex -20.93079217097396 36.54478859968746 2.5
    endloop
  endfacet
  facet normal -0.23344536385590417 -0.9723699203976768 -2.49648516567837e-19
    outer loop
      vertex -21.81227864195172 37.18522600871417 2.5
      vertex -21.629179606750064 37.14126781955419 2.5
      vertex -21.629179606750064 37.14126781955419 7.5
    endloop
  endfacet
  facet normal -0.3826834323650997 -0.9238795325112826 -8.902045927846083e-19
    outer loop
      vertex -21.629179606750064 37.14126781955419 2.5
      vertex -21.455211400312542 37.06920782902604 2.5
      vertex -21.455211400312542 37.06920782902604 7.5
    endloop
  endfacet
  facet normal -0.5224985647159506 -0.8526401643540912 -1.8081887990118107e-19
    outer loop
      vertex -21.455211400312542 37.06920782902604 2.5
      vertex -21.294657697249033 36.97082039324994 2.5
      vertex -21.294657697249033 36.97082039324994 7.5
    endloop
  endfacet
  facet normal -0.6494480483301839 -0.7604059656000306 1.2918093978658053e-18
    outer loop
      vertex -21.294657697249033 36.97082039324994 2.5
      vertex -21.15147186257614 36.848528137423855 2.5
      vertex -21.15147186257614 36.848528137423855 7.5
    endloop
  endfacet
  facet normal -0.7604059656000242 -0.6494480483301917 0
    outer loop
      vertex -21.029179606750063 36.70534230275097 2.5
      vertex -21.029179606750063 36.70534230275097 7.5
      vertex -21.15147186257614 36.848528137423855 2.5
    endloop
  endfacet
  facet normal -0.8526401643540964 -0.5224985647159422 0
    outer loop
      vertex -20.93079217097396 36.54478859968746 2.5
      vertex -20.93079217097396 36.54478859968746 7.5
      vertex -21.029179606750063 36.70534230275097 2.5
    endloop
  endfacet
  facet normal 0.3826834323650997 0.9238795325112826 0
    outer loop
      vertex -22.370820393249936 34.85873218044581 2.5
      vertex -22.544788599687458 34.93079217097396 7.5
      vertex -22.370820393249936 34.85873218044581 7.5
    endloop
  endfacet
  facet normal 0.23344536385590417 0.9723699203976768 0
    outer loop
      vertex -22.18772135804828 34.81477399128583 2.5
      vertex -22.370820393249936 34.85873218044581 7.5
      vertex -22.18772135804828 34.81477399128583 7.5
    endloop
  endfacet
  facet normal 0.07845909572784861 0.9969173337331276 0
    outer loop
      vertex -22 34.8 2.5
      vertex -22.18772135804828 34.81477399128583 7.5
      vertex -22 34.8 7.5
    endloop
  endfacet
  facet normal -0.07845909572784861 0.9969173337331276 0
    outer loop
      vertex -21.81227864195172 34.81477399128583 2.5
      vertex -22 34.8 7.5
      vertex -21.81227864195172 34.81477399128583 7.5
    endloop
  endfacet
  facet normal 0.9238795325112893 0.3826834323650836 0
    outer loop
      vertex -23.06920782902604 35.45521140031254 2.5
      vertex -23.141267819554184 35.629179606750064 7.5
      vertex -23.06920782902604 35.45521140031254 7.5
    endloop
  endfacet
  facet normal 0.7604059656000242 0.6494480483301917 0
    outer loop
      vertex -22.84852813742386 35.151471862576145 2.5
      vertex -22.970820393249937 35.29465769724903 7.5
      vertex -22.84852813742386 35.151471862576145 7.5
    endloop
  endfacet
  facet normal 0.8526401643540964 0.5224985647159422 0
    outer loop
      vertex -22.970820393249937 35.29465769724903 2.5
      vertex -23.06920782902604 35.45521140031254 7.5
      vertex -22.970820393249937 35.29465769724903 7.5
    endloop
  endfacet
  facet normal 0.9723699203976726 0.23344536385592202 0
    outer loop
      vertex -23.141267819554184 35.629179606750064 2.5
      vertex -23.185226008714167 35.81227864195172 7.5
      vertex -23.141267819554184 35.629179606750064 7.5
    endloop
  endfacet
  facet normal 0.9969173337331292 0.07845909572782986 0
    outer loop
      vertex -23.185226008714167 35.81227864195172 2.5
      vertex -23.2 36 7.5
      vertex -23.185226008714167 35.81227864195172 7.5
    endloop
  endfacet
  facet normal 0.9969173337331292 -0.07845909572782986 0
    outer loop
      vertex -23.2 36 2.5
      vertex -23.185226008714167 36.18772135804828 7.5
      vertex -23.2 36 7.5
    endloop
  endfacet
  facet normal 0.9723699203976726 -0.23344536385592202 0
    outer loop
      vertex -23.185226008714167 36.18772135804828 2.5
      vertex -23.141267819554184 36.370820393249936 7.5
      vertex -23.185226008714167 36.18772135804828 7.5
    endloop
  endfacet
  facet normal 0.9238795325112893 -0.3826834323650836 0
    outer loop
      vertex -23.141267819554184 36.370820393249936 2.5
      vertex -23.06920782902604 36.54478859968746 7.5
      vertex -23.141267819554184 36.370820393249936 7.5
    endloop
  endfacet
  facet normal 0.8526401643540964 -0.5224985647159422 0
    outer loop
      vertex -23.06920782902604 36.54478859968746 2.5
      vertex -22.970820393249937 36.70534230275097 7.5
      vertex -23.06920782902604 36.54478859968746 7.5
    endloop
  endfacet
  facet normal 0.7604059656000242 -0.6494480483301917 0
    outer loop
      vertex -22.970820393249937 36.70534230275097 2.5
      vertex -22.84852813742386 36.848528137423855 7.5
      vertex -22.970820393249937 36.70534230275097 7.5
    endloop
  endfacet
  facet normal 0.6494480483301839 0.7604059656000306 0
    outer loop
      vertex -22.705342302750967 35.02917960675006 2.5
      vertex -22.84852813742386 35.151471862576145 7.5
      vertex -22.705342302750967 35.02917960675006 7.5
    endloop
  endfacet
  facet normal 0.5224985647159506 0.8526401643540912 0
    outer loop
      vertex -22.544788599687458 34.93079217097396 2.5
      vertex -22.705342302750967 35.02917960675006 7.5
      vertex -22.544788599687458 34.93079217097396 7.5
    endloop
  endfacet
  facet normal 0.6494480483301839 -0.7604059656000306 0
    outer loop
      vertex -22.84852813742386 36.848528137423855 2.5
      vertex -22.705342302750967 36.97082039324994 7.5
      vertex -22.84852813742386 36.848528137423855 7.5
    endloop
  endfacet
  facet normal 0.5224985647159506 -0.8526401643540912 0
    outer loop
      vertex -22.705342302750967 36.97082039324994 2.5
      vertex -22.544788599687458 37.06920782902604 7.5
      vertex -22.705342302750967 36.97082039324994 7.5
    endloop
  endfacet
  facet normal 0.3826834323650997 -0.9238795325112826 0
    outer loop
      vertex -22.544788599687458 37.06920782902604 2.5
      vertex -22.370820393249936 37.14126781955419 7.5
      vertex -22.544788599687458 37.06920782902604 7.5
    endloop
  endfacet
  facet normal 0.23344536385590417 -0.9723699203976768 0
    outer loop
      vertex -22.370820393249936 37.14126781955419 2.5
      vertex -22.18772135804828 37.18522600871417 7.5
      vertex -22.370820393249936 37.14126781955419 7.5
    endloop
  endfacet
  facet normal 0.07845909572784861 -0.9969173337331276 0
    outer loop
      vertex -22.18772135804828 37.18522600871417 2.5
      vertex -22 37.2 7.5
      vertex -22.18772135804828 37.18522600871417 7.5
    endloop
  endfacet
  facet normal -0.07845909572784861 -0.9969173337331276 0
    outer loop
      vertex -22 37.2 2.5
      vertex -21.81227864195172 37.18522600871417 7.5
      vertex -22 37.2 7.5
    endloop
  endfacet
  facet normal -0.23344536385590417 -0.9723699203976768 0
    outer loop
      vertex -21.81227864195172 37.18522600871417 2.5
      vertex -21.629179606750064 37.14126781955419 7.5
      vertex -21.81227864195172 37.18522600871417 7.5
    endloop
  endfacet
  facet normal -0.23344536385590417 0.9723699203976768 0
    outer loop
      vertex -21.629179606750064 34.85873218044581 2.5
      vertex -21.81227864195172 34.81477399128583 7.5
      vertex -21.629179606750064 34.85873218044581 7.5
    endloop
  endfacet
  facet normal -0.3826834323650997 0.9238795325112826 0
    outer loop
      vertex -21.455211400312542 34.93079217097396 2.5
      vertex -21.629179606750064 34.85873218044581 7.5
      vertex -21.455211400312542 34.93079217097396 7.5
    endloop
  endfacet
  facet normal -0.5224985647159506 0.8526401643540912 0
    outer loop
      vertex -21.294657697249033 35.02917960675006 2.5
      vertex -21.455211400312542 34.93079217097396 7.5
      vertex -21.294657697249033 35.02917960675006 7.5
    endloop
  endfacet
  facet normal -0.6494480483301839 0.7604059656000306 0
    outer loop
      vertex -21.15147186257614 35.151471862576145 2.5
      vertex -21.294657697249033 35.02917960675006 7.5
      vertex -21.15147186257614 35.151471862576145 7.5
    endloop
  endfacet
  facet normal -0.7604059656000242 0.6494480483301917 0
    outer loop
      vertex -21.029179606750063 35.29465769724903 2.5
      vertex -21.15147186257614 35.151471862576145 7.5
      vertex -21.029179606750063 35.29465769724903 7.5
    endloop
  endfacet
  facet normal -0.8526401643540964 0.5224985647159422 0
    outer loop
      vertex -20.93079217097396 35.45521140031254 2.5
      vertex -21.029179606750063 35.29465769724903 7.5
      vertex -20.93079217097396 35.45521140031254 7.5
    endloop
  endfacet
  facet normal -0.9238795325112893 0.3826834323650836 0
    outer loop
      vertex -20.858732180445816 35.629179606750064 2.5
      vertex -20.93079217097396 35.45521140031254 7.5
      vertex -20.858732180445816 35.629179606750064 7.5
    endloop
  endfacet
  facet normal -0.9723699203976726 0.23344536385592202 0
    outer loop
      vertex -20.814773991285833 35.81227864195172 2.5
      vertex -20.858732180445816 35.629179606750064 7.5
      vertex -20.814773991285833 35.81227864195172 7.5
    endloop
  endfacet
  facet normal -0.9969173337331292 0.07845909572782986 0
    outer loop
      vertex -20.8 36 2.5
      vertex -20.814773991285833 35.81227864195172 7.5
      vertex -20.8 36 7.5
    endloop
  endfacet
  facet normal -0.9969173337331292 -0.07845909572782986 0
    outer loop
      vertex -20.814773991285833 36.18772135804828 2.5
      vertex -20.8 36 7.5
      vertex -20.814773991285833 36.18772135804828 7.5
    endloop
  endfacet
  facet normal -0.9723699203976726 -0.23344536385592202 0
    outer loop
      vertex -20.858732180445816 36.370820393249936 2.5
      vertex -20.814773991285833 36.18772135804828 7.5
      vertex -20.858732180445816 36.370820393249936 7.5
    endloop
  endfacet
  facet normal -0.3826834323650997 -0.9238795325112826 0
    outer loop
      vertex -21.629179606750064 37.14126781955419 2.5
      vertex -21.455211400312542 37.06920782902604 7.5
      vertex -21.629179606750064 37.14126781955419 7.5
    endloop
  endfacet
  facet normal -0.5224985647159506 -0.8526401643540912 0
    outer loop
      vertex -21.455211400312542 37.06920782902604 2.5
      vertex -21.294657697249033 36.97082039324994 7.5
      vertex -21.455211400312542 37.06920782902604 7.5
    endloop
  endfacet
  facet normal -0.6494480483301839 -0.7604059656000306 0
    outer loop
      vertex -21.294657697249033 36.97082039324994 2.5
      vertex -21.15147186257614 36.848528137423855 7.5
      vertex -21.294657697249033 36.97082039324994 7.5
    endloop
  endfacet
  facet normal -0.7604059656000242 -0.6494480483301917 0
    outer loop
      vertex -21.15147186257614 36.848528137423855 2.5
      vertex -21.029179606750063 36.70534230275097 7.5
      vertex -21.15147186257614 36.848528137423855 7.5
    endloop
  endfacet
  facet normal -0.8526401643540964 -0.5224985647159422 0
    outer loop
      vertex -21.029179606750063 36.70534230275097 2.5
      vertex -20.93079217097396 36.54478859968746 7.5
      vertex -21.029179606750063 36.70534230275097 7.5
    endloop
  endfacet
  facet normal -0.9238795325112893 -0.3826834323650836 0
    outer loop
      vertex -20.93079217097396 36.54478859968746 2.5
      vertex -20.858732180445816 36.370820393249936 7.5
      vertex -20.93079217097396 36.54478859968746 7.5
    endloop
  endfacet
  facet normal 0.8526401643540912 0.5224985647159506 -1.8081887990118107e-19
    outer loop
      vertex 21.029179606750063 -28.705342302750967 2.5
      vertex 20.93079217097396 -28.544788599687458 2.5
      vertex 20.93079217097396 -28.544788599687458 7.5
    endloop
  endfacet
  facet normal 0.76040596560004 0.649448048330173 -1.0002889291888404e-19
    outer loop
      vertex 21.15147186257614 -28.84852813742386 2.5
      vertex 21.029179606750063 -28.705342302750967 2.5
      vertex 21.029179606750063 -28.705342302750967 7.5
    endloop
  endfacet
  facet normal 0.5224985647159506 0.8526401643540912 0
    outer loop
      vertex 21.294657697249033 -28.970820393249937 2.5
      vertex 21.294657697249033 -28.970820393249937 7.5
      vertex 21.455211400312542 -29.06920782902604 2.5
    endloop
  endfacet
  facet normal 0.649448048330173 0.76040596560004 0
    outer loop
      vertex 21.15147186257614 -28.84852813742386 2.5
      vertex 21.15147186257614 -28.84852813742386 7.5
      vertex 21.294657697249033 -28.970820393249937 2.5
    endloop
  endfacet
  facet normal 0.3826834323650836 0.9238795325112893 0
    outer loop
      vertex 21.455211400312542 -29.06920782902604 2.5
      vertex 21.455211400312542 -29.06920782902604 7.5
      vertex 21.629179606750064 -29.141267819554184 2.5
    endloop
  endfacet
  facet normal 0.23344536385592202 0.9723699203976726 0
    outer loop
      vertex 21.629179606750064 -29.141267819554184 2.5
      vertex 21.629179606750064 -29.141267819554184 7.5
      vertex 21.81227864195172 -29.185226008714167 2.5
    endloop
  endfacet
  facet normal 0 0 1
    outer loop
      vertex 20.814773991285833 -28.18772135804828 2.5
      vertex 20.814773991285833 -27.81227864195172 2.5
      vertex 20.8 -28 2.5
    endloop
  endfacet
  facet normal 0 0 1
    outer loop
      vertex 20.858732180445816 -28.370820393249936 2.5
      vertex 20.858732180445816 -27.629179606750064 2.5
      vertex 20.814773991285833 -28.18772135804828 2.5
    endloop
  endfacet
  facet normal 0 0 1
    outer loop
      vertex 20.814773991285833 -28.18772135804828 2.5
      vertex 20.858732180445816 -27.629179606750064 2.5
      vertex 20.814773991285833 -27.81227864195172 2.5
    endloop
  endfacet
  facet normal 0 0 1
    outer loop
      vertex 20.858732180445816 -28.370820393249936 2.5
      vertex 20.93079217097396 -27.455211400312542 2.5
      vertex 20.858732180445816 -27.629179606750064 2.5
    endloop
  endfacet
  facet normal 0 0 1
    outer loop
      vertex 21.029179606750063 -28.705342302750967 2.5
      vertex 21.029179606750063 -27.294657697249033 2.5
      vertex 20.93079217097396 -28.544788599687458 2.5
    endloop
  endfacet
  facet normal 0 0 1
    outer loop
      vertex 21.15147186257614 -28.84852813742386 2.5
      vertex 21.15147186257614 -27.15147186257614 2.5
      vertex 21.029179606750063 -28.705342302750967 2.5
    endloop
  endfacet
  facet normal 0 0 1
    outer loop
      vertex 20.858732180445816 -28.370820393249936 2.5
      vertex 20.93079217097396 -28.544788599687458 2.5
      vertex 20.93079217097396 -27.455211400312542 2.5
    endloop
  endfacet
  facet normal 0 0 1
    outer loop
      vertex 20.93079217097396 -28.544788599687458 2.5
      vertex 21.029179606750063 -27.294657697249033 2.5
      vertex 20.93079217097396 -27.455211400312542 2.5
    endloop
  endfacet
  facet normal 0 0 1
    outer loop
      vertex 21.029179606750063 -28.705342302750967 2.5
      vertex 21.15147186257614 -27.15147186257614 2.5
      vertex 21.029179606750063 -27.294657697249033 2.5
    endloop
  endfacet
  facet normal 0 0 1
    outer loop
      vertex 21.15147186257614 -28.84852813742386 2.5
      vertex 21.294657697249033 -28.970820393249937 2.5
      vertex 21.294657697249033 -27.029179606750063 2.5
    endloop
  endfacet
  facet normal 0 0 1
    outer loop
      vertex 21.294657697249033 -28.970820393249937 2.5
      vertex 21.455211400312542 -29.06920782902604 2.5
      vertex 21.455211400312542 -26.93079217097396 2.5
    endloop
  endfacet
  facet normal 0 0 1
    outer loop
      vertex 21.455211400312542 -29.06920782902604 2.5
      vertex 21.629179606750064 -29.141267819554184 2.5
      vertex 21.629179606750064 -26.858732180445816 2.5
    endloop
  endfacet
  facet normal 0 0 1
    outer loop
      vertex 21.15147186257614 -28.84852813742386 2.5
      vertex 21.294657697249033 -27.029179606750063 2.5
      vertex 21.15147186257614 -27.15147186257614 2.5
    endloop
  endfacet
  facet normal 0 0 1
    outer loop
      vertex 21.294657697249033 -28.970820393249937 2.5
      vertex 21.455211400312542 -26.93079217097396 2.5
      vertex 21.294657697249033 -27.029179606750063 2.5
    endloop
  endfacet
  facet normal 0 0 1
    outer loop
      vertex 21.455211400312542 -29.06920782902604 2.5
      vertex 21.629179606750064 -26.858732180445816 2.5
      vertex 21.455211400312542 -26.93079217097396 2.5
    endloop
  endfacet
  facet normal 0 0 1
    outer loop
      vertex 21.629179606750064 -29.141267819554184 2.5
      vertex 21.81227864195172 -26.814773991285833 2.5
      vertex 21.629179606750064 -26.858732180445816 2.5
    endloop
  endfacet
  facet normal 0.9238795325112893 0.3826834323650836 0
    outer loop
      vertex 20.858732180445816 -28.370820393249936 2.5
      vertex 20.858732180445816 -28.370820393249936 7.5
      vertex 20.93079217097396 -28.544788599687458 2.5
    endloop
  endfacet
  facet normal 0.9723699203976726 0.23344536385592202 -2.253720076969771e-19
    outer loop
      vertex 20.858732180445816 -28.370820393249936 2.5
      vertex 20.814773991285833 -28.18772135804828 2.5
      vertex 20.814773991285833 -28.18772135804828 7.5
    endloop
  endfacet
  facet normal 0.9969173337331292 0.07845909572782986 1.0493489694765741e-19
    outer loop
      vertex 20.814773991285833 -28.18772135804828 2.5
      vertex 20.8 -28 2.5
      vertex 20.8 -28 7.5
    endloop
  endfacet
  facet normal 0.9969173337331292 -0.07845909572782986 -1.0493489694765741e-19
    outer loop
      vertex 20.8 -28 2.5
      vertex 20.814773991285833 -27.81227864195172 2.5
      vertex 20.814773991285833 -27.81227864195172 7.5
    endloop
  endfacet
  facet normal 0.9723699203976726 -0.23344536385592202 2.253720076969771e-19
    outer loop
      vertex 20.814773991285833 -27.81227864195172 2.5
      vertex 20.858732180445816 -27.629179606750064 2.5
      vertex 20.858732180445816 -27.629179606750064 7.5
    endloop
  endfacet
  facet normal 0.9238795325112893 -0.3826834323650836 3.6161786593411663e-19
    outer loop
      vertex 20.858732180445816 -27.629179606750064 2.5
      vertex 20.93079217097396 -27.455211400312542 2.5
      vertex 20.93079217097396 -27.455211400312542 7.5
    endloop
  endfacet
  facet normal 0.8526401643540912 -0.5224985647159506 1.8081887990118107e-19
    outer loop
      vertex 20.93079217097396 -27.455211400312542 2.5
      vertex 21.029179606750063 -27.294657697249033 2.5
      vertex 21.029179606750063 -27.294657697249033 7.5
    endloop
  endfacet
  facet normal 0.76040596560004 -0.649448048330173 1.0002889291888404e-19
    outer loop
      vertex 21.029179606750063 -27.294657697249033 2.5
      vertex 21.15147186257614 -27.15147186257614 2.5
      vertex 21.15147186257614 -27.15147186257614 7.5
    endloop
  endfacet
  facet normal 0.649448048330173 -0.76040596560004 1.0002889291888404e-19
    outer loop
      vertex 21.15147186257614 -27.15147186257614 2.5
      vertex 21.294657697249033 -27.029179606750063 2.5
      vertex 21.294657697249033 -27.029179606750063 7.5
    endloop
  endfacet
  facet normal 0.5224985647159506 -0.8526401643540912 1.8081887990118107e-19
    outer loop
      vertex 21.294657697249033 -27.029179606750063 2.5
      vertex 21.455211400312542 -26.93079217097396 2.5
      vertex 21.455211400312542 -26.93079217097396 7.5
    endloop
  endfacet
  facet normal 0.3826834323650836 -0.9238795325112893 3.6161786593411663e-19
    outer loop
      vertex 21.455211400312542 -26.93079217097396 2.5
      vertex 21.629179606750064 -26.858732180445816 2.5
      vertex 21.629179606750064 -26.858732180445816 7.5
    endloop
  endfacet
  facet normal 0.07845909572782986 0.9969173337331292 0
    outer loop
      vertex 21.81227864195172 -29.185226008714167 2.5
      vertex 21.81227864195172 -29.185226008714167 7.5
      vertex 22 -29.2 2.5
    endloop
  endfacet
  facet normal -0.07845909572782986 0.9969173337331292 0
    outer loop
      vertex 22 -29.2 2.5
      vertex 22 -29.2 7.5
      vertex 22.18772135804828 -29.185226008714167 2.5
    endloop
  endfacet
  facet normal -0.23344536385592202 0.9723699203976726 0
    outer loop
      vertex 22.18772135804828 -29.185226008714167 2.5
      vertex 22.18772135804828 -29.185226008714167 7.5
      vertex 22.370820393249936 -29.141267819554184 2.5
    endloop
  endfacet
  facet normal -0.3826834323650836 0.9238795325112893 0
    outer loop
      vertex 22.370820393249936 -29.141267819554184 2.5
      vertex 22.370820393249936 -29.141267819554184 7.5
      vertex 22.544788599687458 -29.06920782902604 2.5
    endloop
  endfacet
  facet normal -0.5224985647159506 0.8526401643540912 0
    outer loop
      vertex 22.544788599687458 -29.06920782902604 2.5
      vertex 22.544788599687458 -29.06920782902604 7.5
      vertex 22.705342302750967 -28.970820393249937 2.5
    endloop
  endfacet
  facet normal -0.649448048330173 0.76040596560004 0
    outer loop
      vertex 22.705342302750967 -28.970820393249937 2.5
      vertex 22.705342302750967 -28.970820393249937 7.5
      vertex 22.84852813742386 -28.84852813742386 2.5
    endloop
  endfacet
  facet normal -0.76040596560004 0.649448048330173 0
    outer loop
      vertex 22.84852813742386 -28.84852813742386 2.5
      vertex 22.84852813742386 -28.84852813742386 7.5
      vertex 22.970820393249937 -28.705342302750967 2.5
    endloop
  endfacet
  facet normal -0.8526401643540912 0.5224985647159506 0
    outer loop
      vertex 22.970820393249937 -28.705342302750967 2.5
      vertex 22.970820393249937 -28.705342302750967 7.5
      vertex 23.06920782902604 -28.544788599687458 2.5
    endloop
  endfacet
  facet normal 0 0 1
    outer loop
      vertex 21.629179606750064 -29.141267819554184 2.5
      vertex 21.81227864195172 -29.185226008714167 2.5
      vertex 21.81227864195172 -26.814773991285833 2.5
    endloop
  endfacet
  facet normal 0 0 1
    outer loop
      vertex 21.81227864195172 -29.185226008714167 2.5
      vertex 22 -29.2 2.5
      vertex 22 -26.8 2.5
    endloop
  endfacet
  facet normal 0 0 1
    outer loop
      vertex 22 -29.2 2.5
      vertex 22.18772135804828 -29.185226008714167 2.5
      vertex 22.18772135804828 -26.814773991285833 2.5
    endloop
  endfacet
  facet normal 0 0 1
    outer loop
      vertex 21.81227864195172 -29.185226008714167 2.5
      vertex 22 -26.8 2.5
      vertex 21.81227864195172 -26.814773991285833 2.5
    endloop
  endfacet
  facet normal 0 0 1
    outer loop
      vertex 22 -29.2 2.5
      vertex 22.18772135804828 -26.814773991285833 2.5
      vertex 22 -26.8 2.5
    endloop
  endfacet
  facet normal 0 0 1
    outer loop
      vertex 22.18772135804828 -29.185226008714167 2.5
      vertex 22.370820393249936 -26.858732180445816 2.5
      vertex 22.18772135804828 -26.814773991285833 2.5
    endloop
  endfacet
  facet normal 0 0 1
    outer loop
      vertex 22.18772135804828 -29.185226008714167 2.5
      vertex 22.370820393249936 -29.141267819554184 2.5
      vertex 22.370820393249936 -26.858732180445816 2.5
    endloop
  endfacet
  facet normal 0 0 1
    outer loop
      vertex 22.370820393249936 -29.141267819554184 2.5
      vertex 22.544788599687458 -29.06920782902604 2.5
      vertex 22.544788599687458 -26.93079217097396 2.5
    endloop
  endfacet
  facet normal 0 0 1
    outer loop
      vertex 22.544788599687458 -29.06920782902604 2.5
      vertex 22.705342302750967 -28.970820393249937 2.5
      vertex 22.705342302750967 -27.029179606750063 2.5
    endloop
  endfacet
  facet normal 0 0 1
    outer loop
      vertex 22.705342302750967 -28.970820393249937 2.5
      vertex 22.84852813742386 -28.84852813742386 2.5
      vertex 22.84852813742386 -27.15147186257614 2.5
    endloop
  endfacet
  facet normal 0 0 1
    outer loop
      vertex 22.370820393249936 -29.141267819554184 2.5
      vertex 22.544788599687458 -26.93079217097396 2.5
      vertex 22.370820393249936 -26.858732180445816 2.5
    endloop
  endfacet
  facet normal 0 0 1
    outer loop
      vertex 22.544788599687458 -29.06920782902604 2.5
      vertex 22.705342302750967 -27.029179606750063 2.5
      vertex 22.544788599687458 -26.93079217097396 2.5
    endloop
  endfacet
  facet normal 0 0 1
    outer loop
      vertex 22.705342302750967 -28.970820393249937 2.5
      vertex 22.84852813742386 -27.15147186257614 2.5
      vertex 22.705342302750967 -27.029179606750063 2.5
    endloop
  endfacet
  facet normal 0 0 1
    outer loop
      vertex 22.84852813742386 -28.84852813742386 2.5
      vertex 22.970820393249937 -28.705342302750967 2.5
      vertex 22.970820393249937 -27.294657697249033 2.5
    endloop
  endfacet
  facet normal 0 0 1
    outer loop
      vertex 22.970820393249937 -28.705342302750967 2.5
      vertex 23.06920782902604 -28.544788599687458 2.5
      vertex 23.06920782902604 -27.455211400312542 2.5
    endloop
  endfacet
  facet normal 0 0 1
    outer loop
      vertex 22.84852813742386 -28.84852813742386 2.5
      vertex 22.970820393249937 -27.294657697249033 2.5
      vertex 22.84852813742386 -27.15147186257614 2.5
    endloop
  endfacet
  facet normal 0 0 1
    outer loop
      vertex 22.970820393249937 -28.705342302750967 2.5
      vertex 23.06920782902604 -27.455211400312542 2.5
      vertex 22.970820393249937 -27.294657697249033 2.5
    endloop
  endfacet
  facet normal 0 0 1
    outer loop
      vertex 23.06920782902604 -28.544788599687458 2.5
      vertex 23.141267819554184 -28.370820393249936 2.5
      vertex 23.141267819554184 -27.629179606750064 2.5
    endloop
  endfacet
  facet normal 0 0 1
    outer loop
      vertex 23.141267819554184 -28.370820393249936 2.5
      vertex 23.185226008714167 -28.18772135804828 2.5
      vertex 23.185226008714167 -27.81227864195172 2.5
    endloop
  endfacet
  facet normal 0 0 1
    outer loop
      vertex 23.185226008714167 -28.18772135804828 2.5
      vertex 23.2 -28 2.5
      vertex 23.185226008714167 -27.81227864195172 2.5
    endloop
  endfacet
  facet normal 0 0 1
    outer loop
      vertex 23.06920782902604 -28.544788599687458 2.5
      vertex 23.141267819554184 -27.629179606750064 2.5
      vertex 23.06920782902604 -27.455211400312542 2.5
    endloop
  endfacet
  facet normal 0 0 1
    outer loop
      vertex 23.141267819554184 -28.370820393249936 2.5
      vertex 23.185226008714167 -27.81227864195172 2.5
      vertex 23.141267819554184 -27.629179606750064 2.5
    endloop
  endfacet
  facet normal -0.5224985647159506 -0.8526401643540912 -1.8081887990118107e-19
    outer loop
      vertex 22.544788599687458 -26.93079217097396 2.5
      vertex 22.705342302750967 -27.029179606750063 2.5
      vertex 22.705342302750967 -27.029179606750063 7.5
    endloop
  endfacet
  facet normal -0.649448048330173 -0.76040596560004 -1.0002889291888404e-19
    outer loop
      vertex 22.705342302750967 -27.029179606750063 2.5
      vertex 22.84852813742386 -27.15147186257614 2.5
      vertex 22.84852813742386 -27.15147186257614 7.5
    endloop
  endfacet
  facet normal 0.23344536385592202 -0.9723699203976726 2.253720076969771e-19
    outer loop
      vertex 21.629179606750064 -26.858732180445816 2.5
      vertex 21.81227864195172 -26.814773991285833 2.5
      vertex 21.81227864195172 -26.814773991285833 7.5
    endloop
  endfacet
  facet normal 0.07845909572782986 -0.9969173337331292 -1.0493489694765741e-19
    outer loop
      vertex 21.81227864195172 -26.814773991285833 2.5
      vertex 22 -26.8 2.5
      vertex 22 -26.8 7.5
    endloop
  endfacet
  facet normal -0.07845909572782986 -0.9969173337331292 1.0493489694765741e-19
    outer loop
      vertex 22 -26.8 2.5
      vertex 22.18772135804828 -26.814773991285833 2.5
      vertex 22.18772135804828 -26.814773991285833 7.5
    endloop
  endfacet
  facet normal -0.23344536385592202 -0.9723699203976726 -2.253720076969771e-19
    outer loop
      vertex 22.18772135804828 -26.814773991285833 2.5
      vertex 22.370820393249936 -26.858732180445816 2.5
      vertex 22.370820393249936 -26.858732180445816 7.5
    endloop
  endfacet
  facet normal -0.3826834323650836 -0.9238795325112893 -3.6161786593411663e-19
    outer loop
      vertex 22.370820393249936 -26.858732180445816 2.5
      vertex 22.544788599687458 -26.93079217097396 2.5
      vertex 22.544788599687458 -26.93079217097396 7.5
    endloop
  endfacet
  facet normal -0.9238795325112893 0.3826834323650836 0
    outer loop
      vertex 23.06920782902604 -28.544788599687458 2.5
      vertex 23.06920782902604 -28.544788599687458 7.5
      vertex 23.141267819554184 -28.370820393249936 2.5
    endloop
  endfacet
  facet normal -0.9723699203976726 0.23344536385592202 0
    outer loop
      vertex 23.141267819554184 -28.370820393249936 2.5
      vertex 23.141267819554184 -28.370820393249936 7.5
      vertex 23.185226008714167 -28.18772135804828 2.5
    endloop
  endfacet
  facet normal -0.9969173337331292 0.07845909572782986 0
    outer loop
      vertex 23.185226008714167 -28.18772135804828 2.5
      vertex 23.185226008714167 -28.18772135804828 7.5
      vertex 23.2 -28 2.5
    endloop
  endfacet
  facet normal -0.9969173337331292 -0.07845909572782986 0
    outer loop
      vertex 23.2 -28 2.5
      vertex 23.2 -28 7.5
      vertex 23.185226008714167 -27.81227864195172 2.5
    endloop
  endfacet
  facet normal -0.8526401643540912 -0.5224985647159506 0
    outer loop
      vertex 23.06920782902604 -27.455211400312542 2.5
      vertex 23.06920782902604 -27.455211400312542 7.5
      vertex 22.970820393249937 -27.294657697249033 2.5
    endloop
  endfacet
  facet normal -0.76040596560004 -0.649448048330173 0
    outer loop
      vertex 22.970820393249937 -27.294657697249033 2.5
      vertex 22.970820393249937 -27.294657697249033 7.5
      vertex 22.84852813742386 -27.15147186257614 2.5
    endloop
  endfacet
  facet normal -0.9238795325112893 -0.3826834323650836 0
    outer loop
      vertex 23.141267819554184 -27.629179606750064 2.5
      vertex 23.141267819554184 -27.629179606750064 7.5
      vertex 23.06920782902604 -27.455211400312542 2.5
    endloop
  endfacet
  facet normal -0.9723699203976726 -0.23344536385592202 0
    outer loop
      vertex 23.185226008714167 -27.81227864195172 2.5
      vertex 23.185226008714167 -27.81227864195172 7.5
      vertex 23.141267819554184 -27.629179606750064 2.5
    endloop
  endfacet
  facet normal 0.8526401643540912 0.5224985647159506 0
    outer loop
      vertex 21.029179606750063 -28.705342302750967 2.5
      vertex 20.93079217097396 -28.544788599687458 7.5
      vertex 21.029179606750063 -28.705342302750967 7.5
    endloop
  endfacet
  facet normal 0.76040596560004 0.649448048330173 0
    outer loop
      vertex 21.15147186257614 -28.84852813742386 2.5
      vertex 21.029179606750063 -28.705342302750967 7.5
      vertex 21.15147186257614 -28.84852813742386 7.5
    endloop
  endfacet
  facet normal 0.5224985647159506 0.8526401643540912 0
    outer loop
      vertex 21.455211400312542 -29.06920782902604 2.5
      vertex 21.294657697249033 -28.970820393249937 7.5
      vertex 21.455211400312542 -29.06920782902604 7.5
    endloop
  endfacet
  facet normal 0.649448048330173 0.76040596560004 0
    outer loop
      vertex 21.294657697249033 -28.970820393249937 2.5
      vertex 21.15147186257614 -28.84852813742386 7.5
      vertex 21.294657697249033 -28.970820393249937 7.5
    endloop
  endfacet
  facet normal 0.3826834323650836 0.9238795325112893 0
    outer loop
      vertex 21.629179606750064 -29.141267819554184 2.5
      vertex 21.455211400312542 -29.06920782902604 7.5
      vertex 21.629179606750064 -29.141267819554184 7.5
    endloop
  endfacet
  facet normal 0.9723699203976726 0.23344536385592202 0
    outer loop
      vertex 20.858732180445816 -28.370820393249936 2.5
      vertex 20.814773991285833 -28.18772135804828 7.5
      vertex 20.858732180445816 -28.370820393249936 7.5
    endloop
  endfacet
  facet normal 0.9969173337331292 0.07845909572782986 0
    outer loop
      vertex 20.814773991285833 -28.18772135804828 2.5
      vertex 20.8 -28 7.5
      vertex 20.814773991285833 -28.18772135804828 7.5
    endloop
  endfacet
  facet normal 0.9969173337331292 -0.07845909572782986 0
    outer loop
      vertex 20.8 -28 2.5
      vertex 20.814773991285833 -27.81227864195172 7.5
      vertex 20.8 -28 7.5
    endloop
  endfacet
  facet normal 0.9238795325112893 0.3826834323650836 0
    outer loop
      vertex 20.93079217097396 -28.544788599687458 2.5
      vertex 20.858732180445816 -28.370820393249936 7.5
      vertex 20.93079217097396 -28.544788599687458 7.5
    endloop
  endfacet
  facet normal 0.9723699203976726 -0.23344536385592202 0
    outer loop
      vertex 20.814773991285833 -27.81227864195172 2.5
      vertex 20.858732180445816 -27.629179606750064 7.5
      vertex 20.814773991285833 -27.81227864195172 7.5
    endloop
  endfacet
  facet normal 0.9238795325112893 -0.3826834323650836 0
    outer loop
      vertex 20.858732180445816 -27.629179606750064 2.5
      vertex 20.93079217097396 -27.455211400312542 7.5
      vertex 20.858732180445816 -27.629179606750064 7.5
    endloop
  endfacet
  facet normal 0.8526401643540912 -0.5224985647159506 0
    outer loop
      vertex 20.93079217097396 -27.455211400312542 2.5
      vertex 21.029179606750063 -27.294657697249033 7.5
      vertex 20.93079217097396 -27.455211400312542 7.5
    endloop
  endfacet
  facet normal 0.76040596560004 -0.649448048330173 0
    outer loop
      vertex 21.029179606750063 -27.294657697249033 2.5
      vertex 21.15147186257614 -27.15147186257614 7.5
      vertex 21.029179606750063 -27.294657697249033 7.5
    endloop
  endfacet
  facet normal 0.649448048330173 -0.76040596560004 0
    outer loop
      vertex 21.15147186257614 -27.15147186257614 2.5
      vertex 21.294657697249033 -27.029179606750063 7.5
      vertex 21.15147186257614 -27.15147186257614 7.5
    endloop
  endfacet
  facet normal 0.5224985647159506 -0.8526401643540912 0
    outer loop
      vertex 21.294657697249033 -27.029179606750063 2.5
      vertex 21.455211400312542 -26.93079217097396 7.5
      vertex 21.294657697249033 -27.029179606750063 7.5
    endloop
  endfacet
  facet normal 0.3826834323650836 -0.9238795325112893 0
    outer loop
      vertex 21.455211400312542 -26.93079217097396 2.5
      vertex 21.629179606750064 -26.858732180445816 7.5
      vertex 21.455211400312542 -26.93079217097396 7.5
    endloop
  endfacet
  facet normal 0.23344536385592202 -0.9723699203976726 0
    outer loop
      vertex 21.629179606750064 -26.858732180445816 2.5
      vertex 21.81227864195172 -26.814773991285833 7.5
      vertex 21.629179606750064 -26.858732180445816 7.5
    endloop
  endfacet
  facet normal 0.23344536385592202 0.9723699203976726 0
    outer loop
      vertex 21.81227864195172 -29.185226008714167 2.5
      vertex 21.629179606750064 -29.141267819554184 7.5
      vertex 21.81227864195172 -29.185226008714167 7.5
    endloop
  endfacet
  facet normal 0.07845909572782986 0.9969173337331292 0
    outer loop
      vertex 22 -29.2 2.5
      vertex 21.81227864195172 -29.185226008714167 7.5
      vertex 22 -29.2 7.5
    endloop
  endfacet
  facet normal -0.07845909572782986 0.9969173337331292 0
    outer loop
      vertex 22.18772135804828 -29.185226008714167 2.5
      vertex 22 -29.2 7.5
      vertex 22.18772135804828 -29.185226008714167 7.5
    endloop
  endfacet
  facet normal -0.23344536385592202 0.9723699203976726 0
    outer loop
      vertex 22.370820393249936 -29.141267819554184 2.5
      vertex 22.18772135804828 -29.185226008714167 7.5
      vertex 22.370820393249936 -29.141267819554184 7.5
    endloop
  endfacet
  facet normal -0.3826834323650836 0.9238795325112893 0
    outer loop
      vertex 22.544788599687458 -29.06920782902604 2.5
      vertex 22.370820393249936 -29.141267819554184 7.5
      vertex 22.544788599687458 -29.06920782902604 7.5
    endloop
  endfacet
  facet normal -0.5224985647159506 0.8526401643540912 0
    outer loop
      vertex 22.705342302750967 -28.970820393249937 2.5
      vertex 22.544788599687458 -29.06920782902604 7.5
      vertex 22.705342302750967 -28.970820393249937 7.5
    endloop
  endfacet
  facet normal -0.649448048330173 0.76040596560004 0
    outer loop
      vertex 22.84852813742386 -28.84852813742386 2.5
      vertex 22.705342302750967 -28.970820393249937 7.5
      vertex 22.84852813742386 -28.84852813742386 7.5
    endloop
  endfacet
  facet normal -0.76040596560004 0.649448048330173 0
    outer loop
      vertex 22.970820393249937 -28.705342302750967 2.5
      vertex 22.84852813742386 -28.84852813742386 7.5
      vertex 22.970820393249937 -28.705342302750967 7.5
    endloop
  endfacet
  facet normal -0.8526401643540912 0.5224985647159506 0
    outer loop
      vertex 23.06920782902604 -28.544788599687458 2.5
      vertex 22.970820393249937 -28.705342302750967 7.5
      vertex 23.06920782902604 -28.544788599687458 7.5
    endloop
  endfacet
  facet normal -0.5224985647159506 -0.8526401643540912 0
    outer loop
      vertex 22.544788599687458 -26.93079217097396 2.5
      vertex 22.705342302750967 -27.029179606750063 7.5
      vertex 22.544788599687458 -26.93079217097396 7.5
    endloop
  endfacet
  facet normal -0.649448048330173 -0.76040596560004 0
    outer loop
      vertex 22.705342302750967 -27.029179606750063 2.5
      vertex 22.84852813742386 -27.15147186257614 7.5
      vertex 22.705342302750967 -27.029179606750063 7.5
    endloop
  endfacet
  facet normal 0.07845909572782986 -0.9969173337331292 0
    outer loop
      vertex 21.81227864195172 -26.814773991285833 2.5
      vertex 22 -26.8 7.5
      vertex 21.81227864195172 -26.814773991285833 7.5
    endloop
  endfacet
  facet normal -0.07845909572782986 -0.9969173337331292 0
    outer loop
      vertex 22 -26.8 2.5
      vertex 22.18772135804828 -26.814773991285833 7.5
      vertex 22 -26.8 7.5
    endloop
  endfacet
  facet normal -0.23344536385592202 -0.9723699203976726 0
    outer loop
      vertex 22.18772135804828 -26.814773991285833 2.5
      vertex 22.370820393249936 -26.858732180445816 7.5
      vertex 22.18772135804828 -26.814773991285833 7.5
    endloop
  endfacet
  facet normal -0.3826834323650836 -0.9238795325112893 0
    outer loop
      vertex 22.370820393249936 -26.858732180445816 2.5
      vertex 22.544788599687458 -26.93079217097396 7.5
      vertex 22.370820393249936 -26.858732180445816 7.5
    endloop
  endfacet
  facet normal -0.9238795325112893 0.3826834323650836 0
    outer loop
      vertex 23.141267819554184 -28.370820393249936 2.5
      vertex 23.06920782902604 -28.544788599687458 7.5
      vertex 23.141267819554184 -28.370820393249936 7.5
    endloop
  endfacet
  facet normal -0.9723699203976726 0.23344536385592202 0
    outer loop
      vertex 23.185226008714167 -28.18772135804828 2.5
      vertex 23.141267819554184 -28.370820393249936 7.5
      vertex 23.185226008714167 -28.18772135804828 7.5
    endloop
  endfacet
  facet normal -0.9969173337331292 0.07845909572782986 0
    outer loop
      vertex 23.2 -28 2.5
      vertex 23.185226008714167 -28.18772135804828 7.5
      vertex 23.2 -28 7.5
    endloop
  endfacet
  facet normal -0.9969173337331292 -0.07845909572782986 0
    outer loop
      vertex 23.185226008714167 -27.81227864195172 2.5
      vertex 23.2 -28 7.5
      vertex 23.185226008714167 -27.81227864195172 7.5
    endloop
  endfacet
  facet normal -0.76040596560004 -0.649448048330173 0
    outer loop
      vertex 22.84852813742386 -27.15147186257614 2.5
      vertex 22.970820393249937 -27.294657697249033 7.5
      vertex 22.84852813742386 -27.15147186257614 7.5
    endloop
  endfacet
  facet normal -0.8526401643540912 -0.5224985647159506 0
    outer loop
      vertex 22.970820393249937 -27.294657697249033 2.5
      vertex 23.06920782902604 -27.455211400312542 7.5
      vertex 22.970820393249937 -27.294657697249033 7.5
    endloop
  endfacet
  facet normal -0.9723699203976726 -0.23344536385592202 0
    outer loop
      vertex 23.141267819554184 -27.629179606750064 2.5
      vertex 23.185226008714167 -27.81227864195172 7.5
      vertex 23.141267819554184 -27.629179606750064 7.5
    endloop
  endfacet
  facet normal -0.9238795325112893 -0.3826834323650836 0
    outer loop
      vertex 23.06920782902604 -27.455211400312542 2.5
      vertex 23.141267819554184 -27.629179606750064 7.5
      vertex 23.06920782902604 -27.455211400312542 7.5
    endloop
  endfacet
  facet normal 0.8526401643540912 0.5224985647159506 -1.8081887990118107e-19
    outer loop
      vertex -22.970820393249937 -28.705342302750967 2.5
      vertex -23.06920782902604 -28.544788599687458 2.5
      vertex -23.06920782902604 -28.544788599687458 7.5
    endloop
  endfacet
  facet normal 0.76040596560004 0.649448048330173 0
    outer loop
      vertex -22.970820393249937 -28.705342302750967 2.5
      vertex -22.970820393249937 -28.705342302750967 7.5
      vertex -22.84852813742386 -28.84852813742386 2.5
    endloop
  endfacet
  facet normal 0.5224985647159506 0.8526401643540912 0
    outer loop
      vertex -22.705342302750967 -28.970820393249937 2.5
      vertex -22.705342302750967 -28.970820393249937 7.5
      vertex -22.544788599687458 -29.06920782902604 2.5
    endloop
  endfacet
  facet normal 0.649448048330173 0.76040596560004 0
    outer loop
      vertex -22.84852813742386 -28.84852813742386 2.5
      vertex -22.84852813742386 -28.84852813742386 7.5
      vertex -22.705342302750967 -28.970820393249937 2.5
    endloop
  endfacet
  facet normal 0.3826834323650836 0.9238795325112893 0
    outer loop
      vertex -22.544788599687458 -29.06920782902604 2.5
      vertex -22.544788599687458 -29.06920782902604 7.5
      vertex -22.370820393249936 -29.141267819554184 2.5
    endloop
  endfacet
  facet normal 0.23344536385592202 0.9723699203976726 -2.253720076969771e-19
    outer loop
      vertex -22.18772135804828 -29.185226008714167 2.5
      vertex -22.370820393249936 -29.141267819554184 2.5
      vertex -22.370820393249936 -29.141267819554184 7.5
    endloop
  endfacet
  facet normal 0.07845909572782986 0.9969173337331292 0
    outer loop
      vertex -22.18772135804828 -29.185226008714167 2.5
      vertex -22.18772135804828 -29.185226008714167 7.5
      vertex -22 -29.2 2.5
    endloop
  endfacet
  facet normal -0.07845909572782986 0.9969173337331292 0
    outer loop
      vertex -22 -29.2 2.5
      vertex -22 -29.2 7.5
      vertex -21.81227864195172 -29.185226008714167 2.5
    endloop
  endfacet
  facet normal -0.23344536385592202 0.9723699203976726 0
    outer loop
      vertex -21.81227864195172 -29.185226008714167 2.5
      vertex -21.81227864195172 -29.185226008714167 7.5
      vertex -21.629179606750064 -29.141267819554184 2.5
    endloop
  endfacet
  facet normal 0 0 1
    outer loop
      vertex -23.141267819554184 -28.370820393249936 2.5
      vertex -23.141267819554184 -27.629179606750064 2.5
      vertex -23.185226008714167 -28.18772135804828 2.5
    endloop
  endfacet
  facet normal 0 0 1
    outer loop
      vertex -23.185226008714167 -28.18772135804828 2.5
      vertex -23.185226008714167 -27.81227864195172 2.5
      vertex -23.2 -28 2.5
    endloop
  endfacet
  facet normal 0 0 1
    outer loop
      vertex -23.141267819554184 -28.370820393249936 2.5
      vertex -23.06920782902604 -28.544788599687458 2.5
      vertex -23.06920782902604 -27.455211400312542 2.5
    endloop
  endfacet
  facet normal 0 0 1
    outer loop
      vertex -23.185226008714167 -28.18772135804828 2.5
      vertex -23.141267819554184 -27.629179606750064 2.5
      vertex -23.185226008714167 -27.81227864195172 2.5
    endloop
  endfacet
  facet normal 0 0 1
    outer loop
      vertex -23.141267819554184 -28.370820393249936 2.5
      vertex -23.06920782902604 -27.455211400312542 2.5
      vertex -23.141267819554184 -27.629179606750064 2.5
    endloop
  endfacet
  facet normal 0 0 1
    outer loop
      vertex -22.970820393249937 -28.705342302750967 2.5
      vertex -22.970820393249937 -27.294657697249033 2.5
      vertex -23.06920782902604 -28.544788599687458 2.5
    endloop
  endfacet
  facet normal 0 0 1
    outer loop
      vertex -22.970820393249937 -28.705342302750967 2.5
      vertex -22.84852813742386 -28.84852813742386 2.5
      vertex -22.84852813742386 -27.15147186257614 2.5
    endloop
  endfacet
  facet normal 0 0 1
    outer loop
      vertex -23.06920782902604 -28.544788599687458 2.5
      vertex -22.970820393249937 -27.294657697249033 2.5
      vertex -23.06920782902604 -27.455211400312542 2.5
    endloop
  endfacet
  facet normal 0 0 1
    outer loop
      vertex -22.970820393249937 -28.705342302750967 2.5
      vertex -22.84852813742386 -27.15147186257614 2.5
      vertex -22.970820393249937 -27.294657697249033 2.5
    endloop
  endfacet
  facet normal 0 0 1
    outer loop
      vertex -22.84852813742386 -28.84852813742386 2.5
      vertex -22.705342302750967 -28.970820393249937 2.5
      vertex -22.705342302750967 -27.029179606750063 2.5
    endloop
  endfacet
  facet normal 0 0 1
    outer loop
      vertex -22.705342302750967 -28.970820393249937 2.5
      vertex -22.544788599687458 -29.06920782902604 2.5
      vertex -22.544788599687458 -26.93079217097396 2.5
    endloop
  endfacet
  facet normal 0 0 1
    outer loop
      vertex -22.544788599687458 -29.06920782902604 2.5
      vertex -22.370820393249936 -29.141267819554184 2.5
      vertex -22.370820393249936 -26.858732180445816 2.5
    endloop
  endfacet
  facet normal 0 0 1
    outer loop
      vertex -22.84852813742386 -28.84852813742386 2.5
      vertex -22.705342302750967 -27.029179606750063 2.5
      vertex -22.84852813742386 -27.15147186257614 2.5
    endloop
  endfacet
  facet normal 0 0 1
    outer loop
      vertex -22.705342302750967 -28.970820393249937 2.5
      vertex -22.544788599687458 -26.93079217097396 2.5
      vertex -22.705342302750967 -27.029179606750063 2.5
    endloop
  endfacet
  facet normal 0 0 1
    outer loop
      vertex -22.544788599687458 -29.06920782902604 2.5
      vertex -22.370820393249936 -26.858732180445816 2.5
      vertex -22.544788599687458 -26.93079217097396 2.5
    endloop
  endfacet
  facet normal 0 0 1
    outer loop
      vertex -22.370820393249936 -29.141267819554184 2.5
      vertex -22.18772135804828 -26.814773991285833 2.5
      vertex -22.370820393249936 -26.858732180445816 2.5
    endloop
  endfacet
  facet normal 0 0 1
    outer loop
      vertex -22.18772135804828 -29.185226008714167 2.5
      vertex -22.18772135804828 -26.814773991285833 2.5
      vertex -22.370820393249936 -29.141267819554184 2.5
    endloop
  endfacet
  facet normal 0 0 1
    outer loop
      vertex -22.18772135804828 -29.185226008714167 2.5
      vertex -22 -29.2 2.5
      vertex -22 -26.8 2.5
    endloop
  endfacet
  facet normal 0 0 1
    outer loop
      vertex -22 -29.2 2.5
      vertex -21.81227864195172 -29.185226008714167 2.5
      vertex -21.81227864195172 -26.814773991285833 2.5
    endloop
  endfacet
  facet normal 0 0 1
    outer loop
      vertex -22.18772135804828 -29.185226008714167 2.5
      vertex -22 -26.8 2.5
      vertex -22.18772135804828 -26.814773991285833 2.5
    endloop
  endfacet
  facet normal 0 0 1
    outer loop
      vertex -22 -29.2 2.5
      vertex -21.81227864195172 -26.814773991285833 2.5
      vertex -22 -26.8 2.5
    endloop
  endfacet
  facet normal 0 0 1
    outer loop
      vertex -21.81227864195172 -29.185226008714167 2.5
      vertex -21.629179606750064 -26.858732180445816 2.5
      vertex -21.81227864195172 -26.814773991285833 2.5
    endloop
  endfacet
  facet normal 0.9238795325112893 0.3826834323650836 0
    outer loop
      vertex -23.141267819554184 -28.370820393249936 2.5
      vertex -23.141267819554184 -28.370820393249936 7.5
      vertex -23.06920782902604 -28.544788599687458 2.5
    endloop
  endfacet
  facet normal 0.9723699203976726 0.23344536385592202 -2.253720076969771e-19
    outer loop
      vertex -23.141267819554184 -28.370820393249936 2.5
      vertex -23.185226008714167 -28.18772135804828 2.5
      vertex -23.185226008714167 -28.18772135804828 7.5
    endloop
  endfacet
  facet normal 0.9969173337331292 0.07845909572782986 1.0493489694765741e-19
    outer loop
      vertex -23.185226008714167 -28.18772135804828 2.5
      vertex -23.2 -28 2.5
      vertex -23.2 -28 7.5
    endloop
  endfacet
  facet normal 0.9969173337331292 -0.07845909572782986 -1.0493489694765741e-19
    outer loop
      vertex -23.2 -28 2.5
      vertex -23.185226008714167 -27.81227864195172 2.5
      vertex -23.185226008714167 -27.81227864195172 7.5
    endloop
  endfacet
  facet normal 0.9723699203976726 -0.23344536385592202 2.253720076969771e-19
    outer loop
      vertex -23.185226008714167 -27.81227864195172 2.5
      vertex -23.141267819554184 -27.629179606750064 2.5
      vertex -23.141267819554184 -27.629179606750064 7.5
    endloop
  endfacet
  facet normal 0.9238795325112893 -0.3826834323650836 3.6161786593411663e-19
    outer loop
      vertex -23.141267819554184 -27.629179606750064 2.5
      vertex -23.06920782902604 -27.455211400312542 2.5
      vertex -23.06920782902604 -27.455211400312542 7.5
    endloop
  endfacet
  facet normal 0.8526401643540912 -0.5224985647159506 1.8081887990118107e-19
    outer loop
      vertex -23.06920782902604 -27.455211400312542 2.5
      vertex -22.970820393249937 -27.294657697249033 2.5
      vertex -22.970820393249937 -27.294657697249033 7.5
    endloop
  endfacet
  facet normal 0.76040596560004 -0.649448048330173 1.0002889291888404e-19
    outer loop
      vertex -22.970820393249937 -27.294657697249033 2.5
      vertex -22.84852813742386 -27.15147186257614 2.5
      vertex -22.84852813742386 -27.15147186257614 7.5
    endloop
  endfacet
  facet normal 0.649448048330173 -0.76040596560004 1.0002889291888404e-19
    outer loop
      vertex -22.84852813742386 -27.15147186257614 2.5
      vertex -22.705342302750967 -27.029179606750063 2.5
      vertex -22.705342302750967 -27.029179606750063 7.5
    endloop
  endfacet
  facet normal 0.5224985647159506 -0.8526401643540912 1.8081887990118107e-19
    outer loop
      vertex -22.705342302750967 -27.029179606750063 2.5
      vertex -22.544788599687458 -26.93079217097396 2.5
      vertex -22.544788599687458 -26.93079217097396 7.5
    endloop
  endfacet
  facet normal 0.3826834323650836 -0.9238795325112893 3.6161786593411663e-19
    outer loop
      vertex -22.544788599687458 -26.93079217097396 2.5
      vertex -22.370820393249936 -26.858732180445816 2.5
      vertex -22.370820393249936 -26.858732180445816 7.5
    endloop
  endfacet
  facet normal 0.23344536385592202 -0.9723699203976726 2.253720076969771e-19
    outer loop
      vertex -22.370820393249936 -26.858732180445816 2.5
      vertex -22.18772135804828 -26.814773991285833 2.5
      vertex -22.18772135804828 -26.814773991285833 7.5
    endloop
  endfacet
  facet normal 0.07845909572782986 -0.9969173337331292 -1.0493489694765741e-19
    outer loop
      vertex -22.18772135804828 -26.814773991285833 2.5
      vertex -22 -26.8 2.5
      vertex -22 -26.8 7.5
    endloop
  endfacet
  facet normal -0.07845909572782986 -0.9969173337331292 1.0493489694765741e-19
    outer loop
      vertex -22 -26.8 2.5
      vertex -21.81227864195172 -26.814773991285833 2.5
      vertex -21.81227864195172 -26.814773991285833 7.5
    endloop
  endfacet
  facet normal -0.3826834323650836 0.9238795325112893 0
    outer loop
      vertex -21.629179606750064 -29.141267819554184 2.5
      vertex -21.629179606750064 -29.141267819554184 7.5
      vertex -21.455211400312542 -29.06920782902604 2.5
    endloop
  endfacet
  facet normal -0.5224985647159506 0.8526401643540912 0
    outer loop
      vertex -21.455211400312542 -29.06920782902604 2.5
      vertex -21.455211400312542 -29.06920782902604 7.5
      vertex -21.294657697249033 -28.970820393249937 2.5
    endloop
  endfacet
  facet normal -0.649448048330173 0.76040596560004 0
    outer loop
      vertex -21.294657697249033 -28.970820393249937 2.5
      vertex -21.294657697249033 -28.970820393249937 7.5
      vertex -21.15147186257614 -28.84852813742386 2.5
    endloop
  endfacet
  facet normal -0.76040596560004 0.649448048330173 0
    outer loop
      vertex -21.15147186257614 -28.84852813742386 2.5
      vertex -21.15147186257614 -28.84852813742386 7.5
      vertex -21.029179606750063 -28.705342302750967 2.5
    endloop
  endfacet
  facet normal -0.8526401643540912 0.5224985647159506 0
    outer loop
      vertex -21.029179606750063 -28.705342302750967 2.5
      vertex -21.029179606750063 -28.705342302750967 7.5
      vertex -20.93079217097396 -28.544788599687458 2.5
    endloop
  endfacet
  facet normal 0 0 1
    outer loop
      vertex -21.81227864195172 -29.185226008714167 2.5
      vertex -21.629179606750064 -29.141267819554184 2.5
      vertex -21.629179606750064 -26.858732180445816 2.5
    endloop
  endfacet
  facet normal 0 0 1
    outer loop
      vertex -21.629179606750064 -29.141267819554184 2.5
      vertex -21.455211400312542 -29.06920782902604 2.5
      vertex -21.455211400312542 -26.93079217097396 2.5
    endloop
  endfacet
  facet normal 0 0 1
    outer loop
      vertex -21.455211400312542 -29.06920782902604 2.5
      vertex -21.294657697249033 -28.970820393249937 2.5
      vertex -21.294657697249033 -27.029179606750063 2.5
    endloop
  endfacet
  facet normal 0 0 1
    outer loop
      vertex -21.294657697249033 -28.970820393249937 2.5
      vertex -21.15147186257614 -28.84852813742386 2.5
      vertex -21.15147186257614 -27.15147186257614 2.5
    endloop
  endfacet
  facet normal 0 0 1
    outer loop
      vertex -21.629179606750064 -29.141267819554184 2.5
      vertex -21.455211400312542 -26.93079217097396 2.5
      vertex -21.629179606750064 -26.858732180445816 2.5
    endloop
  endfacet
  facet normal 0 0 1
    outer loop
      vertex -21.455211400312542 -29.06920782902604 2.5
      vertex -21.294657697249033 -27.029179606750063 2.5
      vertex -21.455211400312542 -26.93079217097396 2.5
    endloop
  endfacet
  facet normal 0 0 1
    outer loop
      vertex -21.294657697249033 -28.970820393249937 2.5
      vertex -21.15147186257614 -27.15147186257614 2.5
      vertex -21.294657697249033 -27.029179606750063 2.5
    endloop
  endfacet
  facet normal 0 0 1
    outer loop
      vertex -21.15147186257614 -28.84852813742386 2.5
      vertex -21.029179606750063 -28.705342302750967 2.5
      vertex -21.029179606750063 -27.294657697249033 2.5
    endloop
  endfacet
  facet normal 0 0 1
    outer loop
      vertex -21.029179606750063 -28.705342302750967 2.5
      vertex -20.93079217097396 -28.544788599687458 2.5
      vertex -20.93079217097396 -27.455211400312542 2.5
    endloop
  endfacet
  facet normal 0 0 1
    outer loop
      vertex -21.15147186257614 -28.84852813742386 2.5
      vertex -21.029179606750063 -27.294657697249033 2.5
      vertex -21.15147186257614 -27.15147186257614 2.5
    endloop
  endfacet
  facet normal 0 0 1
    outer loop
      vertex -21.029179606750063 -28.705342302750967 2.5
      vertex -20.93079217097396 -27.455211400312542 2.5
      vertex -21.029179606750063 -27.294657697249033 2.5
    endloop
  endfacet
  facet normal 0 0 1
    outer loop
      vertex -20.93079217097396 -28.544788599687458 2.5
      vertex -20.858732180445816 -27.629179606750064 2.5
      vertex -20.93079217097396 -27.455211400312542 2.5
    endloop
  endfacet
  facet normal 0 0 1
    outer loop
      vertex -20.93079217097396 -28.544788599687458 2.5
      vertex -20.858732180445816 -28.370820393249936 2.5
      vertex -20.858732180445816 -27.629179606750064 2.5
    endloop
  endfacet
  facet normal 0 0 1
    outer loop
      vertex -20.858732180445816 -28.370820393249936 2.5
      vertex -20.814773991285833 -28.18772135804828 2.5
      vertex -20.814773991285833 -27.81227864195172 2.5
    endloop
  endfacet
  facet normal 0 0 1
    outer loop
      vertex -20.814773991285833 -28.18772135804828 2.5
      vertex -20.8 -28 2.5
      vertex -20.814773991285833 -27.81227864195172 2.5
    endloop
  endfacet
  facet normal 0 0 1
    outer loop
      vertex -20.858732180445816 -28.370820393249936 2.5
      vertex -20.814773991285833 -27.81227864195172 2.5
      vertex -20.858732180445816 -27.629179606750064 2.5
    endloop
  endfacet
  facet normal -0.5224985647159506 -0.8526401643540912 -1.8081887990118107e-19
    outer loop
      vertex -21.455211400312542 -26.93079217097396 2.5
      vertex -21.294657697249033 -27.029179606750063 2.5
      vertex -21.294657697249033 -27.029179606750063 7.5
    endloop
  endfacet
  facet normal -0.649448048330173 -0.76040596560004 -1.0002889291888404e-19
    outer loop
      vertex -21.294657697249033 -27.029179606750063 2.5
      vertex -21.15147186257614 -27.15147186257614 2.5
      vertex -21.15147186257614 -27.15147186257614 7.5
    endloop
  endfacet
  facet normal -0.9238795325112893 0.3826834323650836 0
    outer loop
      vertex -20.93079217097396 -28.544788599687458 2.5
      vertex -20.93079217097396 -28.544788599687458 7.5
      vertex -20.858732180445816 -28.370820393249936 2.5
    endloop
  endfacet
  facet normal -0.9723699203976726 0.23344536385592202 0
    outer loop
      vertex -20.858732180445816 -28.370820393249936 2.5
      vertex -20.858732180445816 -28.370820393249936 7.5
      vertex -20.814773991285833 -28.18772135804828 2.5
    endloop
  endfacet
  facet normal -0.9969173337331292 0.07845909572782986 0
    outer loop
      vertex -20.814773991285833 -28.18772135804828 2.5
      vertex -20.814773991285833 -28.18772135804828 7.5
      vertex -20.8 -28 2.5
    endloop
  endfacet
  facet normal -0.9969173337331292 -0.07845909572782986 0
    outer loop
      vertex -20.8 -28 2.5
      vertex -20.8 -28 7.5
      vertex -20.814773991285833 -27.81227864195172 2.5
    endloop
  endfacet
  facet normal -0.8526401643540912 -0.5224985647159506 0
    outer loop
      vertex -20.93079217097396 -27.455211400312542 2.5
      vertex -20.93079217097396 -27.455211400312542 7.5
      vertex -21.029179606750063 -27.294657697249033 2.5
    endloop
  endfacet
  facet normal -0.76040596560004 -0.649448048330173 -1.0002889291888404e-19
    outer loop
      vertex -21.15147186257614 -27.15147186257614 2.5
      vertex -21.029179606750063 -27.294657697249033 2.5
      vertex -21.029179606750063 -27.294657697249033 7.5
    endloop
  endfacet
  facet normal -0.9238795325112893 -0.3826834323650836 0
    outer loop
      vertex -20.858732180445816 -27.629179606750064 2.5
      vertex -20.858732180445816 -27.629179606750064 7.5
      vertex -20.93079217097396 -27.455211400312542 2.5
    endloop
  endfacet
  facet normal -0.9723699203976726 -0.23344536385592202 0
    outer loop
      vertex -20.814773991285833 -27.81227864195172 2.5
      vertex -20.814773991285833 -27.81227864195172 7.5
      vertex -20.858732180445816 -27.629179606750064 2.5
    endloop
  endfacet
  facet normal -0.23344536385592202 -0.9723699203976726 -2.253720076969771e-19
    outer loop
      vertex -21.81227864195172 -26.814773991285833 2.5
      vertex -21.629179606750064 -26.858732180445816 2.5
      vertex -21.629179606750064 -26.858732180445816 7.5
    endloop
  endfacet
  facet normal -0.3826834323650836 -0.9238795325112893 -3.6161786593411663e-19
    outer loop
      vertex -21.629179606750064 -26.858732180445816 2.5
      vertex -21.455211400312542 -26.93079217097396 2.5
      vertex -21.455211400312542 -26.93079217097396 7.5
    endloop
  endfacet
  facet normal 0.8526401643540912 0.5224985647159506 0
    outer loop
      vertex -22.970820393249937 -28.705342302750967 2.5
      vertex -23.06920782902604 -28.544788599687458 7.5
      vertex -22.970820393249937 -28.705342302750967 7.5
    endloop
  endfacet
  facet normal 0.76040596560004 0.649448048330173 0
    outer loop
      vertex -22.84852813742386 -28.84852813742386 2.5
      vertex -22.970820393249937 -28.705342302750967 7.5
      vertex -22.84852813742386 -28.84852813742386 7.5
    endloop
  endfacet
  facet normal 0.5224985647159506 0.8526401643540912 0
    outer loop
      vertex -22.544788599687458 -29.06920782902604 2.5
      vertex -22.705342302750967 -28.970820393249937 7.5
      vertex -22.544788599687458 -29.06920782902604 7.5
    endloop
  endfacet
  facet normal 0.649448048330173 0.76040596560004 0
    outer loop
      vertex -22.705342302750967 -28.970820393249937 2.5
      vertex -22.84852813742386 -28.84852813742386 7.5
      vertex -22.705342302750967 -28.970820393249937 7.5
    endloop
  endfacet
  facet normal 0.3826834323650836 0.9238795325112893 0
    outer loop
      vertex -22.370820393249936 -29.141267819554184 2.5
      vertex -22.544788599687458 -29.06920782902604 7.5
      vertex -22.370820393249936 -29.141267819554184 7.5
    endloop
  endfacet
  facet normal 0.23344536385592202 0.9723699203976726 0
    outer loop
      vertex -22.18772135804828 -29.185226008714167 2.5
      vertex -22.370820393249936 -29.141267819554184 7.5
      vertex -22.18772135804828 -29.185226008714167 7.5
    endloop
  endfacet
  facet normal 0.07845909572782986 0.9969173337331292 0
    outer loop
      vertex -22 -29.2 2.5
      vertex -22.18772135804828 -29.185226008714167 7.5
      vertex -22 -29.2 7.5
    endloop
  endfacet
  facet normal -0.07845909572782986 0.9969173337331292 0
    outer loop
      vertex -21.81227864195172 -29.185226008714167 2.5
      vertex -22 -29.2 7.5
      vertex -21.81227864195172 -29.185226008714167 7.5
    endloop
  endfacet
  facet normal 0.9238795325112893 0.3826834323650836 0
    outer loop
      vertex -23.06920782902604 -28.544788599687458 2.5
      vertex -23.141267819554184 -28.370820393249936 7.5
      vertex -23.06920782902604 -28.544788599687458 7.5
    endloop
  endfacet
  facet normal 0.9723699203976726 0.23344536385592202 0
    outer loop
      vertex -23.141267819554184 -28.370820393249936 2.5
      vertex -23.185226008714167 -28.18772135804828 7.5
      vertex -23.141267819554184 -28.370820393249936 7.5
    endloop
  endfacet
  facet normal 0.9969173337331292 0.07845909572782986 0
    outer loop
      vertex -23.185226008714167 -28.18772135804828 2.5
      vertex -23.2 -28 7.5
      vertex -23.185226008714167 -28.18772135804828 7.5
    endloop
  endfacet
  facet normal 0.9969173337331292 -0.07845909572782986 0
    outer loop
      vertex -23.2 -28 2.5
      vertex -23.185226008714167 -27.81227864195172 7.5
      vertex -23.2 -28 7.5
    endloop
  endfacet
  facet normal 0.9723699203976726 -0.23344536385592202 0
    outer loop
      vertex -23.185226008714167 -27.81227864195172 2.5
      vertex -23.141267819554184 -27.629179606750064 7.5
      vertex -23.185226008714167 -27.81227864195172 7.5
    endloop
  endfacet
  facet normal 0.9238795325112893 -0.3826834323650836 0
    outer loop
      vertex -23.141267819554184 -27.629179606750064 2.5
      vertex -23.06920782902604 -27.455211400312542 7.5
      vertex -23.141267819554184 -27.629179606750064 7.5
    endloop
  endfacet
  facet normal 0.8526401643540912 -0.5224985647159506 0
    outer loop
      vertex -23.06920782902604 -27.455211400312542 2.5
      vertex -22.970820393249937 -27.294657697249033 7.5
      vertex -23.06920782902604 -27.455211400312542 7.5
    endloop
  endfacet
  facet normal 0.76040596560004 -0.649448048330173 0
    outer loop
      vertex -22.970820393249937 -27.294657697249033 2.5
      vertex -22.84852813742386 -27.15147186257614 7.5
      vertex -22.970820393249937 -27.294657697249033 7.5
    endloop
  endfacet
  facet normal 0.649448048330173 -0.76040596560004 0
    outer loop
      vertex -22.84852813742386 -27.15147186257614 2.5
      vertex -22.705342302750967 -27.029179606750063 7.5
      vertex -22.84852813742386 -27.15147186257614 7.5
    endloop
  endfacet
  facet normal 0.5224985647159506 -0.8526401643540912 0
    outer loop
      vertex -22.705342302750967 -27.029179606750063 2.5
      vertex -22.544788599687458 -26.93079217097396 7.5
      vertex -22.705342302750967 -27.029179606750063 7.5
    endloop
  endfacet
  facet normal 0.3826834323650836 -0.9238795325112893 0
    outer loop
      vertex -22.544788599687458 -26.93079217097396 2.5
      vertex -22.370820393249936 -26.858732180445816 7.5
      vertex -22.544788599687458 -26.93079217097396 7.5
    endloop
  endfacet
  facet normal 0.23344536385592202 -0.9723699203976726 0
    outer loop
      vertex -22.370820393249936 -26.858732180445816 2.5
      vertex -22.18772135804828 -26.814773991285833 7.5
      vertex -22.370820393249936 -26.858732180445816 7.5
    endloop
  endfacet
  facet normal 0.07845909572782986 -0.9969173337331292 0
    outer loop
      vertex -22.18772135804828 -26.814773991285833 2.5
      vertex -22 -26.8 7.5
      vertex -22.18772135804828 -26.814773991285833 7.5
    endloop
  endfacet
  facet normal -0.07845909572782986 -0.9969173337331292 0
    outer loop
      vertex -22 -26.8 2.5
      vertex -21.81227864195172 -26.814773991285833 7.5
      vertex -22 -26.8 7.5
    endloop
  endfacet
  facet normal -0.23344536385592202 -0.9723699203976726 0
    outer loop
      vertex -21.81227864195172 -26.814773991285833 2.5
      vertex -21.629179606750064 -26.858732180445816 7.5
      vertex -21.81227864195172 -26.814773991285833 7.5
    endloop
  endfacet
  facet normal -0.23344536385592202 0.9723699203976726 0
    outer loop
      vertex -21.629179606750064 -29.141267819554184 2.5
      vertex -21.81227864195172 -29.185226008714167 7.5
      vertex -21.629179606750064 -29.141267819554184 7.5
    endloop
  endfacet
  facet normal -0.3826834323650836 0.9238795325112893 0
    outer loop
      vertex -21.455211400312542 -29.06920782902604 2.5
      vertex -21.629179606750064 -29.141267819554184 7.5
      vertex -21.455211400312542 -29.06920782902604 7.5
    endloop
  endfacet
  facet normal -0.5224985647159506 0.8526401643540912 0
    outer loop
      vertex -21.294657697249033 -28.970820393249937 2.5
      vertex -21.455211400312542 -29.06920782902604 7.5
      vertex -21.294657697249033 -28.970820393249937 7.5
    endloop
  endfacet
  facet normal -0.649448048330173 0.76040596560004 0
    outer loop
      vertex -21.15147186257614 -28.84852813742386 2.5
      vertex -21.294657697249033 -28.970820393249937 7.5
      vertex -21.15147186257614 -28.84852813742386 7.5
    endloop
  endfacet
  facet normal -0.76040596560004 0.649448048330173 0
    outer loop
      vertex -21.029179606750063 -28.705342302750967 2.5
      vertex -21.15147186257614 -28.84852813742386 7.5
      vertex -21.029179606750063 -28.705342302750967 7.5
    endloop
  endfacet
  facet normal -0.8526401643540912 0.5224985647159506 0
    outer loop
      vertex -20.93079217097396 -28.544788599687458 2.5
      vertex -21.029179606750063 -28.705342302750967 7.5
      vertex -20.93079217097396 -28.544788599687458 7.5
    endloop
  endfacet
  facet normal -0.5224985647159506 -0.8526401643540912 0
    outer loop
      vertex -21.455211400312542 -26.93079217097396 2.5
      vertex -21.294657697249033 -27.029179606750063 7.5
      vertex -21.455211400312542 -26.93079217097396 7.5
    endloop
  endfacet
  facet normal -0.649448048330173 -0.76040596560004 0
    outer loop
      vertex -21.294657697249033 -27.029179606750063 2.5
      vertex -21.15147186257614 -27.15147186257614 7.5
      vertex -21.294657697249033 -27.029179606750063 7.5
    endloop
  endfacet
  facet normal -0.9238795325112893 0.3826834323650836 0
    outer loop
      vertex -20.858732180445816 -28.370820393249936 2.5
      vertex -20.93079217097396 -28.544788599687458 7.5
      vertex -20.858732180445816 -28.370820393249936 7.5
    endloop
  endfacet
  facet normal -0.9723699203976726 0.23344536385592202 0
    outer loop
      vertex -20.814773991285833 -28.18772135804828 2.5
      vertex -20.858732180445816 -28.370820393249936 7.5
      vertex -20.814773991285833 -28.18772135804828 7.5
    endloop
  endfacet
  facet normal -0.9969173337331292 0.07845909572782986 0
    outer loop
      vertex -20.8 -28 2.5
      vertex -20.814773991285833 -28.18772135804828 7.5
      vertex -20.8 -28 7.5
    endloop
  endfacet
  facet normal -0.9969173337331292 -0.07845909572782986 0
    outer loop
      vertex -20.814773991285833 -27.81227864195172 2.5
      vertex -20.8 -28 7.5
      vertex -20.814773991285833 -27.81227864195172 7.5
    endloop
  endfacet
  facet normal -0.9238795325112893 -0.3826834323650836 0
    outer loop
      vertex -20.93079217097396 -27.455211400312542 2.5
      vertex -20.858732180445816 -27.629179606750064 7.5
      vertex -20.93079217097396 -27.455211400312542 7.5
    endloop
  endfacet
  facet normal -0.76040596560004 -0.649448048330173 0
    outer loop
      vertex -21.15147186257614 -27.15147186257614 2.5
      vertex -21.029179606750063 -27.294657697249033 7.5
      vertex -21.15147186257614 -27.15147186257614 7.5
    endloop
  endfacet
  facet normal -0.8526401643540912 -0.5224985647159506 0
    outer loop
      vertex -21.029179606750063 -27.294657697249033 2.5
      vertex -20.93079217097396 -27.455211400312542 7.5
      vertex -21.029179606750063 -27.294657697249033 7.5
    endloop
  endfacet
  facet normal -0.9723699203976726 -0.23344536385592202 0
    outer loop
      vertex -20.858732180445816 -27.629179606750064 2.5
      vertex -20.814773991285833 -27.81227864195172 7.5
      vertex -20.858732180445816 -27.629179606750064 7.5
    endloop
  endfacet
  facet normal -0.3826834323650836 -0.9238795325112893 0
    outer loop
      vertex -21.629179606750064 -26.858732180445816 2.5
      vertex -21.455211400312542 -26.93079217097396 7.5
      vertex -21.629179606750064 -26.858732180445816 7.5
    endloop
  endfacet
  facet normal 0.7604059656000295 0 0.6494480483301855
    outer loop
      vertex -19.742031021678294 -48.5 8.307968978321703
      vertex -20.057952682562334 -50.75 8.677865717893333
      vertex -19.742031021678294 -50.75 8.307968978321703
    endloop
  endfacet
  facet normal 0.6494480483301855 0 0.7604059656000295
    outer loop
      vertex -19.742031021678294 -48.5 8.307968978321703
      vertex -19.742031021678294 -50.75 8.307968978321703
      vertex -19.372134282106664 -48.5 7.992047317437663
    endloop
  endfacet
  facet normal 0.7604059656000295 -6.193691783154379e-18 0.6494480483301855
    outer loop
      vertex -19.742031021678294 -48.5 8.307968978321703
      vertex -20.057952682562334 -48.5 8.677865717893333
      vertex -20.057952682562334 -50.75 8.677865717893333
    endloop
  endfacet
  facet normal 0.8526401643540903 0 0.5224985647159518
    outer loop
      vertex -20.057952682562334 -48.5 8.677865717893333
      vertex -20.31212022498394 -50.75 9.092629450807404
      vertex -20.057952682562334 -50.75 8.677865717893333
    endloop
  endfacet
  facet normal 0.8526401643540903 -3.493863622651394e-18 0.5224985647159518
    outer loop
      vertex -20.057952682562334 -48.5 8.677865717893333
      vertex -20.31212022498394 -48.5 9.092629450807404
      vertex -20.31212022498394 -50.75 9.092629450807404
    endloop
  endfacet
  facet normal 0.5224985647159492 0 0.8526401643540921
    outer loop
      vertex -18.957370549192593 -48.5 7.73787977501606
      vertex -19.372134282106664 -50.75 7.992047317437663
      vertex -18.957370549192593 -50.75 7.73787977501606
    endloop
  endfacet
  facet normal 0.5224985647159492 -2.355777837399659e-18 0.8526401643540921
    outer loop
      vertex -18.957370549192593 -48.5 7.73787977501606
      vertex -19.372134282106664 -48.5 7.992047317437663
      vertex -19.372134282106664 -50.75 7.992047317437663
    endloop
  endfacet
  facet normal 0.38268343236508867 0 0.9238795325112873
    outer loop
      vertex -18.507952682562333 -48.5 7.551724799485024
      vertex -18.957370549192593 -50.75 7.73787977501606
      vertex -18.507952682562333 -50.75 7.551724799485024
    endloop
  endfacet
  facet normal 0.38268343236508867 0 0.9238795325112873
    outer loop
      vertex -18.957370549192593 -48.5 7.73787977501606
      vertex -18.957370549192593 -50.75 7.73787977501606
      vertex -18.507952682562333 -48.5 7.551724799485024
    endloop
  endfacet
  facet normal 0.23344536385590692 0 0.9723699203976763
    outer loop
      vertex -18.034946841624713 -48.5 7.438166144155073
      vertex -18.507952682562333 -50.75 7.551724799485024
      vertex -18.034946841624713 -50.75 7.438166144155073
    endloop
  endfacet
  facet normal 0.07845909572784332 0 0.9969173337331281
    outer loop
      vertex -17.549999999999997 -48.5 7.4
      vertex -18.034946841624713 -50.75 7.438166144155073
      vertex -17.549999999999997 -50.75 7.4
    endloop
  endfacet
  facet normal 0.07845909572784332 0 0.9969173337331281
    outer loop
      vertex -18.034946841624713 -48.5 7.438166144155073
      vertex -18.034946841624713 -50.75 7.438166144155073
      vertex -17.549999999999997 -48.5 7.4
    endloop
  endfacet
  facet normal -0.07845909572784332 0 0.9969173337331281
    outer loop
      vertex -17.549999999999997 -48.5 7.4
      vertex -17.549999999999997 -50.75 7.4
      vertex -17.06505315837528 -48.5 7.438166144155073
    endloop
  endfacet
  facet normal 0.23344536385590692 0 0.9723699203976763
    outer loop
      vertex -18.507952682562333 -48.5 7.551724799485024
      vertex -18.507952682562333 -50.75 7.551724799485024
      vertex -18.034946841624713 -48.5 7.438166144155073
    endloop
  endfacet
  facet normal 0 -1 0
    outer loop
      vertex -18.507952682562333 -48.5 7.551724799485024
      vertex -18.034946841624713 -48.5 7.438166144155073
      vertex -17.06505315837528 -48.5 7.438166144155073
    endloop
  endfacet
  facet normal 0 -1 0
    outer loop
      vertex -18.034946841624713 -48.5 7.438166144155073
      vertex -17.549999999999997 -48.5 7.4
      vertex -17.06505315837528 -48.5 7.438166144155073
    endloop
  endfacet
  facet normal 0 -1 0
    outer loop
      vertex -18.957370549192593 -48.5 7.73787977501606
      vertex -18.507952682562333 -48.5 7.551724799485024
      vertex -16.59204731743766 -48.5 7.551724799485024
    endloop
  endfacet
  facet normal 0 -1 0
    outer loop
      vertex -18.957370549192593 -48.5 7.73787977501606
      vertex -16.1426294508074 -48.5 7.73787977501606
      vertex -19.372134282106664 -48.5 7.992047317437663
    endloop
  endfacet
  facet normal 0 -1 0
    outer loop
      vertex -18.507952682562333 -48.5 7.551724799485024
      vertex -17.06505315837528 -48.5 7.438166144155073
      vertex -16.59204731743766 -48.5 7.551724799485024
    endloop
  endfacet
  facet normal 0.6494480483301855 0 0.7604059656000295
    outer loop
      vertex -19.372134282106664 -48.5 7.992047317437663
      vertex -19.742031021678294 -50.75 8.307968978321703
      vertex -19.372134282106664 -50.75 7.992047317437663
    endloop
  endfacet
  facet normal 0 -1 0
    outer loop
      vertex -20.057952682562334 -48.5 8.677865717893333
      vertex -15.04204731743766 -48.5 8.677865717893333
      vertex -20.31212022498394 -48.5 9.092629450807404
    endloop
  endfacet
  facet normal 0 -1 0
    outer loop
      vertex -19.742031021678294 -48.5 8.307968978321703
      vertex -19.372134282106664 -48.5 7.992047317437663
      vertex -15.72786571789333 -48.5 7.992047317437663
    endloop
  endfacet
  facet normal 0 -1 0
    outer loop
      vertex -19.742031021678294 -48.5 8.307968978321703
      vertex -15.3579689783217 -48.5 8.307968978321703
      vertex -20.057952682562334 -48.5 8.677865717893333
    endloop
  endfacet
  facet normal 0.9969173337331279 -1.560348961684767e-19 0.07845909572784696
    outer loop
      vertex -20.611833855844925 -48.5 10.015053158375284
      vertex -20.65 -48.5 10.5
      vertex -20.65 -50.75 10.5
    endloop
  endfacet
  facet normal 0.9238795325112873 0 0.38268343236508867
    outer loop
      vertex -20.31212022498394 -48.5 9.092629450807404
      vertex -20.498275200514975 -50.75 9.542047317437664
      vertex -20.31212022498394 -50.75 9.092629450807404
    endloop
  endfacet
  facet normal 0.9723699203976771 0 0.23344536385590348
    outer loop
      vertex -20.498275200514975 -48.5 9.542047317437664
      vertex -20.611833855844925 -50.75 10.015053158375284
      vertex -20.498275200514975 -50.75 9.542047317437664
    endloop
  endfacet
  facet normal 0.9238795325112873 -5.053941822342168e-18 0.38268343236508867
    outer loop
      vertex -20.31212022498394 -48.5 9.092629450807404
      vertex -20.498275200514975 -48.5 9.542047317437664
      vertex -20.498275200514975 -50.75 9.542047317437664
    endloop
  endfacet
  facet normal 0.9969173337331279 0 0.07845909572784696
    outer loop
      vertex -20.611833855844925 -48.5 10.015053158375284
      vertex -20.65 -50.75 10.5
      vertex -20.611833855844925 -50.75 10.015053158375284
    endloop
  endfacet
  facet normal 0.9723699203976771 -2.493662487706249e-18 0.23344536385590348
    outer loop
      vertex -20.498275200514975 -48.5 9.542047317437664
      vertex -20.611833855844925 -48.5 10.015053158375284
      vertex -20.611833855844925 -50.75 10.015053158375284
    endloop
  endfacet
  facet normal 0.9969173337331279 0 -0.07845909572784696
    outer loop
      vertex -20.65 -48.5 10.5
      vertex -20.611833855844925 -50.75 10.984946841624716
      vertex -20.65 -50.75 10.5
    endloop
  endfacet
  facet normal 0.9969173337331279 1.560348961684767e-19 -0.07845909572784696
    outer loop
      vertex -20.65 -48.5 10.5
      vertex -20.611833855844925 -48.5 10.984946841624716
      vertex -20.611833855844925 -50.75 10.984946841624716
    endloop
  endfacet
  facet normal 0.9723699203976771 0 -0.23344536385590348
    outer loop
      vertex -20.611833855844925 -48.5 10.984946841624716
      vertex -20.498275200514975 -50.75 11.457952682562336
      vertex -20.611833855844925 -50.75 10.984946841624716
    endloop
  endfacet
  facet normal 0.9723699203976771 2.493662487706249e-18 -0.23344536385590348
    outer loop
      vertex -20.611833855844925 -48.5 10.984946841624716
      vertex -20.498275200514975 -48.5 11.457952682562336
      vertex -20.498275200514975 -50.75 11.457952682562336
    endloop
  endfacet
  facet normal 0 -1 0
    outer loop
      vertex -20.31212022498394 -48.5 9.092629450807404
      vertex -14.787879775016057 -48.5 9.092629450807404
      vertex -20.498275200514975 -48.5 9.542047317437664
    endloop
  endfacet
  facet normal 0 -1 0
    outer loop
      vertex -20.498275200514975 -48.5 9.542047317437664
      vertex -14.601724799485021 -48.5 9.542047317437664
      vertex -20.611833855844925 -48.5 10.015053158375284
    endloop
  endfacet
  facet normal 0 -1 0
    outer loop
      vertex -20.611833855844925 -48.5 10.015053158375284
      vertex -14.48816614415507 -48.5 10.015053158375284
      vertex -20.65 -48.5 10.5
    endloop
  endfacet
  facet normal 0 -1 0
    outer loop
      vertex -20.65 -48.5 10.5
      vertex -14.449999999999998 -48.5 10.5
      vertex -20.611833855844925 -48.5 10.984946841624716
    endloop
  endfacet
  facet normal 0 -1 0
    outer loop
      vertex -20.611833855844925 -48.5 10.984946841624716
      vertex -14.48816614415507 -48.5 10.984946841624716
      vertex -20.498275200514975 -48.5 11.457952682562336
    endloop
  endfacet
  facet normal 0.9238795325112873 0 -0.38268343236508867
    outer loop
      vertex -20.498275200514975 -48.5 11.457952682562336
      vertex -20.31212022498394 -50.75 11.907370549192596
      vertex -20.498275200514975 -50.75 11.457952682562336
    endloop
  endfacet
  facet normal 0.8526401643540903 0 -0.5224985647159518
    outer loop
      vertex -20.31212022498394 -48.5 11.907370549192596
      vertex -20.057952682562334 -50.75 12.322134282106667
      vertex -20.31212022498394 -50.75 11.907370549192596
    endloop
  endfacet
  facet normal 0.9238795325112873 5.053941822342168e-18 -0.38268343236508867
    outer loop
      vertex -20.498275200514975 -48.5 11.457952682562336
      vertex -20.31212022498394 -48.5 11.907370549192596
      vertex -20.31212022498394 -50.75 11.907370549192596
    endloop
  endfacet
  facet normal 0.8526401643540903 3.493863622651394e-18 -0.5224985647159518
    outer loop
      vertex -20.31212022498394 -48.5 11.907370549192596
      vertex -20.057952682562334 -48.5 12.322134282106667
      vertex -20.057952682562334 -50.75 12.322134282106667
    endloop
  endfacet
  facet normal 0.7604059656000295 0 -0.6494480483301855
    outer loop
      vertex -20.057952682562334 -48.5 12.322134282106667
      vertex -19.742031021678294 -50.75 12.692031021678297
      vertex -20.057952682562334 -50.75 12.322134282106667
    endloop
  endfacet
  facet normal 0.7604059656000295 6.193691783154379e-18 -0.6494480483301855
    outer loop
      vertex -20.057952682562334 -48.5 12.322134282106667
      vertex -19.742031021678294 -48.5 12.692031021678297
      vertex -19.742031021678294 -50.75 12.692031021678297
    endloop
  endfacet
  facet normal 0.6494480483301855 0 -0.7604059656000295
    outer loop
      vertex -19.742031021678294 -48.5 12.692031021678297
      vertex -19.372134282106664 -50.75 13.007952682562337
      vertex -19.742031021678294 -50.75 12.692031021678297
    endloop
  endfacet
  facet normal 0 -1 0
    outer loop
      vertex -20.498275200514975 -48.5 11.457952682562336
      vertex -14.601724799485021 -48.5 11.457952682562336
      vertex -20.31212022498394 -48.5 11.907370549192596
    endloop
  endfacet
  facet normal 0 -1 0
    outer loop
      vertex -20.31212022498394 -48.5 11.907370549192596
      vertex -14.787879775016057 -48.5 11.907370549192596
      vertex -20.057952682562334 -48.5 12.322134282106667
    endloop
  endfacet
  facet normal 0 -1 0
    outer loop
      vertex -20.057952682562334 -48.5 12.322134282106667
      vertex -15.04204731743766 -48.5 12.322134282106667
      vertex -19.742031021678294 -48.5 12.692031021678297
    endloop
  endfacet
  facet normal 0.5224985647159492 0 -0.8526401643540921
    outer loop
      vertex -19.372134282106664 -48.5 13.007952682562337
      vertex -18.957370549192593 -50.75 13.26212022498394
      vertex -19.372134282106664 -50.75 13.007952682562337
    endloop
  endfacet
  facet normal 0.6494480483301855 6.193691783154379e-18 -0.7604059656000295
    outer loop
      vertex -19.742031021678294 -48.5 12.692031021678297
      vertex -19.372134282106664 -48.5 13.007952682562337
      vertex -19.372134282106664 -50.75 13.007952682562337
    endloop
  endfacet
  facet normal 0.5224985647159492 2.355777837399659e-18 -0.8526401643540921
    outer loop
      vertex -19.372134282106664 -48.5 13.007952682562337
      vertex -18.957370549192593 -48.5 13.26212022498394
      vertex -18.957370549192593 -50.75 13.26212022498394
    endloop
  endfacet
  facet normal 0.38268343236508867 0 -0.9238795325112873
    outer loop
      vertex -18.957370549192593 -48.5 13.26212022498394
      vertex -18.507952682562333 -50.75 13.448275200514976
      vertex -18.957370549192593 -50.75 13.26212022498394
    endloop
  endfacet
  facet normal 0.38268343236508867 5.053941822342168e-18 -0.9238795325112873
    outer loop
      vertex -18.957370549192593 -48.5 13.26212022498394
      vertex -18.507952682562333 -48.5 13.448275200514976
      vertex -18.507952682562333 -50.75 13.448275200514976
    endloop
  endfacet
  facet normal 0.23344536385590692 0 -0.9723699203976763
    outer loop
      vertex -18.507952682562333 -48.5 13.448275200514976
      vertex -18.034946841624713 -50.75 13.561833855844927
      vertex -18.507952682562333 -50.75 13.448275200514976
    endloop
  endfacet
  facet normal 0.23344536385590692 3.061040984600716e-18 -0.9723699203976763
    outer loop
      vertex -18.507952682562333 -48.5 13.448275200514976
      vertex -18.034946841624713 -48.5 13.561833855844927
      vertex -18.034946841624713 -50.75 13.561833855844927
    endloop
  endfacet
  facet normal 0.07845909572784332 0 -0.9969173337331281
    outer loop
      vertex -18.034946841624713 -48.5 13.561833855844927
      vertex -17.549999999999997 -50.75 13.6
      vertex -18.034946841624713 -50.75 13.561833855844927
    endloop
  endfacet
  facet normal -0.07845909572784332 0 -0.9969173337331281
    outer loop
      vertex -17.549999999999997 -48.5 13.6
      vertex -17.06505315837528 -50.75 13.561833855844927
      vertex -17.549999999999997 -50.75 13.6
    endloop
  endfacet
  facet normal 0.07845909572784332 -7.72051637484687e-19 -0.9969173337331281
    outer loop
      vertex -18.034946841624713 -48.5 13.561833855844927
      vertex -17.549999999999997 -48.5 13.6
      vertex -17.549999999999997 -50.75 13.6
    endloop
  endfacet
  facet normal 0 -1 0
    outer loop
      vertex -19.742031021678294 -48.5 12.692031021678297
      vertex -15.3579689783217 -48.5 12.692031021678297
      vertex -19.372134282106664 -48.5 13.007952682562337
    endloop
  endfacet
  facet normal 0 -1 0
    outer loop
      vertex -19.372134282106664 -48.5 13.007952682562337
      vertex -15.72786571789333 -48.5 13.007952682562337
      vertex -18.957370549192593 -48.5 13.26212022498394
    endloop
  endfacet
  facet normal 0 -1 0
    outer loop
      vertex -18.957370549192593 -48.5 13.26212022498394
      vertex -16.1426294508074 -48.5 13.26212022498394
      vertex -18.507952682562333 -48.5 13.448275200514976
    endloop
  endfacet
  facet normal 0 -1 0
    outer loop
      vertex -18.507952682562333 -48.5 13.448275200514976
      vertex -16.59204731743766 -48.5 13.448275200514976
      vertex -18.034946841624713 -48.5 13.561833855844927
    endloop
  endfacet
  facet normal 0 -1 0
    outer loop
      vertex -18.034946841624713 -48.5 13.561833855844927
      vertex -17.06505315837528 -48.5 13.561833855844927
      vertex -17.549999999999997 -48.5 13.6
    endloop
  endfacet
  facet normal -0.07845909572784332 0 0.9969173337331281
    outer loop
      vertex -17.06505315837528 -48.5 7.438166144155073
      vertex -17.549999999999997 -50.75 7.4
      vertex -17.06505315837528 -50.75 7.438166144155073
    endloop
  endfacet
  facet normal -0.23344536385590692 0 0.9723699203976763
    outer loop
      vertex -17.06505315837528 -48.5 7.438166144155073
      vertex -17.06505315837528 -50.75 7.438166144155073
      vertex -16.59204731743766 -48.5 7.551724799485024
    endloop
  endfacet
  facet normal -0.23344536385590692 0 0.9723699203976763
    outer loop
      vertex -16.59204731743766 -48.5 7.551724799485024
      vertex -17.06505315837528 -50.75 7.438166144155073
      vertex -16.59204731743766 -50.75 7.551724799485024
    endloop
  endfacet
  facet normal -0.38268343236508867 0 0.9238795325112873
    outer loop
      vertex -16.1426294508074 -48.5 7.73787977501606
      vertex -16.59204731743766 -50.75 7.551724799485024
      vertex -16.1426294508074 -50.75 7.73787977501606
    endloop
  endfacet
  facet normal -0.38268343236508867 0 0.9238795325112873
    outer loop
      vertex -16.59204731743766 -48.5 7.551724799485024
      vertex -16.59204731743766 -50.75 7.551724799485024
      vertex -16.1426294508074 -48.5 7.73787977501606
    endloop
  endfacet
  facet normal 0 -1 0
    outer loop
      vertex -18.957370549192593 -48.5 7.73787977501606
      vertex -16.59204731743766 -48.5 7.551724799485024
      vertex -16.1426294508074 -48.5 7.73787977501606
    endloop
  endfacet
  facet normal 0 -1 0
    outer loop
      vertex -19.372134282106664 -48.5 7.992047317437663
      vertex -16.1426294508074 -48.5 7.73787977501606
      vertex -15.72786571789333 -48.5 7.992047317437663
    endloop
  endfacet
  facet normal -0.5224985647159492 0 0.8526401643540921
    outer loop
      vertex -15.72786571789333 -48.5 7.992047317437663
      vertex -16.1426294508074 -50.75 7.73787977501606
      vertex -15.72786571789333 -50.75 7.992047317437663
    endloop
  endfacet
  facet normal -0.5224985647159492 0 0.8526401643540921
    outer loop
      vertex -16.1426294508074 -48.5 7.73787977501606
      vertex -16.1426294508074 -50.75 7.73787977501606
      vertex -15.72786571789333 -48.5 7.992047317437663
    endloop
  endfacet
  facet normal 0 -1 0
    outer loop
      vertex -19.742031021678294 -48.5 8.307968978321703
      vertex -15.72786571789333 -48.5 7.992047317437663
      vertex -15.3579689783217 -48.5 8.307968978321703
    endloop
  endfacet
  facet normal 0 -1 0
    outer loop
      vertex -15.3579689783217 -48.5 8.307968978321703
      vertex -15.04204731743766 -48.5 8.677865717893333
      vertex -20.057952682562334 -48.5 8.677865717893333
    endloop
  endfacet
  facet normal 0 -1 0
    outer loop
      vertex -20.31212022498394 -48.5 9.092629450807404
      vertex -15.04204731743766 -48.5 8.677865717893333
      vertex -14.787879775016057 -48.5 9.092629450807404
    endloop
  endfacet
  facet normal -0.6494480483301855 0 0.7604059656000295
    outer loop
      vertex -15.3579689783217 -48.5 8.307968978321703
      vertex -15.72786571789333 -50.75 7.992047317437663
      vertex -15.3579689783217 -50.75 8.307968978321703
    endloop
  endfacet
  facet normal -0.6494480483301855 0 0.7604059656000295
    outer loop
      vertex -15.72786571789333 -48.5 7.992047317437663
      vertex -15.72786571789333 -50.75 7.992047317437663
      vertex -15.3579689783217 -48.5 8.307968978321703
    endloop
  endfacet
  facet normal -0.7604059656000295 0 0.6494480483301855
    outer loop
      vertex -15.3579689783217 -48.5 8.307968978321703
      vertex -15.3579689783217 -50.75 8.307968978321703
      vertex -15.04204731743766 -48.5 8.677865717893333
    endloop
  endfacet
  facet normal -0.7604059656000295 0 0.6494480483301855
    outer loop
      vertex -15.04204731743766 -48.5 8.677865717893333
      vertex -15.3579689783217 -50.75 8.307968978321703
      vertex -15.04204731743766 -50.75 8.677865717893333
    endloop
  endfacet
  facet normal -0.8526401643540921 0 0.5224985647159492
    outer loop
      vertex -14.787879775016057 -48.5 9.092629450807404
      vertex -15.04204731743766 -50.75 8.677865717893333
      vertex -14.787879775016057 -50.75 9.092629450807404
    endloop
  endfacet
  facet normal -0.8526401643540921 0 0.5224985647159492
    outer loop
      vertex -15.04204731743766 -48.5 8.677865717893333
      vertex -15.04204731743766 -50.75 8.677865717893333
      vertex -14.787879775016057 -48.5 9.092629450807404
    endloop
  endfacet
  facet normal 0 -1 0
    outer loop
      vertex -20.498275200514975 -48.5 9.542047317437664
      vertex -14.787879775016057 -48.5 9.092629450807404
      vertex -14.601724799485021 -48.5 9.542047317437664
    endloop
  endfacet
  facet normal 0 -1 0
    outer loop
      vertex -20.611833855844925 -48.5 10.015053158375284
      vertex -14.601724799485021 -48.5 9.542047317437664
      vertex -14.48816614415507 -48.5 10.015053158375284
    endloop
  endfacet
  facet normal 0 -1 0
    outer loop
      vertex -20.65 -48.5 10.5
      vertex -14.48816614415507 -48.5 10.015053158375284
      vertex -14.449999999999998 -48.5 10.5
    endloop
  endfacet
  facet normal 0 -1 0
    outer loop
      vertex -20.611833855844925 -48.5 10.984946841624716
      vertex -14.449999999999998 -48.5 10.5
      vertex -14.48816614415507 -48.5 10.984946841624716
    endloop
  endfacet
  facet normal 0 -1 0
    outer loop
      vertex -20.498275200514975 -48.5 11.457952682562336
      vertex -14.48816614415507 -48.5 10.984946841624716
      vertex -14.601724799485021 -48.5 11.457952682562336
    endloop
  endfacet
  facet normal -0.9238795325112873 0 0.38268343236508867
    outer loop
      vertex -14.601724799485021 -48.5 9.542047317437664
      vertex -14.787879775016057 -50.75 9.092629450807404
      vertex -14.601724799485021 -50.75 9.542047317437664
    endloop
  endfacet
  facet normal -0.9238795325112873 0 0.38268343236508867
    outer loop
      vertex -14.787879775016057 -48.5 9.092629450807404
      vertex -14.787879775016057 -50.75 9.092629450807404
      vertex -14.601724799485021 -48.5 9.542047317437664
    endloop
  endfacet
  facet normal -0.9723699203976763 0 0.23344536385590692
    outer loop
      vertex -14.601724799485021 -48.5 9.542047317437664
      vertex -14.601724799485021 -50.75 9.542047317437664
      vertex -14.48816614415507 -48.5 10.015053158375284
    endloop
  endfacet
  facet normal -0.9723699203976763 0 0.23344536385590692
    outer loop
      vertex -14.48816614415507 -48.5 10.015053158375284
      vertex -14.601724799485021 -50.75 9.542047317437664
      vertex -14.48816614415507 -50.75 10.015053158375284
    endloop
  endfacet
  facet normal -0.9969173337331281 0 0.07845909572784332
    outer loop
      vertex -14.449999999999998 -48.5 10.5
      vertex -14.48816614415507 -50.75 10.015053158375284
      vertex -14.449999999999998 -50.75 10.5
    endloop
  endfacet
  facet normal -0.9969173337331281 0 0.07845909572784332
    outer loop
      vertex -14.48816614415507 -48.5 10.015053158375284
      vertex -14.48816614415507 -50.75 10.015053158375284
      vertex -14.449999999999998 -48.5 10.5
    endloop
  endfacet
  facet normal -0.9969173337331281 0 -0.07845909572784332
    outer loop
      vertex -14.48816614415507 -48.5 10.984946841624716
      vertex -14.449999999999998 -50.75 10.5
      vertex -14.48816614415507 -50.75 10.984946841624716
    endloop
  endfacet
  facet normal -0.9969173337331281 0 -0.07845909572784332
    outer loop
      vertex -14.449999999999998 -48.5 10.5
      vertex -14.449999999999998 -50.75 10.5
      vertex -14.48816614415507 -48.5 10.984946841624716
    endloop
  endfacet
  facet normal -0.9723699203976763 0 -0.23344536385590692
    outer loop
      vertex -14.601724799485021 -48.5 11.457952682562336
      vertex -14.48816614415507 -50.75 10.984946841624716
      vertex -14.601724799485021 -50.75 11.457952682562336
    endloop
  endfacet
  facet normal -0.9723699203976763 0 -0.23344536385590692
    outer loop
      vertex -14.48816614415507 -48.5 10.984946841624716
      vertex -14.48816614415507 -50.75 10.984946841624716
      vertex -14.601724799485021 -48.5 11.457952682562336
    endloop
  endfacet
  facet normal 0 -1 0
    outer loop
      vertex -20.31212022498394 -48.5 11.907370549192596
      vertex -14.601724799485021 -48.5 11.457952682562336
      vertex -14.787879775016057 -48.5 11.907370549192596
    endloop
  endfacet
  facet normal 0 -1 0
    outer loop
      vertex -20.057952682562334 -48.5 12.322134282106667
      vertex -14.787879775016057 -48.5 11.907370549192596
      vertex -15.04204731743766 -48.5 12.322134282106667
    endloop
  endfacet
  facet normal 0 -1 0
    outer loop
      vertex -19.742031021678294 -48.5 12.692031021678297
      vertex -15.04204731743766 -48.5 12.322134282106667
      vertex -15.3579689783217 -48.5 12.692031021678297
    endloop
  endfacet
  facet normal -0.7604059656000295 0 -0.6494480483301855
    outer loop
      vertex -15.3579689783217 -48.5 12.692031021678297
      vertex -15.04204731743766 -50.75 12.322134282106667
      vertex -15.3579689783217 -50.75 12.692031021678297
    endloop
  endfacet
  facet normal -0.23344536385590692 0 -0.9723699203976763
    outer loop
      vertex -17.06505315837528 -48.5 13.561833855844927
      vertex -16.59204731743766 -50.75 13.448275200514976
      vertex -17.06505315837528 -50.75 13.561833855844927
    endloop
  endfacet
  facet normal -0.07845909572784332 7.72051637484687e-19 -0.9969173337331281
    outer loop
      vertex -17.549999999999997 -48.5 13.6
      vertex -17.06505315837528 -48.5 13.561833855844927
      vertex -17.06505315837528 -50.75 13.561833855844927
    endloop
  endfacet
  facet normal -0.38268343236508867 0 -0.9238795325112873
    outer loop
      vertex -16.59204731743766 -48.5 13.448275200514976
      vertex -16.1426294508074 -50.75 13.26212022498394
      vertex -16.59204731743766 -50.75 13.448275200514976
    endloop
  endfacet
  facet normal -0.23344536385590692 -3.061040984600716e-18 -0.9723699203976763
    outer loop
      vertex -17.06505315837528 -48.5 13.561833855844927
      vertex -16.59204731743766 -48.5 13.448275200514976
      vertex -16.59204731743766 -50.75 13.448275200514976
    endloop
  endfacet
  facet normal -0.38268343236508867 -5.053941822342168e-18 -0.9238795325112873
    outer loop
      vertex -16.59204731743766 -48.5 13.448275200514976
      vertex -16.1426294508074 -48.5 13.26212022498394
      vertex -16.1426294508074 -50.75 13.26212022498394
    endloop
  endfacet
  facet normal 0 -1 0
    outer loop
      vertex -18.957370549192593 -48.5 13.26212022498394
      vertex -15.72786571789333 -48.5 13.007952682562337
      vertex -16.1426294508074 -48.5 13.26212022498394
    endloop
  endfacet
  facet normal 0 -1 0
    outer loop
      vertex -15.3579689783217 -48.5 12.692031021678297
      vertex -15.72786571789333 -48.5 13.007952682562337
      vertex -19.372134282106664 -48.5 13.007952682562337
    endloop
  endfacet
  facet normal 0 -1 0
    outer loop
      vertex -18.034946841624713 -48.5 13.561833855844927
      vertex -16.59204731743766 -48.5 13.448275200514976
      vertex -17.06505315837528 -48.5 13.561833855844927
    endloop
  endfacet
  facet normal 0 -1 0
    outer loop
      vertex -18.507952682562333 -48.5 13.448275200514976
      vertex -16.1426294508074 -48.5 13.26212022498394
      vertex -16.59204731743766 -48.5 13.448275200514976
    endloop
  endfacet
  facet normal -0.5224985647159492 0 -0.8526401643540921
    outer loop
      vertex -16.1426294508074 -48.5 13.26212022498394
      vertex -15.72786571789333 -50.75 13.007952682562337
      vertex -16.1426294508074 -50.75 13.26212022498394
    endloop
  endfacet
  facet normal -0.5224985647159492 -2.355777837399659e-18 -0.8526401643540921
    outer loop
      vertex -16.1426294508074 -48.5 13.26212022498394
      vertex -15.72786571789333 -48.5 13.007952682562337
      vertex -15.72786571789333 -50.75 13.007952682562337
    endloop
  endfacet
  facet normal -0.6494480483301855 0 -0.7604059656000295
    outer loop
      vertex -15.72786571789333 -48.5 13.007952682562337
      vertex -15.3579689783217 -50.75 12.692031021678297
      vertex -15.72786571789333 -50.75 13.007952682562337
    endloop
  endfacet
  facet normal -0.6494480483301855 0 -0.7604059656000295
    outer loop
      vertex -15.3579689783217 -48.5 12.692031021678297
      vertex -15.3579689783217 -50.75 12.692031021678297
      vertex -15.72786571789333 -48.5 13.007952682562337
    endloop
  endfacet
  facet normal -0.9238795325112873 0 -0.38268343236508867
    outer loop
      vertex -14.787879775016057 -48.5 11.907370549192596
      vertex -14.601724799485021 -50.75 11.457952682562336
      vertex -14.787879775016057 -50.75 11.907370549192596
    endloop
  endfacet
  facet normal -0.9238795325112873 0 -0.38268343236508867
    outer loop
      vertex -14.601724799485021 -48.5 11.457952682562336
      vertex -14.601724799485021 -50.75 11.457952682562336
      vertex -14.787879775016057 -48.5 11.907370549192596
    endloop
  endfacet
  facet normal -0.8526401643540921 0 -0.5224985647159492
    outer loop
      vertex -14.787879775016057 -48.5 11.907370549192596
      vertex -14.787879775016057 -50.75 11.907370549192596
      vertex -15.04204731743766 -48.5 12.322134282106667
    endloop
  endfacet
  facet normal -0.8526401643540921 0 -0.5224985647159492
    outer loop
      vertex -15.04204731743766 -48.5 12.322134282106667
      vertex -14.787879775016057 -50.75 11.907370549192596
      vertex -15.04204731743766 -50.75 12.322134282106667
    endloop
  endfacet
  facet normal -0.7604059656000295 -6.193691783154379e-18 -0.6494480483301855
    outer loop
      vertex -15.3579689783217 -48.5 12.692031021678297
      vertex -15.04204731743766 -48.5 12.322134282106667
      vertex -15.04204731743766 -50.75 12.322134282106667
    endloop
  endfacet
  facet normal 0.5224985647159492 0 0.8526401643540921
    outer loop
      vertex -9.257370549192594 -48.5 7.73787977501606
      vertex -9.672134282106665 -50.75 7.992047317437663
      vertex -9.257370549192594 -50.75 7.73787977501606
    endloop
  endfacet
  facet normal 0.5224985647159492 -2.355777837399659e-18 0.8526401643540921
    outer loop
      vertex -9.257370549192594 -48.5 7.73787977501606
      vertex -9.672134282106665 -48.5 7.992047317437663
      vertex -9.672134282106665 -50.75 7.992047317437663
    endloop
  endfacet
  facet normal 0.38268343236508867 0 0.9238795325112873
    outer loop
      vertex -8.807952682562334 -48.5 7.551724799485024
      vertex -9.257370549192594 -50.75 7.73787977501606
      vertex -8.807952682562334 -50.75 7.551724799485024
    endloop
  endfacet
  facet normal 0.38268343236508867 0 0.9238795325112873
    outer loop
      vertex -9.257370549192594 -48.5 7.73787977501606
      vertex -9.257370549192594 -50.75 7.73787977501606
      vertex -8.807952682562334 -48.5 7.551724799485024
    endloop
  endfacet
  facet normal 0.6494480483301855 0 0.7604059656000295
    outer loop
      vertex -9.672134282106665 -48.5 7.992047317437663
      vertex -10.042031021678294 -50.75 8.307968978321703
      vertex -9.672134282106665 -50.75 7.992047317437663
    endloop
  endfacet
  facet normal 0.7604059656000295 0 0.6494480483301855
    outer loop
      vertex -10.042031021678294 -48.5 8.307968978321703
      vertex -10.357952682562335 -50.75 8.677865717893333
      vertex -10.042031021678294 -50.75 8.307968978321703
    endloop
  endfacet
  facet normal 0.6494480483301855 0 0.7604059656000295
    outer loop
      vertex -10.042031021678294 -48.5 8.307968978321703
      vertex -10.042031021678294 -50.75 8.307968978321703
      vertex -9.672134282106665 -48.5 7.992047317437663
    endloop
  endfacet
  facet normal 0.7604059656000295 -6.193691783154379e-18 0.6494480483301855
    outer loop
      vertex -10.042031021678294 -48.5 8.307968978321703
      vertex -10.357952682562335 -48.5 8.677865717893333
      vertex -10.357952682562335 -50.75 8.677865717893333
    endloop
  endfacet
  facet normal 0.8526401643540921 0 0.5224985647159492
    outer loop
      vertex -10.357952682562335 -48.5 8.677865717893333
      vertex -10.612120224983938 -50.75 9.092629450807404
      vertex -10.357952682562335 -50.75 8.677865717893333
    endloop
  endfacet
  facet normal 0.8526401643540921 -2.355777837399659e-18 0.5224985647159492
    outer loop
      vertex -10.357952682562335 -48.5 8.677865717893333
      vertex -10.612120224983938 -48.5 9.092629450807404
      vertex -10.612120224983938 -50.75 9.092629450807404
    endloop
  endfacet
  facet normal 0 -1 0
    outer loop
      vertex -10.357952682562335 -48.5 8.677865717893333
      vertex -5.342047317437661 -48.5 8.677865717893333
      vertex -10.612120224983938 -48.5 9.092629450807404
    endloop
  endfacet
  facet normal 0.23344536385590692 0 0.9723699203976763
    outer loop
      vertex -8.334946841624713 -48.5 7.438166144155073
      vertex -8.807952682562334 -50.75 7.551724799485024
      vertex -8.334946841624713 -50.75 7.438166144155073
    endloop
  endfacet
  facet normal 0.07845909572784332 0 0.9969173337331281
    outer loop
      vertex -8.334946841624713 -48.5 7.438166144155073
      vertex -8.334946841624713 -50.75 7.438166144155073
      vertex -7.849999999999998 -48.5 7.4
    endloop
  endfacet
  facet normal 0.07845909572784332 0 0.9969173337331281
    outer loop
      vertex -7.849999999999998 -48.5 7.4
      vertex -8.334946841624713 -50.75 7.438166144155073
      vertex -7.849999999999998 -50.75 7.4
    endloop
  endfacet
  facet normal -0.07845909572784332 0 0.9969173337331281
    outer loop
      vertex -7.849999999999998 -48.5 7.4
      vertex -7.849999999999998 -50.75 7.4
      vertex -7.365053158375282 -48.5 7.438166144155073
    endloop
  endfacet
  facet normal 0.23344536385590692 0 0.9723699203976763
    outer loop
      vertex -8.807952682562334 -48.5 7.551724799485024
      vertex -8.807952682562334 -50.75 7.551724799485024
      vertex -8.334946841624713 -48.5 7.438166144155073
    endloop
  endfacet
  facet normal 0 -1 0
    outer loop
      vertex -8.807952682562334 -48.5 7.551724799485024
      vertex -8.334946841624713 -48.5 7.438166144155073
      vertex -7.365053158375282 -48.5 7.438166144155073
    endloop
  endfacet
  facet normal 0 -1 0
    outer loop
      vertex -8.334946841624713 -48.5 7.438166144155073
      vertex -7.849999999999998 -48.5 7.4
      vertex -7.365053158375282 -48.5 7.438166144155073
    endloop
  endfacet
  facet normal 0 -1 0
    outer loop
      vertex -9.257370549192594 -48.5 7.73787977501606
      vertex -8.807952682562334 -48.5 7.551724799485024
      vertex -6.892047317437661 -48.5 7.551724799485024
    endloop
  endfacet
  facet normal 0 -1 0
    outer loop
      vertex -9.257370549192594 -48.5 7.73787977501606
      vertex -6.442629450807402 -48.5 7.73787977501606
      vertex -9.672134282106665 -48.5 7.992047317437663
    endloop
  endfacet
  facet normal 0 -1 0
    outer loop
      vertex -8.807952682562334 -48.5 7.551724799485024
      vertex -7.365053158375282 -48.5 7.438166144155073
      vertex -6.892047317437661 -48.5 7.551724799485024
    endloop
  endfacet
  facet normal -0.07845909572784332 0 0.9969173337331281
    outer loop
      vertex -7.365053158375282 -48.5 7.438166144155073
      vertex -7.849999999999998 -50.75 7.4
      vertex -7.365053158375282 -50.75 7.438166144155073
    endloop
  endfacet
  facet normal -0.2334453638559065 0 0.9723699203976763
    outer loop
      vertex -7.365053158375282 -48.5 7.438166144155073
      vertex -7.365053158375282 -50.75 7.438166144155073
      vertex -6.892047317437661 -48.5 7.551724799485024
    endloop
  endfacet
  facet normal -0.2334453638559065 0 0.9723699203976763
    outer loop
      vertex -6.892047317437661 -48.5 7.551724799485024
      vertex -7.365053158375282 -50.75 7.438166144155073
      vertex -6.892047317437661 -50.75 7.551724799485024
    endloop
  endfacet
  facet normal -0.3826834323650893 0 0.923879532511287
    outer loop
      vertex -6.442629450807402 -48.5 7.73787977501606
      vertex -6.892047317437661 -50.75 7.551724799485024
      vertex -6.442629450807402 -50.75 7.73787977501606
    endloop
  endfacet
  facet normal -0.3826834323650893 0 0.923879532511287
    outer loop
      vertex -6.892047317437661 -48.5 7.551724799485024
      vertex -6.892047317437661 -50.75 7.551724799485024
      vertex -6.442629450807402 -48.5 7.73787977501606
    endloop
  endfacet
  facet normal 0 -1 0
    outer loop
      vertex -9.257370549192594 -48.5 7.73787977501606
      vertex -6.892047317437661 -48.5 7.551724799485024
      vertex -6.442629450807402 -48.5 7.73787977501606
    endloop
  endfacet
  facet normal 0 -1 0
    outer loop
      vertex -9.672134282106665 -48.5 7.992047317437663
      vertex -6.442629450807402 -48.5 7.73787977501606
      vertex -6.027865717893331 -48.5 7.992047317437663
    endloop
  endfacet
  facet normal 0 -1 0
    outer loop
      vertex -10.042031021678294 -48.5 8.307968978321703
      vertex -9.672134282106665 -48.5 7.992047317437663
      vertex -6.027865717893331 -48.5 7.992047317437663
    endloop
  endfacet
  facet normal 0 -1 0
    outer loop
      vertex -10.042031021678294 -48.5 8.307968978321703
      vertex -5.6579689783217 -48.5 8.307968978321703
      vertex -10.357952682562335 -48.5 8.677865717893333
    endloop
  endfacet
  facet normal 0 -1 0
    outer loop
      vertex -10.042031021678294 -48.5 8.307968978321703
      vertex -6.027865717893331 -48.5 7.992047317437663
      vertex -5.6579689783217 -48.5 8.307968978321703
    endloop
  endfacet
  facet normal 0 -1 0
    outer loop
      vertex -5.6579689783217 -48.5 8.307968978321703
      vertex -5.342047317437661 -48.5 8.677865717893333
      vertex -10.357952682562335 -48.5 8.677865717893333
    endloop
  endfacet
  facet normal 0 -1 0
    outer loop
      vertex -10.612120224983938 -48.5 9.092629450807404
      vertex -5.342047317437661 -48.5 8.677865717893333
      vertex -5.087879775016058 -48.5 9.092629450807404
    endloop
  endfacet
  facet normal -0.5224985647159492 0 0.8526401643540921
    outer loop
      vertex -6.027865717893331 -48.5 7.992047317437663
      vertex -6.442629450807402 -50.75 7.73787977501606
      vertex -6.027865717893331 -50.75 7.992047317437663
    endloop
  endfacet
  facet normal -0.5224985647159492 0 0.8526401643540921
    outer loop
      vertex -6.442629450807402 -48.5 7.73787977501606
      vertex -6.442629450807402 -50.75 7.73787977501606
      vertex -6.027865717893331 -48.5 7.992047317437663
    endloop
  endfacet
  facet normal -0.6494480483301845 0 0.76040596560003
    outer loop
      vertex -5.6579689783217 -48.5 8.307968978321703
      vertex -6.027865717893331 -50.75 7.992047317437663
      vertex -5.6579689783217 -50.75 8.307968978321703
    endloop
  endfacet
  facet normal -0.7604059656000303 0 0.6494480483301844
    outer loop
      vertex -5.342047317437661 -48.5 8.677865717893333
      vertex -5.6579689783217 -50.75 8.307968978321703
      vertex -5.342047317437661 -50.75 8.677865717893333
    endloop
  endfacet
  facet normal -0.6494480483301845 0 0.76040596560003
    outer loop
      vertex -6.027865717893331 -48.5 7.992047317437663
      vertex -6.027865717893331 -50.75 7.992047317437663
      vertex -5.6579689783217 -48.5 8.307968978321703
    endloop
  endfacet
  facet normal -0.7604059656000303 0 0.6494480483301844
    outer loop
      vertex -5.6579689783217 -48.5 8.307968978321703
      vertex -5.6579689783217 -50.75 8.307968978321703
      vertex -5.342047317437661 -48.5 8.677865717893333
    endloop
  endfacet
  facet normal -0.8526401643540921 0 0.5224985647159492
    outer loop
      vertex -5.087879775016058 -48.5 9.092629450807404
      vertex -5.342047317437661 -50.75 8.677865717893333
      vertex -5.087879775016058 -50.75 9.092629450807404
    endloop
  endfacet
  facet normal -0.8526401643540921 0 0.5224985647159492
    outer loop
      vertex -5.342047317437661 -48.5 8.677865717893333
      vertex -5.342047317437661 -50.75 8.677865717893333
      vertex -5.087879775016058 -48.5 9.092629450807404
    endloop
  endfacet
  facet normal 0.9969173337331281 0 0.07845909572784332
    outer loop
      vertex -10.911833855844925 -48.5 10.015053158375284
      vertex -10.949999999999998 -50.75 10.5
      vertex -10.911833855844925 -50.75 10.015053158375284
    endloop
  endfacet
  facet normal 0.9723699203976763 -3.061040984600716e-18 0.23344536385590692
    outer loop
      vertex -10.798275200514974 -48.5 9.542047317437664
      vertex -10.911833855844925 -48.5 10.015053158375284
      vertex -10.911833855844925 -50.75 10.015053158375284
    endloop
  endfacet
  facet normal 0.9969173337331281 7.72051637484687e-19 0.07845909572784332
    outer loop
      vertex -10.911833855844925 -48.5 10.015053158375284
      vertex -10.949999999999998 -48.5 10.5
      vertex -10.949999999999998 -50.75 10.5
    endloop
  endfacet
  facet normal 0.9969173337331281 0 -0.07845909572784332
    outer loop
      vertex -10.949999999999998 -48.5 10.5
      vertex -10.911833855844925 -50.75 10.984946841624716
      vertex -10.949999999999998 -50.75 10.5
    endloop
  endfacet
  facet normal 0.9969173337331281 -7.72051637484687e-19 -0.07845909572784332
    outer loop
      vertex -10.949999999999998 -48.5 10.5
      vertex -10.911833855844925 -48.5 10.984946841624716
      vertex -10.911833855844925 -50.75 10.984946841624716
    endloop
  endfacet
  facet normal 0.9723699203976763 0 -0.23344536385590692
    outer loop
      vertex -10.911833855844925 -48.5 10.984946841624716
      vertex -10.798275200514974 -50.75 11.457952682562336
      vertex -10.911833855844925 -50.75 10.984946841624716
    endloop
  endfacet
  facet normal 0.9238795325112873 0 0.38268343236508867
    outer loop
      vertex -10.612120224983938 -48.5 9.092629450807404
      vertex -10.798275200514974 -50.75 9.542047317437664
      vertex -10.612120224983938 -50.75 9.092629450807404
    endloop
  endfacet
  facet normal 0.9723699203976763 0 0.23344536385590692
    outer loop
      vertex -10.798275200514974 -48.5 9.542047317437664
      vertex -10.911833855844925 -50.75 10.015053158375284
      vertex -10.798275200514974 -50.75 9.542047317437664
    endloop
  endfacet
  facet normal 0.9238795325112873 -5.053941822342168e-18 0.38268343236508867
    outer loop
      vertex -10.612120224983938 -48.5 9.092629450807404
      vertex -10.798275200514974 -48.5 9.542047317437664
      vertex -10.798275200514974 -50.75 9.542047317437664
    endloop
  endfacet
  facet normal 0 -1 0
    outer loop
      vertex -10.612120224983938 -48.5 9.092629450807404
      vertex -5.087879775016058 -48.5 9.092629450807404
      vertex -10.798275200514974 -48.5 9.542047317437664
    endloop
  endfacet
  facet normal 0 -1 0
    outer loop
      vertex -10.798275200514974 -48.5 9.542047317437664
      vertex -4.901724799485022 -48.5 9.542047317437664
      vertex -10.911833855844925 -48.5 10.015053158375284
    endloop
  endfacet
  facet normal 0 -1 0
    outer loop
      vertex -10.911833855844925 -48.5 10.015053158375284
      vertex -4.7881661441550705 -48.5 10.015053158375284
      vertex -10.949999999999998 -48.5 10.5
    endloop
  endfacet
  facet normal 0.9723699203976763 3.061040984600716e-18 -0.23344536385590692
    outer loop
      vertex -10.911833855844925 -48.5 10.984946841624716
      vertex -10.798275200514974 -48.5 11.457952682562336
      vertex -10.798275200514974 -50.75 11.457952682562336
    endloop
  endfacet
  facet normal 0 -1 0
    outer loop
      vertex -10.949999999999998 -48.5 10.5
      vertex -4.749999999999998 -48.5 10.5
      vertex -10.911833855844925 -48.5 10.984946841624716
    endloop
  endfacet
  facet normal 0 -1 0
    outer loop
      vertex -10.911833855844925 -48.5 10.984946841624716
      vertex -4.7881661441550705 -48.5 10.984946841624716
      vertex -10.798275200514974 -48.5 11.457952682562336
    endloop
  endfacet
  facet normal 0.9238795325112873 0 -0.38268343236508867
    outer loop
      vertex -10.798275200514974 -48.5 11.457952682562336
      vertex -10.612120224983938 -50.75 11.907370549192596
      vertex -10.798275200514974 -50.75 11.457952682562336
    endloop
  endfacet
  facet normal 0.8526401643540921 0 -0.5224985647159492
    outer loop
      vertex -10.612120224983938 -48.5 11.907370549192596
      vertex -10.357952682562335 -50.75 12.322134282106667
      vertex -10.612120224983938 -50.75 11.907370549192596
    endloop
  endfacet
  facet normal 0.9238795325112873 5.053941822342168e-18 -0.38268343236508867
    outer loop
      vertex -10.798275200514974 -48.5 11.457952682562336
      vertex -10.612120224983938 -48.5 11.907370549192596
      vertex -10.612120224983938 -50.75 11.907370549192596
    endloop
  endfacet
  facet normal 0.8526401643540921 2.355777837399659e-18 -0.5224985647159492
    outer loop
      vertex -10.612120224983938 -48.5 11.907370549192596
      vertex -10.357952682562335 -48.5 12.322134282106667
      vertex -10.357952682562335 -50.75 12.322134282106667
    endloop
  endfacet
  facet normal 0.7604059656000295 0 -0.6494480483301855
    outer loop
      vertex -10.357952682562335 -48.5 12.322134282106667
      vertex -10.042031021678294 -50.75 12.692031021678297
      vertex -10.357952682562335 -50.75 12.322134282106667
    endloop
  endfacet
  facet normal 0.7604059656000295 6.193691783154379e-18 -0.6494480483301855
    outer loop
      vertex -10.357952682562335 -48.5 12.322134282106667
      vertex -10.042031021678294 -48.5 12.692031021678297
      vertex -10.042031021678294 -50.75 12.692031021678297
    endloop
  endfacet
  facet normal 0 -1 0
    outer loop
      vertex -10.798275200514974 -48.5 11.457952682562336
      vertex -4.901724799485022 -48.5 11.457952682562336
      vertex -10.612120224983938 -48.5 11.907370549192596
    endloop
  endfacet
  facet normal 0.6494480483301855 0 -0.7604059656000295
    outer loop
      vertex -10.042031021678294 -48.5 12.692031021678297
      vertex -9.672134282106665 -50.75 13.007952682562337
      vertex -10.042031021678294 -50.75 12.692031021678297
    endloop
  endfacet
  facet normal 0.6494480483301855 6.193691783154379e-18 -0.7604059656000295
    outer loop
      vertex -10.042031021678294 -48.5 12.692031021678297
      vertex -9.672134282106665 -48.5 13.007952682562337
      vertex -9.672134282106665 -50.75 13.007952682562337
    endloop
  endfacet
  facet normal 0.5224985647159492 0 -0.8526401643540921
    outer loop
      vertex -9.672134282106665 -48.5 13.007952682562337
      vertex -9.257370549192594 -50.75 13.26212022498394
      vertex -9.672134282106665 -50.75 13.007952682562337
    endloop
  endfacet
  facet normal 0.5224985647159492 2.355777837399659e-18 -0.8526401643540921
    outer loop
      vertex -9.672134282106665 -48.5 13.007952682562337
      vertex -9.257370549192594 -48.5 13.26212022498394
      vertex -9.257370549192594 -50.75 13.26212022498394
    endloop
  endfacet
  facet normal 0.38268343236508867 0 -0.9238795325112873
    outer loop
      vertex -9.257370549192594 -48.5 13.26212022498394
      vertex -8.807952682562334 -50.75 13.448275200514976
      vertex -9.257370549192594 -50.75 13.26212022498394
    endloop
  endfacet
  facet normal 0.38268343236508867 5.053941822342168e-18 -0.9238795325112873
    outer loop
      vertex -9.257370549192594 -48.5 13.26212022498394
      vertex -8.807952682562334 -48.5 13.448275200514976
      vertex -8.807952682562334 -50.75 13.448275200514976
    endloop
  endfacet
  facet normal 0 -1 0
    outer loop
      vertex -10.798275200514974 -48.5 9.542047317437664
      vertex -5.087879775016058 -48.5 9.092629450807404
      vertex -4.901724799485022 -48.5 9.542047317437664
    endloop
  endfacet
  facet normal 0 -1 0
    outer loop
      vertex -10.911833855844925 -48.5 10.015053158375284
      vertex -4.901724799485022 -48.5 9.542047317437664
      vertex -4.7881661441550705 -48.5 10.015053158375284
    endloop
  endfacet
  facet normal 0 -1 0
    outer loop
      vertex -10.949999999999998 -48.5 10.5
      vertex -4.7881661441550705 -48.5 10.015053158375284
      vertex -4.749999999999998 -48.5 10.5
    endloop
  endfacet
  facet normal 0 -1 0
    outer loop
      vertex -10.911833855844925 -48.5 10.984946841624716
      vertex -4.749999999999998 -48.5 10.5
      vertex -4.7881661441550705 -48.5 10.984946841624716
    endloop
  endfacet
  facet normal 0 -1 0
    outer loop
      vertex -10.798275200514974 -48.5 11.457952682562336
      vertex -4.7881661441550705 -48.5 10.984946841624716
      vertex -4.901724799485022 -48.5 11.457952682562336
    endloop
  endfacet
  facet normal -0.9238795325112873 0 0.38268343236508867
    outer loop
      vertex -4.901724799485022 -48.5 9.542047317437664
      vertex -5.087879775016058 -50.75 9.092629450807404
      vertex -4.901724799485022 -50.75 9.542047317437664
    endloop
  endfacet
  facet normal -0.9238795325112873 0 0.38268343236508867
    outer loop
      vertex -5.087879775016058 -48.5 9.092629450807404
      vertex -5.087879775016058 -50.75 9.092629450807404
      vertex -4.901724799485022 -48.5 9.542047317437664
    endloop
  endfacet
  facet normal -0.9723699203976763 0 0.23344536385590692
    outer loop
      vertex -4.901724799485022 -48.5 9.542047317437664
      vertex -4.901724799485022 -50.75 9.542047317437664
      vertex -4.7881661441550705 -48.5 10.015053158375284
    endloop
  endfacet
  facet normal -0.9723699203976763 0 0.23344536385590692
    outer loop
      vertex -4.7881661441550705 -48.5 10.015053158375284
      vertex -4.901724799485022 -50.75 9.542047317437664
      vertex -4.7881661441550705 -50.75 10.015053158375284
    endloop
  endfacet
  facet normal -0.9969173337331281 0 0.07845909572784332
    outer loop
      vertex -4.749999999999998 -48.5 10.5
      vertex -4.7881661441550705 -50.75 10.015053158375284
      vertex -4.749999999999998 -50.75 10.5
    endloop
  endfacet
  facet normal -0.9969173337331281 0 0.07845909572784332
    outer loop
      vertex -4.7881661441550705 -48.5 10.015053158375284
      vertex -4.7881661441550705 -50.75 10.015053158375284
      vertex -4.749999999999998 -48.5 10.5
    endloop
  endfacet
  facet normal -0.9969173337331281 0 -0.07845909572784332
    outer loop
      vertex -4.7881661441550705 -48.5 10.984946841624716
      vertex -4.749999999999998 -50.75 10.5
      vertex -4.7881661441550705 -50.75 10.984946841624716
    endloop
  endfacet
  facet normal -0.9969173337331281 0 -0.07845909572784332
    outer loop
      vertex -4.749999999999998 -48.5 10.5
      vertex -4.749999999999998 -50.75 10.5
      vertex -4.7881661441550705 -48.5 10.984946841624716
    endloop
  endfacet
  facet normal -0.9723699203976763 0 -0.23344536385590692
    outer loop
      vertex -4.901724799485022 -48.5 11.457952682562336
      vertex -4.7881661441550705 -50.75 10.984946841624716
      vertex -4.901724799485022 -50.75 11.457952682562336
    endloop
  endfacet
  facet normal -0.9723699203976763 0 -0.23344536385590692
    outer loop
      vertex -4.7881661441550705 -48.5 10.984946841624716
      vertex -4.7881661441550705 -50.75 10.984946841624716
      vertex -4.901724799485022 -48.5 11.457952682562336
    endloop
  endfacet
  facet normal 0 -1 0
    outer loop
      vertex -10.612120224983938 -48.5 11.907370549192596
      vertex -5.087879775016058 -48.5 11.907370549192596
      vertex -10.357952682562335 -48.5 12.322134282106667
    endloop
  endfacet
  facet normal 0 -1 0
    outer loop
      vertex -10.357952682562335 -48.5 12.322134282106667
      vertex -5.342047317437661 -48.5 12.322134282106667
      vertex -10.042031021678294 -48.5 12.692031021678297
    endloop
  endfacet
  facet normal 0 -1 0
    outer loop
      vertex -10.612120224983938 -48.5 11.907370549192596
      vertex -4.901724799485022 -48.5 11.457952682562336
      vertex -5.087879775016058 -48.5 11.907370549192596
    endloop
  endfacet
  facet normal 0 -1 0
    outer loop
      vertex -10.357952682562335 -48.5 12.322134282106667
      vertex -5.087879775016058 -48.5 11.907370549192596
      vertex -5.342047317437661 -48.5 12.322134282106667
    endloop
  endfacet
  facet normal 0 -1 0
    outer loop
      vertex -10.042031021678294 -48.5 12.692031021678297
      vertex -5.342047317437661 -48.5 12.322134282106667
      vertex -5.6579689783217 -48.5 12.692031021678297
    endloop
  endfacet
  facet normal 0.23344536385590692 0 -0.9723699203976763
    outer loop
      vertex -8.807952682562334 -48.5 13.448275200514976
      vertex -8.334946841624713 -50.75 13.561833855844927
      vertex -8.807952682562334 -50.75 13.448275200514976
    endloop
  endfacet
  facet normal 0.07845909572784332 0 -0.9969173337331281
    outer loop
      vertex -8.334946841624713 -48.5 13.561833855844927
      vertex -7.849999999999998 -50.75 13.6
      vertex -8.334946841624713 -50.75 13.561833855844927
    endloop
  endfacet
  facet normal 0.23344536385590692 3.061040984600716e-18 -0.9723699203976763
    outer loop
      vertex -8.807952682562334 -48.5 13.448275200514976
      vertex -8.334946841624713 -48.5 13.561833855844927
      vertex -8.334946841624713 -50.75 13.561833855844927
    endloop
  endfacet
  facet normal -0.07845909572784332 0 -0.9969173337331281
    outer loop
      vertex -7.849999999999998 -48.5 13.6
      vertex -7.365053158375282 -50.75 13.561833855844927
      vertex -7.849999999999998 -50.75 13.6
    endloop
  endfacet
  facet normal 0.07845909572784332 -7.72051637484687e-19 -0.9969173337331281
    outer loop
      vertex -8.334946841624713 -48.5 13.561833855844927
      vertex -7.849999999999998 -48.5 13.6
      vertex -7.849999999999998 -50.75 13.6
    endloop
  endfacet
  facet normal 0 -1 0
    outer loop
      vertex -10.042031021678294 -48.5 12.692031021678297
      vertex -5.6579689783217 -48.5 12.692031021678297
      vertex -9.672134282106665 -48.5 13.007952682562337
    endloop
  endfacet
  facet normal 0 -1 0
    outer loop
      vertex -9.672134282106665 -48.5 13.007952682562337
      vertex -6.027865717893331 -48.5 13.007952682562337
      vertex -9.257370549192594 -48.5 13.26212022498394
    endloop
  endfacet
  facet normal 0 -1 0
    outer loop
      vertex -9.257370549192594 -48.5 13.26212022498394
      vertex -6.442629450807402 -48.5 13.26212022498394
      vertex -8.807952682562334 -48.5 13.448275200514976
    endloop
  endfacet
  facet normal 0 -1 0
    outer loop
      vertex -8.807952682562334 -48.5 13.448275200514976
      vertex -6.892047317437661 -48.5 13.448275200514976
      vertex -8.334946841624713 -48.5 13.561833855844927
    endloop
  endfacet
  facet normal 0 -1 0
    outer loop
      vertex -8.334946841624713 -48.5 13.561833855844927
      vertex -7.365053158375282 -48.5 13.561833855844927
      vertex -7.849999999999998 -48.5 13.6
    endloop
  endfacet
  facet normal -0.2334453638559065 0 -0.9723699203976763
    outer loop
      vertex -7.365053158375282 -48.5 13.561833855844927
      vertex -6.892047317437661 -50.75 13.448275200514976
      vertex -7.365053158375282 -50.75 13.561833855844927
    endloop
  endfacet
  facet normal -0.07845909572784332 7.72051637484687e-19 -0.9969173337331281
    outer loop
      vertex -7.849999999999998 -48.5 13.6
      vertex -7.365053158375282 -48.5 13.561833855844927
      vertex -7.365053158375282 -50.75 13.561833855844927
    endloop
  endfacet
  facet normal -0.3826834323650893 0 -0.923879532511287
    outer loop
      vertex -6.892047317437661 -48.5 13.448275200514976
      vertex -6.442629450807402 -50.75 13.26212022498394
      vertex -6.892047317437661 -50.75 13.448275200514976
    endloop
  endfacet
  facet normal -0.2334453638559065 -1.1627295318446198e-19 -0.9723699203976763
    outer loop
      vertex -7.365053158375282 -48.5 13.561833855844927
      vertex -6.892047317437661 -48.5 13.448275200514976
      vertex -6.892047317437661 -50.75 13.448275200514976
    endloop
  endfacet
  facet normal -0.3826834323650893 -6.1454145685773636e-18 -0.923879532511287
    outer loop
      vertex -6.892047317437661 -48.5 13.448275200514976
      vertex -6.442629450807402 -48.5 13.26212022498394
      vertex -6.442629450807402 -50.75 13.26212022498394
    endloop
  endfacet
  facet normal 0 -1 0
    outer loop
      vertex -9.672134282106665 -48.5 13.007952682562337
      vertex -5.6579689783217 -48.5 12.692031021678297
      vertex -6.027865717893331 -48.5 13.007952682562337
    endloop
  endfacet
  facet normal 0 -1 0
    outer loop
      vertex -9.257370549192594 -48.5 13.26212022498394
      vertex -6.027865717893331 -48.5 13.007952682562337
      vertex -6.442629450807402 -48.5 13.26212022498394
    endloop
  endfacet
  facet normal 0 -1 0
    outer loop
      vertex -8.807952682562334 -48.5 13.448275200514976
      vertex -6.442629450807402 -48.5 13.26212022498394
      vertex -6.892047317437661 -48.5 13.448275200514976
    endloop
  endfacet
  facet normal 0 -1 0
    outer loop
      vertex -8.334946841624713 -48.5 13.561833855844927
      vertex -6.892047317437661 -48.5 13.448275200514976
      vertex -7.365053158375282 -48.5 13.561833855844927
    endloop
  endfacet
  facet normal -0.7604059656000303 0 -0.6494480483301844
    outer loop
      vertex -5.6579689783217 -48.5 12.692031021678297
      vertex -5.342047317437661 -50.75 12.322134282106667
      vertex -5.6579689783217 -50.75 12.692031021678297
    endloop
  endfacet
  facet normal -0.7604059656000303 2.344585586818437e-18 -0.6494480483301844
    outer loop
      vertex -5.6579689783217 -48.5 12.692031021678297
      vertex -5.342047317437661 -48.5 12.322134282106667
      vertex -5.342047317437661 -50.75 12.322134282106667
    endloop
  endfacet
  facet normal -0.9238795325112873 0 -0.38268343236508867
    outer loop
      vertex -5.087879775016058 -48.5 11.907370549192596
      vertex -4.901724799485022 -50.75 11.457952682562336
      vertex -5.087879775016058 -50.75 11.907370549192596
    endloop
  endfacet
  facet normal -0.9238795325112873 0 -0.38268343236508867
    outer loop
      vertex -4.901724799485022 -48.5 11.457952682562336
      vertex -4.901724799485022 -50.75 11.457952682562336
      vertex -5.087879775016058 -48.5 11.907370549192596
    endloop
  endfacet
  facet normal -0.8526401643540921 0 -0.5224985647159492
    outer loop
      vertex -5.087879775016058 -48.5 11.907370549192596
      vertex -5.087879775016058 -50.75 11.907370549192596
      vertex -5.342047317437661 -48.5 12.322134282106667
    endloop
  endfacet
  facet normal -0.8526401643540921 0 -0.5224985647159492
    outer loop
      vertex -5.342047317437661 -48.5 12.322134282106667
      vertex -5.087879775016058 -50.75 11.907370549192596
      vertex -5.342047317437661 -50.75 12.322134282106667
    endloop
  endfacet
  facet normal -0.5224985647159492 0 -0.8526401643540921
    outer loop
      vertex -6.442629450807402 -48.5 13.26212022498394
      vertex -6.027865717893331 -50.75 13.007952682562337
      vertex -6.442629450807402 -50.75 13.26212022498394
    endloop
  endfacet
  facet normal -0.5224985647159492 -2.355777837399659e-18 -0.8526401643540921
    outer loop
      vertex -6.442629450807402 -48.5 13.26212022498394
      vertex -6.027865717893331 -48.5 13.007952682562337
      vertex -6.027865717893331 -50.75 13.007952682562337
    endloop
  endfacet
  facet normal -0.6494480483301845 0 -0.76040596560003
    outer loop
      vertex -6.027865717893331 -48.5 13.007952682562337
      vertex -5.6579689783217 -50.75 12.692031021678297
      vertex -6.027865717893331 -50.75 13.007952682562337
    endloop
  endfacet
  facet normal -0.6494480483301845 0 -0.76040596560003
    outer loop
      vertex -5.6579689783217 -48.5 12.692031021678297
      vertex -5.6579689783217 -50.75 12.692031021678297
      vertex -6.027865717893331 -48.5 13.007952682562337
    endloop
  endfacet
  facet normal 0.7604059656000298 4.4152057885445235e-18 0.649448048330185
    outer loop
      vertex -0.34203102167829513 -48.5 8.307968978321703
      vertex -0.657952682562335 -48.5 8.677865717893333
      vertex -0.657952682562335 -50.75 8.677865717893333
    endloop
  endfacet
  facet normal 0.6494480483301844 0 0.7604059656000303
    outer loop
      vertex 0.027865717893335473 -48.5 7.992047317437663
      vertex -0.34203102167829513 -50.75 8.307968978321703
      vertex 0.027865717893335473 -50.75 7.992047317437663
    endloop
  endfacet
  facet normal 0.7604059656000298 0 0.649448048330185
    outer loop
      vertex -0.34203102167829513 -48.5 8.307968978321703
      vertex -0.657952682562335 -50.75 8.677865717893333
      vertex -0.34203102167829513 -50.75 8.307968978321703
    endloop
  endfacet
  facet normal 0.6494480483301844 0 0.7604059656000303
    outer loop
      vertex -0.34203102167829513 -48.5 8.307968978321703
      vertex -0.34203102167829513 -50.75 8.307968978321703
      vertex 0.027865717893335473 -48.5 7.992047317437663
    endloop
  endfacet
  facet normal 0.8526401643540921 0 0.5224985647159492
    outer loop
      vertex -0.657952682562335 -48.5 8.677865717893333
      vertex -0.9121202249839384 -50.75 9.092629450807404
      vertex -0.657952682562335 -50.75 8.677865717893333
    endloop
  endfacet
  facet normal 0.8526401643540921 -2.355777837399659e-18 0.5224985647159492
    outer loop
      vertex -0.657952682562335 -48.5 8.677865717893333
      vertex -0.9121202249839384 -48.5 9.092629450807404
      vertex -0.9121202249839384 -50.75 9.092629450807404
    endloop
  endfacet
  facet normal 0.9723699203976764 0 0.23344536385590606
    outer loop
      vertex -1.0982752005149736 -48.5 9.542047317437664
      vertex -1.2118338558449246 -50.75 10.015053158375284
      vertex -1.0982752005149736 -50.75 9.542047317437664
    endloop
  endfacet
  facet normal 0.9969173337331281 0 0.07845909572784514
    outer loop
      vertex -1.2118338558449246 -48.5 10.015053158375284
      vertex -1.2499999999999978 -50.75 10.5
      vertex -1.2118338558449246 -50.75 10.015053158375284
    endloop
  endfacet
  facet normal 0.9723699203976764 0 0.23344536385590606
    outer loop
      vertex -1.2118338558449246 -48.5 10.015053158375284
      vertex -1.2118338558449246 -50.75 10.015053158375284
      vertex -1.0982752005149736 -48.5 9.542047317437664
    endloop
  endfacet
  facet normal 0.9969173337331281 3.080083706581051e-19 0.07845909572784514
    outer loop
      vertex -1.2118338558449246 -48.5 10.015053158375284
      vertex -1.2499999999999978 -48.5 10.5
      vertex -1.2499999999999978 -50.75 10.5
    endloop
  endfacet
  facet normal 0.9238795325112876 0 0.3826834323650879
    outer loop
      vertex -0.9121202249839384 -48.5 9.092629450807404
      vertex -1.0982752005149736 -50.75 9.542047317437664
      vertex -0.9121202249839384 -50.75 9.092629450807404
    endloop
  endfacet
  facet normal 0.9238795325112876 -2.1833216603229717e-19 0.3826834323650879
    outer loop
      vertex -0.9121202249839384 -48.5 9.092629450807404
      vertex -1.0982752005149736 -48.5 9.542047317437664
      vertex -1.0982752005149736 -50.75 9.542047317437664
    endloop
  endfacet
  facet normal 0.9969173337331281 0 -0.07845909572784514
    outer loop
      vertex -1.2499999999999978 -48.5 10.5
      vertex -1.2118338558449246 -50.75 10.984946841624716
      vertex -1.2499999999999978 -50.75 10.5
    endloop
  endfacet
  facet normal 0.9969173337331281 -3.080083706581051e-19 -0.07845909572784514
    outer loop
      vertex -1.2499999999999978 -48.5 10.5
      vertex -1.2118338558449246 -48.5 10.984946841624716
      vertex -1.2118338558449246 -50.75 10.984946841624716
    endloop
  endfacet
  facet normal 0.9723699203976764 0 -0.23344536385590606
    outer loop
      vertex -1.2118338558449246 -48.5 10.984946841624716
      vertex -1.0982752005149736 -50.75 11.457952682562336
      vertex -1.2118338558449246 -50.75 10.984946841624716
    endloop
  endfacet
  facet normal 0.9723699203976764 1.3342566386989751e-18 -0.23344536385590606
    outer loop
      vertex -1.2118338558449246 -48.5 10.984946841624716
      vertex -1.0982752005149736 -48.5 11.457952682562336
      vertex -1.0982752005149736 -50.75 11.457952682562336
    endloop
  endfacet
  facet normal 0.9238795325112876 0 -0.3826834323650879
    outer loop
      vertex -1.0982752005149736 -48.5 11.457952682562336
      vertex -0.9121202249839384 -50.75 11.907370549192596
      vertex -1.0982752005149736 -50.75 11.457952682562336
    endloop
  endfacet
  facet normal 0.8526401643540921 0 -0.5224985647159492
    outer loop
      vertex -0.9121202249839384 -48.5 11.907370549192596
      vertex -0.657952682562335 -50.75 12.322134282106667
      vertex -0.9121202249839384 -50.75 11.907370549192596
    endloop
  endfacet
  facet normal 0.9238795325112876 2.1833216603229717e-19 -0.3826834323650879
    outer loop
      vertex -1.0982752005149736 -48.5 11.457952682562336
      vertex -0.9121202249839384 -48.5 11.907370549192596
      vertex -0.9121202249839384 -50.75 11.907370549192596
    endloop
  endfacet
  facet normal 0.7604059656000298 0 -0.649448048330185
    outer loop
      vertex -0.657952682562335 -48.5 12.322134282106667
      vertex -0.34203102167829513 -50.75 12.692031021678297
      vertex -0.657952682562335 -50.75 12.322134282106667
    endloop
  endfacet
  facet normal 0.8526401643540921 2.355777837399659e-18 -0.5224985647159492
    outer loop
      vertex -0.9121202249839384 -48.5 11.907370549192596
      vertex -0.657952682562335 -48.5 12.322134282106667
      vertex -0.657952682562335 -50.75 12.322134282106667
    endloop
  endfacet
  facet normal 0.7604059656000298 -4.4152057885445235e-18 -0.649448048330185
    outer loop
      vertex -0.657952682562335 -48.5 12.322134282106667
      vertex -0.34203102167829513 -48.5 12.692031021678297
      vertex -0.34203102167829513 -50.75 12.692031021678297
    endloop
  endfacet
  facet normal 0.6494480483301844 0 -0.7604059656000303
    outer loop
      vertex -0.34203102167829513 -48.5 12.692031021678297
      vertex 0.027865717893335473 -50.75 13.007952682562337
      vertex -0.34203102167829513 -50.75 12.692031021678297
    endloop
  endfacet
  facet normal 0.6494480483301844 -3.0150251907648623e-18 -0.7604059656000303
    outer loop
      vertex -0.34203102167829513 -48.5 12.692031021678297
      vertex 0.027865717893335473 -48.5 13.007952682562337
      vertex 0.027865717893335473 -50.75 13.007952682562337
    endloop
  endfacet
  facet normal 0.522498564715949 0 0.8526401643540921
    outer loop
      vertex 0.4426294508074071 -48.5 7.73787977501606
      vertex 0.027865717893335473 -50.75 7.992047317437663
      vertex 0.4426294508074071 -50.75 7.73787977501606
    endloop
  endfacet
  facet normal 0.522498564715949 -3.2012566886992326e-18 0.8526401643540921
    outer loop
      vertex 0.4426294508074071 -48.5 7.73787977501606
      vertex 0.027865717893335473 -48.5 7.992047317437663
      vertex 0.027865717893335473 -50.75 7.992047317437663
    endloop
  endfacet
  facet normal 0.3826834323650895 0 0.9238795325112868
    outer loop
      vertex 0.8920473174376654 -48.5 7.551724799485024
      vertex 0.4426294508074071 -50.75 7.73787977501606
      vertex 0.8920473174376654 -50.75 7.551724799485024
    endloop
  endfacet
  facet normal 0.3826834323650895 0 0.9238795325112868
    outer loop
      vertex 0.4426294508074071 -48.5 7.73787977501606
      vertex 0.4426294508074071 -50.75 7.73787977501606
      vertex 0.8920473174376654 -48.5 7.551724799485024
    endloop
  endfacet
  facet normal 0.23344536385590656 0 0.9723699203976763
    outer loop
      vertex 0.8920473174376654 -48.5 7.551724799485024
      vertex 0.8920473174376654 -50.75 7.551724799485024
      vertex 1.3650531583752867 -48.5 7.438166144155073
    endloop
  endfacet
  facet normal 0.23344536385590656 0 0.9723699203976763
    outer loop
      vertex 1.3650531583752867 -48.5 7.438166144155073
      vertex 0.8920473174376654 -50.75 7.551724799485024
      vertex 1.3650531583752867 -50.75 7.438166144155073
    endloop
  endfacet
  facet normal 0.07845909572784332 0 0.9969173337331281
    outer loop
      vertex 1.3650531583752867 -48.5 7.438166144155073
      vertex 1.3650531583752867 -50.75 7.438166144155073
      vertex 1.8500000000000023 -48.5 7.4
    endloop
  endfacet
  facet normal 0.07845909572784332 0 0.9969173337331281
    outer loop
      vertex 1.8500000000000023 -48.5 7.4
      vertex 1.3650531583752867 -50.75 7.438166144155073
      vertex 1.8500000000000023 -50.75 7.4
    endloop
  endfacet
  facet normal -0.07845909572784332 0 0.9969173337331281
    outer loop
      vertex 1.8500000000000023 -48.5 7.4
      vertex 1.8500000000000023 -50.75 7.4
      vertex 2.334946841624718 -48.5 7.438166144155073
    endloop
  endfacet
  facet normal 0 -1 0
    outer loop
      vertex 0.8920473174376654 -48.5 7.551724799485024
      vertex 1.3650531583752867 -48.5 7.438166144155073
      vertex 2.334946841624718 -48.5 7.438166144155073
    endloop
  endfacet
  facet normal 0 -1 0
    outer loop
      vertex 1.3650531583752867 -48.5 7.438166144155073
      vertex 1.8500000000000023 -48.5 7.4
      vertex 2.334946841624718 -48.5 7.438166144155073
    endloop
  endfacet
  facet normal 0 -1 0
    outer loop
      vertex 0.4426294508074071 -48.5 7.73787977501606
      vertex 0.8920473174376654 -48.5 7.551724799485024
      vertex 2.8079526825623393 -48.5 7.551724799485024
    endloop
  endfacet
  facet normal 0 -1 0
    outer loop
      vertex 0.4426294508074071 -48.5 7.73787977501606
      vertex 3.2573705491925975 -48.5 7.73787977501606
      vertex 0.027865717893335473 -48.5 7.992047317437663
    endloop
  endfacet
  facet normal 0 -1 0
    outer loop
      vertex 0.8920473174376654 -48.5 7.551724799485024
      vertex 2.334946841624718 -48.5 7.438166144155073
      vertex 2.8079526825623393 -48.5 7.551724799485024
    endloop
  endfacet
  facet normal 0 -1 0
    outer loop
      vertex 0.4426294508074071 -48.5 7.73787977501606
      vertex 2.8079526825623393 -48.5 7.551724799485024
      vertex 3.2573705491925975 -48.5 7.73787977501606
    endloop
  endfacet
  facet normal 0 -1 0
    outer loop
      vertex -0.34203102167829513 -48.5 8.307968978321703
      vertex 4.0420310216783 -48.5 8.307968978321703
      vertex -0.657952682562335 -48.5 8.677865717893333
    endloop
  endfacet
  facet normal 0 -1 0
    outer loop
      vertex -0.657952682562335 -48.5 8.677865717893333
      vertex 4.35795268256234 -48.5 8.677865717893333
      vertex -0.9121202249839384 -48.5 9.092629450807404
    endloop
  endfacet
  facet normal 0 -1 0
    outer loop
      vertex -0.34203102167829513 -48.5 8.307968978321703
      vertex 0.027865717893335473 -48.5 7.992047317437663
      vertex 3.6721342821066694 -48.5 7.992047317437663
    endloop
  endfacet
  facet normal -0.07845909572784332 0 0.9969173337331281
    outer loop
      vertex 2.334946841624718 -48.5 7.438166144155073
      vertex 1.8500000000000023 -50.75 7.4
      vertex 2.334946841624718 -50.75 7.438166144155073
    endloop
  endfacet
  facet normal -0.2334453638559065 0 0.9723699203976763
    outer loop
      vertex 2.334946841624718 -48.5 7.438166144155073
      vertex 2.334946841624718 -50.75 7.438166144155073
      vertex 2.8079526825623393 -48.5 7.551724799485024
    endloop
  endfacet
  facet normal -0.2334453638559065 0 0.9723699203976763
    outer loop
      vertex 2.8079526825623393 -48.5 7.551724799485024
      vertex 2.334946841624718 -50.75 7.438166144155073
      vertex 2.8079526825623393 -50.75 7.551724799485024
    endloop
  endfacet
  facet normal -0.38268343236508967 0 0.9238795325112868
    outer loop
      vertex 3.2573705491925975 -48.5 7.73787977501606
      vertex 2.8079526825623393 -50.75 7.551724799485024
      vertex 3.2573705491925975 -50.75 7.73787977501606
    endloop
  endfacet
  facet normal -0.38268343236508967 0 0.9238795325112868
    outer loop
      vertex 2.8079526825623393 -48.5 7.551724799485024
      vertex 2.8079526825623393 -50.75 7.551724799485024
      vertex 3.2573705491925975 -48.5 7.73787977501606
    endloop
  endfacet
  facet normal 0 -1 0
    outer loop
      vertex 0.027865717893335473 -48.5 7.992047317437663
      vertex 3.2573705491925975 -48.5 7.73787977501606
      vertex 3.6721342821066694 -48.5 7.992047317437663
    endloop
  endfacet
  facet normal -0.5224985647159488 0 0.8526401643540923
    outer loop
      vertex 3.6721342821066694 -48.5 7.992047317437663
      vertex 3.2573705491925975 -50.75 7.73787977501606
      vertex 3.6721342821066694 -50.75 7.992047317437663
    endloop
  endfacet
  facet normal -0.5224985647159488 0 0.8526401643540923
    outer loop
      vertex 3.2573705491925975 -48.5 7.73787977501606
      vertex 3.2573705491925975 -50.75 7.73787977501606
      vertex 3.6721342821066694 -48.5 7.992047317437663
    endloop
  endfacet
  facet normal 0 -1 0
    outer loop
      vertex -0.34203102167829513 -48.5 8.307968978321703
      vertex 3.6721342821066694 -48.5 7.992047317437663
      vertex 4.0420310216783 -48.5 8.307968978321703
    endloop
  endfacet
  facet normal 0 -1 0
    outer loop
      vertex -0.657952682562335 -48.5 8.677865717893333
      vertex 4.0420310216783 -48.5 8.307968978321703
      vertex 4.35795268256234 -48.5 8.677865717893333
    endloop
  endfacet
  facet normal 0 -1 0
    outer loop
      vertex -0.9121202249839384 -48.5 9.092629450807404
      vertex 4.35795268256234 -48.5 8.677865717893333
      vertex 4.6121202249839435 -48.5 9.092629450807404
    endloop
  endfacet
  facet normal -0.6494480483301845 0 0.76040596560003
    outer loop
      vertex 3.6721342821066694 -48.5 7.992047317437663
      vertex 3.6721342821066694 -50.75 7.992047317437663
      vertex 4.0420310216783 -48.5 8.307968978321703
    endloop
  endfacet
  facet normal -0.6494480483301845 0 0.76040596560003
    outer loop
      vertex 4.0420310216783 -48.5 8.307968978321703
      vertex 3.6721342821066694 -50.75 7.992047317437663
      vertex 4.0420310216783 -50.75 8.307968978321703
    endloop
  endfacet
  facet normal -0.7604059656000295 0 0.6494480483301855
    outer loop
      vertex 4.35795268256234 -48.5 8.677865717893333
      vertex 4.0420310216783 -50.75 8.307968978321703
      vertex 4.35795268256234 -50.75 8.677865717893333
    endloop
  endfacet
  facet normal -0.7604059656000295 0 0.6494480483301855
    outer loop
      vertex 4.0420310216783 -48.5 8.307968978321703
      vertex 4.0420310216783 -50.75 8.307968978321703
      vertex 4.35795268256234 -48.5 8.677865717893333
    endloop
  endfacet
  facet normal -0.8526401643540921 0 0.5224985647159492
    outer loop
      vertex 4.6121202249839435 -48.5 9.092629450807404
      vertex 4.35795268256234 -50.75 8.677865717893333
      vertex 4.6121202249839435 -50.75 9.092629450807404
    endloop
  endfacet
  facet normal -0.8526401643540921 0 0.5224985647159492
    outer loop
      vertex 4.35795268256234 -48.5 8.677865717893333
      vertex 4.35795268256234 -50.75 8.677865717893333
      vertex 4.6121202249839435 -48.5 9.092629450807404
    endloop
  endfacet
  facet normal 0 -1 0
    outer loop
      vertex -0.9121202249839384 -48.5 9.092629450807404
      vertex 4.6121202249839435 -48.5 9.092629450807404
      vertex -1.0982752005149736 -48.5 9.542047317437664
    endloop
  endfacet
  facet normal 0 -1 0
    outer loop
      vertex -1.2118338558449246 -48.5 10.015053158375284
      vertex -1.0982752005149736 -48.5 9.542047317437664
      vertex 4.798275200514978 -48.5 9.542047317437664
    endloop
  endfacet
  facet normal 0 -1 0
    outer loop
      vertex -1.2118338558449246 -48.5 10.015053158375284
      vertex 4.911833855844929 -48.5 10.015053158375284
      vertex -1.2499999999999978 -48.5 10.5
    endloop
  endfacet
  facet normal 0 -1 0
    outer loop
      vertex -1.2499999999999978 -48.5 10.5
      vertex 4.950000000000003 -48.5 10.5
      vertex -1.2118338558449246 -48.5 10.984946841624716
    endloop
  endfacet
  facet normal 0 -1 0
    outer loop
      vertex -1.2118338558449246 -48.5 10.984946841624716
      vertex 4.911833855844929 -48.5 10.984946841624716
      vertex -1.0982752005149736 -48.5 11.457952682562336
    endloop
  endfacet
  facet normal 0 -1 0
    outer loop
      vertex -1.0982752005149736 -48.5 9.542047317437664
      vertex 4.6121202249839435 -48.5 9.092629450807404
      vertex 4.798275200514978 -48.5 9.542047317437664
    endloop
  endfacet
  facet normal 0 -1 0
    outer loop
      vertex -1.2118338558449246 -48.5 10.015053158375284
      vertex 4.798275200514978 -48.5 9.542047317437664
      vertex 4.911833855844929 -48.5 10.015053158375284
    endloop
  endfacet
  facet normal 0 -1 0
    outer loop
      vertex -1.2499999999999978 -48.5 10.5
      vertex 4.911833855844929 -48.5 10.015053158375284
      vertex 4.950000000000003 -48.5 10.5
    endloop
  endfacet
  facet normal 0 -1 0
    outer loop
      vertex -1.2118338558449246 -48.5 10.984946841624716
      vertex 4.950000000000003 -48.5 10.5
      vertex 4.911833855844929 -48.5 10.984946841624716
    endloop
  endfacet
  facet normal 0 -1 0
    outer loop
      vertex -1.0982752005149736 -48.5 11.457952682562336
      vertex 4.911833855844929 -48.5 10.984946841624716
      vertex 4.798275200514978 -48.5 11.457952682562336
    endloop
  endfacet
  facet normal 0 -1 0
    outer loop
      vertex -1.0982752005149736 -48.5 11.457952682562336
      vertex 4.798275200514978 -48.5 11.457952682562336
      vertex -0.9121202249839384 -48.5 11.907370549192596
    endloop
  endfacet
  facet normal 0 -1 0
    outer loop
      vertex -0.9121202249839384 -48.5 11.907370549192596
      vertex 4.6121202249839435 -48.5 11.907370549192596
      vertex -0.657952682562335 -48.5 12.322134282106667
    endloop
  endfacet
  facet normal 0 -1 0
    outer loop
      vertex -0.657952682562335 -48.5 12.322134282106667
      vertex 4.35795268256234 -48.5 12.322134282106667
      vertex -0.34203102167829513 -48.5 12.692031021678297
    endloop
  endfacet
  facet normal 0.522498564715949 0 -0.8526401643540921
    outer loop
      vertex 0.027865717893335473 -48.5 13.007952682562337
      vertex 0.4426294508074071 -50.75 13.26212022498394
      vertex 0.027865717893335473 -50.75 13.007952682562337
    endloop
  endfacet
  facet normal 0.522498564715949 3.2012566886992326e-18 -0.8526401643540921
    outer loop
      vertex 0.027865717893335473 -48.5 13.007952682562337
      vertex 0.4426294508074071 -48.5 13.26212022498394
      vertex 0.4426294508074071 -50.75 13.26212022498394
    endloop
  endfacet
  facet normal 0.3826834323650895 0 -0.9238795325112868
    outer loop
      vertex 0.4426294508074071 -48.5 13.26212022498394
      vertex 0.8920473174376654 -50.75 13.448275200514976
      vertex 0.4426294508074071 -50.75 13.26212022498394
    endloop
  endfacet
  facet normal 0.23344536385590656 0 -0.9723699203976763
    outer loop
      vertex 0.8920473174376654 -48.5 13.448275200514976
      vertex 1.3650531583752867 -50.75 13.561833855844927
      vertex 0.8920473174376654 -50.75 13.448275200514976
    endloop
  endfacet
  facet normal 0.3826834323650895 2.1495796170307965e-19 -0.9238795325112868
    outer loop
      vertex 0.4426294508074071 -48.5 13.26212022498394
      vertex 0.8920473174376654 -48.5 13.448275200514976
      vertex 0.8920473174376654 -50.75 13.448275200514976
    endloop
  endfacet
  facet normal 0.07845909572784332 0 -0.9969173337331281
    outer loop
      vertex 1.3650531583752867 -48.5 13.561833855844927
      vertex 1.8500000000000023 -50.75 13.6
      vertex 1.3650531583752867 -50.75 13.561833855844927
    endloop
  endfacet
  facet normal 0.23344536385590656 1.2768388179505538e-18 -0.9723699203976763
    outer loop
      vertex 0.8920473174376654 -48.5 13.448275200514976
      vertex 1.3650531583752867 -48.5 13.561833855844927
      vertex 1.3650531583752867 -50.75 13.561833855844927
    endloop
  endfacet
  facet normal -0.07845909572784332 0 -0.9969173337331281
    outer loop
      vertex 1.8500000000000023 -48.5 13.6
      vertex 2.334946841624718 -50.75 13.561833855844927
      vertex 1.8500000000000023 -50.75 13.6
    endloop
  endfacet
  facet normal 0.07845909572784332 -7.72051637484687e-19 -0.9969173337331281
    outer loop
      vertex 1.3650531583752867 -48.5 13.561833855844927
      vertex 1.8500000000000023 -48.5 13.6
      vertex 1.8500000000000023 -50.75 13.6
    endloop
  endfacet
  facet normal 0 -1 0
    outer loop
      vertex -0.34203102167829513 -48.5 12.692031021678297
      vertex 4.0420310216783 -48.5 12.692031021678297
      vertex 0.027865717893335473 -48.5 13.007952682562337
    endloop
  endfacet
  facet normal 0 -1 0
    outer loop
      vertex 0.027865717893335473 -48.5 13.007952682562337
      vertex 3.6721342821066694 -48.5 13.007952682562337
      vertex 0.4426294508074071 -48.5 13.26212022498394
    endloop
  endfacet
  facet normal 0 -1 0
    outer loop
      vertex 0.4426294508074071 -48.5 13.26212022498394
      vertex 3.2573705491925975 -48.5 13.26212022498394
      vertex 0.8920473174376654 -48.5 13.448275200514976
    endloop
  endfacet
  facet normal 0 -1 0
    outer loop
      vertex 0.8920473174376654 -48.5 13.448275200514976
      vertex 2.8079526825623393 -48.5 13.448275200514976
      vertex 1.3650531583752867 -48.5 13.561833855844927
    endloop
  endfacet
  facet normal 0 -1 0
    outer loop
      vertex 1.3650531583752867 -48.5 13.561833855844927
      vertex 2.8079526825623393 -48.5 13.448275200514976
      vertex 2.334946841624718 -48.5 13.561833855844927
    endloop
  endfacet
  facet normal 0 -1 0
    outer loop
      vertex 1.3650531583752867 -48.5 13.561833855844927
      vertex 2.334946841624718 -48.5 13.561833855844927
      vertex 1.8500000000000023 -48.5 13.6
    endloop
  endfacet
  facet normal 0 -1 0
    outer loop
      vertex -0.9121202249839384 -48.5 11.907370549192596
      vertex 4.798275200514978 -48.5 11.457952682562336
      vertex 4.6121202249839435 -48.5 11.907370549192596
    endloop
  endfacet
  facet normal 0 -1 0
    outer loop
      vertex -0.34203102167829513 -48.5 12.692031021678297
      vertex 4.35795268256234 -48.5 12.322134282106667
      vertex 4.0420310216783 -48.5 12.692031021678297
    endloop
  endfacet
  facet normal 0 -1 0
    outer loop
      vertex -0.657952682562335 -48.5 12.322134282106667
      vertex 4.6121202249839435 -48.5 11.907370549192596
      vertex 4.35795268256234 -48.5 12.322134282106667
    endloop
  endfacet
  facet normal -0.7604059656000295 0 -0.6494480483301855
    outer loop
      vertex 4.0420310216783 -48.5 12.692031021678297
      vertex 4.35795268256234 -50.75 12.322134282106667
      vertex 4.0420310216783 -50.75 12.692031021678297
    endloop
  endfacet
  facet normal -0.7604059656000295 -6.193691783154379e-18 -0.6494480483301855
    outer loop
      vertex 4.0420310216783 -48.5 12.692031021678297
      vertex 4.35795268256234 -48.5 12.322134282106667
      vertex 4.35795268256234 -50.75 12.322134282106667
    endloop
  endfacet
  facet normal -0.2334453638559065 0 -0.9723699203976763
    outer loop
      vertex 2.334946841624718 -48.5 13.561833855844927
      vertex 2.8079526825623393 -50.75 13.448275200514976
      vertex 2.334946841624718 -50.75 13.561833855844927
    endloop
  endfacet
  facet normal -0.2334453638559065 -1.1627295318446198e-19 -0.9723699203976763
    outer loop
      vertex 2.334946841624718 -48.5 13.561833855844927
      vertex 2.8079526825623393 -48.5 13.448275200514976
      vertex 2.8079526825623393 -50.75 13.448275200514976
    endloop
  endfacet
  facet normal -0.07845909572784332 7.72051637484687e-19 -0.9969173337331281
    outer loop
      vertex 1.8500000000000023 -48.5 13.6
      vertex 2.334946841624718 -48.5 13.561833855844927
      vertex 2.334946841624718 -50.75 13.561833855844927
    endloop
  endfacet
  facet normal -0.38268343236508967 0 -0.9238795325112868
    outer loop
      vertex 2.8079526825623393 -48.5 13.448275200514976
      vertex 3.2573705491925975 -50.75 13.26212022498394
      vertex 2.8079526825623393 -50.75 13.448275200514976
    endloop
  endfacet
  facet normal -0.38268343236508967 5.988366831730008e-18 -0.9238795325112868
    outer loop
      vertex 2.8079526825623393 -48.5 13.448275200514976
      vertex 3.2573705491925975 -48.5 13.26212022498394
      vertex 3.2573705491925975 -50.75 13.26212022498394
    endloop
  endfacet
  facet normal 0 -1 0
    outer loop
      vertex 0.027865717893335473 -48.5 13.007952682562337
      vertex 4.0420310216783 -48.5 12.692031021678297
      vertex 3.6721342821066694 -48.5 13.007952682562337
    endloop
  endfacet
  facet normal 0 -1 0
    outer loop
      vertex 0.4426294508074071 -48.5 13.26212022498394
      vertex 3.6721342821066694 -48.5 13.007952682562337
      vertex 3.2573705491925975 -48.5 13.26212022498394
    endloop
  endfacet
  facet normal 0 -1 0
    outer loop
      vertex 0.8920473174376654 -48.5 13.448275200514976
      vertex 3.2573705491925975 -48.5 13.26212022498394
      vertex 2.8079526825623393 -48.5 13.448275200514976
    endloop
  endfacet
  facet normal -0.6494480483301845 0 -0.76040596560003
    outer loop
      vertex 3.6721342821066694 -48.5 13.007952682562337
      vertex 4.0420310216783 -50.75 12.692031021678297
      vertex 3.6721342821066694 -50.75 13.007952682562337
    endloop
  endfacet
  facet normal -0.5224985647159488 0 -0.8526401643540923
    outer loop
      vertex 3.2573705491925975 -48.5 13.26212022498394
      vertex 3.6721342821066694 -50.75 13.007952682562337
      vertex 3.2573705491925975 -50.75 13.26212022498394
    endloop
  endfacet
  facet normal -0.5224985647159488 0 -0.8526401643540923
    outer loop
      vertex 3.6721342821066694 -48.5 13.007952682562337
      vertex 3.6721342821066694 -50.75 13.007952682562337
      vertex 3.2573705491925975 -48.5 13.26212022498394
    endloop
  endfacet
  facet normal -0.6494480483301845 0 -0.76040596560003
    outer loop
      vertex 4.0420310216783 -48.5 12.692031021678297
      vertex 4.0420310216783 -50.75 12.692031021678297
      vertex 3.6721342821066694 -48.5 13.007952682562337
    endloop
  endfacet
  facet normal -0.923879532511288 0 0.3826834323650871
    outer loop
      vertex 4.798275200514978 -48.5 9.542047317437664
      vertex 4.6121202249839435 -50.75 9.092629450807404
      vertex 4.798275200514978 -50.75 9.542047317437664
    endloop
  endfacet
  facet normal -0.923879532511288 0 0.3826834323650871
    outer loop
      vertex 4.6121202249839435 -48.5 9.092629450807404
      vertex 4.6121202249839435 -50.75 9.092629450807404
      vertex 4.798275200514978 -48.5 9.542047317437664
    endloop
  endfacet
  facet normal -0.9723699203976767 0 0.2334453638559052
    outer loop
      vertex 4.798275200514978 -48.5 9.542047317437664
      vertex 4.798275200514978 -50.75 9.542047317437664
      vertex 4.911833855844929 -48.5 10.015053158375284
    endloop
  endfacet
  facet normal -0.9723699203976767 0 0.2334453638559052
    outer loop
      vertex 4.911833855844929 -48.5 10.015053158375284
      vertex 4.798275200514978 -50.75 9.542047317437664
      vertex 4.911833855844929 -50.75 10.015053158375284
    endloop
  endfacet
  facet normal -0.9969173337331279 0 0.07845909572784696
    outer loop
      vertex 4.950000000000003 -48.5 10.5
      vertex 4.911833855844929 -50.75 10.015053158375284
      vertex 4.950000000000003 -50.75 10.5
    endloop
  endfacet
  facet normal -0.9969173337331279 0 0.07845909572784696
    outer loop
      vertex 4.911833855844929 -48.5 10.015053158375284
      vertex 4.911833855844929 -50.75 10.015053158375284
      vertex 4.950000000000003 -48.5 10.5
    endloop
  endfacet
  facet normal -0.9969173337331279 0 -0.07845909572784696
    outer loop
      vertex 4.911833855844929 -48.5 10.984946841624716
      vertex 4.950000000000003 -50.75 10.5
      vertex 4.911833855844929 -50.75 10.984946841624716
    endloop
  endfacet
  facet normal -0.9969173337331279 0 -0.07845909572784696
    outer loop
      vertex 4.950000000000003 -48.5 10.5
      vertex 4.950000000000003 -50.75 10.5
      vertex 4.911833855844929 -48.5 10.984946841624716
    endloop
  endfacet
  facet normal -0.9723699203976767 0 -0.2334453638559052
    outer loop
      vertex 4.798275200514978 -48.5 11.457952682562336
      vertex 4.911833855844929 -50.75 10.984946841624716
      vertex 4.798275200514978 -50.75 11.457952682562336
    endloop
  endfacet
  facet normal -0.9723699203976767 0 -0.2334453638559052
    outer loop
      vertex 4.911833855844929 -48.5 10.984946841624716
      vertex 4.911833855844929 -50.75 10.984946841624716
      vertex 4.798275200514978 -48.5 11.457952682562336
    endloop
  endfacet
  facet normal -0.923879532511288 0 -0.3826834323650871
    outer loop
      vertex 4.6121202249839435 -48.5 11.907370549192596
      vertex 4.798275200514978 -50.75 11.457952682562336
      vertex 4.6121202249839435 -50.75 11.907370549192596
    endloop
  endfacet
  facet normal -0.923879532511288 0 -0.3826834323650871
    outer loop
      vertex 4.798275200514978 -48.5 11.457952682562336
      vertex 4.798275200514978 -50.75 11.457952682562336
      vertex 4.6121202249839435 -48.5 11.907370549192596
    endloop
  endfacet
  facet normal -0.8526401643540921 0 -0.5224985647159492
    outer loop
      vertex 4.6121202249839435 -48.5 11.907370549192596
      vertex 4.6121202249839435 -50.75 11.907370549192596
      vertex 4.35795268256234 -48.5 12.322134282106667
    endloop
  endfacet
  facet normal -0.8526401643540921 0 -0.5224985647159492
    outer loop
      vertex 4.35795268256234 -48.5 12.322134282106667
      vertex 4.6121202249839435 -50.75 11.907370549192596
      vertex 4.35795268256234 -50.75 12.322134282106667
    endloop
  endfacet
  facet normal 1 0 0
    outer loop
      vertex -26.125 31.75 2.5
      vertex -26.125 29.75 0
      vertex -26.125 31.75 0
    endloop
  endfacet
  facet normal 1 0 0
    outer loop
      vertex -26.125 31.75 2.5
      vertex -26.125 29.75 2.5
      vertex -26.125 29.75 0
    endloop
  endfacet
  facet normal 0 1 0
    outer loop
      vertex -26.125 29.75 2.5
      vertex -6.125 29.75 0
      vertex -26.125 29.75 0
    endloop
  endfacet
  facet normal 0 -1 0
    outer loop
      vertex -26.125 31.75 2.5
      vertex -26.125 31.75 0
      vertex -6.125 31.75 2.5
    endloop
  endfacet
  facet normal 0 1 0
    outer loop
      vertex -26.125 29.75 2.5
      vertex -6.125 29.75 2.5
      vertex -6.125 29.75 0
    endloop
  endfacet
  facet normal 0 -1 0
    outer loop
      vertex -26.125 31.75 0
      vertex -6.125 31.75 0
      vertex -6.125 31.75 2.5
    endloop
  endfacet
  facet normal -1 0 0
    outer loop
      vertex -6.125 29.75 0
      vertex -6.125 29.75 2.5
      vertex -6.125 31.75 0
    endloop
  endfacet
  facet normal -1 0 0
    outer loop
      vertex -6.125 31.75 0
      vertex -6.125 29.75 2.5
      vertex -6.125 31.75 2.5
    endloop
  endfacet
  facet normal 1 0 0
    outer loop
      vertex 6.125 29.75 0
      vertex 6.125 31.75 0
      vertex 6.125 31.75 2.5
    endloop
  endfacet
  facet normal 1 0 0
    outer loop
      vertex 6.125 29.75 0
      vertex 6.125 31.75 2.5
      vertex 6.125 29.75 2.5
    endloop
  endfacet
  facet normal 0 1 0
    outer loop
      vertex 6.125 29.75 0
      vertex 6.125 29.75 2.5
      vertex 26.125 29.75 0
    endloop
  endfacet
  facet normal 0 -1 0
    outer loop
      vertex 6.125 31.75 2.5
      vertex 6.125 31.75 0
      vertex 26.125 31.75 2.5
    endloop
  endfacet
  facet normal 0 1 0
    outer loop
      vertex 6.125 29.75 2.5
      vertex 26.125 29.75 2.5
      vertex 26.125 29.75 0
    endloop
  endfacet
  facet normal 0 -1 0
    outer loop
      vertex 6.125 31.75 0
      vertex 26.125 31.75 0
      vertex 26.125 31.75 2.5
    endloop
  endfacet
  facet normal -1 0 0
    outer loop
      vertex 26.125 29.75 0
      vertex 26.125 29.75 2.5
      vertex 26.125 31.75 0
    endloop
  endfacet
  facet normal -1 0 0
    outer loop
      vertex 26.125 31.75 0
      vertex 26.125 29.75 2.5
      vertex 26.125 31.75 2.5
    endloop
  endfacet
  facet normal 0 1 0
    outer loop
      vertex -26.125 24.75 2.5
      vertex -6.125 24.75 0
      vertex -26.125 24.75 0
    endloop
  endfacet
  facet normal 1 0 0
    outer loop
      vertex -26.125 26.75 2.5
      vertex -26.125 24.75 0
      vertex -26.125 26.75 0
    endloop
  endfacet
  facet normal 1 0 0
    outer loop
      vertex -26.125 26.75 2.5
      vertex -26.125 24.75 2.5
      vertex -26.125 24.75 0
    endloop
  endfacet
  facet normal 0 -1 0
    outer loop
      vertex -6.125 26.75 2.5
      vertex -26.125 26.75 2.5
      vertex -26.125 26.75 0
    endloop
  endfacet
  facet normal 0 1 0
    outer loop
      vertex -26.125 24.75 2.5
      vertex -6.125 24.75 2.5
      vertex -6.125 24.75 0
    endloop
  endfacet
  facet normal 0 -1 0
    outer loop
      vertex -26.125 26.75 0
      vertex -6.125 26.75 0
      vertex -6.125 26.75 2.5
    endloop
  endfacet
  facet normal -1 0 0
    outer loop
      vertex -6.125 24.75 0
      vertex -6.125 24.75 2.5
      vertex -6.125 26.75 0
    endloop
  endfacet
  facet normal -1 0 0
    outer loop
      vertex -6.125 26.75 0
      vertex -6.125 24.75 2.5
      vertex -6.125 26.75 2.5
    endloop
  endfacet
  facet normal 0 1 0
    outer loop
      vertex 6.125 24.75 0
      vertex 6.125 24.75 2.5
      vertex 26.125 24.75 0
    endloop
  endfacet
  facet normal 1 0 0
    outer loop
      vertex 6.125 24.75 0
      vertex 6.125 26.75 0
      vertex 6.125 26.75 2.5
    endloop
  endfacet
  facet normal 1 0 0
    outer loop
      vertex 6.125 24.75 0
      vertex 6.125 26.75 2.5
      vertex 6.125 24.75 2.5
    endloop
  endfacet
  facet normal 0 -1 0
    outer loop
      vertex 6.125 26.75 0
      vertex 26.125 26.75 2.5
      vertex 6.125 26.75 2.5
    endloop
  endfacet
  facet normal 0 1 0
    outer loop
      vertex 6.125 24.75 2.5
      vertex 26.125 24.75 2.5
      vertex 26.125 24.75 0
    endloop
  endfacet
  facet normal 0 -1 0
    outer loop
      vertex 6.125 26.75 0
      vertex 26.125 26.75 0
      vertex 26.125 26.75 2.5
    endloop
  endfacet
  facet normal -1 0 0
    outer loop
      vertex 26.125 24.75 0
      vertex 26.125 24.75 2.5
      vertex 26.125 26.75 0
    endloop
  endfacet
  facet normal -1 0 0
    outer loop
      vertex 26.125 26.75 0
      vertex 26.125 24.75 2.5
      vertex 26.125 26.75 2.5
    endloop
  endfacet
  facet normal 1 0 0
    outer loop
      vertex -26.125 21.75 2.5
      vertex -26.125 19.75 0
      vertex -26.125 21.75 0
    endloop
  endfacet
  facet normal 1 0 0
    outer loop
      vertex -26.125 21.75 2.5
      vertex -26.125 19.75 2.5
      vertex -26.125 19.75 0
    endloop
  endfacet
  facet normal 0 1 0
    outer loop
      vertex -26.125 19.75 2.5
      vertex -6.125 19.75 0
      vertex -26.125 19.75 0
    endloop
  endfacet
  facet normal 0 -1 0
    outer loop
      vertex -6.125 21.75 2.5
      vertex -26.125 21.75 2.5
      vertex -26.125 21.75 0
    endloop
  endfacet
  facet normal 0 -1 0
    outer loop
      vertex -26.125 21.75 0
      vertex -6.125 21.75 0
      vertex -6.125 21.75 2.5
    endloop
  endfacet
  facet normal 0 1 0
    outer loop
      vertex -26.125 19.75 2.5
      vertex -6.125 19.75 2.5
      vertex -6.125 19.75 0
    endloop
  endfacet
  facet normal -1 0 0
    outer loop
      vertex -6.125 19.75 0
      vertex -6.125 19.75 2.5
      vertex -6.125 21.75 0
    endloop
  endfacet
  facet normal -1 0 0
    outer loop
      vertex -6.125 21.75 0
      vertex -6.125 19.75 2.5
      vertex -6.125 21.75 2.5
    endloop
  endfacet
  facet normal 1 0 0
    outer loop
      vertex 6.125 19.75 0
      vertex 6.125 21.75 0
      vertex 6.125 21.75 2.5
    endloop
  endfacet
  facet normal 1 0 0
    outer loop
      vertex 6.125 19.75 0
      vertex 6.125 21.75 2.5
      vertex 6.125 19.75 2.5
    endloop
  endfacet
  facet normal 0 1 0
    outer loop
      vertex 6.125 19.75 0
      vertex 6.125 19.75 2.5
      vertex 26.125 19.75 0
    endloop
  endfacet
  facet normal 0 -1 0
    outer loop
      vertex 6.125 21.75 0
      vertex 26.125 21.75 2.5
      vertex 6.125 21.75 2.5
    endloop
  endfacet
  facet normal 0 -1 0
    outer loop
      vertex 6.125 21.75 0
      vertex 26.125 21.75 0
      vertex 26.125 21.75 2.5
    endloop
  endfacet
  facet normal 0 1 0
    outer loop
      vertex 6.125 19.75 2.5
      vertex 26.125 19.75 2.5
      vertex 26.125 19.75 0
    endloop
  endfacet
  facet normal -1 0 0
    outer loop
      vertex 26.125 19.75 0
      vertex 26.125 19.75 2.5
      vertex 26.125 21.75 0
    endloop
  endfacet
  facet normal -1 0 0
    outer loop
      vertex 26.125 21.75 0
      vertex 26.125 19.75 2.5
      vertex 26.125 21.75 2.5
    endloop
  endfacet
  facet normal 1 0 0
    outer loop
      vertex -26.125 16.75 2.5
      vertex -26.125 14.75 2.5
      vertex -26.125 14.75 0
    endloop
  endfacet
  facet normal 1 0 0
    outer loop
      vertex -26.125 16.75 2.5
      vertex -26.125 14.75 0
      vertex -26.125 16.75 0
    endloop
  endfacet
  facet normal 0 1 0
    outer loop
      vertex -26.125 14.75 2.5
      vertex -6.125 14.75 0
      vertex -26.125 14.75 0
    endloop
  endfacet
  facet normal 0 -1 0
    outer loop
      vertex -6.125 16.75 2.5
      vertex -26.125 16.75 2.5
      vertex -26.125 16.75 0
    endloop
  endfacet
  facet normal 0 1 0
    outer loop
      vertex -26.125 14.75 2.5
      vertex -6.125 14.75 2.5
      vertex -6.125 14.75 0
    endloop
  endfacet
  facet normal 0 -1 0
    outer loop
      vertex -26.125 16.75 0
      vertex -6.125 16.75 0
      vertex -6.125 16.75 2.5
    endloop
  endfacet
  facet normal -1 0 0
    outer loop
      vertex -6.125 14.75 0
      vertex -6.125 14.75 2.5
      vertex -6.125 16.75 0
    endloop
  endfacet
  facet normal -1 0 0
    outer loop
      vertex -6.125 16.75 0
      vertex -6.125 14.75 2.5
      vertex -6.125 16.75 2.5
    endloop
  endfacet
  facet normal 1 0 0
    outer loop
      vertex 6.125 16.75 2.5
      vertex 6.125 14.75 2.5
      vertex 6.125 14.75 0
    endloop
  endfacet
  facet normal 1 0 0
    outer loop
      vertex 6.125 14.75 0
      vertex 6.125 16.75 0
      vertex 6.125 16.75 2.5
    endloop
  endfacet
  facet normal 0 1 0
    outer loop
      vertex 6.125 14.75 2.5
      vertex 26.125 14.75 0
      vertex 6.125 14.75 0
    endloop
  endfacet
  facet normal 0 -1 0
    outer loop
      vertex 26.125 16.75 2.5
      vertex 6.125 16.75 2.5
      vertex 6.125 16.75 0
    endloop
  endfacet
  facet normal 0 1 0
    outer loop
      vertex 6.125 14.75 2.5
      vertex 26.125 14.75 2.5
      vertex 26.125 14.75 0
    endloop
  endfacet
  facet normal 0 -1 0
    outer loop
      vertex 6.125 16.75 0
      vertex 26.125 16.75 0
      vertex 26.125 16.75 2.5
    endloop
  endfacet
  facet normal -1 0 0
    outer loop
      vertex 26.125 14.75 0
      vertex 26.125 14.75 2.5
      vertex 26.125 16.75 0
    endloop
  endfacet
  facet normal -1 0 0
    outer loop
      vertex 26.125 16.75 0
      vertex 26.125 14.75 2.5
      vertex 26.125 16.75 2.5
    endloop
  endfacet
  facet normal 1 0 0
    outer loop
      vertex -26.125 11.75 2.5
      vertex -26.125 9.75 0
      vertex -26.125 11.75 0
    endloop
  endfacet
  facet normal 1 0 0
    outer loop
      vertex -26.125 9.75 2.5
      vertex -26.125 9.75 0
      vertex -26.125 11.75 2.5
    endloop
  endfacet
  facet normal 0 1 0
    outer loop
      vertex -26.125 9.75 2.5
      vertex -6.125 9.75 0
      vertex -26.125 9.75 0
    endloop
  endfacet
  facet normal 0 -1 0
    outer loop
      vertex -6.125 11.75 2.5
      vertex -26.125 11.75 2.5
      vertex -26.125 11.75 0
    endloop
  endfacet
  facet normal 0 -1 0
    outer loop
      vertex -26.125 11.75 0
      vertex -6.125 11.75 0
      vertex -6.125 11.75 2.5
    endloop
  endfacet
  facet normal 0 1 0
    outer loop
      vertex -26.125 9.75 2.5
      vertex -6.125 9.75 2.5
      vertex -6.125 9.75 0
    endloop
  endfacet
  facet normal -1 0 0
    outer loop
      vertex -6.125 9.75 0
      vertex -6.125 9.75 2.5
      vertex -6.125 11.75 0
    endloop
  endfacet
  facet normal -1 0 0
    outer loop
      vertex -6.125 11.75 0
      vertex -6.125 9.75 2.5
      vertex -6.125 11.75 2.5
    endloop
  endfacet
  facet normal 1 0 0
    outer loop
      vertex 6.125 11.75 2.5
      vertex 6.125 9.75 0
      vertex 6.125 11.75 0
    endloop
  endfacet
  facet normal 1 0 0
    outer loop
      vertex 6.125 11.75 2.5
      vertex 6.125 9.75 2.5
      vertex 6.125 9.75 0
    endloop
  endfacet
  facet normal 0 1 0
    outer loop
      vertex 26.125 9.75 0
      vertex 6.125 9.75 0
      vertex 6.125 9.75 2.5
    endloop
  endfacet
  facet normal 0 -1 0
    outer loop
      vertex 26.125 11.75 2.5
      vertex 6.125 11.75 2.5
      vertex 6.125 11.75 0
    endloop
  endfacet
  facet normal 0 -1 0
    outer loop
      vertex 6.125 11.75 0
      vertex 26.125 11.75 0
      vertex 26.125 11.75 2.5
    endloop
  endfacet
  facet normal 0 1 0
    outer loop
      vertex 6.125 9.75 2.5
      vertex 26.125 9.75 2.5
      vertex 26.125 9.75 0
    endloop
  endfacet
  facet normal -1 0 0
    outer loop
      vertex 26.125 9.75 0
      vertex 26.125 9.75 2.5
      vertex 26.125 11.75 0
    endloop
  endfacet
  facet normal -1 0 0
    outer loop
      vertex 26.125 11.75 0
      vertex 26.125 9.75 2.5
      vertex 26.125 11.75 2.5
    endloop
  endfacet
  facet normal 1 0 0
    outer loop
      vertex -6.25 48.75 32.900000000000006
      vertex -6.25 48.25 34.900000000000006
      vertex -6.25 48.25 32.900000000000006
    endloop
  endfacet
  facet normal 1 0 0
    outer loop
      vertex -6.25 48.75 32.900000000000006
      vertex -6.25 48.75 34.900000000000006
      vertex -6.25 48.25 34.900000000000006
    endloop
  endfacet
  facet normal 0 0 1
    outer loop
      vertex -6.25 48.75 32.900000000000006
      vertex -6.25 48.25 32.900000000000006
      vertex 6.25 48.75 32.900000000000006
    endloop
  endfacet
  facet normal 0 -1 0
    outer loop
      vertex -6.25 48.75 32.900000000000006
      vertex 6.25 48.75 32.900000000000006
      vertex -6.25 48.75 34.900000000000006
    endloop
  endfacet
  facet normal 0 0 -1
    outer loop
      vertex -6.25 48.75 34.900000000000006
      vertex 6.25 48.25 34.900000000000006
      vertex -6.25 48.25 34.900000000000006
    endloop
  endfacet
  facet normal 0 0 1
    outer loop
      vertex 6.25 48.75 32.900000000000006
      vertex -6.25 48.25 32.900000000000006
      vertex 6.25 48.25 32.900000000000006
    endloop
  endfacet
  facet normal 0 -1 0
    outer loop
      vertex -6.25 48.75 34.900000000000006
      vertex 6.25 48.75 32.900000000000006
      vertex 6.25 48.75 34.900000000000006
    endloop
  endfacet
  facet normal 0 0 -1
    outer loop
      vertex -6.25 48.75 34.900000000000006
      vertex 6.25 48.75 34.900000000000006
      vertex 6.25 48.25 34.900000000000006
    endloop
  endfacet
  facet normal -1 0 0
    outer loop
      vertex 6.25 48.75 32.900000000000006
      vertex 6.25 48.25 32.900000000000006
      vertex 6.25 48.75 34.900000000000006
    endloop
  endfacet
  facet normal -1 0 0
    outer loop
      vertex 6.25 48.75 34.900000000000006
      vertex 6.25 48.25 32.900000000000006
      vertex 6.25 48.25 34.900000000000006
    endloop
  endfacet
  facet normal 1 0 0
    outer loop
      vertex -6.25 -48.75 32.900000000000006
      vertex -6.25 -48.25 32.900000000000006
      vertex -6.25 -48.75 34.900000000000006
    endloop
  endfacet
  facet normal 1 0 0
    outer loop
      vertex -6.25 -48.75 34.900000000000006
      vertex -6.25 -48.25 32.900000000000006
      vertex -6.25 -48.25 34.900000000000006
    endloop
  endfacet
  facet normal 0 0 1
    outer loop
      vertex -6.25 -48.75 32.900000000000006
      vertex 6.25 -48.25 32.900000000000006
      vertex -6.25 -48.25 32.900000000000006
    endloop
  endfacet
  facet normal 0 1 0
    outer loop
      vertex -6.25 -48.75 32.900000000000006
      vertex -6.25 -48.75 34.900000000000006
      vertex 6.25 -48.75 34.900000000000006
    endloop
  endfacet
  facet normal 0 0 -1
    outer loop
      vertex -6.25 -48.75 34.900000000000006
      vertex -6.25 -48.25 34.900000000000006
      vertex 6.25 -48.75 34.900000000000006
    endloop
  endfacet
  facet normal 0 0 1
    outer loop
      vertex -6.25 -48.75 32.900000000000006
      vertex 6.25 -48.75 32.900000000000006
      vertex 6.25 -48.25 32.900000000000006
    endloop
  endfacet
  facet normal 0 1 0
    outer loop
      vertex -6.25 -48.75 32.900000000000006
      vertex 6.25 -48.75 34.900000000000006
      vertex 6.25 -48.75 32.900000000000006
    endloop
  endfacet
  facet normal 0 0 -1
    outer loop
      vertex 6.25 -48.75 34.900000000000006
      vertex -6.25 -48.25 34.900000000000006
      vertex 6.25 -48.25 34.900000000000006
    endloop
  endfacet
  facet normal -1 0 0
    outer loop
      vertex 6.25 -48.75 32.900000000000006
      vertex 6.25 -48.25 34.900000000000006
      vertex 6.25 -48.25 32.900000000000006
    endloop
  endfacet
  facet normal -1 0 0
    outer loop
      vertex 6.25 -48.75 32.900000000000006
      vertex 6.25 -48.75 34.900000000000006
      vertex 6.25 -48.25 34.900000000000006
    endloop
  endfacet
  facet normal 0 1 0
    outer loop
      vertex 32.75 -6.25 34.900000000000006
      vertex 32.25 -6.25 32.900000000000006
      vertex 32.25 -6.25 34.900000000000006
    endloop
  endfacet
  facet normal 0 0 1
    outer loop
      vertex 32.75 -6.25 32.900000000000006
      vertex 32.25 6.25 32.900000000000006
      vertex 32.25 -6.25 32.900000000000006
    endloop
  endfacet
  facet normal 0 1 0
    outer loop
      vertex 32.75 -6.25 32.900000000000006
      vertex 32.25 -6.25 32.900000000000006
      vertex 32.75 -6.25 34.900000000000006
    endloop
  endfacet
  facet normal -1 0 0
    outer loop
      vertex 32.75 -6.25 32.900000000000006
      vertex 32.75 -6.25 34.900000000000006
      vertex 32.75 6.25 32.900000000000006
    endloop
  endfacet
  facet normal 0 0 -1
    outer loop
      vertex 32.75 -6.25 34.900000000000006
      vertex 32.25 -6.25 34.900000000000006
      vertex 32.75 6.25 34.900000000000006
    endloop
  endfacet
  facet normal 0 -1 0
    outer loop
      vertex 32.75 6.25 32.900000000000006
      vertex 32.25 6.25 34.900000000000006
      vertex 32.25 6.25 32.900000000000006
    endloop
  endfacet
  facet normal 0 0 1
    outer loop
      vertex 32.75 -6.25 32.900000000000006
      vertex 32.75 6.25 32.900000000000006
      vertex 32.25 6.25 32.900000000000006
    endloop
  endfacet
  facet normal -1 0 0
    outer loop
      vertex 32.75 -6.25 34.900000000000006
      vertex 32.75 6.25 34.900000000000006
      vertex 32.75 6.25 32.900000000000006
    endloop
  endfacet
  facet normal 0 -1 0
    outer loop
      vertex 32.75 6.25 32.900000000000006
      vertex 32.75 6.25 34.900000000000006
      vertex 32.25 6.25 34.900000000000006
    endloop
  endfacet
  facet normal 0 0 -1
    outer loop
      vertex 32.75 6.25 34.900000000000006
      vertex 32.25 -6.25 34.900000000000006
      vertex 32.25 6.25 34.900000000000006
    endloop
  endfacet
  facet normal 0 1 0
    outer loop
      vertex -32.75 -6.25 32.900000000000006
      vertex -32.75 -6.25 34.900000000000006
      vertex -32.25 -6.25 34.900000000000006
    endloop
  endfacet
  facet normal 0 0 1
    outer loop
      vertex -32.75 -6.25 32.900000000000006
      vertex -32.25 -6.25 32.900000000000006
      vertex -32.75 6.25 32.900000000000006
    endloop
  endfacet
  facet normal 1 0 0
    outer loop
      vertex -32.75 -6.25 32.900000000000006
      vertex -32.75 6.25 34.900000000000006
      vertex -32.75 -6.25 34.900000000000006
    endloop
  endfacet
  facet normal 0 1 0
    outer loop
      vertex -32.75 -6.25 32.900000000000006
      vertex -32.25 -6.25 34.900000000000006
      vertex -32.25 -6.25 32.900000000000006
    endloop
  endfacet
  facet normal 0 0 -1
    outer loop
      vertex -32.75 -6.25 34.900000000000006
      vertex -32.25 6.25 34.900000000000006
      vertex -32.25 -6.25 34.900000000000006
    endloop
  endfacet
  facet normal 1 0 0
    outer loop
      vertex -32.75 -6.25 32.900000000000006
      vertex -32.75 6.25 32.900000000000006
      vertex -32.75 6.25 34.900000000000006
    endloop
  endfacet
  facet normal 0 -1 0
    outer loop
      vertex -32.75 6.25 32.900000000000006
      vertex -32.25 6.25 32.900000000000006
      vertex -32.75 6.25 34.900000000000006
    endloop
  endfacet
  facet normal 0 0 1
    outer loop
      vertex -32.75 6.25 32.900000000000006
      vertex -32.25 -6.25 32.900000000000006
      vertex -32.25 6.25 32.900000000000006
    endloop
  endfacet
  facet normal 0 -1 0
    outer loop
      vertex -32.75 6.25 34.900000000000006
      vertex -32.25 6.25 32.900000000000006
      vertex -32.25 6.25 34.900000000000006
    endloop
  endfacet
  facet normal 0 0 -1
    outer loop
      vertex -32.75 -6.25 34.900000000000006
      vertex -32.75 6.25 34.900000000000006
      vertex -32.25 6.25 34.900000000000006
    endloop
  endfacet
  facet normal 0.9723699203976764 0 0.23344536385590564
    outer loop
      vertex 8.748555250599566 -48.5 8.61499633431282
      vertex 8.525101122369662 -50.75 9.545749763254591
      vertex 8.748555250599566 -50.75 8.61499633431282
    endloop
  endfacet
  facet normal 0.2334453638559061 0 0.9723699203976766
    outer loop
      vertex 13.595749763254595 -48.5 4.47510112236966
      vertex 12.664996334312823 -50.75 4.698555250599564
      vertex 13.595749763254595 -50.75 4.47510112236966
    endloop
  endfacet
  facet normal 0.07845909572784451 0 0.996917333733128
    outer loop
      vertex 13.595749763254595 -48.5 4.47510112236966
      vertex 13.595749763254595 -50.75 4.47510112236966
      vertex 14.550000000000002 -48.5 4.4
    endloop
  endfacet
  facet normal 0 -1 0
    outer loop
      vertex 12.664996334312823 -48.5 4.698555250599564
      vertex 13.595749763254595 -48.5 4.47510112236966
      vertex 15.50425023674541 -48.5 4.47510112236966
    endloop
  endfacet
  facet normal 0.07845909572784451 0 0.996917333733128
    outer loop
      vertex 14.550000000000002 -48.5 4.4
      vertex 13.595749763254595 -50.75 4.47510112236966
      vertex 14.550000000000002 -50.75 4.4
    endloop
  endfacet
  facet normal -0.07845909572784451 0 0.996917333733128
    outer loop
      vertex 15.50425023674541 -48.5 4.47510112236966
      vertex 14.550000000000002 -50.75 4.4
      vertex 15.50425023674541 -50.75 4.47510112236966
    endloop
  endfacet
  facet normal -0.07845909572784451 0 0.996917333733128
    outer loop
      vertex 14.550000000000002 -48.5 4.4
      vertex 14.550000000000002 -50.75 4.4
      vertex 15.50425023674541 -48.5 4.47510112236966
    endloop
  endfacet
  facet normal 0 -1 0
    outer loop
      vertex 13.595749763254595 -48.5 4.47510112236966
      vertex 14.550000000000002 -48.5 4.4
      vertex 15.50425023674541 -48.5 4.47510112236966
    endloop
  endfacet
  facet normal -0.2334453638559065 0 0.9723699203976762
    outer loop
      vertex 15.50425023674541 -48.5 4.47510112236966
      vertex 15.50425023674541 -50.75 4.47510112236966
      vertex 16.43500366568718 -48.5 4.698555250599564
    endloop
  endfacet
  facet normal 0.6494480483301828 0 0.7604059656000316
    outer loop
      vertex 10.964509961015917 -48.5 5.564996334312821
      vertex 10.236648634762062 -50.75 6.18664863476206
      vertex 10.964509961015917 -50.75 5.564996334312821
    endloop
  endfacet
  facet normal 0.6494480483301828 0 0.7604059656000316
    outer loop
      vertex 10.236648634762062 -48.5 6.18664863476206
      vertex 10.236648634762062 -50.75 6.18664863476206
      vertex 10.964509961015917 -48.5 5.564996334312821
    endloop
  endfacet
  facet normal 0.7604059656000322 0 0.6494480483301822
    outer loop
      vertex 10.236648634762062 -48.5 6.18664863476206
      vertex 9.614996334312824 -50.75 6.914509961015915
      vertex 10.236648634762062 -50.75 6.18664863476206
    endloop
  endfacet
  facet normal 0.7604059656000322 0 0.6494480483301822
    outer loop
      vertex 9.614996334312824 -48.5 6.914509961015915
      vertex 9.614996334312824 -50.75 6.914509961015915
      vertex 10.236648634762062 -48.5 6.18664863476206
    endloop
  endfacet
  facet normal 0.5224985647159496 0 0.8526401643540917
    outer loop
      vertex 10.964509961015917 -48.5 5.564996334312821
      vertex 10.964509961015917 -50.75 5.564996334312821
      vertex 11.780657951588767 -48.5 5.064860202450956
    endloop
  endfacet
  facet normal 0.5224985647159496 0 0.8526401643540917
    outer loop
      vertex 11.780657951588767 -48.5 5.064860202450956
      vertex 10.964509961015917 -50.75 5.564996334312821
      vertex 11.780657951588767 -50.75 5.064860202450956
    endloop
  endfacet
  facet normal 0.3826834323650888 0 0.9238795325112872
    outer loop
      vertex 12.664996334312823 -48.5 4.698555250599564
      vertex 11.780657951588767 -50.75 5.064860202450956
      vertex 12.664996334312823 -50.75 4.698555250599564
    endloop
  endfacet
  facet normal 0.3826834323650888 -1.0322122938299421e-17 0.9238795325112872
    outer loop
      vertex 12.664996334312823 -48.5 4.698555250599564
      vertex 11.780657951588767 -48.5 5.064860202450956
      vertex 11.780657951588767 -50.75 5.064860202450956
    endloop
  endfacet
  facet normal 0.2334453638559061 0 0.9723699203976766
    outer loop
      vertex 12.664996334312823 -48.5 4.698555250599564
      vertex 12.664996334312823 -50.75 4.698555250599564
      vertex 13.595749763254595 -48.5 4.47510112236966
    endloop
  endfacet
  facet normal 0 -1 0
    outer loop
      vertex 9.614996334312824 -48.5 6.914509961015915
      vertex 10.236648634762062 -48.5 6.18664863476206
      vertex 18.863351365237943 -48.5 6.18664863476206
    endloop
  endfacet
  facet normal 0.8526401643540917 0 0.5224985647159496
    outer loop
      vertex 9.614996334312824 -48.5 6.914509961015915
      vertex 9.11486020245096 -50.75 7.730657951588764
      vertex 9.614996334312824 -50.75 6.914509961015915
    endloop
  endfacet
  facet normal 0.8526401643540917 4.232368509640223e-18 0.5224985647159496
    outer loop
      vertex 9.614996334312824 -48.5 6.914509961015915
      vertex 9.11486020245096 -48.5 7.730657951588764
      vertex 9.11486020245096 -50.75 7.730657951588764
    endloop
  endfacet
  facet normal 0.9238795325112864 0 0.38268343236509034
    outer loop
      vertex 9.11486020245096 -48.5 7.730657951588764
      vertex 8.748555250599566 -50.75 8.61499633431282
      vertex 9.11486020245096 -50.75 7.730657951588764
    endloop
  endfacet
  facet normal 0.9238795325112864 7.750408915422056e-18 0.38268343236509034
    outer loop
      vertex 9.11486020245096 -48.5 7.730657951588764
      vertex 8.748555250599566 -48.5 8.61499633431282
      vertex 8.748555250599566 -50.75 8.61499633431282
    endloop
  endfacet
  facet normal 0 -1 0
    outer loop
      vertex 9.614996334312824 -48.5 6.914509961015915
      vertex 19.48500366568718 -48.5 6.914509961015915
      vertex 9.11486020245096 -48.5 7.730657951588764
    endloop
  endfacet
  facet normal 0 -1 0
    outer loop
      vertex 9.11486020245096 -48.5 7.730657951588764
      vertex 19.985139797549046 -48.5 7.730657951588764
      vertex 8.748555250599566 -48.5 8.61499633431282
    endloop
  endfacet
  facet normal 0 -1 0
    outer loop
      vertex 8.525101122369662 -48.5 9.545749763254591
      vertex 8.748555250599566 -48.5 8.61499633431282
      vertex 20.35144474940044 -48.5 8.61499633431282
    endloop
  endfacet
  facet normal 0 -1 0
    outer loop
      vertex 12.664996334312823 -48.5 4.698555250599564
      vertex 16.43500366568718 -48.5 4.698555250599564
      vertex 11.780657951588767 -48.5 5.064860202450956
    endloop
  endfacet
  facet normal 0 -1 0
    outer loop
      vertex 10.964509961015917 -48.5 5.564996334312821
      vertex 11.780657951588767 -48.5 5.064860202450956
      vertex 17.319342048411237 -48.5 5.064860202450956
    endloop
  endfacet
  facet normal 0 -1 0
    outer loop
      vertex 12.664996334312823 -48.5 4.698555250599564
      vertex 15.50425023674541 -48.5 4.47510112236966
      vertex 16.43500366568718 -48.5 4.698555250599564
    endloop
  endfacet
  facet normal 0 -1 0
    outer loop
      vertex 11.780657951588767 -48.5 5.064860202450956
      vertex 16.43500366568718 -48.5 4.698555250599564
      vertex 17.319342048411237 -48.5 5.064860202450956
    endloop
  endfacet
  facet normal 0 -1 0
    outer loop
      vertex 10.236648634762062 -48.5 6.18664863476206
      vertex 10.964509961015917 -48.5 5.564996334312821
      vertex 18.135490038984088 -48.5 5.564996334312821
    endloop
  endfacet
  facet normal -0.2334453638559065 0 0.9723699203976762
    outer loop
      vertex 16.43500366568718 -48.5 4.698555250599564
      vertex 15.50425023674541 -50.75 4.47510112236966
      vertex 16.43500366568718 -50.75 4.698555250599564
    endloop
  endfacet
  facet normal 0 -1 0
    outer loop
      vertex 10.964509961015917 -48.5 5.564996334312821
      vertex 17.319342048411237 -48.5 5.064860202450956
      vertex 18.135490038984088 -48.5 5.564996334312821
    endloop
  endfacet
  facet normal -0.3826834323650888 0 0.9238795325112872
    outer loop
      vertex 16.43500366568718 -48.5 4.698555250599564
      vertex 16.43500366568718 -50.75 4.698555250599564
      vertex 17.319342048411237 -48.5 5.064860202450956
    endloop
  endfacet
  facet normal -0.3826834323650888 0 0.9238795325112872
    outer loop
      vertex 17.319342048411237 -48.5 5.064860202450956
      vertex 16.43500366568718 -50.75 4.698555250599564
      vertex 17.319342048411237 -50.75 5.064860202450956
    endloop
  endfacet
  facet normal 0 -1 0
    outer loop
      vertex 10.236648634762062 -48.5 6.18664863476206
      vertex 18.135490038984088 -48.5 5.564996334312821
      vertex 18.863351365237943 -48.5 6.18664863476206
    endloop
  endfacet
  facet normal 0 -1 0
    outer loop
      vertex 9.614996334312824 -48.5 6.914509961015915
      vertex 18.863351365237943 -48.5 6.18664863476206
      vertex 19.48500366568718 -48.5 6.914509961015915
    endloop
  endfacet
  facet normal 0 -1 0
    outer loop
      vertex 9.11486020245096 -48.5 7.730657951588764
      vertex 19.48500366568718 -48.5 6.914509961015915
      vertex 19.985139797549046 -48.5 7.730657951588764
    endloop
  endfacet
  facet normal 0 -1 0
    outer loop
      vertex 8.748555250599566 -48.5 8.61499633431282
      vertex 19.985139797549046 -48.5 7.730657951588764
      vertex 20.35144474940044 -48.5 8.61499633431282
    endloop
  endfacet
  facet normal 0.9723699203976764 0 0.23344536385590564
    outer loop
      vertex 8.525101122369662 -48.5 9.545749763254591
      vertex 8.525101122369662 -50.75 9.545749763254591
      vertex 8.748555250599566 -48.5 8.61499633431282
    endloop
  endfacet
  facet normal 0.996917333733128 0 0.07845909572784437
    outer loop
      vertex 8.525101122369662 -48.5 9.545749763254591
      vertex 8.450000000000003 -50.75 10.5
      vertex 8.525101122369662 -50.75 9.545749763254591
    endloop
  endfacet
  facet normal 0.996917333733128 2.5376740249288697e-18 0.07845909572784437
    outer loop
      vertex 8.525101122369662 -48.5 9.545749763254591
      vertex 8.450000000000003 -48.5 10.5
      vertex 8.450000000000003 -50.75 10.5
    endloop
  endfacet
  facet normal 0.996917333733128 0 -0.07845909572784437
    outer loop
      vertex 8.450000000000003 -48.5 10.5
      vertex 8.525101122369662 -50.75 11.454250236745409
      vertex 8.450000000000003 -50.75 10.5
    endloop
  endfacet
  facet normal 0.996917333733128 -2.5376740249288697e-18 -0.07845909572784437
    outer loop
      vertex 8.450000000000003 -48.5 10.5
      vertex 8.525101122369662 -48.5 11.454250236745409
      vertex 8.525101122369662 -50.75 11.454250236745409
    endloop
  endfacet
  facet normal 0.9723699203976764 0 -0.23344536385590564
    outer loop
      vertex 8.525101122369662 -48.5 11.454250236745409
      vertex 8.748555250599566 -50.75 12.38500366568718
      vertex 8.525101122369662 -50.75 11.454250236745409
    endloop
  endfacet
  facet normal 0.9723699203976764 3.273950006565682e-18 -0.23344536385590564
    outer loop
      vertex 8.525101122369662 -48.5 11.454250236745409
      vertex 8.748555250599566 -48.5 12.38500366568718
      vertex 8.748555250599566 -50.75 12.38500366568718
    endloop
  endfacet
  facet normal 0 -1 0
    outer loop
      vertex 8.525101122369662 -48.5 9.545749763254591
      vertex 20.574898877630343 -48.5 9.545749763254591
      vertex 8.450000000000003 -48.5 10.5
    endloop
  endfacet
  facet normal 0 -1 0
    outer loop
      vertex 8.450000000000003 -48.5 10.5
      vertex 20.650000000000002 -48.5 10.5
      vertex 8.525101122369662 -48.5 11.454250236745409
    endloop
  endfacet
  facet normal 0.9238795325112864 0 -0.38268343236509034
    outer loop
      vertex 8.748555250599566 -48.5 12.38500366568718
      vertex 9.11486020245096 -50.75 13.269342048411236
      vertex 8.748555250599566 -50.75 12.38500366568718
    endloop
  endfacet
  facet normal 0.9238795325112864 -7.750408915422056e-18 -0.38268343236509034
    outer loop
      vertex 8.748555250599566 -48.5 12.38500366568718
      vertex 9.11486020245096 -48.5 13.269342048411236
      vertex 9.11486020245096 -50.75 13.269342048411236
    endloop
  endfacet
  facet normal 0.8526401643540917 0 -0.5224985647159496
    outer loop
      vertex 9.11486020245096 -48.5 13.269342048411236
      vertex 9.614996334312824 -50.75 14.085490038984085
      vertex 9.11486020245096 -50.75 13.269342048411236
    endloop
  endfacet
  facet normal 0.8526401643540917 -4.232368509640223e-18 -0.5224985647159496
    outer loop
      vertex 9.11486020245096 -48.5 13.269342048411236
      vertex 9.614996334312824 -48.5 14.085490038984085
      vertex 9.614996334312824 -50.75 14.085490038984085
    endloop
  endfacet
  facet normal 0 -1 0
    outer loop
      vertex 8.525101122369662 -48.5 11.454250236745409
      vertex 20.574898877630343 -48.5 11.454250236745409
      vertex 8.748555250599566 -48.5 12.38500366568718
    endloop
  endfacet
  facet normal 0 -1 0
    outer loop
      vertex 8.748555250599566 -48.5 12.38500366568718
      vertex 20.35144474940044 -48.5 12.38500366568718
      vertex 9.11486020245096 -48.5 13.269342048411236
    endloop
  endfacet
  facet normal 0 -1 0
    outer loop
      vertex 9.11486020245096 -48.5 13.269342048411236
      vertex 19.985139797549046 -48.5 13.269342048411236
      vertex 9.614996334312824 -48.5 14.085490038984085
    endloop
  endfacet
  facet normal 0 -1 0
    outer loop
      vertex 8.525101122369662 -48.5 9.545749763254591
      vertex 20.35144474940044 -48.5 8.61499633431282
      vertex 20.574898877630343 -48.5 9.545749763254591
    endloop
  endfacet
  facet normal 0 -1 0
    outer loop
      vertex 8.450000000000003 -48.5 10.5
      vertex 20.574898877630343 -48.5 9.545749763254591
      vertex 20.650000000000002 -48.5 10.5
    endloop
  endfacet
  facet normal 0 -1 0
    outer loop
      vertex 8.525101122369662 -48.5 11.454250236745409
      vertex 20.650000000000002 -48.5 10.5
      vertex 20.574898877630343 -48.5 11.454250236745409
    endloop
  endfacet
  facet normal 0 -1 0
    outer loop
      vertex 8.748555250599566 -48.5 12.38500366568718
      vertex 20.574898877630343 -48.5 11.454250236745409
      vertex 20.35144474940044 -48.5 12.38500366568718
    endloop
  endfacet
  facet normal 0 -1 0
    outer loop
      vertex 9.11486020245096 -48.5 13.269342048411236
      vertex 20.35144474940044 -48.5 12.38500366568718
      vertex 19.985139797549046 -48.5 13.269342048411236
    endloop
  endfacet
  facet normal 0 -1 0
    outer loop
      vertex 9.614996334312824 -48.5 14.085490038984085
      vertex 19.985139797549046 -48.5 13.269342048411236
      vertex 19.48500366568718 -48.5 14.085490038984085
    endloop
  endfacet
  facet normal 0.7604059656000322 0 -0.6494480483301822
    outer loop
      vertex 9.614996334312824 -48.5 14.085490038984085
      vertex 10.236648634762062 -50.75 14.81335136523794
      vertex 9.614996334312824 -50.75 14.085490038984085
    endloop
  endfacet
  facet normal 0.7604059656000322 -1.1074182752485742e-17 -0.6494480483301822
    outer loop
      vertex 9.614996334312824 -48.5 14.085490038984085
      vertex 10.236648634762062 -48.5 14.81335136523794
      vertex 10.236648634762062 -50.75 14.81335136523794
    endloop
  endfacet
  facet normal 0.6494480483301833 0 -0.7604059656000312
    outer loop
      vertex 10.236648634762062 -48.5 14.81335136523794
      vertex 10.964509961015917 -50.75 15.43500366568718
      vertex 10.236648634762062 -50.75 14.81335136523794
    endloop
  endfacet
  facet normal 0.6494480483301833 -3.559231579382449e-18 -0.7604059656000312
    outer loop
      vertex 10.236648634762062 -48.5 14.81335136523794
      vertex 10.964509961015917 -48.5 15.43500366568718
      vertex 10.964509961015917 -50.75 15.43500366568718
    endloop
  endfacet
  facet normal 0.5224985647159496 0 -0.8526401643540917
    outer loop
      vertex 10.964509961015917 -48.5 15.43500366568718
      vertex 11.780657951588767 -50.75 15.935139797549045
      vertex 10.964509961015917 -50.75 15.43500366568718
    endloop
  endfacet
  facet normal 0.5224985647159496 -4.232368509640223e-18 -0.8526401643540917
    outer loop
      vertex 10.964509961015917 -48.5 15.43500366568718
      vertex 11.780657951588767 -48.5 15.935139797549045
      vertex 11.780657951588767 -50.75 15.935139797549045
    endloop
  endfacet
  facet normal 0.3826834323650872 0 -0.9238795325112877
    outer loop
      vertex 11.780657951588767 -48.5 15.935139797549045
      vertex 12.664996334312823 -50.75 16.301444749400435
      vertex 11.780657951588767 -50.75 15.935139797549045
    endloop
  endfacet
  facet normal 0.3826834323650872 2.6198973509603045e-18 -0.9238795325112877
    outer loop
      vertex 11.780657951588767 -48.5 15.935139797549045
      vertex 12.664996334312823 -48.5 16.301444749400435
      vertex 12.664996334312823 -50.75 16.301444749400435
    endloop
  endfacet
  facet normal 0.23344536385590875 0 -0.9723699203976759
    outer loop
      vertex 12.664996334312823 -48.5 16.301444749400435
      vertex 13.595749763254595 -50.75 16.524898877630342
      vertex 12.664996334312823 -50.75 16.301444749400435
    endloop
  endfacet
  facet normal 0 -1 0
    outer loop
      vertex 9.614996334312824 -48.5 14.085490038984085
      vertex 19.48500366568718 -48.5 14.085490038984085
      vertex 10.236648634762062 -48.5 14.81335136523794
    endloop
  endfacet
  facet normal 0 -1 0
    outer loop
      vertex 10.236648634762062 -48.5 14.81335136523794
      vertex 18.863351365237943 -48.5 14.81335136523794
      vertex 10.964509961015917 -48.5 15.43500366568718
    endloop
  endfacet
  facet normal 0 -1 0
    outer loop
      vertex 10.964509961015917 -48.5 15.43500366568718
      vertex 18.135490038984088 -48.5 15.43500366568718
      vertex 11.780657951588767 -48.5 15.935139797549045
    endloop
  endfacet
  facet normal 0 -1 0
    outer loop
      vertex 11.780657951588767 -48.5 15.935139797549045
      vertex 17.319342048411237 -48.5 15.935139797549045
      vertex 12.664996334312823 -48.5 16.301444749400435
    endloop
  endfacet
  facet normal 0 -1 0
    outer loop
      vertex 10.236648634762062 -48.5 14.81335136523794
      vertex 19.48500366568718 -48.5 14.085490038984085
      vertex 18.863351365237943 -48.5 14.81335136523794
    endloop
  endfacet
  facet normal 0 -1 0
    outer loop
      vertex 10.964509961015917 -48.5 15.43500366568718
      vertex 18.863351365237943 -48.5 14.81335136523794
      vertex 18.135490038984088 -48.5 15.43500366568718
    endloop
  endfacet
  facet normal 0 -1 0
    outer loop
      vertex 11.780657951588767 -48.5 15.935139797549045
      vertex 18.135490038984088 -48.5 15.43500366568718
      vertex 17.319342048411237 -48.5 15.935139797549045
    endloop
  endfacet
  facet normal -0.3826834323650872 0 -0.9238795325112877
    outer loop
      vertex 17.319342048411237 -48.5 15.935139797549045
      vertex 17.319342048411237 -50.75 15.935139797549045
      vertex 16.43500366568718 -48.5 16.301444749400435
    endloop
  endfacet
  facet normal 0.23344536385590875 -3.97516042773845e-18 -0.9723699203976759
    outer loop
      vertex 12.664996334312823 -48.5 16.301444749400435
      vertex 13.595749763254595 -48.5 16.524898877630342
      vertex 13.595749763254595 -50.75 16.524898877630342
    endloop
  endfacet
  facet normal 0.07845909572784451 0 -0.996917333733128
    outer loop
      vertex 13.595749763254595 -48.5 16.524898877630342
      vertex 14.550000000000002 -50.75 16.6
      vertex 13.595749763254595 -50.75 16.524898877630342
    endloop
  endfacet
  facet normal 0.07845909572784451 -4.360322641755563e-20 -0.996917333733128
    outer loop
      vertex 13.595749763254595 -48.5 16.524898877630342
      vertex 14.550000000000002 -48.5 16.6
      vertex 14.550000000000002 -50.75 16.6
    endloop
  endfacet
  facet normal -0.07845909572784451 0 -0.996917333733128
    outer loop
      vertex 14.550000000000002 -48.5 16.6
      vertex 15.50425023674541 -50.75 16.524898877630342
      vertex 14.550000000000002 -50.75 16.6
    endloop
  endfacet
  facet normal -0.07845909572784451 4.360322641755563e-20 -0.996917333733128
    outer loop
      vertex 14.550000000000002 -48.5 16.6
      vertex 15.50425023674541 -48.5 16.524898877630342
      vertex 15.50425023674541 -50.75 16.524898877630342
    endloop
  endfacet
  facet normal 0 -1 0
    outer loop
      vertex 12.664996334312823 -48.5 16.301444749400435
      vertex 16.43500366568718 -48.5 16.301444749400435
      vertex 13.595749763254595 -48.5 16.524898877630342
    endloop
  endfacet
  facet normal 0 -1 0
    outer loop
      vertex 13.595749763254595 -48.5 16.524898877630342
      vertex 15.50425023674541 -48.5 16.524898877630342
      vertex 14.550000000000002 -48.5 16.6
    endloop
  endfacet
  facet normal 0 -1 0
    outer loop
      vertex 13.595749763254595 -48.5 16.524898877630342
      vertex 16.43500366568718 -48.5 16.301444749400435
      vertex 15.50425023674541 -48.5 16.524898877630342
    endloop
  endfacet
  facet normal -0.23344536385590914 0 -0.9723699203976757
    outer loop
      vertex 15.50425023674541 -48.5 16.524898877630342
      vertex 16.43500366568718 -50.75 16.301444749400435
      vertex 15.50425023674541 -50.75 16.524898877630342
    endloop
  endfacet
  facet normal -0.23344536385590914 -5.032289841671921e-18 -0.9723699203976757
    outer loop
      vertex 15.50425023674541 -48.5 16.524898877630342
      vertex 16.43500366568718 -48.5 16.301444749400435
      vertex 16.43500366568718 -50.75 16.301444749400435
    endloop
  endfacet
  facet normal 0 -1 0
    outer loop
      vertex 12.664996334312823 -48.5 16.301444749400435
      vertex 17.319342048411237 -48.5 15.935139797549045
      vertex 16.43500366568718 -48.5 16.301444749400435
    endloop
  endfacet
  facet normal -0.3826834323650872 0 -0.9238795325112877
    outer loop
      vertex 16.43500366568718 -48.5 16.301444749400435
      vertex 17.319342048411237 -50.75 15.935139797549045
      vertex 16.43500366568718 -50.75 16.301444749400435
    endloop
  endfacet
  facet normal -0.5224985647159488 0 0.8526401643540923
    outer loop
      vertex 18.135490038984088 -48.5 5.564996334312821
      vertex 17.319342048411237 -50.75 5.064860202450956
      vertex 18.135490038984088 -50.75 5.564996334312821
    endloop
  endfacet
  facet normal -0.5224985647159488 0 0.8526401643540923
    outer loop
      vertex 17.319342048411237 -48.5 5.064860202450956
      vertex 17.319342048411237 -50.75 5.064860202450956
      vertex 18.135490038984088 -48.5 5.564996334312821
    endloop
  endfacet
  facet normal -0.6494480483301828 0 0.7604059656000316
    outer loop
      vertex 18.135490038984088 -48.5 5.564996334312821
      vertex 18.135490038984088 -50.75 5.564996334312821
      vertex 18.863351365237943 -48.5 6.18664863476206
    endloop
  endfacet
  facet normal -0.6494480483301828 0 0.7604059656000316
    outer loop
      vertex 18.863351365237943 -48.5 6.18664863476206
      vertex 18.135490038984088 -50.75 5.564996334312821
      vertex 18.863351365237943 -50.75 6.18664863476206
    endloop
  endfacet
  facet normal -0.7604059656000322 0 0.6494480483301822
    outer loop
      vertex 19.48500366568718 -48.5 6.914509961015915
      vertex 18.863351365237943 -50.75 6.18664863476206
      vertex 19.48500366568718 -50.75 6.914509961015915
    endloop
  endfacet
  facet normal -0.7604059656000322 0 0.6494480483301822
    outer loop
      vertex 18.863351365237943 -48.5 6.18664863476206
      vertex 18.863351365237943 -50.75 6.18664863476206
      vertex 19.48500366568718 -48.5 6.914509961015915
    endloop
  endfacet
  facet normal -0.8526401643540917 0 0.5224985647159496
    outer loop
      vertex 19.985139797549046 -48.5 7.730657951588764
      vertex 19.48500366568718 -50.75 6.914509961015915
      vertex 19.985139797549046 -50.75 7.730657951588764
    endloop
  endfacet
  facet normal -0.8526401643540917 0 0.5224985647159496
    outer loop
      vertex 19.48500366568718 -48.5 6.914509961015915
      vertex 19.48500366568718 -50.75 6.914509961015915
      vertex 19.985139797549046 -48.5 7.730657951588764
    endloop
  endfacet
  facet normal -0.9238795325112864 0 0.38268343236509034
    outer loop
      vertex 19.985139797549046 -48.5 7.730657951588764
      vertex 19.985139797549046 -50.75 7.730657951588764
      vertex 20.35144474940044 -48.5 8.61499633431282
    endloop
  endfacet
  facet normal -0.9238795325112864 0 0.38268343236509034
    outer loop
      vertex 20.35144474940044 -48.5 8.61499633431282
      vertex 19.985139797549046 -50.75 7.730657951588764
      vertex 20.35144474940044 -50.75 8.61499633431282
    endloop
  endfacet
  facet normal -0.9723699203976764 0 0.23344536385590564
    outer loop
      vertex 20.35144474940044 -48.5 8.61499633431282
      vertex 20.35144474940044 -50.75 8.61499633431282
      vertex 20.574898877630343 -48.5 9.545749763254591
    endloop
  endfacet
  facet normal -0.9723699203976764 0 0.23344536385590564
    outer loop
      vertex 20.574898877630343 -48.5 9.545749763254591
      vertex 20.35144474940044 -50.75 8.61499633431282
      vertex 20.574898877630343 -50.75 9.545749763254591
    endloop
  endfacet
  facet normal -0.996917333733128 0 0.07845909572784437
    outer loop
      vertex 20.650000000000002 -48.5 10.5
      vertex 20.574898877630343 -50.75 9.545749763254591
      vertex 20.650000000000002 -50.75 10.5
    endloop
  endfacet
  facet normal -0.996917333733128 0 0.07845909572784437
    outer loop
      vertex 20.574898877630343 -48.5 9.545749763254591
      vertex 20.574898877630343 -50.75 9.545749763254591
      vertex 20.650000000000002 -48.5 10.5
    endloop
  endfacet
  facet normal -0.996917333733128 0 -0.07845909572784437
    outer loop
      vertex 20.650000000000002 -48.5 10.5
      vertex 20.650000000000002 -50.75 10.5
      vertex 20.574898877630343 -48.5 11.454250236745409
    endloop
  endfacet
  facet normal -0.996917333733128 0 -0.07845909572784437
    outer loop
      vertex 20.574898877630343 -48.5 11.454250236745409
      vertex 20.650000000000002 -50.75 10.5
      vertex 20.574898877630343 -50.75 11.454250236745409
    endloop
  endfacet
  facet normal -0.9723699203976764 0 -0.23344536385590564
    outer loop
      vertex 20.35144474940044 -48.5 12.38500366568718
      vertex 20.574898877630343 -50.75 11.454250236745409
      vertex 20.35144474940044 -50.75 12.38500366568718
    endloop
  endfacet
  facet normal -0.9723699203976764 0 -0.23344536385590564
    outer loop
      vertex 20.574898877630343 -48.5 11.454250236745409
      vertex 20.574898877630343 -50.75 11.454250236745409
      vertex 20.35144474940044 -48.5 12.38500366568718
    endloop
  endfacet
  facet normal -0.9238795325112864 0 -0.38268343236509034
    outer loop
      vertex 20.35144474940044 -48.5 12.38500366568718
      vertex 20.35144474940044 -50.75 12.38500366568718
      vertex 19.985139797549046 -48.5 13.269342048411236
    endloop
  endfacet
  facet normal -0.9238795325112864 0 -0.38268343236509034
    outer loop
      vertex 19.985139797549046 -48.5 13.269342048411236
      vertex 20.35144474940044 -50.75 12.38500366568718
      vertex 19.985139797549046 -50.75 13.269342048411236
    endloop
  endfacet
  facet normal -0.8526401643540917 0 -0.5224985647159496
    outer loop
      vertex 19.48500366568718 -48.5 14.085490038984085
      vertex 19.985139797549046 -50.75 13.269342048411236
      vertex 19.48500366568718 -50.75 14.085490038984085
    endloop
  endfacet
  facet normal -0.8526401643540917 4.232368509640223e-18 -0.5224985647159496
    outer loop
      vertex 19.48500366568718 -48.5 14.085490038984085
      vertex 19.985139797549046 -48.5 13.269342048411236
      vertex 19.985139797549046 -50.75 13.269342048411236
    endloop
  endfacet
  facet normal -0.7604059656000322 0 -0.6494480483301822
    outer loop
      vertex 19.48500366568718 -48.5 14.085490038984085
      vertex 19.48500366568718 -50.75 14.085490038984085
      vertex 18.863351365237943 -48.5 14.81335136523794
    endloop
  endfacet
  facet normal -0.7604059656000322 0 -0.6494480483301822
    outer loop
      vertex 18.863351365237943 -48.5 14.81335136523794
      vertex 19.48500366568718 -50.75 14.085490038984085
      vertex 18.863351365237943 -50.75 14.81335136523794
    endloop
  endfacet
  facet normal -0.6494480483301833 0 -0.7604059656000312
    outer loop
      vertex 18.135490038984088 -48.5 15.43500366568718
      vertex 18.863351365237943 -50.75 14.81335136523794
      vertex 18.135490038984088 -50.75 15.43500366568718
    endloop
  endfacet
  facet normal -0.5224985647159488 0 -0.8526401643540923
    outer loop
      vertex 17.319342048411237 -48.5 15.935139797549045
      vertex 18.135490038984088 -50.75 15.43500366568718
      vertex 17.319342048411237 -50.75 15.935139797549045
    endloop
  endfacet
  facet normal -0.5224985647159488 4.1200880066140516e-18 -0.8526401643540923
    outer loop
      vertex 17.319342048411237 -48.5 15.935139797549045
      vertex 18.135490038984088 -48.5 15.43500366568718
      vertex 18.135490038984088 -50.75 15.43500366568718
    endloop
  endfacet
  facet normal -0.6494480483301833 0 -0.7604059656000312
    outer loop
      vertex 18.863351365237943 -48.5 14.81335136523794
      vertex 18.863351365237943 -50.75 14.81335136523794
      vertex 18.135490038984088 -48.5 15.43500366568718
    endloop
  endfacet
  facet normal 1 0 0
    outer loop
      vertex 32.5 13.375 5
      vertex 32.5 21.375 5
      vertex 32.5 21.375 10
    endloop
  endfacet
  facet normal 0 1 0
    outer loop
      vertex 32.5 13.375 5
      vertex 34.75 13.375 10
      vertex 34.75 13.375 5
    endloop
  endfacet
  facet normal 0 0 1
    outer loop
      vertex 32.5 13.375 5
      vertex 34.75 13.375 5
      vertex 32.5 21.375 5
    endloop
  endfacet
  facet normal 0 0 1
    outer loop
      vertex 32.5 21.375 5
      vertex 34.75 13.375 5
      vertex 34.75 21.375 5
    endloop
  endfacet
  facet normal 1 0 0
    outer loop
      vertex 32.5 13.375 5
      vertex 32.5 21.375 10
      vertex 32.5 13.375 10
    endloop
  endfacet
  facet normal 0 1 0
    outer loop
      vertex 32.5 13.375 5
      vertex 32.5 13.375 10
      vertex 34.75 13.375 10
    endloop
  endfacet
  facet normal 0 -1 0
    outer loop
      vertex 32.5 21.375 5
      vertex 34.75 21.375 5
      vertex 32.5 21.375 10
    endloop
  endfacet
  facet normal 0 -1 0
    outer loop
      vertex 32.5 21.375 10
      vertex 34.75 21.375 5
      vertex 34.75 21.375 10
    endloop
  endfacet
  facet normal 0 0 -1
    outer loop
      vertex 32.5 13.375 10
      vertex 32.5 21.375 10
      vertex 34.75 21.375 10
    endloop
  endfacet
  facet normal 0 0 -1
    outer loop
      vertex 32.5 13.375 10
      vertex 34.75 21.375 10
      vertex 34.75 13.375 10
    endloop
  endfacet
  facet normal 0 1 0
    outer loop
      vertex 32.5 29.375 5
      vertex 34.75 29.375 10
      vertex 34.75 29.375 5
    endloop
  endfacet
  facet normal 0 1 0
    outer loop
      vertex 32.5 29.375 5
      vertex 32.5 29.375 10
      vertex 34.75 29.375 10
    endloop
  endfacet
  facet normal 1 0 0
    outer loop
      vertex 32.5 29.375 5
      vertex 32.5 37.375 5
      vertex 32.5 37.375 10
    endloop
  endfacet
  facet normal 0 0 1
    outer loop
      vertex 32.5 29.375 5
      vertex 34.75 29.375 5
      vertex 32.5 37.375 5
    endloop
  endfacet
  facet normal 0 0 1
    outer loop
      vertex 32.5 37.375 5
      vertex 34.75 29.375 5
      vertex 34.75 37.375 5
    endloop
  endfacet
  facet normal 0 -1 0
    outer loop
      vertex 32.5 37.375 5
      vertex 34.75 37.375 5
      vertex 32.5 37.375 10
    endloop
  endfacet
  facet normal 1 0 0
    outer loop
      vertex 32.5 29.375 5
      vertex 32.5 37.375 10
      vertex 32.5 29.375 10
    endloop
  endfacet
  facet normal 0 -1 0
    outer loop
      vertex 32.5 37.375 10
      vertex 34.75 37.375 5
      vertex 34.75 37.375 10
    endloop
  endfacet
  facet normal 0 0 -1
    outer loop
      vertex 32.5 29.375 10
      vertex 32.5 37.375 10
      vertex 34.75 37.375 10
    endloop
  endfacet
  facet normal 0 0 -1
    outer loop
      vertex 32.5 29.375 10
      vertex 34.75 37.375 10
      vertex 34.75 29.375 10
    endloop
  endfacet
  facet normal 0.6494480483301793 0.7604059656000347 5.1917824743239554e-18
    outer loop
      vertex -9.351906080272688 -16.220739087062373 0
      vertex -9.62634559672906 -15.986345596729056 0
      vertex -9.62634559672906 -15.986345596729056 2.5
    endloop
  endfacet
  facet normal 0.5224985647159545 0.8526401643540887 -3.238389085091668e-18
    outer loop
      vertex -9.044178149400958 -16.409315005633243 0
      vertex -9.351906080272688 -16.220739087062373 0
      vertex -9.351906080272688 -16.220739087062373 2.5
    endloop
  endfacet
  facet normal 0.38268343236508984 0.9238795325112867 -1.0444338186720338e-18
    outer loop
      vertex -8.710739087062379 -16.54742998747885 0
      vertex -9.044178149400958 -16.409315005633243 0
      vertex -9.044178149400958 -16.409315005633243 2.5
    endloop
  endfacet
  facet normal 0.7604059656000323 0.6494480483301822 0
    outer loop
      vertex -9.62634559672906 -15.986345596729056 0
      vertex -9.86073908706238 -15.711906080272684 2.5
      vertex -9.62634559672906 -15.986345596729056 2.5
    endloop
  endfacet
  facet normal 0.6494480483301793 0.7604059656000347 0
    outer loop
      vertex -9.351906080272688 -16.220739087062373 0
      vertex -9.62634559672906 -15.986345596729056 2.5
      vertex -9.351906080272688 -16.220739087062373 2.5
    endloop
  endfacet
  facet normal 0.5224985647159545 0.8526401643540887 0
    outer loop
      vertex -9.044178149400958 -16.409315005633243 0
      vertex -9.351906080272688 -16.220739087062373 2.5
      vertex -9.044178149400958 -16.409315005633243 2.5
    endloop
  endfacet
  facet normal 0.38268343236508984 0.9238795325112867 0
    outer loop
      vertex -8.710739087062379 -16.54742998747885 0
      vertex -9.044178149400958 -16.409315005633243 2.5
      vertex -8.710739087062379 -16.54742998747885 2.5
    endloop
  endfacet
  facet normal 0.9238795325112885 0.3826834323650856 1.72718716645826e-18
    outer loop
      vertex -10.049315005633247 -15.404178149400954 0
      vertex -10.187429987478852 -15.070739087062375 0
      vertex -10.187429987478852 -15.070739087062375 2.5
    endloop
  endfacet
  facet normal 0.852640164354091 0.5224985647159509 2.7474385547129944e-18
    outer loop
      vertex -9.86073908706238 -15.711906080272684 0
      vertex -10.049315005633247 -15.404178149400954 0
      vertex -10.049315005633247 -15.404178149400954 2.5
    endloop
  endfacet
  facet normal 0.7604059656000323 0.6494480483301822 3.219069377683721e-18
    outer loop
      vertex -9.62634559672906 -15.986345596729056 0
      vertex -9.86073908706238 -15.711906080272684 0
      vertex -9.86073908706238 -15.711906080272684 2.5
    endloop
  endfacet
  facet normal 0.9723699203976762 0.23344536385590667 -1.1933921372212806e-18
    outer loop
      vertex -10.187429987478852 -15.070739087062375 0
      vertex -10.271683183368816 -14.719799269592526 0
      vertex -10.271683183368816 -14.719799269592526 2.5
    endloop
  endfacet
  facet normal 0.9969173337331277 0.07845909572784787 5.468908704123608e-19
    outer loop
      vertex -10.271683183368816 -14.719799269592526 0
      vertex -10.3 -14.359999999999996 0
      vertex -10.3 -14.359999999999996 2.5
    endloop
  endfacet
  facet normal 0.9969173337331277 -0.07845909572784787 -5.468908704123608e-19
    outer loop
      vertex -10.3 -14.359999999999996 0
      vertex -10.271683183368816 -14.000200730407466 0
      vertex -10.271683183368816 -14.000200730407466 2.5
    endloop
  endfacet
  facet normal 0.9723699203976762 -0.23344536385590667 1.1933921372212806e-18
    outer loop
      vertex -10.271683183368816 -14.000200730407466 0
      vertex -10.187429987478852 -13.649260912937617 0
      vertex -10.187429987478852 -13.649260912937617 2.5
    endloop
  endfacet
  facet normal 0.9238795325112885 -0.3826834323650856 -1.72718716645826e-18
    outer loop
      vertex -10.187429987478852 -13.649260912937617 0
      vertex -10.049315005633247 -13.315821850599038 0
      vertex -10.049315005633247 -13.315821850599038 2.5
    endloop
  endfacet
  facet normal 0.852640164354091 -0.5224985647159509 -2.7474385547129944e-18
    outer loop
      vertex -10.049315005633247 -13.315821850599038 0
      vertex -9.86073908706238 -13.008093919727308 0
      vertex -9.86073908706238 -13.008093919727308 2.5
    endloop
  endfacet
  facet normal 0.7604059656000323 -0.6494480483301822 -3.219069377683721e-18
    outer loop
      vertex -9.86073908706238 -13.008093919727308 0
      vertex -9.62634559672906 -12.733654403270936 0
      vertex -9.62634559672906 -12.733654403270936 2.5
    endloop
  endfacet
  facet normal 0.9238795325112885 0.3826834323650856 0
    outer loop
      vertex -10.049315005633247 -15.404178149400954 0
      vertex -10.187429987478852 -15.070739087062375 2.5
      vertex -10.049315005633247 -15.404178149400954 2.5
    endloop
  endfacet
  facet normal 0.852640164354091 0.5224985647159509 0
    outer loop
      vertex -9.86073908706238 -15.711906080272684 0
      vertex -10.049315005633247 -15.404178149400954 2.5
      vertex -9.86073908706238 -15.711906080272684 2.5
    endloop
  endfacet
  facet normal 0.9723699203976762 0.23344536385590667 -1.1933921372212806e-18
    outer loop
      vertex -10.271683183368816 -14.719799269592526 2.5
      vertex -10.187429987478852 -15.070739087062375 2.5
      vertex -10.187429987478852 -15.070739087062375 0
    endloop
  endfacet
  facet normal 0.9969173337331277 0.07845909572784787 5.468908704123608e-19
    outer loop
      vertex -10.3 -14.359999999999996 2.5
      vertex -10.271683183368816 -14.719799269592526 2.5
      vertex -10.271683183368816 -14.719799269592526 0
    endloop
  endfacet
  facet normal 0.9969173337331277 -0.07845909572784787 -5.468908704123608e-19
    outer loop
      vertex -10.271683183368816 -14.000200730407466 2.5
      vertex -10.3 -14.359999999999996 2.5
      vertex -10.3 -14.359999999999996 0
    endloop
  endfacet
  facet normal 0.9723699203976762 -0.23344536385590667 1.1933921372212806e-18
    outer loop
      vertex -10.187429987478852 -13.649260912937617 2.5
      vertex -10.271683183368816 -14.000200730407466 2.5
      vertex -10.271683183368816 -14.000200730407466 0
    endloop
  endfacet
  facet normal 0.9238795325112885 -0.3826834323650856 0
    outer loop
      vertex -10.187429987478852 -13.649260912937617 0
      vertex -10.049315005633247 -13.315821850599038 2.5
      vertex -10.187429987478852 -13.649260912937617 2.5
    endloop
  endfacet
  facet normal 0.852640164354091 -0.5224985647159509 0
    outer loop
      vertex -10.049315005633247 -13.315821850599038 0
      vertex -9.86073908706238 -13.008093919727308 2.5
      vertex -10.049315005633247 -13.315821850599038 2.5
    endloop
  endfacet
  facet normal 0.7604059656000323 -0.6494480483301822 -3.219069377683721e-18
    outer loop
      vertex -9.62634559672906 -12.733654403270936 2.5
      vertex -9.86073908706238 -13.008093919727308 2.5
      vertex -9.86073908706238 -13.008093919727308 0
    endloop
  endfacet
  facet normal 0.6494480483301822 -0.7604059656000323 -3.219069377683721e-18
    outer loop
      vertex -9.62634559672906 -12.733654403270936 0
      vertex -9.351906080272688 -12.499260912937617 0
      vertex -9.351906080272688 -12.499260912937617 2.5
    endloop
  endfacet
  facet normal 0.5224985647159509 -0.852640164354091 -2.7474385547129944e-18
    outer loop
      vertex -9.351906080272688 -12.499260912937617 0
      vertex -9.044178149400958 -12.31068499436675 0
      vertex -9.044178149400958 -12.31068499436675 2.5
    endloop
  endfacet
  facet normal 0.3826834323650856 -0.9238795325112885 -1.72718716645826e-18
    outer loop
      vertex -9.044178149400958 -12.31068499436675 0
      vertex -8.710739087062379 -12.172570012521144 0
      vertex -8.710739087062379 -12.172570012521144 2.5
    endloop
  endfacet
  facet normal 0.6494480483301822 -0.7604059656000323 0
    outer loop
      vertex -9.62634559672906 -12.733654403270936 0
      vertex -9.351906080272688 -12.499260912937617 2.5
      vertex -9.62634559672906 -12.733654403270936 2.5
    endloop
  endfacet
  facet normal 0.5224985647159509 -0.852640164354091 -2.7474385547129944e-18
    outer loop
      vertex -9.044178149400958 -12.31068499436675 2.5
      vertex -9.351906080272688 -12.499260912937617 2.5
      vertex -9.351906080272688 -12.499260912937617 0
    endloop
  endfacet
  facet normal 0.3826834323650856 -0.9238795325112885 -1.72718716645826e-18
    outer loop
      vertex -8.710739087062379 -12.172570012521144 2.5
      vertex -9.044178149400958 -12.31068499436675 2.5
      vertex -9.044178149400958 -12.31068499436675 0
    endloop
  endfacet
  facet normal 0.23344536385590667 0.9723699203976762 -1.1933921372212806e-18
    outer loop
      vertex -8.35979926959253 -16.631683183368814 0
      vertex -8.710739087062379 -16.54742998747885 0
      vertex -8.710739087062379 -16.54742998747885 2.5
    endloop
  endfacet
  facet normal 0.07845909572784299 0.9969173337331282 -5.404320421192784e-19
    outer loop
      vertex -8 -16.659999999999997 0
      vertex -8.35979926959253 -16.631683183368814 0
      vertex -8.35979926959253 -16.631683183368814 2.5
    endloop
  endfacet
  facet normal 0.23344536385590667 0.9723699203976762 0
    outer loop
      vertex -8.35979926959253 -16.631683183368814 0
      vertex -8.710739087062379 -16.54742998747885 2.5
      vertex -8.35979926959253 -16.631683183368814 2.5
    endloop
  endfacet
  facet normal 0.07845909572784299 0.9969173337331282 0
    outer loop
      vertex -8 -16.659999999999997 0
      vertex -8.35979926959253 -16.631683183368814 2.5
      vertex -8 -16.659999999999997 2.5
    endloop
  endfacet
  facet normal 0 1 0
    outer loop
      vertex -8 -16.659999999999997 0
      vertex -8 -16.659999999999997 2.5
      vertex 8 -16.659999999999997 0
    endloop
  endfacet
  facet normal 0.23344536385590667 -0.9723699203976762 1.1933921372212806e-18
    outer loop
      vertex -8.710739087062379 -12.172570012521144 0
      vertex -8.35979926959253 -12.08831681663118 0
      vertex -8.35979926959253 -12.08831681663118 2.5
    endloop
  endfacet
  facet normal 0.07845909572784787 -0.9969173337331277 -5.468908704123608e-19
    outer loop
      vertex -8.35979926959253 -12.08831681663118 0
      vertex -8 -12.059999999999995 0
      vertex -8 -12.059999999999995 2.5
    endloop
  endfacet
  facet normal 0.23344536385590667 -0.9723699203976762 1.1933921372212806e-18
    outer loop
      vertex -8.35979926959253 -12.08831681663118 2.5
      vertex -8.710739087062379 -12.172570012521144 2.5
      vertex -8.710739087062379 -12.172570012521144 0
    endloop
  endfacet
  facet normal 0.07845909572784787 -0.9969173337331277 -5.468908704123608e-19
    outer loop
      vertex -8 -12.059999999999995 2.5
      vertex -8.35979926959253 -12.08831681663118 2.5
      vertex -8.35979926959253 -12.08831681663118 0
    endloop
  endfacet
  facet normal 0 -1 0
    outer loop
      vertex -8 -12.059999999999995 2.5
      vertex -8 -12.059999999999995 0
      vertex 8 -12.059999999999995 2.5
    endloop
  endfacet
  facet normal 0 1 0
    outer loop
      vertex 8 -16.659999999999997 0
      vertex -8 -16.659999999999997 2.5
      vertex 8 -16.659999999999997 2.5
    endloop
  endfacet
  facet normal -0.07845909572784299 0.9969173337331282 0
    outer loop
      vertex 8 -16.659999999999997 0
      vertex 8 -16.659999999999997 2.5
      vertex 8.35979926959253 -16.631683183368814 0
    endloop
  endfacet
  facet normal -0.23344536385590667 0.9723699203976762 1.1933921372212806e-18
    outer loop
      vertex 8.710739087062379 -16.54742998747885 0
      vertex 8.35979926959253 -16.631683183368814 0
      vertex 8.35979926959253 -16.631683183368814 2.5
    endloop
  endfacet
  facet normal -0.07845909572784299 0.9969173337331282 0
    outer loop
      vertex 8.35979926959253 -16.631683183368814 0
      vertex 8 -16.659999999999997 2.5
      vertex 8.35979926959253 -16.631683183368814 2.5
    endloop
  endfacet
  facet normal -0.23344536385590667 0.9723699203976762 0
    outer loop
      vertex 8.710739087062379 -16.54742998747885 0
      vertex 8.35979926959253 -16.631683183368814 2.5
      vertex 8.710739087062379 -16.54742998747885 2.5
    endloop
  endfacet
  facet normal 0 -1 0
    outer loop
      vertex -8 -12.059999999999995 0
      vertex 8 -12.059999999999995 0
      vertex 8 -12.059999999999995 2.5
    endloop
  endfacet
  facet normal -0.07845909572784787 -0.9969173337331277 5.468908704123608e-19
    outer loop
      vertex 8 -12.059999999999995 0
      vertex 8.35979926959253 -12.08831681663118 0
      vertex 8.35979926959253 -12.08831681663118 2.5
    endloop
  endfacet
  facet normal -0.23344536385590667 -0.9723699203976762 -1.1933921372212806e-18
    outer loop
      vertex 8.35979926959253 -12.08831681663118 0
      vertex 8.710739087062379 -12.172570012521144 0
      vertex 8.710739087062379 -12.172570012521144 2.5
    endloop
  endfacet
  facet normal -0.07845909572784787 -0.9969173337331277 0
    outer loop
      vertex 8 -12.059999999999995 0
      vertex 8.35979926959253 -12.08831681663118 2.5
      vertex 8 -12.059999999999995 2.5
    endloop
  endfacet
  facet normal -0.23344536385590667 -0.9723699203976762 0
    outer loop
      vertex 8.35979926959253 -12.08831681663118 0
      vertex 8.710739087062379 -12.172570012521144 2.5
      vertex 8.35979926959253 -12.08831681663118 2.5
    endloop
  endfacet
  facet normal -0.38268343236508984 0.9238795325112867 1.0444338186720338e-18
    outer loop
      vertex 9.044178149400958 -16.409315005633243 0
      vertex 8.710739087062379 -16.54742998747885 0
      vertex 8.710739087062379 -16.54742998747885 2.5
    endloop
  endfacet
  facet normal -0.5224985647159545 0.8526401643540887 3.238389085091668e-18
    outer loop
      vertex 9.351906080272688 -16.220739087062373 0
      vertex 9.044178149400958 -16.409315005633243 0
      vertex 9.044178149400958 -16.409315005633243 2.5
    endloop
  endfacet
  facet normal -0.6494480483301793 0.7604059656000347 -5.1917824743239554e-18
    outer loop
      vertex 9.62634559672906 -15.986345596729056 0
      vertex 9.351906080272688 -16.220739087062373 0
      vertex 9.351906080272688 -16.220739087062373 2.5
    endloop
  endfacet
  facet normal -0.7604059656000323 0.6494480483301822 -3.219069377683721e-18
    outer loop
      vertex 9.86073908706238 -15.711906080272684 0
      vertex 9.62634559672906 -15.986345596729056 0
      vertex 9.62634559672906 -15.986345596729056 2.5
    endloop
  endfacet
  facet normal -0.38268343236508984 0.9238795325112867 0
    outer loop
      vertex 9.044178149400958 -16.409315005633243 0
      vertex 8.710739087062379 -16.54742998747885 2.5
      vertex 9.044178149400958 -16.409315005633243 2.5
    endloop
  endfacet
  facet normal -0.5224985647159545 0.8526401643540887 0
    outer loop
      vertex 9.351906080272688 -16.220739087062373 0
      vertex 9.044178149400958 -16.409315005633243 2.5
      vertex 9.351906080272688 -16.220739087062373 2.5
    endloop
  endfacet
  facet normal -0.6494480483301793 0.7604059656000347 0
    outer loop
      vertex 9.62634559672906 -15.986345596729056 0
      vertex 9.351906080272688 -16.220739087062373 2.5
      vertex 9.62634559672906 -15.986345596729056 2.5
    endloop
  endfacet
  facet normal -0.852640164354091 0.5224985647159509 -2.7474385547129944e-18
    outer loop
      vertex 10.049315005633247 -15.404178149400954 0
      vertex 9.86073908706238 -15.711906080272684 0
      vertex 9.86073908706238 -15.711906080272684 2.5
    endloop
  endfacet
  facet normal -0.9238795325112885 0.3826834323650856 -1.72718716645826e-18
    outer loop
      vertex 10.187429987478852 -15.070739087062375 0
      vertex 10.049315005633247 -15.404178149400954 0
      vertex 10.049315005633247 -15.404178149400954 2.5
    endloop
  endfacet
  facet normal -0.9723699203976762 0.23344536385590667 0
    outer loop
      vertex 10.187429987478852 -15.070739087062375 0
      vertex 10.187429987478852 -15.070739087062375 2.5
      vertex 10.271683183368816 -14.719799269592526 0
    endloop
  endfacet
  facet normal -0.9969173337331277 0.07845909572784787 -5.468908704123608e-19
    outer loop
      vertex 10.3 -14.359999999999996 0
      vertex 10.271683183368816 -14.719799269592526 0
      vertex 10.271683183368816 -14.719799269592526 2.5
    endloop
  endfacet
  facet normal -0.9969173337331277 -0.07845909572784787 5.468908704123608e-19
    outer loop
      vertex 10.271683183368816 -14.000200730407466 0
      vertex 10.3 -14.359999999999996 0
      vertex 10.3 -14.359999999999996 2.5
    endloop
  endfacet
  facet normal -0.9723699203976762 -0.23344536385590667 -1.1933921372212806e-18
    outer loop
      vertex 10.187429987478852 -13.649260912937617 0
      vertex 10.271683183368816 -14.000200730407466 0
      vertex 10.271683183368816 -14.000200730407466 2.5
    endloop
  endfacet
  facet normal -0.9238795325112885 -0.3826834323650856 1.72718716645826e-18
    outer loop
      vertex 10.049315005633247 -13.315821850599038 0
      vertex 10.187429987478852 -13.649260912937617 0
      vertex 10.187429987478852 -13.649260912937617 2.5
    endloop
  endfacet
  facet normal -0.852640164354091 -0.5224985647159509 2.7474385547129944e-18
    outer loop
      vertex 9.86073908706238 -13.008093919727308 0
      vertex 10.049315005633247 -13.315821850599038 0
      vertex 10.049315005633247 -13.315821850599038 2.5
    endloop
  endfacet
  facet normal -0.7604059656000323 -0.6494480483301822 3.219069377683721e-18
    outer loop
      vertex 9.62634559672906 -12.733654403270936 0
      vertex 9.86073908706238 -13.008093919727308 0
      vertex 9.86073908706238 -13.008093919727308 2.5
    endloop
  endfacet
  facet normal -0.7604059656000323 -0.6494480483301822 0
    outer loop
      vertex 9.62634559672906 -12.733654403270936 0
      vertex 9.86073908706238 -13.008093919727308 2.5
      vertex 9.62634559672906 -12.733654403270936 2.5
    endloop
  endfacet
  facet normal -0.7604059656000323 0.6494480483301822 0
    outer loop
      vertex 9.86073908706238 -15.711906080272684 0
      vertex 9.62634559672906 -15.986345596729056 2.5
      vertex 9.86073908706238 -15.711906080272684 2.5
    endloop
  endfacet
  facet normal -0.852640164354091 0.5224985647159509 0
    outer loop
      vertex 10.049315005633247 -15.404178149400954 0
      vertex 9.86073908706238 -15.711906080272684 2.5
      vertex 10.049315005633247 -15.404178149400954 2.5
    endloop
  endfacet
  facet normal -0.9238795325112885 0.3826834323650856 0
    outer loop
      vertex 10.187429987478852 -15.070739087062375 0
      vertex 10.049315005633247 -15.404178149400954 2.5
      vertex 10.187429987478852 -15.070739087062375 2.5
    endloop
  endfacet
  facet normal -0.9723699203976762 0.23344536385590667 0
    outer loop
      vertex 10.271683183368816 -14.719799269592526 0
      vertex 10.187429987478852 -15.070739087062375 2.5
      vertex 10.271683183368816 -14.719799269592526 2.5
    endloop
  endfacet
  facet normal -0.9969173337331277 0.07845909572784787 0
    outer loop
      vertex 10.3 -14.359999999999996 0
      vertex 10.271683183368816 -14.719799269592526 2.5
      vertex 10.3 -14.359999999999996 2.5
    endloop
  endfacet
  facet normal -0.9969173337331277 -0.07845909572784787 0
    outer loop
      vertex 10.271683183368816 -14.000200730407466 0
      vertex 10.3 -14.359999999999996 2.5
      vertex 10.271683183368816 -14.000200730407466 2.5
    endloop
  endfacet
  facet normal -0.9723699203976762 -0.23344536385590667 0
    outer loop
      vertex 10.187429987478852 -13.649260912937617 0
      vertex 10.271683183368816 -14.000200730407466 2.5
      vertex 10.187429987478852 -13.649260912937617 2.5
    endloop
  endfacet
  facet normal -0.852640164354091 -0.5224985647159509 0
    outer loop
      vertex 9.86073908706238 -13.008093919727308 0
      vertex 10.049315005633247 -13.315821850599038 2.5
      vertex 9.86073908706238 -13.008093919727308 2.5
    endloop
  endfacet
  facet normal -0.9238795325112885 -0.3826834323650856 0
    outer loop
      vertex 10.049315005633247 -13.315821850599038 0
      vertex 10.187429987478852 -13.649260912937617 2.5
      vertex 10.049315005633247 -13.315821850599038 2.5
    endloop
  endfacet
  facet normal -0.3826834323650856 -0.9238795325112885 1.72718716645826e-18
    outer loop
      vertex 8.710739087062379 -12.172570012521144 0
      vertex 9.044178149400958 -12.31068499436675 0
      vertex 9.044178149400958 -12.31068499436675 2.5
    endloop
  endfacet
  facet normal -0.5224985647159509 -0.852640164354091 2.7474385547129944e-18
    outer loop
      vertex 9.044178149400958 -12.31068499436675 0
      vertex 9.351906080272688 -12.499260912937617 0
      vertex 9.351906080272688 -12.499260912937617 2.5
    endloop
  endfacet
  facet normal -0.6494480483301822 -0.7604059656000323 3.219069377683721e-18
    outer loop
      vertex 9.351906080272688 -12.499260912937617 0
      vertex 9.62634559672906 -12.733654403270936 0
      vertex 9.62634559672906 -12.733654403270936 2.5
    endloop
  endfacet
  facet normal -0.3826834323650856 -0.9238795325112885 0
    outer loop
      vertex 8.710739087062379 -12.172570012521144 0
      vertex 9.044178149400958 -12.31068499436675 2.5
      vertex 8.710739087062379 -12.172570012521144 2.5
    endloop
  endfacet
  facet normal -0.5224985647159509 -0.852640164354091 0
    outer loop
      vertex 9.044178149400958 -12.31068499436675 0
      vertex 9.351906080272688 -12.499260912937617 2.5
      vertex 9.044178149400958 -12.31068499436675 2.5
    endloop
  endfacet
  facet normal -0.6494480483301822 -0.7604059656000323 0
    outer loop
      vertex 9.351906080272688 -12.499260912937617 0
      vertex 9.62634559672906 -12.733654403270936 2.5
      vertex 9.351906080272688 -12.499260912937617 2.5
    endloop
  endfacet
endsolid OpenSCAD_Model
