ISO-10303-21;
HEADER;
/* Generated by software containing ST-Developer
 * from STEP Tools, Inc. (www.steptools.com) 
 */

FILE_DESCRIPTION(
/* description */ (''),
/* implementation_level */ '2;1');

FILE_NAME(
/* name */ 'carrier-top.step',
/* time_stamp */ '2026-09-11T13:16:26-07:00',
/* author */ (''),
/* organization */ (''),
/* preprocessor_version */ 'ST-DEVELOPER v20.1',
/* originating_system */ 'Autodesk Translation Framework v15.8.0.0',
/* authorisation */ '');

FILE_SCHEMA (('AUTOMOTIVE_DESIGN { 1 0 10303 214 3 1 1 }'));
ENDSEC;

DATA;
#10=MECHANICAL_DESIGN_GEOMETRIC_PRESENTATION_REPRESENTATION('',(#13),#5230);
#11=SHAPE_REPRESENTATION_RELATIONSHIP('SRR','None',#5237,#12);
#12=ADVANCED_BREP_SHAPE_REPRESENTATION('',(#14),#5229);
#13=STYLED_ITEM('',(#5247),#14);
#14=MANIFOLD_SOLID_BREP('02 Top bezel - four anchors',#2897);
#15=B_SPLINE_CURVE_WITH_KNOTS('',3,(#4780,#4781,#4782,#4783,#4784,#4785,
#4786,#4787,#4788,#4789,#4790,#4791,#4792,#4793,#4794,#4795,#4796,#4797,
#4798,#4799,#4800,#4801,#4802,#4803,#4804,#4805,#4806,#4807,#4808,#4809,
#4810,#4811,#4812,#4813,#4814,#4815,#4816,#4817,#4818,#4819,#4820,#4821,
#4822,#4823,#4824,#4825,#4826,#4827,#4828,#4829,#4830,#4831,#4832,#4833,
#4834,#4835,#4836,#4837,#4838,#4839,#4840,#4841,#4842,#4843,#4844,#4845,
#4846,#4847,#4848,#4849,#4850,#4851,#4852,#4853,#4854,#4855,#4856,#4857,
#4858,#4859,#4860,#4861,#4862,#4863,#4864,#4865,#4866,#4867,#4868,#4869,
#4870,#4871,#4872,#4873),.UNSPECIFIED.,.T.,.F.,(4,3,3,3,3,3,3,3,3,3,3,3,
3,3,3,3,3,3,3,3,3,3,3,3,3,3,3,3,3,3,3,4),(23.4496749520999,23.4865688060366,
23.5234626599736,23.5972503678477,24.026481815107,24.4557132623663,25.3141761568849,
27.031101945922,28.7480277349591,30.4649535239963,30.5387412318704,30.6125289397445,
32.9013775999022,35.1902262600598,35.264013967934,35.3378016758081,37.0547274648452,
38.7716532538823,40.4885790429195,41.347041937438,41.7762733846973,41.990889108327,
42.0981969701418,42.2055048319566,42.2792925398307,42.3161863937678,42.3530802477048,
42.6391863302245,42.9252924127442,43.4975045777837,44.6419289078625,46.9307775680202),
 .UNSPECIFIED.);
#16=B_SPLINE_SURFACE_WITH_KNOTS('',3,3,((#4615,#4616,#4617,#4618),(#4619,
#4620,#4621,#4622),(#4623,#4624,#4625,#4626),(#4627,#4628,#4629,#4630),
(#4631,#4632,#4633,#4634),(#4635,#4636,#4637,#4638),(#4639,#4640,#4641,
#4642),(#4643,#4644,#4645,#4646),(#4647,#4648,#4649,#4650),(#4651,#4652,
#4653,#4654),(#4655,#4656,#4657,#4658),(#4659,#4660,#4661,#4662),(#4663,
#4664,#4665,#4666),(#4667,#4668,#4669,#4670),(#4671,#4672,#4673,#4674),
(#4675,#4676,#4677,#4678),(#4679,#4680,#4681,#4682),(#4683,#4684,#4685,
#4686),(#4687,#4688,#4689,#4690),(#4691,#4692,#4693,#4694),(#4695,#4696,
#4697,#4698),(#4699,#4700,#4701,#4702),(#4703,#4704,#4705,#4706),(#4707,
#4708,#4709,#4710),(#4711,#4712,#4713,#4714),(#4715,#4716,#4717,#4718),
(#4719,#4720,#4721,#4722),(#4723,#4724,#4725,#4726),(#4727,#4728,#4729,
#4730),(#4731,#4732,#4733,#4734),(#4735,#4736,#4737,#4738),(#4739,#4740,
#4741,#4742),(#4743,#4744,#4745,#4746),(#4747,#4748,#4749,#4750),(#4751,
#4752,#4753,#4754),(#4755,#4756,#4757,#4758),(#4759,#4760,#4761,#4762),
(#4763,#4764,#4765,#4766),(#4767,#4768,#4769,#4770),(#4771,#4772,#4773,
#4774),(#4775,#4776,#4777,#4778)),.UNSPECIFIED.,.T.,.F.,.F.,(4,1,1,1,1,
2,1,1,2,1,1,1,1,1,1,1,2,1,2,1,2,1,2,1,1,1,1,1,2,1,1,4),(4,4),(0.,0.0974762002277434,
0.146214300341615,0.170583350398551,0.182767875427019,0.194952400455487,
0.196523615169741,0.198094829883996,0.201237259312505,0.205807226216107,
0.210377193119708,0.21951712692691,0.237796994541315,0.274356729770124,
0.347476200227743,0.420595670685362,0.493715141142981,0.496857570571491,
0.5,0.597476200227743,0.694952400455487,0.698094829883996,0.701237259312505,
0.774356729770124,0.847476200227743,0.920595670685362,0.957155405914172,
0.975435273528577,0.993715141142981,0.996857570571491,0.998428785285745,
1.),(0.,0.961538461540067),.UNSPECIFIED.);
#17=FACE_BOUND('',#350,.T.);
#18=FACE_BOUND('',#353,.T.);
#19=FACE_BOUND('',#356,.T.);
#20=FACE_BOUND('',#359,.T.);
#21=FACE_BOUND('',#382,.T.);
#22=FACE_BOUND('',#385,.T.);
#23=FACE_BOUND('',#388,.T.);
#24=FACE_BOUND('',#391,.T.);
#25=FACE_BOUND('',#394,.T.);
#26=FACE_BOUND('',#396,.T.);
#27=FACE_BOUND('',#397,.T.);
#28=FACE_BOUND('',#398,.T.);
#29=FACE_BOUND('',#399,.T.);
#30=FACE_BOUND('',#400,.T.);
#31=FACE_BOUND('',#411,.T.);
#32=FACE_BOUND('',#412,.T.);
#33=FACE_BOUND('',#413,.T.);
#34=FACE_BOUND('',#414,.T.);
#35=FACE_BOUND('',#415,.T.);
#36=FACE_BOUND('',#466,.T.);
#37=FACE_BOUND('',#467,.T.);
#38=FACE_BOUND('',#468,.T.);
#39=FACE_BOUND('',#469,.T.);
#40=FACE_BOUND('',#470,.T.);
#41=PLANE('',#2935);
#42=PLANE('',#2936);
#43=PLANE('',#2937);
#44=PLANE('',#2938);
#45=PLANE('',#2939);
#46=PLANE('',#2940);
#47=PLANE('',#2941);
#48=PLANE('',#2943);
#49=PLANE('',#2945);
#50=PLANE('',#2946);
#51=PLANE('',#2948);
#52=PLANE('',#2950);
#53=PLANE('',#2951);
#54=PLANE('',#2953);
#55=PLANE('',#2960);
#56=PLANE('',#2962);
#57=PLANE('',#2963);
#58=PLANE('',#2965);
#59=PLANE('',#2972);
#60=PLANE('',#2974);
#61=PLANE('',#2975);
#62=PLANE('',#2978);
#63=PLANE('',#2980);
#64=PLANE('',#2982);
#65=PLANE('',#2984);
#66=PLANE('',#2986);
#67=PLANE('',#2991);
#68=PLANE('',#2994);
#69=PLANE('',#2995);
#70=PLANE('',#3000);
#71=PLANE('',#3011);
#72=PLANE('',#3014);
#73=PLANE('',#3015);
#74=PLANE('',#3029);
#75=PLANE('',#3031);
#76=PLANE('',#3036);
#77=PLANE('',#3037);
#78=PLANE('',#3041);
#79=PLANE('',#3045);
#80=PLANE('',#3049);
#81=PLANE('',#3053);
#82=PLANE('',#3057);
#83=PLANE('',#3062);
#84=PLANE('',#3067);
#85=PLANE('',#3072);
#86=PLANE('',#3086);
#87=PLANE('',#3089);
#88=PLANE('',#3092);
#89=PLANE('',#3095);
#90=PLANE('',#3098);
#91=PLANE('',#3102);
#92=PLANE('',#3106);
#93=PLANE('',#3110);
#94=PLANE('',#3114);
#95=PLANE('',#3118);
#96=PLANE('',#3122);
#97=PLANE('',#3126);
#98=PLANE('',#3130);
#99=PLANE('',#3131);
#100=PLANE('',#3148);
#101=PLANE('',#3149);
#102=PLANE('',#3150);
#103=PLANE('',#3151);
#104=PLANE('',#3152);
#105=PLANE('',#3156);
#106=PLANE('',#3157);
#107=PLANE('',#3158);
#108=PLANE('',#3159);
#109=PLANE('',#3160);
#110=PLANE('',#3165);
#111=PLANE('',#3166);
#112=PLANE('',#3167);
#113=PLANE('',#3180);
#114=PLANE('',#3181);
#115=PLANE('',#3182);
#116=PLANE('',#3183);
#117=PLANE('',#3184);
#118=PLANE('',#3185);
#119=PLANE('',#3190);
#120=PLANE('',#3196);
#121=PLANE('',#3198);
#122=PLANE('',#3199);
#123=PLANE('',#3200);
#124=PLANE('',#3202);
#125=PLANE('',#3207);
#126=PLANE('',#3210);
#127=PLANE('',#3213);
#128=PLANE('',#3215);
#129=PLANE('',#3218);
#130=PLANE('',#3222);
#131=PLANE('',#3225);
#132=PLANE('',#3226);
#133=FACE_OUTER_BOUND('',#290,.T.);
#134=FACE_OUTER_BOUND('',#291,.T.);
#135=FACE_OUTER_BOUND('',#292,.T.);
#136=FACE_OUTER_BOUND('',#293,.T.);
#137=FACE_OUTER_BOUND('',#294,.T.);
#138=FACE_OUTER_BOUND('',#295,.T.);
#139=FACE_OUTER_BOUND('',#296,.T.);
#140=FACE_OUTER_BOUND('',#297,.T.);
#141=FACE_OUTER_BOUND('',#298,.T.);
#142=FACE_OUTER_BOUND('',#299,.T.);
#143=FACE_OUTER_BOUND('',#300,.T.);
#144=FACE_OUTER_BOUND('',#301,.T.);
#145=FACE_OUTER_BOUND('',#302,.T.);
#146=FACE_OUTER_BOUND('',#303,.T.);
#147=FACE_OUTER_BOUND('',#304,.T.);
#148=FACE_OUTER_BOUND('',#305,.T.);
#149=FACE_OUTER_BOUND('',#306,.T.);
#150=FACE_OUTER_BOUND('',#307,.T.);
#151=FACE_OUTER_BOUND('',#308,.T.);
#152=FACE_OUTER_BOUND('',#309,.T.);
#153=FACE_OUTER_BOUND('',#310,.T.);
#154=FACE_OUTER_BOUND('',#311,.T.);
#155=FACE_OUTER_BOUND('',#312,.T.);
#156=FACE_OUTER_BOUND('',#313,.T.);
#157=FACE_OUTER_BOUND('',#314,.T.);
#158=FACE_OUTER_BOUND('',#315,.T.);
#159=FACE_OUTER_BOUND('',#316,.T.);
#160=FACE_OUTER_BOUND('',#317,.T.);
#161=FACE_OUTER_BOUND('',#318,.T.);
#162=FACE_OUTER_BOUND('',#319,.T.);
#163=FACE_OUTER_BOUND('',#320,.T.);
#164=FACE_OUTER_BOUND('',#321,.T.);
#165=FACE_OUTER_BOUND('',#322,.T.);
#166=FACE_OUTER_BOUND('',#323,.T.);
#167=FACE_OUTER_BOUND('',#324,.T.);
#168=FACE_OUTER_BOUND('',#325,.T.);
#169=FACE_OUTER_BOUND('',#326,.T.);
#170=FACE_OUTER_BOUND('',#327,.T.);
#171=FACE_OUTER_BOUND('',#328,.T.);
#172=FACE_OUTER_BOUND('',#329,.T.);
#173=FACE_OUTER_BOUND('',#330,.T.);
#174=FACE_OUTER_BOUND('',#331,.T.);
#175=FACE_OUTER_BOUND('',#332,.T.);
#176=FACE_OUTER_BOUND('',#333,.T.);
#177=FACE_OUTER_BOUND('',#334,.T.);
#178=FACE_OUTER_BOUND('',#335,.T.);
#179=FACE_OUTER_BOUND('',#336,.T.);
#180=FACE_OUTER_BOUND('',#337,.T.);
#181=FACE_OUTER_BOUND('',#338,.T.);
#182=FACE_OUTER_BOUND('',#339,.T.);
#183=FACE_OUTER_BOUND('',#340,.T.);
#184=FACE_OUTER_BOUND('',#341,.T.);
#185=FACE_OUTER_BOUND('',#342,.T.);
#186=FACE_OUTER_BOUND('',#343,.T.);
#187=FACE_OUTER_BOUND('',#344,.T.);
#188=FACE_OUTER_BOUND('',#345,.T.);
#189=FACE_OUTER_BOUND('',#346,.T.);
#190=FACE_OUTER_BOUND('',#347,.T.);
#191=FACE_OUTER_BOUND('',#348,.T.);
#192=FACE_OUTER_BOUND('',#349,.T.);
#193=FACE_OUTER_BOUND('',#351,.T.);
#194=FACE_OUTER_BOUND('',#352,.T.);
#195=FACE_OUTER_BOUND('',#354,.T.);
#196=FACE_OUTER_BOUND('',#355,.T.);
#197=FACE_OUTER_BOUND('',#357,.T.);
#198=FACE_OUTER_BOUND('',#358,.T.);
#199=FACE_OUTER_BOUND('',#360,.T.);
#200=FACE_OUTER_BOUND('',#361,.T.);
#201=FACE_OUTER_BOUND('',#362,.T.);
#202=FACE_OUTER_BOUND('',#363,.T.);
#203=FACE_OUTER_BOUND('',#364,.T.);
#204=FACE_OUTER_BOUND('',#365,.T.);
#205=FACE_OUTER_BOUND('',#366,.T.);
#206=FACE_OUTER_BOUND('',#367,.T.);
#207=FACE_OUTER_BOUND('',#368,.T.);
#208=FACE_OUTER_BOUND('',#369,.T.);
#209=FACE_OUTER_BOUND('',#370,.T.);
#210=FACE_OUTER_BOUND('',#371,.T.);
#211=FACE_OUTER_BOUND('',#372,.T.);
#212=FACE_OUTER_BOUND('',#373,.T.);
#213=FACE_OUTER_BOUND('',#374,.T.);
#214=FACE_OUTER_BOUND('',#375,.T.);
#215=FACE_OUTER_BOUND('',#376,.T.);
#216=FACE_OUTER_BOUND('',#377,.T.);
#217=FACE_OUTER_BOUND('',#378,.T.);
#218=FACE_OUTER_BOUND('',#379,.T.);
#219=FACE_OUTER_BOUND('',#380,.T.);
#220=FACE_OUTER_BOUND('',#381,.T.);
#221=FACE_OUTER_BOUND('',#383,.T.);
#222=FACE_OUTER_BOUND('',#384,.T.);
#223=FACE_OUTER_BOUND('',#386,.T.);
#224=FACE_OUTER_BOUND('',#387,.T.);
#225=FACE_OUTER_BOUND('',#389,.T.);
#226=FACE_OUTER_BOUND('',#390,.T.);
#227=FACE_OUTER_BOUND('',#392,.T.);
#228=FACE_OUTER_BOUND('',#393,.T.);
#229=FACE_OUTER_BOUND('',#395,.T.);
#230=FACE_OUTER_BOUND('',#401,.T.);
#231=FACE_OUTER_BOUND('',#402,.T.);
#232=FACE_OUTER_BOUND('',#403,.T.);
#233=FACE_OUTER_BOUND('',#404,.T.);
#234=FACE_OUTER_BOUND('',#405,.T.);
#235=FACE_OUTER_BOUND('',#406,.T.);
#236=FACE_OUTER_BOUND('',#407,.T.);
#237=FACE_OUTER_BOUND('',#408,.T.);
#238=FACE_OUTER_BOUND('',#409,.T.);
#239=FACE_OUTER_BOUND('',#410,.T.);
#240=FACE_OUTER_BOUND('',#416,.T.);
#241=FACE_OUTER_BOUND('',#417,.T.);
#242=FACE_OUTER_BOUND('',#418,.T.);
#243=FACE_OUTER_BOUND('',#419,.T.);
#244=FACE_OUTER_BOUND('',#420,.T.);
#245=FACE_OUTER_BOUND('',#421,.T.);
#246=FACE_OUTER_BOUND('',#422,.T.);
#247=FACE_OUTER_BOUND('',#423,.T.);
#248=FACE_OUTER_BOUND('',#424,.T.);
#249=FACE_OUTER_BOUND('',#425,.T.);
#250=FACE_OUTER_BOUND('',#426,.T.);
#251=FACE_OUTER_BOUND('',#427,.T.);
#252=FACE_OUTER_BOUND('',#428,.T.);
#253=FACE_OUTER_BOUND('',#429,.T.);
#254=FACE_OUTER_BOUND('',#430,.T.);
#255=FACE_OUTER_BOUND('',#431,.T.);
#256=FACE_OUTER_BOUND('',#432,.T.);
#257=FACE_OUTER_BOUND('',#433,.T.);
#258=FACE_OUTER_BOUND('',#434,.T.);
#259=FACE_OUTER_BOUND('',#435,.T.);
#260=FACE_OUTER_BOUND('',#436,.T.);
#261=FACE_OUTER_BOUND('',#437,.T.);
#262=FACE_OUTER_BOUND('',#438,.T.);
#263=FACE_OUTER_BOUND('',#439,.T.);
#264=FACE_OUTER_BOUND('',#440,.T.);
#265=FACE_OUTER_BOUND('',#441,.T.);
#266=FACE_OUTER_BOUND('',#442,.T.);
#267=FACE_OUTER_BOUND('',#443,.T.);
#268=FACE_OUTER_BOUND('',#444,.T.);
#269=FACE_OUTER_BOUND('',#445,.T.);
#270=FACE_OUTER_BOUND('',#446,.T.);
#271=FACE_OUTER_BOUND('',#447,.T.);
#272=FACE_OUTER_BOUND('',#448,.T.);
#273=FACE_OUTER_BOUND('',#449,.T.);
#274=FACE_OUTER_BOUND('',#450,.T.);
#275=FACE_OUTER_BOUND('',#451,.T.);
#276=FACE_OUTER_BOUND('',#452,.T.);
#277=FACE_OUTER_BOUND('',#453,.T.);
#278=FACE_OUTER_BOUND('',#454,.T.);
#279=FACE_OUTER_BOUND('',#455,.T.);
#280=FACE_OUTER_BOUND('',#456,.T.);
#281=FACE_OUTER_BOUND('',#457,.T.);
#282=FACE_OUTER_BOUND('',#458,.T.);
#283=FACE_OUTER_BOUND('',#459,.T.);
#284=FACE_OUTER_BOUND('',#460,.T.);
#285=FACE_OUTER_BOUND('',#461,.T.);
#286=FACE_OUTER_BOUND('',#462,.T.);
#287=FACE_OUTER_BOUND('',#463,.T.);
#288=FACE_OUTER_BOUND('',#464,.T.);
#289=FACE_OUTER_BOUND('',#465,.T.);
#290=EDGE_LOOP('',(#1840,#1841,#1842,#1843,#1844,#1845,#1846,#1847,#1848));
#291=EDGE_LOOP('',(#1849,#1850,#1851,#1852,#1853,#1854,#1855,#1856,#1857));
#292=EDGE_LOOP('',(#1858,#1859,#1860,#1861,#1862,#1863,#1864,#1865,#1866));
#293=EDGE_LOOP('',(#1867,#1868,#1869,#1870,#1871,#1872,#1873,#1874,#1875));
#294=EDGE_LOOP('',(#1876,#1877,#1878,#1879));
#295=EDGE_LOOP('',(#1880,#1881,#1882,#1883,#1884,#1885));
#296=EDGE_LOOP('',(#1886,#1887,#1888,#1889));
#297=EDGE_LOOP('',(#1890,#1891,#1892,#1893));
#298=EDGE_LOOP('',(#1894,#1895,#1896,#1897,#1898,#1899));
#299=EDGE_LOOP('',(#1900,#1901,#1902,#1903,#1904,#1905));
#300=EDGE_LOOP('',(#1906,#1907,#1908,#1909));
#301=EDGE_LOOP('',(#1910,#1911,#1912,#1913));
#302=EDGE_LOOP('',(#1914,#1915,#1916,#1917,#1918,#1919));
#303=EDGE_LOOP('',(#1920,#1921,#1922,#1923));
#304=EDGE_LOOP('',(#1924,#1925,#1926,#1927));
#305=EDGE_LOOP('',(#1928,#1929,#1930,#1931));
#306=EDGE_LOOP('',(#1932,#1933,#1934,#1935));
#307=EDGE_LOOP('',(#1936,#1937,#1938,#1939,#1940,#1941,#1942,#1943,#1944,
#1945,#1946,#1947,#1948,#1949));
#308=EDGE_LOOP('',(#1950,#1951,#1952,#1953));
#309=EDGE_LOOP('',(#1954,#1955,#1956,#1957,#1958,#1959));
#310=EDGE_LOOP('',(#1960,#1961,#1962,#1963));
#311=EDGE_LOOP('',(#1964,#1965,#1966,#1967,#1968,#1969,#1970,#1971,#1972,
#1973,#1974,#1975,#1976,#1977,#1978,#1979));
#312=EDGE_LOOP('',(#1980,#1981,#1982,#1983));
#313=EDGE_LOOP('',(#1984,#1985,#1986,#1987));
#314=EDGE_LOOP('',(#1988,#1989,#1990,#1991));
#315=EDGE_LOOP('',(#1992,#1993,#1994,#1995,#1996,#1997));
#316=EDGE_LOOP('',(#1998,#1999));
#317=EDGE_LOOP('',(#2000,#2001));
#318=EDGE_LOOP('',(#2002,#2003));
#319=EDGE_LOOP('',(#2004,#2005));
#320=EDGE_LOOP('',(#2006,#2007,#2008,#2009));
#321=EDGE_LOOP('',(#2010,#2011,#2012,#2013,#2014,#2015));
#322=EDGE_LOOP('',(#2016,#2017,#2018,#2019));
#323=EDGE_LOOP('',(#2020,#2021,#2022,#2023,#2024,#2025));
#324=EDGE_LOOP('',(#2026,#2027,#2028,#2029));
#325=EDGE_LOOP('',(#2030,#2031,#2032,#2033));
#326=EDGE_LOOP('',(#2034,#2035,#2036,#2037,#2038,#2039));
#327=EDGE_LOOP('',(#2040,#2041,#2042,#2043));
#328=EDGE_LOOP('',(#2044,#2045,#2046,#2047,#2048,#2049,#2050,#2051,#2052,
#2053,#2054,#2055));
#329=EDGE_LOOP('',(#2056,#2057,#2058,#2059,#2060,#2061,#2062,#2063,#2064,
#2065,#2066,#2067));
#330=EDGE_LOOP('',(#2068,#2069,#2070,#2071,#2072));
#331=EDGE_LOOP('',(#2073,#2074,#2075,#2076));
#332=EDGE_LOOP('',(#2077,#2078,#2079,#2080));
#333=EDGE_LOOP('',(#2081,#2082,#2083,#2084,#2085,#2086,#2087,#2088,#2089,
#2090,#2091,#2092));
#334=EDGE_LOOP('',(#2093,#2094,#2095,#2096,#2097,#2098,#2099,#2100,#2101,
#2102,#2103,#2104));
#335=EDGE_LOOP('',(#2105,#2106,#2107,#2108));
#336=EDGE_LOOP('',(#2109,#2110,#2111,#2112,#2113));
#337=EDGE_LOOP('',(#2114,#2115,#2116,#2117,#2118,#2119,#2120,#2121,#2122,
#2123,#2124,#2125,#2126,#2127,#2128,#2129));
#338=EDGE_LOOP('',(#2130,#2131,#2132,#2133));
#339=EDGE_LOOP('',(#2134,#2135,#2136,#2137));
#340=EDGE_LOOP('',(#2138,#2139,#2140,#2141));
#341=EDGE_LOOP('',(#2142));
#342=EDGE_LOOP('',(#2143,#2144,#2145,#2146));
#343=EDGE_LOOP('',(#2147));
#344=EDGE_LOOP('',(#2148,#2149,#2150,#2151));
#345=EDGE_LOOP('',(#2152));
#346=EDGE_LOOP('',(#2153,#2154,#2155,#2156));
#347=EDGE_LOOP('',(#2157));
#348=EDGE_LOOP('',(#2158,#2159,#2160,#2161));
#349=EDGE_LOOP('',(#2162));
#350=EDGE_LOOP('',(#2163));
#351=EDGE_LOOP('',(#2164,#2165,#2166,#2167));
#352=EDGE_LOOP('',(#2168));
#353=EDGE_LOOP('',(#2169));
#354=EDGE_LOOP('',(#2170,#2171,#2172,#2173));
#355=EDGE_LOOP('',(#2174));
#356=EDGE_LOOP('',(#2175));
#357=EDGE_LOOP('',(#2176,#2177,#2178,#2179));
#358=EDGE_LOOP('',(#2180));
#359=EDGE_LOOP('',(#2181));
#360=EDGE_LOOP('',(#2182,#2183,#2184,#2185));
#361=EDGE_LOOP('',(#2186,#2187,#2188,#2189));
#362=EDGE_LOOP('',(#2190,#2191,#2192,#2193));
#363=EDGE_LOOP('',(#2194,#2195,#2196,#2197));
#364=EDGE_LOOP('',(#2198,#2199,#2200,#2201,#2202,#2203,#2204,#2205,#2206,
#2207,#2208));
#365=EDGE_LOOP('',(#2209,#2210,#2211,#2212));
#366=EDGE_LOOP('',(#2213,#2214,#2215,#2216));
#367=EDGE_LOOP('',(#2217,#2218,#2219,#2220));
#368=EDGE_LOOP('',(#2221,#2222,#2223,#2224));
#369=EDGE_LOOP('',(#2225,#2226,#2227,#2228));
#370=EDGE_LOOP('',(#2229,#2230,#2231,#2232));
#371=EDGE_LOOP('',(#2233,#2234,#2235,#2236));
#372=EDGE_LOOP('',(#2237,#2238,#2239,#2240));
#373=EDGE_LOOP('',(#2241,#2242,#2243,#2244));
#374=EDGE_LOOP('',(#2245,#2246,#2247,#2248));
#375=EDGE_LOOP('',(#2249,#2250,#2251,#2252));
#376=EDGE_LOOP('',(#2253,#2254,#2255,#2256));
#377=EDGE_LOOP('',(#2257,#2258,#2259,#2260));
#378=EDGE_LOOP('',(#2261,#2262,#2263,#2264));
#379=EDGE_LOOP('',(#2265,#2266,#2267,#2268));
#380=EDGE_LOOP('',(#2269,#2270,#2271,#2272));
#381=EDGE_LOOP('',(#2273,#2274,#2275,#2276,#2277,#2278,#2279,#2280));
#382=EDGE_LOOP('',(#2281,#2282,#2283,#2284,#2285,#2286,#2287,#2288));
#383=EDGE_LOOP('',(#2289,#2290,#2291,#2292));
#384=EDGE_LOOP('',(#2293));
#385=EDGE_LOOP('',(#2294));
#386=EDGE_LOOP('',(#2295,#2296,#2297,#2298));
#387=EDGE_LOOP('',(#2299));
#388=EDGE_LOOP('',(#2300));
#389=EDGE_LOOP('',(#2301,#2302,#2303,#2304));
#390=EDGE_LOOP('',(#2305));
#391=EDGE_LOOP('',(#2306));
#392=EDGE_LOOP('',(#2307,#2308,#2309,#2310));
#393=EDGE_LOOP('',(#2311));
#394=EDGE_LOOP('',(#2312));
#395=EDGE_LOOP('',(#2313,#2314,#2315,#2316,#2317,#2318,#2319,#2320));
#396=EDGE_LOOP('',(#2321));
#397=EDGE_LOOP('',(#2322));
#398=EDGE_LOOP('',(#2323));
#399=EDGE_LOOP('',(#2324));
#400=EDGE_LOOP('',(#2325,#2326,#2327,#2328,#2329,#2330,#2331,#2332,#2333,
#2334,#2335,#2336,#2337,#2338,#2339,#2340,#2341,#2342,#2343,#2344,#2345,
#2346,#2347,#2348,#2349,#2350,#2351,#2352,#2353,#2354,#2355,#2356,#2357,
#2358,#2359,#2360,#2361,#2362,#2363,#2364,#2365,#2366,#2367,#2368,#2369,
#2370,#2371,#2372));
#401=EDGE_LOOP('',(#2373,#2374,#2375,#2376,#2377,#2378));
#402=EDGE_LOOP('',(#2379,#2380,#2381,#2382,#2383));
#403=EDGE_LOOP('',(#2384,#2385,#2386,#2387,#2388,#2389));
#404=EDGE_LOOP('',(#2390,#2391,#2392,#2393,#2394,#2395,#2396,#2397));
#405=EDGE_LOOP('',(#2398,#2399,#2400,#2401,#2402,#2403,#2404,#2405,#2406,
#2407,#2408,#2409,#2410,#2411));
#406=EDGE_LOOP('',(#2412,#2413,#2414,#2415,#2416));
#407=EDGE_LOOP('',(#2417,#2418,#2419,#2420));
#408=EDGE_LOOP('',(#2421,#2422,#2423,#2424));
#409=EDGE_LOOP('',(#2425,#2426,#2427,#2428));
#410=EDGE_LOOP('',(#2429,#2430,#2431,#2432,#2433,#2434,#2435,#2436,#2437,
#2438,#2439,#2440,#2441,#2442,#2443,#2444));
#411=EDGE_LOOP('',(#2445,#2446,#2447,#2448,#2449,#2450,#2451,#2452));
#412=EDGE_LOOP('',(#2453));
#413=EDGE_LOOP('',(#2454));
#414=EDGE_LOOP('',(#2455));
#415=EDGE_LOOP('',(#2456));
#416=EDGE_LOOP('',(#2457,#2458,#2459,#2460,#2461));
#417=EDGE_LOOP('',(#2462,#2463,#2464,#2465));
#418=EDGE_LOOP('',(#2466,#2467,#2468,#2469,#2470,#2471));
#419=EDGE_LOOP('',(#2472,#2473,#2474,#2475));
#420=EDGE_LOOP('',(#2476,#2477,#2478,#2479));
#421=EDGE_LOOP('',(#2480,#2481,#2482,#2483));
#422=EDGE_LOOP('',(#2484,#2485,#2486,#2487));
#423=EDGE_LOOP('',(#2488,#2489,#2490,#2491));
#424=EDGE_LOOP('',(#2492,#2493,#2494,#2495));
#425=EDGE_LOOP('',(#2496,#2497,#2498,#2499));
#426=EDGE_LOOP('',(#2500,#2501,#2502,#2503));
#427=EDGE_LOOP('',(#2504,#2505,#2506,#2507));
#428=EDGE_LOOP('',(#2508,#2509,#2510,#2511));
#429=EDGE_LOOP('',(#2512,#2513,#2514,#2515,#2516,#2517,#2518,#2519));
#430=EDGE_LOOP('',(#2520,#2521,#2522,#2523));
#431=EDGE_LOOP('',(#2524,#2525,#2526,#2527));
#432=EDGE_LOOP('',(#2528,#2529,#2530,#2531));
#433=EDGE_LOOP('',(#2532,#2533,#2534,#2535));
#434=EDGE_LOOP('',(#2536,#2537,#2538,#2539));
#435=EDGE_LOOP('',(#2540,#2541,#2542,#2543));
#436=EDGE_LOOP('',(#2544,#2545,#2546,#2547));
#437=EDGE_LOOP('',(#2548,#2549,#2550,#2551));
#438=EDGE_LOOP('',(#2552,#2553,#2554,#2555));
#439=EDGE_LOOP('',(#2556,#2557,#2558,#2559));
#440=EDGE_LOOP('',(#2560,#2561,#2562,#2563));
#441=EDGE_LOOP('',(#2564,#2565,#2566,#2567));
#442=EDGE_LOOP('',(#2568,#2569,#2570,#2571));
#443=EDGE_LOOP('',(#2572,#2573,#2574,#2575));
#444=EDGE_LOOP('',(#2576,#2577,#2578,#2579));
#445=EDGE_LOOP('',(#2580,#2581,#2582,#2583,#2584));
#446=EDGE_LOOP('',(#2585,#2586,#2587,#2588,#2589));
#447=EDGE_LOOP('',(#2590,#2591,#2592,#2593));
#448=EDGE_LOOP('',(#2594,#2595,#2596,#2597));
#449=EDGE_LOOP('',(#2598,#2599,#2600,#2601));
#450=EDGE_LOOP('',(#2602,#2603,#2604,#2605));
#451=EDGE_LOOP('',(#2606,#2607,#2608,#2609));
#452=EDGE_LOOP('',(#2610,#2611,#2612,#2613));
#453=EDGE_LOOP('',(#2614,#2615,#2616,#2617));
#454=EDGE_LOOP('',(#2618,#2619,#2620,#2621,#2622));
#455=EDGE_LOOP('',(#2623,#2624,#2625,#2626));
#456=EDGE_LOOP('',(#2627,#2628,#2629,#2630));
#457=EDGE_LOOP('',(#2631,#2632,#2633,#2634));
#458=EDGE_LOOP('',(#2635,#2636,#2637,#2638));
#459=EDGE_LOOP('',(#2639,#2640,#2641,#2642));
#460=EDGE_LOOP('',(#2643,#2644,#2645,#2646));
#461=EDGE_LOOP('',(#2647,#2648,#2649,#2650));
#462=EDGE_LOOP('',(#2651,#2652,#2653,#2654));
#463=EDGE_LOOP('',(#2655,#2656,#2657,#2658));
#464=EDGE_LOOP('',(#2659,#2660,#2661,#2662));
#465=EDGE_LOOP('',(#2663,#2664,#2665,#2666,#2667,#2668,#2669,#2670));
#466=EDGE_LOOP('',(#2671));
#467=EDGE_LOOP('',(#2672));
#468=EDGE_LOOP('',(#2673));
#469=EDGE_LOOP('',(#2674));
#470=EDGE_LOOP('',(#2675));
#471=LINE('',#4126,#728);
#472=LINE('',#4130,#729);
#473=LINE('',#4134,#730);
#474=LINE('',#4137,#731);
#475=LINE('',#4145,#732);
#476=LINE('',#4149,#733);
#477=LINE('',#4153,#734);
#478=LINE('',#4156,#735);
#479=LINE('',#4164,#736);
#480=LINE('',#4168,#737);
#481=LINE('',#4172,#738);
#482=LINE('',#4175,#739);
#483=LINE('',#4183,#740);
#484=LINE('',#4187,#741);
#485=LINE('',#4191,#742);
#486=LINE('',#4194,#743);
#487=LINE('',#4197,#744);
#488=LINE('',#4199,#745);
#489=LINE('',#4200,#746);
#490=LINE('',#4203,#747);
#491=LINE('',#4205,#748);
#492=LINE('',#4207,#749);
#493=LINE('',#4209,#750);
#494=LINE('',#4210,#751);
#495=LINE('',#4213,#752);
#496=LINE('',#4215,#753);
#497=LINE('',#4216,#754);
#498=LINE('',#4219,#755);
#499=LINE('',#4221,#756);
#500=LINE('',#4222,#757);
#501=LINE('',#4225,#758);
#502=LINE('',#4227,#759);
#503=LINE('',#4229,#760);
#504=LINE('',#4231,#761);
#505=LINE('',#4232,#762);
#506=LINE('',#4235,#763);
#507=LINE('',#4237,#764);
#508=LINE('',#4239,#765);
#509=LINE('',#4241,#766);
#510=LINE('',#4242,#767);
#511=LINE('',#4245,#768);
#512=LINE('',#4248,#769);
#513=LINE('',#4251,#770);
#514=LINE('',#4255,#771);
#515=LINE('',#4257,#772);
#516=LINE('',#4259,#773);
#517=LINE('',#4260,#774);
#518=LINE('',#4263,#775);
#519=LINE('',#4269,#776);
#520=LINE('',#4270,#777);
#521=LINE('',#4273,#778);
#522=LINE('',#4276,#779);
#523=LINE('',#4283,#780);
#524=LINE('',#4288,#781);
#525=LINE('',#4290,#782);
#526=LINE('',#4294,#783);
#527=LINE('',#4297,#784);
#528=LINE('',#4300,#785);
#529=LINE('',#4304,#786);
#530=LINE('',#4306,#787);
#531=LINE('',#4308,#788);
#532=LINE('',#4309,#789);
#533=LINE('',#4312,#790);
#534=LINE('',#4318,#791);
#535=LINE('',#4321,#792);
#536=LINE('',#4323,#793);
#537=LINE('',#4327,#794);
#538=LINE('',#4331,#795);
#539=LINE('',#4335,#796);
#540=LINE('',#4341,#797);
#541=LINE('',#4342,#798);
#542=LINE('',#4346,#799);
#543=LINE('',#4348,#800);
#544=LINE('',#4350,#801);
#545=LINE('',#4351,#802);
#546=LINE('',#4353,#803);
#547=LINE('',#4355,#804);
#548=LINE('',#4358,#805);
#549=LINE('',#4363,#806);
#550=LINE('',#4368,#807);
#551=LINE('',#4375,#808);
#552=LINE('',#4378,#809);
#553=LINE('',#4380,#810);
#554=LINE('',#4381,#811);
#555=LINE('',#4387,#812);
#556=LINE('',#4391,#813);
#557=LINE('',#4394,#814);
#558=LINE('',#4397,#815);
#559=LINE('',#4399,#816);
#560=LINE('',#4400,#817);
#561=LINE('',#4403,#818);
#562=LINE('',#4406,#819);
#563=LINE('',#4407,#820);
#564=LINE('',#4411,#821);
#565=LINE('',#4413,#822);
#566=LINE('',#4414,#823);
#567=LINE('',#4420,#824);
#568=LINE('',#4424,#825);
#569=LINE('',#4427,#826);
#570=LINE('',#4429,#827);
#571=LINE('',#4430,#828);
#572=LINE('',#4434,#829);
#573=LINE('',#4438,#830);
#574=LINE('',#4442,#831);
#575=LINE('',#4448,#832);
#576=LINE('',#4452,#833);
#577=LINE('',#4455,#834);
#578=LINE('',#4459,#835);
#579=LINE('',#4463,#836);
#580=LINE('',#4467,#837);
#581=LINE('',#4468,#838);
#582=LINE('',#4470,#839);
#583=LINE('',#4475,#840);
#584=LINE('',#4479,#841);
#585=LINE('',#4482,#842);
#586=LINE('',#4487,#843);
#587=LINE('',#4491,#844);
#588=LINE('',#4495,#845);
#589=LINE('',#4501,#846);
#590=LINE('',#4505,#847);
#591=LINE('',#4508,#848);
#592=LINE('',#4511,#849);
#593=LINE('',#4515,#850);
#594=LINE('',#4518,#851);
#595=LINE('',#4520,#852);
#596=LINE('',#4523,#853);
#597=LINE('',#4525,#854);
#598=LINE('',#4528,#855);
#599=LINE('',#4531,#856);
#600=LINE('',#4532,#857);
#601=LINE('',#4534,#858);
#602=LINE('',#4539,#859);
#603=LINE('',#4546,#860);
#604=LINE('',#4553,#861);
#605=LINE('',#4560,#862);
#606=LINE('',#4567,#863);
#607=LINE('',#4576,#864);
#608=LINE('',#4585,#865);
#609=LINE('',#4594,#866);
#610=LINE('',#4602,#867);
#611=LINE('',#4606,#868);
#612=LINE('',#4610,#869);
#613=LINE('',#4614,#870);
#614=LINE('',#4875,#871);
#615=LINE('',#4879,#872);
#616=LINE('',#4883,#873);
#617=LINE('',#4887,#874);
#618=LINE('',#4890,#875);
#619=LINE('',#4893,#876);
#620=LINE('',#4895,#877);
#621=LINE('',#4896,#878);
#622=LINE('',#4899,#879);
#623=LINE('',#4903,#880);
#624=LINE('',#4904,#881);
#625=LINE('',#4907,#882);
#626=LINE('',#4911,#883);
#627=LINE('',#4912,#884);
#628=LINE('',#4915,#885);
#629=LINE('',#4919,#886);
#630=LINE('',#4920,#887);
#631=LINE('',#4926,#888);
#632=LINE('',#4928,#889);
#633=LINE('',#4930,#890);
#634=LINE('',#4931,#891);
#635=LINE('',#4937,#892);
#636=LINE('',#4940,#893);
#637=LINE('',#4942,#894);
#638=LINE('',#4943,#895);
#639=LINE('',#4949,#896);
#640=LINE('',#4952,#897);
#641=LINE('',#4954,#898);
#642=LINE('',#4955,#899);
#643=LINE('',#4960,#900);
#644=LINE('',#4964,#901);
#645=LINE('',#4966,#902);
#646=LINE('',#4967,#903);
#647=LINE('',#4976,#904);
#648=LINE('',#4983,#905);
#649=LINE('',#4990,#906);
#650=LINE('',#4997,#907);
#651=LINE('',#5003,#908);
#652=LINE('',#5007,#909);
#653=LINE('',#5011,#910);
#654=LINE('',#5015,#911);
#655=LINE('',#5019,#912);
#656=LINE('',#5023,#913);
#657=LINE('',#5026,#914);
#658=LINE('',#5029,#915);
#659=LINE('',#5033,#916);
#660=LINE('',#5037,#917);
#661=LINE('',#5041,#918);
#662=LINE('',#5044,#919);
#663=LINE('',#5047,#920);
#664=LINE('',#5051,#921);
#665=LINE('',#5054,#922);
#666=LINE('',#5056,#923);
#667=LINE('',#5057,#924);
#668=LINE('',#5060,#925);
#669=LINE('',#5061,#926);
#670=LINE('',#5063,#927);
#671=LINE('',#5064,#928);
#672=LINE('',#5067,#929);
#673=LINE('',#5069,#930);
#674=LINE('',#5070,#931);
#675=LINE('',#5071,#932);
#676=LINE('',#5074,#933);
#677=LINE('',#5077,#934);
#678=LINE('',#5081,#935);
#679=LINE('',#5084,#936);
#680=LINE('',#5087,#937);
#681=LINE('',#5088,#938);
#682=LINE('',#5090,#939);
#683=LINE('',#5091,#940);
#684=LINE('',#5094,#941);
#685=LINE('',#5095,#942);
#686=LINE('',#5097,#943);
#687=LINE('',#5099,#944);
#688=LINE('',#5103,#945);
#689=LINE('',#5106,#946);
#690=LINE('',#5110,#947);
#691=LINE('',#5113,#948);
#692=LINE('',#5117,#949);
#693=LINE('',#5119,#950);
#694=LINE('',#5120,#951);
#695=LINE('',#5124,#952);
#696=LINE('',#5127,#953);
#697=LINE('',#5131,#954);
#698=LINE('',#5136,#955);
#699=LINE('',#5140,#956);
#700=LINE('',#5142,#957);
#701=LINE('',#5146,#958);
#702=LINE('',#5148,#959);
#703=LINE('',#5150,#960);
#704=LINE('',#5153,#961);
#705=LINE('',#5155,#962);
#706=LINE('',#5160,#963);
#707=LINE('',#5162,#964);
#708=LINE('',#5168,#965);
#709=LINE('',#5170,#966);
#710=LINE('',#5173,#967);
#711=LINE('',#5184,#968);
#712=LINE('',#5186,#969);
#713=LINE('',#5187,#970);
#714=LINE('',#5190,#971);
#715=LINE('',#5194,#972);
#716=LINE('',#5195,#973);
#717=LINE('',#5198,#974);
#718=LINE('',#5201,#975);
#719=LINE('',#5203,#976);
#720=LINE('',#5205,#977);
#721=LINE('',#5208,#978);
#722=LINE('',#5210,#979);
#723=LINE('',#5215,#980);
#724=LINE('',#5218,#981);
#725=LINE('',#5219,#982);
#726=LINE('',#5223,#983);
#727=LINE('',#5225,#984);
#728=VECTOR('',#3235,1.);
#729=VECTOR('',#3238,1.);
#730=VECTOR('',#3241,1.);
#731=VECTOR('',#3244,1.);
#732=VECTOR('',#3251,1.);
#733=VECTOR('',#3254,1.);
#734=VECTOR('',#3257,1.);
#735=VECTOR('',#3260,1.);
#736=VECTOR('',#3267,1.);
#737=VECTOR('',#3270,1.);
#738=VECTOR('',#3273,1.);
#739=VECTOR('',#3276,1.);
#740=VECTOR('',#3283,1.);
#741=VECTOR('',#3286,1.);
#742=VECTOR('',#3289,1.);
#743=VECTOR('',#3292,1.);
#744=VECTOR('',#3295,1.);
#745=VECTOR('',#3296,1.);
#746=VECTOR('',#3297,1.);
#747=VECTOR('',#3300,1.);
#748=VECTOR('',#3301,1.);
#749=VECTOR('',#3302,1.);
#750=VECTOR('',#3303,1.);
#751=VECTOR('',#3304,1.);
#752=VECTOR('',#3307,1.);
#753=VECTOR('',#3308,1.);
#754=VECTOR('',#3309,1.);
#755=VECTOR('',#3312,1.);
#756=VECTOR('',#3313,1.);
#757=VECTOR('',#3314,1.);
#758=VECTOR('',#3317,1.);
#759=VECTOR('',#3318,1.);
#760=VECTOR('',#3319,1.);
#761=VECTOR('',#3320,1.);
#762=VECTOR('',#3321,1.);
#763=VECTOR('',#3324,1.);
#764=VECTOR('',#3325,1.);
#765=VECTOR('',#3326,1.);
#766=VECTOR('',#3327,1.);
#767=VECTOR('',#3328,1.);
#768=VECTOR('',#3331,1.);
#769=VECTOR('',#3334,1.);
#770=VECTOR('',#3337,1.);
#771=VECTOR('',#3342,1.);
#772=VECTOR('',#3343,1.);
#773=VECTOR('',#3344,1.);
#774=VECTOR('',#3345,1.);
#775=VECTOR('',#3348,1.);
#776=VECTOR('',#3357,1.);
#777=VECTOR('',#3358,1.);
#778=VECTOR('',#3361,1.);
#779=VECTOR('',#3364,1.);
#780=VECTOR('',#3371,1.);
#781=VECTOR('',#3376,1.);
#782=VECTOR('',#3377,1.);
#783=VECTOR('',#3380,1.);
#784=VECTOR('',#3383,1.);
#785=VECTOR('',#3386,1.);
#786=VECTOR('',#3391,1.);
#787=VECTOR('',#3392,1.);
#788=VECTOR('',#3393,1.);
#789=VECTOR('',#3394,1.);
#790=VECTOR('',#3397,1.);
#791=VECTOR('',#3404,1.);
#792=VECTOR('',#3407,1.);
#793=VECTOR('',#3408,1.);
#794=VECTOR('',#3411,1.);
#795=VECTOR('',#3414,1.);
#796=VECTOR('',#3417,1.);
#797=VECTOR('',#3426,1.);
#798=VECTOR('',#3427,1.);
#799=VECTOR('',#3430,1.);
#800=VECTOR('',#3431,1.);
#801=VECTOR('',#3432,1.);
#802=VECTOR('',#3433,1.);
#803=VECTOR('',#3436,1.);
#804=VECTOR('',#3437,1.);
#805=VECTOR('',#3440,1.);
#806=VECTOR('',#3445,1.);
#807=VECTOR('',#3450,1.);
#808=VECTOR('',#3459,1.);
#809=VECTOR('',#3462,1.);
#810=VECTOR('',#3463,1.);
#811=VECTOR('',#3464,1.);
#812=VECTOR('',#3469,1.);
#813=VECTOR('',#3472,1.);
#814=VECTOR('',#3475,1.);
#815=VECTOR('',#3478,1.);
#816=VECTOR('',#3479,1.);
#817=VECTOR('',#3480,1.);
#818=VECTOR('',#3483,1.);
#819=VECTOR('',#3486,1.);
#820=VECTOR('',#3487,1.);
#821=VECTOR('',#3492,1.);
#822=VECTOR('',#3493,1.);
#823=VECTOR('',#3494,1.);
#824=VECTOR('',#3499,1.);
#825=VECTOR('',#3502,1.);
#826=VECTOR('',#3505,1.);
#827=VECTOR('',#3508,1.);
#828=VECTOR('',#3509,1.);
#829=VECTOR('',#3514,1.);
#830=VECTOR('',#3517,1.);
#831=VECTOR('',#3520,1.);
#832=VECTOR('',#3527,1.);
#833=VECTOR('',#3530,1.);
#834=VECTOR('',#3533,1.);
#835=VECTOR('',#3538,1.);
#836=VECTOR('',#3541,1.);
#837=VECTOR('',#3546,1.);
#838=VECTOR('',#3547,1.);
#839=VECTOR('',#3550,1.);
#840=VECTOR('',#3555,1.);
#841=VECTOR('',#3558,1.);
#842=VECTOR('',#3561,1.);
#843=VECTOR('',#3568,1.);
#844=VECTOR('',#3571,1.);
#845=VECTOR('',#3574,1.);
#846=VECTOR('',#3581,1.);
#847=VECTOR('',#3586,1.);
#848=VECTOR('',#3589,1.);
#849=VECTOR('',#3592,1.);
#850=VECTOR('',#3595,1.);
#851=VECTOR('',#3598,1.);
#852=VECTOR('',#3599,1.);
#853=VECTOR('',#3602,1.);
#854=VECTOR('',#3603,1.);
#855=VECTOR('',#3606,1.);
#856=VECTOR('',#3609,1.);
#857=VECTOR('',#3610,1.);
#858=VECTOR('',#3613,1.);
#859=VECTOR('',#3618,0.2);
#860=VECTOR('',#3627,0.2);
#861=VECTOR('',#3636,0.2);
#862=VECTOR('',#3645,0.2);
#863=VECTOR('',#3654,0.32);
#864=VECTOR('',#3665,0.32);
#865=VECTOR('',#3676,0.32);
#866=VECTOR('',#3687,0.32);
#867=VECTOR('',#3698,0.17);
#868=VECTOR('',#3703,0.17);
#869=VECTOR('',#3708,0.17);
#870=VECTOR('',#3713,0.17);
#871=VECTOR('',#3714,0.0740223277126566);
#872=VECTOR('',#3717,1.);
#873=VECTOR('',#3720,1.);
#874=VECTOR('',#3723,1.);
#875=VECTOR('',#3726,1.);
#876=VECTOR('',#3729,1.);
#877=VECTOR('',#3730,1.);
#878=VECTOR('',#3731,1.);
#879=VECTOR('',#3734,1.);
#880=VECTOR('',#3739,1.);
#881=VECTOR('',#3740,1.);
#882=VECTOR('',#3743,1.);
#883=VECTOR('',#3748,1.);
#884=VECTOR('',#3749,1.);
#885=VECTOR('',#3752,1.);
#886=VECTOR('',#3757,1.);
#887=VECTOR('',#3758,1.);
#888=VECTOR('',#3765,1.);
#889=VECTOR('',#3766,1.);
#890=VECTOR('',#3767,1.);
#891=VECTOR('',#3768,1.);
#892=VECTOR('',#3775,1.);
#893=VECTOR('',#3778,1.);
#894=VECTOR('',#3779,1.);
#895=VECTOR('',#3780,1.);
#896=VECTOR('',#3787,1.);
#897=VECTOR('',#3790,1.);
#898=VECTOR('',#3791,1.);
#899=VECTOR('',#3792,1.);
#900=VECTOR('',#3797,1.);
#901=VECTOR('',#3802,1.);
#902=VECTOR('',#3803,1.);
#903=VECTOR('',#3804,1.);
#904=VECTOR('',#3817,0.45);
#905=VECTOR('',#3826,0.45);
#906=VECTOR('',#3835,0.45);
#907=VECTOR('',#3844,0.45);
#908=VECTOR('',#3851,1.);
#909=VECTOR('',#3854,1.);
#910=VECTOR('',#3857,1.);
#911=VECTOR('',#3860,1.);
#912=VECTOR('',#3865,1.);
#913=VECTOR('',#3868,1.);
#914=VECTOR('',#3871,1.);
#915=VECTOR('',#3874,1.);
#916=VECTOR('',#3877,1.);
#917=VECTOR('',#3882,1.);
#918=VECTOR('',#3885,1.);
#919=VECTOR('',#3888,1.);
#920=VECTOR('',#3891,1.);
#921=VECTOR('',#3894,1.);
#922=VECTOR('',#3897,1.);
#923=VECTOR('',#3900,1.);
#924=VECTOR('',#3901,1.);
#925=VECTOR('',#3904,1.);
#926=VECTOR('',#3905,1.);
#927=VECTOR('',#3908,1.);
#928=VECTOR('',#3909,1.);
#929=VECTOR('',#3912,1.);
#930=VECTOR('',#3913,1.);
#931=VECTOR('',#3914,1.);
#932=VECTOR('',#3915,1.);
#933=VECTOR('',#3918,1.);
#934=VECTOR('',#3921,1.);
#935=VECTOR('',#3924,1.);
#936=VECTOR('',#3927,1.);
#937=VECTOR('',#3930,1.);
#938=VECTOR('',#3931,1.);
#939=VECTOR('',#3934,1.);
#940=VECTOR('',#3935,1.);
#941=VECTOR('',#3940,1.);
#942=VECTOR('',#3941,1.);
#943=VECTOR('',#3944,1.);
#944=VECTOR('',#3945,1.);
#945=VECTOR('',#3948,1.);
#946=VECTOR('',#3951,1.);
#947=VECTOR('',#3954,1.);
#948=VECTOR('',#3959,1.);
#949=VECTOR('',#3964,1.);
#950=VECTOR('',#3965,1.);
#951=VECTOR('',#3966,1.);
#952=VECTOR('',#3971,1.);
#953=VECTOR('',#3974,1.);
#954=VECTOR('',#3979,1.);
#955=VECTOR('',#3986,1.);
#956=VECTOR('',#3991,1.);
#957=VECTOR('',#3992,1.);
#958=VECTOR('',#3999,1.);
#959=VECTOR('',#4002,1.);
#960=VECTOR('',#4005,1.);
#961=VECTOR('',#4010,1.);
#962=VECTOR('',#4013,1.);
#963=VECTOR('',#4022,1.);
#964=VECTOR('',#4025,1.);
#965=VECTOR('',#4036,1.);
#966=VECTOR('',#4039,1.);
#967=VECTOR('',#4044,1.);
#968=VECTOR('',#4063,1.);
#969=VECTOR('',#4064,1.);
#970=VECTOR('',#4065,1.);
#971=VECTOR('',#4068,1.);
#972=VECTOR('',#4073,1.);
#973=VECTOR('',#4074,1.);
#974=VECTOR('',#4077,1.);
#975=VECTOR('',#4082,1.);
#976=VECTOR('',#4085,1.);
#977=VECTOR('',#4088,1.);
#978=VECTOR('',#4093,1.);
#979=VECTOR('',#4096,1.);
#980=VECTOR('',#4103,1.);
#981=VECTOR('',#4106,1.);
#982=VECTOR('',#4107,1.);
#983=VECTOR('',#4112,1.);
#984=VECTOR('',#4115,1.);
#985=CIRCLE('',#2912,0.5);
#986=CIRCLE('',#2913,0.5);
#987=CIRCLE('',#2914,0.5);
#988=CIRCLE('',#2915,0.5);
#989=CIRCLE('',#2916,0.5);
#990=CIRCLE('',#2918,0.5);
#991=CIRCLE('',#2919,0.5);
#992=CIRCLE('',#2920,0.5);
#993=CIRCLE('',#2921,0.5);
#994=CIRCLE('',#2922,0.5);
#995=CIRCLE('',#2924,0.5);
#996=CIRCLE('',#2925,0.5);
#997=CIRCLE('',#2926,0.5);
#998=CIRCLE('',#2927,0.5);
#999=CIRCLE('',#2928,0.5);
#1000=CIRCLE('',#2930,0.5);
#1001=CIRCLE('',#2931,0.5);
#1002=CIRCLE('',#2932,0.5);
#1003=CIRCLE('',#2933,0.5);
#1004=CIRCLE('',#2934,0.5);
#1005=CIRCLE('',#2942,0.45);
#1006=CIRCLE('',#2944,0.45);
#1007=CIRCLE('',#2947,0.5);
#1008=CIRCLE('',#2949,0.5);
#1009=CIRCLE('',#2952,0.45);
#1010=CIRCLE('',#2954,0.399999999999999);
#1011=CIRCLE('',#2955,0.0999999999999996);
#1012=CIRCLE('',#2956,0.1);
#1013=CIRCLE('',#2957,0.4);
#1014=CIRCLE('',#2958,0.25);
#1015=CIRCLE('',#2959,0.25);
#1016=CIRCLE('',#2961,0.45);
#1017=CIRCLE('',#2964,0.5);
#1018=CIRCLE('',#2966,0.199999999999999);
#1019=CIRCLE('',#2967,0.2);
#1020=CIRCLE('',#2968,0.1);
#1021=CIRCLE('',#2969,0.1);
#1022=CIRCLE('',#2970,0.0999999999999996);
#1023=CIRCLE('',#2971,0.0999999999999996);
#1024=CIRCLE('',#2973,0.5);
#1025=CIRCLE('',#2977,0.1);
#1026=CIRCLE('',#2979,0.45);
#1027=CIRCLE('',#2981,0.45);
#1028=CIRCLE('',#2983,0.45);
#1029=CIRCLE('',#2985,0.45);
#1030=CIRCLE('',#2988,0.1);
#1031=CIRCLE('',#2989,0.1);
#1032=CIRCLE('',#2990,0.1);
#1033=CIRCLE('',#2993,0.0999999999999996);
#1034=CIRCLE('',#2997,0.0999999999999996);
#1035=CIRCLE('',#2998,0.0999999999999996);
#1036=CIRCLE('',#2999,0.0999999999999996);
#1037=CIRCLE('',#3002,0.45);
#1038=CIRCLE('',#3003,0.45);
#1039=CIRCLE('',#3004,0.45);
#1040=CIRCLE('',#3005,0.45);
#1041=CIRCLE('',#3007,0.45);
#1042=CIRCLE('',#3008,0.45);
#1043=CIRCLE('',#3009,0.45);
#1044=CIRCLE('',#3010,0.45);
#1045=CIRCLE('',#3012,0.1);
#1046=CIRCLE('',#3013,0.4);
#1047=CIRCLE('',#3017,0.45);
#1048=CIRCLE('',#3018,0.45);
#1049=CIRCLE('',#3019,0.45);
#1050=CIRCLE('',#3020,0.45);
#1051=CIRCLE('',#3022,0.45);
#1052=CIRCLE('',#3023,0.45);
#1053=CIRCLE('',#3024,0.45);
#1054=CIRCLE('',#3025,0.45);
#1055=CIRCLE('',#3027,0.4);
#1056=CIRCLE('',#3028,0.4);
#1057=CIRCLE('',#3030,0.1);
#1058=CIRCLE('',#3032,0.199999999999999);
#1059=CIRCLE('',#3033,0.2);
#1060=CIRCLE('',#3034,0.1);
#1061=CIRCLE('',#3035,0.0999999999999996);
#1062=CIRCLE('',#3039,0.2);
#1063=CIRCLE('',#3040,0.2);
#1064=CIRCLE('',#3043,0.2);
#1065=CIRCLE('',#3044,0.2);
#1066=CIRCLE('',#3047,0.2);
#1067=CIRCLE('',#3048,0.2);
#1068=CIRCLE('',#3051,0.2);
#1069=CIRCLE('',#3052,0.2);
#1070=CIRCLE('',#3055,0.32);
#1071=CIRCLE('',#3056,0.32);
#1072=CIRCLE('',#3058,0.17);
#1073=CIRCLE('',#3060,0.32);
#1074=CIRCLE('',#3061,0.32);
#1075=CIRCLE('',#3063,0.17);
#1076=CIRCLE('',#3065,0.32);
#1077=CIRCLE('',#3066,0.32);
#1078=CIRCLE('',#3068,0.17);
#1079=CIRCLE('',#3070,0.32);
#1080=CIRCLE('',#3071,0.32);
#1081=CIRCLE('',#3073,0.17);
#1082=CIRCLE('',#3075,0.17);
#1083=CIRCLE('',#3077,0.17);
#1084=CIRCLE('',#3079,0.17);
#1085=CIRCLE('',#3081,0.17);
#1086=CIRCLE('',#3082,0.1);
#1087=CIRCLE('',#3083,0.1);
#1088=CIRCLE('',#3084,0.1);
#1089=CIRCLE('',#3085,0.1);
#1090=CIRCLE('',#3088,0.1);
#1091=CIRCLE('',#3091,0.1);
#1092=CIRCLE('',#3094,0.1);
#1093=CIRCLE('',#3097,0.1);
#1094=CIRCLE('',#3100,0.15);
#1095=CIRCLE('',#3101,0.15);
#1096=CIRCLE('',#3104,0.15);
#1097=CIRCLE('',#3105,0.15);
#1098=CIRCLE('',#3108,0.15);
#1099=CIRCLE('',#3109,0.15);
#1100=CIRCLE('',#3112,0.15);
#1101=CIRCLE('',#3113,0.15);
#1102=CIRCLE('',#3116,0.45);
#1103=CIRCLE('',#3117,0.45);
#1104=CIRCLE('',#3120,0.45);
#1105=CIRCLE('',#3121,0.45);
#1106=CIRCLE('',#3124,0.45);
#1107=CIRCLE('',#3125,0.45);
#1108=CIRCLE('',#3128,0.45);
#1109=CIRCLE('',#3129,0.45);
#1110=CIRCLE('',#3132,0.5);
#1111=CIRCLE('',#3133,0.5);
#1112=CIRCLE('',#3134,0.5);
#1113=CIRCLE('',#3135,0.5);
#1114=CIRCLE('',#3136,0.5);
#1115=CIRCLE('',#3137,0.5);
#1116=CIRCLE('',#3138,0.5);
#1117=CIRCLE('',#3139,0.5);
#1118=CIRCLE('',#3140,0.2);
#1119=CIRCLE('',#3141,0.199999999999999);
#1120=CIRCLE('',#3142,0.5);
#1121=CIRCLE('',#3143,0.5);
#1122=CIRCLE('',#3144,0.5);
#1123=CIRCLE('',#3145,0.5);
#1124=CIRCLE('',#3146,0.2);
#1125=CIRCLE('',#3147,0.199999999999999);
#1126=CIRCLE('',#3153,0.399999999999999);
#1127=CIRCLE('',#3154,0.25);
#1128=CIRCLE('',#3155,0.25);
#1129=CIRCLE('',#3161,0.25);
#1130=CIRCLE('',#3162,0.25);
#1131=CIRCLE('',#3163,0.25);
#1132=CIRCLE('',#3164,0.25);
#1133=CIRCLE('',#3170,0.5);
#1134=CIRCLE('',#3172,0.5);
#1135=CIRCLE('',#3176,0.5);
#1136=CIRCLE('',#3178,0.5);
#1137=CIRCLE('',#3188,0.0999999999999996);
#1138=CIRCLE('',#3193,0.0999999999999996);
#1139=CIRCLE('',#3201,0.399999999999999);
#1140=CIRCLE('',#3203,0.399999999999999);
#1141=CIRCLE('',#3209,0.5);
#1142=CIRCLE('',#3212,0.5);
#1143=CIRCLE('',#3221,0.5);
#1144=CIRCLE('',#3224,0.5);
#1145=VERTEX_POINT('',#4120);
#1146=VERTEX_POINT('',#4121);
#1147=VERTEX_POINT('',#4123);
#1148=VERTEX_POINT('',#4125);
#1149=VERTEX_POINT('',#4127);
#1150=VERTEX_POINT('',#4129);
#1151=VERTEX_POINT('',#4131);
#1152=VERTEX_POINT('',#4133);
#1153=VERTEX_POINT('',#4135);
#1154=VERTEX_POINT('',#4139);
#1155=VERTEX_POINT('',#4140);
#1156=VERTEX_POINT('',#4142);
#1157=VERTEX_POINT('',#4144);
#1158=VERTEX_POINT('',#4146);
#1159=VERTEX_POINT('',#4148);
#1160=VERTEX_POINT('',#4150);
#1161=VERTEX_POINT('',#4152);
#1162=VERTEX_POINT('',#4154);
#1163=VERTEX_POINT('',#4158);
#1164=VERTEX_POINT('',#4159);
#1165=VERTEX_POINT('',#4161);
#1166=VERTEX_POINT('',#4163);
#1167=VERTEX_POINT('',#4165);
#1168=VERTEX_POINT('',#4167);
#1169=VERTEX_POINT('',#4169);
#1170=VERTEX_POINT('',#4171);
#1171=VERTEX_POINT('',#4173);
#1172=VERTEX_POINT('',#4177);
#1173=VERTEX_POINT('',#4178);
#1174=VERTEX_POINT('',#4180);
#1175=VERTEX_POINT('',#4182);
#1176=VERTEX_POINT('',#4184);
#1177=VERTEX_POINT('',#4186);
#1178=VERTEX_POINT('',#4188);
#1179=VERTEX_POINT('',#4190);
#1180=VERTEX_POINT('',#4192);
#1181=VERTEX_POINT('',#4196);
#1182=VERTEX_POINT('',#4198);
#1183=VERTEX_POINT('',#4202);
#1184=VERTEX_POINT('',#4204);
#1185=VERTEX_POINT('',#4206);
#1186=VERTEX_POINT('',#4208);
#1187=VERTEX_POINT('',#4212);
#1188=VERTEX_POINT('',#4214);
#1189=VERTEX_POINT('',#4218);
#1190=VERTEX_POINT('',#4220);
#1191=VERTEX_POINT('',#4224);
#1192=VERTEX_POINT('',#4226);
#1193=VERTEX_POINT('',#4228);
#1194=VERTEX_POINT('',#4230);
#1195=VERTEX_POINT('',#4234);
#1196=VERTEX_POINT('',#4236);
#1197=VERTEX_POINT('',#4238);
#1198=VERTEX_POINT('',#4240);
#1199=VERTEX_POINT('',#4244);
#1200=VERTEX_POINT('',#4246);
#1201=VERTEX_POINT('',#4250);
#1202=VERTEX_POINT('',#4254);
#1203=VERTEX_POINT('',#4256);
#1204=VERTEX_POINT('',#4258);
#1205=VERTEX_POINT('',#4262);
#1206=VERTEX_POINT('',#4268);
#1207=VERTEX_POINT('',#4272);
#1208=VERTEX_POINT('',#4274);
#1209=VERTEX_POINT('',#4278);
#1210=VERTEX_POINT('',#4280);
#1211=VERTEX_POINT('',#4282);
#1212=VERTEX_POINT('',#4284);
#1213=VERTEX_POINT('',#4286);
#1214=VERTEX_POINT('',#4289);
#1215=VERTEX_POINT('',#4291);
#1216=VERTEX_POINT('',#4293);
#1217=VERTEX_POINT('',#4295);
#1218=VERTEX_POINT('',#4299);
#1219=VERTEX_POINT('',#4303);
#1220=VERTEX_POINT('',#4305);
#1221=VERTEX_POINT('',#4307);
#1222=VERTEX_POINT('',#4311);
#1223=VERTEX_POINT('',#4315);
#1224=VERTEX_POINT('',#4317);
#1225=VERTEX_POINT('',#4319);
#1226=VERTEX_POINT('',#4322);
#1227=VERTEX_POINT('',#4324);
#1228=VERTEX_POINT('',#4326);
#1229=VERTEX_POINT('',#4328);
#1230=VERTEX_POINT('',#4330);
#1231=VERTEX_POINT('',#4332);
#1232=VERTEX_POINT('',#4334);
#1233=VERTEX_POINT('',#4340);
#1234=VERTEX_POINT('',#4344);
#1235=VERTEX_POINT('',#4345);
#1236=VERTEX_POINT('',#4347);
#1237=VERTEX_POINT('',#4349);
#1238=VERTEX_POINT('',#4354);
#1239=VERTEX_POINT('',#4356);
#1240=VERTEX_POINT('',#4360);
#1241=VERTEX_POINT('',#4361);
#1242=VERTEX_POINT('',#4365);
#1243=VERTEX_POINT('',#4366);
#1244=VERTEX_POINT('',#4372);
#1245=VERTEX_POINT('',#4373);
#1246=VERTEX_POINT('',#4377);
#1247=VERTEX_POINT('',#4379);
#1248=VERTEX_POINT('',#4383);
#1249=VERTEX_POINT('',#4384);
#1250=VERTEX_POINT('',#4386);
#1251=VERTEX_POINT('',#4388);
#1252=VERTEX_POINT('',#4390);
#1253=VERTEX_POINT('',#4392);
#1254=VERTEX_POINT('',#4396);
#1255=VERTEX_POINT('',#4398);
#1256=VERTEX_POINT('',#4402);
#1257=VERTEX_POINT('',#4404);
#1258=VERTEX_POINT('',#4410);
#1259=VERTEX_POINT('',#4412);
#1260=VERTEX_POINT('',#4416);
#1261=VERTEX_POINT('',#4417);
#1262=VERTEX_POINT('',#4419);
#1263=VERTEX_POINT('',#4421);
#1264=VERTEX_POINT('',#4423);
#1265=VERTEX_POINT('',#4425);
#1266=VERTEX_POINT('',#4433);
#1267=VERTEX_POINT('',#4435);
#1268=VERTEX_POINT('',#4437);
#1269=VERTEX_POINT('',#4439);
#1270=VERTEX_POINT('',#4441);
#1271=VERTEX_POINT('',#4445);
#1272=VERTEX_POINT('',#4447);
#1273=VERTEX_POINT('',#4449);
#1274=VERTEX_POINT('',#4451);
#1275=VERTEX_POINT('',#4453);
#1276=VERTEX_POINT('',#4458);
#1277=VERTEX_POINT('',#4460);
#1278=VERTEX_POINT('',#4462);
#1279=VERTEX_POINT('',#4466);
#1280=VERTEX_POINT('',#4472);
#1281=VERTEX_POINT('',#4474);
#1282=VERTEX_POINT('',#4476);
#1283=VERTEX_POINT('',#4478);
#1284=VERTEX_POINT('',#4480);
#1285=VERTEX_POINT('',#4486);
#1286=VERTEX_POINT('',#4488);
#1287=VERTEX_POINT('',#4490);
#1288=VERTEX_POINT('',#4492);
#1289=VERTEX_POINT('',#4494);
#1290=VERTEX_POINT('',#4498);
#1291=VERTEX_POINT('',#4500);
#1292=VERTEX_POINT('',#4504);
#1293=VERTEX_POINT('',#4506);
#1294=VERTEX_POINT('',#4510);
#1295=VERTEX_POINT('',#4512);
#1296=VERTEX_POINT('',#4514);
#1297=VERTEX_POINT('',#4516);
#1298=VERTEX_POINT('',#4519);
#1299=VERTEX_POINT('',#4521);
#1300=VERTEX_POINT('',#4524);
#1301=VERTEX_POINT('',#4526);
#1302=VERTEX_POINT('',#4530);
#1303=VERTEX_POINT('',#4536);
#1304=VERTEX_POINT('',#4538);
#1305=VERTEX_POINT('',#4543);
#1306=VERTEX_POINT('',#4545);
#1307=VERTEX_POINT('',#4550);
#1308=VERTEX_POINT('',#4552);
#1309=VERTEX_POINT('',#4557);
#1310=VERTEX_POINT('',#4559);
#1311=VERTEX_POINT('',#4564);
#1312=VERTEX_POINT('',#4566);
#1313=VERTEX_POINT('',#4570);
#1314=VERTEX_POINT('',#4573);
#1315=VERTEX_POINT('',#4575);
#1316=VERTEX_POINT('',#4579);
#1317=VERTEX_POINT('',#4582);
#1318=VERTEX_POINT('',#4584);
#1319=VERTEX_POINT('',#4588);
#1320=VERTEX_POINT('',#4591);
#1321=VERTEX_POINT('',#4593);
#1322=VERTEX_POINT('',#4597);
#1323=VERTEX_POINT('',#4600);
#1324=VERTEX_POINT('',#4604);
#1325=VERTEX_POINT('',#4608);
#1326=VERTEX_POINT('',#4612);
#1327=VERTEX_POINT('',#4779);
#1328=VERTEX_POINT('',#4874);
#1329=VERTEX_POINT('',#4876);
#1330=VERTEX_POINT('',#4878);
#1331=VERTEX_POINT('',#4880);
#1332=VERTEX_POINT('',#4882);
#1333=VERTEX_POINT('',#4884);
#1334=VERTEX_POINT('',#4886);
#1335=VERTEX_POINT('',#4888);
#1336=VERTEX_POINT('',#4892);
#1337=VERTEX_POINT('',#4894);
#1338=VERTEX_POINT('',#4898);
#1339=VERTEX_POINT('',#4902);
#1340=VERTEX_POINT('',#4906);
#1341=VERTEX_POINT('',#4910);
#1342=VERTEX_POINT('',#4914);
#1343=VERTEX_POINT('',#4918);
#1344=VERTEX_POINT('',#4924);
#1345=VERTEX_POINT('',#4925);
#1346=VERTEX_POINT('',#4927);
#1347=VERTEX_POINT('',#4929);
#1348=VERTEX_POINT('',#4933);
#1349=VERTEX_POINT('',#4935);
#1350=VERTEX_POINT('',#4939);
#1351=VERTEX_POINT('',#4941);
#1352=VERTEX_POINT('',#4945);
#1353=VERTEX_POINT('',#4947);
#1354=VERTEX_POINT('',#4951);
#1355=VERTEX_POINT('',#4953);
#1356=VERTEX_POINT('',#4957);
#1357=VERTEX_POINT('',#4959);
#1358=VERTEX_POINT('',#4963);
#1359=VERTEX_POINT('',#4965);
#1360=VERTEX_POINT('',#4973);
#1361=VERTEX_POINT('',#4975);
#1362=VERTEX_POINT('',#4980);
#1363=VERTEX_POINT('',#4982);
#1364=VERTEX_POINT('',#4987);
#1365=VERTEX_POINT('',#4989);
#1366=VERTEX_POINT('',#4994);
#1367=VERTEX_POINT('',#4996);
#1368=VERTEX_POINT('',#5001);
#1369=VERTEX_POINT('',#5002);
#1370=VERTEX_POINT('',#5004);
#1371=VERTEX_POINT('',#5006);
#1372=VERTEX_POINT('',#5008);
#1373=VERTEX_POINT('',#5010);
#1374=VERTEX_POINT('',#5012);
#1375=VERTEX_POINT('',#5014);
#1376=VERTEX_POINT('',#5018);
#1377=VERTEX_POINT('',#5020);
#1378=VERTEX_POINT('',#5022);
#1379=VERTEX_POINT('',#5024);
#1380=VERTEX_POINT('',#5028);
#1381=VERTEX_POINT('',#5030);
#1382=VERTEX_POINT('',#5032);
#1383=VERTEX_POINT('',#5036);
#1384=VERTEX_POINT('',#5038);
#1385=VERTEX_POINT('',#5040);
#1386=VERTEX_POINT('',#5042);
#1387=VERTEX_POINT('',#5046);
#1388=VERTEX_POINT('',#5048);
#1389=VERTEX_POINT('',#5050);
#1390=VERTEX_POINT('',#5052);
#1391=VERTEX_POINT('',#5059);
#1392=VERTEX_POINT('',#5066);
#1393=VERTEX_POINT('',#5068);
#1394=VERTEX_POINT('',#5073);
#1395=VERTEX_POINT('',#5076);
#1396=VERTEX_POINT('',#5078);
#1397=VERTEX_POINT('',#5080);
#1398=VERTEX_POINT('',#5082);
#1399=VERTEX_POINT('',#5086);
#1400=VERTEX_POINT('',#5098);
#1401=VERTEX_POINT('',#5100);
#1402=VERTEX_POINT('',#5102);
#1403=VERTEX_POINT('',#5105);
#1404=VERTEX_POINT('',#5107);
#1405=VERTEX_POINT('',#5109);
#1406=VERTEX_POINT('',#5116);
#1407=VERTEX_POINT('',#5118);
#1408=VERTEX_POINT('',#5123);
#1409=VERTEX_POINT('',#5125);
#1410=VERTEX_POINT('',#5129);
#1411=VERTEX_POINT('',#5135);
#1412=VERTEX_POINT('',#5139);
#1413=VERTEX_POINT('',#5141);
#1414=VERTEX_POINT('',#5183);
#1415=VERTEX_POINT('',#5185);
#1416=VERTEX_POINT('',#5189);
#1417=VERTEX_POINT('',#5193);
#1418=VERTEX_POINT('',#5197);
#1419=VERTEX_POINT('',#5213);
#1420=VERTEX_POINT('',#5217);
#1421=VERTEX_POINT('',#5221);
#1422=EDGE_CURVE('',#1145,#1146,#985,.T.);
#1423=EDGE_CURVE('',#1147,#1145,#986,.T.);
#1424=EDGE_CURVE('',#1148,#1147,#471,.T.);
#1425=EDGE_CURVE('',#1149,#1148,#987,.T.);
#1426=EDGE_CURVE('',#1150,#1149,#472,.T.);
#1427=EDGE_CURVE('',#1151,#1150,#988,.T.);
#1428=EDGE_CURVE('',#1152,#1151,#473,.T.);
#1429=EDGE_CURVE('',#1153,#1152,#989,.T.);
#1430=EDGE_CURVE('',#1146,#1153,#474,.T.);
#1431=EDGE_CURVE('',#1154,#1155,#990,.T.);
#1432=EDGE_CURVE('',#1156,#1154,#991,.T.);
#1433=EDGE_CURVE('',#1157,#1156,#475,.T.);
#1434=EDGE_CURVE('',#1158,#1157,#992,.T.);
#1435=EDGE_CURVE('',#1159,#1158,#476,.T.);
#1436=EDGE_CURVE('',#1160,#1159,#993,.T.);
#1437=EDGE_CURVE('',#1161,#1160,#477,.T.);
#1438=EDGE_CURVE('',#1162,#1161,#994,.T.);
#1439=EDGE_CURVE('',#1155,#1162,#478,.T.);
#1440=EDGE_CURVE('',#1163,#1164,#995,.T.);
#1441=EDGE_CURVE('',#1165,#1163,#996,.T.);
#1442=EDGE_CURVE('',#1166,#1165,#479,.T.);
#1443=EDGE_CURVE('',#1167,#1166,#997,.T.);
#1444=EDGE_CURVE('',#1168,#1167,#480,.T.);
#1445=EDGE_CURVE('',#1169,#1168,#998,.T.);
#1446=EDGE_CURVE('',#1170,#1169,#481,.T.);
#1447=EDGE_CURVE('',#1171,#1170,#999,.T.);
#1448=EDGE_CURVE('',#1164,#1171,#482,.T.);
#1449=EDGE_CURVE('',#1172,#1173,#1000,.T.);
#1450=EDGE_CURVE('',#1174,#1172,#1001,.T.);
#1451=EDGE_CURVE('',#1175,#1174,#483,.T.);
#1452=EDGE_CURVE('',#1176,#1175,#1002,.T.);
#1453=EDGE_CURVE('',#1177,#1176,#484,.T.);
#1454=EDGE_CURVE('',#1178,#1177,#1003,.T.);
#1455=EDGE_CURVE('',#1179,#1178,#485,.T.);
#1456=EDGE_CURVE('',#1180,#1179,#1004,.T.);
#1457=EDGE_CURVE('',#1173,#1180,#486,.T.);
#1458=EDGE_CURVE('',#1149,#1181,#487,.T.);
#1459=EDGE_CURVE('',#1181,#1182,#488,.T.);
#1460=EDGE_CURVE('',#1150,#1182,#489,.T.);
#1461=EDGE_CURVE('',#1183,#1147,#490,.T.);
#1462=EDGE_CURVE('',#1183,#1184,#491,.T.);
#1463=EDGE_CURVE('',#1184,#1185,#492,.T.);
#1464=EDGE_CURVE('',#1185,#1186,#493,.T.);
#1465=EDGE_CURVE('',#1186,#1148,#494,.T.);
#1466=EDGE_CURVE('',#1187,#1160,#495,.T.);
#1467=EDGE_CURVE('',#1188,#1187,#496,.T.);
#1468=EDGE_CURVE('',#1188,#1161,#497,.T.);
#1469=EDGE_CURVE('',#1158,#1189,#498,.T.);
#1470=EDGE_CURVE('',#1189,#1190,#499,.T.);
#1471=EDGE_CURVE('',#1159,#1190,#500,.T.);
#1472=EDGE_CURVE('',#1162,#1191,#501,.T.);
#1473=EDGE_CURVE('',#1191,#1192,#502,.T.);
#1474=EDGE_CURVE('',#1193,#1192,#503,.T.);
#1475=EDGE_CURVE('',#1193,#1194,#504,.T.);
#1476=EDGE_CURVE('',#1155,#1194,#505,.T.);
#1477=EDGE_CURVE('',#1195,#1156,#506,.T.);
#1478=EDGE_CURVE('',#1195,#1196,#507,.T.);
#1479=EDGE_CURVE('',#1196,#1197,#508,.T.);
#1480=EDGE_CURVE('',#1197,#1198,#509,.T.);
#1481=EDGE_CURVE('',#1198,#1157,#510,.T.);
#1482=EDGE_CURVE('',#1164,#1199,#511,.T.);
#1483=EDGE_CURVE('',#1199,#1200,#1005,.T.);
#1484=EDGE_CURVE('',#1163,#1200,#512,.T.);
#1485=EDGE_CURVE('',#1201,#1145,#513,.T.);
#1486=EDGE_CURVE('',#1201,#1183,#1006,.T.);
#1487=EDGE_CURVE('',#1171,#1202,#514,.T.);
#1488=EDGE_CURVE('',#1202,#1203,#515,.T.);
#1489=EDGE_CURVE('',#1203,#1204,#516,.T.);
#1490=EDGE_CURVE('',#1204,#1199,#517,.T.);
#1491=EDGE_CURVE('',#1205,#1170,#518,.T.);
#1492=EDGE_CURVE('',#1205,#1202,#1007,.T.);
#1493=EDGE_CURVE('',#1186,#1181,#1008,.T.);
#1494=EDGE_CURVE('',#1206,#1169,#519,.T.);
#1495=EDGE_CURVE('',#1206,#1205,#520,.T.);
#1496=EDGE_CURVE('',#1173,#1207,#521,.T.);
#1497=EDGE_CURVE('',#1207,#1208,#1009,.T.);
#1498=EDGE_CURVE('',#1172,#1208,#522,.T.);
#1499=EDGE_CURVE('',#1194,#1209,#1010,.T.);
#1500=EDGE_CURVE('',#1209,#1210,#1011,.T.);
#1501=EDGE_CURVE('',#1210,#1211,#523,.T.);
#1502=EDGE_CURVE('',#1211,#1212,#1012,.T.);
#1503=EDGE_CURVE('',#1212,#1213,#1013,.T.);
#1504=EDGE_CURVE('',#1213,#1174,#524,.T.);
#1505=EDGE_CURVE('',#1214,#1172,#525,.T.);
#1506=EDGE_CURVE('',#1215,#1214,#1014,.T.);
#1507=EDGE_CURVE('',#1216,#1215,#526,.T.);
#1508=EDGE_CURVE('',#1217,#1216,#1015,.T.);
#1509=EDGE_CURVE('',#1154,#1217,#527,.T.);
#1510=EDGE_CURVE('',#1218,#1154,#528,.T.);
#1511=EDGE_CURVE('',#1218,#1195,#1016,.T.);
#1512=EDGE_CURVE('',#1180,#1219,#529,.T.);
#1513=EDGE_CURVE('',#1219,#1220,#530,.T.);
#1514=EDGE_CURVE('',#1220,#1221,#531,.T.);
#1515=EDGE_CURVE('',#1221,#1207,#532,.T.);
#1516=EDGE_CURVE('',#1222,#1179,#533,.T.);
#1517=EDGE_CURVE('',#1222,#1219,#1017,.T.);
#1518=EDGE_CURVE('',#1223,#1188,#1018,.T.);
#1519=EDGE_CURVE('',#1224,#1223,#534,.T.);
#1520=EDGE_CURVE('',#1225,#1224,#1019,.T.);
#1521=EDGE_CURVE('',#1176,#1225,#535,.T.);
#1522=EDGE_CURVE('',#1226,#1175,#536,.T.);
#1523=EDGE_CURVE('',#1227,#1226,#1020,.T.);
#1524=EDGE_CURVE('',#1228,#1227,#537,.T.);
#1525=EDGE_CURVE('',#1228,#1229,#1021,.T.);
#1526=EDGE_CURVE('',#1229,#1230,#538,.T.);
#1527=EDGE_CURVE('',#1230,#1231,#1022,.T.);
#1528=EDGE_CURVE('',#1232,#1231,#539,.T.);
#1529=EDGE_CURVE('',#1191,#1232,#1023,.T.);
#1530=EDGE_CURVE('',#1198,#1189,#1024,.T.);
#1531=EDGE_CURVE('',#1233,#1178,#540,.T.);
#1532=EDGE_CURVE('',#1233,#1222,#541,.T.);
#1533=EDGE_CURVE('',#1234,#1235,#542,.T.);
#1534=EDGE_CURVE('',#1236,#1234,#543,.T.);
#1535=EDGE_CURVE('',#1237,#1236,#544,.T.);
#1536=EDGE_CURVE('',#1237,#1235,#545,.T.);
#1537=EDGE_CURVE('',#1229,#1211,#546,.T.);
#1538=EDGE_CURVE('',#1238,#1228,#547,.T.);
#1539=EDGE_CURVE('',#1239,#1238,#1025,.T.);
#1540=EDGE_CURVE('',#1212,#1239,#548,.T.);
#1541=EDGE_CURVE('',#1240,#1241,#1026,.T.);
#1542=EDGE_CURVE('',#1241,#1240,#549,.T.);
#1543=EDGE_CURVE('',#1242,#1243,#1027,.T.);
#1544=EDGE_CURVE('',#1243,#1242,#550,.T.);
#1545=EDGE_CURVE('',#1235,#1237,#1028,.T.);
#1546=EDGE_CURVE('',#1244,#1245,#1029,.T.);
#1547=EDGE_CURVE('',#1245,#1244,#551,.T.);
#1548=EDGE_CURVE('',#1246,#1242,#552,.T.);
#1549=EDGE_CURVE('',#1247,#1246,#553,.T.);
#1550=EDGE_CURVE('',#1243,#1247,#554,.T.);
#1551=EDGE_CURVE('',#1248,#1249,#1030,.T.);
#1552=EDGE_CURVE('',#1250,#1248,#555,.T.);
#1553=EDGE_CURVE('',#1251,#1250,#1031,.T.);
#1554=EDGE_CURVE('',#1252,#1251,#556,.T.);
#1555=EDGE_CURVE('',#1253,#1252,#1032,.T.);
#1556=EDGE_CURVE('',#1249,#1253,#557,.T.);
#1557=EDGE_CURVE('',#1254,#1244,#558,.T.);
#1558=EDGE_CURVE('',#1255,#1254,#559,.T.);
#1559=EDGE_CURVE('',#1245,#1255,#560,.T.);
#1560=EDGE_CURVE('',#1256,#1209,#561,.T.);
#1561=EDGE_CURVE('',#1257,#1256,#1033,.T.);
#1562=EDGE_CURVE('',#1231,#1257,#562,.T.);
#1563=EDGE_CURVE('',#1230,#1210,#563,.T.);
#1564=EDGE_CURVE('',#1258,#1240,#564,.T.);
#1565=EDGE_CURVE('',#1259,#1258,#565,.T.);
#1566=EDGE_CURVE('',#1241,#1259,#566,.T.);
#1567=EDGE_CURVE('',#1260,#1261,#1034,.T.);
#1568=EDGE_CURVE('',#1262,#1260,#567,.T.);
#1569=EDGE_CURVE('',#1263,#1262,#1035,.T.);
#1570=EDGE_CURVE('',#1264,#1263,#568,.T.);
#1571=EDGE_CURVE('',#1265,#1264,#1036,.T.);
#1572=EDGE_CURVE('',#1265,#1261,#569,.T.);
#1573=EDGE_CURVE('',#1261,#1248,#570,.T.);
#1574=EDGE_CURVE('',#1250,#1265,#571,.T.);
#1575=EDGE_CURVE('',#1255,#1196,#1037,.T.);
#1576=EDGE_CURVE('',#1266,#1218,#572,.T.);
#1577=EDGE_CURVE('',#1267,#1266,#1038,.T.);
#1578=EDGE_CURVE('',#1268,#1267,#573,.T.);
#1579=EDGE_CURVE('',#1269,#1268,#1039,.T.);
#1580=EDGE_CURVE('',#1270,#1269,#574,.T.);
#1581=EDGE_CURVE('',#1270,#1254,#1040,.T.);
#1582=EDGE_CURVE('',#1236,#1271,#1041,.T.);
#1583=EDGE_CURVE('',#1272,#1271,#575,.T.);
#1584=EDGE_CURVE('',#1273,#1272,#1042,.T.);
#1585=EDGE_CURVE('',#1274,#1273,#576,.T.);
#1586=EDGE_CURVE('',#1275,#1274,#1043,.T.);
#1587=EDGE_CURVE('',#1200,#1275,#577,.T.);
#1588=EDGE_CURVE('',#1204,#1234,#1044,.T.);
#1589=EDGE_CURVE('',#1238,#1276,#578,.T.);
#1590=EDGE_CURVE('',#1276,#1277,#1045,.T.);
#1591=EDGE_CURVE('',#1277,#1278,#579,.T.);
#1592=EDGE_CURVE('',#1239,#1278,#1046,.T.);
#1593=EDGE_CURVE('',#1279,#1257,#580,.T.);
#1594=EDGE_CURVE('',#1232,#1279,#581,.T.);
#1595=EDGE_CURVE('',#1227,#1276,#582,.T.);
#1596=EDGE_CURVE('',#1259,#1280,#1047,.T.);
#1597=EDGE_CURVE('',#1281,#1280,#583,.T.);
#1598=EDGE_CURVE('',#1282,#1281,#1048,.T.);
#1599=EDGE_CURVE('',#1283,#1282,#584,.T.);
#1600=EDGE_CURVE('',#1284,#1283,#1049,.T.);
#1601=EDGE_CURVE('',#1208,#1284,#585,.T.);
#1602=EDGE_CURVE('',#1221,#1258,#1050,.T.);
#1603=EDGE_CURVE('',#1247,#1184,#1051,.T.);
#1604=EDGE_CURVE('',#1285,#1201,#586,.T.);
#1605=EDGE_CURVE('',#1286,#1285,#1052,.T.);
#1606=EDGE_CURVE('',#1287,#1286,#587,.T.);
#1607=EDGE_CURVE('',#1288,#1287,#1053,.T.);
#1608=EDGE_CURVE('',#1289,#1288,#588,.T.);
#1609=EDGE_CURVE('',#1289,#1246,#1054,.T.);
#1610=EDGE_CURVE('',#1253,#1290,#1055,.T.);
#1611=EDGE_CURVE('',#1290,#1291,#589,.T.);
#1612=EDGE_CURVE('',#1249,#1291,#1056,.T.);
#1613=EDGE_CURVE('',#1252,#1292,#590,.T.);
#1614=EDGE_CURVE('',#1292,#1293,#1057,.T.);
#1615=EDGE_CURVE('',#1293,#1290,#591,.T.);
#1616=EDGE_CURVE('',#1294,#1152,#592,.T.);
#1617=EDGE_CURVE('',#1295,#1294,#1058,.T.);
#1618=EDGE_CURVE('',#1296,#1295,#593,.T.);
#1619=EDGE_CURVE('',#1297,#1296,#1059,.T.);
#1620=EDGE_CURVE('',#1167,#1297,#594,.T.);
#1621=EDGE_CURVE('',#1298,#1166,#595,.T.);
#1622=EDGE_CURVE('',#1299,#1298,#1060,.T.);
#1623=EDGE_CURVE('',#1251,#1299,#596,.T.);
#1624=EDGE_CURVE('',#1300,#1264,#597,.T.);
#1625=EDGE_CURVE('',#1301,#1300,#1061,.T.);
#1626=EDGE_CURVE('',#1153,#1301,#598,.T.);
#1627=EDGE_CURVE('',#1302,#1263,#599,.T.);
#1628=EDGE_CURVE('',#1300,#1302,#600,.T.);
#1629=EDGE_CURVE('',#1299,#1292,#601,.T.);
#1630=EDGE_CURVE('',#1303,#1303,#1062,.T.);
#1631=EDGE_CURVE('',#1303,#1304,#602,.T.);
#1632=EDGE_CURVE('',#1304,#1304,#1063,.T.);
#1633=EDGE_CURVE('',#1305,#1305,#1064,.T.);
#1634=EDGE_CURVE('',#1305,#1306,#603,.T.);
#1635=EDGE_CURVE('',#1306,#1306,#1065,.T.);
#1636=EDGE_CURVE('',#1307,#1307,#1066,.T.);
#1637=EDGE_CURVE('',#1307,#1308,#604,.T.);
#1638=EDGE_CURVE('',#1308,#1308,#1067,.T.);
#1639=EDGE_CURVE('',#1309,#1309,#1068,.T.);
#1640=EDGE_CURVE('',#1309,#1310,#605,.T.);
#1641=EDGE_CURVE('',#1310,#1310,#1069,.T.);
#1642=EDGE_CURVE('',#1311,#1311,#1070,.T.);
#1643=EDGE_CURVE('',#1311,#1312,#606,.T.);
#1644=EDGE_CURVE('',#1312,#1312,#1071,.T.);
#1645=EDGE_CURVE('',#1313,#1313,#1072,.T.);
#1646=EDGE_CURVE('',#1314,#1314,#1073,.T.);
#1647=EDGE_CURVE('',#1314,#1315,#607,.T.);
#1648=EDGE_CURVE('',#1315,#1315,#1074,.T.);
#1649=EDGE_CURVE('',#1316,#1316,#1075,.T.);
#1650=EDGE_CURVE('',#1317,#1317,#1076,.T.);
#1651=EDGE_CURVE('',#1317,#1318,#608,.T.);
#1652=EDGE_CURVE('',#1318,#1318,#1077,.T.);
#1653=EDGE_CURVE('',#1319,#1319,#1078,.T.);
#1654=EDGE_CURVE('',#1320,#1320,#1079,.T.);
#1655=EDGE_CURVE('',#1320,#1321,#609,.T.);
#1656=EDGE_CURVE('',#1321,#1321,#1080,.T.);
#1657=EDGE_CURVE('',#1322,#1322,#1081,.T.);
#1658=EDGE_CURVE('',#1323,#1323,#1082,.T.);
#1659=EDGE_CURVE('',#1323,#1313,#610,.T.);
#1660=EDGE_CURVE('',#1324,#1324,#1083,.T.);
#1661=EDGE_CURVE('',#1324,#1316,#611,.T.);
#1662=EDGE_CURVE('',#1325,#1325,#1084,.T.);
#1663=EDGE_CURVE('',#1325,#1319,#612,.T.);
#1664=EDGE_CURVE('',#1326,#1326,#1085,.T.);
#1665=EDGE_CURVE('',#1326,#1322,#613,.T.);
#1666=EDGE_CURVE('',#1327,#1327,#15,.T.);
#1667=EDGE_CURVE('',#1328,#1327,#614,.T.);
#1668=EDGE_CURVE('',#1329,#1328,#1086,.T.);
#1669=EDGE_CURVE('',#1330,#1329,#615,.T.);
#1670=EDGE_CURVE('',#1331,#1330,#1087,.T.);
#1671=EDGE_CURVE('',#1332,#1331,#616,.T.);
#1672=EDGE_CURVE('',#1333,#1332,#1088,.T.);
#1673=EDGE_CURVE('',#1334,#1333,#617,.T.);
#1674=EDGE_CURVE('',#1335,#1334,#1089,.T.);
#1675=EDGE_CURVE('',#1328,#1335,#618,.T.);
#1676=EDGE_CURVE('',#1336,#1329,#619,.T.);
#1677=EDGE_CURVE('',#1337,#1336,#620,.T.);
#1678=EDGE_CURVE('',#1337,#1330,#621,.T.);
#1679=EDGE_CURVE('',#1338,#1328,#622,.T.);
#1680=EDGE_CURVE('',#1336,#1338,#1090,.T.);
#1681=EDGE_CURVE('',#1339,#1335,#623,.T.);
#1682=EDGE_CURVE('',#1338,#1339,#624,.T.);
#1683=EDGE_CURVE('',#1340,#1334,#625,.T.);
#1684=EDGE_CURVE('',#1339,#1340,#1091,.T.);
#1685=EDGE_CURVE('',#1341,#1333,#626,.T.);
#1686=EDGE_CURVE('',#1340,#1341,#627,.T.);
#1687=EDGE_CURVE('',#1342,#1332,#628,.T.);
#1688=EDGE_CURVE('',#1341,#1342,#1092,.T.);
#1689=EDGE_CURVE('',#1343,#1331,#629,.T.);
#1690=EDGE_CURVE('',#1342,#1343,#630,.T.);
#1691=EDGE_CURVE('',#1343,#1337,#1093,.T.);
#1692=EDGE_CURVE('',#1344,#1345,#631,.T.);
#1693=EDGE_CURVE('',#1344,#1346,#632,.T.);
#1694=EDGE_CURVE('',#1346,#1347,#633,.T.);
#1695=EDGE_CURVE('',#1345,#1347,#634,.T.);
#1696=EDGE_CURVE('',#1345,#1348,#1094,.T.);
#1697=EDGE_CURVE('',#1347,#1349,#1095,.T.);
#1698=EDGE_CURVE('',#1348,#1349,#635,.T.);
#1699=EDGE_CURVE('',#1348,#1350,#636,.T.);
#1700=EDGE_CURVE('',#1349,#1351,#637,.T.);
#1701=EDGE_CURVE('',#1350,#1351,#638,.T.);
#1702=EDGE_CURVE('',#1350,#1352,#1096,.T.);
#1703=EDGE_CURVE('',#1351,#1353,#1097,.T.);
#1704=EDGE_CURVE('',#1352,#1353,#639,.T.);
#1705=EDGE_CURVE('',#1352,#1354,#640,.T.);
#1706=EDGE_CURVE('',#1353,#1355,#641,.T.);
#1707=EDGE_CURVE('',#1354,#1355,#642,.T.);
#1708=EDGE_CURVE('',#1356,#1344,#1098,.T.);
#1709=EDGE_CURVE('',#1356,#1357,#643,.T.);
#1710=EDGE_CURVE('',#1357,#1346,#1099,.T.);
#1711=EDGE_CURVE('',#1358,#1356,#644,.T.);
#1712=EDGE_CURVE('',#1358,#1359,#645,.T.);
#1713=EDGE_CURVE('',#1359,#1357,#646,.T.);
#1714=EDGE_CURVE('',#1354,#1358,#1100,.T.);
#1715=EDGE_CURVE('',#1355,#1359,#1101,.T.);
#1716=EDGE_CURVE('',#1360,#1360,#1102,.T.);
#1717=EDGE_CURVE('',#1360,#1361,#647,.T.);
#1718=EDGE_CURVE('',#1361,#1361,#1103,.T.);
#1719=EDGE_CURVE('',#1362,#1362,#1104,.T.);
#1720=EDGE_CURVE('',#1362,#1363,#648,.T.);
#1721=EDGE_CURVE('',#1363,#1363,#1105,.T.);
#1722=EDGE_CURVE('',#1364,#1364,#1106,.T.);
#1723=EDGE_CURVE('',#1364,#1365,#649,.T.);
#1724=EDGE_CURVE('',#1365,#1365,#1107,.T.);
#1725=EDGE_CURVE('',#1366,#1366,#1108,.T.);
#1726=EDGE_CURVE('',#1366,#1367,#650,.T.);
#1727=EDGE_CURVE('',#1367,#1367,#1109,.T.);
#1728=EDGE_CURVE('',#1368,#1369,#651,.T.);
#1729=EDGE_CURVE('',#1370,#1368,#1110,.T.);
#1730=EDGE_CURVE('',#1371,#1370,#652,.T.);
#1731=EDGE_CURVE('',#1372,#1371,#1111,.T.);
#1732=EDGE_CURVE('',#1373,#1372,#653,.T.);
#1733=EDGE_CURVE('',#1374,#1373,#1112,.T.);
#1734=EDGE_CURVE('',#1375,#1374,#654,.T.);
#1735=EDGE_CURVE('',#1369,#1375,#1113,.T.);
#1736=EDGE_CURVE('',#1185,#1182,#1114,.T.);
#1737=EDGE_CURVE('',#1376,#1289,#655,.T.);
#1738=EDGE_CURVE('',#1377,#1376,#1115,.T.);
#1739=EDGE_CURVE('',#1377,#1378,#656,.T.);
#1740=EDGE_CURVE('',#1379,#1378,#1116,.T.);
#1741=EDGE_CURVE('',#1280,#1379,#657,.T.);
#1742=EDGE_CURVE('',#1233,#1220,#1117,.T.);
#1743=EDGE_CURVE('',#1177,#1380,#658,.T.);
#1744=EDGE_CURVE('',#1380,#1381,#1118,.T.);
#1745=EDGE_CURVE('',#1381,#1382,#659,.T.);
#1746=EDGE_CURVE('',#1382,#1187,#1119,.T.);
#1747=EDGE_CURVE('',#1197,#1190,#1120,.T.);
#1748=EDGE_CURVE('',#1383,#1270,#660,.T.);
#1749=EDGE_CURVE('',#1384,#1383,#1121,.T.);
#1750=EDGE_CURVE('',#1384,#1385,#661,.T.);
#1751=EDGE_CURVE('',#1386,#1385,#1122,.T.);
#1752=EDGE_CURVE('',#1271,#1386,#662,.T.);
#1753=EDGE_CURVE('',#1206,#1203,#1123,.T.);
#1754=EDGE_CURVE('',#1168,#1387,#663,.T.);
#1755=EDGE_CURVE('',#1387,#1388,#1124,.T.);
#1756=EDGE_CURVE('',#1388,#1389,#664,.T.);
#1757=EDGE_CURVE('',#1389,#1390,#1125,.T.);
#1758=EDGE_CURVE('',#1390,#1151,#665,.T.);
#1759=EDGE_CURVE('',#1278,#1213,#666,.T.);
#1760=EDGE_CURVE('',#1226,#1277,#667,.T.);
#1761=EDGE_CURVE('',#1284,#1391,#668,.T.);
#1762=EDGE_CURVE('',#1214,#1391,#669,.T.);
#1763=EDGE_CURVE('',#1291,#1165,#670,.T.);
#1764=EDGE_CURVE('',#1298,#1293,#671,.T.);
#1765=EDGE_CURVE('',#1386,#1392,#672,.T.);
#1766=EDGE_CURVE('',#1392,#1393,#673,.T.);
#1767=EDGE_CURVE('',#1393,#1383,#674,.T.);
#1768=EDGE_CURVE('',#1272,#1269,#675,.T.);
#1769=EDGE_CURVE('',#1146,#1394,#676,.T.);
#1770=EDGE_CURVE('',#1394,#1260,#1126,.T.);
#1771=EDGE_CURVE('',#1395,#1163,#677,.T.);
#1772=EDGE_CURVE('',#1396,#1395,#1127,.T.);
#1773=EDGE_CURVE('',#1397,#1396,#678,.T.);
#1774=EDGE_CURVE('',#1398,#1397,#1128,.T.);
#1775=EDGE_CURVE('',#1145,#1398,#679,.T.);
#1776=EDGE_CURVE('',#1275,#1399,#680,.T.);
#1777=EDGE_CURVE('',#1395,#1399,#681,.T.);
#1778=EDGE_CURVE('',#1273,#1268,#682,.T.);
#1779=EDGE_CURVE('',#1267,#1274,#683,.T.);
#1780=EDGE_CURVE('',#1281,#1288,#684,.T.);
#1781=EDGE_CURVE('',#1282,#1287,#685,.T.);
#1782=EDGE_CURVE('',#1286,#1283,#686,.T.);
#1783=EDGE_CURVE('',#1400,#1285,#687,.T.);
#1784=EDGE_CURVE('',#1401,#1400,#1129,.T.);
#1785=EDGE_CURVE('',#1402,#1401,#688,.T.);
#1786=EDGE_CURVE('',#1399,#1402,#1130,.T.);
#1787=EDGE_CURVE('',#1403,#1266,#689,.T.);
#1788=EDGE_CURVE('',#1404,#1403,#1131,.T.);
#1789=EDGE_CURVE('',#1405,#1404,#690,.T.);
#1790=EDGE_CURVE('',#1391,#1405,#1132,.T.);
#1791=EDGE_CURVE('',#1398,#1400,#691,.T.);
#1792=EDGE_CURVE('',#1301,#1406,#692,.T.);
#1793=EDGE_CURVE('',#1407,#1406,#693,.T.);
#1794=EDGE_CURVE('',#1407,#1394,#694,.T.);
#1795=EDGE_CURVE('',#1408,#1376,#695,.T.);
#1796=EDGE_CURVE('',#1409,#1408,#1133,.T.);
#1797=EDGE_CURVE('',#1377,#1409,#696,.T.);
#1798=EDGE_CURVE('',#1410,#1393,#1134,.T.);
#1799=EDGE_CURVE('',#1384,#1410,#697,.T.);
#1800=EDGE_CURVE('',#1411,#1385,#698,.T.);
#1801=EDGE_CURVE('',#1392,#1411,#1135,.T.);
#1802=EDGE_CURVE('',#1379,#1412,#699,.T.);
#1803=EDGE_CURVE('',#1413,#1378,#700,.T.);
#1804=EDGE_CURVE('',#1412,#1413,#1136,.T.);
#1805=EDGE_CURVE('',#1297,#1387,#701,.T.);
#1806=EDGE_CURVE('',#1410,#1411,#702,.T.);
#1807=EDGE_CURVE('',#1412,#1408,#703,.T.);
#1808=EDGE_CURVE('',#1225,#1380,#704,.T.);
#1809=EDGE_CURVE('',#1294,#1390,#705,.T.);
#1810=EDGE_CURVE('',#1192,#1279,#1137,.T.);
#1811=EDGE_CURVE('',#1295,#1389,#706,.T.);
#1812=EDGE_CURVE('',#1296,#1388,#707,.T.);
#1813=EDGE_CURVE('',#1406,#1302,#1138,.T.);
#1814=EDGE_CURVE('',#1223,#1382,#708,.T.);
#1815=EDGE_CURVE('',#1224,#1381,#709,.T.);
#1816=EDGE_CURVE('',#1409,#1413,#710,.T.);
#1817=EDGE_CURVE('',#1407,#1262,#1139,.T.);
#1818=EDGE_CURVE('',#1193,#1256,#1140,.T.);
#1819=EDGE_CURVE('',#1374,#1414,#711,.T.);
#1820=EDGE_CURVE('',#1415,#1414,#712,.T.);
#1821=EDGE_CURVE('',#1375,#1415,#713,.T.);
#1822=EDGE_CURVE('',#1373,#1416,#714,.T.);
#1823=EDGE_CURVE('',#1414,#1416,#1141,.T.);
#1824=EDGE_CURVE('',#1372,#1417,#715,.T.);
#1825=EDGE_CURVE('',#1416,#1417,#716,.T.);
#1826=EDGE_CURVE('',#1371,#1418,#717,.T.);
#1827=EDGE_CURVE('',#1417,#1418,#1142,.T.);
#1828=EDGE_CURVE('',#1217,#1403,#718,.T.);
#1829=EDGE_CURVE('',#1216,#1404,#719,.T.);
#1830=EDGE_CURVE('',#1215,#1405,#720,.T.);
#1831=EDGE_CURVE('',#1397,#1401,#721,.T.);
#1832=EDGE_CURVE('',#1396,#1402,#722,.T.);
#1833=EDGE_CURVE('',#1419,#1415,#1143,.T.);
#1834=EDGE_CURVE('',#1369,#1419,#723,.T.);
#1835=EDGE_CURVE('',#1420,#1419,#724,.T.);
#1836=EDGE_CURVE('',#1368,#1420,#725,.T.);
#1837=EDGE_CURVE('',#1421,#1420,#1144,.T.);
#1838=EDGE_CURVE('',#1370,#1421,#726,.T.);
#1839=EDGE_CURVE('',#1418,#1421,#727,.T.);
#1840=ORIENTED_EDGE('',*,*,#1422,.F.);
#1841=ORIENTED_EDGE('',*,*,#1423,.F.);
#1842=ORIENTED_EDGE('',*,*,#1424,.F.);
#1843=ORIENTED_EDGE('',*,*,#1425,.F.);
#1844=ORIENTED_EDGE('',*,*,#1426,.F.);
#1845=ORIENTED_EDGE('',*,*,#1427,.F.);
#1846=ORIENTED_EDGE('',*,*,#1428,.F.);
#1847=ORIENTED_EDGE('',*,*,#1429,.F.);
#1848=ORIENTED_EDGE('',*,*,#1430,.F.);
#1849=ORIENTED_EDGE('',*,*,#1431,.F.);
#1850=ORIENTED_EDGE('',*,*,#1432,.F.);
#1851=ORIENTED_EDGE('',*,*,#1433,.F.);
#1852=ORIENTED_EDGE('',*,*,#1434,.F.);
#1853=ORIENTED_EDGE('',*,*,#1435,.F.);
#1854=ORIENTED_EDGE('',*,*,#1436,.F.);
#1855=ORIENTED_EDGE('',*,*,#1437,.F.);
#1856=ORIENTED_EDGE('',*,*,#1438,.F.);
#1857=ORIENTED_EDGE('',*,*,#1439,.F.);
#1858=ORIENTED_EDGE('',*,*,#1440,.F.);
#1859=ORIENTED_EDGE('',*,*,#1441,.F.);
#1860=ORIENTED_EDGE('',*,*,#1442,.F.);
#1861=ORIENTED_EDGE('',*,*,#1443,.F.);
#1862=ORIENTED_EDGE('',*,*,#1444,.F.);
#1863=ORIENTED_EDGE('',*,*,#1445,.F.);
#1864=ORIENTED_EDGE('',*,*,#1446,.F.);
#1865=ORIENTED_EDGE('',*,*,#1447,.F.);
#1866=ORIENTED_EDGE('',*,*,#1448,.F.);
#1867=ORIENTED_EDGE('',*,*,#1449,.F.);
#1868=ORIENTED_EDGE('',*,*,#1450,.F.);
#1869=ORIENTED_EDGE('',*,*,#1451,.F.);
#1870=ORIENTED_EDGE('',*,*,#1452,.F.);
#1871=ORIENTED_EDGE('',*,*,#1453,.F.);
#1872=ORIENTED_EDGE('',*,*,#1454,.F.);
#1873=ORIENTED_EDGE('',*,*,#1455,.F.);
#1874=ORIENTED_EDGE('',*,*,#1456,.F.);
#1875=ORIENTED_EDGE('',*,*,#1457,.F.);
#1876=ORIENTED_EDGE('',*,*,#1426,.T.);
#1877=ORIENTED_EDGE('',*,*,#1458,.T.);
#1878=ORIENTED_EDGE('',*,*,#1459,.T.);
#1879=ORIENTED_EDGE('',*,*,#1460,.F.);
#1880=ORIENTED_EDGE('',*,*,#1424,.T.);
#1881=ORIENTED_EDGE('',*,*,#1461,.F.);
#1882=ORIENTED_EDGE('',*,*,#1462,.T.);
#1883=ORIENTED_EDGE('',*,*,#1463,.T.);
#1884=ORIENTED_EDGE('',*,*,#1464,.T.);
#1885=ORIENTED_EDGE('',*,*,#1465,.T.);
#1886=ORIENTED_EDGE('',*,*,#1437,.T.);
#1887=ORIENTED_EDGE('',*,*,#1466,.F.);
#1888=ORIENTED_EDGE('',*,*,#1467,.F.);
#1889=ORIENTED_EDGE('',*,*,#1468,.T.);
#1890=ORIENTED_EDGE('',*,*,#1435,.T.);
#1891=ORIENTED_EDGE('',*,*,#1469,.T.);
#1892=ORIENTED_EDGE('',*,*,#1470,.T.);
#1893=ORIENTED_EDGE('',*,*,#1471,.F.);
#1894=ORIENTED_EDGE('',*,*,#1439,.T.);
#1895=ORIENTED_EDGE('',*,*,#1472,.T.);
#1896=ORIENTED_EDGE('',*,*,#1473,.T.);
#1897=ORIENTED_EDGE('',*,*,#1474,.F.);
#1898=ORIENTED_EDGE('',*,*,#1475,.T.);
#1899=ORIENTED_EDGE('',*,*,#1476,.F.);
#1900=ORIENTED_EDGE('',*,*,#1433,.T.);
#1901=ORIENTED_EDGE('',*,*,#1477,.F.);
#1902=ORIENTED_EDGE('',*,*,#1478,.T.);
#1903=ORIENTED_EDGE('',*,*,#1479,.T.);
#1904=ORIENTED_EDGE('',*,*,#1480,.T.);
#1905=ORIENTED_EDGE('',*,*,#1481,.T.);
#1906=ORIENTED_EDGE('',*,*,#1440,.T.);
#1907=ORIENTED_EDGE('',*,*,#1482,.T.);
#1908=ORIENTED_EDGE('',*,*,#1483,.T.);
#1909=ORIENTED_EDGE('',*,*,#1484,.F.);
#1910=ORIENTED_EDGE('',*,*,#1423,.T.);
#1911=ORIENTED_EDGE('',*,*,#1485,.F.);
#1912=ORIENTED_EDGE('',*,*,#1486,.T.);
#1913=ORIENTED_EDGE('',*,*,#1461,.T.);
#1914=ORIENTED_EDGE('',*,*,#1448,.T.);
#1915=ORIENTED_EDGE('',*,*,#1487,.T.);
#1916=ORIENTED_EDGE('',*,*,#1488,.T.);
#1917=ORIENTED_EDGE('',*,*,#1489,.T.);
#1918=ORIENTED_EDGE('',*,*,#1490,.T.);
#1919=ORIENTED_EDGE('',*,*,#1482,.F.);
#1920=ORIENTED_EDGE('',*,*,#1447,.T.);
#1921=ORIENTED_EDGE('',*,*,#1491,.F.);
#1922=ORIENTED_EDGE('',*,*,#1492,.T.);
#1923=ORIENTED_EDGE('',*,*,#1487,.F.);
#1924=ORIENTED_EDGE('',*,*,#1425,.T.);
#1925=ORIENTED_EDGE('',*,*,#1465,.F.);
#1926=ORIENTED_EDGE('',*,*,#1493,.T.);
#1927=ORIENTED_EDGE('',*,*,#1458,.F.);
#1928=ORIENTED_EDGE('',*,*,#1446,.T.);
#1929=ORIENTED_EDGE('',*,*,#1494,.F.);
#1930=ORIENTED_EDGE('',*,*,#1495,.T.);
#1931=ORIENTED_EDGE('',*,*,#1491,.T.);
#1932=ORIENTED_EDGE('',*,*,#1449,.T.);
#1933=ORIENTED_EDGE('',*,*,#1496,.T.);
#1934=ORIENTED_EDGE('',*,*,#1497,.T.);
#1935=ORIENTED_EDGE('',*,*,#1498,.F.);
#1936=ORIENTED_EDGE('',*,*,#1431,.T.);
#1937=ORIENTED_EDGE('',*,*,#1476,.T.);
#1938=ORIENTED_EDGE('',*,*,#1499,.T.);
#1939=ORIENTED_EDGE('',*,*,#1500,.T.);
#1940=ORIENTED_EDGE('',*,*,#1501,.T.);
#1941=ORIENTED_EDGE('',*,*,#1502,.T.);
#1942=ORIENTED_EDGE('',*,*,#1503,.T.);
#1943=ORIENTED_EDGE('',*,*,#1504,.T.);
#1944=ORIENTED_EDGE('',*,*,#1450,.T.);
#1945=ORIENTED_EDGE('',*,*,#1505,.F.);
#1946=ORIENTED_EDGE('',*,*,#1506,.F.);
#1947=ORIENTED_EDGE('',*,*,#1507,.F.);
#1948=ORIENTED_EDGE('',*,*,#1508,.F.);
#1949=ORIENTED_EDGE('',*,*,#1509,.F.);
#1950=ORIENTED_EDGE('',*,*,#1432,.T.);
#1951=ORIENTED_EDGE('',*,*,#1510,.F.);
#1952=ORIENTED_EDGE('',*,*,#1511,.T.);
#1953=ORIENTED_EDGE('',*,*,#1477,.T.);
#1954=ORIENTED_EDGE('',*,*,#1457,.T.);
#1955=ORIENTED_EDGE('',*,*,#1512,.T.);
#1956=ORIENTED_EDGE('',*,*,#1513,.T.);
#1957=ORIENTED_EDGE('',*,*,#1514,.T.);
#1958=ORIENTED_EDGE('',*,*,#1515,.T.);
#1959=ORIENTED_EDGE('',*,*,#1496,.F.);
#1960=ORIENTED_EDGE('',*,*,#1456,.T.);
#1961=ORIENTED_EDGE('',*,*,#1516,.F.);
#1962=ORIENTED_EDGE('',*,*,#1517,.T.);
#1963=ORIENTED_EDGE('',*,*,#1512,.F.);
#1964=ORIENTED_EDGE('',*,*,#1438,.T.);
#1965=ORIENTED_EDGE('',*,*,#1468,.F.);
#1966=ORIENTED_EDGE('',*,*,#1518,.F.);
#1967=ORIENTED_EDGE('',*,*,#1519,.F.);
#1968=ORIENTED_EDGE('',*,*,#1520,.F.);
#1969=ORIENTED_EDGE('',*,*,#1521,.F.);
#1970=ORIENTED_EDGE('',*,*,#1452,.T.);
#1971=ORIENTED_EDGE('',*,*,#1522,.F.);
#1972=ORIENTED_EDGE('',*,*,#1523,.F.);
#1973=ORIENTED_EDGE('',*,*,#1524,.F.);
#1974=ORIENTED_EDGE('',*,*,#1525,.T.);
#1975=ORIENTED_EDGE('',*,*,#1526,.T.);
#1976=ORIENTED_EDGE('',*,*,#1527,.T.);
#1977=ORIENTED_EDGE('',*,*,#1528,.F.);
#1978=ORIENTED_EDGE('',*,*,#1529,.F.);
#1979=ORIENTED_EDGE('',*,*,#1472,.F.);
#1980=ORIENTED_EDGE('',*,*,#1434,.T.);
#1981=ORIENTED_EDGE('',*,*,#1481,.F.);
#1982=ORIENTED_EDGE('',*,*,#1530,.T.);
#1983=ORIENTED_EDGE('',*,*,#1469,.F.);
#1984=ORIENTED_EDGE('',*,*,#1455,.T.);
#1985=ORIENTED_EDGE('',*,*,#1531,.F.);
#1986=ORIENTED_EDGE('',*,*,#1532,.T.);
#1987=ORIENTED_EDGE('',*,*,#1516,.T.);
#1988=ORIENTED_EDGE('',*,*,#1533,.F.);
#1989=ORIENTED_EDGE('',*,*,#1534,.F.);
#1990=ORIENTED_EDGE('',*,*,#1535,.F.);
#1991=ORIENTED_EDGE('',*,*,#1536,.T.);
#1992=ORIENTED_EDGE('',*,*,#1502,.F.);
#1993=ORIENTED_EDGE('',*,*,#1537,.F.);
#1994=ORIENTED_EDGE('',*,*,#1525,.F.);
#1995=ORIENTED_EDGE('',*,*,#1538,.F.);
#1996=ORIENTED_EDGE('',*,*,#1539,.F.);
#1997=ORIENTED_EDGE('',*,*,#1540,.F.);
#1998=ORIENTED_EDGE('',*,*,#1541,.F.);
#1999=ORIENTED_EDGE('',*,*,#1542,.F.);
#2000=ORIENTED_EDGE('',*,*,#1543,.F.);
#2001=ORIENTED_EDGE('',*,*,#1544,.F.);
#2002=ORIENTED_EDGE('',*,*,#1545,.F.);
#2003=ORIENTED_EDGE('',*,*,#1536,.F.);
#2004=ORIENTED_EDGE('',*,*,#1546,.F.);
#2005=ORIENTED_EDGE('',*,*,#1547,.F.);
#2006=ORIENTED_EDGE('',*,*,#1548,.F.);
#2007=ORIENTED_EDGE('',*,*,#1549,.F.);
#2008=ORIENTED_EDGE('',*,*,#1550,.F.);
#2009=ORIENTED_EDGE('',*,*,#1544,.T.);
#2010=ORIENTED_EDGE('',*,*,#1551,.F.);
#2011=ORIENTED_EDGE('',*,*,#1552,.F.);
#2012=ORIENTED_EDGE('',*,*,#1553,.F.);
#2013=ORIENTED_EDGE('',*,*,#1554,.F.);
#2014=ORIENTED_EDGE('',*,*,#1555,.F.);
#2015=ORIENTED_EDGE('',*,*,#1556,.F.);
#2016=ORIENTED_EDGE('',*,*,#1557,.F.);
#2017=ORIENTED_EDGE('',*,*,#1558,.F.);
#2018=ORIENTED_EDGE('',*,*,#1559,.F.);
#2019=ORIENTED_EDGE('',*,*,#1547,.T.);
#2020=ORIENTED_EDGE('',*,*,#1500,.F.);
#2021=ORIENTED_EDGE('',*,*,#1560,.F.);
#2022=ORIENTED_EDGE('',*,*,#1561,.F.);
#2023=ORIENTED_EDGE('',*,*,#1562,.F.);
#2024=ORIENTED_EDGE('',*,*,#1527,.F.);
#2025=ORIENTED_EDGE('',*,*,#1563,.T.);
#2026=ORIENTED_EDGE('',*,*,#1501,.F.);
#2027=ORIENTED_EDGE('',*,*,#1563,.F.);
#2028=ORIENTED_EDGE('',*,*,#1526,.F.);
#2029=ORIENTED_EDGE('',*,*,#1537,.T.);
#2030=ORIENTED_EDGE('',*,*,#1564,.F.);
#2031=ORIENTED_EDGE('',*,*,#1565,.F.);
#2032=ORIENTED_EDGE('',*,*,#1566,.F.);
#2033=ORIENTED_EDGE('',*,*,#1542,.T.);
#2034=ORIENTED_EDGE('',*,*,#1567,.F.);
#2035=ORIENTED_EDGE('',*,*,#1568,.F.);
#2036=ORIENTED_EDGE('',*,*,#1569,.F.);
#2037=ORIENTED_EDGE('',*,*,#1570,.F.);
#2038=ORIENTED_EDGE('',*,*,#1571,.F.);
#2039=ORIENTED_EDGE('',*,*,#1572,.T.);
#2040=ORIENTED_EDGE('',*,*,#1573,.F.);
#2041=ORIENTED_EDGE('',*,*,#1572,.F.);
#2042=ORIENTED_EDGE('',*,*,#1574,.F.);
#2043=ORIENTED_EDGE('',*,*,#1552,.T.);
#2044=ORIENTED_EDGE('',*,*,#1557,.T.);
#2045=ORIENTED_EDGE('',*,*,#1546,.T.);
#2046=ORIENTED_EDGE('',*,*,#1559,.T.);
#2047=ORIENTED_EDGE('',*,*,#1575,.T.);
#2048=ORIENTED_EDGE('',*,*,#1478,.F.);
#2049=ORIENTED_EDGE('',*,*,#1511,.F.);
#2050=ORIENTED_EDGE('',*,*,#1576,.F.);
#2051=ORIENTED_EDGE('',*,*,#1577,.F.);
#2052=ORIENTED_EDGE('',*,*,#1578,.F.);
#2053=ORIENTED_EDGE('',*,*,#1579,.F.);
#2054=ORIENTED_EDGE('',*,*,#1580,.F.);
#2055=ORIENTED_EDGE('',*,*,#1581,.T.);
#2056=ORIENTED_EDGE('',*,*,#1533,.T.);
#2057=ORIENTED_EDGE('',*,*,#1545,.T.);
#2058=ORIENTED_EDGE('',*,*,#1535,.T.);
#2059=ORIENTED_EDGE('',*,*,#1582,.T.);
#2060=ORIENTED_EDGE('',*,*,#1583,.F.);
#2061=ORIENTED_EDGE('',*,*,#1584,.F.);
#2062=ORIENTED_EDGE('',*,*,#1585,.F.);
#2063=ORIENTED_EDGE('',*,*,#1586,.F.);
#2064=ORIENTED_EDGE('',*,*,#1587,.F.);
#2065=ORIENTED_EDGE('',*,*,#1483,.F.);
#2066=ORIENTED_EDGE('',*,*,#1490,.F.);
#2067=ORIENTED_EDGE('',*,*,#1588,.T.);
#2068=ORIENTED_EDGE('',*,*,#1539,.T.);
#2069=ORIENTED_EDGE('',*,*,#1589,.T.);
#2070=ORIENTED_EDGE('',*,*,#1590,.T.);
#2071=ORIENTED_EDGE('',*,*,#1591,.T.);
#2072=ORIENTED_EDGE('',*,*,#1592,.F.);
#2073=ORIENTED_EDGE('',*,*,#1562,.T.);
#2074=ORIENTED_EDGE('',*,*,#1593,.F.);
#2075=ORIENTED_EDGE('',*,*,#1594,.F.);
#2076=ORIENTED_EDGE('',*,*,#1528,.T.);
#2077=ORIENTED_EDGE('',*,*,#1538,.T.);
#2078=ORIENTED_EDGE('',*,*,#1524,.T.);
#2079=ORIENTED_EDGE('',*,*,#1595,.T.);
#2080=ORIENTED_EDGE('',*,*,#1589,.F.);
#2081=ORIENTED_EDGE('',*,*,#1564,.T.);
#2082=ORIENTED_EDGE('',*,*,#1541,.T.);
#2083=ORIENTED_EDGE('',*,*,#1566,.T.);
#2084=ORIENTED_EDGE('',*,*,#1596,.T.);
#2085=ORIENTED_EDGE('',*,*,#1597,.F.);
#2086=ORIENTED_EDGE('',*,*,#1598,.F.);
#2087=ORIENTED_EDGE('',*,*,#1599,.F.);
#2088=ORIENTED_EDGE('',*,*,#1600,.F.);
#2089=ORIENTED_EDGE('',*,*,#1601,.F.);
#2090=ORIENTED_EDGE('',*,*,#1497,.F.);
#2091=ORIENTED_EDGE('',*,*,#1515,.F.);
#2092=ORIENTED_EDGE('',*,*,#1602,.T.);
#2093=ORIENTED_EDGE('',*,*,#1548,.T.);
#2094=ORIENTED_EDGE('',*,*,#1543,.T.);
#2095=ORIENTED_EDGE('',*,*,#1550,.T.);
#2096=ORIENTED_EDGE('',*,*,#1603,.T.);
#2097=ORIENTED_EDGE('',*,*,#1462,.F.);
#2098=ORIENTED_EDGE('',*,*,#1486,.F.);
#2099=ORIENTED_EDGE('',*,*,#1604,.F.);
#2100=ORIENTED_EDGE('',*,*,#1605,.F.);
#2101=ORIENTED_EDGE('',*,*,#1606,.F.);
#2102=ORIENTED_EDGE('',*,*,#1607,.F.);
#2103=ORIENTED_EDGE('',*,*,#1608,.F.);
#2104=ORIENTED_EDGE('',*,*,#1609,.T.);
#2105=ORIENTED_EDGE('',*,*,#1556,.T.);
#2106=ORIENTED_EDGE('',*,*,#1610,.T.);
#2107=ORIENTED_EDGE('',*,*,#1611,.T.);
#2108=ORIENTED_EDGE('',*,*,#1612,.F.);
#2109=ORIENTED_EDGE('',*,*,#1555,.T.);
#2110=ORIENTED_EDGE('',*,*,#1613,.T.);
#2111=ORIENTED_EDGE('',*,*,#1614,.T.);
#2112=ORIENTED_EDGE('',*,*,#1615,.T.);
#2113=ORIENTED_EDGE('',*,*,#1610,.F.);
#2114=ORIENTED_EDGE('',*,*,#1429,.T.);
#2115=ORIENTED_EDGE('',*,*,#1616,.F.);
#2116=ORIENTED_EDGE('',*,*,#1617,.F.);
#2117=ORIENTED_EDGE('',*,*,#1618,.F.);
#2118=ORIENTED_EDGE('',*,*,#1619,.F.);
#2119=ORIENTED_EDGE('',*,*,#1620,.F.);
#2120=ORIENTED_EDGE('',*,*,#1443,.T.);
#2121=ORIENTED_EDGE('',*,*,#1621,.F.);
#2122=ORIENTED_EDGE('',*,*,#1622,.F.);
#2123=ORIENTED_EDGE('',*,*,#1623,.F.);
#2124=ORIENTED_EDGE('',*,*,#1553,.T.);
#2125=ORIENTED_EDGE('',*,*,#1574,.T.);
#2126=ORIENTED_EDGE('',*,*,#1571,.T.);
#2127=ORIENTED_EDGE('',*,*,#1624,.F.);
#2128=ORIENTED_EDGE('',*,*,#1625,.F.);
#2129=ORIENTED_EDGE('',*,*,#1626,.F.);
#2130=ORIENTED_EDGE('',*,*,#1570,.T.);
#2131=ORIENTED_EDGE('',*,*,#1627,.F.);
#2132=ORIENTED_EDGE('',*,*,#1628,.F.);
#2133=ORIENTED_EDGE('',*,*,#1624,.T.);
#2134=ORIENTED_EDGE('',*,*,#1554,.T.);
#2135=ORIENTED_EDGE('',*,*,#1623,.T.);
#2136=ORIENTED_EDGE('',*,*,#1629,.T.);
#2137=ORIENTED_EDGE('',*,*,#1613,.F.);
#2138=ORIENTED_EDGE('',*,*,#1630,.F.);
#2139=ORIENTED_EDGE('',*,*,#1631,.T.);
#2140=ORIENTED_EDGE('',*,*,#1632,.T.);
#2141=ORIENTED_EDGE('',*,*,#1631,.F.);
#2142=ORIENTED_EDGE('',*,*,#1632,.F.);
#2143=ORIENTED_EDGE('',*,*,#1633,.F.);
#2144=ORIENTED_EDGE('',*,*,#1634,.T.);
#2145=ORIENTED_EDGE('',*,*,#1635,.T.);
#2146=ORIENTED_EDGE('',*,*,#1634,.F.);
#2147=ORIENTED_EDGE('',*,*,#1635,.F.);
#2148=ORIENTED_EDGE('',*,*,#1636,.F.);
#2149=ORIENTED_EDGE('',*,*,#1637,.T.);
#2150=ORIENTED_EDGE('',*,*,#1638,.T.);
#2151=ORIENTED_EDGE('',*,*,#1637,.F.);
#2152=ORIENTED_EDGE('',*,*,#1638,.F.);
#2153=ORIENTED_EDGE('',*,*,#1639,.F.);
#2154=ORIENTED_EDGE('',*,*,#1640,.T.);
#2155=ORIENTED_EDGE('',*,*,#1641,.T.);
#2156=ORIENTED_EDGE('',*,*,#1640,.F.);
#2157=ORIENTED_EDGE('',*,*,#1641,.F.);
#2158=ORIENTED_EDGE('',*,*,#1642,.F.);
#2159=ORIENTED_EDGE('',*,*,#1643,.T.);
#2160=ORIENTED_EDGE('',*,*,#1644,.F.);
#2161=ORIENTED_EDGE('',*,*,#1643,.F.);
#2162=ORIENTED_EDGE('',*,*,#1642,.T.);
#2163=ORIENTED_EDGE('',*,*,#1645,.F.);
#2164=ORIENTED_EDGE('',*,*,#1646,.F.);
#2165=ORIENTED_EDGE('',*,*,#1647,.T.);
#2166=ORIENTED_EDGE('',*,*,#1648,.F.);
#2167=ORIENTED_EDGE('',*,*,#1647,.F.);
#2168=ORIENTED_EDGE('',*,*,#1646,.T.);
#2169=ORIENTED_EDGE('',*,*,#1649,.F.);
#2170=ORIENTED_EDGE('',*,*,#1650,.F.);
#2171=ORIENTED_EDGE('',*,*,#1651,.T.);
#2172=ORIENTED_EDGE('',*,*,#1652,.F.);
#2173=ORIENTED_EDGE('',*,*,#1651,.F.);
#2174=ORIENTED_EDGE('',*,*,#1650,.T.);
#2175=ORIENTED_EDGE('',*,*,#1653,.F.);
#2176=ORIENTED_EDGE('',*,*,#1654,.F.);
#2177=ORIENTED_EDGE('',*,*,#1655,.T.);
#2178=ORIENTED_EDGE('',*,*,#1656,.F.);
#2179=ORIENTED_EDGE('',*,*,#1655,.F.);
#2180=ORIENTED_EDGE('',*,*,#1654,.T.);
#2181=ORIENTED_EDGE('',*,*,#1657,.F.);
#2182=ORIENTED_EDGE('',*,*,#1658,.F.);
#2183=ORIENTED_EDGE('',*,*,#1659,.T.);
#2184=ORIENTED_EDGE('',*,*,#1645,.T.);
#2185=ORIENTED_EDGE('',*,*,#1659,.F.);
#2186=ORIENTED_EDGE('',*,*,#1660,.F.);
#2187=ORIENTED_EDGE('',*,*,#1661,.T.);
#2188=ORIENTED_EDGE('',*,*,#1649,.T.);
#2189=ORIENTED_EDGE('',*,*,#1661,.F.);
#2190=ORIENTED_EDGE('',*,*,#1662,.F.);
#2191=ORIENTED_EDGE('',*,*,#1663,.T.);
#2192=ORIENTED_EDGE('',*,*,#1653,.T.);
#2193=ORIENTED_EDGE('',*,*,#1663,.F.);
#2194=ORIENTED_EDGE('',*,*,#1664,.F.);
#2195=ORIENTED_EDGE('',*,*,#1665,.T.);
#2196=ORIENTED_EDGE('',*,*,#1657,.T.);
#2197=ORIENTED_EDGE('',*,*,#1665,.F.);
#2198=ORIENTED_EDGE('',*,*,#1666,.F.);
#2199=ORIENTED_EDGE('',*,*,#1667,.F.);
#2200=ORIENTED_EDGE('',*,*,#1668,.F.);
#2201=ORIENTED_EDGE('',*,*,#1669,.F.);
#2202=ORIENTED_EDGE('',*,*,#1670,.F.);
#2203=ORIENTED_EDGE('',*,*,#1671,.F.);
#2204=ORIENTED_EDGE('',*,*,#1672,.F.);
#2205=ORIENTED_EDGE('',*,*,#1673,.F.);
#2206=ORIENTED_EDGE('',*,*,#1674,.F.);
#2207=ORIENTED_EDGE('',*,*,#1675,.F.);
#2208=ORIENTED_EDGE('',*,*,#1667,.T.);
#2209=ORIENTED_EDGE('',*,*,#1669,.T.);
#2210=ORIENTED_EDGE('',*,*,#1676,.F.);
#2211=ORIENTED_EDGE('',*,*,#1677,.F.);
#2212=ORIENTED_EDGE('',*,*,#1678,.T.);
#2213=ORIENTED_EDGE('',*,*,#1668,.T.);
#2214=ORIENTED_EDGE('',*,*,#1679,.F.);
#2215=ORIENTED_EDGE('',*,*,#1680,.F.);
#2216=ORIENTED_EDGE('',*,*,#1676,.T.);
#2217=ORIENTED_EDGE('',*,*,#1675,.T.);
#2218=ORIENTED_EDGE('',*,*,#1681,.F.);
#2219=ORIENTED_EDGE('',*,*,#1682,.F.);
#2220=ORIENTED_EDGE('',*,*,#1679,.T.);
#2221=ORIENTED_EDGE('',*,*,#1674,.T.);
#2222=ORIENTED_EDGE('',*,*,#1683,.F.);
#2223=ORIENTED_EDGE('',*,*,#1684,.F.);
#2224=ORIENTED_EDGE('',*,*,#1681,.T.);
#2225=ORIENTED_EDGE('',*,*,#1673,.T.);
#2226=ORIENTED_EDGE('',*,*,#1685,.F.);
#2227=ORIENTED_EDGE('',*,*,#1686,.F.);
#2228=ORIENTED_EDGE('',*,*,#1683,.T.);
#2229=ORIENTED_EDGE('',*,*,#1672,.T.);
#2230=ORIENTED_EDGE('',*,*,#1687,.F.);
#2231=ORIENTED_EDGE('',*,*,#1688,.F.);
#2232=ORIENTED_EDGE('',*,*,#1685,.T.);
#2233=ORIENTED_EDGE('',*,*,#1671,.T.);
#2234=ORIENTED_EDGE('',*,*,#1689,.F.);
#2235=ORIENTED_EDGE('',*,*,#1690,.F.);
#2236=ORIENTED_EDGE('',*,*,#1687,.T.);
#2237=ORIENTED_EDGE('',*,*,#1670,.T.);
#2238=ORIENTED_EDGE('',*,*,#1678,.F.);
#2239=ORIENTED_EDGE('',*,*,#1691,.F.);
#2240=ORIENTED_EDGE('',*,*,#1689,.T.);
#2241=ORIENTED_EDGE('',*,*,#1692,.F.);
#2242=ORIENTED_EDGE('',*,*,#1693,.T.);
#2243=ORIENTED_EDGE('',*,*,#1694,.T.);
#2244=ORIENTED_EDGE('',*,*,#1695,.F.);
#2245=ORIENTED_EDGE('',*,*,#1696,.F.);
#2246=ORIENTED_EDGE('',*,*,#1695,.T.);
#2247=ORIENTED_EDGE('',*,*,#1697,.T.);
#2248=ORIENTED_EDGE('',*,*,#1698,.F.);
#2249=ORIENTED_EDGE('',*,*,#1699,.F.);
#2250=ORIENTED_EDGE('',*,*,#1698,.T.);
#2251=ORIENTED_EDGE('',*,*,#1700,.T.);
#2252=ORIENTED_EDGE('',*,*,#1701,.F.);
#2253=ORIENTED_EDGE('',*,*,#1702,.F.);
#2254=ORIENTED_EDGE('',*,*,#1701,.T.);
#2255=ORIENTED_EDGE('',*,*,#1703,.T.);
#2256=ORIENTED_EDGE('',*,*,#1704,.F.);
#2257=ORIENTED_EDGE('',*,*,#1705,.F.);
#2258=ORIENTED_EDGE('',*,*,#1704,.T.);
#2259=ORIENTED_EDGE('',*,*,#1706,.T.);
#2260=ORIENTED_EDGE('',*,*,#1707,.F.);
#2261=ORIENTED_EDGE('',*,*,#1708,.F.);
#2262=ORIENTED_EDGE('',*,*,#1709,.T.);
#2263=ORIENTED_EDGE('',*,*,#1710,.T.);
#2264=ORIENTED_EDGE('',*,*,#1693,.F.);
#2265=ORIENTED_EDGE('',*,*,#1711,.F.);
#2266=ORIENTED_EDGE('',*,*,#1712,.T.);
#2267=ORIENTED_EDGE('',*,*,#1713,.T.);
#2268=ORIENTED_EDGE('',*,*,#1709,.F.);
#2269=ORIENTED_EDGE('',*,*,#1714,.F.);
#2270=ORIENTED_EDGE('',*,*,#1707,.T.);
#2271=ORIENTED_EDGE('',*,*,#1715,.T.);
#2272=ORIENTED_EDGE('',*,*,#1712,.F.);
#2273=ORIENTED_EDGE('',*,*,#1715,.F.);
#2274=ORIENTED_EDGE('',*,*,#1706,.F.);
#2275=ORIENTED_EDGE('',*,*,#1703,.F.);
#2276=ORIENTED_EDGE('',*,*,#1700,.F.);
#2277=ORIENTED_EDGE('',*,*,#1697,.F.);
#2278=ORIENTED_EDGE('',*,*,#1694,.F.);
#2279=ORIENTED_EDGE('',*,*,#1710,.F.);
#2280=ORIENTED_EDGE('',*,*,#1713,.F.);
#2281=ORIENTED_EDGE('',*,*,#1677,.T.);
#2282=ORIENTED_EDGE('',*,*,#1680,.T.);
#2283=ORIENTED_EDGE('',*,*,#1682,.T.);
#2284=ORIENTED_EDGE('',*,*,#1684,.T.);
#2285=ORIENTED_EDGE('',*,*,#1686,.T.);
#2286=ORIENTED_EDGE('',*,*,#1688,.T.);
#2287=ORIENTED_EDGE('',*,*,#1690,.T.);
#2288=ORIENTED_EDGE('',*,*,#1691,.T.);
#2289=ORIENTED_EDGE('',*,*,#1716,.F.);
#2290=ORIENTED_EDGE('',*,*,#1717,.T.);
#2291=ORIENTED_EDGE('',*,*,#1718,.T.);
#2292=ORIENTED_EDGE('',*,*,#1717,.F.);
#2293=ORIENTED_EDGE('',*,*,#1718,.F.);
#2294=ORIENTED_EDGE('',*,*,#1639,.T.);
#2295=ORIENTED_EDGE('',*,*,#1719,.F.);
#2296=ORIENTED_EDGE('',*,*,#1720,.T.);
#2297=ORIENTED_EDGE('',*,*,#1721,.T.);
#2298=ORIENTED_EDGE('',*,*,#1720,.F.);
#2299=ORIENTED_EDGE('',*,*,#1721,.F.);
#2300=ORIENTED_EDGE('',*,*,#1636,.T.);
#2301=ORIENTED_EDGE('',*,*,#1722,.F.);
#2302=ORIENTED_EDGE('',*,*,#1723,.T.);
#2303=ORIENTED_EDGE('',*,*,#1724,.T.);
#2304=ORIENTED_EDGE('',*,*,#1723,.F.);
#2305=ORIENTED_EDGE('',*,*,#1724,.F.);
#2306=ORIENTED_EDGE('',*,*,#1633,.T.);
#2307=ORIENTED_EDGE('',*,*,#1725,.F.);
#2308=ORIENTED_EDGE('',*,*,#1726,.T.);
#2309=ORIENTED_EDGE('',*,*,#1727,.T.);
#2310=ORIENTED_EDGE('',*,*,#1726,.F.);
#2311=ORIENTED_EDGE('',*,*,#1727,.F.);
#2312=ORIENTED_EDGE('',*,*,#1630,.T.);
#2313=ORIENTED_EDGE('',*,*,#1728,.F.);
#2314=ORIENTED_EDGE('',*,*,#1729,.F.);
#2315=ORIENTED_EDGE('',*,*,#1730,.F.);
#2316=ORIENTED_EDGE('',*,*,#1731,.F.);
#2317=ORIENTED_EDGE('',*,*,#1732,.F.);
#2318=ORIENTED_EDGE('',*,*,#1733,.F.);
#2319=ORIENTED_EDGE('',*,*,#1734,.F.);
#2320=ORIENTED_EDGE('',*,*,#1735,.F.);
#2321=ORIENTED_EDGE('',*,*,#1664,.T.);
#2322=ORIENTED_EDGE('',*,*,#1662,.T.);
#2323=ORIENTED_EDGE('',*,*,#1660,.T.);
#2324=ORIENTED_EDGE('',*,*,#1658,.T.);
#2325=ORIENTED_EDGE('',*,*,#1427,.T.);
#2326=ORIENTED_EDGE('',*,*,#1460,.T.);
#2327=ORIENTED_EDGE('',*,*,#1736,.F.);
#2328=ORIENTED_EDGE('',*,*,#1463,.F.);
#2329=ORIENTED_EDGE('',*,*,#1603,.F.);
#2330=ORIENTED_EDGE('',*,*,#1549,.T.);
#2331=ORIENTED_EDGE('',*,*,#1609,.F.);
#2332=ORIENTED_EDGE('',*,*,#1737,.F.);
#2333=ORIENTED_EDGE('',*,*,#1738,.F.);
#2334=ORIENTED_EDGE('',*,*,#1739,.T.);
#2335=ORIENTED_EDGE('',*,*,#1740,.F.);
#2336=ORIENTED_EDGE('',*,*,#1741,.F.);
#2337=ORIENTED_EDGE('',*,*,#1596,.F.);
#2338=ORIENTED_EDGE('',*,*,#1565,.T.);
#2339=ORIENTED_EDGE('',*,*,#1602,.F.);
#2340=ORIENTED_EDGE('',*,*,#1514,.F.);
#2341=ORIENTED_EDGE('',*,*,#1742,.F.);
#2342=ORIENTED_EDGE('',*,*,#1531,.T.);
#2343=ORIENTED_EDGE('',*,*,#1454,.T.);
#2344=ORIENTED_EDGE('',*,*,#1743,.T.);
#2345=ORIENTED_EDGE('',*,*,#1744,.T.);
#2346=ORIENTED_EDGE('',*,*,#1745,.T.);
#2347=ORIENTED_EDGE('',*,*,#1746,.T.);
#2348=ORIENTED_EDGE('',*,*,#1466,.T.);
#2349=ORIENTED_EDGE('',*,*,#1436,.T.);
#2350=ORIENTED_EDGE('',*,*,#1471,.T.);
#2351=ORIENTED_EDGE('',*,*,#1747,.F.);
#2352=ORIENTED_EDGE('',*,*,#1479,.F.);
#2353=ORIENTED_EDGE('',*,*,#1575,.F.);
#2354=ORIENTED_EDGE('',*,*,#1558,.T.);
#2355=ORIENTED_EDGE('',*,*,#1581,.F.);
#2356=ORIENTED_EDGE('',*,*,#1748,.F.);
#2357=ORIENTED_EDGE('',*,*,#1749,.F.);
#2358=ORIENTED_EDGE('',*,*,#1750,.T.);
#2359=ORIENTED_EDGE('',*,*,#1751,.F.);
#2360=ORIENTED_EDGE('',*,*,#1752,.F.);
#2361=ORIENTED_EDGE('',*,*,#1582,.F.);
#2362=ORIENTED_EDGE('',*,*,#1534,.T.);
#2363=ORIENTED_EDGE('',*,*,#1588,.F.);
#2364=ORIENTED_EDGE('',*,*,#1489,.F.);
#2365=ORIENTED_EDGE('',*,*,#1753,.F.);
#2366=ORIENTED_EDGE('',*,*,#1494,.T.);
#2367=ORIENTED_EDGE('',*,*,#1445,.T.);
#2368=ORIENTED_EDGE('',*,*,#1754,.T.);
#2369=ORIENTED_EDGE('',*,*,#1755,.T.);
#2370=ORIENTED_EDGE('',*,*,#1756,.T.);
#2371=ORIENTED_EDGE('',*,*,#1757,.T.);
#2372=ORIENTED_EDGE('',*,*,#1758,.T.);
#2373=ORIENTED_EDGE('',*,*,#1451,.T.);
#2374=ORIENTED_EDGE('',*,*,#1504,.F.);
#2375=ORIENTED_EDGE('',*,*,#1759,.F.);
#2376=ORIENTED_EDGE('',*,*,#1591,.F.);
#2377=ORIENTED_EDGE('',*,*,#1760,.F.);
#2378=ORIENTED_EDGE('',*,*,#1522,.T.);
#2379=ORIENTED_EDGE('',*,*,#1601,.T.);
#2380=ORIENTED_EDGE('',*,*,#1761,.T.);
#2381=ORIENTED_EDGE('',*,*,#1762,.F.);
#2382=ORIENTED_EDGE('',*,*,#1505,.T.);
#2383=ORIENTED_EDGE('',*,*,#1498,.T.);
#2384=ORIENTED_EDGE('',*,*,#1442,.T.);
#2385=ORIENTED_EDGE('',*,*,#1763,.F.);
#2386=ORIENTED_EDGE('',*,*,#1611,.F.);
#2387=ORIENTED_EDGE('',*,*,#1615,.F.);
#2388=ORIENTED_EDGE('',*,*,#1764,.F.);
#2389=ORIENTED_EDGE('',*,*,#1621,.T.);
#2390=ORIENTED_EDGE('',*,*,#1583,.T.);
#2391=ORIENTED_EDGE('',*,*,#1752,.T.);
#2392=ORIENTED_EDGE('',*,*,#1765,.T.);
#2393=ORIENTED_EDGE('',*,*,#1766,.T.);
#2394=ORIENTED_EDGE('',*,*,#1767,.T.);
#2395=ORIENTED_EDGE('',*,*,#1748,.T.);
#2396=ORIENTED_EDGE('',*,*,#1580,.T.);
#2397=ORIENTED_EDGE('',*,*,#1768,.F.);
#2398=ORIENTED_EDGE('',*,*,#1422,.T.);
#2399=ORIENTED_EDGE('',*,*,#1769,.T.);
#2400=ORIENTED_EDGE('',*,*,#1770,.T.);
#2401=ORIENTED_EDGE('',*,*,#1567,.T.);
#2402=ORIENTED_EDGE('',*,*,#1573,.T.);
#2403=ORIENTED_EDGE('',*,*,#1551,.T.);
#2404=ORIENTED_EDGE('',*,*,#1612,.T.);
#2405=ORIENTED_EDGE('',*,*,#1763,.T.);
#2406=ORIENTED_EDGE('',*,*,#1441,.T.);
#2407=ORIENTED_EDGE('',*,*,#1771,.F.);
#2408=ORIENTED_EDGE('',*,*,#1772,.F.);
#2409=ORIENTED_EDGE('',*,*,#1773,.F.);
#2410=ORIENTED_EDGE('',*,*,#1774,.F.);
#2411=ORIENTED_EDGE('',*,*,#1775,.F.);
#2412=ORIENTED_EDGE('',*,*,#1587,.T.);
#2413=ORIENTED_EDGE('',*,*,#1776,.T.);
#2414=ORIENTED_EDGE('',*,*,#1777,.F.);
#2415=ORIENTED_EDGE('',*,*,#1771,.T.);
#2416=ORIENTED_EDGE('',*,*,#1484,.T.);
#2417=ORIENTED_EDGE('',*,*,#1585,.T.);
#2418=ORIENTED_EDGE('',*,*,#1778,.T.);
#2419=ORIENTED_EDGE('',*,*,#1578,.T.);
#2420=ORIENTED_EDGE('',*,*,#1779,.T.);
#2421=ORIENTED_EDGE('',*,*,#1584,.T.);
#2422=ORIENTED_EDGE('',*,*,#1768,.T.);
#2423=ORIENTED_EDGE('',*,*,#1579,.T.);
#2424=ORIENTED_EDGE('',*,*,#1778,.F.);
#2425=ORIENTED_EDGE('',*,*,#1598,.T.);
#2426=ORIENTED_EDGE('',*,*,#1780,.T.);
#2427=ORIENTED_EDGE('',*,*,#1607,.T.);
#2428=ORIENTED_EDGE('',*,*,#1781,.F.);
#2429=ORIENTED_EDGE('',*,*,#1600,.T.);
#2430=ORIENTED_EDGE('',*,*,#1782,.F.);
#2431=ORIENTED_EDGE('',*,*,#1605,.T.);
#2432=ORIENTED_EDGE('',*,*,#1783,.F.);
#2433=ORIENTED_EDGE('',*,*,#1784,.F.);
#2434=ORIENTED_EDGE('',*,*,#1785,.F.);
#2435=ORIENTED_EDGE('',*,*,#1786,.F.);
#2436=ORIENTED_EDGE('',*,*,#1776,.F.);
#2437=ORIENTED_EDGE('',*,*,#1586,.T.);
#2438=ORIENTED_EDGE('',*,*,#1779,.F.);
#2439=ORIENTED_EDGE('',*,*,#1577,.T.);
#2440=ORIENTED_EDGE('',*,*,#1787,.F.);
#2441=ORIENTED_EDGE('',*,*,#1788,.F.);
#2442=ORIENTED_EDGE('',*,*,#1789,.F.);
#2443=ORIENTED_EDGE('',*,*,#1790,.F.);
#2444=ORIENTED_EDGE('',*,*,#1761,.F.);
#2445=ORIENTED_EDGE('',*,*,#1705,.T.);
#2446=ORIENTED_EDGE('',*,*,#1714,.T.);
#2447=ORIENTED_EDGE('',*,*,#1711,.T.);
#2448=ORIENTED_EDGE('',*,*,#1708,.T.);
#2449=ORIENTED_EDGE('',*,*,#1692,.T.);
#2450=ORIENTED_EDGE('',*,*,#1696,.T.);
#2451=ORIENTED_EDGE('',*,*,#1699,.T.);
#2452=ORIENTED_EDGE('',*,*,#1702,.T.);
#2453=ORIENTED_EDGE('',*,*,#1716,.T.);
#2454=ORIENTED_EDGE('',*,*,#1719,.T.);
#2455=ORIENTED_EDGE('',*,*,#1722,.T.);
#2456=ORIENTED_EDGE('',*,*,#1725,.T.);
#2457=ORIENTED_EDGE('',*,*,#1604,.T.);
#2458=ORIENTED_EDGE('',*,*,#1485,.T.);
#2459=ORIENTED_EDGE('',*,*,#1775,.T.);
#2460=ORIENTED_EDGE('',*,*,#1791,.T.);
#2461=ORIENTED_EDGE('',*,*,#1783,.T.);
#2462=ORIENTED_EDGE('',*,*,#1599,.T.);
#2463=ORIENTED_EDGE('',*,*,#1781,.T.);
#2464=ORIENTED_EDGE('',*,*,#1606,.T.);
#2465=ORIENTED_EDGE('',*,*,#1782,.T.);
#2466=ORIENTED_EDGE('',*,*,#1430,.T.);
#2467=ORIENTED_EDGE('',*,*,#1626,.T.);
#2468=ORIENTED_EDGE('',*,*,#1792,.T.);
#2469=ORIENTED_EDGE('',*,*,#1793,.F.);
#2470=ORIENTED_EDGE('',*,*,#1794,.T.);
#2471=ORIENTED_EDGE('',*,*,#1769,.F.);
#2472=ORIENTED_EDGE('',*,*,#1464,.F.);
#2473=ORIENTED_EDGE('',*,*,#1736,.T.);
#2474=ORIENTED_EDGE('',*,*,#1459,.F.);
#2475=ORIENTED_EDGE('',*,*,#1493,.F.);
#2476=ORIENTED_EDGE('',*,*,#1795,.F.);
#2477=ORIENTED_EDGE('',*,*,#1796,.F.);
#2478=ORIENTED_EDGE('',*,*,#1797,.F.);
#2479=ORIENTED_EDGE('',*,*,#1738,.T.);
#2480=ORIENTED_EDGE('',*,*,#1767,.F.);
#2481=ORIENTED_EDGE('',*,*,#1798,.F.);
#2482=ORIENTED_EDGE('',*,*,#1799,.F.);
#2483=ORIENTED_EDGE('',*,*,#1749,.T.);
#2484=ORIENTED_EDGE('',*,*,#1480,.F.);
#2485=ORIENTED_EDGE('',*,*,#1747,.T.);
#2486=ORIENTED_EDGE('',*,*,#1470,.F.);
#2487=ORIENTED_EDGE('',*,*,#1530,.F.);
#2488=ORIENTED_EDGE('',*,*,#1488,.F.);
#2489=ORIENTED_EDGE('',*,*,#1492,.F.);
#2490=ORIENTED_EDGE('',*,*,#1495,.F.);
#2491=ORIENTED_EDGE('',*,*,#1753,.T.);
#2492=ORIENTED_EDGE('',*,*,#1765,.F.);
#2493=ORIENTED_EDGE('',*,*,#1751,.T.);
#2494=ORIENTED_EDGE('',*,*,#1800,.F.);
#2495=ORIENTED_EDGE('',*,*,#1801,.F.);
#2496=ORIENTED_EDGE('',*,*,#1802,.F.);
#2497=ORIENTED_EDGE('',*,*,#1740,.T.);
#2498=ORIENTED_EDGE('',*,*,#1803,.F.);
#2499=ORIENTED_EDGE('',*,*,#1804,.F.);
#2500=ORIENTED_EDGE('',*,*,#1513,.F.);
#2501=ORIENTED_EDGE('',*,*,#1517,.F.);
#2502=ORIENTED_EDGE('',*,*,#1532,.F.);
#2503=ORIENTED_EDGE('',*,*,#1742,.T.);
#2504=ORIENTED_EDGE('',*,*,#1444,.T.);
#2505=ORIENTED_EDGE('',*,*,#1620,.T.);
#2506=ORIENTED_EDGE('',*,*,#1805,.T.);
#2507=ORIENTED_EDGE('',*,*,#1754,.F.);
#2508=ORIENTED_EDGE('',*,*,#1799,.T.);
#2509=ORIENTED_EDGE('',*,*,#1806,.T.);
#2510=ORIENTED_EDGE('',*,*,#1800,.T.);
#2511=ORIENTED_EDGE('',*,*,#1750,.F.);
#2512=ORIENTED_EDGE('',*,*,#1597,.T.);
#2513=ORIENTED_EDGE('',*,*,#1741,.T.);
#2514=ORIENTED_EDGE('',*,*,#1802,.T.);
#2515=ORIENTED_EDGE('',*,*,#1807,.T.);
#2516=ORIENTED_EDGE('',*,*,#1795,.T.);
#2517=ORIENTED_EDGE('',*,*,#1737,.T.);
#2518=ORIENTED_EDGE('',*,*,#1608,.T.);
#2519=ORIENTED_EDGE('',*,*,#1780,.F.);
#2520=ORIENTED_EDGE('',*,*,#1798,.T.);
#2521=ORIENTED_EDGE('',*,*,#1766,.F.);
#2522=ORIENTED_EDGE('',*,*,#1801,.T.);
#2523=ORIENTED_EDGE('',*,*,#1806,.F.);
#2524=ORIENTED_EDGE('',*,*,#1453,.T.);
#2525=ORIENTED_EDGE('',*,*,#1521,.T.);
#2526=ORIENTED_EDGE('',*,*,#1808,.T.);
#2527=ORIENTED_EDGE('',*,*,#1743,.F.);
#2528=ORIENTED_EDGE('',*,*,#1428,.T.);
#2529=ORIENTED_EDGE('',*,*,#1758,.F.);
#2530=ORIENTED_EDGE('',*,*,#1809,.F.);
#2531=ORIENTED_EDGE('',*,*,#1616,.T.);
#2532=ORIENTED_EDGE('',*,*,#1590,.F.);
#2533=ORIENTED_EDGE('',*,*,#1595,.F.);
#2534=ORIENTED_EDGE('',*,*,#1523,.T.);
#2535=ORIENTED_EDGE('',*,*,#1760,.T.);
#2536=ORIENTED_EDGE('',*,*,#1810,.F.);
#2537=ORIENTED_EDGE('',*,*,#1473,.F.);
#2538=ORIENTED_EDGE('',*,*,#1529,.T.);
#2539=ORIENTED_EDGE('',*,*,#1594,.T.);
#2540=ORIENTED_EDGE('',*,*,#1757,.F.);
#2541=ORIENTED_EDGE('',*,*,#1811,.F.);
#2542=ORIENTED_EDGE('',*,*,#1617,.T.);
#2543=ORIENTED_EDGE('',*,*,#1809,.T.);
#2544=ORIENTED_EDGE('',*,*,#1756,.F.);
#2545=ORIENTED_EDGE('',*,*,#1812,.F.);
#2546=ORIENTED_EDGE('',*,*,#1618,.T.);
#2547=ORIENTED_EDGE('',*,*,#1811,.T.);
#2548=ORIENTED_EDGE('',*,*,#1755,.F.);
#2549=ORIENTED_EDGE('',*,*,#1805,.F.);
#2550=ORIENTED_EDGE('',*,*,#1619,.T.);
#2551=ORIENTED_EDGE('',*,*,#1812,.T.);
#2552=ORIENTED_EDGE('',*,*,#1813,.F.);
#2553=ORIENTED_EDGE('',*,*,#1792,.F.);
#2554=ORIENTED_EDGE('',*,*,#1625,.T.);
#2555=ORIENTED_EDGE('',*,*,#1628,.T.);
#2556=ORIENTED_EDGE('',*,*,#1614,.F.);
#2557=ORIENTED_EDGE('',*,*,#1629,.F.);
#2558=ORIENTED_EDGE('',*,*,#1622,.T.);
#2559=ORIENTED_EDGE('',*,*,#1764,.T.);
#2560=ORIENTED_EDGE('',*,*,#1746,.F.);
#2561=ORIENTED_EDGE('',*,*,#1814,.F.);
#2562=ORIENTED_EDGE('',*,*,#1518,.T.);
#2563=ORIENTED_EDGE('',*,*,#1467,.T.);
#2564=ORIENTED_EDGE('',*,*,#1745,.F.);
#2565=ORIENTED_EDGE('',*,*,#1815,.F.);
#2566=ORIENTED_EDGE('',*,*,#1519,.T.);
#2567=ORIENTED_EDGE('',*,*,#1814,.T.);
#2568=ORIENTED_EDGE('',*,*,#1744,.F.);
#2569=ORIENTED_EDGE('',*,*,#1808,.F.);
#2570=ORIENTED_EDGE('',*,*,#1520,.T.);
#2571=ORIENTED_EDGE('',*,*,#1815,.T.);
#2572=ORIENTED_EDGE('',*,*,#1797,.T.);
#2573=ORIENTED_EDGE('',*,*,#1816,.T.);
#2574=ORIENTED_EDGE('',*,*,#1803,.T.);
#2575=ORIENTED_EDGE('',*,*,#1739,.F.);
#2576=ORIENTED_EDGE('',*,*,#1796,.T.);
#2577=ORIENTED_EDGE('',*,*,#1807,.F.);
#2578=ORIENTED_EDGE('',*,*,#1804,.T.);
#2579=ORIENTED_EDGE('',*,*,#1816,.F.);
#2580=ORIENTED_EDGE('',*,*,#1569,.T.);
#2581=ORIENTED_EDGE('',*,*,#1817,.F.);
#2582=ORIENTED_EDGE('',*,*,#1793,.T.);
#2583=ORIENTED_EDGE('',*,*,#1813,.T.);
#2584=ORIENTED_EDGE('',*,*,#1627,.T.);
#2585=ORIENTED_EDGE('',*,*,#1561,.T.);
#2586=ORIENTED_EDGE('',*,*,#1818,.F.);
#2587=ORIENTED_EDGE('',*,*,#1474,.T.);
#2588=ORIENTED_EDGE('',*,*,#1810,.T.);
#2589=ORIENTED_EDGE('',*,*,#1593,.T.);
#2590=ORIENTED_EDGE('',*,*,#1568,.T.);
#2591=ORIENTED_EDGE('',*,*,#1770,.F.);
#2592=ORIENTED_EDGE('',*,*,#1794,.F.);
#2593=ORIENTED_EDGE('',*,*,#1817,.T.);
#2594=ORIENTED_EDGE('',*,*,#1540,.T.);
#2595=ORIENTED_EDGE('',*,*,#1592,.T.);
#2596=ORIENTED_EDGE('',*,*,#1759,.T.);
#2597=ORIENTED_EDGE('',*,*,#1503,.F.);
#2598=ORIENTED_EDGE('',*,*,#1560,.T.);
#2599=ORIENTED_EDGE('',*,*,#1499,.F.);
#2600=ORIENTED_EDGE('',*,*,#1475,.F.);
#2601=ORIENTED_EDGE('',*,*,#1818,.T.);
#2602=ORIENTED_EDGE('',*,*,#1819,.T.);
#2603=ORIENTED_EDGE('',*,*,#1820,.F.);
#2604=ORIENTED_EDGE('',*,*,#1821,.F.);
#2605=ORIENTED_EDGE('',*,*,#1734,.T.);
#2606=ORIENTED_EDGE('',*,*,#1822,.T.);
#2607=ORIENTED_EDGE('',*,*,#1823,.F.);
#2608=ORIENTED_EDGE('',*,*,#1819,.F.);
#2609=ORIENTED_EDGE('',*,*,#1733,.T.);
#2610=ORIENTED_EDGE('',*,*,#1824,.T.);
#2611=ORIENTED_EDGE('',*,*,#1825,.F.);
#2612=ORIENTED_EDGE('',*,*,#1822,.F.);
#2613=ORIENTED_EDGE('',*,*,#1732,.T.);
#2614=ORIENTED_EDGE('',*,*,#1826,.T.);
#2615=ORIENTED_EDGE('',*,*,#1827,.F.);
#2616=ORIENTED_EDGE('',*,*,#1824,.F.);
#2617=ORIENTED_EDGE('',*,*,#1731,.T.);
#2618=ORIENTED_EDGE('',*,*,#1576,.T.);
#2619=ORIENTED_EDGE('',*,*,#1510,.T.);
#2620=ORIENTED_EDGE('',*,*,#1509,.T.);
#2621=ORIENTED_EDGE('',*,*,#1828,.T.);
#2622=ORIENTED_EDGE('',*,*,#1787,.T.);
#2623=ORIENTED_EDGE('',*,*,#1508,.T.);
#2624=ORIENTED_EDGE('',*,*,#1829,.T.);
#2625=ORIENTED_EDGE('',*,*,#1788,.T.);
#2626=ORIENTED_EDGE('',*,*,#1828,.F.);
#2627=ORIENTED_EDGE('',*,*,#1507,.T.);
#2628=ORIENTED_EDGE('',*,*,#1830,.T.);
#2629=ORIENTED_EDGE('',*,*,#1789,.T.);
#2630=ORIENTED_EDGE('',*,*,#1829,.F.);
#2631=ORIENTED_EDGE('',*,*,#1506,.T.);
#2632=ORIENTED_EDGE('',*,*,#1762,.T.);
#2633=ORIENTED_EDGE('',*,*,#1790,.T.);
#2634=ORIENTED_EDGE('',*,*,#1830,.F.);
#2635=ORIENTED_EDGE('',*,*,#1774,.T.);
#2636=ORIENTED_EDGE('',*,*,#1831,.T.);
#2637=ORIENTED_EDGE('',*,*,#1784,.T.);
#2638=ORIENTED_EDGE('',*,*,#1791,.F.);
#2639=ORIENTED_EDGE('',*,*,#1773,.T.);
#2640=ORIENTED_EDGE('',*,*,#1832,.T.);
#2641=ORIENTED_EDGE('',*,*,#1785,.T.);
#2642=ORIENTED_EDGE('',*,*,#1831,.F.);
#2643=ORIENTED_EDGE('',*,*,#1772,.T.);
#2644=ORIENTED_EDGE('',*,*,#1777,.T.);
#2645=ORIENTED_EDGE('',*,*,#1786,.T.);
#2646=ORIENTED_EDGE('',*,*,#1832,.F.);
#2647=ORIENTED_EDGE('',*,*,#1821,.T.);
#2648=ORIENTED_EDGE('',*,*,#1833,.F.);
#2649=ORIENTED_EDGE('',*,*,#1834,.F.);
#2650=ORIENTED_EDGE('',*,*,#1735,.T.);
#2651=ORIENTED_EDGE('',*,*,#1834,.T.);
#2652=ORIENTED_EDGE('',*,*,#1835,.F.);
#2653=ORIENTED_EDGE('',*,*,#1836,.F.);
#2654=ORIENTED_EDGE('',*,*,#1728,.T.);
#2655=ORIENTED_EDGE('',*,*,#1836,.T.);
#2656=ORIENTED_EDGE('',*,*,#1837,.F.);
#2657=ORIENTED_EDGE('',*,*,#1838,.F.);
#2658=ORIENTED_EDGE('',*,*,#1729,.T.);
#2659=ORIENTED_EDGE('',*,*,#1838,.T.);
#2660=ORIENTED_EDGE('',*,*,#1839,.F.);
#2661=ORIENTED_EDGE('',*,*,#1826,.F.);
#2662=ORIENTED_EDGE('',*,*,#1730,.T.);
#2663=ORIENTED_EDGE('',*,*,#1827,.T.);
#2664=ORIENTED_EDGE('',*,*,#1839,.T.);
#2665=ORIENTED_EDGE('',*,*,#1837,.T.);
#2666=ORIENTED_EDGE('',*,*,#1835,.T.);
#2667=ORIENTED_EDGE('',*,*,#1833,.T.);
#2668=ORIENTED_EDGE('',*,*,#1820,.T.);
#2669=ORIENTED_EDGE('',*,*,#1823,.T.);
#2670=ORIENTED_EDGE('',*,*,#1825,.T.);
#2671=ORIENTED_EDGE('',*,*,#1666,.T.);
#2672=ORIENTED_EDGE('',*,*,#1656,.T.);
#2673=ORIENTED_EDGE('',*,*,#1652,.T.);
#2674=ORIENTED_EDGE('',*,*,#1648,.T.);
#2675=ORIENTED_EDGE('',*,*,#1644,.T.);
#2676=CYLINDRICAL_SURFACE('',#2911,0.5);
#2677=CYLINDRICAL_SURFACE('',#2917,0.5);
#2678=CYLINDRICAL_SURFACE('',#2923,0.5);
#2679=CYLINDRICAL_SURFACE('',#2929,0.5);
#2680=CYLINDRICAL_SURFACE('',#2976,0.1);
#2681=CYLINDRICAL_SURFACE('',#2987,0.1);
#2682=CYLINDRICAL_SURFACE('',#2992,0.0999999999999996);
#2683=CYLINDRICAL_SURFACE('',#2996,0.0999999999999996);
#2684=CYLINDRICAL_SURFACE('',#3001,0.45);
#2685=CYLINDRICAL_SURFACE('',#3006,0.45);
#2686=CYLINDRICAL_SURFACE('',#3016,0.45);
#2687=CYLINDRICAL_SURFACE('',#3021,0.45);
#2688=CYLINDRICAL_SURFACE('',#3026,0.4);
#2689=CYLINDRICAL_SURFACE('',#3038,0.2);
#2690=CYLINDRICAL_SURFACE('',#3042,0.2);
#2691=CYLINDRICAL_SURFACE('',#3046,0.2);
#2692=CYLINDRICAL_SURFACE('',#3050,0.2);
#2693=CYLINDRICAL_SURFACE('',#3054,0.32);
#2694=CYLINDRICAL_SURFACE('',#3059,0.32);
#2695=CYLINDRICAL_SURFACE('',#3064,0.32);
#2696=CYLINDRICAL_SURFACE('',#3069,0.32);
#2697=CYLINDRICAL_SURFACE('',#3074,0.17);
#2698=CYLINDRICAL_SURFACE('',#3076,0.17);
#2699=CYLINDRICAL_SURFACE('',#3078,0.17);
#2700=CYLINDRICAL_SURFACE('',#3080,0.17);
#2701=CYLINDRICAL_SURFACE('',#3087,0.1);
#2702=CYLINDRICAL_SURFACE('',#3090,0.1);
#2703=CYLINDRICAL_SURFACE('',#3093,0.1);
#2704=CYLINDRICAL_SURFACE('',#3096,0.1);
#2705=CYLINDRICAL_SURFACE('',#3099,0.15);
#2706=CYLINDRICAL_SURFACE('',#3103,0.15);
#2707=CYLINDRICAL_SURFACE('',#3107,0.15);
#2708=CYLINDRICAL_SURFACE('',#3111,0.15);
#2709=CYLINDRICAL_SURFACE('',#3115,0.45);
#2710=CYLINDRICAL_SURFACE('',#3119,0.45);
#2711=CYLINDRICAL_SURFACE('',#3123,0.45);
#2712=CYLINDRICAL_SURFACE('',#3127,0.45);
#2713=CYLINDRICAL_SURFACE('',#3168,0.5);
#2714=CYLINDRICAL_SURFACE('',#3169,0.5);
#2715=CYLINDRICAL_SURFACE('',#3171,0.5);
#2716=CYLINDRICAL_SURFACE('',#3173,0.5);
#2717=CYLINDRICAL_SURFACE('',#3174,0.5);
#2718=CYLINDRICAL_SURFACE('',#3175,0.5);
#2719=CYLINDRICAL_SURFACE('',#3177,0.5);
#2720=CYLINDRICAL_SURFACE('',#3179,0.5);
#2721=CYLINDRICAL_SURFACE('',#3186,0.1);
#2722=CYLINDRICAL_SURFACE('',#3187,0.0999999999999996);
#2723=CYLINDRICAL_SURFACE('',#3189,0.199999999999999);
#2724=CYLINDRICAL_SURFACE('',#3191,0.2);
#2725=CYLINDRICAL_SURFACE('',#3192,0.0999999999999996);
#2726=CYLINDRICAL_SURFACE('',#3194,0.1);
#2727=CYLINDRICAL_SURFACE('',#3195,0.199999999999999);
#2728=CYLINDRICAL_SURFACE('',#3197,0.2);
#2729=CYLINDRICAL_SURFACE('',#3204,0.399999999999999);
#2730=CYLINDRICAL_SURFACE('',#3205,0.4);
#2731=CYLINDRICAL_SURFACE('',#3206,0.399999999999999);
#2732=CYLINDRICAL_SURFACE('',#3208,0.5);
#2733=CYLINDRICAL_SURFACE('',#3211,0.5);
#2734=CYLINDRICAL_SURFACE('',#3214,0.25);
#2735=CYLINDRICAL_SURFACE('',#3216,0.25);
#2736=CYLINDRICAL_SURFACE('',#3217,0.25);
#2737=CYLINDRICAL_SURFACE('',#3219,0.25);
#2738=CYLINDRICAL_SURFACE('',#3220,0.5);
#2739=CYLINDRICAL_SURFACE('',#3223,0.5);
#2740=ADVANCED_FACE('',(#133),#2676,.F.);
#2741=ADVANCED_FACE('',(#134),#2677,.F.);
#2742=ADVANCED_FACE('',(#135),#2678,.F.);
#2743=ADVANCED_FACE('',(#136),#2679,.F.);
#2744=ADVANCED_FACE('',(#137),#41,.T.);
#2745=ADVANCED_FACE('',(#138),#42,.T.);
#2746=ADVANCED_FACE('',(#139),#43,.T.);
#2747=ADVANCED_FACE('',(#140),#44,.T.);
#2748=ADVANCED_FACE('',(#141),#45,.T.);
#2749=ADVANCED_FACE('',(#142),#46,.T.);
#2750=ADVANCED_FACE('',(#143),#47,.T.);
#2751=ADVANCED_FACE('',(#144),#48,.T.);
#2752=ADVANCED_FACE('',(#145),#49,.T.);
#2753=ADVANCED_FACE('',(#146),#50,.F.);
#2754=ADVANCED_FACE('',(#147),#51,.F.);
#2755=ADVANCED_FACE('',(#148),#52,.T.);
#2756=ADVANCED_FACE('',(#149),#53,.T.);
#2757=ADVANCED_FACE('',(#150),#54,.T.);
#2758=ADVANCED_FACE('',(#151),#55,.T.);
#2759=ADVANCED_FACE('',(#152),#56,.T.);
#2760=ADVANCED_FACE('',(#153),#57,.F.);
#2761=ADVANCED_FACE('',(#154),#58,.F.);
#2762=ADVANCED_FACE('',(#155),#59,.F.);
#2763=ADVANCED_FACE('',(#156),#60,.T.);
#2764=ADVANCED_FACE('',(#157),#61,.F.);
#2765=ADVANCED_FACE('',(#158),#2680,.F.);
#2766=ADVANCED_FACE('',(#159),#62,.F.);
#2767=ADVANCED_FACE('',(#160),#63,.F.);
#2768=ADVANCED_FACE('',(#161),#64,.F.);
#2769=ADVANCED_FACE('',(#162),#65,.F.);
#2770=ADVANCED_FACE('',(#163),#66,.F.);
#2771=ADVANCED_FACE('',(#164),#2681,.F.);
#2772=ADVANCED_FACE('',(#165),#67,.F.);
#2773=ADVANCED_FACE('',(#166),#2682,.F.);
#2774=ADVANCED_FACE('',(#167),#68,.F.);
#2775=ADVANCED_FACE('',(#168),#69,.F.);
#2776=ADVANCED_FACE('',(#169),#2683,.F.);
#2777=ADVANCED_FACE('',(#170),#70,.F.);
#2778=ADVANCED_FACE('',(#171),#2684,.T.);
#2779=ADVANCED_FACE('',(#172),#2685,.T.);
#2780=ADVANCED_FACE('',(#173),#71,.F.);
#2781=ADVANCED_FACE('',(#174),#72,.T.);
#2782=ADVANCED_FACE('',(#175),#73,.T.);
#2783=ADVANCED_FACE('',(#176),#2686,.T.);
#2784=ADVANCED_FACE('',(#177),#2687,.T.);
#2785=ADVANCED_FACE('',(#178),#2688,.F.);
#2786=ADVANCED_FACE('',(#179),#74,.F.);
#2787=ADVANCED_FACE('',(#180),#75,.F.);
#2788=ADVANCED_FACE('',(#181),#76,.T.);
#2789=ADVANCED_FACE('',(#182),#77,.T.);
#2790=ADVANCED_FACE('',(#183),#2689,.F.);
#2791=ADVANCED_FACE('',(#184),#78,.F.);
#2792=ADVANCED_FACE('',(#185),#2690,.F.);
#2793=ADVANCED_FACE('',(#186),#79,.F.);
#2794=ADVANCED_FACE('',(#187),#2691,.F.);
#2795=ADVANCED_FACE('',(#188),#80,.F.);
#2796=ADVANCED_FACE('',(#189),#2692,.F.);
#2797=ADVANCED_FACE('',(#190),#81,.F.);
#2798=ADVANCED_FACE('',(#191),#2693,.F.);
#2799=ADVANCED_FACE('',(#192,#17),#82,.T.);
#2800=ADVANCED_FACE('',(#193),#2694,.F.);
#2801=ADVANCED_FACE('',(#194,#18),#83,.T.);
#2802=ADVANCED_FACE('',(#195),#2695,.F.);
#2803=ADVANCED_FACE('',(#196,#19),#84,.T.);
#2804=ADVANCED_FACE('',(#197),#2696,.F.);
#2805=ADVANCED_FACE('',(#198,#20),#85,.T.);
#2806=ADVANCED_FACE('',(#199),#2697,.F.);
#2807=ADVANCED_FACE('',(#200),#2698,.F.);
#2808=ADVANCED_FACE('',(#201),#2699,.F.);
#2809=ADVANCED_FACE('',(#202),#2700,.F.);
#2810=ADVANCED_FACE('',(#203),#16,.F.);
#2811=ADVANCED_FACE('',(#204),#86,.F.);
#2812=ADVANCED_FACE('',(#205),#2701,.F.);
#2813=ADVANCED_FACE('',(#206),#87,.F.);
#2814=ADVANCED_FACE('',(#207),#2702,.F.);
#2815=ADVANCED_FACE('',(#208),#88,.F.);
#2816=ADVANCED_FACE('',(#209),#2703,.F.);
#2817=ADVANCED_FACE('',(#210),#89,.F.);
#2818=ADVANCED_FACE('',(#211),#2704,.F.);
#2819=ADVANCED_FACE('',(#212),#90,.F.);
#2820=ADVANCED_FACE('',(#213),#2705,.F.);
#2821=ADVANCED_FACE('',(#214),#91,.F.);
#2822=ADVANCED_FACE('',(#215),#2706,.F.);
#2823=ADVANCED_FACE('',(#216),#92,.F.);
#2824=ADVANCED_FACE('',(#217),#2707,.F.);
#2825=ADVANCED_FACE('',(#218),#93,.F.);
#2826=ADVANCED_FACE('',(#219),#2708,.F.);
#2827=ADVANCED_FACE('',(#220,#21),#94,.F.);
#2828=ADVANCED_FACE('',(#221),#2709,.T.);
#2829=ADVANCED_FACE('',(#222,#22),#95,.F.);
#2830=ADVANCED_FACE('',(#223),#2710,.T.);
#2831=ADVANCED_FACE('',(#224,#23),#96,.F.);
#2832=ADVANCED_FACE('',(#225),#2711,.T.);
#2833=ADVANCED_FACE('',(#226,#24),#97,.F.);
#2834=ADVANCED_FACE('',(#227),#2712,.T.);
#2835=ADVANCED_FACE('',(#228,#25),#98,.F.);
#2836=ADVANCED_FACE('',(#229,#26,#27,#28,#29,#30),#99,.F.);
#2837=ADVANCED_FACE('',(#230),#100,.T.);
#2838=ADVANCED_FACE('',(#231),#101,.F.);
#2839=ADVANCED_FACE('',(#232),#102,.T.);
#2840=ADVANCED_FACE('',(#233),#103,.T.);
#2841=ADVANCED_FACE('',(#234),#104,.T.);
#2842=ADVANCED_FACE('',(#235),#105,.F.);
#2843=ADVANCED_FACE('',(#236),#106,.F.);
#2844=ADVANCED_FACE('',(#237),#107,.T.);
#2845=ADVANCED_FACE('',(#238),#108,.T.);
#2846=ADVANCED_FACE('',(#239,#31,#32,#33,#34,#35),#109,.F.);
#2847=ADVANCED_FACE('',(#240),#110,.F.);
#2848=ADVANCED_FACE('',(#241),#111,.F.);
#2849=ADVANCED_FACE('',(#242),#112,.T.);
#2850=ADVANCED_FACE('',(#243),#2713,.F.);
#2851=ADVANCED_FACE('',(#244),#2714,.F.);
#2852=ADVANCED_FACE('',(#245),#2715,.F.);
#2853=ADVANCED_FACE('',(#246),#2716,.F.);
#2854=ADVANCED_FACE('',(#247),#2717,.F.);
#2855=ADVANCED_FACE('',(#248),#2718,.F.);
#2856=ADVANCED_FACE('',(#249),#2719,.F.);
#2857=ADVANCED_FACE('',(#250),#2720,.F.);
#2858=ADVANCED_FACE('',(#251),#113,.T.);
#2859=ADVANCED_FACE('',(#252),#114,.T.);
#2860=ADVANCED_FACE('',(#253),#115,.T.);
#2861=ADVANCED_FACE('',(#254),#116,.F.);
#2862=ADVANCED_FACE('',(#255),#117,.T.);
#2863=ADVANCED_FACE('',(#256),#118,.T.);
#2864=ADVANCED_FACE('',(#257),#2721,.F.);
#2865=ADVANCED_FACE('',(#258),#2722,.F.);
#2866=ADVANCED_FACE('',(#259),#2723,.T.);
#2867=ADVANCED_FACE('',(#260),#119,.T.);
#2868=ADVANCED_FACE('',(#261),#2724,.T.);
#2869=ADVANCED_FACE('',(#262),#2725,.F.);
#2870=ADVANCED_FACE('',(#263),#2726,.F.);
#2871=ADVANCED_FACE('',(#264),#2727,.T.);
#2872=ADVANCED_FACE('',(#265),#120,.T.);
#2873=ADVANCED_FACE('',(#266),#2728,.T.);
#2874=ADVANCED_FACE('',(#267),#121,.T.);
#2875=ADVANCED_FACE('',(#268),#122,.F.);
#2876=ADVANCED_FACE('',(#269),#123,.F.);
#2877=ADVANCED_FACE('',(#270),#124,.F.);
#2878=ADVANCED_FACE('',(#271),#2729,.F.);
#2879=ADVANCED_FACE('',(#272),#2730,.F.);
#2880=ADVANCED_FACE('',(#273),#2731,.F.);
#2881=ADVANCED_FACE('',(#274),#125,.T.);
#2882=ADVANCED_FACE('',(#275),#2732,.T.);
#2883=ADVANCED_FACE('',(#276),#126,.T.);
#2884=ADVANCED_FACE('',(#277),#2733,.T.);
#2885=ADVANCED_FACE('',(#278),#127,.F.);
#2886=ADVANCED_FACE('',(#279),#2734,.F.);
#2887=ADVANCED_FACE('',(#280),#128,.F.);
#2888=ADVANCED_FACE('',(#281),#2735,.F.);
#2889=ADVANCED_FACE('',(#282),#2736,.F.);
#2890=ADVANCED_FACE('',(#283),#129,.F.);
#2891=ADVANCED_FACE('',(#284),#2737,.F.);
#2892=ADVANCED_FACE('',(#285),#2738,.T.);
#2893=ADVANCED_FACE('',(#286),#130,.T.);
#2894=ADVANCED_FACE('',(#287),#2739,.T.);
#2895=ADVANCED_FACE('',(#288),#131,.T.);
#2896=ADVANCED_FACE('',(#289,#36,#37,#38,#39,#40),#132,.T.);
#2897=CLOSED_SHELL('',(#2740,#2741,#2742,#2743,#2744,#2745,#2746,#2747,
#2748,#2749,#2750,#2751,#2752,#2753,#2754,#2755,#2756,#2757,#2758,#2759,
#2760,#2761,#2762,#2763,#2764,#2765,#2766,#2767,#2768,#2769,#2770,#2771,
#2772,#2773,#2774,#2775,#2776,#2777,#2778,#2779,#2780,#2781,#2782,#2783,
#2784,#2785,#2786,#2787,#2788,#2789,#2790,#2791,#2792,#2793,#2794,#2795,
#2796,#2797,#2798,#2799,#2800,#2801,#2802,#2803,#2804,#2805,#2806,#2807,
#2808,#2809,#2810,#2811,#2812,#2813,#2814,#2815,#2816,#2817,#2818,#2819,
#2820,#2821,#2822,#2823,#2824,#2825,#2826,#2827,#2828,#2829,#2830,#2831,
#2832,#2833,#2834,#2835,#2836,#2837,#2838,#2839,#2840,#2841,#2842,#2843,
#2844,#2845,#2846,#2847,#2848,#2849,#2850,#2851,#2852,#2853,#2854,#2855,
#2856,#2857,#2858,#2859,#2860,#2861,#2862,#2863,#2864,#2865,#2866,#2867,
#2868,#2869,#2870,#2871,#2872,#2873,#2874,#2875,#2876,#2877,#2878,#2879,
#2880,#2881,#2882,#2883,#2884,#2885,#2886,#2887,#2888,#2889,#2890,#2891,
#2892,#2893,#2894,#2895,#2896));
#2898=DERIVED_UNIT_ELEMENT(#2900,1.);
#2899=DERIVED_UNIT_ELEMENT(#5232,-3.);
#2900=(
MASS_UNIT()
NAMED_UNIT(*)
SI_UNIT(.KILO.,.GRAM.)
);
#2901=DERIVED_UNIT((#2898,#2899));
#2902=MEASURE_REPRESENTATION_ITEM('density measure',
POSITIVE_RATIO_MEASURE(7850.),#2901);
#2903=PROPERTY_DEFINITION_REPRESENTATION(#2908,#2905);
#2904=PROPERTY_DEFINITION_REPRESENTATION(#2909,#2906);
#2905=REPRESENTATION('material name',(#2907),#5229);
#2906=REPRESENTATION('density',(#2902),#5229);
#2907=DESCRIPTIVE_REPRESENTATION_ITEM('Steel','Steel');
#2908=PROPERTY_DEFINITION('material property','material name',#5239);
#2909=PROPERTY_DEFINITION('material property','density of part',#5239);
#2910=AXIS2_PLACEMENT_3D('',#4118,#3227,#3228);
#2911=AXIS2_PLACEMENT_3D('',#4119,#3229,#3230);
#2912=AXIS2_PLACEMENT_3D('',#4122,#3231,#3232);
#2913=AXIS2_PLACEMENT_3D('',#4124,#3233,#3234);
#2914=AXIS2_PLACEMENT_3D('',#4128,#3236,#3237);
#2915=AXIS2_PLACEMENT_3D('',#4132,#3239,#3240);
#2916=AXIS2_PLACEMENT_3D('',#4136,#3242,#3243);
#2917=AXIS2_PLACEMENT_3D('',#4138,#3245,#3246);
#2918=AXIS2_PLACEMENT_3D('',#4141,#3247,#3248);
#2919=AXIS2_PLACEMENT_3D('',#4143,#3249,#3250);
#2920=AXIS2_PLACEMENT_3D('',#4147,#3252,#3253);
#2921=AXIS2_PLACEMENT_3D('',#4151,#3255,#3256);
#2922=AXIS2_PLACEMENT_3D('',#4155,#3258,#3259);
#2923=AXIS2_PLACEMENT_3D('',#4157,#3261,#3262);
#2924=AXIS2_PLACEMENT_3D('',#4160,#3263,#3264);
#2925=AXIS2_PLACEMENT_3D('',#4162,#3265,#3266);
#2926=AXIS2_PLACEMENT_3D('',#4166,#3268,#3269);
#2927=AXIS2_PLACEMENT_3D('',#4170,#3271,#3272);
#2928=AXIS2_PLACEMENT_3D('',#4174,#3274,#3275);
#2929=AXIS2_PLACEMENT_3D('',#4176,#3277,#3278);
#2930=AXIS2_PLACEMENT_3D('',#4179,#3279,#3280);
#2931=AXIS2_PLACEMENT_3D('',#4181,#3281,#3282);
#2932=AXIS2_PLACEMENT_3D('',#4185,#3284,#3285);
#2933=AXIS2_PLACEMENT_3D('',#4189,#3287,#3288);
#2934=AXIS2_PLACEMENT_3D('',#4193,#3290,#3291);
#2935=AXIS2_PLACEMENT_3D('',#4195,#3293,#3294);
#2936=AXIS2_PLACEMENT_3D('',#4201,#3298,#3299);
#2937=AXIS2_PLACEMENT_3D('',#4211,#3305,#3306);
#2938=AXIS2_PLACEMENT_3D('',#4217,#3310,#3311);
#2939=AXIS2_PLACEMENT_3D('',#4223,#3315,#3316);
#2940=AXIS2_PLACEMENT_3D('',#4233,#3322,#3323);
#2941=AXIS2_PLACEMENT_3D('',#4243,#3329,#3330);
#2942=AXIS2_PLACEMENT_3D('',#4247,#3332,#3333);
#2943=AXIS2_PLACEMENT_3D('',#4249,#3335,#3336);
#2944=AXIS2_PLACEMENT_3D('',#4252,#3338,#3339);
#2945=AXIS2_PLACEMENT_3D('',#4253,#3340,#3341);
#2946=AXIS2_PLACEMENT_3D('',#4261,#3346,#3347);
#2947=AXIS2_PLACEMENT_3D('',#4264,#3349,#3350);
#2948=AXIS2_PLACEMENT_3D('',#4265,#3351,#3352);
#2949=AXIS2_PLACEMENT_3D('',#4266,#3353,#3354);
#2950=AXIS2_PLACEMENT_3D('',#4267,#3355,#3356);
#2951=AXIS2_PLACEMENT_3D('',#4271,#3359,#3360);
#2952=AXIS2_PLACEMENT_3D('',#4275,#3362,#3363);
#2953=AXIS2_PLACEMENT_3D('',#4277,#3365,#3366);
#2954=AXIS2_PLACEMENT_3D('',#4279,#3367,#3368);
#2955=AXIS2_PLACEMENT_3D('',#4281,#3369,#3370);
#2956=AXIS2_PLACEMENT_3D('',#4285,#3372,#3373);
#2957=AXIS2_PLACEMENT_3D('',#4287,#3374,#3375);
#2958=AXIS2_PLACEMENT_3D('',#4292,#3378,#3379);
#2959=AXIS2_PLACEMENT_3D('',#4296,#3381,#3382);
#2960=AXIS2_PLACEMENT_3D('',#4298,#3384,#3385);
#2961=AXIS2_PLACEMENT_3D('',#4301,#3387,#3388);
#2962=AXIS2_PLACEMENT_3D('',#4302,#3389,#3390);
#2963=AXIS2_PLACEMENT_3D('',#4310,#3395,#3396);
#2964=AXIS2_PLACEMENT_3D('',#4313,#3398,#3399);
#2965=AXIS2_PLACEMENT_3D('',#4314,#3400,#3401);
#2966=AXIS2_PLACEMENT_3D('',#4316,#3402,#3403);
#2967=AXIS2_PLACEMENT_3D('',#4320,#3405,#3406);
#2968=AXIS2_PLACEMENT_3D('',#4325,#3409,#3410);
#2969=AXIS2_PLACEMENT_3D('',#4329,#3412,#3413);
#2970=AXIS2_PLACEMENT_3D('',#4333,#3415,#3416);
#2971=AXIS2_PLACEMENT_3D('',#4336,#3418,#3419);
#2972=AXIS2_PLACEMENT_3D('',#4337,#3420,#3421);
#2973=AXIS2_PLACEMENT_3D('',#4338,#3422,#3423);
#2974=AXIS2_PLACEMENT_3D('',#4339,#3424,#3425);
#2975=AXIS2_PLACEMENT_3D('',#4343,#3428,#3429);
#2976=AXIS2_PLACEMENT_3D('',#4352,#3434,#3435);
#2977=AXIS2_PLACEMENT_3D('',#4357,#3438,#3439);
#2978=AXIS2_PLACEMENT_3D('',#4359,#3441,#3442);
#2979=AXIS2_PLACEMENT_3D('',#4362,#3443,#3444);
#2980=AXIS2_PLACEMENT_3D('',#4364,#3446,#3447);
#2981=AXIS2_PLACEMENT_3D('',#4367,#3448,#3449);
#2982=AXIS2_PLACEMENT_3D('',#4369,#3451,#3452);
#2983=AXIS2_PLACEMENT_3D('',#4370,#3453,#3454);
#2984=AXIS2_PLACEMENT_3D('',#4371,#3455,#3456);
#2985=AXIS2_PLACEMENT_3D('',#4374,#3457,#3458);
#2986=AXIS2_PLACEMENT_3D('',#4376,#3460,#3461);
#2987=AXIS2_PLACEMENT_3D('',#4382,#3465,#3466);
#2988=AXIS2_PLACEMENT_3D('',#4385,#3467,#3468);
#2989=AXIS2_PLACEMENT_3D('',#4389,#3470,#3471);
#2990=AXIS2_PLACEMENT_3D('',#4393,#3473,#3474);
#2991=AXIS2_PLACEMENT_3D('',#4395,#3476,#3477);
#2992=AXIS2_PLACEMENT_3D('',#4401,#3481,#3482);
#2993=AXIS2_PLACEMENT_3D('',#4405,#3484,#3485);
#2994=AXIS2_PLACEMENT_3D('',#4408,#3488,#3489);
#2995=AXIS2_PLACEMENT_3D('',#4409,#3490,#3491);
#2996=AXIS2_PLACEMENT_3D('',#4415,#3495,#3496);
#2997=AXIS2_PLACEMENT_3D('',#4418,#3497,#3498);
#2998=AXIS2_PLACEMENT_3D('',#4422,#3500,#3501);
#2999=AXIS2_PLACEMENT_3D('',#4426,#3503,#3504);
#3000=AXIS2_PLACEMENT_3D('',#4428,#3506,#3507);
#3001=AXIS2_PLACEMENT_3D('',#4431,#3510,#3511);
#3002=AXIS2_PLACEMENT_3D('',#4432,#3512,#3513);
#3003=AXIS2_PLACEMENT_3D('',#4436,#3515,#3516);
#3004=AXIS2_PLACEMENT_3D('',#4440,#3518,#3519);
#3005=AXIS2_PLACEMENT_3D('',#4443,#3521,#3522);
#3006=AXIS2_PLACEMENT_3D('',#4444,#3523,#3524);
#3007=AXIS2_PLACEMENT_3D('',#4446,#3525,#3526);
#3008=AXIS2_PLACEMENT_3D('',#4450,#3528,#3529);
#3009=AXIS2_PLACEMENT_3D('',#4454,#3531,#3532);
#3010=AXIS2_PLACEMENT_3D('',#4456,#3534,#3535);
#3011=AXIS2_PLACEMENT_3D('',#4457,#3536,#3537);
#3012=AXIS2_PLACEMENT_3D('',#4461,#3539,#3540);
#3013=AXIS2_PLACEMENT_3D('',#4464,#3542,#3543);
#3014=AXIS2_PLACEMENT_3D('',#4465,#3544,#3545);
#3015=AXIS2_PLACEMENT_3D('',#4469,#3548,#3549);
#3016=AXIS2_PLACEMENT_3D('',#4471,#3551,#3552);
#3017=AXIS2_PLACEMENT_3D('',#4473,#3553,#3554);
#3018=AXIS2_PLACEMENT_3D('',#4477,#3556,#3557);
#3019=AXIS2_PLACEMENT_3D('',#4481,#3559,#3560);
#3020=AXIS2_PLACEMENT_3D('',#4483,#3562,#3563);
#3021=AXIS2_PLACEMENT_3D('',#4484,#3564,#3565);
#3022=AXIS2_PLACEMENT_3D('',#4485,#3566,#3567);
#3023=AXIS2_PLACEMENT_3D('',#4489,#3569,#3570);
#3024=AXIS2_PLACEMENT_3D('',#4493,#3572,#3573);
#3025=AXIS2_PLACEMENT_3D('',#4496,#3575,#3576);
#3026=AXIS2_PLACEMENT_3D('',#4497,#3577,#3578);
#3027=AXIS2_PLACEMENT_3D('',#4499,#3579,#3580);
#3028=AXIS2_PLACEMENT_3D('',#4502,#3582,#3583);
#3029=AXIS2_PLACEMENT_3D('',#4503,#3584,#3585);
#3030=AXIS2_PLACEMENT_3D('',#4507,#3587,#3588);
#3031=AXIS2_PLACEMENT_3D('',#4509,#3590,#3591);
#3032=AXIS2_PLACEMENT_3D('',#4513,#3593,#3594);
#3033=AXIS2_PLACEMENT_3D('',#4517,#3596,#3597);
#3034=AXIS2_PLACEMENT_3D('',#4522,#3600,#3601);
#3035=AXIS2_PLACEMENT_3D('',#4527,#3604,#3605);
#3036=AXIS2_PLACEMENT_3D('',#4529,#3607,#3608);
#3037=AXIS2_PLACEMENT_3D('',#4533,#3611,#3612);
#3038=AXIS2_PLACEMENT_3D('',#4535,#3614,#3615);
#3039=AXIS2_PLACEMENT_3D('',#4537,#3616,#3617);
#3040=AXIS2_PLACEMENT_3D('',#4540,#3619,#3620);
#3041=AXIS2_PLACEMENT_3D('',#4541,#3621,#3622);
#3042=AXIS2_PLACEMENT_3D('',#4542,#3623,#3624);
#3043=AXIS2_PLACEMENT_3D('',#4544,#3625,#3626);
#3044=AXIS2_PLACEMENT_3D('',#4547,#3628,#3629);
#3045=AXIS2_PLACEMENT_3D('',#4548,#3630,#3631);
#3046=AXIS2_PLACEMENT_3D('',#4549,#3632,#3633);
#3047=AXIS2_PLACEMENT_3D('',#4551,#3634,#3635);
#3048=AXIS2_PLACEMENT_3D('',#4554,#3637,#3638);
#3049=AXIS2_PLACEMENT_3D('',#4555,#3639,#3640);
#3050=AXIS2_PLACEMENT_3D('',#4556,#3641,#3642);
#3051=AXIS2_PLACEMENT_3D('',#4558,#3643,#3644);
#3052=AXIS2_PLACEMENT_3D('',#4561,#3646,#3647);
#3053=AXIS2_PLACEMENT_3D('',#4562,#3648,#3649);
#3054=AXIS2_PLACEMENT_3D('',#4563,#3650,#3651);
#3055=AXIS2_PLACEMENT_3D('',#4565,#3652,#3653);
#3056=AXIS2_PLACEMENT_3D('',#4568,#3655,#3656);
#3057=AXIS2_PLACEMENT_3D('',#4569,#3657,#3658);
#3058=AXIS2_PLACEMENT_3D('',#4571,#3659,#3660);
#3059=AXIS2_PLACEMENT_3D('',#4572,#3661,#3662);
#3060=AXIS2_PLACEMENT_3D('',#4574,#3663,#3664);
#3061=AXIS2_PLACEMENT_3D('',#4577,#3666,#3667);
#3062=AXIS2_PLACEMENT_3D('',#4578,#3668,#3669);
#3063=AXIS2_PLACEMENT_3D('',#4580,#3670,#3671);
#3064=AXIS2_PLACEMENT_3D('',#4581,#3672,#3673);
#3065=AXIS2_PLACEMENT_3D('',#4583,#3674,#3675);
#3066=AXIS2_PLACEMENT_3D('',#4586,#3677,#3678);
#3067=AXIS2_PLACEMENT_3D('',#4587,#3679,#3680);
#3068=AXIS2_PLACEMENT_3D('',#4589,#3681,#3682);
#3069=AXIS2_PLACEMENT_3D('',#4590,#3683,#3684);
#3070=AXIS2_PLACEMENT_3D('',#4592,#3685,#3686);
#3071=AXIS2_PLACEMENT_3D('',#4595,#3688,#3689);
#3072=AXIS2_PLACEMENT_3D('',#4596,#3690,#3691);
#3073=AXIS2_PLACEMENT_3D('',#4598,#3692,#3693);
#3074=AXIS2_PLACEMENT_3D('',#4599,#3694,#3695);
#3075=AXIS2_PLACEMENT_3D('',#4601,#3696,#3697);
#3076=AXIS2_PLACEMENT_3D('',#4603,#3699,#3700);
#3077=AXIS2_PLACEMENT_3D('',#4605,#3701,#3702);
#3078=AXIS2_PLACEMENT_3D('',#4607,#3704,#3705);
#3079=AXIS2_PLACEMENT_3D('',#4609,#3706,#3707);
#3080=AXIS2_PLACEMENT_3D('',#4611,#3709,#3710);
#3081=AXIS2_PLACEMENT_3D('',#4613,#3711,#3712);
#3082=AXIS2_PLACEMENT_3D('',#4877,#3715,#3716);
#3083=AXIS2_PLACEMENT_3D('',#4881,#3718,#3719);
#3084=AXIS2_PLACEMENT_3D('',#4885,#3721,#3722);
#3085=AXIS2_PLACEMENT_3D('',#4889,#3724,#3725);
#3086=AXIS2_PLACEMENT_3D('',#4891,#3727,#3728);
#3087=AXIS2_PLACEMENT_3D('',#4897,#3732,#3733);
#3088=AXIS2_PLACEMENT_3D('',#4900,#3735,#3736);
#3089=AXIS2_PLACEMENT_3D('',#4901,#3737,#3738);
#3090=AXIS2_PLACEMENT_3D('',#4905,#3741,#3742);
#3091=AXIS2_PLACEMENT_3D('',#4908,#3744,#3745);
#3092=AXIS2_PLACEMENT_3D('',#4909,#3746,#3747);
#3093=AXIS2_PLACEMENT_3D('',#4913,#3750,#3751);
#3094=AXIS2_PLACEMENT_3D('',#4916,#3753,#3754);
#3095=AXIS2_PLACEMENT_3D('',#4917,#3755,#3756);
#3096=AXIS2_PLACEMENT_3D('',#4921,#3759,#3760);
#3097=AXIS2_PLACEMENT_3D('',#4922,#3761,#3762);
#3098=AXIS2_PLACEMENT_3D('',#4923,#3763,#3764);
#3099=AXIS2_PLACEMENT_3D('',#4932,#3769,#3770);
#3100=AXIS2_PLACEMENT_3D('',#4934,#3771,#3772);
#3101=AXIS2_PLACEMENT_3D('',#4936,#3773,#3774);
#3102=AXIS2_PLACEMENT_3D('',#4938,#3776,#3777);
#3103=AXIS2_PLACEMENT_3D('',#4944,#3781,#3782);
#3104=AXIS2_PLACEMENT_3D('',#4946,#3783,#3784);
#3105=AXIS2_PLACEMENT_3D('',#4948,#3785,#3786);
#3106=AXIS2_PLACEMENT_3D('',#4950,#3788,#3789);
#3107=AXIS2_PLACEMENT_3D('',#4956,#3793,#3794);
#3108=AXIS2_PLACEMENT_3D('',#4958,#3795,#3796);
#3109=AXIS2_PLACEMENT_3D('',#4961,#3798,#3799);
#3110=AXIS2_PLACEMENT_3D('',#4962,#3800,#3801);
#3111=AXIS2_PLACEMENT_3D('',#4968,#3805,#3806);
#3112=AXIS2_PLACEMENT_3D('',#4969,#3807,#3808);
#3113=AXIS2_PLACEMENT_3D('',#4970,#3809,#3810);
#3114=AXIS2_PLACEMENT_3D('',#4971,#3811,#3812);
#3115=AXIS2_PLACEMENT_3D('',#4972,#3813,#3814);
#3116=AXIS2_PLACEMENT_3D('',#4974,#3815,#3816);
#3117=AXIS2_PLACEMENT_3D('',#4977,#3818,#3819);
#3118=AXIS2_PLACEMENT_3D('',#4978,#3820,#3821);
#3119=AXIS2_PLACEMENT_3D('',#4979,#3822,#3823);
#3120=AXIS2_PLACEMENT_3D('',#4981,#3824,#3825);
#3121=AXIS2_PLACEMENT_3D('',#4984,#3827,#3828);
#3122=AXIS2_PLACEMENT_3D('',#4985,#3829,#3830);
#3123=AXIS2_PLACEMENT_3D('',#4986,#3831,#3832);
#3124=AXIS2_PLACEMENT_3D('',#4988,#3833,#3834);
#3125=AXIS2_PLACEMENT_3D('',#4991,#3836,#3837);
#3126=AXIS2_PLACEMENT_3D('',#4992,#3838,#3839);
#3127=AXIS2_PLACEMENT_3D('',#4993,#3840,#3841);
#3128=AXIS2_PLACEMENT_3D('',#4995,#3842,#3843);
#3129=AXIS2_PLACEMENT_3D('',#4998,#3845,#3846);
#3130=AXIS2_PLACEMENT_3D('',#4999,#3847,#3848);
#3131=AXIS2_PLACEMENT_3D('',#5000,#3849,#3850);
#3132=AXIS2_PLACEMENT_3D('',#5005,#3852,#3853);
#3133=AXIS2_PLACEMENT_3D('',#5009,#3855,#3856);
#3134=AXIS2_PLACEMENT_3D('',#5013,#3858,#3859);
#3135=AXIS2_PLACEMENT_3D('',#5016,#3861,#3862);
#3136=AXIS2_PLACEMENT_3D('',#5017,#3863,#3864);
#3137=AXIS2_PLACEMENT_3D('',#5021,#3866,#3867);
#3138=AXIS2_PLACEMENT_3D('',#5025,#3869,#3870);
#3139=AXIS2_PLACEMENT_3D('',#5027,#3872,#3873);
#3140=AXIS2_PLACEMENT_3D('',#5031,#3875,#3876);
#3141=AXIS2_PLACEMENT_3D('',#5034,#3878,#3879);
#3142=AXIS2_PLACEMENT_3D('',#5035,#3880,#3881);
#3143=AXIS2_PLACEMENT_3D('',#5039,#3883,#3884);
#3144=AXIS2_PLACEMENT_3D('',#5043,#3886,#3887);
#3145=AXIS2_PLACEMENT_3D('',#5045,#3889,#3890);
#3146=AXIS2_PLACEMENT_3D('',#5049,#3892,#3893);
#3147=AXIS2_PLACEMENT_3D('',#5053,#3895,#3896);
#3148=AXIS2_PLACEMENT_3D('',#5055,#3898,#3899);
#3149=AXIS2_PLACEMENT_3D('',#5058,#3902,#3903);
#3150=AXIS2_PLACEMENT_3D('',#5062,#3906,#3907);
#3151=AXIS2_PLACEMENT_3D('',#5065,#3910,#3911);
#3152=AXIS2_PLACEMENT_3D('',#5072,#3916,#3917);
#3153=AXIS2_PLACEMENT_3D('',#5075,#3919,#3920);
#3154=AXIS2_PLACEMENT_3D('',#5079,#3922,#3923);
#3155=AXIS2_PLACEMENT_3D('',#5083,#3925,#3926);
#3156=AXIS2_PLACEMENT_3D('',#5085,#3928,#3929);
#3157=AXIS2_PLACEMENT_3D('',#5089,#3932,#3933);
#3158=AXIS2_PLACEMENT_3D('',#5092,#3936,#3937);
#3159=AXIS2_PLACEMENT_3D('',#5093,#3938,#3939);
#3160=AXIS2_PLACEMENT_3D('',#5096,#3942,#3943);
#3161=AXIS2_PLACEMENT_3D('',#5101,#3946,#3947);
#3162=AXIS2_PLACEMENT_3D('',#5104,#3949,#3950);
#3163=AXIS2_PLACEMENT_3D('',#5108,#3952,#3953);
#3164=AXIS2_PLACEMENT_3D('',#5111,#3955,#3956);
#3165=AXIS2_PLACEMENT_3D('',#5112,#3957,#3958);
#3166=AXIS2_PLACEMENT_3D('',#5114,#3960,#3961);
#3167=AXIS2_PLACEMENT_3D('',#5115,#3962,#3963);
#3168=AXIS2_PLACEMENT_3D('',#5121,#3967,#3968);
#3169=AXIS2_PLACEMENT_3D('',#5122,#3969,#3970);
#3170=AXIS2_PLACEMENT_3D('',#5126,#3972,#3973);
#3171=AXIS2_PLACEMENT_3D('',#5128,#3975,#3976);
#3172=AXIS2_PLACEMENT_3D('',#5130,#3977,#3978);
#3173=AXIS2_PLACEMENT_3D('',#5132,#3980,#3981);
#3174=AXIS2_PLACEMENT_3D('',#5133,#3982,#3983);
#3175=AXIS2_PLACEMENT_3D('',#5134,#3984,#3985);
#3176=AXIS2_PLACEMENT_3D('',#5137,#3987,#3988);
#3177=AXIS2_PLACEMENT_3D('',#5138,#3989,#3990);
#3178=AXIS2_PLACEMENT_3D('',#5143,#3993,#3994);
#3179=AXIS2_PLACEMENT_3D('',#5144,#3995,#3996);
#3180=AXIS2_PLACEMENT_3D('',#5145,#3997,#3998);
#3181=AXIS2_PLACEMENT_3D('',#5147,#4000,#4001);
#3182=AXIS2_PLACEMENT_3D('',#5149,#4003,#4004);
#3183=AXIS2_PLACEMENT_3D('',#5151,#4006,#4007);
#3184=AXIS2_PLACEMENT_3D('',#5152,#4008,#4009);
#3185=AXIS2_PLACEMENT_3D('',#5154,#4011,#4012);
#3186=AXIS2_PLACEMENT_3D('',#5156,#4014,#4015);
#3187=AXIS2_PLACEMENT_3D('',#5157,#4016,#4017);
#3188=AXIS2_PLACEMENT_3D('',#5158,#4018,#4019);
#3189=AXIS2_PLACEMENT_3D('',#5159,#4020,#4021);
#3190=AXIS2_PLACEMENT_3D('',#5161,#4023,#4024);
#3191=AXIS2_PLACEMENT_3D('',#5163,#4026,#4027);
#3192=AXIS2_PLACEMENT_3D('',#5164,#4028,#4029);
#3193=AXIS2_PLACEMENT_3D('',#5165,#4030,#4031);
#3194=AXIS2_PLACEMENT_3D('',#5166,#4032,#4033);
#3195=AXIS2_PLACEMENT_3D('',#5167,#4034,#4035);
#3196=AXIS2_PLACEMENT_3D('',#5169,#4037,#4038);
#3197=AXIS2_PLACEMENT_3D('',#5171,#4040,#4041);
#3198=AXIS2_PLACEMENT_3D('',#5172,#4042,#4043);
#3199=AXIS2_PLACEMENT_3D('',#5174,#4045,#4046);
#3200=AXIS2_PLACEMENT_3D('',#5175,#4047,#4048);
#3201=AXIS2_PLACEMENT_3D('',#5176,#4049,#4050);
#3202=AXIS2_PLACEMENT_3D('',#5177,#4051,#4052);
#3203=AXIS2_PLACEMENT_3D('',#5178,#4053,#4054);
#3204=AXIS2_PLACEMENT_3D('',#5179,#4055,#4056);
#3205=AXIS2_PLACEMENT_3D('',#5180,#4057,#4058);
#3206=AXIS2_PLACEMENT_3D('',#5181,#4059,#4060);
#3207=AXIS2_PLACEMENT_3D('',#5182,#4061,#4062);
#3208=AXIS2_PLACEMENT_3D('',#5188,#4066,#4067);
#3209=AXIS2_PLACEMENT_3D('',#5191,#4069,#4070);
#3210=AXIS2_PLACEMENT_3D('',#5192,#4071,#4072);
#3211=AXIS2_PLACEMENT_3D('',#5196,#4075,#4076);
#3212=AXIS2_PLACEMENT_3D('',#5199,#4078,#4079);
#3213=AXIS2_PLACEMENT_3D('',#5200,#4080,#4081);
#3214=AXIS2_PLACEMENT_3D('',#5202,#4083,#4084);
#3215=AXIS2_PLACEMENT_3D('',#5204,#4086,#4087);
#3216=AXIS2_PLACEMENT_3D('',#5206,#4089,#4090);
#3217=AXIS2_PLACEMENT_3D('',#5207,#4091,#4092);
#3218=AXIS2_PLACEMENT_3D('',#5209,#4094,#4095);
#3219=AXIS2_PLACEMENT_3D('',#5211,#4097,#4098);
#3220=AXIS2_PLACEMENT_3D('',#5212,#4099,#4100);
#3221=AXIS2_PLACEMENT_3D('',#5214,#4101,#4102);
#3222=AXIS2_PLACEMENT_3D('',#5216,#4104,#4105);
#3223=AXIS2_PLACEMENT_3D('',#5220,#4108,#4109);
#3224=AXIS2_PLACEMENT_3D('',#5222,#4110,#4111);
#3225=AXIS2_PLACEMENT_3D('',#5224,#4113,#4114);
#3226=AXIS2_PLACEMENT_3D('',#5226,#4116,#4117);
#3227=DIRECTION('axis',(0.,0.,1.));
#3228=DIRECTION('refdir',(1.,0.,0.));
#3229=DIRECTION('center_axis',(0.,0.,1.));
#3230=DIRECTION('ref_axis',(1.,0.,0.));
#3231=DIRECTION('center_axis',(0.,0.,-1.));
#3232=DIRECTION('ref_axis',(1.,0.,0.));
#3233=DIRECTION('center_axis',(0.,0.,-1.));
#3234=DIRECTION('ref_axis',(1.,0.,0.));
#3235=DIRECTION('',(0.,0.,1.));
#3236=DIRECTION('center_axis',(0.,0.,1.));
#3237=DIRECTION('ref_axis',(1.,0.,0.));
#3238=DIRECTION('',(0.,0.,-1.));
#3239=DIRECTION('center_axis',(0.,0.,1.));
#3240=DIRECTION('ref_axis',(1.,0.,0.));
#3241=DIRECTION('',(0.,0.,1.));
#3242=DIRECTION('center_axis',(0.,0.,1.));
#3243=DIRECTION('ref_axis',(1.,0.,0.));
#3244=DIRECTION('',(0.,0.,-1.));
#3245=DIRECTION('center_axis',(0.,0.,1.));
#3246=DIRECTION('ref_axis',(-1.,1.22464679914735E-16,0.));
#3247=DIRECTION('center_axis',(0.,0.,-1.));
#3248=DIRECTION('ref_axis',(1.,0.,0.));
#3249=DIRECTION('center_axis',(0.,0.,-1.));
#3250=DIRECTION('ref_axis',(1.,0.,0.));
#3251=DIRECTION('',(0.,0.,1.));
#3252=DIRECTION('center_axis',(0.,0.,1.));
#3253=DIRECTION('ref_axis',(1.,0.,0.));
#3254=DIRECTION('',(0.,0.,-1.));
#3255=DIRECTION('center_axis',(0.,0.,1.));
#3256=DIRECTION('ref_axis',(1.,0.,0.));
#3257=DIRECTION('',(0.,0.,1.));
#3258=DIRECTION('center_axis',(0.,0.,1.));
#3259=DIRECTION('ref_axis',(1.,0.,0.));
#3260=DIRECTION('',(0.,0.,-1.));
#3261=DIRECTION('center_axis',(0.,0.,1.));
#3262=DIRECTION('ref_axis',(-1.,1.22464679914735E-16,0.));
#3263=DIRECTION('center_axis',(0.,0.,-1.));
#3264=DIRECTION('ref_axis',(1.,0.,0.));
#3265=DIRECTION('center_axis',(0.,0.,-1.));
#3266=DIRECTION('ref_axis',(1.,0.,0.));
#3267=DIRECTION('',(0.,0.,1.));
#3268=DIRECTION('center_axis',(0.,0.,1.));
#3269=DIRECTION('ref_axis',(1.,0.,0.));
#3270=DIRECTION('',(0.,0.,-1.));
#3271=DIRECTION('center_axis',(0.,0.,1.));
#3272=DIRECTION('ref_axis',(1.,0.,0.));
#3273=DIRECTION('',(0.,0.,1.));
#3274=DIRECTION('center_axis',(0.,0.,1.));
#3275=DIRECTION('ref_axis',(1.,0.,0.));
#3276=DIRECTION('',(0.,0.,-1.));
#3277=DIRECTION('center_axis',(0.,0.,1.));
#3278=DIRECTION('ref_axis',(1.,0.,0.));
#3279=DIRECTION('center_axis',(0.,0.,-1.));
#3280=DIRECTION('ref_axis',(1.,0.,0.));
#3281=DIRECTION('center_axis',(0.,0.,-1.));
#3282=DIRECTION('ref_axis',(1.,0.,0.));
#3283=DIRECTION('',(0.,0.,1.));
#3284=DIRECTION('center_axis',(0.,0.,1.));
#3285=DIRECTION('ref_axis',(1.,0.,0.));
#3286=DIRECTION('',(0.,0.,-1.));
#3287=DIRECTION('center_axis',(0.,0.,1.));
#3288=DIRECTION('ref_axis',(1.,0.,0.));
#3289=DIRECTION('',(0.,0.,1.));
#3290=DIRECTION('center_axis',(0.,0.,1.));
#3291=DIRECTION('ref_axis',(1.,0.,0.));
#3292=DIRECTION('',(0.,0.,-1.));
#3293=DIRECTION('center_axis',(1.,0.,0.));
#3294=DIRECTION('ref_axis',(0.,1.,0.));
#3295=DIRECTION('',(0.,1.,0.));
#3296=DIRECTION('',(0.,0.,1.));
#3297=DIRECTION('',(0.,1.,0.));
#3298=DIRECTION('center_axis',(-1.,0.,0.));
#3299=DIRECTION('ref_axis',(0.,-1.,0.));
#3300=DIRECTION('',(0.,-1.,0.));
#3301=DIRECTION('',(0.,0.,-1.));
#3302=DIRECTION('',(0.,-1.,0.));
#3303=DIRECTION('',(0.,0.,-1.));
#3304=DIRECTION('',(0.,-1.,0.));
#3305=DIRECTION('center_axis',(-1.,0.,0.));
#3306=DIRECTION('ref_axis',(0.,-1.,0.));
#3307=DIRECTION('',(0.,-1.,0.));
#3308=DIRECTION('',(0.,0.,1.));
#3309=DIRECTION('',(0.,-1.,0.));
#3310=DIRECTION('center_axis',(-1.,0.,0.));
#3311=DIRECTION('ref_axis',(0.,-1.,0.));
#3312=DIRECTION('',(0.,-1.,0.));
#3313=DIRECTION('',(0.,0.,1.));
#3314=DIRECTION('',(0.,-1.,0.));
#3315=DIRECTION('center_axis',(1.,0.,0.));
#3316=DIRECTION('ref_axis',(0.,1.,0.));
#3317=DIRECTION('',(0.,1.,0.));
#3318=DIRECTION('',(0.,0.,1.));
#3319=DIRECTION('',(0.,1.,0.));
#3320=DIRECTION('',(0.,0.,1.));
#3321=DIRECTION('',(0.,1.,0.));
#3322=DIRECTION('center_axis',(1.,0.,0.));
#3323=DIRECTION('ref_axis',(0.,1.,0.));
#3324=DIRECTION('',(0.,1.,0.));
#3325=DIRECTION('',(0.,0.,-1.));
#3326=DIRECTION('',(0.,1.,0.));
#3327=DIRECTION('',(0.,0.,-1.));
#3328=DIRECTION('',(0.,1.,0.));
#3329=DIRECTION('center_axis',(0.,0.,1.));
#3330=DIRECTION('ref_axis',(1.,0.,0.));
#3331=DIRECTION('',(0.,1.,0.));
#3332=DIRECTION('center_axis',(0.,0.,-1.));
#3333=DIRECTION('ref_axis',(1.,0.,0.));
#3334=DIRECTION('',(0.,1.,0.));
#3335=DIRECTION('center_axis',(0.,0.,1.));
#3336=DIRECTION('ref_axis',(1.,0.,0.));
#3337=DIRECTION('',(0.,-1.,0.));
#3338=DIRECTION('center_axis',(0.,0.,-1.));
#3339=DIRECTION('ref_axis',(1.,0.,0.));
#3340=DIRECTION('center_axis',(1.,0.,0.));
#3341=DIRECTION('ref_axis',(0.,1.,0.));
#3342=DIRECTION('',(0.,1.,0.));
#3343=DIRECTION('',(0.,0.,1.));
#3344=DIRECTION('',(0.,1.,0.));
#3345=DIRECTION('',(0.,0.,1.));
#3346=DIRECTION('center_axis',(0.,0.,1.));
#3347=DIRECTION('ref_axis',(1.,0.,0.));
#3348=DIRECTION('',(0.,-1.,0.));
#3349=DIRECTION('center_axis',(0.,0.,1.));
#3350=DIRECTION('ref_axis',(1.,0.,0.));
#3351=DIRECTION('center_axis',(0.,0.,1.));
#3352=DIRECTION('ref_axis',(1.,0.,0.));
#3353=DIRECTION('center_axis',(0.,0.,1.));
#3354=DIRECTION('ref_axis',(1.,0.,0.));
#3355=DIRECTION('center_axis',(-1.,0.,0.));
#3356=DIRECTION('ref_axis',(0.,-1.,0.));
#3357=DIRECTION('',(0.,-1.,0.));
#3358=DIRECTION('',(0.,0.,-1.));
#3359=DIRECTION('center_axis',(0.,0.,1.));
#3360=DIRECTION('ref_axis',(1.,0.,0.));
#3361=DIRECTION('',(0.,-1.,0.));
#3362=DIRECTION('center_axis',(0.,0.,-1.));
#3363=DIRECTION('ref_axis',(1.,0.,0.));
#3364=DIRECTION('',(0.,-1.,0.));
#3365=DIRECTION('center_axis',(0.,0.,1.));
#3366=DIRECTION('ref_axis',(1.,0.,0.));
#3367=DIRECTION('center_axis',(0.,0.,-1.));
#3368=DIRECTION('ref_axis',(0.,1.,0.));
#3369=DIRECTION('center_axis',(0.,0.,-1.));
#3370=DIRECTION('ref_axis',(0.,1.,0.));
#3371=DIRECTION('',(1.,0.,0.));
#3372=DIRECTION('center_axis',(0.,0.,-1.));
#3373=DIRECTION('ref_axis',(1.,0.,0.));
#3374=DIRECTION('center_axis',(0.,0.,-1.));
#3375=DIRECTION('ref_axis',(1.,0.,0.));
#3376=DIRECTION('',(0.,-1.,0.));
#3377=DIRECTION('',(0.,-1.,0.));
#3378=DIRECTION('center_axis',(0.,0.,-1.));
#3379=DIRECTION('ref_axis',(1.,0.,0.));
#3380=DIRECTION('',(1.,0.,0.));
#3381=DIRECTION('center_axis',(0.,0.,-1.));
#3382=DIRECTION('ref_axis',(0.,1.,0.));
#3383=DIRECTION('',(0.,1.,0.));
#3384=DIRECTION('center_axis',(0.,0.,1.));
#3385=DIRECTION('ref_axis',(1.,0.,0.));
#3386=DIRECTION('',(0.,1.,0.));
#3387=DIRECTION('center_axis',(0.,0.,-1.));
#3388=DIRECTION('ref_axis',(1.,0.,0.));
#3389=DIRECTION('center_axis',(-1.,0.,0.));
#3390=DIRECTION('ref_axis',(0.,-1.,0.));
#3391=DIRECTION('',(0.,-1.,0.));
#3392=DIRECTION('',(0.,0.,1.));
#3393=DIRECTION('',(0.,-1.,0.));
#3394=DIRECTION('',(0.,0.,1.));
#3395=DIRECTION('center_axis',(0.,0.,1.));
#3396=DIRECTION('ref_axis',(1.,0.,0.));
#3397=DIRECTION('',(0.,1.,0.));
#3398=DIRECTION('center_axis',(0.,0.,1.));
#3399=DIRECTION('ref_axis',(1.,0.,0.));
#3400=DIRECTION('center_axis',(0.,0.,1.));
#3401=DIRECTION('ref_axis',(1.,0.,0.));
#3402=DIRECTION('center_axis',(0.,0.,1.));
#3403=DIRECTION('ref_axis',(0.,1.,0.));
#3404=DIRECTION('',(-1.,0.,0.));
#3405=DIRECTION('center_axis',(0.,0.,1.));
#3406=DIRECTION('ref_axis',(1.,0.,0.));
#3407=DIRECTION('',(0.,1.,0.));
#3408=DIRECTION('',(0.,-1.,0.));
#3409=DIRECTION('center_axis',(0.,0.,-1.));
#3410=DIRECTION('ref_axis',(1.,0.,0.));
#3411=DIRECTION('',(1.,0.,0.));
#3412=DIRECTION('center_axis',(0.,0.,1.));
#3413=DIRECTION('ref_axis',(1.,0.,0.));
#3414=DIRECTION('',(-1.,0.,0.));
#3415=DIRECTION('center_axis',(0.,0.,1.));
#3416=DIRECTION('ref_axis',(0.,1.,0.));
#3417=DIRECTION('',(1.,0.,0.));
#3418=DIRECTION('center_axis',(0.,0.,-1.));
#3419=DIRECTION('ref_axis',(0.,1.,0.));
#3420=DIRECTION('center_axis',(0.,0.,1.));
#3421=DIRECTION('ref_axis',(1.,0.,0.));
#3422=DIRECTION('center_axis',(0.,0.,1.));
#3423=DIRECTION('ref_axis',(1.,0.,0.));
#3424=DIRECTION('center_axis',(1.,0.,0.));
#3425=DIRECTION('ref_axis',(0.,1.,0.));
#3426=DIRECTION('',(0.,1.,0.));
#3427=DIRECTION('',(0.,0.,-1.));
#3428=DIRECTION('center_axis',(-1.,0.,0.));
#3429=DIRECTION('ref_axis',(0.,-1.,0.));
#3430=DIRECTION('',(0.,0.,1.));
#3431=DIRECTION('',(0.,-1.,0.));
#3432=DIRECTION('',(0.,0.,-1.));
#3433=DIRECTION('',(0.,-1.,0.));
#3434=DIRECTION('center_axis',(0.,0.,1.));
#3435=DIRECTION('ref_axis',(1.,0.,0.));
#3436=DIRECTION('',(0.,0.,1.));
#3437=DIRECTION('',(0.,0.,-1.));
#3438=DIRECTION('center_axis',(0.,0.,1.));
#3439=DIRECTION('ref_axis',(1.,0.,0.));
#3440=DIRECTION('',(0.,0.,-1.));
#3441=DIRECTION('center_axis',(0.,0.,1.));
#3442=DIRECTION('ref_axis',(1.,0.,0.));
#3443=DIRECTION('center_axis',(0.,0.,1.));
#3444=DIRECTION('ref_axis',(1.,0.,0.));
#3445=DIRECTION('',(0.,1.,0.));
#3446=DIRECTION('center_axis',(0.,0.,1.));
#3447=DIRECTION('ref_axis',(1.,0.,0.));
#3448=DIRECTION('center_axis',(0.,0.,1.));
#3449=DIRECTION('ref_axis',(1.,0.,0.));
#3450=DIRECTION('',(0.,1.,0.));
#3451=DIRECTION('center_axis',(0.,0.,1.));
#3452=DIRECTION('ref_axis',(1.,0.,0.));
#3453=DIRECTION('center_axis',(0.,0.,1.));
#3454=DIRECTION('ref_axis',(1.,0.,0.));
#3455=DIRECTION('center_axis',(0.,0.,1.));
#3456=DIRECTION('ref_axis',(1.,0.,0.));
#3457=DIRECTION('center_axis',(0.,0.,1.));
#3458=DIRECTION('ref_axis',(1.,0.,0.));
#3459=DIRECTION('',(0.,-1.,0.));
#3460=DIRECTION('center_axis',(1.,0.,0.));
#3461=DIRECTION('ref_axis',(0.,1.,0.));
#3462=DIRECTION('',(0.,0.,1.));
#3463=DIRECTION('',(0.,1.,0.));
#3464=DIRECTION('',(0.,0.,-1.));
#3465=DIRECTION('center_axis',(0.,0.,1.));
#3466=DIRECTION('ref_axis',(-1.,0.,0.));
#3467=DIRECTION('center_axis',(0.,0.,-1.));
#3468=DIRECTION('ref_axis',(-1.,0.,0.));
#3469=DIRECTION('',(0.,0.,1.));
#3470=DIRECTION('center_axis',(0.,0.,1.));
#3471=DIRECTION('ref_axis',(-1.,0.,0.));
#3472=DIRECTION('',(0.,0.,-1.));
#3473=DIRECTION('center_axis',(0.,0.,1.));
#3474=DIRECTION('ref_axis',(-1.,0.,0.));
#3475=DIRECTION('',(0.,0.,-1.));
#3476=DIRECTION('center_axis',(-1.,0.,0.));
#3477=DIRECTION('ref_axis',(0.,-1.,0.));
#3478=DIRECTION('',(0.,0.,1.));
#3479=DIRECTION('',(0.,-1.,0.));
#3480=DIRECTION('',(0.,0.,-1.));
#3481=DIRECTION('center_axis',(0.,0.,1.));
#3482=DIRECTION('ref_axis',(0.,1.,0.));
#3483=DIRECTION('',(0.,0.,1.));
#3484=DIRECTION('center_axis',(0.,0.,1.));
#3485=DIRECTION('ref_axis',(0.,1.,0.));
#3486=DIRECTION('',(0.,0.,1.));
#3487=DIRECTION('',(0.,0.,1.));
#3488=DIRECTION('center_axis',(0.,1.,0.));
#3489=DIRECTION('ref_axis',(-1.,0.,0.));
#3490=DIRECTION('center_axis',(1.,0.,0.));
#3491=DIRECTION('ref_axis',(0.,1.,0.));
#3492=DIRECTION('',(0.,0.,1.));
#3493=DIRECTION('',(0.,1.,0.));
#3494=DIRECTION('',(0.,0.,-1.));
#3495=DIRECTION('center_axis',(0.,0.,1.));
#3496=DIRECTION('ref_axis',(0.,-1.,0.));
#3497=DIRECTION('center_axis',(0.,0.,-1.));
#3498=DIRECTION('ref_axis',(0.,-1.,0.));
#3499=DIRECTION('',(0.,0.,1.));
#3500=DIRECTION('center_axis',(0.,0.,1.));
#3501=DIRECTION('ref_axis',(0.,-1.,0.));
#3502=DIRECTION('',(0.,0.,1.));
#3503=DIRECTION('center_axis',(0.,0.,1.));
#3504=DIRECTION('ref_axis',(0.,-1.,0.));
#3505=DIRECTION('',(0.,0.,1.));
#3506=DIRECTION('center_axis',(0.,-1.,0.));
#3507=DIRECTION('ref_axis',(1.,0.,0.));
#3508=DIRECTION('',(-1.,0.,0.));
#3509=DIRECTION('',(1.,0.,0.));
#3510=DIRECTION('center_axis',(0.,0.,1.));
#3511=DIRECTION('ref_axis',(1.,0.,0.));
#3512=DIRECTION('center_axis',(0.,0.,1.));
#3513=DIRECTION('ref_axis',(1.,0.,0.));
#3514=DIRECTION('',(0.,0.,-1.));
#3515=DIRECTION('center_axis',(0.,0.,1.));
#3516=DIRECTION('ref_axis',(1.,0.,0.));
#3517=DIRECTION('',(0.,0.,1.));
#3518=DIRECTION('center_axis',(0.,0.,-1.));
#3519=DIRECTION('ref_axis',(1.,0.,0.));
#3520=DIRECTION('',(0.,0.,1.));
#3521=DIRECTION('center_axis',(0.,0.,1.));
#3522=DIRECTION('ref_axis',(1.,0.,0.));
#3523=DIRECTION('center_axis',(0.,0.,1.));
#3524=DIRECTION('ref_axis',(1.,0.,0.));
#3525=DIRECTION('center_axis',(0.,0.,1.));
#3526=DIRECTION('ref_axis',(1.,0.,0.));
#3527=DIRECTION('',(0.,0.,-1.));
#3528=DIRECTION('center_axis',(0.,0.,-1.));
#3529=DIRECTION('ref_axis',(1.,0.,0.));
#3530=DIRECTION('',(0.,0.,-1.));
#3531=DIRECTION('center_axis',(0.,0.,1.));
#3532=DIRECTION('ref_axis',(1.,0.,0.));
#3533=DIRECTION('',(0.,0.,1.));
#3534=DIRECTION('center_axis',(0.,0.,1.));
#3535=DIRECTION('ref_axis',(1.,0.,0.));
#3536=DIRECTION('center_axis',(0.,0.,1.));
#3537=DIRECTION('ref_axis',(1.,0.,0.));
#3538=DIRECTION('',(1.,0.,0.));
#3539=DIRECTION('center_axis',(0.,0.,-1.));
#3540=DIRECTION('ref_axis',(1.,0.,0.));
#3541=DIRECTION('',(0.,-1.,0.));
#3542=DIRECTION('center_axis',(0.,0.,-1.));
#3543=DIRECTION('ref_axis',(1.,0.,0.));
#3544=DIRECTION('center_axis',(0.,-1.,0.));
#3545=DIRECTION('ref_axis',(1.,0.,0.));
#3546=DIRECTION('',(1.,0.,0.));
#3547=DIRECTION('',(0.,0.,1.));
#3548=DIRECTION('center_axis',(0.,-1.,0.));
#3549=DIRECTION('ref_axis',(1.,0.,0.));
#3550=DIRECTION('',(0.,0.,1.));
#3551=DIRECTION('center_axis',(0.,0.,1.));
#3552=DIRECTION('ref_axis',(-1.,1.22464679914735E-16,0.));
#3553=DIRECTION('center_axis',(0.,0.,1.));
#3554=DIRECTION('ref_axis',(1.,0.,0.));
#3555=DIRECTION('',(0.,0.,-1.));
#3556=DIRECTION('center_axis',(0.,0.,-1.));
#3557=DIRECTION('ref_axis',(1.,0.,0.));
#3558=DIRECTION('',(0.,0.,-1.));
#3559=DIRECTION('center_axis',(0.,0.,1.));
#3560=DIRECTION('ref_axis',(1.,0.,0.));
#3561=DIRECTION('',(0.,0.,1.));
#3562=DIRECTION('center_axis',(0.,0.,1.));
#3563=DIRECTION('ref_axis',(1.,0.,0.));
#3564=DIRECTION('center_axis',(0.,0.,1.));
#3565=DIRECTION('ref_axis',(-1.,1.22464679914735E-16,0.));
#3566=DIRECTION('center_axis',(0.,0.,1.));
#3567=DIRECTION('ref_axis',(1.,0.,0.));
#3568=DIRECTION('',(0.,0.,-1.));
#3569=DIRECTION('center_axis',(0.,0.,1.));
#3570=DIRECTION('ref_axis',(1.,0.,0.));
#3571=DIRECTION('',(0.,0.,1.));
#3572=DIRECTION('center_axis',(0.,0.,-1.));
#3573=DIRECTION('ref_axis',(1.,0.,0.));
#3574=DIRECTION('',(0.,0.,1.));
#3575=DIRECTION('center_axis',(0.,0.,1.));
#3576=DIRECTION('ref_axis',(1.,0.,0.));
#3577=DIRECTION('center_axis',(0.,0.,1.));
#3578=DIRECTION('ref_axis',(-1.,0.,0.));
#3579=DIRECTION('center_axis',(0.,0.,-1.));
#3580=DIRECTION('ref_axis',(-1.,0.,0.));
#3581=DIRECTION('',(0.,0.,1.));
#3582=DIRECTION('center_axis',(0.,0.,-1.));
#3583=DIRECTION('ref_axis',(-1.,0.,0.));
#3584=DIRECTION('center_axis',(0.,0.,1.));
#3585=DIRECTION('ref_axis',(1.,0.,0.));
#3586=DIRECTION('',(-1.,0.,0.));
#3587=DIRECTION('center_axis',(0.,0.,-1.));
#3588=DIRECTION('ref_axis',(-1.,0.,0.));
#3589=DIRECTION('',(0.,1.,0.));
#3590=DIRECTION('center_axis',(0.,0.,1.));
#3591=DIRECTION('ref_axis',(1.,0.,0.));
#3592=DIRECTION('',(0.,1.,0.));
#3593=DIRECTION('center_axis',(0.,0.,1.));
#3594=DIRECTION('ref_axis',(0.,-1.,0.));
#3595=DIRECTION('',(1.,0.,0.));
#3596=DIRECTION('center_axis',(0.,0.,1.));
#3597=DIRECTION('ref_axis',(-1.,0.,0.));
#3598=DIRECTION('',(0.,-1.,0.));
#3599=DIRECTION('',(0.,1.,0.));
#3600=DIRECTION('center_axis',(0.,0.,-1.));
#3601=DIRECTION('ref_axis',(-1.,0.,0.));
#3602=DIRECTION('',(-1.,0.,0.));
#3603=DIRECTION('',(-1.,0.,0.));
#3604=DIRECTION('center_axis',(0.,0.,-1.));
#3605=DIRECTION('ref_axis',(0.,-1.,0.));
#3606=DIRECTION('',(0.,-1.,0.));
#3607=DIRECTION('center_axis',(0.,1.,0.));
#3608=DIRECTION('ref_axis',(-1.,0.,0.));
#3609=DIRECTION('',(-1.,0.,0.));
#3610=DIRECTION('',(0.,0.,1.));
#3611=DIRECTION('center_axis',(0.,1.,0.));
#3612=DIRECTION('ref_axis',(-1.,0.,0.));
#3613=DIRECTION('',(0.,0.,1.));
#3614=DIRECTION('center_axis',(0.,0.,1.));
#3615=DIRECTION('ref_axis',(1.,0.,0.));
#3616=DIRECTION('center_axis',(0.,0.,1.));
#3617=DIRECTION('ref_axis',(1.,0.,0.));
#3618=DIRECTION('',(0.,0.,1.));
#3619=DIRECTION('center_axis',(0.,0.,1.));
#3620=DIRECTION('ref_axis',(1.,0.,0.));
#3621=DIRECTION('center_axis',(0.,0.,1.));
#3622=DIRECTION('ref_axis',(1.,0.,0.));
#3623=DIRECTION('center_axis',(0.,0.,1.));
#3624=DIRECTION('ref_axis',(1.,0.,0.));
#3625=DIRECTION('center_axis',(0.,0.,1.));
#3626=DIRECTION('ref_axis',(1.,0.,0.));
#3627=DIRECTION('',(0.,0.,1.));
#3628=DIRECTION('center_axis',(0.,0.,1.));
#3629=DIRECTION('ref_axis',(1.,0.,0.));
#3630=DIRECTION('center_axis',(0.,0.,1.));
#3631=DIRECTION('ref_axis',(1.,0.,0.));
#3632=DIRECTION('center_axis',(0.,0.,1.));
#3633=DIRECTION('ref_axis',(1.,0.,0.));
#3634=DIRECTION('center_axis',(0.,0.,1.));
#3635=DIRECTION('ref_axis',(1.,0.,0.));
#3636=DIRECTION('',(0.,0.,1.));
#3637=DIRECTION('center_axis',(0.,0.,1.));
#3638=DIRECTION('ref_axis',(1.,0.,0.));
#3639=DIRECTION('center_axis',(0.,0.,1.));
#3640=DIRECTION('ref_axis',(1.,0.,0.));
#3641=DIRECTION('center_axis',(0.,0.,1.));
#3642=DIRECTION('ref_axis',(1.,0.,0.));
#3643=DIRECTION('center_axis',(0.,0.,1.));
#3644=DIRECTION('ref_axis',(1.,0.,0.));
#3645=DIRECTION('',(0.,0.,1.));
#3646=DIRECTION('center_axis',(0.,0.,1.));
#3647=DIRECTION('ref_axis',(1.,0.,0.));
#3648=DIRECTION('center_axis',(0.,0.,1.));
#3649=DIRECTION('ref_axis',(1.,0.,0.));
#3650=DIRECTION('center_axis',(0.,0.,1.));
#3651=DIRECTION('ref_axis',(1.,0.,0.));
#3652=DIRECTION('center_axis',(0.,0.,1.));
#3653=DIRECTION('ref_axis',(1.,0.,0.));
#3654=DIRECTION('',(0.,0.,1.));
#3655=DIRECTION('center_axis',(0.,0.,-1.));
#3656=DIRECTION('ref_axis',(1.,0.,0.));
#3657=DIRECTION('center_axis',(0.,0.,1.));
#3658=DIRECTION('ref_axis',(1.,0.,0.));
#3659=DIRECTION('center_axis',(0.,0.,1.));
#3660=DIRECTION('ref_axis',(1.,0.,0.));
#3661=DIRECTION('center_axis',(0.,0.,1.));
#3662=DIRECTION('ref_axis',(1.,0.,0.));
#3663=DIRECTION('center_axis',(0.,0.,1.));
#3664=DIRECTION('ref_axis',(1.,0.,0.));
#3665=DIRECTION('',(0.,0.,1.));
#3666=DIRECTION('center_axis',(0.,0.,-1.));
#3667=DIRECTION('ref_axis',(1.,0.,0.));
#3668=DIRECTION('center_axis',(0.,0.,1.));
#3669=DIRECTION('ref_axis',(1.,0.,0.));
#3670=DIRECTION('center_axis',(0.,0.,1.));
#3671=DIRECTION('ref_axis',(1.,0.,0.));
#3672=DIRECTION('center_axis',(0.,0.,1.));
#3673=DIRECTION('ref_axis',(1.,0.,0.));
#3674=DIRECTION('center_axis',(0.,0.,1.));
#3675=DIRECTION('ref_axis',(1.,0.,0.));
#3676=DIRECTION('',(0.,0.,1.));
#3677=DIRECTION('center_axis',(0.,0.,-1.));
#3678=DIRECTION('ref_axis',(1.,0.,0.));
#3679=DIRECTION('center_axis',(0.,0.,1.));
#3680=DIRECTION('ref_axis',(1.,0.,0.));
#3681=DIRECTION('center_axis',(0.,0.,1.));
#3682=DIRECTION('ref_axis',(1.,0.,0.));
#3683=DIRECTION('center_axis',(0.,0.,1.));
#3684=DIRECTION('ref_axis',(1.,0.,0.));
#3685=DIRECTION('center_axis',(0.,0.,1.));
#3686=DIRECTION('ref_axis',(1.,0.,0.));
#3687=DIRECTION('',(0.,0.,1.));
#3688=DIRECTION('center_axis',(0.,0.,-1.));
#3689=DIRECTION('ref_axis',(1.,0.,0.));
#3690=DIRECTION('center_axis',(0.,0.,1.));
#3691=DIRECTION('ref_axis',(1.,0.,0.));
#3692=DIRECTION('center_axis',(0.,0.,1.));
#3693=DIRECTION('ref_axis',(1.,0.,0.));
#3694=DIRECTION('center_axis',(0.,0.,1.));
#3695=DIRECTION('ref_axis',(1.,0.,0.));
#3696=DIRECTION('center_axis',(0.,0.,1.));
#3697=DIRECTION('ref_axis',(1.,0.,0.));
#3698=DIRECTION('',(0.,0.,1.));
#3699=DIRECTION('center_axis',(0.,0.,1.));
#3700=DIRECTION('ref_axis',(1.,0.,0.));
#3701=DIRECTION('center_axis',(0.,0.,1.));
#3702=DIRECTION('ref_axis',(1.,0.,0.));
#3703=DIRECTION('',(0.,0.,1.));
#3704=DIRECTION('center_axis',(0.,0.,1.));
#3705=DIRECTION('ref_axis',(1.,0.,0.));
#3706=DIRECTION('center_axis',(0.,0.,1.));
#3707=DIRECTION('ref_axis',(1.,0.,0.));
#3708=DIRECTION('',(0.,0.,1.));
#3709=DIRECTION('center_axis',(0.,0.,1.));
#3710=DIRECTION('ref_axis',(1.,0.,0.));
#3711=DIRECTION('center_axis',(0.,0.,1.));
#3712=DIRECTION('ref_axis',(1.,0.,0.));
#3713=DIRECTION('',(0.,0.,1.));
#3714=DIRECTION('',(-0.499173710713798,-0.507279373134054,0.702490743088433));
#3715=DIRECTION('center_axis',(-4.72015602620847E-32,-8.88608711820558E-33,
1.));
#3716=DIRECTION('ref_axis',(-1.,0.,0.));
#3717=DIRECTION('',(0.,-1.,-8.88608711820558E-33));
#3718=DIRECTION('center_axis',(-4.72015602620847E-32,-8.88608711820558E-33,
1.));
#3719=DIRECTION('ref_axis',(0.,1.,0.));
#3720=DIRECTION('',(-1.,0.,-4.72015602620847E-32));
#3721=DIRECTION('center_axis',(-4.72015602620847E-32,-8.88608711820558E-33,
1.));
#3722=DIRECTION('ref_axis',(1.,0.,0.));
#3723=DIRECTION('',(0.,1.,8.88608711820558E-33));
#3724=DIRECTION('center_axis',(-4.72015602620847E-32,-8.88608711820558E-33,
1.));
#3725=DIRECTION('ref_axis',(0.,-1.,0.));
#3726=DIRECTION('',(1.,0.,4.72015602620847E-32));
#3727=DIRECTION('center_axis',(-1.,0.,0.));
#3728=DIRECTION('ref_axis',(0.,-1.,0.));
#3729=DIRECTION('',(0.,0.,1.));
#3730=DIRECTION('',(0.,-1.,0.));
#3731=DIRECTION('',(0.,0.,1.));
#3732=DIRECTION('center_axis',(0.,0.,1.));
#3733=DIRECTION('ref_axis',(-1.,0.,0.));
#3734=DIRECTION('',(0.,0.,1.));
#3735=DIRECTION('center_axis',(0.,0.,1.));
#3736=DIRECTION('ref_axis',(-1.,0.,0.));
#3737=DIRECTION('center_axis',(0.,-1.,0.));
#3738=DIRECTION('ref_axis',(1.,0.,0.));
#3739=DIRECTION('',(0.,0.,1.));
#3740=DIRECTION('',(1.,0.,0.));
#3741=DIRECTION('center_axis',(0.,0.,1.));
#3742=DIRECTION('ref_axis',(0.,-1.,0.));
#3743=DIRECTION('',(0.,0.,1.));
#3744=DIRECTION('center_axis',(0.,0.,1.));
#3745=DIRECTION('ref_axis',(0.,-1.,0.));
#3746=DIRECTION('center_axis',(1.,0.,0.));
#3747=DIRECTION('ref_axis',(0.,1.,0.));
#3748=DIRECTION('',(0.,0.,1.));
#3749=DIRECTION('',(0.,1.,0.));
#3750=DIRECTION('center_axis',(0.,0.,1.));
#3751=DIRECTION('ref_axis',(1.,0.,0.));
#3752=DIRECTION('',(0.,0.,1.));
#3753=DIRECTION('center_axis',(0.,0.,1.));
#3754=DIRECTION('ref_axis',(1.,0.,0.));
#3755=DIRECTION('center_axis',(0.,1.,0.));
#3756=DIRECTION('ref_axis',(-1.,0.,0.));
#3757=DIRECTION('',(0.,0.,1.));
#3758=DIRECTION('',(-1.,0.,0.));
#3759=DIRECTION('center_axis',(0.,0.,1.));
#3760=DIRECTION('ref_axis',(0.,1.,0.));
#3761=DIRECTION('center_axis',(0.,0.,1.));
#3762=DIRECTION('ref_axis',(0.,1.,0.));
#3763=DIRECTION('center_axis',(1.,0.,0.));
#3764=DIRECTION('ref_axis',(0.,1.,0.));
#3765=DIRECTION('',(0.,1.,0.));
#3766=DIRECTION('',(0.,0.,1.));
#3767=DIRECTION('',(0.,1.,0.));
#3768=DIRECTION('',(0.,0.,1.));
#3769=DIRECTION('center_axis',(0.,0.,1.));
#3770=DIRECTION('ref_axis',(1.,0.,0.));
#3771=DIRECTION('center_axis',(0.,0.,1.));
#3772=DIRECTION('ref_axis',(1.,0.,0.));
#3773=DIRECTION('center_axis',(0.,0.,1.));
#3774=DIRECTION('ref_axis',(1.,0.,0.));
#3775=DIRECTION('',(0.,0.,1.));
#3776=DIRECTION('center_axis',(0.,1.,0.));
#3777=DIRECTION('ref_axis',(-1.,0.,0.));
#3778=DIRECTION('',(-1.,0.,0.));
#3779=DIRECTION('',(-1.,0.,0.));
#3780=DIRECTION('',(0.,0.,1.));
#3781=DIRECTION('center_axis',(0.,0.,1.));
#3782=DIRECTION('ref_axis',(0.,1.,0.));
#3783=DIRECTION('center_axis',(0.,0.,1.));
#3784=DIRECTION('ref_axis',(0.,1.,0.));
#3785=DIRECTION('center_axis',(0.,0.,1.));
#3786=DIRECTION('ref_axis',(0.,1.,0.));
#3787=DIRECTION('',(0.,0.,1.));
#3788=DIRECTION('center_axis',(-1.,0.,0.));
#3789=DIRECTION('ref_axis',(0.,-1.,0.));
#3790=DIRECTION('',(0.,-1.,0.));
#3791=DIRECTION('',(0.,-1.,0.));
#3792=DIRECTION('',(0.,0.,1.));
#3793=DIRECTION('center_axis',(0.,0.,1.));
#3794=DIRECTION('ref_axis',(0.,-1.,0.));
#3795=DIRECTION('center_axis',(0.,0.,1.));
#3796=DIRECTION('ref_axis',(0.,-1.,0.));
#3797=DIRECTION('',(0.,0.,1.));
#3798=DIRECTION('center_axis',(0.,0.,1.));
#3799=DIRECTION('ref_axis',(0.,-1.,0.));
#3800=DIRECTION('center_axis',(0.,-1.,0.));
#3801=DIRECTION('ref_axis',(1.,0.,0.));
#3802=DIRECTION('',(1.,0.,0.));
#3803=DIRECTION('',(0.,0.,1.));
#3804=DIRECTION('',(1.,0.,0.));
#3805=DIRECTION('center_axis',(0.,0.,1.));
#3806=DIRECTION('ref_axis',(-1.,0.,0.));
#3807=DIRECTION('center_axis',(0.,0.,1.));
#3808=DIRECTION('ref_axis',(-1.,0.,0.));
#3809=DIRECTION('center_axis',(0.,0.,1.));
#3810=DIRECTION('ref_axis',(-1.,0.,0.));
#3811=DIRECTION('center_axis',(0.,0.,1.));
#3812=DIRECTION('ref_axis',(1.,0.,0.));
#3813=DIRECTION('center_axis',(0.,0.,1.));
#3814=DIRECTION('ref_axis',(1.,0.,0.));
#3815=DIRECTION('center_axis',(0.,0.,1.));
#3816=DIRECTION('ref_axis',(1.,0.,0.));
#3817=DIRECTION('',(0.,0.,-1.));
#3818=DIRECTION('center_axis',(0.,0.,1.));
#3819=DIRECTION('ref_axis',(1.,0.,0.));
#3820=DIRECTION('center_axis',(0.,0.,1.));
#3821=DIRECTION('ref_axis',(1.,0.,0.));
#3822=DIRECTION('center_axis',(0.,0.,1.));
#3823=DIRECTION('ref_axis',(1.,0.,0.));
#3824=DIRECTION('center_axis',(0.,0.,1.));
#3825=DIRECTION('ref_axis',(1.,0.,0.));
#3826=DIRECTION('',(0.,0.,-1.));
#3827=DIRECTION('center_axis',(0.,0.,1.));
#3828=DIRECTION('ref_axis',(1.,0.,0.));
#3829=DIRECTION('center_axis',(0.,0.,1.));
#3830=DIRECTION('ref_axis',(1.,0.,0.));
#3831=DIRECTION('center_axis',(0.,0.,1.));
#3832=DIRECTION('ref_axis',(1.,0.,0.));
#3833=DIRECTION('center_axis',(0.,0.,1.));
#3834=DIRECTION('ref_axis',(1.,0.,0.));
#3835=DIRECTION('',(0.,0.,-1.));
#3836=DIRECTION('center_axis',(0.,0.,1.));
#3837=DIRECTION('ref_axis',(1.,0.,0.));
#3838=DIRECTION('center_axis',(0.,0.,1.));
#3839=DIRECTION('ref_axis',(1.,0.,0.));
#3840=DIRECTION('center_axis',(0.,0.,1.));
#3841=DIRECTION('ref_axis',(1.,0.,0.));
#3842=DIRECTION('center_axis',(0.,0.,1.));
#3843=DIRECTION('ref_axis',(1.,0.,0.));
#3844=DIRECTION('',(0.,0.,-1.));
#3845=DIRECTION('center_axis',(0.,0.,1.));
#3846=DIRECTION('ref_axis',(1.,0.,0.));
#3847=DIRECTION('center_axis',(0.,0.,1.));
#3848=DIRECTION('ref_axis',(1.,0.,0.));
#3849=DIRECTION('center_axis',(0.,0.,1.));
#3850=DIRECTION('ref_axis',(1.,0.,0.));
#3851=DIRECTION('',(0.,1.,0.));
#3852=DIRECTION('center_axis',(0.,0.,1.));
#3853=DIRECTION('ref_axis',(0.,-1.,0.));
#3854=DIRECTION('',(1.,0.,0.));
#3855=DIRECTION('center_axis',(0.,0.,1.));
#3856=DIRECTION('ref_axis',(-1.,0.,0.));
#3857=DIRECTION('',(0.,-1.,0.));
#3858=DIRECTION('center_axis',(0.,0.,1.));
#3859=DIRECTION('ref_axis',(0.,1.,0.));
#3860=DIRECTION('',(-1.,0.,0.));
#3861=DIRECTION('center_axis',(0.,0.,1.));
#3862=DIRECTION('ref_axis',(1.,0.,0.));
#3863=DIRECTION('center_axis',(0.,0.,1.));
#3864=DIRECTION('ref_axis',(1.,0.,0.));
#3865=DIRECTION('',(0.,-1.,0.));
#3866=DIRECTION('center_axis',(0.,0.,1.));
#3867=DIRECTION('ref_axis',(1.,0.,0.));
#3868=DIRECTION('',(0.,1.,0.));
#3869=DIRECTION('center_axis',(0.,0.,1.));
#3870=DIRECTION('ref_axis',(1.,0.,0.));
#3871=DIRECTION('',(0.,-1.,0.));
#3872=DIRECTION('center_axis',(0.,0.,1.));
#3873=DIRECTION('ref_axis',(1.,0.,0.));
#3874=DIRECTION('',(0.,1.,0.));
#3875=DIRECTION('center_axis',(0.,0.,1.));
#3876=DIRECTION('ref_axis',(1.,0.,0.));
#3877=DIRECTION('',(-1.,0.,0.));
#3878=DIRECTION('center_axis',(0.,0.,1.));
#3879=DIRECTION('ref_axis',(0.,1.,0.));
#3880=DIRECTION('center_axis',(0.,0.,1.));
#3881=DIRECTION('ref_axis',(1.,0.,0.));
#3882=DIRECTION('',(0.,1.,0.));
#3883=DIRECTION('center_axis',(0.,0.,1.));
#3884=DIRECTION('ref_axis',(1.,0.,0.));
#3885=DIRECTION('',(0.,-1.,0.));
#3886=DIRECTION('center_axis',(0.,0.,1.));
#3887=DIRECTION('ref_axis',(1.,0.,0.));
#3888=DIRECTION('',(0.,1.,0.));
#3889=DIRECTION('center_axis',(0.,0.,1.));
#3890=DIRECTION('ref_axis',(1.,0.,0.));
#3891=DIRECTION('',(0.,-1.,0.));
#3892=DIRECTION('center_axis',(0.,0.,1.));
#3893=DIRECTION('ref_axis',(-1.,0.,0.));
#3894=DIRECTION('',(1.,0.,0.));
#3895=DIRECTION('center_axis',(0.,0.,1.));
#3896=DIRECTION('ref_axis',(0.,-1.,0.));
#3897=DIRECTION('',(0.,1.,0.));
#3898=DIRECTION('center_axis',(-1.,0.,0.));
#3899=DIRECTION('ref_axis',(0.,-1.,0.));
#3900=DIRECTION('',(0.,0.,1.));
#3901=DIRECTION('',(0.,0.,1.));
#3902=DIRECTION('center_axis',(1.,0.,0.));
#3903=DIRECTION('ref_axis',(0.,1.,0.));
#3904=DIRECTION('',(0.,1.,0.));
#3905=DIRECTION('',(0.,0.,1.));
#3906=DIRECTION('center_axis',(1.,0.,0.));
#3907=DIRECTION('ref_axis',(0.,1.,0.));
#3908=DIRECTION('',(0.,1.,0.));
#3909=DIRECTION('',(0.,0.,1.));
#3910=DIRECTION('center_axis',(1.,0.,0.));
#3911=DIRECTION('ref_axis',(0.,1.,0.));
#3912=DIRECTION('',(0.,0.,-1.));
#3913=DIRECTION('',(0.,1.,0.));
#3914=DIRECTION('',(0.,0.,1.));
#3915=DIRECTION('',(0.,1.,0.));
#3916=DIRECTION('center_axis',(0.,0.,1.));
#3917=DIRECTION('ref_axis',(1.,0.,0.));
#3918=DIRECTION('',(0.,-1.,0.));
#3919=DIRECTION('center_axis',(0.,0.,-1.));
#3920=DIRECTION('ref_axis',(0.,-1.,0.));
#3921=DIRECTION('',(0.,1.,0.));
#3922=DIRECTION('center_axis',(0.,0.,-1.));
#3923=DIRECTION('ref_axis',(-1.,0.,0.));
#3924=DIRECTION('',(-1.,0.,0.));
#3925=DIRECTION('center_axis',(0.,0.,-1.));
#3926=DIRECTION('ref_axis',(0.,-1.,0.));
#3927=DIRECTION('',(0.,-1.,0.));
#3928=DIRECTION('center_axis',(-1.,0.,0.));
#3929=DIRECTION('ref_axis',(0.,-1.,0.));
#3930=DIRECTION('',(0.,-1.,0.));
#3931=DIRECTION('',(0.,0.,1.));
#3932=DIRECTION('center_axis',(-1.,0.,0.));
#3933=DIRECTION('ref_axis',(0.,-1.,0.));
#3934=DIRECTION('',(0.,1.,0.));
#3935=DIRECTION('',(0.,-1.,0.));
#3936=DIRECTION('center_axis',(0.,0.,1.));
#3937=DIRECTION('ref_axis',(1.,0.,0.));
#3938=DIRECTION('center_axis',(0.,0.,1.));
#3939=DIRECTION('ref_axis',(1.,0.,0.));
#3940=DIRECTION('',(0.,-1.,0.));
#3941=DIRECTION('',(0.,-1.,0.));
#3942=DIRECTION('center_axis',(0.,0.,1.));
#3943=DIRECTION('ref_axis',(1.,0.,0.));
#3944=DIRECTION('',(0.,1.,0.));
#3945=DIRECTION('',(0.,1.,0.));
#3946=DIRECTION('center_axis',(0.,0.,1.));
#3947=DIRECTION('ref_axis',(0.,-1.,0.));
#3948=DIRECTION('',(1.,0.,0.));
#3949=DIRECTION('center_axis',(0.,0.,1.));
#3950=DIRECTION('ref_axis',(-1.,0.,0.));
#3951=DIRECTION('',(0.,-1.,0.));
#3952=DIRECTION('center_axis',(0.,0.,1.));
#3953=DIRECTION('ref_axis',(0.,1.,0.));
#3954=DIRECTION('',(-1.,0.,0.));
#3955=DIRECTION('center_axis',(0.,0.,1.));
#3956=DIRECTION('ref_axis',(1.,0.,0.));
#3957=DIRECTION('center_axis',(1.,0.,0.));
#3958=DIRECTION('ref_axis',(0.,1.,0.));
#3959=DIRECTION('',(0.,0.,1.));
#3960=DIRECTION('center_axis',(1.,0.,0.));
#3961=DIRECTION('ref_axis',(0.,1.,0.));
#3962=DIRECTION('center_axis',(-1.,0.,0.));
#3963=DIRECTION('ref_axis',(0.,-1.,0.));
#3964=DIRECTION('',(0.,0.,1.));
#3965=DIRECTION('',(0.,-1.,0.));
#3966=DIRECTION('',(0.,0.,1.));
#3967=DIRECTION('center_axis',(0.,0.,1.));
#3968=DIRECTION('ref_axis',(1.,0.,0.));
#3969=DIRECTION('center_axis',(0.,0.,1.));
#3970=DIRECTION('ref_axis',(1.,0.,0.));
#3971=DIRECTION('',(0.,0.,1.));
#3972=DIRECTION('center_axis',(0.,0.,1.));
#3973=DIRECTION('ref_axis',(1.,0.,0.));
#3974=DIRECTION('',(0.,0.,-1.));
#3975=DIRECTION('center_axis',(0.,0.,1.));
#3976=DIRECTION('ref_axis',(1.,0.,0.));
#3977=DIRECTION('center_axis',(0.,0.,1.));
#3978=DIRECTION('ref_axis',(1.,0.,0.));
#3979=DIRECTION('',(0.,0.,-1.));
#3980=DIRECTION('center_axis',(0.,0.,1.));
#3981=DIRECTION('ref_axis',(1.,0.,0.));
#3982=DIRECTION('center_axis',(0.,0.,1.));
#3983=DIRECTION('ref_axis',(1.,0.,0.));
#3984=DIRECTION('center_axis',(0.,0.,1.));
#3985=DIRECTION('ref_axis',(1.,0.,0.));
#3986=DIRECTION('',(0.,0.,1.));
#3987=DIRECTION('center_axis',(0.,0.,1.));
#3988=DIRECTION('ref_axis',(1.,0.,0.));
#3989=DIRECTION('center_axis',(0.,0.,1.));
#3990=DIRECTION('ref_axis',(1.,0.,0.));
#3991=DIRECTION('',(0.,0.,-1.));
#3992=DIRECTION('',(0.,0.,1.));
#3993=DIRECTION('center_axis',(0.,0.,1.));
#3994=DIRECTION('ref_axis',(1.,0.,0.));
#3995=DIRECTION('center_axis',(0.,0.,1.));
#3996=DIRECTION('ref_axis',(1.,0.,0.));
#3997=DIRECTION('center_axis',(-1.,0.,0.));
#3998=DIRECTION('ref_axis',(0.,-1.,0.));
#3999=DIRECTION('',(0.,0.,1.));
#4000=DIRECTION('center_axis',(-1.,0.,0.));
#4001=DIRECTION('ref_axis',(0.,-1.,0.));
#4002=DIRECTION('',(0.,-1.,0.));
#4003=DIRECTION('center_axis',(-1.,0.,0.));
#4004=DIRECTION('ref_axis',(0.,-1.,0.));
#4005=DIRECTION('',(0.,-1.,0.));
#4006=DIRECTION('center_axis',(0.,0.,1.));
#4007=DIRECTION('ref_axis',(1.,0.,0.));
#4008=DIRECTION('center_axis',(1.,0.,0.));
#4009=DIRECTION('ref_axis',(0.,1.,0.));
#4010=DIRECTION('',(0.,0.,1.));
#4011=DIRECTION('center_axis',(1.,0.,0.));
#4012=DIRECTION('ref_axis',(0.,1.,0.));
#4013=DIRECTION('',(0.,0.,1.));
#4014=DIRECTION('center_axis',(0.,0.,1.));
#4015=DIRECTION('ref_axis',(1.,0.,0.));
#4016=DIRECTION('center_axis',(0.,0.,1.));
#4017=DIRECTION('ref_axis',(0.,1.,0.));
#4018=DIRECTION('center_axis',(0.,0.,-1.));
#4019=DIRECTION('ref_axis',(0.,1.,0.));
#4020=DIRECTION('center_axis',(0.,0.,1.));
#4021=DIRECTION('ref_axis',(0.,-1.,0.));
#4022=DIRECTION('',(0.,0.,1.));
#4023=DIRECTION('center_axis',(0.,-1.,0.));
#4024=DIRECTION('ref_axis',(1.,0.,0.));
#4025=DIRECTION('',(0.,0.,1.));
#4026=DIRECTION('center_axis',(0.,0.,1.));
#4027=DIRECTION('ref_axis',(-1.,0.,0.));
#4028=DIRECTION('center_axis',(0.,0.,1.));
#4029=DIRECTION('ref_axis',(0.,-1.,0.));
#4030=DIRECTION('center_axis',(0.,0.,-1.));
#4031=DIRECTION('ref_axis',(0.,-1.,0.));
#4032=DIRECTION('center_axis',(0.,0.,1.));
#4033=DIRECTION('ref_axis',(-1.,0.,0.));
#4034=DIRECTION('center_axis',(0.,0.,1.));
#4035=DIRECTION('ref_axis',(0.,1.,0.));
#4036=DIRECTION('',(0.,0.,1.));
#4037=DIRECTION('center_axis',(0.,1.,0.));
#4038=DIRECTION('ref_axis',(-1.,0.,0.));
#4039=DIRECTION('',(0.,0.,1.));
#4040=DIRECTION('center_axis',(0.,0.,1.));
#4041=DIRECTION('ref_axis',(1.,0.,0.));
#4042=DIRECTION('center_axis',(1.,0.,0.));
#4043=DIRECTION('ref_axis',(0.,1.,0.));
#4044=DIRECTION('',(0.,1.,0.));
#4045=DIRECTION('center_axis',(0.,0.,1.));
#4046=DIRECTION('ref_axis',(1.,0.,0.));
#4047=DIRECTION('center_axis',(0.,0.,1.));
#4048=DIRECTION('ref_axis',(1.,0.,0.));
#4049=DIRECTION('center_axis',(0.,0.,-1.));
#4050=DIRECTION('ref_axis',(0.,-1.,0.));
#4051=DIRECTION('center_axis',(0.,0.,1.));
#4052=DIRECTION('ref_axis',(1.,0.,0.));
#4053=DIRECTION('center_axis',(0.,0.,-1.));
#4054=DIRECTION('ref_axis',(0.,1.,0.));
#4055=DIRECTION('center_axis',(0.,0.,1.));
#4056=DIRECTION('ref_axis',(0.,-1.,0.));
#4057=DIRECTION('center_axis',(0.,0.,1.));
#4058=DIRECTION('ref_axis',(1.,0.,0.));
#4059=DIRECTION('center_axis',(0.,0.,1.));
#4060=DIRECTION('ref_axis',(0.,1.,0.));
#4061=DIRECTION('center_axis',(0.,1.,0.));
#4062=DIRECTION('ref_axis',(-1.,0.,0.));
#4063=DIRECTION('',(0.,0.,1.));
#4064=DIRECTION('',(-1.,0.,0.));
#4065=DIRECTION('',(0.,0.,1.));
#4066=DIRECTION('center_axis',(0.,0.,1.));
#4067=DIRECTION('ref_axis',(0.,1.,0.));
#4068=DIRECTION('',(0.,0.,1.));
#4069=DIRECTION('center_axis',(0.,0.,1.));
#4070=DIRECTION('ref_axis',(0.,1.,0.));
#4071=DIRECTION('center_axis',(-1.,0.,0.));
#4072=DIRECTION('ref_axis',(0.,-1.,0.));
#4073=DIRECTION('',(0.,0.,1.));
#4074=DIRECTION('',(0.,-1.,0.));
#4075=DIRECTION('center_axis',(0.,0.,1.));
#4076=DIRECTION('ref_axis',(-1.,0.,0.));
#4077=DIRECTION('',(0.,0.,1.));
#4078=DIRECTION('center_axis',(0.,0.,1.));
#4079=DIRECTION('ref_axis',(-1.,0.,0.));
#4080=DIRECTION('center_axis',(-1.,0.,0.));
#4081=DIRECTION('ref_axis',(0.,-1.,0.));
#4082=DIRECTION('',(0.,0.,1.));
#4083=DIRECTION('center_axis',(0.,0.,1.));
#4084=DIRECTION('ref_axis',(0.,1.,0.));
#4085=DIRECTION('',(0.,0.,1.));
#4086=DIRECTION('center_axis',(0.,1.,0.));
#4087=DIRECTION('ref_axis',(-1.,0.,0.));
#4088=DIRECTION('',(0.,0.,1.));
#4089=DIRECTION('center_axis',(0.,0.,1.));
#4090=DIRECTION('ref_axis',(1.,0.,0.));
#4091=DIRECTION('center_axis',(0.,0.,1.));
#4092=DIRECTION('ref_axis',(0.,-1.,0.));
#4093=DIRECTION('',(0.,0.,1.));
#4094=DIRECTION('center_axis',(0.,-1.,0.));
#4095=DIRECTION('ref_axis',(1.,0.,0.));
#4096=DIRECTION('',(0.,0.,1.));
#4097=DIRECTION('center_axis',(0.,0.,1.));
#4098=DIRECTION('ref_axis',(-1.,0.,0.));
#4099=DIRECTION('center_axis',(0.,0.,1.));
#4100=DIRECTION('ref_axis',(1.,0.,0.));
#4101=DIRECTION('center_axis',(0.,0.,1.));
#4102=DIRECTION('ref_axis',(1.,0.,0.));
#4103=DIRECTION('',(0.,0.,1.));
#4104=DIRECTION('center_axis',(1.,0.,0.));
#4105=DIRECTION('ref_axis',(0.,1.,0.));
#4106=DIRECTION('',(0.,1.,0.));
#4107=DIRECTION('',(0.,0.,1.));
#4108=DIRECTION('center_axis',(0.,0.,1.));
#4109=DIRECTION('ref_axis',(0.,-1.,0.));
#4110=DIRECTION('center_axis',(0.,0.,1.));
#4111=DIRECTION('ref_axis',(0.,-1.,0.));
#4112=DIRECTION('',(0.,0.,1.));
#4113=DIRECTION('center_axis',(0.,-1.,0.));
#4114=DIRECTION('ref_axis',(1.,0.,0.));
#4115=DIRECTION('',(1.,0.,0.));
#4116=DIRECTION('center_axis',(0.,0.,1.));
#4117=DIRECTION('ref_axis',(1.,0.,0.));
#4118=CARTESIAN_POINT('',(0.,0.,0.));
#4119=CARTESIAN_POINT('Origin',(3.55,-4.,2.558));
#4120=CARTESIAN_POINT('',(4.05,-4.,2.86));
#4121=CARTESIAN_POINT('',(3.9,-4.35707142142714,2.86));
#4122=CARTESIAN_POINT('Origin',(3.55,-4.,2.86));
#4123=CARTESIAN_POINT('',(3.9,-3.64292857857286,2.86));
#4124=CARTESIAN_POINT('Origin',(3.55,-4.,2.86));
#4125=CARTESIAN_POINT('',(3.9,-3.64292857857286,2.56));
#4126=CARTESIAN_POINT('',(3.9,-3.64292857857286,2.558));
#4127=CARTESIAN_POINT('',(4.02,-3.82941277890768,2.56));
#4128=CARTESIAN_POINT('Origin',(3.55,-4.,2.56));
#4129=CARTESIAN_POINT('',(4.02,-3.82941277890768,2.76));
#4130=CARTESIAN_POINT('',(4.02,-3.82941277890768,2.558));
#4131=CARTESIAN_POINT('',(4.02,-4.17058722109232,2.76));
#4132=CARTESIAN_POINT('Origin',(3.55,-4.,2.76));
#4133=CARTESIAN_POINT('',(4.02,-4.17058722109232,2.56));
#4134=CARTESIAN_POINT('',(4.02,-4.17058722109232,2.558));
#4135=CARTESIAN_POINT('',(3.9,-4.35707142142714,2.56));
#4136=CARTESIAN_POINT('Origin',(3.55,-4.,2.56));
#4137=CARTESIAN_POINT('',(3.9,-4.35707142142714,2.558));
#4138=CARTESIAN_POINT('Origin',(-3.55,4.,2.558));
#4139=CARTESIAN_POINT('',(-4.05,4.,2.86));
#4140=CARTESIAN_POINT('',(-3.9,4.35707142142714,2.86));
#4141=CARTESIAN_POINT('Origin',(-3.55,4.,2.86));
#4142=CARTESIAN_POINT('',(-3.9,3.64292857857286,2.86));
#4143=CARTESIAN_POINT('Origin',(-3.55,4.,2.86));
#4144=CARTESIAN_POINT('',(-3.9,3.64292857857286,2.56));
#4145=CARTESIAN_POINT('',(-3.9,3.64292857857286,2.558));
#4146=CARTESIAN_POINT('',(-4.02,3.82941277890768,2.56));
#4147=CARTESIAN_POINT('Origin',(-3.55,4.,2.56));
#4148=CARTESIAN_POINT('',(-4.02,3.82941277890768,2.76));
#4149=CARTESIAN_POINT('',(-4.02,3.82941277890768,2.558));
#4150=CARTESIAN_POINT('',(-4.02,4.17058722109232,2.76));
#4151=CARTESIAN_POINT('Origin',(-3.55,4.,2.76));
#4152=CARTESIAN_POINT('',(-4.02,4.17058722109232,2.56));
#4153=CARTESIAN_POINT('',(-4.02,4.17058722109232,2.558));
#4154=CARTESIAN_POINT('',(-3.9,4.35707142142714,2.56));
#4155=CARTESIAN_POINT('Origin',(-3.55,4.,2.56));
#4156=CARTESIAN_POINT('',(-3.9,4.35707142142714,2.558));
#4157=CARTESIAN_POINT('Origin',(-3.55,-4.,2.558));
#4158=CARTESIAN_POINT('',(-4.05,-4.,2.86));
#4159=CARTESIAN_POINT('',(-3.9,-3.64292857857286,2.86));
#4160=CARTESIAN_POINT('Origin',(-3.55,-4.,2.86));
#4161=CARTESIAN_POINT('',(-3.9,-4.35707142142714,2.86));
#4162=CARTESIAN_POINT('Origin',(-3.55,-4.,2.86));
#4163=CARTESIAN_POINT('',(-3.9,-4.35707142142714,2.56));
#4164=CARTESIAN_POINT('',(-3.9,-4.35707142142714,2.558));
#4165=CARTESIAN_POINT('',(-4.02,-4.17058722109232,2.56));
#4166=CARTESIAN_POINT('Origin',(-3.55,-4.,2.56));
#4167=CARTESIAN_POINT('',(-4.02,-4.17058722109232,2.76));
#4168=CARTESIAN_POINT('',(-4.02,-4.17058722109232,2.558));
#4169=CARTESIAN_POINT('',(-4.02,-3.82941277890768,2.76));
#4170=CARTESIAN_POINT('Origin',(-3.55,-4.,2.76));
#4171=CARTESIAN_POINT('',(-4.02,-3.82941277890768,2.56));
#4172=CARTESIAN_POINT('',(-4.02,-3.82941277890768,2.558));
#4173=CARTESIAN_POINT('',(-3.9,-3.64292857857286,2.56));
#4174=CARTESIAN_POINT('Origin',(-3.55,-4.,2.56));
#4175=CARTESIAN_POINT('',(-3.9,-3.64292857857286,2.558));
#4176=CARTESIAN_POINT('Origin',(3.55,4.,2.558));
#4177=CARTESIAN_POINT('',(4.05,4.,2.86));
#4178=CARTESIAN_POINT('',(3.9,3.64292857857286,2.86));
#4179=CARTESIAN_POINT('Origin',(3.55,4.,2.86));
#4180=CARTESIAN_POINT('',(3.9,4.35707142142714,2.86));
#4181=CARTESIAN_POINT('Origin',(3.55,4.,2.86));
#4182=CARTESIAN_POINT('',(3.9,4.35707142142714,2.56));
#4183=CARTESIAN_POINT('',(3.9,4.35707142142714,2.558));
#4184=CARTESIAN_POINT('',(4.02,4.17058722109232,2.56));
#4185=CARTESIAN_POINT('Origin',(3.55,4.,2.56));
#4186=CARTESIAN_POINT('',(4.02,4.17058722109232,2.76));
#4187=CARTESIAN_POINT('',(4.02,4.17058722109232,2.558));
#4188=CARTESIAN_POINT('',(4.02,3.82941277890768,2.76));
#4189=CARTESIAN_POINT('Origin',(3.55,4.,2.76));
#4190=CARTESIAN_POINT('',(4.02,3.82941277890768,2.56));
#4191=CARTESIAN_POINT('',(4.02,3.82941277890768,2.558));
#4192=CARTESIAN_POINT('',(3.9,3.64292857857286,2.56));
#4193=CARTESIAN_POINT('Origin',(3.55,4.,2.56));
#4194=CARTESIAN_POINT('',(3.9,3.64292857857286,2.558));
#4195=CARTESIAN_POINT('Origin',(4.02,-4.72,2.56));
#4196=CARTESIAN_POINT('',(4.02,-3.24899888641287,2.56));
#4197=CARTESIAN_POINT('',(4.02,-4.72,2.56));
#4198=CARTESIAN_POINT('',(4.02,-3.24899888641287,2.76));
#4199=CARTESIAN_POINT('',(4.02,-3.24899888641287,2.558));
#4200=CARTESIAN_POINT('',(4.02,-2.36,2.76));
#4201=CARTESIAN_POINT('Origin',(3.9,4.4,2.76));
#4202=CARTESIAN_POINT('',(3.9,-3.23874821936961,2.86));
#4203=CARTESIAN_POINT('',(3.9,-4.4,2.86));
#4204=CARTESIAN_POINT('',(3.9,-3.23874821936961,2.76));
#4205=CARTESIAN_POINT('',(3.9,-3.23874821936961,2.76));
#4206=CARTESIAN_POINT('',(3.9,-3.28989794855664,2.76));
#4207=CARTESIAN_POINT('',(3.9,0.8,2.76));
#4208=CARTESIAN_POINT('',(3.9,-3.28989794855664,2.56));
#4209=CARTESIAN_POINT('',(3.9,-3.28989794855664,2.558));
#4210=CARTESIAN_POINT('',(3.9,-4.7,2.56));
#4211=CARTESIAN_POINT('Origin',(-4.02,4.72,2.56));
#4212=CARTESIAN_POINT('',(-4.02,4.72,2.76));
#4213=CARTESIAN_POINT('',(-4.02,2.36,2.76));
#4214=CARTESIAN_POINT('',(-4.02,4.72,2.56));
#4215=CARTESIAN_POINT('',(-4.02,4.72,2.56));
#4216=CARTESIAN_POINT('',(-4.02,4.72,2.56));
#4217=CARTESIAN_POINT('Origin',(-4.02,4.72,2.56));
#4218=CARTESIAN_POINT('',(-4.02,3.24899888641287,2.56));
#4219=CARTESIAN_POINT('',(-4.02,4.72,2.56));
#4220=CARTESIAN_POINT('',(-4.02,3.24899888641287,2.76));
#4221=CARTESIAN_POINT('',(-4.02,3.24899888641287,2.558));
#4222=CARTESIAN_POINT('',(-4.02,2.36,2.76));
#4223=CARTESIAN_POINT('Origin',(-3.9,-4.4,2.76));
#4224=CARTESIAN_POINT('',(-3.9,4.7,2.56));
#4225=CARTESIAN_POINT('',(-3.9,4.7,2.56));
#4226=CARTESIAN_POINT('',(-3.9,4.7,2.76));
#4227=CARTESIAN_POINT('',(-3.9,4.7,2.56));
#4228=CARTESIAN_POINT('',(-3.9,4.4,2.76));
#4229=CARTESIAN_POINT('',(-3.9,-2.35,2.76));
#4230=CARTESIAN_POINT('',(-3.9,4.4,2.86));
#4231=CARTESIAN_POINT('',(-3.9,4.4,2.76));
#4232=CARTESIAN_POINT('',(-3.9,4.4,2.86));
#4233=CARTESIAN_POINT('Origin',(-3.9,-4.4,2.76));
#4234=CARTESIAN_POINT('',(-3.9,3.23874821936961,2.86));
#4235=CARTESIAN_POINT('',(-3.9,4.4,2.86));
#4236=CARTESIAN_POINT('',(-3.9,3.23874821936961,2.76));
#4237=CARTESIAN_POINT('',(-3.9,3.23874821936961,2.76));
#4238=CARTESIAN_POINT('',(-3.9,3.28989794855664,2.76));
#4239=CARTESIAN_POINT('',(-3.9,-0.8,2.76));
#4240=CARTESIAN_POINT('',(-3.9,3.28989794855664,2.56));
#4241=CARTESIAN_POINT('',(-3.9,3.28989794855664,2.558));
#4242=CARTESIAN_POINT('',(-3.9,4.7,2.56));
#4243=CARTESIAN_POINT('Origin',(0.,0.,2.86));
#4244=CARTESIAN_POINT('',(-3.9,-3.23874821936961,2.86));
#4245=CARTESIAN_POINT('',(-3.9,4.4,2.86));
#4246=CARTESIAN_POINT('',(-4.05,-3.17416573867739,2.86));
#4247=CARTESIAN_POINT('Origin',(-3.8,-2.8,2.86));
#4248=CARTESIAN_POINT('',(-4.05,2.35,2.86));
#4249=CARTESIAN_POINT('Origin',(0.,0.,2.86));
#4250=CARTESIAN_POINT('',(4.05,-3.17416573867739,2.86));
#4251=CARTESIAN_POINT('',(4.05,-2.35,2.86));
#4252=CARTESIAN_POINT('Origin',(3.8,-2.8,2.86));
#4253=CARTESIAN_POINT('Origin',(-3.9,-4.4,2.76));
#4254=CARTESIAN_POINT('',(-3.9,-3.28989794855664,2.56));
#4255=CARTESIAN_POINT('',(-3.9,4.7,2.56));
#4256=CARTESIAN_POINT('',(-3.9,-3.28989794855664,2.76));
#4257=CARTESIAN_POINT('',(-3.9,-3.28989794855664,2.558));
#4258=CARTESIAN_POINT('',(-3.9,-3.23874821936961,2.76));
#4259=CARTESIAN_POINT('',(-3.9,-3.6,2.76));
#4260=CARTESIAN_POINT('',(-3.9,-3.23874821936961,2.76));
#4261=CARTESIAN_POINT('Origin',(0.,0.,2.56));
#4262=CARTESIAN_POINT('',(-4.02,-3.24899888641287,2.56));
#4263=CARTESIAN_POINT('',(-4.02,4.72,2.56));
#4264=CARTESIAN_POINT('Origin',(-3.8,-2.8,2.56));
#4265=CARTESIAN_POINT('Origin',(0.,0.,2.56));
#4266=CARTESIAN_POINT('Origin',(3.8,-2.8,2.56));
#4267=CARTESIAN_POINT('Origin',(-4.02,4.72,2.56));
#4268=CARTESIAN_POINT('',(-4.02,-3.24899888641287,2.76));
#4269=CARTESIAN_POINT('',(-4.02,2.36,2.76));
#4270=CARTESIAN_POINT('',(-4.02,-3.24899888641287,2.558));
#4271=CARTESIAN_POINT('Origin',(0.,0.,2.86));
#4272=CARTESIAN_POINT('',(3.9,3.23874821936961,2.86));
#4273=CARTESIAN_POINT('',(3.9,-4.4,2.86));
#4274=CARTESIAN_POINT('',(4.05,3.17416573867739,2.86));
#4275=CARTESIAN_POINT('Origin',(3.8,2.8,2.86));
#4276=CARTESIAN_POINT('',(4.05,-2.35,2.86));
#4277=CARTESIAN_POINT('Origin',(0.,0.,2.86));
#4278=CARTESIAN_POINT('',(-3.52712776429834,4.79907904530829,2.86));
#4279=CARTESIAN_POINT('Origin',(-3.5,4.4,2.86));
#4280=CARTESIAN_POINT('',(-3.44,4.85,2.86));
#4281=CARTESIAN_POINT('Origin',(-3.44,4.75,2.86));
#4282=CARTESIAN_POINT('',(3.44,4.85,2.86));
#4283=CARTESIAN_POINT('',(1.72,4.85,2.86));
#4284=CARTESIAN_POINT('',(3.52712776429834,4.79907904530829,2.86));
#4285=CARTESIAN_POINT('Origin',(3.44,4.75,2.86));
#4286=CARTESIAN_POINT('',(3.9,4.4,2.86));
#4287=CARTESIAN_POINT('Origin',(3.5,4.4,2.86));
#4288=CARTESIAN_POINT('',(3.9,-4.4,2.86));
#4289=CARTESIAN_POINT('',(4.05,4.7,2.86));
#4290=CARTESIAN_POINT('',(4.05,-2.35,2.86));
#4291=CARTESIAN_POINT('',(3.8,4.95,2.86));
#4292=CARTESIAN_POINT('Origin',(3.8,4.7,2.86));
#4293=CARTESIAN_POINT('',(-3.8,4.95,2.86));
#4294=CARTESIAN_POINT('',(1.9,4.95,2.86));
#4295=CARTESIAN_POINT('',(-4.05,4.7,2.86));
#4296=CARTESIAN_POINT('Origin',(-3.8,4.7,2.86));
#4297=CARTESIAN_POINT('',(-4.05,2.35,2.86));
#4298=CARTESIAN_POINT('Origin',(0.,0.,2.86));
#4299=CARTESIAN_POINT('',(-4.05,3.17416573867739,2.86));
#4300=CARTESIAN_POINT('',(-4.05,2.35,2.86));
#4301=CARTESIAN_POINT('Origin',(-3.8,2.8,2.86));
#4302=CARTESIAN_POINT('Origin',(3.9,4.4,2.76));
#4303=CARTESIAN_POINT('',(3.9,3.28989794855664,2.56));
#4304=CARTESIAN_POINT('',(3.9,-4.7,2.56));
#4305=CARTESIAN_POINT('',(3.9,3.28989794855664,2.76));
#4306=CARTESIAN_POINT('',(3.9,3.28989794855664,2.558));
#4307=CARTESIAN_POINT('',(3.9,3.23874821936961,2.76));
#4308=CARTESIAN_POINT('',(3.9,3.6,2.76));
#4309=CARTESIAN_POINT('',(3.9,3.23874821936961,2.76));
#4310=CARTESIAN_POINT('Origin',(0.,0.,2.56));
#4311=CARTESIAN_POINT('',(4.02,3.24899888641287,2.56));
#4312=CARTESIAN_POINT('',(4.02,-4.72,2.56));
#4313=CARTESIAN_POINT('Origin',(3.8,2.8,2.56));
#4314=CARTESIAN_POINT('Origin',(0.,0.,2.56));
#4315=CARTESIAN_POINT('',(-3.82,4.92,2.56));
#4316=CARTESIAN_POINT('Origin',(-3.82,4.72,2.56));
#4317=CARTESIAN_POINT('',(3.82,4.92,2.56));
#4318=CARTESIAN_POINT('',(3.82,4.92,2.56));
#4319=CARTESIAN_POINT('',(4.02,4.72,2.56));
#4320=CARTESIAN_POINT('Origin',(3.82,4.72,2.56));
#4321=CARTESIAN_POINT('',(4.02,-4.72,2.56));
#4322=CARTESIAN_POINT('',(3.9,4.7,2.56));
#4323=CARTESIAN_POINT('',(3.9,-4.7,2.56));
#4324=CARTESIAN_POINT('',(3.8,4.8,2.56));
#4325=CARTESIAN_POINT('Origin',(3.8,4.7,2.56));
#4326=CARTESIAN_POINT('',(3.52660254037844,4.8,2.56));
#4327=CARTESIAN_POINT('',(3.8,4.8,2.56));
#4328=CARTESIAN_POINT('',(3.44,4.85,2.56));
#4329=CARTESIAN_POINT('Origin',(3.44,4.75,2.56));
#4330=CARTESIAN_POINT('',(-3.44,4.85,2.56));
#4331=CARTESIAN_POINT('',(1.72,4.85,2.56));
#4332=CARTESIAN_POINT('',(-3.52660254037844,4.8,2.56));
#4333=CARTESIAN_POINT('Origin',(-3.44,4.75,2.56));
#4334=CARTESIAN_POINT('',(-3.8,4.8,2.56));
#4335=CARTESIAN_POINT('',(3.8,4.8,2.56));
#4336=CARTESIAN_POINT('Origin',(-3.8,4.7,2.56));
#4337=CARTESIAN_POINT('Origin',(0.,0.,2.56));
#4338=CARTESIAN_POINT('Origin',(-3.8,2.8,2.56));
#4339=CARTESIAN_POINT('Origin',(4.02,-4.72,2.56));
#4340=CARTESIAN_POINT('',(4.02,3.24899888641287,2.76));
#4341=CARTESIAN_POINT('',(4.02,-2.36,2.76));
#4342=CARTESIAN_POINT('',(4.02,3.24899888641287,2.558));
#4343=CARTESIAN_POINT('Origin',(-3.54,4.75,2.558));
#4344=CARTESIAN_POINT('',(-3.54,-3.16728735344414,2.76));
#4345=CARTESIAN_POINT('',(-3.54,-3.16728735344414,2.862));
#4346=CARTESIAN_POINT('',(-3.54,-3.16728735344414,2.76));
#4347=CARTESIAN_POINT('',(-3.54,-2.43271264655586,2.76));
#4348=CARTESIAN_POINT('',(-3.54,2.375,2.76));
#4349=CARTESIAN_POINT('',(-3.54,-2.43271264655586,2.862));
#4350=CARTESIAN_POINT('',(-3.54,-2.43271264655586,2.76));
#4351=CARTESIAN_POINT('',(-3.54,4.75,2.862));
#4352=CARTESIAN_POINT('Origin',(3.44,4.75,2.558));
#4353=CARTESIAN_POINT('',(3.44,4.85,2.558));
#4354=CARTESIAN_POINT('',(3.52660254037844,4.8,2.76));
#4355=CARTESIAN_POINT('',(3.52660254037844,4.8,2.558));
#4356=CARTESIAN_POINT('',(3.52712776429834,4.79907904530829,2.76));
#4357=CARTESIAN_POINT('Origin',(3.44,4.75,2.76));
#4358=CARTESIAN_POINT('',(3.52712776429834,4.79907904530829,2.558));
#4359=CARTESIAN_POINT('Origin',(0.,0.,2.862));
#4360=CARTESIAN_POINT('',(3.54,3.16728735344414,2.862));
#4361=CARTESIAN_POINT('',(3.54,2.43271264655586,2.862));
#4362=CARTESIAN_POINT('Origin',(3.8,2.8,2.862));
#4363=CARTESIAN_POINT('',(3.54,-4.75,2.862));
#4364=CARTESIAN_POINT('Origin',(0.,0.,2.862));
#4365=CARTESIAN_POINT('',(3.54,-2.43271264655586,2.862));
#4366=CARTESIAN_POINT('',(3.54,-3.16728735344414,2.862));
#4367=CARTESIAN_POINT('Origin',(3.8,-2.8,2.862));
#4368=CARTESIAN_POINT('',(3.54,-4.75,2.862));
#4369=CARTESIAN_POINT('Origin',(0.,0.,2.862));
#4370=CARTESIAN_POINT('Origin',(-3.8,-2.8,2.862));
#4371=CARTESIAN_POINT('Origin',(0.,0.,2.862));
#4372=CARTESIAN_POINT('',(-3.54,2.43271264655586,2.862));
#4373=CARTESIAN_POINT('',(-3.54,3.16728735344414,2.862));
#4374=CARTESIAN_POINT('Origin',(-3.8,2.8,2.862));
#4375=CARTESIAN_POINT('',(-3.54,4.75,2.862));
#4376=CARTESIAN_POINT('Origin',(3.54,-4.75,2.558));
#4377=CARTESIAN_POINT('',(3.54,-2.43271264655586,2.76));
#4378=CARTESIAN_POINT('',(3.54,-2.43271264655586,2.76));
#4379=CARTESIAN_POINT('',(3.54,-3.16728735344414,2.76));
#4380=CARTESIAN_POINT('',(3.54,-2.375,2.76));
#4381=CARTESIAN_POINT('',(3.54,-3.16728735344414,2.76));
#4382=CARTESIAN_POINT('Origin',(-3.44,-4.75,2.558));
#4383=CARTESIAN_POINT('',(-3.44,-4.85,2.86));
#4384=CARTESIAN_POINT('',(-3.52712776429834,-4.79907904530829,2.86));
#4385=CARTESIAN_POINT('Origin',(-3.44,-4.75,2.86));
#4386=CARTESIAN_POINT('',(-3.44,-4.85,2.56));
#4387=CARTESIAN_POINT('',(-3.44,-4.85,2.558));
#4388=CARTESIAN_POINT('',(-3.52660254037844,-4.8,2.56));
#4389=CARTESIAN_POINT('Origin',(-3.44,-4.75,2.56));
#4390=CARTESIAN_POINT('',(-3.52660254037844,-4.8,2.76));
#4391=CARTESIAN_POINT('',(-3.52660254037844,-4.8,2.558));
#4392=CARTESIAN_POINT('',(-3.52712776429834,-4.79907904530829,2.76));
#4393=CARTESIAN_POINT('Origin',(-3.44,-4.75,2.76));
#4394=CARTESIAN_POINT('',(-3.52712776429834,-4.79907904530829,2.558));
#4395=CARTESIAN_POINT('Origin',(-3.54,4.75,2.558));
#4396=CARTESIAN_POINT('',(-3.54,2.43271264655586,2.76));
#4397=CARTESIAN_POINT('',(-3.54,2.43271264655586,2.76));
#4398=CARTESIAN_POINT('',(-3.54,3.16728735344414,2.76));
#4399=CARTESIAN_POINT('',(-3.54,2.375,2.76));
#4400=CARTESIAN_POINT('',(-3.54,3.16728735344414,2.76));
#4401=CARTESIAN_POINT('Origin',(-3.44,4.75,2.558));
#4402=CARTESIAN_POINT('',(-3.52712776429834,4.79907904530829,2.76));
#4403=CARTESIAN_POINT('',(-3.52712776429834,4.79907904530829,2.558));
#4404=CARTESIAN_POINT('',(-3.52660254037844,4.8,2.76));
#4405=CARTESIAN_POINT('Origin',(-3.44,4.75,2.76));
#4406=CARTESIAN_POINT('',(-3.52660254037844,4.8,2.558));
#4407=CARTESIAN_POINT('',(-3.44,4.85,2.558));
#4408=CARTESIAN_POINT('Origin',(3.44,4.85,2.558));
#4409=CARTESIAN_POINT('Origin',(3.54,-4.75,2.558));
#4410=CARTESIAN_POINT('',(3.54,3.16728735344414,2.76));
#4411=CARTESIAN_POINT('',(3.54,3.16728735344414,2.76));
#4412=CARTESIAN_POINT('',(3.54,2.43271264655586,2.76));
#4413=CARTESIAN_POINT('',(3.54,-2.375,2.76));
#4414=CARTESIAN_POINT('',(3.54,2.43271264655586,2.76));
#4415=CARTESIAN_POINT('Origin',(3.44,-4.75,2.558));
#4416=CARTESIAN_POINT('',(3.52712776429834,-4.79907904530829,2.86));
#4417=CARTESIAN_POINT('',(3.44,-4.85,2.86));
#4418=CARTESIAN_POINT('Origin',(3.44,-4.75,2.86));
#4419=CARTESIAN_POINT('',(3.52712776429834,-4.79907904530829,2.76));
#4420=CARTESIAN_POINT('',(3.52712776429834,-4.79907904530829,2.558));
#4421=CARTESIAN_POINT('',(3.52660254037844,-4.8,2.76));
#4422=CARTESIAN_POINT('Origin',(3.44,-4.75,2.76));
#4423=CARTESIAN_POINT('',(3.52660254037844,-4.8,2.56));
#4424=CARTESIAN_POINT('',(3.52660254037844,-4.8,2.558));
#4425=CARTESIAN_POINT('',(3.44,-4.85,2.56));
#4426=CARTESIAN_POINT('Origin',(3.44,-4.75,2.56));
#4427=CARTESIAN_POINT('',(3.44,-4.85,2.558));
#4428=CARTESIAN_POINT('Origin',(-3.44,-4.85,2.558));
#4429=CARTESIAN_POINT('',(-1.72,-4.85,2.86));
#4430=CARTESIAN_POINT('',(-1.72,-4.85,2.56));
#4431=CARTESIAN_POINT('Origin',(-3.8,2.8,2.76));
#4432=CARTESIAN_POINT('Origin',(-3.8,2.8,2.76));
#4433=CARTESIAN_POINT('',(-4.05,3.17416573867739,4.19));
#4434=CARTESIAN_POINT('',(-4.05,3.17416573867739,2.76));
#4435=CARTESIAN_POINT('',(-4.05,2.42583426132261,4.19));
#4436=CARTESIAN_POINT('Origin',(-3.8,2.8,4.19));
#4437=CARTESIAN_POINT('',(-4.05,2.42583426132261,2.86));
#4438=CARTESIAN_POINT('',(-4.05,2.42583426132261,2.76));
#4439=CARTESIAN_POINT('',(-3.9,2.36125178063039,2.86));
#4440=CARTESIAN_POINT('Origin',(-3.8,2.8,2.86));
#4441=CARTESIAN_POINT('',(-3.9,2.36125178063039,2.76));
#4442=CARTESIAN_POINT('',(-3.9,2.36125178063039,2.76));
#4443=CARTESIAN_POINT('Origin',(-3.8,2.8,2.76));
#4444=CARTESIAN_POINT('Origin',(-3.8,-2.8,2.76));
#4445=CARTESIAN_POINT('',(-3.9,-2.36125178063039,2.76));
#4446=CARTESIAN_POINT('Origin',(-3.8,-2.8,2.76));
#4447=CARTESIAN_POINT('',(-3.9,-2.36125178063039,2.86));
#4448=CARTESIAN_POINT('',(-3.9,-2.36125178063039,2.76));
#4449=CARTESIAN_POINT('',(-4.05,-2.42583426132261,2.86));
#4450=CARTESIAN_POINT('Origin',(-3.8,-2.8,2.86));
#4451=CARTESIAN_POINT('',(-4.05,-2.42583426132261,4.19));
#4452=CARTESIAN_POINT('',(-4.05,-2.42583426132261,2.76));
#4453=CARTESIAN_POINT('',(-4.05,-3.17416573867739,4.19));
#4454=CARTESIAN_POINT('Origin',(-3.8,-2.8,4.19));
#4455=CARTESIAN_POINT('',(-4.05,-3.17416573867739,2.76));
#4456=CARTESIAN_POINT('Origin',(-3.8,-2.8,2.76));
#4457=CARTESIAN_POINT('Origin',(0.,0.,2.76));
#4458=CARTESIAN_POINT('',(3.8,4.8,2.76));
#4459=CARTESIAN_POINT('',(-1.9,4.8,2.76));
#4460=CARTESIAN_POINT('',(3.9,4.7,2.76));
#4461=CARTESIAN_POINT('Origin',(3.8,4.7,2.76));
#4462=CARTESIAN_POINT('',(3.9,4.4,2.76));
#4463=CARTESIAN_POINT('',(3.9,2.35,2.76));
#4464=CARTESIAN_POINT('Origin',(3.5,4.4,2.76));
#4465=CARTESIAN_POINT('Origin',(-3.5,4.8,2.76));
#4466=CARTESIAN_POINT('',(-3.8,4.8,2.76));
#4467=CARTESIAN_POINT('',(-1.9,4.8,2.76));
#4468=CARTESIAN_POINT('',(-3.8,4.8,2.56));
#4469=CARTESIAN_POINT('Origin',(-3.5,4.8,2.76));
#4470=CARTESIAN_POINT('',(3.8,4.8,2.56));
#4471=CARTESIAN_POINT('Origin',(3.8,2.8,2.76));
#4472=CARTESIAN_POINT('',(3.9,2.36125178063039,2.76));
#4473=CARTESIAN_POINT('Origin',(3.8,2.8,2.76));
#4474=CARTESIAN_POINT('',(3.9,2.36125178063039,2.86));
#4475=CARTESIAN_POINT('',(3.9,2.36125178063039,2.76));
#4476=CARTESIAN_POINT('',(4.05,2.42583426132261,2.86));
#4477=CARTESIAN_POINT('Origin',(3.8,2.8,2.86));
#4478=CARTESIAN_POINT('',(4.05,2.42583426132261,4.19));
#4479=CARTESIAN_POINT('',(4.05,2.42583426132261,2.76));
#4480=CARTESIAN_POINT('',(4.05,3.17416573867739,4.19));
#4481=CARTESIAN_POINT('Origin',(3.8,2.8,4.19));
#4482=CARTESIAN_POINT('',(4.05,3.17416573867739,2.76));
#4483=CARTESIAN_POINT('Origin',(3.8,2.8,2.76));
#4484=CARTESIAN_POINT('Origin',(3.8,-2.8,2.76));
#4485=CARTESIAN_POINT('Origin',(3.8,-2.8,2.76));
#4486=CARTESIAN_POINT('',(4.05,-3.17416573867739,4.19));
#4487=CARTESIAN_POINT('',(4.05,-3.17416573867739,2.76));
#4488=CARTESIAN_POINT('',(4.05,-2.42583426132261,4.19));
#4489=CARTESIAN_POINT('Origin',(3.8,-2.8,4.19));
#4490=CARTESIAN_POINT('',(4.05,-2.42583426132261,2.86));
#4491=CARTESIAN_POINT('',(4.05,-2.42583426132261,2.76));
#4492=CARTESIAN_POINT('',(3.9,-2.36125178063039,2.86));
#4493=CARTESIAN_POINT('Origin',(3.8,-2.8,2.86));
#4494=CARTESIAN_POINT('',(3.9,-2.36125178063039,2.76));
#4495=CARTESIAN_POINT('',(3.9,-2.36125178063039,2.76));
#4496=CARTESIAN_POINT('Origin',(3.8,-2.8,2.76));
#4497=CARTESIAN_POINT('Origin',(-3.5,-4.4,2.76));
#4498=CARTESIAN_POINT('',(-3.9,-4.4,2.76));
#4499=CARTESIAN_POINT('Origin',(-3.5,-4.4,2.76));
#4500=CARTESIAN_POINT('',(-3.9,-4.4,2.86));
#4501=CARTESIAN_POINT('',(-3.9,-4.4,2.76));
#4502=CARTESIAN_POINT('Origin',(-3.5,-4.4,2.86));
#4503=CARTESIAN_POINT('Origin',(0.,0.,2.76));
#4504=CARTESIAN_POINT('',(-3.8,-4.8,2.76));
#4505=CARTESIAN_POINT('',(1.9,-4.8,2.76));
#4506=CARTESIAN_POINT('',(-3.9,-4.7,2.76));
#4507=CARTESIAN_POINT('Origin',(-3.8,-4.7,2.76));
#4508=CARTESIAN_POINT('',(-3.9,-2.35,2.76));
#4509=CARTESIAN_POINT('Origin',(0.,0.,2.56));
#4510=CARTESIAN_POINT('',(4.02,-4.72,2.56));
#4511=CARTESIAN_POINT('',(4.02,-4.72,2.56));
#4512=CARTESIAN_POINT('',(3.82,-4.92,2.56));
#4513=CARTESIAN_POINT('Origin',(3.82,-4.72,2.56));
#4514=CARTESIAN_POINT('',(-3.82,-4.92,2.56));
#4515=CARTESIAN_POINT('',(-3.82,-4.92,2.56));
#4516=CARTESIAN_POINT('',(-4.02,-4.72,2.56));
#4517=CARTESIAN_POINT('Origin',(-3.82,-4.72,2.56));
#4518=CARTESIAN_POINT('',(-4.02,4.72,2.56));
#4519=CARTESIAN_POINT('',(-3.9,-4.7,2.56));
#4520=CARTESIAN_POINT('',(-3.9,4.7,2.56));
#4521=CARTESIAN_POINT('',(-3.8,-4.8,2.56));
#4522=CARTESIAN_POINT('Origin',(-3.8,-4.7,2.56));
#4523=CARTESIAN_POINT('',(-3.8,-4.8,2.56));
#4524=CARTESIAN_POINT('',(3.8,-4.8,2.56));
#4525=CARTESIAN_POINT('',(-3.8,-4.8,2.56));
#4526=CARTESIAN_POINT('',(3.9,-4.7,2.56));
#4527=CARTESIAN_POINT('Origin',(3.8,-4.7,2.56));
#4528=CARTESIAN_POINT('',(3.9,-4.7,2.56));
#4529=CARTESIAN_POINT('Origin',(3.5,-4.8,2.76));
#4530=CARTESIAN_POINT('',(3.8,-4.8,2.76));
#4531=CARTESIAN_POINT('',(1.9,-4.8,2.76));
#4532=CARTESIAN_POINT('',(3.8,-4.8,2.56));
#4533=CARTESIAN_POINT('Origin',(3.5,-4.8,2.76));
#4534=CARTESIAN_POINT('',(-3.8,-4.8,2.56));
#4535=CARTESIAN_POINT('Origin',(3.55,-4.,3.258));
#4536=CARTESIAN_POINT('',(3.35,-4.,3.26));
#4537=CARTESIAN_POINT('Origin',(3.55,-4.,3.26));
#4538=CARTESIAN_POINT('',(3.35,-4.,3.76));
#4539=CARTESIAN_POINT('',(3.35,-4.,3.258));
#4540=CARTESIAN_POINT('Origin',(3.55,-4.,3.76));
#4541=CARTESIAN_POINT('Origin',(3.55,-4.,3.76));
#4542=CARTESIAN_POINT('Origin',(-3.55,4.,3.258));
#4543=CARTESIAN_POINT('',(-3.75,4.,3.26));
#4544=CARTESIAN_POINT('Origin',(-3.55,4.,3.26));
#4545=CARTESIAN_POINT('',(-3.75,4.,3.76));
#4546=CARTESIAN_POINT('',(-3.75,4.,3.258));
#4547=CARTESIAN_POINT('Origin',(-3.55,4.,3.76));
#4548=CARTESIAN_POINT('Origin',(-3.55,4.,3.76));
#4549=CARTESIAN_POINT('Origin',(-3.55,-4.,3.258));
#4550=CARTESIAN_POINT('',(-3.75,-4.,3.26));
#4551=CARTESIAN_POINT('Origin',(-3.55,-4.,3.26));
#4552=CARTESIAN_POINT('',(-3.75,-4.,3.76));
#4553=CARTESIAN_POINT('',(-3.75,-4.,3.258));
#4554=CARTESIAN_POINT('Origin',(-3.55,-4.,3.76));
#4555=CARTESIAN_POINT('Origin',(-3.55,-4.,3.76));
#4556=CARTESIAN_POINT('Origin',(3.55,4.,3.258));
#4557=CARTESIAN_POINT('',(3.35,4.,3.26));
#4558=CARTESIAN_POINT('Origin',(3.55,4.,3.26));
#4559=CARTESIAN_POINT('',(3.35,4.,3.76));
#4560=CARTESIAN_POINT('',(3.35,4.,3.258));
#4561=CARTESIAN_POINT('Origin',(3.55,4.,3.76));
#4562=CARTESIAN_POINT('Origin',(3.55,4.,3.76));
#4563=CARTESIAN_POINT('Origin',(3.8,-2.8,4.17));
#4564=CARTESIAN_POINT('',(3.48,-2.8,4.17));
#4565=CARTESIAN_POINT('Origin',(3.8,-2.8,4.17));
#4566=CARTESIAN_POINT('',(3.48,-2.8,4.49));
#4567=CARTESIAN_POINT('',(3.48,-2.8,4.17));
#4568=CARTESIAN_POINT('Origin',(3.8,-2.8,4.49));
#4569=CARTESIAN_POINT('Origin',(3.8,-2.8,4.17));
#4570=CARTESIAN_POINT('',(3.63,-2.8,4.17));
#4571=CARTESIAN_POINT('Origin',(3.8,-2.8,4.17));
#4572=CARTESIAN_POINT('Origin',(-3.8,2.8,4.17));
#4573=CARTESIAN_POINT('',(-4.12,2.8,4.17));
#4574=CARTESIAN_POINT('Origin',(-3.8,2.8,4.17));
#4575=CARTESIAN_POINT('',(-4.12,2.8,4.49));
#4576=CARTESIAN_POINT('',(-4.12,2.8,4.17));
#4577=CARTESIAN_POINT('Origin',(-3.8,2.8,4.49));
#4578=CARTESIAN_POINT('Origin',(-3.8,2.8,4.17));
#4579=CARTESIAN_POINT('',(-3.97,2.8,4.17));
#4580=CARTESIAN_POINT('Origin',(-3.8,2.8,4.17));
#4581=CARTESIAN_POINT('Origin',(-3.8,-2.8,4.17));
#4582=CARTESIAN_POINT('',(-4.12,-2.8,4.17));
#4583=CARTESIAN_POINT('Origin',(-3.8,-2.8,4.17));
#4584=CARTESIAN_POINT('',(-4.12,-2.8,4.49));
#4585=CARTESIAN_POINT('',(-4.12,-2.8,4.17));
#4586=CARTESIAN_POINT('Origin',(-3.8,-2.8,4.49));
#4587=CARTESIAN_POINT('Origin',(-3.8,-2.8,4.17));
#4588=CARTESIAN_POINT('',(-3.97,-2.8,4.17));
#4589=CARTESIAN_POINT('Origin',(-3.8,-2.8,4.17));
#4590=CARTESIAN_POINT('Origin',(3.8,2.8,4.17));
#4591=CARTESIAN_POINT('',(3.48,2.8,4.17));
#4592=CARTESIAN_POINT('Origin',(3.8,2.8,4.17));
#4593=CARTESIAN_POINT('',(3.48,2.8,4.49));
#4594=CARTESIAN_POINT('',(3.48,2.8,4.17));
#4595=CARTESIAN_POINT('Origin',(3.8,2.8,4.49));
#4596=CARTESIAN_POINT('Origin',(3.8,2.8,4.17));
#4597=CARTESIAN_POINT('',(3.63,2.8,4.17));
#4598=CARTESIAN_POINT('Origin',(3.8,2.8,4.17));
#4599=CARTESIAN_POINT('Origin',(3.8,-2.8,2.758));
#4600=CARTESIAN_POINT('',(3.63,-2.8,2.76));
#4601=CARTESIAN_POINT('Origin',(3.8,-2.8,2.76));
#4602=CARTESIAN_POINT('',(3.63,-2.8,2.758));
#4603=CARTESIAN_POINT('Origin',(-3.8,2.8,2.758));
#4604=CARTESIAN_POINT('',(-3.97,2.8,2.76));
#4605=CARTESIAN_POINT('Origin',(-3.8,2.8,2.76));
#4606=CARTESIAN_POINT('',(-3.97,2.8,2.758));
#4607=CARTESIAN_POINT('Origin',(-3.8,-2.8,2.758));
#4608=CARTESIAN_POINT('',(-3.97,-2.8,2.76));
#4609=CARTESIAN_POINT('Origin',(-3.8,-2.8,2.76));
#4610=CARTESIAN_POINT('',(-3.97,-2.8,2.758));
#4611=CARTESIAN_POINT('Origin',(3.8,2.8,2.758));
#4612=CARTESIAN_POINT('',(3.63,2.8,2.76));
#4613=CARTESIAN_POINT('Origin',(3.8,2.8,2.76));
#4614=CARTESIAN_POINT('',(3.63,2.8,2.758));
#4615=CARTESIAN_POINT('Ctrl Pts',(-2.43,-3.755,4.44));
#4616=CARTESIAN_POINT('Ctrl Pts',(-2.44184294871797,-3.76703525641028,4.45666666666669));
#4617=CARTESIAN_POINT('Ctrl Pts',(-2.45368589743594,-3.77907051282055,4.47333333333339));
#4618=CARTESIAN_POINT('Ctrl Pts',(-2.46552884615391,-3.79110576923083,4.49000000000008));
#4619=CARTESIAN_POINT('Ctrl Pts',(-1.62,-3.755,4.44));
#4620=CARTESIAN_POINT('Ctrl Pts',(-1.62857172656486,-3.76703525591078,4.45666666666669));
#4621=CARTESIAN_POINT('Ctrl Pts',(-1.63714344625774,-3.77907051332005,4.47333333333339));
#4622=CARTESIAN_POINT('Ctrl Pts',(-1.6457151728226,-3.79110576923083,4.49000000000008));
#4623=CARTESIAN_POINT('Ctrl Pts',(-0.40500090987447,-3.75500084275721,4.43999999999997));
#4624=CARTESIAN_POINT('Ctrl Pts',(-0.407143837757026,-3.76703609986231,
4.45666666666667));
#4625=CARTESIAN_POINT('Ctrl Pts',(-0.409286734356569,-3.77907130375049,
4.47333333333336));
#4626=CARTESIAN_POINT('Ctrl Pts',(-0.411429662239125,-3.79110656085559,
4.49000000000005));
#4627=CARTESIAN_POINT('Ctrl Pts',(1.01250462545634,-3.75500439441927,4.43999999999994));
#4628=CARTESIAN_POINT('Ctrl Pts',(1.01786195044548,-3.76703965024437,4.45666666666663));
#4629=CARTESIAN_POINT('Ctrl Pts',(1.02321926415645,-3.77907482581346,4.47333333333333));
#4630=CARTESIAN_POINT('Ctrl Pts',(1.02857658914559,-3.79111008163856,4.49000000000002));
#4631=CARTESIAN_POINT('Ctrl Pts',(1.72125136190166,-3.75500424657686,4.43999999999991));
#4632=CARTESIAN_POINT('Ctrl Pts',(1.73002589521298,-3.76703950391869,4.4566666666666));
#4633=CARTESIAN_POINT('Ctrl Pts',(1.73880047410771,-3.77907461797901,4.4733333333333));
#4634=CARTESIAN_POINT('Ctrl Pts',(1.74757500741903,-3.79110987532085,4.48999999999999));
#4635=CARTESIAN_POINT('Ctrl Pts',(2.12625754564715,-3.7550070565454,4.4399999999999));
#4636=CARTESIAN_POINT('Ctrl Pts',(2.13684206790508,-3.76704231078528,4.4566666666666));
#4637=CARTESIAN_POINT('Ctrl Pts',(2.14742658580045,-3.77907744216941,4.47333333333329));
#4638=CARTESIAN_POINT('Ctrl Pts',(2.15801110805838,-3.79111269640929,4.48999999999999));
#4639=CARTESIAN_POINT('Ctrl Pts',(2.32874825083615,-3.75500379732583,4.43999999999989));
#4640=CARTESIAN_POINT('Ctrl Pts',(2.34018232611044,-3.76703906038948,4.45666666666658));
#4641=CARTESIAN_POINT('Ctrl Pts',(2.35161643829995,-3.77907411941112,4.47333333333327));
#4642=CARTESIAN_POINT('Ctrl Pts',(2.36305051357425,-3.79110938247478,4.48999999999997));
#4643=CARTESIAN_POINT('Ctrl Pts',(2.44307474634237,-3.75501251503657,4.43999999999988));
#4644=CARTESIAN_POINT('Ctrl Pts',(2.45497036523826,-3.76704775681238,4.45666666666657));
#4645=CARTESIAN_POINT('Ctrl Pts',(2.46686597539235,-3.7790829117333,4.47333333333327));
#4646=CARTESIAN_POINT('Ctrl Pts',(2.47876159428824,-3.79111815350912,4.48999999999996));
#4647=CARTESIAN_POINT('Ctrl Pts',(2.46916758121326,-3.74981169374958,4.43999999999988));
#4648=CARTESIAN_POINT('Ctrl Pts',(2.48115767327096,-3.76182228551424,4.45666666666657));
#4649=CARTESIAN_POINT('Ctrl Pts',(2.49314702424186,-3.77383261527956,4.47333333333327));
#4650=CARTESIAN_POINT('Ctrl Pts',(2.50513711629955,-3.78584320704422,4.48999999999996));
#4651=CARTESIAN_POINT('Ctrl Pts',(2.51375672824696,-3.72023900295079,4.43999999999988));
#4652=CARTESIAN_POINT('Ctrl Pts',(2.5258756555941,-3.73214676170732,4.45666666666658));
#4653=CARTESIAN_POINT('Ctrl Pts',(2.53799468010494,-3.74405468754582,4.47333333333327));
#4654=CARTESIAN_POINT('Ctrl Pts',(2.55011360745208,-3.75596244630235,4.48999999999996));
#4655=CARTESIAN_POINT('Ctrl Pts',(2.53009281208212,-3.681213138446,4.43999999999988));
#4656=CARTESIAN_POINT('Ctrl Pts',(2.54225561447072,-3.69301175956621,4.45666666666658));
#4657=CARTESIAN_POINT('Ctrl Pts',(2.55441864379386,-3.70481044857064,4.47333333333327));
#4658=CARTESIAN_POINT('Ctrl Pts',(2.56658144618246,-3.71660906969085,4.48999999999996));
#4659=CARTESIAN_POINT('Ctrl Pts',(2.52995883655787,-3.61690765394755,4.43999999999988));
#4660=CARTESIAN_POINT('Ctrl Pts',(2.54212267209276,-3.62850039307768,4.45666666666658));
#4661=CARTESIAN_POINT('Ctrl Pts',(2.55428609196353,-3.64009325394156,4.47333333333327));
#4662=CARTESIAN_POINT('Ctrl Pts',(2.56644992749842,-3.65168599307169,4.48999999999997));
#4663=CARTESIAN_POINT('Ctrl Pts',(2.53000453751221,-3.54077987411017,4.43999999999989));
#4664=CARTESIAN_POINT('Ctrl Pts',(2.54216783228175,-3.55212852054844,4.45666666666658));
#4665=CARTESIAN_POINT('Ctrl Pts',(2.55433149683915,-3.56347731446667,4.47333333333327));
#4666=CARTESIAN_POINT('Ctrl Pts',(2.56649479160869,-3.57482596090494,4.48999999999997));
#4667=CARTESIAN_POINT('Ctrl Pts',(2.52998125485971,-3.38847916518982,4.43999999999989));
#4668=CARTESIAN_POINT('Ctrl Pts',(2.54214478280408,-3.39933971380781,4.45666666666658));
#4669=CARTESIAN_POINT('Ctrl Pts',(2.55430841310007,-3.41020039808231,4.47333333333328));
#4670=CARTESIAN_POINT('Ctrl Pts',(2.56647194104444,-3.42106094670031,4.48999999999997));
#4671=CARTESIAN_POINT('Ctrl Pts',(2.53000012685121,-3.12197628053413,4.4399999999999));
#4672=CARTESIAN_POINT('Ctrl Pts',(2.54216355318481,-3.13198262010722,4.45666666666659));
#4673=CARTESIAN_POINT('Ctrl Pts',(2.55432703339053,-3.14198907719016,4.47333333333329));
#4674=CARTESIAN_POINT('Ctrl Pts',(2.56649045972413,-3.15199541676325,4.48999999999998));
#4675=CARTESIAN_POINT('Ctrl Pts',(2.52998357483496,-2.58894983310956,4.43999999999991));
#4676=CARTESIAN_POINT('Ctrl Pts',(2.54214706360196,-2.59724778192677,4.45666666666661));
#4677=CARTESIAN_POINT('Ctrl Pts',(2.55431079399354,-2.60554585928652,4.4733333333333));
#4678=CARTESIAN_POINT('Ctrl Pts',(2.56647428276053,-2.61384380810374,4.49));
#4679=CARTESIAN_POINT('Ctrl Pts',(2.53001119714217,-1.5229180266232,4.43999999999996));
#4680=CARTESIAN_POINT('Ctrl Pts',(2.54217461727504,-1.5277991577682,4.45666666666665));
#4681=CARTESIAN_POINT('Ctrl Pts',(2.55433777309082,-1.53268027360759,4.47333333333335));
#4682=CARTESIAN_POINT('Ctrl Pts',(2.5665011932237,-1.53756140475259,4.49000000000004));
#4683=CARTESIAN_POINT('Ctrl Pts',(2.52995852413474,1.30438292259168E-5,
4.43999999999995));
#4684=CARTESIAN_POINT('Ctrl Pts',(2.54212206205873,1.30183490212847E-5,
4.45666666666665));
#4685=CARTESIAN_POINT('Ctrl Pts',(2.55428696940983,1.25572210284321E-5,
4.47333333333334));
#4686=CARTESIAN_POINT('Ctrl Pts',(2.56645050733382,1.25317408238E-5,4.49000000000004));
#4687=CARTESIAN_POINT('Ctrl Pts',(2.5300596254794,1.82749449572125,4.43999999999996));
#4688=CARTESIAN_POINT('Ctrl Pts',(2.54222294557517,1.83335191690662,4.45666666666666));
#4689=CARTESIAN_POINT('Ctrl Pts',(2.55438474884451,1.83920971836906,4.47333333333335));
#4690=CARTESIAN_POINT('Ctrl Pts',(2.56654806894029,1.84506713955444,4.49000000000005));
#4691=CARTESIAN_POINT('Ctrl Pts',(2.52983075705311,3.04589215896879,4.43999999999979));
#4692=CARTESIAN_POINT('Ctrl Pts',(2.5419944788606,3.05565435320372,4.45666666666648));
#4693=CARTESIAN_POINT('Ctrl Pts',(2.55416501825638,3.06541430329307,4.47333333333318));
#4694=CARTESIAN_POINT('Ctrl Pts',(2.56632874006388,3.075176497528,4.48999999999987));
#4695=CARTESIAN_POINT('Ctrl Pts',(2.53012706733807,3.68119609907537,4.43999999999975));
#4696=CARTESIAN_POINT('Ctrl Pts',(2.54228986327618,3.69299498493524,4.45666666666644));
#4697=CARTESIAN_POINT('Ctrl Pts',(2.55445167313684,3.70479375800078,4.47333333333314));
#4698=CARTESIAN_POINT('Ctrl Pts',(2.56661446907495,3.71659264386065,4.48999999999983));
#4699=CARTESIAN_POINT('Ctrl Pts',(2.50823345783146,3.73335263494076,4.43999999999975));
#4700=CARTESIAN_POINT('Ctrl Pts',(2.52033955916586,3.74529524804125,4.45666666666645));
#4701=CARTESIAN_POINT('Ctrl Pts',(2.53244609803682,3.75723932309049,4.47333333333314));
#4702=CARTESIAN_POINT('Ctrl Pts',(2.54455219937122,3.76918193619098,4.48999999999983));
#4703=CARTESIAN_POINT('Ctrl Pts',(2.45611495367728,3.75513721955282,4.43999999999975));
#4704=CARTESIAN_POINT('Ctrl Pts',(2.4680640127534,3.76717203157072,4.45666666666644));
#4705=CARTESIAN_POINT('Ctrl Pts',(2.48001555134718,3.77920497426285,4.47333333333314));
#4706=CARTESIAN_POINT('Ctrl Pts',(2.49196461042331,3.79123978628075,4.48999999999983));
#4707=CARTESIAN_POINT('Ctrl Pts',(1.62005505619666,3.75476195097104,4.43999999999983));
#4708=CARTESIAN_POINT('Ctrl Pts',(1.62862663365941,3.76679746768142,4.45666666666652));
#4709=CARTESIAN_POINT('Ctrl Pts',(1.63719132521496,3.77883885731102,4.47333333333321));
#4710=CARTESIAN_POINT('Ctrl Pts',(1.64576290267771,3.79087437402139,4.48999999999991));
#4711=CARTESIAN_POINT('Ctrl Pts',(5.09392391491542E-8,3.75518734756431,
4.44000000000002));
#4712=CARTESIAN_POINT('Ctrl Pts',(5.09121962514935E-8,3.76722227838117,
4.45666666666671));
#4713=CARTESIAN_POINT('Ctrl Pts',(4.85855338956416E-8,3.77925313998366,
4.47333333333341));
#4714=CARTESIAN_POINT('Ctrl Pts',(4.85584909979808E-8,3.79128807080052,
4.4900000000001));
#4715=CARTESIAN_POINT('Ctrl Pts',(-1.62005550212863,3.75476168299086,4.44));
#4716=CARTESIAN_POINT('Ctrl Pts',(-1.62862707954836,3.76679719970866,4.45666666666669));
#4717=CARTESIAN_POINT('Ctrl Pts',(-1.63719175030809,3.77883859490155,4.47333333333338));
#4718=CARTESIAN_POINT('Ctrl Pts',(-1.64576332772782,3.79087411161934,4.49000000000008));
#4719=CARTESIAN_POINT('Ctrl Pts',(-2.45611552408936,3.75513679776545,4.44000000000002));
#4720=CARTESIAN_POINT('Ctrl Pts',(-2.4680645832362,3.76717160975084,4.45666666666671));
#4721=CARTESIAN_POINT('Ctrl Pts',(-2.48001609494698,3.7792045613023,4.47333333333341));
#4722=CARTESIAN_POINT('Ctrl Pts',(-2.49196515409382,3.7912393732877,4.4900000000001));
#4723=CARTESIAN_POINT('Ctrl Pts',(-2.50823403041918,3.73335221219164,4.44000000000002));
#4724=CARTESIAN_POINT('Ctrl Pts',(-2.52034013136247,3.74529482547408,4.45666666666671));
#4725=CARTESIAN_POINT('Ctrl Pts',(-2.53244664419073,3.75723890896498,4.47333333333341));
#4726=CARTESIAN_POINT('Ctrl Pts',(-2.54455274513402,3.76918152224742,4.4900000000001));
#4727=CARTESIAN_POINT('Ctrl Pts',(-2.53012763586965,3.6811956790836,4.44000000000002));
#4728=CARTESIAN_POINT('Ctrl Pts',(-2.54229043228223,3.69299456472259,4.45666666666671));
#4729=CARTESIAN_POINT('Ctrl Pts',(-2.55445221452251,3.70479334699535,4.47333333333341));
#4730=CARTESIAN_POINT('Ctrl Pts',(-2.56661501093509,3.71659223263434,4.4900000000001));
#4731=CARTESIAN_POINT('Ctrl Pts',(-2.52983172262015,3.04589142704083,4.44000000000001));
#4732=CARTESIAN_POINT('Ctrl Pts',(-2.54199543379801,3.05565362614512,4.45666666666671));
#4733=CARTESIAN_POINT('Ctrl Pts',(-2.55416595091651,3.06541358093488,4.4733333333334));
#4734=CARTESIAN_POINT('Ctrl Pts',(-2.56632966209437,3.07517578003917,4.4900000000001));
#4735=CARTESIAN_POINT('Ctrl Pts',(-2.53006800414531,1.82748845850374,4.44));
#4736=CARTESIAN_POINT('Ctrl Pts',(-2.54223134295768,1.83334587095725,4.4566666666667));
#4737=CARTESIAN_POINT('Ctrl Pts',(-2.55439265463994,1.83920385369927,4.47333333333339));
#4738=CARTESIAN_POINT('Ctrl Pts',(-2.56655599345231,1.84506126615278,4.49000000000008));
#4739=CARTESIAN_POINT('Ctrl Pts',(-2.52995127532499,1.54907566036516E-5,
4.44));
#4740=CARTESIAN_POINT('Ctrl Pts',(-2.54211482036141,1.54658442154397E-5,
4.4566666666667));
#4741=CARTESIAN_POINT('Ctrl Pts',(-2.55428027159673,1.47938150035281E-5,
4.47333333333339));
#4742=CARTESIAN_POINT('Ctrl Pts',(-2.56644381663315,1.47689026153163E-5,
4.49000000000009));
#4743=CARTESIAN_POINT('Ctrl Pts',(-2.53004362565461,-1.5229304675821,4.44));
#4744=CARTESIAN_POINT('Ctrl Pts',(-2.54220701953292,-1.52781159476403,4.4566666666667));
#4745=CARTESIAN_POINT('Ctrl Pts',(-2.5543695470184,-1.53269259314094,4.47333333333339));
#4746=CARTESIAN_POINT('Ctrl Pts',(-2.56653294089671,-1.53757372032286,4.49000000000008));
#4747=CARTESIAN_POINT('Ctrl Pts',(-2.53003362577699,-2.58896889052512,4.44));
#4748=CARTESIAN_POINT('Ctrl Pts',(-2.5421971444156,-2.59726684376897,4.45666666666669));
#4749=CARTESIAN_POINT('Ctrl Pts',(-2.5543599509582,-2.60556482367229,4.47333333333339));
#4750=CARTESIAN_POINT('Ctrl Pts',(-2.56652346959681,-2.61386277691614,4.49000000000008));
#4751=CARTESIAN_POINT('Ctrl Pts',(-2.53006808635421,-3.19814867496809,4.44));
#4752=CARTESIAN_POINT('Ctrl Pts',(-2.54223146268695,-3.20839906475406,4.45666666666669));
#4753=CARTESIAN_POINT('Ctrl Pts',(-2.55439382484578,-3.21864943276545,4.47333333333339));
#4754=CARTESIAN_POINT('Ctrl Pts',(-2.56655720117852,-3.22889982255141,4.49000000000008));
#4755=CARTESIAN_POINT('Ctrl Pts',(-2.53003562185083,-3.50271792613897,4.44));
#4756=CARTESIAN_POINT('Ctrl Pts',(-2.54219925819493,-3.51394457327977,4.45666666666669));
#4757=CARTESIAN_POINT('Ctrl Pts',(-2.55436174910841,-3.52517124432128,4.47333333333339));
#4758=CARTESIAN_POINT('Ctrl Pts',(-2.56652538545251,-3.53639789146208,4.49000000000008));
#4759=CARTESIAN_POINT('Ctrl Pts',(-2.53012863145384,-3.68122741037891,4.44));
#4760=CARTESIAN_POINT('Ctrl Pts',(-2.54229177332225,-3.69302603459766,4.45666666666669));
#4761=CARTESIAN_POINT('Ctrl Pts',(-2.55445347301118,-3.70482457114238,4.47333333333339));
#4762=CARTESIAN_POINT('Ctrl Pts',(-2.56661661487959,-3.71662319536113,4.49000000000008));
#4763=CARTESIAN_POINT('Ctrl Pts',(-2.51369700802544,-3.72022375191541,4.44));
#4764=CARTESIAN_POINT('Ctrl Pts',(-2.5258156050311,-3.73213149675106,4.45666666666669));
#4765=CARTESIAN_POINT('Ctrl Pts',(-2.53793656408315,-3.74403916315389,4.47333333333339));
#4766=CARTESIAN_POINT('Ctrl Pts',(-2.55005516108881,-3.75594690798954,4.49000000000008));
#4767=CARTESIAN_POINT('Ctrl Pts',(-2.46915887793502,-3.74980085200691,4.44));
#4768=CARTESIAN_POINT('Ctrl Pts',(-2.48114906226374,-3.76181144619523,4.45666666666669));
#4769=CARTESIAN_POINT('Ctrl Pts',(-2.49313820807081,-3.77382199416716,4.47333333333339));
#4770=CARTESIAN_POINT('Ctrl Pts',(-2.50512839239953,-3.78583258835548,4.49000000000008));
#4771=CARTESIAN_POINT('Ctrl Pts',(-2.44305635545469,-3.755,4.44));
#4772=CARTESIAN_POINT('Ctrl Pts',(-2.45495181238747,-3.76703521468668,4.45666666666669));
#4773=CARTESIAN_POINT('Ctrl Pts',(-2.4668479308577,-3.77907055454416,4.47333333333339));
#4774=CARTESIAN_POINT('Ctrl Pts',(-2.47874338779048,-3.79110576923083,4.49000000000008));
#4775=CARTESIAN_POINT('Ctrl Pts',(-2.43,-3.755,4.44));
#4776=CARTESIAN_POINT('Ctrl Pts',(-2.44184294871797,-3.76703525641028,4.45666666666669));
#4777=CARTESIAN_POINT('Ctrl Pts',(-2.45368589743593,-3.77907051282055,4.47333333333339));
#4778=CARTESIAN_POINT('Ctrl Pts',(-2.4655288461539,-3.79110576923083,4.49000000000008));
#4779=CARTESIAN_POINT('',(-2.46552884615385,-3.79110576923077,4.49));
#4780=CARTESIAN_POINT('Ctrl Pts',(-2.46552884615428,-3.79110576923077,4.49));
#4781=CARTESIAN_POINT('Ctrl Pts',(-2.47874338779072,-3.79110576923071,4.49));
#4782=CARTESIAN_POINT('Ctrl Pts',(-2.49193589009508,-3.78846917879304,4.49));
#4783=CARTESIAN_POINT('Ctrl Pts',(-2.50414798733337,-3.78341517352851,4.49));
#4784=CARTESIAN_POINT('Ctrl Pts',(-2.51636008457179,-3.77836116826393,4.49));
#4785=CARTESIAN_POINT('Ctrl Pts',(-2.52759177674411,-3.77088974817245,4.49));
#4786=CARTESIAN_POINT('Ctrl Pts',(-2.53691973305796,-3.76153950004164,4.49));
#4787=CARTESIAN_POINT('Ctrl Pts',(-2.55557564568568,-3.74283900378001,4.49));
#4788=CARTESIAN_POINT('Ctrl Pts',(-2.56661661487953,-3.71662319536107,4.49));
#4789=CARTESIAN_POINT('Ctrl Pts',(-2.56660323246606,-3.69018600715479,4.49));
#4790=CARTESIAN_POINT('Ctrl Pts',(-2.56652538545245,-3.53639789146202,4.49));
#4791=CARTESIAN_POINT('Ctrl Pts',(-2.56654129331545,-3.38264885700669,4.49));
#4792=CARTESIAN_POINT('Ctrl Pts',(-2.56654503079924,-3.22889470907461,4.49));
#4793=CARTESIAN_POINT('Ctrl Pts',(-2.56654876828303,-3.07514056114254,4.49));
#4794=CARTESIAN_POINT('Ctrl Pts',(-2.5665403353876,-2.92138129973373,4.49));
#4795=CARTESIAN_POINT('Ctrl Pts',(-2.5665351644716,-2.76762326562341,4.49));
#4796=CARTESIAN_POINT('Ctrl Pts',(-2.56652482263959,-2.46010719740278,4.49));
#4797=CARTESIAN_POINT('Ctrl Pts',(-2.56652752872528,-2.15259603837613,4.49));
#4798=CARTESIAN_POINT('Ctrl Pts',(-2.56652339116483,-1.84508269974333,4.49));
#4799=CARTESIAN_POINT('Ctrl Pts',(-2.56651511604394,-1.23005602247774,4.49));
#4800=CARTESIAN_POINT('Ctrl Pts',(-2.56647946633851,-0.615020626787565,
4.49));
#4801=CARTESIAN_POINT('Ctrl Pts',(-2.56648033762232,4.82059921325109E-6,
4.49));
#4802=CARTESIAN_POINT('Ctrl Pts',(-2.56648120890614,0.615030267985992,4.49));
#4803=CARTESIAN_POINT('Ctrl Pts',(-2.56651860117919,1.23004576706937,4.49));
#4804=CARTESIAN_POINT('Ctrl Pts',(-2.56648071447623,1.84508214508265,4.49));
#4805=CARTESIAN_POINT('Ctrl Pts',(-2.56644282777328,2.46011852309593,4.49000000000001));
#4806=CARTESIAN_POINT('Ctrl Pts',(-2.56632966209431,3.07517578003912,4.49000000000001));
#4807=CARTESIAN_POINT('Ctrl Pts',(-2.56660325291961,3.69016218119871,4.49000000000002));
#4808=CARTESIAN_POINT('Ctrl Pts',(-2.56661501093502,3.71659223263428,4.49000000000002));
#4809=CARTESIAN_POINT('Ctrl Pts',(-2.55558387803449,3.74288687744082,4.49000000000002));
#4810=CARTESIAN_POINT('Ctrl Pts',(-2.53692141382417,3.76154866260416,4.49000000000002));
#4811=CARTESIAN_POINT('Ctrl Pts',(-2.51825894961386,3.7802104477675,4.49000000000002));
#4812=CARTESIAN_POINT('Ctrl Pts',(-2.49196515409376,3.79123937328764,4.49000000000002));
#4813=CARTESIAN_POINT('Ctrl Pts',(-2.46553734911654,3.79122796576778,4.49000000000002));
#4814=CARTESIAN_POINT('Ctrl Pts',(-1.64576332772777,3.79087411161928,4.48999999999999));
#4815=CARTESIAN_POINT('Ctrl Pts',(-0.822881639584644,3.79108109120987,4.49000000000001));
#4816=CARTESIAN_POINT('Ctrl Pts',(-8.19832875088832E-8,3.79108115681038,
4.48999999999996));
#4817=CARTESIAN_POINT('Ctrl Pts',(0.822881475618073,3.79108122241089,4.48999999999992));
#4818=CARTESIAN_POINT('Ctrl Pts',(1.64576290267766,3.79087437402133,4.48999999999982));
#4819=CARTESIAN_POINT('Ctrl Pts',(2.46553680915067,3.79122837405771,4.48999999999975));
#4820=CARTESIAN_POINT('Ctrl Pts',(2.49196461042325,3.79123978628069,4.48999999999975));
#4821=CARTESIAN_POINT('Ctrl Pts',(2.5182584048972,3.78021086123581,4.48999999999975));
#4822=CARTESIAN_POINT('Ctrl Pts',(2.53692086956011,3.76154907563078,4.48999999999975));
#4823=CARTESIAN_POINT('Ctrl Pts',(2.55558333422302,3.74288729002575,4.48999999999975));
#4824=CARTESIAN_POINT('Ctrl Pts',(2.56661446907489,3.71659264386059,4.48999999999975));
#4825=CARTESIAN_POINT('Ctrl Pts',(2.56660269539426,3.6901626050448,4.48999999999975));
#4826=CARTESIAN_POINT('Ctrl Pts',(2.56632874006382,3.07517649752796,4.48999999999979));
#4827=CARTESIAN_POINT('Ctrl Pts',(2.56643840450202,2.46012181854118,4.48999999999988));
#4828=CARTESIAN_POINT('Ctrl Pts',(2.56647697645338,1.84508537774553,4.48999999999992));
#4829=CARTESIAN_POINT('Ctrl Pts',(2.56651554840474,1.23004893694988,4.48999999999996));
#4830=CARTESIAN_POINT('Ctrl Pts',(2.56648302786925,0.61503073434535,4.48999999999995));
#4831=CARTESIAN_POINT('Ctrl Pts',(2.56647690477948,6.84574440737624E-6,
4.48999999999995));
#4832=CARTESIAN_POINT('Ctrl Pts',(2.56647078168971,-0.615017042856533,4.48999999999995));
#4833=CARTESIAN_POINT('Ctrl Pts',(2.56649105604566,-1.23004661745389,4.48999999999995));
#4834=CARTESIAN_POINT('Ctrl Pts',(2.56648756255929,-1.84506881978677,4.48999999999994));
#4835=CARTESIAN_POINT('Ctrl Pts',(2.56648581581611,-2.15257992095321,4.48999999999993));
#4836=CARTESIAN_POINT('Ctrl Pts',(2.56647812711235,-2.46008917905353,4.48999999999992));
#4837=CARTESIAN_POINT('Ctrl Pts',(2.56648172686389,-2.76760240171916,4.48999999999991));
#4838=CARTESIAN_POINT('Ctrl Pts',(2.56648352673967,-2.92135901305198,4.4899999999999));
#4839=CARTESIAN_POINT('Ctrl Pts',(2.56648814872927,-3.07511661552612,4.4899999999999));
#4840=CARTESIAN_POINT('Ctrl Pts',(2.56648263465735,-3.22887030394591,4.48999999999989));
#4841=CARTESIAN_POINT('Ctrl Pts',(2.56647987762139,-3.3057471481558,4.48999999999989));
#4842=CARTESIAN_POINT('Ctrl Pts',(2.56647458657005,-3.3826230138521,4.48999999999989));
#4843=CARTESIAN_POINT('Ctrl Pts',(2.56648043974102,-3.45950330715241,4.48999999999989));
#4844=CARTESIAN_POINT('Ctrl Pts',(2.5664833663265,-3.49794345380257,4.48999999999989));
#4845=CARTESIAN_POINT('Ctrl Pts',(2.56648907896756,-3.53638470735372,4.48999999999989));
#4846=CARTESIAN_POINT('Ctrl Pts',(2.56648071926053,-3.57482034217099,4.48999999999988));
#4847=CARTESIAN_POINT('Ctrl Pts',(2.56647235955349,-3.61325597698825,4.48999999999988));
#4848=CARTESIAN_POINT('Ctrl Pts',(2.56644992749836,-3.65168599307163,4.48999999999988));
#4849=CARTESIAN_POINT('Ctrl Pts',(2.56652785866364,-3.6901560481172,4.48999999999988));
#4850=CARTESIAN_POINT('Ctrl Pts',(2.56658144618239,-3.7166090696908,4.48999999999988));
#4851=CARTESIAN_POINT('Ctrl Pts',(2.55560288702881,-3.74284465409846,4.48999999999988));
#4852=CARTESIAN_POINT('Ctrl Pts',(2.53695120359344,-3.76155010248164,4.48999999999988));
#4853=CARTESIAN_POINT('Ctrl Pts',(2.52762536187575,-3.77090282667322,4.48999999999988));
#4854=CARTESIAN_POINT('Ctrl Pts',(2.51638123908762,-3.77837301685869,4.48999999999988));
#4855=CARTESIAN_POINT('Ctrl Pts',(2.50416529719073,-3.78342684856765,4.48999999999988));
#4856=CARTESIAN_POINT('Ctrl Pts',(2.49194935529384,-3.78848068027661,4.48999999999988));
#4857=CARTESIAN_POINT('Ctrl Pts',(2.47876159428818,-3.79111815350906,4.48999999999988));
#4858=CARTESIAN_POINT('Ctrl Pts',(2.46554478762998,-3.79111715165976,4.48999999999988));
#4859=CARTESIAN_POINT('Ctrl Pts',(2.36305051357419,-3.79110938247472,4.48999999999988));
#4860=CARTESIAN_POINT('Ctrl Pts',(2.26053081081626,-3.79111103944197,4.48999999999989));
#4861=CARTESIAN_POINT('Ctrl Pts',(2.15796644685738,-3.79111151528954,4.4899999999999));
#4862=CARTESIAN_POINT('Ctrl Pts',(2.05540208289849,-3.79111199113711,4.4899999999999));
#4863=CARTESIAN_POINT('Ctrl Pts',(1.95279305773866,-3.79111128586501,4.4899999999999));
#4864=CARTESIAN_POINT('Ctrl Pts',(1.85014902104765,-3.79111082550825,4.48999999999991));
#4865=CARTESIAN_POINT('Ctrl Pts',(1.64486094766564,-3.79110990479475,4.48999999999991));
#4866=CARTESIAN_POINT('Ctrl Pts',(1.43943282815895,-3.79110996374266,4.48999999999992));
#4867=CARTESIAN_POINT('Ctrl Pts',(1.23390902223141,-3.79110983538495,4.48999999999993));
#4868=CARTESIAN_POINT('Ctrl Pts',(0.822861410376322,-3.79110957866951,4.48999999999994));
#4869=CARTESIAN_POINT('Ctrl Pts',(0.411431052837842,-3.79110857273152,4.48999999999995));
#4870=CARTESIAN_POINT('Ctrl Pts',(1.3133029169915E-6,-3.79110781414788,
4.48999999999996));
#4871=CARTESIAN_POINT('Ctrl Pts',(-0.822858165766928,-3.79110629698061,
4.48999999999998));
#4872=CARTESIAN_POINT('Ctrl Pts',(-1.64571517282255,-3.79110576923077,4.49));
#4873=CARTESIAN_POINT('Ctrl Pts',(-2.46552884615385,-3.79110576923077,4.49));
#4874=CARTESIAN_POINT('',(-2.43,-3.755,4.44));
#4875=CARTESIAN_POINT('',(-2.43,-3.755,4.44));
#4876=CARTESIAN_POINT('',(-2.53,-3.655,4.44));
#4877=CARTESIAN_POINT('Origin',(-2.43,-3.655,4.44));
#4878=CARTESIAN_POINT('',(-2.53,3.655,4.44));
#4879=CARTESIAN_POINT('',(-2.53,1.65681818181818,4.44));
#4880=CARTESIAN_POINT('',(-2.43,3.755,4.44));
#4881=CARTESIAN_POINT('Origin',(-2.43,3.655,4.44));
#4882=CARTESIAN_POINT('',(2.43,3.755,4.44));
#4883=CARTESIAN_POINT('',(1.10454545454545,3.755,4.44));
#4884=CARTESIAN_POINT('',(2.53,3.655,4.44));
#4885=CARTESIAN_POINT('Origin',(2.43,3.655,4.44));
#4886=CARTESIAN_POINT('',(2.53,-3.655,4.44));
#4887=CARTESIAN_POINT('',(2.53,-1.99818181818182,4.44));
#4888=CARTESIAN_POINT('',(2.43,-3.755,4.44));
#4889=CARTESIAN_POINT('Origin',(2.43,-3.655,4.44));
#4890=CARTESIAN_POINT('',(-1.32545454545455,-3.755,4.44));
#4891=CARTESIAN_POINT('Origin',(-2.53,3.655,4.368));
#4892=CARTESIAN_POINT('',(-2.53,-3.655,4.37));
#4893=CARTESIAN_POINT('',(-2.53,-3.655,4.368));
#4894=CARTESIAN_POINT('',(-2.53,3.655,4.37));
#4895=CARTESIAN_POINT('',(-2.53,1.8275,4.37));
#4896=CARTESIAN_POINT('',(-2.53,3.655,4.368));
#4897=CARTESIAN_POINT('Origin',(-2.43,-3.655,4.368));
#4898=CARTESIAN_POINT('',(-2.43,-3.755,4.37));
#4899=CARTESIAN_POINT('',(-2.43,-3.755,4.368));
#4900=CARTESIAN_POINT('Origin',(-2.43,-3.655,4.37));
#4901=CARTESIAN_POINT('Origin',(-2.43,-3.755,4.368));
#4902=CARTESIAN_POINT('',(2.43,-3.755,4.37));
#4903=CARTESIAN_POINT('',(2.43,-3.755,4.368));
#4904=CARTESIAN_POINT('',(-1.215,-3.755,4.37));
#4905=CARTESIAN_POINT('Origin',(2.43,-3.655,4.368));
#4906=CARTESIAN_POINT('',(2.53,-3.655,4.37));
#4907=CARTESIAN_POINT('',(2.53,-3.655,4.368));
#4908=CARTESIAN_POINT('Origin',(2.43,-3.655,4.37));
#4909=CARTESIAN_POINT('Origin',(2.53,-3.655,4.368));
#4910=CARTESIAN_POINT('',(2.53,3.655,4.37));
#4911=CARTESIAN_POINT('',(2.53,3.655,4.368));
#4912=CARTESIAN_POINT('',(2.53,-1.8275,4.37));
#4913=CARTESIAN_POINT('Origin',(2.43,3.655,4.368));
#4914=CARTESIAN_POINT('',(2.43,3.755,4.37));
#4915=CARTESIAN_POINT('',(2.43,3.755,4.368));
#4916=CARTESIAN_POINT('Origin',(2.43,3.655,4.37));
#4917=CARTESIAN_POINT('Origin',(2.43,3.755,4.368));
#4918=CARTESIAN_POINT('',(-2.43,3.755,4.37));
#4919=CARTESIAN_POINT('',(-2.43,3.755,4.368));
#4920=CARTESIAN_POINT('',(1.215,3.755,4.37));
#4921=CARTESIAN_POINT('Origin',(-2.43,3.655,4.368));
#4922=CARTESIAN_POINT('Origin',(-2.43,3.655,4.37));
#4923=CARTESIAN_POINT('Origin',(3.06,-4.51,2.758));
#4924=CARTESIAN_POINT('',(3.06,-4.51,4.19));
#4925=CARTESIAN_POINT('',(3.06,4.51,4.19));
#4926=CARTESIAN_POINT('',(3.06,-2.255,4.19));
#4927=CARTESIAN_POINT('',(3.06,-4.51,4.37));
#4928=CARTESIAN_POINT('',(3.06,-4.51,2.758));
#4929=CARTESIAN_POINT('',(3.06,4.51,4.37));
#4930=CARTESIAN_POINT('',(3.06,-4.51,4.37));
#4931=CARTESIAN_POINT('',(3.06,4.51,2.758));
#4932=CARTESIAN_POINT('Origin',(2.91,4.51,2.758));
#4933=CARTESIAN_POINT('',(2.91,4.66,4.19));
#4934=CARTESIAN_POINT('Origin',(2.91,4.51,4.19));
#4935=CARTESIAN_POINT('',(2.91,4.66,4.37));
#4936=CARTESIAN_POINT('Origin',(2.91,4.51,4.37));
#4937=CARTESIAN_POINT('',(2.91,4.66,2.758));
#4938=CARTESIAN_POINT('Origin',(2.91,4.66,2.758));
#4939=CARTESIAN_POINT('',(-2.91,4.66,4.19));
#4940=CARTESIAN_POINT('',(1.455,4.66,4.19));
#4941=CARTESIAN_POINT('',(-2.91,4.66,4.37));
#4942=CARTESIAN_POINT('',(2.91,4.66,4.37));
#4943=CARTESIAN_POINT('',(-2.91,4.66,2.758));
#4944=CARTESIAN_POINT('Origin',(-2.91,4.51,2.758));
#4945=CARTESIAN_POINT('',(-3.06,4.51,4.19));
#4946=CARTESIAN_POINT('Origin',(-2.91,4.51,4.19));
#4947=CARTESIAN_POINT('',(-3.06,4.51,4.37));
#4948=CARTESIAN_POINT('Origin',(-2.91,4.51,4.37));
#4949=CARTESIAN_POINT('',(-3.06,4.51,2.758));
#4950=CARTESIAN_POINT('Origin',(-3.06,4.51,2.758));
#4951=CARTESIAN_POINT('',(-3.06,-4.51,4.19));
#4952=CARTESIAN_POINT('',(-3.06,2.255,4.19));
#4953=CARTESIAN_POINT('',(-3.06,-4.51,4.37));
#4954=CARTESIAN_POINT('',(-3.06,4.51,4.37));
#4955=CARTESIAN_POINT('',(-3.06,-4.51,2.758));
#4956=CARTESIAN_POINT('Origin',(2.91,-4.51,2.758));
#4957=CARTESIAN_POINT('',(2.91,-4.66,4.19));
#4958=CARTESIAN_POINT('Origin',(2.91,-4.51,4.19));
#4959=CARTESIAN_POINT('',(2.91,-4.66,4.37));
#4960=CARTESIAN_POINT('',(2.91,-4.66,2.758));
#4961=CARTESIAN_POINT('Origin',(2.91,-4.51,4.37));
#4962=CARTESIAN_POINT('Origin',(-2.91,-4.66,2.758));
#4963=CARTESIAN_POINT('',(-2.91,-4.66,4.19));
#4964=CARTESIAN_POINT('',(-1.455,-4.66,4.19));
#4965=CARTESIAN_POINT('',(-2.91,-4.66,4.37));
#4966=CARTESIAN_POINT('',(-2.91,-4.66,2.758));
#4967=CARTESIAN_POINT('',(-2.91,-4.66,4.37));
#4968=CARTESIAN_POINT('Origin',(-2.91,-4.51,2.758));
#4969=CARTESIAN_POINT('Origin',(-2.91,-4.51,4.19));
#4970=CARTESIAN_POINT('Origin',(-2.91,-4.51,4.37));
#4971=CARTESIAN_POINT('Origin',(0.,0.,4.37));
#4972=CARTESIAN_POINT('Origin',(3.55,4.,3.26));
#4973=CARTESIAN_POINT('',(3.1,4.,4.19));
#4974=CARTESIAN_POINT('Origin',(3.55,4.,4.19));
#4975=CARTESIAN_POINT('',(3.1,4.,3.26));
#4976=CARTESIAN_POINT('',(3.1,4.,3.26));
#4977=CARTESIAN_POINT('Origin',(3.55,4.,3.26));
#4978=CARTESIAN_POINT('Origin',(3.55,4.,3.26));
#4979=CARTESIAN_POINT('Origin',(-3.55,-4.,3.26));
#4980=CARTESIAN_POINT('',(-4.,-4.,4.19));
#4981=CARTESIAN_POINT('Origin',(-3.55,-4.,4.19));
#4982=CARTESIAN_POINT('',(-4.,-4.,3.26));
#4983=CARTESIAN_POINT('',(-4.,-4.,3.26));
#4984=CARTESIAN_POINT('Origin',(-3.55,-4.,3.26));
#4985=CARTESIAN_POINT('Origin',(-3.55,-4.,3.26));
#4986=CARTESIAN_POINT('Origin',(-3.55,4.,3.26));
#4987=CARTESIAN_POINT('',(-4.,4.,4.19));
#4988=CARTESIAN_POINT('Origin',(-3.55,4.,4.19));
#4989=CARTESIAN_POINT('',(-4.,4.,3.26));
#4990=CARTESIAN_POINT('',(-4.,4.,3.26));
#4991=CARTESIAN_POINT('Origin',(-3.55,4.,3.26));
#4992=CARTESIAN_POINT('Origin',(-3.55,4.,3.26));
#4993=CARTESIAN_POINT('Origin',(3.55,-4.,3.26));
#4994=CARTESIAN_POINT('',(3.1,-4.,4.19));
#4995=CARTESIAN_POINT('Origin',(3.55,-4.,4.19));
#4996=CARTESIAN_POINT('',(3.1,-4.,3.26));
#4997=CARTESIAN_POINT('',(3.1,-4.,3.26));
#4998=CARTESIAN_POINT('Origin',(3.55,-4.,3.26));
#4999=CARTESIAN_POINT('Origin',(3.55,-4.,3.26));
#5000=CARTESIAN_POINT('Origin',(0.,0.,2.76));
#5001=CARTESIAN_POINT('',(4.3,-4.7,2.76));
#5002=CARTESIAN_POINT('',(4.3,4.7,2.76));
#5003=CARTESIAN_POINT('',(4.3,-4.7,2.76));
#5004=CARTESIAN_POINT('',(3.8,-5.2,2.76));
#5005=CARTESIAN_POINT('Origin',(3.8,-4.7,2.76));
#5006=CARTESIAN_POINT('',(-3.8,-5.2,2.76));
#5007=CARTESIAN_POINT('',(-3.8,-5.2,2.76));
#5008=CARTESIAN_POINT('',(-4.3,-4.7,2.76));
#5009=CARTESIAN_POINT('Origin',(-3.8,-4.7,2.76));
#5010=CARTESIAN_POINT('',(-4.3,4.7,2.76));
#5011=CARTESIAN_POINT('',(-4.3,4.7,2.76));
#5012=CARTESIAN_POINT('',(-3.8,5.2,2.76));
#5013=CARTESIAN_POINT('Origin',(-3.8,4.7,2.76));
#5014=CARTESIAN_POINT('',(3.8,5.2,2.76));
#5015=CARTESIAN_POINT('',(3.8,5.2,2.76));
#5016=CARTESIAN_POINT('Origin',(3.8,4.7,2.76));
#5017=CARTESIAN_POINT('Origin',(3.8,-2.8,2.76));
#5018=CARTESIAN_POINT('',(3.9,-2.31010205144336,2.76));
#5019=CARTESIAN_POINT('',(3.9,0.8,2.76));
#5020=CARTESIAN_POINT('',(4.02,-2.35100111358713,2.76));
#5021=CARTESIAN_POINT('Origin',(3.8,-2.8,2.76));
#5022=CARTESIAN_POINT('',(4.02,2.35100111358713,2.76));
#5023=CARTESIAN_POINT('',(4.02,-2.36,2.76));
#5024=CARTESIAN_POINT('',(3.9,2.31010205144336,2.76));
#5025=CARTESIAN_POINT('Origin',(3.8,2.8,2.76));
#5026=CARTESIAN_POINT('',(3.9,3.6,2.76));
#5027=CARTESIAN_POINT('Origin',(3.8,2.8,2.76));
#5028=CARTESIAN_POINT('',(4.02,4.72,2.76));
#5029=CARTESIAN_POINT('',(4.02,-2.36,2.76));
#5030=CARTESIAN_POINT('',(3.82,4.92,2.76));
#5031=CARTESIAN_POINT('Origin',(3.82,4.72,2.76));
#5032=CARTESIAN_POINT('',(-3.82,4.92,2.76));
#5033=CARTESIAN_POINT('',(1.91,4.92,2.76));
#5034=CARTESIAN_POINT('Origin',(-3.82,4.72,2.76));
#5035=CARTESIAN_POINT('Origin',(-3.8,2.8,2.76));
#5036=CARTESIAN_POINT('',(-3.9,2.31010205144336,2.76));
#5037=CARTESIAN_POINT('',(-3.9,-0.8,2.76));
#5038=CARTESIAN_POINT('',(-4.02,2.35100111358713,2.76));
#5039=CARTESIAN_POINT('Origin',(-3.8,2.8,2.76));
#5040=CARTESIAN_POINT('',(-4.02,-2.35100111358713,2.76));
#5041=CARTESIAN_POINT('',(-4.02,2.36,2.76));
#5042=CARTESIAN_POINT('',(-3.9,-2.31010205144336,2.76));
#5043=CARTESIAN_POINT('Origin',(-3.8,-2.8,2.76));
#5044=CARTESIAN_POINT('',(-3.9,-3.6,2.76));
#5045=CARTESIAN_POINT('Origin',(-3.8,-2.8,2.76));
#5046=CARTESIAN_POINT('',(-4.02,-4.72,2.76));
#5047=CARTESIAN_POINT('',(-4.02,2.36,2.76));
#5048=CARTESIAN_POINT('',(-3.82,-4.92,2.76));
#5049=CARTESIAN_POINT('Origin',(-3.82,-4.72,2.76));
#5050=CARTESIAN_POINT('',(3.82,-4.92,2.76));
#5051=CARTESIAN_POINT('',(-1.91,-4.92,2.76));
#5052=CARTESIAN_POINT('',(4.02,-4.72,2.76));
#5053=CARTESIAN_POINT('Origin',(3.82,-4.72,2.76));
#5054=CARTESIAN_POINT('',(4.02,-2.36,2.76));
#5055=CARTESIAN_POINT('Origin',(3.9,4.4,2.76));
#5056=CARTESIAN_POINT('',(3.9,4.4,2.76));
#5057=CARTESIAN_POINT('',(3.9,4.7,2.56));
#5058=CARTESIAN_POINT('Origin',(4.05,-4.7,2.758));
#5059=CARTESIAN_POINT('',(4.05,4.7,4.19));
#5060=CARTESIAN_POINT('',(4.05,-4.7,4.19));
#5061=CARTESIAN_POINT('',(4.05,4.7,2.758));
#5062=CARTESIAN_POINT('Origin',(-3.9,-4.4,2.76));
#5063=CARTESIAN_POINT('',(-3.9,4.4,2.86));
#5064=CARTESIAN_POINT('',(-3.9,-4.7,2.56));
#5065=CARTESIAN_POINT('Origin',(-3.9,-4.4,2.76));
#5066=CARTESIAN_POINT('',(-3.9,-2.31010205144336,2.56));
#5067=CARTESIAN_POINT('',(-3.9,-2.31010205144336,2.558));
#5068=CARTESIAN_POINT('',(-3.9,2.31010205144336,2.56));
#5069=CARTESIAN_POINT('',(-3.9,4.7,2.56));
#5070=CARTESIAN_POINT('',(-3.9,2.31010205144336,2.558));
#5071=CARTESIAN_POINT('',(-3.9,4.4,2.86));
#5072=CARTESIAN_POINT('Origin',(0.,0.,2.86));
#5073=CARTESIAN_POINT('',(3.9,-4.4,2.86));
#5074=CARTESIAN_POINT('',(3.9,-4.4,2.86));
#5075=CARTESIAN_POINT('Origin',(3.5,-4.4,2.86));
#5076=CARTESIAN_POINT('',(-4.05,-4.7,2.86));
#5077=CARTESIAN_POINT('',(-4.05,2.35,2.86));
#5078=CARTESIAN_POINT('',(-3.8,-4.95,2.86));
#5079=CARTESIAN_POINT('Origin',(-3.8,-4.7,2.86));
#5080=CARTESIAN_POINT('',(3.8,-4.95,2.86));
#5081=CARTESIAN_POINT('',(-1.9,-4.95,2.86));
#5082=CARTESIAN_POINT('',(4.05,-4.7,2.86));
#5083=CARTESIAN_POINT('Origin',(3.8,-4.7,2.86));
#5084=CARTESIAN_POINT('',(4.05,-2.35,2.86));
#5085=CARTESIAN_POINT('Origin',(-4.05,4.7,2.758));
#5086=CARTESIAN_POINT('',(-4.05,-4.7,4.19));
#5087=CARTESIAN_POINT('',(-4.05,4.7,4.19));
#5088=CARTESIAN_POINT('',(-4.05,-4.7,2.758));
#5089=CARTESIAN_POINT('Origin',(-4.05,4.7,2.758));
#5090=CARTESIAN_POINT('',(-4.05,2.35,2.86));
#5091=CARTESIAN_POINT('',(-4.05,4.7,4.19));
#5092=CARTESIAN_POINT('Origin',(0.,0.,2.86));
#5093=CARTESIAN_POINT('Origin',(0.,0.,2.86));
#5094=CARTESIAN_POINT('',(3.9,-4.4,2.86));
#5095=CARTESIAN_POINT('',(4.05,-2.35,2.86));
#5096=CARTESIAN_POINT('Origin',(0.,0.,4.19));
#5097=CARTESIAN_POINT('',(4.05,-4.7,4.19));
#5098=CARTESIAN_POINT('',(4.05,-4.7,4.19));
#5099=CARTESIAN_POINT('',(4.05,-4.7,4.19));
#5100=CARTESIAN_POINT('',(3.8,-4.95,4.19));
#5101=CARTESIAN_POINT('Origin',(3.8,-4.7,4.19));
#5102=CARTESIAN_POINT('',(-3.8,-4.95,4.19));
#5103=CARTESIAN_POINT('',(-3.8,-4.95,4.19));
#5104=CARTESIAN_POINT('Origin',(-3.8,-4.7,4.19));
#5105=CARTESIAN_POINT('',(-4.05,4.7,4.19));
#5106=CARTESIAN_POINT('',(-4.05,4.7,4.19));
#5107=CARTESIAN_POINT('',(-3.8,4.95,4.19));
#5108=CARTESIAN_POINT('Origin',(-3.8,4.7,4.19));
#5109=CARTESIAN_POINT('',(3.8,4.95,4.19));
#5110=CARTESIAN_POINT('',(3.8,4.95,4.19));
#5111=CARTESIAN_POINT('Origin',(3.8,4.7,4.19));
#5112=CARTESIAN_POINT('Origin',(4.05,-4.7,2.758));
#5113=CARTESIAN_POINT('',(4.05,-4.7,2.758));
#5114=CARTESIAN_POINT('Origin',(4.05,-4.7,2.758));
#5115=CARTESIAN_POINT('Origin',(3.9,4.4,2.76));
#5116=CARTESIAN_POINT('',(3.9,-4.7,2.76));
#5117=CARTESIAN_POINT('',(3.9,-4.7,2.56));
#5118=CARTESIAN_POINT('',(3.9,-4.4,2.76));
#5119=CARTESIAN_POINT('',(3.9,2.35,2.76));
#5120=CARTESIAN_POINT('',(3.9,-4.4,2.76));
#5121=CARTESIAN_POINT('Origin',(3.8,-2.8,2.558));
#5122=CARTESIAN_POINT('Origin',(3.8,-2.8,2.558));
#5123=CARTESIAN_POINT('',(3.9,-2.31010205144336,2.56));
#5124=CARTESIAN_POINT('',(3.9,-2.31010205144336,2.558));
#5125=CARTESIAN_POINT('',(4.02,-2.35100111358713,2.56));
#5126=CARTESIAN_POINT('Origin',(3.8,-2.8,2.56));
#5127=CARTESIAN_POINT('',(4.02,-2.35100111358713,2.558));
#5128=CARTESIAN_POINT('Origin',(-3.8,2.8,2.558));
#5129=CARTESIAN_POINT('',(-4.02,2.35100111358713,2.56));
#5130=CARTESIAN_POINT('Origin',(-3.8,2.8,2.56));
#5131=CARTESIAN_POINT('',(-4.02,2.35100111358713,2.558));
#5132=CARTESIAN_POINT('Origin',(-3.8,2.8,2.558));
#5133=CARTESIAN_POINT('Origin',(-3.8,-2.8,2.558));
#5134=CARTESIAN_POINT('Origin',(-3.8,-2.8,2.558));
#5135=CARTESIAN_POINT('',(-4.02,-2.35100111358713,2.56));
#5136=CARTESIAN_POINT('',(-4.02,-2.35100111358713,2.558));
#5137=CARTESIAN_POINT('Origin',(-3.8,-2.8,2.56));
#5138=CARTESIAN_POINT('Origin',(3.8,2.8,2.558));
#5139=CARTESIAN_POINT('',(3.9,2.31010205144336,2.56));
#5140=CARTESIAN_POINT('',(3.9,2.31010205144336,2.558));
#5141=CARTESIAN_POINT('',(4.02,2.35100111358713,2.56));
#5142=CARTESIAN_POINT('',(4.02,2.35100111358713,2.558));
#5143=CARTESIAN_POINT('Origin',(3.8,2.8,2.56));
#5144=CARTESIAN_POINT('Origin',(3.8,2.8,2.558));
#5145=CARTESIAN_POINT('Origin',(-4.02,4.72,2.56));
#5146=CARTESIAN_POINT('',(-4.02,-4.72,2.56));
#5147=CARTESIAN_POINT('Origin',(-4.02,4.72,2.56));
#5148=CARTESIAN_POINT('',(-4.02,4.72,2.56));
#5149=CARTESIAN_POINT('Origin',(3.9,4.4,2.76));
#5150=CARTESIAN_POINT('',(3.9,-4.7,2.56));
#5151=CARTESIAN_POINT('Origin',(0.,0.,2.56));
#5152=CARTESIAN_POINT('Origin',(4.02,-4.72,2.56));
#5153=CARTESIAN_POINT('',(4.02,4.72,2.56));
#5154=CARTESIAN_POINT('Origin',(4.02,-4.72,2.56));
#5155=CARTESIAN_POINT('',(4.02,-4.72,2.56));
#5156=CARTESIAN_POINT('Origin',(3.8,4.7,2.56));
#5157=CARTESIAN_POINT('Origin',(-3.8,4.7,2.56));
#5158=CARTESIAN_POINT('Origin',(-3.8,4.7,2.76));
#5159=CARTESIAN_POINT('Origin',(3.82,-4.72,2.56));
#5160=CARTESIAN_POINT('',(3.82,-4.92,2.56));
#5161=CARTESIAN_POINT('Origin',(-3.82,-4.92,2.56));
#5162=CARTESIAN_POINT('',(-3.82,-4.92,2.56));
#5163=CARTESIAN_POINT('Origin',(-3.82,-4.72,2.56));
#5164=CARTESIAN_POINT('Origin',(3.8,-4.7,2.56));
#5165=CARTESIAN_POINT('Origin',(3.8,-4.7,2.76));
#5166=CARTESIAN_POINT('Origin',(-3.8,-4.7,2.56));
#5167=CARTESIAN_POINT('Origin',(-3.82,4.72,2.56));
#5168=CARTESIAN_POINT('',(-3.82,4.92,2.56));
#5169=CARTESIAN_POINT('Origin',(3.82,4.92,2.56));
#5170=CARTESIAN_POINT('',(3.82,4.92,2.56));
#5171=CARTESIAN_POINT('Origin',(3.82,4.72,2.56));
#5172=CARTESIAN_POINT('Origin',(4.02,-4.72,2.56));
#5173=CARTESIAN_POINT('',(4.02,-4.72,2.56));
#5174=CARTESIAN_POINT('Origin',(0.,0.,2.56));
#5175=CARTESIAN_POINT('Origin',(0.,0.,2.76));
#5176=CARTESIAN_POINT('Origin',(3.5,-4.4,2.76));
#5177=CARTESIAN_POINT('Origin',(0.,0.,2.76));
#5178=CARTESIAN_POINT('Origin',(-3.5,4.4,2.76));
#5179=CARTESIAN_POINT('Origin',(3.5,-4.4,2.76));
#5180=CARTESIAN_POINT('Origin',(3.5,4.4,2.76));
#5181=CARTESIAN_POINT('Origin',(-3.5,4.4,2.76));
#5182=CARTESIAN_POINT('Origin',(3.8,5.2,2.76));
#5183=CARTESIAN_POINT('',(-3.8,5.2,4.49));
#5184=CARTESIAN_POINT('',(-3.8,5.2,2.76));
#5185=CARTESIAN_POINT('',(3.8,5.2,4.49));
#5186=CARTESIAN_POINT('',(3.8,5.2,4.49));
#5187=CARTESIAN_POINT('',(3.8,5.2,2.76));
#5188=CARTESIAN_POINT('Origin',(-3.8,4.7,2.76));
#5189=CARTESIAN_POINT('',(-4.3,4.7,4.49));
#5190=CARTESIAN_POINT('',(-4.3,4.7,2.76));
#5191=CARTESIAN_POINT('Origin',(-3.8,4.7,4.49));
#5192=CARTESIAN_POINT('Origin',(-4.3,4.7,2.76));
#5193=CARTESIAN_POINT('',(-4.3,-4.7,4.49));
#5194=CARTESIAN_POINT('',(-4.3,-4.7,2.76));
#5195=CARTESIAN_POINT('',(-4.3,4.7,4.49));
#5196=CARTESIAN_POINT('Origin',(-3.8,-4.7,2.76));
#5197=CARTESIAN_POINT('',(-3.8,-5.2,4.49));
#5198=CARTESIAN_POINT('',(-3.8,-5.2,2.76));
#5199=CARTESIAN_POINT('Origin',(-3.8,-4.7,4.49));
#5200=CARTESIAN_POINT('Origin',(-4.05,4.7,2.758));
#5201=CARTESIAN_POINT('',(-4.05,4.7,2.758));
#5202=CARTESIAN_POINT('Origin',(-3.8,4.7,2.758));
#5203=CARTESIAN_POINT('',(-3.8,4.95,2.758));
#5204=CARTESIAN_POINT('Origin',(3.8,4.95,2.758));
#5205=CARTESIAN_POINT('',(3.8,4.95,2.758));
#5206=CARTESIAN_POINT('Origin',(3.8,4.7,2.758));
#5207=CARTESIAN_POINT('Origin',(3.8,-4.7,2.758));
#5208=CARTESIAN_POINT('',(3.8,-4.95,2.758));
#5209=CARTESIAN_POINT('Origin',(-3.8,-4.95,2.758));
#5210=CARTESIAN_POINT('',(-3.8,-4.95,2.758));
#5211=CARTESIAN_POINT('Origin',(-3.8,-4.7,2.758));
#5212=CARTESIAN_POINT('Origin',(3.8,4.7,2.76));
#5213=CARTESIAN_POINT('',(4.3,4.7,4.49));
#5214=CARTESIAN_POINT('Origin',(3.8,4.7,4.49));
#5215=CARTESIAN_POINT('',(4.3,4.7,2.76));
#5216=CARTESIAN_POINT('Origin',(4.3,-4.7,2.76));
#5217=CARTESIAN_POINT('',(4.3,-4.7,4.49));
#5218=CARTESIAN_POINT('',(4.3,-4.7,4.49));
#5219=CARTESIAN_POINT('',(4.3,-4.7,2.76));
#5220=CARTESIAN_POINT('Origin',(3.8,-4.7,2.76));
#5221=CARTESIAN_POINT('',(3.8,-5.2,4.49));
#5222=CARTESIAN_POINT('Origin',(3.8,-4.7,4.49));
#5223=CARTESIAN_POINT('',(3.8,-5.2,2.76));
#5224=CARTESIAN_POINT('Origin',(-3.8,-5.2,2.76));
#5225=CARTESIAN_POINT('',(-3.8,-5.2,4.49));
#5226=CARTESIAN_POINT('Origin',(0.,0.,4.49));
#5227=UNCERTAINTY_MEASURE_WITH_UNIT(LENGTH_MEASURE(0.001),#5231,
'DISTANCE_ACCURACY_VALUE',
'Maximum model space distance between geometric entities at asserted c
onnectivities');
#5228=UNCERTAINTY_MEASURE_WITH_UNIT(LENGTH_MEASURE(0.001),#5231,
'DISTANCE_ACCURACY_VALUE',
'Maximum model space distance between geometric entities at asserted c
onnectivities');
#5229=(
GEOMETRIC_REPRESENTATION_CONTEXT(3)
GLOBAL_UNCERTAINTY_ASSIGNED_CONTEXT((#5227))
GLOBAL_UNIT_ASSIGNED_CONTEXT((#5231,#5233,#5234))
REPRESENTATION_CONTEXT('','3D')
);
#5230=(
GEOMETRIC_REPRESENTATION_CONTEXT(3)
GLOBAL_UNCERTAINTY_ASSIGNED_CONTEXT((#5228))
GLOBAL_UNIT_ASSIGNED_CONTEXT((#5231,#5233,#5234))
REPRESENTATION_CONTEXT('','3D')
);
#5231=(
LENGTH_UNIT()
NAMED_UNIT(*)
SI_UNIT(.CENTI.,.METRE.)
);
#5232=(
LENGTH_UNIT()
NAMED_UNIT(*)
SI_UNIT($,.METRE.)
);
#5233=(
NAMED_UNIT(*)
PLANE_ANGLE_UNIT()
SI_UNIT($,.RADIAN.)
);
#5234=(
NAMED_UNIT(*)
SI_UNIT($,.STERADIAN.)
SOLID_ANGLE_UNIT()
);
#5235=SHAPE_DEFINITION_REPRESENTATION(#5236,#5237);
#5236=PRODUCT_DEFINITION_SHAPE('',$,#5239);
#5237=SHAPE_REPRESENTATION('',(#2910),#5229);
#5238=PRODUCT_DEFINITION_CONTEXT('part definition',#5243,'design');
#5239=PRODUCT_DEFINITION('02 Top bezel - four anchors',
'02 Top bezel - four anchors',#5240,#5238);
#5240=PRODUCT_DEFINITION_FORMATION('',$,#5245);
#5241=PRODUCT_RELATED_PRODUCT_CATEGORY('02 Top bezel - four anchors',
'02 Top bezel - four anchors',(#5245));
#5242=APPLICATION_PROTOCOL_DEFINITION('international standard',
'automotive_design',2009,#5243);
#5243=APPLICATION_CONTEXT(
'Core Data for Automotive Mechanical Design Process');
#5244=PRODUCT_CONTEXT('part definition',#5243,'mechanical');
#5245=PRODUCT('02 Top bezel - four anchors',
'02 Top bezel - four anchors',$,(#5244));
#5246=PRESENTATION_STYLE_ASSIGNMENT((#5248));
#5247=PRESENTATION_STYLE_ASSIGNMENT((#5249));
#5248=SURFACE_STYLE_USAGE(.BOTH.,#5250);
#5249=SURFACE_STYLE_USAGE(.BOTH.,#5251);
#5250=SURFACE_SIDE_STYLE('',(#5252));
#5251=SURFACE_SIDE_STYLE('',(#5253));
#5252=SURFACE_STYLE_FILL_AREA(#5254);
#5253=SURFACE_STYLE_FILL_AREA(#5255);
#5254=FILL_AREA_STYLE('Steel - Satin',(#5256));
#5255=FILL_AREA_STYLE('Case top orange',(#5257));
#5256=FILL_AREA_STYLE_COLOUR('Steel - Satin',#5258);
#5257=FILL_AREA_STYLE_COLOUR('Case top orange',#5259);
#5258=COLOUR_RGB('Steel - Satin',0.627450980392157,0.627450980392157,0.627450980392157);
#5259=COLOUR_RGB('Case top orange',0.898039215686275,0.533333333333333,
0.203921568627451);
ENDSEC;
END-ISO-10303-21;
