ISO-10303-21;
HEADER;
/* Generated by software containing ST-Developer
 * from STEP Tools, Inc. (www.steptools.com) 
 */

FILE_DESCRIPTION(
/* description */ (''),
/* implementation_level */ '2;1');

FILE_NAME(
/* name */ 'pitclaw-enclosure-r8.step',
/* time_stamp */ '2026-09-11T12:41:43-07:00',
/* author */ (''),
/* organization */ (''),
/* preprocessor_version */ 'ST-DEVELOPER v20.1',
/* originating_system */ 'Autodesk Translation Framework v15.8.0.0',
/* authorisation */ '');

FILE_SCHEMA (('AUTOMOTIVE_DESIGN { 1 0 10303 214 3 1 1 }'));
ENDSEC;

DATA;
#10=MECHANICAL_DESIGN_GEOMETRIC_PRESENTATION_REPRESENTATION('',(#30,#31,
#32),#11259);
#11=ITEM_DEFINED_TRANSFORMATION($,$,#6490,#7154);
#12=ITEM_DEFINED_TRANSFORMATION($,$,#6722,#7155);
#13=ITEM_DEFINED_TRANSFORMATION($,$,#7039,#7156);
#14=(
REPRESENTATION_RELATIONSHIP($,$,#11276,#11275)
REPRESENTATION_RELATIONSHIP_WITH_TRANSFORMATION(#11)
SHAPE_REPRESENTATION_RELATIONSHIP()
);
#15=(
REPRESENTATION_RELATIONSHIP($,$,#11277,#11275)
REPRESENTATION_RELATIONSHIP_WITH_TRANSFORMATION(#12)
SHAPE_REPRESENTATION_RELATIONSHIP()
);
#16=(
REPRESENTATION_RELATIONSHIP($,$,#11278,#11275)
REPRESENTATION_RELATIONSHIP_WITH_TRANSFORMATION(#13)
SHAPE_REPRESENTATION_RELATIONSHIP()
);
#17=CONTEXT_DEPENDENT_SHAPE_REPRESENTATION(#14,#11272);
#18=CONTEXT_DEPENDENT_SHAPE_REPRESENTATION(#15,#11273);
#19=CONTEXT_DEPENDENT_SHAPE_REPRESENTATION(#16,#11274);
#20=NEXT_ASSEMBLY_USAGE_OCCURRENCE('01 Bottom shell:1',
'01 Bottom shell:1','01 Bottom shell:1',#11280,#11281,
'01 Bottom shell:1');
#21=NEXT_ASSEMBLY_USAGE_OCCURRENCE('02 Top bezel - four anchors:1',
'02 Top bezel - four anchors:1','02 Top bezel - four anchors:1',#11280,
#11282,'02 Top bezel - four anchors:1');
#22=NEXT_ASSEMBLY_USAGE_OCCURRENCE('03 WT32 retainer - four anchors:1',
'03 WT32 retainer - four anchors:1','03 WT32 retainer - four anchors:1',
#11280,#11283,'03 WT32 retainer - four anchors:1');
#23=B_SPLINE_SURFACE_WITH_KNOTS('',3,3,((#10296,#10297,#10298,#10299),(#10300,
#10301,#10302,#10303),(#10304,#10305,#10306,#10307),(#10308,#10309,#10310,
#10311),(#10312,#10313,#10314,#10315),(#10316,#10317,#10318,#10319),(#10320,
#10321,#10322,#10323),(#10324,#10325,#10326,#10327),(#10328,#10329,#10330,
#10331),(#10332,#10333,#10334,#10335),(#10336,#10337,#10338,#10339),(#10340,
#10341,#10342,#10343),(#10344,#10345,#10346,#10347),(#10348,#10349,#10350,
#10351),(#10352,#10353,#10354,#10355),(#10356,#10357,#10358,#10359),(#10360,
#10361,#10362,#10363),(#10364,#10365,#10366,#10367),(#10368,#10369,#10370,
#10371),(#10372,#10373,#10374,#10375),(#10376,#10377,#10378,#10379),(#10380,
#10381,#10382,#10383),(#10384,#10385,#10386,#10387),(#10388,#10389,#10390,
#10391),(#10392,#10393,#10394,#10395),(#10396,#10397,#10398,#10399),(#10400,
#10401,#10402,#10403),(#10404,#10405,#10406,#10407),(#10408,#10409,#10410,
#10411),(#10412,#10413,#10414,#10415),(#10416,#10417,#10418,#10419),(#10420,
#10421,#10422,#10423),(#10424,#10425,#10426,#10427),(#10428,#10429,#10430,
#10431),(#10432,#10433,#10434,#10435),(#10436,#10437,#10438,#10439),(#10440,
#10441,#10442,#10443),(#10444,#10445,#10446,#10447),(#10448,#10449,#10450,
#10451),(#10452,#10453,#10454,#10455),(#10456,#10457,#10458,#10459)),
 .UNSPECIFIED.,.T.,.F.,.F.,(4,1,1,1,1,2,1,1,2,1,1,1,1,1,1,1,2,1,2,1,2,1,
2,1,1,1,1,1,2,1,1,4),(4,4),(0.,0.0974762002277434,0.146214300341615,0.170583350398551,
0.182767875427019,0.194952400455487,0.196523615169741,0.198094829883996,
0.201237259312505,0.205807226216107,0.210377193119708,0.21951712692691,
0.237796994541315,0.274356729770124,0.347476200227743,0.420595670685362,
0.493715141142981,0.496857570571491,0.5,0.597476200227743,0.694952400455487,
0.698094829883996,0.701237259312505,0.774356729770124,0.847476200227743,
0.920595670685362,0.957155405914172,0.975435273528577,0.993715141142981,
0.996857570571491,0.998428785285745,1.),(0.,0.961538461540067),
 .UNSPECIFIED.);
#24=SHAPE_REPRESENTATION_RELATIONSHIP('SRR','None',#11276,#27);
#25=SHAPE_REPRESENTATION_RELATIONSHIP('SRR','None',#11277,#28);
#26=SHAPE_REPRESENTATION_RELATIONSHIP('SRR','None',#11278,#29);
#27=ADVANCED_BREP_SHAPE_REPRESENTATION('',(#33),#11256);
#28=ADVANCED_BREP_SHAPE_REPRESENTATION('',(#34),#11257);
#29=ADVANCED_BREP_SHAPE_REPRESENTATION('',(#35),#11258);
#30=STYLED_ITEM('',(#11299),#33);
#31=STYLED_ITEM('',(#11299),#34);
#32=STYLED_ITEM('',(#11299),#35);
#33=MANIFOLD_SOLID_BREP('01 Bottom shell',#6452);
#34=MANIFOLD_SOLID_BREP('02 Top bezel - four anchors',#6453);
#35=MANIFOLD_SOLID_BREP('03 WT32 retainer - four anchors',#6454);
#36=B_SPLINE_CURVE_WITH_KNOTS('',3,(#9241,#9242,#9243,#9244,#9245,#9246),
 .UNSPECIFIED.,.F.,.F.,(4,2,4),(0.95296858488715,1.0351057694818,1.1029683820014),
 .UNSPECIFIED.);
#37=B_SPLINE_CURVE_WITH_KNOTS('',3,(#9270,#9271,#9272,#9273,#9274,#9275),
 .UNSPECIFIED.,.F.,.F.,(4,2,4),(0.893891701928161,0.926169963992213,1.01366623991842),
 .UNSPECIFIED.);
#38=B_SPLINE_CURVE_WITH_KNOTS('',3,(#10461,#10462,#10463,#10464,#10465,
#10466,#10467,#10468,#10469,#10470,#10471,#10472,#10473,#10474,#10475,#10476,
#10477,#10478,#10479,#10480,#10481,#10482,#10483,#10484,#10485,#10486,#10487,
#10488,#10489,#10490,#10491,#10492,#10493,#10494,#10495,#10496,#10497,#10498,
#10499,#10500,#10501,#10502,#10503,#10504,#10505,#10506,#10507,#10508,#10509,
#10510,#10511,#10512,#10513,#10514,#10515,#10516,#10517,#10518,#10519,#10520,
#10521,#10522,#10523,#10524,#10525,#10526,#10527,#10528,#10529,#10530,#10531,
#10532,#10533,#10534,#10535,#10536,#10537,#10538,#10539,#10540,#10541,#10542,
#10543,#10544,#10545,#10546,#10547,#10548,#10549,#10550,#10551,#10552,#10553,
#10554),.UNSPECIFIED.,.T.,.F.,(4,3,3,3,3,3,3,3,3,3,3,3,3,3,3,3,3,3,3,3,
3,3,3,3,3,3,3,3,3,3,3,4),(23.4496749520999,23.4865688060366,23.5234626599736,
23.5972503678477,24.026481815107,24.4557132623663,25.3141761568849,27.031101945922,
28.7480277349591,30.4649535239963,30.5387412318704,30.6125289397445,32.9013775999022,
35.1902262600598,35.264013967934,35.3378016758081,37.0547274648452,38.7716532538823,
40.4885790429195,41.347041937438,41.7762733846973,41.990889108327,42.0981969701418,
42.2055048319566,42.2792925398307,42.3161863937678,42.3530802477048,42.6391863302245,
42.9252924127442,43.4975045777837,44.6419289078625,46.9307775680202),
 .UNSPECIFIED.);
#39=CYLINDRICAL_SURFACE('',#6513,0.27);
#40=CYLINDRICAL_SURFACE('',#6516,0.27);
#41=CYLINDRICAL_SURFACE('',#6520,0.27);
#42=CYLINDRICAL_SURFACE('',#6523,0.27);
#43=CYLINDRICAL_SURFACE('',#6525,0.2);
#44=CYLINDRICAL_SURFACE('',#6543,0.04);
#45=CYLINDRICAL_SURFACE('',#6546,0.04);
#46=CYLINDRICAL_SURFACE('',#6562,0.0199999999999999);
#47=CYLINDRICAL_SURFACE('',#6565,0.02);
#48=CYLINDRICAL_SURFACE('',#6569,0.2);
#49=CYLINDRICAL_SURFACE('',#6573,0.2);
#50=CYLINDRICAL_SURFACE('',#6577,0.2);
#51=CYLINDRICAL_SURFACE('',#6581,0.2);
#52=CYLINDRICAL_SURFACE('',#6588,0.04);
#53=CYLINDRICAL_SURFACE('',#6590,0.0399999999999998);
#54=CYLINDRICAL_SURFACE('',#6591,0.02);
#55=CYLINDRICAL_SURFACE('',#6594,0.02);
#56=CYLINDRICAL_SURFACE('',#6597,0.02);
#57=CYLINDRICAL_SURFACE('',#6600,0.02);
#58=CYLINDRICAL_SURFACE('',#6603,0.02);
#59=CYLINDRICAL_SURFACE('',#6606,0.02);
#60=CYLINDRICAL_SURFACE('',#6608,0.525);
#61=CYLINDRICAL_SURFACE('',#6611,0.525);
#62=CYLINDRICAL_SURFACE('',#6614,0.525);
#63=CYLINDRICAL_SURFACE('',#6617,0.2);
#64=CYLINDRICAL_SURFACE('',#6621,0.2);
#65=CYLINDRICAL_SURFACE('',#6625,0.2);
#66=CYLINDRICAL_SURFACE('',#6629,0.2);
#67=CYLINDRICAL_SURFACE('',#6633,0.2);
#68=CYLINDRICAL_SURFACE('',#6637,0.2);
#69=CYLINDRICAL_SURFACE('',#6641,0.2);
#70=CYLINDRICAL_SURFACE('',#6645,0.2);
#71=CYLINDRICAL_SURFACE('',#6650,0.2);
#72=CYLINDRICAL_SURFACE('',#6651,0.2);
#73=CYLINDRICAL_SURFACE('',#6653,0.2);
#74=CYLINDRICAL_SURFACE('',#6655,0.45);
#75=CYLINDRICAL_SURFACE('',#6671,0.45);
#76=CYLINDRICAL_SURFACE('',#6675,0.45);
#77=CYLINDRICAL_SURFACE('',#6688,0.45);
#78=CYLINDRICAL_SURFACE('',#6691,0.45);
#79=CYLINDRICAL_SURFACE('',#6694,0.45);
#80=CYLINDRICAL_SURFACE('',#6697,0.45);
#81=CYLINDRICAL_SURFACE('',#6700,0.45);
#82=CYLINDRICAL_SURFACE('',#6703,0.25);
#83=CYLINDRICAL_SURFACE('',#6705,0.25);
#84=CYLINDRICAL_SURFACE('',#6706,0.25);
#85=CYLINDRICAL_SURFACE('',#6708,0.25);
#86=CYLINDRICAL_SURFACE('',#6710,0.5);
#87=CYLINDRICAL_SURFACE('',#6713,0.5);
#88=CYLINDRICAL_SURFACE('',#6716,0.5);
#89=CYLINDRICAL_SURFACE('',#6719,0.5);
#90=CYLINDRICAL_SURFACE('',#6723,0.5);
#91=CYLINDRICAL_SURFACE('',#6729,0.5);
#92=CYLINDRICAL_SURFACE('',#6735,0.5);
#93=CYLINDRICAL_SURFACE('',#6741,0.5);
#94=CYLINDRICAL_SURFACE('',#6788,0.1);
#95=CYLINDRICAL_SURFACE('',#6799,0.1);
#96=CYLINDRICAL_SURFACE('',#6804,0.0999999999999996);
#97=CYLINDRICAL_SURFACE('',#6808,0.0999999999999996);
#98=CYLINDRICAL_SURFACE('',#6813,0.45);
#99=CYLINDRICAL_SURFACE('',#6818,0.45);
#100=CYLINDRICAL_SURFACE('',#6828,0.45);
#101=CYLINDRICAL_SURFACE('',#6833,0.45);
#102=CYLINDRICAL_SURFACE('',#6838,0.4);
#103=CYLINDRICAL_SURFACE('',#6850,0.2);
#104=CYLINDRICAL_SURFACE('',#6854,0.2);
#105=CYLINDRICAL_SURFACE('',#6858,0.2);
#106=CYLINDRICAL_SURFACE('',#6862,0.2);
#107=CYLINDRICAL_SURFACE('',#6866,0.32);
#108=CYLINDRICAL_SURFACE('',#6871,0.32);
#109=CYLINDRICAL_SURFACE('',#6876,0.32);
#110=CYLINDRICAL_SURFACE('',#6881,0.32);
#111=CYLINDRICAL_SURFACE('',#6886,0.17);
#112=CYLINDRICAL_SURFACE('',#6888,0.17);
#113=CYLINDRICAL_SURFACE('',#6890,0.17);
#114=CYLINDRICAL_SURFACE('',#6892,0.17);
#115=CYLINDRICAL_SURFACE('',#6899,0.1);
#116=CYLINDRICAL_SURFACE('',#6902,0.1);
#117=CYLINDRICAL_SURFACE('',#6905,0.1);
#118=CYLINDRICAL_SURFACE('',#6908,0.1);
#119=CYLINDRICAL_SURFACE('',#6911,0.15);
#120=CYLINDRICAL_SURFACE('',#6915,0.15);
#121=CYLINDRICAL_SURFACE('',#6919,0.15);
#122=CYLINDRICAL_SURFACE('',#6923,0.15);
#123=CYLINDRICAL_SURFACE('',#6927,0.45);
#124=CYLINDRICAL_SURFACE('',#6931,0.45);
#125=CYLINDRICAL_SURFACE('',#6935,0.45);
#126=CYLINDRICAL_SURFACE('',#6939,0.45);
#127=CYLINDRICAL_SURFACE('',#6980,0.5);
#128=CYLINDRICAL_SURFACE('',#6981,0.5);
#129=CYLINDRICAL_SURFACE('',#6983,0.5);
#130=CYLINDRICAL_SURFACE('',#6985,0.5);
#131=CYLINDRICAL_SURFACE('',#6986,0.5);
#132=CYLINDRICAL_SURFACE('',#6987,0.5);
#133=CYLINDRICAL_SURFACE('',#6989,0.5);
#134=CYLINDRICAL_SURFACE('',#6991,0.5);
#135=CYLINDRICAL_SURFACE('',#6998,0.1);
#136=CYLINDRICAL_SURFACE('',#6999,0.0999999999999996);
#137=CYLINDRICAL_SURFACE('',#7001,0.199999999999999);
#138=CYLINDRICAL_SURFACE('',#7003,0.2);
#139=CYLINDRICAL_SURFACE('',#7004,0.0999999999999996);
#140=CYLINDRICAL_SURFACE('',#7006,0.1);
#141=CYLINDRICAL_SURFACE('',#7007,0.199999999999999);
#142=CYLINDRICAL_SURFACE('',#7009,0.2);
#143=CYLINDRICAL_SURFACE('',#7016,0.399999999999999);
#144=CYLINDRICAL_SURFACE('',#7017,0.4);
#145=CYLINDRICAL_SURFACE('',#7018,0.399999999999999);
#146=CYLINDRICAL_SURFACE('',#7020,0.5);
#147=CYLINDRICAL_SURFACE('',#7023,0.5);
#148=CYLINDRICAL_SURFACE('',#7026,0.25);
#149=CYLINDRICAL_SURFACE('',#7028,0.25);
#150=CYLINDRICAL_SURFACE('',#7029,0.25);
#151=CYLINDRICAL_SURFACE('',#7031,0.25);
#152=CYLINDRICAL_SURFACE('',#7032,0.5);
#153=CYLINDRICAL_SURFACE('',#7035,0.5);
#154=CYLINDRICAL_SURFACE('',#7040,0.17);
#155=CYLINDRICAL_SURFACE('',#7043,0.17);
#156=CYLINDRICAL_SURFACE('',#7046,0.17);
#157=CYLINDRICAL_SURFACE('',#7049,0.17);
#158=CYLINDRICAL_SURFACE('',#7052,0.14);
#159=CYLINDRICAL_SURFACE('',#7055,0.14);
#160=CYLINDRICAL_SURFACE('',#7058,0.14);
#161=CYLINDRICAL_SURFACE('',#7061,0.14);
#162=CYLINDRICAL_SURFACE('',#7064,0.5);
#163=CYLINDRICAL_SURFACE('',#7067,0.5);
#164=CYLINDRICAL_SURFACE('',#7070,0.5);
#165=CYLINDRICAL_SURFACE('',#7073,0.5);
#166=CYLINDRICAL_SURFACE('',#7098,0.45);
#167=CYLINDRICAL_SURFACE('',#7117,0.45);
#168=CYLINDRICAL_SURFACE('',#7119,0.45);
#169=CYLINDRICAL_SURFACE('',#7121,0.45);
#170=CYLINDRICAL_SURFACE('',#7125,0.32);
#171=CYLINDRICAL_SURFACE('',#7130,0.32);
#172=CYLINDRICAL_SURFACE('',#7134,0.32);
#173=CYLINDRICAL_SURFACE('',#7139,0.32);
#174=CYLINDRICAL_SURFACE('',#7141,0.04);
#175=CYLINDRICAL_SURFACE('',#7143,0.04);
#176=CYLINDRICAL_SURFACE('',#7145,0.04);
#177=CYLINDRICAL_SURFACE('',#7146,0.04);
#178=CYLINDRICAL_SURFACE('',#7148,0.0999999999999996);
#179=CYLINDRICAL_SURFACE('',#7150,0.1);
#180=CYLINDRICAL_SURFACE('',#7151,0.0999999999999996);
#181=CYLINDRICAL_SURFACE('',#7153,0.1);
#182=FACE_BOUND('',#917,.T.);
#183=FACE_BOUND('',#963,.T.);
#184=FACE_BOUND('',#1006,.T.);
#185=FACE_BOUND('',#1007,.T.);
#186=FACE_BOUND('',#1008,.T.);
#187=FACE_BOUND('',#1009,.T.);
#188=FACE_BOUND('',#1017,.T.);
#189=FACE_BOUND('',#1018,.T.);
#190=FACE_BOUND('',#1019,.T.);
#191=FACE_BOUND('',#1020,.T.);
#192=FACE_BOUND('',#1021,.T.);
#193=FACE_BOUND('',#1027,.T.);
#194=FACE_BOUND('',#1030,.T.);
#195=FACE_BOUND('',#1033,.T.);
#196=FACE_BOUND('',#1036,.T.);
#197=FACE_BOUND('',#1039,.T.);
#198=FACE_BOUND('',#1040,.T.);
#199=FACE_BOUND('',#1041,.T.);
#200=FACE_BOUND('',#1049,.T.);
#201=FACE_BOUND('',#1050,.T.);
#202=FACE_BOUND('',#1051,.T.);
#203=FACE_BOUND('',#1056,.T.);
#204=FACE_BOUND('',#1057,.T.);
#205=FACE_BOUND('',#1058,.T.);
#206=FACE_BOUND('',#1121,.T.);
#207=FACE_BOUND('',#1124,.T.);
#208=FACE_BOUND('',#1127,.T.);
#209=FACE_BOUND('',#1130,.T.);
#210=FACE_BOUND('',#1153,.T.);
#211=FACE_BOUND('',#1156,.T.);
#212=FACE_BOUND('',#1159,.T.);
#213=FACE_BOUND('',#1162,.T.);
#214=FACE_BOUND('',#1165,.T.);
#215=FACE_BOUND('',#1167,.T.);
#216=FACE_BOUND('',#1168,.T.);
#217=FACE_BOUND('',#1169,.T.);
#218=FACE_BOUND('',#1170,.T.);
#219=FACE_BOUND('',#1171,.T.);
#220=FACE_BOUND('',#1182,.T.);
#221=FACE_BOUND('',#1183,.T.);
#222=FACE_BOUND('',#1184,.T.);
#223=FACE_BOUND('',#1185,.T.);
#224=FACE_BOUND('',#1186,.T.);
#225=FACE_BOUND('',#1237,.T.);
#226=FACE_BOUND('',#1238,.T.);
#227=FACE_BOUND('',#1239,.T.);
#228=FACE_BOUND('',#1240,.T.);
#229=FACE_BOUND('',#1241,.T.);
#230=FACE_BOUND('',#1257,.T.);
#231=FACE_BOUND('',#1258,.T.);
#232=FACE_BOUND('',#1259,.T.);
#233=FACE_BOUND('',#1260,.T.);
#234=FACE_BOUND('',#1261,.T.);
#235=FACE_BOUND('',#1262,.T.);
#236=FACE_BOUND('',#1263,.T.);
#237=FACE_BOUND('',#1264,.T.);
#238=FACE_BOUND('',#1265,.T.);
#239=FACE_BOUND('',#1272,.T.);
#240=FACE_BOUND('',#1273,.T.);
#241=FACE_BOUND('',#1274,.T.);
#242=FACE_BOUND('',#1275,.T.);
#243=FACE_BOUND('',#1276,.T.);
#244=FACE_BOUND('',#1277,.T.);
#245=FACE_BOUND('',#1278,.T.);
#246=FACE_BOUND('',#1279,.T.);
#247=FACE_BOUND('',#1280,.T.);
#248=CIRCLE('',#6498,0.02);
#249=CIRCLE('',#6499,0.02);
#250=CIRCLE('',#6500,0.02);
#251=CIRCLE('',#6501,0.02);
#252=CIRCLE('',#6502,0.2);
#253=CIRCLE('',#6503,0.2);
#254=CIRCLE('',#6504,0.2);
#255=CIRCLE('',#6505,0.2);
#256=CIRCLE('',#6512,0.27);
#257=CIRCLE('',#6514,0.27);
#258=CIRCLE('',#6515,0.27);
#259=CIRCLE('',#6517,0.27);
#260=CIRCLE('',#6519,0.27);
#261=CIRCLE('',#6521,0.27);
#262=CIRCLE('',#6522,0.27);
#263=CIRCLE('',#6524,0.27);
#264=CIRCLE('',#6526,0.2);
#265=CIRCLE('',#6527,0.2);
#266=CIRCLE('',#6529,0.04);
#267=CIRCLE('',#6530,0.0399999999999998);
#268=CIRCLE('',#6531,0.2);
#269=CIRCLE('',#6532,0.2);
#270=CIRCLE('',#6535,0.2);
#271=CIRCLE('',#6538,0.2);
#272=CIRCLE('',#6539,0.04);
#273=CIRCLE('',#6540,0.04);
#274=CIRCLE('',#6544,0.04);
#275=CIRCLE('',#6547,0.04);
#276=CIRCLE('',#6552,0.02);
#277=CIRCLE('',#6553,0.02);
#278=CIRCLE('',#6554,0.02);
#279=CIRCLE('',#6555,0.0199999999999999);
#280=CIRCLE('',#6563,0.0199999999999999);
#281=CIRCLE('',#6566,0.02);
#282=CIRCLE('',#6570,0.2);
#283=CIRCLE('',#6571,0.2);
#284=CIRCLE('',#6574,0.2);
#285=CIRCLE('',#6575,0.2);
#286=CIRCLE('',#6578,0.2);
#287=CIRCLE('',#6579,0.2);
#288=CIRCLE('',#6582,0.2);
#289=CIRCLE('',#6583,0.2);
#290=CIRCLE('',#6585,0.0399999999999998);
#291=CIRCLE('',#6586,0.04);
#292=CIRCLE('',#6592,0.02);
#293=CIRCLE('',#6595,0.02);
#294=CIRCLE('',#6598,0.02);
#295=CIRCLE('',#6601,0.02);
#296=CIRCLE('',#6604,0.02);
#297=CIRCLE('',#6607,0.02);
#298=CIRCLE('',#6609,0.525);
#299=CIRCLE('',#6610,0.525);
#300=CIRCLE('',#6612,0.525);
#301=CIRCLE('',#6613,0.525);
#302=CIRCLE('',#6615,0.525);
#303=CIRCLE('',#6616,0.525);
#304=CIRCLE('',#6618,0.2);
#305=CIRCLE('',#6619,0.2);
#306=CIRCLE('',#6622,0.2);
#307=CIRCLE('',#6623,0.2);
#308=CIRCLE('',#6626,0.2);
#309=CIRCLE('',#6627,0.2);
#310=CIRCLE('',#6630,0.2);
#311=CIRCLE('',#6631,0.2);
#312=CIRCLE('',#6634,0.2);
#313=CIRCLE('',#6635,0.2);
#314=CIRCLE('',#6638,0.2);
#315=CIRCLE('',#6639,0.2);
#316=CIRCLE('',#6642,0.2);
#317=CIRCLE('',#6643,0.2);
#318=CIRCLE('',#6646,0.2);
#319=CIRCLE('',#6647,0.2);
#320=CIRCLE('',#6656,0.45);
#321=CIRCLE('',#6657,0.45);
#322=CIRCLE('',#6659,0.25);
#323=CIRCLE('',#6660,0.45);
#324=CIRCLE('',#6661,0.45);
#325=CIRCLE('',#6662,0.25);
#326=CIRCLE('',#6663,0.25);
#327=CIRCLE('',#6664,0.45);
#328=CIRCLE('',#6665,0.25);
#329=CIRCLE('',#6666,0.45);
#330=CIRCLE('',#6667,0.45);
#331=CIRCLE('',#6668,0.45);
#332=CIRCLE('',#6669,0.45);
#333=CIRCLE('',#6672,0.45);
#334=CIRCLE('',#6676,0.45);
#335=CIRCLE('',#6679,0.5);
#336=CIRCLE('',#6680,0.5);
#337=CIRCLE('',#6681,0.5);
#338=CIRCLE('',#6682,0.5);
#339=CIRCLE('',#6683,0.45);
#340=CIRCLE('',#6684,0.25);
#341=CIRCLE('',#6685,0.25);
#342=CIRCLE('',#6686,0.25);
#343=CIRCLE('',#6687,0.25);
#344=CIRCLE('',#6692,0.45);
#345=CIRCLE('',#6695,0.45);
#346=CIRCLE('',#6698,0.45);
#347=CIRCLE('',#6701,0.45);
#348=CIRCLE('',#6711,0.5);
#349=CIRCLE('',#6714,0.5);
#350=CIRCLE('',#6717,0.5);
#351=CIRCLE('',#6720,0.5);
#352=CIRCLE('',#6724,0.5);
#353=CIRCLE('',#6725,0.5);
#354=CIRCLE('',#6726,0.5);
#355=CIRCLE('',#6727,0.5);
#356=CIRCLE('',#6728,0.5);
#357=CIRCLE('',#6730,0.5);
#358=CIRCLE('',#6731,0.5);
#359=CIRCLE('',#6732,0.5);
#360=CIRCLE('',#6733,0.5);
#361=CIRCLE('',#6734,0.5);
#362=CIRCLE('',#6736,0.5);
#363=CIRCLE('',#6737,0.5);
#364=CIRCLE('',#6738,0.5);
#365=CIRCLE('',#6739,0.5);
#366=CIRCLE('',#6740,0.5);
#367=CIRCLE('',#6742,0.5);
#368=CIRCLE('',#6743,0.5);
#369=CIRCLE('',#6744,0.5);
#370=CIRCLE('',#6745,0.5);
#371=CIRCLE('',#6746,0.5);
#372=CIRCLE('',#6754,0.45);
#373=CIRCLE('',#6756,0.45);
#374=CIRCLE('',#6759,0.5);
#375=CIRCLE('',#6761,0.5);
#376=CIRCLE('',#6764,0.45);
#377=CIRCLE('',#6766,0.399999999999999);
#378=CIRCLE('',#6767,0.0999999999999996);
#379=CIRCLE('',#6768,0.1);
#380=CIRCLE('',#6769,0.4);
#381=CIRCLE('',#6770,0.25);
#382=CIRCLE('',#6771,0.25);
#383=CIRCLE('',#6773,0.45);
#384=CIRCLE('',#6776,0.5);
#385=CIRCLE('',#6778,0.199999999999999);
#386=CIRCLE('',#6779,0.2);
#387=CIRCLE('',#6780,0.1);
#388=CIRCLE('',#6781,0.1);
#389=CIRCLE('',#6782,0.0999999999999996);
#390=CIRCLE('',#6783,0.0999999999999996);
#391=CIRCLE('',#6785,0.5);
#392=CIRCLE('',#6789,0.1);
#393=CIRCLE('',#6791,0.45);
#394=CIRCLE('',#6793,0.45);
#395=CIRCLE('',#6795,0.45);
#396=CIRCLE('',#6797,0.45);
#397=CIRCLE('',#6800,0.1);
#398=CIRCLE('',#6801,0.1);
#399=CIRCLE('',#6802,0.1);
#400=CIRCLE('',#6805,0.0999999999999996);
#401=CIRCLE('',#6809,0.0999999999999996);
#402=CIRCLE('',#6810,0.0999999999999996);
#403=CIRCLE('',#6811,0.0999999999999996);
#404=CIRCLE('',#6814,0.45);
#405=CIRCLE('',#6815,0.45);
#406=CIRCLE('',#6816,0.45);
#407=CIRCLE('',#6817,0.45);
#408=CIRCLE('',#6819,0.45);
#409=CIRCLE('',#6820,0.45);
#410=CIRCLE('',#6821,0.45);
#411=CIRCLE('',#6822,0.45);
#412=CIRCLE('',#6824,0.1);
#413=CIRCLE('',#6825,0.4);
#414=CIRCLE('',#6829,0.45);
#415=CIRCLE('',#6830,0.45);
#416=CIRCLE('',#6831,0.45);
#417=CIRCLE('',#6832,0.45);
#418=CIRCLE('',#6834,0.45);
#419=CIRCLE('',#6835,0.45);
#420=CIRCLE('',#6836,0.45);
#421=CIRCLE('',#6837,0.45);
#422=CIRCLE('',#6839,0.4);
#423=CIRCLE('',#6840,0.4);
#424=CIRCLE('',#6842,0.1);
#425=CIRCLE('',#6844,0.199999999999999);
#426=CIRCLE('',#6845,0.2);
#427=CIRCLE('',#6846,0.1);
#428=CIRCLE('',#6847,0.0999999999999996);
#429=CIRCLE('',#6851,0.2);
#430=CIRCLE('',#6852,0.2);
#431=CIRCLE('',#6855,0.2);
#432=CIRCLE('',#6856,0.2);
#433=CIRCLE('',#6859,0.2);
#434=CIRCLE('',#6860,0.2);
#435=CIRCLE('',#6863,0.2);
#436=CIRCLE('',#6864,0.2);
#437=CIRCLE('',#6867,0.32);
#438=CIRCLE('',#6868,0.32);
#439=CIRCLE('',#6870,0.17);
#440=CIRCLE('',#6872,0.32);
#441=CIRCLE('',#6873,0.32);
#442=CIRCLE('',#6875,0.17);
#443=CIRCLE('',#6877,0.32);
#444=CIRCLE('',#6878,0.32);
#445=CIRCLE('',#6880,0.17);
#446=CIRCLE('',#6882,0.32);
#447=CIRCLE('',#6883,0.32);
#448=CIRCLE('',#6885,0.17);
#449=CIRCLE('',#6887,0.17);
#450=CIRCLE('',#6889,0.17);
#451=CIRCLE('',#6891,0.17);
#452=CIRCLE('',#6893,0.17);
#453=CIRCLE('',#6894,0.1);
#454=CIRCLE('',#6895,0.1);
#455=CIRCLE('',#6896,0.1);
#456=CIRCLE('',#6897,0.1);
#457=CIRCLE('',#6900,0.1);
#458=CIRCLE('',#6903,0.1);
#459=CIRCLE('',#6906,0.1);
#460=CIRCLE('',#6909,0.1);
#461=CIRCLE('',#6912,0.15);
#462=CIRCLE('',#6913,0.15);
#463=CIRCLE('',#6916,0.15);
#464=CIRCLE('',#6917,0.15);
#465=CIRCLE('',#6920,0.15);
#466=CIRCLE('',#6921,0.15);
#467=CIRCLE('',#6924,0.15);
#468=CIRCLE('',#6925,0.15);
#469=CIRCLE('',#6928,0.45);
#470=CIRCLE('',#6929,0.45);
#471=CIRCLE('',#6932,0.45);
#472=CIRCLE('',#6933,0.45);
#473=CIRCLE('',#6936,0.45);
#474=CIRCLE('',#6937,0.45);
#475=CIRCLE('',#6940,0.45);
#476=CIRCLE('',#6941,0.45);
#477=CIRCLE('',#6944,0.5);
#478=CIRCLE('',#6945,0.5);
#479=CIRCLE('',#6946,0.5);
#480=CIRCLE('',#6947,0.5);
#481=CIRCLE('',#6948,0.5);
#482=CIRCLE('',#6949,0.5);
#483=CIRCLE('',#6950,0.5);
#484=CIRCLE('',#6951,0.5);
#485=CIRCLE('',#6952,0.2);
#486=CIRCLE('',#6953,0.199999999999999);
#487=CIRCLE('',#6954,0.5);
#488=CIRCLE('',#6955,0.5);
#489=CIRCLE('',#6956,0.5);
#490=CIRCLE('',#6957,0.5);
#491=CIRCLE('',#6958,0.2);
#492=CIRCLE('',#6959,0.199999999999999);
#493=CIRCLE('',#6965,0.399999999999999);
#494=CIRCLE('',#6966,0.25);
#495=CIRCLE('',#6967,0.25);
#496=CIRCLE('',#6973,0.25);
#497=CIRCLE('',#6974,0.25);
#498=CIRCLE('',#6975,0.25);
#499=CIRCLE('',#6976,0.25);
#500=CIRCLE('',#6982,0.5);
#501=CIRCLE('',#6984,0.5);
#502=CIRCLE('',#6988,0.5);
#503=CIRCLE('',#6990,0.5);
#504=CIRCLE('',#7000,0.0999999999999996);
#505=CIRCLE('',#7005,0.0999999999999996);
#506=CIRCLE('',#7013,0.399999999999999);
#507=CIRCLE('',#7015,0.399999999999999);
#508=CIRCLE('',#7021,0.5);
#509=CIRCLE('',#7024,0.5);
#510=CIRCLE('',#7033,0.5);
#511=CIRCLE('',#7036,0.5);
#512=CIRCLE('',#7041,0.17);
#513=CIRCLE('',#7042,0.17);
#514=CIRCLE('',#7044,0.17);
#515=CIRCLE('',#7045,0.17);
#516=CIRCLE('',#7047,0.17);
#517=CIRCLE('',#7048,0.17);
#518=CIRCLE('',#7050,0.17);
#519=CIRCLE('',#7051,0.17);
#520=CIRCLE('',#7053,0.14);
#521=CIRCLE('',#7054,0.14);
#522=CIRCLE('',#7056,0.14);
#523=CIRCLE('',#7057,0.14);
#524=CIRCLE('',#7059,0.14);
#525=CIRCLE('',#7060,0.14);
#526=CIRCLE('',#7062,0.14);
#527=CIRCLE('',#7063,0.14);
#528=CIRCLE('',#7065,0.5);
#529=CIRCLE('',#7066,0.5);
#530=CIRCLE('',#7068,0.5);
#531=CIRCLE('',#7069,0.5);
#532=CIRCLE('',#7071,0.5);
#533=CIRCLE('',#7072,0.5);
#534=CIRCLE('',#7074,0.5);
#535=CIRCLE('',#7075,0.5);
#536=CIRCLE('',#7079,0.45);
#537=CIRCLE('',#7080,0.0999999999999996);
#538=CIRCLE('',#7081,0.1);
#539=CIRCLE('',#7082,0.45);
#540=CIRCLE('',#7083,0.45);
#541=CIRCLE('',#7084,0.0999999999999996);
#542=CIRCLE('',#7085,0.1);
#543=CIRCLE('',#7086,0.45);
#544=CIRCLE('',#7087,0.04);
#545=CIRCLE('',#7088,0.04);
#546=CIRCLE('',#7089,0.32);
#547=CIRCLE('',#7090,0.32);
#548=CIRCLE('',#7091,0.04);
#549=CIRCLE('',#7092,0.04);
#550=CIRCLE('',#7093,0.32);
#551=CIRCLE('',#7094,0.32);
#552=CIRCLE('',#7099,0.45);
#553=CIRCLE('',#7102,0.1);
#554=CIRCLE('',#7103,0.0999999999999996);
#555=CIRCLE('',#7104,0.45);
#556=CIRCLE('',#7105,0.45);
#557=CIRCLE('',#7106,0.1);
#558=CIRCLE('',#7107,0.0999999999999996);
#559=CIRCLE('',#7108,0.45);
#560=CIRCLE('',#7109,0.32);
#561=CIRCLE('',#7110,0.04);
#562=CIRCLE('',#7111,0.04);
#563=CIRCLE('',#7112,0.32);
#564=CIRCLE('',#7113,0.32);
#565=CIRCLE('',#7114,0.04);
#566=CIRCLE('',#7115,0.04);
#567=CIRCLE('',#7116,0.32);
#568=FACE_OUTER_BOUND('',#910,.T.);
#569=FACE_OUTER_BOUND('',#911,.T.);
#570=FACE_OUTER_BOUND('',#912,.T.);
#571=FACE_OUTER_BOUND('',#913,.T.);
#572=FACE_OUTER_BOUND('',#914,.T.);
#573=FACE_OUTER_BOUND('',#915,.T.);
#574=FACE_OUTER_BOUND('',#916,.T.);
#575=FACE_OUTER_BOUND('',#918,.T.);
#576=FACE_OUTER_BOUND('',#919,.T.);
#577=FACE_OUTER_BOUND('',#920,.T.);
#578=FACE_OUTER_BOUND('',#921,.T.);
#579=FACE_OUTER_BOUND('',#922,.T.);
#580=FACE_OUTER_BOUND('',#923,.T.);
#581=FACE_OUTER_BOUND('',#924,.T.);
#582=FACE_OUTER_BOUND('',#925,.T.);
#583=FACE_OUTER_BOUND('',#926,.T.);
#584=FACE_OUTER_BOUND('',#927,.T.);
#585=FACE_OUTER_BOUND('',#928,.T.);
#586=FACE_OUTER_BOUND('',#929,.T.);
#587=FACE_OUTER_BOUND('',#930,.T.);
#588=FACE_OUTER_BOUND('',#931,.T.);
#589=FACE_OUTER_BOUND('',#932,.T.);
#590=FACE_OUTER_BOUND('',#933,.T.);
#591=FACE_OUTER_BOUND('',#934,.T.);
#592=FACE_OUTER_BOUND('',#935,.T.);
#593=FACE_OUTER_BOUND('',#936,.T.);
#594=FACE_OUTER_BOUND('',#937,.T.);
#595=FACE_OUTER_BOUND('',#938,.T.);
#596=FACE_OUTER_BOUND('',#939,.T.);
#597=FACE_OUTER_BOUND('',#940,.T.);
#598=FACE_OUTER_BOUND('',#941,.T.);
#599=FACE_OUTER_BOUND('',#942,.T.);
#600=FACE_OUTER_BOUND('',#943,.T.);
#601=FACE_OUTER_BOUND('',#944,.T.);
#602=FACE_OUTER_BOUND('',#945,.T.);
#603=FACE_OUTER_BOUND('',#946,.T.);
#604=FACE_OUTER_BOUND('',#947,.T.);
#605=FACE_OUTER_BOUND('',#948,.T.);
#606=FACE_OUTER_BOUND('',#949,.T.);
#607=FACE_OUTER_BOUND('',#950,.T.);
#608=FACE_OUTER_BOUND('',#951,.T.);
#609=FACE_OUTER_BOUND('',#952,.T.);
#610=FACE_OUTER_BOUND('',#953,.T.);
#611=FACE_OUTER_BOUND('',#954,.T.);
#612=FACE_OUTER_BOUND('',#955,.T.);
#613=FACE_OUTER_BOUND('',#956,.T.);
#614=FACE_OUTER_BOUND('',#957,.T.);
#615=FACE_OUTER_BOUND('',#958,.T.);
#616=FACE_OUTER_BOUND('',#959,.T.);
#617=FACE_OUTER_BOUND('',#960,.T.);
#618=FACE_OUTER_BOUND('',#961,.T.);
#619=FACE_OUTER_BOUND('',#962,.T.);
#620=FACE_OUTER_BOUND('',#964,.T.);
#621=FACE_OUTER_BOUND('',#965,.T.);
#622=FACE_OUTER_BOUND('',#966,.T.);
#623=FACE_OUTER_BOUND('',#967,.T.);
#624=FACE_OUTER_BOUND('',#968,.T.);
#625=FACE_OUTER_BOUND('',#969,.T.);
#626=FACE_OUTER_BOUND('',#970,.T.);
#627=FACE_OUTER_BOUND('',#971,.T.);
#628=FACE_OUTER_BOUND('',#972,.T.);
#629=FACE_OUTER_BOUND('',#973,.T.);
#630=FACE_OUTER_BOUND('',#974,.T.);
#631=FACE_OUTER_BOUND('',#975,.T.);
#632=FACE_OUTER_BOUND('',#976,.T.);
#633=FACE_OUTER_BOUND('',#977,.T.);
#634=FACE_OUTER_BOUND('',#978,.T.);
#635=FACE_OUTER_BOUND('',#979,.T.);
#636=FACE_OUTER_BOUND('',#980,.T.);
#637=FACE_OUTER_BOUND('',#981,.T.);
#638=FACE_OUTER_BOUND('',#982,.T.);
#639=FACE_OUTER_BOUND('',#983,.T.);
#640=FACE_OUTER_BOUND('',#984,.T.);
#641=FACE_OUTER_BOUND('',#985,.T.);
#642=FACE_OUTER_BOUND('',#986,.T.);
#643=FACE_OUTER_BOUND('',#987,.T.);
#644=FACE_OUTER_BOUND('',#988,.T.);
#645=FACE_OUTER_BOUND('',#989,.T.);
#646=FACE_OUTER_BOUND('',#990,.T.);
#647=FACE_OUTER_BOUND('',#991,.T.);
#648=FACE_OUTER_BOUND('',#992,.T.);
#649=FACE_OUTER_BOUND('',#993,.T.);
#650=FACE_OUTER_BOUND('',#994,.T.);
#651=FACE_OUTER_BOUND('',#995,.T.);
#652=FACE_OUTER_BOUND('',#996,.T.);
#653=FACE_OUTER_BOUND('',#997,.T.);
#654=FACE_OUTER_BOUND('',#998,.T.);
#655=FACE_OUTER_BOUND('',#999,.T.);
#656=FACE_OUTER_BOUND('',#1000,.T.);
#657=FACE_OUTER_BOUND('',#1001,.T.);
#658=FACE_OUTER_BOUND('',#1002,.T.);
#659=FACE_OUTER_BOUND('',#1003,.T.);
#660=FACE_OUTER_BOUND('',#1004,.T.);
#661=FACE_OUTER_BOUND('',#1005,.T.);
#662=FACE_OUTER_BOUND('',#1010,.T.);
#663=FACE_OUTER_BOUND('',#1011,.T.);
#664=FACE_OUTER_BOUND('',#1012,.T.);
#665=FACE_OUTER_BOUND('',#1013,.T.);
#666=FACE_OUTER_BOUND('',#1014,.T.);
#667=FACE_OUTER_BOUND('',#1015,.T.);
#668=FACE_OUTER_BOUND('',#1016,.T.);
#669=FACE_OUTER_BOUND('',#1022,.T.);
#670=FACE_OUTER_BOUND('',#1023,.T.);
#671=FACE_OUTER_BOUND('',#1024,.T.);
#672=FACE_OUTER_BOUND('',#1025,.T.);
#673=FACE_OUTER_BOUND('',#1026,.T.);
#674=FACE_OUTER_BOUND('',#1028,.T.);
#675=FACE_OUTER_BOUND('',#1029,.T.);
#676=FACE_OUTER_BOUND('',#1031,.T.);
#677=FACE_OUTER_BOUND('',#1032,.T.);
#678=FACE_OUTER_BOUND('',#1034,.T.);
#679=FACE_OUTER_BOUND('',#1035,.T.);
#680=FACE_OUTER_BOUND('',#1037,.T.);
#681=FACE_OUTER_BOUND('',#1038,.T.);
#682=FACE_OUTER_BOUND('',#1042,.T.);
#683=FACE_OUTER_BOUND('',#1043,.T.);
#684=FACE_OUTER_BOUND('',#1044,.T.);
#685=FACE_OUTER_BOUND('',#1045,.T.);
#686=FACE_OUTER_BOUND('',#1046,.T.);
#687=FACE_OUTER_BOUND('',#1047,.T.);
#688=FACE_OUTER_BOUND('',#1048,.T.);
#689=FACE_OUTER_BOUND('',#1052,.T.);
#690=FACE_OUTER_BOUND('',#1053,.T.);
#691=FACE_OUTER_BOUND('',#1054,.T.);
#692=FACE_OUTER_BOUND('',#1055,.T.);
#693=FACE_OUTER_BOUND('',#1059,.T.);
#694=FACE_OUTER_BOUND('',#1060,.T.);
#695=FACE_OUTER_BOUND('',#1061,.T.);
#696=FACE_OUTER_BOUND('',#1062,.T.);
#697=FACE_OUTER_BOUND('',#1063,.T.);
#698=FACE_OUTER_BOUND('',#1064,.T.);
#699=FACE_OUTER_BOUND('',#1065,.T.);
#700=FACE_OUTER_BOUND('',#1066,.T.);
#701=FACE_OUTER_BOUND('',#1067,.T.);
#702=FACE_OUTER_BOUND('',#1068,.T.);
#703=FACE_OUTER_BOUND('',#1069,.T.);
#704=FACE_OUTER_BOUND('',#1070,.T.);
#705=FACE_OUTER_BOUND('',#1071,.T.);
#706=FACE_OUTER_BOUND('',#1072,.T.);
#707=FACE_OUTER_BOUND('',#1073,.T.);
#708=FACE_OUTER_BOUND('',#1074,.T.);
#709=FACE_OUTER_BOUND('',#1075,.T.);
#710=FACE_OUTER_BOUND('',#1076,.T.);
#711=FACE_OUTER_BOUND('',#1077,.T.);
#712=FACE_OUTER_BOUND('',#1078,.T.);
#713=FACE_OUTER_BOUND('',#1079,.T.);
#714=FACE_OUTER_BOUND('',#1080,.T.);
#715=FACE_OUTER_BOUND('',#1081,.T.);
#716=FACE_OUTER_BOUND('',#1082,.T.);
#717=FACE_OUTER_BOUND('',#1083,.T.);
#718=FACE_OUTER_BOUND('',#1084,.T.);
#719=FACE_OUTER_BOUND('',#1085,.T.);
#720=FACE_OUTER_BOUND('',#1086,.T.);
#721=FACE_OUTER_BOUND('',#1087,.T.);
#722=FACE_OUTER_BOUND('',#1088,.T.);
#723=FACE_OUTER_BOUND('',#1089,.T.);
#724=FACE_OUTER_BOUND('',#1090,.T.);
#725=FACE_OUTER_BOUND('',#1091,.T.);
#726=FACE_OUTER_BOUND('',#1092,.T.);
#727=FACE_OUTER_BOUND('',#1093,.T.);
#728=FACE_OUTER_BOUND('',#1094,.T.);
#729=FACE_OUTER_BOUND('',#1095,.T.);
#730=FACE_OUTER_BOUND('',#1096,.T.);
#731=FACE_OUTER_BOUND('',#1097,.T.);
#732=FACE_OUTER_BOUND('',#1098,.T.);
#733=FACE_OUTER_BOUND('',#1099,.T.);
#734=FACE_OUTER_BOUND('',#1100,.T.);
#735=FACE_OUTER_BOUND('',#1101,.T.);
#736=FACE_OUTER_BOUND('',#1102,.T.);
#737=FACE_OUTER_BOUND('',#1103,.T.);
#738=FACE_OUTER_BOUND('',#1104,.T.);
#739=FACE_OUTER_BOUND('',#1105,.T.);
#740=FACE_OUTER_BOUND('',#1106,.T.);
#741=FACE_OUTER_BOUND('',#1107,.T.);
#742=FACE_OUTER_BOUND('',#1108,.T.);
#743=FACE_OUTER_BOUND('',#1109,.T.);
#744=FACE_OUTER_BOUND('',#1110,.T.);
#745=FACE_OUTER_BOUND('',#1111,.T.);
#746=FACE_OUTER_BOUND('',#1112,.T.);
#747=FACE_OUTER_BOUND('',#1113,.T.);
#748=FACE_OUTER_BOUND('',#1114,.T.);
#749=FACE_OUTER_BOUND('',#1115,.T.);
#750=FACE_OUTER_BOUND('',#1116,.T.);
#751=FACE_OUTER_BOUND('',#1117,.T.);
#752=FACE_OUTER_BOUND('',#1118,.T.);
#753=FACE_OUTER_BOUND('',#1119,.T.);
#754=FACE_OUTER_BOUND('',#1120,.T.);
#755=FACE_OUTER_BOUND('',#1122,.T.);
#756=FACE_OUTER_BOUND('',#1123,.T.);
#757=FACE_OUTER_BOUND('',#1125,.T.);
#758=FACE_OUTER_BOUND('',#1126,.T.);
#759=FACE_OUTER_BOUND('',#1128,.T.);
#760=FACE_OUTER_BOUND('',#1129,.T.);
#761=FACE_OUTER_BOUND('',#1131,.T.);
#762=FACE_OUTER_BOUND('',#1132,.T.);
#763=FACE_OUTER_BOUND('',#1133,.T.);
#764=FACE_OUTER_BOUND('',#1134,.T.);
#765=FACE_OUTER_BOUND('',#1135,.T.);
#766=FACE_OUTER_BOUND('',#1136,.T.);
#767=FACE_OUTER_BOUND('',#1137,.T.);
#768=FACE_OUTER_BOUND('',#1138,.T.);
#769=FACE_OUTER_BOUND('',#1139,.T.);
#770=FACE_OUTER_BOUND('',#1140,.T.);
#771=FACE_OUTER_BOUND('',#1141,.T.);
#772=FACE_OUTER_BOUND('',#1142,.T.);
#773=FACE_OUTER_BOUND('',#1143,.T.);
#774=FACE_OUTER_BOUND('',#1144,.T.);
#775=FACE_OUTER_BOUND('',#1145,.T.);
#776=FACE_OUTER_BOUND('',#1146,.T.);
#777=FACE_OUTER_BOUND('',#1147,.T.);
#778=FACE_OUTER_BOUND('',#1148,.T.);
#779=FACE_OUTER_BOUND('',#1149,.T.);
#780=FACE_OUTER_BOUND('',#1150,.T.);
#781=FACE_OUTER_BOUND('',#1151,.T.);
#782=FACE_OUTER_BOUND('',#1152,.T.);
#783=FACE_OUTER_BOUND('',#1154,.T.);
#784=FACE_OUTER_BOUND('',#1155,.T.);
#785=FACE_OUTER_BOUND('',#1157,.T.);
#786=FACE_OUTER_BOUND('',#1158,.T.);
#787=FACE_OUTER_BOUND('',#1160,.T.);
#788=FACE_OUTER_BOUND('',#1161,.T.);
#789=FACE_OUTER_BOUND('',#1163,.T.);
#790=FACE_OUTER_BOUND('',#1164,.T.);
#791=FACE_OUTER_BOUND('',#1166,.T.);
#792=FACE_OUTER_BOUND('',#1172,.T.);
#793=FACE_OUTER_BOUND('',#1173,.T.);
#794=FACE_OUTER_BOUND('',#1174,.T.);
#795=FACE_OUTER_BOUND('',#1175,.T.);
#796=FACE_OUTER_BOUND('',#1176,.T.);
#797=FACE_OUTER_BOUND('',#1177,.T.);
#798=FACE_OUTER_BOUND('',#1178,.T.);
#799=FACE_OUTER_BOUND('',#1179,.T.);
#800=FACE_OUTER_BOUND('',#1180,.T.);
#801=FACE_OUTER_BOUND('',#1181,.T.);
#802=FACE_OUTER_BOUND('',#1187,.T.);
#803=FACE_OUTER_BOUND('',#1188,.T.);
#804=FACE_OUTER_BOUND('',#1189,.T.);
#805=FACE_OUTER_BOUND('',#1190,.T.);
#806=FACE_OUTER_BOUND('',#1191,.T.);
#807=FACE_OUTER_BOUND('',#1192,.T.);
#808=FACE_OUTER_BOUND('',#1193,.T.);
#809=FACE_OUTER_BOUND('',#1194,.T.);
#810=FACE_OUTER_BOUND('',#1195,.T.);
#811=FACE_OUTER_BOUND('',#1196,.T.);
#812=FACE_OUTER_BOUND('',#1197,.T.);
#813=FACE_OUTER_BOUND('',#1198,.T.);
#814=FACE_OUTER_BOUND('',#1199,.T.);
#815=FACE_OUTER_BOUND('',#1200,.T.);
#816=FACE_OUTER_BOUND('',#1201,.T.);
#817=FACE_OUTER_BOUND('',#1202,.T.);
#818=FACE_OUTER_BOUND('',#1203,.T.);
#819=FACE_OUTER_BOUND('',#1204,.T.);
#820=FACE_OUTER_BOUND('',#1205,.T.);
#821=FACE_OUTER_BOUND('',#1206,.T.);
#822=FACE_OUTER_BOUND('',#1207,.T.);
#823=FACE_OUTER_BOUND('',#1208,.T.);
#824=FACE_OUTER_BOUND('',#1209,.T.);
#825=FACE_OUTER_BOUND('',#1210,.T.);
#826=FACE_OUTER_BOUND('',#1211,.T.);
#827=FACE_OUTER_BOUND('',#1212,.T.);
#828=FACE_OUTER_BOUND('',#1213,.T.);
#829=FACE_OUTER_BOUND('',#1214,.T.);
#830=FACE_OUTER_BOUND('',#1215,.T.);
#831=FACE_OUTER_BOUND('',#1216,.T.);
#832=FACE_OUTER_BOUND('',#1217,.T.);
#833=FACE_OUTER_BOUND('',#1218,.T.);
#834=FACE_OUTER_BOUND('',#1219,.T.);
#835=FACE_OUTER_BOUND('',#1220,.T.);
#836=FACE_OUTER_BOUND('',#1221,.T.);
#837=FACE_OUTER_BOUND('',#1222,.T.);
#838=FACE_OUTER_BOUND('',#1223,.T.);
#839=FACE_OUTER_BOUND('',#1224,.T.);
#840=FACE_OUTER_BOUND('',#1225,.T.);
#841=FACE_OUTER_BOUND('',#1226,.T.);
#842=FACE_OUTER_BOUND('',#1227,.T.);
#843=FACE_OUTER_BOUND('',#1228,.T.);
#844=FACE_OUTER_BOUND('',#1229,.T.);
#845=FACE_OUTER_BOUND('',#1230,.T.);
#846=FACE_OUTER_BOUND('',#1231,.T.);
#847=FACE_OUTER_BOUND('',#1232,.T.);
#848=FACE_OUTER_BOUND('',#1233,.T.);
#849=FACE_OUTER_BOUND('',#1234,.T.);
#850=FACE_OUTER_BOUND('',#1235,.T.);
#851=FACE_OUTER_BOUND('',#1236,.T.);
#852=FACE_OUTER_BOUND('',#1242,.T.);
#853=FACE_OUTER_BOUND('',#1243,.T.);
#854=FACE_OUTER_BOUND('',#1244,.T.);
#855=FACE_OUTER_BOUND('',#1245,.T.);
#856=FACE_OUTER_BOUND('',#1246,.T.);
#857=FACE_OUTER_BOUND('',#1247,.T.);
#858=FACE_OUTER_BOUND('',#1248,.T.);
#859=FACE_OUTER_BOUND('',#1249,.T.);
#860=FACE_OUTER_BOUND('',#1250,.T.);
#861=FACE_OUTER_BOUND('',#1251,.T.);
#862=FACE_OUTER_BOUND('',#1252,.T.);
#863=FACE_OUTER_BOUND('',#1253,.T.);
#864=FACE_OUTER_BOUND('',#1254,.T.);
#865=FACE_OUTER_BOUND('',#1255,.T.);
#866=FACE_OUTER_BOUND('',#1256,.T.);
#867=FACE_OUTER_BOUND('',#1266,.T.);
#868=FACE_OUTER_BOUND('',#1267,.T.);
#869=FACE_OUTER_BOUND('',#1268,.T.);
#870=FACE_OUTER_BOUND('',#1269,.T.);
#871=FACE_OUTER_BOUND('',#1270,.T.);
#872=FACE_OUTER_BOUND('',#1271,.T.);
#873=FACE_OUTER_BOUND('',#1281,.T.);
#874=FACE_OUTER_BOUND('',#1282,.T.);
#875=FACE_OUTER_BOUND('',#1283,.T.);
#876=FACE_OUTER_BOUND('',#1284,.T.);
#877=FACE_OUTER_BOUND('',#1285,.T.);
#878=FACE_OUTER_BOUND('',#1286,.T.);
#879=FACE_OUTER_BOUND('',#1287,.T.);
#880=FACE_OUTER_BOUND('',#1288,.T.);
#881=FACE_OUTER_BOUND('',#1289,.T.);
#882=FACE_OUTER_BOUND('',#1290,.T.);
#883=FACE_OUTER_BOUND('',#1291,.T.);
#884=FACE_OUTER_BOUND('',#1292,.T.);
#885=FACE_OUTER_BOUND('',#1293,.T.);
#886=FACE_OUTER_BOUND('',#1294,.T.);
#887=FACE_OUTER_BOUND('',#1295,.T.);
#888=FACE_OUTER_BOUND('',#1296,.T.);
#889=FACE_OUTER_BOUND('',#1297,.T.);
#890=FACE_OUTER_BOUND('',#1298,.T.);
#891=FACE_OUTER_BOUND('',#1299,.T.);
#892=FACE_OUTER_BOUND('',#1300,.T.);
#893=FACE_OUTER_BOUND('',#1301,.T.);
#894=FACE_OUTER_BOUND('',#1302,.T.);
#895=FACE_OUTER_BOUND('',#1303,.T.);
#896=FACE_OUTER_BOUND('',#1304,.T.);
#897=FACE_OUTER_BOUND('',#1305,.T.);
#898=FACE_OUTER_BOUND('',#1306,.T.);
#899=FACE_OUTER_BOUND('',#1307,.T.);
#900=FACE_OUTER_BOUND('',#1308,.T.);
#901=FACE_OUTER_BOUND('',#1309,.T.);
#902=FACE_OUTER_BOUND('',#1310,.T.);
#903=FACE_OUTER_BOUND('',#1311,.T.);
#904=FACE_OUTER_BOUND('',#1312,.T.);
#905=FACE_OUTER_BOUND('',#1313,.T.);
#906=FACE_OUTER_BOUND('',#1314,.T.);
#907=FACE_OUTER_BOUND('',#1315,.T.);
#908=FACE_OUTER_BOUND('',#1316,.T.);
#909=FACE_OUTER_BOUND('',#1317,.T.);
#910=EDGE_LOOP('',(#4062,#4063,#4064,#4065,#4066,#4067));
#911=EDGE_LOOP('',(#4068,#4069,#4070,#4071));
#912=EDGE_LOOP('',(#4072,#4073,#4074,#4075,#4076,#4077));
#913=EDGE_LOOP('',(#4078,#4079,#4080,#4081));
#914=EDGE_LOOP('',(#4082,#4083,#4084,#4085));
#915=EDGE_LOOP('',(#4086,#4087,#4088,#4089,#4090,#4091,#4092,#4093,#4094,
#4095,#4096,#4097));
#916=EDGE_LOOP('',(#4098,#4099,#4100,#4101,#4102,#4103,#4104,#4105,#4106,
#4107,#4108,#4109,#4110,#4111,#4112,#4113,#4114,#4115,#4116,#4117,#4118,
#4119,#4120,#4121));
#917=EDGE_LOOP('',(#4122,#4123,#4124,#4125,#4126,#4127,#4128,#4129));
#918=EDGE_LOOP('',(#4130,#4131,#4132,#4133,#4134,#4135));
#919=EDGE_LOOP('',(#4136,#4137,#4138,#4139));
#920=EDGE_LOOP('',(#4140,#4141,#4142,#4143,#4144,#4145));
#921=EDGE_LOOP('',(#4146,#4147,#4148,#4149));
#922=EDGE_LOOP('',(#4150,#4151,#4152,#4153));
#923=EDGE_LOOP('',(#4154,#4155));
#924=EDGE_LOOP('',(#4156,#4157,#4158,#4159,#4160));
#925=EDGE_LOOP('',(#4161,#4162,#4163,#4164));
#926=EDGE_LOOP('',(#4165,#4166));
#927=EDGE_LOOP('',(#4167,#4168,#4169,#4170,#4171));
#928=EDGE_LOOP('',(#4172,#4173,#4174,#4175));
#929=EDGE_LOOP('',(#4176,#4177,#4178,#4179,#4180,#4181,#4182));
#930=EDGE_LOOP('',(#4183,#4184,#4185,#4186,#4187,#4188,#4189,#4190,#4191,
#4192,#4193,#4194,#4195,#4196,#4197,#4198,#4199,#4200,#4201,#4202));
#931=EDGE_LOOP('',(#4203,#4204,#4205));
#932=EDGE_LOOP('',(#4206,#4207,#4208));
#933=EDGE_LOOP('',(#4209,#4210,#4211,#4212,#4213,#4214));
#934=EDGE_LOOP('',(#4215,#4216,#4217,#4218,#4219,#4220,#4221,#4222,#4223,
#4224,#4225,#4226));
#935=EDGE_LOOP('',(#4227,#4228,#4229,#4230,#4231,#4232));
#936=EDGE_LOOP('',(#4233,#4234,#4235,#4236,#4237,#4238,#4239,#4240));
#937=EDGE_LOOP('',(#4241,#4242,#4243,#4244));
#938=EDGE_LOOP('',(#4245,#4246,#4247,#4248));
#939=EDGE_LOOP('',(#4249,#4250,#4251,#4252));
#940=EDGE_LOOP('',(#4253,#4254,#4255,#4256,#4257,#4258));
#941=EDGE_LOOP('',(#4259,#4260,#4261,#4262));
#942=EDGE_LOOP('',(#4263,#4264,#4265,#4266,#4267,#4268));
#943=EDGE_LOOP('',(#4269,#4270,#4271,#4272,#4273,#4274,#4275,#4276,#4277,
#4278,#4279,#4280,#4281,#4282,#4283,#4284));
#944=EDGE_LOOP('',(#4285,#4286,#4287,#4288));
#945=EDGE_LOOP('',(#4289,#4290,#4291,#4292));
#946=EDGE_LOOP('',(#4293,#4294,#4295,#4296));
#947=EDGE_LOOP('',(#4297,#4298,#4299,#4300));
#948=EDGE_LOOP('',(#4301,#4302,#4303,#4304));
#949=EDGE_LOOP('',(#4305,#4306,#4307,#4308,#4309,#4310));
#950=EDGE_LOOP('',(#4311,#4312,#4313,#4314));
#951=EDGE_LOOP('',(#4315,#4316,#4317,#4318));
#952=EDGE_LOOP('',(#4319,#4320,#4321,#4322));
#953=EDGE_LOOP('',(#4323,#4324,#4325,#4326,#4327,#4328));
#954=EDGE_LOOP('',(#4329,#4330,#4331,#4332));
#955=EDGE_LOOP('',(#4333,#4334,#4335,#4336));
#956=EDGE_LOOP('',(#4337,#4338,#4339,#4340));
#957=EDGE_LOOP('',(#4341,#4342,#4343,#4344));
#958=EDGE_LOOP('',(#4345,#4346,#4347,#4348));
#959=EDGE_LOOP('',(#4349,#4350,#4351,#4352));
#960=EDGE_LOOP('',(#4353,#4354,#4355,#4356));
#961=EDGE_LOOP('',(#4357,#4358,#4359,#4360));
#962=EDGE_LOOP('',(#4361,#4362,#4363,#4364,#4365,#4366,#4367,#4368));
#963=EDGE_LOOP('',(#4369,#4370,#4371,#4372,#4373,#4374,#4375,#4376));
#964=EDGE_LOOP('',(#4377,#4378,#4379,#4380,#4381,#4382));
#965=EDGE_LOOP('',(#4383,#4384,#4385,#4386));
#966=EDGE_LOOP('',(#4387,#4388,#4389,#4390));
#967=EDGE_LOOP('',(#4391,#4392,#4393,#4394));
#968=EDGE_LOOP('',(#4395,#4396,#4397,#4398));
#969=EDGE_LOOP('',(#4399,#4400,#4401,#4402));
#970=EDGE_LOOP('',(#4403,#4404,#4405,#4406));
#971=EDGE_LOOP('',(#4407,#4408,#4409,#4410,#4411,#4412));
#972=EDGE_LOOP('',(#4413,#4414,#4415,#4416));
#973=EDGE_LOOP('',(#4417,#4418,#4419,#4420));
#974=EDGE_LOOP('',(#4421,#4422,#4423,#4424));
#975=EDGE_LOOP('',(#4425,#4426,#4427,#4428,#4429,#4430));
#976=EDGE_LOOP('',(#4431,#4432,#4433,#4434));
#977=EDGE_LOOP('',(#4435,#4436,#4437,#4438));
#978=EDGE_LOOP('',(#4439,#4440,#4441,#4442));
#979=EDGE_LOOP('',(#4443,#4444,#4445,#4446));
#980=EDGE_LOOP('',(#4447,#4448,#4449,#4450));
#981=EDGE_LOOP('',(#4451,#4452,#4453,#4454));
#982=EDGE_LOOP('',(#4455,#4456,#4457,#4458));
#983=EDGE_LOOP('',(#4459));
#984=EDGE_LOOP('',(#4460,#4461,#4462,#4463));
#985=EDGE_LOOP('',(#4464));
#986=EDGE_LOOP('',(#4465,#4466,#4467,#4468));
#987=EDGE_LOOP('',(#4469));
#988=EDGE_LOOP('',(#4470,#4471,#4472,#4473));
#989=EDGE_LOOP('',(#4474));
#990=EDGE_LOOP('',(#4475,#4476,#4477,#4478));
#991=EDGE_LOOP('',(#4479));
#992=EDGE_LOOP('',(#4480,#4481,#4482,#4483));
#993=EDGE_LOOP('',(#4484));
#994=EDGE_LOOP('',(#4485,#4486,#4487,#4488));
#995=EDGE_LOOP('',(#4489));
#996=EDGE_LOOP('',(#4490,#4491,#4492,#4493));
#997=EDGE_LOOP('',(#4494));
#998=EDGE_LOOP('',(#4495,#4496,#4497,#4498,#4499,#4500));
#999=EDGE_LOOP('',(#4501,#4502,#4503,#4504,#4505,#4506,#4507));
#1000=EDGE_LOOP('',(#4508,#4509,#4510,#4511));
#1001=EDGE_LOOP('',(#4512,#4513,#4514,#4515));
#1002=EDGE_LOOP('',(#4516,#4517,#4518,#4519));
#1003=EDGE_LOOP('',(#4520,#4521,#4522,#4523,#4524,#4525));
#1004=EDGE_LOOP('',(#4526,#4527,#4528,#4529));
#1005=EDGE_LOOP('',(#4530,#4531,#4532,#4533,#4534,#4535,#4536,#4537,#4538,
#4539,#4540,#4541,#4542,#4543,#4544,#4545,#4546,#4547,#4548,#4549,#4550,
#4551,#4552,#4553));
#1006=EDGE_LOOP('',(#4554));
#1007=EDGE_LOOP('',(#4555));
#1008=EDGE_LOOP('',(#4556));
#1009=EDGE_LOOP('',(#4557));
#1010=EDGE_LOOP('',(#4558,#4559,#4560,#4561));
#1011=EDGE_LOOP('',(#4562,#4563,#4564,#4565));
#1012=EDGE_LOOP('',(#4566,#4567,#4568,#4569));
#1013=EDGE_LOOP('',(#4570,#4571,#4572,#4573));
#1014=EDGE_LOOP('',(#4574,#4575,#4576,#4577));
#1015=EDGE_LOOP('',(#4578,#4579,#4580,#4581));
#1016=EDGE_LOOP('',(#4582,#4583,#4584,#4585,#4586,#4587,#4588,#4589));
#1017=EDGE_LOOP('',(#4590,#4591,#4592,#4593,#4594,#4595,#4596,#4597,#4598,
#4599,#4600,#4601,#4602,#4603,#4604,#4605));
#1018=EDGE_LOOP('',(#4606));
#1019=EDGE_LOOP('',(#4607));
#1020=EDGE_LOOP('',(#4608));
#1021=EDGE_LOOP('',(#4609));
#1022=EDGE_LOOP('',(#4610,#4611,#4612,#4613));
#1023=EDGE_LOOP('',(#4614,#4615,#4616,#4617));
#1024=EDGE_LOOP('',(#4618,#4619,#4620,#4621));
#1025=EDGE_LOOP('',(#4622,#4623,#4624,#4625));
#1026=EDGE_LOOP('',(#4626));
#1027=EDGE_LOOP('',(#4627));
#1028=EDGE_LOOP('',(#4628,#4629,#4630,#4631));
#1029=EDGE_LOOP('',(#4632));
#1030=EDGE_LOOP('',(#4633));
#1031=EDGE_LOOP('',(#4634,#4635,#4636,#4637));
#1032=EDGE_LOOP('',(#4638));
#1033=EDGE_LOOP('',(#4639));
#1034=EDGE_LOOP('',(#4640,#4641,#4642,#4643));
#1035=EDGE_LOOP('',(#4644));
#1036=EDGE_LOOP('',(#4645));
#1037=EDGE_LOOP('',(#4646,#4647,#4648,#4649));
#1038=EDGE_LOOP('',(#4650,#4651,#4652,#4653));
#1039=EDGE_LOOP('',(#4654));
#1040=EDGE_LOOP('',(#4655));
#1041=EDGE_LOOP('',(#4656));
#1042=EDGE_LOOP('',(#4657,#4658,#4659,#4660));
#1043=EDGE_LOOP('',(#4661,#4662,#4663,#4664));
#1044=EDGE_LOOP('',(#4665,#4666,#4667,#4668));
#1045=EDGE_LOOP('',(#4669,#4670,#4671,#4672));
#1046=EDGE_LOOP('',(#4673,#4674,#4675,#4676));
#1047=EDGE_LOOP('',(#4677,#4678,#4679,#4680));
#1048=EDGE_LOOP('',(#4681,#4682,#4683,#4684));
#1049=EDGE_LOOP('',(#4685,#4686,#4687,#4688,#4689,#4690,#4691,#4692));
#1050=EDGE_LOOP('',(#4693,#4694,#4695,#4696,#4697,#4698,#4699,#4700));
#1051=EDGE_LOOP('',(#4701,#4702,#4703,#4704,#4705,#4706,#4707,#4708));
#1052=EDGE_LOOP('',(#4709,#4710,#4711,#4712));
#1053=EDGE_LOOP('',(#4713,#4714,#4715,#4716));
#1054=EDGE_LOOP('',(#4717,#4718,#4719,#4720));
#1055=EDGE_LOOP('',(#4721,#4722,#4723,#4724));
#1056=EDGE_LOOP('',(#4725));
#1057=EDGE_LOOP('',(#4726));
#1058=EDGE_LOOP('',(#4727));
#1059=EDGE_LOOP('',(#4728,#4729,#4730,#4731));
#1060=EDGE_LOOP('',(#4732,#4733,#4734,#4735,#4736,#4737,#4738,#4739));
#1061=EDGE_LOOP('',(#4740,#4741,#4742,#4743,#4744,#4745,#4746,#4747,#4748));
#1062=EDGE_LOOP('',(#4749,#4750,#4751,#4752,#4753,#4754,#4755,#4756,#4757));
#1063=EDGE_LOOP('',(#4758,#4759,#4760,#4761,#4762,#4763,#4764,#4765,#4766));
#1064=EDGE_LOOP('',(#4767,#4768,#4769,#4770,#4771,#4772,#4773,#4774,#4775));
#1065=EDGE_LOOP('',(#4776,#4777,#4778,#4779));
#1066=EDGE_LOOP('',(#4780,#4781,#4782,#4783,#4784,#4785));
#1067=EDGE_LOOP('',(#4786,#4787,#4788,#4789));
#1068=EDGE_LOOP('',(#4790,#4791,#4792,#4793));
#1069=EDGE_LOOP('',(#4794,#4795,#4796,#4797,#4798,#4799));
#1070=EDGE_LOOP('',(#4800,#4801,#4802,#4803,#4804,#4805));
#1071=EDGE_LOOP('',(#4806,#4807,#4808,#4809));
#1072=EDGE_LOOP('',(#4810,#4811,#4812,#4813));
#1073=EDGE_LOOP('',(#4814,#4815,#4816,#4817,#4818,#4819));
#1074=EDGE_LOOP('',(#4820,#4821,#4822,#4823));
#1075=EDGE_LOOP('',(#4824,#4825,#4826,#4827));
#1076=EDGE_LOOP('',(#4828,#4829,#4830,#4831));
#1077=EDGE_LOOP('',(#4832,#4833,#4834,#4835));
#1078=EDGE_LOOP('',(#4836,#4837,#4838,#4839,#4840,#4841,#4842,#4843,#4844,
#4845,#4846,#4847,#4848,#4849));
#1079=EDGE_LOOP('',(#4850,#4851,#4852,#4853));
#1080=EDGE_LOOP('',(#4854,#4855,#4856,#4857,#4858,#4859));
#1081=EDGE_LOOP('',(#4860,#4861,#4862,#4863));
#1082=EDGE_LOOP('',(#4864,#4865,#4866,#4867,#4868,#4869,#4870,#4871,#4872,
#4873,#4874,#4875,#4876,#4877,#4878,#4879));
#1083=EDGE_LOOP('',(#4880,#4881,#4882,#4883));
#1084=EDGE_LOOP('',(#4884,#4885,#4886,#4887));
#1085=EDGE_LOOP('',(#4888,#4889,#4890,#4891));
#1086=EDGE_LOOP('',(#4892,#4893,#4894,#4895,#4896,#4897));
#1087=EDGE_LOOP('',(#4898,#4899));
#1088=EDGE_LOOP('',(#4900,#4901));
#1089=EDGE_LOOP('',(#4902,#4903));
#1090=EDGE_LOOP('',(#4904,#4905));
#1091=EDGE_LOOP('',(#4906,#4907,#4908,#4909));
#1092=EDGE_LOOP('',(#4910,#4911,#4912,#4913,#4914,#4915));
#1093=EDGE_LOOP('',(#4916,#4917,#4918,#4919));
#1094=EDGE_LOOP('',(#4920,#4921,#4922,#4923,#4924,#4925));
#1095=EDGE_LOOP('',(#4926,#4927,#4928,#4929));
#1096=EDGE_LOOP('',(#4930,#4931,#4932,#4933));
#1097=EDGE_LOOP('',(#4934,#4935,#4936,#4937,#4938,#4939));
#1098=EDGE_LOOP('',(#4940,#4941,#4942,#4943));
#1099=EDGE_LOOP('',(#4944,#4945,#4946,#4947,#4948,#4949,#4950,#4951,#4952,
#4953,#4954,#4955));
#1100=EDGE_LOOP('',(#4956,#4957,#4958,#4959,#4960,#4961,#4962,#4963,#4964,
#4965,#4966,#4967));
#1101=EDGE_LOOP('',(#4968,#4969,#4970,#4971,#4972));
#1102=EDGE_LOOP('',(#4973,#4974,#4975,#4976));
#1103=EDGE_LOOP('',(#4977,#4978,#4979,#4980));
#1104=EDGE_LOOP('',(#4981,#4982,#4983,#4984,#4985,#4986,#4987,#4988,#4989,
#4990,#4991,#4992));
#1105=EDGE_LOOP('',(#4993,#4994,#4995,#4996,#4997,#4998,#4999,#5000,#5001,
#5002,#5003,#5004));
#1106=EDGE_LOOP('',(#5005,#5006,#5007,#5008));
#1107=EDGE_LOOP('',(#5009,#5010,#5011,#5012,#5013));
#1108=EDGE_LOOP('',(#5014,#5015,#5016,#5017,#5018,#5019,#5020,#5021,#5022,
#5023,#5024,#5025,#5026,#5027,#5028,#5029));
#1109=EDGE_LOOP('',(#5030,#5031,#5032,#5033));
#1110=EDGE_LOOP('',(#5034,#5035,#5036,#5037));
#1111=EDGE_LOOP('',(#5038,#5039,#5040,#5041));
#1112=EDGE_LOOP('',(#5042));
#1113=EDGE_LOOP('',(#5043,#5044,#5045,#5046));
#1114=EDGE_LOOP('',(#5047));
#1115=EDGE_LOOP('',(#5048,#5049,#5050,#5051));
#1116=EDGE_LOOP('',(#5052));
#1117=EDGE_LOOP('',(#5053,#5054,#5055,#5056));
#1118=EDGE_LOOP('',(#5057));
#1119=EDGE_LOOP('',(#5058,#5059,#5060,#5061));
#1120=EDGE_LOOP('',(#5062));
#1121=EDGE_LOOP('',(#5063));
#1122=EDGE_LOOP('',(#5064,#5065,#5066,#5067));
#1123=EDGE_LOOP('',(#5068));
#1124=EDGE_LOOP('',(#5069));
#1125=EDGE_LOOP('',(#5070,#5071,#5072,#5073));
#1126=EDGE_LOOP('',(#5074));
#1127=EDGE_LOOP('',(#5075));
#1128=EDGE_LOOP('',(#5076,#5077,#5078,#5079));
#1129=EDGE_LOOP('',(#5080));
#1130=EDGE_LOOP('',(#5081));
#1131=EDGE_LOOP('',(#5082,#5083,#5084,#5085));
#1132=EDGE_LOOP('',(#5086,#5087,#5088,#5089));
#1133=EDGE_LOOP('',(#5090,#5091,#5092,#5093));
#1134=EDGE_LOOP('',(#5094,#5095,#5096,#5097));
#1135=EDGE_LOOP('',(#5098,#5099,#5100,#5101,#5102,#5103,#5104,#5105,#5106,
#5107,#5108));
#1136=EDGE_LOOP('',(#5109,#5110,#5111,#5112));
#1137=EDGE_LOOP('',(#5113,#5114,#5115,#5116));
#1138=EDGE_LOOP('',(#5117,#5118,#5119,#5120));
#1139=EDGE_LOOP('',(#5121,#5122,#5123,#5124));
#1140=EDGE_LOOP('',(#5125,#5126,#5127,#5128));
#1141=EDGE_LOOP('',(#5129,#5130,#5131,#5132));
#1142=EDGE_LOOP('',(#5133,#5134,#5135,#5136));
#1143=EDGE_LOOP('',(#5137,#5138,#5139,#5140));
#1144=EDGE_LOOP('',(#5141,#5142,#5143,#5144));
#1145=EDGE_LOOP('',(#5145,#5146,#5147,#5148));
#1146=EDGE_LOOP('',(#5149,#5150,#5151,#5152));
#1147=EDGE_LOOP('',(#5153,#5154,#5155,#5156));
#1148=EDGE_LOOP('',(#5157,#5158,#5159,#5160));
#1149=EDGE_LOOP('',(#5161,#5162,#5163,#5164));
#1150=EDGE_LOOP('',(#5165,#5166,#5167,#5168));
#1151=EDGE_LOOP('',(#5169,#5170,#5171,#5172));
#1152=EDGE_LOOP('',(#5173,#5174,#5175,#5176,#5177,#5178,#5179,#5180));
#1153=EDGE_LOOP('',(#5181,#5182,#5183,#5184,#5185,#5186,#5187,#5188));
#1154=EDGE_LOOP('',(#5189,#5190,#5191,#5192));
#1155=EDGE_LOOP('',(#5193));
#1156=EDGE_LOOP('',(#5194));
#1157=EDGE_LOOP('',(#5195,#5196,#5197,#5198));
#1158=EDGE_LOOP('',(#5199));
#1159=EDGE_LOOP('',(#5200));
#1160=EDGE_LOOP('',(#5201,#5202,#5203,#5204));
#1161=EDGE_LOOP('',(#5205));
#1162=EDGE_LOOP('',(#5206));
#1163=EDGE_LOOP('',(#5207,#5208,#5209,#5210));
#1164=EDGE_LOOP('',(#5211));
#1165=EDGE_LOOP('',(#5212));
#1166=EDGE_LOOP('',(#5213,#5214,#5215,#5216,#5217,#5218,#5219,#5220));
#1167=EDGE_LOOP('',(#5221));
#1168=EDGE_LOOP('',(#5222));
#1169=EDGE_LOOP('',(#5223));
#1170=EDGE_LOOP('',(#5224));
#1171=EDGE_LOOP('',(#5225,#5226,#5227,#5228,#5229,#5230,#5231,#5232,#5233,
#5234,#5235,#5236,#5237,#5238,#5239,#5240,#5241,#5242,#5243,#5244,#5245,
#5246,#5247,#5248,#5249,#5250,#5251,#5252,#5253,#5254,#5255,#5256,#5257,
#5258,#5259,#5260,#5261,#5262,#5263,#5264,#5265,#5266,#5267,#5268,#5269,
#5270,#5271,#5272));
#1172=EDGE_LOOP('',(#5273,#5274,#5275,#5276,#5277,#5278));
#1173=EDGE_LOOP('',(#5279,#5280,#5281,#5282,#5283));
#1174=EDGE_LOOP('',(#5284,#5285,#5286,#5287,#5288,#5289));
#1175=EDGE_LOOP('',(#5290,#5291,#5292,#5293,#5294,#5295,#5296,#5297));
#1176=EDGE_LOOP('',(#5298,#5299,#5300,#5301,#5302,#5303,#5304,#5305,#5306,
#5307,#5308,#5309,#5310,#5311));
#1177=EDGE_LOOP('',(#5312,#5313,#5314,#5315,#5316));
#1178=EDGE_LOOP('',(#5317,#5318,#5319,#5320));
#1179=EDGE_LOOP('',(#5321,#5322,#5323,#5324));
#1180=EDGE_LOOP('',(#5325,#5326,#5327,#5328));
#1181=EDGE_LOOP('',(#5329,#5330,#5331,#5332,#5333,#5334,#5335,#5336,#5337,
#5338,#5339,#5340,#5341,#5342,#5343,#5344));
#1182=EDGE_LOOP('',(#5345,#5346,#5347,#5348,#5349,#5350,#5351,#5352));
#1183=EDGE_LOOP('',(#5353));
#1184=EDGE_LOOP('',(#5354));
#1185=EDGE_LOOP('',(#5355));
#1186=EDGE_LOOP('',(#5356));
#1187=EDGE_LOOP('',(#5357,#5358,#5359,#5360,#5361));
#1188=EDGE_LOOP('',(#5362,#5363,#5364,#5365));
#1189=EDGE_LOOP('',(#5366,#5367,#5368,#5369,#5370,#5371));
#1190=EDGE_LOOP('',(#5372,#5373,#5374,#5375));
#1191=EDGE_LOOP('',(#5376,#5377,#5378,#5379));
#1192=EDGE_LOOP('',(#5380,#5381,#5382,#5383));
#1193=EDGE_LOOP('',(#5384,#5385,#5386,#5387));
#1194=EDGE_LOOP('',(#5388,#5389,#5390,#5391));
#1195=EDGE_LOOP('',(#5392,#5393,#5394,#5395));
#1196=EDGE_LOOP('',(#5396,#5397,#5398,#5399));
#1197=EDGE_LOOP('',(#5400,#5401,#5402,#5403));
#1198=EDGE_LOOP('',(#5404,#5405,#5406,#5407));
#1199=EDGE_LOOP('',(#5408,#5409,#5410,#5411));
#1200=EDGE_LOOP('',(#5412,#5413,#5414,#5415,#5416,#5417,#5418,#5419));
#1201=EDGE_LOOP('',(#5420,#5421,#5422,#5423));
#1202=EDGE_LOOP('',(#5424,#5425,#5426,#5427));
#1203=EDGE_LOOP('',(#5428,#5429,#5430,#5431));
#1204=EDGE_LOOP('',(#5432,#5433,#5434,#5435));
#1205=EDGE_LOOP('',(#5436,#5437,#5438,#5439));
#1206=EDGE_LOOP('',(#5440,#5441,#5442,#5443));
#1207=EDGE_LOOP('',(#5444,#5445,#5446,#5447));
#1208=EDGE_LOOP('',(#5448,#5449,#5450,#5451));
#1209=EDGE_LOOP('',(#5452,#5453,#5454,#5455));
#1210=EDGE_LOOP('',(#5456,#5457,#5458,#5459));
#1211=EDGE_LOOP('',(#5460,#5461,#5462,#5463));
#1212=EDGE_LOOP('',(#5464,#5465,#5466,#5467));
#1213=EDGE_LOOP('',(#5468,#5469,#5470,#5471));
#1214=EDGE_LOOP('',(#5472,#5473,#5474,#5475));
#1215=EDGE_LOOP('',(#5476,#5477,#5478,#5479));
#1216=EDGE_LOOP('',(#5480,#5481,#5482,#5483,#5484));
#1217=EDGE_LOOP('',(#5485,#5486,#5487,#5488,#5489));
#1218=EDGE_LOOP('',(#5490,#5491,#5492,#5493));
#1219=EDGE_LOOP('',(#5494,#5495,#5496,#5497));
#1220=EDGE_LOOP('',(#5498,#5499,#5500,#5501));
#1221=EDGE_LOOP('',(#5502,#5503,#5504,#5505));
#1222=EDGE_LOOP('',(#5506,#5507,#5508,#5509));
#1223=EDGE_LOOP('',(#5510,#5511,#5512,#5513));
#1224=EDGE_LOOP('',(#5514,#5515,#5516,#5517));
#1225=EDGE_LOOP('',(#5518,#5519,#5520,#5521,#5522));
#1226=EDGE_LOOP('',(#5523,#5524,#5525,#5526));
#1227=EDGE_LOOP('',(#5527,#5528,#5529,#5530));
#1228=EDGE_LOOP('',(#5531,#5532,#5533,#5534));
#1229=EDGE_LOOP('',(#5535,#5536,#5537,#5538));
#1230=EDGE_LOOP('',(#5539,#5540,#5541,#5542));
#1231=EDGE_LOOP('',(#5543,#5544,#5545,#5546));
#1232=EDGE_LOOP('',(#5547,#5548,#5549,#5550));
#1233=EDGE_LOOP('',(#5551,#5552,#5553,#5554));
#1234=EDGE_LOOP('',(#5555,#5556,#5557,#5558));
#1235=EDGE_LOOP('',(#5559,#5560,#5561,#5562));
#1236=EDGE_LOOP('',(#5563,#5564,#5565,#5566,#5567,#5568,#5569,#5570));
#1237=EDGE_LOOP('',(#5571));
#1238=EDGE_LOOP('',(#5572));
#1239=EDGE_LOOP('',(#5573));
#1240=EDGE_LOOP('',(#5574));
#1241=EDGE_LOOP('',(#5575));
#1242=EDGE_LOOP('',(#5576,#5577,#5578,#5579));
#1243=EDGE_LOOP('',(#5580,#5581,#5582,#5583));
#1244=EDGE_LOOP('',(#5584,#5585,#5586,#5587));
#1245=EDGE_LOOP('',(#5588,#5589,#5590,#5591));
#1246=EDGE_LOOP('',(#5592,#5593,#5594,#5595));
#1247=EDGE_LOOP('',(#5596,#5597,#5598,#5599));
#1248=EDGE_LOOP('',(#5600,#5601,#5602,#5603));
#1249=EDGE_LOOP('',(#5604,#5605,#5606,#5607));
#1250=EDGE_LOOP('',(#5608,#5609,#5610,#5611));
#1251=EDGE_LOOP('',(#5612,#5613,#5614,#5615));
#1252=EDGE_LOOP('',(#5616,#5617,#5618,#5619));
#1253=EDGE_LOOP('',(#5620,#5621,#5622,#5623));
#1254=EDGE_LOOP('',(#5624,#5625,#5626,#5627));
#1255=EDGE_LOOP('',(#5628,#5629,#5630,#5631));
#1256=EDGE_LOOP('',(#5632,#5633,#5634,#5635,#5636,#5637,#5638,#5639,#5640,
#5641,#5642,#5643,#5644,#5645,#5646,#5647,#5648,#5649,#5650,#5651,#5652,
#5653,#5654,#5655));
#1257=EDGE_LOOP('',(#5656));
#1258=EDGE_LOOP('',(#5657));
#1259=EDGE_LOOP('',(#5658));
#1260=EDGE_LOOP('',(#5659));
#1261=EDGE_LOOP('',(#5660,#5661,#5662,#5663,#5664,#5665,#5666,#5667,#5668,
#5669,#5670,#5671,#5672,#5673,#5674,#5675,#5676,#5677,#5678,#5679,#5680,
#5681,#5682,#5683));
#1262=EDGE_LOOP('',(#5684));
#1263=EDGE_LOOP('',(#5685));
#1264=EDGE_LOOP('',(#5686));
#1265=EDGE_LOOP('',(#5687));
#1266=EDGE_LOOP('',(#5688,#5689,#5690,#5691));
#1267=EDGE_LOOP('',(#5692,#5693,#5694,#5695));
#1268=EDGE_LOOP('',(#5696,#5697,#5698,#5699));
#1269=EDGE_LOOP('',(#5700,#5701,#5702,#5703));
#1270=EDGE_LOOP('',(#5704,#5705,#5706,#5707));
#1271=EDGE_LOOP('',(#5708,#5709,#5710,#5711,#5712,#5713,#5714,#5715,#5716,
#5717,#5718,#5719,#5720,#5721,#5722,#5723,#5724,#5725,#5726,#5727,#5728,
#5729,#5730,#5731));
#1272=EDGE_LOOP('',(#5732));
#1273=EDGE_LOOP('',(#5733));
#1274=EDGE_LOOP('',(#5734));
#1275=EDGE_LOOP('',(#5735));
#1276=EDGE_LOOP('',(#5736,#5737,#5738,#5739,#5740,#5741,#5742,#5743,#5744,
#5745,#5746,#5747,#5748,#5749,#5750,#5751,#5752,#5753,#5754,#5755,#5756,
#5757,#5758,#5759));
#1277=EDGE_LOOP('',(#5760));
#1278=EDGE_LOOP('',(#5761));
#1279=EDGE_LOOP('',(#5762));
#1280=EDGE_LOOP('',(#5763));
#1281=EDGE_LOOP('',(#5764,#5765,#5766,#5767));
#1282=EDGE_LOOP('',(#5768,#5769,#5770,#5771));
#1283=EDGE_LOOP('',(#5772,#5773,#5774,#5775));
#1284=EDGE_LOOP('',(#5776,#5777,#5778,#5779));
#1285=EDGE_LOOP('',(#5780,#5781,#5782,#5783));
#1286=EDGE_LOOP('',(#5784,#5785,#5786,#5787));
#1287=EDGE_LOOP('',(#5788,#5789,#5790,#5791));
#1288=EDGE_LOOP('',(#5792,#5793,#5794,#5795));
#1289=EDGE_LOOP('',(#5796,#5797,#5798,#5799));
#1290=EDGE_LOOP('',(#5800,#5801,#5802,#5803));
#1291=EDGE_LOOP('',(#5804,#5805,#5806,#5807));
#1292=EDGE_LOOP('',(#5808,#5809,#5810,#5811));
#1293=EDGE_LOOP('',(#5812,#5813,#5814,#5815));
#1294=EDGE_LOOP('',(#5816,#5817,#5818,#5819));
#1295=EDGE_LOOP('',(#5820,#5821,#5822,#5823));
#1296=EDGE_LOOP('',(#5824,#5825,#5826,#5827));
#1297=EDGE_LOOP('',(#5828,#5829,#5830,#5831));
#1298=EDGE_LOOP('',(#5832,#5833,#5834,#5835));
#1299=EDGE_LOOP('',(#5836,#5837,#5838,#5839));
#1300=EDGE_LOOP('',(#5840,#5841,#5842,#5843));
#1301=EDGE_LOOP('',(#5844,#5845,#5846,#5847));
#1302=EDGE_LOOP('',(#5848,#5849,#5850,#5851));
#1303=EDGE_LOOP('',(#5852,#5853,#5854,#5855));
#1304=EDGE_LOOP('',(#5856,#5857,#5858,#5859));
#1305=EDGE_LOOP('',(#5860,#5861,#5862,#5863));
#1306=EDGE_LOOP('',(#5864,#5865,#5866,#5867));
#1307=EDGE_LOOP('',(#5868,#5869,#5870,#5871));
#1308=EDGE_LOOP('',(#5872,#5873,#5874,#5875));
#1309=EDGE_LOOP('',(#5876,#5877,#5878,#5879));
#1310=EDGE_LOOP('',(#5880,#5881,#5882,#5883));
#1311=EDGE_LOOP('',(#5884,#5885,#5886,#5887));
#1312=EDGE_LOOP('',(#5888,#5889,#5890,#5891));
#1313=EDGE_LOOP('',(#5892,#5893,#5894,#5895));
#1314=EDGE_LOOP('',(#5896,#5897,#5898,#5899));
#1315=EDGE_LOOP('',(#5900,#5901,#5902,#5903));
#1316=EDGE_LOOP('',(#5904,#5905,#5906,#5907));
#1317=EDGE_LOOP('',(#5908,#5909,#5910,#5911));
#1318=LINE('',#9100,#1920);
#1319=LINE('',#9102,#1921);
#1320=LINE('',#9104,#1922);
#1321=LINE('',#9106,#1923);
#1322=LINE('',#9108,#1924);
#1323=LINE('',#9109,#1925);
#1324=LINE('',#9112,#1926);
#1325=LINE('',#9114,#1927);
#1326=LINE('',#9115,#1928);
#1327=LINE('',#9118,#1929);
#1328=LINE('',#9120,#1930);
#1329=LINE('',#9122,#1931);
#1330=LINE('',#9124,#1932);
#1331=LINE('',#9125,#1933);
#1332=LINE('',#9127,#1934);
#1333=LINE('',#9128,#1935);
#1334=LINE('',#9132,#1936);
#1335=LINE('',#9134,#1937);
#1336=LINE('',#9136,#1938);
#1337=LINE('',#9138,#1939);
#1338=LINE('',#9140,#1940);
#1339=LINE('',#9142,#1941);
#1340=LINE('',#9144,#1942);
#1341=LINE('',#9146,#1943);
#1342=LINE('',#9147,#1944);
#1343=LINE('',#9150,#1945);
#1344=LINE('',#9152,#1946);
#1345=LINE('',#9154,#1947);
#1346=LINE('',#9156,#1948);
#1347=LINE('',#9158,#1949);
#1348=LINE('',#9159,#1950);
#1349=LINE('',#9161,#1951);
#1350=LINE('',#9163,#1952);
#1351=LINE('',#9165,#1953);
#1352=LINE('',#9169,#1954);
#1353=LINE('',#9173,#1955);
#1354=LINE('',#9175,#1956);
#1355=LINE('',#9177,#1957);
#1356=LINE('',#9181,#1958);
#1357=LINE('',#9185,#1959);
#1358=LINE('',#9187,#1960);
#1359=LINE('',#9188,#1961);
#1360=LINE('',#9191,#1962);
#1361=LINE('',#9195,#1963);
#1362=LINE('',#9199,#1964);
#1363=LINE('',#9203,#1965);
#1364=LINE('',#9207,#1966);
#1365=LINE('',#9209,#1967);
#1366=LINE('',#9211,#1968);
#1367=LINE('',#9212,#1969);
#1368=LINE('',#9215,#1970);
#1369=LINE('',#9216,#1971);
#1370=LINE('',#9219,#1972);
#1371=LINE('',#9221,#1973);
#1372=LINE('',#9223,#1974);
#1373=LINE('',#9224,#1975);
#1374=LINE('',#9226,#1976);
#1375=LINE('',#9227,#1977);
#1376=LINE('',#9232,#1978);
#1377=LINE('',#9239,#1979);
#1378=LINE('',#9249,#1980);
#1379=LINE('',#9252,#1981);
#1380=LINE('',#9255,#1982);
#1381=LINE('',#9259,#1983);
#1382=LINE('',#9266,#1984);
#1383=LINE('',#9276,#1985);
#1384=LINE('',#9279,#1986);
#1385=LINE('',#9282,#1987);
#1386=LINE('',#9287,#1988);
#1387=LINE('',#9290,#1989);
#1388=LINE('',#9291,#1990);
#1389=LINE('',#9294,#1991);
#1390=LINE('',#9296,#1992);
#1391=LINE('',#9300,#1993);
#1392=LINE('',#9304,#1994);
#1393=LINE('',#9305,#1995);
#1394=LINE('',#9307,#1996);
#1395=LINE('',#9309,#1997);
#1396=LINE('',#9313,#1998);
#1397=LINE('',#9317,#1999);
#1398=LINE('',#9318,#2000);
#1399=LINE('',#9320,#2001);
#1400=LINE('',#9324,#2002);
#1401=LINE('',#9327,#2003);
#1402=LINE('',#9329,#2004);
#1403=LINE('',#9330,#2005);
#1404=LINE('',#9334,#2006);
#1405=LINE('',#9336,#2007);
#1406=LINE('',#9337,#2008);
#1407=LINE('',#9339,#2009);
#1408=LINE('',#9342,#2010);
#1409=LINE('',#9344,#2011);
#1410=LINE('',#9348,#2012);
#1411=LINE('',#9351,#2013);
#1412=LINE('',#9352,#2014);
#1413=LINE('',#9354,#2015);
#1414=LINE('',#9355,#2016);
#1415=LINE('',#9358,#2017);
#1416=LINE('',#9361,#2018);
#1417=LINE('',#9364,#2019);
#1418=LINE('',#9365,#2020);
#1419=LINE('',#9368,#2021);
#1420=LINE('',#9372,#2022);
#1421=LINE('',#9373,#2023);
#1422=LINE('',#9375,#2024);
#1423=LINE('',#9377,#2025);
#1424=LINE('',#9378,#2026);
#1425=LINE('',#9382,#2027);
#1426=LINE('',#9384,#2028);
#1427=LINE('',#9386,#2029);
#1428=LINE('',#9390,#2030);
#1429=LINE('',#9394,#2031);
#1430=LINE('',#9396,#2032);
#1431=LINE('',#9397,#2033);
#1432=LINE('',#9399,#2034);
#1433=LINE('',#9401,#2035);
#1434=LINE('',#9403,#2036);
#1435=LINE('',#9407,#2037);
#1436=LINE('',#9410,#2038);
#1437=LINE('',#9411,#2039);
#1438=LINE('',#9413,#2040);
#1439=LINE('',#9414,#2041);
#1440=LINE('',#9418,#2042);
#1441=LINE('',#9419,#2043);
#1442=LINE('',#9422,#2044);
#1443=LINE('',#9424,#2045);
#1444=LINE('',#9425,#2046);
#1445=LINE('',#9428,#2047);
#1446=LINE('',#9432,#2048);
#1447=LINE('',#9433,#2049);
#1448=LINE('',#9436,#2050);
#1449=LINE('',#9440,#2051);
#1450=LINE('',#9441,#2052);
#1451=LINE('',#9445,#2053);
#1452=LINE('',#9447,#2054);
#1453=LINE('',#9449,#2055);
#1454=LINE('',#9450,#2056);
#1455=LINE('',#9456,#2057);
#1456=LINE('',#9459,#2058);
#1457=LINE('',#9461,#2059);
#1458=LINE('',#9462,#2060);
#1459=LINE('',#9468,#2061);
#1460=LINE('',#9471,#2062);
#1461=LINE('',#9473,#2063);
#1462=LINE('',#9474,#2064);
#1463=LINE('',#9480,#2065);
#1464=LINE('',#9483,#2066);
#1465=LINE('',#9485,#2067);
#1466=LINE('',#9486,#2068);
#1467=LINE('',#9492,#2069);
#1468=LINE('',#9496,#2070);
#1469=LINE('',#9499,#2071);
#1470=LINE('',#9501,#2072);
#1471=LINE('',#9503,#2073);
#1472=LINE('',#9508,#2074);
#1473=LINE('',#9511,#2075);
#1474=LINE('',#9512,#2076);
#1475=LINE('',#9517,#2077);
#1476=LINE('',#9519,#2078);
#1477=LINE('',#9520,#2079);
#1478=LINE('',#9524,#2080);
#1479=LINE('',#9527,#2081);
#1480=LINE('',#9528,#2082);
#1481=LINE('',#9532,#2083);
#1482=LINE('',#9535,#2084);
#1483=LINE('',#9536,#2085);
#1484=LINE('',#9539,#2086);
#1485=LINE('',#9543,#2087);
#1486=LINE('',#9544,#2088);
#1487=LINE('',#9551,#2089);
#1488=LINE('',#9557,#2090);
#1489=LINE('',#9563,#2091);
#1490=LINE('',#9569,#2092);
#1491=LINE('',#9576,#2093);
#1492=LINE('',#9583,#2094);
#1493=LINE('',#9590,#2095);
#1494=LINE('',#9597,#2096);
#1495=LINE('',#9604,#2097);
#1496=LINE('',#9611,#2098);
#1497=LINE('',#9618,#2099);
#1498=LINE('',#9622,#2100);
#1499=LINE('',#9625,#2101);
#1500=LINE('',#9627,#2102);
#1501=LINE('',#9629,#2103);
#1502=LINE('',#9634,#2104);
#1503=LINE('',#9638,#2105);
#1504=LINE('',#9641,#2106);
#1505=LINE('',#9645,#2107);
#1506=LINE('',#9649,#2108);
#1507=LINE('',#9653,#2109);
#1508=LINE('',#9657,#2110);
#1509=LINE('',#9661,#2111);
#1510=LINE('',#9664,#2112);
#1511=LINE('',#9666,#2113);
#1512=LINE('',#9678,#2114);
#1513=LINE('',#9679,#2115);
#1514=LINE('',#9682,#2116);
#1515=LINE('',#9685,#2117);
#1516=LINE('',#9688,#2118);
#1517=LINE('',#9689,#2119);
#1518=LINE('',#9692,#2120);
#1519=LINE('',#9693,#2121);
#1520=LINE('',#9696,#2122);
#1521=LINE('',#9700,#2123);
#1522=LINE('',#9701,#2124);
#1523=LINE('',#9707,#2125);
#1524=LINE('',#9711,#2126);
#1525=LINE('',#9715,#2127);
#1526=LINE('',#9718,#2128);
#1527=LINE('',#9720,#2129);
#1528=LINE('',#9724,#2130);
#1529=LINE('',#9728,#2131);
#1530=LINE('',#9733,#2132);
#1531=LINE('',#9734,#2133);
#1532=LINE('',#9736,#2134);
#1533=LINE('',#9741,#2135);
#1534=LINE('',#9746,#2136);
#1535=LINE('',#9751,#2137);
#1536=LINE('',#9756,#2138);
#1537=LINE('',#9759,#2139);
#1538=LINE('',#9761,#2140);
#1539=LINE('',#9769,#2141);
#1540=LINE('',#9770,#2142);
#1541=LINE('',#9771,#2143);
#1542=LINE('',#9775,#2144);
#1543=LINE('',#9778,#2145);
#1544=LINE('',#9779,#2146);
#1545=LINE('',#9783,#2147);
#1546=LINE('',#9786,#2148);
#1547=LINE('',#9787,#2149);
#1548=LINE('',#9791,#2150);
#1549=LINE('',#9794,#2151);
#1550=LINE('',#9795,#2152);
#1551=LINE('',#9807,#2153);
#1552=LINE('',#9811,#2154);
#1553=LINE('',#9815,#2155);
#1554=LINE('',#9818,#2156);
#1555=LINE('',#9826,#2157);
#1556=LINE('',#9830,#2158);
#1557=LINE('',#9834,#2159);
#1558=LINE('',#9837,#2160);
#1559=LINE('',#9845,#2161);
#1560=LINE('',#9849,#2162);
#1561=LINE('',#9853,#2163);
#1562=LINE('',#9856,#2164);
#1563=LINE('',#9864,#2165);
#1564=LINE('',#9868,#2166);
#1565=LINE('',#9872,#2167);
#1566=LINE('',#9875,#2168);
#1567=LINE('',#9878,#2169);
#1568=LINE('',#9880,#2170);
#1569=LINE('',#9881,#2171);
#1570=LINE('',#9884,#2172);
#1571=LINE('',#9886,#2173);
#1572=LINE('',#9888,#2174);
#1573=LINE('',#9890,#2175);
#1574=LINE('',#9891,#2176);
#1575=LINE('',#9894,#2177);
#1576=LINE('',#9896,#2178);
#1577=LINE('',#9897,#2179);
#1578=LINE('',#9900,#2180);
#1579=LINE('',#9902,#2181);
#1580=LINE('',#9903,#2182);
#1581=LINE('',#9906,#2183);
#1582=LINE('',#9908,#2184);
#1583=LINE('',#9910,#2185);
#1584=LINE('',#9912,#2186);
#1585=LINE('',#9913,#2187);
#1586=LINE('',#9916,#2188);
#1587=LINE('',#9918,#2189);
#1588=LINE('',#9920,#2190);
#1589=LINE('',#9922,#2191);
#1590=LINE('',#9923,#2192);
#1591=LINE('',#9926,#2193);
#1592=LINE('',#9929,#2194);
#1593=LINE('',#9932,#2195);
#1594=LINE('',#9936,#2196);
#1595=LINE('',#9938,#2197);
#1596=LINE('',#9940,#2198);
#1597=LINE('',#9941,#2199);
#1598=LINE('',#9944,#2200);
#1599=LINE('',#9950,#2201);
#1600=LINE('',#9951,#2202);
#1601=LINE('',#9954,#2203);
#1602=LINE('',#9957,#2204);
#1603=LINE('',#9964,#2205);
#1604=LINE('',#9969,#2206);
#1605=LINE('',#9971,#2207);
#1606=LINE('',#9975,#2208);
#1607=LINE('',#9978,#2209);
#1608=LINE('',#9981,#2210);
#1609=LINE('',#9985,#2211);
#1610=LINE('',#9987,#2212);
#1611=LINE('',#9989,#2213);
#1612=LINE('',#9990,#2214);
#1613=LINE('',#9993,#2215);
#1614=LINE('',#9999,#2216);
#1615=LINE('',#10002,#2217);
#1616=LINE('',#10004,#2218);
#1617=LINE('',#10008,#2219);
#1618=LINE('',#10012,#2220);
#1619=LINE('',#10016,#2221);
#1620=LINE('',#10022,#2222);
#1621=LINE('',#10023,#2223);
#1622=LINE('',#10027,#2224);
#1623=LINE('',#10029,#2225);
#1624=LINE('',#10031,#2226);
#1625=LINE('',#10032,#2227);
#1626=LINE('',#10034,#2228);
#1627=LINE('',#10036,#2229);
#1628=LINE('',#10039,#2230);
#1629=LINE('',#10044,#2231);
#1630=LINE('',#10049,#2232);
#1631=LINE('',#10056,#2233);
#1632=LINE('',#10059,#2234);
#1633=LINE('',#10061,#2235);
#1634=LINE('',#10062,#2236);
#1635=LINE('',#10068,#2237);
#1636=LINE('',#10072,#2238);
#1637=LINE('',#10075,#2239);
#1638=LINE('',#10078,#2240);
#1639=LINE('',#10080,#2241);
#1640=LINE('',#10081,#2242);
#1641=LINE('',#10084,#2243);
#1642=LINE('',#10087,#2244);
#1643=LINE('',#10088,#2245);
#1644=LINE('',#10092,#2246);
#1645=LINE('',#10094,#2247);
#1646=LINE('',#10095,#2248);
#1647=LINE('',#10101,#2249);
#1648=LINE('',#10105,#2250);
#1649=LINE('',#10108,#2251);
#1650=LINE('',#10110,#2252);
#1651=LINE('',#10111,#2253);
#1652=LINE('',#10115,#2254);
#1653=LINE('',#10119,#2255);
#1654=LINE('',#10123,#2256);
#1655=LINE('',#10129,#2257);
#1656=LINE('',#10133,#2258);
#1657=LINE('',#10136,#2259);
#1658=LINE('',#10140,#2260);
#1659=LINE('',#10144,#2261);
#1660=LINE('',#10148,#2262);
#1661=LINE('',#10149,#2263);
#1662=LINE('',#10151,#2264);
#1663=LINE('',#10156,#2265);
#1664=LINE('',#10160,#2266);
#1665=LINE('',#10163,#2267);
#1666=LINE('',#10168,#2268);
#1667=LINE('',#10172,#2269);
#1668=LINE('',#10176,#2270);
#1669=LINE('',#10182,#2271);
#1670=LINE('',#10186,#2272);
#1671=LINE('',#10189,#2273);
#1672=LINE('',#10192,#2274);
#1673=LINE('',#10196,#2275);
#1674=LINE('',#10199,#2276);
#1675=LINE('',#10201,#2277);
#1676=LINE('',#10204,#2278);
#1677=LINE('',#10206,#2279);
#1678=LINE('',#10209,#2280);
#1679=LINE('',#10212,#2281);
#1680=LINE('',#10213,#2282);
#1681=LINE('',#10215,#2283);
#1682=LINE('',#10220,#2284);
#1683=LINE('',#10227,#2285);
#1684=LINE('',#10234,#2286);
#1685=LINE('',#10241,#2287);
#1686=LINE('',#10248,#2288);
#1687=LINE('',#10257,#2289);
#1688=LINE('',#10266,#2290);
#1689=LINE('',#10275,#2291);
#1690=LINE('',#10283,#2292);
#1691=LINE('',#10287,#2293);
#1692=LINE('',#10291,#2294);
#1693=LINE('',#10295,#2295);
#1694=LINE('',#10556,#2296);
#1695=LINE('',#10560,#2297);
#1696=LINE('',#10564,#2298);
#1697=LINE('',#10568,#2299);
#1698=LINE('',#10571,#2300);
#1699=LINE('',#10574,#2301);
#1700=LINE('',#10576,#2302);
#1701=LINE('',#10577,#2303);
#1702=LINE('',#10580,#2304);
#1703=LINE('',#10584,#2305);
#1704=LINE('',#10585,#2306);
#1705=LINE('',#10588,#2307);
#1706=LINE('',#10592,#2308);
#1707=LINE('',#10593,#2309);
#1708=LINE('',#10596,#2310);
#1709=LINE('',#10600,#2311);
#1710=LINE('',#10601,#2312);
#1711=LINE('',#10607,#2313);
#1712=LINE('',#10609,#2314);
#1713=LINE('',#10611,#2315);
#1714=LINE('',#10612,#2316);
#1715=LINE('',#10618,#2317);
#1716=LINE('',#10621,#2318);
#1717=LINE('',#10623,#2319);
#1718=LINE('',#10624,#2320);
#1719=LINE('',#10630,#2321);
#1720=LINE('',#10633,#2322);
#1721=LINE('',#10635,#2323);
#1722=LINE('',#10636,#2324);
#1723=LINE('',#10641,#2325);
#1724=LINE('',#10645,#2326);
#1725=LINE('',#10647,#2327);
#1726=LINE('',#10648,#2328);
#1727=LINE('',#10657,#2329);
#1728=LINE('',#10664,#2330);
#1729=LINE('',#10671,#2331);
#1730=LINE('',#10678,#2332);
#1731=LINE('',#10684,#2333);
#1732=LINE('',#10688,#2334);
#1733=LINE('',#10692,#2335);
#1734=LINE('',#10696,#2336);
#1735=LINE('',#10700,#2337);
#1736=LINE('',#10704,#2338);
#1737=LINE('',#10707,#2339);
#1738=LINE('',#10710,#2340);
#1739=LINE('',#10714,#2341);
#1740=LINE('',#10718,#2342);
#1741=LINE('',#10722,#2343);
#1742=LINE('',#10725,#2344);
#1743=LINE('',#10728,#2345);
#1744=LINE('',#10732,#2346);
#1745=LINE('',#10735,#2347);
#1746=LINE('',#10737,#2348);
#1747=LINE('',#10738,#2349);
#1748=LINE('',#10741,#2350);
#1749=LINE('',#10742,#2351);
#1750=LINE('',#10744,#2352);
#1751=LINE('',#10745,#2353);
#1752=LINE('',#10748,#2354);
#1753=LINE('',#10750,#2355);
#1754=LINE('',#10751,#2356);
#1755=LINE('',#10752,#2357);
#1756=LINE('',#10755,#2358);
#1757=LINE('',#10758,#2359);
#1758=LINE('',#10762,#2360);
#1759=LINE('',#10765,#2361);
#1760=LINE('',#10768,#2362);
#1761=LINE('',#10769,#2363);
#1762=LINE('',#10771,#2364);
#1763=LINE('',#10772,#2365);
#1764=LINE('',#10775,#2366);
#1765=LINE('',#10776,#2367);
#1766=LINE('',#10778,#2368);
#1767=LINE('',#10780,#2369);
#1768=LINE('',#10784,#2370);
#1769=LINE('',#10787,#2371);
#1770=LINE('',#10791,#2372);
#1771=LINE('',#10794,#2373);
#1772=LINE('',#10798,#2374);
#1773=LINE('',#10800,#2375);
#1774=LINE('',#10801,#2376);
#1775=LINE('',#10805,#2377);
#1776=LINE('',#10808,#2378);
#1777=LINE('',#10812,#2379);
#1778=LINE('',#10817,#2380);
#1779=LINE('',#10821,#2381);
#1780=LINE('',#10823,#2382);
#1781=LINE('',#10827,#2383);
#1782=LINE('',#10829,#2384);
#1783=LINE('',#10831,#2385);
#1784=LINE('',#10834,#2386);
#1785=LINE('',#10836,#2387);
#1786=LINE('',#10841,#2388);
#1787=LINE('',#10843,#2389);
#1788=LINE('',#10849,#2390);
#1789=LINE('',#10851,#2391);
#1790=LINE('',#10854,#2392);
#1791=LINE('',#10865,#2393);
#1792=LINE('',#10867,#2394);
#1793=LINE('',#10868,#2395);
#1794=LINE('',#10871,#2396);
#1795=LINE('',#10875,#2397);
#1796=LINE('',#10876,#2398);
#1797=LINE('',#10879,#2399);
#1798=LINE('',#10882,#2400);
#1799=LINE('',#10884,#2401);
#1800=LINE('',#10886,#2402);
#1801=LINE('',#10889,#2403);
#1802=LINE('',#10891,#2404);
#1803=LINE('',#10896,#2405);
#1804=LINE('',#10899,#2406);
#1805=LINE('',#10900,#2407);
#1806=LINE('',#10904,#2408);
#1807=LINE('',#10906,#2409);
#1808=LINE('',#10913,#2410);
#1809=LINE('',#10919,#2411);
#1810=LINE('',#10925,#2412);
#1811=LINE('',#10931,#2413);
#1812=LINE('',#10937,#2414);
#1813=LINE('',#10943,#2415);
#1814=LINE('',#10949,#2416);
#1815=LINE('',#10955,#2417);
#1816=LINE('',#10960,#2418);
#1817=LINE('',#10964,#2419);
#1818=LINE('',#10971,#2420);
#1819=LINE('',#10974,#2421);
#1820=LINE('',#10980,#2422);
#1821=LINE('',#10983,#2423);
#1822=LINE('',#10987,#2424);
#1823=LINE('',#10991,#2425);
#1824=LINE('',#10995,#2426);
#1825=LINE('',#10997,#2427);
#1826=LINE('',#10998,#2428);
#1827=LINE('',#11000,#2429);
#1828=LINE('',#11001,#2430);
#1829=LINE('',#11004,#2431);
#1830=LINE('',#11008,#2432);
#1831=LINE('',#11012,#2433);
#1832=LINE('',#11016,#2434);
#1833=LINE('',#11019,#2435);
#1834=LINE('',#11023,#2436);
#1835=LINE('',#11027,#2437);
#1836=LINE('',#11031,#2438);
#1837=LINE('',#11034,#2439);
#1838=LINE('',#11035,#2440);
#1839=LINE('',#11038,#2441);
#1840=LINE('',#11042,#2442);
#1841=LINE('',#11046,#2443);
#1842=LINE('',#11048,#2444);
#1843=LINE('',#11052,#2445);
#1844=LINE('',#11054,#2446);
#1845=LINE('',#11056,#2447);
#1846=LINE('',#11060,#2448);
#1847=LINE('',#11062,#2449);
#1848=LINE('',#11066,#2450);
#1849=LINE('',#11070,#2451);
#1850=LINE('',#11072,#2452);
#1851=LINE('',#11076,#2453);
#1852=LINE('',#11078,#2454);
#1853=LINE('',#11080,#2455);
#1854=LINE('',#11083,#2456);
#1855=LINE('',#11086,#2457);
#1856=LINE('',#11087,#2458);
#1857=LINE('',#11090,#2459);
#1858=LINE('',#11091,#2460);
#1859=LINE('',#11093,#2461);
#1860=LINE('',#11096,#2462);
#1861=LINE('',#11100,#2463);
#1862=LINE('',#11101,#2464);
#1863=LINE('',#11106,#2465);
#1864=LINE('',#11110,#2466);
#1865=LINE('',#11113,#2467);
#1866=LINE('',#11117,#2468);
#1867=LINE('',#11121,#2469);
#1868=LINE('',#11125,#2470);
#1869=LINE('',#11129,#2471);
#1870=LINE('',#11131,#2472);
#1871=LINE('',#11135,#2473);
#1872=LINE('',#11137,#2474);
#1873=LINE('',#11141,#2475);
#1874=LINE('',#11145,#2476);
#1875=LINE('',#11147,#2477);
#1876=LINE('',#11151,#2478);
#1877=LINE('',#11153,#2479);
#1878=LINE('',#11155,#2480);
#1879=LINE('',#11159,#2481);
#1880=LINE('',#11161,#2482);
#1881=LINE('',#11165,#2483);
#1882=LINE('',#11169,#2484);
#1883=LINE('',#11171,#2485);
#1884=LINE('',#11174,#2486);
#1885=LINE('',#11176,#2487);
#1886=LINE('',#11178,#2488);
#1887=LINE('',#11180,#2489);
#1888=LINE('',#11182,#2490);
#1889=LINE('',#11184,#2491);
#1890=LINE('',#11186,#2492);
#1891=LINE('',#11188,#2493);
#1892=LINE('',#11189,#2494);
#1893=LINE('',#11191,#2495);
#1894=LINE('',#11192,#2496);
#1895=LINE('',#11195,#2497);
#1896=LINE('',#11197,#2498);
#1897=LINE('',#11199,#2499);
#1898=LINE('',#11200,#2500);
#1899=LINE('',#11202,#2501);
#1900=LINE('',#11203,#2502);
#1901=LINE('',#11206,#2503);
#1902=LINE('',#11208,#2504);
#1903=LINE('',#11210,#2505);
#1904=LINE('',#11211,#2506);
#1905=LINE('',#11214,#2507);
#1906=LINE('',#11216,#2508);
#1907=LINE('',#11218,#2509);
#1908=LINE('',#11219,#2510);
#1909=LINE('',#11221,#2511);
#1910=LINE('',#11224,#2512);
#1911=LINE('',#11225,#2513);
#1912=LINE('',#11227,#2514);
#1913=LINE('',#11230,#2515);
#1914=LINE('',#11232,#2516);
#1915=LINE('',#11236,#2517);
#1916=LINE('',#11238,#2518);
#1917=LINE('',#11240,#2519);
#1918=LINE('',#11243,#2520);
#1919=LINE('',#11245,#2521);
#1920=VECTOR('',#7163,1.);
#1921=VECTOR('',#7164,1.);
#1922=VECTOR('',#7165,1.);
#1923=VECTOR('',#7166,1.);
#1924=VECTOR('',#7167,1.);
#1925=VECTOR('',#7168,1.);
#1926=VECTOR('',#7171,1.);
#1927=VECTOR('',#7172,1.);
#1928=VECTOR('',#7173,1.);
#1929=VECTOR('',#7176,1.);
#1930=VECTOR('',#7177,1.);
#1931=VECTOR('',#7178,1.);
#1932=VECTOR('',#7179,1.);
#1933=VECTOR('',#7180,1.);
#1934=VECTOR('',#7183,1.);
#1935=VECTOR('',#7184,1.);
#1936=VECTOR('',#7189,1.);
#1937=VECTOR('',#7190,1.);
#1938=VECTOR('',#7191,1.);
#1939=VECTOR('',#7192,1.);
#1940=VECTOR('',#7193,1.);
#1941=VECTOR('',#7194,1.);
#1942=VECTOR('',#7195,1.);
#1943=VECTOR('',#7196,1.);
#1944=VECTOR('',#7197,1.);
#1945=VECTOR('',#7200,1.);
#1946=VECTOR('',#7201,1.);
#1947=VECTOR('',#7202,1.);
#1948=VECTOR('',#7203,1.);
#1949=VECTOR('',#7204,1.);
#1950=VECTOR('',#7205,1.);
#1951=VECTOR('',#7206,1.);
#1952=VECTOR('',#7207,1.);
#1953=VECTOR('',#7208,1.);
#1954=VECTOR('',#7211,1.);
#1955=VECTOR('',#7214,1.);
#1956=VECTOR('',#7215,1.);
#1957=VECTOR('',#7216,1.);
#1958=VECTOR('',#7219,1.);
#1959=VECTOR('',#7222,1.);
#1960=VECTOR('',#7223,1.);
#1961=VECTOR('',#7224,1.);
#1962=VECTOR('',#7225,1.);
#1963=VECTOR('',#7228,1.);
#1964=VECTOR('',#7231,1.);
#1965=VECTOR('',#7234,1.);
#1966=VECTOR('',#7239,1.);
#1967=VECTOR('',#7240,1.);
#1968=VECTOR('',#7241,1.);
#1969=VECTOR('',#7242,1.);
#1970=VECTOR('',#7245,1.);
#1971=VECTOR('',#7246,1.);
#1972=VECTOR('',#7249,1.);
#1973=VECTOR('',#7250,1.);
#1974=VECTOR('',#7251,1.);
#1975=VECTOR('',#7252,1.);
#1976=VECTOR('',#7255,1.);
#1977=VECTOR('',#7256,1.);
#1978=VECTOR('',#7261,1.);
#1979=VECTOR('',#7268,1.);
#1980=VECTOR('',#7271,1.);
#1981=VECTOR('',#7274,1.);
#1982=VECTOR('',#7277,1.);
#1983=VECTOR('',#7280,1.);
#1984=VECTOR('',#7287,1.);
#1985=VECTOR('',#7290,1.);
#1986=VECTOR('',#7293,1.);
#1987=VECTOR('',#7296,1.);
#1988=VECTOR('',#7301,1.);
#1989=VECTOR('',#7304,1.);
#1990=VECTOR('',#7305,1.);
#1991=VECTOR('',#7308,1.);
#1992=VECTOR('',#7309,1.);
#1993=VECTOR('',#7312,1.);
#1994=VECTOR('',#7315,1.);
#1995=VECTOR('',#7316,1.);
#1996=VECTOR('',#7317,1.);
#1997=VECTOR('',#7318,1.);
#1998=VECTOR('',#7321,1.);
#1999=VECTOR('',#7324,1.);
#2000=VECTOR('',#7325,1.);
#2001=VECTOR('',#7328,1.);
#2002=VECTOR('',#7333,1.);
#2003=VECTOR('',#7336,1.);
#2004=VECTOR('',#7337,1.);
#2005=VECTOR('',#7338,1.);
#2006=VECTOR('',#7341,1.);
#2007=VECTOR('',#7342,1.);
#2008=VECTOR('',#7343,1.);
#2009=VECTOR('',#7344,1.);
#2010=VECTOR('',#7347,1.);
#2011=VECTOR('',#7348,1.);
#2012=VECTOR('',#7351,1.);
#2013=VECTOR('',#7356,1.);
#2014=VECTOR('',#7357,1.);
#2015=VECTOR('',#7360,1.);
#2016=VECTOR('',#7361,1.);
#2017=VECTOR('',#7364,1.);
#2018=VECTOR('',#7367,1.);
#2019=VECTOR('',#7370,1.);
#2020=VECTOR('',#7371,1.);
#2021=VECTOR('',#7374,1.);
#2022=VECTOR('',#7379,1.);
#2023=VECTOR('',#7380,1.);
#2024=VECTOR('',#7383,1.);
#2025=VECTOR('',#7386,1.);
#2026=VECTOR('',#7387,1.);
#2027=VECTOR('',#7390,1.);
#2028=VECTOR('',#7391,1.);
#2029=VECTOR('',#7392,1.);
#2030=VECTOR('',#7395,1.);
#2031=VECTOR('',#7398,1.);
#2032=VECTOR('',#7399,1.);
#2033=VECTOR('',#7400,1.);
#2034=VECTOR('',#7401,1.);
#2035=VECTOR('',#7402,1.);
#2036=VECTOR('',#7403,1.);
#2037=VECTOR('',#7406,1.);
#2038=VECTOR('',#7411,1.);
#2039=VECTOR('',#7412,1.);
#2040=VECTOR('',#7415,1.);
#2041=VECTOR('',#7416,1.);
#2042=VECTOR('',#7423,1.);
#2043=VECTOR('',#7424,1.);
#2044=VECTOR('',#7427,1.);
#2045=VECTOR('',#7428,1.);
#2046=VECTOR('',#7429,1.);
#2047=VECTOR('',#7432,1.);
#2048=VECTOR('',#7437,1.);
#2049=VECTOR('',#7438,1.);
#2050=VECTOR('',#7441,1.);
#2051=VECTOR('',#7446,1.);
#2052=VECTOR('',#7447,1.);
#2053=VECTOR('',#7450,1.);
#2054=VECTOR('',#7451,1.);
#2055=VECTOR('',#7452,1.);
#2056=VECTOR('',#7453,1.);
#2057=VECTOR('',#7460,1.);
#2058=VECTOR('',#7463,1.);
#2059=VECTOR('',#7464,1.);
#2060=VECTOR('',#7465,1.);
#2061=VECTOR('',#7472,1.);
#2062=VECTOR('',#7475,1.);
#2063=VECTOR('',#7476,1.);
#2064=VECTOR('',#7477,1.);
#2065=VECTOR('',#7484,1.);
#2066=VECTOR('',#7487,1.);
#2067=VECTOR('',#7488,1.);
#2068=VECTOR('',#7489,1.);
#2069=VECTOR('',#7498,1.);
#2070=VECTOR('',#7501,1.);
#2071=VECTOR('',#7506,1.);
#2072=VECTOR('',#7509,1.);
#2073=VECTOR('',#7512,1.);
#2074=VECTOR('',#7519,1.);
#2075=VECTOR('',#7522,1.);
#2076=VECTOR('',#7523,1.);
#2077=VECTOR('',#7530,1.);
#2078=VECTOR('',#7531,1.);
#2079=VECTOR('',#7532,1.);
#2080=VECTOR('',#7537,1.);
#2081=VECTOR('',#7540,1.);
#2082=VECTOR('',#7541,1.);
#2083=VECTOR('',#7546,1.);
#2084=VECTOR('',#7549,1.);
#2085=VECTOR('',#7550,1.);
#2086=VECTOR('',#7553,1.);
#2087=VECTOR('',#7558,1.);
#2088=VECTOR('',#7559,1.);
#2089=VECTOR('',#7568,0.525);
#2090=VECTOR('',#7575,0.525);
#2091=VECTOR('',#7582,0.525);
#2092=VECTOR('',#7589,0.2);
#2093=VECTOR('',#7598,0.2);
#2094=VECTOR('',#7607,0.2);
#2095=VECTOR('',#7616,0.2);
#2096=VECTOR('',#7625,0.2);
#2097=VECTOR('',#7634,0.2);
#2098=VECTOR('',#7643,0.2);
#2099=VECTOR('',#7652,0.2);
#2100=VECTOR('',#7659,1.);
#2101=VECTOR('',#7664,1.);
#2102=VECTOR('',#7667,1.);
#2103=VECTOR('',#7670,1.);
#2104=VECTOR('',#7675,1.);
#2105=VECTOR('',#7678,1.);
#2106=VECTOR('',#7683,1.);
#2107=VECTOR('',#7686,1.);
#2108=VECTOR('',#7689,1.);
#2109=VECTOR('',#7692,1.);
#2110=VECTOR('',#7695,1.);
#2111=VECTOR('',#7698,1.);
#2112=VECTOR('',#7701,1.);
#2113=VECTOR('',#7702,1.);
#2114=VECTOR('',#7715,1.);
#2115=VECTOR('',#7716,1.);
#2116=VECTOR('',#7719,1.);
#2117=VECTOR('',#7722,1.);
#2118=VECTOR('',#7725,1.);
#2119=VECTOR('',#7726,1.);
#2120=VECTOR('',#7729,1.);
#2121=VECTOR('',#7730,1.);
#2122=VECTOR('',#7733,1.);
#2123=VECTOR('',#7738,1.);
#2124=VECTOR('',#7739,1.);
#2125=VECTOR('',#7744,1.);
#2126=VECTOR('',#7747,1.);
#2127=VECTOR('',#7750,1.);
#2128=VECTOR('',#7753,1.);
#2129=VECTOR('',#7754,1.);
#2130=VECTOR('',#7757,1.);
#2131=VECTOR('',#7760,1.);
#2132=VECTOR('',#7769,1.);
#2133=VECTOR('',#7770,1.);
#2134=VECTOR('',#7773,1.);
#2135=VECTOR('',#7780,0.45);
#2136=VECTOR('',#7787,0.45);
#2137=VECTOR('',#7794,0.45);
#2138=VECTOR('',#7801,0.45);
#2139=VECTOR('',#7806,1.);
#2140=VECTOR('',#7809,1.);
#2141=VECTOR('',#7820,1.);
#2142=VECTOR('',#7821,1.);
#2143=VECTOR('',#7822,1.);
#2144=VECTOR('',#7827,1.);
#2145=VECTOR('',#7830,1.);
#2146=VECTOR('',#7831,1.);
#2147=VECTOR('',#7836,1.);
#2148=VECTOR('',#7839,1.);
#2149=VECTOR('',#7840,1.);
#2150=VECTOR('',#7845,1.);
#2151=VECTOR('',#7848,1.);
#2152=VECTOR('',#7849,1.);
#2153=VECTOR('',#7864,1.);
#2154=VECTOR('',#7867,1.);
#2155=VECTOR('',#7870,1.);
#2156=VECTOR('',#7873,1.);
#2157=VECTOR('',#7880,1.);
#2158=VECTOR('',#7883,1.);
#2159=VECTOR('',#7886,1.);
#2160=VECTOR('',#7889,1.);
#2161=VECTOR('',#7896,1.);
#2162=VECTOR('',#7899,1.);
#2163=VECTOR('',#7902,1.);
#2164=VECTOR('',#7905,1.);
#2165=VECTOR('',#7912,1.);
#2166=VECTOR('',#7915,1.);
#2167=VECTOR('',#7918,1.);
#2168=VECTOR('',#7921,1.);
#2169=VECTOR('',#7924,1.);
#2170=VECTOR('',#7925,1.);
#2171=VECTOR('',#7926,1.);
#2172=VECTOR('',#7929,1.);
#2173=VECTOR('',#7930,1.);
#2174=VECTOR('',#7931,1.);
#2175=VECTOR('',#7932,1.);
#2176=VECTOR('',#7933,1.);
#2177=VECTOR('',#7936,1.);
#2178=VECTOR('',#7937,1.);
#2179=VECTOR('',#7938,1.);
#2180=VECTOR('',#7941,1.);
#2181=VECTOR('',#7942,1.);
#2182=VECTOR('',#7943,1.);
#2183=VECTOR('',#7946,1.);
#2184=VECTOR('',#7947,1.);
#2185=VECTOR('',#7948,1.);
#2186=VECTOR('',#7949,1.);
#2187=VECTOR('',#7950,1.);
#2188=VECTOR('',#7953,1.);
#2189=VECTOR('',#7954,1.);
#2190=VECTOR('',#7955,1.);
#2191=VECTOR('',#7956,1.);
#2192=VECTOR('',#7957,1.);
#2193=VECTOR('',#7960,1.);
#2194=VECTOR('',#7963,1.);
#2195=VECTOR('',#7966,1.);
#2196=VECTOR('',#7971,1.);
#2197=VECTOR('',#7972,1.);
#2198=VECTOR('',#7973,1.);
#2199=VECTOR('',#7974,1.);
#2200=VECTOR('',#7977,1.);
#2201=VECTOR('',#7986,1.);
#2202=VECTOR('',#7987,1.);
#2203=VECTOR('',#7990,1.);
#2204=VECTOR('',#7993,1.);
#2205=VECTOR('',#8000,1.);
#2206=VECTOR('',#8005,1.);
#2207=VECTOR('',#8006,1.);
#2208=VECTOR('',#8009,1.);
#2209=VECTOR('',#8012,1.);
#2210=VECTOR('',#8015,1.);
#2211=VECTOR('',#8020,1.);
#2212=VECTOR('',#8021,1.);
#2213=VECTOR('',#8022,1.);
#2214=VECTOR('',#8023,1.);
#2215=VECTOR('',#8026,1.);
#2216=VECTOR('',#8033,1.);
#2217=VECTOR('',#8036,1.);
#2218=VECTOR('',#8037,1.);
#2219=VECTOR('',#8040,1.);
#2220=VECTOR('',#8043,1.);
#2221=VECTOR('',#8046,1.);
#2222=VECTOR('',#8055,1.);
#2223=VECTOR('',#8056,1.);
#2224=VECTOR('',#8059,1.);
#2225=VECTOR('',#8060,1.);
#2226=VECTOR('',#8061,1.);
#2227=VECTOR('',#8062,1.);
#2228=VECTOR('',#8065,1.);
#2229=VECTOR('',#8066,1.);
#2230=VECTOR('',#8069,1.);
#2231=VECTOR('',#8074,1.);
#2232=VECTOR('',#8079,1.);
#2233=VECTOR('',#8088,1.);
#2234=VECTOR('',#8091,1.);
#2235=VECTOR('',#8092,1.);
#2236=VECTOR('',#8093,1.);
#2237=VECTOR('',#8098,1.);
#2238=VECTOR('',#8101,1.);
#2239=VECTOR('',#8104,1.);
#2240=VECTOR('',#8107,1.);
#2241=VECTOR('',#8108,1.);
#2242=VECTOR('',#8109,1.);
#2243=VECTOR('',#8112,1.);
#2244=VECTOR('',#8115,1.);
#2245=VECTOR('',#8116,1.);
#2246=VECTOR('',#8121,1.);
#2247=VECTOR('',#8122,1.);
#2248=VECTOR('',#8123,1.);
#2249=VECTOR('',#8128,1.);
#2250=VECTOR('',#8131,1.);
#2251=VECTOR('',#8134,1.);
#2252=VECTOR('',#8137,1.);
#2253=VECTOR('',#8138,1.);
#2254=VECTOR('',#8143,1.);
#2255=VECTOR('',#8146,1.);
#2256=VECTOR('',#8149,1.);
#2257=VECTOR('',#8156,1.);
#2258=VECTOR('',#8159,1.);
#2259=VECTOR('',#8162,1.);
#2260=VECTOR('',#8167,1.);
#2261=VECTOR('',#8170,1.);
#2262=VECTOR('',#8175,1.);
#2263=VECTOR('',#8176,1.);
#2264=VECTOR('',#8179,1.);
#2265=VECTOR('',#8184,1.);
#2266=VECTOR('',#8187,1.);
#2267=VECTOR('',#8190,1.);
#2268=VECTOR('',#8197,1.);
#2269=VECTOR('',#8200,1.);
#2270=VECTOR('',#8203,1.);
#2271=VECTOR('',#8210,1.);
#2272=VECTOR('',#8215,1.);
#2273=VECTOR('',#8218,1.);
#2274=VECTOR('',#8221,1.);
#2275=VECTOR('',#8224,1.);
#2276=VECTOR('',#8227,1.);
#2277=VECTOR('',#8228,1.);
#2278=VECTOR('',#8231,1.);
#2279=VECTOR('',#8232,1.);
#2280=VECTOR('',#8235,1.);
#2281=VECTOR('',#8238,1.);
#2282=VECTOR('',#8239,1.);
#2283=VECTOR('',#8242,1.);
#2284=VECTOR('',#8247,0.2);
#2285=VECTOR('',#8256,0.2);
#2286=VECTOR('',#8265,0.2);
#2287=VECTOR('',#8274,0.2);
#2288=VECTOR('',#8283,0.32);
#2289=VECTOR('',#8294,0.32);
#2290=VECTOR('',#8305,0.32);
#2291=VECTOR('',#8316,0.32);
#2292=VECTOR('',#8327,0.17);
#2293=VECTOR('',#8332,0.17);
#2294=VECTOR('',#8337,0.17);
#2295=VECTOR('',#8342,0.17);
#2296=VECTOR('',#8343,0.0740223277126566);
#2297=VECTOR('',#8346,1.);
#2298=VECTOR('',#8349,1.);
#2299=VECTOR('',#8352,1.);
#2300=VECTOR('',#8355,1.);
#2301=VECTOR('',#8358,1.);
#2302=VECTOR('',#8359,1.);
#2303=VECTOR('',#8360,1.);
#2304=VECTOR('',#8363,1.);
#2305=VECTOR('',#8368,1.);
#2306=VECTOR('',#8369,1.);
#2307=VECTOR('',#8372,1.);
#2308=VECTOR('',#8377,1.);
#2309=VECTOR('',#8378,1.);
#2310=VECTOR('',#8381,1.);
#2311=VECTOR('',#8386,1.);
#2312=VECTOR('',#8387,1.);
#2313=VECTOR('',#8394,1.);
#2314=VECTOR('',#8395,1.);
#2315=VECTOR('',#8396,1.);
#2316=VECTOR('',#8397,1.);
#2317=VECTOR('',#8404,1.);
#2318=VECTOR('',#8407,1.);
#2319=VECTOR('',#8408,1.);
#2320=VECTOR('',#8409,1.);
#2321=VECTOR('',#8416,1.);
#2322=VECTOR('',#8419,1.);
#2323=VECTOR('',#8420,1.);
#2324=VECTOR('',#8421,1.);
#2325=VECTOR('',#8426,1.);
#2326=VECTOR('',#8431,1.);
#2327=VECTOR('',#8432,1.);
#2328=VECTOR('',#8433,1.);
#2329=VECTOR('',#8446,0.45);
#2330=VECTOR('',#8455,0.45);
#2331=VECTOR('',#8464,0.45);
#2332=VECTOR('',#8473,0.45);
#2333=VECTOR('',#8480,1.);
#2334=VECTOR('',#8483,1.);
#2335=VECTOR('',#8486,1.);
#2336=VECTOR('',#8489,1.);
#2337=VECTOR('',#8494,1.);
#2338=VECTOR('',#8497,1.);
#2339=VECTOR('',#8500,1.);
#2340=VECTOR('',#8503,1.);
#2341=VECTOR('',#8506,1.);
#2342=VECTOR('',#8511,1.);
#2343=VECTOR('',#8514,1.);
#2344=VECTOR('',#8517,1.);
#2345=VECTOR('',#8520,1.);
#2346=VECTOR('',#8523,1.);
#2347=VECTOR('',#8526,1.);
#2348=VECTOR('',#8529,1.);
#2349=VECTOR('',#8530,1.);
#2350=VECTOR('',#8533,1.);
#2351=VECTOR('',#8534,1.);
#2352=VECTOR('',#8537,1.);
#2353=VECTOR('',#8538,1.);
#2354=VECTOR('',#8541,1.);
#2355=VECTOR('',#8542,1.);
#2356=VECTOR('',#8543,1.);
#2357=VECTOR('',#8544,1.);
#2358=VECTOR('',#8547,1.);
#2359=VECTOR('',#8550,1.);
#2360=VECTOR('',#8553,1.);
#2361=VECTOR('',#8556,1.);
#2362=VECTOR('',#8559,1.);
#2363=VECTOR('',#8560,1.);
#2364=VECTOR('',#8563,1.);
#2365=VECTOR('',#8564,1.);
#2366=VECTOR('',#8569,1.);
#2367=VECTOR('',#8570,1.);
#2368=VECTOR('',#8573,1.);
#2369=VECTOR('',#8574,1.);
#2370=VECTOR('',#8577,1.);
#2371=VECTOR('',#8580,1.);
#2372=VECTOR('',#8583,1.);
#2373=VECTOR('',#8588,1.);
#2374=VECTOR('',#8593,1.);
#2375=VECTOR('',#8594,1.);
#2376=VECTOR('',#8595,1.);
#2377=VECTOR('',#8600,1.);
#2378=VECTOR('',#8603,1.);
#2379=VECTOR('',#8608,1.);
#2380=VECTOR('',#8615,1.);
#2381=VECTOR('',#8620,1.);
#2382=VECTOR('',#8621,1.);
#2383=VECTOR('',#8628,1.);
#2384=VECTOR('',#8631,1.);
#2385=VECTOR('',#8634,1.);
#2386=VECTOR('',#8639,1.);
#2387=VECTOR('',#8642,1.);
#2388=VECTOR('',#8651,1.);
#2389=VECTOR('',#8654,1.);
#2390=VECTOR('',#8665,1.);
#2391=VECTOR('',#8668,1.);
#2392=VECTOR('',#8673,1.);
#2393=VECTOR('',#8692,1.);
#2394=VECTOR('',#8693,1.);
#2395=VECTOR('',#8694,1.);
#2396=VECTOR('',#8697,1.);
#2397=VECTOR('',#8702,1.);
#2398=VECTOR('',#8703,1.);
#2399=VECTOR('',#8706,1.);
#2400=VECTOR('',#8711,1.);
#2401=VECTOR('',#8714,1.);
#2402=VECTOR('',#8717,1.);
#2403=VECTOR('',#8722,1.);
#2404=VECTOR('',#8725,1.);
#2405=VECTOR('',#8732,1.);
#2406=VECTOR('',#8735,1.);
#2407=VECTOR('',#8736,1.);
#2408=VECTOR('',#8741,1.);
#2409=VECTOR('',#8744,1.);
#2410=VECTOR('',#8753,0.17);
#2411=VECTOR('',#8760,0.17);
#2412=VECTOR('',#8767,0.17);
#2413=VECTOR('',#8774,0.17);
#2414=VECTOR('',#8781,0.14);
#2415=VECTOR('',#8788,0.14);
#2416=VECTOR('',#8795,0.14);
#2417=VECTOR('',#8802,0.14);
#2418=VECTOR('',#8807,1.);
#2419=VECTOR('',#8810,1.);
#2420=VECTOR('',#8817,1.);
#2421=VECTOR('',#8820,1.);
#2422=VECTOR('',#8825,1.);
#2423=VECTOR('',#8828,1.);
#2424=VECTOR('',#8831,1.);
#2425=VECTOR('',#8834,1.);
#2426=VECTOR('',#8839,1.);
#2427=VECTOR('',#8840,1.);
#2428=VECTOR('',#8841,1.);
#2429=VECTOR('',#8844,1.);
#2430=VECTOR('',#8845,1.);
#2431=VECTOR('',#8848,1.);
#2432=VECTOR('',#8851,1.);
#2433=VECTOR('',#8854,1.);
#2434=VECTOR('',#8857,1.);
#2435=VECTOR('',#8860,1.);
#2436=VECTOR('',#8863,1.);
#2437=VECTOR('',#8866,1.);
#2438=VECTOR('',#8869,1.);
#2439=VECTOR('',#8872,1.);
#2440=VECTOR('',#8873,1.);
#2441=VECTOR('',#8874,1.);
#2442=VECTOR('',#8877,1.);
#2443=VECTOR('',#8880,1.);
#2444=VECTOR('',#8881,1.);
#2445=VECTOR('',#8884,1.);
#2446=VECTOR('',#8885,1.);
#2447=VECTOR('',#8886,1.);
#2448=VECTOR('',#8889,1.);
#2449=VECTOR('',#8890,1.);
#2450=VECTOR('',#8893,1.);
#2451=VECTOR('',#8896,1.);
#2452=VECTOR('',#8897,1.);
#2453=VECTOR('',#8900,1.);
#2454=VECTOR('',#8901,1.);
#2455=VECTOR('',#8902,1.);
#2456=VECTOR('',#8905,1.);
#2457=VECTOR('',#8908,1.);
#2458=VECTOR('',#8909,1.);
#2459=VECTOR('',#8912,1.);
#2460=VECTOR('',#8913,1.);
#2461=VECTOR('',#8916,1.);
#2462=VECTOR('',#8919,1.);
#2463=VECTOR('',#8924,1.);
#2464=VECTOR('',#8925,1.);
#2465=VECTOR('',#8930,1.);
#2466=VECTOR('',#8933,1.);
#2467=VECTOR('',#8936,1.);
#2468=VECTOR('',#8939,1.);
#2469=VECTOR('',#8942,1.);
#2470=VECTOR('',#8945,1.);
#2471=VECTOR('',#8948,1.);
#2472=VECTOR('',#8949,1.);
#2473=VECTOR('',#8952,1.);
#2474=VECTOR('',#8953,1.);
#2475=VECTOR('',#8956,1.);
#2476=VECTOR('',#8959,1.);
#2477=VECTOR('',#8960,1.);
#2478=VECTOR('',#8963,1.);
#2479=VECTOR('',#8964,1.);
#2480=VECTOR('',#8965,1.);
#2481=VECTOR('',#8968,1.);
#2482=VECTOR('',#8969,1.);
#2483=VECTOR('',#8972,1.);
#2484=VECTOR('',#8975,1.);
#2485=VECTOR('',#8976,1.);
#2486=VECTOR('',#8979,1.);
#2487=VECTOR('',#8982,1.);
#2488=VECTOR('',#8985,1.);
#2489=VECTOR('',#8988,1.);
#2490=VECTOR('',#8991,1.);
#2491=VECTOR('',#8994,1.);
#2492=VECTOR('',#8997,1.);
#2493=VECTOR('',#9000,1.);
#2494=VECTOR('',#9001,1.);
#2495=VECTOR('',#9004,1.);
#2496=VECTOR('',#9005,1.);
#2497=VECTOR('',#9010,1.);
#2498=VECTOR('',#9013,1.);
#2499=VECTOR('',#9016,1.);
#2500=VECTOR('',#9017,1.);
#2501=VECTOR('',#9020,1.);
#2502=VECTOR('',#9021,1.);
#2503=VECTOR('',#9026,1.);
#2504=VECTOR('',#9029,1.);
#2505=VECTOR('',#9032,1.);
#2506=VECTOR('',#9033,1.);
#2507=VECTOR('',#9038,1.);
#2508=VECTOR('',#9041,1.);
#2509=VECTOR('',#9044,1.);
#2510=VECTOR('',#9045,1.);
#2511=VECTOR('',#9048,1.);
#2512=VECTOR('',#9053,1.);
#2513=VECTOR('',#9054,1.);
#2514=VECTOR('',#9057,1.);
#2515=VECTOR('',#9062,1.);
#2516=VECTOR('',#9065,1.);
#2517=VECTOR('',#9072,1.);
#2518=VECTOR('',#9075,1.);
#2519=VECTOR('',#9078,1.);
#2520=VECTOR('',#9083,1.);
#2521=VECTOR('',#9086,1.);
#2522=VERTEX_POINT('',#9098);
#2523=VERTEX_POINT('',#9099);
#2524=VERTEX_POINT('',#9101);
#2525=VERTEX_POINT('',#9103);
#2526=VERTEX_POINT('',#9105);
#2527=VERTEX_POINT('',#9107);
#2528=VERTEX_POINT('',#9111);
#2529=VERTEX_POINT('',#9113);
#2530=VERTEX_POINT('',#9117);
#2531=VERTEX_POINT('',#9119);
#2532=VERTEX_POINT('',#9121);
#2533=VERTEX_POINT('',#9123);
#2534=VERTEX_POINT('',#9131);
#2535=VERTEX_POINT('',#9133);
#2536=VERTEX_POINT('',#9135);
#2537=VERTEX_POINT('',#9137);
#2538=VERTEX_POINT('',#9139);
#2539=VERTEX_POINT('',#9141);
#2540=VERTEX_POINT('',#9143);
#2541=VERTEX_POINT('',#9145);
#2542=VERTEX_POINT('',#9149);
#2543=VERTEX_POINT('',#9151);
#2544=VERTEX_POINT('',#9153);
#2545=VERTEX_POINT('',#9155);
#2546=VERTEX_POINT('',#9157);
#2547=VERTEX_POINT('',#9160);
#2548=VERTEX_POINT('',#9162);
#2549=VERTEX_POINT('',#9164);
#2550=VERTEX_POINT('',#9166);
#2551=VERTEX_POINT('',#9168);
#2552=VERTEX_POINT('',#9170);
#2553=VERTEX_POINT('',#9172);
#2554=VERTEX_POINT('',#9174);
#2555=VERTEX_POINT('',#9176);
#2556=VERTEX_POINT('',#9178);
#2557=VERTEX_POINT('',#9180);
#2558=VERTEX_POINT('',#9182);
#2559=VERTEX_POINT('',#9184);
#2560=VERTEX_POINT('',#9186);
#2561=VERTEX_POINT('',#9189);
#2562=VERTEX_POINT('',#9190);
#2563=VERTEX_POINT('',#9192);
#2564=VERTEX_POINT('',#9194);
#2565=VERTEX_POINT('',#9196);
#2566=VERTEX_POINT('',#9198);
#2567=VERTEX_POINT('',#9200);
#2568=VERTEX_POINT('',#9202);
#2569=VERTEX_POINT('',#9206);
#2570=VERTEX_POINT('',#9208);
#2571=VERTEX_POINT('',#9210);
#2572=VERTEX_POINT('',#9214);
#2573=VERTEX_POINT('',#9218);
#2574=VERTEX_POINT('',#9220);
#2575=VERTEX_POINT('',#9222);
#2576=VERTEX_POINT('',#9230);
#2577=VERTEX_POINT('',#9231);
#2578=VERTEX_POINT('',#9235);
#2579=VERTEX_POINT('',#9236);
#2580=VERTEX_POINT('',#9238);
#2581=VERTEX_POINT('',#9240);
#2582=VERTEX_POINT('',#9247);
#2583=VERTEX_POINT('',#9251);
#2584=VERTEX_POINT('',#9253);
#2585=VERTEX_POINT('',#9257);
#2586=VERTEX_POINT('',#9258);
#2587=VERTEX_POINT('',#9262);
#2588=VERTEX_POINT('',#9263);
#2589=VERTEX_POINT('',#9265);
#2590=VERTEX_POINT('',#9267);
#2591=VERTEX_POINT('',#9269);
#2592=VERTEX_POINT('',#9278);
#2593=VERTEX_POINT('',#9280);
#2594=VERTEX_POINT('',#9284);
#2595=VERTEX_POINT('',#9286);
#2596=VERTEX_POINT('',#9288);
#2597=VERTEX_POINT('',#9293);
#2598=VERTEX_POINT('',#9295);
#2599=VERTEX_POINT('',#9297);
#2600=VERTEX_POINT('',#9299);
#2601=VERTEX_POINT('',#9301);
#2602=VERTEX_POINT('',#9303);
#2603=VERTEX_POINT('',#9306);
#2604=VERTEX_POINT('',#9308);
#2605=VERTEX_POINT('',#9310);
#2606=VERTEX_POINT('',#9312);
#2607=VERTEX_POINT('',#9314);
#2608=VERTEX_POINT('',#9316);
#2609=VERTEX_POINT('',#9322);
#2610=VERTEX_POINT('',#9326);
#2611=VERTEX_POINT('',#9328);
#2612=VERTEX_POINT('',#9332);
#2613=VERTEX_POINT('',#9333);
#2614=VERTEX_POINT('',#9335);
#2615=VERTEX_POINT('',#9338);
#2616=VERTEX_POINT('',#9340);
#2617=VERTEX_POINT('',#9343);
#2618=VERTEX_POINT('',#9345);
#2619=VERTEX_POINT('',#9347);
#2620=VERTEX_POINT('',#9357);
#2621=VERTEX_POINT('',#9359);
#2622=VERTEX_POINT('',#9363);
#2623=VERTEX_POINT('',#9367);
#2624=VERTEX_POINT('',#9371);
#2625=VERTEX_POINT('',#9380);
#2626=VERTEX_POINT('',#9381);
#2627=VERTEX_POINT('',#9383);
#2628=VERTEX_POINT('',#9385);
#2629=VERTEX_POINT('',#9387);
#2630=VERTEX_POINT('',#9389);
#2631=VERTEX_POINT('',#9391);
#2632=VERTEX_POINT('',#9393);
#2633=VERTEX_POINT('',#9395);
#2634=VERTEX_POINT('',#9398);
#2635=VERTEX_POINT('',#9400);
#2636=VERTEX_POINT('',#9402);
#2637=VERTEX_POINT('',#9404);
#2638=VERTEX_POINT('',#9406);
#2639=VERTEX_POINT('',#9421);
#2640=VERTEX_POINT('',#9423);
#2641=VERTEX_POINT('',#9427);
#2642=VERTEX_POINT('',#9431);
#2643=VERTEX_POINT('',#9435);
#2644=VERTEX_POINT('',#9439);
#2645=VERTEX_POINT('',#9443);
#2646=VERTEX_POINT('',#9444);
#2647=VERTEX_POINT('',#9446);
#2648=VERTEX_POINT('',#9448);
#2649=VERTEX_POINT('',#9452);
#2650=VERTEX_POINT('',#9454);
#2651=VERTEX_POINT('',#9458);
#2652=VERTEX_POINT('',#9460);
#2653=VERTEX_POINT('',#9464);
#2654=VERTEX_POINT('',#9466);
#2655=VERTEX_POINT('',#9470);
#2656=VERTEX_POINT('',#9472);
#2657=VERTEX_POINT('',#9476);
#2658=VERTEX_POINT('',#9478);
#2659=VERTEX_POINT('',#9482);
#2660=VERTEX_POINT('',#9484);
#2661=VERTEX_POINT('',#9491);
#2662=VERTEX_POINT('',#9493);
#2663=VERTEX_POINT('',#9495);
#2664=VERTEX_POINT('',#9506);
#2665=VERTEX_POINT('',#9510);
#2666=VERTEX_POINT('',#9516);
#2667=VERTEX_POINT('',#9518);
#2668=VERTEX_POINT('',#9522);
#2669=VERTEX_POINT('',#9526);
#2670=VERTEX_POINT('',#9530);
#2671=VERTEX_POINT('',#9534);
#2672=VERTEX_POINT('',#9538);
#2673=VERTEX_POINT('',#9542);
#2674=VERTEX_POINT('',#9548);
#2675=VERTEX_POINT('',#9550);
#2676=VERTEX_POINT('',#9554);
#2677=VERTEX_POINT('',#9556);
#2678=VERTEX_POINT('',#9560);
#2679=VERTEX_POINT('',#9562);
#2680=VERTEX_POINT('',#9566);
#2681=VERTEX_POINT('',#9568);
#2682=VERTEX_POINT('',#9573);
#2683=VERTEX_POINT('',#9575);
#2684=VERTEX_POINT('',#9580);
#2685=VERTEX_POINT('',#9582);
#2686=VERTEX_POINT('',#9587);
#2687=VERTEX_POINT('',#9589);
#2688=VERTEX_POINT('',#9594);
#2689=VERTEX_POINT('',#9596);
#2690=VERTEX_POINT('',#9601);
#2691=VERTEX_POINT('',#9603);
#2692=VERTEX_POINT('',#9608);
#2693=VERTEX_POINT('',#9610);
#2694=VERTEX_POINT('',#9615);
#2695=VERTEX_POINT('',#9617);
#2696=VERTEX_POINT('',#9632);
#2697=VERTEX_POINT('',#9633);
#2698=VERTEX_POINT('',#9635);
#2699=VERTEX_POINT('',#9637);
#2700=VERTEX_POINT('',#9642);
#2701=VERTEX_POINT('',#9644);
#2702=VERTEX_POINT('',#9646);
#2703=VERTEX_POINT('',#9648);
#2704=VERTEX_POINT('',#9650);
#2705=VERTEX_POINT('',#9652);
#2706=VERTEX_POINT('',#9654);
#2707=VERTEX_POINT('',#9656);
#2708=VERTEX_POINT('',#9658);
#2709=VERTEX_POINT('',#9660);
#2710=VERTEX_POINT('',#9662);
#2711=VERTEX_POINT('',#9665);
#2712=VERTEX_POINT('',#9668);
#2713=VERTEX_POINT('',#9670);
#2714=VERTEX_POINT('',#9672);
#2715=VERTEX_POINT('',#9674);
#2716=VERTEX_POINT('',#9677);
#2717=VERTEX_POINT('',#9681);
#2718=VERTEX_POINT('',#9683);
#2719=VERTEX_POINT('',#9687);
#2720=VERTEX_POINT('',#9691);
#2721=VERTEX_POINT('',#9695);
#2722=VERTEX_POINT('',#9699);
#2723=VERTEX_POINT('',#9703);
#2724=VERTEX_POINT('',#9704);
#2725=VERTEX_POINT('',#9706);
#2726=VERTEX_POINT('',#9708);
#2727=VERTEX_POINT('',#9710);
#2728=VERTEX_POINT('',#9712);
#2729=VERTEX_POINT('',#9714);
#2730=VERTEX_POINT('',#9716);
#2731=VERTEX_POINT('',#9719);
#2732=VERTEX_POINT('',#9721);
#2733=VERTEX_POINT('',#9723);
#2734=VERTEX_POINT('',#9725);
#2735=VERTEX_POINT('',#9727);
#2736=VERTEX_POINT('',#9739);
#2737=VERTEX_POINT('',#9744);
#2738=VERTEX_POINT('',#9749);
#2739=VERTEX_POINT('',#9754);
#2740=VERTEX_POINT('',#9767);
#2741=VERTEX_POINT('',#9768);
#2742=VERTEX_POINT('',#9773);
#2743=VERTEX_POINT('',#9777);
#2744=VERTEX_POINT('',#9781);
#2745=VERTEX_POINT('',#9785);
#2746=VERTEX_POINT('',#9789);
#2747=VERTEX_POINT('',#9793);
#2748=VERTEX_POINT('',#9801);
#2749=VERTEX_POINT('',#9802);
#2750=VERTEX_POINT('',#9804);
#2751=VERTEX_POINT('',#9806);
#2752=VERTEX_POINT('',#9808);
#2753=VERTEX_POINT('',#9810);
#2754=VERTEX_POINT('',#9812);
#2755=VERTEX_POINT('',#9814);
#2756=VERTEX_POINT('',#9816);
#2757=VERTEX_POINT('',#9820);
#2758=VERTEX_POINT('',#9821);
#2759=VERTEX_POINT('',#9823);
#2760=VERTEX_POINT('',#9825);
#2761=VERTEX_POINT('',#9827);
#2762=VERTEX_POINT('',#9829);
#2763=VERTEX_POINT('',#9831);
#2764=VERTEX_POINT('',#9833);
#2765=VERTEX_POINT('',#9835);
#2766=VERTEX_POINT('',#9839);
#2767=VERTEX_POINT('',#9840);
#2768=VERTEX_POINT('',#9842);
#2769=VERTEX_POINT('',#9844);
#2770=VERTEX_POINT('',#9846);
#2771=VERTEX_POINT('',#9848);
#2772=VERTEX_POINT('',#9850);
#2773=VERTEX_POINT('',#9852);
#2774=VERTEX_POINT('',#9854);
#2775=VERTEX_POINT('',#9858);
#2776=VERTEX_POINT('',#9859);
#2777=VERTEX_POINT('',#9861);
#2778=VERTEX_POINT('',#9863);
#2779=VERTEX_POINT('',#9865);
#2780=VERTEX_POINT('',#9867);
#2781=VERTEX_POINT('',#9869);
#2782=VERTEX_POINT('',#9871);
#2783=VERTEX_POINT('',#9873);
#2784=VERTEX_POINT('',#9877);
#2785=VERTEX_POINT('',#9879);
#2786=VERTEX_POINT('',#9883);
#2787=VERTEX_POINT('',#9885);
#2788=VERTEX_POINT('',#9887);
#2789=VERTEX_POINT('',#9889);
#2790=VERTEX_POINT('',#9893);
#2791=VERTEX_POINT('',#9895);
#2792=VERTEX_POINT('',#9899);
#2793=VERTEX_POINT('',#9901);
#2794=VERTEX_POINT('',#9905);
#2795=VERTEX_POINT('',#9907);
#2796=VERTEX_POINT('',#9909);
#2797=VERTEX_POINT('',#9911);
#2798=VERTEX_POINT('',#9915);
#2799=VERTEX_POINT('',#9917);
#2800=VERTEX_POINT('',#9919);
#2801=VERTEX_POINT('',#9921);
#2802=VERTEX_POINT('',#9925);
#2803=VERTEX_POINT('',#9927);
#2804=VERTEX_POINT('',#9931);
#2805=VERTEX_POINT('',#9935);
#2806=VERTEX_POINT('',#9937);
#2807=VERTEX_POINT('',#9939);
#2808=VERTEX_POINT('',#9943);
#2809=VERTEX_POINT('',#9949);
#2810=VERTEX_POINT('',#9953);
#2811=VERTEX_POINT('',#9955);
#2812=VERTEX_POINT('',#9959);
#2813=VERTEX_POINT('',#9961);
#2814=VERTEX_POINT('',#9963);
#2815=VERTEX_POINT('',#9965);
#2816=VERTEX_POINT('',#9967);
#2817=VERTEX_POINT('',#9970);
#2818=VERTEX_POINT('',#9972);
#2819=VERTEX_POINT('',#9974);
#2820=VERTEX_POINT('',#9976);
#2821=VERTEX_POINT('',#9980);
#2822=VERTEX_POINT('',#9984);
#2823=VERTEX_POINT('',#9986);
#2824=VERTEX_POINT('',#9988);
#2825=VERTEX_POINT('',#9992);
#2826=VERTEX_POINT('',#9996);
#2827=VERTEX_POINT('',#9998);
#2828=VERTEX_POINT('',#10000);
#2829=VERTEX_POINT('',#10003);
#2830=VERTEX_POINT('',#10005);
#2831=VERTEX_POINT('',#10007);
#2832=VERTEX_POINT('',#10009);
#2833=VERTEX_POINT('',#10011);
#2834=VERTEX_POINT('',#10013);
#2835=VERTEX_POINT('',#10015);
#2836=VERTEX_POINT('',#10021);
#2837=VERTEX_POINT('',#10025);
#2838=VERTEX_POINT('',#10026);
#2839=VERTEX_POINT('',#10028);
#2840=VERTEX_POINT('',#10030);
#2841=VERTEX_POINT('',#10035);
#2842=VERTEX_POINT('',#10037);
#2843=VERTEX_POINT('',#10041);
#2844=VERTEX_POINT('',#10042);
#2845=VERTEX_POINT('',#10046);
#2846=VERTEX_POINT('',#10047);
#2847=VERTEX_POINT('',#10053);
#2848=VERTEX_POINT('',#10054);
#2849=VERTEX_POINT('',#10058);
#2850=VERTEX_POINT('',#10060);
#2851=VERTEX_POINT('',#10064);
#2852=VERTEX_POINT('',#10065);
#2853=VERTEX_POINT('',#10067);
#2854=VERTEX_POINT('',#10069);
#2855=VERTEX_POINT('',#10071);
#2856=VERTEX_POINT('',#10073);
#2857=VERTEX_POINT('',#10077);
#2858=VERTEX_POINT('',#10079);
#2859=VERTEX_POINT('',#10083);
#2860=VERTEX_POINT('',#10085);
#2861=VERTEX_POINT('',#10091);
#2862=VERTEX_POINT('',#10093);
#2863=VERTEX_POINT('',#10097);
#2864=VERTEX_POINT('',#10098);
#2865=VERTEX_POINT('',#10100);
#2866=VERTEX_POINT('',#10102);
#2867=VERTEX_POINT('',#10104);
#2868=VERTEX_POINT('',#10106);
#2869=VERTEX_POINT('',#10114);
#2870=VERTEX_POINT('',#10116);
#2871=VERTEX_POINT('',#10118);
#2872=VERTEX_POINT('',#10120);
#2873=VERTEX_POINT('',#10122);
#2874=VERTEX_POINT('',#10126);
#2875=VERTEX_POINT('',#10128);
#2876=VERTEX_POINT('',#10130);
#2877=VERTEX_POINT('',#10132);
#2878=VERTEX_POINT('',#10134);
#2879=VERTEX_POINT('',#10139);
#2880=VERTEX_POINT('',#10141);
#2881=VERTEX_POINT('',#10143);
#2882=VERTEX_POINT('',#10147);
#2883=VERTEX_POINT('',#10153);
#2884=VERTEX_POINT('',#10155);
#2885=VERTEX_POINT('',#10157);
#2886=VERTEX_POINT('',#10159);
#2887=VERTEX_POINT('',#10161);
#2888=VERTEX_POINT('',#10167);
#2889=VERTEX_POINT('',#10169);
#2890=VERTEX_POINT('',#10171);
#2891=VERTEX_POINT('',#10173);
#2892=VERTEX_POINT('',#10175);
#2893=VERTEX_POINT('',#10179);
#2894=VERTEX_POINT('',#10181);
#2895=VERTEX_POINT('',#10185);
#2896=VERTEX_POINT('',#10187);
#2897=VERTEX_POINT('',#10191);
#2898=VERTEX_POINT('',#10193);
#2899=VERTEX_POINT('',#10195);
#2900=VERTEX_POINT('',#10197);
#2901=VERTEX_POINT('',#10200);
#2902=VERTEX_POINT('',#10202);
#2903=VERTEX_POINT('',#10205);
#2904=VERTEX_POINT('',#10207);
#2905=VERTEX_POINT('',#10211);
#2906=VERTEX_POINT('',#10217);
#2907=VERTEX_POINT('',#10219);
#2908=VERTEX_POINT('',#10224);
#2909=VERTEX_POINT('',#10226);
#2910=VERTEX_POINT('',#10231);
#2911=VERTEX_POINT('',#10233);
#2912=VERTEX_POINT('',#10238);
#2913=VERTEX_POINT('',#10240);
#2914=VERTEX_POINT('',#10245);
#2915=VERTEX_POINT('',#10247);
#2916=VERTEX_POINT('',#10251);
#2917=VERTEX_POINT('',#10254);
#2918=VERTEX_POINT('',#10256);
#2919=VERTEX_POINT('',#10260);
#2920=VERTEX_POINT('',#10263);
#2921=VERTEX_POINT('',#10265);
#2922=VERTEX_POINT('',#10269);
#2923=VERTEX_POINT('',#10272);
#2924=VERTEX_POINT('',#10274);
#2925=VERTEX_POINT('',#10278);
#2926=VERTEX_POINT('',#10281);
#2927=VERTEX_POINT('',#10285);
#2928=VERTEX_POINT('',#10289);
#2929=VERTEX_POINT('',#10293);
#2930=VERTEX_POINT('',#10460);
#2931=VERTEX_POINT('',#10555);
#2932=VERTEX_POINT('',#10557);
#2933=VERTEX_POINT('',#10559);
#2934=VERTEX_POINT('',#10561);
#2935=VERTEX_POINT('',#10563);
#2936=VERTEX_POINT('',#10565);
#2937=VERTEX_POINT('',#10567);
#2938=VERTEX_POINT('',#10569);
#2939=VERTEX_POINT('',#10573);
#2940=VERTEX_POINT('',#10575);
#2941=VERTEX_POINT('',#10579);
#2942=VERTEX_POINT('',#10583);
#2943=VERTEX_POINT('',#10587);
#2944=VERTEX_POINT('',#10591);
#2945=VERTEX_POINT('',#10595);
#2946=VERTEX_POINT('',#10599);
#2947=VERTEX_POINT('',#10605);
#2948=VERTEX_POINT('',#10606);
#2949=VERTEX_POINT('',#10608);
#2950=VERTEX_POINT('',#10610);
#2951=VERTEX_POINT('',#10614);
#2952=VERTEX_POINT('',#10616);
#2953=VERTEX_POINT('',#10620);
#2954=VERTEX_POINT('',#10622);
#2955=VERTEX_POINT('',#10626);
#2956=VERTEX_POINT('',#10628);
#2957=VERTEX_POINT('',#10632);
#2958=VERTEX_POINT('',#10634);
#2959=VERTEX_POINT('',#10638);
#2960=VERTEX_POINT('',#10640);
#2961=VERTEX_POINT('',#10644);
#2962=VERTEX_POINT('',#10646);
#2963=VERTEX_POINT('',#10654);
#2964=VERTEX_POINT('',#10656);
#2965=VERTEX_POINT('',#10661);
#2966=VERTEX_POINT('',#10663);
#2967=VERTEX_POINT('',#10668);
#2968=VERTEX_POINT('',#10670);
#2969=VERTEX_POINT('',#10675);
#2970=VERTEX_POINT('',#10677);
#2971=VERTEX_POINT('',#10682);
#2972=VERTEX_POINT('',#10683);
#2973=VERTEX_POINT('',#10685);
#2974=VERTEX_POINT('',#10687);
#2975=VERTEX_POINT('',#10689);
#2976=VERTEX_POINT('',#10691);
#2977=VERTEX_POINT('',#10693);
#2978=VERTEX_POINT('',#10695);
#2979=VERTEX_POINT('',#10699);
#2980=VERTEX_POINT('',#10701);
#2981=VERTEX_POINT('',#10703);
#2982=VERTEX_POINT('',#10705);
#2983=VERTEX_POINT('',#10709);
#2984=VERTEX_POINT('',#10711);
#2985=VERTEX_POINT('',#10713);
#2986=VERTEX_POINT('',#10717);
#2987=VERTEX_POINT('',#10719);
#2988=VERTEX_POINT('',#10721);
#2989=VERTEX_POINT('',#10723);
#2990=VERTEX_POINT('',#10727);
#2991=VERTEX_POINT('',#10729);
#2992=VERTEX_POINT('',#10731);
#2993=VERTEX_POINT('',#10733);
#2994=VERTEX_POINT('',#10740);
#2995=VERTEX_POINT('',#10747);
#2996=VERTEX_POINT('',#10749);
#2997=VERTEX_POINT('',#10754);
#2998=VERTEX_POINT('',#10757);
#2999=VERTEX_POINT('',#10759);
#3000=VERTEX_POINT('',#10761);
#3001=VERTEX_POINT('',#10763);
#3002=VERTEX_POINT('',#10767);
#3003=VERTEX_POINT('',#10779);
#3004=VERTEX_POINT('',#10781);
#3005=VERTEX_POINT('',#10783);
#3006=VERTEX_POINT('',#10786);
#3007=VERTEX_POINT('',#10788);
#3008=VERTEX_POINT('',#10790);
#3009=VERTEX_POINT('',#10797);
#3010=VERTEX_POINT('',#10799);
#3011=VERTEX_POINT('',#10804);
#3012=VERTEX_POINT('',#10806);
#3013=VERTEX_POINT('',#10810);
#3014=VERTEX_POINT('',#10816);
#3015=VERTEX_POINT('',#10820);
#3016=VERTEX_POINT('',#10822);
#3017=VERTEX_POINT('',#10864);
#3018=VERTEX_POINT('',#10866);
#3019=VERTEX_POINT('',#10870);
#3020=VERTEX_POINT('',#10874);
#3021=VERTEX_POINT('',#10878);
#3022=VERTEX_POINT('',#10894);
#3023=VERTEX_POINT('',#10898);
#3024=VERTEX_POINT('',#10902);
#3025=VERTEX_POINT('',#10910);
#3026=VERTEX_POINT('',#10912);
#3027=VERTEX_POINT('',#10916);
#3028=VERTEX_POINT('',#10918);
#3029=VERTEX_POINT('',#10922);
#3030=VERTEX_POINT('',#10924);
#3031=VERTEX_POINT('',#10928);
#3032=VERTEX_POINT('',#10930);
#3033=VERTEX_POINT('',#10934);
#3034=VERTEX_POINT('',#10936);
#3035=VERTEX_POINT('',#10940);
#3036=VERTEX_POINT('',#10942);
#3037=VERTEX_POINT('',#10946);
#3038=VERTEX_POINT('',#10948);
#3039=VERTEX_POINT('',#10952);
#3040=VERTEX_POINT('',#10954);
#3041=VERTEX_POINT('',#10958);
#3042=VERTEX_POINT('',#10959);
#3043=VERTEX_POINT('',#10961);
#3044=VERTEX_POINT('',#10963);
#3045=VERTEX_POINT('',#10967);
#3046=VERTEX_POINT('',#10968);
#3047=VERTEX_POINT('',#10970);
#3048=VERTEX_POINT('',#10972);
#3049=VERTEX_POINT('',#10976);
#3050=VERTEX_POINT('',#10977);
#3051=VERTEX_POINT('',#10979);
#3052=VERTEX_POINT('',#10981);
#3053=VERTEX_POINT('',#10985);
#3054=VERTEX_POINT('',#10986);
#3055=VERTEX_POINT('',#10988);
#3056=VERTEX_POINT('',#10990);
#3057=VERTEX_POINT('',#10994);
#3058=VERTEX_POINT('',#10996);
#3059=VERTEX_POINT('',#11003);
#3060=VERTEX_POINT('',#11005);
#3061=VERTEX_POINT('',#11007);
#3062=VERTEX_POINT('',#11009);
#3063=VERTEX_POINT('',#11011);
#3064=VERTEX_POINT('',#11013);
#3065=VERTEX_POINT('',#11015);
#3066=VERTEX_POINT('',#11018);
#3067=VERTEX_POINT('',#11020);
#3068=VERTEX_POINT('',#11022);
#3069=VERTEX_POINT('',#11024);
#3070=VERTEX_POINT('',#11026);
#3071=VERTEX_POINT('',#11028);
#3072=VERTEX_POINT('',#11030);
#3073=VERTEX_POINT('',#11032);
#3074=VERTEX_POINT('',#11036);
#3075=VERTEX_POINT('',#11037);
#3076=VERTEX_POINT('',#11039);
#3077=VERTEX_POINT('',#11041);
#3078=VERTEX_POINT('',#11043);
#3079=VERTEX_POINT('',#11045);
#3080=VERTEX_POINT('',#11047);
#3081=VERTEX_POINT('',#11049);
#3082=VERTEX_POINT('',#11051);
#3083=VERTEX_POINT('',#11053);
#3084=VERTEX_POINT('',#11055);
#3085=VERTEX_POINT('',#11057);
#3086=VERTEX_POINT('',#11059);
#3087=VERTEX_POINT('',#11061);
#3088=VERTEX_POINT('',#11063);
#3089=VERTEX_POINT('',#11065);
#3090=VERTEX_POINT('',#11067);
#3091=VERTEX_POINT('',#11069);
#3092=VERTEX_POINT('',#11071);
#3093=VERTEX_POINT('',#11073);
#3094=VERTEX_POINT('',#11075);
#3095=VERTEX_POINT('',#11077);
#3096=VERTEX_POINT('',#11079);
#3097=VERTEX_POINT('',#11081);
#3098=VERTEX_POINT('',#11085);
#3099=VERTEX_POINT('',#11089);
#3100=VERTEX_POINT('',#11095);
#3101=VERTEX_POINT('',#11099);
#3102=VERTEX_POINT('',#11103);
#3103=VERTEX_POINT('',#11105);
#3104=VERTEX_POINT('',#11107);
#3105=VERTEX_POINT('',#11109);
#3106=VERTEX_POINT('',#11111);
#3107=VERTEX_POINT('',#11114);
#3108=VERTEX_POINT('',#11116);
#3109=VERTEX_POINT('',#11118);
#3110=VERTEX_POINT('',#11120);
#3111=VERTEX_POINT('',#11122);
#3112=VERTEX_POINT('',#11124);
#3113=VERTEX_POINT('',#11127);
#3114=VERTEX_POINT('',#11128);
#3115=VERTEX_POINT('',#11130);
#3116=VERTEX_POINT('',#11132);
#3117=VERTEX_POINT('',#11134);
#3118=VERTEX_POINT('',#11136);
#3119=VERTEX_POINT('',#11138);
#3120=VERTEX_POINT('',#11140);
#3121=VERTEX_POINT('',#11142);
#3122=VERTEX_POINT('',#11144);
#3123=VERTEX_POINT('',#11146);
#3124=VERTEX_POINT('',#11148);
#3125=VERTEX_POINT('',#11150);
#3126=VERTEX_POINT('',#11152);
#3127=VERTEX_POINT('',#11154);
#3128=VERTEX_POINT('',#11156);
#3129=VERTEX_POINT('',#11158);
#3130=VERTEX_POINT('',#11160);
#3131=VERTEX_POINT('',#11162);
#3132=VERTEX_POINT('',#11164);
#3133=VERTEX_POINT('',#11166);
#3134=VERTEX_POINT('',#11168);
#3135=VERTEX_POINT('',#11170);
#3136=VERTEX_POINT('',#11172);
#3137=EDGE_CURVE('',#2522,#2523,#1318,.T.);
#3138=EDGE_CURVE('',#2524,#2522,#1319,.T.);
#3139=EDGE_CURVE('',#2525,#2524,#1320,.T.);
#3140=EDGE_CURVE('',#2525,#2526,#1321,.T.);
#3141=EDGE_CURVE('',#2527,#2526,#1322,.T.);
#3142=EDGE_CURVE('',#2523,#2527,#1323,.T.);
#3143=EDGE_CURVE('',#2523,#2528,#1324,.T.);
#3144=EDGE_CURVE('',#2529,#2527,#1325,.T.);
#3145=EDGE_CURVE('',#2528,#2529,#1326,.T.);
#3146=EDGE_CURVE('',#2528,#2530,#1327,.T.);
#3147=EDGE_CURVE('',#2531,#2529,#1328,.T.);
#3148=EDGE_CURVE('',#2532,#2531,#1329,.T.);
#3149=EDGE_CURVE('',#2533,#2532,#1330,.T.);
#3150=EDGE_CURVE('',#2530,#2533,#1331,.T.);
#3151=EDGE_CURVE('',#2532,#2525,#1332,.T.);
#3152=EDGE_CURVE('',#2526,#2531,#1333,.T.);
#3153=EDGE_CURVE('',#2534,#2530,#1334,.T.);
#3154=EDGE_CURVE('',#2534,#2535,#1335,.T.);
#3155=EDGE_CURVE('',#2535,#2536,#1336,.T.);
#3156=EDGE_CURVE('',#2536,#2537,#1337,.T.);
#3157=EDGE_CURVE('',#2538,#2537,#1338,.T.);
#3158=EDGE_CURVE('',#2538,#2539,#1339,.T.);
#3159=EDGE_CURVE('',#2539,#2540,#1340,.T.);
#3160=EDGE_CURVE('',#2540,#2541,#1341,.T.);
#3161=EDGE_CURVE('',#2522,#2541,#1342,.T.);
#3162=EDGE_CURVE('',#2542,#2533,#1343,.T.);
#3163=EDGE_CURVE('',#2542,#2543,#1344,.T.);
#3164=EDGE_CURVE('',#2544,#2543,#1345,.T.);
#3165=EDGE_CURVE('',#2545,#2544,#1346,.T.);
#3166=EDGE_CURVE('',#2546,#2545,#1347,.T.);
#3167=EDGE_CURVE('',#2546,#2538,#1348,.T.);
#3168=EDGE_CURVE('',#2537,#2547,#1349,.T.);
#3169=EDGE_CURVE('',#2547,#2548,#1350,.T.);
#3170=EDGE_CURVE('',#2548,#2549,#1351,.T.);
#3171=EDGE_CURVE('',#2549,#2550,#248,.T.);
#3172=EDGE_CURVE('',#2550,#2551,#1352,.T.);
#3173=EDGE_CURVE('',#2551,#2552,#249,.T.);
#3174=EDGE_CURVE('',#2552,#2553,#1353,.T.);
#3175=EDGE_CURVE('',#2553,#2554,#1354,.T.);
#3176=EDGE_CURVE('',#2554,#2555,#1355,.T.);
#3177=EDGE_CURVE('',#2555,#2556,#250,.T.);
#3178=EDGE_CURVE('',#2556,#2557,#1356,.T.);
#3179=EDGE_CURVE('',#2557,#2558,#251,.T.);
#3180=EDGE_CURVE('',#2558,#2559,#1357,.T.);
#3181=EDGE_CURVE('',#2559,#2560,#1358,.T.);
#3182=EDGE_CURVE('',#2560,#2534,#1359,.T.);
#3183=EDGE_CURVE('',#2561,#2562,#1360,.T.);
#3184=EDGE_CURVE('',#2562,#2563,#252,.T.);
#3185=EDGE_CURVE('',#2563,#2564,#1361,.T.);
#3186=EDGE_CURVE('',#2564,#2565,#253,.T.);
#3187=EDGE_CURVE('',#2565,#2566,#1362,.T.);
#3188=EDGE_CURVE('',#2566,#2567,#254,.T.);
#3189=EDGE_CURVE('',#2567,#2568,#1363,.T.);
#3190=EDGE_CURVE('',#2568,#2561,#255,.T.);
#3191=EDGE_CURVE('',#2569,#2546,#1364,.T.);
#3192=EDGE_CURVE('',#2569,#2570,#1365,.T.);
#3193=EDGE_CURVE('',#2571,#2570,#1366,.T.);
#3194=EDGE_CURVE('',#2539,#2571,#1367,.T.);
#3195=EDGE_CURVE('',#2572,#2571,#1368,.T.);
#3196=EDGE_CURVE('',#2540,#2572,#1369,.T.);
#3197=EDGE_CURVE('',#2573,#2572,#1370,.T.);
#3198=EDGE_CURVE('',#2574,#2573,#1371,.T.);
#3199=EDGE_CURVE('',#2575,#2574,#1372,.T.);
#3200=EDGE_CURVE('',#2541,#2575,#1373,.T.);
#3201=EDGE_CURVE('',#2574,#2569,#1374,.T.);
#3202=EDGE_CURVE('',#2570,#2573,#1375,.T.);
#3203=EDGE_CURVE('',#2576,#2577,#1376,.T.);
#3204=EDGE_CURVE('',#2577,#2576,#256,.T.);
#3205=EDGE_CURVE('',#2578,#2579,#257,.T.);
#3206=EDGE_CURVE('',#2580,#2578,#1377,.T.);
#3207=EDGE_CURVE('',#2581,#2580,#36,.T.);
#3208=EDGE_CURVE('',#2582,#2581,#258,.T.);
#3209=EDGE_CURVE('',#2579,#2582,#1378,.T.);
#3210=EDGE_CURVE('',#2583,#2576,#1379,.T.);
#3211=EDGE_CURVE('',#2584,#2583,#259,.T.);
#3212=EDGE_CURVE('',#2577,#2584,#1380,.T.);
#3213=EDGE_CURVE('',#2585,#2586,#1381,.T.);
#3214=EDGE_CURVE('',#2586,#2585,#260,.T.);
#3215=EDGE_CURVE('',#2587,#2588,#261,.T.);
#3216=EDGE_CURVE('',#2589,#2587,#1382,.T.);
#3217=EDGE_CURVE('',#2590,#2589,#262,.T.);
#3218=EDGE_CURVE('',#2591,#2590,#37,.T.);
#3219=EDGE_CURVE('',#2588,#2591,#1383,.T.);
#3220=EDGE_CURVE('',#2592,#2585,#1384,.T.);
#3221=EDGE_CURVE('',#2593,#2592,#263,.T.);
#3222=EDGE_CURVE('',#2586,#2593,#1385,.T.);
#3223=EDGE_CURVE('',#2580,#2594,#264,.T.);
#3224=EDGE_CURVE('',#2594,#2595,#1386,.T.);
#3225=EDGE_CURVE('',#2595,#2596,#265,.T.);
#3226=EDGE_CURVE('',#2596,#2565,#1387,.T.);
#3227=EDGE_CURVE('',#2581,#2564,#1388,.T.);
#3228=EDGE_CURVE('',#2584,#2597,#1389,.T.);
#3229=EDGE_CURVE('',#2597,#2598,#1390,.T.);
#3230=EDGE_CURVE('',#2598,#2599,#266,.T.);
#3231=EDGE_CURVE('',#2599,#2600,#1391,.T.);
#3232=EDGE_CURVE('',#2600,#2601,#267,.T.);
#3233=EDGE_CURVE('',#2601,#2602,#1392,.T.);
#3234=EDGE_CURVE('',#2602,#2592,#1393,.T.);
#3235=EDGE_CURVE('',#2593,#2603,#1394,.T.);
#3236=EDGE_CURVE('',#2603,#2604,#1395,.T.);
#3237=EDGE_CURVE('',#2605,#2604,#268,.T.);
#3238=EDGE_CURVE('',#2605,#2606,#1396,.T.);
#3239=EDGE_CURVE('',#2607,#2606,#269,.T.);
#3240=EDGE_CURVE('',#2607,#2608,#1397,.T.);
#3241=EDGE_CURVE('',#2608,#2583,#1398,.T.);
#3242=EDGE_CURVE('',#2578,#2594,#1399,.T.);
#3243=EDGE_CURVE('',#2609,#2591,#270,.T.);
#3244=EDGE_CURVE('',#2609,#2588,#1400,.T.);
#3245=EDGE_CURVE('',#2610,#2602,#1401,.T.);
#3246=EDGE_CURVE('',#2611,#2610,#1402,.T.);
#3247=EDGE_CURVE('',#2603,#2611,#1403,.T.);
#3248=EDGE_CURVE('',#2612,#2613,#1404,.T.);
#3249=EDGE_CURVE('',#2612,#2614,#1405,.T.);
#3250=EDGE_CURVE('',#2596,#2614,#1406,.T.);
#3251=EDGE_CURVE('',#2615,#2595,#1407,.T.);
#3252=EDGE_CURVE('',#2616,#2615,#271,.T.);
#3253=EDGE_CURVE('',#2611,#2616,#1408,.T.);
#3254=EDGE_CURVE('',#2617,#2610,#1409,.T.);
#3255=EDGE_CURVE('',#2618,#2617,#272,.T.);
#3256=EDGE_CURVE('',#2619,#2618,#1410,.T.);
#3257=EDGE_CURVE('',#2613,#2619,#273,.T.);
#3258=EDGE_CURVE('',#2614,#2608,#1411,.T.);
#3259=EDGE_CURVE('',#2597,#2612,#1412,.T.);
#3260=EDGE_CURVE('',#2587,#2579,#1413,.T.);
#3261=EDGE_CURVE('',#2615,#2609,#1414,.T.);
#3262=EDGE_CURVE('',#2619,#2620,#1415,.T.);
#3263=EDGE_CURVE('',#2620,#2621,#274,.T.);
#3264=EDGE_CURVE('',#2613,#2621,#1416,.T.);
#3265=EDGE_CURVE('',#2618,#2622,#1417,.T.);
#3266=EDGE_CURVE('',#2622,#2620,#1418,.T.);
#3267=EDGE_CURVE('',#2617,#2623,#1419,.T.);
#3268=EDGE_CURVE('',#2623,#2622,#275,.T.);
#3269=EDGE_CURVE('',#2601,#2624,#1420,.T.);
#3270=EDGE_CURVE('',#2624,#2623,#1421,.T.);
#3271=EDGE_CURVE('',#2582,#2589,#1422,.T.);
#3272=EDGE_CURVE('',#2616,#2562,#1423,.T.);
#3273=EDGE_CURVE('',#2604,#2561,#1424,.T.);
#3274=EDGE_CURVE('',#2625,#2626,#1425,.T.);
#3275=EDGE_CURVE('',#2625,#2627,#1426,.T.);
#3276=EDGE_CURVE('',#2628,#2627,#1427,.T.);
#3277=EDGE_CURVE('',#2629,#2628,#276,.T.);
#3278=EDGE_CURVE('',#2630,#2629,#1428,.T.);
#3279=EDGE_CURVE('',#2631,#2630,#277,.T.);
#3280=EDGE_CURVE('',#2632,#2631,#1429,.T.);
#3281=EDGE_CURVE('',#2632,#2633,#1430,.T.);
#3282=EDGE_CURVE('',#2536,#2633,#1431,.T.);
#3283=EDGE_CURVE('',#2535,#2634,#1432,.T.);
#3284=EDGE_CURVE('',#2634,#2635,#1433,.T.);
#3285=EDGE_CURVE('',#2636,#2635,#1434,.T.);
#3286=EDGE_CURVE('',#2637,#2636,#278,.T.);
#3287=EDGE_CURVE('',#2638,#2637,#1435,.T.);
#3288=EDGE_CURVE('',#2626,#2638,#279,.T.);
#3289=EDGE_CURVE('',#2635,#2559,#1436,.T.);
#3290=EDGE_CURVE('',#2560,#2634,#1437,.T.);
#3291=EDGE_CURVE('',#2548,#2632,#1438,.T.);
#3292=EDGE_CURVE('',#2633,#2547,#1439,.T.);
#3293=EDGE_CURVE('',#2554,#2625,#1440,.T.);
#3294=EDGE_CURVE('',#2627,#2553,#1441,.T.);
#3295=EDGE_CURVE('',#2626,#2639,#1442,.T.);
#3296=EDGE_CURVE('',#2640,#2639,#1443,.T.);
#3297=EDGE_CURVE('',#2555,#2640,#1444,.T.);
#3298=EDGE_CURVE('',#2638,#2641,#1445,.T.);
#3299=EDGE_CURVE('',#2639,#2641,#280,.T.);
#3300=EDGE_CURVE('',#2637,#2642,#1446,.T.);
#3301=EDGE_CURVE('',#2641,#2642,#1447,.T.);
#3302=EDGE_CURVE('',#2636,#2643,#1448,.T.);
#3303=EDGE_CURVE('',#2642,#2643,#281,.T.);
#3304=EDGE_CURVE('',#2558,#2644,#1449,.T.);
#3305=EDGE_CURVE('',#2643,#2644,#1450,.T.);
#3306=EDGE_CURVE('',#2645,#2646,#1451,.T.);
#3307=EDGE_CURVE('',#2647,#2645,#1452,.T.);
#3308=EDGE_CURVE('',#2647,#2648,#1453,.T.);
#3309=EDGE_CURVE('',#2648,#2646,#1454,.T.);
#3310=EDGE_CURVE('',#2646,#2649,#282,.T.);
#3311=EDGE_CURVE('',#2650,#2648,#283,.T.);
#3312=EDGE_CURVE('',#2650,#2649,#1455,.T.);
#3313=EDGE_CURVE('',#2649,#2651,#1456,.T.);
#3314=EDGE_CURVE('',#2650,#2652,#1457,.T.);
#3315=EDGE_CURVE('',#2652,#2651,#1458,.T.);
#3316=EDGE_CURVE('',#2651,#2653,#284,.T.);
#3317=EDGE_CURVE('',#2654,#2652,#285,.T.);
#3318=EDGE_CURVE('',#2654,#2653,#1459,.T.);
#3319=EDGE_CURVE('',#2653,#2655,#1460,.T.);
#3320=EDGE_CURVE('',#2654,#2656,#1461,.T.);
#3321=EDGE_CURVE('',#2656,#2655,#1462,.T.);
#3322=EDGE_CURVE('',#2655,#2657,#286,.T.);
#3323=EDGE_CURVE('',#2658,#2656,#287,.T.);
#3324=EDGE_CURVE('',#2658,#2657,#1463,.T.);
#3325=EDGE_CURVE('',#2657,#2659,#1464,.T.);
#3326=EDGE_CURVE('',#2658,#2660,#1465,.T.);
#3327=EDGE_CURVE('',#2660,#2659,#1466,.T.);
#3328=EDGE_CURVE('',#2659,#2645,#288,.T.);
#3329=EDGE_CURVE('',#2647,#2660,#289,.T.);
#3330=EDGE_CURVE('',#2621,#2661,#1467,.T.);
#3331=EDGE_CURVE('',#2662,#2624,#290,.T.);
#3332=EDGE_CURVE('',#2663,#2662,#1468,.T.);
#3333=EDGE_CURVE('',#2661,#2663,#291,.T.);
#3334=EDGE_CURVE('',#2598,#2661,#1469,.T.);
#3335=EDGE_CURVE('',#2599,#2663,#1470,.T.);
#3336=EDGE_CURVE('',#2600,#2662,#1471,.T.);
#3337=EDGE_CURVE('',#2664,#2640,#292,.T.);
#3338=EDGE_CURVE('',#2556,#2664,#1472,.T.);
#3339=EDGE_CURVE('',#2665,#2664,#1473,.T.);
#3340=EDGE_CURVE('',#2557,#2665,#1474,.T.);
#3341=EDGE_CURVE('',#2644,#2665,#293,.T.);
#3342=EDGE_CURVE('',#2631,#2666,#1475,.T.);
#3343=EDGE_CURVE('',#2667,#2666,#1476,.T.);
#3344=EDGE_CURVE('',#2549,#2667,#1477,.T.);
#3345=EDGE_CURVE('',#2668,#2667,#294,.T.);
#3346=EDGE_CURVE('',#2550,#2668,#1478,.T.);
#3347=EDGE_CURVE('',#2669,#2668,#1479,.T.);
#3348=EDGE_CURVE('',#2551,#2669,#1480,.T.);
#3349=EDGE_CURVE('',#2670,#2669,#295,.T.);
#3350=EDGE_CURVE('',#2552,#2670,#1481,.T.);
#3351=EDGE_CURVE('',#2671,#2670,#1482,.T.);
#3352=EDGE_CURVE('',#2628,#2671,#1483,.T.);
#3353=EDGE_CURVE('',#2630,#2672,#1484,.T.);
#3354=EDGE_CURVE('',#2666,#2672,#296,.T.);
#3355=EDGE_CURVE('',#2629,#2673,#1485,.T.);
#3356=EDGE_CURVE('',#2672,#2673,#1486,.T.);
#3357=EDGE_CURVE('',#2673,#2671,#297,.T.);
#3358=EDGE_CURVE('',#2674,#2674,#298,.T.);
#3359=EDGE_CURVE('',#2674,#2675,#1487,.T.);
#3360=EDGE_CURVE('',#2675,#2675,#299,.T.);
#3361=EDGE_CURVE('',#2676,#2676,#300,.T.);
#3362=EDGE_CURVE('',#2676,#2677,#1488,.T.);
#3363=EDGE_CURVE('',#2677,#2677,#301,.T.);
#3364=EDGE_CURVE('',#2678,#2678,#302,.T.);
#3365=EDGE_CURVE('',#2678,#2679,#1489,.T.);
#3366=EDGE_CURVE('',#2679,#2679,#303,.T.);
#3367=EDGE_CURVE('',#2680,#2680,#304,.T.);
#3368=EDGE_CURVE('',#2680,#2681,#1490,.T.);
#3369=EDGE_CURVE('',#2681,#2681,#305,.T.);
#3370=EDGE_CURVE('',#2682,#2682,#306,.T.);
#3371=EDGE_CURVE('',#2682,#2683,#1491,.T.);
#3372=EDGE_CURVE('',#2683,#2683,#307,.T.);
#3373=EDGE_CURVE('',#2684,#2684,#308,.T.);
#3374=EDGE_CURVE('',#2684,#2685,#1492,.T.);
#3375=EDGE_CURVE('',#2685,#2685,#309,.T.);
#3376=EDGE_CURVE('',#2686,#2686,#310,.T.);
#3377=EDGE_CURVE('',#2686,#2687,#1493,.T.);
#3378=EDGE_CURVE('',#2687,#2687,#311,.T.);
#3379=EDGE_CURVE('',#2688,#2688,#312,.T.);
#3380=EDGE_CURVE('',#2688,#2689,#1494,.T.);
#3381=EDGE_CURVE('',#2689,#2689,#313,.T.);
#3382=EDGE_CURVE('',#2690,#2690,#314,.T.);
#3383=EDGE_CURVE('',#2690,#2691,#1495,.T.);
#3384=EDGE_CURVE('',#2691,#2691,#315,.T.);
#3385=EDGE_CURVE('',#2692,#2692,#316,.T.);
#3386=EDGE_CURVE('',#2692,#2693,#1496,.T.);
#3387=EDGE_CURVE('',#2693,#2693,#317,.T.);
#3388=EDGE_CURVE('',#2694,#2694,#318,.T.);
#3389=EDGE_CURVE('',#2694,#2695,#1497,.T.);
#3390=EDGE_CURVE('',#2695,#2695,#319,.T.);
#3391=EDGE_CURVE('',#2590,#2563,#1498,.T.);
#3392=EDGE_CURVE('',#2605,#2568,#1499,.T.);
#3393=EDGE_CURVE('',#2606,#2567,#1500,.T.);
#3394=EDGE_CURVE('',#2607,#2566,#1501,.T.);
#3395=EDGE_CURVE('',#2696,#2697,#1502,.T.);
#3396=EDGE_CURVE('',#2698,#2696,#320,.T.);
#3397=EDGE_CURVE('',#2699,#2698,#1503,.T.);
#3398=EDGE_CURVE('',#2697,#2699,#321,.T.);
#3399=EDGE_CURVE('',#2524,#2575,#1504,.T.);
#3400=EDGE_CURVE('',#2545,#2700,#322,.T.);
#3401=EDGE_CURVE('',#2700,#2701,#1505,.T.);
#3402=EDGE_CURVE('',#2701,#2702,#323,.T.);
#3403=EDGE_CURVE('',#2702,#2703,#1506,.T.);
#3404=EDGE_CURVE('',#2703,#2704,#324,.T.);
#3405=EDGE_CURVE('',#2704,#2705,#1507,.T.);
#3406=EDGE_CURVE('',#2705,#2706,#325,.T.);
#3407=EDGE_CURVE('',#2706,#2707,#1508,.T.);
#3408=EDGE_CURVE('',#2707,#2708,#326,.T.);
#3409=EDGE_CURVE('',#2708,#2709,#1509,.T.);
#3410=EDGE_CURVE('',#2709,#2710,#327,.T.);
#3411=EDGE_CURVE('',#2710,#2697,#1510,.T.);
#3412=EDGE_CURVE('',#2699,#2711,#1511,.T.);
#3413=EDGE_CURVE('',#2711,#2542,#328,.T.);
#3414=EDGE_CURVE('',#2712,#2712,#329,.T.);
#3415=EDGE_CURVE('',#2713,#2713,#330,.T.);
#3416=EDGE_CURVE('',#2714,#2714,#331,.T.);
#3417=EDGE_CURVE('',#2715,#2715,#332,.T.);
#3418=EDGE_CURVE('',#2716,#2698,#1512,.T.);
#3419=EDGE_CURVE('',#2711,#2716,#1513,.T.);
#3420=EDGE_CURVE('',#2717,#2703,#1514,.T.);
#3421=EDGE_CURVE('',#2718,#2717,#333,.T.);
#3422=EDGE_CURVE('',#2704,#2718,#1515,.T.);
#3423=EDGE_CURVE('',#2719,#2718,#1516,.T.);
#3424=EDGE_CURVE('',#2705,#2719,#1517,.T.);
#3425=EDGE_CURVE('',#2702,#2720,#1518,.T.);
#3426=EDGE_CURVE('',#2717,#2720,#1519,.T.);
#3427=EDGE_CURVE('',#2721,#2701,#1520,.T.);
#3428=EDGE_CURVE('',#2720,#2721,#334,.T.);
#3429=EDGE_CURVE('',#2700,#2722,#1521,.T.);
#3430=EDGE_CURVE('',#2721,#2722,#1522,.T.);
#3431=EDGE_CURVE('',#2723,#2724,#335,.T.);
#3432=EDGE_CURVE('',#2724,#2725,#1523,.T.);
#3433=EDGE_CURVE('',#2725,#2726,#336,.T.);
#3434=EDGE_CURVE('',#2726,#2727,#1524,.T.);
#3435=EDGE_CURVE('',#2727,#2728,#337,.T.);
#3436=EDGE_CURVE('',#2728,#2729,#1525,.T.);
#3437=EDGE_CURVE('',#2729,#2730,#338,.T.);
#3438=EDGE_CURVE('',#2730,#2723,#1526,.T.);
#3439=EDGE_CURVE('',#2696,#2731,#1527,.T.);
#3440=EDGE_CURVE('',#2731,#2732,#339,.T.);
#3441=EDGE_CURVE('',#2732,#2733,#1528,.T.);
#3442=EDGE_CURVE('',#2733,#2734,#340,.T.);
#3443=EDGE_CURVE('',#2734,#2735,#1529,.T.);
#3444=EDGE_CURVE('',#2735,#2719,#341,.T.);
#3445=EDGE_CURVE('',#2722,#2544,#342,.T.);
#3446=EDGE_CURVE('',#2543,#2716,#343,.T.);
#3447=EDGE_CURVE('',#2710,#2731,#1530,.T.);
#3448=EDGE_CURVE('',#2732,#2709,#1531,.T.);
#3449=EDGE_CURVE('',#2708,#2733,#1532,.T.);
#3450=EDGE_CURVE('',#2736,#2736,#344,.T.);
#3451=EDGE_CURVE('',#2736,#2712,#1533,.T.);
#3452=EDGE_CURVE('',#2737,#2737,#345,.T.);
#3453=EDGE_CURVE('',#2737,#2713,#1534,.T.);
#3454=EDGE_CURVE('',#2738,#2738,#346,.T.);
#3455=EDGE_CURVE('',#2738,#2714,#1535,.T.);
#3456=EDGE_CURVE('',#2739,#2739,#347,.T.);
#3457=EDGE_CURVE('',#2739,#2715,#1536,.T.);
#3458=EDGE_CURVE('',#2707,#2734,#1537,.T.);
#3459=EDGE_CURVE('',#2706,#2735,#1538,.T.);
#3460=EDGE_CURVE('',#2740,#2741,#1539,.T.);
#3461=EDGE_CURVE('',#2741,#2723,#1540,.T.);
#3462=EDGE_CURVE('',#2740,#2730,#1541,.T.);
#3463=EDGE_CURVE('',#2742,#2740,#348,.T.);
#3464=EDGE_CURVE('',#2742,#2729,#1542,.T.);
#3465=EDGE_CURVE('',#2743,#2742,#1543,.T.);
#3466=EDGE_CURVE('',#2743,#2728,#1544,.T.);
#3467=EDGE_CURVE('',#2744,#2743,#349,.T.);
#3468=EDGE_CURVE('',#2744,#2727,#1545,.T.);
#3469=EDGE_CURVE('',#2745,#2744,#1546,.T.);
#3470=EDGE_CURVE('',#2745,#2726,#1547,.T.);
#3471=EDGE_CURVE('',#2746,#2745,#350,.T.);
#3472=EDGE_CURVE('',#2746,#2725,#1548,.T.);
#3473=EDGE_CURVE('',#2747,#2746,#1549,.T.);
#3474=EDGE_CURVE('',#2747,#2724,#1550,.T.);
#3475=EDGE_CURVE('',#2741,#2747,#351,.T.);
#3476=EDGE_CURVE('',#2748,#2749,#352,.T.);
#3477=EDGE_CURVE('',#2750,#2748,#353,.T.);
#3478=EDGE_CURVE('',#2751,#2750,#1551,.T.);
#3479=EDGE_CURVE('',#2752,#2751,#354,.T.);
#3480=EDGE_CURVE('',#2753,#2752,#1552,.T.);
#3481=EDGE_CURVE('',#2754,#2753,#355,.T.);
#3482=EDGE_CURVE('',#2755,#2754,#1553,.T.);
#3483=EDGE_CURVE('',#2756,#2755,#356,.T.);
#3484=EDGE_CURVE('',#2749,#2756,#1554,.T.);
#3485=EDGE_CURVE('',#2757,#2758,#357,.T.);
#3486=EDGE_CURVE('',#2759,#2757,#358,.T.);
#3487=EDGE_CURVE('',#2760,#2759,#1555,.T.);
#3488=EDGE_CURVE('',#2761,#2760,#359,.T.);
#3489=EDGE_CURVE('',#2762,#2761,#1556,.T.);
#3490=EDGE_CURVE('',#2763,#2762,#360,.T.);
#3491=EDGE_CURVE('',#2764,#2763,#1557,.T.);
#3492=EDGE_CURVE('',#2765,#2764,#361,.T.);
#3493=EDGE_CURVE('',#2758,#2765,#1558,.T.);
#3494=EDGE_CURVE('',#2766,#2767,#362,.T.);
#3495=EDGE_CURVE('',#2768,#2766,#363,.T.);
#3496=EDGE_CURVE('',#2769,#2768,#1559,.T.);
#3497=EDGE_CURVE('',#2770,#2769,#364,.T.);
#3498=EDGE_CURVE('',#2771,#2770,#1560,.T.);
#3499=EDGE_CURVE('',#2772,#2771,#365,.T.);
#3500=EDGE_CURVE('',#2773,#2772,#1561,.T.);
#3501=EDGE_CURVE('',#2774,#2773,#366,.T.);
#3502=EDGE_CURVE('',#2767,#2774,#1562,.T.);
#3503=EDGE_CURVE('',#2775,#2776,#367,.T.);
#3504=EDGE_CURVE('',#2777,#2775,#368,.T.);
#3505=EDGE_CURVE('',#2778,#2777,#1563,.T.);
#3506=EDGE_CURVE('',#2779,#2778,#369,.T.);
#3507=EDGE_CURVE('',#2780,#2779,#1564,.T.);
#3508=EDGE_CURVE('',#2781,#2780,#370,.T.);
#3509=EDGE_CURVE('',#2782,#2781,#1565,.T.);
#3510=EDGE_CURVE('',#2783,#2782,#371,.T.);
#3511=EDGE_CURVE('',#2776,#2783,#1566,.T.);
#3512=EDGE_CURVE('',#2752,#2784,#1567,.T.);
#3513=EDGE_CURVE('',#2784,#2785,#1568,.T.);
#3514=EDGE_CURVE('',#2753,#2785,#1569,.T.);
#3515=EDGE_CURVE('',#2786,#2750,#1570,.T.);
#3516=EDGE_CURVE('',#2786,#2787,#1571,.T.);
#3517=EDGE_CURVE('',#2787,#2788,#1572,.T.);
#3518=EDGE_CURVE('',#2788,#2789,#1573,.T.);
#3519=EDGE_CURVE('',#2789,#2751,#1574,.T.);
#3520=EDGE_CURVE('',#2790,#2763,#1575,.T.);
#3521=EDGE_CURVE('',#2791,#2790,#1576,.T.);
#3522=EDGE_CURVE('',#2791,#2764,#1577,.T.);
#3523=EDGE_CURVE('',#2761,#2792,#1578,.T.);
#3524=EDGE_CURVE('',#2792,#2793,#1579,.T.);
#3525=EDGE_CURVE('',#2762,#2793,#1580,.T.);
#3526=EDGE_CURVE('',#2765,#2794,#1581,.T.);
#3527=EDGE_CURVE('',#2794,#2795,#1582,.T.);
#3528=EDGE_CURVE('',#2796,#2795,#1583,.T.);
#3529=EDGE_CURVE('',#2796,#2797,#1584,.T.);
#3530=EDGE_CURVE('',#2758,#2797,#1585,.T.);
#3531=EDGE_CURVE('',#2798,#2759,#1586,.T.);
#3532=EDGE_CURVE('',#2798,#2799,#1587,.T.);
#3533=EDGE_CURVE('',#2799,#2800,#1588,.T.);
#3534=EDGE_CURVE('',#2800,#2801,#1589,.T.);
#3535=EDGE_CURVE('',#2801,#2760,#1590,.T.);
#3536=EDGE_CURVE('',#2767,#2802,#1591,.T.);
#3537=EDGE_CURVE('',#2802,#2803,#372,.T.);
#3538=EDGE_CURVE('',#2766,#2803,#1592,.T.);
#3539=EDGE_CURVE('',#2804,#2748,#1593,.T.);
#3540=EDGE_CURVE('',#2804,#2786,#373,.T.);
#3541=EDGE_CURVE('',#2774,#2805,#1594,.T.);
#3542=EDGE_CURVE('',#2805,#2806,#1595,.T.);
#3543=EDGE_CURVE('',#2806,#2807,#1596,.T.);
#3544=EDGE_CURVE('',#2807,#2802,#1597,.T.);
#3545=EDGE_CURVE('',#2808,#2773,#1598,.T.);
#3546=EDGE_CURVE('',#2808,#2805,#374,.T.);
#3547=EDGE_CURVE('',#2789,#2784,#375,.T.);
#3548=EDGE_CURVE('',#2809,#2772,#1599,.T.);
#3549=EDGE_CURVE('',#2809,#2808,#1600,.T.);
#3550=EDGE_CURVE('',#2776,#2810,#1601,.T.);
#3551=EDGE_CURVE('',#2810,#2811,#376,.T.);
#3552=EDGE_CURVE('',#2775,#2811,#1602,.T.);
#3553=EDGE_CURVE('',#2797,#2812,#377,.T.);
#3554=EDGE_CURVE('',#2812,#2813,#378,.T.);
#3555=EDGE_CURVE('',#2813,#2814,#1603,.T.);
#3556=EDGE_CURVE('',#2814,#2815,#379,.T.);
#3557=EDGE_CURVE('',#2815,#2816,#380,.T.);
#3558=EDGE_CURVE('',#2816,#2777,#1604,.T.);
#3559=EDGE_CURVE('',#2817,#2775,#1605,.T.);
#3560=EDGE_CURVE('',#2818,#2817,#381,.T.);
#3561=EDGE_CURVE('',#2819,#2818,#1606,.T.);
#3562=EDGE_CURVE('',#2820,#2819,#382,.T.);
#3563=EDGE_CURVE('',#2757,#2820,#1607,.T.);
#3564=EDGE_CURVE('',#2821,#2757,#1608,.T.);
#3565=EDGE_CURVE('',#2821,#2798,#383,.T.);
#3566=EDGE_CURVE('',#2783,#2822,#1609,.T.);
#3567=EDGE_CURVE('',#2822,#2823,#1610,.T.);
#3568=EDGE_CURVE('',#2823,#2824,#1611,.T.);
#3569=EDGE_CURVE('',#2824,#2810,#1612,.T.);
#3570=EDGE_CURVE('',#2825,#2782,#1613,.T.);
#3571=EDGE_CURVE('',#2825,#2822,#384,.T.);
#3572=EDGE_CURVE('',#2826,#2791,#385,.T.);
#3573=EDGE_CURVE('',#2827,#2826,#1614,.T.);
#3574=EDGE_CURVE('',#2828,#2827,#386,.T.);
#3575=EDGE_CURVE('',#2779,#2828,#1615,.T.);
#3576=EDGE_CURVE('',#2829,#2778,#1616,.T.);
#3577=EDGE_CURVE('',#2830,#2829,#387,.T.);
#3578=EDGE_CURVE('',#2831,#2830,#1617,.T.);
#3579=EDGE_CURVE('',#2831,#2832,#388,.T.);
#3580=EDGE_CURVE('',#2832,#2833,#1618,.T.);
#3581=EDGE_CURVE('',#2833,#2834,#389,.T.);
#3582=EDGE_CURVE('',#2835,#2834,#1619,.T.);
#3583=EDGE_CURVE('',#2794,#2835,#390,.T.);
#3584=EDGE_CURVE('',#2801,#2792,#391,.T.);
#3585=EDGE_CURVE('',#2836,#2781,#1620,.T.);
#3586=EDGE_CURVE('',#2836,#2825,#1621,.T.);
#3587=EDGE_CURVE('',#2837,#2838,#1622,.T.);
#3588=EDGE_CURVE('',#2839,#2837,#1623,.T.);
#3589=EDGE_CURVE('',#2840,#2839,#1624,.T.);
#3590=EDGE_CURVE('',#2840,#2838,#1625,.T.);
#3591=EDGE_CURVE('',#2832,#2814,#1626,.T.);
#3592=EDGE_CURVE('',#2841,#2831,#1627,.T.);
#3593=EDGE_CURVE('',#2842,#2841,#392,.T.);
#3594=EDGE_CURVE('',#2815,#2842,#1628,.T.);
#3595=EDGE_CURVE('',#2843,#2844,#393,.T.);
#3596=EDGE_CURVE('',#2844,#2843,#1629,.T.);
#3597=EDGE_CURVE('',#2845,#2846,#394,.T.);
#3598=EDGE_CURVE('',#2846,#2845,#1630,.T.);
#3599=EDGE_CURVE('',#2838,#2840,#395,.T.);
#3600=EDGE_CURVE('',#2847,#2848,#396,.T.);
#3601=EDGE_CURVE('',#2848,#2847,#1631,.T.);
#3602=EDGE_CURVE('',#2849,#2845,#1632,.T.);
#3603=EDGE_CURVE('',#2850,#2849,#1633,.T.);
#3604=EDGE_CURVE('',#2846,#2850,#1634,.T.);
#3605=EDGE_CURVE('',#2851,#2852,#397,.T.);
#3606=EDGE_CURVE('',#2853,#2851,#1635,.T.);
#3607=EDGE_CURVE('',#2854,#2853,#398,.T.);
#3608=EDGE_CURVE('',#2855,#2854,#1636,.T.);
#3609=EDGE_CURVE('',#2856,#2855,#399,.T.);
#3610=EDGE_CURVE('',#2852,#2856,#1637,.T.);
#3611=EDGE_CURVE('',#2857,#2847,#1638,.T.);
#3612=EDGE_CURVE('',#2858,#2857,#1639,.T.);
#3613=EDGE_CURVE('',#2848,#2858,#1640,.T.);
#3614=EDGE_CURVE('',#2859,#2812,#1641,.T.);
#3615=EDGE_CURVE('',#2860,#2859,#400,.T.);
#3616=EDGE_CURVE('',#2834,#2860,#1642,.T.);
#3617=EDGE_CURVE('',#2833,#2813,#1643,.T.);
#3618=EDGE_CURVE('',#2861,#2843,#1644,.T.);
#3619=EDGE_CURVE('',#2862,#2861,#1645,.T.);
#3620=EDGE_CURVE('',#2844,#2862,#1646,.T.);
#3621=EDGE_CURVE('',#2863,#2864,#401,.T.);
#3622=EDGE_CURVE('',#2865,#2863,#1647,.T.);
#3623=EDGE_CURVE('',#2866,#2865,#402,.T.);
#3624=EDGE_CURVE('',#2867,#2866,#1648,.T.);
#3625=EDGE_CURVE('',#2868,#2867,#403,.T.);
#3626=EDGE_CURVE('',#2868,#2864,#1649,.T.);
#3627=EDGE_CURVE('',#2864,#2851,#1650,.T.);
#3628=EDGE_CURVE('',#2853,#2868,#1651,.T.);
#3629=EDGE_CURVE('',#2858,#2799,#404,.T.);
#3630=EDGE_CURVE('',#2869,#2821,#1652,.T.);
#3631=EDGE_CURVE('',#2870,#2869,#405,.T.);
#3632=EDGE_CURVE('',#2871,#2870,#1653,.T.);
#3633=EDGE_CURVE('',#2872,#2871,#406,.T.);
#3634=EDGE_CURVE('',#2873,#2872,#1654,.T.);
#3635=EDGE_CURVE('',#2873,#2857,#407,.T.);
#3636=EDGE_CURVE('',#2839,#2874,#408,.T.);
#3637=EDGE_CURVE('',#2875,#2874,#1655,.T.);
#3638=EDGE_CURVE('',#2876,#2875,#409,.T.);
#3639=EDGE_CURVE('',#2877,#2876,#1656,.T.);
#3640=EDGE_CURVE('',#2878,#2877,#410,.T.);
#3641=EDGE_CURVE('',#2803,#2878,#1657,.T.);
#3642=EDGE_CURVE('',#2807,#2837,#411,.T.);
#3643=EDGE_CURVE('',#2841,#2879,#1658,.T.);
#3644=EDGE_CURVE('',#2879,#2880,#412,.T.);
#3645=EDGE_CURVE('',#2880,#2881,#1659,.T.);
#3646=EDGE_CURVE('',#2842,#2881,#413,.T.);
#3647=EDGE_CURVE('',#2882,#2860,#1660,.T.);
#3648=EDGE_CURVE('',#2835,#2882,#1661,.T.);
#3649=EDGE_CURVE('',#2830,#2879,#1662,.T.);
#3650=EDGE_CURVE('',#2862,#2883,#414,.T.);
#3651=EDGE_CURVE('',#2884,#2883,#1663,.T.);
#3652=EDGE_CURVE('',#2885,#2884,#415,.T.);
#3653=EDGE_CURVE('',#2886,#2885,#1664,.T.);
#3654=EDGE_CURVE('',#2887,#2886,#416,.T.);
#3655=EDGE_CURVE('',#2811,#2887,#1665,.T.);
#3656=EDGE_CURVE('',#2824,#2861,#417,.T.);
#3657=EDGE_CURVE('',#2850,#2787,#418,.T.);
#3658=EDGE_CURVE('',#2888,#2804,#1666,.T.);
#3659=EDGE_CURVE('',#2889,#2888,#419,.T.);
#3660=EDGE_CURVE('',#2890,#2889,#1667,.T.);
#3661=EDGE_CURVE('',#2891,#2890,#420,.T.);
#3662=EDGE_CURVE('',#2892,#2891,#1668,.T.);
#3663=EDGE_CURVE('',#2892,#2849,#421,.T.);
#3664=EDGE_CURVE('',#2856,#2893,#422,.T.);
#3665=EDGE_CURVE('',#2893,#2894,#1669,.T.);
#3666=EDGE_CURVE('',#2852,#2894,#423,.T.);
#3667=EDGE_CURVE('',#2855,#2895,#1670,.T.);
#3668=EDGE_CURVE('',#2895,#2896,#424,.T.);
#3669=EDGE_CURVE('',#2896,#2893,#1671,.T.);
#3670=EDGE_CURVE('',#2897,#2755,#1672,.T.);
#3671=EDGE_CURVE('',#2898,#2897,#425,.T.);
#3672=EDGE_CURVE('',#2899,#2898,#1673,.T.);
#3673=EDGE_CURVE('',#2900,#2899,#426,.T.);
#3674=EDGE_CURVE('',#2770,#2900,#1674,.T.);
#3675=EDGE_CURVE('',#2901,#2769,#1675,.T.);
#3676=EDGE_CURVE('',#2902,#2901,#427,.T.);
#3677=EDGE_CURVE('',#2854,#2902,#1676,.T.);
#3678=EDGE_CURVE('',#2903,#2867,#1677,.T.);
#3679=EDGE_CURVE('',#2904,#2903,#428,.T.);
#3680=EDGE_CURVE('',#2756,#2904,#1678,.T.);
#3681=EDGE_CURVE('',#2905,#2866,#1679,.T.);
#3682=EDGE_CURVE('',#2903,#2905,#1680,.T.);
#3683=EDGE_CURVE('',#2902,#2895,#1681,.T.);
#3684=EDGE_CURVE('',#2906,#2906,#429,.T.);
#3685=EDGE_CURVE('',#2906,#2907,#1682,.T.);
#3686=EDGE_CURVE('',#2907,#2907,#430,.T.);
#3687=EDGE_CURVE('',#2908,#2908,#431,.T.);
#3688=EDGE_CURVE('',#2908,#2909,#1683,.T.);
#3689=EDGE_CURVE('',#2909,#2909,#432,.T.);
#3690=EDGE_CURVE('',#2910,#2910,#433,.T.);
#3691=EDGE_CURVE('',#2910,#2911,#1684,.T.);
#3692=EDGE_CURVE('',#2911,#2911,#434,.T.);
#3693=EDGE_CURVE('',#2912,#2912,#435,.T.);
#3694=EDGE_CURVE('',#2912,#2913,#1685,.T.);
#3695=EDGE_CURVE('',#2913,#2913,#436,.T.);
#3696=EDGE_CURVE('',#2914,#2914,#437,.T.);
#3697=EDGE_CURVE('',#2914,#2915,#1686,.T.);
#3698=EDGE_CURVE('',#2915,#2915,#438,.T.);
#3699=EDGE_CURVE('',#2916,#2916,#439,.T.);
#3700=EDGE_CURVE('',#2917,#2917,#440,.T.);
#3701=EDGE_CURVE('',#2917,#2918,#1687,.T.);
#3702=EDGE_CURVE('',#2918,#2918,#441,.T.);
#3703=EDGE_CURVE('',#2919,#2919,#442,.T.);
#3704=EDGE_CURVE('',#2920,#2920,#443,.T.);
#3705=EDGE_CURVE('',#2920,#2921,#1688,.T.);
#3706=EDGE_CURVE('',#2921,#2921,#444,.T.);
#3707=EDGE_CURVE('',#2922,#2922,#445,.T.);
#3708=EDGE_CURVE('',#2923,#2923,#446,.T.);
#3709=EDGE_CURVE('',#2923,#2924,#1689,.T.);
#3710=EDGE_CURVE('',#2924,#2924,#447,.T.);
#3711=EDGE_CURVE('',#2925,#2925,#448,.T.);
#3712=EDGE_CURVE('',#2926,#2926,#449,.T.);
#3713=EDGE_CURVE('',#2926,#2916,#1690,.T.);
#3714=EDGE_CURVE('',#2927,#2927,#450,.T.);
#3715=EDGE_CURVE('',#2927,#2919,#1691,.T.);
#3716=EDGE_CURVE('',#2928,#2928,#451,.T.);
#3717=EDGE_CURVE('',#2928,#2922,#1692,.T.);
#3718=EDGE_CURVE('',#2929,#2929,#452,.T.);
#3719=EDGE_CURVE('',#2929,#2925,#1693,.T.);
#3720=EDGE_CURVE('',#2930,#2930,#38,.T.);
#3721=EDGE_CURVE('',#2931,#2930,#1694,.T.);
#3722=EDGE_CURVE('',#2932,#2931,#453,.T.);
#3723=EDGE_CURVE('',#2933,#2932,#1695,.T.);
#3724=EDGE_CURVE('',#2934,#2933,#454,.T.);
#3725=EDGE_CURVE('',#2935,#2934,#1696,.T.);
#3726=EDGE_CURVE('',#2936,#2935,#455,.T.);
#3727=EDGE_CURVE('',#2937,#2936,#1697,.T.);
#3728=EDGE_CURVE('',#2938,#2937,#456,.T.);
#3729=EDGE_CURVE('',#2931,#2938,#1698,.T.);
#3730=EDGE_CURVE('',#2939,#2932,#1699,.T.);
#3731=EDGE_CURVE('',#2940,#2939,#1700,.T.);
#3732=EDGE_CURVE('',#2940,#2933,#1701,.T.);
#3733=EDGE_CURVE('',#2941,#2931,#1702,.T.);
#3734=EDGE_CURVE('',#2939,#2941,#457,.T.);
#3735=EDGE_CURVE('',#2942,#2938,#1703,.T.);
#3736=EDGE_CURVE('',#2941,#2942,#1704,.T.);
#3737=EDGE_CURVE('',#2943,#2937,#1705,.T.);
#3738=EDGE_CURVE('',#2942,#2943,#458,.T.);
#3739=EDGE_CURVE('',#2944,#2936,#1706,.T.);
#3740=EDGE_CURVE('',#2943,#2944,#1707,.T.);
#3741=EDGE_CURVE('',#2945,#2935,#1708,.T.);
#3742=EDGE_CURVE('',#2944,#2945,#459,.T.);
#3743=EDGE_CURVE('',#2946,#2934,#1709,.T.);
#3744=EDGE_CURVE('',#2945,#2946,#1710,.T.);
#3745=EDGE_CURVE('',#2946,#2940,#460,.T.);
#3746=EDGE_CURVE('',#2947,#2948,#1711,.T.);
#3747=EDGE_CURVE('',#2947,#2949,#1712,.T.);
#3748=EDGE_CURVE('',#2949,#2950,#1713,.T.);
#3749=EDGE_CURVE('',#2948,#2950,#1714,.T.);
#3750=EDGE_CURVE('',#2948,#2951,#461,.T.);
#3751=EDGE_CURVE('',#2950,#2952,#462,.T.);
#3752=EDGE_CURVE('',#2951,#2952,#1715,.T.);
#3753=EDGE_CURVE('',#2951,#2953,#1716,.T.);
#3754=EDGE_CURVE('',#2952,#2954,#1717,.T.);
#3755=EDGE_CURVE('',#2953,#2954,#1718,.T.);
#3756=EDGE_CURVE('',#2953,#2955,#463,.T.);
#3757=EDGE_CURVE('',#2954,#2956,#464,.T.);
#3758=EDGE_CURVE('',#2955,#2956,#1719,.T.);
#3759=EDGE_CURVE('',#2955,#2957,#1720,.T.);
#3760=EDGE_CURVE('',#2956,#2958,#1721,.T.);
#3761=EDGE_CURVE('',#2957,#2958,#1722,.T.);
#3762=EDGE_CURVE('',#2959,#2947,#465,.T.);
#3763=EDGE_CURVE('',#2959,#2960,#1723,.T.);
#3764=EDGE_CURVE('',#2960,#2949,#466,.T.);
#3765=EDGE_CURVE('',#2961,#2959,#1724,.T.);
#3766=EDGE_CURVE('',#2961,#2962,#1725,.T.);
#3767=EDGE_CURVE('',#2962,#2960,#1726,.T.);
#3768=EDGE_CURVE('',#2957,#2961,#467,.T.);
#3769=EDGE_CURVE('',#2958,#2962,#468,.T.);
#3770=EDGE_CURVE('',#2963,#2963,#469,.T.);
#3771=EDGE_CURVE('',#2963,#2964,#1727,.T.);
#3772=EDGE_CURVE('',#2964,#2964,#470,.T.);
#3773=EDGE_CURVE('',#2965,#2965,#471,.T.);
#3774=EDGE_CURVE('',#2965,#2966,#1728,.T.);
#3775=EDGE_CURVE('',#2966,#2966,#472,.T.);
#3776=EDGE_CURVE('',#2967,#2967,#473,.T.);
#3777=EDGE_CURVE('',#2967,#2968,#1729,.T.);
#3778=EDGE_CURVE('',#2968,#2968,#474,.T.);
#3779=EDGE_CURVE('',#2969,#2969,#475,.T.);
#3780=EDGE_CURVE('',#2969,#2970,#1730,.T.);
#3781=EDGE_CURVE('',#2970,#2970,#476,.T.);
#3782=EDGE_CURVE('',#2971,#2972,#1731,.T.);
#3783=EDGE_CURVE('',#2973,#2971,#477,.T.);
#3784=EDGE_CURVE('',#2974,#2973,#1732,.T.);
#3785=EDGE_CURVE('',#2975,#2974,#478,.T.);
#3786=EDGE_CURVE('',#2976,#2975,#1733,.T.);
#3787=EDGE_CURVE('',#2977,#2976,#479,.T.);
#3788=EDGE_CURVE('',#2978,#2977,#1734,.T.);
#3789=EDGE_CURVE('',#2972,#2978,#480,.T.);
#3790=EDGE_CURVE('',#2788,#2785,#481,.T.);
#3791=EDGE_CURVE('',#2979,#2892,#1735,.T.);
#3792=EDGE_CURVE('',#2980,#2979,#482,.T.);
#3793=EDGE_CURVE('',#2980,#2981,#1736,.T.);
#3794=EDGE_CURVE('',#2982,#2981,#483,.T.);
#3795=EDGE_CURVE('',#2883,#2982,#1737,.T.);
#3796=EDGE_CURVE('',#2836,#2823,#484,.T.);
#3797=EDGE_CURVE('',#2780,#2983,#1738,.T.);
#3798=EDGE_CURVE('',#2983,#2984,#485,.T.);
#3799=EDGE_CURVE('',#2984,#2985,#1739,.T.);
#3800=EDGE_CURVE('',#2985,#2790,#486,.T.);
#3801=EDGE_CURVE('',#2800,#2793,#487,.T.);
#3802=EDGE_CURVE('',#2986,#2873,#1740,.T.);
#3803=EDGE_CURVE('',#2987,#2986,#488,.T.);
#3804=EDGE_CURVE('',#2987,#2988,#1741,.T.);
#3805=EDGE_CURVE('',#2989,#2988,#489,.T.);
#3806=EDGE_CURVE('',#2874,#2989,#1742,.T.);
#3807=EDGE_CURVE('',#2809,#2806,#490,.T.);
#3808=EDGE_CURVE('',#2771,#2990,#1743,.T.);
#3809=EDGE_CURVE('',#2990,#2991,#491,.T.);
#3810=EDGE_CURVE('',#2991,#2992,#1744,.T.);
#3811=EDGE_CURVE('',#2992,#2993,#492,.T.);
#3812=EDGE_CURVE('',#2993,#2754,#1745,.T.);
#3813=EDGE_CURVE('',#2881,#2816,#1746,.T.);
#3814=EDGE_CURVE('',#2829,#2880,#1747,.T.);
#3815=EDGE_CURVE('',#2887,#2994,#1748,.T.);
#3816=EDGE_CURVE('',#2817,#2994,#1749,.T.);
#3817=EDGE_CURVE('',#2894,#2768,#1750,.T.);
#3818=EDGE_CURVE('',#2901,#2896,#1751,.T.);
#3819=EDGE_CURVE('',#2989,#2995,#1752,.T.);
#3820=EDGE_CURVE('',#2995,#2996,#1753,.T.);
#3821=EDGE_CURVE('',#2996,#2986,#1754,.T.);
#3822=EDGE_CURVE('',#2875,#2872,#1755,.T.);
#3823=EDGE_CURVE('',#2749,#2997,#1756,.T.);
#3824=EDGE_CURVE('',#2997,#2863,#493,.T.);
#3825=EDGE_CURVE('',#2998,#2766,#1757,.T.);
#3826=EDGE_CURVE('',#2999,#2998,#494,.T.);
#3827=EDGE_CURVE('',#3000,#2999,#1758,.T.);
#3828=EDGE_CURVE('',#3001,#3000,#495,.T.);
#3829=EDGE_CURVE('',#2748,#3001,#1759,.T.);
#3830=EDGE_CURVE('',#2878,#3002,#1760,.T.);
#3831=EDGE_CURVE('',#2998,#3002,#1761,.T.);
#3832=EDGE_CURVE('',#2876,#2871,#1762,.T.);
#3833=EDGE_CURVE('',#2870,#2877,#1763,.T.);
#3834=EDGE_CURVE('',#2884,#2891,#1764,.T.);
#3835=EDGE_CURVE('',#2885,#2890,#1765,.T.);
#3836=EDGE_CURVE('',#2889,#2886,#1766,.T.);
#3837=EDGE_CURVE('',#3003,#2888,#1767,.T.);
#3838=EDGE_CURVE('',#3004,#3003,#496,.T.);
#3839=EDGE_CURVE('',#3005,#3004,#1768,.T.);
#3840=EDGE_CURVE('',#3002,#3005,#497,.T.);
#3841=EDGE_CURVE('',#3006,#2869,#1769,.T.);
#3842=EDGE_CURVE('',#3007,#3006,#498,.T.);
#3843=EDGE_CURVE('',#3008,#3007,#1770,.T.);
#3844=EDGE_CURVE('',#2994,#3008,#499,.T.);
#3845=EDGE_CURVE('',#3001,#3003,#1771,.T.);
#3846=EDGE_CURVE('',#2904,#3009,#1772,.T.);
#3847=EDGE_CURVE('',#3010,#3009,#1773,.T.);
#3848=EDGE_CURVE('',#3010,#2997,#1774,.T.);
#3849=EDGE_CURVE('',#3011,#2979,#1775,.T.);
#3850=EDGE_CURVE('',#3012,#3011,#500,.T.);
#3851=EDGE_CURVE('',#2980,#3012,#1776,.T.);
#3852=EDGE_CURVE('',#3013,#2996,#501,.T.);
#3853=EDGE_CURVE('',#2987,#3013,#1777,.T.);
#3854=EDGE_CURVE('',#3014,#2988,#1778,.T.);
#3855=EDGE_CURVE('',#2995,#3014,#502,.T.);
#3856=EDGE_CURVE('',#2982,#3015,#1779,.T.);
#3857=EDGE_CURVE('',#3016,#2981,#1780,.T.);
#3858=EDGE_CURVE('',#3015,#3016,#503,.T.);
#3859=EDGE_CURVE('',#2900,#2990,#1781,.T.);
#3860=EDGE_CURVE('',#3013,#3014,#1782,.T.);
#3861=EDGE_CURVE('',#3015,#3011,#1783,.T.);
#3862=EDGE_CURVE('',#2828,#2983,#1784,.T.);
#3863=EDGE_CURVE('',#2897,#2993,#1785,.T.);
#3864=EDGE_CURVE('',#2795,#2882,#504,.T.);
#3865=EDGE_CURVE('',#2898,#2992,#1786,.T.);
#3866=EDGE_CURVE('',#2899,#2991,#1787,.T.);
#3867=EDGE_CURVE('',#3009,#2905,#505,.T.);
#3868=EDGE_CURVE('',#2826,#2985,#1788,.T.);
#3869=EDGE_CURVE('',#2827,#2984,#1789,.T.);
#3870=EDGE_CURVE('',#3012,#3016,#1790,.T.);
#3871=EDGE_CURVE('',#3010,#2865,#506,.T.);
#3872=EDGE_CURVE('',#2796,#2859,#507,.T.);
#3873=EDGE_CURVE('',#2977,#3017,#1791,.T.);
#3874=EDGE_CURVE('',#3018,#3017,#1792,.T.);
#3875=EDGE_CURVE('',#2978,#3018,#1793,.T.);
#3876=EDGE_CURVE('',#2976,#3019,#1794,.T.);
#3877=EDGE_CURVE('',#3017,#3019,#508,.T.);
#3878=EDGE_CURVE('',#2975,#3020,#1795,.T.);
#3879=EDGE_CURVE('',#3019,#3020,#1796,.T.);
#3880=EDGE_CURVE('',#2974,#3021,#1797,.T.);
#3881=EDGE_CURVE('',#3020,#3021,#509,.T.);
#3882=EDGE_CURVE('',#2820,#3006,#1798,.T.);
#3883=EDGE_CURVE('',#2819,#3007,#1799,.T.);
#3884=EDGE_CURVE('',#2818,#3008,#1800,.T.);
#3885=EDGE_CURVE('',#3000,#3004,#1801,.T.);
#3886=EDGE_CURVE('',#2999,#3005,#1802,.T.);
#3887=EDGE_CURVE('',#3022,#3018,#510,.T.);
#3888=EDGE_CURVE('',#2972,#3022,#1803,.T.);
#3889=EDGE_CURVE('',#3023,#3022,#1804,.T.);
#3890=EDGE_CURVE('',#2971,#3023,#1805,.T.);
#3891=EDGE_CURVE('',#3024,#3023,#511,.T.);
#3892=EDGE_CURVE('',#2973,#3024,#1806,.T.);
#3893=EDGE_CURVE('',#3021,#3024,#1807,.T.);
#3894=EDGE_CURVE('',#3025,#3025,#512,.T.);
#3895=EDGE_CURVE('',#3025,#3026,#1808,.T.);
#3896=EDGE_CURVE('',#3026,#3026,#513,.T.);
#3897=EDGE_CURVE('',#3027,#3027,#514,.T.);
#3898=EDGE_CURVE('',#3027,#3028,#1809,.T.);
#3899=EDGE_CURVE('',#3028,#3028,#515,.T.);
#3900=EDGE_CURVE('',#3029,#3029,#516,.T.);
#3901=EDGE_CURVE('',#3029,#3030,#1810,.T.);
#3902=EDGE_CURVE('',#3030,#3030,#517,.T.);
#3903=EDGE_CURVE('',#3031,#3031,#518,.T.);
#3904=EDGE_CURVE('',#3031,#3032,#1811,.T.);
#3905=EDGE_CURVE('',#3032,#3032,#519,.T.);
#3906=EDGE_CURVE('',#3033,#3033,#520,.T.);
#3907=EDGE_CURVE('',#3033,#3034,#1812,.T.);
#3908=EDGE_CURVE('',#3034,#3034,#521,.T.);
#3909=EDGE_CURVE('',#3035,#3035,#522,.T.);
#3910=EDGE_CURVE('',#3035,#3036,#1813,.T.);
#3911=EDGE_CURVE('',#3036,#3036,#523,.T.);
#3912=EDGE_CURVE('',#3037,#3037,#524,.T.);
#3913=EDGE_CURVE('',#3037,#3038,#1814,.T.);
#3914=EDGE_CURVE('',#3038,#3038,#525,.T.);
#3915=EDGE_CURVE('',#3039,#3039,#526,.T.);
#3916=EDGE_CURVE('',#3039,#3040,#1815,.T.);
#3917=EDGE_CURVE('',#3040,#3040,#527,.T.);
#3918=EDGE_CURVE('',#3041,#3042,#1816,.T.);
#3919=EDGE_CURVE('',#3043,#3041,#528,.T.);
#3920=EDGE_CURVE('',#3044,#3043,#1817,.T.);
#3921=EDGE_CURVE('',#3042,#3044,#529,.T.);
#3922=EDGE_CURVE('',#3045,#3046,#530,.T.);
#3923=EDGE_CURVE('',#3047,#3045,#1818,.T.);
#3924=EDGE_CURVE('',#3048,#3047,#531,.T.);
#3925=EDGE_CURVE('',#3046,#3048,#1819,.T.);
#3926=EDGE_CURVE('',#3049,#3050,#532,.T.);
#3927=EDGE_CURVE('',#3051,#3049,#1820,.T.);
#3928=EDGE_CURVE('',#3052,#3051,#533,.T.);
#3929=EDGE_CURVE('',#3050,#3052,#1821,.T.);
#3930=EDGE_CURVE('',#3053,#3054,#1822,.T.);
#3931=EDGE_CURVE('',#3055,#3053,#534,.T.);
#3932=EDGE_CURVE('',#3056,#3055,#1823,.T.);
#3933=EDGE_CURVE('',#3054,#3056,#535,.T.);
#3934=EDGE_CURVE('',#3049,#3057,#1824,.T.);
#3935=EDGE_CURVE('',#3057,#3058,#1825,.T.);
#3936=EDGE_CURVE('',#3051,#3058,#1826,.T.);
#3937=EDGE_CURVE('',#3045,#3050,#1827,.T.);
#3938=EDGE_CURVE('',#3047,#3052,#1828,.T.);
#3939=EDGE_CURVE('',#3059,#3041,#1829,.T.);
#3940=EDGE_CURVE('',#3060,#3059,#536,.T.);
#3941=EDGE_CURVE('',#3061,#3060,#1830,.T.);
#3942=EDGE_CURVE('',#3062,#3061,#537,.T.);
#3943=EDGE_CURVE('',#3063,#3062,#1831,.T.);
#3944=EDGE_CURVE('',#3064,#3063,#538,.T.);
#3945=EDGE_CURVE('',#3065,#3064,#1832,.T.);
#3946=EDGE_CURVE('',#3057,#3065,#539,.T.);
#3947=EDGE_CURVE('',#3066,#3046,#1833,.T.);
#3948=EDGE_CURVE('',#3067,#3066,#540,.T.);
#3949=EDGE_CURVE('',#3068,#3067,#1834,.T.);
#3950=EDGE_CURVE('',#3069,#3068,#541,.T.);
#3951=EDGE_CURVE('',#3070,#3069,#1835,.T.);
#3952=EDGE_CURVE('',#3071,#3070,#542,.T.);
#3953=EDGE_CURVE('',#3072,#3071,#1836,.T.);
#3954=EDGE_CURVE('',#3073,#3072,#543,.T.);
#3955=EDGE_CURVE('',#3055,#3073,#1837,.T.);
#3956=EDGE_CURVE('',#3043,#3053,#1838,.T.);
#3957=EDGE_CURVE('',#3074,#3075,#1839,.T.);
#3958=EDGE_CURVE('',#3076,#3074,#544,.T.);
#3959=EDGE_CURVE('',#3077,#3076,#1840,.T.);
#3960=EDGE_CURVE('',#3078,#3077,#545,.T.);
#3961=EDGE_CURVE('',#3079,#3078,#1841,.T.);
#3962=EDGE_CURVE('',#3079,#3080,#1842,.T.);
#3963=EDGE_CURVE('',#3081,#3080,#546,.T.);
#3964=EDGE_CURVE('',#3081,#3082,#1843,.T.);
#3965=EDGE_CURVE('',#3083,#3082,#1844,.T.);
#3966=EDGE_CURVE('',#3083,#3084,#1845,.T.);
#3967=EDGE_CURVE('',#3085,#3084,#547,.T.);
#3968=EDGE_CURVE('',#3085,#3086,#1846,.T.);
#3969=EDGE_CURVE('',#3087,#3086,#1847,.T.);
#3970=EDGE_CURVE('',#3088,#3087,#548,.T.);
#3971=EDGE_CURVE('',#3089,#3088,#1848,.T.);
#3972=EDGE_CURVE('',#3090,#3089,#549,.T.);
#3973=EDGE_CURVE('',#3091,#3090,#1849,.T.);
#3974=EDGE_CURVE('',#3091,#3092,#1850,.T.);
#3975=EDGE_CURVE('',#3093,#3092,#550,.T.);
#3976=EDGE_CURVE('',#3093,#3094,#1851,.T.);
#3977=EDGE_CURVE('',#3095,#3094,#1852,.T.);
#3978=EDGE_CURVE('',#3095,#3096,#1853,.T.);
#3979=EDGE_CURVE('',#3097,#3096,#551,.T.);
#3980=EDGE_CURVE('',#3097,#3075,#1854,.T.);
#3981=EDGE_CURVE('',#3073,#3098,#1855,.T.);
#3982=EDGE_CURVE('',#3056,#3098,#1856,.T.);
#3983=EDGE_CURVE('',#3099,#3042,#1857,.T.);
#3984=EDGE_CURVE('',#3099,#3059,#1858,.T.);
#3985=EDGE_CURVE('',#3044,#3054,#1859,.T.);
#3986=EDGE_CURVE('',#3100,#3072,#1860,.T.);
#3987=EDGE_CURVE('',#3098,#3100,#552,.T.);
#3988=EDGE_CURVE('',#3071,#3101,#1861,.T.);
#3989=EDGE_CURVE('',#3100,#3101,#1862,.T.);
#3990=EDGE_CURVE('',#3101,#3102,#553,.T.);
#3991=EDGE_CURVE('',#3102,#3103,#1863,.T.);
#3992=EDGE_CURVE('',#3103,#3104,#554,.T.);
#3993=EDGE_CURVE('',#3104,#3105,#1864,.T.);
#3994=EDGE_CURVE('',#3105,#3106,#555,.T.);
#3995=EDGE_CURVE('',#3106,#3048,#1865,.T.);
#3996=EDGE_CURVE('',#3058,#3107,#556,.T.);
#3997=EDGE_CURVE('',#3107,#3108,#1866,.T.);
#3998=EDGE_CURVE('',#3108,#3109,#557,.T.);
#3999=EDGE_CURVE('',#3109,#3110,#1867,.T.);
#4000=EDGE_CURVE('',#3110,#3111,#558,.T.);
#4001=EDGE_CURVE('',#3111,#3112,#1868,.T.);
#4002=EDGE_CURVE('',#3112,#3099,#559,.T.);
#4003=EDGE_CURVE('',#3113,#3114,#1869,.T.);
#4004=EDGE_CURVE('',#3114,#3115,#1870,.T.);
#4005=EDGE_CURVE('',#3115,#3116,#560,.T.);
#4006=EDGE_CURVE('',#3116,#3117,#1871,.T.);
#4007=EDGE_CURVE('',#3117,#3118,#1872,.T.);
#4008=EDGE_CURVE('',#3118,#3119,#561,.T.);
#4009=EDGE_CURVE('',#3119,#3120,#1873,.T.);
#4010=EDGE_CURVE('',#3120,#3121,#562,.T.);
#4011=EDGE_CURVE('',#3121,#3122,#1874,.T.);
#4012=EDGE_CURVE('',#3122,#3123,#1875,.T.);
#4013=EDGE_CURVE('',#3123,#3124,#563,.T.);
#4014=EDGE_CURVE('',#3124,#3125,#1876,.T.);
#4015=EDGE_CURVE('',#3125,#3126,#1877,.T.);
#4016=EDGE_CURVE('',#3126,#3127,#1878,.T.);
#4017=EDGE_CURVE('',#3127,#3128,#564,.T.);
#4018=EDGE_CURVE('',#3128,#3129,#1879,.T.);
#4019=EDGE_CURVE('',#3129,#3130,#1880,.T.);
#4020=EDGE_CURVE('',#3130,#3131,#565,.T.);
#4021=EDGE_CURVE('',#3131,#3132,#1881,.T.);
#4022=EDGE_CURVE('',#3132,#3133,#566,.T.);
#4023=EDGE_CURVE('',#3133,#3134,#1882,.T.);
#4024=EDGE_CURVE('',#3134,#3135,#1883,.T.);
#4025=EDGE_CURVE('',#3135,#3136,#567,.T.);
#4026=EDGE_CURVE('',#3136,#3113,#1884,.T.);
#4027=EDGE_CURVE('',#3107,#3065,#1885,.T.);
#4028=EDGE_CURVE('',#3106,#3066,#1886,.T.);
#4029=EDGE_CURVE('',#3067,#3105,#1887,.T.);
#4030=EDGE_CURVE('',#3068,#3104,#1888,.T.);
#4031=EDGE_CURVE('',#3060,#3112,#1889,.T.);
#4032=EDGE_CURVE('',#3061,#3111,#1890,.T.);
#4033=EDGE_CURVE('',#3075,#3134,#1891,.T.);
#4034=EDGE_CURVE('',#3097,#3135,#1892,.T.);
#4035=EDGE_CURVE('',#3113,#3095,#1893,.T.);
#4036=EDGE_CURVE('',#3096,#3136,#1894,.T.);
#4037=EDGE_CURVE('',#3074,#3133,#1895,.T.);
#4038=EDGE_CURVE('',#3094,#3114,#1896,.T.);
#4039=EDGE_CURVE('',#3086,#3122,#1897,.T.);
#4040=EDGE_CURVE('',#3085,#3123,#1898,.T.);
#4041=EDGE_CURVE('',#3125,#3083,#1899,.T.);
#4042=EDGE_CURVE('',#3084,#3124,#1900,.T.);
#4043=EDGE_CURVE('',#3082,#3126,#1901,.T.);
#4044=EDGE_CURVE('',#3081,#3127,#1902,.T.);
#4045=EDGE_CURVE('',#3129,#3079,#1903,.T.);
#4046=EDGE_CURVE('',#3080,#3128,#1904,.T.);
#4047=EDGE_CURVE('',#3087,#3121,#1905,.T.);
#4048=EDGE_CURVE('',#3078,#3130,#1906,.T.);
#4049=EDGE_CURVE('',#3117,#3091,#1907,.T.);
#4050=EDGE_CURVE('',#3092,#3116,#1908,.T.);
#4051=EDGE_CURVE('',#3093,#3115,#1909,.T.);
#4052=EDGE_CURVE('',#3088,#3120,#1910,.T.);
#4053=EDGE_CURVE('',#3089,#3119,#1911,.T.);
#4054=EDGE_CURVE('',#3090,#3118,#1912,.T.);
#4055=EDGE_CURVE('',#3076,#3132,#1913,.T.);
#4056=EDGE_CURVE('',#3077,#3131,#1914,.T.);
#4057=EDGE_CURVE('',#3064,#3108,#1915,.T.);
#4058=EDGE_CURVE('',#3069,#3103,#1916,.T.);
#4059=EDGE_CURVE('',#3070,#3102,#1917,.T.);
#4060=EDGE_CURVE('',#3062,#3110,#1918,.T.);
#4061=EDGE_CURVE('',#3063,#3109,#1919,.T.);
#4062=ORIENTED_EDGE('',*,*,#3137,.F.);
#4063=ORIENTED_EDGE('',*,*,#3138,.F.);
#4064=ORIENTED_EDGE('',*,*,#3139,.F.);
#4065=ORIENTED_EDGE('',*,*,#3140,.T.);
#4066=ORIENTED_EDGE('',*,*,#3141,.F.);
#4067=ORIENTED_EDGE('',*,*,#3142,.F.);
#4068=ORIENTED_EDGE('',*,*,#3143,.F.);
#4069=ORIENTED_EDGE('',*,*,#3142,.T.);
#4070=ORIENTED_EDGE('',*,*,#3144,.F.);
#4071=ORIENTED_EDGE('',*,*,#3145,.F.);
#4072=ORIENTED_EDGE('',*,*,#3146,.F.);
#4073=ORIENTED_EDGE('',*,*,#3145,.T.);
#4074=ORIENTED_EDGE('',*,*,#3147,.F.);
#4075=ORIENTED_EDGE('',*,*,#3148,.F.);
#4076=ORIENTED_EDGE('',*,*,#3149,.F.);
#4077=ORIENTED_EDGE('',*,*,#3150,.F.);
#4078=ORIENTED_EDGE('',*,*,#3151,.F.);
#4079=ORIENTED_EDGE('',*,*,#3148,.T.);
#4080=ORIENTED_EDGE('',*,*,#3152,.F.);
#4081=ORIENTED_EDGE('',*,*,#3140,.F.);
#4082=ORIENTED_EDGE('',*,*,#3141,.T.);
#4083=ORIENTED_EDGE('',*,*,#3152,.T.);
#4084=ORIENTED_EDGE('',*,*,#3147,.T.);
#4085=ORIENTED_EDGE('',*,*,#3144,.T.);
#4086=ORIENTED_EDGE('',*,*,#3137,.T.);
#4087=ORIENTED_EDGE('',*,*,#3143,.T.);
#4088=ORIENTED_EDGE('',*,*,#3146,.T.);
#4089=ORIENTED_EDGE('',*,*,#3153,.F.);
#4090=ORIENTED_EDGE('',*,*,#3154,.T.);
#4091=ORIENTED_EDGE('',*,*,#3155,.T.);
#4092=ORIENTED_EDGE('',*,*,#3156,.T.);
#4093=ORIENTED_EDGE('',*,*,#3157,.F.);
#4094=ORIENTED_EDGE('',*,*,#3158,.T.);
#4095=ORIENTED_EDGE('',*,*,#3159,.T.);
#4096=ORIENTED_EDGE('',*,*,#3160,.T.);
#4097=ORIENTED_EDGE('',*,*,#3161,.F.);
#4098=ORIENTED_EDGE('',*,*,#3150,.T.);
#4099=ORIENTED_EDGE('',*,*,#3162,.F.);
#4100=ORIENTED_EDGE('',*,*,#3163,.T.);
#4101=ORIENTED_EDGE('',*,*,#3164,.F.);
#4102=ORIENTED_EDGE('',*,*,#3165,.F.);
#4103=ORIENTED_EDGE('',*,*,#3166,.F.);
#4104=ORIENTED_EDGE('',*,*,#3167,.T.);
#4105=ORIENTED_EDGE('',*,*,#3157,.T.);
#4106=ORIENTED_EDGE('',*,*,#3168,.T.);
#4107=ORIENTED_EDGE('',*,*,#3169,.T.);
#4108=ORIENTED_EDGE('',*,*,#3170,.T.);
#4109=ORIENTED_EDGE('',*,*,#3171,.T.);
#4110=ORIENTED_EDGE('',*,*,#3172,.T.);
#4111=ORIENTED_EDGE('',*,*,#3173,.T.);
#4112=ORIENTED_EDGE('',*,*,#3174,.T.);
#4113=ORIENTED_EDGE('',*,*,#3175,.T.);
#4114=ORIENTED_EDGE('',*,*,#3176,.T.);
#4115=ORIENTED_EDGE('',*,*,#3177,.T.);
#4116=ORIENTED_EDGE('',*,*,#3178,.T.);
#4117=ORIENTED_EDGE('',*,*,#3179,.T.);
#4118=ORIENTED_EDGE('',*,*,#3180,.T.);
#4119=ORIENTED_EDGE('',*,*,#3181,.T.);
#4120=ORIENTED_EDGE('',*,*,#3182,.T.);
#4121=ORIENTED_EDGE('',*,*,#3153,.T.);
#4122=ORIENTED_EDGE('',*,*,#3183,.T.);
#4123=ORIENTED_EDGE('',*,*,#3184,.T.);
#4124=ORIENTED_EDGE('',*,*,#3185,.T.);
#4125=ORIENTED_EDGE('',*,*,#3186,.T.);
#4126=ORIENTED_EDGE('',*,*,#3187,.T.);
#4127=ORIENTED_EDGE('',*,*,#3188,.T.);
#4128=ORIENTED_EDGE('',*,*,#3189,.T.);
#4129=ORIENTED_EDGE('',*,*,#3190,.T.);
#4130=ORIENTED_EDGE('',*,*,#3158,.F.);
#4131=ORIENTED_EDGE('',*,*,#3167,.F.);
#4132=ORIENTED_EDGE('',*,*,#3191,.F.);
#4133=ORIENTED_EDGE('',*,*,#3192,.T.);
#4134=ORIENTED_EDGE('',*,*,#3193,.F.);
#4135=ORIENTED_EDGE('',*,*,#3194,.F.);
#4136=ORIENTED_EDGE('',*,*,#3159,.F.);
#4137=ORIENTED_EDGE('',*,*,#3194,.T.);
#4138=ORIENTED_EDGE('',*,*,#3195,.F.);
#4139=ORIENTED_EDGE('',*,*,#3196,.F.);
#4140=ORIENTED_EDGE('',*,*,#3160,.F.);
#4141=ORIENTED_EDGE('',*,*,#3196,.T.);
#4142=ORIENTED_EDGE('',*,*,#3197,.F.);
#4143=ORIENTED_EDGE('',*,*,#3198,.F.);
#4144=ORIENTED_EDGE('',*,*,#3199,.F.);
#4145=ORIENTED_EDGE('',*,*,#3200,.F.);
#4146=ORIENTED_EDGE('',*,*,#3201,.F.);
#4147=ORIENTED_EDGE('',*,*,#3198,.T.);
#4148=ORIENTED_EDGE('',*,*,#3202,.F.);
#4149=ORIENTED_EDGE('',*,*,#3192,.F.);
#4150=ORIENTED_EDGE('',*,*,#3193,.T.);
#4151=ORIENTED_EDGE('',*,*,#3202,.T.);
#4152=ORIENTED_EDGE('',*,*,#3197,.T.);
#4153=ORIENTED_EDGE('',*,*,#3195,.T.);
#4154=ORIENTED_EDGE('',*,*,#3203,.F.);
#4155=ORIENTED_EDGE('',*,*,#3204,.F.);
#4156=ORIENTED_EDGE('',*,*,#3205,.F.);
#4157=ORIENTED_EDGE('',*,*,#3206,.F.);
#4158=ORIENTED_EDGE('',*,*,#3207,.F.);
#4159=ORIENTED_EDGE('',*,*,#3208,.F.);
#4160=ORIENTED_EDGE('',*,*,#3209,.F.);
#4161=ORIENTED_EDGE('',*,*,#3210,.F.);
#4162=ORIENTED_EDGE('',*,*,#3211,.F.);
#4163=ORIENTED_EDGE('',*,*,#3212,.F.);
#4164=ORIENTED_EDGE('',*,*,#3204,.T.);
#4165=ORIENTED_EDGE('',*,*,#3213,.F.);
#4166=ORIENTED_EDGE('',*,*,#3214,.F.);
#4167=ORIENTED_EDGE('',*,*,#3215,.F.);
#4168=ORIENTED_EDGE('',*,*,#3216,.F.);
#4169=ORIENTED_EDGE('',*,*,#3217,.F.);
#4170=ORIENTED_EDGE('',*,*,#3218,.F.);
#4171=ORIENTED_EDGE('',*,*,#3219,.F.);
#4172=ORIENTED_EDGE('',*,*,#3220,.F.);
#4173=ORIENTED_EDGE('',*,*,#3221,.F.);
#4174=ORIENTED_EDGE('',*,*,#3222,.F.);
#4175=ORIENTED_EDGE('',*,*,#3214,.T.);
#4176=ORIENTED_EDGE('',*,*,#3207,.T.);
#4177=ORIENTED_EDGE('',*,*,#3223,.T.);
#4178=ORIENTED_EDGE('',*,*,#3224,.T.);
#4179=ORIENTED_EDGE('',*,*,#3225,.T.);
#4180=ORIENTED_EDGE('',*,*,#3226,.T.);
#4181=ORIENTED_EDGE('',*,*,#3186,.F.);
#4182=ORIENTED_EDGE('',*,*,#3227,.F.);
#4183=ORIENTED_EDGE('',*,*,#3210,.T.);
#4184=ORIENTED_EDGE('',*,*,#3203,.T.);
#4185=ORIENTED_EDGE('',*,*,#3212,.T.);
#4186=ORIENTED_EDGE('',*,*,#3228,.T.);
#4187=ORIENTED_EDGE('',*,*,#3229,.T.);
#4188=ORIENTED_EDGE('',*,*,#3230,.T.);
#4189=ORIENTED_EDGE('',*,*,#3231,.T.);
#4190=ORIENTED_EDGE('',*,*,#3232,.T.);
#4191=ORIENTED_EDGE('',*,*,#3233,.T.);
#4192=ORIENTED_EDGE('',*,*,#3234,.T.);
#4193=ORIENTED_EDGE('',*,*,#3220,.T.);
#4194=ORIENTED_EDGE('',*,*,#3213,.T.);
#4195=ORIENTED_EDGE('',*,*,#3222,.T.);
#4196=ORIENTED_EDGE('',*,*,#3235,.T.);
#4197=ORIENTED_EDGE('',*,*,#3236,.T.);
#4198=ORIENTED_EDGE('',*,*,#3237,.F.);
#4199=ORIENTED_EDGE('',*,*,#3238,.T.);
#4200=ORIENTED_EDGE('',*,*,#3239,.F.);
#4201=ORIENTED_EDGE('',*,*,#3240,.T.);
#4202=ORIENTED_EDGE('',*,*,#3241,.T.);
#4203=ORIENTED_EDGE('',*,*,#3206,.T.);
#4204=ORIENTED_EDGE('',*,*,#3242,.T.);
#4205=ORIENTED_EDGE('',*,*,#3223,.F.);
#4206=ORIENTED_EDGE('',*,*,#3219,.T.);
#4207=ORIENTED_EDGE('',*,*,#3243,.F.);
#4208=ORIENTED_EDGE('',*,*,#3244,.T.);
#4209=ORIENTED_EDGE('',*,*,#3221,.T.);
#4210=ORIENTED_EDGE('',*,*,#3234,.F.);
#4211=ORIENTED_EDGE('',*,*,#3245,.F.);
#4212=ORIENTED_EDGE('',*,*,#3246,.F.);
#4213=ORIENTED_EDGE('',*,*,#3247,.F.);
#4214=ORIENTED_EDGE('',*,*,#3235,.F.);
#4215=ORIENTED_EDGE('',*,*,#3248,.F.);
#4216=ORIENTED_EDGE('',*,*,#3249,.T.);
#4217=ORIENTED_EDGE('',*,*,#3250,.F.);
#4218=ORIENTED_EDGE('',*,*,#3225,.F.);
#4219=ORIENTED_EDGE('',*,*,#3251,.F.);
#4220=ORIENTED_EDGE('',*,*,#3252,.F.);
#4221=ORIENTED_EDGE('',*,*,#3253,.F.);
#4222=ORIENTED_EDGE('',*,*,#3246,.T.);
#4223=ORIENTED_EDGE('',*,*,#3254,.F.);
#4224=ORIENTED_EDGE('',*,*,#3255,.F.);
#4225=ORIENTED_EDGE('',*,*,#3256,.F.);
#4226=ORIENTED_EDGE('',*,*,#3257,.F.);
#4227=ORIENTED_EDGE('',*,*,#3211,.T.);
#4228=ORIENTED_EDGE('',*,*,#3241,.F.);
#4229=ORIENTED_EDGE('',*,*,#3258,.F.);
#4230=ORIENTED_EDGE('',*,*,#3249,.F.);
#4231=ORIENTED_EDGE('',*,*,#3259,.F.);
#4232=ORIENTED_EDGE('',*,*,#3228,.F.);
#4233=ORIENTED_EDGE('',*,*,#3205,.T.);
#4234=ORIENTED_EDGE('',*,*,#3260,.F.);
#4235=ORIENTED_EDGE('',*,*,#3215,.T.);
#4236=ORIENTED_EDGE('',*,*,#3244,.F.);
#4237=ORIENTED_EDGE('',*,*,#3261,.F.);
#4238=ORIENTED_EDGE('',*,*,#3251,.T.);
#4239=ORIENTED_EDGE('',*,*,#3224,.F.);
#4240=ORIENTED_EDGE('',*,*,#3242,.F.);
#4241=ORIENTED_EDGE('',*,*,#3257,.T.);
#4242=ORIENTED_EDGE('',*,*,#3262,.T.);
#4243=ORIENTED_EDGE('',*,*,#3263,.T.);
#4244=ORIENTED_EDGE('',*,*,#3264,.F.);
#4245=ORIENTED_EDGE('',*,*,#3256,.T.);
#4246=ORIENTED_EDGE('',*,*,#3265,.T.);
#4247=ORIENTED_EDGE('',*,*,#3266,.T.);
#4248=ORIENTED_EDGE('',*,*,#3262,.F.);
#4249=ORIENTED_EDGE('',*,*,#3255,.T.);
#4250=ORIENTED_EDGE('',*,*,#3267,.T.);
#4251=ORIENTED_EDGE('',*,*,#3268,.T.);
#4252=ORIENTED_EDGE('',*,*,#3265,.F.);
#4253=ORIENTED_EDGE('',*,*,#3254,.T.);
#4254=ORIENTED_EDGE('',*,*,#3245,.T.);
#4255=ORIENTED_EDGE('',*,*,#3233,.F.);
#4256=ORIENTED_EDGE('',*,*,#3269,.T.);
#4257=ORIENTED_EDGE('',*,*,#3270,.T.);
#4258=ORIENTED_EDGE('',*,*,#3267,.F.);
#4259=ORIENTED_EDGE('',*,*,#3209,.T.);
#4260=ORIENTED_EDGE('',*,*,#3271,.T.);
#4261=ORIENTED_EDGE('',*,*,#3216,.T.);
#4262=ORIENTED_EDGE('',*,*,#3260,.T.);
#4263=ORIENTED_EDGE('',*,*,#3247,.T.);
#4264=ORIENTED_EDGE('',*,*,#3253,.T.);
#4265=ORIENTED_EDGE('',*,*,#3272,.T.);
#4266=ORIENTED_EDGE('',*,*,#3183,.F.);
#4267=ORIENTED_EDGE('',*,*,#3273,.F.);
#4268=ORIENTED_EDGE('',*,*,#3236,.F.);
#4269=ORIENTED_EDGE('',*,*,#3274,.F.);
#4270=ORIENTED_EDGE('',*,*,#3275,.T.);
#4271=ORIENTED_EDGE('',*,*,#3276,.F.);
#4272=ORIENTED_EDGE('',*,*,#3277,.F.);
#4273=ORIENTED_EDGE('',*,*,#3278,.F.);
#4274=ORIENTED_EDGE('',*,*,#3279,.F.);
#4275=ORIENTED_EDGE('',*,*,#3280,.F.);
#4276=ORIENTED_EDGE('',*,*,#3281,.T.);
#4277=ORIENTED_EDGE('',*,*,#3282,.F.);
#4278=ORIENTED_EDGE('',*,*,#3155,.F.);
#4279=ORIENTED_EDGE('',*,*,#3283,.T.);
#4280=ORIENTED_EDGE('',*,*,#3284,.T.);
#4281=ORIENTED_EDGE('',*,*,#3285,.F.);
#4282=ORIENTED_EDGE('',*,*,#3286,.F.);
#4283=ORIENTED_EDGE('',*,*,#3287,.F.);
#4284=ORIENTED_EDGE('',*,*,#3288,.F.);
#4285=ORIENTED_EDGE('',*,*,#3289,.F.);
#4286=ORIENTED_EDGE('',*,*,#3284,.F.);
#4287=ORIENTED_EDGE('',*,*,#3290,.F.);
#4288=ORIENTED_EDGE('',*,*,#3181,.F.);
#4289=ORIENTED_EDGE('',*,*,#3291,.F.);
#4290=ORIENTED_EDGE('',*,*,#3169,.F.);
#4291=ORIENTED_EDGE('',*,*,#3292,.F.);
#4292=ORIENTED_EDGE('',*,*,#3281,.F.);
#4293=ORIENTED_EDGE('',*,*,#3182,.F.);
#4294=ORIENTED_EDGE('',*,*,#3290,.T.);
#4295=ORIENTED_EDGE('',*,*,#3283,.F.);
#4296=ORIENTED_EDGE('',*,*,#3154,.F.);
#4297=ORIENTED_EDGE('',*,*,#3168,.F.);
#4298=ORIENTED_EDGE('',*,*,#3156,.F.);
#4299=ORIENTED_EDGE('',*,*,#3282,.T.);
#4300=ORIENTED_EDGE('',*,*,#3292,.T.);
#4301=ORIENTED_EDGE('',*,*,#3293,.F.);
#4302=ORIENTED_EDGE('',*,*,#3175,.F.);
#4303=ORIENTED_EDGE('',*,*,#3294,.F.);
#4304=ORIENTED_EDGE('',*,*,#3275,.F.);
#4305=ORIENTED_EDGE('',*,*,#3293,.T.);
#4306=ORIENTED_EDGE('',*,*,#3274,.T.);
#4307=ORIENTED_EDGE('',*,*,#3295,.T.);
#4308=ORIENTED_EDGE('',*,*,#3296,.F.);
#4309=ORIENTED_EDGE('',*,*,#3297,.F.);
#4310=ORIENTED_EDGE('',*,*,#3176,.F.);
#4311=ORIENTED_EDGE('',*,*,#3288,.T.);
#4312=ORIENTED_EDGE('',*,*,#3298,.T.);
#4313=ORIENTED_EDGE('',*,*,#3299,.F.);
#4314=ORIENTED_EDGE('',*,*,#3295,.F.);
#4315=ORIENTED_EDGE('',*,*,#3287,.T.);
#4316=ORIENTED_EDGE('',*,*,#3300,.T.);
#4317=ORIENTED_EDGE('',*,*,#3301,.F.);
#4318=ORIENTED_EDGE('',*,*,#3298,.F.);
#4319=ORIENTED_EDGE('',*,*,#3286,.T.);
#4320=ORIENTED_EDGE('',*,*,#3302,.T.);
#4321=ORIENTED_EDGE('',*,*,#3303,.F.);
#4322=ORIENTED_EDGE('',*,*,#3300,.F.);
#4323=ORIENTED_EDGE('',*,*,#3285,.T.);
#4324=ORIENTED_EDGE('',*,*,#3289,.T.);
#4325=ORIENTED_EDGE('',*,*,#3180,.F.);
#4326=ORIENTED_EDGE('',*,*,#3304,.T.);
#4327=ORIENTED_EDGE('',*,*,#3305,.F.);
#4328=ORIENTED_EDGE('',*,*,#3302,.F.);
#4329=ORIENTED_EDGE('',*,*,#3306,.F.);
#4330=ORIENTED_EDGE('',*,*,#3307,.F.);
#4331=ORIENTED_EDGE('',*,*,#3308,.T.);
#4332=ORIENTED_EDGE('',*,*,#3309,.T.);
#4333=ORIENTED_EDGE('',*,*,#3310,.F.);
#4334=ORIENTED_EDGE('',*,*,#3309,.F.);
#4335=ORIENTED_EDGE('',*,*,#3311,.F.);
#4336=ORIENTED_EDGE('',*,*,#3312,.T.);
#4337=ORIENTED_EDGE('',*,*,#3313,.F.);
#4338=ORIENTED_EDGE('',*,*,#3312,.F.);
#4339=ORIENTED_EDGE('',*,*,#3314,.T.);
#4340=ORIENTED_EDGE('',*,*,#3315,.T.);
#4341=ORIENTED_EDGE('',*,*,#3316,.F.);
#4342=ORIENTED_EDGE('',*,*,#3315,.F.);
#4343=ORIENTED_EDGE('',*,*,#3317,.F.);
#4344=ORIENTED_EDGE('',*,*,#3318,.T.);
#4345=ORIENTED_EDGE('',*,*,#3319,.F.);
#4346=ORIENTED_EDGE('',*,*,#3318,.F.);
#4347=ORIENTED_EDGE('',*,*,#3320,.T.);
#4348=ORIENTED_EDGE('',*,*,#3321,.T.);
#4349=ORIENTED_EDGE('',*,*,#3322,.F.);
#4350=ORIENTED_EDGE('',*,*,#3321,.F.);
#4351=ORIENTED_EDGE('',*,*,#3323,.F.);
#4352=ORIENTED_EDGE('',*,*,#3324,.T.);
#4353=ORIENTED_EDGE('',*,*,#3325,.F.);
#4354=ORIENTED_EDGE('',*,*,#3324,.F.);
#4355=ORIENTED_EDGE('',*,*,#3326,.T.);
#4356=ORIENTED_EDGE('',*,*,#3327,.T.);
#4357=ORIENTED_EDGE('',*,*,#3328,.F.);
#4358=ORIENTED_EDGE('',*,*,#3327,.F.);
#4359=ORIENTED_EDGE('',*,*,#3329,.F.);
#4360=ORIENTED_EDGE('',*,*,#3307,.T.);
#4361=ORIENTED_EDGE('',*,*,#3317,.T.);
#4362=ORIENTED_EDGE('',*,*,#3314,.F.);
#4363=ORIENTED_EDGE('',*,*,#3311,.T.);
#4364=ORIENTED_EDGE('',*,*,#3308,.F.);
#4365=ORIENTED_EDGE('',*,*,#3329,.T.);
#4366=ORIENTED_EDGE('',*,*,#3326,.F.);
#4367=ORIENTED_EDGE('',*,*,#3323,.T.);
#4368=ORIENTED_EDGE('',*,*,#3320,.F.);
#4369=ORIENTED_EDGE('',*,*,#3330,.F.);
#4370=ORIENTED_EDGE('',*,*,#3263,.F.);
#4371=ORIENTED_EDGE('',*,*,#3266,.F.);
#4372=ORIENTED_EDGE('',*,*,#3268,.F.);
#4373=ORIENTED_EDGE('',*,*,#3270,.F.);
#4374=ORIENTED_EDGE('',*,*,#3331,.F.);
#4375=ORIENTED_EDGE('',*,*,#3332,.F.);
#4376=ORIENTED_EDGE('',*,*,#3333,.F.);
#4377=ORIENTED_EDGE('',*,*,#3248,.T.);
#4378=ORIENTED_EDGE('',*,*,#3264,.T.);
#4379=ORIENTED_EDGE('',*,*,#3330,.T.);
#4380=ORIENTED_EDGE('',*,*,#3334,.F.);
#4381=ORIENTED_EDGE('',*,*,#3229,.F.);
#4382=ORIENTED_EDGE('',*,*,#3259,.T.);
#4383=ORIENTED_EDGE('',*,*,#3333,.T.);
#4384=ORIENTED_EDGE('',*,*,#3335,.F.);
#4385=ORIENTED_EDGE('',*,*,#3230,.F.);
#4386=ORIENTED_EDGE('',*,*,#3334,.T.);
#4387=ORIENTED_EDGE('',*,*,#3332,.T.);
#4388=ORIENTED_EDGE('',*,*,#3336,.F.);
#4389=ORIENTED_EDGE('',*,*,#3231,.F.);
#4390=ORIENTED_EDGE('',*,*,#3335,.T.);
#4391=ORIENTED_EDGE('',*,*,#3331,.T.);
#4392=ORIENTED_EDGE('',*,*,#3269,.F.);
#4393=ORIENTED_EDGE('',*,*,#3232,.F.);
#4394=ORIENTED_EDGE('',*,*,#3336,.T.);
#4395=ORIENTED_EDGE('',*,*,#3177,.F.);
#4396=ORIENTED_EDGE('',*,*,#3297,.T.);
#4397=ORIENTED_EDGE('',*,*,#3337,.F.);
#4398=ORIENTED_EDGE('',*,*,#3338,.F.);
#4399=ORIENTED_EDGE('',*,*,#3178,.F.);
#4400=ORIENTED_EDGE('',*,*,#3338,.T.);
#4401=ORIENTED_EDGE('',*,*,#3339,.F.);
#4402=ORIENTED_EDGE('',*,*,#3340,.F.);
#4403=ORIENTED_EDGE('',*,*,#3179,.F.);
#4404=ORIENTED_EDGE('',*,*,#3340,.T.);
#4405=ORIENTED_EDGE('',*,*,#3341,.F.);
#4406=ORIENTED_EDGE('',*,*,#3304,.F.);
#4407=ORIENTED_EDGE('',*,*,#3280,.T.);
#4408=ORIENTED_EDGE('',*,*,#3342,.T.);
#4409=ORIENTED_EDGE('',*,*,#3343,.F.);
#4410=ORIENTED_EDGE('',*,*,#3344,.F.);
#4411=ORIENTED_EDGE('',*,*,#3170,.F.);
#4412=ORIENTED_EDGE('',*,*,#3291,.T.);
#4413=ORIENTED_EDGE('',*,*,#3171,.F.);
#4414=ORIENTED_EDGE('',*,*,#3344,.T.);
#4415=ORIENTED_EDGE('',*,*,#3345,.F.);
#4416=ORIENTED_EDGE('',*,*,#3346,.F.);
#4417=ORIENTED_EDGE('',*,*,#3172,.F.);
#4418=ORIENTED_EDGE('',*,*,#3346,.T.);
#4419=ORIENTED_EDGE('',*,*,#3347,.F.);
#4420=ORIENTED_EDGE('',*,*,#3348,.F.);
#4421=ORIENTED_EDGE('',*,*,#3173,.F.);
#4422=ORIENTED_EDGE('',*,*,#3348,.T.);
#4423=ORIENTED_EDGE('',*,*,#3349,.F.);
#4424=ORIENTED_EDGE('',*,*,#3350,.F.);
#4425=ORIENTED_EDGE('',*,*,#3294,.T.);
#4426=ORIENTED_EDGE('',*,*,#3174,.F.);
#4427=ORIENTED_EDGE('',*,*,#3350,.T.);
#4428=ORIENTED_EDGE('',*,*,#3351,.F.);
#4429=ORIENTED_EDGE('',*,*,#3352,.F.);
#4430=ORIENTED_EDGE('',*,*,#3276,.T.);
#4431=ORIENTED_EDGE('',*,*,#3279,.T.);
#4432=ORIENTED_EDGE('',*,*,#3353,.T.);
#4433=ORIENTED_EDGE('',*,*,#3354,.F.);
#4434=ORIENTED_EDGE('',*,*,#3342,.F.);
#4435=ORIENTED_EDGE('',*,*,#3278,.T.);
#4436=ORIENTED_EDGE('',*,*,#3355,.T.);
#4437=ORIENTED_EDGE('',*,*,#3356,.F.);
#4438=ORIENTED_EDGE('',*,*,#3353,.F.);
#4439=ORIENTED_EDGE('',*,*,#3277,.T.);
#4440=ORIENTED_EDGE('',*,*,#3352,.T.);
#4441=ORIENTED_EDGE('',*,*,#3357,.F.);
#4442=ORIENTED_EDGE('',*,*,#3355,.F.);
#4443=ORIENTED_EDGE('',*,*,#3358,.F.);
#4444=ORIENTED_EDGE('',*,*,#3359,.T.);
#4445=ORIENTED_EDGE('',*,*,#3360,.F.);
#4446=ORIENTED_EDGE('',*,*,#3359,.F.);
#4447=ORIENTED_EDGE('',*,*,#3361,.F.);
#4448=ORIENTED_EDGE('',*,*,#3362,.T.);
#4449=ORIENTED_EDGE('',*,*,#3363,.F.);
#4450=ORIENTED_EDGE('',*,*,#3362,.F.);
#4451=ORIENTED_EDGE('',*,*,#3364,.F.);
#4452=ORIENTED_EDGE('',*,*,#3365,.T.);
#4453=ORIENTED_EDGE('',*,*,#3366,.F.);
#4454=ORIENTED_EDGE('',*,*,#3365,.F.);
#4455=ORIENTED_EDGE('',*,*,#3367,.F.);
#4456=ORIENTED_EDGE('',*,*,#3368,.T.);
#4457=ORIENTED_EDGE('',*,*,#3369,.F.);
#4458=ORIENTED_EDGE('',*,*,#3368,.F.);
#4459=ORIENTED_EDGE('',*,*,#3367,.T.);
#4460=ORIENTED_EDGE('',*,*,#3370,.F.);
#4461=ORIENTED_EDGE('',*,*,#3371,.T.);
#4462=ORIENTED_EDGE('',*,*,#3372,.F.);
#4463=ORIENTED_EDGE('',*,*,#3371,.F.);
#4464=ORIENTED_EDGE('',*,*,#3370,.T.);
#4465=ORIENTED_EDGE('',*,*,#3373,.F.);
#4466=ORIENTED_EDGE('',*,*,#3374,.T.);
#4467=ORIENTED_EDGE('',*,*,#3375,.F.);
#4468=ORIENTED_EDGE('',*,*,#3374,.F.);
#4469=ORIENTED_EDGE('',*,*,#3373,.T.);
#4470=ORIENTED_EDGE('',*,*,#3376,.F.);
#4471=ORIENTED_EDGE('',*,*,#3377,.T.);
#4472=ORIENTED_EDGE('',*,*,#3378,.F.);
#4473=ORIENTED_EDGE('',*,*,#3377,.F.);
#4474=ORIENTED_EDGE('',*,*,#3376,.T.);
#4475=ORIENTED_EDGE('',*,*,#3379,.F.);
#4476=ORIENTED_EDGE('',*,*,#3380,.T.);
#4477=ORIENTED_EDGE('',*,*,#3381,.F.);
#4478=ORIENTED_EDGE('',*,*,#3380,.F.);
#4479=ORIENTED_EDGE('',*,*,#3379,.T.);
#4480=ORIENTED_EDGE('',*,*,#3382,.F.);
#4481=ORIENTED_EDGE('',*,*,#3383,.T.);
#4482=ORIENTED_EDGE('',*,*,#3384,.F.);
#4483=ORIENTED_EDGE('',*,*,#3383,.F.);
#4484=ORIENTED_EDGE('',*,*,#3382,.T.);
#4485=ORIENTED_EDGE('',*,*,#3385,.F.);
#4486=ORIENTED_EDGE('',*,*,#3386,.T.);
#4487=ORIENTED_EDGE('',*,*,#3387,.F.);
#4488=ORIENTED_EDGE('',*,*,#3386,.F.);
#4489=ORIENTED_EDGE('',*,*,#3385,.T.);
#4490=ORIENTED_EDGE('',*,*,#3388,.F.);
#4491=ORIENTED_EDGE('',*,*,#3389,.T.);
#4492=ORIENTED_EDGE('',*,*,#3390,.F.);
#4493=ORIENTED_EDGE('',*,*,#3389,.F.);
#4494=ORIENTED_EDGE('',*,*,#3388,.T.);
#4495=ORIENTED_EDGE('',*,*,#3208,.T.);
#4496=ORIENTED_EDGE('',*,*,#3227,.T.);
#4497=ORIENTED_EDGE('',*,*,#3185,.F.);
#4498=ORIENTED_EDGE('',*,*,#3391,.F.);
#4499=ORIENTED_EDGE('',*,*,#3217,.T.);
#4500=ORIENTED_EDGE('',*,*,#3271,.F.);
#4501=ORIENTED_EDGE('',*,*,#3218,.T.);
#4502=ORIENTED_EDGE('',*,*,#3391,.T.);
#4503=ORIENTED_EDGE('',*,*,#3184,.F.);
#4504=ORIENTED_EDGE('',*,*,#3272,.F.);
#4505=ORIENTED_EDGE('',*,*,#3252,.T.);
#4506=ORIENTED_EDGE('',*,*,#3261,.T.);
#4507=ORIENTED_EDGE('',*,*,#3243,.T.);
#4508=ORIENTED_EDGE('',*,*,#3190,.F.);
#4509=ORIENTED_EDGE('',*,*,#3392,.F.);
#4510=ORIENTED_EDGE('',*,*,#3237,.T.);
#4511=ORIENTED_EDGE('',*,*,#3273,.T.);
#4512=ORIENTED_EDGE('',*,*,#3189,.F.);
#4513=ORIENTED_EDGE('',*,*,#3393,.F.);
#4514=ORIENTED_EDGE('',*,*,#3238,.F.);
#4515=ORIENTED_EDGE('',*,*,#3392,.T.);
#4516=ORIENTED_EDGE('',*,*,#3188,.F.);
#4517=ORIENTED_EDGE('',*,*,#3394,.F.);
#4518=ORIENTED_EDGE('',*,*,#3239,.T.);
#4519=ORIENTED_EDGE('',*,*,#3393,.T.);
#4520=ORIENTED_EDGE('',*,*,#3258,.T.);
#4521=ORIENTED_EDGE('',*,*,#3240,.F.);
#4522=ORIENTED_EDGE('',*,*,#3394,.T.);
#4523=ORIENTED_EDGE('',*,*,#3187,.F.);
#4524=ORIENTED_EDGE('',*,*,#3226,.F.);
#4525=ORIENTED_EDGE('',*,*,#3250,.T.);
#4526=ORIENTED_EDGE('',*,*,#3395,.F.);
#4527=ORIENTED_EDGE('',*,*,#3396,.F.);
#4528=ORIENTED_EDGE('',*,*,#3397,.F.);
#4529=ORIENTED_EDGE('',*,*,#3398,.F.);
#4530=ORIENTED_EDGE('',*,*,#3139,.T.);
#4531=ORIENTED_EDGE('',*,*,#3399,.T.);
#4532=ORIENTED_EDGE('',*,*,#3199,.T.);
#4533=ORIENTED_EDGE('',*,*,#3201,.T.);
#4534=ORIENTED_EDGE('',*,*,#3191,.T.);
#4535=ORIENTED_EDGE('',*,*,#3166,.T.);
#4536=ORIENTED_EDGE('',*,*,#3400,.T.);
#4537=ORIENTED_EDGE('',*,*,#3401,.T.);
#4538=ORIENTED_EDGE('',*,*,#3402,.T.);
#4539=ORIENTED_EDGE('',*,*,#3403,.T.);
#4540=ORIENTED_EDGE('',*,*,#3404,.T.);
#4541=ORIENTED_EDGE('',*,*,#3405,.T.);
#4542=ORIENTED_EDGE('',*,*,#3406,.T.);
#4543=ORIENTED_EDGE('',*,*,#3407,.T.);
#4544=ORIENTED_EDGE('',*,*,#3408,.T.);
#4545=ORIENTED_EDGE('',*,*,#3409,.T.);
#4546=ORIENTED_EDGE('',*,*,#3410,.T.);
#4547=ORIENTED_EDGE('',*,*,#3411,.T.);
#4548=ORIENTED_EDGE('',*,*,#3398,.T.);
#4549=ORIENTED_EDGE('',*,*,#3412,.T.);
#4550=ORIENTED_EDGE('',*,*,#3413,.T.);
#4551=ORIENTED_EDGE('',*,*,#3162,.T.);
#4552=ORIENTED_EDGE('',*,*,#3149,.T.);
#4553=ORIENTED_EDGE('',*,*,#3151,.T.);
#4554=ORIENTED_EDGE('',*,*,#3414,.T.);
#4555=ORIENTED_EDGE('',*,*,#3415,.T.);
#4556=ORIENTED_EDGE('',*,*,#3416,.T.);
#4557=ORIENTED_EDGE('',*,*,#3417,.T.);
#4558=ORIENTED_EDGE('',*,*,#3397,.T.);
#4559=ORIENTED_EDGE('',*,*,#3418,.F.);
#4560=ORIENTED_EDGE('',*,*,#3419,.F.);
#4561=ORIENTED_EDGE('',*,*,#3412,.F.);
#4562=ORIENTED_EDGE('',*,*,#3420,.F.);
#4563=ORIENTED_EDGE('',*,*,#3421,.F.);
#4564=ORIENTED_EDGE('',*,*,#3422,.F.);
#4565=ORIENTED_EDGE('',*,*,#3404,.F.);
#4566=ORIENTED_EDGE('',*,*,#3422,.T.);
#4567=ORIENTED_EDGE('',*,*,#3423,.F.);
#4568=ORIENTED_EDGE('',*,*,#3424,.F.);
#4569=ORIENTED_EDGE('',*,*,#3405,.F.);
#4570=ORIENTED_EDGE('',*,*,#3420,.T.);
#4571=ORIENTED_EDGE('',*,*,#3403,.F.);
#4572=ORIENTED_EDGE('',*,*,#3425,.T.);
#4573=ORIENTED_EDGE('',*,*,#3426,.F.);
#4574=ORIENTED_EDGE('',*,*,#3425,.F.);
#4575=ORIENTED_EDGE('',*,*,#3402,.F.);
#4576=ORIENTED_EDGE('',*,*,#3427,.F.);
#4577=ORIENTED_EDGE('',*,*,#3428,.F.);
#4578=ORIENTED_EDGE('',*,*,#3427,.T.);
#4579=ORIENTED_EDGE('',*,*,#3401,.F.);
#4580=ORIENTED_EDGE('',*,*,#3429,.T.);
#4581=ORIENTED_EDGE('',*,*,#3430,.F.);
#4582=ORIENTED_EDGE('',*,*,#3431,.T.);
#4583=ORIENTED_EDGE('',*,*,#3432,.T.);
#4584=ORIENTED_EDGE('',*,*,#3433,.T.);
#4585=ORIENTED_EDGE('',*,*,#3434,.T.);
#4586=ORIENTED_EDGE('',*,*,#3435,.T.);
#4587=ORIENTED_EDGE('',*,*,#3436,.T.);
#4588=ORIENTED_EDGE('',*,*,#3437,.T.);
#4589=ORIENTED_EDGE('',*,*,#3438,.T.);
#4590=ORIENTED_EDGE('',*,*,#3439,.T.);
#4591=ORIENTED_EDGE('',*,*,#3440,.T.);
#4592=ORIENTED_EDGE('',*,*,#3441,.T.);
#4593=ORIENTED_EDGE('',*,*,#3442,.T.);
#4594=ORIENTED_EDGE('',*,*,#3443,.T.);
#4595=ORIENTED_EDGE('',*,*,#3444,.T.);
#4596=ORIENTED_EDGE('',*,*,#3423,.T.);
#4597=ORIENTED_EDGE('',*,*,#3421,.T.);
#4598=ORIENTED_EDGE('',*,*,#3426,.T.);
#4599=ORIENTED_EDGE('',*,*,#3428,.T.);
#4600=ORIENTED_EDGE('',*,*,#3430,.T.);
#4601=ORIENTED_EDGE('',*,*,#3445,.T.);
#4602=ORIENTED_EDGE('',*,*,#3164,.T.);
#4603=ORIENTED_EDGE('',*,*,#3446,.T.);
#4604=ORIENTED_EDGE('',*,*,#3418,.T.);
#4605=ORIENTED_EDGE('',*,*,#3396,.T.);
#4606=ORIENTED_EDGE('',*,*,#3378,.T.);
#4607=ORIENTED_EDGE('',*,*,#3375,.T.);
#4608=ORIENTED_EDGE('',*,*,#3372,.T.);
#4609=ORIENTED_EDGE('',*,*,#3369,.T.);
#4610=ORIENTED_EDGE('',*,*,#3447,.F.);
#4611=ORIENTED_EDGE('',*,*,#3410,.F.);
#4612=ORIENTED_EDGE('',*,*,#3448,.F.);
#4613=ORIENTED_EDGE('',*,*,#3440,.F.);
#4614=ORIENTED_EDGE('',*,*,#3448,.T.);
#4615=ORIENTED_EDGE('',*,*,#3409,.F.);
#4616=ORIENTED_EDGE('',*,*,#3449,.T.);
#4617=ORIENTED_EDGE('',*,*,#3441,.F.);
#4618=ORIENTED_EDGE('',*,*,#3395,.T.);
#4619=ORIENTED_EDGE('',*,*,#3411,.F.);
#4620=ORIENTED_EDGE('',*,*,#3447,.T.);
#4621=ORIENTED_EDGE('',*,*,#3439,.F.);
#4622=ORIENTED_EDGE('',*,*,#3450,.F.);
#4623=ORIENTED_EDGE('',*,*,#3451,.T.);
#4624=ORIENTED_EDGE('',*,*,#3414,.F.);
#4625=ORIENTED_EDGE('',*,*,#3451,.F.);
#4626=ORIENTED_EDGE('',*,*,#3450,.T.);
#4627=ORIENTED_EDGE('',*,*,#3390,.T.);
#4628=ORIENTED_EDGE('',*,*,#3452,.F.);
#4629=ORIENTED_EDGE('',*,*,#3453,.T.);
#4630=ORIENTED_EDGE('',*,*,#3415,.F.);
#4631=ORIENTED_EDGE('',*,*,#3453,.F.);
#4632=ORIENTED_EDGE('',*,*,#3452,.T.);
#4633=ORIENTED_EDGE('',*,*,#3387,.T.);
#4634=ORIENTED_EDGE('',*,*,#3454,.F.);
#4635=ORIENTED_EDGE('',*,*,#3455,.T.);
#4636=ORIENTED_EDGE('',*,*,#3416,.F.);
#4637=ORIENTED_EDGE('',*,*,#3455,.F.);
#4638=ORIENTED_EDGE('',*,*,#3454,.T.);
#4639=ORIENTED_EDGE('',*,*,#3384,.T.);
#4640=ORIENTED_EDGE('',*,*,#3456,.F.);
#4641=ORIENTED_EDGE('',*,*,#3457,.T.);
#4642=ORIENTED_EDGE('',*,*,#3417,.F.);
#4643=ORIENTED_EDGE('',*,*,#3457,.F.);
#4644=ORIENTED_EDGE('',*,*,#3456,.T.);
#4645=ORIENTED_EDGE('',*,*,#3381,.T.);
#4646=ORIENTED_EDGE('',*,*,#3442,.F.);
#4647=ORIENTED_EDGE('',*,*,#3449,.F.);
#4648=ORIENTED_EDGE('',*,*,#3408,.F.);
#4649=ORIENTED_EDGE('',*,*,#3458,.T.);
#4650=ORIENTED_EDGE('',*,*,#3443,.F.);
#4651=ORIENTED_EDGE('',*,*,#3458,.F.);
#4652=ORIENTED_EDGE('',*,*,#3407,.F.);
#4653=ORIENTED_EDGE('',*,*,#3459,.T.);
#4654=ORIENTED_EDGE('',*,*,#3360,.T.);
#4655=ORIENTED_EDGE('',*,*,#3363,.T.);
#4656=ORIENTED_EDGE('',*,*,#3366,.T.);
#4657=ORIENTED_EDGE('',*,*,#3444,.F.);
#4658=ORIENTED_EDGE('',*,*,#3459,.F.);
#4659=ORIENTED_EDGE('',*,*,#3406,.F.);
#4660=ORIENTED_EDGE('',*,*,#3424,.T.);
#4661=ORIENTED_EDGE('',*,*,#3445,.F.);
#4662=ORIENTED_EDGE('',*,*,#3429,.F.);
#4663=ORIENTED_EDGE('',*,*,#3400,.F.);
#4664=ORIENTED_EDGE('',*,*,#3165,.T.);
#4665=ORIENTED_EDGE('',*,*,#3138,.T.);
#4666=ORIENTED_EDGE('',*,*,#3161,.T.);
#4667=ORIENTED_EDGE('',*,*,#3200,.T.);
#4668=ORIENTED_EDGE('',*,*,#3399,.F.);
#4669=ORIENTED_EDGE('',*,*,#3446,.F.);
#4670=ORIENTED_EDGE('',*,*,#3163,.F.);
#4671=ORIENTED_EDGE('',*,*,#3413,.F.);
#4672=ORIENTED_EDGE('',*,*,#3419,.T.);
#4673=ORIENTED_EDGE('',*,*,#3460,.T.);
#4674=ORIENTED_EDGE('',*,*,#3461,.T.);
#4675=ORIENTED_EDGE('',*,*,#3438,.F.);
#4676=ORIENTED_EDGE('',*,*,#3462,.F.);
#4677=ORIENTED_EDGE('',*,*,#3463,.T.);
#4678=ORIENTED_EDGE('',*,*,#3462,.T.);
#4679=ORIENTED_EDGE('',*,*,#3437,.F.);
#4680=ORIENTED_EDGE('',*,*,#3464,.F.);
#4681=ORIENTED_EDGE('',*,*,#3465,.T.);
#4682=ORIENTED_EDGE('',*,*,#3464,.T.);
#4683=ORIENTED_EDGE('',*,*,#3436,.F.);
#4684=ORIENTED_EDGE('',*,*,#3466,.F.);
#4685=ORIENTED_EDGE('',*,*,#3319,.T.);
#4686=ORIENTED_EDGE('',*,*,#3322,.T.);
#4687=ORIENTED_EDGE('',*,*,#3325,.T.);
#4688=ORIENTED_EDGE('',*,*,#3328,.T.);
#4689=ORIENTED_EDGE('',*,*,#3306,.T.);
#4690=ORIENTED_EDGE('',*,*,#3310,.T.);
#4691=ORIENTED_EDGE('',*,*,#3313,.T.);
#4692=ORIENTED_EDGE('',*,*,#3316,.T.);
#4693=ORIENTED_EDGE('',*,*,#3305,.T.);
#4694=ORIENTED_EDGE('',*,*,#3341,.T.);
#4695=ORIENTED_EDGE('',*,*,#3339,.T.);
#4696=ORIENTED_EDGE('',*,*,#3337,.T.);
#4697=ORIENTED_EDGE('',*,*,#3296,.T.);
#4698=ORIENTED_EDGE('',*,*,#3299,.T.);
#4699=ORIENTED_EDGE('',*,*,#3301,.T.);
#4700=ORIENTED_EDGE('',*,*,#3303,.T.);
#4701=ORIENTED_EDGE('',*,*,#3351,.T.);
#4702=ORIENTED_EDGE('',*,*,#3349,.T.);
#4703=ORIENTED_EDGE('',*,*,#3347,.T.);
#4704=ORIENTED_EDGE('',*,*,#3345,.T.);
#4705=ORIENTED_EDGE('',*,*,#3343,.T.);
#4706=ORIENTED_EDGE('',*,*,#3354,.T.);
#4707=ORIENTED_EDGE('',*,*,#3356,.T.);
#4708=ORIENTED_EDGE('',*,*,#3357,.T.);
#4709=ORIENTED_EDGE('',*,*,#3467,.T.);
#4710=ORIENTED_EDGE('',*,*,#3466,.T.);
#4711=ORIENTED_EDGE('',*,*,#3435,.F.);
#4712=ORIENTED_EDGE('',*,*,#3468,.F.);
#4713=ORIENTED_EDGE('',*,*,#3469,.T.);
#4714=ORIENTED_EDGE('',*,*,#3468,.T.);
#4715=ORIENTED_EDGE('',*,*,#3434,.F.);
#4716=ORIENTED_EDGE('',*,*,#3470,.F.);
#4717=ORIENTED_EDGE('',*,*,#3471,.T.);
#4718=ORIENTED_EDGE('',*,*,#3470,.T.);
#4719=ORIENTED_EDGE('',*,*,#3433,.F.);
#4720=ORIENTED_EDGE('',*,*,#3472,.F.);
#4721=ORIENTED_EDGE('',*,*,#3473,.T.);
#4722=ORIENTED_EDGE('',*,*,#3472,.T.);
#4723=ORIENTED_EDGE('',*,*,#3432,.F.);
#4724=ORIENTED_EDGE('',*,*,#3474,.F.);
#4725=ORIENTED_EDGE('',*,*,#3358,.T.);
#4726=ORIENTED_EDGE('',*,*,#3361,.T.);
#4727=ORIENTED_EDGE('',*,*,#3364,.T.);
#4728=ORIENTED_EDGE('',*,*,#3475,.T.);
#4729=ORIENTED_EDGE('',*,*,#3474,.T.);
#4730=ORIENTED_EDGE('',*,*,#3431,.F.);
#4731=ORIENTED_EDGE('',*,*,#3461,.F.);
#4732=ORIENTED_EDGE('',*,*,#3475,.F.);
#4733=ORIENTED_EDGE('',*,*,#3460,.F.);
#4734=ORIENTED_EDGE('',*,*,#3463,.F.);
#4735=ORIENTED_EDGE('',*,*,#3465,.F.);
#4736=ORIENTED_EDGE('',*,*,#3467,.F.);
#4737=ORIENTED_EDGE('',*,*,#3469,.F.);
#4738=ORIENTED_EDGE('',*,*,#3471,.F.);
#4739=ORIENTED_EDGE('',*,*,#3473,.F.);
#4740=ORIENTED_EDGE('',*,*,#3476,.F.);
#4741=ORIENTED_EDGE('',*,*,#3477,.F.);
#4742=ORIENTED_EDGE('',*,*,#3478,.F.);
#4743=ORIENTED_EDGE('',*,*,#3479,.F.);
#4744=ORIENTED_EDGE('',*,*,#3480,.F.);
#4745=ORIENTED_EDGE('',*,*,#3481,.F.);
#4746=ORIENTED_EDGE('',*,*,#3482,.F.);
#4747=ORIENTED_EDGE('',*,*,#3483,.F.);
#4748=ORIENTED_EDGE('',*,*,#3484,.F.);
#4749=ORIENTED_EDGE('',*,*,#3485,.F.);
#4750=ORIENTED_EDGE('',*,*,#3486,.F.);
#4751=ORIENTED_EDGE('',*,*,#3487,.F.);
#4752=ORIENTED_EDGE('',*,*,#3488,.F.);
#4753=ORIENTED_EDGE('',*,*,#3489,.F.);
#4754=ORIENTED_EDGE('',*,*,#3490,.F.);
#4755=ORIENTED_EDGE('',*,*,#3491,.F.);
#4756=ORIENTED_EDGE('',*,*,#3492,.F.);
#4757=ORIENTED_EDGE('',*,*,#3493,.F.);
#4758=ORIENTED_EDGE('',*,*,#3494,.F.);
#4759=ORIENTED_EDGE('',*,*,#3495,.F.);
#4760=ORIENTED_EDGE('',*,*,#3496,.F.);
#4761=ORIENTED_EDGE('',*,*,#3497,.F.);
#4762=ORIENTED_EDGE('',*,*,#3498,.F.);
#4763=ORIENTED_EDGE('',*,*,#3499,.F.);
#4764=ORIENTED_EDGE('',*,*,#3500,.F.);
#4765=ORIENTED_EDGE('',*,*,#3501,.F.);
#4766=ORIENTED_EDGE('',*,*,#3502,.F.);
#4767=ORIENTED_EDGE('',*,*,#3503,.F.);
#4768=ORIENTED_EDGE('',*,*,#3504,.F.);
#4769=ORIENTED_EDGE('',*,*,#3505,.F.);
#4770=ORIENTED_EDGE('',*,*,#3506,.F.);
#4771=ORIENTED_EDGE('',*,*,#3507,.F.);
#4772=ORIENTED_EDGE('',*,*,#3508,.F.);
#4773=ORIENTED_EDGE('',*,*,#3509,.F.);
#4774=ORIENTED_EDGE('',*,*,#3510,.F.);
#4775=ORIENTED_EDGE('',*,*,#3511,.F.);
#4776=ORIENTED_EDGE('',*,*,#3480,.T.);
#4777=ORIENTED_EDGE('',*,*,#3512,.T.);
#4778=ORIENTED_EDGE('',*,*,#3513,.T.);
#4779=ORIENTED_EDGE('',*,*,#3514,.F.);
#4780=ORIENTED_EDGE('',*,*,#3478,.T.);
#4781=ORIENTED_EDGE('',*,*,#3515,.F.);
#4782=ORIENTED_EDGE('',*,*,#3516,.T.);
#4783=ORIENTED_EDGE('',*,*,#3517,.T.);
#4784=ORIENTED_EDGE('',*,*,#3518,.T.);
#4785=ORIENTED_EDGE('',*,*,#3519,.T.);
#4786=ORIENTED_EDGE('',*,*,#3491,.T.);
#4787=ORIENTED_EDGE('',*,*,#3520,.F.);
#4788=ORIENTED_EDGE('',*,*,#3521,.F.);
#4789=ORIENTED_EDGE('',*,*,#3522,.T.);
#4790=ORIENTED_EDGE('',*,*,#3489,.T.);
#4791=ORIENTED_EDGE('',*,*,#3523,.T.);
#4792=ORIENTED_EDGE('',*,*,#3524,.T.);
#4793=ORIENTED_EDGE('',*,*,#3525,.F.);
#4794=ORIENTED_EDGE('',*,*,#3493,.T.);
#4795=ORIENTED_EDGE('',*,*,#3526,.T.);
#4796=ORIENTED_EDGE('',*,*,#3527,.T.);
#4797=ORIENTED_EDGE('',*,*,#3528,.F.);
#4798=ORIENTED_EDGE('',*,*,#3529,.T.);
#4799=ORIENTED_EDGE('',*,*,#3530,.F.);
#4800=ORIENTED_EDGE('',*,*,#3487,.T.);
#4801=ORIENTED_EDGE('',*,*,#3531,.F.);
#4802=ORIENTED_EDGE('',*,*,#3532,.T.);
#4803=ORIENTED_EDGE('',*,*,#3533,.T.);
#4804=ORIENTED_EDGE('',*,*,#3534,.T.);
#4805=ORIENTED_EDGE('',*,*,#3535,.T.);
#4806=ORIENTED_EDGE('',*,*,#3494,.T.);
#4807=ORIENTED_EDGE('',*,*,#3536,.T.);
#4808=ORIENTED_EDGE('',*,*,#3537,.T.);
#4809=ORIENTED_EDGE('',*,*,#3538,.F.);
#4810=ORIENTED_EDGE('',*,*,#3477,.T.);
#4811=ORIENTED_EDGE('',*,*,#3539,.F.);
#4812=ORIENTED_EDGE('',*,*,#3540,.T.);
#4813=ORIENTED_EDGE('',*,*,#3515,.T.);
#4814=ORIENTED_EDGE('',*,*,#3502,.T.);
#4815=ORIENTED_EDGE('',*,*,#3541,.T.);
#4816=ORIENTED_EDGE('',*,*,#3542,.T.);
#4817=ORIENTED_EDGE('',*,*,#3543,.T.);
#4818=ORIENTED_EDGE('',*,*,#3544,.T.);
#4819=ORIENTED_EDGE('',*,*,#3536,.F.);
#4820=ORIENTED_EDGE('',*,*,#3501,.T.);
#4821=ORIENTED_EDGE('',*,*,#3545,.F.);
#4822=ORIENTED_EDGE('',*,*,#3546,.T.);
#4823=ORIENTED_EDGE('',*,*,#3541,.F.);
#4824=ORIENTED_EDGE('',*,*,#3479,.T.);
#4825=ORIENTED_EDGE('',*,*,#3519,.F.);
#4826=ORIENTED_EDGE('',*,*,#3547,.T.);
#4827=ORIENTED_EDGE('',*,*,#3512,.F.);
#4828=ORIENTED_EDGE('',*,*,#3500,.T.);
#4829=ORIENTED_EDGE('',*,*,#3548,.F.);
#4830=ORIENTED_EDGE('',*,*,#3549,.T.);
#4831=ORIENTED_EDGE('',*,*,#3545,.T.);
#4832=ORIENTED_EDGE('',*,*,#3503,.T.);
#4833=ORIENTED_EDGE('',*,*,#3550,.T.);
#4834=ORIENTED_EDGE('',*,*,#3551,.T.);
#4835=ORIENTED_EDGE('',*,*,#3552,.F.);
#4836=ORIENTED_EDGE('',*,*,#3485,.T.);
#4837=ORIENTED_EDGE('',*,*,#3530,.T.);
#4838=ORIENTED_EDGE('',*,*,#3553,.T.);
#4839=ORIENTED_EDGE('',*,*,#3554,.T.);
#4840=ORIENTED_EDGE('',*,*,#3555,.T.);
#4841=ORIENTED_EDGE('',*,*,#3556,.T.);
#4842=ORIENTED_EDGE('',*,*,#3557,.T.);
#4843=ORIENTED_EDGE('',*,*,#3558,.T.);
#4844=ORIENTED_EDGE('',*,*,#3504,.T.);
#4845=ORIENTED_EDGE('',*,*,#3559,.F.);
#4846=ORIENTED_EDGE('',*,*,#3560,.F.);
#4847=ORIENTED_EDGE('',*,*,#3561,.F.);
#4848=ORIENTED_EDGE('',*,*,#3562,.F.);
#4849=ORIENTED_EDGE('',*,*,#3563,.F.);
#4850=ORIENTED_EDGE('',*,*,#3486,.T.);
#4851=ORIENTED_EDGE('',*,*,#3564,.F.);
#4852=ORIENTED_EDGE('',*,*,#3565,.T.);
#4853=ORIENTED_EDGE('',*,*,#3531,.T.);
#4854=ORIENTED_EDGE('',*,*,#3511,.T.);
#4855=ORIENTED_EDGE('',*,*,#3566,.T.);
#4856=ORIENTED_EDGE('',*,*,#3567,.T.);
#4857=ORIENTED_EDGE('',*,*,#3568,.T.);
#4858=ORIENTED_EDGE('',*,*,#3569,.T.);
#4859=ORIENTED_EDGE('',*,*,#3550,.F.);
#4860=ORIENTED_EDGE('',*,*,#3510,.T.);
#4861=ORIENTED_EDGE('',*,*,#3570,.F.);
#4862=ORIENTED_EDGE('',*,*,#3571,.T.);
#4863=ORIENTED_EDGE('',*,*,#3566,.F.);
#4864=ORIENTED_EDGE('',*,*,#3492,.T.);
#4865=ORIENTED_EDGE('',*,*,#3522,.F.);
#4866=ORIENTED_EDGE('',*,*,#3572,.F.);
#4867=ORIENTED_EDGE('',*,*,#3573,.F.);
#4868=ORIENTED_EDGE('',*,*,#3574,.F.);
#4869=ORIENTED_EDGE('',*,*,#3575,.F.);
#4870=ORIENTED_EDGE('',*,*,#3506,.T.);
#4871=ORIENTED_EDGE('',*,*,#3576,.F.);
#4872=ORIENTED_EDGE('',*,*,#3577,.F.);
#4873=ORIENTED_EDGE('',*,*,#3578,.F.);
#4874=ORIENTED_EDGE('',*,*,#3579,.T.);
#4875=ORIENTED_EDGE('',*,*,#3580,.T.);
#4876=ORIENTED_EDGE('',*,*,#3581,.T.);
#4877=ORIENTED_EDGE('',*,*,#3582,.F.);
#4878=ORIENTED_EDGE('',*,*,#3583,.F.);
#4879=ORIENTED_EDGE('',*,*,#3526,.F.);
#4880=ORIENTED_EDGE('',*,*,#3488,.T.);
#4881=ORIENTED_EDGE('',*,*,#3535,.F.);
#4882=ORIENTED_EDGE('',*,*,#3584,.T.);
#4883=ORIENTED_EDGE('',*,*,#3523,.F.);
#4884=ORIENTED_EDGE('',*,*,#3509,.T.);
#4885=ORIENTED_EDGE('',*,*,#3585,.F.);
#4886=ORIENTED_EDGE('',*,*,#3586,.T.);
#4887=ORIENTED_EDGE('',*,*,#3570,.T.);
#4888=ORIENTED_EDGE('',*,*,#3587,.F.);
#4889=ORIENTED_EDGE('',*,*,#3588,.F.);
#4890=ORIENTED_EDGE('',*,*,#3589,.F.);
#4891=ORIENTED_EDGE('',*,*,#3590,.T.);
#4892=ORIENTED_EDGE('',*,*,#3556,.F.);
#4893=ORIENTED_EDGE('',*,*,#3591,.F.);
#4894=ORIENTED_EDGE('',*,*,#3579,.F.);
#4895=ORIENTED_EDGE('',*,*,#3592,.F.);
#4896=ORIENTED_EDGE('',*,*,#3593,.F.);
#4897=ORIENTED_EDGE('',*,*,#3594,.F.);
#4898=ORIENTED_EDGE('',*,*,#3595,.F.);
#4899=ORIENTED_EDGE('',*,*,#3596,.F.);
#4900=ORIENTED_EDGE('',*,*,#3597,.F.);
#4901=ORIENTED_EDGE('',*,*,#3598,.F.);
#4902=ORIENTED_EDGE('',*,*,#3599,.F.);
#4903=ORIENTED_EDGE('',*,*,#3590,.F.);
#4904=ORIENTED_EDGE('',*,*,#3600,.F.);
#4905=ORIENTED_EDGE('',*,*,#3601,.F.);
#4906=ORIENTED_EDGE('',*,*,#3602,.F.);
#4907=ORIENTED_EDGE('',*,*,#3603,.F.);
#4908=ORIENTED_EDGE('',*,*,#3604,.F.);
#4909=ORIENTED_EDGE('',*,*,#3598,.T.);
#4910=ORIENTED_EDGE('',*,*,#3605,.F.);
#4911=ORIENTED_EDGE('',*,*,#3606,.F.);
#4912=ORIENTED_EDGE('',*,*,#3607,.F.);
#4913=ORIENTED_EDGE('',*,*,#3608,.F.);
#4914=ORIENTED_EDGE('',*,*,#3609,.F.);
#4915=ORIENTED_EDGE('',*,*,#3610,.F.);
#4916=ORIENTED_EDGE('',*,*,#3611,.F.);
#4917=ORIENTED_EDGE('',*,*,#3612,.F.);
#4918=ORIENTED_EDGE('',*,*,#3613,.F.);
#4919=ORIENTED_EDGE('',*,*,#3601,.T.);
#4920=ORIENTED_EDGE('',*,*,#3554,.F.);
#4921=ORIENTED_EDGE('',*,*,#3614,.F.);
#4922=ORIENTED_EDGE('',*,*,#3615,.F.);
#4923=ORIENTED_EDGE('',*,*,#3616,.F.);
#4924=ORIENTED_EDGE('',*,*,#3581,.F.);
#4925=ORIENTED_EDGE('',*,*,#3617,.T.);
#4926=ORIENTED_EDGE('',*,*,#3555,.F.);
#4927=ORIENTED_EDGE('',*,*,#3617,.F.);
#4928=ORIENTED_EDGE('',*,*,#3580,.F.);
#4929=ORIENTED_EDGE('',*,*,#3591,.T.);
#4930=ORIENTED_EDGE('',*,*,#3618,.F.);
#4931=ORIENTED_EDGE('',*,*,#3619,.F.);
#4932=ORIENTED_EDGE('',*,*,#3620,.F.);
#4933=ORIENTED_EDGE('',*,*,#3596,.T.);
#4934=ORIENTED_EDGE('',*,*,#3621,.F.);
#4935=ORIENTED_EDGE('',*,*,#3622,.F.);
#4936=ORIENTED_EDGE('',*,*,#3623,.F.);
#4937=ORIENTED_EDGE('',*,*,#3624,.F.);
#4938=ORIENTED_EDGE('',*,*,#3625,.F.);
#4939=ORIENTED_EDGE('',*,*,#3626,.T.);
#4940=ORIENTED_EDGE('',*,*,#3627,.F.);
#4941=ORIENTED_EDGE('',*,*,#3626,.F.);
#4942=ORIENTED_EDGE('',*,*,#3628,.F.);
#4943=ORIENTED_EDGE('',*,*,#3606,.T.);
#4944=ORIENTED_EDGE('',*,*,#3611,.T.);
#4945=ORIENTED_EDGE('',*,*,#3600,.T.);
#4946=ORIENTED_EDGE('',*,*,#3613,.T.);
#4947=ORIENTED_EDGE('',*,*,#3629,.T.);
#4948=ORIENTED_EDGE('',*,*,#3532,.F.);
#4949=ORIENTED_EDGE('',*,*,#3565,.F.);
#4950=ORIENTED_EDGE('',*,*,#3630,.F.);
#4951=ORIENTED_EDGE('',*,*,#3631,.F.);
#4952=ORIENTED_EDGE('',*,*,#3632,.F.);
#4953=ORIENTED_EDGE('',*,*,#3633,.F.);
#4954=ORIENTED_EDGE('',*,*,#3634,.F.);
#4955=ORIENTED_EDGE('',*,*,#3635,.T.);
#4956=ORIENTED_EDGE('',*,*,#3587,.T.);
#4957=ORIENTED_EDGE('',*,*,#3599,.T.);
#4958=ORIENTED_EDGE('',*,*,#3589,.T.);
#4959=ORIENTED_EDGE('',*,*,#3636,.T.);
#4960=ORIENTED_EDGE('',*,*,#3637,.F.);
#4961=ORIENTED_EDGE('',*,*,#3638,.F.);
#4962=ORIENTED_EDGE('',*,*,#3639,.F.);
#4963=ORIENTED_EDGE('',*,*,#3640,.F.);
#4964=ORIENTED_EDGE('',*,*,#3641,.F.);
#4965=ORIENTED_EDGE('',*,*,#3537,.F.);
#4966=ORIENTED_EDGE('',*,*,#3544,.F.);
#4967=ORIENTED_EDGE('',*,*,#3642,.T.);
#4968=ORIENTED_EDGE('',*,*,#3593,.T.);
#4969=ORIENTED_EDGE('',*,*,#3643,.T.);
#4970=ORIENTED_EDGE('',*,*,#3644,.T.);
#4971=ORIENTED_EDGE('',*,*,#3645,.T.);
#4972=ORIENTED_EDGE('',*,*,#3646,.F.);
#4973=ORIENTED_EDGE('',*,*,#3616,.T.);
#4974=ORIENTED_EDGE('',*,*,#3647,.F.);
#4975=ORIENTED_EDGE('',*,*,#3648,.F.);
#4976=ORIENTED_EDGE('',*,*,#3582,.T.);
#4977=ORIENTED_EDGE('',*,*,#3592,.T.);
#4978=ORIENTED_EDGE('',*,*,#3578,.T.);
#4979=ORIENTED_EDGE('',*,*,#3649,.T.);
#4980=ORIENTED_EDGE('',*,*,#3643,.F.);
#4981=ORIENTED_EDGE('',*,*,#3618,.T.);
#4982=ORIENTED_EDGE('',*,*,#3595,.T.);
#4983=ORIENTED_EDGE('',*,*,#3620,.T.);
#4984=ORIENTED_EDGE('',*,*,#3650,.T.);
#4985=ORIENTED_EDGE('',*,*,#3651,.F.);
#4986=ORIENTED_EDGE('',*,*,#3652,.F.);
#4987=ORIENTED_EDGE('',*,*,#3653,.F.);
#4988=ORIENTED_EDGE('',*,*,#3654,.F.);
#4989=ORIENTED_EDGE('',*,*,#3655,.F.);
#4990=ORIENTED_EDGE('',*,*,#3551,.F.);
#4991=ORIENTED_EDGE('',*,*,#3569,.F.);
#4992=ORIENTED_EDGE('',*,*,#3656,.T.);
#4993=ORIENTED_EDGE('',*,*,#3602,.T.);
#4994=ORIENTED_EDGE('',*,*,#3597,.T.);
#4995=ORIENTED_EDGE('',*,*,#3604,.T.);
#4996=ORIENTED_EDGE('',*,*,#3657,.T.);
#4997=ORIENTED_EDGE('',*,*,#3516,.F.);
#4998=ORIENTED_EDGE('',*,*,#3540,.F.);
#4999=ORIENTED_EDGE('',*,*,#3658,.F.);
#5000=ORIENTED_EDGE('',*,*,#3659,.F.);
#5001=ORIENTED_EDGE('',*,*,#3660,.F.);
#5002=ORIENTED_EDGE('',*,*,#3661,.F.);
#5003=ORIENTED_EDGE('',*,*,#3662,.F.);
#5004=ORIENTED_EDGE('',*,*,#3663,.T.);
#5005=ORIENTED_EDGE('',*,*,#3610,.T.);
#5006=ORIENTED_EDGE('',*,*,#3664,.T.);
#5007=ORIENTED_EDGE('',*,*,#3665,.T.);
#5008=ORIENTED_EDGE('',*,*,#3666,.F.);
#5009=ORIENTED_EDGE('',*,*,#3609,.T.);
#5010=ORIENTED_EDGE('',*,*,#3667,.T.);
#5011=ORIENTED_EDGE('',*,*,#3668,.T.);
#5012=ORIENTED_EDGE('',*,*,#3669,.T.);
#5013=ORIENTED_EDGE('',*,*,#3664,.F.);
#5014=ORIENTED_EDGE('',*,*,#3483,.T.);
#5015=ORIENTED_EDGE('',*,*,#3670,.F.);
#5016=ORIENTED_EDGE('',*,*,#3671,.F.);
#5017=ORIENTED_EDGE('',*,*,#3672,.F.);
#5018=ORIENTED_EDGE('',*,*,#3673,.F.);
#5019=ORIENTED_EDGE('',*,*,#3674,.F.);
#5020=ORIENTED_EDGE('',*,*,#3497,.T.);
#5021=ORIENTED_EDGE('',*,*,#3675,.F.);
#5022=ORIENTED_EDGE('',*,*,#3676,.F.);
#5023=ORIENTED_EDGE('',*,*,#3677,.F.);
#5024=ORIENTED_EDGE('',*,*,#3607,.T.);
#5025=ORIENTED_EDGE('',*,*,#3628,.T.);
#5026=ORIENTED_EDGE('',*,*,#3625,.T.);
#5027=ORIENTED_EDGE('',*,*,#3678,.F.);
#5028=ORIENTED_EDGE('',*,*,#3679,.F.);
#5029=ORIENTED_EDGE('',*,*,#3680,.F.);
#5030=ORIENTED_EDGE('',*,*,#3624,.T.);
#5031=ORIENTED_EDGE('',*,*,#3681,.F.);
#5032=ORIENTED_EDGE('',*,*,#3682,.F.);
#5033=ORIENTED_EDGE('',*,*,#3678,.T.);
#5034=ORIENTED_EDGE('',*,*,#3608,.T.);
#5035=ORIENTED_EDGE('',*,*,#3677,.T.);
#5036=ORIENTED_EDGE('',*,*,#3683,.T.);
#5037=ORIENTED_EDGE('',*,*,#3667,.F.);
#5038=ORIENTED_EDGE('',*,*,#3684,.F.);
#5039=ORIENTED_EDGE('',*,*,#3685,.T.);
#5040=ORIENTED_EDGE('',*,*,#3686,.T.);
#5041=ORIENTED_EDGE('',*,*,#3685,.F.);
#5042=ORIENTED_EDGE('',*,*,#3686,.F.);
#5043=ORIENTED_EDGE('',*,*,#3687,.F.);
#5044=ORIENTED_EDGE('',*,*,#3688,.T.);
#5045=ORIENTED_EDGE('',*,*,#3689,.T.);
#5046=ORIENTED_EDGE('',*,*,#3688,.F.);
#5047=ORIENTED_EDGE('',*,*,#3689,.F.);
#5048=ORIENTED_EDGE('',*,*,#3690,.F.);
#5049=ORIENTED_EDGE('',*,*,#3691,.T.);
#5050=ORIENTED_EDGE('',*,*,#3692,.T.);
#5051=ORIENTED_EDGE('',*,*,#3691,.F.);
#5052=ORIENTED_EDGE('',*,*,#3692,.F.);
#5053=ORIENTED_EDGE('',*,*,#3693,.F.);
#5054=ORIENTED_EDGE('',*,*,#3694,.T.);
#5055=ORIENTED_EDGE('',*,*,#3695,.T.);
#5056=ORIENTED_EDGE('',*,*,#3694,.F.);
#5057=ORIENTED_EDGE('',*,*,#3695,.F.);
#5058=ORIENTED_EDGE('',*,*,#3696,.F.);
#5059=ORIENTED_EDGE('',*,*,#3697,.T.);
#5060=ORIENTED_EDGE('',*,*,#3698,.F.);
#5061=ORIENTED_EDGE('',*,*,#3697,.F.);
#5062=ORIENTED_EDGE('',*,*,#3696,.T.);
#5063=ORIENTED_EDGE('',*,*,#3699,.F.);
#5064=ORIENTED_EDGE('',*,*,#3700,.F.);
#5065=ORIENTED_EDGE('',*,*,#3701,.T.);
#5066=ORIENTED_EDGE('',*,*,#3702,.F.);
#5067=ORIENTED_EDGE('',*,*,#3701,.F.);
#5068=ORIENTED_EDGE('',*,*,#3700,.T.);
#5069=ORIENTED_EDGE('',*,*,#3703,.F.);
#5070=ORIENTED_EDGE('',*,*,#3704,.F.);
#5071=ORIENTED_EDGE('',*,*,#3705,.T.);
#5072=ORIENTED_EDGE('',*,*,#3706,.F.);
#5073=ORIENTED_EDGE('',*,*,#3705,.F.);
#5074=ORIENTED_EDGE('',*,*,#3704,.T.);
#5075=ORIENTED_EDGE('',*,*,#3707,.F.);
#5076=ORIENTED_EDGE('',*,*,#3708,.F.);
#5077=ORIENTED_EDGE('',*,*,#3709,.T.);
#5078=ORIENTED_EDGE('',*,*,#3710,.F.);
#5079=ORIENTED_EDGE('',*,*,#3709,.F.);
#5080=ORIENTED_EDGE('',*,*,#3708,.T.);
#5081=ORIENTED_EDGE('',*,*,#3711,.F.);
#5082=ORIENTED_EDGE('',*,*,#3712,.F.);
#5083=ORIENTED_EDGE('',*,*,#3713,.T.);
#5084=ORIENTED_EDGE('',*,*,#3699,.T.);
#5085=ORIENTED_EDGE('',*,*,#3713,.F.);
#5086=ORIENTED_EDGE('',*,*,#3714,.F.);
#5087=ORIENTED_EDGE('',*,*,#3715,.T.);
#5088=ORIENTED_EDGE('',*,*,#3703,.T.);
#5089=ORIENTED_EDGE('',*,*,#3715,.F.);
#5090=ORIENTED_EDGE('',*,*,#3716,.F.);
#5091=ORIENTED_EDGE('',*,*,#3717,.T.);
#5092=ORIENTED_EDGE('',*,*,#3707,.T.);
#5093=ORIENTED_EDGE('',*,*,#3717,.F.);
#5094=ORIENTED_EDGE('',*,*,#3718,.F.);
#5095=ORIENTED_EDGE('',*,*,#3719,.T.);
#5096=ORIENTED_EDGE('',*,*,#3711,.T.);
#5097=ORIENTED_EDGE('',*,*,#3719,.F.);
#5098=ORIENTED_EDGE('',*,*,#3720,.F.);
#5099=ORIENTED_EDGE('',*,*,#3721,.F.);
#5100=ORIENTED_EDGE('',*,*,#3722,.F.);
#5101=ORIENTED_EDGE('',*,*,#3723,.F.);
#5102=ORIENTED_EDGE('',*,*,#3724,.F.);
#5103=ORIENTED_EDGE('',*,*,#3725,.F.);
#5104=ORIENTED_EDGE('',*,*,#3726,.F.);
#5105=ORIENTED_EDGE('',*,*,#3727,.F.);
#5106=ORIENTED_EDGE('',*,*,#3728,.F.);
#5107=ORIENTED_EDGE('',*,*,#3729,.F.);
#5108=ORIENTED_EDGE('',*,*,#3721,.T.);
#5109=ORIENTED_EDGE('',*,*,#3723,.T.);
#5110=ORIENTED_EDGE('',*,*,#3730,.F.);
#5111=ORIENTED_EDGE('',*,*,#3731,.F.);
#5112=ORIENTED_EDGE('',*,*,#3732,.T.);
#5113=ORIENTED_EDGE('',*,*,#3722,.T.);
#5114=ORIENTED_EDGE('',*,*,#3733,.F.);
#5115=ORIENTED_EDGE('',*,*,#3734,.F.);
#5116=ORIENTED_EDGE('',*,*,#3730,.T.);
#5117=ORIENTED_EDGE('',*,*,#3729,.T.);
#5118=ORIENTED_EDGE('',*,*,#3735,.F.);
#5119=ORIENTED_EDGE('',*,*,#3736,.F.);
#5120=ORIENTED_EDGE('',*,*,#3733,.T.);
#5121=ORIENTED_EDGE('',*,*,#3728,.T.);
#5122=ORIENTED_EDGE('',*,*,#3737,.F.);
#5123=ORIENTED_EDGE('',*,*,#3738,.F.);
#5124=ORIENTED_EDGE('',*,*,#3735,.T.);
#5125=ORIENTED_EDGE('',*,*,#3727,.T.);
#5126=ORIENTED_EDGE('',*,*,#3739,.F.);
#5127=ORIENTED_EDGE('',*,*,#3740,.F.);
#5128=ORIENTED_EDGE('',*,*,#3737,.T.);
#5129=ORIENTED_EDGE('',*,*,#3726,.T.);
#5130=ORIENTED_EDGE('',*,*,#3741,.F.);
#5131=ORIENTED_EDGE('',*,*,#3742,.F.);
#5132=ORIENTED_EDGE('',*,*,#3739,.T.);
#5133=ORIENTED_EDGE('',*,*,#3725,.T.);
#5134=ORIENTED_EDGE('',*,*,#3743,.F.);
#5135=ORIENTED_EDGE('',*,*,#3744,.F.);
#5136=ORIENTED_EDGE('',*,*,#3741,.T.);
#5137=ORIENTED_EDGE('',*,*,#3724,.T.);
#5138=ORIENTED_EDGE('',*,*,#3732,.F.);
#5139=ORIENTED_EDGE('',*,*,#3745,.F.);
#5140=ORIENTED_EDGE('',*,*,#3743,.T.);
#5141=ORIENTED_EDGE('',*,*,#3746,.F.);
#5142=ORIENTED_EDGE('',*,*,#3747,.T.);
#5143=ORIENTED_EDGE('',*,*,#3748,.T.);
#5144=ORIENTED_EDGE('',*,*,#3749,.F.);
#5145=ORIENTED_EDGE('',*,*,#3750,.F.);
#5146=ORIENTED_EDGE('',*,*,#3749,.T.);
#5147=ORIENTED_EDGE('',*,*,#3751,.T.);
#5148=ORIENTED_EDGE('',*,*,#3752,.F.);
#5149=ORIENTED_EDGE('',*,*,#3753,.F.);
#5150=ORIENTED_EDGE('',*,*,#3752,.T.);
#5151=ORIENTED_EDGE('',*,*,#3754,.T.);
#5152=ORIENTED_EDGE('',*,*,#3755,.F.);
#5153=ORIENTED_EDGE('',*,*,#3756,.F.);
#5154=ORIENTED_EDGE('',*,*,#3755,.T.);
#5155=ORIENTED_EDGE('',*,*,#3757,.T.);
#5156=ORIENTED_EDGE('',*,*,#3758,.F.);
#5157=ORIENTED_EDGE('',*,*,#3759,.F.);
#5158=ORIENTED_EDGE('',*,*,#3758,.T.);
#5159=ORIENTED_EDGE('',*,*,#3760,.T.);
#5160=ORIENTED_EDGE('',*,*,#3761,.F.);
#5161=ORIENTED_EDGE('',*,*,#3762,.F.);
#5162=ORIENTED_EDGE('',*,*,#3763,.T.);
#5163=ORIENTED_EDGE('',*,*,#3764,.T.);
#5164=ORIENTED_EDGE('',*,*,#3747,.F.);
#5165=ORIENTED_EDGE('',*,*,#3765,.F.);
#5166=ORIENTED_EDGE('',*,*,#3766,.T.);
#5167=ORIENTED_EDGE('',*,*,#3767,.T.);
#5168=ORIENTED_EDGE('',*,*,#3763,.F.);
#5169=ORIENTED_EDGE('',*,*,#3768,.F.);
#5170=ORIENTED_EDGE('',*,*,#3761,.T.);
#5171=ORIENTED_EDGE('',*,*,#3769,.T.);
#5172=ORIENTED_EDGE('',*,*,#3766,.F.);
#5173=ORIENTED_EDGE('',*,*,#3769,.F.);
#5174=ORIENTED_EDGE('',*,*,#3760,.F.);
#5175=ORIENTED_EDGE('',*,*,#3757,.F.);
#5176=ORIENTED_EDGE('',*,*,#3754,.F.);
#5177=ORIENTED_EDGE('',*,*,#3751,.F.);
#5178=ORIENTED_EDGE('',*,*,#3748,.F.);
#5179=ORIENTED_EDGE('',*,*,#3764,.F.);
#5180=ORIENTED_EDGE('',*,*,#3767,.F.);
#5181=ORIENTED_EDGE('',*,*,#3731,.T.);
#5182=ORIENTED_EDGE('',*,*,#3734,.T.);
#5183=ORIENTED_EDGE('',*,*,#3736,.T.);
#5184=ORIENTED_EDGE('',*,*,#3738,.T.);
#5185=ORIENTED_EDGE('',*,*,#3740,.T.);
#5186=ORIENTED_EDGE('',*,*,#3742,.T.);
#5187=ORIENTED_EDGE('',*,*,#3744,.T.);
#5188=ORIENTED_EDGE('',*,*,#3745,.T.);
#5189=ORIENTED_EDGE('',*,*,#3770,.F.);
#5190=ORIENTED_EDGE('',*,*,#3771,.T.);
#5191=ORIENTED_EDGE('',*,*,#3772,.T.);
#5192=ORIENTED_EDGE('',*,*,#3771,.F.);
#5193=ORIENTED_EDGE('',*,*,#3772,.F.);
#5194=ORIENTED_EDGE('',*,*,#3693,.T.);
#5195=ORIENTED_EDGE('',*,*,#3773,.F.);
#5196=ORIENTED_EDGE('',*,*,#3774,.T.);
#5197=ORIENTED_EDGE('',*,*,#3775,.T.);
#5198=ORIENTED_EDGE('',*,*,#3774,.F.);
#5199=ORIENTED_EDGE('',*,*,#3775,.F.);
#5200=ORIENTED_EDGE('',*,*,#3690,.T.);
#5201=ORIENTED_EDGE('',*,*,#3776,.F.);
#5202=ORIENTED_EDGE('',*,*,#3777,.T.);
#5203=ORIENTED_EDGE('',*,*,#3778,.T.);
#5204=ORIENTED_EDGE('',*,*,#3777,.F.);
#5205=ORIENTED_EDGE('',*,*,#3778,.F.);
#5206=ORIENTED_EDGE('',*,*,#3687,.T.);
#5207=ORIENTED_EDGE('',*,*,#3779,.F.);
#5208=ORIENTED_EDGE('',*,*,#3780,.T.);
#5209=ORIENTED_EDGE('',*,*,#3781,.T.);
#5210=ORIENTED_EDGE('',*,*,#3780,.F.);
#5211=ORIENTED_EDGE('',*,*,#3781,.F.);
#5212=ORIENTED_EDGE('',*,*,#3684,.T.);
#5213=ORIENTED_EDGE('',*,*,#3782,.F.);
#5214=ORIENTED_EDGE('',*,*,#3783,.F.);
#5215=ORIENTED_EDGE('',*,*,#3784,.F.);
#5216=ORIENTED_EDGE('',*,*,#3785,.F.);
#5217=ORIENTED_EDGE('',*,*,#3786,.F.);
#5218=ORIENTED_EDGE('',*,*,#3787,.F.);
#5219=ORIENTED_EDGE('',*,*,#3788,.F.);
#5220=ORIENTED_EDGE('',*,*,#3789,.F.);
#5221=ORIENTED_EDGE('',*,*,#3718,.T.);
#5222=ORIENTED_EDGE('',*,*,#3716,.T.);
#5223=ORIENTED_EDGE('',*,*,#3714,.T.);
#5224=ORIENTED_EDGE('',*,*,#3712,.T.);
#5225=ORIENTED_EDGE('',*,*,#3481,.T.);
#5226=ORIENTED_EDGE('',*,*,#3514,.T.);
#5227=ORIENTED_EDGE('',*,*,#3790,.F.);
#5228=ORIENTED_EDGE('',*,*,#3517,.F.);
#5229=ORIENTED_EDGE('',*,*,#3657,.F.);
#5230=ORIENTED_EDGE('',*,*,#3603,.T.);
#5231=ORIENTED_EDGE('',*,*,#3663,.F.);
#5232=ORIENTED_EDGE('',*,*,#3791,.F.);
#5233=ORIENTED_EDGE('',*,*,#3792,.F.);
#5234=ORIENTED_EDGE('',*,*,#3793,.T.);
#5235=ORIENTED_EDGE('',*,*,#3794,.F.);
#5236=ORIENTED_EDGE('',*,*,#3795,.F.);
#5237=ORIENTED_EDGE('',*,*,#3650,.F.);
#5238=ORIENTED_EDGE('',*,*,#3619,.T.);
#5239=ORIENTED_EDGE('',*,*,#3656,.F.);
#5240=ORIENTED_EDGE('',*,*,#3568,.F.);
#5241=ORIENTED_EDGE('',*,*,#3796,.F.);
#5242=ORIENTED_EDGE('',*,*,#3585,.T.);
#5243=ORIENTED_EDGE('',*,*,#3508,.T.);
#5244=ORIENTED_EDGE('',*,*,#3797,.T.);
#5245=ORIENTED_EDGE('',*,*,#3798,.T.);
#5246=ORIENTED_EDGE('',*,*,#3799,.T.);
#5247=ORIENTED_EDGE('',*,*,#3800,.T.);
#5248=ORIENTED_EDGE('',*,*,#3520,.T.);
#5249=ORIENTED_EDGE('',*,*,#3490,.T.);
#5250=ORIENTED_EDGE('',*,*,#3525,.T.);
#5251=ORIENTED_EDGE('',*,*,#3801,.F.);
#5252=ORIENTED_EDGE('',*,*,#3533,.F.);
#5253=ORIENTED_EDGE('',*,*,#3629,.F.);
#5254=ORIENTED_EDGE('',*,*,#3612,.T.);
#5255=ORIENTED_EDGE('',*,*,#3635,.F.);
#5256=ORIENTED_EDGE('',*,*,#3802,.F.);
#5257=ORIENTED_EDGE('',*,*,#3803,.F.);
#5258=ORIENTED_EDGE('',*,*,#3804,.T.);
#5259=ORIENTED_EDGE('',*,*,#3805,.F.);
#5260=ORIENTED_EDGE('',*,*,#3806,.F.);
#5261=ORIENTED_EDGE('',*,*,#3636,.F.);
#5262=ORIENTED_EDGE('',*,*,#3588,.T.);
#5263=ORIENTED_EDGE('',*,*,#3642,.F.);
#5264=ORIENTED_EDGE('',*,*,#3543,.F.);
#5265=ORIENTED_EDGE('',*,*,#3807,.F.);
#5266=ORIENTED_EDGE('',*,*,#3548,.T.);
#5267=ORIENTED_EDGE('',*,*,#3499,.T.);
#5268=ORIENTED_EDGE('',*,*,#3808,.T.);
#5269=ORIENTED_EDGE('',*,*,#3809,.T.);
#5270=ORIENTED_EDGE('',*,*,#3810,.T.);
#5271=ORIENTED_EDGE('',*,*,#3811,.T.);
#5272=ORIENTED_EDGE('',*,*,#3812,.T.);
#5273=ORIENTED_EDGE('',*,*,#3505,.T.);
#5274=ORIENTED_EDGE('',*,*,#3558,.F.);
#5275=ORIENTED_EDGE('',*,*,#3813,.F.);
#5276=ORIENTED_EDGE('',*,*,#3645,.F.);
#5277=ORIENTED_EDGE('',*,*,#3814,.F.);
#5278=ORIENTED_EDGE('',*,*,#3576,.T.);
#5279=ORIENTED_EDGE('',*,*,#3655,.T.);
#5280=ORIENTED_EDGE('',*,*,#3815,.T.);
#5281=ORIENTED_EDGE('',*,*,#3816,.F.);
#5282=ORIENTED_EDGE('',*,*,#3559,.T.);
#5283=ORIENTED_EDGE('',*,*,#3552,.T.);
#5284=ORIENTED_EDGE('',*,*,#3496,.T.);
#5285=ORIENTED_EDGE('',*,*,#3817,.F.);
#5286=ORIENTED_EDGE('',*,*,#3665,.F.);
#5287=ORIENTED_EDGE('',*,*,#3669,.F.);
#5288=ORIENTED_EDGE('',*,*,#3818,.F.);
#5289=ORIENTED_EDGE('',*,*,#3675,.T.);
#5290=ORIENTED_EDGE('',*,*,#3637,.T.);
#5291=ORIENTED_EDGE('',*,*,#3806,.T.);
#5292=ORIENTED_EDGE('',*,*,#3819,.T.);
#5293=ORIENTED_EDGE('',*,*,#3820,.T.);
#5294=ORIENTED_EDGE('',*,*,#3821,.T.);
#5295=ORIENTED_EDGE('',*,*,#3802,.T.);
#5296=ORIENTED_EDGE('',*,*,#3634,.T.);
#5297=ORIENTED_EDGE('',*,*,#3822,.F.);
#5298=ORIENTED_EDGE('',*,*,#3476,.T.);
#5299=ORIENTED_EDGE('',*,*,#3823,.T.);
#5300=ORIENTED_EDGE('',*,*,#3824,.T.);
#5301=ORIENTED_EDGE('',*,*,#3621,.T.);
#5302=ORIENTED_EDGE('',*,*,#3627,.T.);
#5303=ORIENTED_EDGE('',*,*,#3605,.T.);
#5304=ORIENTED_EDGE('',*,*,#3666,.T.);
#5305=ORIENTED_EDGE('',*,*,#3817,.T.);
#5306=ORIENTED_EDGE('',*,*,#3495,.T.);
#5307=ORIENTED_EDGE('',*,*,#3825,.F.);
#5308=ORIENTED_EDGE('',*,*,#3826,.F.);
#5309=ORIENTED_EDGE('',*,*,#3827,.F.);
#5310=ORIENTED_EDGE('',*,*,#3828,.F.);
#5311=ORIENTED_EDGE('',*,*,#3829,.F.);
#5312=ORIENTED_EDGE('',*,*,#3641,.T.);
#5313=ORIENTED_EDGE('',*,*,#3830,.T.);
#5314=ORIENTED_EDGE('',*,*,#3831,.F.);
#5315=ORIENTED_EDGE('',*,*,#3825,.T.);
#5316=ORIENTED_EDGE('',*,*,#3538,.T.);
#5317=ORIENTED_EDGE('',*,*,#3639,.T.);
#5318=ORIENTED_EDGE('',*,*,#3832,.T.);
#5319=ORIENTED_EDGE('',*,*,#3632,.T.);
#5320=ORIENTED_EDGE('',*,*,#3833,.T.);
#5321=ORIENTED_EDGE('',*,*,#3638,.T.);
#5322=ORIENTED_EDGE('',*,*,#3822,.T.);
#5323=ORIENTED_EDGE('',*,*,#3633,.T.);
#5324=ORIENTED_EDGE('',*,*,#3832,.F.);
#5325=ORIENTED_EDGE('',*,*,#3652,.T.);
#5326=ORIENTED_EDGE('',*,*,#3834,.T.);
#5327=ORIENTED_EDGE('',*,*,#3661,.T.);
#5328=ORIENTED_EDGE('',*,*,#3835,.F.);
#5329=ORIENTED_EDGE('',*,*,#3654,.T.);
#5330=ORIENTED_EDGE('',*,*,#3836,.F.);
#5331=ORIENTED_EDGE('',*,*,#3659,.T.);
#5332=ORIENTED_EDGE('',*,*,#3837,.F.);
#5333=ORIENTED_EDGE('',*,*,#3838,.F.);
#5334=ORIENTED_EDGE('',*,*,#3839,.F.);
#5335=ORIENTED_EDGE('',*,*,#3840,.F.);
#5336=ORIENTED_EDGE('',*,*,#3830,.F.);
#5337=ORIENTED_EDGE('',*,*,#3640,.T.);
#5338=ORIENTED_EDGE('',*,*,#3833,.F.);
#5339=ORIENTED_EDGE('',*,*,#3631,.T.);
#5340=ORIENTED_EDGE('',*,*,#3841,.F.);
#5341=ORIENTED_EDGE('',*,*,#3842,.F.);
#5342=ORIENTED_EDGE('',*,*,#3843,.F.);
#5343=ORIENTED_EDGE('',*,*,#3844,.F.);
#5344=ORIENTED_EDGE('',*,*,#3815,.F.);
#5345=ORIENTED_EDGE('',*,*,#3759,.T.);
#5346=ORIENTED_EDGE('',*,*,#3768,.T.);
#5347=ORIENTED_EDGE('',*,*,#3765,.T.);
#5348=ORIENTED_EDGE('',*,*,#3762,.T.);
#5349=ORIENTED_EDGE('',*,*,#3746,.T.);
#5350=ORIENTED_EDGE('',*,*,#3750,.T.);
#5351=ORIENTED_EDGE('',*,*,#3753,.T.);
#5352=ORIENTED_EDGE('',*,*,#3756,.T.);
#5353=ORIENTED_EDGE('',*,*,#3770,.T.);
#5354=ORIENTED_EDGE('',*,*,#3773,.T.);
#5355=ORIENTED_EDGE('',*,*,#3776,.T.);
#5356=ORIENTED_EDGE('',*,*,#3779,.T.);
#5357=ORIENTED_EDGE('',*,*,#3658,.T.);
#5358=ORIENTED_EDGE('',*,*,#3539,.T.);
#5359=ORIENTED_EDGE('',*,*,#3829,.T.);
#5360=ORIENTED_EDGE('',*,*,#3845,.T.);
#5361=ORIENTED_EDGE('',*,*,#3837,.T.);
#5362=ORIENTED_EDGE('',*,*,#3653,.T.);
#5363=ORIENTED_EDGE('',*,*,#3835,.T.);
#5364=ORIENTED_EDGE('',*,*,#3660,.T.);
#5365=ORIENTED_EDGE('',*,*,#3836,.T.);
#5366=ORIENTED_EDGE('',*,*,#3484,.T.);
#5367=ORIENTED_EDGE('',*,*,#3680,.T.);
#5368=ORIENTED_EDGE('',*,*,#3846,.T.);
#5369=ORIENTED_EDGE('',*,*,#3847,.F.);
#5370=ORIENTED_EDGE('',*,*,#3848,.T.);
#5371=ORIENTED_EDGE('',*,*,#3823,.F.);
#5372=ORIENTED_EDGE('',*,*,#3518,.F.);
#5373=ORIENTED_EDGE('',*,*,#3790,.T.);
#5374=ORIENTED_EDGE('',*,*,#3513,.F.);
#5375=ORIENTED_EDGE('',*,*,#3547,.F.);
#5376=ORIENTED_EDGE('',*,*,#3849,.F.);
#5377=ORIENTED_EDGE('',*,*,#3850,.F.);
#5378=ORIENTED_EDGE('',*,*,#3851,.F.);
#5379=ORIENTED_EDGE('',*,*,#3792,.T.);
#5380=ORIENTED_EDGE('',*,*,#3821,.F.);
#5381=ORIENTED_EDGE('',*,*,#3852,.F.);
#5382=ORIENTED_EDGE('',*,*,#3853,.F.);
#5383=ORIENTED_EDGE('',*,*,#3803,.T.);
#5384=ORIENTED_EDGE('',*,*,#3534,.F.);
#5385=ORIENTED_EDGE('',*,*,#3801,.T.);
#5386=ORIENTED_EDGE('',*,*,#3524,.F.);
#5387=ORIENTED_EDGE('',*,*,#3584,.F.);
#5388=ORIENTED_EDGE('',*,*,#3542,.F.);
#5389=ORIENTED_EDGE('',*,*,#3546,.F.);
#5390=ORIENTED_EDGE('',*,*,#3549,.F.);
#5391=ORIENTED_EDGE('',*,*,#3807,.T.);
#5392=ORIENTED_EDGE('',*,*,#3819,.F.);
#5393=ORIENTED_EDGE('',*,*,#3805,.T.);
#5394=ORIENTED_EDGE('',*,*,#3854,.F.);
#5395=ORIENTED_EDGE('',*,*,#3855,.F.);
#5396=ORIENTED_EDGE('',*,*,#3856,.F.);
#5397=ORIENTED_EDGE('',*,*,#3794,.T.);
#5398=ORIENTED_EDGE('',*,*,#3857,.F.);
#5399=ORIENTED_EDGE('',*,*,#3858,.F.);
#5400=ORIENTED_EDGE('',*,*,#3567,.F.);
#5401=ORIENTED_EDGE('',*,*,#3571,.F.);
#5402=ORIENTED_EDGE('',*,*,#3586,.F.);
#5403=ORIENTED_EDGE('',*,*,#3796,.T.);
#5404=ORIENTED_EDGE('',*,*,#3498,.T.);
#5405=ORIENTED_EDGE('',*,*,#3674,.T.);
#5406=ORIENTED_EDGE('',*,*,#3859,.T.);
#5407=ORIENTED_EDGE('',*,*,#3808,.F.);
#5408=ORIENTED_EDGE('',*,*,#3853,.T.);
#5409=ORIENTED_EDGE('',*,*,#3860,.T.);
#5410=ORIENTED_EDGE('',*,*,#3854,.T.);
#5411=ORIENTED_EDGE('',*,*,#3804,.F.);
#5412=ORIENTED_EDGE('',*,*,#3651,.T.);
#5413=ORIENTED_EDGE('',*,*,#3795,.T.);
#5414=ORIENTED_EDGE('',*,*,#3856,.T.);
#5415=ORIENTED_EDGE('',*,*,#3861,.T.);
#5416=ORIENTED_EDGE('',*,*,#3849,.T.);
#5417=ORIENTED_EDGE('',*,*,#3791,.T.);
#5418=ORIENTED_EDGE('',*,*,#3662,.T.);
#5419=ORIENTED_EDGE('',*,*,#3834,.F.);
#5420=ORIENTED_EDGE('',*,*,#3852,.T.);
#5421=ORIENTED_EDGE('',*,*,#3820,.F.);
#5422=ORIENTED_EDGE('',*,*,#3855,.T.);
#5423=ORIENTED_EDGE('',*,*,#3860,.F.);
#5424=ORIENTED_EDGE('',*,*,#3507,.T.);
#5425=ORIENTED_EDGE('',*,*,#3575,.T.);
#5426=ORIENTED_EDGE('',*,*,#3862,.T.);
#5427=ORIENTED_EDGE('',*,*,#3797,.F.);
#5428=ORIENTED_EDGE('',*,*,#3482,.T.);
#5429=ORIENTED_EDGE('',*,*,#3812,.F.);
#5430=ORIENTED_EDGE('',*,*,#3863,.F.);
#5431=ORIENTED_EDGE('',*,*,#3670,.T.);
#5432=ORIENTED_EDGE('',*,*,#3644,.F.);
#5433=ORIENTED_EDGE('',*,*,#3649,.F.);
#5434=ORIENTED_EDGE('',*,*,#3577,.T.);
#5435=ORIENTED_EDGE('',*,*,#3814,.T.);
#5436=ORIENTED_EDGE('',*,*,#3864,.F.);
#5437=ORIENTED_EDGE('',*,*,#3527,.F.);
#5438=ORIENTED_EDGE('',*,*,#3583,.T.);
#5439=ORIENTED_EDGE('',*,*,#3648,.T.);
#5440=ORIENTED_EDGE('',*,*,#3811,.F.);
#5441=ORIENTED_EDGE('',*,*,#3865,.F.);
#5442=ORIENTED_EDGE('',*,*,#3671,.T.);
#5443=ORIENTED_EDGE('',*,*,#3863,.T.);
#5444=ORIENTED_EDGE('',*,*,#3810,.F.);
#5445=ORIENTED_EDGE('',*,*,#3866,.F.);
#5446=ORIENTED_EDGE('',*,*,#3672,.T.);
#5447=ORIENTED_EDGE('',*,*,#3865,.T.);
#5448=ORIENTED_EDGE('',*,*,#3809,.F.);
#5449=ORIENTED_EDGE('',*,*,#3859,.F.);
#5450=ORIENTED_EDGE('',*,*,#3673,.T.);
#5451=ORIENTED_EDGE('',*,*,#3866,.T.);
#5452=ORIENTED_EDGE('',*,*,#3867,.F.);
#5453=ORIENTED_EDGE('',*,*,#3846,.F.);
#5454=ORIENTED_EDGE('',*,*,#3679,.T.);
#5455=ORIENTED_EDGE('',*,*,#3682,.T.);
#5456=ORIENTED_EDGE('',*,*,#3668,.F.);
#5457=ORIENTED_EDGE('',*,*,#3683,.F.);
#5458=ORIENTED_EDGE('',*,*,#3676,.T.);
#5459=ORIENTED_EDGE('',*,*,#3818,.T.);
#5460=ORIENTED_EDGE('',*,*,#3800,.F.);
#5461=ORIENTED_EDGE('',*,*,#3868,.F.);
#5462=ORIENTED_EDGE('',*,*,#3572,.T.);
#5463=ORIENTED_EDGE('',*,*,#3521,.T.);
#5464=ORIENTED_EDGE('',*,*,#3799,.F.);
#5465=ORIENTED_EDGE('',*,*,#3869,.F.);
#5466=ORIENTED_EDGE('',*,*,#3573,.T.);
#5467=ORIENTED_EDGE('',*,*,#3868,.T.);
#5468=ORIENTED_EDGE('',*,*,#3798,.F.);
#5469=ORIENTED_EDGE('',*,*,#3862,.F.);
#5470=ORIENTED_EDGE('',*,*,#3574,.T.);
#5471=ORIENTED_EDGE('',*,*,#3869,.T.);
#5472=ORIENTED_EDGE('',*,*,#3851,.T.);
#5473=ORIENTED_EDGE('',*,*,#3870,.T.);
#5474=ORIENTED_EDGE('',*,*,#3857,.T.);
#5475=ORIENTED_EDGE('',*,*,#3793,.F.);
#5476=ORIENTED_EDGE('',*,*,#3850,.T.);
#5477=ORIENTED_EDGE('',*,*,#3861,.F.);
#5478=ORIENTED_EDGE('',*,*,#3858,.T.);
#5479=ORIENTED_EDGE('',*,*,#3870,.F.);
#5480=ORIENTED_EDGE('',*,*,#3623,.T.);
#5481=ORIENTED_EDGE('',*,*,#3871,.F.);
#5482=ORIENTED_EDGE('',*,*,#3847,.T.);
#5483=ORIENTED_EDGE('',*,*,#3867,.T.);
#5484=ORIENTED_EDGE('',*,*,#3681,.T.);
#5485=ORIENTED_EDGE('',*,*,#3615,.T.);
#5486=ORIENTED_EDGE('',*,*,#3872,.F.);
#5487=ORIENTED_EDGE('',*,*,#3528,.T.);
#5488=ORIENTED_EDGE('',*,*,#3864,.T.);
#5489=ORIENTED_EDGE('',*,*,#3647,.T.);
#5490=ORIENTED_EDGE('',*,*,#3622,.T.);
#5491=ORIENTED_EDGE('',*,*,#3824,.F.);
#5492=ORIENTED_EDGE('',*,*,#3848,.F.);
#5493=ORIENTED_EDGE('',*,*,#3871,.T.);
#5494=ORIENTED_EDGE('',*,*,#3594,.T.);
#5495=ORIENTED_EDGE('',*,*,#3646,.T.);
#5496=ORIENTED_EDGE('',*,*,#3813,.T.);
#5497=ORIENTED_EDGE('',*,*,#3557,.F.);
#5498=ORIENTED_EDGE('',*,*,#3614,.T.);
#5499=ORIENTED_EDGE('',*,*,#3553,.F.);
#5500=ORIENTED_EDGE('',*,*,#3529,.F.);
#5501=ORIENTED_EDGE('',*,*,#3872,.T.);
#5502=ORIENTED_EDGE('',*,*,#3873,.T.);
#5503=ORIENTED_EDGE('',*,*,#3874,.F.);
#5504=ORIENTED_EDGE('',*,*,#3875,.F.);
#5505=ORIENTED_EDGE('',*,*,#3788,.T.);
#5506=ORIENTED_EDGE('',*,*,#3876,.T.);
#5507=ORIENTED_EDGE('',*,*,#3877,.F.);
#5508=ORIENTED_EDGE('',*,*,#3873,.F.);
#5509=ORIENTED_EDGE('',*,*,#3787,.T.);
#5510=ORIENTED_EDGE('',*,*,#3878,.T.);
#5511=ORIENTED_EDGE('',*,*,#3879,.F.);
#5512=ORIENTED_EDGE('',*,*,#3876,.F.);
#5513=ORIENTED_EDGE('',*,*,#3786,.T.);
#5514=ORIENTED_EDGE('',*,*,#3880,.T.);
#5515=ORIENTED_EDGE('',*,*,#3881,.F.);
#5516=ORIENTED_EDGE('',*,*,#3878,.F.);
#5517=ORIENTED_EDGE('',*,*,#3785,.T.);
#5518=ORIENTED_EDGE('',*,*,#3630,.T.);
#5519=ORIENTED_EDGE('',*,*,#3564,.T.);
#5520=ORIENTED_EDGE('',*,*,#3563,.T.);
#5521=ORIENTED_EDGE('',*,*,#3882,.T.);
#5522=ORIENTED_EDGE('',*,*,#3841,.T.);
#5523=ORIENTED_EDGE('',*,*,#3562,.T.);
#5524=ORIENTED_EDGE('',*,*,#3883,.T.);
#5525=ORIENTED_EDGE('',*,*,#3842,.T.);
#5526=ORIENTED_EDGE('',*,*,#3882,.F.);
#5527=ORIENTED_EDGE('',*,*,#3561,.T.);
#5528=ORIENTED_EDGE('',*,*,#3884,.T.);
#5529=ORIENTED_EDGE('',*,*,#3843,.T.);
#5530=ORIENTED_EDGE('',*,*,#3883,.F.);
#5531=ORIENTED_EDGE('',*,*,#3560,.T.);
#5532=ORIENTED_EDGE('',*,*,#3816,.T.);
#5533=ORIENTED_EDGE('',*,*,#3844,.T.);
#5534=ORIENTED_EDGE('',*,*,#3884,.F.);
#5535=ORIENTED_EDGE('',*,*,#3828,.T.);
#5536=ORIENTED_EDGE('',*,*,#3885,.T.);
#5537=ORIENTED_EDGE('',*,*,#3838,.T.);
#5538=ORIENTED_EDGE('',*,*,#3845,.F.);
#5539=ORIENTED_EDGE('',*,*,#3827,.T.);
#5540=ORIENTED_EDGE('',*,*,#3886,.T.);
#5541=ORIENTED_EDGE('',*,*,#3839,.T.);
#5542=ORIENTED_EDGE('',*,*,#3885,.F.);
#5543=ORIENTED_EDGE('',*,*,#3826,.T.);
#5544=ORIENTED_EDGE('',*,*,#3831,.T.);
#5545=ORIENTED_EDGE('',*,*,#3840,.T.);
#5546=ORIENTED_EDGE('',*,*,#3886,.F.);
#5547=ORIENTED_EDGE('',*,*,#3875,.T.);
#5548=ORIENTED_EDGE('',*,*,#3887,.F.);
#5549=ORIENTED_EDGE('',*,*,#3888,.F.);
#5550=ORIENTED_EDGE('',*,*,#3789,.T.);
#5551=ORIENTED_EDGE('',*,*,#3888,.T.);
#5552=ORIENTED_EDGE('',*,*,#3889,.F.);
#5553=ORIENTED_EDGE('',*,*,#3890,.F.);
#5554=ORIENTED_EDGE('',*,*,#3782,.T.);
#5555=ORIENTED_EDGE('',*,*,#3890,.T.);
#5556=ORIENTED_EDGE('',*,*,#3891,.F.);
#5557=ORIENTED_EDGE('',*,*,#3892,.F.);
#5558=ORIENTED_EDGE('',*,*,#3783,.T.);
#5559=ORIENTED_EDGE('',*,*,#3892,.T.);
#5560=ORIENTED_EDGE('',*,*,#3893,.F.);
#5561=ORIENTED_EDGE('',*,*,#3880,.F.);
#5562=ORIENTED_EDGE('',*,*,#3784,.T.);
#5563=ORIENTED_EDGE('',*,*,#3881,.T.);
#5564=ORIENTED_EDGE('',*,*,#3893,.T.);
#5565=ORIENTED_EDGE('',*,*,#3891,.T.);
#5566=ORIENTED_EDGE('',*,*,#3889,.T.);
#5567=ORIENTED_EDGE('',*,*,#3887,.T.);
#5568=ORIENTED_EDGE('',*,*,#3874,.T.);
#5569=ORIENTED_EDGE('',*,*,#3877,.T.);
#5570=ORIENTED_EDGE('',*,*,#3879,.T.);
#5571=ORIENTED_EDGE('',*,*,#3720,.T.);
#5572=ORIENTED_EDGE('',*,*,#3710,.T.);
#5573=ORIENTED_EDGE('',*,*,#3706,.T.);
#5574=ORIENTED_EDGE('',*,*,#3702,.T.);
#5575=ORIENTED_EDGE('',*,*,#3698,.T.);
#5576=ORIENTED_EDGE('',*,*,#3894,.F.);
#5577=ORIENTED_EDGE('',*,*,#3895,.T.);
#5578=ORIENTED_EDGE('',*,*,#3896,.F.);
#5579=ORIENTED_EDGE('',*,*,#3895,.F.);
#5580=ORIENTED_EDGE('',*,*,#3897,.F.);
#5581=ORIENTED_EDGE('',*,*,#3898,.T.);
#5582=ORIENTED_EDGE('',*,*,#3899,.F.);
#5583=ORIENTED_EDGE('',*,*,#3898,.F.);
#5584=ORIENTED_EDGE('',*,*,#3900,.F.);
#5585=ORIENTED_EDGE('',*,*,#3901,.T.);
#5586=ORIENTED_EDGE('',*,*,#3902,.F.);
#5587=ORIENTED_EDGE('',*,*,#3901,.F.);
#5588=ORIENTED_EDGE('',*,*,#3903,.F.);
#5589=ORIENTED_EDGE('',*,*,#3904,.T.);
#5590=ORIENTED_EDGE('',*,*,#3905,.F.);
#5591=ORIENTED_EDGE('',*,*,#3904,.F.);
#5592=ORIENTED_EDGE('',*,*,#3906,.F.);
#5593=ORIENTED_EDGE('',*,*,#3907,.T.);
#5594=ORIENTED_EDGE('',*,*,#3908,.F.);
#5595=ORIENTED_EDGE('',*,*,#3907,.F.);
#5596=ORIENTED_EDGE('',*,*,#3909,.F.);
#5597=ORIENTED_EDGE('',*,*,#3910,.T.);
#5598=ORIENTED_EDGE('',*,*,#3911,.F.);
#5599=ORIENTED_EDGE('',*,*,#3910,.F.);
#5600=ORIENTED_EDGE('',*,*,#3912,.F.);
#5601=ORIENTED_EDGE('',*,*,#3913,.T.);
#5602=ORIENTED_EDGE('',*,*,#3914,.F.);
#5603=ORIENTED_EDGE('',*,*,#3913,.F.);
#5604=ORIENTED_EDGE('',*,*,#3915,.F.);
#5605=ORIENTED_EDGE('',*,*,#3916,.T.);
#5606=ORIENTED_EDGE('',*,*,#3917,.F.);
#5607=ORIENTED_EDGE('',*,*,#3916,.F.);
#5608=ORIENTED_EDGE('',*,*,#3918,.F.);
#5609=ORIENTED_EDGE('',*,*,#3919,.F.);
#5610=ORIENTED_EDGE('',*,*,#3920,.F.);
#5611=ORIENTED_EDGE('',*,*,#3921,.F.);
#5612=ORIENTED_EDGE('',*,*,#3922,.F.);
#5613=ORIENTED_EDGE('',*,*,#3923,.F.);
#5614=ORIENTED_EDGE('',*,*,#3924,.F.);
#5615=ORIENTED_EDGE('',*,*,#3925,.F.);
#5616=ORIENTED_EDGE('',*,*,#3926,.F.);
#5617=ORIENTED_EDGE('',*,*,#3927,.F.);
#5618=ORIENTED_EDGE('',*,*,#3928,.F.);
#5619=ORIENTED_EDGE('',*,*,#3929,.F.);
#5620=ORIENTED_EDGE('',*,*,#3930,.F.);
#5621=ORIENTED_EDGE('',*,*,#3931,.F.);
#5622=ORIENTED_EDGE('',*,*,#3932,.F.);
#5623=ORIENTED_EDGE('',*,*,#3933,.F.);
#5624=ORIENTED_EDGE('',*,*,#3927,.T.);
#5625=ORIENTED_EDGE('',*,*,#3934,.T.);
#5626=ORIENTED_EDGE('',*,*,#3935,.T.);
#5627=ORIENTED_EDGE('',*,*,#3936,.F.);
#5628=ORIENTED_EDGE('',*,*,#3923,.T.);
#5629=ORIENTED_EDGE('',*,*,#3937,.T.);
#5630=ORIENTED_EDGE('',*,*,#3929,.T.);
#5631=ORIENTED_EDGE('',*,*,#3938,.F.);
#5632=ORIENTED_EDGE('',*,*,#3919,.T.);
#5633=ORIENTED_EDGE('',*,*,#3939,.F.);
#5634=ORIENTED_EDGE('',*,*,#3940,.F.);
#5635=ORIENTED_EDGE('',*,*,#3941,.F.);
#5636=ORIENTED_EDGE('',*,*,#3942,.F.);
#5637=ORIENTED_EDGE('',*,*,#3943,.F.);
#5638=ORIENTED_EDGE('',*,*,#3944,.F.);
#5639=ORIENTED_EDGE('',*,*,#3945,.F.);
#5640=ORIENTED_EDGE('',*,*,#3946,.F.);
#5641=ORIENTED_EDGE('',*,*,#3934,.F.);
#5642=ORIENTED_EDGE('',*,*,#3926,.T.);
#5643=ORIENTED_EDGE('',*,*,#3937,.F.);
#5644=ORIENTED_EDGE('',*,*,#3922,.T.);
#5645=ORIENTED_EDGE('',*,*,#3947,.F.);
#5646=ORIENTED_EDGE('',*,*,#3948,.F.);
#5647=ORIENTED_EDGE('',*,*,#3949,.F.);
#5648=ORIENTED_EDGE('',*,*,#3950,.F.);
#5649=ORIENTED_EDGE('',*,*,#3951,.F.);
#5650=ORIENTED_EDGE('',*,*,#3952,.F.);
#5651=ORIENTED_EDGE('',*,*,#3953,.F.);
#5652=ORIENTED_EDGE('',*,*,#3954,.F.);
#5653=ORIENTED_EDGE('',*,*,#3955,.F.);
#5654=ORIENTED_EDGE('',*,*,#3931,.T.);
#5655=ORIENTED_EDGE('',*,*,#3956,.F.);
#5656=ORIENTED_EDGE('',*,*,#3906,.T.);
#5657=ORIENTED_EDGE('',*,*,#3909,.T.);
#5658=ORIENTED_EDGE('',*,*,#3912,.T.);
#5659=ORIENTED_EDGE('',*,*,#3915,.T.);
#5660=ORIENTED_EDGE('',*,*,#3957,.F.);
#5661=ORIENTED_EDGE('',*,*,#3958,.F.);
#5662=ORIENTED_EDGE('',*,*,#3959,.F.);
#5663=ORIENTED_EDGE('',*,*,#3960,.F.);
#5664=ORIENTED_EDGE('',*,*,#3961,.F.);
#5665=ORIENTED_EDGE('',*,*,#3962,.T.);
#5666=ORIENTED_EDGE('',*,*,#3963,.F.);
#5667=ORIENTED_EDGE('',*,*,#3964,.T.);
#5668=ORIENTED_EDGE('',*,*,#3965,.F.);
#5669=ORIENTED_EDGE('',*,*,#3966,.T.);
#5670=ORIENTED_EDGE('',*,*,#3967,.F.);
#5671=ORIENTED_EDGE('',*,*,#3968,.T.);
#5672=ORIENTED_EDGE('',*,*,#3969,.F.);
#5673=ORIENTED_EDGE('',*,*,#3970,.F.);
#5674=ORIENTED_EDGE('',*,*,#3971,.F.);
#5675=ORIENTED_EDGE('',*,*,#3972,.F.);
#5676=ORIENTED_EDGE('',*,*,#3973,.F.);
#5677=ORIENTED_EDGE('',*,*,#3974,.T.);
#5678=ORIENTED_EDGE('',*,*,#3975,.F.);
#5679=ORIENTED_EDGE('',*,*,#3976,.T.);
#5680=ORIENTED_EDGE('',*,*,#3977,.F.);
#5681=ORIENTED_EDGE('',*,*,#3978,.T.);
#5682=ORIENTED_EDGE('',*,*,#3979,.F.);
#5683=ORIENTED_EDGE('',*,*,#3980,.T.);
#5684=ORIENTED_EDGE('',*,*,#3903,.T.);
#5685=ORIENTED_EDGE('',*,*,#3900,.T.);
#5686=ORIENTED_EDGE('',*,*,#3897,.T.);
#5687=ORIENTED_EDGE('',*,*,#3894,.T.);
#5688=ORIENTED_EDGE('',*,*,#3932,.T.);
#5689=ORIENTED_EDGE('',*,*,#3955,.T.);
#5690=ORIENTED_EDGE('',*,*,#3981,.T.);
#5691=ORIENTED_EDGE('',*,*,#3982,.F.);
#5692=ORIENTED_EDGE('',*,*,#3918,.T.);
#5693=ORIENTED_EDGE('',*,*,#3983,.F.);
#5694=ORIENTED_EDGE('',*,*,#3984,.T.);
#5695=ORIENTED_EDGE('',*,*,#3939,.T.);
#5696=ORIENTED_EDGE('',*,*,#3920,.T.);
#5697=ORIENTED_EDGE('',*,*,#3956,.T.);
#5698=ORIENTED_EDGE('',*,*,#3930,.T.);
#5699=ORIENTED_EDGE('',*,*,#3985,.F.);
#5700=ORIENTED_EDGE('',*,*,#3981,.F.);
#5701=ORIENTED_EDGE('',*,*,#3954,.T.);
#5702=ORIENTED_EDGE('',*,*,#3986,.F.);
#5703=ORIENTED_EDGE('',*,*,#3987,.F.);
#5704=ORIENTED_EDGE('',*,*,#3986,.T.);
#5705=ORIENTED_EDGE('',*,*,#3953,.T.);
#5706=ORIENTED_EDGE('',*,*,#3988,.T.);
#5707=ORIENTED_EDGE('',*,*,#3989,.F.);
#5708=ORIENTED_EDGE('',*,*,#3921,.T.);
#5709=ORIENTED_EDGE('',*,*,#3985,.T.);
#5710=ORIENTED_EDGE('',*,*,#3933,.T.);
#5711=ORIENTED_EDGE('',*,*,#3982,.T.);
#5712=ORIENTED_EDGE('',*,*,#3987,.T.);
#5713=ORIENTED_EDGE('',*,*,#3989,.T.);
#5714=ORIENTED_EDGE('',*,*,#3990,.T.);
#5715=ORIENTED_EDGE('',*,*,#3991,.T.);
#5716=ORIENTED_EDGE('',*,*,#3992,.T.);
#5717=ORIENTED_EDGE('',*,*,#3993,.T.);
#5718=ORIENTED_EDGE('',*,*,#3994,.T.);
#5719=ORIENTED_EDGE('',*,*,#3995,.T.);
#5720=ORIENTED_EDGE('',*,*,#3924,.T.);
#5721=ORIENTED_EDGE('',*,*,#3938,.T.);
#5722=ORIENTED_EDGE('',*,*,#3928,.T.);
#5723=ORIENTED_EDGE('',*,*,#3936,.T.);
#5724=ORIENTED_EDGE('',*,*,#3996,.T.);
#5725=ORIENTED_EDGE('',*,*,#3997,.T.);
#5726=ORIENTED_EDGE('',*,*,#3998,.T.);
#5727=ORIENTED_EDGE('',*,*,#3999,.T.);
#5728=ORIENTED_EDGE('',*,*,#4000,.T.);
#5729=ORIENTED_EDGE('',*,*,#4001,.T.);
#5730=ORIENTED_EDGE('',*,*,#4002,.T.);
#5731=ORIENTED_EDGE('',*,*,#3983,.T.);
#5732=ORIENTED_EDGE('',*,*,#3908,.T.);
#5733=ORIENTED_EDGE('',*,*,#3911,.T.);
#5734=ORIENTED_EDGE('',*,*,#3914,.T.);
#5735=ORIENTED_EDGE('',*,*,#3917,.T.);
#5736=ORIENTED_EDGE('',*,*,#4003,.T.);
#5737=ORIENTED_EDGE('',*,*,#4004,.T.);
#5738=ORIENTED_EDGE('',*,*,#4005,.T.);
#5739=ORIENTED_EDGE('',*,*,#4006,.T.);
#5740=ORIENTED_EDGE('',*,*,#4007,.T.);
#5741=ORIENTED_EDGE('',*,*,#4008,.T.);
#5742=ORIENTED_EDGE('',*,*,#4009,.T.);
#5743=ORIENTED_EDGE('',*,*,#4010,.T.);
#5744=ORIENTED_EDGE('',*,*,#4011,.T.);
#5745=ORIENTED_EDGE('',*,*,#4012,.T.);
#5746=ORIENTED_EDGE('',*,*,#4013,.T.);
#5747=ORIENTED_EDGE('',*,*,#4014,.T.);
#5748=ORIENTED_EDGE('',*,*,#4015,.T.);
#5749=ORIENTED_EDGE('',*,*,#4016,.T.);
#5750=ORIENTED_EDGE('',*,*,#4017,.T.);
#5751=ORIENTED_EDGE('',*,*,#4018,.T.);
#5752=ORIENTED_EDGE('',*,*,#4019,.T.);
#5753=ORIENTED_EDGE('',*,*,#4020,.T.);
#5754=ORIENTED_EDGE('',*,*,#4021,.T.);
#5755=ORIENTED_EDGE('',*,*,#4022,.T.);
#5756=ORIENTED_EDGE('',*,*,#4023,.T.);
#5757=ORIENTED_EDGE('',*,*,#4024,.T.);
#5758=ORIENTED_EDGE('',*,*,#4025,.T.);
#5759=ORIENTED_EDGE('',*,*,#4026,.T.);
#5760=ORIENTED_EDGE('',*,*,#3905,.T.);
#5761=ORIENTED_EDGE('',*,*,#3902,.T.);
#5762=ORIENTED_EDGE('',*,*,#3899,.T.);
#5763=ORIENTED_EDGE('',*,*,#3896,.T.);
#5764=ORIENTED_EDGE('',*,*,#4027,.F.);
#5765=ORIENTED_EDGE('',*,*,#3996,.F.);
#5766=ORIENTED_EDGE('',*,*,#3935,.F.);
#5767=ORIENTED_EDGE('',*,*,#3946,.T.);
#5768=ORIENTED_EDGE('',*,*,#3925,.T.);
#5769=ORIENTED_EDGE('',*,*,#3995,.F.);
#5770=ORIENTED_EDGE('',*,*,#4028,.T.);
#5771=ORIENTED_EDGE('',*,*,#3947,.T.);
#5772=ORIENTED_EDGE('',*,*,#4028,.F.);
#5773=ORIENTED_EDGE('',*,*,#3994,.F.);
#5774=ORIENTED_EDGE('',*,*,#4029,.F.);
#5775=ORIENTED_EDGE('',*,*,#3948,.T.);
#5776=ORIENTED_EDGE('',*,*,#4029,.T.);
#5777=ORIENTED_EDGE('',*,*,#3993,.F.);
#5778=ORIENTED_EDGE('',*,*,#4030,.F.);
#5779=ORIENTED_EDGE('',*,*,#3949,.T.);
#5780=ORIENTED_EDGE('',*,*,#3984,.F.);
#5781=ORIENTED_EDGE('',*,*,#4002,.F.);
#5782=ORIENTED_EDGE('',*,*,#4031,.F.);
#5783=ORIENTED_EDGE('',*,*,#3940,.T.);
#5784=ORIENTED_EDGE('',*,*,#4031,.T.);
#5785=ORIENTED_EDGE('',*,*,#4001,.F.);
#5786=ORIENTED_EDGE('',*,*,#4032,.F.);
#5787=ORIENTED_EDGE('',*,*,#3941,.T.);
#5788=ORIENTED_EDGE('',*,*,#4033,.F.);
#5789=ORIENTED_EDGE('',*,*,#3980,.F.);
#5790=ORIENTED_EDGE('',*,*,#4034,.T.);
#5791=ORIENTED_EDGE('',*,*,#4024,.F.);
#5792=ORIENTED_EDGE('',*,*,#4035,.F.);
#5793=ORIENTED_EDGE('',*,*,#4026,.F.);
#5794=ORIENTED_EDGE('',*,*,#4036,.F.);
#5795=ORIENTED_EDGE('',*,*,#3978,.F.);
#5796=ORIENTED_EDGE('',*,*,#3979,.T.);
#5797=ORIENTED_EDGE('',*,*,#4036,.T.);
#5798=ORIENTED_EDGE('',*,*,#4025,.F.);
#5799=ORIENTED_EDGE('',*,*,#4034,.F.);
#5800=ORIENTED_EDGE('',*,*,#4033,.T.);
#5801=ORIENTED_EDGE('',*,*,#4023,.F.);
#5802=ORIENTED_EDGE('',*,*,#4037,.F.);
#5803=ORIENTED_EDGE('',*,*,#3957,.T.);
#5804=ORIENTED_EDGE('',*,*,#4035,.T.);
#5805=ORIENTED_EDGE('',*,*,#3977,.T.);
#5806=ORIENTED_EDGE('',*,*,#4038,.T.);
#5807=ORIENTED_EDGE('',*,*,#4003,.F.);
#5808=ORIENTED_EDGE('',*,*,#4039,.F.);
#5809=ORIENTED_EDGE('',*,*,#3968,.F.);
#5810=ORIENTED_EDGE('',*,*,#4040,.T.);
#5811=ORIENTED_EDGE('',*,*,#4012,.F.);
#5812=ORIENTED_EDGE('',*,*,#4041,.F.);
#5813=ORIENTED_EDGE('',*,*,#4014,.F.);
#5814=ORIENTED_EDGE('',*,*,#4042,.F.);
#5815=ORIENTED_EDGE('',*,*,#3966,.F.);
#5816=ORIENTED_EDGE('',*,*,#3967,.T.);
#5817=ORIENTED_EDGE('',*,*,#4042,.T.);
#5818=ORIENTED_EDGE('',*,*,#4013,.F.);
#5819=ORIENTED_EDGE('',*,*,#4040,.F.);
#5820=ORIENTED_EDGE('',*,*,#4041,.T.);
#5821=ORIENTED_EDGE('',*,*,#3965,.T.);
#5822=ORIENTED_EDGE('',*,*,#4043,.T.);
#5823=ORIENTED_EDGE('',*,*,#4015,.F.);
#5824=ORIENTED_EDGE('',*,*,#4043,.F.);
#5825=ORIENTED_EDGE('',*,*,#3964,.F.);
#5826=ORIENTED_EDGE('',*,*,#4044,.T.);
#5827=ORIENTED_EDGE('',*,*,#4016,.F.);
#5828=ORIENTED_EDGE('',*,*,#4045,.F.);
#5829=ORIENTED_EDGE('',*,*,#4018,.F.);
#5830=ORIENTED_EDGE('',*,*,#4046,.F.);
#5831=ORIENTED_EDGE('',*,*,#3962,.F.);
#5832=ORIENTED_EDGE('',*,*,#3963,.T.);
#5833=ORIENTED_EDGE('',*,*,#4046,.T.);
#5834=ORIENTED_EDGE('',*,*,#4017,.F.);
#5835=ORIENTED_EDGE('',*,*,#4044,.F.);
#5836=ORIENTED_EDGE('',*,*,#4039,.T.);
#5837=ORIENTED_EDGE('',*,*,#4011,.F.);
#5838=ORIENTED_EDGE('',*,*,#4047,.F.);
#5839=ORIENTED_EDGE('',*,*,#3969,.T.);
#5840=ORIENTED_EDGE('',*,*,#4045,.T.);
#5841=ORIENTED_EDGE('',*,*,#3961,.T.);
#5842=ORIENTED_EDGE('',*,*,#4048,.T.);
#5843=ORIENTED_EDGE('',*,*,#4019,.F.);
#5844=ORIENTED_EDGE('',*,*,#4049,.F.);
#5845=ORIENTED_EDGE('',*,*,#4006,.F.);
#5846=ORIENTED_EDGE('',*,*,#4050,.F.);
#5847=ORIENTED_EDGE('',*,*,#3974,.F.);
#5848=ORIENTED_EDGE('',*,*,#4038,.F.);
#5849=ORIENTED_EDGE('',*,*,#3976,.F.);
#5850=ORIENTED_EDGE('',*,*,#4051,.T.);
#5851=ORIENTED_EDGE('',*,*,#4004,.F.);
#5852=ORIENTED_EDGE('',*,*,#3975,.T.);
#5853=ORIENTED_EDGE('',*,*,#4050,.T.);
#5854=ORIENTED_EDGE('',*,*,#4005,.F.);
#5855=ORIENTED_EDGE('',*,*,#4051,.F.);
#5856=ORIENTED_EDGE('',*,*,#3971,.T.);
#5857=ORIENTED_EDGE('',*,*,#4052,.T.);
#5858=ORIENTED_EDGE('',*,*,#4009,.F.);
#5859=ORIENTED_EDGE('',*,*,#4053,.F.);
#5860=ORIENTED_EDGE('',*,*,#3972,.T.);
#5861=ORIENTED_EDGE('',*,*,#4053,.T.);
#5862=ORIENTED_EDGE('',*,*,#4008,.F.);
#5863=ORIENTED_EDGE('',*,*,#4054,.F.);
#5864=ORIENTED_EDGE('',*,*,#4049,.T.);
#5865=ORIENTED_EDGE('',*,*,#3973,.T.);
#5866=ORIENTED_EDGE('',*,*,#4054,.T.);
#5867=ORIENTED_EDGE('',*,*,#4007,.F.);
#5868=ORIENTED_EDGE('',*,*,#3958,.T.);
#5869=ORIENTED_EDGE('',*,*,#4037,.T.);
#5870=ORIENTED_EDGE('',*,*,#4022,.F.);
#5871=ORIENTED_EDGE('',*,*,#4055,.F.);
#5872=ORIENTED_EDGE('',*,*,#3959,.T.);
#5873=ORIENTED_EDGE('',*,*,#4055,.T.);
#5874=ORIENTED_EDGE('',*,*,#4021,.F.);
#5875=ORIENTED_EDGE('',*,*,#4056,.F.);
#5876=ORIENTED_EDGE('',*,*,#3960,.T.);
#5877=ORIENTED_EDGE('',*,*,#4056,.T.);
#5878=ORIENTED_EDGE('',*,*,#4020,.F.);
#5879=ORIENTED_EDGE('',*,*,#4048,.F.);
#5880=ORIENTED_EDGE('',*,*,#3970,.T.);
#5881=ORIENTED_EDGE('',*,*,#4047,.T.);
#5882=ORIENTED_EDGE('',*,*,#4010,.F.);
#5883=ORIENTED_EDGE('',*,*,#4052,.F.);
#5884=ORIENTED_EDGE('',*,*,#4027,.T.);
#5885=ORIENTED_EDGE('',*,*,#3945,.T.);
#5886=ORIENTED_EDGE('',*,*,#4057,.T.);
#5887=ORIENTED_EDGE('',*,*,#3997,.F.);
#5888=ORIENTED_EDGE('',*,*,#3950,.T.);
#5889=ORIENTED_EDGE('',*,*,#4030,.T.);
#5890=ORIENTED_EDGE('',*,*,#3992,.F.);
#5891=ORIENTED_EDGE('',*,*,#4058,.F.);
#5892=ORIENTED_EDGE('',*,*,#3951,.T.);
#5893=ORIENTED_EDGE('',*,*,#4058,.T.);
#5894=ORIENTED_EDGE('',*,*,#3991,.F.);
#5895=ORIENTED_EDGE('',*,*,#4059,.F.);
#5896=ORIENTED_EDGE('',*,*,#3952,.T.);
#5897=ORIENTED_EDGE('',*,*,#4059,.T.);
#5898=ORIENTED_EDGE('',*,*,#3990,.F.);
#5899=ORIENTED_EDGE('',*,*,#3988,.F.);
#5900=ORIENTED_EDGE('',*,*,#3942,.T.);
#5901=ORIENTED_EDGE('',*,*,#4032,.T.);
#5902=ORIENTED_EDGE('',*,*,#4000,.F.);
#5903=ORIENTED_EDGE('',*,*,#4060,.F.);
#5904=ORIENTED_EDGE('',*,*,#3943,.T.);
#5905=ORIENTED_EDGE('',*,*,#4060,.T.);
#5906=ORIENTED_EDGE('',*,*,#3999,.F.);
#5907=ORIENTED_EDGE('',*,*,#4061,.F.);
#5908=ORIENTED_EDGE('',*,*,#3944,.T.);
#5909=ORIENTED_EDGE('',*,*,#4061,.T.);
#5910=ORIENTED_EDGE('',*,*,#3998,.F.);
#5911=ORIENTED_EDGE('',*,*,#4057,.F.);
#5912=PLANE('',#6491);
#5913=PLANE('',#6492);
#5914=PLANE('',#6493);
#5915=PLANE('',#6494);
#5916=PLANE('',#6495);
#5917=PLANE('',#6496);
#5918=PLANE('',#6497);
#5919=PLANE('',#6506);
#5920=PLANE('',#6507);
#5921=PLANE('',#6508);
#5922=PLANE('',#6509);
#5923=PLANE('',#6510);
#5924=PLANE('',#6511);
#5925=PLANE('',#6518);
#5926=PLANE('',#6528);
#5927=PLANE('',#6533);
#5928=PLANE('',#6534);
#5929=PLANE('',#6536);
#5930=PLANE('',#6537);
#5931=PLANE('',#6541);
#5932=PLANE('',#6542);
#5933=PLANE('',#6545);
#5934=PLANE('',#6548);
#5935=PLANE('',#6549);
#5936=PLANE('',#6550);
#5937=PLANE('',#6551);
#5938=PLANE('',#6556);
#5939=PLANE('',#6557);
#5940=PLANE('',#6558);
#5941=PLANE('',#6559);
#5942=PLANE('',#6560);
#5943=PLANE('',#6561);
#5944=PLANE('',#6564);
#5945=PLANE('',#6567);
#5946=PLANE('',#6568);
#5947=PLANE('',#6572);
#5948=PLANE('',#6576);
#5949=PLANE('',#6580);
#5950=PLANE('',#6584);
#5951=PLANE('',#6587);
#5952=PLANE('',#6589);
#5953=PLANE('',#6593);
#5954=PLANE('',#6596);
#5955=PLANE('',#6599);
#5956=PLANE('',#6602);
#5957=PLANE('',#6605);
#5958=PLANE('',#6620);
#5959=PLANE('',#6624);
#5960=PLANE('',#6628);
#5961=PLANE('',#6632);
#5962=PLANE('',#6636);
#5963=PLANE('',#6640);
#5964=PLANE('',#6644);
#5965=PLANE('',#6648);
#5966=PLANE('',#6649);
#5967=PLANE('',#6652);
#5968=PLANE('',#6654);
#5969=PLANE('',#6658);
#5970=PLANE('',#6670);
#5971=PLANE('',#6673);
#5972=PLANE('',#6674);
#5973=PLANE('',#6677);
#5974=PLANE('',#6678);
#5975=PLANE('',#6689);
#5976=PLANE('',#6690);
#5977=PLANE('',#6693);
#5978=PLANE('',#6696);
#5979=PLANE('',#6699);
#5980=PLANE('',#6702);
#5981=PLANE('',#6704);
#5982=PLANE('',#6707);
#5983=PLANE('',#6709);
#5984=PLANE('',#6712);
#5985=PLANE('',#6715);
#5986=PLANE('',#6718);
#5987=PLANE('',#6721);
#5988=PLANE('',#6747);
#5989=PLANE('',#6748);
#5990=PLANE('',#6749);
#5991=PLANE('',#6750);
#5992=PLANE('',#6751);
#5993=PLANE('',#6752);
#5994=PLANE('',#6753);
#5995=PLANE('',#6755);
#5996=PLANE('',#6757);
#5997=PLANE('',#6758);
#5998=PLANE('',#6760);
#5999=PLANE('',#6762);
#6000=PLANE('',#6763);
#6001=PLANE('',#6765);
#6002=PLANE('',#6772);
#6003=PLANE('',#6774);
#6004=PLANE('',#6775);
#6005=PLANE('',#6777);
#6006=PLANE('',#6784);
#6007=PLANE('',#6786);
#6008=PLANE('',#6787);
#6009=PLANE('',#6790);
#6010=PLANE('',#6792);
#6011=PLANE('',#6794);
#6012=PLANE('',#6796);
#6013=PLANE('',#6798);
#6014=PLANE('',#6803);
#6015=PLANE('',#6806);
#6016=PLANE('',#6807);
#6017=PLANE('',#6812);
#6018=PLANE('',#6823);
#6019=PLANE('',#6826);
#6020=PLANE('',#6827);
#6021=PLANE('',#6841);
#6022=PLANE('',#6843);
#6023=PLANE('',#6848);
#6024=PLANE('',#6849);
#6025=PLANE('',#6853);
#6026=PLANE('',#6857);
#6027=PLANE('',#6861);
#6028=PLANE('',#6865);
#6029=PLANE('',#6869);
#6030=PLANE('',#6874);
#6031=PLANE('',#6879);
#6032=PLANE('',#6884);
#6033=PLANE('',#6898);
#6034=PLANE('',#6901);
#6035=PLANE('',#6904);
#6036=PLANE('',#6907);
#6037=PLANE('',#6910);
#6038=PLANE('',#6914);
#6039=PLANE('',#6918);
#6040=PLANE('',#6922);
#6041=PLANE('',#6926);
#6042=PLANE('',#6930);
#6043=PLANE('',#6934);
#6044=PLANE('',#6938);
#6045=PLANE('',#6942);
#6046=PLANE('',#6943);
#6047=PLANE('',#6960);
#6048=PLANE('',#6961);
#6049=PLANE('',#6962);
#6050=PLANE('',#6963);
#6051=PLANE('',#6964);
#6052=PLANE('',#6968);
#6053=PLANE('',#6969);
#6054=PLANE('',#6970);
#6055=PLANE('',#6971);
#6056=PLANE('',#6972);
#6057=PLANE('',#6977);
#6058=PLANE('',#6978);
#6059=PLANE('',#6979);
#6060=PLANE('',#6992);
#6061=PLANE('',#6993);
#6062=PLANE('',#6994);
#6063=PLANE('',#6995);
#6064=PLANE('',#6996);
#6065=PLANE('',#6997);
#6066=PLANE('',#7002);
#6067=PLANE('',#7008);
#6068=PLANE('',#7010);
#6069=PLANE('',#7011);
#6070=PLANE('',#7012);
#6071=PLANE('',#7014);
#6072=PLANE('',#7019);
#6073=PLANE('',#7022);
#6074=PLANE('',#7025);
#6075=PLANE('',#7027);
#6076=PLANE('',#7030);
#6077=PLANE('',#7034);
#6078=PLANE('',#7037);
#6079=PLANE('',#7038);
#6080=PLANE('',#7076);
#6081=PLANE('',#7077);
#6082=PLANE('',#7078);
#6083=PLANE('',#7095);
#6084=PLANE('',#7096);
#6085=PLANE('',#7097);
#6086=PLANE('',#7100);
#6087=PLANE('',#7101);
#6088=PLANE('',#7118);
#6089=PLANE('',#7120);
#6090=PLANE('',#7122);
#6091=PLANE('',#7123);
#6092=PLANE('',#7124);
#6093=PLANE('',#7126);
#6094=PLANE('',#7127);
#6095=PLANE('',#7128);
#6096=PLANE('',#7129);
#6097=PLANE('',#7131);
#6098=PLANE('',#7132);
#6099=PLANE('',#7133);
#6100=PLANE('',#7135);
#6101=PLANE('',#7136);
#6102=PLANE('',#7137);
#6103=PLANE('',#7138);
#6104=PLANE('',#7140);
#6105=PLANE('',#7142);
#6106=PLANE('',#7144);
#6107=PLANE('',#7147);
#6108=PLANE('',#7149);
#6109=PLANE('',#7152);
#6110=ADVANCED_FACE('',(#568),#5912,.T.);
#6111=ADVANCED_FACE('',(#569),#5913,.T.);
#6112=ADVANCED_FACE('',(#570),#5914,.T.);
#6113=ADVANCED_FACE('',(#571),#5915,.T.);
#6114=ADVANCED_FACE('',(#572),#5916,.T.);
#6115=ADVANCED_FACE('',(#573),#5917,.T.);
#6116=ADVANCED_FACE('',(#574,#182),#5918,.F.);
#6117=ADVANCED_FACE('',(#575),#5919,.T.);
#6118=ADVANCED_FACE('',(#576),#5920,.T.);
#6119=ADVANCED_FACE('',(#577),#5921,.T.);
#6120=ADVANCED_FACE('',(#578),#5922,.T.);
#6121=ADVANCED_FACE('',(#579),#5923,.T.);
#6122=ADVANCED_FACE('',(#580),#5924,.F.);
#6123=ADVANCED_FACE('',(#581),#39,.F.);
#6124=ADVANCED_FACE('',(#582),#40,.F.);
#6125=ADVANCED_FACE('',(#583),#5925,.F.);
#6126=ADVANCED_FACE('',(#584),#41,.F.);
#6127=ADVANCED_FACE('',(#585),#42,.F.);
#6128=ADVANCED_FACE('',(#586),#43,.T.);
#6129=ADVANCED_FACE('',(#587),#5926,.F.);
#6130=ADVANCED_FACE('',(#588),#5927,.F.);
#6131=ADVANCED_FACE('',(#589),#5928,.F.);
#6132=ADVANCED_FACE('',(#590),#5929,.F.);
#6133=ADVANCED_FACE('',(#591),#5930,.F.);
#6134=ADVANCED_FACE('',(#592),#5931,.F.);
#6135=ADVANCED_FACE('',(#593),#5932,.T.);
#6136=ADVANCED_FACE('',(#594),#44,.F.);
#6137=ADVANCED_FACE('',(#595),#5933,.F.);
#6138=ADVANCED_FACE('',(#596),#45,.F.);
#6139=ADVANCED_FACE('',(#597),#5934,.F.);
#6140=ADVANCED_FACE('',(#598),#5935,.F.);
#6141=ADVANCED_FACE('',(#599),#5936,.T.);
#6142=ADVANCED_FACE('',(#600),#5937,.F.);
#6143=ADVANCED_FACE('',(#601),#5938,.F.);
#6144=ADVANCED_FACE('',(#602),#5939,.F.);
#6145=ADVANCED_FACE('',(#603),#5940,.F.);
#6146=ADVANCED_FACE('',(#604),#5941,.F.);
#6147=ADVANCED_FACE('',(#605),#5942,.F.);
#6148=ADVANCED_FACE('',(#606),#5943,.F.);
#6149=ADVANCED_FACE('',(#607),#46,.F.);
#6150=ADVANCED_FACE('',(#608),#5944,.F.);
#6151=ADVANCED_FACE('',(#609),#47,.F.);
#6152=ADVANCED_FACE('',(#610),#5945,.F.);
#6153=ADVANCED_FACE('',(#611),#5946,.F.);
#6154=ADVANCED_FACE('',(#612),#48,.F.);
#6155=ADVANCED_FACE('',(#613),#5947,.F.);
#6156=ADVANCED_FACE('',(#614),#49,.F.);
#6157=ADVANCED_FACE('',(#615),#5948,.F.);
#6158=ADVANCED_FACE('',(#616),#50,.F.);
#6159=ADVANCED_FACE('',(#617),#5949,.F.);
#6160=ADVANCED_FACE('',(#618),#51,.F.);
#6161=ADVANCED_FACE('',(#619,#183),#5950,.T.);
#6162=ADVANCED_FACE('',(#620),#5951,.F.);
#6163=ADVANCED_FACE('',(#621),#52,.F.);
#6164=ADVANCED_FACE('',(#622),#5952,.F.);
#6165=ADVANCED_FACE('',(#623),#53,.F.);
#6166=ADVANCED_FACE('',(#624),#54,.F.);
#6167=ADVANCED_FACE('',(#625),#5953,.F.);
#6168=ADVANCED_FACE('',(#626),#55,.F.);
#6169=ADVANCED_FACE('',(#627),#5954,.F.);
#6170=ADVANCED_FACE('',(#628),#56,.F.);
#6171=ADVANCED_FACE('',(#629),#5955,.F.);
#6172=ADVANCED_FACE('',(#630),#57,.F.);
#6173=ADVANCED_FACE('',(#631),#5956,.F.);
#6174=ADVANCED_FACE('',(#632),#58,.F.);
#6175=ADVANCED_FACE('',(#633),#5957,.F.);
#6176=ADVANCED_FACE('',(#634),#59,.F.);
#6177=ADVANCED_FACE('',(#635),#60,.F.);
#6178=ADVANCED_FACE('',(#636),#61,.F.);
#6179=ADVANCED_FACE('',(#637),#62,.F.);
#6180=ADVANCED_FACE('',(#638),#63,.F.);
#6181=ADVANCED_FACE('',(#639),#5958,.T.);
#6182=ADVANCED_FACE('',(#640),#64,.F.);
#6183=ADVANCED_FACE('',(#641),#5959,.T.);
#6184=ADVANCED_FACE('',(#642),#65,.F.);
#6185=ADVANCED_FACE('',(#643),#5960,.T.);
#6186=ADVANCED_FACE('',(#644),#66,.F.);
#6187=ADVANCED_FACE('',(#645),#5961,.T.);
#6188=ADVANCED_FACE('',(#646),#67,.F.);
#6189=ADVANCED_FACE('',(#647),#5962,.T.);
#6190=ADVANCED_FACE('',(#648),#68,.F.);
#6191=ADVANCED_FACE('',(#649),#5963,.T.);
#6192=ADVANCED_FACE('',(#650),#69,.F.);
#6193=ADVANCED_FACE('',(#651),#5964,.T.);
#6194=ADVANCED_FACE('',(#652),#70,.F.);
#6195=ADVANCED_FACE('',(#653),#5965,.T.);
#6196=ADVANCED_FACE('',(#654),#5966,.T.);
#6197=ADVANCED_FACE('',(#655),#71,.T.);
#6198=ADVANCED_FACE('',(#656),#72,.T.);
#6199=ADVANCED_FACE('',(#657),#5967,.T.);
#6200=ADVANCED_FACE('',(#658),#73,.T.);
#6201=ADVANCED_FACE('',(#659),#5968,.T.);
#6202=ADVANCED_FACE('',(#660),#74,.T.);
#6203=ADVANCED_FACE('',(#661,#184,#185,#186,#187),#5969,.T.);
#6204=ADVANCED_FACE('',(#662),#5970,.F.);
#6205=ADVANCED_FACE('',(#663),#75,.T.);
#6206=ADVANCED_FACE('',(#664),#5971,.F.);
#6207=ADVANCED_FACE('',(#665),#5972,.F.);
#6208=ADVANCED_FACE('',(#666),#76,.T.);
#6209=ADVANCED_FACE('',(#667),#5973,.F.);
#6210=ADVANCED_FACE('',(#668,#188,#189,#190,#191,#192),#5974,.T.);
#6211=ADVANCED_FACE('',(#669),#77,.T.);
#6212=ADVANCED_FACE('',(#670),#5975,.F.);
#6213=ADVANCED_FACE('',(#671),#5976,.F.);
#6214=ADVANCED_FACE('',(#672),#78,.T.);
#6215=ADVANCED_FACE('',(#673,#193),#5977,.T.);
#6216=ADVANCED_FACE('',(#674),#79,.T.);
#6217=ADVANCED_FACE('',(#675,#194),#5978,.T.);
#6218=ADVANCED_FACE('',(#676),#80,.T.);
#6219=ADVANCED_FACE('',(#677,#195),#5979,.T.);
#6220=ADVANCED_FACE('',(#678),#81,.T.);
#6221=ADVANCED_FACE('',(#679,#196),#5980,.T.);
#6222=ADVANCED_FACE('',(#680),#82,.F.);
#6223=ADVANCED_FACE('',(#681,#197,#198,#199),#5981,.F.);
#6224=ADVANCED_FACE('',(#682),#83,.F.);
#6225=ADVANCED_FACE('',(#683),#84,.F.);
#6226=ADVANCED_FACE('',(#684),#5982,.F.);
#6227=ADVANCED_FACE('',(#685),#85,.F.);
#6228=ADVANCED_FACE('',(#686),#5983,.T.);
#6229=ADVANCED_FACE('',(#687),#86,.T.);
#6230=ADVANCED_FACE('',(#688,#200,#201,#202),#5984,.T.);
#6231=ADVANCED_FACE('',(#689),#87,.T.);
#6232=ADVANCED_FACE('',(#690),#5985,.T.);
#6233=ADVANCED_FACE('',(#691),#88,.T.);
#6234=ADVANCED_FACE('',(#692,#203,#204,#205),#5986,.T.);
#6235=ADVANCED_FACE('',(#693),#89,.T.);
#6236=ADVANCED_FACE('',(#694),#5987,.F.);
#6237=ADVANCED_FACE('',(#695),#90,.F.);
#6238=ADVANCED_FACE('',(#696),#91,.F.);
#6239=ADVANCED_FACE('',(#697),#92,.F.);
#6240=ADVANCED_FACE('',(#698),#93,.F.);
#6241=ADVANCED_FACE('',(#699),#5988,.T.);
#6242=ADVANCED_FACE('',(#700),#5989,.T.);
#6243=ADVANCED_FACE('',(#701),#5990,.T.);
#6244=ADVANCED_FACE('',(#702),#5991,.T.);
#6245=ADVANCED_FACE('',(#703),#5992,.T.);
#6246=ADVANCED_FACE('',(#704),#5993,.T.);
#6247=ADVANCED_FACE('',(#705),#5994,.T.);
#6248=ADVANCED_FACE('',(#706),#5995,.T.);
#6249=ADVANCED_FACE('',(#707),#5996,.T.);
#6250=ADVANCED_FACE('',(#708),#5997,.F.);
#6251=ADVANCED_FACE('',(#709),#5998,.F.);
#6252=ADVANCED_FACE('',(#710),#5999,.T.);
#6253=ADVANCED_FACE('',(#711),#6000,.T.);
#6254=ADVANCED_FACE('',(#712),#6001,.T.);
#6255=ADVANCED_FACE('',(#713),#6002,.T.);
#6256=ADVANCED_FACE('',(#714),#6003,.T.);
#6257=ADVANCED_FACE('',(#715),#6004,.F.);
#6258=ADVANCED_FACE('',(#716),#6005,.F.);
#6259=ADVANCED_FACE('',(#717),#6006,.F.);
#6260=ADVANCED_FACE('',(#718),#6007,.T.);
#6261=ADVANCED_FACE('',(#719),#6008,.F.);
#6262=ADVANCED_FACE('',(#720),#94,.F.);
#6263=ADVANCED_FACE('',(#721),#6009,.F.);
#6264=ADVANCED_FACE('',(#722),#6010,.F.);
#6265=ADVANCED_FACE('',(#723),#6011,.F.);
#6266=ADVANCED_FACE('',(#724),#6012,.F.);
#6267=ADVANCED_FACE('',(#725),#6013,.F.);
#6268=ADVANCED_FACE('',(#726),#95,.F.);
#6269=ADVANCED_FACE('',(#727),#6014,.F.);
#6270=ADVANCED_FACE('',(#728),#96,.F.);
#6271=ADVANCED_FACE('',(#729),#6015,.F.);
#6272=ADVANCED_FACE('',(#730),#6016,.F.);
#6273=ADVANCED_FACE('',(#731),#97,.F.);
#6274=ADVANCED_FACE('',(#732),#6017,.F.);
#6275=ADVANCED_FACE('',(#733),#98,.T.);
#6276=ADVANCED_FACE('',(#734),#99,.T.);
#6277=ADVANCED_FACE('',(#735),#6018,.F.);
#6278=ADVANCED_FACE('',(#736),#6019,.T.);
#6279=ADVANCED_FACE('',(#737),#6020,.T.);
#6280=ADVANCED_FACE('',(#738),#100,.T.);
#6281=ADVANCED_FACE('',(#739),#101,.T.);
#6282=ADVANCED_FACE('',(#740),#102,.F.);
#6283=ADVANCED_FACE('',(#741),#6021,.F.);
#6284=ADVANCED_FACE('',(#742),#6022,.F.);
#6285=ADVANCED_FACE('',(#743),#6023,.T.);
#6286=ADVANCED_FACE('',(#744),#6024,.T.);
#6287=ADVANCED_FACE('',(#745),#103,.F.);
#6288=ADVANCED_FACE('',(#746),#6025,.F.);
#6289=ADVANCED_FACE('',(#747),#104,.F.);
#6290=ADVANCED_FACE('',(#748),#6026,.F.);
#6291=ADVANCED_FACE('',(#749),#105,.F.);
#6292=ADVANCED_FACE('',(#750),#6027,.F.);
#6293=ADVANCED_FACE('',(#751),#106,.F.);
#6294=ADVANCED_FACE('',(#752),#6028,.F.);
#6295=ADVANCED_FACE('',(#753),#107,.F.);
#6296=ADVANCED_FACE('',(#754,#206),#6029,.T.);
#6297=ADVANCED_FACE('',(#755),#108,.F.);
#6298=ADVANCED_FACE('',(#756,#207),#6030,.T.);
#6299=ADVANCED_FACE('',(#757),#109,.F.);
#6300=ADVANCED_FACE('',(#758,#208),#6031,.T.);
#6301=ADVANCED_FACE('',(#759),#110,.F.);
#6302=ADVANCED_FACE('',(#760,#209),#6032,.T.);
#6303=ADVANCED_FACE('',(#761),#111,.F.);
#6304=ADVANCED_FACE('',(#762),#112,.F.);
#6305=ADVANCED_FACE('',(#763),#113,.F.);
#6306=ADVANCED_FACE('',(#764),#114,.F.);
#6307=ADVANCED_FACE('',(#765),#23,.F.);
#6308=ADVANCED_FACE('',(#766),#6033,.F.);
#6309=ADVANCED_FACE('',(#767),#115,.F.);
#6310=ADVANCED_FACE('',(#768),#6034,.F.);
#6311=ADVANCED_FACE('',(#769),#116,.F.);
#6312=ADVANCED_FACE('',(#770),#6035,.F.);
#6313=ADVANCED_FACE('',(#771),#117,.F.);
#6314=ADVANCED_FACE('',(#772),#6036,.F.);
#6315=ADVANCED_FACE('',(#773),#118,.F.);
#6316=ADVANCED_FACE('',(#774),#6037,.F.);
#6317=ADVANCED_FACE('',(#775),#119,.F.);
#6318=ADVANCED_FACE('',(#776),#6038,.F.);
#6319=ADVANCED_FACE('',(#777),#120,.F.);
#6320=ADVANCED_FACE('',(#778),#6039,.F.);
#6321=ADVANCED_FACE('',(#779),#121,.F.);
#6322=ADVANCED_FACE('',(#780),#6040,.F.);
#6323=ADVANCED_FACE('',(#781),#122,.F.);
#6324=ADVANCED_FACE('',(#782,#210),#6041,.F.);
#6325=ADVANCED_FACE('',(#783),#123,.T.);
#6326=ADVANCED_FACE('',(#784,#211),#6042,.F.);
#6327=ADVANCED_FACE('',(#785),#124,.T.);
#6328=ADVANCED_FACE('',(#786,#212),#6043,.F.);
#6329=ADVANCED_FACE('',(#787),#125,.T.);
#6330=ADVANCED_FACE('',(#788,#213),#6044,.F.);
#6331=ADVANCED_FACE('',(#789),#126,.T.);
#6332=ADVANCED_FACE('',(#790,#214),#6045,.F.);
#6333=ADVANCED_FACE('',(#791,#215,#216,#217,#218,#219),#6046,.F.);
#6334=ADVANCED_FACE('',(#792),#6047,.T.);
#6335=ADVANCED_FACE('',(#793),#6048,.F.);
#6336=ADVANCED_FACE('',(#794),#6049,.T.);
#6337=ADVANCED_FACE('',(#795),#6050,.T.);
#6338=ADVANCED_FACE('',(#796),#6051,.T.);
#6339=ADVANCED_FACE('',(#797),#6052,.F.);
#6340=ADVANCED_FACE('',(#798),#6053,.F.);
#6341=ADVANCED_FACE('',(#799),#6054,.T.);
#6342=ADVANCED_FACE('',(#800),#6055,.T.);
#6343=ADVANCED_FACE('',(#801,#220,#221,#222,#223,#224),#6056,.F.);
#6344=ADVANCED_FACE('',(#802),#6057,.F.);
#6345=ADVANCED_FACE('',(#803),#6058,.F.);
#6346=ADVANCED_FACE('',(#804),#6059,.T.);
#6347=ADVANCED_FACE('',(#805),#127,.F.);
#6348=ADVANCED_FACE('',(#806),#128,.F.);
#6349=ADVANCED_FACE('',(#807),#129,.F.);
#6350=ADVANCED_FACE('',(#808),#130,.F.);
#6351=ADVANCED_FACE('',(#809),#131,.F.);
#6352=ADVANCED_FACE('',(#810),#132,.F.);
#6353=ADVANCED_FACE('',(#811),#133,.F.);
#6354=ADVANCED_FACE('',(#812),#134,.F.);
#6355=ADVANCED_FACE('',(#813),#6060,.T.);
#6356=ADVANCED_FACE('',(#814),#6061,.T.);
#6357=ADVANCED_FACE('',(#815),#6062,.T.);
#6358=ADVANCED_FACE('',(#816),#6063,.F.);
#6359=ADVANCED_FACE('',(#817),#6064,.T.);
#6360=ADVANCED_FACE('',(#818),#6065,.T.);
#6361=ADVANCED_FACE('',(#819),#135,.F.);
#6362=ADVANCED_FACE('',(#820),#136,.F.);
#6363=ADVANCED_FACE('',(#821),#137,.T.);
#6364=ADVANCED_FACE('',(#822),#6066,.T.);
#6365=ADVANCED_FACE('',(#823),#138,.T.);
#6366=ADVANCED_FACE('',(#824),#139,.F.);
#6367=ADVANCED_FACE('',(#825),#140,.F.);
#6368=ADVANCED_FACE('',(#826),#141,.T.);
#6369=ADVANCED_FACE('',(#827),#6067,.T.);
#6370=ADVANCED_FACE('',(#828),#142,.T.);
#6371=ADVANCED_FACE('',(#829),#6068,.T.);
#6372=ADVANCED_FACE('',(#830),#6069,.F.);
#6373=ADVANCED_FACE('',(#831),#6070,.F.);
#6374=ADVANCED_FACE('',(#832),#6071,.F.);
#6375=ADVANCED_FACE('',(#833),#143,.F.);
#6376=ADVANCED_FACE('',(#834),#144,.F.);
#6377=ADVANCED_FACE('',(#835),#145,.F.);
#6378=ADVANCED_FACE('',(#836),#6072,.T.);
#6379=ADVANCED_FACE('',(#837),#146,.T.);
#6380=ADVANCED_FACE('',(#838),#6073,.T.);
#6381=ADVANCED_FACE('',(#839),#147,.T.);
#6382=ADVANCED_FACE('',(#840),#6074,.F.);
#6383=ADVANCED_FACE('',(#841),#148,.F.);
#6384=ADVANCED_FACE('',(#842),#6075,.F.);
#6385=ADVANCED_FACE('',(#843),#149,.F.);
#6386=ADVANCED_FACE('',(#844),#150,.F.);
#6387=ADVANCED_FACE('',(#845),#6076,.F.);
#6388=ADVANCED_FACE('',(#846),#151,.F.);
#6389=ADVANCED_FACE('',(#847),#152,.T.);
#6390=ADVANCED_FACE('',(#848),#6077,.T.);
#6391=ADVANCED_FACE('',(#849),#153,.T.);
#6392=ADVANCED_FACE('',(#850),#6078,.T.);
#6393=ADVANCED_FACE('',(#851,#225,#226,#227,#228,#229),#6079,.T.);
#6394=ADVANCED_FACE('',(#852),#154,.F.);
#6395=ADVANCED_FACE('',(#853),#155,.F.);
#6396=ADVANCED_FACE('',(#854),#156,.F.);
#6397=ADVANCED_FACE('',(#855),#157,.F.);
#6398=ADVANCED_FACE('',(#856),#158,.F.);
#6399=ADVANCED_FACE('',(#857),#159,.F.);
#6400=ADVANCED_FACE('',(#858),#160,.F.);
#6401=ADVANCED_FACE('',(#859),#161,.F.);
#6402=ADVANCED_FACE('',(#860),#162,.F.);
#6403=ADVANCED_FACE('',(#861),#163,.F.);
#6404=ADVANCED_FACE('',(#862),#164,.F.);
#6405=ADVANCED_FACE('',(#863),#165,.F.);
#6406=ADVANCED_FACE('',(#864),#6080,.T.);
#6407=ADVANCED_FACE('',(#865),#6081,.T.);
#6408=ADVANCED_FACE('',(#866,#230,#231,#232,#233,#234,#235,#236,#237,#238),
#6082,.F.);
#6409=ADVANCED_FACE('',(#867),#6083,.T.);
#6410=ADVANCED_FACE('',(#868),#6084,.T.);
#6411=ADVANCED_FACE('',(#869),#6085,.T.);
#6412=ADVANCED_FACE('',(#870),#166,.T.);
#6413=ADVANCED_FACE('',(#871),#6086,.T.);
#6414=ADVANCED_FACE('',(#872,#239,#240,#241,#242,#243,#244,#245,#246,#247),
#6087,.T.);
#6415=ADVANCED_FACE('',(#873),#167,.T.);
#6416=ADVANCED_FACE('',(#874),#6088,.T.);
#6417=ADVANCED_FACE('',(#875),#168,.T.);
#6418=ADVANCED_FACE('',(#876),#6089,.T.);
#6419=ADVANCED_FACE('',(#877),#169,.T.);
#6420=ADVANCED_FACE('',(#878),#6090,.T.);
#6421=ADVANCED_FACE('',(#879),#6091,.T.);
#6422=ADVANCED_FACE('',(#880),#6092,.T.);
#6423=ADVANCED_FACE('',(#881),#170,.T.);
#6424=ADVANCED_FACE('',(#882),#6093,.T.);
#6425=ADVANCED_FACE('',(#883),#6094,.T.);
#6426=ADVANCED_FACE('',(#884),#6095,.T.);
#6427=ADVANCED_FACE('',(#885),#6096,.T.);
#6428=ADVANCED_FACE('',(#886),#171,.T.);
#6429=ADVANCED_FACE('',(#887),#6097,.T.);
#6430=ADVANCED_FACE('',(#888),#6098,.T.);
#6431=ADVANCED_FACE('',(#889),#6099,.T.);
#6432=ADVANCED_FACE('',(#890),#172,.T.);
#6433=ADVANCED_FACE('',(#891),#6100,.T.);
#6434=ADVANCED_FACE('',(#892),#6101,.T.);
#6435=ADVANCED_FACE('',(#893),#6102,.T.);
#6436=ADVANCED_FACE('',(#894),#6103,.T.);
#6437=ADVANCED_FACE('',(#895),#173,.T.);
#6438=ADVANCED_FACE('',(#896),#6104,.T.);
#6439=ADVANCED_FACE('',(#897),#174,.F.);
#6440=ADVANCED_FACE('',(#898),#6105,.T.);
#6441=ADVANCED_FACE('',(#899),#175,.F.);
#6442=ADVANCED_FACE('',(#900),#6106,.T.);
#6443=ADVANCED_FACE('',(#901),#176,.F.);
#6444=ADVANCED_FACE('',(#902),#177,.F.);
#6445=ADVANCED_FACE('',(#903),#6107,.T.);
#6446=ADVANCED_FACE('',(#904),#178,.T.);
#6447=ADVANCED_FACE('',(#905),#6108,.T.);
#6448=ADVANCED_FACE('',(#906),#179,.T.);
#6449=ADVANCED_FACE('',(#907),#180,.T.);
#6450=ADVANCED_FACE('',(#908),#6109,.T.);
#6451=ADVANCED_FACE('',(#909),#181,.T.);
#6452=CLOSED_SHELL('',(#6110,#6111,#6112,#6113,#6114,#6115,#6116,#6117,
#6118,#6119,#6120,#6121,#6122,#6123,#6124,#6125,#6126,#6127,#6128,#6129,
#6130,#6131,#6132,#6133,#6134,#6135,#6136,#6137,#6138,#6139,#6140,#6141,
#6142,#6143,#6144,#6145,#6146,#6147,#6148,#6149,#6150,#6151,#6152,#6153,
#6154,#6155,#6156,#6157,#6158,#6159,#6160,#6161,#6162,#6163,#6164,#6165,
#6166,#6167,#6168,#6169,#6170,#6171,#6172,#6173,#6174,#6175,#6176,#6177,
#6178,#6179,#6180,#6181,#6182,#6183,#6184,#6185,#6186,#6187,#6188,#6189,
#6190,#6191,#6192,#6193,#6194,#6195,#6196,#6197,#6198,#6199,#6200,#6201,
#6202,#6203,#6204,#6205,#6206,#6207,#6208,#6209,#6210,#6211,#6212,#6213,
#6214,#6215,#6216,#6217,#6218,#6219,#6220,#6221,#6222,#6223,#6224,#6225,
#6226,#6227,#6228,#6229,#6230,#6231,#6232,#6233,#6234,#6235,#6236));
#6453=CLOSED_SHELL('',(#6237,#6238,#6239,#6240,#6241,#6242,#6243,#6244,
#6245,#6246,#6247,#6248,#6249,#6250,#6251,#6252,#6253,#6254,#6255,#6256,
#6257,#6258,#6259,#6260,#6261,#6262,#6263,#6264,#6265,#6266,#6267,#6268,
#6269,#6270,#6271,#6272,#6273,#6274,#6275,#6276,#6277,#6278,#6279,#6280,
#6281,#6282,#6283,#6284,#6285,#6286,#6287,#6288,#6289,#6290,#6291,#6292,
#6293,#6294,#6295,#6296,#6297,#6298,#6299,#6300,#6301,#6302,#6303,#6304,
#6305,#6306,#6307,#6308,#6309,#6310,#6311,#6312,#6313,#6314,#6315,#6316,
#6317,#6318,#6319,#6320,#6321,#6322,#6323,#6324,#6325,#6326,#6327,#6328,
#6329,#6330,#6331,#6332,#6333,#6334,#6335,#6336,#6337,#6338,#6339,#6340,
#6341,#6342,#6343,#6344,#6345,#6346,#6347,#6348,#6349,#6350,#6351,#6352,
#6353,#6354,#6355,#6356,#6357,#6358,#6359,#6360,#6361,#6362,#6363,#6364,
#6365,#6366,#6367,#6368,#6369,#6370,#6371,#6372,#6373,#6374,#6375,#6376,
#6377,#6378,#6379,#6380,#6381,#6382,#6383,#6384,#6385,#6386,#6387,#6388,
#6389,#6390,#6391,#6392,#6393));
#6454=CLOSED_SHELL('',(#6394,#6395,#6396,#6397,#6398,#6399,#6400,#6401,
#6402,#6403,#6404,#6405,#6406,#6407,#6408,#6409,#6410,#6411,#6412,#6413,
#6414,#6415,#6416,#6417,#6418,#6419,#6420,#6421,#6422,#6423,#6424,#6425,
#6426,#6427,#6428,#6429,#6430,#6431,#6432,#6433,#6434,#6435,#6436,#6437,
#6438,#6439,#6440,#6441,#6442,#6443,#6444,#6445,#6446,#6447,#6448,#6449,
#6450,#6451));
#6455=DERIVED_UNIT_ELEMENT(#6461,1.);
#6456=DERIVED_UNIT_ELEMENT(#11261,-3.);
#6457=DERIVED_UNIT_ELEMENT(#6461,1.);
#6458=DERIVED_UNIT_ELEMENT(#11261,-3.);
#6459=DERIVED_UNIT_ELEMENT(#6461,1.);
#6460=DERIVED_UNIT_ELEMENT(#11261,-3.);
#6461=(
MASS_UNIT()
NAMED_UNIT(*)
SI_UNIT(.KILO.,.GRAM.)
);
#6462=DERIVED_UNIT((#6455,#6456));
#6463=DERIVED_UNIT((#6457,#6458));
#6464=DERIVED_UNIT((#6459,#6460));
#6465=MEASURE_REPRESENTATION_ITEM('density measure',
POSITIVE_RATIO_MEASURE(7850.),#6462);
#6466=MEASURE_REPRESENTATION_ITEM('density measure',
POSITIVE_RATIO_MEASURE(7850.),#6463);
#6467=MEASURE_REPRESENTATION_ITEM('density measure',
POSITIVE_RATIO_MEASURE(7850.),#6464);
#6468=PROPERTY_DEFINITION_REPRESENTATION(#6483,#6474);
#6469=PROPERTY_DEFINITION_REPRESENTATION(#6484,#6475);
#6470=PROPERTY_DEFINITION_REPRESENTATION(#6485,#6476);
#6471=PROPERTY_DEFINITION_REPRESENTATION(#6486,#6477);
#6472=PROPERTY_DEFINITION_REPRESENTATION(#6487,#6478);
#6473=PROPERTY_DEFINITION_REPRESENTATION(#6488,#6479);
#6474=REPRESENTATION('material name',(#6480),#11256);
#6475=REPRESENTATION('density',(#6465),#11256);
#6476=REPRESENTATION('material name',(#6481),#11257);
#6477=REPRESENTATION('density',(#6466),#11257);
#6478=REPRESENTATION('material name',(#6482),#11258);
#6479=REPRESENTATION('density',(#6467),#11258);
#6480=DESCRIPTIVE_REPRESENTATION_ITEM('Steel','Steel');
#6481=DESCRIPTIVE_REPRESENTATION_ITEM('Steel','Steel');
#6482=DESCRIPTIVE_REPRESENTATION_ITEM('Steel','Steel');
#6483=PROPERTY_DEFINITION('material property','material name',#11281);
#6484=PROPERTY_DEFINITION('material property','density of part',#11281);
#6485=PROPERTY_DEFINITION('material property','material name',#11282);
#6486=PROPERTY_DEFINITION('material property','density of part',#11282);
#6487=PROPERTY_DEFINITION('material property','material name',#11283);
#6488=PROPERTY_DEFINITION('material property','density of part',#11283);
#6489=AXIS2_PLACEMENT_3D('',#9095,#7157,#7158);
#6490=AXIS2_PLACEMENT_3D('',#9096,#7159,#7160);
#6491=AXIS2_PLACEMENT_3D('',#9097,#7161,#7162);
#6492=AXIS2_PLACEMENT_3D('',#9110,#7169,#7170);
#6493=AXIS2_PLACEMENT_3D('',#9116,#7174,#7175);
#6494=AXIS2_PLACEMENT_3D('',#9126,#7181,#7182);
#6495=AXIS2_PLACEMENT_3D('',#9129,#7185,#7186);
#6496=AXIS2_PLACEMENT_3D('',#9130,#7187,#7188);
#6497=AXIS2_PLACEMENT_3D('',#9148,#7198,#7199);
#6498=AXIS2_PLACEMENT_3D('',#9167,#7209,#7210);
#6499=AXIS2_PLACEMENT_3D('',#9171,#7212,#7213);
#6500=AXIS2_PLACEMENT_3D('',#9179,#7217,#7218);
#6501=AXIS2_PLACEMENT_3D('',#9183,#7220,#7221);
#6502=AXIS2_PLACEMENT_3D('',#9193,#7226,#7227);
#6503=AXIS2_PLACEMENT_3D('',#9197,#7229,#7230);
#6504=AXIS2_PLACEMENT_3D('',#9201,#7232,#7233);
#6505=AXIS2_PLACEMENT_3D('',#9204,#7235,#7236);
#6506=AXIS2_PLACEMENT_3D('',#9205,#7237,#7238);
#6507=AXIS2_PLACEMENT_3D('',#9213,#7243,#7244);
#6508=AXIS2_PLACEMENT_3D('',#9217,#7247,#7248);
#6509=AXIS2_PLACEMENT_3D('',#9225,#7253,#7254);
#6510=AXIS2_PLACEMENT_3D('',#9228,#7257,#7258);
#6511=AXIS2_PLACEMENT_3D('',#9229,#7259,#7260);
#6512=AXIS2_PLACEMENT_3D('',#9233,#7262,#7263);
#6513=AXIS2_PLACEMENT_3D('',#9234,#7264,#7265);
#6514=AXIS2_PLACEMENT_3D('',#9237,#7266,#7267);
#6515=AXIS2_PLACEMENT_3D('',#9248,#7269,#7270);
#6516=AXIS2_PLACEMENT_3D('',#9250,#7272,#7273);
#6517=AXIS2_PLACEMENT_3D('',#9254,#7275,#7276);
#6518=AXIS2_PLACEMENT_3D('',#9256,#7278,#7279);
#6519=AXIS2_PLACEMENT_3D('',#9260,#7281,#7282);
#6520=AXIS2_PLACEMENT_3D('',#9261,#7283,#7284);
#6521=AXIS2_PLACEMENT_3D('',#9264,#7285,#7286);
#6522=AXIS2_PLACEMENT_3D('',#9268,#7288,#7289);
#6523=AXIS2_PLACEMENT_3D('',#9277,#7291,#7292);
#6524=AXIS2_PLACEMENT_3D('',#9281,#7294,#7295);
#6525=AXIS2_PLACEMENT_3D('',#9283,#7297,#7298);
#6526=AXIS2_PLACEMENT_3D('',#9285,#7299,#7300);
#6527=AXIS2_PLACEMENT_3D('',#9289,#7302,#7303);
#6528=AXIS2_PLACEMENT_3D('',#9292,#7306,#7307);
#6529=AXIS2_PLACEMENT_3D('',#9298,#7310,#7311);
#6530=AXIS2_PLACEMENT_3D('',#9302,#7313,#7314);
#6531=AXIS2_PLACEMENT_3D('',#9311,#7319,#7320);
#6532=AXIS2_PLACEMENT_3D('',#9315,#7322,#7323);
#6533=AXIS2_PLACEMENT_3D('',#9319,#7326,#7327);
#6534=AXIS2_PLACEMENT_3D('',#9321,#7329,#7330);
#6535=AXIS2_PLACEMENT_3D('',#9323,#7331,#7332);
#6536=AXIS2_PLACEMENT_3D('',#9325,#7334,#7335);
#6537=AXIS2_PLACEMENT_3D('',#9331,#7339,#7340);
#6538=AXIS2_PLACEMENT_3D('',#9341,#7345,#7346);
#6539=AXIS2_PLACEMENT_3D('',#9346,#7349,#7350);
#6540=AXIS2_PLACEMENT_3D('',#9349,#7352,#7353);
#6541=AXIS2_PLACEMENT_3D('',#9350,#7354,#7355);
#6542=AXIS2_PLACEMENT_3D('',#9353,#7358,#7359);
#6543=AXIS2_PLACEMENT_3D('',#9356,#7362,#7363);
#6544=AXIS2_PLACEMENT_3D('',#9360,#7365,#7366);
#6545=AXIS2_PLACEMENT_3D('',#9362,#7368,#7369);
#6546=AXIS2_PLACEMENT_3D('',#9366,#7372,#7373);
#6547=AXIS2_PLACEMENT_3D('',#9369,#7375,#7376);
#6548=AXIS2_PLACEMENT_3D('',#9370,#7377,#7378);
#6549=AXIS2_PLACEMENT_3D('',#9374,#7381,#7382);
#6550=AXIS2_PLACEMENT_3D('',#9376,#7384,#7385);
#6551=AXIS2_PLACEMENT_3D('',#9379,#7388,#7389);
#6552=AXIS2_PLACEMENT_3D('',#9388,#7393,#7394);
#6553=AXIS2_PLACEMENT_3D('',#9392,#7396,#7397);
#6554=AXIS2_PLACEMENT_3D('',#9405,#7404,#7405);
#6555=AXIS2_PLACEMENT_3D('',#9408,#7407,#7408);
#6556=AXIS2_PLACEMENT_3D('',#9409,#7409,#7410);
#6557=AXIS2_PLACEMENT_3D('',#9412,#7413,#7414);
#6558=AXIS2_PLACEMENT_3D('',#9415,#7417,#7418);
#6559=AXIS2_PLACEMENT_3D('',#9416,#7419,#7420);
#6560=AXIS2_PLACEMENT_3D('',#9417,#7421,#7422);
#6561=AXIS2_PLACEMENT_3D('',#9420,#7425,#7426);
#6562=AXIS2_PLACEMENT_3D('',#9426,#7430,#7431);
#6563=AXIS2_PLACEMENT_3D('',#9429,#7433,#7434);
#6564=AXIS2_PLACEMENT_3D('',#9430,#7435,#7436);
#6565=AXIS2_PLACEMENT_3D('',#9434,#7439,#7440);
#6566=AXIS2_PLACEMENT_3D('',#9437,#7442,#7443);
#6567=AXIS2_PLACEMENT_3D('',#9438,#7444,#7445);
#6568=AXIS2_PLACEMENT_3D('',#9442,#7448,#7449);
#6569=AXIS2_PLACEMENT_3D('',#9451,#7454,#7455);
#6570=AXIS2_PLACEMENT_3D('',#9453,#7456,#7457);
#6571=AXIS2_PLACEMENT_3D('',#9455,#7458,#7459);
#6572=AXIS2_PLACEMENT_3D('',#9457,#7461,#7462);
#6573=AXIS2_PLACEMENT_3D('',#9463,#7466,#7467);
#6574=AXIS2_PLACEMENT_3D('',#9465,#7468,#7469);
#6575=AXIS2_PLACEMENT_3D('',#9467,#7470,#7471);
#6576=AXIS2_PLACEMENT_3D('',#9469,#7473,#7474);
#6577=AXIS2_PLACEMENT_3D('',#9475,#7478,#7479);
#6578=AXIS2_PLACEMENT_3D('',#9477,#7480,#7481);
#6579=AXIS2_PLACEMENT_3D('',#9479,#7482,#7483);
#6580=AXIS2_PLACEMENT_3D('',#9481,#7485,#7486);
#6581=AXIS2_PLACEMENT_3D('',#9487,#7490,#7491);
#6582=AXIS2_PLACEMENT_3D('',#9488,#7492,#7493);
#6583=AXIS2_PLACEMENT_3D('',#9489,#7494,#7495);
#6584=AXIS2_PLACEMENT_3D('',#9490,#7496,#7497);
#6585=AXIS2_PLACEMENT_3D('',#9494,#7499,#7500);
#6586=AXIS2_PLACEMENT_3D('',#9497,#7502,#7503);
#6587=AXIS2_PLACEMENT_3D('',#9498,#7504,#7505);
#6588=AXIS2_PLACEMENT_3D('',#9500,#7507,#7508);
#6589=AXIS2_PLACEMENT_3D('',#9502,#7510,#7511);
#6590=AXIS2_PLACEMENT_3D('',#9504,#7513,#7514);
#6591=AXIS2_PLACEMENT_3D('',#9505,#7515,#7516);
#6592=AXIS2_PLACEMENT_3D('',#9507,#7517,#7518);
#6593=AXIS2_PLACEMENT_3D('',#9509,#7520,#7521);
#6594=AXIS2_PLACEMENT_3D('',#9513,#7524,#7525);
#6595=AXIS2_PLACEMENT_3D('',#9514,#7526,#7527);
#6596=AXIS2_PLACEMENT_3D('',#9515,#7528,#7529);
#6597=AXIS2_PLACEMENT_3D('',#9521,#7533,#7534);
#6598=AXIS2_PLACEMENT_3D('',#9523,#7535,#7536);
#6599=AXIS2_PLACEMENT_3D('',#9525,#7538,#7539);
#6600=AXIS2_PLACEMENT_3D('',#9529,#7542,#7543);
#6601=AXIS2_PLACEMENT_3D('',#9531,#7544,#7545);
#6602=AXIS2_PLACEMENT_3D('',#9533,#7547,#7548);
#6603=AXIS2_PLACEMENT_3D('',#9537,#7551,#7552);
#6604=AXIS2_PLACEMENT_3D('',#9540,#7554,#7555);
#6605=AXIS2_PLACEMENT_3D('',#9541,#7556,#7557);
#6606=AXIS2_PLACEMENT_3D('',#9545,#7560,#7561);
#6607=AXIS2_PLACEMENT_3D('',#9546,#7562,#7563);
#6608=AXIS2_PLACEMENT_3D('',#9547,#7564,#7565);
#6609=AXIS2_PLACEMENT_3D('',#9549,#7566,#7567);
#6610=AXIS2_PLACEMENT_3D('',#9552,#7569,#7570);
#6611=AXIS2_PLACEMENT_3D('',#9553,#7571,#7572);
#6612=AXIS2_PLACEMENT_3D('',#9555,#7573,#7574);
#6613=AXIS2_PLACEMENT_3D('',#9558,#7576,#7577);
#6614=AXIS2_PLACEMENT_3D('',#9559,#7578,#7579);
#6615=AXIS2_PLACEMENT_3D('',#9561,#7580,#7581);
#6616=AXIS2_PLACEMENT_3D('',#9564,#7583,#7584);
#6617=AXIS2_PLACEMENT_3D('',#9565,#7585,#7586);
#6618=AXIS2_PLACEMENT_3D('',#9567,#7587,#7588);
#6619=AXIS2_PLACEMENT_3D('',#9570,#7590,#7591);
#6620=AXIS2_PLACEMENT_3D('',#9571,#7592,#7593);
#6621=AXIS2_PLACEMENT_3D('',#9572,#7594,#7595);
#6622=AXIS2_PLACEMENT_3D('',#9574,#7596,#7597);
#6623=AXIS2_PLACEMENT_3D('',#9577,#7599,#7600);
#6624=AXIS2_PLACEMENT_3D('',#9578,#7601,#7602);
#6625=AXIS2_PLACEMENT_3D('',#9579,#7603,#7604);
#6626=AXIS2_PLACEMENT_3D('',#9581,#7605,#7606);
#6627=AXIS2_PLACEMENT_3D('',#9584,#7608,#7609);
#6628=AXIS2_PLACEMENT_3D('',#9585,#7610,#7611);
#6629=AXIS2_PLACEMENT_3D('',#9586,#7612,#7613);
#6630=AXIS2_PLACEMENT_3D('',#9588,#7614,#7615);
#6631=AXIS2_PLACEMENT_3D('',#9591,#7617,#7618);
#6632=AXIS2_PLACEMENT_3D('',#9592,#7619,#7620);
#6633=AXIS2_PLACEMENT_3D('',#9593,#7621,#7622);
#6634=AXIS2_PLACEMENT_3D('',#9595,#7623,#7624);
#6635=AXIS2_PLACEMENT_3D('',#9598,#7626,#7627);
#6636=AXIS2_PLACEMENT_3D('',#9599,#7628,#7629);
#6637=AXIS2_PLACEMENT_3D('',#9600,#7630,#7631);
#6638=AXIS2_PLACEMENT_3D('',#9602,#7632,#7633);
#6639=AXIS2_PLACEMENT_3D('',#9605,#7635,#7636);
#6640=AXIS2_PLACEMENT_3D('',#9606,#7637,#7638);
#6641=AXIS2_PLACEMENT_3D('',#9607,#7639,#7640);
#6642=AXIS2_PLACEMENT_3D('',#9609,#7641,#7642);
#6643=AXIS2_PLACEMENT_3D('',#9612,#7644,#7645);
#6644=AXIS2_PLACEMENT_3D('',#9613,#7646,#7647);
#6645=AXIS2_PLACEMENT_3D('',#9614,#7648,#7649);
#6646=AXIS2_PLACEMENT_3D('',#9616,#7650,#7651);
#6647=AXIS2_PLACEMENT_3D('',#9619,#7653,#7654);
#6648=AXIS2_PLACEMENT_3D('',#9620,#7655,#7656);
#6649=AXIS2_PLACEMENT_3D('',#9621,#7657,#7658);
#6650=AXIS2_PLACEMENT_3D('',#9623,#7660,#7661);
#6651=AXIS2_PLACEMENT_3D('',#9624,#7662,#7663);
#6652=AXIS2_PLACEMENT_3D('',#9626,#7665,#7666);
#6653=AXIS2_PLACEMENT_3D('',#9628,#7668,#7669);
#6654=AXIS2_PLACEMENT_3D('',#9630,#7671,#7672);
#6655=AXIS2_PLACEMENT_3D('',#9631,#7673,#7674);
#6656=AXIS2_PLACEMENT_3D('',#9636,#7676,#7677);
#6657=AXIS2_PLACEMENT_3D('',#9639,#7679,#7680);
#6658=AXIS2_PLACEMENT_3D('',#9640,#7681,#7682);
#6659=AXIS2_PLACEMENT_3D('',#9643,#7684,#7685);
#6660=AXIS2_PLACEMENT_3D('',#9647,#7687,#7688);
#6661=AXIS2_PLACEMENT_3D('',#9651,#7690,#7691);
#6662=AXIS2_PLACEMENT_3D('',#9655,#7693,#7694);
#6663=AXIS2_PLACEMENT_3D('',#9659,#7696,#7697);
#6664=AXIS2_PLACEMENT_3D('',#9663,#7699,#7700);
#6665=AXIS2_PLACEMENT_3D('',#9667,#7703,#7704);
#6666=AXIS2_PLACEMENT_3D('',#9669,#7705,#7706);
#6667=AXIS2_PLACEMENT_3D('',#9671,#7707,#7708);
#6668=AXIS2_PLACEMENT_3D('',#9673,#7709,#7710);
#6669=AXIS2_PLACEMENT_3D('',#9675,#7711,#7712);
#6670=AXIS2_PLACEMENT_3D('',#9676,#7713,#7714);
#6671=AXIS2_PLACEMENT_3D('',#9680,#7717,#7718);
#6672=AXIS2_PLACEMENT_3D('',#9684,#7720,#7721);
#6673=AXIS2_PLACEMENT_3D('',#9686,#7723,#7724);
#6674=AXIS2_PLACEMENT_3D('',#9690,#7727,#7728);
#6675=AXIS2_PLACEMENT_3D('',#9694,#7731,#7732);
#6676=AXIS2_PLACEMENT_3D('',#9697,#7734,#7735);
#6677=AXIS2_PLACEMENT_3D('',#9698,#7736,#7737);
#6678=AXIS2_PLACEMENT_3D('',#9702,#7740,#7741);
#6679=AXIS2_PLACEMENT_3D('',#9705,#7742,#7743);
#6680=AXIS2_PLACEMENT_3D('',#9709,#7745,#7746);
#6681=AXIS2_PLACEMENT_3D('',#9713,#7748,#7749);
#6682=AXIS2_PLACEMENT_3D('',#9717,#7751,#7752);
#6683=AXIS2_PLACEMENT_3D('',#9722,#7755,#7756);
#6684=AXIS2_PLACEMENT_3D('',#9726,#7758,#7759);
#6685=AXIS2_PLACEMENT_3D('',#9729,#7761,#7762);
#6686=AXIS2_PLACEMENT_3D('',#9730,#7763,#7764);
#6687=AXIS2_PLACEMENT_3D('',#9731,#7765,#7766);
#6688=AXIS2_PLACEMENT_3D('',#9732,#7767,#7768);
#6689=AXIS2_PLACEMENT_3D('',#9735,#7771,#7772);
#6690=AXIS2_PLACEMENT_3D('',#9737,#7774,#7775);
#6691=AXIS2_PLACEMENT_3D('',#9738,#7776,#7777);
#6692=AXIS2_PLACEMENT_3D('',#9740,#7778,#7779);
#6693=AXIS2_PLACEMENT_3D('',#9742,#7781,#7782);
#6694=AXIS2_PLACEMENT_3D('',#9743,#7783,#7784);
#6695=AXIS2_PLACEMENT_3D('',#9745,#7785,#7786);
#6696=AXIS2_PLACEMENT_3D('',#9747,#7788,#7789);
#6697=AXIS2_PLACEMENT_3D('',#9748,#7790,#7791);
#6698=AXIS2_PLACEMENT_3D('',#9750,#7792,#7793);
#6699=AXIS2_PLACEMENT_3D('',#9752,#7795,#7796);
#6700=AXIS2_PLACEMENT_3D('',#9753,#7797,#7798);
#6701=AXIS2_PLACEMENT_3D('',#9755,#7799,#7800);
#6702=AXIS2_PLACEMENT_3D('',#9757,#7802,#7803);
#6703=AXIS2_PLACEMENT_3D('',#9758,#7804,#7805);
#6704=AXIS2_PLACEMENT_3D('',#9760,#7807,#7808);
#6705=AXIS2_PLACEMENT_3D('',#9762,#7810,#7811);
#6706=AXIS2_PLACEMENT_3D('',#9763,#7812,#7813);
#6707=AXIS2_PLACEMENT_3D('',#9764,#7814,#7815);
#6708=AXIS2_PLACEMENT_3D('',#9765,#7816,#7817);
#6709=AXIS2_PLACEMENT_3D('',#9766,#7818,#7819);
#6710=AXIS2_PLACEMENT_3D('',#9772,#7823,#7824);
#6711=AXIS2_PLACEMENT_3D('',#9774,#7825,#7826);
#6712=AXIS2_PLACEMENT_3D('',#9776,#7828,#7829);
#6713=AXIS2_PLACEMENT_3D('',#9780,#7832,#7833);
#6714=AXIS2_PLACEMENT_3D('',#9782,#7834,#7835);
#6715=AXIS2_PLACEMENT_3D('',#9784,#7837,#7838);
#6716=AXIS2_PLACEMENT_3D('',#9788,#7841,#7842);
#6717=AXIS2_PLACEMENT_3D('',#9790,#7843,#7844);
#6718=AXIS2_PLACEMENT_3D('',#9792,#7846,#7847);
#6719=AXIS2_PLACEMENT_3D('',#9796,#7850,#7851);
#6720=AXIS2_PLACEMENT_3D('',#9797,#7852,#7853);
#6721=AXIS2_PLACEMENT_3D('',#9798,#7854,#7855);
#6722=AXIS2_PLACEMENT_3D('',#9799,#7856,#7857);
#6723=AXIS2_PLACEMENT_3D('',#9800,#7858,#7859);
#6724=AXIS2_PLACEMENT_3D('',#9803,#7860,#7861);
#6725=AXIS2_PLACEMENT_3D('',#9805,#7862,#7863);
#6726=AXIS2_PLACEMENT_3D('',#9809,#7865,#7866);
#6727=AXIS2_PLACEMENT_3D('',#9813,#7868,#7869);
#6728=AXIS2_PLACEMENT_3D('',#9817,#7871,#7872);
#6729=AXIS2_PLACEMENT_3D('',#9819,#7874,#7875);
#6730=AXIS2_PLACEMENT_3D('',#9822,#7876,#7877);
#6731=AXIS2_PLACEMENT_3D('',#9824,#7878,#7879);
#6732=AXIS2_PLACEMENT_3D('',#9828,#7881,#7882);
#6733=AXIS2_PLACEMENT_3D('',#9832,#7884,#7885);
#6734=AXIS2_PLACEMENT_3D('',#9836,#7887,#7888);
#6735=AXIS2_PLACEMENT_3D('',#9838,#7890,#7891);
#6736=AXIS2_PLACEMENT_3D('',#9841,#7892,#7893);
#6737=AXIS2_PLACEMENT_3D('',#9843,#7894,#7895);
#6738=AXIS2_PLACEMENT_3D('',#9847,#7897,#7898);
#6739=AXIS2_PLACEMENT_3D('',#9851,#7900,#7901);
#6740=AXIS2_PLACEMENT_3D('',#9855,#7903,#7904);
#6741=AXIS2_PLACEMENT_3D('',#9857,#7906,#7907);
#6742=AXIS2_PLACEMENT_3D('',#9860,#7908,#7909);
#6743=AXIS2_PLACEMENT_3D('',#9862,#7910,#7911);
#6744=AXIS2_PLACEMENT_3D('',#9866,#7913,#7914);
#6745=AXIS2_PLACEMENT_3D('',#9870,#7916,#7917);
#6746=AXIS2_PLACEMENT_3D('',#9874,#7919,#7920);
#6747=AXIS2_PLACEMENT_3D('',#9876,#7922,#7923);
#6748=AXIS2_PLACEMENT_3D('',#9882,#7927,#7928);
#6749=AXIS2_PLACEMENT_3D('',#9892,#7934,#7935);
#6750=AXIS2_PLACEMENT_3D('',#9898,#7939,#7940);
#6751=AXIS2_PLACEMENT_3D('',#9904,#7944,#7945);
#6752=AXIS2_PLACEMENT_3D('',#9914,#7951,#7952);
#6753=AXIS2_PLACEMENT_3D('',#9924,#7958,#7959);
#6754=AXIS2_PLACEMENT_3D('',#9928,#7961,#7962);
#6755=AXIS2_PLACEMENT_3D('',#9930,#7964,#7965);
#6756=AXIS2_PLACEMENT_3D('',#9933,#7967,#7968);
#6757=AXIS2_PLACEMENT_3D('',#9934,#7969,#7970);
#6758=AXIS2_PLACEMENT_3D('',#9942,#7975,#7976);
#6759=AXIS2_PLACEMENT_3D('',#9945,#7978,#7979);
#6760=AXIS2_PLACEMENT_3D('',#9946,#7980,#7981);
#6761=AXIS2_PLACEMENT_3D('',#9947,#7982,#7983);
#6762=AXIS2_PLACEMENT_3D('',#9948,#7984,#7985);
#6763=AXIS2_PLACEMENT_3D('',#9952,#7988,#7989);
#6764=AXIS2_PLACEMENT_3D('',#9956,#7991,#7992);
#6765=AXIS2_PLACEMENT_3D('',#9958,#7994,#7995);
#6766=AXIS2_PLACEMENT_3D('',#9960,#7996,#7997);
#6767=AXIS2_PLACEMENT_3D('',#9962,#7998,#7999);
#6768=AXIS2_PLACEMENT_3D('',#9966,#8001,#8002);
#6769=AXIS2_PLACEMENT_3D('',#9968,#8003,#8004);
#6770=AXIS2_PLACEMENT_3D('',#9973,#8007,#8008);
#6771=AXIS2_PLACEMENT_3D('',#9977,#8010,#8011);
#6772=AXIS2_PLACEMENT_3D('',#9979,#8013,#8014);
#6773=AXIS2_PLACEMENT_3D('',#9982,#8016,#8017);
#6774=AXIS2_PLACEMENT_3D('',#9983,#8018,#8019);
#6775=AXIS2_PLACEMENT_3D('',#9991,#8024,#8025);
#6776=AXIS2_PLACEMENT_3D('',#9994,#8027,#8028);
#6777=AXIS2_PLACEMENT_3D('',#9995,#8029,#8030);
#6778=AXIS2_PLACEMENT_3D('',#9997,#8031,#8032);
#6779=AXIS2_PLACEMENT_3D('',#10001,#8034,#8035);
#6780=AXIS2_PLACEMENT_3D('',#10006,#8038,#8039);
#6781=AXIS2_PLACEMENT_3D('',#10010,#8041,#8042);
#6782=AXIS2_PLACEMENT_3D('',#10014,#8044,#8045);
#6783=AXIS2_PLACEMENT_3D('',#10017,#8047,#8048);
#6784=AXIS2_PLACEMENT_3D('',#10018,#8049,#8050);
#6785=AXIS2_PLACEMENT_3D('',#10019,#8051,#8052);
#6786=AXIS2_PLACEMENT_3D('',#10020,#8053,#8054);
#6787=AXIS2_PLACEMENT_3D('',#10024,#8057,#8058);
#6788=AXIS2_PLACEMENT_3D('',#10033,#8063,#8064);
#6789=AXIS2_PLACEMENT_3D('',#10038,#8067,#8068);
#6790=AXIS2_PLACEMENT_3D('',#10040,#8070,#8071);
#6791=AXIS2_PLACEMENT_3D('',#10043,#8072,#8073);
#6792=AXIS2_PLACEMENT_3D('',#10045,#8075,#8076);
#6793=AXIS2_PLACEMENT_3D('',#10048,#8077,#8078);
#6794=AXIS2_PLACEMENT_3D('',#10050,#8080,#8081);
#6795=AXIS2_PLACEMENT_3D('',#10051,#8082,#8083);
#6796=AXIS2_PLACEMENT_3D('',#10052,#8084,#8085);
#6797=AXIS2_PLACEMENT_3D('',#10055,#8086,#8087);
#6798=AXIS2_PLACEMENT_3D('',#10057,#8089,#8090);
#6799=AXIS2_PLACEMENT_3D('',#10063,#8094,#8095);
#6800=AXIS2_PLACEMENT_3D('',#10066,#8096,#8097);
#6801=AXIS2_PLACEMENT_3D('',#10070,#8099,#8100);
#6802=AXIS2_PLACEMENT_3D('',#10074,#8102,#8103);
#6803=AXIS2_PLACEMENT_3D('',#10076,#8105,#8106);
#6804=AXIS2_PLACEMENT_3D('',#10082,#8110,#8111);
#6805=AXIS2_PLACEMENT_3D('',#10086,#8113,#8114);
#6806=AXIS2_PLACEMENT_3D('',#10089,#8117,#8118);
#6807=AXIS2_PLACEMENT_3D('',#10090,#8119,#8120);
#6808=AXIS2_PLACEMENT_3D('',#10096,#8124,#8125);
#6809=AXIS2_PLACEMENT_3D('',#10099,#8126,#8127);
#6810=AXIS2_PLACEMENT_3D('',#10103,#8129,#8130);
#6811=AXIS2_PLACEMENT_3D('',#10107,#8132,#8133);
#6812=AXIS2_PLACEMENT_3D('',#10109,#8135,#8136);
#6813=AXIS2_PLACEMENT_3D('',#10112,#8139,#8140);
#6814=AXIS2_PLACEMENT_3D('',#10113,#8141,#8142);
#6815=AXIS2_PLACEMENT_3D('',#10117,#8144,#8145);
#6816=AXIS2_PLACEMENT_3D('',#10121,#8147,#8148);
#6817=AXIS2_PLACEMENT_3D('',#10124,#8150,#8151);
#6818=AXIS2_PLACEMENT_3D('',#10125,#8152,#8153);
#6819=AXIS2_PLACEMENT_3D('',#10127,#8154,#8155);
#6820=AXIS2_PLACEMENT_3D('',#10131,#8157,#8158);
#6821=AXIS2_PLACEMENT_3D('',#10135,#8160,#8161);
#6822=AXIS2_PLACEMENT_3D('',#10137,#8163,#8164);
#6823=AXIS2_PLACEMENT_3D('',#10138,#8165,#8166);
#6824=AXIS2_PLACEMENT_3D('',#10142,#8168,#8169);
#6825=AXIS2_PLACEMENT_3D('',#10145,#8171,#8172);
#6826=AXIS2_PLACEMENT_3D('',#10146,#8173,#8174);
#6827=AXIS2_PLACEMENT_3D('',#10150,#8177,#8178);
#6828=AXIS2_PLACEMENT_3D('',#10152,#8180,#8181);
#6829=AXIS2_PLACEMENT_3D('',#10154,#8182,#8183);
#6830=AXIS2_PLACEMENT_3D('',#10158,#8185,#8186);
#6831=AXIS2_PLACEMENT_3D('',#10162,#8188,#8189);
#6832=AXIS2_PLACEMENT_3D('',#10164,#8191,#8192);
#6833=AXIS2_PLACEMENT_3D('',#10165,#8193,#8194);
#6834=AXIS2_PLACEMENT_3D('',#10166,#8195,#8196);
#6835=AXIS2_PLACEMENT_3D('',#10170,#8198,#8199);
#6836=AXIS2_PLACEMENT_3D('',#10174,#8201,#8202);
#6837=AXIS2_PLACEMENT_3D('',#10177,#8204,#8205);
#6838=AXIS2_PLACEMENT_3D('',#10178,#8206,#8207);
#6839=AXIS2_PLACEMENT_3D('',#10180,#8208,#8209);
#6840=AXIS2_PLACEMENT_3D('',#10183,#8211,#8212);
#6841=AXIS2_PLACEMENT_3D('',#10184,#8213,#8214);
#6842=AXIS2_PLACEMENT_3D('',#10188,#8216,#8217);
#6843=AXIS2_PLACEMENT_3D('',#10190,#8219,#8220);
#6844=AXIS2_PLACEMENT_3D('',#10194,#8222,#8223);
#6845=AXIS2_PLACEMENT_3D('',#10198,#8225,#8226);
#6846=AXIS2_PLACEMENT_3D('',#10203,#8229,#8230);
#6847=AXIS2_PLACEMENT_3D('',#10208,#8233,#8234);
#6848=AXIS2_PLACEMENT_3D('',#10210,#8236,#8237);
#6849=AXIS2_PLACEMENT_3D('',#10214,#8240,#8241);
#6850=AXIS2_PLACEMENT_3D('',#10216,#8243,#8244);
#6851=AXIS2_PLACEMENT_3D('',#10218,#8245,#8246);
#6852=AXIS2_PLACEMENT_3D('',#10221,#8248,#8249);
#6853=AXIS2_PLACEMENT_3D('',#10222,#8250,#8251);
#6854=AXIS2_PLACEMENT_3D('',#10223,#8252,#8253);
#6855=AXIS2_PLACEMENT_3D('',#10225,#8254,#8255);
#6856=AXIS2_PLACEMENT_3D('',#10228,#8257,#8258);
#6857=AXIS2_PLACEMENT_3D('',#10229,#8259,#8260);
#6858=AXIS2_PLACEMENT_3D('',#10230,#8261,#8262);
#6859=AXIS2_PLACEMENT_3D('',#10232,#8263,#8264);
#6860=AXIS2_PLACEMENT_3D('',#10235,#8266,#8267);
#6861=AXIS2_PLACEMENT_3D('',#10236,#8268,#8269);
#6862=AXIS2_PLACEMENT_3D('',#10237,#8270,#8271);
#6863=AXIS2_PLACEMENT_3D('',#10239,#8272,#8273);
#6864=AXIS2_PLACEMENT_3D('',#10242,#8275,#8276);
#6865=AXIS2_PLACEMENT_3D('',#10243,#8277,#8278);
#6866=AXIS2_PLACEMENT_3D('',#10244,#8279,#8280);
#6867=AXIS2_PLACEMENT_3D('',#10246,#8281,#8282);
#6868=AXIS2_PLACEMENT_3D('',#10249,#8284,#8285);
#6869=AXIS2_PLACEMENT_3D('',#10250,#8286,#8287);
#6870=AXIS2_PLACEMENT_3D('',#10252,#8288,#8289);
#6871=AXIS2_PLACEMENT_3D('',#10253,#8290,#8291);
#6872=AXIS2_PLACEMENT_3D('',#10255,#8292,#8293);
#6873=AXIS2_PLACEMENT_3D('',#10258,#8295,#8296);
#6874=AXIS2_PLACEMENT_3D('',#10259,#8297,#8298);
#6875=AXIS2_PLACEMENT_3D('',#10261,#8299,#8300);
#6876=AXIS2_PLACEMENT_3D('',#10262,#8301,#8302);
#6877=AXIS2_PLACEMENT_3D('',#10264,#8303,#8304);
#6878=AXIS2_PLACEMENT_3D('',#10267,#8306,#8307);
#6879=AXIS2_PLACEMENT_3D('',#10268,#8308,#8309);
#6880=AXIS2_PLACEMENT_3D('',#10270,#8310,#8311);
#6881=AXIS2_PLACEMENT_3D('',#10271,#8312,#8313);
#6882=AXIS2_PLACEMENT_3D('',#10273,#8314,#8315);
#6883=AXIS2_PLACEMENT_3D('',#10276,#8317,#8318);
#6884=AXIS2_PLACEMENT_3D('',#10277,#8319,#8320);
#6885=AXIS2_PLACEMENT_3D('',#10279,#8321,#8322);
#6886=AXIS2_PLACEMENT_3D('',#10280,#8323,#8324);
#6887=AXIS2_PLACEMENT_3D('',#10282,#8325,#8326);
#6888=AXIS2_PLACEMENT_3D('',#10284,#8328,#8329);
#6889=AXIS2_PLACEMENT_3D('',#10286,#8330,#8331);
#6890=AXIS2_PLACEMENT_3D('',#10288,#8333,#8334);
#6891=AXIS2_PLACEMENT_3D('',#10290,#8335,#8336);
#6892=AXIS2_PLACEMENT_3D('',#10292,#8338,#8339);
#6893=AXIS2_PLACEMENT_3D('',#10294,#8340,#8341);
#6894=AXIS2_PLACEMENT_3D('',#10558,#8344,#8345);
#6895=AXIS2_PLACEMENT_3D('',#10562,#8347,#8348);
#6896=AXIS2_PLACEMENT_3D('',#10566,#8350,#8351);
#6897=AXIS2_PLACEMENT_3D('',#10570,#8353,#8354);
#6898=AXIS2_PLACEMENT_3D('',#10572,#8356,#8357);
#6899=AXIS2_PLACEMENT_3D('',#10578,#8361,#8362);
#6900=AXIS2_PLACEMENT_3D('',#10581,#8364,#8365);
#6901=AXIS2_PLACEMENT_3D('',#10582,#8366,#8367);
#6902=AXIS2_PLACEMENT_3D('',#10586,#8370,#8371);
#6903=AXIS2_PLACEMENT_3D('',#10589,#8373,#8374);
#6904=AXIS2_PLACEMENT_3D('',#10590,#8375,#8376);
#6905=AXIS2_PLACEMENT_3D('',#10594,#8379,#8380);
#6906=AXIS2_PLACEMENT_3D('',#10597,#8382,#8383);
#6907=AXIS2_PLACEMENT_3D('',#10598,#8384,#8385);
#6908=AXIS2_PLACEMENT_3D('',#10602,#8388,#8389);
#6909=AXIS2_PLACEMENT_3D('',#10603,#8390,#8391);
#6910=AXIS2_PLACEMENT_3D('',#10604,#8392,#8393);
#6911=AXIS2_PLACEMENT_3D('',#10613,#8398,#8399);
#6912=AXIS2_PLACEMENT_3D('',#10615,#8400,#8401);
#6913=AXIS2_PLACEMENT_3D('',#10617,#8402,#8403);
#6914=AXIS2_PLACEMENT_3D('',#10619,#8405,#8406);
#6915=AXIS2_PLACEMENT_3D('',#10625,#8410,#8411);
#6916=AXIS2_PLACEMENT_3D('',#10627,#8412,#8413);
#6917=AXIS2_PLACEMENT_3D('',#10629,#8414,#8415);
#6918=AXIS2_PLACEMENT_3D('',#10631,#8417,#8418);
#6919=AXIS2_PLACEMENT_3D('',#10637,#8422,#8423);
#6920=AXIS2_PLACEMENT_3D('',#10639,#8424,#8425);
#6921=AXIS2_PLACEMENT_3D('',#10642,#8427,#8428);
#6922=AXIS2_PLACEMENT_3D('',#10643,#8429,#8430);
#6923=AXIS2_PLACEMENT_3D('',#10649,#8434,#8435);
#6924=AXIS2_PLACEMENT_3D('',#10650,#8436,#8437);
#6925=AXIS2_PLACEMENT_3D('',#10651,#8438,#8439);
#6926=AXIS2_PLACEMENT_3D('',#10652,#8440,#8441);
#6927=AXIS2_PLACEMENT_3D('',#10653,#8442,#8443);
#6928=AXIS2_PLACEMENT_3D('',#10655,#8444,#8445);
#6929=AXIS2_PLACEMENT_3D('',#10658,#8447,#8448);
#6930=AXIS2_PLACEMENT_3D('',#10659,#8449,#8450);
#6931=AXIS2_PLACEMENT_3D('',#10660,#8451,#8452);
#6932=AXIS2_PLACEMENT_3D('',#10662,#8453,#8454);
#6933=AXIS2_PLACEMENT_3D('',#10665,#8456,#8457);
#6934=AXIS2_PLACEMENT_3D('',#10666,#8458,#8459);
#6935=AXIS2_PLACEMENT_3D('',#10667,#8460,#8461);
#6936=AXIS2_PLACEMENT_3D('',#10669,#8462,#8463);
#6937=AXIS2_PLACEMENT_3D('',#10672,#8465,#8466);
#6938=AXIS2_PLACEMENT_3D('',#10673,#8467,#8468);
#6939=AXIS2_PLACEMENT_3D('',#10674,#8469,#8470);
#6940=AXIS2_PLACEMENT_3D('',#10676,#8471,#8472);
#6941=AXIS2_PLACEMENT_3D('',#10679,#8474,#8475);
#6942=AXIS2_PLACEMENT_3D('',#10680,#8476,#8477);
#6943=AXIS2_PLACEMENT_3D('',#10681,#8478,#8479);
#6944=AXIS2_PLACEMENT_3D('',#10686,#8481,#8482);
#6945=AXIS2_PLACEMENT_3D('',#10690,#8484,#8485);
#6946=AXIS2_PLACEMENT_3D('',#10694,#8487,#8488);
#6947=AXIS2_PLACEMENT_3D('',#10697,#8490,#8491);
#6948=AXIS2_PLACEMENT_3D('',#10698,#8492,#8493);
#6949=AXIS2_PLACEMENT_3D('',#10702,#8495,#8496);
#6950=AXIS2_PLACEMENT_3D('',#10706,#8498,#8499);
#6951=AXIS2_PLACEMENT_3D('',#10708,#8501,#8502);
#6952=AXIS2_PLACEMENT_3D('',#10712,#8504,#8505);
#6953=AXIS2_PLACEMENT_3D('',#10715,#8507,#8508);
#6954=AXIS2_PLACEMENT_3D('',#10716,#8509,#8510);
#6955=AXIS2_PLACEMENT_3D('',#10720,#8512,#8513);
#6956=AXIS2_PLACEMENT_3D('',#10724,#8515,#8516);
#6957=AXIS2_PLACEMENT_3D('',#10726,#8518,#8519);
#6958=AXIS2_PLACEMENT_3D('',#10730,#8521,#8522);
#6959=AXIS2_PLACEMENT_3D('',#10734,#8524,#8525);
#6960=AXIS2_PLACEMENT_3D('',#10736,#8527,#8528);
#6961=AXIS2_PLACEMENT_3D('',#10739,#8531,#8532);
#6962=AXIS2_PLACEMENT_3D('',#10743,#8535,#8536);
#6963=AXIS2_PLACEMENT_3D('',#10746,#8539,#8540);
#6964=AXIS2_PLACEMENT_3D('',#10753,#8545,#8546);
#6965=AXIS2_PLACEMENT_3D('',#10756,#8548,#8549);
#6966=AXIS2_PLACEMENT_3D('',#10760,#8551,#8552);
#6967=AXIS2_PLACEMENT_3D('',#10764,#8554,#8555);
#6968=AXIS2_PLACEMENT_3D('',#10766,#8557,#8558);
#6969=AXIS2_PLACEMENT_3D('',#10770,#8561,#8562);
#6970=AXIS2_PLACEMENT_3D('',#10773,#8565,#8566);
#6971=AXIS2_PLACEMENT_3D('',#10774,#8567,#8568);
#6972=AXIS2_PLACEMENT_3D('',#10777,#8571,#8572);
#6973=AXIS2_PLACEMENT_3D('',#10782,#8575,#8576);
#6974=AXIS2_PLACEMENT_3D('',#10785,#8578,#8579);
#6975=AXIS2_PLACEMENT_3D('',#10789,#8581,#8582);
#6976=AXIS2_PLACEMENT_3D('',#10792,#8584,#8585);
#6977=AXIS2_PLACEMENT_3D('',#10793,#8586,#8587);
#6978=AXIS2_PLACEMENT_3D('',#10795,#8589,#8590);
#6979=AXIS2_PLACEMENT_3D('',#10796,#8591,#8592);
#6980=AXIS2_PLACEMENT_3D('',#10802,#8596,#8597);
#6981=AXIS2_PLACEMENT_3D('',#10803,#8598,#8599);
#6982=AXIS2_PLACEMENT_3D('',#10807,#8601,#8602);
#6983=AXIS2_PLACEMENT_3D('',#10809,#8604,#8605);
#6984=AXIS2_PLACEMENT_3D('',#10811,#8606,#8607);
#6985=AXIS2_PLACEMENT_3D('',#10813,#8609,#8610);
#6986=AXIS2_PLACEMENT_3D('',#10814,#8611,#8612);
#6987=AXIS2_PLACEMENT_3D('',#10815,#8613,#8614);
#6988=AXIS2_PLACEMENT_3D('',#10818,#8616,#8617);
#6989=AXIS2_PLACEMENT_3D('',#10819,#8618,#8619);
#6990=AXIS2_PLACEMENT_3D('',#10824,#8622,#8623);
#6991=AXIS2_PLACEMENT_3D('',#10825,#8624,#8625);
#6992=AXIS2_PLACEMENT_3D('',#10826,#8626,#8627);
#6993=AXIS2_PLACEMENT_3D('',#10828,#8629,#8630);
#6994=AXIS2_PLACEMENT_3D('',#10830,#8632,#8633);
#6995=AXIS2_PLACEMENT_3D('',#10832,#8635,#8636);
#6996=AXIS2_PLACEMENT_3D('',#10833,#8637,#8638);
#6997=AXIS2_PLACEMENT_3D('',#10835,#8640,#8641);
#6998=AXIS2_PLACEMENT_3D('',#10837,#8643,#8644);
#6999=AXIS2_PLACEMENT_3D('',#10838,#8645,#8646);
#7000=AXIS2_PLACEMENT_3D('',#10839,#8647,#8648);
#7001=AXIS2_PLACEMENT_3D('',#10840,#8649,#8650);
#7002=AXIS2_PLACEMENT_3D('',#10842,#8652,#8653);
#7003=AXIS2_PLACEMENT_3D('',#10844,#8655,#8656);
#7004=AXIS2_PLACEMENT_3D('',#10845,#8657,#8658);
#7005=AXIS2_PLACEMENT_3D('',#10846,#8659,#8660);
#7006=AXIS2_PLACEMENT_3D('',#10847,#8661,#8662);
#7007=AXIS2_PLACEMENT_3D('',#10848,#8663,#8664);
#7008=AXIS2_PLACEMENT_3D('',#10850,#8666,#8667);
#7009=AXIS2_PLACEMENT_3D('',#10852,#8669,#8670);
#7010=AXIS2_PLACEMENT_3D('',#10853,#8671,#8672);
#7011=AXIS2_PLACEMENT_3D('',#10855,#8674,#8675);
#7012=AXIS2_PLACEMENT_3D('',#10856,#8676,#8677);
#7013=AXIS2_PLACEMENT_3D('',#10857,#8678,#8679);
#7014=AXIS2_PLACEMENT_3D('',#10858,#8680,#8681);
#7015=AXIS2_PLACEMENT_3D('',#10859,#8682,#8683);
#7016=AXIS2_PLACEMENT_3D('',#10860,#8684,#8685);
#7017=AXIS2_PLACEMENT_3D('',#10861,#8686,#8687);
#7018=AXIS2_PLACEMENT_3D('',#10862,#8688,#8689);
#7019=AXIS2_PLACEMENT_3D('',#10863,#8690,#8691);
#7020=AXIS2_PLACEMENT_3D('',#10869,#8695,#8696);
#7021=AXIS2_PLACEMENT_3D('',#10872,#8698,#8699);
#7022=AXIS2_PLACEMENT_3D('',#10873,#8700,#8701);
#7023=AXIS2_PLACEMENT_3D('',#10877,#8704,#8705);
#7024=AXIS2_PLACEMENT_3D('',#10880,#8707,#8708);
#7025=AXIS2_PLACEMENT_3D('',#10881,#8709,#8710);
#7026=AXIS2_PLACEMENT_3D('',#10883,#8712,#8713);
#7027=AXIS2_PLACEMENT_3D('',#10885,#8715,#8716);
#7028=AXIS2_PLACEMENT_3D('',#10887,#8718,#8719);
#7029=AXIS2_PLACEMENT_3D('',#10888,#8720,#8721);
#7030=AXIS2_PLACEMENT_3D('',#10890,#8723,#8724);
#7031=AXIS2_PLACEMENT_3D('',#10892,#8726,#8727);
#7032=AXIS2_PLACEMENT_3D('',#10893,#8728,#8729);
#7033=AXIS2_PLACEMENT_3D('',#10895,#8730,#8731);
#7034=AXIS2_PLACEMENT_3D('',#10897,#8733,#8734);
#7035=AXIS2_PLACEMENT_3D('',#10901,#8737,#8738);
#7036=AXIS2_PLACEMENT_3D('',#10903,#8739,#8740);
#7037=AXIS2_PLACEMENT_3D('',#10905,#8742,#8743);
#7038=AXIS2_PLACEMENT_3D('',#10907,#8745,#8746);
#7039=AXIS2_PLACEMENT_3D('',#10908,#8747,#8748);
#7040=AXIS2_PLACEMENT_3D('',#10909,#8749,#8750);
#7041=AXIS2_PLACEMENT_3D('',#10911,#8751,#8752);
#7042=AXIS2_PLACEMENT_3D('',#10914,#8754,#8755);
#7043=AXIS2_PLACEMENT_3D('',#10915,#8756,#8757);
#7044=AXIS2_PLACEMENT_3D('',#10917,#8758,#8759);
#7045=AXIS2_PLACEMENT_3D('',#10920,#8761,#8762);
#7046=AXIS2_PLACEMENT_3D('',#10921,#8763,#8764);
#7047=AXIS2_PLACEMENT_3D('',#10923,#8765,#8766);
#7048=AXIS2_PLACEMENT_3D('',#10926,#8768,#8769);
#7049=AXIS2_PLACEMENT_3D('',#10927,#8770,#8771);
#7050=AXIS2_PLACEMENT_3D('',#10929,#8772,#8773);
#7051=AXIS2_PLACEMENT_3D('',#10932,#8775,#8776);
#7052=AXIS2_PLACEMENT_3D('',#10933,#8777,#8778);
#7053=AXIS2_PLACEMENT_3D('',#10935,#8779,#8780);
#7054=AXIS2_PLACEMENT_3D('',#10938,#8782,#8783);
#7055=AXIS2_PLACEMENT_3D('',#10939,#8784,#8785);
#7056=AXIS2_PLACEMENT_3D('',#10941,#8786,#8787);
#7057=AXIS2_PLACEMENT_3D('',#10944,#8789,#8790);
#7058=AXIS2_PLACEMENT_3D('',#10945,#8791,#8792);
#7059=AXIS2_PLACEMENT_3D('',#10947,#8793,#8794);
#7060=AXIS2_PLACEMENT_3D('',#10950,#8796,#8797);
#7061=AXIS2_PLACEMENT_3D('',#10951,#8798,#8799);
#7062=AXIS2_PLACEMENT_3D('',#10953,#8800,#8801);
#7063=AXIS2_PLACEMENT_3D('',#10956,#8803,#8804);
#7064=AXIS2_PLACEMENT_3D('',#10957,#8805,#8806);
#7065=AXIS2_PLACEMENT_3D('',#10962,#8808,#8809);
#7066=AXIS2_PLACEMENT_3D('',#10965,#8811,#8812);
#7067=AXIS2_PLACEMENT_3D('',#10966,#8813,#8814);
#7068=AXIS2_PLACEMENT_3D('',#10969,#8815,#8816);
#7069=AXIS2_PLACEMENT_3D('',#10973,#8818,#8819);
#7070=AXIS2_PLACEMENT_3D('',#10975,#8821,#8822);
#7071=AXIS2_PLACEMENT_3D('',#10978,#8823,#8824);
#7072=AXIS2_PLACEMENT_3D('',#10982,#8826,#8827);
#7073=AXIS2_PLACEMENT_3D('',#10984,#8829,#8830);
#7074=AXIS2_PLACEMENT_3D('',#10989,#8832,#8833);
#7075=AXIS2_PLACEMENT_3D('',#10992,#8835,#8836);
#7076=AXIS2_PLACEMENT_3D('',#10993,#8837,#8838);
#7077=AXIS2_PLACEMENT_3D('',#10999,#8842,#8843);
#7078=AXIS2_PLACEMENT_3D('',#11002,#8846,#8847);
#7079=AXIS2_PLACEMENT_3D('',#11006,#8849,#8850);
#7080=AXIS2_PLACEMENT_3D('',#11010,#8852,#8853);
#7081=AXIS2_PLACEMENT_3D('',#11014,#8855,#8856);
#7082=AXIS2_PLACEMENT_3D('',#11017,#8858,#8859);
#7083=AXIS2_PLACEMENT_3D('',#11021,#8861,#8862);
#7084=AXIS2_PLACEMENT_3D('',#11025,#8864,#8865);
#7085=AXIS2_PLACEMENT_3D('',#11029,#8867,#8868);
#7086=AXIS2_PLACEMENT_3D('',#11033,#8870,#8871);
#7087=AXIS2_PLACEMENT_3D('',#11040,#8875,#8876);
#7088=AXIS2_PLACEMENT_3D('',#11044,#8878,#8879);
#7089=AXIS2_PLACEMENT_3D('',#11050,#8882,#8883);
#7090=AXIS2_PLACEMENT_3D('',#11058,#8887,#8888);
#7091=AXIS2_PLACEMENT_3D('',#11064,#8891,#8892);
#7092=AXIS2_PLACEMENT_3D('',#11068,#8894,#8895);
#7093=AXIS2_PLACEMENT_3D('',#11074,#8898,#8899);
#7094=AXIS2_PLACEMENT_3D('',#11082,#8903,#8904);
#7095=AXIS2_PLACEMENT_3D('',#11084,#8906,#8907);
#7096=AXIS2_PLACEMENT_3D('',#11088,#8910,#8911);
#7097=AXIS2_PLACEMENT_3D('',#11092,#8914,#8915);
#7098=AXIS2_PLACEMENT_3D('',#11094,#8917,#8918);
#7099=AXIS2_PLACEMENT_3D('',#11097,#8920,#8921);
#7100=AXIS2_PLACEMENT_3D('',#11098,#8922,#8923);
#7101=AXIS2_PLACEMENT_3D('',#11102,#8926,#8927);
#7102=AXIS2_PLACEMENT_3D('',#11104,#8928,#8929);
#7103=AXIS2_PLACEMENT_3D('',#11108,#8931,#8932);
#7104=AXIS2_PLACEMENT_3D('',#11112,#8934,#8935);
#7105=AXIS2_PLACEMENT_3D('',#11115,#8937,#8938);
#7106=AXIS2_PLACEMENT_3D('',#11119,#8940,#8941);
#7107=AXIS2_PLACEMENT_3D('',#11123,#8943,#8944);
#7108=AXIS2_PLACEMENT_3D('',#11126,#8946,#8947);
#7109=AXIS2_PLACEMENT_3D('',#11133,#8950,#8951);
#7110=AXIS2_PLACEMENT_3D('',#11139,#8954,#8955);
#7111=AXIS2_PLACEMENT_3D('',#11143,#8957,#8958);
#7112=AXIS2_PLACEMENT_3D('',#11149,#8961,#8962);
#7113=AXIS2_PLACEMENT_3D('',#11157,#8966,#8967);
#7114=AXIS2_PLACEMENT_3D('',#11163,#8970,#8971);
#7115=AXIS2_PLACEMENT_3D('',#11167,#8973,#8974);
#7116=AXIS2_PLACEMENT_3D('',#11173,#8977,#8978);
#7117=AXIS2_PLACEMENT_3D('',#11175,#8980,#8981);
#7118=AXIS2_PLACEMENT_3D('',#11177,#8983,#8984);
#7119=AXIS2_PLACEMENT_3D('',#11179,#8986,#8987);
#7120=AXIS2_PLACEMENT_3D('',#11181,#8989,#8990);
#7121=AXIS2_PLACEMENT_3D('',#11183,#8992,#8993);
#7122=AXIS2_PLACEMENT_3D('',#11185,#8995,#8996);
#7123=AXIS2_PLACEMENT_3D('',#11187,#8998,#8999);
#7124=AXIS2_PLACEMENT_3D('',#11190,#9002,#9003);
#7125=AXIS2_PLACEMENT_3D('',#11193,#9006,#9007);
#7126=AXIS2_PLACEMENT_3D('',#11194,#9008,#9009);
#7127=AXIS2_PLACEMENT_3D('',#11196,#9011,#9012);
#7128=AXIS2_PLACEMENT_3D('',#11198,#9014,#9015);
#7129=AXIS2_PLACEMENT_3D('',#11201,#9018,#9019);
#7130=AXIS2_PLACEMENT_3D('',#11204,#9022,#9023);
#7131=AXIS2_PLACEMENT_3D('',#11205,#9024,#9025);
#7132=AXIS2_PLACEMENT_3D('',#11207,#9027,#9028);
#7133=AXIS2_PLACEMENT_3D('',#11209,#9030,#9031);
#7134=AXIS2_PLACEMENT_3D('',#11212,#9034,#9035);
#7135=AXIS2_PLACEMENT_3D('',#11213,#9036,#9037);
#7136=AXIS2_PLACEMENT_3D('',#11215,#9039,#9040);
#7137=AXIS2_PLACEMENT_3D('',#11217,#9042,#9043);
#7138=AXIS2_PLACEMENT_3D('',#11220,#9046,#9047);
#7139=AXIS2_PLACEMENT_3D('',#11222,#9049,#9050);
#7140=AXIS2_PLACEMENT_3D('',#11223,#9051,#9052);
#7141=AXIS2_PLACEMENT_3D('',#11226,#9055,#9056);
#7142=AXIS2_PLACEMENT_3D('',#11228,#9058,#9059);
#7143=AXIS2_PLACEMENT_3D('',#11229,#9060,#9061);
#7144=AXIS2_PLACEMENT_3D('',#11231,#9063,#9064);
#7145=AXIS2_PLACEMENT_3D('',#11233,#9066,#9067);
#7146=AXIS2_PLACEMENT_3D('',#11234,#9068,#9069);
#7147=AXIS2_PLACEMENT_3D('',#11235,#9070,#9071);
#7148=AXIS2_PLACEMENT_3D('',#11237,#9073,#9074);
#7149=AXIS2_PLACEMENT_3D('',#11239,#9076,#9077);
#7150=AXIS2_PLACEMENT_3D('',#11241,#9079,#9080);
#7151=AXIS2_PLACEMENT_3D('',#11242,#9081,#9082);
#7152=AXIS2_PLACEMENT_3D('',#11244,#9084,#9085);
#7153=AXIS2_PLACEMENT_3D('',#11246,#9087,#9088);
#7154=AXIS2_PLACEMENT_3D('',#11247,#9089,#9090);
#7155=AXIS2_PLACEMENT_3D('',#11248,#9091,#9092);
#7156=AXIS2_PLACEMENT_3D('',#11249,#9093,#9094);
#7157=DIRECTION('axis',(0.,0.,1.));
#7158=DIRECTION('refdir',(1.,0.,0.));
#7159=DIRECTION('axis',(0.,0.,1.));
#7160=DIRECTION('refdir',(1.,0.,0.));
#7161=DIRECTION('center_axis',(-1.,0.,0.));
#7162=DIRECTION('ref_axis',(0.,-1.,0.));
#7163=DIRECTION('',(0.,1.,0.));
#7164=DIRECTION('',(0.,0.,1.));
#7165=DIRECTION('',(0.,1.,0.));
#7166=DIRECTION('',(0.,0.,1.));
#7167=DIRECTION('',(0.,-1.,0.));
#7168=DIRECTION('',(0.,0.,1.));
#7169=DIRECTION('center_axis',(0.,1.,0.));
#7170=DIRECTION('ref_axis',(-1.,0.,0.));
#7171=DIRECTION('',(1.,0.,0.));
#7172=DIRECTION('',(-1.,0.,0.));
#7173=DIRECTION('',(0.,0.,1.));
#7174=DIRECTION('center_axis',(1.,0.,0.));
#7175=DIRECTION('ref_axis',(0.,1.,0.));
#7176=DIRECTION('',(0.,-1.,0.));
#7177=DIRECTION('',(0.,1.,0.));
#7178=DIRECTION('',(0.,0.,1.));
#7179=DIRECTION('',(0.,-1.,0.));
#7180=DIRECTION('',(0.,0.,-1.));
#7181=DIRECTION('center_axis',(0.,-1.,0.));
#7182=DIRECTION('ref_axis',(1.,0.,0.));
#7183=DIRECTION('',(-1.,0.,0.));
#7184=DIRECTION('',(1.,0.,0.));
#7185=DIRECTION('center_axis',(0.,0.,1.));
#7186=DIRECTION('ref_axis',(1.,0.,0.));
#7187=DIRECTION('center_axis',(0.,0.,1.));
#7188=DIRECTION('ref_axis',(1.,0.,0.));
#7189=DIRECTION('',(-1.,0.,0.));
#7190=DIRECTION('',(0.,1.,0.));
#7191=DIRECTION('',(-1.,0.,0.));
#7192=DIRECTION('',(0.,-1.,0.));
#7193=DIRECTION('',(-1.,0.,0.));
#7194=DIRECTION('',(0.,1.,0.));
#7195=DIRECTION('',(1.,0.,0.));
#7196=DIRECTION('',(0.,-1.,0.));
#7197=DIRECTION('',(-1.,0.,0.));
#7198=DIRECTION('center_axis',(0.,1.,0.));
#7199=DIRECTION('ref_axis',(-1.,0.,0.));
#7200=DIRECTION('',(-1.,0.,0.));
#7201=DIRECTION('',(0.,0.,1.));
#7202=DIRECTION('',(1.,0.,0.));
#7203=DIRECTION('',(0.,0.,1.));
#7204=DIRECTION('',(-1.,0.,0.));
#7205=DIRECTION('',(0.,0.,1.));
#7206=DIRECTION('',(0.,0.,1.));
#7207=DIRECTION('',(1.,0.,0.));
#7208=DIRECTION('',(0.,0.,1.));
#7209=DIRECTION('center_axis',(0.,1.,0.));
#7210=DIRECTION('ref_axis',(-1.,0.,0.));
#7211=DIRECTION('',(1.,0.,0.));
#7212=DIRECTION('center_axis',(0.,1.,0.));
#7213=DIRECTION('ref_axis',(0.,0.,1.));
#7214=DIRECTION('',(0.,0.,-1.));
#7215=DIRECTION('',(1.,0.,0.));
#7216=DIRECTION('',(0.,0.,1.));
#7217=DIRECTION('center_axis',(0.,1.,0.));
#7218=DIRECTION('ref_axis',(-1.,0.,0.));
#7219=DIRECTION('',(1.,0.,0.));
#7220=DIRECTION('center_axis',(0.,1.,0.));
#7221=DIRECTION('ref_axis',(0.,0.,1.));
#7222=DIRECTION('',(0.,0.,-1.));
#7223=DIRECTION('',(1.,0.,0.));
#7224=DIRECTION('',(0.,0.,-1.));
#7225=DIRECTION('',(0.,0.,-1.));
#7226=DIRECTION('center_axis',(0.,1.,0.));
#7227=DIRECTION('ref_axis',(1.,0.,0.));
#7228=DIRECTION('',(-1.,0.,0.));
#7229=DIRECTION('center_axis',(0.,1.,0.));
#7230=DIRECTION('ref_axis',(0.,0.,-1.));
#7231=DIRECTION('',(0.,0.,1.));
#7232=DIRECTION('center_axis',(0.,1.,0.));
#7233=DIRECTION('ref_axis',(-1.,0.,0.));
#7234=DIRECTION('',(1.,0.,0.));
#7235=DIRECTION('center_axis',(0.,1.,0.));
#7236=DIRECTION('ref_axis',(0.,0.,1.));
#7237=DIRECTION('center_axis',(-1.,0.,0.));
#7238=DIRECTION('ref_axis',(0.,-1.,0.));
#7239=DIRECTION('',(0.,1.,0.));
#7240=DIRECTION('',(0.,0.,1.));
#7241=DIRECTION('',(0.,-1.,0.));
#7242=DIRECTION('',(0.,0.,1.));
#7243=DIRECTION('center_axis',(0.,1.,0.));
#7244=DIRECTION('ref_axis',(-1.,0.,0.));
#7245=DIRECTION('',(-1.,0.,0.));
#7246=DIRECTION('',(0.,0.,1.));
#7247=DIRECTION('center_axis',(1.,0.,0.));
#7248=DIRECTION('ref_axis',(0.,1.,0.));
#7249=DIRECTION('',(0.,1.,0.));
#7250=DIRECTION('',(0.,0.,1.));
#7251=DIRECTION('',(0.,-1.,0.));
#7252=DIRECTION('',(0.,0.,-1.));
#7253=DIRECTION('center_axis',(0.,-1.,0.));
#7254=DIRECTION('ref_axis',(1.,0.,0.));
#7255=DIRECTION('',(-1.,0.,0.));
#7256=DIRECTION('',(1.,0.,0.));
#7257=DIRECTION('center_axis',(0.,0.,1.));
#7258=DIRECTION('ref_axis',(1.,0.,0.));
#7259=DIRECTION('center_axis',(0.,0.,1.));
#7260=DIRECTION('ref_axis',(1.,0.,0.));
#7261=DIRECTION('',(1.,0.,0.));
#7262=DIRECTION('center_axis',(0.,0.,1.));
#7263=DIRECTION('ref_axis',(1.,0.,0.));
#7264=DIRECTION('center_axis',(0.,0.,1.));
#7265=DIRECTION('ref_axis',(1.,0.,0.));
#7266=DIRECTION('center_axis',(0.,0.,-1.));
#7267=DIRECTION('ref_axis',(1.,0.,0.));
#7268=DIRECTION('',(0.,0.,1.));
#7269=DIRECTION('center_axis',(0.,0.,1.));
#7270=DIRECTION('ref_axis',(1.,0.,0.));
#7271=DIRECTION('',(0.,0.,-1.));
#7272=DIRECTION('center_axis',(0.,0.,1.));
#7273=DIRECTION('ref_axis',(1.,0.,0.));
#7274=DIRECTION('',(0.,0.,1.));
#7275=DIRECTION('center_axis',(0.,0.,1.));
#7276=DIRECTION('ref_axis',(1.,0.,0.));
#7277=DIRECTION('',(0.,0.,-1.));
#7278=DIRECTION('center_axis',(0.,0.,1.));
#7279=DIRECTION('ref_axis',(1.,0.,0.));
#7280=DIRECTION('',(1.,0.,0.));
#7281=DIRECTION('center_axis',(0.,0.,1.));
#7282=DIRECTION('ref_axis',(1.,0.,0.));
#7283=DIRECTION('center_axis',(0.,0.,1.));
#7284=DIRECTION('ref_axis',(1.,0.,0.));
#7285=DIRECTION('center_axis',(0.,0.,-1.));
#7286=DIRECTION('ref_axis',(1.,0.,0.));
#7287=DIRECTION('',(0.,0.,1.));
#7288=DIRECTION('center_axis',(0.,0.,1.));
#7289=DIRECTION('ref_axis',(1.,0.,0.));
#7290=DIRECTION('',(0.,0.,-1.));
#7291=DIRECTION('center_axis',(0.,0.,1.));
#7292=DIRECTION('ref_axis',(1.,0.,0.));
#7293=DIRECTION('',(0.,0.,1.));
#7294=DIRECTION('center_axis',(0.,0.,1.));
#7295=DIRECTION('ref_axis',(1.,0.,0.));
#7296=DIRECTION('',(0.,0.,-1.));
#7297=DIRECTION('center_axis',(0.,1.,0.));
#7298=DIRECTION('ref_axis',(0.,0.,-1.));
#7299=DIRECTION('center_axis',(0.,1.,0.));
#7300=DIRECTION('ref_axis',(0.,0.,-1.));
#7301=DIRECTION('',(0.,1.,0.));
#7302=DIRECTION('center_axis',(0.,1.,0.));
#7303=DIRECTION('ref_axis',(0.,0.,-1.));
#7304=DIRECTION('',(0.,1.,0.));
#7305=DIRECTION('',(0.,1.,0.));
#7306=DIRECTION('center_axis',(0.,1.,0.));
#7307=DIRECTION('ref_axis',(1.,0.,0.));
#7308=DIRECTION('',(1.,0.,0.));
#7309=DIRECTION('',(0.,0.,1.));
#7310=DIRECTION('center_axis',(0.,1.,0.));
#7311=DIRECTION('ref_axis',(-1.,0.,0.));
#7312=DIRECTION('',(1.,0.,0.));
#7313=DIRECTION('center_axis',(0.,1.,0.));
#7314=DIRECTION('ref_axis',(0.,0.,1.));
#7315=DIRECTION('',(0.,0.,-1.));
#7316=DIRECTION('',(1.,0.,0.));
#7317=DIRECTION('',(1.,0.,0.));
#7318=DIRECTION('',(0.,0.,1.));
#7319=DIRECTION('center_axis',(0.,1.,0.));
#7320=DIRECTION('ref_axis',(0.,0.,1.));
#7321=DIRECTION('',(-1.,0.,0.));
#7322=DIRECTION('center_axis',(0.,1.,0.));
#7323=DIRECTION('ref_axis',(-1.,0.,0.));
#7324=DIRECTION('',(0.,0.,-1.));
#7325=DIRECTION('',(1.,0.,0.));
#7326=DIRECTION('center_axis',(0.,1.,0.));
#7327=DIRECTION('ref_axis',(1.,0.,0.));
#7328=DIRECTION('',(-1.,0.,0.));
#7329=DIRECTION('center_axis',(0.,1.,0.));
#7330=DIRECTION('ref_axis',(1.,0.,0.));
#7331=DIRECTION('center_axis',(0.,1.,0.));
#7332=DIRECTION('ref_axis',(1.,0.,0.));
#7333=DIRECTION('',(-1.,0.,0.));
#7334=DIRECTION('center_axis',(0.,0.,1.));
#7335=DIRECTION('ref_axis',(1.,0.,0.));
#7336=DIRECTION('',(0.,-1.,0.));
#7337=DIRECTION('',(-1.,0.,0.));
#7338=DIRECTION('',(0.,1.,0.));
#7339=DIRECTION('center_axis',(0.,1.,0.));
#7340=DIRECTION('ref_axis',(-1.,0.,0.));
#7341=DIRECTION('',(0.,0.,-1.));
#7342=DIRECTION('',(-1.,0.,0.));
#7343=DIRECTION('',(0.,0.,1.));
#7344=DIRECTION('',(-1.,0.,0.));
#7345=DIRECTION('center_axis',(0.,1.,0.));
#7346=DIRECTION('ref_axis',(1.,0.,0.));
#7347=DIRECTION('',(0.,0.,-1.));
#7348=DIRECTION('',(0.,0.,1.));
#7349=DIRECTION('center_axis',(0.,-1.,0.));
#7350=DIRECTION('ref_axis',(1.,0.,0.));
#7351=DIRECTION('',(1.,0.,0.));
#7352=DIRECTION('center_axis',(0.,-1.,0.));
#7353=DIRECTION('ref_axis',(0.,0.,-1.));
#7354=DIRECTION('center_axis',(0.,0.,1.));
#7355=DIRECTION('ref_axis',(1.,0.,0.));
#7356=DIRECTION('',(0.,-1.,0.));
#7357=DIRECTION('',(0.,1.,0.));
#7358=DIRECTION('center_axis',(0.,0.,1.));
#7359=DIRECTION('ref_axis',(1.,0.,0.));
#7360=DIRECTION('',(-1.,0.,0.));
#7361=DIRECTION('',(0.,-1.,0.));
#7362=DIRECTION('center_axis',(0.,1.,0.));
#7363=DIRECTION('ref_axis',(0.,0.,-1.));
#7364=DIRECTION('',(0.,1.,0.));
#7365=DIRECTION('center_axis',(0.,1.,0.));
#7366=DIRECTION('ref_axis',(0.,0.,-1.));
#7367=DIRECTION('',(0.,1.,0.));
#7368=DIRECTION('center_axis',(0.,0.,-1.));
#7369=DIRECTION('ref_axis',(-1.,0.,0.));
#7370=DIRECTION('',(0.,1.,0.));
#7371=DIRECTION('',(-1.,0.,0.));
#7372=DIRECTION('center_axis',(0.,1.,0.));
#7373=DIRECTION('ref_axis',(1.,0.,0.));
#7374=DIRECTION('',(0.,1.,0.));
#7375=DIRECTION('center_axis',(0.,1.,0.));
#7376=DIRECTION('ref_axis',(1.,0.,0.));
#7377=DIRECTION('center_axis',(1.,0.,0.));
#7378=DIRECTION('ref_axis',(0.,0.,-1.));
#7379=DIRECTION('',(0.,1.,0.));
#7380=DIRECTION('',(0.,0.,-1.));
#7381=DIRECTION('center_axis',(0.,1.,0.));
#7382=DIRECTION('ref_axis',(1.,0.,0.));
#7383=DIRECTION('',(1.,0.,0.));
#7384=DIRECTION('center_axis',(1.,0.,0.));
#7385=DIRECTION('ref_axis',(0.,0.,-1.));
#7386=DIRECTION('',(0.,1.,0.));
#7387=DIRECTION('',(0.,1.,0.));
#7388=DIRECTION('center_axis',(0.,1.,0.));
#7389=DIRECTION('ref_axis',(-1.,0.,0.));
#7390=DIRECTION('',(0.,0.,-1.));
#7391=DIRECTION('',(-1.,0.,0.));
#7392=DIRECTION('',(0.,0.,1.));
#7393=DIRECTION('center_axis',(0.,-1.,0.));
#7394=DIRECTION('ref_axis',(1.,0.,0.));
#7395=DIRECTION('',(1.,0.,0.));
#7396=DIRECTION('center_axis',(0.,-1.,0.));
#7397=DIRECTION('ref_axis',(0.,0.,-1.));
#7398=DIRECTION('',(0.,0.,-1.));
#7399=DIRECTION('',(-1.,0.,0.));
#7400=DIRECTION('',(0.,0.,1.));
#7401=DIRECTION('',(0.,0.,1.));
#7402=DIRECTION('',(-1.,0.,0.));
#7403=DIRECTION('',(0.,0.,1.));
#7404=DIRECTION('center_axis',(0.,-1.,0.));
#7405=DIRECTION('ref_axis',(1.,0.,0.));
#7406=DIRECTION('',(1.,0.,0.));
#7407=DIRECTION('center_axis',(0.,-1.,0.));
#7408=DIRECTION('ref_axis',(0.,0.,-1.));
#7409=DIRECTION('center_axis',(0.,0.,1.));
#7410=DIRECTION('ref_axis',(1.,0.,0.));
#7411=DIRECTION('',(0.,-1.,0.));
#7412=DIRECTION('',(0.,1.,0.));
#7413=DIRECTION('center_axis',(0.,0.,1.));
#7414=DIRECTION('ref_axis',(1.,0.,0.));
#7415=DIRECTION('',(0.,1.,0.));
#7416=DIRECTION('',(0.,-1.,0.));
#7417=DIRECTION('center_axis',(1.,0.,0.));
#7418=DIRECTION('ref_axis',(0.,1.,0.));
#7419=DIRECTION('center_axis',(-1.,0.,0.));
#7420=DIRECTION('ref_axis',(0.,-1.,0.));
#7421=DIRECTION('center_axis',(0.,0.,1.));
#7422=DIRECTION('ref_axis',(1.,0.,0.));
#7423=DIRECTION('',(0.,1.,0.));
#7424=DIRECTION('',(0.,-1.,0.));
#7425=DIRECTION('center_axis',(-1.,0.,0.));
#7426=DIRECTION('ref_axis',(0.,0.,1.));
#7427=DIRECTION('',(0.,1.,0.));
#7428=DIRECTION('',(0.,0.,-1.));
#7429=DIRECTION('',(0.,1.,0.));
#7430=DIRECTION('center_axis',(0.,1.,0.));
#7431=DIRECTION('ref_axis',(0.,0.,-1.));
#7432=DIRECTION('',(0.,1.,0.));
#7433=DIRECTION('center_axis',(0.,-1.,0.));
#7434=DIRECTION('ref_axis',(0.,0.,-1.));
#7435=DIRECTION('center_axis',(0.,0.,-1.));
#7436=DIRECTION('ref_axis',(-1.,0.,0.));
#7437=DIRECTION('',(0.,1.,0.));
#7438=DIRECTION('',(1.,0.,0.));
#7439=DIRECTION('center_axis',(0.,1.,0.));
#7440=DIRECTION('ref_axis',(1.,0.,0.));
#7441=DIRECTION('',(0.,1.,0.));
#7442=DIRECTION('center_axis',(0.,-1.,0.));
#7443=DIRECTION('ref_axis',(1.,0.,0.));
#7444=DIRECTION('center_axis',(1.,0.,0.));
#7445=DIRECTION('ref_axis',(0.,0.,-1.));
#7446=DIRECTION('',(0.,1.,0.));
#7447=DIRECTION('',(0.,0.,1.));
#7448=DIRECTION('center_axis',(-1.,0.,0.));
#7449=DIRECTION('ref_axis',(0.,0.,1.));
#7450=DIRECTION('',(0.,0.,-1.));
#7451=DIRECTION('',(0.,1.,0.));
#7452=DIRECTION('',(0.,0.,-1.));
#7453=DIRECTION('',(0.,1.,0.));
#7454=DIRECTION('center_axis',(0.,1.,0.));
#7455=DIRECTION('ref_axis',(0.,0.,-1.));
#7456=DIRECTION('center_axis',(0.,-1.,0.));
#7457=DIRECTION('ref_axis',(0.,0.,-1.));
#7458=DIRECTION('center_axis',(0.,1.,0.));
#7459=DIRECTION('ref_axis',(0.,0.,-1.));
#7460=DIRECTION('',(0.,1.,0.));
#7461=DIRECTION('center_axis',(0.,0.,-1.));
#7462=DIRECTION('ref_axis',(-1.,0.,0.));
#7463=DIRECTION('',(1.,0.,0.));
#7464=DIRECTION('',(1.,0.,0.));
#7465=DIRECTION('',(0.,1.,0.));
#7466=DIRECTION('center_axis',(0.,1.,0.));
#7467=DIRECTION('ref_axis',(1.,0.,0.));
#7468=DIRECTION('center_axis',(0.,-1.,0.));
#7469=DIRECTION('ref_axis',(1.,0.,0.));
#7470=DIRECTION('center_axis',(0.,1.,0.));
#7471=DIRECTION('ref_axis',(1.,0.,0.));
#7472=DIRECTION('',(0.,1.,0.));
#7473=DIRECTION('center_axis',(1.,0.,0.));
#7474=DIRECTION('ref_axis',(0.,0.,-1.));
#7475=DIRECTION('',(0.,0.,1.));
#7476=DIRECTION('',(0.,0.,1.));
#7477=DIRECTION('',(0.,1.,0.));
#7478=DIRECTION('center_axis',(0.,1.,0.));
#7479=DIRECTION('ref_axis',(0.,0.,1.));
#7480=DIRECTION('center_axis',(0.,-1.,0.));
#7481=DIRECTION('ref_axis',(0.,0.,1.));
#7482=DIRECTION('center_axis',(0.,1.,0.));
#7483=DIRECTION('ref_axis',(0.,0.,1.));
#7484=DIRECTION('',(0.,1.,0.));
#7485=DIRECTION('center_axis',(0.,0.,1.));
#7486=DIRECTION('ref_axis',(1.,0.,0.));
#7487=DIRECTION('',(-1.,0.,0.));
#7488=DIRECTION('',(-1.,0.,0.));
#7489=DIRECTION('',(0.,1.,0.));
#7490=DIRECTION('center_axis',(0.,1.,0.));
#7491=DIRECTION('ref_axis',(-1.,0.,0.));
#7492=DIRECTION('center_axis',(0.,-1.,0.));
#7493=DIRECTION('ref_axis',(-1.,0.,0.));
#7494=DIRECTION('center_axis',(0.,1.,0.));
#7495=DIRECTION('ref_axis',(-1.,0.,0.));
#7496=DIRECTION('center_axis',(0.,1.,0.));
#7497=DIRECTION('ref_axis',(1.,0.,0.));
#7498=DIRECTION('',(0.,0.,1.));
#7499=DIRECTION('center_axis',(0.,1.,0.));
#7500=DIRECTION('ref_axis',(0.,0.,1.));
#7501=DIRECTION('',(1.,0.,0.));
#7502=DIRECTION('center_axis',(0.,1.,0.));
#7503=DIRECTION('ref_axis',(-1.,0.,0.));
#7504=DIRECTION('center_axis',(-1.,0.,0.));
#7505=DIRECTION('ref_axis',(0.,0.,1.));
#7506=DIRECTION('',(0.,1.,0.));
#7507=DIRECTION('center_axis',(0.,1.,0.));
#7508=DIRECTION('ref_axis',(-1.,0.,0.));
#7509=DIRECTION('',(0.,1.,0.));
#7510=DIRECTION('center_axis',(0.,0.,1.));
#7511=DIRECTION('ref_axis',(1.,0.,0.));
#7512=DIRECTION('',(0.,1.,0.));
#7513=DIRECTION('center_axis',(0.,1.,0.));
#7514=DIRECTION('ref_axis',(0.,0.,1.));
#7515=DIRECTION('center_axis',(0.,1.,0.));
#7516=DIRECTION('ref_axis',(-1.,0.,0.));
#7517=DIRECTION('center_axis',(0.,-1.,0.));
#7518=DIRECTION('ref_axis',(-1.,0.,0.));
#7519=DIRECTION('',(0.,1.,0.));
#7520=DIRECTION('center_axis',(0.,0.,1.));
#7521=DIRECTION('ref_axis',(1.,0.,0.));
#7522=DIRECTION('',(-1.,0.,0.));
#7523=DIRECTION('',(0.,1.,0.));
#7524=DIRECTION('center_axis',(0.,1.,0.));
#7525=DIRECTION('ref_axis',(0.,0.,1.));
#7526=DIRECTION('center_axis',(0.,-1.,0.));
#7527=DIRECTION('ref_axis',(0.,0.,1.));
#7528=DIRECTION('center_axis',(-1.,0.,0.));
#7529=DIRECTION('ref_axis',(0.,0.,1.));
#7530=DIRECTION('',(0.,1.,0.));
#7531=DIRECTION('',(0.,0.,-1.));
#7532=DIRECTION('',(0.,1.,0.));
#7533=DIRECTION('center_axis',(0.,1.,0.));
#7534=DIRECTION('ref_axis',(-1.,0.,0.));
#7535=DIRECTION('center_axis',(0.,-1.,0.));
#7536=DIRECTION('ref_axis',(-1.,0.,0.));
#7537=DIRECTION('',(0.,1.,0.));
#7538=DIRECTION('center_axis',(0.,0.,1.));
#7539=DIRECTION('ref_axis',(1.,0.,0.));
#7540=DIRECTION('',(-1.,0.,0.));
#7541=DIRECTION('',(0.,1.,0.));
#7542=DIRECTION('center_axis',(0.,1.,0.));
#7543=DIRECTION('ref_axis',(0.,0.,1.));
#7544=DIRECTION('center_axis',(0.,-1.,0.));
#7545=DIRECTION('ref_axis',(0.,0.,1.));
#7546=DIRECTION('',(0.,1.,0.));
#7547=DIRECTION('center_axis',(1.,0.,0.));
#7548=DIRECTION('ref_axis',(0.,0.,-1.));
#7549=DIRECTION('',(0.,0.,1.));
#7550=DIRECTION('',(0.,1.,0.));
#7551=DIRECTION('center_axis',(0.,1.,0.));
#7552=DIRECTION('ref_axis',(0.,0.,-1.));
#7553=DIRECTION('',(0.,1.,0.));
#7554=DIRECTION('center_axis',(0.,-1.,0.));
#7555=DIRECTION('ref_axis',(0.,0.,-1.));
#7556=DIRECTION('center_axis',(0.,0.,-1.));
#7557=DIRECTION('ref_axis',(-1.,0.,0.));
#7558=DIRECTION('',(0.,1.,0.));
#7559=DIRECTION('',(1.,0.,0.));
#7560=DIRECTION('center_axis',(0.,1.,0.));
#7561=DIRECTION('ref_axis',(1.,0.,0.));
#7562=DIRECTION('center_axis',(0.,-1.,0.));
#7563=DIRECTION('ref_axis',(1.,0.,0.));
#7564=DIRECTION('center_axis',(0.,1.,0.));
#7565=DIRECTION('ref_axis',(1.,0.,0.));
#7566=DIRECTION('center_axis',(0.,1.,0.));
#7567=DIRECTION('ref_axis',(1.,0.,0.));
#7568=DIRECTION('',(0.,1.,0.));
#7569=DIRECTION('center_axis',(0.,-1.,0.));
#7570=DIRECTION('ref_axis',(1.,0.,0.));
#7571=DIRECTION('center_axis',(0.,1.,0.));
#7572=DIRECTION('ref_axis',(1.,0.,0.));
#7573=DIRECTION('center_axis',(0.,1.,0.));
#7574=DIRECTION('ref_axis',(1.,0.,0.));
#7575=DIRECTION('',(0.,1.,0.));
#7576=DIRECTION('center_axis',(0.,-1.,0.));
#7577=DIRECTION('ref_axis',(1.,0.,0.));
#7578=DIRECTION('center_axis',(0.,1.,0.));
#7579=DIRECTION('ref_axis',(1.,0.,0.));
#7580=DIRECTION('center_axis',(0.,1.,0.));
#7581=DIRECTION('ref_axis',(1.,0.,0.));
#7582=DIRECTION('',(0.,1.,0.));
#7583=DIRECTION('center_axis',(0.,-1.,0.));
#7584=DIRECTION('ref_axis',(1.,0.,0.));
#7585=DIRECTION('center_axis',(0.,0.,1.));
#7586=DIRECTION('ref_axis',(1.,0.,0.));
#7587=DIRECTION('center_axis',(0.,0.,1.));
#7588=DIRECTION('ref_axis',(1.,0.,0.));
#7589=DIRECTION('',(0.,0.,1.));
#7590=DIRECTION('center_axis',(0.,0.,-1.));
#7591=DIRECTION('ref_axis',(1.,0.,0.));
#7592=DIRECTION('center_axis',(0.,0.,1.));
#7593=DIRECTION('ref_axis',(1.,0.,0.));
#7594=DIRECTION('center_axis',(0.,0.,1.));
#7595=DIRECTION('ref_axis',(1.,0.,0.));
#7596=DIRECTION('center_axis',(0.,0.,1.));
#7597=DIRECTION('ref_axis',(1.,0.,0.));
#7598=DIRECTION('',(0.,0.,1.));
#7599=DIRECTION('center_axis',(0.,0.,-1.));
#7600=DIRECTION('ref_axis',(1.,0.,0.));
#7601=DIRECTION('center_axis',(0.,0.,1.));
#7602=DIRECTION('ref_axis',(1.,0.,0.));
#7603=DIRECTION('center_axis',(0.,0.,1.));
#7604=DIRECTION('ref_axis',(1.,0.,0.));
#7605=DIRECTION('center_axis',(0.,0.,1.));
#7606=DIRECTION('ref_axis',(1.,0.,0.));
#7607=DIRECTION('',(0.,0.,1.));
#7608=DIRECTION('center_axis',(0.,0.,-1.));
#7609=DIRECTION('ref_axis',(1.,0.,0.));
#7610=DIRECTION('center_axis',(0.,0.,1.));
#7611=DIRECTION('ref_axis',(1.,0.,0.));
#7612=DIRECTION('center_axis',(0.,0.,1.));
#7613=DIRECTION('ref_axis',(1.,0.,0.));
#7614=DIRECTION('center_axis',(0.,0.,1.));
#7615=DIRECTION('ref_axis',(1.,0.,0.));
#7616=DIRECTION('',(0.,0.,1.));
#7617=DIRECTION('center_axis',(0.,0.,-1.));
#7618=DIRECTION('ref_axis',(1.,0.,0.));
#7619=DIRECTION('center_axis',(0.,0.,1.));
#7620=DIRECTION('ref_axis',(1.,0.,0.));
#7621=DIRECTION('center_axis',(0.,0.,1.));
#7622=DIRECTION('ref_axis',(1.,0.,0.));
#7623=DIRECTION('center_axis',(0.,0.,1.));
#7624=DIRECTION('ref_axis',(1.,0.,0.));
#7625=DIRECTION('',(0.,0.,1.));
#7626=DIRECTION('center_axis',(0.,0.,-1.));
#7627=DIRECTION('ref_axis',(1.,0.,0.));
#7628=DIRECTION('center_axis',(0.,0.,1.));
#7629=DIRECTION('ref_axis',(1.,0.,0.));
#7630=DIRECTION('center_axis',(0.,0.,1.));
#7631=DIRECTION('ref_axis',(1.,0.,0.));
#7632=DIRECTION('center_axis',(0.,0.,1.));
#7633=DIRECTION('ref_axis',(1.,0.,0.));
#7634=DIRECTION('',(0.,0.,1.));
#7635=DIRECTION('center_axis',(0.,0.,-1.));
#7636=DIRECTION('ref_axis',(1.,0.,0.));
#7637=DIRECTION('center_axis',(0.,0.,1.));
#7638=DIRECTION('ref_axis',(1.,0.,0.));
#7639=DIRECTION('center_axis',(0.,0.,1.));
#7640=DIRECTION('ref_axis',(1.,0.,0.));
#7641=DIRECTION('center_axis',(0.,0.,1.));
#7642=DIRECTION('ref_axis',(1.,0.,0.));
#7643=DIRECTION('',(0.,0.,1.));
#7644=DIRECTION('center_axis',(0.,0.,-1.));
#7645=DIRECTION('ref_axis',(1.,0.,0.));
#7646=DIRECTION('center_axis',(0.,0.,1.));
#7647=DIRECTION('ref_axis',(1.,0.,0.));
#7648=DIRECTION('center_axis',(0.,0.,1.));
#7649=DIRECTION('ref_axis',(1.,0.,0.));
#7650=DIRECTION('center_axis',(0.,0.,1.));
#7651=DIRECTION('ref_axis',(1.,0.,0.));
#7652=DIRECTION('',(0.,0.,1.));
#7653=DIRECTION('center_axis',(0.,0.,-1.));
#7654=DIRECTION('ref_axis',(1.,0.,0.));
#7655=DIRECTION('center_axis',(0.,0.,1.));
#7656=DIRECTION('ref_axis',(1.,0.,0.));
#7657=DIRECTION('center_axis',(0.,0.,-1.));
#7658=DIRECTION('ref_axis',(-1.,0.,0.));
#7659=DIRECTION('',(0.,1.,0.));
#7660=DIRECTION('center_axis',(0.,1.,0.));
#7661=DIRECTION('ref_axis',(1.,0.,0.));
#7662=DIRECTION('center_axis',(0.,1.,0.));
#7663=DIRECTION('ref_axis',(0.,0.,1.));
#7664=DIRECTION('',(0.,1.,0.));
#7665=DIRECTION('center_axis',(0.,0.,1.));
#7666=DIRECTION('ref_axis',(1.,0.,0.));
#7667=DIRECTION('',(0.,1.,0.));
#7668=DIRECTION('center_axis',(0.,1.,0.));
#7669=DIRECTION('ref_axis',(-1.,0.,0.));
#7670=DIRECTION('',(0.,1.,0.));
#7671=DIRECTION('center_axis',(-1.,0.,0.));
#7672=DIRECTION('ref_axis',(0.,0.,1.));
#7673=DIRECTION('center_axis',(0.,0.,1.));
#7674=DIRECTION('ref_axis',(-1.,-1.22464679914735E-16,0.));
#7675=DIRECTION('',(0.,0.,-1.));
#7676=DIRECTION('center_axis',(0.,0.,1.));
#7677=DIRECTION('ref_axis',(1.,0.,0.));
#7678=DIRECTION('',(0.,0.,1.));
#7679=DIRECTION('center_axis',(0.,0.,-1.));
#7680=DIRECTION('ref_axis',(1.,0.,0.));
#7681=DIRECTION('center_axis',(0.,0.,1.));
#7682=DIRECTION('ref_axis',(1.,0.,0.));
#7683=DIRECTION('',(-1.,0.,0.));
#7684=DIRECTION('center_axis',(0.,0.,1.));
#7685=DIRECTION('ref_axis',(0.,1.,0.));
#7686=DIRECTION('',(0.,-1.,0.));
#7687=DIRECTION('center_axis',(0.,0.,-1.));
#7688=DIRECTION('ref_axis',(1.,0.,0.));
#7689=DIRECTION('',(0.,-1.,0.));
#7690=DIRECTION('center_axis',(0.,0.,-1.));
#7691=DIRECTION('ref_axis',(1.,0.,0.));
#7692=DIRECTION('',(0.,-1.,0.));
#7693=DIRECTION('center_axis',(0.,0.,1.));
#7694=DIRECTION('ref_axis',(-1.,0.,0.));
#7695=DIRECTION('',(1.,0.,0.));
#7696=DIRECTION('center_axis',(0.,0.,1.));
#7697=DIRECTION('ref_axis',(0.,-1.,0.));
#7698=DIRECTION('',(0.,1.,0.));
#7699=DIRECTION('center_axis',(0.,0.,-1.));
#7700=DIRECTION('ref_axis',(1.,0.,0.));
#7701=DIRECTION('',(0.,1.,0.));
#7702=DIRECTION('',(0.,1.,0.));
#7703=DIRECTION('center_axis',(0.,0.,1.));
#7704=DIRECTION('ref_axis',(1.,0.,0.));
#7705=DIRECTION('center_axis',(0.,0.,-1.));
#7706=DIRECTION('ref_axis',(1.,0.,0.));
#7707=DIRECTION('center_axis',(0.,0.,-1.));
#7708=DIRECTION('ref_axis',(1.,0.,0.));
#7709=DIRECTION('center_axis',(0.,0.,-1.));
#7710=DIRECTION('ref_axis',(1.,0.,0.));
#7711=DIRECTION('center_axis',(0.,0.,-1.));
#7712=DIRECTION('ref_axis',(1.,0.,0.));
#7713=DIRECTION('center_axis',(1.,0.,0.));
#7714=DIRECTION('ref_axis',(0.,1.,0.));
#7715=DIRECTION('',(0.,-1.,0.));
#7716=DIRECTION('',(0.,0.,1.));
#7717=DIRECTION('center_axis',(0.,0.,1.));
#7718=DIRECTION('ref_axis',(1.,0.,0.));
#7719=DIRECTION('',(0.,0.,-1.));
#7720=DIRECTION('center_axis',(0.,0.,1.));
#7721=DIRECTION('ref_axis',(1.,0.,0.));
#7722=DIRECTION('',(0.,0.,1.));
#7723=DIRECTION('center_axis',(-1.,0.,0.));
#7724=DIRECTION('ref_axis',(0.,-1.,0.));
#7725=DIRECTION('',(0.,1.,0.));
#7726=DIRECTION('',(0.,0.,1.));
#7727=DIRECTION('center_axis',(-1.,0.,0.));
#7728=DIRECTION('ref_axis',(0.,-1.,0.));
#7729=DIRECTION('',(0.,0.,1.));
#7730=DIRECTION('',(0.,1.,0.));
#7731=DIRECTION('center_axis',(0.,0.,1.));
#7732=DIRECTION('ref_axis',(1.,0.,0.));
#7733=DIRECTION('',(0.,0.,-1.));
#7734=DIRECTION('center_axis',(0.,0.,1.));
#7735=DIRECTION('ref_axis',(1.,0.,0.));
#7736=DIRECTION('center_axis',(-1.,0.,0.));
#7737=DIRECTION('ref_axis',(0.,-1.,0.));
#7738=DIRECTION('',(0.,0.,1.));
#7739=DIRECTION('',(0.,1.,0.));
#7740=DIRECTION('center_axis',(0.,0.,1.));
#7741=DIRECTION('ref_axis',(1.,0.,0.));
#7742=DIRECTION('center_axis',(0.,0.,1.));
#7743=DIRECTION('ref_axis',(-1.,0.,0.));
#7744=DIRECTION('',(1.,0.,0.));
#7745=DIRECTION('center_axis',(0.,0.,1.));
#7746=DIRECTION('ref_axis',(0.,-1.,0.));
#7747=DIRECTION('',(0.,1.,0.));
#7748=DIRECTION('center_axis',(0.,0.,1.));
#7749=DIRECTION('ref_axis',(1.,0.,0.));
#7750=DIRECTION('',(-1.,0.,0.));
#7751=DIRECTION('center_axis',(0.,0.,1.));
#7752=DIRECTION('ref_axis',(0.,1.,0.));
#7753=DIRECTION('',(0.,-1.,0.));
#7754=DIRECTION('',(0.,-1.,0.));
#7755=DIRECTION('center_axis',(0.,0.,1.));
#7756=DIRECTION('ref_axis',(1.,0.,0.));
#7757=DIRECTION('',(0.,-1.,0.));
#7758=DIRECTION('center_axis',(0.,0.,-1.));
#7759=DIRECTION('ref_axis',(0.,-1.,0.));
#7760=DIRECTION('',(-1.,0.,0.));
#7761=DIRECTION('center_axis',(0.,0.,-1.));
#7762=DIRECTION('ref_axis',(-1.,0.,0.));
#7763=DIRECTION('center_axis',(0.,0.,-1.));
#7764=DIRECTION('ref_axis',(0.,1.,0.));
#7765=DIRECTION('center_axis',(0.,0.,-1.));
#7766=DIRECTION('ref_axis',(1.,0.,0.));
#7767=DIRECTION('center_axis',(0.,0.,1.));
#7768=DIRECTION('ref_axis',(-1.,1.22464679914735E-16,0.));
#7769=DIRECTION('',(0.,0.,1.));
#7770=DIRECTION('',(0.,0.,-1.));
#7771=DIRECTION('center_axis',(1.,0.,0.));
#7772=DIRECTION('ref_axis',(0.,1.,0.));
#7773=DIRECTION('',(0.,0.,1.));
#7774=DIRECTION('center_axis',(1.,0.,0.));
#7775=DIRECTION('ref_axis',(0.,1.,0.));
#7776=DIRECTION('center_axis',(0.,0.,1.));
#7777=DIRECTION('ref_axis',(1.,0.,0.));
#7778=DIRECTION('center_axis',(0.,0.,1.));
#7779=DIRECTION('ref_axis',(1.,0.,0.));
#7780=DIRECTION('',(0.,0.,-1.));
#7781=DIRECTION('center_axis',(0.,0.,1.));
#7782=DIRECTION('ref_axis',(1.,0.,0.));
#7783=DIRECTION('center_axis',(0.,0.,1.));
#7784=DIRECTION('ref_axis',(1.,0.,0.));
#7785=DIRECTION('center_axis',(0.,0.,1.));
#7786=DIRECTION('ref_axis',(1.,0.,0.));
#7787=DIRECTION('',(0.,0.,-1.));
#7788=DIRECTION('center_axis',(0.,0.,1.));
#7789=DIRECTION('ref_axis',(1.,0.,0.));
#7790=DIRECTION('center_axis',(0.,0.,1.));
#7791=DIRECTION('ref_axis',(1.,0.,0.));
#7792=DIRECTION('center_axis',(0.,0.,1.));
#7793=DIRECTION('ref_axis',(1.,0.,0.));
#7794=DIRECTION('',(0.,0.,-1.));
#7795=DIRECTION('center_axis',(0.,0.,1.));
#7796=DIRECTION('ref_axis',(1.,0.,0.));
#7797=DIRECTION('center_axis',(0.,0.,1.));
#7798=DIRECTION('ref_axis',(1.,0.,0.));
#7799=DIRECTION('center_axis',(0.,0.,1.));
#7800=DIRECTION('ref_axis',(1.,0.,0.));
#7801=DIRECTION('',(0.,0.,-1.));
#7802=DIRECTION('center_axis',(0.,0.,1.));
#7803=DIRECTION('ref_axis',(1.,0.,0.));
#7804=DIRECTION('center_axis',(0.,0.,1.));
#7805=DIRECTION('ref_axis',(0.,-1.,0.));
#7806=DIRECTION('',(0.,0.,1.));
#7807=DIRECTION('center_axis',(0.,-1.,0.));
#7808=DIRECTION('ref_axis',(1.,0.,0.));
#7809=DIRECTION('',(0.,0.,1.));
#7810=DIRECTION('center_axis',(0.,0.,1.));
#7811=DIRECTION('ref_axis',(-1.,0.,0.));
#7812=DIRECTION('center_axis',(0.,0.,1.));
#7813=DIRECTION('ref_axis',(0.,1.,0.));
#7814=DIRECTION('center_axis',(0.,1.,0.));
#7815=DIRECTION('ref_axis',(-1.,0.,0.));
#7816=DIRECTION('center_axis',(0.,0.,1.));
#7817=DIRECTION('ref_axis',(1.,0.,0.));
#7818=DIRECTION('center_axis',(-1.,0.,0.));
#7819=DIRECTION('ref_axis',(0.,-1.,0.));
#7820=DIRECTION('',(0.,-1.,0.));
#7821=DIRECTION('',(0.,0.,1.));
#7822=DIRECTION('',(0.,0.,1.));
#7823=DIRECTION('center_axis',(0.,0.,1.));
#7824=DIRECTION('ref_axis',(0.,1.,0.));
#7825=DIRECTION('center_axis',(0.,0.,1.));
#7826=DIRECTION('ref_axis',(0.,1.,0.));
#7827=DIRECTION('',(0.,0.,1.));
#7828=DIRECTION('center_axis',(0.,1.,0.));
#7829=DIRECTION('ref_axis',(-1.,0.,0.));
#7830=DIRECTION('',(-1.,0.,0.));
#7831=DIRECTION('',(0.,0.,1.));
#7832=DIRECTION('center_axis',(0.,0.,1.));
#7833=DIRECTION('ref_axis',(1.,0.,0.));
#7834=DIRECTION('center_axis',(0.,0.,1.));
#7835=DIRECTION('ref_axis',(1.,0.,0.));
#7836=DIRECTION('',(0.,0.,1.));
#7837=DIRECTION('center_axis',(1.,0.,0.));
#7838=DIRECTION('ref_axis',(0.,1.,0.));
#7839=DIRECTION('',(0.,1.,0.));
#7840=DIRECTION('',(0.,0.,1.));
#7841=DIRECTION('center_axis',(0.,0.,1.));
#7842=DIRECTION('ref_axis',(0.,-1.,0.));
#7843=DIRECTION('center_axis',(0.,0.,1.));
#7844=DIRECTION('ref_axis',(0.,-1.,0.));
#7845=DIRECTION('',(0.,0.,1.));
#7846=DIRECTION('center_axis',(0.,-1.,0.));
#7847=DIRECTION('ref_axis',(1.,0.,0.));
#7848=DIRECTION('',(1.,0.,0.));
#7849=DIRECTION('',(0.,0.,1.));
#7850=DIRECTION('center_axis',(0.,0.,1.));
#7851=DIRECTION('ref_axis',(-1.,0.,0.));
#7852=DIRECTION('center_axis',(0.,0.,1.));
#7853=DIRECTION('ref_axis',(-1.,0.,0.));
#7854=DIRECTION('center_axis',(0.,0.,1.));
#7855=DIRECTION('ref_axis',(1.,0.,0.));
#7856=DIRECTION('axis',(0.,0.,1.));
#7857=DIRECTION('refdir',(1.,0.,0.));
#7858=DIRECTION('center_axis',(0.,0.,1.));
#7859=DIRECTION('ref_axis',(1.,0.,0.));
#7860=DIRECTION('center_axis',(0.,0.,-1.));
#7861=DIRECTION('ref_axis',(1.,0.,0.));
#7862=DIRECTION('center_axis',(0.,0.,-1.));
#7863=DIRECTION('ref_axis',(1.,0.,0.));
#7864=DIRECTION('',(0.,0.,1.));
#7865=DIRECTION('center_axis',(0.,0.,1.));
#7866=DIRECTION('ref_axis',(1.,0.,0.));
#7867=DIRECTION('',(0.,0.,-1.));
#7868=DIRECTION('center_axis',(0.,0.,1.));
#7869=DIRECTION('ref_axis',(1.,0.,0.));
#7870=DIRECTION('',(0.,0.,1.));
#7871=DIRECTION('center_axis',(0.,0.,1.));
#7872=DIRECTION('ref_axis',(1.,0.,0.));
#7873=DIRECTION('',(0.,0.,-1.));
#7874=DIRECTION('center_axis',(0.,0.,1.));
#7875=DIRECTION('ref_axis',(-1.,1.22464679914735E-16,0.));
#7876=DIRECTION('center_axis',(0.,0.,-1.));
#7877=DIRECTION('ref_axis',(1.,0.,0.));
#7878=DIRECTION('center_axis',(0.,0.,-1.));
#7879=DIRECTION('ref_axis',(1.,0.,0.));
#7880=DIRECTION('',(0.,0.,1.));
#7881=DIRECTION('center_axis',(0.,0.,1.));
#7882=DIRECTION('ref_axis',(1.,0.,0.));
#7883=DIRECTION('',(0.,0.,-1.));
#7884=DIRECTION('center_axis',(0.,0.,1.));
#7885=DIRECTION('ref_axis',(1.,0.,0.));
#7886=DIRECTION('',(0.,0.,1.));
#7887=DIRECTION('center_axis',(0.,0.,1.));
#7888=DIRECTION('ref_axis',(1.,0.,0.));
#7889=DIRECTION('',(0.,0.,-1.));
#7890=DIRECTION('center_axis',(0.,0.,1.));
#7891=DIRECTION('ref_axis',(-1.,1.22464679914735E-16,0.));
#7892=DIRECTION('center_axis',(0.,0.,-1.));
#7893=DIRECTION('ref_axis',(1.,0.,0.));
#7894=DIRECTION('center_axis',(0.,0.,-1.));
#7895=DIRECTION('ref_axis',(1.,0.,0.));
#7896=DIRECTION('',(0.,0.,1.));
#7897=DIRECTION('center_axis',(0.,0.,1.));
#7898=DIRECTION('ref_axis',(1.,0.,0.));
#7899=DIRECTION('',(0.,0.,-1.));
#7900=DIRECTION('center_axis',(0.,0.,1.));
#7901=DIRECTION('ref_axis',(1.,0.,0.));
#7902=DIRECTION('',(0.,0.,1.));
#7903=DIRECTION('center_axis',(0.,0.,1.));
#7904=DIRECTION('ref_axis',(1.,0.,0.));
#7905=DIRECTION('',(0.,0.,-1.));
#7906=DIRECTION('center_axis',(0.,0.,1.));
#7907=DIRECTION('ref_axis',(1.,0.,0.));
#7908=DIRECTION('center_axis',(0.,0.,-1.));
#7909=DIRECTION('ref_axis',(1.,0.,0.));
#7910=DIRECTION('center_axis',(0.,0.,-1.));
#7911=DIRECTION('ref_axis',(1.,0.,0.));
#7912=DIRECTION('',(0.,0.,1.));
#7913=DIRECTION('center_axis',(0.,0.,1.));
#7914=DIRECTION('ref_axis',(1.,0.,0.));
#7915=DIRECTION('',(0.,0.,-1.));
#7916=DIRECTION('center_axis',(0.,0.,1.));
#7917=DIRECTION('ref_axis',(1.,0.,0.));
#7918=DIRECTION('',(0.,0.,1.));
#7919=DIRECTION('center_axis',(0.,0.,1.));
#7920=DIRECTION('ref_axis',(1.,0.,0.));
#7921=DIRECTION('',(0.,0.,-1.));
#7922=DIRECTION('center_axis',(1.,0.,0.));
#7923=DIRECTION('ref_axis',(0.,1.,0.));
#7924=DIRECTION('',(0.,1.,0.));
#7925=DIRECTION('',(0.,0.,1.));
#7926=DIRECTION('',(0.,1.,0.));
#7927=DIRECTION('center_axis',(-1.,0.,0.));
#7928=DIRECTION('ref_axis',(0.,-1.,0.));
#7929=DIRECTION('',(0.,-1.,0.));
#7930=DIRECTION('',(0.,0.,-1.));
#7931=DIRECTION('',(0.,-1.,0.));
#7932=DIRECTION('',(0.,0.,-1.));
#7933=DIRECTION('',(0.,-1.,0.));
#7934=DIRECTION('center_axis',(-1.,0.,0.));
#7935=DIRECTION('ref_axis',(0.,-1.,0.));
#7936=DIRECTION('',(0.,-1.,0.));
#7937=DIRECTION('',(0.,0.,1.));
#7938=DIRECTION('',(0.,-1.,0.));
#7939=DIRECTION('center_axis',(-1.,0.,0.));
#7940=DIRECTION('ref_axis',(0.,-1.,0.));
#7941=DIRECTION('',(0.,-1.,0.));
#7942=DIRECTION('',(0.,0.,1.));
#7943=DIRECTION('',(0.,-1.,0.));
#7944=DIRECTION('center_axis',(1.,0.,0.));
#7945=DIRECTION('ref_axis',(0.,1.,0.));
#7946=DIRECTION('',(0.,1.,0.));
#7947=DIRECTION('',(0.,0.,1.));
#7948=DIRECTION('',(0.,1.,0.));
#7949=DIRECTION('',(0.,0.,1.));
#7950=DIRECTION('',(0.,1.,0.));
#7951=DIRECTION('center_axis',(1.,0.,0.));
#7952=DIRECTION('ref_axis',(0.,1.,0.));
#7953=DIRECTION('',(0.,1.,0.));
#7954=DIRECTION('',(0.,0.,-1.));
#7955=DIRECTION('',(0.,1.,0.));
#7956=DIRECTION('',(0.,0.,-1.));
#7957=DIRECTION('',(0.,1.,0.));
#7958=DIRECTION('center_axis',(0.,0.,1.));
#7959=DIRECTION('ref_axis',(1.,0.,0.));
#7960=DIRECTION('',(0.,1.,0.));
#7961=DIRECTION('center_axis',(0.,0.,-1.));
#7962=DIRECTION('ref_axis',(1.,0.,0.));
#7963=DIRECTION('',(0.,1.,0.));
#7964=DIRECTION('center_axis',(0.,0.,1.));
#7965=DIRECTION('ref_axis',(1.,0.,0.));
#7966=DIRECTION('',(0.,-1.,0.));
#7967=DIRECTION('center_axis',(0.,0.,-1.));
#7968=DIRECTION('ref_axis',(1.,0.,0.));
#7969=DIRECTION('center_axis',(1.,0.,0.));
#7970=DIRECTION('ref_axis',(0.,1.,0.));
#7971=DIRECTION('',(0.,1.,0.));
#7972=DIRECTION('',(0.,0.,1.));
#7973=DIRECTION('',(0.,1.,0.));
#7974=DIRECTION('',(0.,0.,1.));
#7975=DIRECTION('center_axis',(0.,0.,1.));
#7976=DIRECTION('ref_axis',(1.,0.,0.));
#7977=DIRECTION('',(0.,-1.,0.));
#7978=DIRECTION('center_axis',(0.,0.,1.));
#7979=DIRECTION('ref_axis',(1.,0.,0.));
#7980=DIRECTION('center_axis',(0.,0.,1.));
#7981=DIRECTION('ref_axis',(1.,0.,0.));
#7982=DIRECTION('center_axis',(0.,0.,1.));
#7983=DIRECTION('ref_axis',(1.,0.,0.));
#7984=DIRECTION('center_axis',(-1.,0.,0.));
#7985=DIRECTION('ref_axis',(0.,-1.,0.));
#7986=DIRECTION('',(0.,-1.,0.));
#7987=DIRECTION('',(0.,0.,-1.));
#7988=DIRECTION('center_axis',(0.,0.,1.));
#7989=DIRECTION('ref_axis',(1.,0.,0.));
#7990=DIRECTION('',(0.,-1.,0.));
#7991=DIRECTION('center_axis',(0.,0.,-1.));
#7992=DIRECTION('ref_axis',(1.,0.,0.));
#7993=DIRECTION('',(0.,-1.,0.));
#7994=DIRECTION('center_axis',(0.,0.,1.));
#7995=DIRECTION('ref_axis',(1.,0.,0.));
#7996=DIRECTION('center_axis',(0.,0.,-1.));
#7997=DIRECTION('ref_axis',(0.,1.,0.));
#7998=DIRECTION('center_axis',(0.,0.,-1.));
#7999=DIRECTION('ref_axis',(0.,1.,0.));
#8000=DIRECTION('',(1.,0.,0.));
#8001=DIRECTION('center_axis',(0.,0.,-1.));
#8002=DIRECTION('ref_axis',(1.,0.,0.));
#8003=DIRECTION('center_axis',(0.,0.,-1.));
#8004=DIRECTION('ref_axis',(1.,0.,0.));
#8005=DIRECTION('',(0.,-1.,0.));
#8006=DIRECTION('',(0.,-1.,0.));
#8007=DIRECTION('center_axis',(0.,0.,-1.));
#8008=DIRECTION('ref_axis',(1.,0.,0.));
#8009=DIRECTION('',(1.,0.,0.));
#8010=DIRECTION('center_axis',(0.,0.,-1.));
#8011=DIRECTION('ref_axis',(0.,1.,0.));
#8012=DIRECTION('',(0.,1.,0.));
#8013=DIRECTION('center_axis',(0.,0.,1.));
#8014=DIRECTION('ref_axis',(1.,0.,0.));
#8015=DIRECTION('',(0.,1.,0.));
#8016=DIRECTION('center_axis',(0.,0.,-1.));
#8017=DIRECTION('ref_axis',(1.,0.,0.));
#8018=DIRECTION('center_axis',(-1.,0.,0.));
#8019=DIRECTION('ref_axis',(0.,-1.,0.));
#8020=DIRECTION('',(0.,-1.,0.));
#8021=DIRECTION('',(0.,0.,1.));
#8022=DIRECTION('',(0.,-1.,0.));
#8023=DIRECTION('',(0.,0.,1.));
#8024=DIRECTION('center_axis',(0.,0.,1.));
#8025=DIRECTION('ref_axis',(1.,0.,0.));
#8026=DIRECTION('',(0.,1.,0.));
#8027=DIRECTION('center_axis',(0.,0.,1.));
#8028=DIRECTION('ref_axis',(1.,0.,0.));
#8029=DIRECTION('center_axis',(0.,0.,1.));
#8030=DIRECTION('ref_axis',(1.,0.,0.));
#8031=DIRECTION('center_axis',(0.,0.,1.));
#8032=DIRECTION('ref_axis',(0.,1.,0.));
#8033=DIRECTION('',(-1.,0.,0.));
#8034=DIRECTION('center_axis',(0.,0.,1.));
#8035=DIRECTION('ref_axis',(1.,0.,0.));
#8036=DIRECTION('',(0.,1.,0.));
#8037=DIRECTION('',(0.,-1.,0.));
#8038=DIRECTION('center_axis',(0.,0.,-1.));
#8039=DIRECTION('ref_axis',(1.,0.,0.));
#8040=DIRECTION('',(1.,0.,0.));
#8041=DIRECTION('center_axis',(0.,0.,1.));
#8042=DIRECTION('ref_axis',(1.,0.,0.));
#8043=DIRECTION('',(-1.,0.,0.));
#8044=DIRECTION('center_axis',(0.,0.,1.));
#8045=DIRECTION('ref_axis',(0.,1.,0.));
#8046=DIRECTION('',(1.,0.,0.));
#8047=DIRECTION('center_axis',(0.,0.,-1.));
#8048=DIRECTION('ref_axis',(0.,1.,0.));
#8049=DIRECTION('center_axis',(0.,0.,1.));
#8050=DIRECTION('ref_axis',(1.,0.,0.));
#8051=DIRECTION('center_axis',(0.,0.,1.));
#8052=DIRECTION('ref_axis',(1.,0.,0.));
#8053=DIRECTION('center_axis',(1.,0.,0.));
#8054=DIRECTION('ref_axis',(0.,1.,0.));
#8055=DIRECTION('',(0.,1.,0.));
#8056=DIRECTION('',(0.,0.,-1.));
#8057=DIRECTION('center_axis',(-1.,0.,0.));
#8058=DIRECTION('ref_axis',(0.,-1.,0.));
#8059=DIRECTION('',(0.,0.,1.));
#8060=DIRECTION('',(0.,-1.,0.));
#8061=DIRECTION('',(0.,0.,-1.));
#8062=DIRECTION('',(0.,-1.,0.));
#8063=DIRECTION('center_axis',(0.,0.,1.));
#8064=DIRECTION('ref_axis',(1.,0.,0.));
#8065=DIRECTION('',(0.,0.,1.));
#8066=DIRECTION('',(0.,0.,-1.));
#8067=DIRECTION('center_axis',(0.,0.,1.));
#8068=DIRECTION('ref_axis',(1.,0.,0.));
#8069=DIRECTION('',(0.,0.,-1.));
#8070=DIRECTION('center_axis',(0.,0.,1.));
#8071=DIRECTION('ref_axis',(1.,0.,0.));
#8072=DIRECTION('center_axis',(0.,0.,1.));
#8073=DIRECTION('ref_axis',(1.,0.,0.));
#8074=DIRECTION('',(0.,1.,0.));
#8075=DIRECTION('center_axis',(0.,0.,1.));
#8076=DIRECTION('ref_axis',(1.,0.,0.));
#8077=DIRECTION('center_axis',(0.,0.,1.));
#8078=DIRECTION('ref_axis',(1.,0.,0.));
#8079=DIRECTION('',(0.,1.,0.));
#8080=DIRECTION('center_axis',(0.,0.,1.));
#8081=DIRECTION('ref_axis',(1.,0.,0.));
#8082=DIRECTION('center_axis',(0.,0.,1.));
#8083=DIRECTION('ref_axis',(1.,0.,0.));
#8084=DIRECTION('center_axis',(0.,0.,1.));
#8085=DIRECTION('ref_axis',(1.,0.,0.));
#8086=DIRECTION('center_axis',(0.,0.,1.));
#8087=DIRECTION('ref_axis',(1.,0.,0.));
#8088=DIRECTION('',(0.,-1.,0.));
#8089=DIRECTION('center_axis',(1.,0.,0.));
#8090=DIRECTION('ref_axis',(0.,1.,0.));
#8091=DIRECTION('',(0.,0.,1.));
#8092=DIRECTION('',(0.,1.,0.));
#8093=DIRECTION('',(0.,0.,-1.));
#8094=DIRECTION('center_axis',(0.,0.,1.));
#8095=DIRECTION('ref_axis',(-1.,0.,0.));
#8096=DIRECTION('center_axis',(0.,0.,-1.));
#8097=DIRECTION('ref_axis',(-1.,0.,0.));
#8098=DIRECTION('',(0.,0.,1.));
#8099=DIRECTION('center_axis',(0.,0.,1.));
#8100=DIRECTION('ref_axis',(-1.,0.,0.));
#8101=DIRECTION('',(0.,0.,-1.));
#8102=DIRECTION('center_axis',(0.,0.,1.));
#8103=DIRECTION('ref_axis',(-1.,0.,0.));
#8104=DIRECTION('',(0.,0.,-1.));
#8105=DIRECTION('center_axis',(-1.,0.,0.));
#8106=DIRECTION('ref_axis',(0.,-1.,0.));
#8107=DIRECTION('',(0.,0.,1.));
#8108=DIRECTION('',(0.,-1.,0.));
#8109=DIRECTION('',(0.,0.,-1.));
#8110=DIRECTION('center_axis',(0.,0.,1.));
#8111=DIRECTION('ref_axis',(0.,1.,0.));
#8112=DIRECTION('',(0.,0.,1.));
#8113=DIRECTION('center_axis',(0.,0.,1.));
#8114=DIRECTION('ref_axis',(0.,1.,0.));
#8115=DIRECTION('',(0.,0.,1.));
#8116=DIRECTION('',(0.,0.,1.));
#8117=DIRECTION('center_axis',(0.,1.,0.));
#8118=DIRECTION('ref_axis',(-1.,0.,0.));
#8119=DIRECTION('center_axis',(1.,0.,0.));
#8120=DIRECTION('ref_axis',(0.,1.,0.));
#8121=DIRECTION('',(0.,0.,1.));
#8122=DIRECTION('',(0.,1.,0.));
#8123=DIRECTION('',(0.,0.,-1.));
#8124=DIRECTION('center_axis',(0.,0.,1.));
#8125=DIRECTION('ref_axis',(0.,-1.,0.));
#8126=DIRECTION('center_axis',(0.,0.,-1.));
#8127=DIRECTION('ref_axis',(0.,-1.,0.));
#8128=DIRECTION('',(0.,0.,1.));
#8129=DIRECTION('center_axis',(0.,0.,1.));
#8130=DIRECTION('ref_axis',(0.,-1.,0.));
#8131=DIRECTION('',(0.,0.,1.));
#8132=DIRECTION('center_axis',(0.,0.,1.));
#8133=DIRECTION('ref_axis',(0.,-1.,0.));
#8134=DIRECTION('',(0.,0.,1.));
#8135=DIRECTION('center_axis',(0.,-1.,0.));
#8136=DIRECTION('ref_axis',(1.,0.,0.));
#8137=DIRECTION('',(-1.,0.,0.));
#8138=DIRECTION('',(1.,0.,0.));
#8139=DIRECTION('center_axis',(0.,0.,1.));
#8140=DIRECTION('ref_axis',(1.,0.,0.));
#8141=DIRECTION('center_axis',(0.,0.,1.));
#8142=DIRECTION('ref_axis',(1.,0.,0.));
#8143=DIRECTION('',(0.,0.,-1.));
#8144=DIRECTION('center_axis',(0.,0.,1.));
#8145=DIRECTION('ref_axis',(1.,0.,0.));
#8146=DIRECTION('',(0.,0.,1.));
#8147=DIRECTION('center_axis',(0.,0.,-1.));
#8148=DIRECTION('ref_axis',(1.,0.,0.));
#8149=DIRECTION('',(0.,0.,1.));
#8150=DIRECTION('center_axis',(0.,0.,1.));
#8151=DIRECTION('ref_axis',(1.,0.,0.));
#8152=DIRECTION('center_axis',(0.,0.,1.));
#8153=DIRECTION('ref_axis',(1.,0.,0.));
#8154=DIRECTION('center_axis',(0.,0.,1.));
#8155=DIRECTION('ref_axis',(1.,0.,0.));
#8156=DIRECTION('',(0.,0.,-1.));
#8157=DIRECTION('center_axis',(0.,0.,-1.));
#8158=DIRECTION('ref_axis',(1.,0.,0.));
#8159=DIRECTION('',(0.,0.,-1.));
#8160=DIRECTION('center_axis',(0.,0.,1.));
#8161=DIRECTION('ref_axis',(1.,0.,0.));
#8162=DIRECTION('',(0.,0.,1.));
#8163=DIRECTION('center_axis',(0.,0.,1.));
#8164=DIRECTION('ref_axis',(1.,0.,0.));
#8165=DIRECTION('center_axis',(0.,0.,1.));
#8166=DIRECTION('ref_axis',(1.,0.,0.));
#8167=DIRECTION('',(1.,0.,0.));
#8168=DIRECTION('center_axis',(0.,0.,-1.));
#8169=DIRECTION('ref_axis',(1.,0.,0.));
#8170=DIRECTION('',(0.,-1.,0.));
#8171=DIRECTION('center_axis',(0.,0.,-1.));
#8172=DIRECTION('ref_axis',(1.,0.,0.));
#8173=DIRECTION('center_axis',(0.,-1.,0.));
#8174=DIRECTION('ref_axis',(1.,0.,0.));
#8175=DIRECTION('',(1.,0.,0.));
#8176=DIRECTION('',(0.,0.,1.));
#8177=DIRECTION('center_axis',(0.,-1.,0.));
#8178=DIRECTION('ref_axis',(1.,0.,0.));
#8179=DIRECTION('',(0.,0.,1.));
#8180=DIRECTION('center_axis',(0.,0.,1.));
#8181=DIRECTION('ref_axis',(-1.,1.22464679914735E-16,0.));
#8182=DIRECTION('center_axis',(0.,0.,1.));
#8183=DIRECTION('ref_axis',(1.,0.,0.));
#8184=DIRECTION('',(0.,0.,-1.));
#8185=DIRECTION('center_axis',(0.,0.,-1.));
#8186=DIRECTION('ref_axis',(1.,0.,0.));
#8187=DIRECTION('',(0.,0.,-1.));
#8188=DIRECTION('center_axis',(0.,0.,1.));
#8189=DIRECTION('ref_axis',(1.,0.,0.));
#8190=DIRECTION('',(0.,0.,1.));
#8191=DIRECTION('center_axis',(0.,0.,1.));
#8192=DIRECTION('ref_axis',(1.,0.,0.));
#8193=DIRECTION('center_axis',(0.,0.,1.));
#8194=DIRECTION('ref_axis',(-1.,1.22464679914735E-16,0.));
#8195=DIRECTION('center_axis',(0.,0.,1.));
#8196=DIRECTION('ref_axis',(1.,0.,0.));
#8197=DIRECTION('',(0.,0.,-1.));
#8198=DIRECTION('center_axis',(0.,0.,1.));
#8199=DIRECTION('ref_axis',(1.,0.,0.));
#8200=DIRECTION('',(0.,0.,1.));
#8201=DIRECTION('center_axis',(0.,0.,-1.));
#8202=DIRECTION('ref_axis',(1.,0.,0.));
#8203=DIRECTION('',(0.,0.,1.));
#8204=DIRECTION('center_axis',(0.,0.,1.));
#8205=DIRECTION('ref_axis',(1.,0.,0.));
#8206=DIRECTION('center_axis',(0.,0.,1.));
#8207=DIRECTION('ref_axis',(-1.,0.,0.));
#8208=DIRECTION('center_axis',(0.,0.,-1.));
#8209=DIRECTION('ref_axis',(-1.,0.,0.));
#8210=DIRECTION('',(0.,0.,1.));
#8211=DIRECTION('center_axis',(0.,0.,-1.));
#8212=DIRECTION('ref_axis',(-1.,0.,0.));
#8213=DIRECTION('center_axis',(0.,0.,1.));
#8214=DIRECTION('ref_axis',(1.,0.,0.));
#8215=DIRECTION('',(-1.,0.,0.));
#8216=DIRECTION('center_axis',(0.,0.,-1.));
#8217=DIRECTION('ref_axis',(-1.,0.,0.));
#8218=DIRECTION('',(0.,1.,0.));
#8219=DIRECTION('center_axis',(0.,0.,1.));
#8220=DIRECTION('ref_axis',(1.,0.,0.));
#8221=DIRECTION('',(0.,1.,0.));
#8222=DIRECTION('center_axis',(0.,0.,1.));
#8223=DIRECTION('ref_axis',(0.,-1.,0.));
#8224=DIRECTION('',(1.,0.,0.));
#8225=DIRECTION('center_axis',(0.,0.,1.));
#8226=DIRECTION('ref_axis',(-1.,0.,0.));
#8227=DIRECTION('',(0.,-1.,0.));
#8228=DIRECTION('',(0.,1.,0.));
#8229=DIRECTION('center_axis',(0.,0.,-1.));
#8230=DIRECTION('ref_axis',(-1.,0.,0.));
#8231=DIRECTION('',(-1.,0.,0.));
#8232=DIRECTION('',(-1.,0.,0.));
#8233=DIRECTION('center_axis',(0.,0.,-1.));
#8234=DIRECTION('ref_axis',(0.,-1.,0.));
#8235=DIRECTION('',(0.,-1.,0.));
#8236=DIRECTION('center_axis',(0.,1.,0.));
#8237=DIRECTION('ref_axis',(-1.,0.,0.));
#8238=DIRECTION('',(-1.,0.,0.));
#8239=DIRECTION('',(0.,0.,1.));
#8240=DIRECTION('center_axis',(0.,1.,0.));
#8241=DIRECTION('ref_axis',(-1.,0.,0.));
#8242=DIRECTION('',(0.,0.,1.));
#8243=DIRECTION('center_axis',(0.,0.,1.));
#8244=DIRECTION('ref_axis',(1.,0.,0.));
#8245=DIRECTION('center_axis',(0.,0.,1.));
#8246=DIRECTION('ref_axis',(1.,0.,0.));
#8247=DIRECTION('',(0.,0.,1.));
#8248=DIRECTION('center_axis',(0.,0.,1.));
#8249=DIRECTION('ref_axis',(1.,0.,0.));
#8250=DIRECTION('center_axis',(0.,0.,1.));
#8251=DIRECTION('ref_axis',(1.,0.,0.));
#8252=DIRECTION('center_axis',(0.,0.,1.));
#8253=DIRECTION('ref_axis',(1.,0.,0.));
#8254=DIRECTION('center_axis',(0.,0.,1.));
#8255=DIRECTION('ref_axis',(1.,0.,0.));
#8256=DIRECTION('',(0.,0.,1.));
#8257=DIRECTION('center_axis',(0.,0.,1.));
#8258=DIRECTION('ref_axis',(1.,0.,0.));
#8259=DIRECTION('center_axis',(0.,0.,1.));
#8260=DIRECTION('ref_axis',(1.,0.,0.));
#8261=DIRECTION('center_axis',(0.,0.,1.));
#8262=DIRECTION('ref_axis',(1.,0.,0.));
#8263=DIRECTION('center_axis',(0.,0.,1.));
#8264=DIRECTION('ref_axis',(1.,0.,0.));
#8265=DIRECTION('',(0.,0.,1.));
#8266=DIRECTION('center_axis',(0.,0.,1.));
#8267=DIRECTION('ref_axis',(1.,0.,0.));
#8268=DIRECTION('center_axis',(0.,0.,1.));
#8269=DIRECTION('ref_axis',(1.,0.,0.));
#8270=DIRECTION('center_axis',(0.,0.,1.));
#8271=DIRECTION('ref_axis',(1.,0.,0.));
#8272=DIRECTION('center_axis',(0.,0.,1.));
#8273=DIRECTION('ref_axis',(1.,0.,0.));
#8274=DIRECTION('',(0.,0.,1.));
#8275=DIRECTION('center_axis',(0.,0.,1.));
#8276=DIRECTION('ref_axis',(1.,0.,0.));
#8277=DIRECTION('center_axis',(0.,0.,1.));
#8278=DIRECTION('ref_axis',(1.,0.,0.));
#8279=DIRECTION('center_axis',(0.,0.,1.));
#8280=DIRECTION('ref_axis',(1.,0.,0.));
#8281=DIRECTION('center_axis',(0.,0.,1.));
#8282=DIRECTION('ref_axis',(1.,0.,0.));
#8283=DIRECTION('',(0.,0.,1.));
#8284=DIRECTION('center_axis',(0.,0.,-1.));
#8285=DIRECTION('ref_axis',(1.,0.,0.));
#8286=DIRECTION('center_axis',(0.,0.,1.));
#8287=DIRECTION('ref_axis',(1.,0.,0.));
#8288=DIRECTION('center_axis',(0.,0.,1.));
#8289=DIRECTION('ref_axis',(1.,0.,0.));
#8290=DIRECTION('center_axis',(0.,0.,1.));
#8291=DIRECTION('ref_axis',(1.,0.,0.));
#8292=DIRECTION('center_axis',(0.,0.,1.));
#8293=DIRECTION('ref_axis',(1.,0.,0.));
#8294=DIRECTION('',(0.,0.,1.));
#8295=DIRECTION('center_axis',(0.,0.,-1.));
#8296=DIRECTION('ref_axis',(1.,0.,0.));
#8297=DIRECTION('center_axis',(0.,0.,1.));
#8298=DIRECTION('ref_axis',(1.,0.,0.));
#8299=DIRECTION('center_axis',(0.,0.,1.));
#8300=DIRECTION('ref_axis',(1.,0.,0.));
#8301=DIRECTION('center_axis',(0.,0.,1.));
#8302=DIRECTION('ref_axis',(1.,0.,0.));
#8303=DIRECTION('center_axis',(0.,0.,1.));
#8304=DIRECTION('ref_axis',(1.,0.,0.));
#8305=DIRECTION('',(0.,0.,1.));
#8306=DIRECTION('center_axis',(0.,0.,-1.));
#8307=DIRECTION('ref_axis',(1.,0.,0.));
#8308=DIRECTION('center_axis',(0.,0.,1.));
#8309=DIRECTION('ref_axis',(1.,0.,0.));
#8310=DIRECTION('center_axis',(0.,0.,1.));
#8311=DIRECTION('ref_axis',(1.,0.,0.));
#8312=DIRECTION('center_axis',(0.,0.,1.));
#8313=DIRECTION('ref_axis',(1.,0.,0.));
#8314=DIRECTION('center_axis',(0.,0.,1.));
#8315=DIRECTION('ref_axis',(1.,0.,0.));
#8316=DIRECTION('',(0.,0.,1.));
#8317=DIRECTION('center_axis',(0.,0.,-1.));
#8318=DIRECTION('ref_axis',(1.,0.,0.));
#8319=DIRECTION('center_axis',(0.,0.,1.));
#8320=DIRECTION('ref_axis',(1.,0.,0.));
#8321=DIRECTION('center_axis',(0.,0.,1.));
#8322=DIRECTION('ref_axis',(1.,0.,0.));
#8323=DIRECTION('center_axis',(0.,0.,1.));
#8324=DIRECTION('ref_axis',(1.,0.,0.));
#8325=DIRECTION('center_axis',(0.,0.,1.));
#8326=DIRECTION('ref_axis',(1.,0.,0.));
#8327=DIRECTION('',(0.,0.,1.));
#8328=DIRECTION('center_axis',(0.,0.,1.));
#8329=DIRECTION('ref_axis',(1.,0.,0.));
#8330=DIRECTION('center_axis',(0.,0.,1.));
#8331=DIRECTION('ref_axis',(1.,0.,0.));
#8332=DIRECTION('',(0.,0.,1.));
#8333=DIRECTION('center_axis',(0.,0.,1.));
#8334=DIRECTION('ref_axis',(1.,0.,0.));
#8335=DIRECTION('center_axis',(0.,0.,1.));
#8336=DIRECTION('ref_axis',(1.,0.,0.));
#8337=DIRECTION('',(0.,0.,1.));
#8338=DIRECTION('center_axis',(0.,0.,1.));
#8339=DIRECTION('ref_axis',(1.,0.,0.));
#8340=DIRECTION('center_axis',(0.,0.,1.));
#8341=DIRECTION('ref_axis',(1.,0.,0.));
#8342=DIRECTION('',(0.,0.,1.));
#8343=DIRECTION('',(-0.499173710713798,-0.507279373134054,0.702490743088433));
#8344=DIRECTION('center_axis',(-4.72015602620847E-32,-8.88608711820558E-33,
1.));
#8345=DIRECTION('ref_axis',(-1.,0.,0.));
#8346=DIRECTION('',(0.,-1.,-8.88608711820558E-33));
#8347=DIRECTION('center_axis',(-4.72015602620847E-32,-8.88608711820558E-33,
1.));
#8348=DIRECTION('ref_axis',(0.,1.,0.));
#8349=DIRECTION('',(-1.,0.,-4.72015602620847E-32));
#8350=DIRECTION('center_axis',(-4.72015602620847E-32,-8.88608711820558E-33,
1.));
#8351=DIRECTION('ref_axis',(1.,0.,0.));
#8352=DIRECTION('',(0.,1.,8.88608711820558E-33));
#8353=DIRECTION('center_axis',(-4.72015602620847E-32,-8.88608711820558E-33,
1.));
#8354=DIRECTION('ref_axis',(0.,-1.,0.));
#8355=DIRECTION('',(1.,0.,4.72015602620847E-32));
#8356=DIRECTION('center_axis',(-1.,0.,0.));
#8357=DIRECTION('ref_axis',(0.,-1.,0.));
#8358=DIRECTION('',(0.,0.,1.));
#8359=DIRECTION('',(0.,-1.,0.));
#8360=DIRECTION('',(0.,0.,1.));
#8361=DIRECTION('center_axis',(0.,0.,1.));
#8362=DIRECTION('ref_axis',(-1.,0.,0.));
#8363=DIRECTION('',(0.,0.,1.));
#8364=DIRECTION('center_axis',(0.,0.,1.));
#8365=DIRECTION('ref_axis',(-1.,0.,0.));
#8366=DIRECTION('center_axis',(0.,-1.,0.));
#8367=DIRECTION('ref_axis',(1.,0.,0.));
#8368=DIRECTION('',(0.,0.,1.));
#8369=DIRECTION('',(1.,0.,0.));
#8370=DIRECTION('center_axis',(0.,0.,1.));
#8371=DIRECTION('ref_axis',(0.,-1.,0.));
#8372=DIRECTION('',(0.,0.,1.));
#8373=DIRECTION('center_axis',(0.,0.,1.));
#8374=DIRECTION('ref_axis',(0.,-1.,0.));
#8375=DIRECTION('center_axis',(1.,0.,0.));
#8376=DIRECTION('ref_axis',(0.,1.,0.));
#8377=DIRECTION('',(0.,0.,1.));
#8378=DIRECTION('',(0.,1.,0.));
#8379=DIRECTION('center_axis',(0.,0.,1.));
#8380=DIRECTION('ref_axis',(1.,0.,0.));
#8381=DIRECTION('',(0.,0.,1.));
#8382=DIRECTION('center_axis',(0.,0.,1.));
#8383=DIRECTION('ref_axis',(1.,0.,0.));
#8384=DIRECTION('center_axis',(0.,1.,0.));
#8385=DIRECTION('ref_axis',(-1.,0.,0.));
#8386=DIRECTION('',(0.,0.,1.));
#8387=DIRECTION('',(-1.,0.,0.));
#8388=DIRECTION('center_axis',(0.,0.,1.));
#8389=DIRECTION('ref_axis',(0.,1.,0.));
#8390=DIRECTION('center_axis',(0.,0.,1.));
#8391=DIRECTION('ref_axis',(0.,1.,0.));
#8392=DIRECTION('center_axis',(1.,0.,0.));
#8393=DIRECTION('ref_axis',(0.,1.,0.));
#8394=DIRECTION('',(0.,1.,0.));
#8395=DIRECTION('',(0.,0.,1.));
#8396=DIRECTION('',(0.,1.,0.));
#8397=DIRECTION('',(0.,0.,1.));
#8398=DIRECTION('center_axis',(0.,0.,1.));
#8399=DIRECTION('ref_axis',(1.,0.,0.));
#8400=DIRECTION('center_axis',(0.,0.,1.));
#8401=DIRECTION('ref_axis',(1.,0.,0.));
#8402=DIRECTION('center_axis',(0.,0.,1.));
#8403=DIRECTION('ref_axis',(1.,0.,0.));
#8404=DIRECTION('',(0.,0.,1.));
#8405=DIRECTION('center_axis',(0.,1.,0.));
#8406=DIRECTION('ref_axis',(-1.,0.,0.));
#8407=DIRECTION('',(-1.,0.,0.));
#8408=DIRECTION('',(-1.,0.,0.));
#8409=DIRECTION('',(0.,0.,1.));
#8410=DIRECTION('center_axis',(0.,0.,1.));
#8411=DIRECTION('ref_axis',(0.,1.,0.));
#8412=DIRECTION('center_axis',(0.,0.,1.));
#8413=DIRECTION('ref_axis',(0.,1.,0.));
#8414=DIRECTION('center_axis',(0.,0.,1.));
#8415=DIRECTION('ref_axis',(0.,1.,0.));
#8416=DIRECTION('',(0.,0.,1.));
#8417=DIRECTION('center_axis',(-1.,0.,0.));
#8418=DIRECTION('ref_axis',(0.,-1.,0.));
#8419=DIRECTION('',(0.,-1.,0.));
#8420=DIRECTION('',(0.,-1.,0.));
#8421=DIRECTION('',(0.,0.,1.));
#8422=DIRECTION('center_axis',(0.,0.,1.));
#8423=DIRECTION('ref_axis',(0.,-1.,0.));
#8424=DIRECTION('center_axis',(0.,0.,1.));
#8425=DIRECTION('ref_axis',(0.,-1.,0.));
#8426=DIRECTION('',(0.,0.,1.));
#8427=DIRECTION('center_axis',(0.,0.,1.));
#8428=DIRECTION('ref_axis',(0.,-1.,0.));
#8429=DIRECTION('center_axis',(0.,-1.,0.));
#8430=DIRECTION('ref_axis',(1.,0.,0.));
#8431=DIRECTION('',(1.,0.,0.));
#8432=DIRECTION('',(0.,0.,1.));
#8433=DIRECTION('',(1.,0.,0.));
#8434=DIRECTION('center_axis',(0.,0.,1.));
#8435=DIRECTION('ref_axis',(-1.,0.,0.));
#8436=DIRECTION('center_axis',(0.,0.,1.));
#8437=DIRECTION('ref_axis',(-1.,0.,0.));
#8438=DIRECTION('center_axis',(0.,0.,1.));
#8439=DIRECTION('ref_axis',(-1.,0.,0.));
#8440=DIRECTION('center_axis',(0.,0.,1.));
#8441=DIRECTION('ref_axis',(1.,0.,0.));
#8442=DIRECTION('center_axis',(0.,0.,1.));
#8443=DIRECTION('ref_axis',(1.,0.,0.));
#8444=DIRECTION('center_axis',(0.,0.,1.));
#8445=DIRECTION('ref_axis',(1.,0.,0.));
#8446=DIRECTION('',(0.,0.,-1.));
#8447=DIRECTION('center_axis',(0.,0.,1.));
#8448=DIRECTION('ref_axis',(1.,0.,0.));
#8449=DIRECTION('center_axis',(0.,0.,1.));
#8450=DIRECTION('ref_axis',(1.,0.,0.));
#8451=DIRECTION('center_axis',(0.,0.,1.));
#8452=DIRECTION('ref_axis',(1.,0.,0.));
#8453=DIRECTION('center_axis',(0.,0.,1.));
#8454=DIRECTION('ref_axis',(1.,0.,0.));
#8455=DIRECTION('',(0.,0.,-1.));
#8456=DIRECTION('center_axis',(0.,0.,1.));
#8457=DIRECTION('ref_axis',(1.,0.,0.));
#8458=DIRECTION('center_axis',(0.,0.,1.));
#8459=DIRECTION('ref_axis',(1.,0.,0.));
#8460=DIRECTION('center_axis',(0.,0.,1.));
#8461=DIRECTION('ref_axis',(1.,0.,0.));
#8462=DIRECTION('center_axis',(0.,0.,1.));
#8463=DIRECTION('ref_axis',(1.,0.,0.));
#8464=DIRECTION('',(0.,0.,-1.));
#8465=DIRECTION('center_axis',(0.,0.,1.));
#8466=DIRECTION('ref_axis',(1.,0.,0.));
#8467=DIRECTION('center_axis',(0.,0.,1.));
#8468=DIRECTION('ref_axis',(1.,0.,0.));
#8469=DIRECTION('center_axis',(0.,0.,1.));
#8470=DIRECTION('ref_axis',(1.,0.,0.));
#8471=DIRECTION('center_axis',(0.,0.,1.));
#8472=DIRECTION('ref_axis',(1.,0.,0.));
#8473=DIRECTION('',(0.,0.,-1.));
#8474=DIRECTION('center_axis',(0.,0.,1.));
#8475=DIRECTION('ref_axis',(1.,0.,0.));
#8476=DIRECTION('center_axis',(0.,0.,1.));
#8477=DIRECTION('ref_axis',(1.,0.,0.));
#8478=DIRECTION('center_axis',(0.,0.,1.));
#8479=DIRECTION('ref_axis',(1.,0.,0.));
#8480=DIRECTION('',(0.,1.,0.));
#8481=DIRECTION('center_axis',(0.,0.,1.));
#8482=DIRECTION('ref_axis',(0.,-1.,0.));
#8483=DIRECTION('',(1.,0.,0.));
#8484=DIRECTION('center_axis',(0.,0.,1.));
#8485=DIRECTION('ref_axis',(-1.,0.,0.));
#8486=DIRECTION('',(0.,-1.,0.));
#8487=DIRECTION('center_axis',(0.,0.,1.));
#8488=DIRECTION('ref_axis',(0.,1.,0.));
#8489=DIRECTION('',(-1.,0.,0.));
#8490=DIRECTION('center_axis',(0.,0.,1.));
#8491=DIRECTION('ref_axis',(1.,0.,0.));
#8492=DIRECTION('center_axis',(0.,0.,1.));
#8493=DIRECTION('ref_axis',(1.,0.,0.));
#8494=DIRECTION('',(0.,-1.,0.));
#8495=DIRECTION('center_axis',(0.,0.,1.));
#8496=DIRECTION('ref_axis',(1.,0.,0.));
#8497=DIRECTION('',(0.,1.,0.));
#8498=DIRECTION('center_axis',(0.,0.,1.));
#8499=DIRECTION('ref_axis',(1.,0.,0.));
#8500=DIRECTION('',(0.,-1.,0.));
#8501=DIRECTION('center_axis',(0.,0.,1.));
#8502=DIRECTION('ref_axis',(1.,0.,0.));
#8503=DIRECTION('',(0.,1.,0.));
#8504=DIRECTION('center_axis',(0.,0.,1.));
#8505=DIRECTION('ref_axis',(1.,0.,0.));
#8506=DIRECTION('',(-1.,0.,0.));
#8507=DIRECTION('center_axis',(0.,0.,1.));
#8508=DIRECTION('ref_axis',(0.,1.,0.));
#8509=DIRECTION('center_axis',(0.,0.,1.));
#8510=DIRECTION('ref_axis',(1.,0.,0.));
#8511=DIRECTION('',(0.,1.,0.));
#8512=DIRECTION('center_axis',(0.,0.,1.));
#8513=DIRECTION('ref_axis',(1.,0.,0.));
#8514=DIRECTION('',(0.,-1.,0.));
#8515=DIRECTION('center_axis',(0.,0.,1.));
#8516=DIRECTION('ref_axis',(1.,0.,0.));
#8517=DIRECTION('',(0.,1.,0.));
#8518=DIRECTION('center_axis',(0.,0.,1.));
#8519=DIRECTION('ref_axis',(1.,0.,0.));
#8520=DIRECTION('',(0.,-1.,0.));
#8521=DIRECTION('center_axis',(0.,0.,1.));
#8522=DIRECTION('ref_axis',(-1.,0.,0.));
#8523=DIRECTION('',(1.,0.,0.));
#8524=DIRECTION('center_axis',(0.,0.,1.));
#8525=DIRECTION('ref_axis',(0.,-1.,0.));
#8526=DIRECTION('',(0.,1.,0.));
#8527=DIRECTION('center_axis',(-1.,0.,0.));
#8528=DIRECTION('ref_axis',(0.,-1.,0.));
#8529=DIRECTION('',(0.,0.,1.));
#8530=DIRECTION('',(0.,0.,1.));
#8531=DIRECTION('center_axis',(1.,0.,0.));
#8532=DIRECTION('ref_axis',(0.,1.,0.));
#8533=DIRECTION('',(0.,1.,0.));
#8534=DIRECTION('',(0.,0.,1.));
#8535=DIRECTION('center_axis',(1.,0.,0.));
#8536=DIRECTION('ref_axis',(0.,1.,0.));
#8537=DIRECTION('',(0.,1.,0.));
#8538=DIRECTION('',(0.,0.,1.));
#8539=DIRECTION('center_axis',(1.,0.,0.));
#8540=DIRECTION('ref_axis',(0.,1.,0.));
#8541=DIRECTION('',(0.,0.,-1.));
#8542=DIRECTION('',(0.,1.,0.));
#8543=DIRECTION('',(0.,0.,1.));
#8544=DIRECTION('',(0.,1.,0.));
#8545=DIRECTION('center_axis',(0.,0.,1.));
#8546=DIRECTION('ref_axis',(1.,0.,0.));
#8547=DIRECTION('',(0.,-1.,0.));
#8548=DIRECTION('center_axis',(0.,0.,-1.));
#8549=DIRECTION('ref_axis',(0.,-1.,0.));
#8550=DIRECTION('',(0.,1.,0.));
#8551=DIRECTION('center_axis',(0.,0.,-1.));
#8552=DIRECTION('ref_axis',(-1.,0.,0.));
#8553=DIRECTION('',(-1.,0.,0.));
#8554=DIRECTION('center_axis',(0.,0.,-1.));
#8555=DIRECTION('ref_axis',(0.,-1.,0.));
#8556=DIRECTION('',(0.,-1.,0.));
#8557=DIRECTION('center_axis',(-1.,0.,0.));
#8558=DIRECTION('ref_axis',(0.,-1.,0.));
#8559=DIRECTION('',(0.,-1.,0.));
#8560=DIRECTION('',(0.,0.,1.));
#8561=DIRECTION('center_axis',(-1.,0.,0.));
#8562=DIRECTION('ref_axis',(0.,-1.,0.));
#8563=DIRECTION('',(0.,1.,0.));
#8564=DIRECTION('',(0.,-1.,0.));
#8565=DIRECTION('center_axis',(0.,0.,1.));
#8566=DIRECTION('ref_axis',(1.,0.,0.));
#8567=DIRECTION('center_axis',(0.,0.,1.));
#8568=DIRECTION('ref_axis',(1.,0.,0.));
#8569=DIRECTION('',(0.,-1.,0.));
#8570=DIRECTION('',(0.,-1.,0.));
#8571=DIRECTION('center_axis',(0.,0.,1.));
#8572=DIRECTION('ref_axis',(1.,0.,0.));
#8573=DIRECTION('',(0.,1.,0.));
#8574=DIRECTION('',(0.,1.,0.));
#8575=DIRECTION('center_axis',(0.,0.,1.));
#8576=DIRECTION('ref_axis',(0.,-1.,0.));
#8577=DIRECTION('',(1.,0.,0.));
#8578=DIRECTION('center_axis',(0.,0.,1.));
#8579=DIRECTION('ref_axis',(-1.,0.,0.));
#8580=DIRECTION('',(0.,-1.,0.));
#8581=DIRECTION('center_axis',(0.,0.,1.));
#8582=DIRECTION('ref_axis',(0.,1.,0.));
#8583=DIRECTION('',(-1.,0.,0.));
#8584=DIRECTION('center_axis',(0.,0.,1.));
#8585=DIRECTION('ref_axis',(1.,0.,0.));
#8586=DIRECTION('center_axis',(1.,0.,0.));
#8587=DIRECTION('ref_axis',(0.,1.,0.));
#8588=DIRECTION('',(0.,0.,1.));
#8589=DIRECTION('center_axis',(1.,0.,0.));
#8590=DIRECTION('ref_axis',(0.,1.,0.));
#8591=DIRECTION('center_axis',(-1.,0.,0.));
#8592=DIRECTION('ref_axis',(0.,-1.,0.));
#8593=DIRECTION('',(0.,0.,1.));
#8594=DIRECTION('',(0.,-1.,0.));
#8595=DIRECTION('',(0.,0.,1.));
#8596=DIRECTION('center_axis',(0.,0.,1.));
#8597=DIRECTION('ref_axis',(1.,0.,0.));
#8598=DIRECTION('center_axis',(0.,0.,1.));
#8599=DIRECTION('ref_axis',(1.,0.,0.));
#8600=DIRECTION('',(0.,0.,1.));
#8601=DIRECTION('center_axis',(0.,0.,1.));
#8602=DIRECTION('ref_axis',(1.,0.,0.));
#8603=DIRECTION('',(0.,0.,-1.));
#8604=DIRECTION('center_axis',(0.,0.,1.));
#8605=DIRECTION('ref_axis',(1.,0.,0.));
#8606=DIRECTION('center_axis',(0.,0.,1.));
#8607=DIRECTION('ref_axis',(1.,0.,0.));
#8608=DIRECTION('',(0.,0.,-1.));
#8609=DIRECTION('center_axis',(0.,0.,1.));
#8610=DIRECTION('ref_axis',(1.,0.,0.));
#8611=DIRECTION('center_axis',(0.,0.,1.));
#8612=DIRECTION('ref_axis',(1.,0.,0.));
#8613=DIRECTION('center_axis',(0.,0.,1.));
#8614=DIRECTION('ref_axis',(1.,0.,0.));
#8615=DIRECTION('',(0.,0.,1.));
#8616=DIRECTION('center_axis',(0.,0.,1.));
#8617=DIRECTION('ref_axis',(1.,0.,0.));
#8618=DIRECTION('center_axis',(0.,0.,1.));
#8619=DIRECTION('ref_axis',(1.,0.,0.));
#8620=DIRECTION('',(0.,0.,-1.));
#8621=DIRECTION('',(0.,0.,1.));
#8622=DIRECTION('center_axis',(0.,0.,1.));
#8623=DIRECTION('ref_axis',(1.,0.,0.));
#8624=DIRECTION('center_axis',(0.,0.,1.));
#8625=DIRECTION('ref_axis',(1.,0.,0.));
#8626=DIRECTION('center_axis',(-1.,0.,0.));
#8627=DIRECTION('ref_axis',(0.,-1.,0.));
#8628=DIRECTION('',(0.,0.,1.));
#8629=DIRECTION('center_axis',(-1.,0.,0.));
#8630=DIRECTION('ref_axis',(0.,-1.,0.));
#8631=DIRECTION('',(0.,-1.,0.));
#8632=DIRECTION('center_axis',(-1.,0.,0.));
#8633=DIRECTION('ref_axis',(0.,-1.,0.));
#8634=DIRECTION('',(0.,-1.,0.));
#8635=DIRECTION('center_axis',(0.,0.,1.));
#8636=DIRECTION('ref_axis',(1.,0.,0.));
#8637=DIRECTION('center_axis',(1.,0.,0.));
#8638=DIRECTION('ref_axis',(0.,1.,0.));
#8639=DIRECTION('',(0.,0.,1.));
#8640=DIRECTION('center_axis',(1.,0.,0.));
#8641=DIRECTION('ref_axis',(0.,1.,0.));
#8642=DIRECTION('',(0.,0.,1.));
#8643=DIRECTION('center_axis',(0.,0.,1.));
#8644=DIRECTION('ref_axis',(1.,0.,0.));
#8645=DIRECTION('center_axis',(0.,0.,1.));
#8646=DIRECTION('ref_axis',(0.,1.,0.));
#8647=DIRECTION('center_axis',(0.,0.,-1.));
#8648=DIRECTION('ref_axis',(0.,1.,0.));
#8649=DIRECTION('center_axis',(0.,0.,1.));
#8650=DIRECTION('ref_axis',(0.,-1.,0.));
#8651=DIRECTION('',(0.,0.,1.));
#8652=DIRECTION('center_axis',(0.,-1.,0.));
#8653=DIRECTION('ref_axis',(1.,0.,0.));
#8654=DIRECTION('',(0.,0.,1.));
#8655=DIRECTION('center_axis',(0.,0.,1.));
#8656=DIRECTION('ref_axis',(-1.,0.,0.));
#8657=DIRECTION('center_axis',(0.,0.,1.));
#8658=DIRECTION('ref_axis',(0.,-1.,0.));
#8659=DIRECTION('center_axis',(0.,0.,-1.));
#8660=DIRECTION('ref_axis',(0.,-1.,0.));
#8661=DIRECTION('center_axis',(0.,0.,1.));
#8662=DIRECTION('ref_axis',(-1.,0.,0.));
#8663=DIRECTION('center_axis',(0.,0.,1.));
#8664=DIRECTION('ref_axis',(0.,1.,0.));
#8665=DIRECTION('',(0.,0.,1.));
#8666=DIRECTION('center_axis',(0.,1.,0.));
#8667=DIRECTION('ref_axis',(-1.,0.,0.));
#8668=DIRECTION('',(0.,0.,1.));
#8669=DIRECTION('center_axis',(0.,0.,1.));
#8670=DIRECTION('ref_axis',(1.,0.,0.));
#8671=DIRECTION('center_axis',(1.,0.,0.));
#8672=DIRECTION('ref_axis',(0.,1.,0.));
#8673=DIRECTION('',(0.,1.,0.));
#8674=DIRECTION('center_axis',(0.,0.,1.));
#8675=DIRECTION('ref_axis',(1.,0.,0.));
#8676=DIRECTION('center_axis',(0.,0.,1.));
#8677=DIRECTION('ref_axis',(1.,0.,0.));
#8678=DIRECTION('center_axis',(0.,0.,-1.));
#8679=DIRECTION('ref_axis',(0.,-1.,0.));
#8680=DIRECTION('center_axis',(0.,0.,1.));
#8681=DIRECTION('ref_axis',(1.,0.,0.));
#8682=DIRECTION('center_axis',(0.,0.,-1.));
#8683=DIRECTION('ref_axis',(0.,1.,0.));
#8684=DIRECTION('center_axis',(0.,0.,1.));
#8685=DIRECTION('ref_axis',(0.,-1.,0.));
#8686=DIRECTION('center_axis',(0.,0.,1.));
#8687=DIRECTION('ref_axis',(1.,0.,0.));
#8688=DIRECTION('center_axis',(0.,0.,1.));
#8689=DIRECTION('ref_axis',(0.,1.,0.));
#8690=DIRECTION('center_axis',(0.,1.,0.));
#8691=DIRECTION('ref_axis',(-1.,0.,0.));
#8692=DIRECTION('',(0.,0.,1.));
#8693=DIRECTION('',(-1.,0.,0.));
#8694=DIRECTION('',(0.,0.,1.));
#8695=DIRECTION('center_axis',(0.,0.,1.));
#8696=DIRECTION('ref_axis',(0.,1.,0.));
#8697=DIRECTION('',(0.,0.,1.));
#8698=DIRECTION('center_axis',(0.,0.,1.));
#8699=DIRECTION('ref_axis',(0.,1.,0.));
#8700=DIRECTION('center_axis',(-1.,0.,0.));
#8701=DIRECTION('ref_axis',(0.,-1.,0.));
#8702=DIRECTION('',(0.,0.,1.));
#8703=DIRECTION('',(0.,-1.,0.));
#8704=DIRECTION('center_axis',(0.,0.,1.));
#8705=DIRECTION('ref_axis',(-1.,0.,0.));
#8706=DIRECTION('',(0.,0.,1.));
#8707=DIRECTION('center_axis',(0.,0.,1.));
#8708=DIRECTION('ref_axis',(-1.,0.,0.));
#8709=DIRECTION('center_axis',(-1.,0.,0.));
#8710=DIRECTION('ref_axis',(0.,-1.,0.));
#8711=DIRECTION('',(0.,0.,1.));
#8712=DIRECTION('center_axis',(0.,0.,1.));
#8713=DIRECTION('ref_axis',(0.,1.,0.));
#8714=DIRECTION('',(0.,0.,1.));
#8715=DIRECTION('center_axis',(0.,1.,0.));
#8716=DIRECTION('ref_axis',(-1.,0.,0.));
#8717=DIRECTION('',(0.,0.,1.));
#8718=DIRECTION('center_axis',(0.,0.,1.));
#8719=DIRECTION('ref_axis',(1.,0.,0.));
#8720=DIRECTION('center_axis',(0.,0.,1.));
#8721=DIRECTION('ref_axis',(0.,-1.,0.));
#8722=DIRECTION('',(0.,0.,1.));
#8723=DIRECTION('center_axis',(0.,-1.,0.));
#8724=DIRECTION('ref_axis',(1.,0.,0.));
#8725=DIRECTION('',(0.,0.,1.));
#8726=DIRECTION('center_axis',(0.,0.,1.));
#8727=DIRECTION('ref_axis',(-1.,0.,0.));
#8728=DIRECTION('center_axis',(0.,0.,1.));
#8729=DIRECTION('ref_axis',(1.,0.,0.));
#8730=DIRECTION('center_axis',(0.,0.,1.));
#8731=DIRECTION('ref_axis',(1.,0.,0.));
#8732=DIRECTION('',(0.,0.,1.));
#8733=DIRECTION('center_axis',(1.,0.,0.));
#8734=DIRECTION('ref_axis',(0.,1.,0.));
#8735=DIRECTION('',(0.,1.,0.));
#8736=DIRECTION('',(0.,0.,1.));
#8737=DIRECTION('center_axis',(0.,0.,1.));
#8738=DIRECTION('ref_axis',(0.,-1.,0.));
#8739=DIRECTION('center_axis',(0.,0.,1.));
#8740=DIRECTION('ref_axis',(0.,-1.,0.));
#8741=DIRECTION('',(0.,0.,1.));
#8742=DIRECTION('center_axis',(0.,-1.,0.));
#8743=DIRECTION('ref_axis',(1.,0.,0.));
#8744=DIRECTION('',(1.,0.,0.));
#8745=DIRECTION('center_axis',(0.,0.,1.));
#8746=DIRECTION('ref_axis',(1.,0.,0.));
#8747=DIRECTION('axis',(0.,0.,1.));
#8748=DIRECTION('refdir',(1.,0.,0.));
#8749=DIRECTION('center_axis',(0.,0.,1.));
#8750=DIRECTION('ref_axis',(1.,0.,0.));
#8751=DIRECTION('center_axis',(0.,0.,1.));
#8752=DIRECTION('ref_axis',(1.,0.,0.));
#8753=DIRECTION('',(0.,0.,1.));
#8754=DIRECTION('center_axis',(0.,0.,-1.));
#8755=DIRECTION('ref_axis',(1.,0.,0.));
#8756=DIRECTION('center_axis',(0.,0.,1.));
#8757=DIRECTION('ref_axis',(1.,0.,0.));
#8758=DIRECTION('center_axis',(0.,0.,1.));
#8759=DIRECTION('ref_axis',(1.,0.,0.));
#8760=DIRECTION('',(0.,0.,1.));
#8761=DIRECTION('center_axis',(0.,0.,-1.));
#8762=DIRECTION('ref_axis',(1.,0.,0.));
#8763=DIRECTION('center_axis',(0.,0.,1.));
#8764=DIRECTION('ref_axis',(1.,0.,0.));
#8765=DIRECTION('center_axis',(0.,0.,1.));
#8766=DIRECTION('ref_axis',(1.,0.,0.));
#8767=DIRECTION('',(0.,0.,1.));
#8768=DIRECTION('center_axis',(0.,0.,-1.));
#8769=DIRECTION('ref_axis',(1.,0.,0.));
#8770=DIRECTION('center_axis',(0.,0.,1.));
#8771=DIRECTION('ref_axis',(1.,0.,0.));
#8772=DIRECTION('center_axis',(0.,0.,1.));
#8773=DIRECTION('ref_axis',(1.,0.,0.));
#8774=DIRECTION('',(0.,0.,1.));
#8775=DIRECTION('center_axis',(0.,0.,-1.));
#8776=DIRECTION('ref_axis',(1.,0.,0.));
#8777=DIRECTION('center_axis',(0.,0.,1.));
#8778=DIRECTION('ref_axis',(1.,0.,0.));
#8779=DIRECTION('center_axis',(0.,0.,1.));
#8780=DIRECTION('ref_axis',(1.,0.,0.));
#8781=DIRECTION('',(0.,0.,1.));
#8782=DIRECTION('center_axis',(0.,0.,-1.));
#8783=DIRECTION('ref_axis',(1.,0.,0.));
#8784=DIRECTION('center_axis',(0.,0.,1.));
#8785=DIRECTION('ref_axis',(1.,0.,0.));
#8786=DIRECTION('center_axis',(0.,0.,1.));
#8787=DIRECTION('ref_axis',(1.,0.,0.));
#8788=DIRECTION('',(0.,0.,1.));
#8789=DIRECTION('center_axis',(0.,0.,-1.));
#8790=DIRECTION('ref_axis',(1.,0.,0.));
#8791=DIRECTION('center_axis',(0.,0.,1.));
#8792=DIRECTION('ref_axis',(1.,0.,0.));
#8793=DIRECTION('center_axis',(0.,0.,1.));
#8794=DIRECTION('ref_axis',(1.,0.,0.));
#8795=DIRECTION('',(0.,0.,1.));
#8796=DIRECTION('center_axis',(0.,0.,-1.));
#8797=DIRECTION('ref_axis',(1.,0.,0.));
#8798=DIRECTION('center_axis',(0.,0.,1.));
#8799=DIRECTION('ref_axis',(1.,0.,0.));
#8800=DIRECTION('center_axis',(0.,0.,1.));
#8801=DIRECTION('ref_axis',(1.,0.,0.));
#8802=DIRECTION('',(0.,0.,1.));
#8803=DIRECTION('center_axis',(0.,0.,-1.));
#8804=DIRECTION('ref_axis',(1.,0.,0.));
#8805=DIRECTION('center_axis',(0.,0.,1.));
#8806=DIRECTION('ref_axis',(-1.,-1.22464679914735E-16,0.));
#8807=DIRECTION('',(0.,0.,1.));
#8808=DIRECTION('center_axis',(0.,0.,1.));
#8809=DIRECTION('ref_axis',(1.,0.,0.));
#8810=DIRECTION('',(0.,0.,-1.));
#8811=DIRECTION('center_axis',(0.,0.,-1.));
#8812=DIRECTION('ref_axis',(1.,0.,0.));
#8813=DIRECTION('center_axis',(0.,0.,1.));
#8814=DIRECTION('ref_axis',(1.,0.,0.));
#8815=DIRECTION('center_axis',(0.,0.,1.));
#8816=DIRECTION('ref_axis',(1.,0.,0.));
#8817=DIRECTION('',(0.,0.,-1.));
#8818=DIRECTION('center_axis',(0.,0.,-1.));
#8819=DIRECTION('ref_axis',(1.,0.,0.));
#8820=DIRECTION('',(0.,0.,1.));
#8821=DIRECTION('center_axis',(0.,0.,1.));
#8822=DIRECTION('ref_axis',(1.,0.,0.));
#8823=DIRECTION('center_axis',(0.,0.,1.));
#8824=DIRECTION('ref_axis',(1.,0.,0.));
#8825=DIRECTION('',(0.,0.,-1.));
#8826=DIRECTION('center_axis',(0.,0.,-1.));
#8827=DIRECTION('ref_axis',(1.,0.,0.));
#8828=DIRECTION('',(0.,0.,1.));
#8829=DIRECTION('center_axis',(0.,0.,1.));
#8830=DIRECTION('ref_axis',(-1.,-1.22464679914735E-16,0.));
#8831=DIRECTION('',(0.,0.,1.));
#8832=DIRECTION('center_axis',(0.,0.,1.));
#8833=DIRECTION('ref_axis',(1.,0.,0.));
#8834=DIRECTION('',(0.,0.,-1.));
#8835=DIRECTION('center_axis',(0.,0.,-1.));
#8836=DIRECTION('ref_axis',(1.,0.,0.));
#8837=DIRECTION('center_axis',(-1.,0.,0.));
#8838=DIRECTION('ref_axis',(0.,-1.,0.));
#8839=DIRECTION('',(0.,-1.,0.));
#8840=DIRECTION('',(0.,0.,1.));
#8841=DIRECTION('',(0.,-1.,0.));
#8842=DIRECTION('center_axis',(-1.,0.,0.));
#8843=DIRECTION('ref_axis',(0.,-1.,0.));
#8844=DIRECTION('',(0.,-1.,0.));
#8845=DIRECTION('',(0.,-1.,0.));
#8846=DIRECTION('center_axis',(0.,0.,1.));
#8847=DIRECTION('ref_axis',(1.,0.,0.));
#8848=DIRECTION('',(0.,1.,0.));
#8849=DIRECTION('center_axis',(0.,0.,1.));
#8850=DIRECTION('ref_axis',(1.,0.,0.));
#8851=DIRECTION('',(0.,1.,0.));
#8852=DIRECTION('center_axis',(0.,0.,1.));
#8853=DIRECTION('ref_axis',(0.,-1.,0.));
#8854=DIRECTION('',(1.,0.,0.));
#8855=DIRECTION('center_axis',(0.,0.,1.));
#8856=DIRECTION('ref_axis',(-1.,0.,0.));
#8857=DIRECTION('',(0.,-1.,0.));
#8858=DIRECTION('center_axis',(0.,0.,1.));
#8859=DIRECTION('ref_axis',(1.,0.,0.));
#8860=DIRECTION('',(0.,-1.,0.));
#8861=DIRECTION('center_axis',(0.,0.,1.));
#8862=DIRECTION('ref_axis',(1.,0.,0.));
#8863=DIRECTION('',(0.,-1.,0.));
#8864=DIRECTION('center_axis',(0.,0.,1.));
#8865=DIRECTION('ref_axis',(0.,1.,0.));
#8866=DIRECTION('',(-1.,0.,0.));
#8867=DIRECTION('center_axis',(0.,0.,1.));
#8868=DIRECTION('ref_axis',(1.,0.,0.));
#8869=DIRECTION('',(0.,1.,0.));
#8870=DIRECTION('center_axis',(0.,0.,1.));
#8871=DIRECTION('ref_axis',(1.,0.,0.));
#8872=DIRECTION('',(0.,1.,0.));
#8873=DIRECTION('',(0.,1.,0.));
#8874=DIRECTION('',(0.,-1.,0.));
#8875=DIRECTION('center_axis',(0.,0.,-1.));
#8876=DIRECTION('ref_axis',(1.,0.,0.));
#8877=DIRECTION('',(1.,0.,0.));
#8878=DIRECTION('center_axis',(0.,0.,-1.));
#8879=DIRECTION('ref_axis',(0.,1.,0.));
#8880=DIRECTION('',(0.,1.,0.));
#8881=DIRECTION('',(0.924719074203297,0.380650277557494,0.));
#8882=DIRECTION('center_axis',(0.,0.,1.));
#8883=DIRECTION('ref_axis',(-0.380650277557494,-0.924719074203297,0.));
#8884=DIRECTION('',(-0.924719074203297,0.380650277557494,0.));
#8885=DIRECTION('',(0.,1.,0.));
#8886=DIRECTION('',(0.924719074203297,0.380650277557494,0.));
#8887=DIRECTION('center_axis',(0.,0.,1.));
#8888=DIRECTION('ref_axis',(-0.380650277557494,-0.924719074203297,0.));
#8889=DIRECTION('',(-0.924719074203297,0.380650277557495,0.));
#8890=DIRECTION('',(0.,1.,0.));
#8891=DIRECTION('center_axis',(0.,0.,-1.));
#8892=DIRECTION('ref_axis',(-1.,0.,0.));
#8893=DIRECTION('',(-1.,0.,0.));
#8894=DIRECTION('center_axis',(0.,0.,-1.));
#8895=DIRECTION('ref_axis',(0.,-1.,0.));
#8896=DIRECTION('',(0.,-1.,0.));
#8897=DIRECTION('',(-0.924719074203297,-0.380650277557495,0.));
#8898=DIRECTION('center_axis',(0.,0.,1.));
#8899=DIRECTION('ref_axis',(0.380650277557494,0.924719074203297,0.));
#8900=DIRECTION('',(0.924719074203297,-0.380650277557494,0.));
#8901=DIRECTION('',(0.,-1.,0.));
#8902=DIRECTION('',(-0.924719074203297,-0.380650277557494,0.));
#8903=DIRECTION('center_axis',(0.,0.,1.));
#8904=DIRECTION('ref_axis',(0.380650277557494,0.924719074203297,0.));
#8905=DIRECTION('',(0.924719074203297,-0.380650277557494,0.));
#8906=DIRECTION('center_axis',(1.,0.,0.));
#8907=DIRECTION('ref_axis',(0.,1.,0.));
#8908=DIRECTION('',(0.,0.,1.));
#8909=DIRECTION('',(0.,1.,0.));
#8910=DIRECTION('center_axis',(1.,0.,0.));
#8911=DIRECTION('ref_axis',(0.,1.,0.));
#8912=DIRECTION('',(0.,1.,0.));
#8913=DIRECTION('',(0.,0.,-1.));
#8914=DIRECTION('center_axis',(1.,0.,0.));
#8915=DIRECTION('ref_axis',(0.,1.,0.));
#8916=DIRECTION('',(0.,1.,0.));
#8917=DIRECTION('center_axis',(0.,0.,1.));
#8918=DIRECTION('ref_axis',(1.,0.,0.));
#8919=DIRECTION('',(0.,0.,-1.));
#8920=DIRECTION('center_axis',(0.,0.,1.));
#8921=DIRECTION('ref_axis',(1.,0.,0.));
#8922=DIRECTION('center_axis',(1.,0.,0.));
#8923=DIRECTION('ref_axis',(0.,1.,0.));
#8924=DIRECTION('',(0.,0.,1.));
#8925=DIRECTION('',(0.,1.,0.));
#8926=DIRECTION('center_axis',(0.,0.,1.));
#8927=DIRECTION('ref_axis',(1.,0.,0.));
#8928=DIRECTION('center_axis',(0.,0.,1.));
#8929=DIRECTION('ref_axis',(1.,0.,0.));
#8930=DIRECTION('',(-1.,0.,0.));
#8931=DIRECTION('center_axis',(0.,0.,1.));
#8932=DIRECTION('ref_axis',(0.,1.,0.));
#8933=DIRECTION('',(0.,-1.,0.));
#8934=DIRECTION('center_axis',(0.,0.,1.));
#8935=DIRECTION('ref_axis',(1.,0.,0.));
#8936=DIRECTION('',(0.,-1.,0.));
#8937=DIRECTION('center_axis',(0.,0.,1.));
#8938=DIRECTION('ref_axis',(1.,0.,0.));
#8939=DIRECTION('',(0.,-1.,0.));
#8940=DIRECTION('center_axis',(0.,0.,1.));
#8941=DIRECTION('ref_axis',(-1.,0.,0.));
#8942=DIRECTION('',(1.,0.,0.));
#8943=DIRECTION('center_axis',(0.,0.,1.));
#8944=DIRECTION('ref_axis',(0.,-1.,0.));
#8945=DIRECTION('',(0.,1.,0.));
#8946=DIRECTION('center_axis',(0.,0.,1.));
#8947=DIRECTION('ref_axis',(1.,0.,0.));
#8948=DIRECTION('',(0.,-1.,0.));
#8949=DIRECTION('',(-0.924719074203297,0.380650277557494,0.));
#8950=DIRECTION('center_axis',(0.,0.,1.));
#8951=DIRECTION('ref_axis',(0.380650277557494,0.924719074203297,0.));
#8952=DIRECTION('',(0.924719074203297,0.380650277557495,0.));
#8953=DIRECTION('',(0.,-1.,0.));
#8954=DIRECTION('center_axis',(0.,0.,-1.));
#8955=DIRECTION('ref_axis',(0.,-1.,0.));
#8956=DIRECTION('',(-1.,0.,0.));
#8957=DIRECTION('center_axis',(0.,0.,-1.));
#8958=DIRECTION('ref_axis',(-1.,0.,0.));
#8959=DIRECTION('',(0.,1.,0.));
#8960=DIRECTION('',(0.924719074203297,-0.380650277557495,0.));
#8961=DIRECTION('center_axis',(0.,0.,1.));
#8962=DIRECTION('ref_axis',(-0.380650277557494,-0.924719074203297,0.));
#8963=DIRECTION('',(-0.924719074203297,-0.380650277557494,0.));
#8964=DIRECTION('',(0.,1.,0.));
#8965=DIRECTION('',(0.924719074203297,-0.380650277557494,0.));
#8966=DIRECTION('center_axis',(0.,0.,1.));
#8967=DIRECTION('ref_axis',(-0.380650277557494,-0.924719074203297,0.));
#8968=DIRECTION('',(-0.924719074203297,-0.380650277557494,0.));
#8969=DIRECTION('',(0.,1.,0.));
#8970=DIRECTION('center_axis',(0.,0.,-1.));
#8971=DIRECTION('ref_axis',(0.,1.,0.));
#8972=DIRECTION('',(1.,0.,0.));
#8973=DIRECTION('center_axis',(0.,0.,-1.));
#8974=DIRECTION('ref_axis',(1.,0.,0.));
#8975=DIRECTION('',(0.,-1.,0.));
#8976=DIRECTION('',(-0.924719074203297,0.380650277557494,0.));
#8977=DIRECTION('center_axis',(0.,0.,1.));
#8978=DIRECTION('ref_axis',(0.380650277557494,0.924719074203297,0.));
#8979=DIRECTION('',(0.924719074203297,0.380650277557494,0.));
#8980=DIRECTION('center_axis',(0.,0.,1.));
#8981=DIRECTION('ref_axis',(-1.,-1.22464679914735E-16,0.));
#8982=DIRECTION('',(0.,0.,-1.));
#8983=DIRECTION('center_axis',(-1.,0.,0.));
#8984=DIRECTION('ref_axis',(0.,-1.,0.));
#8985=DIRECTION('',(0.,0.,-1.));
#8986=DIRECTION('center_axis',(0.,0.,1.));
#8987=DIRECTION('ref_axis',(-1.,-1.22464679914735E-16,0.));
#8988=DIRECTION('',(0.,0.,1.));
#8989=DIRECTION('center_axis',(-1.,0.,0.));
#8990=DIRECTION('ref_axis',(0.,-1.,0.));
#8991=DIRECTION('',(0.,0.,1.));
#8992=DIRECTION('center_axis',(0.,0.,1.));
#8993=DIRECTION('ref_axis',(1.,0.,0.));
#8994=DIRECTION('',(0.,0.,1.));
#8995=DIRECTION('center_axis',(1.,0.,0.));
#8996=DIRECTION('ref_axis',(0.,1.,0.));
#8997=DIRECTION('',(0.,0.,1.));
#8998=DIRECTION('center_axis',(0.380650277557494,0.924719074203297,0.));
#8999=DIRECTION('ref_axis',(-0.924719074203297,0.380650277557494,0.));
#9000=DIRECTION('',(0.,0.,1.));
#9001=DIRECTION('',(0.,0.,1.));
#9002=DIRECTION('center_axis',(0.380650277557494,-0.924719074203297,0.));
#9003=DIRECTION('ref_axis',(0.924719074203297,0.380650277557494,0.));
#9004=DIRECTION('',(0.,0.,-1.));
#9005=DIRECTION('',(0.,0.,1.));
#9006=DIRECTION('center_axis',(0.,0.,1.));
#9007=DIRECTION('ref_axis',(-1.,1.3010426069826E-16,0.));
#9008=DIRECTION('center_axis',(-1.,0.,0.));
#9009=DIRECTION('ref_axis',(0.,-1.,0.));
#9010=DIRECTION('',(0.,0.,1.));
#9011=DIRECTION('center_axis',(-1.,0.,0.));
#9012=DIRECTION('ref_axis',(0.,-1.,0.));
#9013=DIRECTION('',(0.,0.,1.));
#9014=DIRECTION('center_axis',(-0.380650277557495,-0.924719074203297,0.));
#9015=DIRECTION('ref_axis',(0.924719074203297,-0.380650277557495,0.));
#9016=DIRECTION('',(0.,0.,1.));
#9017=DIRECTION('',(0.,0.,1.));
#9018=DIRECTION('center_axis',(-0.380650277557494,0.924719074203297,0.));
#9019=DIRECTION('ref_axis',(-0.924719074203297,-0.380650277557494,0.));
#9020=DIRECTION('',(0.,0.,-1.));
#9021=DIRECTION('',(0.,0.,1.));
#9022=DIRECTION('center_axis',(0.,0.,1.));
#9023=DIRECTION('ref_axis',(1.,-1.3010426069826E-16,0.));
#9024=DIRECTION('center_axis',(1.,0.,0.));
#9025=DIRECTION('ref_axis',(0.,1.,0.));
#9026=DIRECTION('',(0.,0.,1.));
#9027=DIRECTION('center_axis',(-0.380650277557494,-0.924719074203297,0.));
#9028=DIRECTION('ref_axis',(0.924719074203297,-0.380650277557494,0.));
#9029=DIRECTION('',(0.,0.,1.));
#9030=DIRECTION('center_axis',(-0.380650277557494,0.924719074203297,0.));
#9031=DIRECTION('ref_axis',(-0.924719074203297,-0.380650277557494,0.));
#9032=DIRECTION('',(0.,0.,-1.));
#9033=DIRECTION('',(0.,0.,1.));
#9034=DIRECTION('center_axis',(0.,0.,1.));
#9035=DIRECTION('ref_axis',(1.,4.33680868994202E-17,0.));
#9036=DIRECTION('center_axis',(1.,0.,0.));
#9037=DIRECTION('ref_axis',(0.,1.,0.));
#9038=DIRECTION('',(0.,0.,1.));
#9039=DIRECTION('center_axis',(1.,0.,0.));
#9040=DIRECTION('ref_axis',(0.,1.,0.));
#9041=DIRECTION('',(0.,0.,1.));
#9042=DIRECTION('center_axis',(0.380650277557495,-0.924719074203297,0.));
#9043=DIRECTION('ref_axis',(0.924719074203297,0.380650277557495,0.));
#9044=DIRECTION('',(0.,0.,-1.));
#9045=DIRECTION('',(0.,0.,1.));
#9046=DIRECTION('center_axis',(0.380650277557494,0.924719074203297,0.));
#9047=DIRECTION('ref_axis',(-0.924719074203297,0.380650277557494,0.));
#9048=DIRECTION('',(0.,0.,1.));
#9049=DIRECTION('center_axis',(0.,0.,1.));
#9050=DIRECTION('ref_axis',(-1.,1.3010426069826E-16,0.));
#9051=DIRECTION('center_axis',(0.,1.,0.));
#9052=DIRECTION('ref_axis',(-1.,0.,0.));
#9053=DIRECTION('',(0.,0.,1.));
#9054=DIRECTION('',(0.,0.,1.));
#9055=DIRECTION('center_axis',(0.,0.,1.));
#9056=DIRECTION('ref_axis',(0.,-1.,0.));
#9057=DIRECTION('',(0.,0.,1.));
#9058=DIRECTION('center_axis',(-1.,0.,0.));
#9059=DIRECTION('ref_axis',(0.,-1.,0.));
#9060=DIRECTION('center_axis',(0.,0.,1.));
#9061=DIRECTION('ref_axis',(1.,0.,0.));
#9062=DIRECTION('',(0.,0.,1.));
#9063=DIRECTION('center_axis',(0.,-1.,0.));
#9064=DIRECTION('ref_axis',(1.,0.,0.));
#9065=DIRECTION('',(0.,0.,1.));
#9066=DIRECTION('center_axis',(0.,0.,1.));
#9067=DIRECTION('ref_axis',(0.,1.,0.));
#9068=DIRECTION('center_axis',(0.,0.,1.));
#9069=DIRECTION('ref_axis',(-1.,0.,0.));
#9070=DIRECTION('center_axis',(-1.,0.,0.));
#9071=DIRECTION('ref_axis',(0.,-1.,0.));
#9072=DIRECTION('',(0.,0.,1.));
#9073=DIRECTION('center_axis',(0.,0.,1.));
#9074=DIRECTION('ref_axis',(0.,1.,0.));
#9075=DIRECTION('',(0.,0.,1.));
#9076=DIRECTION('center_axis',(0.,1.,0.));
#9077=DIRECTION('ref_axis',(-1.,0.,0.));
#9078=DIRECTION('',(0.,0.,1.));
#9079=DIRECTION('center_axis',(0.,0.,1.));
#9080=DIRECTION('ref_axis',(1.,0.,0.));
#9081=DIRECTION('center_axis',(0.,0.,1.));
#9082=DIRECTION('ref_axis',(0.,-1.,0.));
#9083=DIRECTION('',(0.,0.,1.));
#9084=DIRECTION('center_axis',(0.,-1.,0.));
#9085=DIRECTION('ref_axis',(1.,0.,0.));
#9086=DIRECTION('',(0.,0.,1.));
#9087=DIRECTION('center_axis',(0.,0.,1.));
#9088=DIRECTION('ref_axis',(-1.,0.,0.));
#9089=DIRECTION('',(0.,0.,1.));
#9090=DIRECTION('',(1.,0.,0.));
#9091=DIRECTION('',(0.,0.,1.));
#9092=DIRECTION('',(1.,0.,0.));
#9093=DIRECTION('',(0.,0.,1.));
#9094=DIRECTION('',(1.,0.,0.));
#9095=CARTESIAN_POINT('',(0.,0.,0.));
#9096=CARTESIAN_POINT('',(0.,0.,0.));
#9097=CARTESIAN_POINT('Origin',(2.6,5.05,0.25));
#9098=CARTESIAN_POINT('',(2.6,4.95,0.7));
#9099=CARTESIAN_POINT('',(2.6,5.05,0.7));
#9100=CARTESIAN_POINT('',(2.6,5.037,0.7));
#9101=CARTESIAN_POINT('',(2.6,4.95,0.25));
#9102=CARTESIAN_POINT('',(2.6,4.95,0.25));
#9103=CARTESIAN_POINT('',(2.6,4.92,0.25));
#9104=CARTESIAN_POINT('',(2.6,2.525,0.25));
#9105=CARTESIAN_POINT('',(2.6,4.92,0.75));
#9106=CARTESIAN_POINT('',(2.6,4.92,0.25));
#9107=CARTESIAN_POINT('',(2.6,5.05,0.75));
#9108=CARTESIAN_POINT('',(2.6,5.05,0.75));
#9109=CARTESIAN_POINT('',(2.6,5.05,0.25));
#9110=CARTESIAN_POINT('Origin',(2.9,5.05,0.25));
#9111=CARTESIAN_POINT('',(2.9,5.05,0.7));
#9112=CARTESIAN_POINT('',(1.45,5.05,0.7));
#9113=CARTESIAN_POINT('',(2.9,5.05,0.75));
#9114=CARTESIAN_POINT('',(2.9,5.05,0.75));
#9115=CARTESIAN_POINT('',(2.9,5.05,0.25));
#9116=CARTESIAN_POINT('Origin',(2.9,4.92,0.25));
#9117=CARTESIAN_POINT('',(2.9,4.95,0.7));
#9118=CARTESIAN_POINT('',(2.9,4.972,0.7));
#9119=CARTESIAN_POINT('',(2.9,4.92,0.75));
#9120=CARTESIAN_POINT('',(2.9,4.92,0.75));
#9121=CARTESIAN_POINT('',(2.9,4.92,0.25));
#9122=CARTESIAN_POINT('',(2.9,4.92,0.25));
#9123=CARTESIAN_POINT('',(2.9,4.95,0.25));
#9124=CARTESIAN_POINT('',(2.9,2.46,0.25));
#9125=CARTESIAN_POINT('',(2.9,4.95,0.25));
#9126=CARTESIAN_POINT('Origin',(2.6,4.92,0.25));
#9127=CARTESIAN_POINT('',(1.3,4.92,0.25));
#9128=CARTESIAN_POINT('',(2.6,4.92,0.75));
#9129=CARTESIAN_POINT('Origin',(2.75,4.985,0.75));
#9130=CARTESIAN_POINT('Origin',(0.,5.024,0.7));
#9131=CARTESIAN_POINT('',(3.05,4.95,0.7));
#9132=CARTESIAN_POINT('',(1.9,4.95,0.7));
#9133=CARTESIAN_POINT('',(3.05,5.1,0.7));
#9134=CARTESIAN_POINT('',(3.05,4.948,0.7));
#9135=CARTESIAN_POINT('',(-3.05,5.1,0.7));
#9136=CARTESIAN_POINT('',(3.05,5.1,0.7));
#9137=CARTESIAN_POINT('',(-3.05,4.95,0.7));
#9138=CARTESIAN_POINT('',(-3.05,5.1,0.7));
#9139=CARTESIAN_POINT('',(-2.8,4.95,0.7));
#9140=CARTESIAN_POINT('',(1.9,4.95,0.7));
#9141=CARTESIAN_POINT('',(-2.8,5.05,0.7));
#9142=CARTESIAN_POINT('',(-2.8,5.037,0.7));
#9143=CARTESIAN_POINT('',(-2.5,5.05,0.7));
#9144=CARTESIAN_POINT('',(-1.25,5.05,0.7));
#9145=CARTESIAN_POINT('',(-2.5,4.95,0.7));
#9146=CARTESIAN_POINT('',(-2.5,4.972,0.7));
#9147=CARTESIAN_POINT('',(1.9,4.95,0.7));
#9148=CARTESIAN_POINT('Origin',(3.8,4.95,0.25));
#9149=CARTESIAN_POINT('',(3.8,4.95,0.25));
#9150=CARTESIAN_POINT('',(3.8,4.95,0.25));
#9151=CARTESIAN_POINT('',(3.8,4.95,2.76));
#9152=CARTESIAN_POINT('',(3.8,4.95,0.25));
#9153=CARTESIAN_POINT('',(-3.8,4.95,2.76));
#9154=CARTESIAN_POINT('',(1.9,4.95,2.76));
#9155=CARTESIAN_POINT('',(-3.8,4.95,0.25));
#9156=CARTESIAN_POINT('',(-3.8,4.95,0.25));
#9157=CARTESIAN_POINT('',(-2.8,4.95,0.25));
#9158=CARTESIAN_POINT('',(3.8,4.95,0.25));
#9159=CARTESIAN_POINT('',(-2.8,4.95,0.25));
#9160=CARTESIAN_POINT('',(-3.05,4.95,0.99));
#9161=CARTESIAN_POINT('',(-3.05,4.95,0.475));
#9162=CARTESIAN_POINT('',(-2.8875,4.95,0.99));
#9163=CARTESIAN_POINT('',(1.9,4.95,0.99));
#9164=CARTESIAN_POINT('',(-2.8875,4.95,2.291));
#9165=CARTESIAN_POINT('',(-2.8875,4.95,0.565));
#9166=CARTESIAN_POINT('',(-2.8675,4.95,2.311));
#9167=CARTESIAN_POINT('Origin',(-2.8675,4.95,2.291));
#9168=CARTESIAN_POINT('',(-1.2325,4.95,2.311));
#9169=CARTESIAN_POINT('',(0.46625,4.95,2.311));
#9170=CARTESIAN_POINT('',(-1.2125,4.95,2.291));
#9171=CARTESIAN_POINT('Origin',(-1.2325,4.95,2.291));
#9172=CARTESIAN_POINT('',(-1.2125,4.95,0.99));
#9173=CARTESIAN_POINT('',(-1.2125,4.95,1.2705));
#9174=CARTESIAN_POINT('',(-0.85,4.95,0.99));
#9175=CARTESIAN_POINT('',(1.9,4.95,0.99));
#9176=CARTESIAN_POINT('',(-0.85,4.95,2.05));
#9177=CARTESIAN_POINT('',(-0.85,4.95,0.565));
#9178=CARTESIAN_POINT('',(-0.83,4.95,2.07));
#9179=CARTESIAN_POINT('Origin',(-0.83,4.95,2.05));
#9180=CARTESIAN_POINT('',(0.13,4.95,2.07));
#9181=CARTESIAN_POINT('',(1.485,4.95,2.07));
#9182=CARTESIAN_POINT('',(0.15,4.95,2.05));
#9183=CARTESIAN_POINT('Origin',(0.13,4.95,2.05));
#9184=CARTESIAN_POINT('',(0.15,4.95,0.99));
#9185=CARTESIAN_POINT('',(0.15,4.95,1.15));
#9186=CARTESIAN_POINT('',(3.05,4.95,0.99));
#9187=CARTESIAN_POINT('',(1.9,4.95,0.99));
#9188=CARTESIAN_POINT('',(3.05,4.95,0.475));
#9189=CARTESIAN_POINT('',(2.45,4.95,1.87));
#9190=CARTESIAN_POINT('',(2.45,4.95,1.27));
#9191=CARTESIAN_POINT('',(2.45,4.95,1.06));
#9192=CARTESIAN_POINT('',(2.25,4.95,1.07));
#9193=CARTESIAN_POINT('Origin',(2.25,4.95,1.27));
#9194=CARTESIAN_POINT('',(0.65,4.95,1.07));
#9195=CARTESIAN_POINT('',(3.025,4.95,1.07));
#9196=CARTESIAN_POINT('',(0.45,4.95,1.27));
#9197=CARTESIAN_POINT('Origin',(0.65,4.95,1.27));
#9198=CARTESIAN_POINT('',(0.45,4.95,1.87));
#9199=CARTESIAN_POINT('',(0.45,4.95,0.76));
#9200=CARTESIAN_POINT('',(0.65,4.95,2.07));
#9201=CARTESIAN_POINT('Origin',(0.65,4.95,1.87));
#9202=CARTESIAN_POINT('',(2.25,4.95,2.07));
#9203=CARTESIAN_POINT('',(2.225,4.95,2.07));
#9204=CARTESIAN_POINT('Origin',(2.25,4.95,1.87));
#9205=CARTESIAN_POINT('Origin',(-2.8,5.05,0.25));
#9206=CARTESIAN_POINT('',(-2.8,4.92,0.25));
#9207=CARTESIAN_POINT('',(-2.8,2.525,0.25));
#9208=CARTESIAN_POINT('',(-2.8,4.92,0.75));
#9209=CARTESIAN_POINT('',(-2.8,4.92,0.25));
#9210=CARTESIAN_POINT('',(-2.8,5.05,0.75));
#9211=CARTESIAN_POINT('',(-2.8,5.05,0.75));
#9212=CARTESIAN_POINT('',(-2.8,5.05,0.25));
#9213=CARTESIAN_POINT('Origin',(-2.5,5.05,0.25));
#9214=CARTESIAN_POINT('',(-2.5,5.05,0.75));
#9215=CARTESIAN_POINT('',(-2.5,5.05,0.75));
#9216=CARTESIAN_POINT('',(-2.5,5.05,0.25));
#9217=CARTESIAN_POINT('Origin',(-2.5,4.92,0.25));
#9218=CARTESIAN_POINT('',(-2.5,4.92,0.75));
#9219=CARTESIAN_POINT('',(-2.5,4.92,0.75));
#9220=CARTESIAN_POINT('',(-2.5,4.92,0.25));
#9221=CARTESIAN_POINT('',(-2.5,4.92,0.25));
#9222=CARTESIAN_POINT('',(-2.5,4.95,0.25));
#9223=CARTESIAN_POINT('',(-2.5,2.46,0.25));
#9224=CARTESIAN_POINT('',(-2.5,4.95,0.25));
#9225=CARTESIAN_POINT('Origin',(-2.8,4.92,0.25));
#9226=CARTESIAN_POINT('',(-1.4,4.92,0.25));
#9227=CARTESIAN_POINT('',(-2.8,4.92,0.75));
#9228=CARTESIAN_POINT('Origin',(-2.65,4.985,0.75));
#9229=CARTESIAN_POINT('Origin',(0.6753,4.6317,1.68));
#9230=CARTESIAN_POINT('',(0.516412901719492,4.85,1.68));
#9231=CARTESIAN_POINT('',(0.834187098280508,4.85,1.68));
#9232=CARTESIAN_POINT('',(1.06265,4.85,1.68));
#9233=CARTESIAN_POINT('Origin',(0.6753,4.6317,1.68));
#9234=CARTESIAN_POINT('Origin',(0.6753,4.6317,0.83));
#9235=CARTESIAN_POINT('',(0.516412901719492,4.85,1.13));
#9236=CARTESIAN_POINT('',(0.834187098280508,4.85,1.13));
#9237=CARTESIAN_POINT('Origin',(0.6753,4.6317,1.13));
#9238=CARTESIAN_POINT('',(0.516412901719492,4.85,1.12115616514953));
#9239=CARTESIAN_POINT('',(0.516412901719492,4.85,0.83));
#9240=CARTESIAN_POINT('',(0.65,4.90051203470083,1.07));
#9241=CARTESIAN_POINT('Ctrl Pts',(0.65,4.90051203470083,1.07));
#9242=CARTESIAN_POINT('Ctrl Pts',(0.622741402820389,4.89794651523139,1.07));
#9243=CARTESIAN_POINT('Ctrl Pts',(0.594926022518919,4.89084662734261,1.07586011190056));
#9244=CARTESIAN_POINT('Ctrl Pts',(0.549879759336003,4.87182323395299,1.09544407177193));
#9245=CARTESIAN_POINT('Ctrl Pts',(0.531566833329493,4.86102961164019,1.10755553632029));
#9246=CARTESIAN_POINT('Ctrl Pts',(0.516412901719492,4.85,1.12115616514953));
#9247=CARTESIAN_POINT('',(0.834187098280508,4.85,1.07));
#9248=CARTESIAN_POINT('Origin',(0.6753,4.6317,1.07));
#9249=CARTESIAN_POINT('',(0.834187098280508,4.85,0.83));
#9250=CARTESIAN_POINT('Origin',(0.6753,4.6317,0.83));
#9251=CARTESIAN_POINT('',(0.516412901719492,4.85,1.48));
#9252=CARTESIAN_POINT('',(0.516412901719492,4.85,0.83));
#9253=CARTESIAN_POINT('',(0.834187098280508,4.85,1.48));
#9254=CARTESIAN_POINT('Origin',(0.6753,4.6317,1.48));
#9255=CARTESIAN_POINT('',(0.834187098280508,4.85,0.83));
#9256=CARTESIAN_POINT('Origin',(2.1993,4.6317,1.68));
#9257=CARTESIAN_POINT('',(2.04041290171949,4.85,1.68));
#9258=CARTESIAN_POINT('',(2.35818709828051,4.85,1.68));
#9259=CARTESIAN_POINT('',(1.82465,4.85,1.68));
#9260=CARTESIAN_POINT('Origin',(2.1993,4.6317,1.68));
#9261=CARTESIAN_POINT('Origin',(2.1993,4.6317,0.83));
#9262=CARTESIAN_POINT('',(2.04041290171949,4.85,1.13));
#9263=CARTESIAN_POINT('',(2.35818709828051,4.85,1.13));
#9264=CARTESIAN_POINT('Origin',(2.1993,4.6317,1.13));
#9265=CARTESIAN_POINT('',(2.04041290171949,4.85,1.07));
#9266=CARTESIAN_POINT('',(2.04041290171949,4.85,0.83));
#9267=CARTESIAN_POINT('',(2.25,4.89689711536893,1.07));
#9268=CARTESIAN_POINT('Origin',(2.1993,4.6317,1.07));
#9269=CARTESIAN_POINT('',(2.35818709828051,4.85,1.10178718311126));
#9270=CARTESIAN_POINT('Ctrl Pts',(2.35818709828051,4.85,1.10178718311126));
#9271=CARTESIAN_POINT('Ctrl Pts',(2.35003824108665,4.85593105026951,1.09654619594743));
#9272=CARTESIAN_POINT('Ctrl Pts',(2.34131541914106,4.86157615183718,1.0917779949219));
#9273=CARTESIAN_POINT('Ctrl Pts',(2.30721345981258,4.88084539643866,1.07642035297845));
#9274=CARTESIAN_POINT('Ctrl Pts',(2.27864661726068,4.89142049661651,1.07));
#9275=CARTESIAN_POINT('Ctrl Pts',(2.25,4.89689711536893,1.07));
#9276=CARTESIAN_POINT('',(2.35818709828051,4.85,0.83));
#9277=CARTESIAN_POINT('Origin',(2.1993,4.6317,0.83));
#9278=CARTESIAN_POINT('',(2.04041290171949,4.85,1.48));
#9279=CARTESIAN_POINT('',(2.04041290171949,4.85,0.83));
#9280=CARTESIAN_POINT('',(2.35818709828051,4.85,1.48));
#9281=CARTESIAN_POINT('Origin',(2.1993,4.6317,1.48));
#9282=CARTESIAN_POINT('',(2.35818709828051,4.85,0.83));
#9283=CARTESIAN_POINT('Origin',(0.65,4.85,1.27));
#9284=CARTESIAN_POINT('',(0.507171431429143,4.85,1.13));
#9285=CARTESIAN_POINT('Origin',(0.65,4.85,1.27));
#9286=CARTESIAN_POINT('',(0.507171431429143,4.9057,1.13));
#9287=CARTESIAN_POINT('',(0.507171431429143,4.85,1.13));
#9288=CARTESIAN_POINT('',(0.45,4.9057,1.27));
#9289=CARTESIAN_POINT('Origin',(0.65,4.9057,1.27));
#9290=CARTESIAN_POINT('',(0.45,4.85,1.27));
#9291=CARTESIAN_POINT('',(0.65,4.85,1.07));
#9292=CARTESIAN_POINT('Origin',(1.45,4.85,1.57));
#9293=CARTESIAN_POINT('',(0.943,4.85,1.48));
#9294=CARTESIAN_POINT('',(1.45,4.85,1.48));
#9295=CARTESIAN_POINT('',(0.943,4.85,1.73));
#9296=CARTESIAN_POINT('',(0.943,4.85,1.455));
#9297=CARTESIAN_POINT('',(0.983,4.85,1.77));
#9298=CARTESIAN_POINT('Origin',(0.983,4.85,1.73));
#9299=CARTESIAN_POINT('',(1.917,4.85,1.77));
#9300=CARTESIAN_POINT('',(1.2165,4.85,1.77));
#9301=CARTESIAN_POINT('',(1.957,4.85,1.73));
#9302=CARTESIAN_POINT('Origin',(1.917,4.85,1.73));
#9303=CARTESIAN_POINT('',(1.957,4.85,1.48));
#9304=CARTESIAN_POINT('',(1.957,4.85,1.65));
#9305=CARTESIAN_POINT('',(1.45,4.85,1.48));
#9306=CARTESIAN_POINT('',(2.45,4.85,1.48));
#9307=CARTESIAN_POINT('',(1.45,4.85,1.48));
#9308=CARTESIAN_POINT('',(2.45,4.85,1.87));
#9309=CARTESIAN_POINT('',(2.45,4.85,1.27));
#9310=CARTESIAN_POINT('',(2.25,4.85,2.07));
#9311=CARTESIAN_POINT('Origin',(2.25,4.85,1.87));
#9312=CARTESIAN_POINT('',(0.65,4.85,2.07));
#9313=CARTESIAN_POINT('',(2.25,4.85,2.07));
#9314=CARTESIAN_POINT('',(0.45,4.85,1.87));
#9315=CARTESIAN_POINT('Origin',(0.65,4.85,1.87));
#9316=CARTESIAN_POINT('',(0.45,4.85,1.48));
#9317=CARTESIAN_POINT('',(0.45,4.85,1.87));
#9318=CARTESIAN_POINT('',(1.45,4.85,1.48));
#9319=CARTESIAN_POINT('Origin',(1.45,4.85,1.57));
#9320=CARTESIAN_POINT('',(1.45,4.85,1.13));
#9321=CARTESIAN_POINT('Origin',(1.45,4.85,1.57));
#9322=CARTESIAN_POINT('',(2.39282856857086,4.85,1.13));
#9323=CARTESIAN_POINT('Origin',(2.25,4.85,1.27));
#9324=CARTESIAN_POINT('',(1.45,4.85,1.13));
#9325=CARTESIAN_POINT('Origin',(1.45,4.87685,1.48));
#9326=CARTESIAN_POINT('',(1.957,4.9057,1.48));
#9327=CARTESIAN_POINT('',(1.957,4.788425,1.48));
#9328=CARTESIAN_POINT('',(2.45,4.9057,1.48));
#9329=CARTESIAN_POINT('',(2.486,4.9057,1.48));
#9330=CARTESIAN_POINT('',(2.45,4.863425,1.48));
#9331=CARTESIAN_POINT('Origin',(2.486,4.9057,1.13));
#9332=CARTESIAN_POINT('',(0.943,4.9057,1.48));
#9333=CARTESIAN_POINT('',(0.943,4.9057,1.34));
#9334=CARTESIAN_POINT('',(0.943,4.9057,1.235));
#9335=CARTESIAN_POINT('',(0.45,4.9057,1.48));
#9336=CARTESIAN_POINT('',(2.486,4.9057,1.48));
#9337=CARTESIAN_POINT('',(0.45,4.9057,1.2));
#9338=CARTESIAN_POINT('',(2.39282856857086,4.9057,1.13));
#9339=CARTESIAN_POINT('',(2.486,4.9057,1.13));
#9340=CARTESIAN_POINT('',(2.45,4.9057,1.27));
#9341=CARTESIAN_POINT('Origin',(2.25,4.9057,1.27));
#9342=CARTESIAN_POINT('',(2.45,4.9057,1.5));
#9343=CARTESIAN_POINT('',(1.957,4.9057,1.34));
#9344=CARTESIAN_POINT('',(1.957,4.9057,1.43));
#9345=CARTESIAN_POINT('',(1.917,4.9057,1.3));
#9346=CARTESIAN_POINT('Origin',(1.917,4.9057,1.34));
#9347=CARTESIAN_POINT('',(0.983,4.9057,1.3));
#9348=CARTESIAN_POINT('',(2.2015,4.9057,1.3));
#9349=CARTESIAN_POINT('Origin',(0.983,4.9057,1.34));
#9350=CARTESIAN_POINT('Origin',(1.45,4.87685,1.48));
#9351=CARTESIAN_POINT('',(0.45,4.863425,1.48));
#9352=CARTESIAN_POINT('',(0.943,4.788425,1.48));
#9353=CARTESIAN_POINT('Origin',(1.45,4.87685,1.13));
#9354=CARTESIAN_POINT('',(1.45,4.85,1.13));
#9355=CARTESIAN_POINT('',(2.39282856857086,4.85,1.13));
#9356=CARTESIAN_POINT('Origin',(0.983,4.7,1.34));
#9357=CARTESIAN_POINT('',(0.983,5.,1.3));
#9358=CARTESIAN_POINT('',(0.983,4.7,1.3));
#9359=CARTESIAN_POINT('',(0.943,5.,1.34));
#9360=CARTESIAN_POINT('Origin',(0.983,5.,1.34));
#9361=CARTESIAN_POINT('',(0.943,4.7,1.34));
#9362=CARTESIAN_POINT('Origin',(1.917,4.7,1.3));
#9363=CARTESIAN_POINT('',(1.917,5.,1.3));
#9364=CARTESIAN_POINT('',(1.917,4.7,1.3));
#9365=CARTESIAN_POINT('',(1.6835,5.,1.3));
#9366=CARTESIAN_POINT('Origin',(1.917,4.7,1.34));
#9367=CARTESIAN_POINT('',(1.957,5.,1.34));
#9368=CARTESIAN_POINT('',(1.957,4.7,1.34));
#9369=CARTESIAN_POINT('Origin',(1.917,5.,1.34));
#9370=CARTESIAN_POINT('Origin',(1.957,4.7,1.73));
#9371=CARTESIAN_POINT('',(1.957,5.,1.73));
#9372=CARTESIAN_POINT('',(1.957,4.7,1.73));
#9373=CARTESIAN_POINT('',(1.957,5.,1.65));
#9374=CARTESIAN_POINT('Origin',(1.45,4.85,1.57));
#9375=CARTESIAN_POINT('',(0.65,4.85,1.07));
#9376=CARTESIAN_POINT('Origin',(2.45,4.85,1.87));
#9377=CARTESIAN_POINT('',(2.45,4.85,1.27));
#9378=CARTESIAN_POINT('',(2.45,4.85,1.87));
#9379=CARTESIAN_POINT('Origin',(3.05,5.1,0.7));
#9380=CARTESIAN_POINT('',(-0.85,5.1,0.99));
#9381=CARTESIAN_POINT('',(-0.85,5.1,0.88));
#9382=CARTESIAN_POINT('',(-0.85,5.1,0.79));
#9383=CARTESIAN_POINT('',(-1.2125,5.1,0.99));
#9384=CARTESIAN_POINT('',(3.05,5.1,0.99));
#9385=CARTESIAN_POINT('',(-1.2125,5.1,0.88));
#9386=CARTESIAN_POINT('',(-1.2125,5.1,1.4955));
#9387=CARTESIAN_POINT('',(-1.2325,5.1,0.86));
#9388=CARTESIAN_POINT('Origin',(-1.2325,5.1,0.88));
#9389=CARTESIAN_POINT('',(-2.8675,5.1,0.86));
#9390=CARTESIAN_POINT('',(0.90875,5.1,0.86));
#9391=CARTESIAN_POINT('',(-2.8875,5.1,0.88));
#9392=CARTESIAN_POINT('Origin',(-2.8675,5.1,0.88));
#9393=CARTESIAN_POINT('',(-2.8875,5.1,0.99));
#9394=CARTESIAN_POINT('',(-2.8875,5.1,0.79));
#9395=CARTESIAN_POINT('',(-3.05,5.1,0.99));
#9396=CARTESIAN_POINT('',(3.05,5.1,0.99));
#9397=CARTESIAN_POINT('',(-3.05,5.1,0.7));
#9398=CARTESIAN_POINT('',(3.05,5.1,0.99));
#9399=CARTESIAN_POINT('',(3.05,5.1,0.7));
#9400=CARTESIAN_POINT('',(0.15,5.1,0.99));
#9401=CARTESIAN_POINT('',(3.05,5.1,0.99));
#9402=CARTESIAN_POINT('',(0.15,5.1,0.88));
#9403=CARTESIAN_POINT('',(0.15,5.1,1.375));
#9404=CARTESIAN_POINT('',(0.13,5.1,0.86));
#9405=CARTESIAN_POINT('Origin',(0.13,5.1,0.88));
#9406=CARTESIAN_POINT('',(-0.83,5.1,0.86));
#9407=CARTESIAN_POINT('',(1.59,5.1,0.86));
#9408=CARTESIAN_POINT('Origin',(-0.83,5.1,0.88));
#9409=CARTESIAN_POINT('Origin',(0.,5.024,0.99));
#9410=CARTESIAN_POINT('',(0.15,4.862,0.99));
#9411=CARTESIAN_POINT('',(3.05,4.948,0.99));
#9412=CARTESIAN_POINT('Origin',(0.,5.024,0.99));
#9413=CARTESIAN_POINT('',(-2.8875,4.862,0.99));
#9414=CARTESIAN_POINT('',(-3.05,5.1,0.99));
#9415=CARTESIAN_POINT('Origin',(3.05,4.948,0.7));
#9416=CARTESIAN_POINT('Origin',(-3.05,5.1,0.7));
#9417=CARTESIAN_POINT('Origin',(0.,5.024,0.99));
#9418=CARTESIAN_POINT('',(-0.85,4.862,0.99));
#9419=CARTESIAN_POINT('',(-1.2125,4.862,0.99));
#9420=CARTESIAN_POINT('Origin',(-0.85,4.7,0.88));
#9421=CARTESIAN_POINT('',(-0.85,5.2,0.88));
#9422=CARTESIAN_POINT('',(-0.85,4.7,0.88));
#9423=CARTESIAN_POINT('',(-0.85,5.2,2.05));
#9424=CARTESIAN_POINT('',(-0.85,5.2,0.44));
#9425=CARTESIAN_POINT('',(-0.85,4.7,2.05));
#9426=CARTESIAN_POINT('Origin',(-0.83,4.7,0.88));
#9427=CARTESIAN_POINT('',(-0.83,5.2,0.86));
#9428=CARTESIAN_POINT('',(-0.83,4.7,0.86));
#9429=CARTESIAN_POINT('Origin',(-0.83,5.2,0.88));
#9430=CARTESIAN_POINT('Origin',(0.13,4.7,0.86));
#9431=CARTESIAN_POINT('',(0.13,5.2,0.86));
#9432=CARTESIAN_POINT('',(0.13,4.7,0.86));
#9433=CARTESIAN_POINT('',(1.965,5.2,0.86));
#9434=CARTESIAN_POINT('Origin',(0.13,4.7,0.88));
#9435=CARTESIAN_POINT('',(0.15,5.2,0.88));
#9436=CARTESIAN_POINT('',(0.15,4.7,0.88));
#9437=CARTESIAN_POINT('Origin',(0.13,5.2,0.88));
#9438=CARTESIAN_POINT('Origin',(0.15,4.7,2.05));
#9439=CARTESIAN_POINT('',(0.15,5.2,2.05));
#9440=CARTESIAN_POINT('',(0.15,4.7,2.05));
#9441=CARTESIAN_POINT('',(0.15,5.2,1.025));
#9442=CARTESIAN_POINT('Origin',(0.45,5.,1.27));
#9443=CARTESIAN_POINT('',(0.45,5.2,1.87));
#9444=CARTESIAN_POINT('',(0.45,5.2,1.27));
#9445=CARTESIAN_POINT('',(0.45,5.2,0.635));
#9446=CARTESIAN_POINT('',(0.45,5.,1.87));
#9447=CARTESIAN_POINT('',(0.45,5.,1.87));
#9448=CARTESIAN_POINT('',(0.45,5.,1.27));
#9449=CARTESIAN_POINT('',(0.45,5.,1.87));
#9450=CARTESIAN_POINT('',(0.45,5.,1.27));
#9451=CARTESIAN_POINT('Origin',(0.65,5.,1.27));
#9452=CARTESIAN_POINT('',(0.65,5.2,1.07));
#9453=CARTESIAN_POINT('Origin',(0.65,5.2,1.27));
#9454=CARTESIAN_POINT('',(0.65,5.,1.07));
#9455=CARTESIAN_POINT('Origin',(0.65,5.,1.27));
#9456=CARTESIAN_POINT('',(0.65,5.,1.07));
#9457=CARTESIAN_POINT('Origin',(2.25,5.,1.07));
#9458=CARTESIAN_POINT('',(2.25,5.2,1.07));
#9459=CARTESIAN_POINT('',(3.025,5.2,1.07));
#9460=CARTESIAN_POINT('',(2.25,5.,1.07));
#9461=CARTESIAN_POINT('',(0.65,5.,1.07));
#9462=CARTESIAN_POINT('',(2.25,5.,1.07));
#9463=CARTESIAN_POINT('Origin',(2.25,5.,1.27));
#9464=CARTESIAN_POINT('',(2.45,5.2,1.27));
#9465=CARTESIAN_POINT('Origin',(2.25,5.2,1.27));
#9466=CARTESIAN_POINT('',(2.45,5.,1.27));
#9467=CARTESIAN_POINT('Origin',(2.25,5.,1.27));
#9468=CARTESIAN_POINT('',(2.45,5.,1.27));
#9469=CARTESIAN_POINT('Origin',(2.45,5.,1.87));
#9470=CARTESIAN_POINT('',(2.45,5.2,1.87));
#9471=CARTESIAN_POINT('',(2.45,5.2,0.935));
#9472=CARTESIAN_POINT('',(2.45,5.,1.87));
#9473=CARTESIAN_POINT('',(2.45,5.,1.27));
#9474=CARTESIAN_POINT('',(2.45,5.,1.87));
#9475=CARTESIAN_POINT('Origin',(2.25,5.,1.87));
#9476=CARTESIAN_POINT('',(2.25,5.2,2.07));
#9477=CARTESIAN_POINT('Origin',(2.25,5.2,1.87));
#9478=CARTESIAN_POINT('',(2.25,5.,2.07));
#9479=CARTESIAN_POINT('Origin',(2.25,5.,1.87));
#9480=CARTESIAN_POINT('',(2.25,5.,2.07));
#9481=CARTESIAN_POINT('Origin',(0.65,5.,2.07));
#9482=CARTESIAN_POINT('',(0.65,5.2,2.07));
#9483=CARTESIAN_POINT('',(2.225,5.2,2.07));
#9484=CARTESIAN_POINT('',(0.65,5.,2.07));
#9485=CARTESIAN_POINT('',(2.25,5.,2.07));
#9486=CARTESIAN_POINT('',(0.65,5.,2.07));
#9487=CARTESIAN_POINT('Origin',(0.65,5.,1.87));
#9488=CARTESIAN_POINT('Origin',(0.65,5.2,1.87));
#9489=CARTESIAN_POINT('Origin',(0.65,5.,1.87));
#9490=CARTESIAN_POINT('Origin',(1.45,5.,1.57));
#9491=CARTESIAN_POINT('',(0.943,5.,1.73));
#9492=CARTESIAN_POINT('',(0.943,5.,1.455));
#9493=CARTESIAN_POINT('',(1.917,5.,1.77));
#9494=CARTESIAN_POINT('Origin',(1.917,5.,1.73));
#9495=CARTESIAN_POINT('',(0.983,5.,1.77));
#9496=CARTESIAN_POINT('',(1.2165,5.,1.77));
#9497=CARTESIAN_POINT('Origin',(0.983,5.,1.73));
#9498=CARTESIAN_POINT('Origin',(0.943,4.7,1.34));
#9499=CARTESIAN_POINT('',(0.943,4.7,1.73));
#9500=CARTESIAN_POINT('Origin',(0.983,4.7,1.73));
#9501=CARTESIAN_POINT('',(0.983,4.7,1.77));
#9502=CARTESIAN_POINT('Origin',(0.983,4.7,1.77));
#9503=CARTESIAN_POINT('',(1.917,4.7,1.77));
#9504=CARTESIAN_POINT('Origin',(1.917,4.7,1.73));
#9505=CARTESIAN_POINT('Origin',(-0.83,4.7,2.05));
#9506=CARTESIAN_POINT('',(-0.83,5.2,2.07));
#9507=CARTESIAN_POINT('Origin',(-0.83,5.2,2.05));
#9508=CARTESIAN_POINT('',(-0.83,4.7,2.07));
#9509=CARTESIAN_POINT('Origin',(-0.83,4.7,2.07));
#9510=CARTESIAN_POINT('',(0.13,5.2,2.07));
#9511=CARTESIAN_POINT('',(1.485,5.2,2.07));
#9512=CARTESIAN_POINT('',(0.13,4.7,2.07));
#9513=CARTESIAN_POINT('Origin',(0.13,4.7,2.05));
#9514=CARTESIAN_POINT('Origin',(0.13,5.2,2.05));
#9515=CARTESIAN_POINT('Origin',(-2.8875,4.7,0.88));
#9516=CARTESIAN_POINT('',(-2.8875,5.2,0.88));
#9517=CARTESIAN_POINT('',(-2.8875,4.7,0.88));
#9518=CARTESIAN_POINT('',(-2.8875,5.2,2.291));
#9519=CARTESIAN_POINT('',(-2.8875,5.2,0.44));
#9520=CARTESIAN_POINT('',(-2.8875,4.7,2.291));
#9521=CARTESIAN_POINT('Origin',(-2.8675,4.7,2.291));
#9522=CARTESIAN_POINT('',(-2.8675,5.2,2.311));
#9523=CARTESIAN_POINT('Origin',(-2.8675,5.2,2.291));
#9524=CARTESIAN_POINT('',(-2.8675,4.7,2.311));
#9525=CARTESIAN_POINT('Origin',(-2.8675,4.7,2.311));
#9526=CARTESIAN_POINT('',(-1.2325,5.2,2.311));
#9527=CARTESIAN_POINT('',(0.46625,5.2,2.311));
#9528=CARTESIAN_POINT('',(-1.2325,4.7,2.311));
#9529=CARTESIAN_POINT('Origin',(-1.2325,4.7,2.291));
#9530=CARTESIAN_POINT('',(-1.2125,5.2,2.291));
#9531=CARTESIAN_POINT('Origin',(-1.2325,5.2,2.291));
#9532=CARTESIAN_POINT('',(-1.2125,4.7,2.291));
#9533=CARTESIAN_POINT('Origin',(-1.2125,4.7,2.291));
#9534=CARTESIAN_POINT('',(-1.2125,5.2,0.88));
#9535=CARTESIAN_POINT('',(-1.2125,5.2,1.1455));
#9536=CARTESIAN_POINT('',(-1.2125,4.7,0.88));
#9537=CARTESIAN_POINT('Origin',(-2.8675,4.7,0.88));
#9538=CARTESIAN_POINT('',(-2.8675,5.2,0.86));
#9539=CARTESIAN_POINT('',(-2.8675,4.7,0.86));
#9540=CARTESIAN_POINT('Origin',(-2.8675,5.2,0.88));
#9541=CARTESIAN_POINT('Origin',(-1.2325,4.7,0.86));
#9542=CARTESIAN_POINT('',(-1.2325,5.2,0.86));
#9543=CARTESIAN_POINT('',(-1.2325,4.7,0.86));
#9544=CARTESIAN_POINT('',(1.28375,5.2,0.86));
#9545=CARTESIAN_POINT('Origin',(-1.2325,4.7,0.88));
#9546=CARTESIAN_POINT('Origin',(-1.2325,5.2,0.88));
#9547=CARTESIAN_POINT('Origin',(-1.7,-5.7,1.165));
#9548=CARTESIAN_POINT('',(-2.225,-5.2,1.165));
#9549=CARTESIAN_POINT('Origin',(-1.7,-5.2,1.165));
#9550=CARTESIAN_POINT('',(-2.225,-4.95,1.165));
#9551=CARTESIAN_POINT('',(-2.225,-5.7,1.165));
#9552=CARTESIAN_POINT('Origin',(-1.7,-4.95,1.165));
#9553=CARTESIAN_POINT('Origin',(0.,-5.7,1.165));
#9554=CARTESIAN_POINT('',(-0.525,-5.2,1.165));
#9555=CARTESIAN_POINT('Origin',(0.,-5.2,1.165));
#9556=CARTESIAN_POINT('',(-0.525,-4.95,1.165));
#9557=CARTESIAN_POINT('',(-0.525,-5.7,1.165));
#9558=CARTESIAN_POINT('Origin',(0.,-4.95,1.165));
#9559=CARTESIAN_POINT('Origin',(1.7,-5.7,1.165));
#9560=CARTESIAN_POINT('',(1.175,-5.2,1.165));
#9561=CARTESIAN_POINT('Origin',(1.7,-5.2,1.165));
#9562=CARTESIAN_POINT('',(1.175,-4.95,1.165));
#9563=CARTESIAN_POINT('',(1.175,-5.7,1.165));
#9564=CARTESIAN_POINT('Origin',(1.7,-4.95,1.165));
#9565=CARTESIAN_POINT('Origin',(3.8,-2.8,2.26));
#9566=CARTESIAN_POINT('',(3.6,-2.8,2.26));
#9567=CARTESIAN_POINT('Origin',(3.8,-2.8,2.26));
#9568=CARTESIAN_POINT('',(3.6,-2.8,2.76));
#9569=CARTESIAN_POINT('',(3.6,-2.8,2.26));
#9570=CARTESIAN_POINT('Origin',(3.8,-2.8,2.76));
#9571=CARTESIAN_POINT('Origin',(3.8,-2.8,2.26));
#9572=CARTESIAN_POINT('Origin',(-3.8,2.8,2.26));
#9573=CARTESIAN_POINT('',(-4.,2.8,2.26));
#9574=CARTESIAN_POINT('Origin',(-3.8,2.8,2.26));
#9575=CARTESIAN_POINT('',(-4.,2.8,2.76));
#9576=CARTESIAN_POINT('',(-4.,2.8,2.26));
#9577=CARTESIAN_POINT('Origin',(-3.8,2.8,2.76));
#9578=CARTESIAN_POINT('Origin',(-3.8,2.8,2.26));
#9579=CARTESIAN_POINT('Origin',(-3.8,-2.8,2.26));
#9580=CARTESIAN_POINT('',(-4.,-2.8,2.26));
#9581=CARTESIAN_POINT('Origin',(-3.8,-2.8,2.26));
#9582=CARTESIAN_POINT('',(-4.,-2.8,2.76));
#9583=CARTESIAN_POINT('',(-4.,-2.8,2.26));
#9584=CARTESIAN_POINT('Origin',(-3.8,-2.8,2.76));
#9585=CARTESIAN_POINT('Origin',(-3.8,-2.8,2.26));
#9586=CARTESIAN_POINT('Origin',(3.8,2.8,2.26));
#9587=CARTESIAN_POINT('',(3.6,2.8,2.26));
#9588=CARTESIAN_POINT('Origin',(3.8,2.8,2.26));
#9589=CARTESIAN_POINT('',(3.6,2.8,2.76));
#9590=CARTESIAN_POINT('',(3.6,2.8,2.26));
#9591=CARTESIAN_POINT('Origin',(3.8,2.8,2.76));
#9592=CARTESIAN_POINT('Origin',(3.8,2.8,2.26));
#9593=CARTESIAN_POINT('Origin',(2.55,-3.7,0.25));
#9594=CARTESIAN_POINT('',(2.35,-3.7,0.25));
#9595=CARTESIAN_POINT('Origin',(2.55,-3.7,0.25));
#9596=CARTESIAN_POINT('',(2.35,-3.7,0.75));
#9597=CARTESIAN_POINT('',(2.35,-3.7,0.25));
#9598=CARTESIAN_POINT('Origin',(2.55,-3.7,0.75));
#9599=CARTESIAN_POINT('Origin',(2.55,-3.7,0.25));
#9600=CARTESIAN_POINT('Origin',(-2.55,2.1,0.25));
#9601=CARTESIAN_POINT('',(-2.75,2.1,0.25));
#9602=CARTESIAN_POINT('Origin',(-2.55,2.1,0.25));
#9603=CARTESIAN_POINT('',(-2.75,2.1,0.75));
#9604=CARTESIAN_POINT('',(-2.75,2.1,0.25));
#9605=CARTESIAN_POINT('Origin',(-2.55,2.1,0.75));
#9606=CARTESIAN_POINT('Origin',(-2.55,2.1,0.25));
#9607=CARTESIAN_POINT('Origin',(-2.55,-3.7,0.25));
#9608=CARTESIAN_POINT('',(-2.75,-3.7,0.25));
#9609=CARTESIAN_POINT('Origin',(-2.55,-3.7,0.25));
#9610=CARTESIAN_POINT('',(-2.75,-3.7,0.75));
#9611=CARTESIAN_POINT('',(-2.75,-3.7,0.25));
#9612=CARTESIAN_POINT('Origin',(-2.55,-3.7,0.75));
#9613=CARTESIAN_POINT('Origin',(-2.55,-3.7,0.25));
#9614=CARTESIAN_POINT('Origin',(2.55,2.1,0.25));
#9615=CARTESIAN_POINT('',(2.35,2.1,0.25));
#9616=CARTESIAN_POINT('Origin',(2.55,2.1,0.25));
#9617=CARTESIAN_POINT('',(2.35,2.1,0.75));
#9618=CARTESIAN_POINT('',(2.35,2.1,0.25));
#9619=CARTESIAN_POINT('Origin',(2.55,2.1,0.75));
#9620=CARTESIAN_POINT('Origin',(2.55,2.1,0.25));
#9621=CARTESIAN_POINT('Origin',(2.25,4.85,1.07));
#9622=CARTESIAN_POINT('',(2.25,4.85,1.07));
#9623=CARTESIAN_POINT('Origin',(2.25,4.85,1.27));
#9624=CARTESIAN_POINT('Origin',(2.25,4.85,1.87));
#9625=CARTESIAN_POINT('',(2.25,4.85,2.07));
#9626=CARTESIAN_POINT('Origin',(0.65,4.85,2.07));
#9627=CARTESIAN_POINT('',(0.65,4.85,2.07));
#9628=CARTESIAN_POINT('Origin',(0.65,4.85,1.87));
#9629=CARTESIAN_POINT('',(0.45,4.85,1.87));
#9630=CARTESIAN_POINT('Origin',(0.45,4.85,1.27));
#9631=CARTESIAN_POINT('Origin',(3.8,2.8,0.25));
#9632=CARTESIAN_POINT('',(4.05,2.42583426132261,2.76));
#9633=CARTESIAN_POINT('',(4.05,2.42583426132261,0.25));
#9634=CARTESIAN_POINT('',(4.05,2.42583426132261,0.25));
#9635=CARTESIAN_POINT('',(4.05,3.17416573867739,2.76));
#9636=CARTESIAN_POINT('Origin',(3.8,2.8,2.76));
#9637=CARTESIAN_POINT('',(4.05,3.17416573867739,0.25));
#9638=CARTESIAN_POINT('',(4.05,3.17416573867739,0.25));
#9639=CARTESIAN_POINT('Origin',(3.8,2.8,0.25));
#9640=CARTESIAN_POINT('Origin',(0.,0.,0.25));
#9641=CARTESIAN_POINT('',(3.8,4.95,0.25));
#9642=CARTESIAN_POINT('',(-4.05,4.7,0.25));
#9643=CARTESIAN_POINT('Origin',(-3.8,4.7,0.25));
#9644=CARTESIAN_POINT('',(-4.05,3.17416573867739,0.25));
#9645=CARTESIAN_POINT('',(-4.05,4.7,0.25));
#9646=CARTESIAN_POINT('',(-4.05,2.42583426132261,0.25));
#9647=CARTESIAN_POINT('Origin',(-3.8,2.8,0.25));
#9648=CARTESIAN_POINT('',(-4.05,-2.42583426132261,0.25));
#9649=CARTESIAN_POINT('',(-4.05,4.7,0.25));
#9650=CARTESIAN_POINT('',(-4.05,-3.17416573867739,0.25));
#9651=CARTESIAN_POINT('Origin',(-3.8,-2.8,0.25));
#9652=CARTESIAN_POINT('',(-4.05,-4.7,0.25));
#9653=CARTESIAN_POINT('',(-4.05,4.7,0.25));
#9654=CARTESIAN_POINT('',(-3.8,-4.95,0.25));
#9655=CARTESIAN_POINT('Origin',(-3.8,-4.7,0.25));
#9656=CARTESIAN_POINT('',(3.8,-4.95,0.25));
#9657=CARTESIAN_POINT('',(-3.8,-4.95,0.25));
#9658=CARTESIAN_POINT('',(4.05,-4.7,0.25));
#9659=CARTESIAN_POINT('Origin',(3.8,-4.7,0.25));
#9660=CARTESIAN_POINT('',(4.05,-3.17416573867739,0.25));
#9661=CARTESIAN_POINT('',(4.05,-4.7,0.25));
#9662=CARTESIAN_POINT('',(4.05,-2.42583426132261,0.25));
#9663=CARTESIAN_POINT('Origin',(3.8,-2.8,0.25));
#9664=CARTESIAN_POINT('',(4.05,-4.7,0.25));
#9665=CARTESIAN_POINT('',(4.05,4.7,0.25));
#9666=CARTESIAN_POINT('',(4.05,-4.7,0.25));
#9667=CARTESIAN_POINT('Origin',(3.8,4.7,0.25));
#9668=CARTESIAN_POINT('',(2.1,2.1,0.25));
#9669=CARTESIAN_POINT('Origin',(2.55,2.1,0.25));
#9670=CARTESIAN_POINT('',(-3.,-3.7,0.25));
#9671=CARTESIAN_POINT('Origin',(-2.55,-3.7,0.25));
#9672=CARTESIAN_POINT('',(-3.,2.1,0.25));
#9673=CARTESIAN_POINT('Origin',(-2.55,2.1,0.25));
#9674=CARTESIAN_POINT('',(2.1,-3.7,0.25));
#9675=CARTESIAN_POINT('Origin',(2.55,-3.7,0.25));
#9676=CARTESIAN_POINT('Origin',(4.05,-4.7,0.25));
#9677=CARTESIAN_POINT('',(4.05,4.7,2.76));
#9678=CARTESIAN_POINT('',(4.05,-2.35,2.76));
#9679=CARTESIAN_POINT('',(4.05,4.7,0.25));
#9680=CARTESIAN_POINT('Origin',(-3.8,-2.8,0.25));
#9681=CARTESIAN_POINT('',(-4.05,-2.42583426132261,2.76));
#9682=CARTESIAN_POINT('',(-4.05,-2.42583426132261,0.25));
#9683=CARTESIAN_POINT('',(-4.05,-3.17416573867739,2.76));
#9684=CARTESIAN_POINT('Origin',(-3.8,-2.8,2.76));
#9685=CARTESIAN_POINT('',(-4.05,-3.17416573867739,0.25));
#9686=CARTESIAN_POINT('Origin',(-4.05,4.7,0.25));
#9687=CARTESIAN_POINT('',(-4.05,-4.7,2.76));
#9688=CARTESIAN_POINT('',(-4.05,2.35,2.76));
#9689=CARTESIAN_POINT('',(-4.05,-4.7,0.25));
#9690=CARTESIAN_POINT('Origin',(-4.05,4.7,0.25));
#9691=CARTESIAN_POINT('',(-4.05,2.42583426132261,2.76));
#9692=CARTESIAN_POINT('',(-4.05,2.42583426132261,0.25));
#9693=CARTESIAN_POINT('',(-4.05,2.35,2.76));
#9694=CARTESIAN_POINT('Origin',(-3.8,2.8,0.25));
#9695=CARTESIAN_POINT('',(-4.05,3.17416573867739,2.76));
#9696=CARTESIAN_POINT('',(-4.05,3.17416573867739,0.25));
#9697=CARTESIAN_POINT('Origin',(-3.8,2.8,2.76));
#9698=CARTESIAN_POINT('Origin',(-4.05,4.7,0.25));
#9699=CARTESIAN_POINT('',(-4.05,4.7,2.76));
#9700=CARTESIAN_POINT('',(-4.05,4.7,0.25));
#9701=CARTESIAN_POINT('',(-4.05,2.35,2.76));
#9702=CARTESIAN_POINT('Origin',(0.,0.,2.76));
#9703=CARTESIAN_POINT('',(-4.3,-4.7,2.76));
#9704=CARTESIAN_POINT('',(-3.8,-5.2,2.76));
#9705=CARTESIAN_POINT('Origin',(-3.8,-4.7,2.76));
#9706=CARTESIAN_POINT('',(3.8,-5.2,2.76));
#9707=CARTESIAN_POINT('',(-3.8,-5.2,2.76));
#9708=CARTESIAN_POINT('',(4.3,-4.7,2.76));
#9709=CARTESIAN_POINT('Origin',(3.8,-4.7,2.76));
#9710=CARTESIAN_POINT('',(4.3,4.7,2.76));
#9711=CARTESIAN_POINT('',(4.3,-4.7,2.76));
#9712=CARTESIAN_POINT('',(3.8,5.2,2.76));
#9713=CARTESIAN_POINT('Origin',(3.8,4.7,2.76));
#9714=CARTESIAN_POINT('',(-3.8,5.2,2.76));
#9715=CARTESIAN_POINT('',(3.8,5.2,2.76));
#9716=CARTESIAN_POINT('',(-4.3,4.7,2.76));
#9717=CARTESIAN_POINT('Origin',(-3.8,4.7,2.76));
#9718=CARTESIAN_POINT('',(-4.3,4.7,2.76));
#9719=CARTESIAN_POINT('',(4.05,-2.42583426132261,2.76));
#9720=CARTESIAN_POINT('',(4.05,-2.35,2.76));
#9721=CARTESIAN_POINT('',(4.05,-3.17416573867739,2.76));
#9722=CARTESIAN_POINT('Origin',(3.8,-2.8,2.76));
#9723=CARTESIAN_POINT('',(4.05,-4.7,2.76));
#9724=CARTESIAN_POINT('',(4.05,-2.35,2.76));
#9725=CARTESIAN_POINT('',(3.8,-4.95,2.76));
#9726=CARTESIAN_POINT('Origin',(3.8,-4.7,2.76));
#9727=CARTESIAN_POINT('',(-3.8,-4.95,2.76));
#9728=CARTESIAN_POINT('',(-1.9,-4.95,2.76));
#9729=CARTESIAN_POINT('Origin',(-3.8,-4.7,2.76));
#9730=CARTESIAN_POINT('Origin',(-3.8,4.7,2.76));
#9731=CARTESIAN_POINT('Origin',(3.8,4.7,2.76));
#9732=CARTESIAN_POINT('Origin',(3.8,-2.8,0.25));
#9733=CARTESIAN_POINT('',(4.05,-2.42583426132261,0.25));
#9734=CARTESIAN_POINT('',(4.05,-3.17416573867739,0.25));
#9735=CARTESIAN_POINT('Origin',(4.05,-4.7,0.25));
#9736=CARTESIAN_POINT('',(4.05,-4.7,0.25));
#9737=CARTESIAN_POINT('Origin',(4.05,-4.7,0.25));
#9738=CARTESIAN_POINT('Origin',(2.55,2.1,0.25));
#9739=CARTESIAN_POINT('',(2.1,2.1,0.75));
#9740=CARTESIAN_POINT('Origin',(2.55,2.1,0.75));
#9741=CARTESIAN_POINT('',(2.1,2.1,0.25));
#9742=CARTESIAN_POINT('Origin',(2.55,2.1,0.75));
#9743=CARTESIAN_POINT('Origin',(-2.55,-3.7,0.25));
#9744=CARTESIAN_POINT('',(-3.,-3.7,0.75));
#9745=CARTESIAN_POINT('Origin',(-2.55,-3.7,0.75));
#9746=CARTESIAN_POINT('',(-3.,-3.7,0.25));
#9747=CARTESIAN_POINT('Origin',(-2.55,-3.7,0.75));
#9748=CARTESIAN_POINT('Origin',(-2.55,2.1,0.25));
#9749=CARTESIAN_POINT('',(-3.,2.1,0.75));
#9750=CARTESIAN_POINT('Origin',(-2.55,2.1,0.75));
#9751=CARTESIAN_POINT('',(-3.,2.1,0.25));
#9752=CARTESIAN_POINT('Origin',(-2.55,2.1,0.75));
#9753=CARTESIAN_POINT('Origin',(2.55,-3.7,0.25));
#9754=CARTESIAN_POINT('',(2.1,-3.7,0.75));
#9755=CARTESIAN_POINT('Origin',(2.55,-3.7,0.75));
#9756=CARTESIAN_POINT('',(2.1,-3.7,0.25));
#9757=CARTESIAN_POINT('Origin',(2.55,-3.7,0.75));
#9758=CARTESIAN_POINT('Origin',(3.8,-4.7,0.25));
#9759=CARTESIAN_POINT('',(3.8,-4.95,0.25));
#9760=CARTESIAN_POINT('Origin',(-3.8,-4.95,0.25));
#9761=CARTESIAN_POINT('',(-3.8,-4.95,0.25));
#9762=CARTESIAN_POINT('Origin',(-3.8,-4.7,0.25));
#9763=CARTESIAN_POINT('Origin',(-3.8,4.7,0.25));
#9764=CARTESIAN_POINT('Origin',(3.8,4.95,0.25));
#9765=CARTESIAN_POINT('Origin',(3.8,4.7,0.25));
#9766=CARTESIAN_POINT('Origin',(-4.3,4.7,0.));
#9767=CARTESIAN_POINT('',(-4.3,4.7,0.));
#9768=CARTESIAN_POINT('',(-4.3,-4.7,0.));
#9769=CARTESIAN_POINT('',(-4.3,4.7,0.));
#9770=CARTESIAN_POINT('',(-4.3,-4.7,0.));
#9771=CARTESIAN_POINT('',(-4.3,4.7,0.));
#9772=CARTESIAN_POINT('Origin',(-3.8,4.7,0.));
#9773=CARTESIAN_POINT('',(-3.8,5.2,0.));
#9774=CARTESIAN_POINT('Origin',(-3.8,4.7,0.));
#9775=CARTESIAN_POINT('',(-3.8,5.2,0.));
#9776=CARTESIAN_POINT('Origin',(3.8,5.2,0.));
#9777=CARTESIAN_POINT('',(3.8,5.2,0.));
#9778=CARTESIAN_POINT('',(3.8,5.2,0.));
#9779=CARTESIAN_POINT('',(3.8,5.2,0.));
#9780=CARTESIAN_POINT('Origin',(3.8,4.7,0.));
#9781=CARTESIAN_POINT('',(4.3,4.7,0.));
#9782=CARTESIAN_POINT('Origin',(3.8,4.7,0.));
#9783=CARTESIAN_POINT('',(4.3,4.7,0.));
#9784=CARTESIAN_POINT('Origin',(4.3,-4.7,0.));
#9785=CARTESIAN_POINT('',(4.3,-4.7,0.));
#9786=CARTESIAN_POINT('',(4.3,-4.7,0.));
#9787=CARTESIAN_POINT('',(4.3,-4.7,0.));
#9788=CARTESIAN_POINT('Origin',(3.8,-4.7,0.));
#9789=CARTESIAN_POINT('',(3.8,-5.2,0.));
#9790=CARTESIAN_POINT('Origin',(3.8,-4.7,0.));
#9791=CARTESIAN_POINT('',(3.8,-5.2,0.));
#9792=CARTESIAN_POINT('Origin',(-3.8,-5.2,0.));
#9793=CARTESIAN_POINT('',(-3.8,-5.2,0.));
#9794=CARTESIAN_POINT('',(-3.8,-5.2,0.));
#9795=CARTESIAN_POINT('',(-3.8,-5.2,0.));
#9796=CARTESIAN_POINT('Origin',(-3.8,-4.7,0.));
#9797=CARTESIAN_POINT('Origin',(-3.8,-4.7,0.));
#9798=CARTESIAN_POINT('Origin',(0.,0.,0.));
#9799=CARTESIAN_POINT('',(0.,0.,0.));
#9800=CARTESIAN_POINT('Origin',(3.55,-4.,2.558));
#9801=CARTESIAN_POINT('',(4.05,-4.,2.86));
#9802=CARTESIAN_POINT('',(3.9,-4.35707142142714,2.86));
#9803=CARTESIAN_POINT('Origin',(3.55,-4.,2.86));
#9804=CARTESIAN_POINT('',(3.9,-3.64292857857286,2.86));
#9805=CARTESIAN_POINT('Origin',(3.55,-4.,2.86));
#9806=CARTESIAN_POINT('',(3.9,-3.64292857857286,2.56));
#9807=CARTESIAN_POINT('',(3.9,-3.64292857857286,2.558));
#9808=CARTESIAN_POINT('',(4.02,-3.82941277890768,2.56));
#9809=CARTESIAN_POINT('Origin',(3.55,-4.,2.56));
#9810=CARTESIAN_POINT('',(4.02,-3.82941277890768,2.76));
#9811=CARTESIAN_POINT('',(4.02,-3.82941277890768,2.558));
#9812=CARTESIAN_POINT('',(4.02,-4.17058722109232,2.76));
#9813=CARTESIAN_POINT('Origin',(3.55,-4.,2.76));
#9814=CARTESIAN_POINT('',(4.02,-4.17058722109232,2.56));
#9815=CARTESIAN_POINT('',(4.02,-4.17058722109232,2.558));
#9816=CARTESIAN_POINT('',(3.9,-4.35707142142714,2.56));
#9817=CARTESIAN_POINT('Origin',(3.55,-4.,2.56));
#9818=CARTESIAN_POINT('',(3.9,-4.35707142142714,2.558));
#9819=CARTESIAN_POINT('Origin',(-3.55,4.,2.558));
#9820=CARTESIAN_POINT('',(-4.05,4.,2.86));
#9821=CARTESIAN_POINT('',(-3.9,4.35707142142714,2.86));
#9822=CARTESIAN_POINT('Origin',(-3.55,4.,2.86));
#9823=CARTESIAN_POINT('',(-3.9,3.64292857857286,2.86));
#9824=CARTESIAN_POINT('Origin',(-3.55,4.,2.86));
#9825=CARTESIAN_POINT('',(-3.9,3.64292857857286,2.56));
#9826=CARTESIAN_POINT('',(-3.9,3.64292857857286,2.558));
#9827=CARTESIAN_POINT('',(-4.02,3.82941277890768,2.56));
#9828=CARTESIAN_POINT('Origin',(-3.55,4.,2.56));
#9829=CARTESIAN_POINT('',(-4.02,3.82941277890768,2.76));
#9830=CARTESIAN_POINT('',(-4.02,3.82941277890768,2.558));
#9831=CARTESIAN_POINT('',(-4.02,4.17058722109232,2.76));
#9832=CARTESIAN_POINT('Origin',(-3.55,4.,2.76));
#9833=CARTESIAN_POINT('',(-4.02,4.17058722109232,2.56));
#9834=CARTESIAN_POINT('',(-4.02,4.17058722109232,2.558));
#9835=CARTESIAN_POINT('',(-3.9,4.35707142142714,2.56));
#9836=CARTESIAN_POINT('Origin',(-3.55,4.,2.56));
#9837=CARTESIAN_POINT('',(-3.9,4.35707142142714,2.558));
#9838=CARTESIAN_POINT('Origin',(-3.55,-4.,2.558));
#9839=CARTESIAN_POINT('',(-4.05,-4.,2.86));
#9840=CARTESIAN_POINT('',(-3.9,-3.64292857857286,2.86));
#9841=CARTESIAN_POINT('Origin',(-3.55,-4.,2.86));
#9842=CARTESIAN_POINT('',(-3.9,-4.35707142142714,2.86));
#9843=CARTESIAN_POINT('Origin',(-3.55,-4.,2.86));
#9844=CARTESIAN_POINT('',(-3.9,-4.35707142142714,2.56));
#9845=CARTESIAN_POINT('',(-3.9,-4.35707142142714,2.558));
#9846=CARTESIAN_POINT('',(-4.02,-4.17058722109232,2.56));
#9847=CARTESIAN_POINT('Origin',(-3.55,-4.,2.56));
#9848=CARTESIAN_POINT('',(-4.02,-4.17058722109232,2.76));
#9849=CARTESIAN_POINT('',(-4.02,-4.17058722109232,2.558));
#9850=CARTESIAN_POINT('',(-4.02,-3.82941277890768,2.76));
#9851=CARTESIAN_POINT('Origin',(-3.55,-4.,2.76));
#9852=CARTESIAN_POINT('',(-4.02,-3.82941277890768,2.56));
#9853=CARTESIAN_POINT('',(-4.02,-3.82941277890768,2.558));
#9854=CARTESIAN_POINT('',(-3.9,-3.64292857857286,2.56));
#9855=CARTESIAN_POINT('Origin',(-3.55,-4.,2.56));
#9856=CARTESIAN_POINT('',(-3.9,-3.64292857857286,2.558));
#9857=CARTESIAN_POINT('Origin',(3.55,4.,2.558));
#9858=CARTESIAN_POINT('',(4.05,4.,2.86));
#9859=CARTESIAN_POINT('',(3.9,3.64292857857286,2.86));
#9860=CARTESIAN_POINT('Origin',(3.55,4.,2.86));
#9861=CARTESIAN_POINT('',(3.9,4.35707142142714,2.86));
#9862=CARTESIAN_POINT('Origin',(3.55,4.,2.86));
#9863=CARTESIAN_POINT('',(3.9,4.35707142142714,2.56));
#9864=CARTESIAN_POINT('',(3.9,4.35707142142714,2.558));
#9865=CARTESIAN_POINT('',(4.02,4.17058722109232,2.56));
#9866=CARTESIAN_POINT('Origin',(3.55,4.,2.56));
#9867=CARTESIAN_POINT('',(4.02,4.17058722109232,2.76));
#9868=CARTESIAN_POINT('',(4.02,4.17058722109232,2.558));
#9869=CARTESIAN_POINT('',(4.02,3.82941277890768,2.76));
#9870=CARTESIAN_POINT('Origin',(3.55,4.,2.76));
#9871=CARTESIAN_POINT('',(4.02,3.82941277890768,2.56));
#9872=CARTESIAN_POINT('',(4.02,3.82941277890768,2.558));
#9873=CARTESIAN_POINT('',(3.9,3.64292857857286,2.56));
#9874=CARTESIAN_POINT('Origin',(3.55,4.,2.56));
#9875=CARTESIAN_POINT('',(3.9,3.64292857857286,2.558));
#9876=CARTESIAN_POINT('Origin',(4.02,-4.72,2.56));
#9877=CARTESIAN_POINT('',(4.02,-3.24899888641287,2.56));
#9878=CARTESIAN_POINT('',(4.02,-4.72,2.56));
#9879=CARTESIAN_POINT('',(4.02,-3.24899888641287,2.76));
#9880=CARTESIAN_POINT('',(4.02,-3.24899888641287,2.558));
#9881=CARTESIAN_POINT('',(4.02,-2.36,2.76));
#9882=CARTESIAN_POINT('Origin',(3.9,4.4,2.76));
#9883=CARTESIAN_POINT('',(3.9,-3.23874821936961,2.86));
#9884=CARTESIAN_POINT('',(3.9,-4.4,2.86));
#9885=CARTESIAN_POINT('',(3.9,-3.23874821936961,2.76));
#9886=CARTESIAN_POINT('',(3.9,-3.23874821936961,2.76));
#9887=CARTESIAN_POINT('',(3.9,-3.28989794855664,2.76));
#9888=CARTESIAN_POINT('',(3.9,0.8,2.76));
#9889=CARTESIAN_POINT('',(3.9,-3.28989794855664,2.56));
#9890=CARTESIAN_POINT('',(3.9,-3.28989794855664,2.558));
#9891=CARTESIAN_POINT('',(3.9,-4.7,2.56));
#9892=CARTESIAN_POINT('Origin',(-4.02,4.72,2.56));
#9893=CARTESIAN_POINT('',(-4.02,4.72,2.76));
#9894=CARTESIAN_POINT('',(-4.02,2.36,2.76));
#9895=CARTESIAN_POINT('',(-4.02,4.72,2.56));
#9896=CARTESIAN_POINT('',(-4.02,4.72,2.56));
#9897=CARTESIAN_POINT('',(-4.02,4.72,2.56));
#9898=CARTESIAN_POINT('Origin',(-4.02,4.72,2.56));
#9899=CARTESIAN_POINT('',(-4.02,3.24899888641287,2.56));
#9900=CARTESIAN_POINT('',(-4.02,4.72,2.56));
#9901=CARTESIAN_POINT('',(-4.02,3.24899888641287,2.76));
#9902=CARTESIAN_POINT('',(-4.02,3.24899888641287,2.558));
#9903=CARTESIAN_POINT('',(-4.02,2.36,2.76));
#9904=CARTESIAN_POINT('Origin',(-3.9,-4.4,2.76));
#9905=CARTESIAN_POINT('',(-3.9,4.7,2.56));
#9906=CARTESIAN_POINT('',(-3.9,4.7,2.56));
#9907=CARTESIAN_POINT('',(-3.9,4.7,2.76));
#9908=CARTESIAN_POINT('',(-3.9,4.7,2.56));
#9909=CARTESIAN_POINT('',(-3.9,4.4,2.76));
#9910=CARTESIAN_POINT('',(-3.9,-2.35,2.76));
#9911=CARTESIAN_POINT('',(-3.9,4.4,2.86));
#9912=CARTESIAN_POINT('',(-3.9,4.4,2.76));
#9913=CARTESIAN_POINT('',(-3.9,4.4,2.86));
#9914=CARTESIAN_POINT('Origin',(-3.9,-4.4,2.76));
#9915=CARTESIAN_POINT('',(-3.9,3.23874821936961,2.86));
#9916=CARTESIAN_POINT('',(-3.9,4.4,2.86));
#9917=CARTESIAN_POINT('',(-3.9,3.23874821936961,2.76));
#9918=CARTESIAN_POINT('',(-3.9,3.23874821936961,2.76));
#9919=CARTESIAN_POINT('',(-3.9,3.28989794855664,2.76));
#9920=CARTESIAN_POINT('',(-3.9,-0.8,2.76));
#9921=CARTESIAN_POINT('',(-3.9,3.28989794855664,2.56));
#9922=CARTESIAN_POINT('',(-3.9,3.28989794855664,2.558));
#9923=CARTESIAN_POINT('',(-3.9,4.7,2.56));
#9924=CARTESIAN_POINT('Origin',(0.,0.,2.86));
#9925=CARTESIAN_POINT('',(-3.9,-3.23874821936961,2.86));
#9926=CARTESIAN_POINT('',(-3.9,4.4,2.86));
#9927=CARTESIAN_POINT('',(-4.05,-3.17416573867739,2.86));
#9928=CARTESIAN_POINT('Origin',(-3.8,-2.8,2.86));
#9929=CARTESIAN_POINT('',(-4.05,2.35,2.86));
#9930=CARTESIAN_POINT('Origin',(0.,0.,2.86));
#9931=CARTESIAN_POINT('',(4.05,-3.17416573867739,2.86));
#9932=CARTESIAN_POINT('',(4.05,-2.35,2.86));
#9933=CARTESIAN_POINT('Origin',(3.8,-2.8,2.86));
#9934=CARTESIAN_POINT('Origin',(-3.9,-4.4,2.76));
#9935=CARTESIAN_POINT('',(-3.9,-3.28989794855664,2.56));
#9936=CARTESIAN_POINT('',(-3.9,4.7,2.56));
#9937=CARTESIAN_POINT('',(-3.9,-3.28989794855664,2.76));
#9938=CARTESIAN_POINT('',(-3.9,-3.28989794855664,2.558));
#9939=CARTESIAN_POINT('',(-3.9,-3.23874821936961,2.76));
#9940=CARTESIAN_POINT('',(-3.9,-3.6,2.76));
#9941=CARTESIAN_POINT('',(-3.9,-3.23874821936961,2.76));
#9942=CARTESIAN_POINT('Origin',(0.,0.,2.56));
#9943=CARTESIAN_POINT('',(-4.02,-3.24899888641287,2.56));
#9944=CARTESIAN_POINT('',(-4.02,4.72,2.56));
#9945=CARTESIAN_POINT('Origin',(-3.8,-2.8,2.56));
#9946=CARTESIAN_POINT('Origin',(0.,0.,2.56));
#9947=CARTESIAN_POINT('Origin',(3.8,-2.8,2.56));
#9948=CARTESIAN_POINT('Origin',(-4.02,4.72,2.56));
#9949=CARTESIAN_POINT('',(-4.02,-3.24899888641287,2.76));
#9950=CARTESIAN_POINT('',(-4.02,2.36,2.76));
#9951=CARTESIAN_POINT('',(-4.02,-3.24899888641287,2.558));
#9952=CARTESIAN_POINT('Origin',(0.,0.,2.86));
#9953=CARTESIAN_POINT('',(3.9,3.23874821936961,2.86));
#9954=CARTESIAN_POINT('',(3.9,-4.4,2.86));
#9955=CARTESIAN_POINT('',(4.05,3.17416573867739,2.86));
#9956=CARTESIAN_POINT('Origin',(3.8,2.8,2.86));
#9957=CARTESIAN_POINT('',(4.05,-2.35,2.86));
#9958=CARTESIAN_POINT('Origin',(0.,0.,2.86));
#9959=CARTESIAN_POINT('',(-3.52712776429834,4.79907904530829,2.86));
#9960=CARTESIAN_POINT('Origin',(-3.5,4.4,2.86));
#9961=CARTESIAN_POINT('',(-3.44,4.85,2.86));
#9962=CARTESIAN_POINT('Origin',(-3.44,4.75,2.86));
#9963=CARTESIAN_POINT('',(3.44,4.85,2.86));
#9964=CARTESIAN_POINT('',(1.72,4.85,2.86));
#9965=CARTESIAN_POINT('',(3.52712776429834,4.79907904530829,2.86));
#9966=CARTESIAN_POINT('Origin',(3.44,4.75,2.86));
#9967=CARTESIAN_POINT('',(3.9,4.4,2.86));
#9968=CARTESIAN_POINT('Origin',(3.5,4.4,2.86));
#9969=CARTESIAN_POINT('',(3.9,-4.4,2.86));
#9970=CARTESIAN_POINT('',(4.05,4.7,2.86));
#9971=CARTESIAN_POINT('',(4.05,-2.35,2.86));
#9972=CARTESIAN_POINT('',(3.8,4.95,2.86));
#9973=CARTESIAN_POINT('Origin',(3.8,4.7,2.86));
#9974=CARTESIAN_POINT('',(-3.8,4.95,2.86));
#9975=CARTESIAN_POINT('',(1.9,4.95,2.86));
#9976=CARTESIAN_POINT('',(-4.05,4.7,2.86));
#9977=CARTESIAN_POINT('Origin',(-3.8,4.7,2.86));
#9978=CARTESIAN_POINT('',(-4.05,2.35,2.86));
#9979=CARTESIAN_POINT('Origin',(0.,0.,2.86));
#9980=CARTESIAN_POINT('',(-4.05,3.17416573867739,2.86));
#9981=CARTESIAN_POINT('',(-4.05,2.35,2.86));
#9982=CARTESIAN_POINT('Origin',(-3.8,2.8,2.86));
#9983=CARTESIAN_POINT('Origin',(3.9,4.4,2.76));
#9984=CARTESIAN_POINT('',(3.9,3.28989794855664,2.56));
#9985=CARTESIAN_POINT('',(3.9,-4.7,2.56));
#9986=CARTESIAN_POINT('',(3.9,3.28989794855664,2.76));
#9987=CARTESIAN_POINT('',(3.9,3.28989794855664,2.558));
#9988=CARTESIAN_POINT('',(3.9,3.23874821936961,2.76));
#9989=CARTESIAN_POINT('',(3.9,3.6,2.76));
#9990=CARTESIAN_POINT('',(3.9,3.23874821936961,2.76));
#9991=CARTESIAN_POINT('Origin',(0.,0.,2.56));
#9992=CARTESIAN_POINT('',(4.02,3.24899888641287,2.56));
#9993=CARTESIAN_POINT('',(4.02,-4.72,2.56));
#9994=CARTESIAN_POINT('Origin',(3.8,2.8,2.56));
#9995=CARTESIAN_POINT('Origin',(0.,0.,2.56));
#9996=CARTESIAN_POINT('',(-3.82,4.92,2.56));
#9997=CARTESIAN_POINT('Origin',(-3.82,4.72,2.56));
#9998=CARTESIAN_POINT('',(3.82,4.92,2.56));
#9999=CARTESIAN_POINT('',(3.82,4.92,2.56));
#10000=CARTESIAN_POINT('',(4.02,4.72,2.56));
#10001=CARTESIAN_POINT('Origin',(3.82,4.72,2.56));
#10002=CARTESIAN_POINT('',(4.02,-4.72,2.56));
#10003=CARTESIAN_POINT('',(3.9,4.7,2.56));
#10004=CARTESIAN_POINT('',(3.9,-4.7,2.56));
#10005=CARTESIAN_POINT('',(3.8,4.8,2.56));
#10006=CARTESIAN_POINT('Origin',(3.8,4.7,2.56));
#10007=CARTESIAN_POINT('',(3.52660254037844,4.8,2.56));
#10008=CARTESIAN_POINT('',(3.8,4.8,2.56));
#10009=CARTESIAN_POINT('',(3.44,4.85,2.56));
#10010=CARTESIAN_POINT('Origin',(3.44,4.75,2.56));
#10011=CARTESIAN_POINT('',(-3.44,4.85,2.56));
#10012=CARTESIAN_POINT('',(1.72,4.85,2.56));
#10013=CARTESIAN_POINT('',(-3.52660254037844,4.8,2.56));
#10014=CARTESIAN_POINT('Origin',(-3.44,4.75,2.56));
#10015=CARTESIAN_POINT('',(-3.8,4.8,2.56));
#10016=CARTESIAN_POINT('',(3.8,4.8,2.56));
#10017=CARTESIAN_POINT('Origin',(-3.8,4.7,2.56));
#10018=CARTESIAN_POINT('Origin',(0.,0.,2.56));
#10019=CARTESIAN_POINT('Origin',(-3.8,2.8,2.56));
#10020=CARTESIAN_POINT('Origin',(4.02,-4.72,2.56));
#10021=CARTESIAN_POINT('',(4.02,3.24899888641287,2.76));
#10022=CARTESIAN_POINT('',(4.02,-2.36,2.76));
#10023=CARTESIAN_POINT('',(4.02,3.24899888641287,2.558));
#10024=CARTESIAN_POINT('Origin',(-3.54,4.75,2.558));
#10025=CARTESIAN_POINT('',(-3.54,-3.16728735344414,2.76));
#10026=CARTESIAN_POINT('',(-3.54,-3.16728735344414,2.862));
#10027=CARTESIAN_POINT('',(-3.54,-3.16728735344414,2.76));
#10028=CARTESIAN_POINT('',(-3.54,-2.43271264655586,2.76));
#10029=CARTESIAN_POINT('',(-3.54,2.375,2.76));
#10030=CARTESIAN_POINT('',(-3.54,-2.43271264655586,2.862));
#10031=CARTESIAN_POINT('',(-3.54,-2.43271264655586,2.76));
#10032=CARTESIAN_POINT('',(-3.54,4.75,2.862));
#10033=CARTESIAN_POINT('Origin',(3.44,4.75,2.558));
#10034=CARTESIAN_POINT('',(3.44,4.85,2.558));
#10035=CARTESIAN_POINT('',(3.52660254037844,4.8,2.76));
#10036=CARTESIAN_POINT('',(3.52660254037844,4.8,2.558));
#10037=CARTESIAN_POINT('',(3.52712776429834,4.79907904530829,2.76));
#10038=CARTESIAN_POINT('Origin',(3.44,4.75,2.76));
#10039=CARTESIAN_POINT('',(3.52712776429834,4.79907904530829,2.558));
#10040=CARTESIAN_POINT('Origin',(0.,0.,2.862));
#10041=CARTESIAN_POINT('',(3.54,3.16728735344414,2.862));
#10042=CARTESIAN_POINT('',(3.54,2.43271264655586,2.862));
#10043=CARTESIAN_POINT('Origin',(3.8,2.8,2.862));
#10044=CARTESIAN_POINT('',(3.54,-4.75,2.862));
#10045=CARTESIAN_POINT('Origin',(0.,0.,2.862));
#10046=CARTESIAN_POINT('',(3.54,-2.43271264655586,2.862));
#10047=CARTESIAN_POINT('',(3.54,-3.16728735344414,2.862));
#10048=CARTESIAN_POINT('Origin',(3.8,-2.8,2.862));
#10049=CARTESIAN_POINT('',(3.54,-4.75,2.862));
#10050=CARTESIAN_POINT('Origin',(0.,0.,2.862));
#10051=CARTESIAN_POINT('Origin',(-3.8,-2.8,2.862));
#10052=CARTESIAN_POINT('Origin',(0.,0.,2.862));
#10053=CARTESIAN_POINT('',(-3.54,2.43271264655586,2.862));
#10054=CARTESIAN_POINT('',(-3.54,3.16728735344414,2.862));
#10055=CARTESIAN_POINT('Origin',(-3.8,2.8,2.862));
#10056=CARTESIAN_POINT('',(-3.54,4.75,2.862));
#10057=CARTESIAN_POINT('Origin',(3.54,-4.75,2.558));
#10058=CARTESIAN_POINT('',(3.54,-2.43271264655586,2.76));
#10059=CARTESIAN_POINT('',(3.54,-2.43271264655586,2.76));
#10060=CARTESIAN_POINT('',(3.54,-3.16728735344414,2.76));
#10061=CARTESIAN_POINT('',(3.54,-2.375,2.76));
#10062=CARTESIAN_POINT('',(3.54,-3.16728735344414,2.76));
#10063=CARTESIAN_POINT('Origin',(-3.44,-4.75,2.558));
#10064=CARTESIAN_POINT('',(-3.44,-4.85,2.86));
#10065=CARTESIAN_POINT('',(-3.52712776429834,-4.79907904530829,2.86));
#10066=CARTESIAN_POINT('Origin',(-3.44,-4.75,2.86));
#10067=CARTESIAN_POINT('',(-3.44,-4.85,2.56));
#10068=CARTESIAN_POINT('',(-3.44,-4.85,2.558));
#10069=CARTESIAN_POINT('',(-3.52660254037844,-4.8,2.56));
#10070=CARTESIAN_POINT('Origin',(-3.44,-4.75,2.56));
#10071=CARTESIAN_POINT('',(-3.52660254037844,-4.8,2.76));
#10072=CARTESIAN_POINT('',(-3.52660254037844,-4.8,2.558));
#10073=CARTESIAN_POINT('',(-3.52712776429834,-4.79907904530829,2.76));
#10074=CARTESIAN_POINT('Origin',(-3.44,-4.75,2.76));
#10075=CARTESIAN_POINT('',(-3.52712776429834,-4.79907904530829,2.558));
#10076=CARTESIAN_POINT('Origin',(-3.54,4.75,2.558));
#10077=CARTESIAN_POINT('',(-3.54,2.43271264655586,2.76));
#10078=CARTESIAN_POINT('',(-3.54,2.43271264655586,2.76));
#10079=CARTESIAN_POINT('',(-3.54,3.16728735344414,2.76));
#10080=CARTESIAN_POINT('',(-3.54,2.375,2.76));
#10081=CARTESIAN_POINT('',(-3.54,3.16728735344414,2.76));
#10082=CARTESIAN_POINT('Origin',(-3.44,4.75,2.558));
#10083=CARTESIAN_POINT('',(-3.52712776429834,4.79907904530829,2.76));
#10084=CARTESIAN_POINT('',(-3.52712776429834,4.79907904530829,2.558));
#10085=CARTESIAN_POINT('',(-3.52660254037844,4.8,2.76));
#10086=CARTESIAN_POINT('Origin',(-3.44,4.75,2.76));
#10087=CARTESIAN_POINT('',(-3.52660254037844,4.8,2.558));
#10088=CARTESIAN_POINT('',(-3.44,4.85,2.558));
#10089=CARTESIAN_POINT('Origin',(3.44,4.85,2.558));
#10090=CARTESIAN_POINT('Origin',(3.54,-4.75,2.558));
#10091=CARTESIAN_POINT('',(3.54,3.16728735344414,2.76));
#10092=CARTESIAN_POINT('',(3.54,3.16728735344414,2.76));
#10093=CARTESIAN_POINT('',(3.54,2.43271264655586,2.76));
#10094=CARTESIAN_POINT('',(3.54,-2.375,2.76));
#10095=CARTESIAN_POINT('',(3.54,2.43271264655586,2.76));
#10096=CARTESIAN_POINT('Origin',(3.44,-4.75,2.558));
#10097=CARTESIAN_POINT('',(3.52712776429834,-4.79907904530829,2.86));
#10098=CARTESIAN_POINT('',(3.44,-4.85,2.86));
#10099=CARTESIAN_POINT('Origin',(3.44,-4.75,2.86));
#10100=CARTESIAN_POINT('',(3.52712776429834,-4.79907904530829,2.76));
#10101=CARTESIAN_POINT('',(3.52712776429834,-4.79907904530829,2.558));
#10102=CARTESIAN_POINT('',(3.52660254037844,-4.8,2.76));
#10103=CARTESIAN_POINT('Origin',(3.44,-4.75,2.76));
#10104=CARTESIAN_POINT('',(3.52660254037844,-4.8,2.56));
#10105=CARTESIAN_POINT('',(3.52660254037844,-4.8,2.558));
#10106=CARTESIAN_POINT('',(3.44,-4.85,2.56));
#10107=CARTESIAN_POINT('Origin',(3.44,-4.75,2.56));
#10108=CARTESIAN_POINT('',(3.44,-4.85,2.558));
#10109=CARTESIAN_POINT('Origin',(-3.44,-4.85,2.558));
#10110=CARTESIAN_POINT('',(-1.72,-4.85,2.86));
#10111=CARTESIAN_POINT('',(-1.72,-4.85,2.56));
#10112=CARTESIAN_POINT('Origin',(-3.8,2.8,2.76));
#10113=CARTESIAN_POINT('Origin',(-3.8,2.8,2.76));
#10114=CARTESIAN_POINT('',(-4.05,3.17416573867739,4.19));
#10115=CARTESIAN_POINT('',(-4.05,3.17416573867739,2.76));
#10116=CARTESIAN_POINT('',(-4.05,2.42583426132261,4.19));
#10117=CARTESIAN_POINT('Origin',(-3.8,2.8,4.19));
#10118=CARTESIAN_POINT('',(-4.05,2.42583426132261,2.86));
#10119=CARTESIAN_POINT('',(-4.05,2.42583426132261,2.76));
#10120=CARTESIAN_POINT('',(-3.9,2.36125178063039,2.86));
#10121=CARTESIAN_POINT('Origin',(-3.8,2.8,2.86));
#10122=CARTESIAN_POINT('',(-3.9,2.36125178063039,2.76));
#10123=CARTESIAN_POINT('',(-3.9,2.36125178063039,2.76));
#10124=CARTESIAN_POINT('Origin',(-3.8,2.8,2.76));
#10125=CARTESIAN_POINT('Origin',(-3.8,-2.8,2.76));
#10126=CARTESIAN_POINT('',(-3.9,-2.36125178063039,2.76));
#10127=CARTESIAN_POINT('Origin',(-3.8,-2.8,2.76));
#10128=CARTESIAN_POINT('',(-3.9,-2.36125178063039,2.86));
#10129=CARTESIAN_POINT('',(-3.9,-2.36125178063039,2.76));
#10130=CARTESIAN_POINT('',(-4.05,-2.42583426132261,2.86));
#10131=CARTESIAN_POINT('Origin',(-3.8,-2.8,2.86));
#10132=CARTESIAN_POINT('',(-4.05,-2.42583426132261,4.19));
#10133=CARTESIAN_POINT('',(-4.05,-2.42583426132261,2.76));
#10134=CARTESIAN_POINT('',(-4.05,-3.17416573867739,4.19));
#10135=CARTESIAN_POINT('Origin',(-3.8,-2.8,4.19));
#10136=CARTESIAN_POINT('',(-4.05,-3.17416573867739,2.76));
#10137=CARTESIAN_POINT('Origin',(-3.8,-2.8,2.76));
#10138=CARTESIAN_POINT('Origin',(0.,0.,2.76));
#10139=CARTESIAN_POINT('',(3.8,4.8,2.76));
#10140=CARTESIAN_POINT('',(-1.9,4.8,2.76));
#10141=CARTESIAN_POINT('',(3.9,4.7,2.76));
#10142=CARTESIAN_POINT('Origin',(3.8,4.7,2.76));
#10143=CARTESIAN_POINT('',(3.9,4.4,2.76));
#10144=CARTESIAN_POINT('',(3.9,2.35,2.76));
#10145=CARTESIAN_POINT('Origin',(3.5,4.4,2.76));
#10146=CARTESIAN_POINT('Origin',(-3.5,4.8,2.76));
#10147=CARTESIAN_POINT('',(-3.8,4.8,2.76));
#10148=CARTESIAN_POINT('',(-1.9,4.8,2.76));
#10149=CARTESIAN_POINT('',(-3.8,4.8,2.56));
#10150=CARTESIAN_POINT('Origin',(-3.5,4.8,2.76));
#10151=CARTESIAN_POINT('',(3.8,4.8,2.56));
#10152=CARTESIAN_POINT('Origin',(3.8,2.8,2.76));
#10153=CARTESIAN_POINT('',(3.9,2.36125178063039,2.76));
#10154=CARTESIAN_POINT('Origin',(3.8,2.8,2.76));
#10155=CARTESIAN_POINT('',(3.9,2.36125178063039,2.86));
#10156=CARTESIAN_POINT('',(3.9,2.36125178063039,2.76));
#10157=CARTESIAN_POINT('',(4.05,2.42583426132261,2.86));
#10158=CARTESIAN_POINT('Origin',(3.8,2.8,2.86));
#10159=CARTESIAN_POINT('',(4.05,2.42583426132261,4.19));
#10160=CARTESIAN_POINT('',(4.05,2.42583426132261,2.76));
#10161=CARTESIAN_POINT('',(4.05,3.17416573867739,4.19));
#10162=CARTESIAN_POINT('Origin',(3.8,2.8,4.19));
#10163=CARTESIAN_POINT('',(4.05,3.17416573867739,2.76));
#10164=CARTESIAN_POINT('Origin',(3.8,2.8,2.76));
#10165=CARTESIAN_POINT('Origin',(3.8,-2.8,2.76));
#10166=CARTESIAN_POINT('Origin',(3.8,-2.8,2.76));
#10167=CARTESIAN_POINT('',(4.05,-3.17416573867739,4.19));
#10168=CARTESIAN_POINT('',(4.05,-3.17416573867739,2.76));
#10169=CARTESIAN_POINT('',(4.05,-2.42583426132261,4.19));
#10170=CARTESIAN_POINT('Origin',(3.8,-2.8,4.19));
#10171=CARTESIAN_POINT('',(4.05,-2.42583426132261,2.86));
#10172=CARTESIAN_POINT('',(4.05,-2.42583426132261,2.76));
#10173=CARTESIAN_POINT('',(3.9,-2.36125178063039,2.86));
#10174=CARTESIAN_POINT('Origin',(3.8,-2.8,2.86));
#10175=CARTESIAN_POINT('',(3.9,-2.36125178063039,2.76));
#10176=CARTESIAN_POINT('',(3.9,-2.36125178063039,2.76));
#10177=CARTESIAN_POINT('Origin',(3.8,-2.8,2.76));
#10178=CARTESIAN_POINT('Origin',(-3.5,-4.4,2.76));
#10179=CARTESIAN_POINT('',(-3.9,-4.4,2.76));
#10180=CARTESIAN_POINT('Origin',(-3.5,-4.4,2.76));
#10181=CARTESIAN_POINT('',(-3.9,-4.4,2.86));
#10182=CARTESIAN_POINT('',(-3.9,-4.4,2.76));
#10183=CARTESIAN_POINT('Origin',(-3.5,-4.4,2.86));
#10184=CARTESIAN_POINT('Origin',(0.,0.,2.76));
#10185=CARTESIAN_POINT('',(-3.8,-4.8,2.76));
#10186=CARTESIAN_POINT('',(1.9,-4.8,2.76));
#10187=CARTESIAN_POINT('',(-3.9,-4.7,2.76));
#10188=CARTESIAN_POINT('Origin',(-3.8,-4.7,2.76));
#10189=CARTESIAN_POINT('',(-3.9,-2.35,2.76));
#10190=CARTESIAN_POINT('Origin',(0.,0.,2.56));
#10191=CARTESIAN_POINT('',(4.02,-4.72,2.56));
#10192=CARTESIAN_POINT('',(4.02,-4.72,2.56));
#10193=CARTESIAN_POINT('',(3.82,-4.92,2.56));
#10194=CARTESIAN_POINT('Origin',(3.82,-4.72,2.56));
#10195=CARTESIAN_POINT('',(-3.82,-4.92,2.56));
#10196=CARTESIAN_POINT('',(-3.82,-4.92,2.56));
#10197=CARTESIAN_POINT('',(-4.02,-4.72,2.56));
#10198=CARTESIAN_POINT('Origin',(-3.82,-4.72,2.56));
#10199=CARTESIAN_POINT('',(-4.02,4.72,2.56));
#10200=CARTESIAN_POINT('',(-3.9,-4.7,2.56));
#10201=CARTESIAN_POINT('',(-3.9,4.7,2.56));
#10202=CARTESIAN_POINT('',(-3.8,-4.8,2.56));
#10203=CARTESIAN_POINT('Origin',(-3.8,-4.7,2.56));
#10204=CARTESIAN_POINT('',(-3.8,-4.8,2.56));
#10205=CARTESIAN_POINT('',(3.8,-4.8,2.56));
#10206=CARTESIAN_POINT('',(-3.8,-4.8,2.56));
#10207=CARTESIAN_POINT('',(3.9,-4.7,2.56));
#10208=CARTESIAN_POINT('Origin',(3.8,-4.7,2.56));
#10209=CARTESIAN_POINT('',(3.9,-4.7,2.56));
#10210=CARTESIAN_POINT('Origin',(3.5,-4.8,2.76));
#10211=CARTESIAN_POINT('',(3.8,-4.8,2.76));
#10212=CARTESIAN_POINT('',(1.9,-4.8,2.76));
#10213=CARTESIAN_POINT('',(3.8,-4.8,2.56));
#10214=CARTESIAN_POINT('Origin',(3.5,-4.8,2.76));
#10215=CARTESIAN_POINT('',(-3.8,-4.8,2.56));
#10216=CARTESIAN_POINT('Origin',(3.55,-4.,3.258));
#10217=CARTESIAN_POINT('',(3.35,-4.,3.26));
#10218=CARTESIAN_POINT('Origin',(3.55,-4.,3.26));
#10219=CARTESIAN_POINT('',(3.35,-4.,3.76));
#10220=CARTESIAN_POINT('',(3.35,-4.,3.258));
#10221=CARTESIAN_POINT('Origin',(3.55,-4.,3.76));
#10222=CARTESIAN_POINT('Origin',(3.55,-4.,3.76));
#10223=CARTESIAN_POINT('Origin',(-3.55,4.,3.258));
#10224=CARTESIAN_POINT('',(-3.75,4.,3.26));
#10225=CARTESIAN_POINT('Origin',(-3.55,4.,3.26));
#10226=CARTESIAN_POINT('',(-3.75,4.,3.76));
#10227=CARTESIAN_POINT('',(-3.75,4.,3.258));
#10228=CARTESIAN_POINT('Origin',(-3.55,4.,3.76));
#10229=CARTESIAN_POINT('Origin',(-3.55,4.,3.76));
#10230=CARTESIAN_POINT('Origin',(-3.55,-4.,3.258));
#10231=CARTESIAN_POINT('',(-3.75,-4.,3.26));
#10232=CARTESIAN_POINT('Origin',(-3.55,-4.,3.26));
#10233=CARTESIAN_POINT('',(-3.75,-4.,3.76));
#10234=CARTESIAN_POINT('',(-3.75,-4.,3.258));
#10235=CARTESIAN_POINT('Origin',(-3.55,-4.,3.76));
#10236=CARTESIAN_POINT('Origin',(-3.55,-4.,3.76));
#10237=CARTESIAN_POINT('Origin',(3.55,4.,3.258));
#10238=CARTESIAN_POINT('',(3.35,4.,3.26));
#10239=CARTESIAN_POINT('Origin',(3.55,4.,3.26));
#10240=CARTESIAN_POINT('',(3.35,4.,3.76));
#10241=CARTESIAN_POINT('',(3.35,4.,3.258));
#10242=CARTESIAN_POINT('Origin',(3.55,4.,3.76));
#10243=CARTESIAN_POINT('Origin',(3.55,4.,3.76));
#10244=CARTESIAN_POINT('Origin',(3.8,-2.8,4.17));
#10245=CARTESIAN_POINT('',(3.48,-2.8,4.17));
#10246=CARTESIAN_POINT('Origin',(3.8,-2.8,4.17));
#10247=CARTESIAN_POINT('',(3.48,-2.8,4.49));
#10248=CARTESIAN_POINT('',(3.48,-2.8,4.17));
#10249=CARTESIAN_POINT('Origin',(3.8,-2.8,4.49));
#10250=CARTESIAN_POINT('Origin',(3.8,-2.8,4.17));
#10251=CARTESIAN_POINT('',(3.63,-2.8,4.17));
#10252=CARTESIAN_POINT('Origin',(3.8,-2.8,4.17));
#10253=CARTESIAN_POINT('Origin',(-3.8,2.8,4.17));
#10254=CARTESIAN_POINT('',(-4.12,2.8,4.17));
#10255=CARTESIAN_POINT('Origin',(-3.8,2.8,4.17));
#10256=CARTESIAN_POINT('',(-4.12,2.8,4.49));
#10257=CARTESIAN_POINT('',(-4.12,2.8,4.17));
#10258=CARTESIAN_POINT('Origin',(-3.8,2.8,4.49));
#10259=CARTESIAN_POINT('Origin',(-3.8,2.8,4.17));
#10260=CARTESIAN_POINT('',(-3.97,2.8,4.17));
#10261=CARTESIAN_POINT('Origin',(-3.8,2.8,4.17));
#10262=CARTESIAN_POINT('Origin',(-3.8,-2.8,4.17));
#10263=CARTESIAN_POINT('',(-4.12,-2.8,4.17));
#10264=CARTESIAN_POINT('Origin',(-3.8,-2.8,4.17));
#10265=CARTESIAN_POINT('',(-4.12,-2.8,4.49));
#10266=CARTESIAN_POINT('',(-4.12,-2.8,4.17));
#10267=CARTESIAN_POINT('Origin',(-3.8,-2.8,4.49));
#10268=CARTESIAN_POINT('Origin',(-3.8,-2.8,4.17));
#10269=CARTESIAN_POINT('',(-3.97,-2.8,4.17));
#10270=CARTESIAN_POINT('Origin',(-3.8,-2.8,4.17));
#10271=CARTESIAN_POINT('Origin',(3.8,2.8,4.17));
#10272=CARTESIAN_POINT('',(3.48,2.8,4.17));
#10273=CARTESIAN_POINT('Origin',(3.8,2.8,4.17));
#10274=CARTESIAN_POINT('',(3.48,2.8,4.49));
#10275=CARTESIAN_POINT('',(3.48,2.8,4.17));
#10276=CARTESIAN_POINT('Origin',(3.8,2.8,4.49));
#10277=CARTESIAN_POINT('Origin',(3.8,2.8,4.17));
#10278=CARTESIAN_POINT('',(3.63,2.8,4.17));
#10279=CARTESIAN_POINT('Origin',(3.8,2.8,4.17));
#10280=CARTESIAN_POINT('Origin',(3.8,-2.8,2.758));
#10281=CARTESIAN_POINT('',(3.63,-2.8,2.76));
#10282=CARTESIAN_POINT('Origin',(3.8,-2.8,2.76));
#10283=CARTESIAN_POINT('',(3.63,-2.8,2.758));
#10284=CARTESIAN_POINT('Origin',(-3.8,2.8,2.758));
#10285=CARTESIAN_POINT('',(-3.97,2.8,2.76));
#10286=CARTESIAN_POINT('Origin',(-3.8,2.8,2.76));
#10287=CARTESIAN_POINT('',(-3.97,2.8,2.758));
#10288=CARTESIAN_POINT('Origin',(-3.8,-2.8,2.758));
#10289=CARTESIAN_POINT('',(-3.97,-2.8,2.76));
#10290=CARTESIAN_POINT('Origin',(-3.8,-2.8,2.76));
#10291=CARTESIAN_POINT('',(-3.97,-2.8,2.758));
#10292=CARTESIAN_POINT('Origin',(3.8,2.8,2.758));
#10293=CARTESIAN_POINT('',(3.63,2.8,2.76));
#10294=CARTESIAN_POINT('Origin',(3.8,2.8,2.76));
#10295=CARTESIAN_POINT('',(3.63,2.8,2.758));
#10296=CARTESIAN_POINT('Ctrl Pts',(-2.43,-3.755,4.44));
#10297=CARTESIAN_POINT('Ctrl Pts',(-2.44184294871797,-3.76703525641028,
4.45666666666669));
#10298=CARTESIAN_POINT('Ctrl Pts',(-2.45368589743594,-3.77907051282055,
4.47333333333339));
#10299=CARTESIAN_POINT('Ctrl Pts',(-2.46552884615391,-3.79110576923083,
4.49000000000008));
#10300=CARTESIAN_POINT('Ctrl Pts',(-1.62,-3.755,4.44));
#10301=CARTESIAN_POINT('Ctrl Pts',(-1.62857172656486,-3.76703525591078,
4.45666666666669));
#10302=CARTESIAN_POINT('Ctrl Pts',(-1.63714344625774,-3.77907051332005,
4.47333333333339));
#10303=CARTESIAN_POINT('Ctrl Pts',(-1.6457151728226,-3.79110576923083,4.49000000000008));
#10304=CARTESIAN_POINT('Ctrl Pts',(-0.40500090987447,-3.75500084275721,
4.43999999999997));
#10305=CARTESIAN_POINT('Ctrl Pts',(-0.407143837757026,-3.76703609986231,
4.45666666666667));
#10306=CARTESIAN_POINT('Ctrl Pts',(-0.409286734356569,-3.77907130375049,
4.47333333333336));
#10307=CARTESIAN_POINT('Ctrl Pts',(-0.411429662239125,-3.79110656085559,
4.49000000000005));
#10308=CARTESIAN_POINT('Ctrl Pts',(1.01250462545634,-3.75500439441927,4.43999999999994));
#10309=CARTESIAN_POINT('Ctrl Pts',(1.01786195044548,-3.76703965024437,4.45666666666663));
#10310=CARTESIAN_POINT('Ctrl Pts',(1.02321926415645,-3.77907482581346,4.47333333333333));
#10311=CARTESIAN_POINT('Ctrl Pts',(1.02857658914559,-3.79111008163856,4.49000000000002));
#10312=CARTESIAN_POINT('Ctrl Pts',(1.72125136190166,-3.75500424657686,4.43999999999991));
#10313=CARTESIAN_POINT('Ctrl Pts',(1.73002589521298,-3.76703950391869,4.4566666666666));
#10314=CARTESIAN_POINT('Ctrl Pts',(1.73880047410771,-3.77907461797901,4.4733333333333));
#10315=CARTESIAN_POINT('Ctrl Pts',(1.74757500741903,-3.79110987532085,4.48999999999999));
#10316=CARTESIAN_POINT('Ctrl Pts',(2.12625754564715,-3.7550070565454,4.4399999999999));
#10317=CARTESIAN_POINT('Ctrl Pts',(2.13684206790508,-3.76704231078528,4.4566666666666));
#10318=CARTESIAN_POINT('Ctrl Pts',(2.14742658580045,-3.77907744216941,4.47333333333329));
#10319=CARTESIAN_POINT('Ctrl Pts',(2.15801110805838,-3.79111269640929,4.48999999999999));
#10320=CARTESIAN_POINT('Ctrl Pts',(2.32874825083615,-3.75500379732583,4.43999999999989));
#10321=CARTESIAN_POINT('Ctrl Pts',(2.34018232611044,-3.76703906038948,4.45666666666658));
#10322=CARTESIAN_POINT('Ctrl Pts',(2.35161643829995,-3.77907411941112,4.47333333333327));
#10323=CARTESIAN_POINT('Ctrl Pts',(2.36305051357425,-3.79110938247478,4.48999999999997));
#10324=CARTESIAN_POINT('Ctrl Pts',(2.44307474634237,-3.75501251503657,4.43999999999988));
#10325=CARTESIAN_POINT('Ctrl Pts',(2.45497036523826,-3.76704775681238,4.45666666666657));
#10326=CARTESIAN_POINT('Ctrl Pts',(2.46686597539235,-3.7790829117333,4.47333333333327));
#10327=CARTESIAN_POINT('Ctrl Pts',(2.47876159428824,-3.79111815350912,4.48999999999996));
#10328=CARTESIAN_POINT('Ctrl Pts',(2.46916758121326,-3.74981169374958,4.43999999999988));
#10329=CARTESIAN_POINT('Ctrl Pts',(2.48115767327096,-3.76182228551424,4.45666666666657));
#10330=CARTESIAN_POINT('Ctrl Pts',(2.49314702424186,-3.77383261527956,4.47333333333327));
#10331=CARTESIAN_POINT('Ctrl Pts',(2.50513711629955,-3.78584320704422,4.48999999999996));
#10332=CARTESIAN_POINT('Ctrl Pts',(2.51375672824696,-3.72023900295079,4.43999999999988));
#10333=CARTESIAN_POINT('Ctrl Pts',(2.5258756555941,-3.73214676170732,4.45666666666658));
#10334=CARTESIAN_POINT('Ctrl Pts',(2.53799468010494,-3.74405468754582,4.47333333333327));
#10335=CARTESIAN_POINT('Ctrl Pts',(2.55011360745208,-3.75596244630235,4.48999999999996));
#10336=CARTESIAN_POINT('Ctrl Pts',(2.53009281208212,-3.681213138446,4.43999999999988));
#10337=CARTESIAN_POINT('Ctrl Pts',(2.54225561447072,-3.69301175956621,4.45666666666658));
#10338=CARTESIAN_POINT('Ctrl Pts',(2.55441864379386,-3.70481044857064,4.47333333333327));
#10339=CARTESIAN_POINT('Ctrl Pts',(2.56658144618246,-3.71660906969085,4.48999999999996));
#10340=CARTESIAN_POINT('Ctrl Pts',(2.52995883655787,-3.61690765394755,4.43999999999988));
#10341=CARTESIAN_POINT('Ctrl Pts',(2.54212267209276,-3.62850039307768,4.45666666666658));
#10342=CARTESIAN_POINT('Ctrl Pts',(2.55428609196353,-3.64009325394156,4.47333333333327));
#10343=CARTESIAN_POINT('Ctrl Pts',(2.56644992749842,-3.65168599307169,4.48999999999997));
#10344=CARTESIAN_POINT('Ctrl Pts',(2.53000453751221,-3.54077987411017,4.43999999999989));
#10345=CARTESIAN_POINT('Ctrl Pts',(2.54216783228175,-3.55212852054844,4.45666666666658));
#10346=CARTESIAN_POINT('Ctrl Pts',(2.55433149683915,-3.56347731446667,4.47333333333327));
#10347=CARTESIAN_POINT('Ctrl Pts',(2.56649479160869,-3.57482596090494,4.48999999999997));
#10348=CARTESIAN_POINT('Ctrl Pts',(2.52998125485971,-3.38847916518982,4.43999999999989));
#10349=CARTESIAN_POINT('Ctrl Pts',(2.54214478280408,-3.39933971380781,4.45666666666658));
#10350=CARTESIAN_POINT('Ctrl Pts',(2.55430841310007,-3.41020039808231,4.47333333333328));
#10351=CARTESIAN_POINT('Ctrl Pts',(2.56647194104444,-3.42106094670031,4.48999999999997));
#10352=CARTESIAN_POINT('Ctrl Pts',(2.53000012685121,-3.12197628053413,4.4399999999999));
#10353=CARTESIAN_POINT('Ctrl Pts',(2.54216355318481,-3.13198262010722,4.45666666666659));
#10354=CARTESIAN_POINT('Ctrl Pts',(2.55432703339053,-3.14198907719016,4.47333333333329));
#10355=CARTESIAN_POINT('Ctrl Pts',(2.56649045972413,-3.15199541676325,4.48999999999998));
#10356=CARTESIAN_POINT('Ctrl Pts',(2.52998357483496,-2.58894983310956,4.43999999999991));
#10357=CARTESIAN_POINT('Ctrl Pts',(2.54214706360196,-2.59724778192677,4.45666666666661));
#10358=CARTESIAN_POINT('Ctrl Pts',(2.55431079399354,-2.60554585928652,4.4733333333333));
#10359=CARTESIAN_POINT('Ctrl Pts',(2.56647428276053,-2.61384380810374,4.49));
#10360=CARTESIAN_POINT('Ctrl Pts',(2.53001119714217,-1.5229180266232,4.43999999999996));
#10361=CARTESIAN_POINT('Ctrl Pts',(2.54217461727504,-1.5277991577682,4.45666666666665));
#10362=CARTESIAN_POINT('Ctrl Pts',(2.55433777309082,-1.53268027360759,4.47333333333335));
#10363=CARTESIAN_POINT('Ctrl Pts',(2.5665011932237,-1.53756140475259,4.49000000000004));
#10364=CARTESIAN_POINT('Ctrl Pts',(2.52995852413474,1.30438292259168E-5,
4.43999999999995));
#10365=CARTESIAN_POINT('Ctrl Pts',(2.54212206205873,1.30183490212847E-5,
4.45666666666665));
#10366=CARTESIAN_POINT('Ctrl Pts',(2.55428696940983,1.25572210284321E-5,
4.47333333333334));
#10367=CARTESIAN_POINT('Ctrl Pts',(2.56645050733382,1.25317408238E-5,4.49000000000004));
#10368=CARTESIAN_POINT('Ctrl Pts',(2.5300596254794,1.82749449572125,4.43999999999996));
#10369=CARTESIAN_POINT('Ctrl Pts',(2.54222294557517,1.83335191690662,4.45666666666666));
#10370=CARTESIAN_POINT('Ctrl Pts',(2.55438474884451,1.83920971836906,4.47333333333335));
#10371=CARTESIAN_POINT('Ctrl Pts',(2.56654806894029,1.84506713955444,4.49000000000005));
#10372=CARTESIAN_POINT('Ctrl Pts',(2.52983075705311,3.04589215896879,4.43999999999979));
#10373=CARTESIAN_POINT('Ctrl Pts',(2.5419944788606,3.05565435320372,4.45666666666648));
#10374=CARTESIAN_POINT('Ctrl Pts',(2.55416501825638,3.06541430329307,4.47333333333318));
#10375=CARTESIAN_POINT('Ctrl Pts',(2.56632874006388,3.075176497528,4.48999999999987));
#10376=CARTESIAN_POINT('Ctrl Pts',(2.53012706733807,3.68119609907537,4.43999999999975));
#10377=CARTESIAN_POINT('Ctrl Pts',(2.54228986327618,3.69299498493524,4.45666666666644));
#10378=CARTESIAN_POINT('Ctrl Pts',(2.55445167313684,3.70479375800078,4.47333333333314));
#10379=CARTESIAN_POINT('Ctrl Pts',(2.56661446907495,3.71659264386065,4.48999999999983));
#10380=CARTESIAN_POINT('Ctrl Pts',(2.50823345783146,3.73335263494076,4.43999999999975));
#10381=CARTESIAN_POINT('Ctrl Pts',(2.52033955916586,3.74529524804125,4.45666666666645));
#10382=CARTESIAN_POINT('Ctrl Pts',(2.53244609803682,3.75723932309049,4.47333333333314));
#10383=CARTESIAN_POINT('Ctrl Pts',(2.54455219937122,3.76918193619098,4.48999999999983));
#10384=CARTESIAN_POINT('Ctrl Pts',(2.45611495367728,3.75513721955282,4.43999999999975));
#10385=CARTESIAN_POINT('Ctrl Pts',(2.4680640127534,3.76717203157072,4.45666666666644));
#10386=CARTESIAN_POINT('Ctrl Pts',(2.48001555134718,3.77920497426285,4.47333333333314));
#10387=CARTESIAN_POINT('Ctrl Pts',(2.49196461042331,3.79123978628075,4.48999999999983));
#10388=CARTESIAN_POINT('Ctrl Pts',(1.62005505619666,3.75476195097104,4.43999999999983));
#10389=CARTESIAN_POINT('Ctrl Pts',(1.62862663365941,3.76679746768142,4.45666666666652));
#10390=CARTESIAN_POINT('Ctrl Pts',(1.63719132521496,3.77883885731102,4.47333333333321));
#10391=CARTESIAN_POINT('Ctrl Pts',(1.64576290267771,3.79087437402139,4.48999999999991));
#10392=CARTESIAN_POINT('Ctrl Pts',(5.09392391491542E-8,3.75518734756431,
4.44000000000002));
#10393=CARTESIAN_POINT('Ctrl Pts',(5.09121962514935E-8,3.76722227838117,
4.45666666666671));
#10394=CARTESIAN_POINT('Ctrl Pts',(4.85855338956416E-8,3.77925313998366,
4.47333333333341));
#10395=CARTESIAN_POINT('Ctrl Pts',(4.85584909979808E-8,3.79128807080052,
4.4900000000001));
#10396=CARTESIAN_POINT('Ctrl Pts',(-1.62005550212863,3.75476168299086,4.44));
#10397=CARTESIAN_POINT('Ctrl Pts',(-1.62862707954836,3.76679719970866,4.45666666666669));
#10398=CARTESIAN_POINT('Ctrl Pts',(-1.63719175030809,3.77883859490155,4.47333333333338));
#10399=CARTESIAN_POINT('Ctrl Pts',(-1.64576332772782,3.79087411161934,4.49000000000008));
#10400=CARTESIAN_POINT('Ctrl Pts',(-2.45611552408936,3.75513679776545,4.44000000000002));
#10401=CARTESIAN_POINT('Ctrl Pts',(-2.4680645832362,3.76717160975084,4.45666666666671));
#10402=CARTESIAN_POINT('Ctrl Pts',(-2.48001609494698,3.7792045613023,4.47333333333341));
#10403=CARTESIAN_POINT('Ctrl Pts',(-2.49196515409382,3.7912393732877,4.4900000000001));
#10404=CARTESIAN_POINT('Ctrl Pts',(-2.50823403041918,3.73335221219164,4.44000000000002));
#10405=CARTESIAN_POINT('Ctrl Pts',(-2.52034013136247,3.74529482547408,4.45666666666671));
#10406=CARTESIAN_POINT('Ctrl Pts',(-2.53244664419073,3.75723890896498,4.47333333333341));
#10407=CARTESIAN_POINT('Ctrl Pts',(-2.54455274513402,3.76918152224742,4.4900000000001));
#10408=CARTESIAN_POINT('Ctrl Pts',(-2.53012763586965,3.6811956790836,4.44000000000002));
#10409=CARTESIAN_POINT('Ctrl Pts',(-2.54229043228223,3.69299456472259,4.45666666666671));
#10410=CARTESIAN_POINT('Ctrl Pts',(-2.55445221452251,3.70479334699535,4.47333333333341));
#10411=CARTESIAN_POINT('Ctrl Pts',(-2.56661501093509,3.71659223263434,4.4900000000001));
#10412=CARTESIAN_POINT('Ctrl Pts',(-2.52983172262015,3.04589142704083,4.44000000000001));
#10413=CARTESIAN_POINT('Ctrl Pts',(-2.54199543379801,3.05565362614512,4.45666666666671));
#10414=CARTESIAN_POINT('Ctrl Pts',(-2.55416595091651,3.06541358093488,4.4733333333334));
#10415=CARTESIAN_POINT('Ctrl Pts',(-2.56632966209437,3.07517578003917,4.4900000000001));
#10416=CARTESIAN_POINT('Ctrl Pts',(-2.53006800414531,1.82748845850374,4.44));
#10417=CARTESIAN_POINT('Ctrl Pts',(-2.54223134295768,1.83334587095725,4.4566666666667));
#10418=CARTESIAN_POINT('Ctrl Pts',(-2.55439265463994,1.83920385369927,4.47333333333339));
#10419=CARTESIAN_POINT('Ctrl Pts',(-2.56655599345231,1.84506126615278,4.49000000000008));
#10420=CARTESIAN_POINT('Ctrl Pts',(-2.52995127532499,1.54907566036516E-5,
4.44));
#10421=CARTESIAN_POINT('Ctrl Pts',(-2.54211482036141,1.54658442154397E-5,
4.4566666666667));
#10422=CARTESIAN_POINT('Ctrl Pts',(-2.55428027159673,1.47938150035281E-5,
4.47333333333339));
#10423=CARTESIAN_POINT('Ctrl Pts',(-2.56644381663315,1.47689026153163E-5,
4.49000000000009));
#10424=CARTESIAN_POINT('Ctrl Pts',(-2.53004362565461,-1.5229304675821,4.44));
#10425=CARTESIAN_POINT('Ctrl Pts',(-2.54220701953292,-1.52781159476403,
4.4566666666667));
#10426=CARTESIAN_POINT('Ctrl Pts',(-2.5543695470184,-1.53269259314094,4.47333333333339));
#10427=CARTESIAN_POINT('Ctrl Pts',(-2.56653294089671,-1.53757372032286,
4.49000000000008));
#10428=CARTESIAN_POINT('Ctrl Pts',(-2.53003362577699,-2.58896889052512,
4.44));
#10429=CARTESIAN_POINT('Ctrl Pts',(-2.5421971444156,-2.59726684376897,4.45666666666669));
#10430=CARTESIAN_POINT('Ctrl Pts',(-2.5543599509582,-2.60556482367229,4.47333333333339));
#10431=CARTESIAN_POINT('Ctrl Pts',(-2.56652346959681,-2.61386277691614,
4.49000000000008));
#10432=CARTESIAN_POINT('Ctrl Pts',(-2.53006808635421,-3.19814867496809,
4.44));
#10433=CARTESIAN_POINT('Ctrl Pts',(-2.54223146268695,-3.20839906475406,
4.45666666666669));
#10434=CARTESIAN_POINT('Ctrl Pts',(-2.55439382484578,-3.21864943276545,
4.47333333333339));
#10435=CARTESIAN_POINT('Ctrl Pts',(-2.56655720117852,-3.22889982255141,
4.49000000000008));
#10436=CARTESIAN_POINT('Ctrl Pts',(-2.53003562185083,-3.50271792613897,
4.44));
#10437=CARTESIAN_POINT('Ctrl Pts',(-2.54219925819493,-3.51394457327977,
4.45666666666669));
#10438=CARTESIAN_POINT('Ctrl Pts',(-2.55436174910841,-3.52517124432128,
4.47333333333339));
#10439=CARTESIAN_POINT('Ctrl Pts',(-2.56652538545251,-3.53639789146208,
4.49000000000008));
#10440=CARTESIAN_POINT('Ctrl Pts',(-2.53012863145384,-3.68122741037891,
4.44));
#10441=CARTESIAN_POINT('Ctrl Pts',(-2.54229177332225,-3.69302603459766,
4.45666666666669));
#10442=CARTESIAN_POINT('Ctrl Pts',(-2.55445347301118,-3.70482457114238,
4.47333333333339));
#10443=CARTESIAN_POINT('Ctrl Pts',(-2.56661661487959,-3.71662319536113,
4.49000000000008));
#10444=CARTESIAN_POINT('Ctrl Pts',(-2.51369700802544,-3.72022375191541,
4.44));
#10445=CARTESIAN_POINT('Ctrl Pts',(-2.5258156050311,-3.73213149675106,4.45666666666669));
#10446=CARTESIAN_POINT('Ctrl Pts',(-2.53793656408315,-3.74403916315389,
4.47333333333339));
#10447=CARTESIAN_POINT('Ctrl Pts',(-2.55005516108881,-3.75594690798954,
4.49000000000008));
#10448=CARTESIAN_POINT('Ctrl Pts',(-2.46915887793502,-3.74980085200691,
4.44));
#10449=CARTESIAN_POINT('Ctrl Pts',(-2.48114906226374,-3.76181144619523,
4.45666666666669));
#10450=CARTESIAN_POINT('Ctrl Pts',(-2.49313820807081,-3.77382199416716,
4.47333333333339));
#10451=CARTESIAN_POINT('Ctrl Pts',(-2.50512839239953,-3.78583258835548,
4.49000000000008));
#10452=CARTESIAN_POINT('Ctrl Pts',(-2.44305635545469,-3.755,4.44));
#10453=CARTESIAN_POINT('Ctrl Pts',(-2.45495181238747,-3.76703521468668,
4.45666666666669));
#10454=CARTESIAN_POINT('Ctrl Pts',(-2.4668479308577,-3.77907055454416,4.47333333333339));
#10455=CARTESIAN_POINT('Ctrl Pts',(-2.47874338779048,-3.79110576923083,
4.49000000000008));
#10456=CARTESIAN_POINT('Ctrl Pts',(-2.43,-3.755,4.44));
#10457=CARTESIAN_POINT('Ctrl Pts',(-2.44184294871797,-3.76703525641028,
4.45666666666669));
#10458=CARTESIAN_POINT('Ctrl Pts',(-2.45368589743593,-3.77907051282055,
4.47333333333339));
#10459=CARTESIAN_POINT('Ctrl Pts',(-2.4655288461539,-3.79110576923083,4.49000000000008));
#10460=CARTESIAN_POINT('',(-2.46552884615385,-3.79110576923077,4.49));
#10461=CARTESIAN_POINT('Ctrl Pts',(-2.46552884615428,-3.79110576923077,
4.49));
#10462=CARTESIAN_POINT('Ctrl Pts',(-2.47874338779072,-3.79110576923071,
4.49));
#10463=CARTESIAN_POINT('Ctrl Pts',(-2.49193589009508,-3.78846917879304,
4.49));
#10464=CARTESIAN_POINT('Ctrl Pts',(-2.50414798733337,-3.78341517352851,
4.49));
#10465=CARTESIAN_POINT('Ctrl Pts',(-2.51636008457179,-3.77836116826393,
4.49));
#10466=CARTESIAN_POINT('Ctrl Pts',(-2.52759177674411,-3.77088974817245,
4.49));
#10467=CARTESIAN_POINT('Ctrl Pts',(-2.53691973305796,-3.76153950004164,
4.49));
#10468=CARTESIAN_POINT('Ctrl Pts',(-2.55557564568568,-3.74283900378001,
4.49));
#10469=CARTESIAN_POINT('Ctrl Pts',(-2.56661661487953,-3.71662319536107,
4.49));
#10470=CARTESIAN_POINT('Ctrl Pts',(-2.56660323246606,-3.69018600715479,
4.49));
#10471=CARTESIAN_POINT('Ctrl Pts',(-2.56652538545245,-3.53639789146202,
4.49));
#10472=CARTESIAN_POINT('Ctrl Pts',(-2.56654129331545,-3.38264885700669,
4.49));
#10473=CARTESIAN_POINT('Ctrl Pts',(-2.56654503079924,-3.22889470907461,
4.49));
#10474=CARTESIAN_POINT('Ctrl Pts',(-2.56654876828303,-3.07514056114254,
4.49));
#10475=CARTESIAN_POINT('Ctrl Pts',(-2.5665403353876,-2.92138129973373,4.49));
#10476=CARTESIAN_POINT('Ctrl Pts',(-2.5665351644716,-2.76762326562341,4.49));
#10477=CARTESIAN_POINT('Ctrl Pts',(-2.56652482263959,-2.46010719740278,
4.49));
#10478=CARTESIAN_POINT('Ctrl Pts',(-2.56652752872528,-2.15259603837613,
4.49));
#10479=CARTESIAN_POINT('Ctrl Pts',(-2.56652339116483,-1.84508269974333,
4.49));
#10480=CARTESIAN_POINT('Ctrl Pts',(-2.56651511604394,-1.23005602247774,
4.49));
#10481=CARTESIAN_POINT('Ctrl Pts',(-2.56647946633851,-0.615020626787565,
4.49));
#10482=CARTESIAN_POINT('Ctrl Pts',(-2.56648033762232,4.82059921325109E-6,
4.49));
#10483=CARTESIAN_POINT('Ctrl Pts',(-2.56648120890614,0.615030267985992,
4.49));
#10484=CARTESIAN_POINT('Ctrl Pts',(-2.56651860117919,1.23004576706937,4.49));
#10485=CARTESIAN_POINT('Ctrl Pts',(-2.56648071447623,1.84508214508265,4.49));
#10486=CARTESIAN_POINT('Ctrl Pts',(-2.56644282777328,2.46011852309593,4.49000000000001));
#10487=CARTESIAN_POINT('Ctrl Pts',(-2.56632966209431,3.07517578003912,4.49000000000001));
#10488=CARTESIAN_POINT('Ctrl Pts',(-2.56660325291961,3.69016218119871,4.49000000000002));
#10489=CARTESIAN_POINT('Ctrl Pts',(-2.56661501093502,3.71659223263428,4.49000000000002));
#10490=CARTESIAN_POINT('Ctrl Pts',(-2.55558387803449,3.74288687744082,4.49000000000002));
#10491=CARTESIAN_POINT('Ctrl Pts',(-2.53692141382417,3.76154866260416,4.49000000000002));
#10492=CARTESIAN_POINT('Ctrl Pts',(-2.51825894961386,3.7802104477675,4.49000000000002));
#10493=CARTESIAN_POINT('Ctrl Pts',(-2.49196515409376,3.79123937328764,4.49000000000002));
#10494=CARTESIAN_POINT('Ctrl Pts',(-2.46553734911654,3.79122796576778,4.49000000000002));
#10495=CARTESIAN_POINT('Ctrl Pts',(-1.64576332772777,3.79087411161928,4.48999999999999));
#10496=CARTESIAN_POINT('Ctrl Pts',(-0.822881639584644,3.79108109120987,
4.49000000000001));
#10497=CARTESIAN_POINT('Ctrl Pts',(-8.19832875088832E-8,3.79108115681038,
4.48999999999996));
#10498=CARTESIAN_POINT('Ctrl Pts',(0.822881475618073,3.79108122241089,4.48999999999992));
#10499=CARTESIAN_POINT('Ctrl Pts',(1.64576290267766,3.79087437402133,4.48999999999982));
#10500=CARTESIAN_POINT('Ctrl Pts',(2.46553680915067,3.79122837405771,4.48999999999975));
#10501=CARTESIAN_POINT('Ctrl Pts',(2.49196461042325,3.79123978628069,4.48999999999975));
#10502=CARTESIAN_POINT('Ctrl Pts',(2.5182584048972,3.78021086123581,4.48999999999975));
#10503=CARTESIAN_POINT('Ctrl Pts',(2.53692086956011,3.76154907563078,4.48999999999975));
#10504=CARTESIAN_POINT('Ctrl Pts',(2.55558333422302,3.74288729002575,4.48999999999975));
#10505=CARTESIAN_POINT('Ctrl Pts',(2.56661446907489,3.71659264386059,4.48999999999975));
#10506=CARTESIAN_POINT('Ctrl Pts',(2.56660269539426,3.6901626050448,4.48999999999975));
#10507=CARTESIAN_POINT('Ctrl Pts',(2.56632874006382,3.07517649752796,4.48999999999979));
#10508=CARTESIAN_POINT('Ctrl Pts',(2.56643840450202,2.46012181854118,4.48999999999988));
#10509=CARTESIAN_POINT('Ctrl Pts',(2.56647697645338,1.84508537774553,4.48999999999992));
#10510=CARTESIAN_POINT('Ctrl Pts',(2.56651554840474,1.23004893694988,4.48999999999996));
#10511=CARTESIAN_POINT('Ctrl Pts',(2.56648302786925,0.61503073434535,4.48999999999995));
#10512=CARTESIAN_POINT('Ctrl Pts',(2.56647690477948,6.84574440737624E-6,
4.48999999999995));
#10513=CARTESIAN_POINT('Ctrl Pts',(2.56647078168971,-0.615017042856533,
4.48999999999995));
#10514=CARTESIAN_POINT('Ctrl Pts',(2.56649105604566,-1.23004661745389,4.48999999999995));
#10515=CARTESIAN_POINT('Ctrl Pts',(2.56648756255929,-1.84506881978677,4.48999999999994));
#10516=CARTESIAN_POINT('Ctrl Pts',(2.56648581581611,-2.15257992095321,4.48999999999993));
#10517=CARTESIAN_POINT('Ctrl Pts',(2.56647812711235,-2.46008917905353,4.48999999999992));
#10518=CARTESIAN_POINT('Ctrl Pts',(2.56648172686389,-2.76760240171916,4.48999999999991));
#10519=CARTESIAN_POINT('Ctrl Pts',(2.56648352673967,-2.92135901305198,4.4899999999999));
#10520=CARTESIAN_POINT('Ctrl Pts',(2.56648814872927,-3.07511661552612,4.4899999999999));
#10521=CARTESIAN_POINT('Ctrl Pts',(2.56648263465735,-3.22887030394591,4.48999999999989));
#10522=CARTESIAN_POINT('Ctrl Pts',(2.56647987762139,-3.3057471481558,4.48999999999989));
#10523=CARTESIAN_POINT('Ctrl Pts',(2.56647458657005,-3.3826230138521,4.48999999999989));
#10524=CARTESIAN_POINT('Ctrl Pts',(2.56648043974102,-3.45950330715241,4.48999999999989));
#10525=CARTESIAN_POINT('Ctrl Pts',(2.5664833663265,-3.49794345380257,4.48999999999989));
#10526=CARTESIAN_POINT('Ctrl Pts',(2.56648907896756,-3.53638470735372,4.48999999999989));
#10527=CARTESIAN_POINT('Ctrl Pts',(2.56648071926053,-3.57482034217099,4.48999999999988));
#10528=CARTESIAN_POINT('Ctrl Pts',(2.56647235955349,-3.61325597698825,4.48999999999988));
#10529=CARTESIAN_POINT('Ctrl Pts',(2.56644992749836,-3.65168599307163,4.48999999999988));
#10530=CARTESIAN_POINT('Ctrl Pts',(2.56652785866364,-3.6901560481172,4.48999999999988));
#10531=CARTESIAN_POINT('Ctrl Pts',(2.56658144618239,-3.7166090696908,4.48999999999988));
#10532=CARTESIAN_POINT('Ctrl Pts',(2.55560288702881,-3.74284465409846,4.48999999999988));
#10533=CARTESIAN_POINT('Ctrl Pts',(2.53695120359344,-3.76155010248164,4.48999999999988));
#10534=CARTESIAN_POINT('Ctrl Pts',(2.52762536187575,-3.77090282667322,4.48999999999988));
#10535=CARTESIAN_POINT('Ctrl Pts',(2.51638123908762,-3.77837301685869,4.48999999999988));
#10536=CARTESIAN_POINT('Ctrl Pts',(2.50416529719073,-3.78342684856765,4.48999999999988));
#10537=CARTESIAN_POINT('Ctrl Pts',(2.49194935529384,-3.78848068027661,4.48999999999988));
#10538=CARTESIAN_POINT('Ctrl Pts',(2.47876159428818,-3.79111815350906,4.48999999999988));
#10539=CARTESIAN_POINT('Ctrl Pts',(2.46554478762998,-3.79111715165976,4.48999999999988));
#10540=CARTESIAN_POINT('Ctrl Pts',(2.36305051357419,-3.79110938247472,4.48999999999988));
#10541=CARTESIAN_POINT('Ctrl Pts',(2.26053081081626,-3.79111103944197,4.48999999999989));
#10542=CARTESIAN_POINT('Ctrl Pts',(2.15796644685738,-3.79111151528954,4.4899999999999));
#10543=CARTESIAN_POINT('Ctrl Pts',(2.05540208289849,-3.79111199113711,4.4899999999999));
#10544=CARTESIAN_POINT('Ctrl Pts',(1.95279305773866,-3.79111128586501,4.4899999999999));
#10545=CARTESIAN_POINT('Ctrl Pts',(1.85014902104765,-3.79111082550825,4.48999999999991));
#10546=CARTESIAN_POINT('Ctrl Pts',(1.64486094766564,-3.79110990479475,4.48999999999991));
#10547=CARTESIAN_POINT('Ctrl Pts',(1.43943282815895,-3.79110996374266,4.48999999999992));
#10548=CARTESIAN_POINT('Ctrl Pts',(1.23390902223141,-3.79110983538495,4.48999999999993));
#10549=CARTESIAN_POINT('Ctrl Pts',(0.822861410376322,-3.79110957866951,
4.48999999999994));
#10550=CARTESIAN_POINT('Ctrl Pts',(0.411431052837842,-3.79110857273152,
4.48999999999995));
#10551=CARTESIAN_POINT('Ctrl Pts',(1.3133029169915E-6,-3.79110781414788,
4.48999999999996));
#10552=CARTESIAN_POINT('Ctrl Pts',(-0.822858165766928,-3.79110629698061,
4.48999999999998));
#10553=CARTESIAN_POINT('Ctrl Pts',(-1.64571517282255,-3.79110576923077,
4.49));
#10554=CARTESIAN_POINT('Ctrl Pts',(-2.46552884615385,-3.79110576923077,
4.49));
#10555=CARTESIAN_POINT('',(-2.43,-3.755,4.44));
#10556=CARTESIAN_POINT('',(-2.43,-3.755,4.44));
#10557=CARTESIAN_POINT('',(-2.53,-3.655,4.44));
#10558=CARTESIAN_POINT('Origin',(-2.43,-3.655,4.44));
#10559=CARTESIAN_POINT('',(-2.53,3.655,4.44));
#10560=CARTESIAN_POINT('',(-2.53,1.65681818181818,4.44));
#10561=CARTESIAN_POINT('',(-2.43,3.755,4.44));
#10562=CARTESIAN_POINT('Origin',(-2.43,3.655,4.44));
#10563=CARTESIAN_POINT('',(2.43,3.755,4.44));
#10564=CARTESIAN_POINT('',(1.10454545454545,3.755,4.44));
#10565=CARTESIAN_POINT('',(2.53,3.655,4.44));
#10566=CARTESIAN_POINT('Origin',(2.43,3.655,4.44));
#10567=CARTESIAN_POINT('',(2.53,-3.655,4.44));
#10568=CARTESIAN_POINT('',(2.53,-1.99818181818182,4.44));
#10569=CARTESIAN_POINT('',(2.43,-3.755,4.44));
#10570=CARTESIAN_POINT('Origin',(2.43,-3.655,4.44));
#10571=CARTESIAN_POINT('',(-1.32545454545455,-3.755,4.44));
#10572=CARTESIAN_POINT('Origin',(-2.53,3.655,4.368));
#10573=CARTESIAN_POINT('',(-2.53,-3.655,4.37));
#10574=CARTESIAN_POINT('',(-2.53,-3.655,4.368));
#10575=CARTESIAN_POINT('',(-2.53,3.655,4.37));
#10576=CARTESIAN_POINT('',(-2.53,1.8275,4.37));
#10577=CARTESIAN_POINT('',(-2.53,3.655,4.368));
#10578=CARTESIAN_POINT('Origin',(-2.43,-3.655,4.368));
#10579=CARTESIAN_POINT('',(-2.43,-3.755,4.37));
#10580=CARTESIAN_POINT('',(-2.43,-3.755,4.368));
#10581=CARTESIAN_POINT('Origin',(-2.43,-3.655,4.37));
#10582=CARTESIAN_POINT('Origin',(-2.43,-3.755,4.368));
#10583=CARTESIAN_POINT('',(2.43,-3.755,4.37));
#10584=CARTESIAN_POINT('',(2.43,-3.755,4.368));
#10585=CARTESIAN_POINT('',(-1.215,-3.755,4.37));
#10586=CARTESIAN_POINT('Origin',(2.43,-3.655,4.368));
#10587=CARTESIAN_POINT('',(2.53,-3.655,4.37));
#10588=CARTESIAN_POINT('',(2.53,-3.655,4.368));
#10589=CARTESIAN_POINT('Origin',(2.43,-3.655,4.37));
#10590=CARTESIAN_POINT('Origin',(2.53,-3.655,4.368));
#10591=CARTESIAN_POINT('',(2.53,3.655,4.37));
#10592=CARTESIAN_POINT('',(2.53,3.655,4.368));
#10593=CARTESIAN_POINT('',(2.53,-1.8275,4.37));
#10594=CARTESIAN_POINT('Origin',(2.43,3.655,4.368));
#10595=CARTESIAN_POINT('',(2.43,3.755,4.37));
#10596=CARTESIAN_POINT('',(2.43,3.755,4.368));
#10597=CARTESIAN_POINT('Origin',(2.43,3.655,4.37));
#10598=CARTESIAN_POINT('Origin',(2.43,3.755,4.368));
#10599=CARTESIAN_POINT('',(-2.43,3.755,4.37));
#10600=CARTESIAN_POINT('',(-2.43,3.755,4.368));
#10601=CARTESIAN_POINT('',(1.215,3.755,4.37));
#10602=CARTESIAN_POINT('Origin',(-2.43,3.655,4.368));
#10603=CARTESIAN_POINT('Origin',(-2.43,3.655,4.37));
#10604=CARTESIAN_POINT('Origin',(3.06,-4.51,2.758));
#10605=CARTESIAN_POINT('',(3.06,-4.51,4.19));
#10606=CARTESIAN_POINT('',(3.06,4.51,4.19));
#10607=CARTESIAN_POINT('',(3.06,-2.255,4.19));
#10608=CARTESIAN_POINT('',(3.06,-4.51,4.37));
#10609=CARTESIAN_POINT('',(3.06,-4.51,2.758));
#10610=CARTESIAN_POINT('',(3.06,4.51,4.37));
#10611=CARTESIAN_POINT('',(3.06,-4.51,4.37));
#10612=CARTESIAN_POINT('',(3.06,4.51,2.758));
#10613=CARTESIAN_POINT('Origin',(2.91,4.51,2.758));
#10614=CARTESIAN_POINT('',(2.91,4.66,4.19));
#10615=CARTESIAN_POINT('Origin',(2.91,4.51,4.19));
#10616=CARTESIAN_POINT('',(2.91,4.66,4.37));
#10617=CARTESIAN_POINT('Origin',(2.91,4.51,4.37));
#10618=CARTESIAN_POINT('',(2.91,4.66,2.758));
#10619=CARTESIAN_POINT('Origin',(2.91,4.66,2.758));
#10620=CARTESIAN_POINT('',(-2.91,4.66,4.19));
#10621=CARTESIAN_POINT('',(1.455,4.66,4.19));
#10622=CARTESIAN_POINT('',(-2.91,4.66,4.37));
#10623=CARTESIAN_POINT('',(2.91,4.66,4.37));
#10624=CARTESIAN_POINT('',(-2.91,4.66,2.758));
#10625=CARTESIAN_POINT('Origin',(-2.91,4.51,2.758));
#10626=CARTESIAN_POINT('',(-3.06,4.51,4.19));
#10627=CARTESIAN_POINT('Origin',(-2.91,4.51,4.19));
#10628=CARTESIAN_POINT('',(-3.06,4.51,4.37));
#10629=CARTESIAN_POINT('Origin',(-2.91,4.51,4.37));
#10630=CARTESIAN_POINT('',(-3.06,4.51,2.758));
#10631=CARTESIAN_POINT('Origin',(-3.06,4.51,2.758));
#10632=CARTESIAN_POINT('',(-3.06,-4.51,4.19));
#10633=CARTESIAN_POINT('',(-3.06,2.255,4.19));
#10634=CARTESIAN_POINT('',(-3.06,-4.51,4.37));
#10635=CARTESIAN_POINT('',(-3.06,4.51,4.37));
#10636=CARTESIAN_POINT('',(-3.06,-4.51,2.758));
#10637=CARTESIAN_POINT('Origin',(2.91,-4.51,2.758));
#10638=CARTESIAN_POINT('',(2.91,-4.66,4.19));
#10639=CARTESIAN_POINT('Origin',(2.91,-4.51,4.19));
#10640=CARTESIAN_POINT('',(2.91,-4.66,4.37));
#10641=CARTESIAN_POINT('',(2.91,-4.66,2.758));
#10642=CARTESIAN_POINT('Origin',(2.91,-4.51,4.37));
#10643=CARTESIAN_POINT('Origin',(-2.91,-4.66,2.758));
#10644=CARTESIAN_POINT('',(-2.91,-4.66,4.19));
#10645=CARTESIAN_POINT('',(-1.455,-4.66,4.19));
#10646=CARTESIAN_POINT('',(-2.91,-4.66,4.37));
#10647=CARTESIAN_POINT('',(-2.91,-4.66,2.758));
#10648=CARTESIAN_POINT('',(-2.91,-4.66,4.37));
#10649=CARTESIAN_POINT('Origin',(-2.91,-4.51,2.758));
#10650=CARTESIAN_POINT('Origin',(-2.91,-4.51,4.19));
#10651=CARTESIAN_POINT('Origin',(-2.91,-4.51,4.37));
#10652=CARTESIAN_POINT('Origin',(0.,0.,4.37));
#10653=CARTESIAN_POINT('Origin',(3.55,4.,3.26));
#10654=CARTESIAN_POINT('',(3.1,4.,4.19));
#10655=CARTESIAN_POINT('Origin',(3.55,4.,4.19));
#10656=CARTESIAN_POINT('',(3.1,4.,3.26));
#10657=CARTESIAN_POINT('',(3.1,4.,3.26));
#10658=CARTESIAN_POINT('Origin',(3.55,4.,3.26));
#10659=CARTESIAN_POINT('Origin',(3.55,4.,3.26));
#10660=CARTESIAN_POINT('Origin',(-3.55,-4.,3.26));
#10661=CARTESIAN_POINT('',(-4.,-4.,4.19));
#10662=CARTESIAN_POINT('Origin',(-3.55,-4.,4.19));
#10663=CARTESIAN_POINT('',(-4.,-4.,3.26));
#10664=CARTESIAN_POINT('',(-4.,-4.,3.26));
#10665=CARTESIAN_POINT('Origin',(-3.55,-4.,3.26));
#10666=CARTESIAN_POINT('Origin',(-3.55,-4.,3.26));
#10667=CARTESIAN_POINT('Origin',(-3.55,4.,3.26));
#10668=CARTESIAN_POINT('',(-4.,4.,4.19));
#10669=CARTESIAN_POINT('Origin',(-3.55,4.,4.19));
#10670=CARTESIAN_POINT('',(-4.,4.,3.26));
#10671=CARTESIAN_POINT('',(-4.,4.,3.26));
#10672=CARTESIAN_POINT('Origin',(-3.55,4.,3.26));
#10673=CARTESIAN_POINT('Origin',(-3.55,4.,3.26));
#10674=CARTESIAN_POINT('Origin',(3.55,-4.,3.26));
#10675=CARTESIAN_POINT('',(3.1,-4.,4.19));
#10676=CARTESIAN_POINT('Origin',(3.55,-4.,4.19));
#10677=CARTESIAN_POINT('',(3.1,-4.,3.26));
#10678=CARTESIAN_POINT('',(3.1,-4.,3.26));
#10679=CARTESIAN_POINT('Origin',(3.55,-4.,3.26));
#10680=CARTESIAN_POINT('Origin',(3.55,-4.,3.26));
#10681=CARTESIAN_POINT('Origin',(0.,0.,2.76));
#10682=CARTESIAN_POINT('',(4.3,-4.7,2.76));
#10683=CARTESIAN_POINT('',(4.3,4.7,2.76));
#10684=CARTESIAN_POINT('',(4.3,-4.7,2.76));
#10685=CARTESIAN_POINT('',(3.8,-5.2,2.76));
#10686=CARTESIAN_POINT('Origin',(3.8,-4.7,2.76));
#10687=CARTESIAN_POINT('',(-3.8,-5.2,2.76));
#10688=CARTESIAN_POINT('',(-3.8,-5.2,2.76));
#10689=CARTESIAN_POINT('',(-4.3,-4.7,2.76));
#10690=CARTESIAN_POINT('Origin',(-3.8,-4.7,2.76));
#10691=CARTESIAN_POINT('',(-4.3,4.7,2.76));
#10692=CARTESIAN_POINT('',(-4.3,4.7,2.76));
#10693=CARTESIAN_POINT('',(-3.8,5.2,2.76));
#10694=CARTESIAN_POINT('Origin',(-3.8,4.7,2.76));
#10695=CARTESIAN_POINT('',(3.8,5.2,2.76));
#10696=CARTESIAN_POINT('',(3.8,5.2,2.76));
#10697=CARTESIAN_POINT('Origin',(3.8,4.7,2.76));
#10698=CARTESIAN_POINT('Origin',(3.8,-2.8,2.76));
#10699=CARTESIAN_POINT('',(3.9,-2.31010205144336,2.76));
#10700=CARTESIAN_POINT('',(3.9,0.8,2.76));
#10701=CARTESIAN_POINT('',(4.02,-2.35100111358713,2.76));
#10702=CARTESIAN_POINT('Origin',(3.8,-2.8,2.76));
#10703=CARTESIAN_POINT('',(4.02,2.35100111358713,2.76));
#10704=CARTESIAN_POINT('',(4.02,-2.36,2.76));
#10705=CARTESIAN_POINT('',(3.9,2.31010205144336,2.76));
#10706=CARTESIAN_POINT('Origin',(3.8,2.8,2.76));
#10707=CARTESIAN_POINT('',(3.9,3.6,2.76));
#10708=CARTESIAN_POINT('Origin',(3.8,2.8,2.76));
#10709=CARTESIAN_POINT('',(4.02,4.72,2.76));
#10710=CARTESIAN_POINT('',(4.02,-2.36,2.76));
#10711=CARTESIAN_POINT('',(3.82,4.92,2.76));
#10712=CARTESIAN_POINT('Origin',(3.82,4.72,2.76));
#10713=CARTESIAN_POINT('',(-3.82,4.92,2.76));
#10714=CARTESIAN_POINT('',(1.91,4.92,2.76));
#10715=CARTESIAN_POINT('Origin',(-3.82,4.72,2.76));
#10716=CARTESIAN_POINT('Origin',(-3.8,2.8,2.76));
#10717=CARTESIAN_POINT('',(-3.9,2.31010205144336,2.76));
#10718=CARTESIAN_POINT('',(-3.9,-0.8,2.76));
#10719=CARTESIAN_POINT('',(-4.02,2.35100111358713,2.76));
#10720=CARTESIAN_POINT('Origin',(-3.8,2.8,2.76));
#10721=CARTESIAN_POINT('',(-4.02,-2.35100111358713,2.76));
#10722=CARTESIAN_POINT('',(-4.02,2.36,2.76));
#10723=CARTESIAN_POINT('',(-3.9,-2.31010205144336,2.76));
#10724=CARTESIAN_POINT('Origin',(-3.8,-2.8,2.76));
#10725=CARTESIAN_POINT('',(-3.9,-3.6,2.76));
#10726=CARTESIAN_POINT('Origin',(-3.8,-2.8,2.76));
#10727=CARTESIAN_POINT('',(-4.02,-4.72,2.76));
#10728=CARTESIAN_POINT('',(-4.02,2.36,2.76));
#10729=CARTESIAN_POINT('',(-3.82,-4.92,2.76));
#10730=CARTESIAN_POINT('Origin',(-3.82,-4.72,2.76));
#10731=CARTESIAN_POINT('',(3.82,-4.92,2.76));
#10732=CARTESIAN_POINT('',(-1.91,-4.92,2.76));
#10733=CARTESIAN_POINT('',(4.02,-4.72,2.76));
#10734=CARTESIAN_POINT('Origin',(3.82,-4.72,2.76));
#10735=CARTESIAN_POINT('',(4.02,-2.36,2.76));
#10736=CARTESIAN_POINT('Origin',(3.9,4.4,2.76));
#10737=CARTESIAN_POINT('',(3.9,4.4,2.76));
#10738=CARTESIAN_POINT('',(3.9,4.7,2.56));
#10739=CARTESIAN_POINT('Origin',(4.05,-4.7,2.758));
#10740=CARTESIAN_POINT('',(4.05,4.7,4.19));
#10741=CARTESIAN_POINT('',(4.05,-4.7,4.19));
#10742=CARTESIAN_POINT('',(4.05,4.7,2.758));
#10743=CARTESIAN_POINT('Origin',(-3.9,-4.4,2.76));
#10744=CARTESIAN_POINT('',(-3.9,4.4,2.86));
#10745=CARTESIAN_POINT('',(-3.9,-4.7,2.56));
#10746=CARTESIAN_POINT('Origin',(-3.9,-4.4,2.76));
#10747=CARTESIAN_POINT('',(-3.9,-2.31010205144336,2.56));
#10748=CARTESIAN_POINT('',(-3.9,-2.31010205144336,2.558));
#10749=CARTESIAN_POINT('',(-3.9,2.31010205144336,2.56));
#10750=CARTESIAN_POINT('',(-3.9,4.7,2.56));
#10751=CARTESIAN_POINT('',(-3.9,2.31010205144336,2.558));
#10752=CARTESIAN_POINT('',(-3.9,4.4,2.86));
#10753=CARTESIAN_POINT('Origin',(0.,0.,2.86));
#10754=CARTESIAN_POINT('',(3.9,-4.4,2.86));
#10755=CARTESIAN_POINT('',(3.9,-4.4,2.86));
#10756=CARTESIAN_POINT('Origin',(3.5,-4.4,2.86));
#10757=CARTESIAN_POINT('',(-4.05,-4.7,2.86));
#10758=CARTESIAN_POINT('',(-4.05,2.35,2.86));
#10759=CARTESIAN_POINT('',(-3.8,-4.95,2.86));
#10760=CARTESIAN_POINT('Origin',(-3.8,-4.7,2.86));
#10761=CARTESIAN_POINT('',(3.8,-4.95,2.86));
#10762=CARTESIAN_POINT('',(-1.9,-4.95,2.86));
#10763=CARTESIAN_POINT('',(4.05,-4.7,2.86));
#10764=CARTESIAN_POINT('Origin',(3.8,-4.7,2.86));
#10765=CARTESIAN_POINT('',(4.05,-2.35,2.86));
#10766=CARTESIAN_POINT('Origin',(-4.05,4.7,2.758));
#10767=CARTESIAN_POINT('',(-4.05,-4.7,4.19));
#10768=CARTESIAN_POINT('',(-4.05,4.7,4.19));
#10769=CARTESIAN_POINT('',(-4.05,-4.7,2.758));
#10770=CARTESIAN_POINT('Origin',(-4.05,4.7,2.758));
#10771=CARTESIAN_POINT('',(-4.05,2.35,2.86));
#10772=CARTESIAN_POINT('',(-4.05,4.7,4.19));
#10773=CARTESIAN_POINT('Origin',(0.,0.,2.86));
#10774=CARTESIAN_POINT('Origin',(0.,0.,2.86));
#10775=CARTESIAN_POINT('',(3.9,-4.4,2.86));
#10776=CARTESIAN_POINT('',(4.05,-2.35,2.86));
#10777=CARTESIAN_POINT('Origin',(0.,0.,4.19));
#10778=CARTESIAN_POINT('',(4.05,-4.7,4.19));
#10779=CARTESIAN_POINT('',(4.05,-4.7,4.19));
#10780=CARTESIAN_POINT('',(4.05,-4.7,4.19));
#10781=CARTESIAN_POINT('',(3.8,-4.95,4.19));
#10782=CARTESIAN_POINT('Origin',(3.8,-4.7,4.19));
#10783=CARTESIAN_POINT('',(-3.8,-4.95,4.19));
#10784=CARTESIAN_POINT('',(-3.8,-4.95,4.19));
#10785=CARTESIAN_POINT('Origin',(-3.8,-4.7,4.19));
#10786=CARTESIAN_POINT('',(-4.05,4.7,4.19));
#10787=CARTESIAN_POINT('',(-4.05,4.7,4.19));
#10788=CARTESIAN_POINT('',(-3.8,4.95,4.19));
#10789=CARTESIAN_POINT('Origin',(-3.8,4.7,4.19));
#10790=CARTESIAN_POINT('',(3.8,4.95,4.19));
#10791=CARTESIAN_POINT('',(3.8,4.95,4.19));
#10792=CARTESIAN_POINT('Origin',(3.8,4.7,4.19));
#10793=CARTESIAN_POINT('Origin',(4.05,-4.7,2.758));
#10794=CARTESIAN_POINT('',(4.05,-4.7,2.758));
#10795=CARTESIAN_POINT('Origin',(4.05,-4.7,2.758));
#10796=CARTESIAN_POINT('Origin',(3.9,4.4,2.76));
#10797=CARTESIAN_POINT('',(3.9,-4.7,2.76));
#10798=CARTESIAN_POINT('',(3.9,-4.7,2.56));
#10799=CARTESIAN_POINT('',(3.9,-4.4,2.76));
#10800=CARTESIAN_POINT('',(3.9,2.35,2.76));
#10801=CARTESIAN_POINT('',(3.9,-4.4,2.76));
#10802=CARTESIAN_POINT('Origin',(3.8,-2.8,2.558));
#10803=CARTESIAN_POINT('Origin',(3.8,-2.8,2.558));
#10804=CARTESIAN_POINT('',(3.9,-2.31010205144336,2.56));
#10805=CARTESIAN_POINT('',(3.9,-2.31010205144336,2.558));
#10806=CARTESIAN_POINT('',(4.02,-2.35100111358713,2.56));
#10807=CARTESIAN_POINT('Origin',(3.8,-2.8,2.56));
#10808=CARTESIAN_POINT('',(4.02,-2.35100111358713,2.558));
#10809=CARTESIAN_POINT('Origin',(-3.8,2.8,2.558));
#10810=CARTESIAN_POINT('',(-4.02,2.35100111358713,2.56));
#10811=CARTESIAN_POINT('Origin',(-3.8,2.8,2.56));
#10812=CARTESIAN_POINT('',(-4.02,2.35100111358713,2.558));
#10813=CARTESIAN_POINT('Origin',(-3.8,2.8,2.558));
#10814=CARTESIAN_POINT('Origin',(-3.8,-2.8,2.558));
#10815=CARTESIAN_POINT('Origin',(-3.8,-2.8,2.558));
#10816=CARTESIAN_POINT('',(-4.02,-2.35100111358713,2.56));
#10817=CARTESIAN_POINT('',(-4.02,-2.35100111358713,2.558));
#10818=CARTESIAN_POINT('Origin',(-3.8,-2.8,2.56));
#10819=CARTESIAN_POINT('Origin',(3.8,2.8,2.558));
#10820=CARTESIAN_POINT('',(3.9,2.31010205144336,2.56));
#10821=CARTESIAN_POINT('',(3.9,2.31010205144336,2.558));
#10822=CARTESIAN_POINT('',(4.02,2.35100111358713,2.56));
#10823=CARTESIAN_POINT('',(4.02,2.35100111358713,2.558));
#10824=CARTESIAN_POINT('Origin',(3.8,2.8,2.56));
#10825=CARTESIAN_POINT('Origin',(3.8,2.8,2.558));
#10826=CARTESIAN_POINT('Origin',(-4.02,4.72,2.56));
#10827=CARTESIAN_POINT('',(-4.02,-4.72,2.56));
#10828=CARTESIAN_POINT('Origin',(-4.02,4.72,2.56));
#10829=CARTESIAN_POINT('',(-4.02,4.72,2.56));
#10830=CARTESIAN_POINT('Origin',(3.9,4.4,2.76));
#10831=CARTESIAN_POINT('',(3.9,-4.7,2.56));
#10832=CARTESIAN_POINT('Origin',(0.,0.,2.56));
#10833=CARTESIAN_POINT('Origin',(4.02,-4.72,2.56));
#10834=CARTESIAN_POINT('',(4.02,4.72,2.56));
#10835=CARTESIAN_POINT('Origin',(4.02,-4.72,2.56));
#10836=CARTESIAN_POINT('',(4.02,-4.72,2.56));
#10837=CARTESIAN_POINT('Origin',(3.8,4.7,2.56));
#10838=CARTESIAN_POINT('Origin',(-3.8,4.7,2.56));
#10839=CARTESIAN_POINT('Origin',(-3.8,4.7,2.76));
#10840=CARTESIAN_POINT('Origin',(3.82,-4.72,2.56));
#10841=CARTESIAN_POINT('',(3.82,-4.92,2.56));
#10842=CARTESIAN_POINT('Origin',(-3.82,-4.92,2.56));
#10843=CARTESIAN_POINT('',(-3.82,-4.92,2.56));
#10844=CARTESIAN_POINT('Origin',(-3.82,-4.72,2.56));
#10845=CARTESIAN_POINT('Origin',(3.8,-4.7,2.56));
#10846=CARTESIAN_POINT('Origin',(3.8,-4.7,2.76));
#10847=CARTESIAN_POINT('Origin',(-3.8,-4.7,2.56));
#10848=CARTESIAN_POINT('Origin',(-3.82,4.72,2.56));
#10849=CARTESIAN_POINT('',(-3.82,4.92,2.56));
#10850=CARTESIAN_POINT('Origin',(3.82,4.92,2.56));
#10851=CARTESIAN_POINT('',(3.82,4.92,2.56));
#10852=CARTESIAN_POINT('Origin',(3.82,4.72,2.56));
#10853=CARTESIAN_POINT('Origin',(4.02,-4.72,2.56));
#10854=CARTESIAN_POINT('',(4.02,-4.72,2.56));
#10855=CARTESIAN_POINT('Origin',(0.,0.,2.56));
#10856=CARTESIAN_POINT('Origin',(0.,0.,2.76));
#10857=CARTESIAN_POINT('Origin',(3.5,-4.4,2.76));
#10858=CARTESIAN_POINT('Origin',(0.,0.,2.76));
#10859=CARTESIAN_POINT('Origin',(-3.5,4.4,2.76));
#10860=CARTESIAN_POINT('Origin',(3.5,-4.4,2.76));
#10861=CARTESIAN_POINT('Origin',(3.5,4.4,2.76));
#10862=CARTESIAN_POINT('Origin',(-3.5,4.4,2.76));
#10863=CARTESIAN_POINT('Origin',(3.8,5.2,2.76));
#10864=CARTESIAN_POINT('',(-3.8,5.2,4.49));
#10865=CARTESIAN_POINT('',(-3.8,5.2,2.76));
#10866=CARTESIAN_POINT('',(3.8,5.2,4.49));
#10867=CARTESIAN_POINT('',(3.8,5.2,4.49));
#10868=CARTESIAN_POINT('',(3.8,5.2,2.76));
#10869=CARTESIAN_POINT('Origin',(-3.8,4.7,2.76));
#10870=CARTESIAN_POINT('',(-4.3,4.7,4.49));
#10871=CARTESIAN_POINT('',(-4.3,4.7,2.76));
#10872=CARTESIAN_POINT('Origin',(-3.8,4.7,4.49));
#10873=CARTESIAN_POINT('Origin',(-4.3,4.7,2.76));
#10874=CARTESIAN_POINT('',(-4.3,-4.7,4.49));
#10875=CARTESIAN_POINT('',(-4.3,-4.7,2.76));
#10876=CARTESIAN_POINT('',(-4.3,4.7,4.49));
#10877=CARTESIAN_POINT('Origin',(-3.8,-4.7,2.76));
#10878=CARTESIAN_POINT('',(-3.8,-5.2,4.49));
#10879=CARTESIAN_POINT('',(-3.8,-5.2,2.76));
#10880=CARTESIAN_POINT('Origin',(-3.8,-4.7,4.49));
#10881=CARTESIAN_POINT('Origin',(-4.05,4.7,2.758));
#10882=CARTESIAN_POINT('',(-4.05,4.7,2.758));
#10883=CARTESIAN_POINT('Origin',(-3.8,4.7,2.758));
#10884=CARTESIAN_POINT('',(-3.8,4.95,2.758));
#10885=CARTESIAN_POINT('Origin',(3.8,4.95,2.758));
#10886=CARTESIAN_POINT('',(3.8,4.95,2.758));
#10887=CARTESIAN_POINT('Origin',(3.8,4.7,2.758));
#10888=CARTESIAN_POINT('Origin',(3.8,-4.7,2.758));
#10889=CARTESIAN_POINT('',(3.8,-4.95,2.758));
#10890=CARTESIAN_POINT('Origin',(-3.8,-4.95,2.758));
#10891=CARTESIAN_POINT('',(-3.8,-4.95,2.758));
#10892=CARTESIAN_POINT('Origin',(-3.8,-4.7,2.758));
#10893=CARTESIAN_POINT('Origin',(3.8,4.7,2.76));
#10894=CARTESIAN_POINT('',(4.3,4.7,4.49));
#10895=CARTESIAN_POINT('Origin',(3.8,4.7,4.49));
#10896=CARTESIAN_POINT('',(4.3,4.7,2.76));
#10897=CARTESIAN_POINT('Origin',(4.3,-4.7,2.76));
#10898=CARTESIAN_POINT('',(4.3,-4.7,4.49));
#10899=CARTESIAN_POINT('',(4.3,-4.7,4.49));
#10900=CARTESIAN_POINT('',(4.3,-4.7,2.76));
#10901=CARTESIAN_POINT('Origin',(3.8,-4.7,2.76));
#10902=CARTESIAN_POINT('',(3.8,-5.2,4.49));
#10903=CARTESIAN_POINT('Origin',(3.8,-4.7,4.49));
#10904=CARTESIAN_POINT('',(3.8,-5.2,2.76));
#10905=CARTESIAN_POINT('Origin',(-3.8,-5.2,2.76));
#10906=CARTESIAN_POINT('',(-3.8,-5.2,4.49));
#10907=CARTESIAN_POINT('Origin',(0.,0.,4.49));
#10908=CARTESIAN_POINT('',(0.,0.,0.));
#10909=CARTESIAN_POINT('Origin',(3.55,-4.,3.008));
#10910=CARTESIAN_POINT('',(3.38,-4.,3.01));
#10911=CARTESIAN_POINT('Origin',(3.55,-4.,3.01));
#10912=CARTESIAN_POINT('',(3.38,-4.,3.26));
#10913=CARTESIAN_POINT('',(3.38,-4.,3.008));
#10914=CARTESIAN_POINT('Origin',(3.55,-4.,3.26));
#10915=CARTESIAN_POINT('Origin',(-3.55,4.,3.008));
#10916=CARTESIAN_POINT('',(-3.72,4.,3.01));
#10917=CARTESIAN_POINT('Origin',(-3.55,4.,3.01));
#10918=CARTESIAN_POINT('',(-3.72,4.,3.26));
#10919=CARTESIAN_POINT('',(-3.72,4.,3.008));
#10920=CARTESIAN_POINT('Origin',(-3.55,4.,3.26));
#10921=CARTESIAN_POINT('Origin',(-3.55,-4.,3.008));
#10922=CARTESIAN_POINT('',(-3.72,-4.,3.01));
#10923=CARTESIAN_POINT('Origin',(-3.55,-4.,3.01));
#10924=CARTESIAN_POINT('',(-3.72,-4.,3.26));
#10925=CARTESIAN_POINT('',(-3.72,-4.,3.008));
#10926=CARTESIAN_POINT('Origin',(-3.55,-4.,3.26));
#10927=CARTESIAN_POINT('Origin',(3.55,4.,3.008));
#10928=CARTESIAN_POINT('',(3.38,4.,3.01));
#10929=CARTESIAN_POINT('Origin',(3.55,4.,3.01));
#10930=CARTESIAN_POINT('',(3.38,4.,3.26));
#10931=CARTESIAN_POINT('',(3.38,4.,3.008));
#10932=CARTESIAN_POINT('Origin',(3.55,4.,3.26));
#10933=CARTESIAN_POINT('Origin',(2.5695,-3.948,3.008));
#10934=CARTESIAN_POINT('',(2.4295,-3.948,3.01));
#10935=CARTESIAN_POINT('Origin',(2.5695,-3.948,3.01));
#10936=CARTESIAN_POINT('',(2.4295,-3.948,3.26));
#10937=CARTESIAN_POINT('',(2.4295,-3.948,3.008));
#10938=CARTESIAN_POINT('Origin',(2.5695,-3.948,3.26));
#10939=CARTESIAN_POINT('Origin',(-2.5695,3.566,3.008));
#10940=CARTESIAN_POINT('',(-2.7095,3.566,3.01));
#10941=CARTESIAN_POINT('Origin',(-2.5695,3.566,3.01));
#10942=CARTESIAN_POINT('',(-2.7095,3.566,3.26));
#10943=CARTESIAN_POINT('',(-2.7095,3.566,3.008));
#10944=CARTESIAN_POINT('Origin',(-2.5695,3.566,3.26));
#10945=CARTESIAN_POINT('Origin',(-2.5695,-3.948,3.008));
#10946=CARTESIAN_POINT('',(-2.7095,-3.948,3.01));
#10947=CARTESIAN_POINT('Origin',(-2.5695,-3.948,3.01));
#10948=CARTESIAN_POINT('',(-2.7095,-3.948,3.26));
#10949=CARTESIAN_POINT('',(-2.7095,-3.948,3.008));
#10950=CARTESIAN_POINT('Origin',(-2.5695,-3.948,3.26));
#10951=CARTESIAN_POINT('Origin',(2.5695,3.566,3.008));
#10952=CARTESIAN_POINT('',(2.4295,3.566,3.01));
#10953=CARTESIAN_POINT('Origin',(2.5695,3.566,3.01));
#10954=CARTESIAN_POINT('',(2.4295,3.566,3.26));
#10955=CARTESIAN_POINT('',(2.4295,3.566,3.008));
#10956=CARTESIAN_POINT('Origin',(2.5695,3.566,3.26));
#10957=CARTESIAN_POINT('Origin',(3.8,-2.8,3.008));
#10958=CARTESIAN_POINT('',(3.5,-3.2,3.01));
#10959=CARTESIAN_POINT('',(3.5,-3.2,3.26));
#10960=CARTESIAN_POINT('',(3.5,-3.2,3.008));
#10961=CARTESIAN_POINT('',(3.5,-2.4,3.01));
#10962=CARTESIAN_POINT('Origin',(3.8,-2.8,3.01));
#10963=CARTESIAN_POINT('',(3.5,-2.4,3.26));
#10964=CARTESIAN_POINT('',(3.5,-2.4,3.008));
#10965=CARTESIAN_POINT('Origin',(3.8,-2.8,3.26));
#10966=CARTESIAN_POINT('Origin',(-3.8,2.8,3.008));
#10967=CARTESIAN_POINT('',(-3.5,2.4,3.01));
#10968=CARTESIAN_POINT('',(-3.5,3.2,3.01));
#10969=CARTESIAN_POINT('Origin',(-3.8,2.8,3.01));
#10970=CARTESIAN_POINT('',(-3.5,2.4,3.26));
#10971=CARTESIAN_POINT('',(-3.5,2.4,3.008));
#10972=CARTESIAN_POINT('',(-3.5,3.2,3.26));
#10973=CARTESIAN_POINT('Origin',(-3.8,2.8,3.26));
#10974=CARTESIAN_POINT('',(-3.5,3.2,3.008));
#10975=CARTESIAN_POINT('Origin',(-3.8,-2.8,3.008));
#10976=CARTESIAN_POINT('',(-3.5,-3.2,3.01));
#10977=CARTESIAN_POINT('',(-3.5,-2.4,3.01));
#10978=CARTESIAN_POINT('Origin',(-3.8,-2.8,3.01));
#10979=CARTESIAN_POINT('',(-3.5,-3.2,3.26));
#10980=CARTESIAN_POINT('',(-3.5,-3.2,3.008));
#10981=CARTESIAN_POINT('',(-3.5,-2.4,3.26));
#10982=CARTESIAN_POINT('Origin',(-3.8,-2.8,3.26));
#10983=CARTESIAN_POINT('',(-3.5,-2.4,3.008));
#10984=CARTESIAN_POINT('Origin',(3.8,2.8,3.008));
#10985=CARTESIAN_POINT('',(3.5,2.4,3.01));
#10986=CARTESIAN_POINT('',(3.5,2.4,3.26));
#10987=CARTESIAN_POINT('',(3.5,2.4,3.008));
#10988=CARTESIAN_POINT('',(3.5,3.2,3.01));
#10989=CARTESIAN_POINT('Origin',(3.8,2.8,3.01));
#10990=CARTESIAN_POINT('',(3.5,3.2,3.26));
#10991=CARTESIAN_POINT('',(3.5,3.2,3.008));
#10992=CARTESIAN_POINT('Origin',(3.8,2.8,3.26));
#10993=CARTESIAN_POINT('Origin',(-3.5,4.7,3.01));
#10994=CARTESIAN_POINT('',(-3.5,-3.55278640450004,3.01));
#10995=CARTESIAN_POINT('',(-3.5,4.7,3.01));
#10996=CARTESIAN_POINT('',(-3.5,-3.55278640450004,3.26));
#10997=CARTESIAN_POINT('',(-3.5,-3.55278640450004,3.01));
#10998=CARTESIAN_POINT('',(-3.5,4.7,3.26));
#10999=CARTESIAN_POINT('Origin',(-3.5,4.7,3.01));
#11000=CARTESIAN_POINT('',(-3.5,4.7,3.01));
#11001=CARTESIAN_POINT('',(-3.5,4.7,3.26));
#11002=CARTESIAN_POINT('Origin',(0.,0.,3.01));
#11003=CARTESIAN_POINT('',(3.5,-3.55278640450004,3.01));
#11004=CARTESIAN_POINT('',(3.5,-4.7,3.01));
#11005=CARTESIAN_POINT('',(3.5,-4.44721359549996,3.01));
#11006=CARTESIAN_POINT('Origin',(3.55,-4.,3.01));
#11007=CARTESIAN_POINT('',(3.5,-4.7,3.01));
#11008=CARTESIAN_POINT('',(3.5,-4.7,3.01));
#11009=CARTESIAN_POINT('',(3.4,-4.8,3.01));
#11010=CARTESIAN_POINT('Origin',(3.4,-4.7,3.01));
#11011=CARTESIAN_POINT('',(-3.4,-4.8,3.01));
#11012=CARTESIAN_POINT('',(-3.4,-4.8,3.01));
#11013=CARTESIAN_POINT('',(-3.5,-4.7,3.01));
#11014=CARTESIAN_POINT('Origin',(-3.4,-4.7,3.01));
#11015=CARTESIAN_POINT('',(-3.5,-4.44721359549996,3.01));
#11016=CARTESIAN_POINT('',(-3.5,4.7,3.01));
#11017=CARTESIAN_POINT('Origin',(-3.55,-4.,3.01));
#11018=CARTESIAN_POINT('',(-3.5,3.55278640450004,3.01));
#11019=CARTESIAN_POINT('',(-3.5,4.7,3.01));
#11020=CARTESIAN_POINT('',(-3.5,4.44721359549996,3.01));
#11021=CARTESIAN_POINT('Origin',(-3.55,4.,3.01));
#11022=CARTESIAN_POINT('',(-3.5,4.7,3.01));
#11023=CARTESIAN_POINT('',(-3.5,4.7,3.01));
#11024=CARTESIAN_POINT('',(-3.4,4.8,3.01));
#11025=CARTESIAN_POINT('Origin',(-3.4,4.7,3.01));
#11026=CARTESIAN_POINT('',(3.4,4.8,3.01));
#11027=CARTESIAN_POINT('',(3.4,4.8,3.01));
#11028=CARTESIAN_POINT('',(3.5,4.7,3.01));
#11029=CARTESIAN_POINT('Origin',(3.4,4.7,3.01));
#11030=CARTESIAN_POINT('',(3.5,4.44721359549996,3.01));
#11031=CARTESIAN_POINT('',(3.5,-4.7,3.01));
#11032=CARTESIAN_POINT('',(3.5,3.55278640450004,3.01));
#11033=CARTESIAN_POINT('Origin',(3.55,4.,3.01));
#11034=CARTESIAN_POINT('',(3.5,-4.7,3.01));
#11035=CARTESIAN_POINT('',(3.5,-4.7,3.01));
#11036=CARTESIAN_POINT('',(3.04,4.6,3.01));
#11037=CARTESIAN_POINT('',(3.04,3.7183749734811,3.01));
#11038=CARTESIAN_POINT('',(3.04,-4.6,3.01));
#11039=CARTESIAN_POINT('',(3.,4.64,3.01));
#11040=CARTESIAN_POINT('Origin',(3.,4.6,3.01));
#11041=CARTESIAN_POINT('',(-3.,4.64,3.01));
#11042=CARTESIAN_POINT('',(3.,4.64,3.01));
#11043=CARTESIAN_POINT('',(-3.04,4.6,3.01));
#11044=CARTESIAN_POINT('Origin',(-3.,4.6,3.01));
#11045=CARTESIAN_POINT('',(-3.04,3.7183749734811,3.01));
#11046=CARTESIAN_POINT('',(-3.04,4.6,3.01));
#11047=CARTESIAN_POINT('',(-2.6913080888184,3.86191010374505,3.01));
#11048=CARTESIAN_POINT('',(-3.2304520222046,3.63997752593626,3.01));
#11049=CARTESIAN_POINT('',(-2.6913080888184,3.27008989625494,3.01));
#11050=CARTESIAN_POINT('Origin',(-2.5695,3.566,3.01));
#11051=CARTESIAN_POINT('',(-3.04,3.41362502651889,3.01));
#11052=CARTESIAN_POINT('',(-2.6913080888184,3.27008989625494,3.01));
#11053=CARTESIAN_POINT('',(-3.04,-3.79562502651889,3.01));
#11054=CARTESIAN_POINT('',(-3.04,4.6,3.01));
#11055=CARTESIAN_POINT('',(-2.6913080888184,-3.65208989625494,3.01));
#11056=CARTESIAN_POINT('',(-3.2304520222046,-3.87402247406374,3.01));
#11057=CARTESIAN_POINT('',(-2.6913080888184,-4.24391010374505,3.01));
#11058=CARTESIAN_POINT('Origin',(-2.5695,-3.948,3.01));
#11059=CARTESIAN_POINT('',(-3.04,-4.1003749734811,3.01));
#11060=CARTESIAN_POINT('',(-2.6913080888184,-4.24391010374505,3.01));
#11061=CARTESIAN_POINT('',(-3.04,-4.6,3.01));
#11062=CARTESIAN_POINT('',(-3.04,4.6,3.01));
#11063=CARTESIAN_POINT('',(-3.,-4.64,3.01));
#11064=CARTESIAN_POINT('Origin',(-3.,-4.6,3.01));
#11065=CARTESIAN_POINT('',(3.,-4.64,3.01));
#11066=CARTESIAN_POINT('',(-3.,-4.64,3.01));
#11067=CARTESIAN_POINT('',(3.04,-4.6,3.01));
#11068=CARTESIAN_POINT('Origin',(3.,-4.6,3.01));
#11069=CARTESIAN_POINT('',(3.04,-4.1003749734811,3.01));
#11070=CARTESIAN_POINT('',(3.04,-4.6,3.01));
#11071=CARTESIAN_POINT('',(2.6913080888184,-4.24391010374505,3.01));
#11072=CARTESIAN_POINT('',(3.2304520222046,-4.02197752593626,3.01));
#11073=CARTESIAN_POINT('',(2.6913080888184,-3.65208989625494,3.01));
#11074=CARTESIAN_POINT('Origin',(2.5695,-3.948,3.01));
#11075=CARTESIAN_POINT('',(3.04,-3.79562502651889,3.01));
#11076=CARTESIAN_POINT('',(2.6913080888184,-3.65208989625494,3.01));
#11077=CARTESIAN_POINT('',(3.04,3.4136250265189,3.01));
#11078=CARTESIAN_POINT('',(3.04,-4.6,3.01));
#11079=CARTESIAN_POINT('',(2.6913080888184,3.27008989625494,3.01));
#11080=CARTESIAN_POINT('',(3.2304520222046,3.49202247406374,3.01));
#11081=CARTESIAN_POINT('',(2.6913080888184,3.86191010374506,3.01));
#11082=CARTESIAN_POINT('Origin',(2.5695,3.566,3.01));
#11083=CARTESIAN_POINT('',(2.6913080888184,3.86191010374505,3.01));
#11084=CARTESIAN_POINT('Origin',(3.5,-4.7,3.01));
#11085=CARTESIAN_POINT('',(3.5,3.55278640450004,3.26));
#11086=CARTESIAN_POINT('',(3.5,3.55278640450004,3.01));
#11087=CARTESIAN_POINT('',(3.5,-4.7,3.26));
#11088=CARTESIAN_POINT('Origin',(3.5,-4.7,3.01));
#11089=CARTESIAN_POINT('',(3.5,-3.55278640450004,3.26));
#11090=CARTESIAN_POINT('',(3.5,-4.7,3.26));
#11091=CARTESIAN_POINT('',(3.5,-3.55278640450004,3.01));
#11092=CARTESIAN_POINT('Origin',(3.5,-4.7,3.01));
#11093=CARTESIAN_POINT('',(3.5,-4.7,3.26));
#11094=CARTESIAN_POINT('Origin',(3.55,4.,3.01));
#11095=CARTESIAN_POINT('',(3.5,4.44721359549996,3.26));
#11096=CARTESIAN_POINT('',(3.5,4.44721359549996,3.01));
#11097=CARTESIAN_POINT('Origin',(3.55,4.,3.26));
#11098=CARTESIAN_POINT('Origin',(3.5,-4.7,3.01));
#11099=CARTESIAN_POINT('',(3.5,4.7,3.26));
#11100=CARTESIAN_POINT('',(3.5,4.7,3.01));
#11101=CARTESIAN_POINT('',(3.5,-4.7,3.26));
#11102=CARTESIAN_POINT('Origin',(0.,0.,3.26));
#11103=CARTESIAN_POINT('',(3.4,4.8,3.26));
#11104=CARTESIAN_POINT('Origin',(3.4,4.7,3.26));
#11105=CARTESIAN_POINT('',(-3.4,4.8,3.26));
#11106=CARTESIAN_POINT('',(3.4,4.8,3.26));
#11107=CARTESIAN_POINT('',(-3.5,4.7,3.26));
#11108=CARTESIAN_POINT('Origin',(-3.4,4.7,3.26));
#11109=CARTESIAN_POINT('',(-3.5,4.44721359549996,3.26));
#11110=CARTESIAN_POINT('',(-3.5,4.7,3.26));
#11111=CARTESIAN_POINT('',(-3.5,3.55278640450004,3.26));
#11112=CARTESIAN_POINT('Origin',(-3.55,4.,3.26));
#11113=CARTESIAN_POINT('',(-3.5,4.7,3.26));
#11114=CARTESIAN_POINT('',(-3.5,-4.44721359549996,3.26));
#11115=CARTESIAN_POINT('Origin',(-3.55,-4.,3.26));
#11116=CARTESIAN_POINT('',(-3.5,-4.7,3.26));
#11117=CARTESIAN_POINT('',(-3.5,4.7,3.26));
#11118=CARTESIAN_POINT('',(-3.4,-4.8,3.26));
#11119=CARTESIAN_POINT('Origin',(-3.4,-4.7,3.26));
#11120=CARTESIAN_POINT('',(3.4,-4.8,3.26));
#11121=CARTESIAN_POINT('',(-3.4,-4.8,3.26));
#11122=CARTESIAN_POINT('',(3.5,-4.7,3.26));
#11123=CARTESIAN_POINT('Origin',(3.4,-4.7,3.26));
#11124=CARTESIAN_POINT('',(3.5,-4.44721359549996,3.26));
#11125=CARTESIAN_POINT('',(3.5,-4.7,3.26));
#11126=CARTESIAN_POINT('Origin',(3.55,-4.,3.26));
#11127=CARTESIAN_POINT('',(3.04,3.4136250265189,3.26));
#11128=CARTESIAN_POINT('',(3.04,-3.79562502651889,3.26));
#11129=CARTESIAN_POINT('',(3.04,-4.6,3.26));
#11130=CARTESIAN_POINT('',(2.6913080888184,-3.65208989625494,3.26));
#11131=CARTESIAN_POINT('',(2.6913080888184,-3.65208989625494,3.26));
#11132=CARTESIAN_POINT('',(2.6913080888184,-4.24391010374505,3.26));
#11133=CARTESIAN_POINT('Origin',(2.5695,-3.948,3.26));
#11134=CARTESIAN_POINT('',(3.04,-4.1003749734811,3.26));
#11135=CARTESIAN_POINT('',(3.2304520222046,-4.02197752593626,3.26));
#11136=CARTESIAN_POINT('',(3.04,-4.6,3.26));
#11137=CARTESIAN_POINT('',(3.04,-4.6,3.26));
#11138=CARTESIAN_POINT('',(3.,-4.64,3.26));
#11139=CARTESIAN_POINT('Origin',(3.,-4.6,3.26));
#11140=CARTESIAN_POINT('',(-3.,-4.64,3.26));
#11141=CARTESIAN_POINT('',(-3.,-4.64,3.26));
#11142=CARTESIAN_POINT('',(-3.04,-4.6,3.26));
#11143=CARTESIAN_POINT('Origin',(-3.,-4.6,3.26));
#11144=CARTESIAN_POINT('',(-3.04,-4.1003749734811,3.26));
#11145=CARTESIAN_POINT('',(-3.04,4.6,3.26));
#11146=CARTESIAN_POINT('',(-2.6913080888184,-4.24391010374505,3.26));
#11147=CARTESIAN_POINT('',(-2.6913080888184,-4.24391010374505,3.26));
#11148=CARTESIAN_POINT('',(-2.6913080888184,-3.65208989625494,3.26));
#11149=CARTESIAN_POINT('Origin',(-2.5695,-3.948,3.26));
#11150=CARTESIAN_POINT('',(-3.04,-3.79562502651889,3.26));
#11151=CARTESIAN_POINT('',(-3.2304520222046,-3.87402247406374,3.26));
#11152=CARTESIAN_POINT('',(-3.04,3.41362502651889,3.26));
#11153=CARTESIAN_POINT('',(-3.04,4.6,3.26));
#11154=CARTESIAN_POINT('',(-2.6913080888184,3.27008989625494,3.26));
#11155=CARTESIAN_POINT('',(-2.6913080888184,3.27008989625494,3.26));
#11156=CARTESIAN_POINT('',(-2.6913080888184,3.86191010374505,3.26));
#11157=CARTESIAN_POINT('Origin',(-2.5695,3.566,3.26));
#11158=CARTESIAN_POINT('',(-3.04,3.7183749734811,3.26));
#11159=CARTESIAN_POINT('',(-3.2304520222046,3.63997752593626,3.26));
#11160=CARTESIAN_POINT('',(-3.04,4.6,3.26));
#11161=CARTESIAN_POINT('',(-3.04,4.6,3.26));
#11162=CARTESIAN_POINT('',(-3.,4.64,3.26));
#11163=CARTESIAN_POINT('Origin',(-3.,4.6,3.26));
#11164=CARTESIAN_POINT('',(3.,4.64,3.26));
#11165=CARTESIAN_POINT('',(3.,4.64,3.26));
#11166=CARTESIAN_POINT('',(3.04,4.6,3.26));
#11167=CARTESIAN_POINT('Origin',(3.,4.6,3.26));
#11168=CARTESIAN_POINT('',(3.04,3.7183749734811,3.26));
#11169=CARTESIAN_POINT('',(3.04,-4.6,3.26));
#11170=CARTESIAN_POINT('',(2.6913080888184,3.86191010374506,3.26));
#11171=CARTESIAN_POINT('',(2.6913080888184,3.86191010374505,3.26));
#11172=CARTESIAN_POINT('',(2.6913080888184,3.27008989625494,3.26));
#11173=CARTESIAN_POINT('Origin',(2.5695,3.566,3.26));
#11174=CARTESIAN_POINT('',(3.2304520222046,3.49202247406374,3.26));
#11175=CARTESIAN_POINT('Origin',(-3.55,-4.,3.01));
#11176=CARTESIAN_POINT('',(-3.5,-4.44721359549996,3.01));
#11177=CARTESIAN_POINT('Origin',(-3.5,4.7,3.01));
#11178=CARTESIAN_POINT('',(-3.5,3.55278640450004,3.01));
#11179=CARTESIAN_POINT('Origin',(-3.55,4.,3.01));
#11180=CARTESIAN_POINT('',(-3.5,4.44721359549996,3.01));
#11181=CARTESIAN_POINT('Origin',(-3.5,4.7,3.01));
#11182=CARTESIAN_POINT('',(-3.5,4.7,3.01));
#11183=CARTESIAN_POINT('Origin',(3.55,-4.,3.01));
#11184=CARTESIAN_POINT('',(3.5,-4.44721359549996,3.01));
#11185=CARTESIAN_POINT('Origin',(3.5,-4.7,3.01));
#11186=CARTESIAN_POINT('',(3.5,-4.7,3.01));
#11187=CARTESIAN_POINT('Origin',(3.2304520222046,3.63997752593626,3.01));
#11188=CARTESIAN_POINT('',(3.04,3.7183749734811,3.01));
#11189=CARTESIAN_POINT('',(2.6913080888184,3.86191010374506,3.01));
#11190=CARTESIAN_POINT('Origin',(2.6913080888184,3.27008989625494,3.01));
#11191=CARTESIAN_POINT('',(3.04,3.41362502651889,3.01));
#11192=CARTESIAN_POINT('',(2.6913080888184,3.27008989625494,3.01));
#11193=CARTESIAN_POINT('Origin',(2.5695,3.566,3.01));
#11194=CARTESIAN_POINT('Origin',(3.04,4.6,3.01));
#11195=CARTESIAN_POINT('',(3.04,4.6,3.01));
#11196=CARTESIAN_POINT('Origin',(3.04,4.6,3.01));
#11197=CARTESIAN_POINT('',(3.04,-3.79562502651889,3.01));
#11198=CARTESIAN_POINT('Origin',(-3.2304520222046,-4.02197752593626,3.01));
#11199=CARTESIAN_POINT('',(-3.04,-4.1003749734811,3.01));
#11200=CARTESIAN_POINT('',(-2.6913080888184,-4.24391010374505,3.01));
#11201=CARTESIAN_POINT('Origin',(-2.6913080888184,-3.65208989625494,3.01));
#11202=CARTESIAN_POINT('',(-3.04,-3.79562502651889,3.01));
#11203=CARTESIAN_POINT('',(-2.6913080888184,-3.65208989625494,3.01));
#11204=CARTESIAN_POINT('Origin',(-2.5695,-3.948,3.01));
#11205=CARTESIAN_POINT('Origin',(-3.04,-4.6,3.01));
#11206=CARTESIAN_POINT('',(-3.04,3.4136250265189,3.01));
#11207=CARTESIAN_POINT('Origin',(-3.2304520222046,3.49202247406374,3.01));
#11208=CARTESIAN_POINT('',(-2.6913080888184,3.27008989625494,3.01));
#11209=CARTESIAN_POINT('Origin',(-2.6913080888184,3.86191010374505,3.01));
#11210=CARTESIAN_POINT('',(-3.04,3.7183749734811,3.01));
#11211=CARTESIAN_POINT('',(-2.6913080888184,3.86191010374505,3.01));
#11212=CARTESIAN_POINT('Origin',(-2.5695,3.566,3.01));
#11213=CARTESIAN_POINT('Origin',(-3.04,-4.6,3.01));
#11214=CARTESIAN_POINT('',(-3.04,-4.6,3.01));
#11215=CARTESIAN_POINT('Origin',(-3.04,-4.6,3.01));
#11216=CARTESIAN_POINT('',(-3.04,4.6,3.01));
#11217=CARTESIAN_POINT('Origin',(2.6913080888184,-4.24391010374505,3.01));
#11218=CARTESIAN_POINT('',(3.04,-4.10037497348111,3.01));
#11219=CARTESIAN_POINT('',(2.6913080888184,-4.24391010374505,3.01));
#11220=CARTESIAN_POINT('Origin',(3.2304520222046,-3.87402247406374,3.01));
#11221=CARTESIAN_POINT('',(2.6913080888184,-3.65208989625494,3.01));
#11222=CARTESIAN_POINT('Origin',(2.5695,-3.948,3.01));
#11223=CARTESIAN_POINT('Origin',(3.,-4.64,3.01));
#11224=CARTESIAN_POINT('',(-3.,-4.64,3.01));
#11225=CARTESIAN_POINT('',(3.,-4.64,3.01));
#11226=CARTESIAN_POINT('Origin',(3.,-4.6,3.01));
#11227=CARTESIAN_POINT('',(3.04,-4.6,3.01));
#11228=CARTESIAN_POINT('Origin',(3.04,4.6,3.01));
#11229=CARTESIAN_POINT('Origin',(3.,4.6,3.01));
#11230=CARTESIAN_POINT('',(3.,4.64,3.01));
#11231=CARTESIAN_POINT('Origin',(-3.,4.64,3.01));
#11232=CARTESIAN_POINT('',(-3.,4.64,3.01));
#11233=CARTESIAN_POINT('Origin',(-3.,4.6,3.01));
#11234=CARTESIAN_POINT('Origin',(-3.,-4.6,3.01));
#11235=CARTESIAN_POINT('Origin',(-3.5,4.7,3.01));
#11236=CARTESIAN_POINT('',(-3.5,-4.7,3.01));
#11237=CARTESIAN_POINT('Origin',(-3.4,4.7,3.01));
#11238=CARTESIAN_POINT('',(-3.4,4.8,3.01));
#11239=CARTESIAN_POINT('Origin',(3.4,4.8,3.01));
#11240=CARTESIAN_POINT('',(3.4,4.8,3.01));
#11241=CARTESIAN_POINT('Origin',(3.4,4.7,3.01));
#11242=CARTESIAN_POINT('Origin',(3.4,-4.7,3.01));
#11243=CARTESIAN_POINT('',(3.4,-4.8,3.01));
#11244=CARTESIAN_POINT('Origin',(-3.4,-4.8,3.01));
#11245=CARTESIAN_POINT('',(-3.4,-4.8,3.01));
#11246=CARTESIAN_POINT('Origin',(-3.4,-4.7,3.01));
#11247=CARTESIAN_POINT('',(0.,0.,0.));
#11248=CARTESIAN_POINT('',(0.,0.,0.));
#11249=CARTESIAN_POINT('',(0.,0.,0.));
#11250=UNCERTAINTY_MEASURE_WITH_UNIT(LENGTH_MEASURE(0.001),#11260,
'DISTANCE_ACCURACY_VALUE',
'Maximum model space distance between geometric entities at asserted c
onnectivities');
#11251=UNCERTAINTY_MEASURE_WITH_UNIT(LENGTH_MEASURE(0.001),#11260,
'DISTANCE_ACCURACY_VALUE',
'Maximum model space distance between geometric entities at asserted c
onnectivities');
#11252=UNCERTAINTY_MEASURE_WITH_UNIT(LENGTH_MEASURE(0.001),#11260,
'DISTANCE_ACCURACY_VALUE',
'Maximum model space distance between geometric entities at asserted c
onnectivities');
#11253=UNCERTAINTY_MEASURE_WITH_UNIT(LENGTH_MEASURE(0.001),#11260,
'DISTANCE_ACCURACY_VALUE',
'Maximum model space distance between geometric entities at asserted c
onnectivities');
#11254=UNCERTAINTY_MEASURE_WITH_UNIT(LENGTH_MEASURE(0.001),#11260,
'DISTANCE_ACCURACY_VALUE',
'Maximum model space distance between geometric entities at asserted c
onnectivities');
#11255=(
GEOMETRIC_REPRESENTATION_CONTEXT(3)
GLOBAL_UNCERTAINTY_ASSIGNED_CONTEXT((#11250))
GLOBAL_UNIT_ASSIGNED_CONTEXT((#11260,#11262,#11263))
REPRESENTATION_CONTEXT('','3D')
);
#11256=(
GEOMETRIC_REPRESENTATION_CONTEXT(3)
GLOBAL_UNCERTAINTY_ASSIGNED_CONTEXT((#11251))
GLOBAL_UNIT_ASSIGNED_CONTEXT((#11260,#11262,#11263))
REPRESENTATION_CONTEXT('','3D')
);
#11257=(
GEOMETRIC_REPRESENTATION_CONTEXT(3)
GLOBAL_UNCERTAINTY_ASSIGNED_CONTEXT((#11252))
GLOBAL_UNIT_ASSIGNED_CONTEXT((#11260,#11262,#11263))
REPRESENTATION_CONTEXT('','3D')
);
#11258=(
GEOMETRIC_REPRESENTATION_CONTEXT(3)
GLOBAL_UNCERTAINTY_ASSIGNED_CONTEXT((#11253))
GLOBAL_UNIT_ASSIGNED_CONTEXT((#11260,#11262,#11263))
REPRESENTATION_CONTEXT('','3D')
);
#11259=(
GEOMETRIC_REPRESENTATION_CONTEXT(3)
GLOBAL_UNCERTAINTY_ASSIGNED_CONTEXT((#11254))
GLOBAL_UNIT_ASSIGNED_CONTEXT((#11260,#11262,#11263))
REPRESENTATION_CONTEXT('','3D')
);
#11260=(
LENGTH_UNIT()
NAMED_UNIT(*)
SI_UNIT(.CENTI.,.METRE.)
);
#11261=(
LENGTH_UNIT()
NAMED_UNIT(*)
SI_UNIT($,.METRE.)
);
#11262=(
NAMED_UNIT(*)
PLANE_ANGLE_UNIT()
SI_UNIT($,.RADIAN.)
);
#11263=(
NAMED_UNIT(*)
SI_UNIT($,.STERADIAN.)
SOLID_ANGLE_UNIT()
);
#11264=SHAPE_DEFINITION_REPRESENTATION(#11268,#11275);
#11265=SHAPE_DEFINITION_REPRESENTATION(#11269,#11276);
#11266=SHAPE_DEFINITION_REPRESENTATION(#11270,#11277);
#11267=SHAPE_DEFINITION_REPRESENTATION(#11271,#11278);
#11268=PRODUCT_DEFINITION_SHAPE('',$,#11280);
#11269=PRODUCT_DEFINITION_SHAPE('',$,#11281);
#11270=PRODUCT_DEFINITION_SHAPE('',$,#11282);
#11271=PRODUCT_DEFINITION_SHAPE('',$,#11283);
#11272=PRODUCT_DEFINITION_SHAPE($,$,#20);
#11273=PRODUCT_DEFINITION_SHAPE($,$,#21);
#11274=PRODUCT_DEFINITION_SHAPE($,$,#22);
#11275=SHAPE_REPRESENTATION('',(#6489,#7154,#7155,#7156),#11255);
#11276=SHAPE_REPRESENTATION('',(#6490),#11256);
#11277=SHAPE_REPRESENTATION('',(#6722),#11257);
#11278=SHAPE_REPRESENTATION('',(#7039),#11258);
#11279=PRODUCT_DEFINITION_CONTEXT('part definition',#11293,'design');
#11280=PRODUCT_DEFINITION('(Unsaved)','(Unsaved)',#11284,#11279);
#11281=PRODUCT_DEFINITION('01 Bottom shell','01 Bottom shell',#11285,#11279);
#11282=PRODUCT_DEFINITION('02 Top bezel - four anchors',
'02 Top bezel - four anchors',#11286,#11279);
#11283=PRODUCT_DEFINITION('03 WT32 retainer - four anchors',
'03 WT32 retainer - four anchors',#11287,#11279);
#11284=PRODUCT_DEFINITION_FORMATION('',$,#11295);
#11285=PRODUCT_DEFINITION_FORMATION('',$,#11296);
#11286=PRODUCT_DEFINITION_FORMATION('',$,#11297);
#11287=PRODUCT_DEFINITION_FORMATION('',$,#11298);
#11288=PRODUCT_RELATED_PRODUCT_CATEGORY('(Unsaved)','(Unsaved)',(#11295));
#11289=PRODUCT_RELATED_PRODUCT_CATEGORY('01 Bottom shell',
'01 Bottom shell',(#11296));
#11290=PRODUCT_RELATED_PRODUCT_CATEGORY('02 Top bezel - four anchors',
'02 Top bezel - four anchors',(#11297));
#11291=PRODUCT_RELATED_PRODUCT_CATEGORY(
'03 WT32 retainer - four anchors','03 WT32 retainer - four anchors',(#11298));
#11292=APPLICATION_PROTOCOL_DEFINITION('international standard',
'automotive_design',2009,#11293);
#11293=APPLICATION_CONTEXT(
'Core Data for Automotive Mechanical Design Process');
#11294=PRODUCT_CONTEXT('part definition',#11293,'mechanical');
#11295=PRODUCT('(Unsaved)','(Unsaved)',$,(#11294));
#11296=PRODUCT('01 Bottom shell','01 Bottom shell',$,(#11294));
#11297=PRODUCT('02 Top bezel - four anchors',
'02 Top bezel - four anchors',$,(#11294));
#11298=PRODUCT('03 WT32 retainer - four anchors',
'03 WT32 retainer - four anchors',$,(#11294));
#11299=PRESENTATION_STYLE_ASSIGNMENT((#11300));
#11300=SURFACE_STYLE_USAGE(.BOTH.,#11301);
#11301=SURFACE_SIDE_STYLE('',(#11302));
#11302=SURFACE_STYLE_FILL_AREA(#11303);
#11303=FILL_AREA_STYLE('Steel - Satin',(#11304));
#11304=FILL_AREA_STYLE_COLOUR('Steel - Satin',#11305);
#11305=COLOUR_RGB('Steel - Satin',0.627450980392157,0.627450980392157,0.627450980392157);
ENDSEC;
END-ISO-10303-21;
