ISO-10303-21;
HEADER;
/* Generated by software containing ST-Developer
 * from STEP Tools, Inc. (www.steptools.com) 
 */

FILE_DESCRIPTION(
/* description */ (''),
/* implementation_level */ '2;1');

FILE_NAME(
/* name */ 'carrier-bottom.step',
/* time_stamp */ '2026-09-11T16:31:20-07:00',
/* author */ (''),
/* organization */ (''),
/* preprocessor_version */ 'ST-DEVELOPER v20.1',
/* originating_system */ 'Autodesk Translation Framework v15.8.0.0',
/* authorisation */ '');

FILE_SCHEMA (('AUTOMOTIVE_DESIGN { 1 0 10303 214 3 1 1 }'));
ENDSEC;

DATA;
#10=MECHANICAL_DESIGN_GEOMETRIC_PRESENTATION_REPRESENTATION('',(#13),#5497);
#11=SHAPE_REPRESENTATION_RELATIONSHIP('SRR','None',#5504,#12);
#12=ADVANCED_BREP_SHAPE_REPRESENTATION('',(#14),#5496);
#13=STYLED_ITEM('',(#5514),#14);
#14=MANIFOLD_SOLID_BREP('01 Bottom shell - hidden mounting inserts',#3271);
#15=B_SPLINE_CURVE_WITH_KNOTS('',3,(#5088,#5089,#5090,#5091,#5092,#5093),
 .UNSPECIFIED.,.F.,.F.,(4,2,4),(0.95296858488715,1.0351057694818,1.1029683820014),
 .UNSPECIFIED.);
#16=B_SPLINE_CURVE_WITH_KNOTS('',3,(#5113,#5114,#5115,#5116,#5117,#5118),
 .UNSPECIFIED.,.F.,.F.,(4,2,4),(0.893891701928161,0.926169963992213,1.01366623991842),
 .UNSPECIFIED.);
#17=FACE_BOUND('',#425,.T.);
#18=FACE_BOUND('',#428,.T.);
#19=FACE_BOUND('',#431,.T.);
#20=FACE_BOUND('',#434,.T.);
#21=FACE_BOUND('',#437,.T.);
#22=FACE_BOUND('',#438,.T.);
#23=FACE_BOUND('',#439,.T.);
#24=FACE_BOUND('',#440,.T.);
#25=FACE_BOUND('',#443,.T.);
#26=FACE_BOUND('',#453,.T.);
#27=FACE_BOUND('',#459,.T.);
#28=FACE_BOUND('',#462,.T.);
#29=FACE_BOUND('',#479,.T.);
#30=FACE_BOUND('',#480,.T.);
#31=FACE_BOUND('',#481,.T.);
#32=FACE_BOUND('',#482,.T.);
#33=FACE_BOUND('',#490,.T.);
#34=FACE_BOUND('',#491,.T.);
#35=FACE_BOUND('',#492,.T.);
#36=FACE_BOUND('',#493,.T.);
#37=FACE_BOUND('',#501,.T.);
#38=FACE_BOUND('',#547,.T.);
#39=FACE_BOUND('',#592,.T.);
#40=FACE_BOUND('',#595,.T.);
#41=FACE_BOUND('',#598,.T.);
#42=FACE_BOUND('',#601,.T.);
#43=FACE_BOUND('',#609,.T.);
#44=FACE_BOUND('',#610,.T.);
#45=FACE_BOUND('',#611,.T.);
#46=CYLINDRICAL_SURFACE('',#3292,0.17);
#47=CYLINDRICAL_SURFACE('',#3295,0.17);
#48=CYLINDRICAL_SURFACE('',#3298,0.17);
#49=CYLINDRICAL_SURFACE('',#3301,0.17);
#50=CYLINDRICAL_SURFACE('',#3304,0.2);
#51=CYLINDRICAL_SURFACE('',#3308,0.2);
#52=CYLINDRICAL_SURFACE('',#3312,0.2);
#53=CYLINDRICAL_SURFACE('',#3316,0.2);
#54=CYLINDRICAL_SURFACE('',#3336,0.5);
#55=CYLINDRICAL_SURFACE('',#3342,0.45);
#56=CYLINDRICAL_SURFACE('',#3347,0.45);
#57=CYLINDRICAL_SURFACE('',#3351,0.5);
#58=CYLINDRICAL_SURFACE('',#3356,0.45);
#59=CYLINDRICAL_SURFACE('',#3358,0.5);
#60=CYLINDRICAL_SURFACE('',#3365,0.5);
#61=CYLINDRICAL_SURFACE('',#3369,0.5);
#62=CYLINDRICAL_SURFACE('',#3371,0.5);
#63=CYLINDRICAL_SURFACE('',#3393,0.25);
#64=CYLINDRICAL_SURFACE('',#3395,0.5);
#65=CYLINDRICAL_SURFACE('',#3434,0.27);
#66=CYLINDRICAL_SURFACE('',#3437,0.27);
#67=CYLINDRICAL_SURFACE('',#3441,0.27);
#68=CYLINDRICAL_SURFACE('',#3444,0.27);
#69=CYLINDRICAL_SURFACE('',#3446,0.2);
#70=CYLINDRICAL_SURFACE('',#3464,0.04);
#71=CYLINDRICAL_SURFACE('',#3467,0.04);
#72=CYLINDRICAL_SURFACE('',#3483,0.0199999999999999);
#73=CYLINDRICAL_SURFACE('',#3486,0.02);
#74=CYLINDRICAL_SURFACE('',#3490,0.2);
#75=CYLINDRICAL_SURFACE('',#3494,0.2);
#76=CYLINDRICAL_SURFACE('',#3498,0.2);
#77=CYLINDRICAL_SURFACE('',#3502,0.2);
#78=CYLINDRICAL_SURFACE('',#3509,0.04);
#79=CYLINDRICAL_SURFACE('',#3511,0.0399999999999998);
#80=CYLINDRICAL_SURFACE('',#3512,0.02);
#81=CYLINDRICAL_SURFACE('',#3515,0.02);
#82=CYLINDRICAL_SURFACE('',#3518,0.02);
#83=CYLINDRICAL_SURFACE('',#3521,0.02);
#84=CYLINDRICAL_SURFACE('',#3524,0.02);
#85=CYLINDRICAL_SURFACE('',#3527,0.02);
#86=CYLINDRICAL_SURFACE('',#3529,0.2);
#87=CYLINDRICAL_SURFACE('',#3532,0.2);
#88=CYLINDRICAL_SURFACE('',#3535,0.2);
#89=CYLINDRICAL_SURFACE('',#3538,0.2);
#90=CYLINDRICAL_SURFACE('',#3541,0.2);
#91=CYLINDRICAL_SURFACE('',#3545,0.2);
#92=CYLINDRICAL_SURFACE('',#3549,0.2);
#93=CYLINDRICAL_SURFACE('',#3553,0.2);
#94=CYLINDRICAL_SURFACE('',#3558,0.2);
#95=CYLINDRICAL_SURFACE('',#3559,0.2);
#96=CYLINDRICAL_SURFACE('',#3561,0.2);
#97=CYLINDRICAL_SURFACE('',#3565,0.45);
#98=CYLINDRICAL_SURFACE('',#3568,0.45);
#99=CYLINDRICAL_SURFACE('',#3571,0.45);
#100=CYLINDRICAL_SURFACE('',#3574,0.45);
#101=CYLINDRICAL_SURFACE('',#3577,0.45);
#102=CYLINDRICAL_SURFACE('',#3580,0.25);
#103=CYLINDRICAL_SURFACE('',#3581,0.25);
#104=CYLINDRICAL_SURFACE('',#3583,0.25);
#105=CYLINDRICAL_SURFACE('',#3585,0.5);
#106=CYLINDRICAL_SURFACE('',#3587,0.5);
#107=CYLINDRICAL_SURFACE('',#3589,0.5);
#108=CIRCLE('',#3288,0.25);
#109=CIRCLE('',#3293,0.17);
#110=CIRCLE('',#3294,0.17);
#111=CIRCLE('',#3296,0.17);
#112=CIRCLE('',#3297,0.17);
#113=CIRCLE('',#3299,0.17);
#114=CIRCLE('',#3300,0.17);
#115=CIRCLE('',#3302,0.17);
#116=CIRCLE('',#3303,0.17);
#117=CIRCLE('',#3305,0.2);
#118=CIRCLE('',#3306,0.2);
#119=CIRCLE('',#3309,0.2);
#120=CIRCLE('',#3310,0.2);
#121=CIRCLE('',#3313,0.2);
#122=CIRCLE('',#3314,0.2);
#123=CIRCLE('',#3317,0.2);
#124=CIRCLE('',#3318,0.2);
#125=CIRCLE('',#3322,0.5);
#126=CIRCLE('',#3323,0.25);
#127=CIRCLE('',#3324,0.25);
#128=CIRCLE('',#3325,0.5);
#129=CIRCLE('',#3326,0.45);
#130=CIRCLE('',#3327,0.45);
#131=CIRCLE('',#3328,0.5);
#132=CIRCLE('',#3329,0.5);
#133=CIRCLE('',#3330,0.45);
#134=CIRCLE('',#3331,0.45);
#135=CIRCLE('',#3332,0.45);
#136=CIRCLE('',#3333,0.45);
#137=CIRCLE('',#3334,0.45);
#138=CIRCLE('',#3335,0.45);
#139=CIRCLE('',#3337,0.5);
#140=CIRCLE('',#3339,0.45);
#141=CIRCLE('',#3343,0.45);
#142=CIRCLE('',#3344,0.45);
#143=CIRCLE('',#3348,0.45);
#144=CIRCLE('',#3349,0.45);
#145=CIRCLE('',#3352,0.5);
#146=CIRCLE('',#3354,0.45);
#147=CIRCLE('',#3355,0.5);
#148=CIRCLE('',#3357,0.45);
#149=CIRCLE('',#3359,0.5);
#150=CIRCLE('',#3362,0.25);
#151=CIRCLE('',#3364,0.5);
#152=CIRCLE('',#3367,0.5);
#153=CIRCLE('',#3368,0.5);
#154=CIRCLE('',#3370,0.5);
#155=CIRCLE('',#3374,0.25);
#156=CIRCLE('',#3385,0.25);
#157=CIRCLE('',#3388,0.5);
#158=CIRCLE('',#3389,0.5);
#159=CIRCLE('',#3390,0.5);
#160=CIRCLE('',#3391,0.5);
#161=CIRCLE('',#3394,0.25);
#162=CIRCLE('',#3396,0.5);
#163=CIRCLE('',#3401,0.5);
#164=CIRCLE('',#3402,0.5);
#165=CIRCLE('',#3403,0.5);
#166=CIRCLE('',#3404,0.25);
#167=CIRCLE('',#3405,0.45);
#168=CIRCLE('',#3406,0.25);
#169=CIRCLE('',#3407,0.25);
#170=CIRCLE('',#3408,0.2);
#171=CIRCLE('',#3409,0.2);
#172=CIRCLE('',#3410,0.2);
#173=CIRCLE('',#3411,0.2);
#174=CIRCLE('',#3419,0.02);
#175=CIRCLE('',#3420,0.02);
#176=CIRCLE('',#3421,0.02);
#177=CIRCLE('',#3422,0.02);
#178=CIRCLE('',#3423,0.2);
#179=CIRCLE('',#3424,0.2);
#180=CIRCLE('',#3425,0.2);
#181=CIRCLE('',#3426,0.2);
#182=CIRCLE('',#3433,0.27);
#183=CIRCLE('',#3435,0.27);
#184=CIRCLE('',#3436,0.27);
#185=CIRCLE('',#3438,0.27);
#186=CIRCLE('',#3440,0.27);
#187=CIRCLE('',#3442,0.27);
#188=CIRCLE('',#3443,0.27);
#189=CIRCLE('',#3445,0.27);
#190=CIRCLE('',#3447,0.2);
#191=CIRCLE('',#3448,0.2);
#192=CIRCLE('',#3450,0.2);
#193=CIRCLE('',#3451,0.2);
#194=CIRCLE('',#3452,0.0399999999999998);
#195=CIRCLE('',#3453,0.04);
#196=CIRCLE('',#3456,0.2);
#197=CIRCLE('',#3459,0.04);
#198=CIRCLE('',#3460,0.04);
#199=CIRCLE('',#3461,0.2);
#200=CIRCLE('',#3465,0.04);
#201=CIRCLE('',#3468,0.04);
#202=CIRCLE('',#3473,0.0199999999999999);
#203=CIRCLE('',#3474,0.02);
#204=CIRCLE('',#3475,0.02);
#205=CIRCLE('',#3476,0.02);
#206=CIRCLE('',#3484,0.0199999999999999);
#207=CIRCLE('',#3487,0.02);
#208=CIRCLE('',#3491,0.2);
#209=CIRCLE('',#3492,0.2);
#210=CIRCLE('',#3495,0.2);
#211=CIRCLE('',#3496,0.2);
#212=CIRCLE('',#3499,0.2);
#213=CIRCLE('',#3500,0.2);
#214=CIRCLE('',#3503,0.2);
#215=CIRCLE('',#3504,0.2);
#216=CIRCLE('',#3506,0.04);
#217=CIRCLE('',#3507,0.0399999999999998);
#218=CIRCLE('',#3513,0.02);
#219=CIRCLE('',#3516,0.02);
#220=CIRCLE('',#3519,0.02);
#221=CIRCLE('',#3522,0.02);
#222=CIRCLE('',#3525,0.02);
#223=CIRCLE('',#3528,0.02);
#224=CIRCLE('',#3530,0.2);
#225=CIRCLE('',#3533,0.2);
#226=CIRCLE('',#3536,0.2);
#227=CIRCLE('',#3539,0.2);
#228=CIRCLE('',#3542,0.2);
#229=CIRCLE('',#3543,0.2);
#230=CIRCLE('',#3546,0.2);
#231=CIRCLE('',#3547,0.2);
#232=CIRCLE('',#3550,0.2);
#233=CIRCLE('',#3551,0.2);
#234=CIRCLE('',#3554,0.2);
#235=CIRCLE('',#3555,0.2);
#236=CIRCLE('',#3569,0.45);
#237=CIRCLE('',#3572,0.45);
#238=CIRCLE('',#3575,0.45);
#239=CIRCLE('',#3578,0.45);
#240=FACE_OUTER_BOUND('',#413,.T.);
#241=FACE_OUTER_BOUND('',#414,.T.);
#242=FACE_OUTER_BOUND('',#415,.T.);
#243=FACE_OUTER_BOUND('',#416,.T.);
#244=FACE_OUTER_BOUND('',#417,.T.);
#245=FACE_OUTER_BOUND('',#418,.T.);
#246=FACE_OUTER_BOUND('',#419,.T.);
#247=FACE_OUTER_BOUND('',#420,.T.);
#248=FACE_OUTER_BOUND('',#421,.T.);
#249=FACE_OUTER_BOUND('',#422,.T.);
#250=FACE_OUTER_BOUND('',#423,.T.);
#251=FACE_OUTER_BOUND('',#424,.T.);
#252=FACE_OUTER_BOUND('',#426,.T.);
#253=FACE_OUTER_BOUND('',#427,.T.);
#254=FACE_OUTER_BOUND('',#429,.T.);
#255=FACE_OUTER_BOUND('',#430,.T.);
#256=FACE_OUTER_BOUND('',#432,.T.);
#257=FACE_OUTER_BOUND('',#433,.T.);
#258=FACE_OUTER_BOUND('',#435,.T.);
#259=FACE_OUTER_BOUND('',#436,.T.);
#260=FACE_OUTER_BOUND('',#441,.T.);
#261=FACE_OUTER_BOUND('',#442,.T.);
#262=FACE_OUTER_BOUND('',#444,.T.);
#263=FACE_OUTER_BOUND('',#445,.T.);
#264=FACE_OUTER_BOUND('',#446,.T.);
#265=FACE_OUTER_BOUND('',#447,.T.);
#266=FACE_OUTER_BOUND('',#448,.T.);
#267=FACE_OUTER_BOUND('',#449,.T.);
#268=FACE_OUTER_BOUND('',#450,.T.);
#269=FACE_OUTER_BOUND('',#451,.T.);
#270=FACE_OUTER_BOUND('',#452,.T.);
#271=FACE_OUTER_BOUND('',#454,.T.);
#272=FACE_OUTER_BOUND('',#455,.T.);
#273=FACE_OUTER_BOUND('',#456,.T.);
#274=FACE_OUTER_BOUND('',#457,.T.);
#275=FACE_OUTER_BOUND('',#458,.T.);
#276=FACE_OUTER_BOUND('',#460,.T.);
#277=FACE_OUTER_BOUND('',#461,.T.);
#278=FACE_OUTER_BOUND('',#463,.T.);
#279=FACE_OUTER_BOUND('',#464,.T.);
#280=FACE_OUTER_BOUND('',#465,.T.);
#281=FACE_OUTER_BOUND('',#466,.T.);
#282=FACE_OUTER_BOUND('',#467,.T.);
#283=FACE_OUTER_BOUND('',#468,.T.);
#284=FACE_OUTER_BOUND('',#469,.T.);
#285=FACE_OUTER_BOUND('',#470,.T.);
#286=FACE_OUTER_BOUND('',#471,.T.);
#287=FACE_OUTER_BOUND('',#472,.T.);
#288=FACE_OUTER_BOUND('',#473,.T.);
#289=FACE_OUTER_BOUND('',#474,.T.);
#290=FACE_OUTER_BOUND('',#475,.T.);
#291=FACE_OUTER_BOUND('',#476,.T.);
#292=FACE_OUTER_BOUND('',#477,.T.);
#293=FACE_OUTER_BOUND('',#478,.T.);
#294=FACE_OUTER_BOUND('',#483,.T.);
#295=FACE_OUTER_BOUND('',#484,.T.);
#296=FACE_OUTER_BOUND('',#485,.T.);
#297=FACE_OUTER_BOUND('',#486,.T.);
#298=FACE_OUTER_BOUND('',#487,.T.);
#299=FACE_OUTER_BOUND('',#488,.T.);
#300=FACE_OUTER_BOUND('',#489,.T.);
#301=FACE_OUTER_BOUND('',#494,.T.);
#302=FACE_OUTER_BOUND('',#495,.T.);
#303=FACE_OUTER_BOUND('',#496,.T.);
#304=FACE_OUTER_BOUND('',#497,.T.);
#305=FACE_OUTER_BOUND('',#498,.T.);
#306=FACE_OUTER_BOUND('',#499,.T.);
#307=FACE_OUTER_BOUND('',#500,.T.);
#308=FACE_OUTER_BOUND('',#502,.T.);
#309=FACE_OUTER_BOUND('',#503,.T.);
#310=FACE_OUTER_BOUND('',#504,.T.);
#311=FACE_OUTER_BOUND('',#505,.T.);
#312=FACE_OUTER_BOUND('',#506,.T.);
#313=FACE_OUTER_BOUND('',#507,.T.);
#314=FACE_OUTER_BOUND('',#508,.T.);
#315=FACE_OUTER_BOUND('',#509,.T.);
#316=FACE_OUTER_BOUND('',#510,.T.);
#317=FACE_OUTER_BOUND('',#511,.T.);
#318=FACE_OUTER_BOUND('',#512,.T.);
#319=FACE_OUTER_BOUND('',#513,.T.);
#320=FACE_OUTER_BOUND('',#514,.T.);
#321=FACE_OUTER_BOUND('',#515,.T.);
#322=FACE_OUTER_BOUND('',#516,.T.);
#323=FACE_OUTER_BOUND('',#517,.T.);
#324=FACE_OUTER_BOUND('',#518,.T.);
#325=FACE_OUTER_BOUND('',#519,.T.);
#326=FACE_OUTER_BOUND('',#520,.T.);
#327=FACE_OUTER_BOUND('',#521,.T.);
#328=FACE_OUTER_BOUND('',#522,.T.);
#329=FACE_OUTER_BOUND('',#523,.T.);
#330=FACE_OUTER_BOUND('',#524,.T.);
#331=FACE_OUTER_BOUND('',#525,.T.);
#332=FACE_OUTER_BOUND('',#526,.T.);
#333=FACE_OUTER_BOUND('',#527,.T.);
#334=FACE_OUTER_BOUND('',#528,.T.);
#335=FACE_OUTER_BOUND('',#529,.T.);
#336=FACE_OUTER_BOUND('',#530,.T.);
#337=FACE_OUTER_BOUND('',#531,.T.);
#338=FACE_OUTER_BOUND('',#532,.T.);
#339=FACE_OUTER_BOUND('',#533,.T.);
#340=FACE_OUTER_BOUND('',#534,.T.);
#341=FACE_OUTER_BOUND('',#535,.T.);
#342=FACE_OUTER_BOUND('',#536,.T.);
#343=FACE_OUTER_BOUND('',#537,.T.);
#344=FACE_OUTER_BOUND('',#538,.T.);
#345=FACE_OUTER_BOUND('',#539,.T.);
#346=FACE_OUTER_BOUND('',#540,.T.);
#347=FACE_OUTER_BOUND('',#541,.T.);
#348=FACE_OUTER_BOUND('',#542,.T.);
#349=FACE_OUTER_BOUND('',#543,.T.);
#350=FACE_OUTER_BOUND('',#544,.T.);
#351=FACE_OUTER_BOUND('',#545,.T.);
#352=FACE_OUTER_BOUND('',#546,.T.);
#353=FACE_OUTER_BOUND('',#548,.T.);
#354=FACE_OUTER_BOUND('',#549,.T.);
#355=FACE_OUTER_BOUND('',#550,.T.);
#356=FACE_OUTER_BOUND('',#551,.T.);
#357=FACE_OUTER_BOUND('',#552,.T.);
#358=FACE_OUTER_BOUND('',#553,.T.);
#359=FACE_OUTER_BOUND('',#554,.T.);
#360=FACE_OUTER_BOUND('',#555,.T.);
#361=FACE_OUTER_BOUND('',#556,.T.);
#362=FACE_OUTER_BOUND('',#557,.T.);
#363=FACE_OUTER_BOUND('',#558,.T.);
#364=FACE_OUTER_BOUND('',#559,.T.);
#365=FACE_OUTER_BOUND('',#560,.T.);
#366=FACE_OUTER_BOUND('',#561,.T.);
#367=FACE_OUTER_BOUND('',#562,.T.);
#368=FACE_OUTER_BOUND('',#563,.T.);
#369=FACE_OUTER_BOUND('',#564,.T.);
#370=FACE_OUTER_BOUND('',#565,.T.);
#371=FACE_OUTER_BOUND('',#566,.T.);
#372=FACE_OUTER_BOUND('',#567,.T.);
#373=FACE_OUTER_BOUND('',#568,.T.);
#374=FACE_OUTER_BOUND('',#569,.T.);
#375=FACE_OUTER_BOUND('',#570,.T.);
#376=FACE_OUTER_BOUND('',#571,.T.);
#377=FACE_OUTER_BOUND('',#572,.T.);
#378=FACE_OUTER_BOUND('',#573,.T.);
#379=FACE_OUTER_BOUND('',#574,.T.);
#380=FACE_OUTER_BOUND('',#575,.T.);
#381=FACE_OUTER_BOUND('',#576,.T.);
#382=FACE_OUTER_BOUND('',#577,.T.);
#383=FACE_OUTER_BOUND('',#578,.T.);
#384=FACE_OUTER_BOUND('',#579,.T.);
#385=FACE_OUTER_BOUND('',#580,.T.);
#386=FACE_OUTER_BOUND('',#581,.T.);
#387=FACE_OUTER_BOUND('',#582,.T.);
#388=FACE_OUTER_BOUND('',#583,.T.);
#389=FACE_OUTER_BOUND('',#584,.T.);
#390=FACE_OUTER_BOUND('',#585,.T.);
#391=FACE_OUTER_BOUND('',#586,.T.);
#392=FACE_OUTER_BOUND('',#587,.T.);
#393=FACE_OUTER_BOUND('',#588,.T.);
#394=FACE_OUTER_BOUND('',#589,.T.);
#395=FACE_OUTER_BOUND('',#590,.T.);
#396=FACE_OUTER_BOUND('',#591,.T.);
#397=FACE_OUTER_BOUND('',#593,.T.);
#398=FACE_OUTER_BOUND('',#594,.T.);
#399=FACE_OUTER_BOUND('',#596,.T.);
#400=FACE_OUTER_BOUND('',#597,.T.);
#401=FACE_OUTER_BOUND('',#599,.T.);
#402=FACE_OUTER_BOUND('',#600,.T.);
#403=FACE_OUTER_BOUND('',#602,.T.);
#404=FACE_OUTER_BOUND('',#603,.T.);
#405=FACE_OUTER_BOUND('',#604,.T.);
#406=FACE_OUTER_BOUND('',#605,.T.);
#407=FACE_OUTER_BOUND('',#606,.T.);
#408=FACE_OUTER_BOUND('',#607,.T.);
#409=FACE_OUTER_BOUND('',#608,.T.);
#410=FACE_OUTER_BOUND('',#612,.T.);
#411=FACE_OUTER_BOUND('',#613,.T.);
#412=FACE_OUTER_BOUND('',#614,.T.);
#413=EDGE_LOOP('',(#2055,#2056,#2057,#2058));
#414=EDGE_LOOP('',(#2059,#2060,#2061,#2062,#2063,#2064));
#415=EDGE_LOOP('',(#2065,#2066,#2067,#2068,#2069));
#416=EDGE_LOOP('',(#2070,#2071,#2072,#2073));
#417=EDGE_LOOP('',(#2074,#2075,#2076,#2077,#2078,#2079,#2080,#2081));
#418=EDGE_LOOP('',(#2082,#2083,#2084,#2085));
#419=EDGE_LOOP('',(#2086,#2087,#2088,#2089));
#420=EDGE_LOOP('',(#2090,#2091,#2092,#2093));
#421=EDGE_LOOP('',(#2094,#2095,#2096,#2097));
#422=EDGE_LOOP('',(#2098,#2099,#2100,#2101));
#423=EDGE_LOOP('',(#2102,#2103,#2104,#2105));
#424=EDGE_LOOP('',(#2106));
#425=EDGE_LOOP('',(#2107));
#426=EDGE_LOOP('',(#2108,#2109,#2110,#2111));
#427=EDGE_LOOP('',(#2112));
#428=EDGE_LOOP('',(#2113));
#429=EDGE_LOOP('',(#2114,#2115,#2116,#2117));
#430=EDGE_LOOP('',(#2118));
#431=EDGE_LOOP('',(#2119));
#432=EDGE_LOOP('',(#2120,#2121,#2122,#2123));
#433=EDGE_LOOP('',(#2124));
#434=EDGE_LOOP('',(#2125));
#435=EDGE_LOOP('',(#2126,#2127,#2128,#2129));
#436=EDGE_LOOP('',(#2130,#2131,#2132,#2133,#2134,#2135,#2136,#2137,#2138,
#2139,#2140,#2141,#2142,#2143,#2144,#2145,#2146,#2147,#2148,#2149,#2150,
#2151,#2152,#2153,#2154,#2155,#2156,#2157,#2158,#2159));
#437=EDGE_LOOP('',(#2160));
#438=EDGE_LOOP('',(#2161));
#439=EDGE_LOOP('',(#2162));
#440=EDGE_LOOP('',(#2163));
#441=EDGE_LOOP('',(#2164,#2165,#2166,#2167));
#442=EDGE_LOOP('',(#2168,#2169,#2170,#2171));
#443=EDGE_LOOP('',(#2172));
#444=EDGE_LOOP('',(#2173,#2174,#2175,#2176));
#445=EDGE_LOOP('',(#2177,#2178,#2179,#2180,#2181,#2182));
#446=EDGE_LOOP('',(#2183,#2184,#2185,#2186,#2187,#2188));
#447=EDGE_LOOP('',(#2189,#2190,#2191,#2192));
#448=EDGE_LOOP('',(#2193,#2194,#2195,#2196,#2197,#2198));
#449=EDGE_LOOP('',(#2199,#2200,#2201,#2202,#2203,#2204));
#450=EDGE_LOOP('',(#2205,#2206,#2207,#2208));
#451=EDGE_LOOP('',(#2209,#2210,#2211,#2212));
#452=EDGE_LOOP('',(#2213,#2214,#2215,#2216,#2217,#2218,#2219,#2220,#2221));
#453=EDGE_LOOP('',(#2222));
#454=EDGE_LOOP('',(#2223,#2224,#2225,#2226,#2227,#2228));
#455=EDGE_LOOP('',(#2229,#2230,#2231,#2232));
#456=EDGE_LOOP('',(#2233,#2234,#2235,#2236,#2237,#2238));
#457=EDGE_LOOP('',(#2239,#2240,#2241,#2242));
#458=EDGE_LOOP('',(#2243,#2244,#2245,#2246));
#459=EDGE_LOOP('',(#2247));
#460=EDGE_LOOP('',(#2248,#2249,#2250,#2251));
#461=EDGE_LOOP('',(#2252,#2253,#2254,#2255,#2256,#2257,#2258,#2259,#2260));
#462=EDGE_LOOP('',(#2261));
#463=EDGE_LOOP('',(#2262,#2263,#2264,#2265));
#464=EDGE_LOOP('',(#2266,#2267,#2268,#2269));
#465=EDGE_LOOP('',(#2270,#2271,#2272,#2273,#2274,#2275,#2276,#2277));
#466=EDGE_LOOP('',(#2278,#2279,#2280,#2281));
#467=EDGE_LOOP('',(#2282,#2283,#2284,#2285));
#468=EDGE_LOOP('',(#2286,#2287,#2288,#2289,#2290,#2291,#2292));
#469=EDGE_LOOP('',(#2293,#2294,#2295,#2296));
#470=EDGE_LOOP('',(#2297,#2298,#2299,#2300));
#471=EDGE_LOOP('',(#2301,#2302,#2303,#2304,#2305,#2306));
#472=EDGE_LOOP('',(#2307,#2308,#2309,#2310));
#473=EDGE_LOOP('',(#2311,#2312,#2313,#2314));
#474=EDGE_LOOP('',(#2315,#2316,#2317,#2318,#2319,#2320,#2321));
#475=EDGE_LOOP('',(#2322,#2323,#2324,#2325));
#476=EDGE_LOOP('',(#2326,#2327,#2328,#2329,#2330));
#477=EDGE_LOOP('',(#2331,#2332,#2333,#2334));
#478=EDGE_LOOP('',(#2335,#2336,#2337,#2338,#2339,#2340,#2341,#2342,#2343,
#2344,#2345,#2346));
#479=EDGE_LOOP('',(#2347));
#480=EDGE_LOOP('',(#2348));
#481=EDGE_LOOP('',(#2349));
#482=EDGE_LOOP('',(#2350));
#483=EDGE_LOOP('',(#2351,#2352,#2353,#2354,#2355,#2356,#2357,#2358));
#484=EDGE_LOOP('',(#2359,#2360,#2361,#2362,#2363,#2364));
#485=EDGE_LOOP('',(#2365,#2366,#2367,#2368));
#486=EDGE_LOOP('',(#2369,#2370,#2371,#2372));
#487=EDGE_LOOP('',(#2373,#2374,#2375,#2376,#2377,#2378));
#488=EDGE_LOOP('',(#2379,#2380,#2381,#2382,#2383,#2384,#2385,#2386));
#489=EDGE_LOOP('',(#2387,#2388,#2389,#2390,#2391,#2392,#2393,#2394,#2395,
#2396,#2397,#2398,#2399,#2400,#2401,#2402,#2403,#2404,#2405,#2406,#2407,
#2408,#2409,#2410,#2411,#2412,#2413,#2414));
#490=EDGE_LOOP('',(#2415));
#491=EDGE_LOOP('',(#2416));
#492=EDGE_LOOP('',(#2417));
#493=EDGE_LOOP('',(#2418));
#494=EDGE_LOOP('',(#2419,#2420,#2421,#2422,#2423,#2424));
#495=EDGE_LOOP('',(#2425,#2426,#2427,#2428));
#496=EDGE_LOOP('',(#2429,#2430,#2431,#2432,#2433,#2434));
#497=EDGE_LOOP('',(#2435,#2436,#2437,#2438));
#498=EDGE_LOOP('',(#2439,#2440,#2441,#2442));
#499=EDGE_LOOP('',(#2443,#2444,#2445,#2446,#2447,#2448,#2449,#2450,#2451,
#2452,#2453,#2454));
#500=EDGE_LOOP('',(#2455,#2456,#2457,#2458,#2459,#2460,#2461,#2462,#2463,
#2464,#2465,#2466,#2467,#2468,#2469,#2470,#2471,#2472,#2473,#2474,#2475,
#2476,#2477,#2478));
#501=EDGE_LOOP('',(#2479,#2480,#2481,#2482,#2483,#2484,#2485,#2486));
#502=EDGE_LOOP('',(#2487,#2488,#2489,#2490,#2491,#2492));
#503=EDGE_LOOP('',(#2493,#2494,#2495,#2496));
#504=EDGE_LOOP('',(#2497,#2498,#2499,#2500,#2501,#2502));
#505=EDGE_LOOP('',(#2503,#2504,#2505,#2506));
#506=EDGE_LOOP('',(#2507,#2508,#2509,#2510));
#507=EDGE_LOOP('',(#2511,#2512));
#508=EDGE_LOOP('',(#2513,#2514,#2515,#2516,#2517));
#509=EDGE_LOOP('',(#2518,#2519,#2520,#2521));
#510=EDGE_LOOP('',(#2522,#2523));
#511=EDGE_LOOP('',(#2524,#2525,#2526,#2527,#2528));
#512=EDGE_LOOP('',(#2529,#2530,#2531,#2532));
#513=EDGE_LOOP('',(#2533,#2534,#2535,#2536,#2537,#2538,#2539));
#514=EDGE_LOOP('',(#2540,#2541,#2542,#2543,#2544,#2545,#2546,#2547,#2548,
#2549,#2550,#2551,#2552,#2553,#2554,#2555,#2556,#2557,#2558,#2559));
#515=EDGE_LOOP('',(#2560,#2561,#2562));
#516=EDGE_LOOP('',(#2563,#2564,#2565));
#517=EDGE_LOOP('',(#2566,#2567,#2568,#2569,#2570,#2571));
#518=EDGE_LOOP('',(#2572,#2573,#2574,#2575,#2576,#2577,#2578,#2579,#2580,
#2581,#2582,#2583));
#519=EDGE_LOOP('',(#2584,#2585,#2586,#2587,#2588,#2589));
#520=EDGE_LOOP('',(#2590,#2591,#2592,#2593,#2594,#2595,#2596,#2597));
#521=EDGE_LOOP('',(#2598,#2599,#2600,#2601));
#522=EDGE_LOOP('',(#2602,#2603,#2604,#2605));
#523=EDGE_LOOP('',(#2606,#2607,#2608,#2609));
#524=EDGE_LOOP('',(#2610,#2611,#2612,#2613,#2614,#2615));
#525=EDGE_LOOP('',(#2616,#2617,#2618,#2619));
#526=EDGE_LOOP('',(#2620,#2621,#2622,#2623,#2624,#2625));
#527=EDGE_LOOP('',(#2626,#2627,#2628,#2629,#2630,#2631,#2632,#2633,#2634,
#2635,#2636,#2637,#2638,#2639,#2640,#2641));
#528=EDGE_LOOP('',(#2642,#2643,#2644,#2645));
#529=EDGE_LOOP('',(#2646,#2647,#2648,#2649));
#530=EDGE_LOOP('',(#2650,#2651,#2652,#2653));
#531=EDGE_LOOP('',(#2654,#2655,#2656,#2657));
#532=EDGE_LOOP('',(#2658,#2659,#2660,#2661));
#533=EDGE_LOOP('',(#2662,#2663,#2664,#2665,#2666,#2667));
#534=EDGE_LOOP('',(#2668,#2669,#2670,#2671));
#535=EDGE_LOOP('',(#2672,#2673,#2674,#2675));
#536=EDGE_LOOP('',(#2676,#2677,#2678,#2679));
#537=EDGE_LOOP('',(#2680,#2681,#2682,#2683,#2684,#2685));
#538=EDGE_LOOP('',(#2686,#2687,#2688,#2689));
#539=EDGE_LOOP('',(#2690,#2691,#2692,#2693));
#540=EDGE_LOOP('',(#2694,#2695,#2696,#2697));
#541=EDGE_LOOP('',(#2698,#2699,#2700,#2701));
#542=EDGE_LOOP('',(#2702,#2703,#2704,#2705));
#543=EDGE_LOOP('',(#2706,#2707,#2708,#2709));
#544=EDGE_LOOP('',(#2710,#2711,#2712,#2713));
#545=EDGE_LOOP('',(#2714,#2715,#2716,#2717));
#546=EDGE_LOOP('',(#2718,#2719,#2720,#2721,#2722,#2723,#2724,#2725));
#547=EDGE_LOOP('',(#2726,#2727,#2728,#2729,#2730,#2731,#2732,#2733));
#548=EDGE_LOOP('',(#2734,#2735,#2736,#2737,#2738,#2739));
#549=EDGE_LOOP('',(#2740,#2741,#2742,#2743));
#550=EDGE_LOOP('',(#2744,#2745,#2746,#2747));
#551=EDGE_LOOP('',(#2748,#2749,#2750,#2751));
#552=EDGE_LOOP('',(#2752,#2753,#2754,#2755));
#553=EDGE_LOOP('',(#2756,#2757,#2758,#2759));
#554=EDGE_LOOP('',(#2760,#2761,#2762,#2763));
#555=EDGE_LOOP('',(#2764,#2765,#2766,#2767,#2768,#2769));
#556=EDGE_LOOP('',(#2770,#2771,#2772,#2773));
#557=EDGE_LOOP('',(#2774,#2775,#2776,#2777));
#558=EDGE_LOOP('',(#2778,#2779,#2780,#2781));
#559=EDGE_LOOP('',(#2782,#2783,#2784,#2785,#2786,#2787));
#560=EDGE_LOOP('',(#2788,#2789,#2790,#2791));
#561=EDGE_LOOP('',(#2792,#2793,#2794,#2795));
#562=EDGE_LOOP('',(#2796,#2797,#2798,#2799));
#563=EDGE_LOOP('',(#2800,#2801,#2802,#2803));
#564=EDGE_LOOP('',(#2804));
#565=EDGE_LOOP('',(#2805,#2806,#2807,#2808));
#566=EDGE_LOOP('',(#2809));
#567=EDGE_LOOP('',(#2810,#2811,#2812,#2813));
#568=EDGE_LOOP('',(#2814));
#569=EDGE_LOOP('',(#2815,#2816,#2817,#2818));
#570=EDGE_LOOP('',(#2819));
#571=EDGE_LOOP('',(#2820,#2821,#2822,#2823));
#572=EDGE_LOOP('',(#2824));
#573=EDGE_LOOP('',(#2825,#2826,#2827,#2828));
#574=EDGE_LOOP('',(#2829));
#575=EDGE_LOOP('',(#2830,#2831,#2832,#2833));
#576=EDGE_LOOP('',(#2834));
#577=EDGE_LOOP('',(#2835,#2836,#2837,#2838));
#578=EDGE_LOOP('',(#2839));
#579=EDGE_LOOP('',(#2840,#2841,#2842,#2843,#2844,#2845));
#580=EDGE_LOOP('',(#2846,#2847,#2848,#2849,#2850,#2851,#2852));
#581=EDGE_LOOP('',(#2853,#2854,#2855,#2856));
#582=EDGE_LOOP('',(#2857,#2858,#2859,#2860));
#583=EDGE_LOOP('',(#2861,#2862,#2863,#2864));
#584=EDGE_LOOP('',(#2865,#2866,#2867,#2868,#2869,#2870));
#585=EDGE_LOOP('',(#2871,#2872,#2873,#2874));
#586=EDGE_LOOP('',(#2875,#2876,#2877,#2878,#2879,#2880));
#587=EDGE_LOOP('',(#2881,#2882,#2883,#2884,#2885,#2886));
#588=EDGE_LOOP('',(#2887,#2888,#2889,#2890,#2891,#2892));
#589=EDGE_LOOP('',(#2893,#2894,#2895,#2896));
#590=EDGE_LOOP('',(#2897,#2898,#2899,#2900));
#591=EDGE_LOOP('',(#2901));
#592=EDGE_LOOP('',(#2902));
#593=EDGE_LOOP('',(#2903,#2904,#2905,#2906));
#594=EDGE_LOOP('',(#2907));
#595=EDGE_LOOP('',(#2908));
#596=EDGE_LOOP('',(#2909,#2910,#2911,#2912));
#597=EDGE_LOOP('',(#2913));
#598=EDGE_LOOP('',(#2914));
#599=EDGE_LOOP('',(#2915,#2916,#2917,#2918));
#600=EDGE_LOOP('',(#2919));
#601=EDGE_LOOP('',(#2920));
#602=EDGE_LOOP('',(#2921,#2922,#2923,#2924,#2925,#2926));
#603=EDGE_LOOP('',(#2927,#2928,#2929,#2930));
#604=EDGE_LOOP('',(#2931,#2932,#2933,#2934));
#605=EDGE_LOOP('',(#2935,#2936,#2937,#2938));
#606=EDGE_LOOP('',(#2939,#2940,#2941,#2942));
#607=EDGE_LOOP('',(#2943,#2944,#2945,#2946));
#608=EDGE_LOOP('',(#2947,#2948,#2949,#2950));
#609=EDGE_LOOP('',(#2951,#2952,#2953,#2954,#2955,#2956,#2957,#2958));
#610=EDGE_LOOP('',(#2959,#2960,#2961,#2962,#2963,#2964,#2965,#2966));
#611=EDGE_LOOP('',(#2967,#2968,#2969,#2970,#2971,#2972,#2973,#2974));
#612=EDGE_LOOP('',(#2975,#2976,#2977,#2978));
#613=EDGE_LOOP('',(#2979,#2980,#2981,#2982));
#614=EDGE_LOOP('',(#2983,#2984,#2985,#2986));
#615=LINE('',#4538,#947);
#616=LINE('',#4540,#948);
#617=LINE('',#4542,#949);
#618=LINE('',#4543,#950);
#619=LINE('',#4546,#951);
#620=LINE('',#4548,#952);
#621=LINE('',#4550,#953);
#622=LINE('',#4552,#954);
#623=LINE('',#4553,#955);
#624=LINE('',#4556,#956);
#625=LINE('',#4558,#957);
#626=LINE('',#4563,#958);
#627=LINE('',#4565,#959);
#628=LINE('',#4567,#960);
#629=LINE('',#4568,#961);
#630=LINE('',#4572,#962);
#631=LINE('',#4574,#963);
#632=LINE('',#4576,#964);
#633=LINE('',#4578,#965);
#634=LINE('',#4580,#966);
#635=LINE('',#4582,#967);
#636=LINE('',#4584,#968);
#637=LINE('',#4585,#969);
#638=LINE('',#4587,#970);
#639=LINE('',#4589,#971);
#640=LINE('',#4590,#972);
#641=LINE('',#4595,#973);
#642=LINE('',#4601,#974);
#643=LINE('',#4607,#975);
#644=LINE('',#4613,#976);
#645=LINE('',#4619,#977);
#646=LINE('',#4626,#978);
#647=LINE('',#4633,#979);
#648=LINE('',#4640,#980);
#649=LINE('',#4646,#981);
#650=LINE('',#4648,#982);
#651=LINE('',#4650,#983);
#652=LINE('',#4651,#984);
#653=LINE('',#4656,#985);
#654=LINE('',#4660,#986);
#655=LINE('',#4662,#987);
#656=LINE('',#4664,#988);
#657=LINE('',#4666,#989);
#658=LINE('',#4668,#990);
#659=LINE('',#4670,#991);
#660=LINE('',#4672,#992);
#661=LINE('',#4674,#993);
#662=LINE('',#4676,#994);
#663=LINE('',#4680,#995);
#664=LINE('',#4684,#996);
#665=LINE('',#4688,#997);
#666=LINE('',#4692,#998);
#667=LINE('',#4695,#999);
#668=LINE('',#4697,#1000);
#669=LINE('',#4701,#1001);
#670=LINE('',#4705,#1002);
#671=LINE('',#4718,#1003);
#672=LINE('',#4722,#1004);
#673=LINE('',#4725,#1005);
#674=LINE('',#4727,#1006);
#675=LINE('',#4728,#1007);
#676=LINE('',#4732,#1008);
#677=LINE('',#4734,#1009);
#678=LINE('',#4736,#1010);
#679=LINE('',#4738,#1011);
#680=LINE('',#4740,#1012);
#681=LINE('',#4741,#1013);
#682=LINE('',#4746,#1014);
#683=LINE('',#4749,#1015);
#684=LINE('',#4751,#1016);
#685=LINE('',#4752,#1017);
#686=LINE('',#4756,#1018);
#687=LINE('',#4757,#1019);
#688=LINE('',#4759,#1020);
#689=LINE('',#4761,#1021);
#690=LINE('',#4762,#1022);
#691=LINE('',#4767,#1023);
#692=LINE('',#4770,#1024);
#693=LINE('',#4772,#1025);
#694=LINE('',#4773,#1026);
#695=LINE('',#4780,#1027);
#696=LINE('',#4783,#1028);
#697=LINE('',#4786,#1029);
#698=LINE('',#4789,#1030);
#699=LINE('',#4792,#1031);
#700=LINE('',#4795,#1032);
#701=LINE('',#4798,#1033);
#702=LINE('',#4800,#1034);
#703=LINE('',#4801,#1035);
#704=LINE('',#4804,#1036);
#705=LINE('',#4813,#1037);
#706=LINE('',#4814,#1038);
#707=LINE('',#4819,#1039);
#708=LINE('',#4822,#1040);
#709=LINE('',#4824,#1041);
#710=LINE('',#4826,#1042);
#711=LINE('',#4828,#1043);
#712=LINE('',#4829,#1044);
#713=LINE('',#4835,#1045);
#714=LINE('',#4837,#1046);
#715=LINE('',#4839,#1047);
#716=LINE('',#4840,#1048);
#717=LINE('',#4843,#1049);
#718=LINE('',#4845,#1050);
#719=LINE('',#4846,#1051);
#720=LINE('',#4847,#1052);
#721=LINE('',#4849,#1053);
#722=LINE('',#4851,#1054);
#723=LINE('',#4854,#1055);
#724=LINE('',#4856,#1056);
#725=LINE('',#4857,#1057);
#726=LINE('',#4860,#1058);
#727=LINE('',#4861,#1059);
#728=LINE('',#4864,#1060);
#729=LINE('',#4865,#1061);
#730=LINE('',#4868,#1062);
#731=LINE('',#4870,#1063);
#732=LINE('',#4872,#1064);
#733=LINE('',#4873,#1065);
#734=LINE('',#4876,#1066);
#735=LINE('',#4878,#1067);
#736=LINE('',#4879,#1068);
#737=LINE('',#4883,#1069);
#738=LINE('',#4886,#1070);
#739=LINE('',#4888,#1071);
#740=LINE('',#4889,#1072);
#741=LINE('',#4894,#1073);
#742=LINE('',#4895,#1074);
#743=LINE('',#4897,#1075);
#744=LINE('',#4901,#1076);
#745=LINE('',#4905,#1077);
#746=LINE('',#4908,#1078);
#747=LINE('',#4911,#1079);
#748=LINE('',#4912,#1080);
#749=LINE('',#4918,#1081);
#750=LINE('',#4922,#1082);
#751=LINE('',#4923,#1083);
#752=LINE('',#4926,#1084);
#753=LINE('',#4927,#1085);
#754=LINE('',#4932,#1086);
#755=LINE('',#4936,#1087);
#756=LINE('',#4939,#1088);
#757=LINE('',#4943,#1089);
#758=LINE('',#4946,#1090);
#759=LINE('',#4950,#1091);
#760=LINE('',#4953,#1092);
#761=LINE('',#4954,#1093);
#762=LINE('',#4966,#1094);
#763=LINE('',#4968,#1095);
#764=LINE('',#4970,#1096);
#765=LINE('',#4971,#1097);
#766=LINE('',#4972,#1098);
#767=LINE('',#4975,#1099);
#768=LINE('',#4977,#1100);
#769=LINE('',#4978,#1101);
#770=LINE('',#4981,#1102);
#771=LINE('',#4982,#1103);
#772=LINE('',#4984,#1104);
#773=LINE('',#4985,#1105);
#774=LINE('',#4987,#1106);
#775=LINE('',#4991,#1107);
#776=LINE('',#4993,#1108);
#777=LINE('',#4995,#1109);
#778=LINE('',#4997,#1110);
#779=LINE('',#4999,#1111);
#780=LINE('',#5001,#1112);
#781=LINE('',#5003,#1113);
#782=LINE('',#5005,#1114);
#783=LINE('',#5006,#1115);
#784=LINE('',#5009,#1116);
#785=LINE('',#5011,#1117);
#786=LINE('',#5013,#1118);
#787=LINE('',#5017,#1119);
#788=LINE('',#5021,#1120);
#789=LINE('',#5023,#1121);
#790=LINE('',#5025,#1122);
#791=LINE('',#5029,#1123);
#792=LINE('',#5033,#1124);
#793=LINE('',#5035,#1125);
#794=LINE('',#5036,#1126);
#795=LINE('',#5037,#1127);
#796=LINE('',#5038,#1128);
#797=LINE('',#5039,#1129);
#798=LINE('',#5042,#1130);
#799=LINE('',#5046,#1131);
#800=LINE('',#5050,#1132);
#801=LINE('',#5054,#1133);
#802=LINE('',#5058,#1134);
#803=LINE('',#5060,#1135);
#804=LINE('',#5061,#1136);
#805=LINE('',#5064,#1137);
#806=LINE('',#5065,#1138);
#807=LINE('',#5067,#1139);
#808=LINE('',#5069,#1140);
#809=LINE('',#5070,#1141);
#810=LINE('',#5072,#1142);
#811=LINE('',#5077,#1143);
#812=LINE('',#5084,#1144);
#813=LINE('',#5094,#1145);
#814=LINE('',#5097,#1146);
#815=LINE('',#5099,#1147);
#816=LINE('',#5104,#1148);
#817=LINE('',#5111,#1149);
#818=LINE('',#5121,#1150);
#819=LINE('',#5124,#1151);
#820=LINE('',#5126,#1152);
#821=LINE('',#5129,#1153);
#822=LINE('',#5131,#1154);
#823=LINE('',#5135,#1155);
#824=LINE('',#5139,#1156);
#825=LINE('',#5141,#1157);
#826=LINE('',#5145,#1158);
#827=LINE('',#5149,#1159);
#828=LINE('',#5150,#1160);
#829=LINE('',#5152,#1161);
#830=LINE('',#5154,#1162);
#831=LINE('',#5158,#1163);
#832=LINE('',#5162,#1164);
#833=LINE('',#5163,#1165);
#834=LINE('',#5165,#1166);
#835=LINE('',#5168,#1167);
#836=LINE('',#5172,#1168);
#837=LINE('',#5174,#1169);
#838=LINE('',#5175,#1170);
#839=LINE('',#5179,#1171);
#840=LINE('',#5183,#1172);
#841=LINE('',#5186,#1173);
#842=LINE('',#5188,#1174);
#843=LINE('',#5191,#1175);
#844=LINE('',#5193,#1176);
#845=LINE('',#5194,#1177);
#846=LINE('',#5196,#1178);
#847=LINE('',#5197,#1179);
#848=LINE('',#5199,#1180);
#849=LINE('',#5200,#1181);
#850=LINE('',#5203,#1182);
#851=LINE('',#5206,#1183);
#852=LINE('',#5209,#1184);
#853=LINE('',#5210,#1185);
#854=LINE('',#5214,#1186);
#855=LINE('',#5217,#1187);
#856=LINE('',#5218,#1188);
#857=LINE('',#5220,#1189);
#858=LINE('',#5222,#1190);
#859=LINE('',#5223,#1191);
#860=LINE('',#5227,#1192);
#861=LINE('',#5231,#1193);
#862=LINE('',#5235,#1194);
#863=LINE('',#5237,#1195);
#864=LINE('',#5238,#1196);
#865=LINE('',#5240,#1197);
#866=LINE('',#5242,#1198);
#867=LINE('',#5244,#1199);
#868=LINE('',#5248,#1200);
#869=LINE('',#5252,#1201);
#870=LINE('',#5253,#1202);
#871=LINE('',#5255,#1203);
#872=LINE('',#5256,#1204);
#873=LINE('',#5258,#1205);
#874=LINE('',#5259,#1206);
#875=LINE('',#5263,#1207);
#876=LINE('',#5264,#1208);
#877=LINE('',#5267,#1209);
#878=LINE('',#5269,#1210);
#879=LINE('',#5270,#1211);
#880=LINE('',#5274,#1212);
#881=LINE('',#5277,#1213);
#882=LINE('',#5278,#1214);
#883=LINE('',#5282,#1215);
#884=LINE('',#5285,#1216);
#885=LINE('',#5286,#1217);
#886=LINE('',#5290,#1218);
#887=LINE('',#5292,#1219);
#888=LINE('',#5294,#1220);
#889=LINE('',#5295,#1221);
#890=LINE('',#5300,#1222);
#891=LINE('',#5304,#1223);
#892=LINE('',#5306,#1224);
#893=LINE('',#5307,#1225);
#894=LINE('',#5312,#1226);
#895=LINE('',#5316,#1227);
#896=LINE('',#5318,#1228);
#897=LINE('',#5319,#1229);
#898=LINE('',#5324,#1230);
#899=LINE('',#5328,#1231);
#900=LINE('',#5330,#1232);
#901=LINE('',#5331,#1233);
#902=LINE('',#5337,#1234);
#903=LINE('',#5341,#1235);
#904=LINE('',#5344,#1236);
#905=LINE('',#5346,#1237);
#906=LINE('',#5348,#1238);
#907=LINE('',#5352,#1239);
#908=LINE('',#5356,#1240);
#909=LINE('',#5357,#1241);
#910=LINE('',#5362,#1242);
#911=LINE('',#5364,#1243);
#912=LINE('',#5365,#1244);
#913=LINE('',#5368,#1245);
#914=LINE('',#5372,#1246);
#915=LINE('',#5373,#1247);
#916=LINE('',#5376,#1248);
#917=LINE('',#5380,#1249);
#918=LINE('',#5381,#1250);
#919=LINE('',#5385,#1251);
#920=LINE('',#5388,#1252);
#921=LINE('',#5389,#1253);
#922=LINE('',#5395,#1254);
#923=LINE('',#5400,#1255);
#924=LINE('',#5405,#1256);
#925=LINE('',#5410,#1257);
#926=LINE('',#5416,#1258);
#927=LINE('',#5423,#1259);
#928=LINE('',#5430,#1260);
#929=LINE('',#5437,#1261);
#930=LINE('',#5441,#1262);
#931=LINE('',#5444,#1263);
#932=LINE('',#5446,#1264);
#933=LINE('',#5448,#1265);
#934=LINE('',#5452,#1266);
#935=LINE('',#5454,#1267);
#936=LINE('',#5455,#1268);
#937=LINE('',#5457,#1269);
#938=LINE('',#5462,#1270);
#939=LINE('',#5467,#1271);
#940=LINE('',#5472,#1272);
#941=LINE('',#5477,#1273);
#942=LINE('',#5484,#1274);
#943=LINE('',#5485,#1275);
#944=LINE('',#5487,#1276);
#945=LINE('',#5489,#1277);
#946=LINE('',#5491,#1278);
#947=VECTOR('',#3594,1.);
#948=VECTOR('',#3595,1.);
#949=VECTOR('',#3596,1.);
#950=VECTOR('',#3597,1.);
#951=VECTOR('',#3600,1.);
#952=VECTOR('',#3601,1.);
#953=VECTOR('',#3602,1.);
#954=VECTOR('',#3603,1.);
#955=VECTOR('',#3604,1.);
#956=VECTOR('',#3607,1.);
#957=VECTOR('',#3608,1.);
#958=VECTOR('',#3613,1.);
#959=VECTOR('',#3614,1.);
#960=VECTOR('',#3615,1.);
#961=VECTOR('',#3616,1.);
#962=VECTOR('',#3619,1.);
#963=VECTOR('',#3620,1.);
#964=VECTOR('',#3621,1.);
#965=VECTOR('',#3622,1.);
#966=VECTOR('',#3623,1.);
#967=VECTOR('',#3624,1.);
#968=VECTOR('',#3625,1.);
#969=VECTOR('',#3626,1.);
#970=VECTOR('',#3629,1.);
#971=VECTOR('',#3630,1.);
#972=VECTOR('',#3631,1.);
#973=VECTOR('',#3636,0.17);
#974=VECTOR('',#3643,0.17);
#975=VECTOR('',#3650,0.17);
#976=VECTOR('',#3657,0.17);
#977=VECTOR('',#3664,0.2);
#978=VECTOR('',#3673,0.2);
#979=VECTOR('',#3682,0.2);
#980=VECTOR('',#3691,0.2);
#981=VECTOR('',#3698,1.);
#982=VECTOR('',#3699,1.);
#983=VECTOR('',#3700,1.);
#984=VECTOR('',#3701,1.);
#985=VECTOR('',#3706,1.);
#986=VECTOR('',#3709,1.);
#987=VECTOR('',#3710,1.);
#988=VECTOR('',#3711,1.);
#989=VECTOR('',#3712,1.);
#990=VECTOR('',#3713,1.);
#991=VECTOR('',#3714,1.);
#992=VECTOR('',#3715,1.);
#993=VECTOR('',#3716,1.);
#994=VECTOR('',#3717,1.);
#995=VECTOR('',#3720,1.);
#996=VECTOR('',#3723,1.);
#997=VECTOR('',#3726,1.);
#998=VECTOR('',#3729,1.);
#999=VECTOR('',#3732,1.);
#1000=VECTOR('',#3733,1.);
#1001=VECTOR('',#3736,1.);
#1002=VECTOR('',#3739,1.);
#1003=VECTOR('',#3754,1.);
#1004=VECTOR('',#3759,1.);
#1005=VECTOR('',#3762,1.);
#1006=VECTOR('',#3763,1.);
#1007=VECTOR('',#3764,1.);
#1008=VECTOR('',#3767,1.);
#1009=VECTOR('',#3768,1.);
#1010=VECTOR('',#3769,1.);
#1011=VECTOR('',#3770,1.);
#1012=VECTOR('',#3771,1.);
#1013=VECTOR('',#3772,1.);
#1014=VECTOR('',#3779,1.);
#1015=VECTOR('',#3782,1.);
#1016=VECTOR('',#3783,1.);
#1017=VECTOR('',#3784,1.);
#1018=VECTOR('',#3787,1.);
#1019=VECTOR('',#3788,1.);
#1020=VECTOR('',#3789,1.);
#1021=VECTOR('',#3790,1.);
#1022=VECTOR('',#3791,1.);
#1023=VECTOR('',#3798,1.);
#1024=VECTOR('',#3801,1.);
#1025=VECTOR('',#3802,1.);
#1026=VECTOR('',#3803,1.);
#1027=VECTOR('',#3812,1.);
#1028=VECTOR('',#3815,1.);
#1029=VECTOR('',#3818,1.);
#1030=VECTOR('',#3821,1.);
#1031=VECTOR('',#3824,1.);
#1032=VECTOR('',#3827,1.);
#1033=VECTOR('',#3830,1.);
#1034=VECTOR('',#3831,1.);
#1035=VECTOR('',#3832,1.);
#1036=VECTOR('',#3835,1.);
#1037=VECTOR('',#3848,1.);
#1038=VECTOR('',#3849,1.);
#1039=VECTOR('',#3858,1.);
#1040=VECTOR('',#3861,1.);
#1041=VECTOR('',#3862,1.);
#1042=VECTOR('',#3863,1.);
#1043=VECTOR('',#3864,1.);
#1044=VECTOR('',#3865,1.);
#1045=VECTOR('',#3872,1.);
#1046=VECTOR('',#3873,1.);
#1047=VECTOR('',#3874,1.);
#1048=VECTOR('',#3875,1.);
#1049=VECTOR('',#3878,1.);
#1050=VECTOR('',#3879,1.);
#1051=VECTOR('',#3880,1.);
#1052=VECTOR('',#3881,1.);
#1053=VECTOR('',#3884,1.);
#1054=VECTOR('',#3887,1.);
#1055=VECTOR('',#3890,1.);
#1056=VECTOR('',#3891,1.);
#1057=VECTOR('',#3892,1.);
#1058=VECTOR('',#3895,1.);
#1059=VECTOR('',#3896,1.);
#1060=VECTOR('',#3899,1.);
#1061=VECTOR('',#3900,1.);
#1062=VECTOR('',#3903,1.);
#1063=VECTOR('',#3904,1.);
#1064=VECTOR('',#3905,1.);
#1065=VECTOR('',#3906,1.);
#1066=VECTOR('',#3909,1.);
#1067=VECTOR('',#3910,1.);
#1068=VECTOR('',#3911,1.);
#1069=VECTOR('',#3916,1.);
#1070=VECTOR('',#3919,1.);
#1071=VECTOR('',#3920,1.);
#1072=VECTOR('',#3921,1.);
#1073=VECTOR('',#3926,1.);
#1074=VECTOR('',#3927,1.);
#1075=VECTOR('',#3928,1.);
#1076=VECTOR('',#3931,1.);
#1077=VECTOR('',#3934,1.);
#1078=VECTOR('',#3937,1.);
#1079=VECTOR('',#3940,1.);
#1080=VECTOR('',#3941,1.);
#1081=VECTOR('',#3950,1.);
#1082=VECTOR('',#3955,1.);
#1083=VECTOR('',#3956,1.);
#1084=VECTOR('',#3959,1.);
#1085=VECTOR('',#3960,1.);
#1086=VECTOR('',#3965,1.);
#1087=VECTOR('',#3968,1.);
#1088=VECTOR('',#3971,1.);
#1089=VECTOR('',#3974,1.);
#1090=VECTOR('',#3977,1.);
#1091=VECTOR('',#3980,1.);
#1092=VECTOR('',#3983,1.);
#1093=VECTOR('',#3984,1.);
#1094=VECTOR('',#3995,1.);
#1095=VECTOR('',#3996,1.);
#1096=VECTOR('',#3997,1.);
#1097=VECTOR('',#3998,1.);
#1098=VECTOR('',#3999,1.);
#1099=VECTOR('',#4002,1.);
#1100=VECTOR('',#4003,1.);
#1101=VECTOR('',#4004,1.);
#1102=VECTOR('',#4007,1.);
#1103=VECTOR('',#4008,1.);
#1104=VECTOR('',#4009,1.);
#1105=VECTOR('',#4010,1.);
#1106=VECTOR('',#4013,1.);
#1107=VECTOR('',#4018,1.);
#1108=VECTOR('',#4019,1.);
#1109=VECTOR('',#4020,1.);
#1110=VECTOR('',#4021,1.);
#1111=VECTOR('',#4022,1.);
#1112=VECTOR('',#4023,1.);
#1113=VECTOR('',#4024,1.);
#1114=VECTOR('',#4025,1.);
#1115=VECTOR('',#4026,1.);
#1116=VECTOR('',#4029,1.);
#1117=VECTOR('',#4030,1.);
#1118=VECTOR('',#4031,1.);
#1119=VECTOR('',#4034,1.);
#1120=VECTOR('',#4037,1.);
#1121=VECTOR('',#4038,1.);
#1122=VECTOR('',#4039,1.);
#1123=VECTOR('',#4042,1.);
#1124=VECTOR('',#4045,1.);
#1125=VECTOR('',#4046,1.);
#1126=VECTOR('',#4047,1.);
#1127=VECTOR('',#4048,1.);
#1128=VECTOR('',#4049,1.);
#1129=VECTOR('',#4050,1.);
#1130=VECTOR('',#4051,1.);
#1131=VECTOR('',#4054,1.);
#1132=VECTOR('',#4057,1.);
#1133=VECTOR('',#4060,1.);
#1134=VECTOR('',#4065,1.);
#1135=VECTOR('',#4066,1.);
#1136=VECTOR('',#4067,1.);
#1137=VECTOR('',#4070,1.);
#1138=VECTOR('',#4071,1.);
#1139=VECTOR('',#4074,1.);
#1140=VECTOR('',#4075,1.);
#1141=VECTOR('',#4076,1.);
#1142=VECTOR('',#4079,1.);
#1143=VECTOR('',#4084,1.);
#1144=VECTOR('',#4091,1.);
#1145=VECTOR('',#4094,1.);
#1146=VECTOR('',#4097,1.);
#1147=VECTOR('',#4098,1.);
#1148=VECTOR('',#4103,1.);
#1149=VECTOR('',#4110,1.);
#1150=VECTOR('',#4113,1.);
#1151=VECTOR('',#4116,1.);
#1152=VECTOR('',#4117,1.);
#1153=VECTOR('',#4122,1.);
#1154=VECTOR('',#4123,1.);
#1155=VECTOR('',#4126,1.);
#1156=VECTOR('',#4131,1.);
#1157=VECTOR('',#4132,1.);
#1158=VECTOR('',#4135,1.);
#1159=VECTOR('',#4138,1.);
#1160=VECTOR('',#4139,1.);
#1161=VECTOR('',#4140,1.);
#1162=VECTOR('',#4141,1.);
#1163=VECTOR('',#4144,1.);
#1164=VECTOR('',#4147,1.);
#1165=VECTOR('',#4148,1.);
#1166=VECTOR('',#4151,1.);
#1167=VECTOR('',#4154,1.);
#1168=VECTOR('',#4159,1.);
#1169=VECTOR('',#4160,1.);
#1170=VECTOR('',#4161,1.);
#1171=VECTOR('',#4164,1.);
#1172=VECTOR('',#4167,1.);
#1173=VECTOR('',#4170,1.);
#1174=VECTOR('',#4171,1.);
#1175=VECTOR('',#4174,1.);
#1176=VECTOR('',#4175,1.);
#1177=VECTOR('',#4176,1.);
#1178=VECTOR('',#4179,1.);
#1179=VECTOR('',#4180,1.);
#1180=VECTOR('',#4183,1.);
#1181=VECTOR('',#4184,1.);
#1182=VECTOR('',#4187,1.);
#1183=VECTOR('',#4190,1.);
#1184=VECTOR('',#4193,1.);
#1185=VECTOR('',#4194,1.);
#1186=VECTOR('',#4199,1.);
#1187=VECTOR('',#4202,1.);
#1188=VECTOR('',#4203,1.);
#1189=VECTOR('',#4206,1.);
#1190=VECTOR('',#4209,1.);
#1191=VECTOR('',#4210,1.);
#1192=VECTOR('',#4213,1.);
#1193=VECTOR('',#4216,1.);
#1194=VECTOR('',#4219,1.);
#1195=VECTOR('',#4220,1.);
#1196=VECTOR('',#4221,1.);
#1197=VECTOR('',#4222,1.);
#1198=VECTOR('',#4223,1.);
#1199=VECTOR('',#4224,1.);
#1200=VECTOR('',#4227,1.);
#1201=VECTOR('',#4230,1.);
#1202=VECTOR('',#4231,1.);
#1203=VECTOR('',#4234,1.);
#1204=VECTOR('',#4235,1.);
#1205=VECTOR('',#4238,1.);
#1206=VECTOR('',#4239,1.);
#1207=VECTOR('',#4246,1.);
#1208=VECTOR('',#4247,1.);
#1209=VECTOR('',#4250,1.);
#1210=VECTOR('',#4251,1.);
#1211=VECTOR('',#4252,1.);
#1212=VECTOR('',#4257,1.);
#1213=VECTOR('',#4260,1.);
#1214=VECTOR('',#4261,1.);
#1215=VECTOR('',#4266,1.);
#1216=VECTOR('',#4269,1.);
#1217=VECTOR('',#4270,1.);
#1218=VECTOR('',#4273,1.);
#1219=VECTOR('',#4274,1.);
#1220=VECTOR('',#4275,1.);
#1221=VECTOR('',#4276,1.);
#1222=VECTOR('',#4281,1.);
#1223=VECTOR('',#4286,1.);
#1224=VECTOR('',#4287,1.);
#1225=VECTOR('',#4288,1.);
#1226=VECTOR('',#4293,1.);
#1227=VECTOR('',#4298,1.);
#1228=VECTOR('',#4299,1.);
#1229=VECTOR('',#4300,1.);
#1230=VECTOR('',#4305,1.);
#1231=VECTOR('',#4310,1.);
#1232=VECTOR('',#4311,1.);
#1233=VECTOR('',#4312,1.);
#1234=VECTOR('',#4321,1.);
#1235=VECTOR('',#4324,1.);
#1236=VECTOR('',#4329,1.);
#1237=VECTOR('',#4332,1.);
#1238=VECTOR('',#4335,1.);
#1239=VECTOR('',#4340,1.);
#1240=VECTOR('',#4345,1.);
#1241=VECTOR('',#4346,1.);
#1242=VECTOR('',#4353,1.);
#1243=VECTOR('',#4354,1.);
#1244=VECTOR('',#4355,1.);
#1245=VECTOR('',#4358,1.);
#1246=VECTOR('',#4363,1.);
#1247=VECTOR('',#4364,1.);
#1248=VECTOR('',#4367,1.);
#1249=VECTOR('',#4372,1.);
#1250=VECTOR('',#4373,1.);
#1251=VECTOR('',#4378,1.);
#1252=VECTOR('',#4381,1.);
#1253=VECTOR('',#4382,1.);
#1254=VECTOR('',#4391,0.2);
#1255=VECTOR('',#4398,0.2);
#1256=VECTOR('',#4405,0.2);
#1257=VECTOR('',#4412,0.2);
#1258=VECTOR('',#4419,0.2);
#1259=VECTOR('',#4428,0.2);
#1260=VECTOR('',#4437,0.2);
#1261=VECTOR('',#4446,0.2);
#1262=VECTOR('',#4453,1.);
#1263=VECTOR('',#4458,1.);
#1264=VECTOR('',#4461,1.);
#1265=VECTOR('',#4464,1.);
#1266=VECTOR('',#4471,1.);
#1267=VECTOR('',#4474,1.);
#1268=VECTOR('',#4475,1.);
#1269=VECTOR('',#4478,1.);
#1270=VECTOR('',#4485,0.45);
#1271=VECTOR('',#4492,0.45);
#1272=VECTOR('',#4499,0.45);
#1273=VECTOR('',#4506,0.45);
#1274=VECTOR('',#4519,1.);
#1275=VECTOR('',#4520,1.);
#1276=VECTOR('',#4523,1.);
#1277=VECTOR('',#4526,1.);
#1278=VECTOR('',#4529,1.);
#1279=VERTEX_POINT('',#4536);
#1280=VERTEX_POINT('',#4537);
#1281=VERTEX_POINT('',#4539);
#1282=VERTEX_POINT('',#4541);
#1283=VERTEX_POINT('',#4545);
#1284=VERTEX_POINT('',#4547);
#1285=VERTEX_POINT('',#4549);
#1286=VERTEX_POINT('',#4551);
#1287=VERTEX_POINT('',#4555);
#1288=VERTEX_POINT('',#4557);
#1289=VERTEX_POINT('',#4561);
#1290=VERTEX_POINT('',#4562);
#1291=VERTEX_POINT('',#4564);
#1292=VERTEX_POINT('',#4566);
#1293=VERTEX_POINT('',#4570);
#1294=VERTEX_POINT('',#4571);
#1295=VERTEX_POINT('',#4573);
#1296=VERTEX_POINT('',#4575);
#1297=VERTEX_POINT('',#4577);
#1298=VERTEX_POINT('',#4579);
#1299=VERTEX_POINT('',#4581);
#1300=VERTEX_POINT('',#4583);
#1301=VERTEX_POINT('',#4588);
#1302=VERTEX_POINT('',#4592);
#1303=VERTEX_POINT('',#4594);
#1304=VERTEX_POINT('',#4598);
#1305=VERTEX_POINT('',#4600);
#1306=VERTEX_POINT('',#4604);
#1307=VERTEX_POINT('',#4606);
#1308=VERTEX_POINT('',#4610);
#1309=VERTEX_POINT('',#4612);
#1310=VERTEX_POINT('',#4616);
#1311=VERTEX_POINT('',#4618);
#1312=VERTEX_POINT('',#4623);
#1313=VERTEX_POINT('',#4625);
#1314=VERTEX_POINT('',#4630);
#1315=VERTEX_POINT('',#4632);
#1316=VERTEX_POINT('',#4637);
#1317=VERTEX_POINT('',#4639);
#1318=VERTEX_POINT('',#4644);
#1319=VERTEX_POINT('',#4645);
#1320=VERTEX_POINT('',#4647);
#1321=VERTEX_POINT('',#4649);
#1322=VERTEX_POINT('',#4653);
#1323=VERTEX_POINT('',#4655);
#1324=VERTEX_POINT('',#4657);
#1325=VERTEX_POINT('',#4659);
#1326=VERTEX_POINT('',#4661);
#1327=VERTEX_POINT('',#4663);
#1328=VERTEX_POINT('',#4665);
#1329=VERTEX_POINT('',#4667);
#1330=VERTEX_POINT('',#4669);
#1331=VERTEX_POINT('',#4671);
#1332=VERTEX_POINT('',#4673);
#1333=VERTEX_POINT('',#4675);
#1334=VERTEX_POINT('',#4677);
#1335=VERTEX_POINT('',#4679);
#1336=VERTEX_POINT('',#4681);
#1337=VERTEX_POINT('',#4683);
#1338=VERTEX_POINT('',#4685);
#1339=VERTEX_POINT('',#4687);
#1340=VERTEX_POINT('',#4689);
#1341=VERTEX_POINT('',#4691);
#1342=VERTEX_POINT('',#4694);
#1343=VERTEX_POINT('',#4696);
#1344=VERTEX_POINT('',#4698);
#1345=VERTEX_POINT('',#4700);
#1346=VERTEX_POINT('',#4702);
#1347=VERTEX_POINT('',#4704);
#1348=VERTEX_POINT('',#4707);
#1349=VERTEX_POINT('',#4709);
#1350=VERTEX_POINT('',#4711);
#1351=VERTEX_POINT('',#4713);
#1352=VERTEX_POINT('',#4716);
#1353=VERTEX_POINT('',#4720);
#1354=VERTEX_POINT('',#4724);
#1355=VERTEX_POINT('',#4726);
#1356=VERTEX_POINT('',#4730);
#1357=VERTEX_POINT('',#4731);
#1358=VERTEX_POINT('',#4733);
#1359=VERTEX_POINT('',#4735);
#1360=VERTEX_POINT('',#4737);
#1361=VERTEX_POINT('',#4739);
#1362=VERTEX_POINT('',#4744);
#1363=VERTEX_POINT('',#4748);
#1364=VERTEX_POINT('',#4750);
#1365=VERTEX_POINT('',#4754);
#1366=VERTEX_POINT('',#4755);
#1367=VERTEX_POINT('',#4758);
#1368=VERTEX_POINT('',#4760);
#1369=VERTEX_POINT('',#4765);
#1370=VERTEX_POINT('',#4769);
#1371=VERTEX_POINT('',#4771);
#1372=VERTEX_POINT('',#4777);
#1373=VERTEX_POINT('',#4779);
#1374=VERTEX_POINT('',#4781);
#1375=VERTEX_POINT('',#4785);
#1376=VERTEX_POINT('',#4787);
#1377=VERTEX_POINT('',#4791);
#1378=VERTEX_POINT('',#4793);
#1379=VERTEX_POINT('',#4797);
#1380=VERTEX_POINT('',#4799);
#1381=VERTEX_POINT('',#4803);
#1382=VERTEX_POINT('',#4810);
#1383=VERTEX_POINT('',#4812);
#1384=VERTEX_POINT('',#4821);
#1385=VERTEX_POINT('',#4823);
#1386=VERTEX_POINT('',#4825);
#1387=VERTEX_POINT('',#4827);
#1388=VERTEX_POINT('',#4833);
#1389=VERTEX_POINT('',#4834);
#1390=VERTEX_POINT('',#4836);
#1391=VERTEX_POINT('',#4838);
#1392=VERTEX_POINT('',#4842);
#1393=VERTEX_POINT('',#4844);
#1394=VERTEX_POINT('',#4853);
#1395=VERTEX_POINT('',#4855);
#1396=VERTEX_POINT('',#4859);
#1397=VERTEX_POINT('',#4863);
#1398=VERTEX_POINT('',#4867);
#1399=VERTEX_POINT('',#4869);
#1400=VERTEX_POINT('',#4871);
#1401=VERTEX_POINT('',#4875);
#1402=VERTEX_POINT('',#4877);
#1403=VERTEX_POINT('',#4881);
#1404=VERTEX_POINT('',#4885);
#1405=VERTEX_POINT('',#4887);
#1406=VERTEX_POINT('',#4891);
#1407=VERTEX_POINT('',#4892);
#1408=VERTEX_POINT('',#4896);
#1409=VERTEX_POINT('',#4898);
#1410=VERTEX_POINT('',#4900);
#1411=VERTEX_POINT('',#4902);
#1412=VERTEX_POINT('',#4904);
#1413=VERTEX_POINT('',#4906);
#1414=VERTEX_POINT('',#4910);
#1415=VERTEX_POINT('',#4916);
#1416=VERTEX_POINT('',#4921);
#1417=VERTEX_POINT('',#4925);
#1418=VERTEX_POINT('',#4929);
#1419=VERTEX_POINT('',#4931);
#1420=VERTEX_POINT('',#4933);
#1421=VERTEX_POINT('',#4935);
#1422=VERTEX_POINT('',#4937);
#1423=VERTEX_POINT('',#4940);
#1424=VERTEX_POINT('',#4942);
#1425=VERTEX_POINT('',#4944);
#1426=VERTEX_POINT('',#4947);
#1427=VERTEX_POINT('',#4949);
#1428=VERTEX_POINT('',#4951);
#1429=VERTEX_POINT('',#4955);
#1430=VERTEX_POINT('',#4957);
#1431=VERTEX_POINT('',#4959);
#1432=VERTEX_POINT('',#4961);
#1433=VERTEX_POINT('',#4964);
#1434=VERTEX_POINT('',#4965);
#1435=VERTEX_POINT('',#4967);
#1436=VERTEX_POINT('',#4969);
#1437=VERTEX_POINT('',#4974);
#1438=VERTEX_POINT('',#4976);
#1439=VERTEX_POINT('',#4980);
#1440=VERTEX_POINT('',#4983);
#1441=VERTEX_POINT('',#4990);
#1442=VERTEX_POINT('',#4992);
#1443=VERTEX_POINT('',#4994);
#1444=VERTEX_POINT('',#4996);
#1445=VERTEX_POINT('',#4998);
#1446=VERTEX_POINT('',#5000);
#1447=VERTEX_POINT('',#5002);
#1448=VERTEX_POINT('',#5004);
#1449=VERTEX_POINT('',#5008);
#1450=VERTEX_POINT('',#5010);
#1451=VERTEX_POINT('',#5012);
#1452=VERTEX_POINT('',#5014);
#1453=VERTEX_POINT('',#5016);
#1454=VERTEX_POINT('',#5018);
#1455=VERTEX_POINT('',#5020);
#1456=VERTEX_POINT('',#5022);
#1457=VERTEX_POINT('',#5024);
#1458=VERTEX_POINT('',#5026);
#1459=VERTEX_POINT('',#5028);
#1460=VERTEX_POINT('',#5030);
#1461=VERTEX_POINT('',#5032);
#1462=VERTEX_POINT('',#5034);
#1463=VERTEX_POINT('',#5040);
#1464=VERTEX_POINT('',#5041);
#1465=VERTEX_POINT('',#5043);
#1466=VERTEX_POINT('',#5045);
#1467=VERTEX_POINT('',#5047);
#1468=VERTEX_POINT('',#5049);
#1469=VERTEX_POINT('',#5051);
#1470=VERTEX_POINT('',#5053);
#1471=VERTEX_POINT('',#5057);
#1472=VERTEX_POINT('',#5059);
#1473=VERTEX_POINT('',#5063);
#1474=VERTEX_POINT('',#5068);
#1475=VERTEX_POINT('',#5075);
#1476=VERTEX_POINT('',#5076);
#1477=VERTEX_POINT('',#5080);
#1478=VERTEX_POINT('',#5081);
#1479=VERTEX_POINT('',#5083);
#1480=VERTEX_POINT('',#5085);
#1481=VERTEX_POINT('',#5087);
#1482=VERTEX_POINT('',#5096);
#1483=VERTEX_POINT('',#5098);
#1484=VERTEX_POINT('',#5102);
#1485=VERTEX_POINT('',#5103);
#1486=VERTEX_POINT('',#5107);
#1487=VERTEX_POINT('',#5108);
#1488=VERTEX_POINT('',#5110);
#1489=VERTEX_POINT('',#5112);
#1490=VERTEX_POINT('',#5119);
#1491=VERTEX_POINT('',#5123);
#1492=VERTEX_POINT('',#5125);
#1493=VERTEX_POINT('',#5130);
#1494=VERTEX_POINT('',#5132);
#1495=VERTEX_POINT('',#5134);
#1496=VERTEX_POINT('',#5138);
#1497=VERTEX_POINT('',#5140);
#1498=VERTEX_POINT('',#5142);
#1499=VERTEX_POINT('',#5144);
#1500=VERTEX_POINT('',#5146);
#1501=VERTEX_POINT('',#5148);
#1502=VERTEX_POINT('',#5151);
#1503=VERTEX_POINT('',#5153);
#1504=VERTEX_POINT('',#5155);
#1505=VERTEX_POINT('',#5157);
#1506=VERTEX_POINT('',#5159);
#1507=VERTEX_POINT('',#5161);
#1508=VERTEX_POINT('',#5167);
#1509=VERTEX_POINT('',#5171);
#1510=VERTEX_POINT('',#5173);
#1511=VERTEX_POINT('',#5177);
#1512=VERTEX_POINT('',#5178);
#1513=VERTEX_POINT('',#5180);
#1514=VERTEX_POINT('',#5182);
#1515=VERTEX_POINT('',#5184);
#1516=VERTEX_POINT('',#5187);
#1517=VERTEX_POINT('',#5189);
#1518=VERTEX_POINT('',#5192);
#1519=VERTEX_POINT('',#5202);
#1520=VERTEX_POINT('',#5204);
#1521=VERTEX_POINT('',#5208);
#1522=VERTEX_POINT('',#5212);
#1523=VERTEX_POINT('',#5216);
#1524=VERTEX_POINT('',#5225);
#1525=VERTEX_POINT('',#5226);
#1526=VERTEX_POINT('',#5228);
#1527=VERTEX_POINT('',#5230);
#1528=VERTEX_POINT('',#5232);
#1529=VERTEX_POINT('',#5234);
#1530=VERTEX_POINT('',#5236);
#1531=VERTEX_POINT('',#5239);
#1532=VERTEX_POINT('',#5241);
#1533=VERTEX_POINT('',#5243);
#1534=VERTEX_POINT('',#5245);
#1535=VERTEX_POINT('',#5247);
#1536=VERTEX_POINT('',#5249);
#1537=VERTEX_POINT('',#5251);
#1538=VERTEX_POINT('',#5266);
#1539=VERTEX_POINT('',#5268);
#1540=VERTEX_POINT('',#5272);
#1541=VERTEX_POINT('',#5276);
#1542=VERTEX_POINT('',#5280);
#1543=VERTEX_POINT('',#5284);
#1544=VERTEX_POINT('',#5288);
#1545=VERTEX_POINT('',#5289);
#1546=VERTEX_POINT('',#5291);
#1547=VERTEX_POINT('',#5293);
#1548=VERTEX_POINT('',#5297);
#1549=VERTEX_POINT('',#5299);
#1550=VERTEX_POINT('',#5303);
#1551=VERTEX_POINT('',#5305);
#1552=VERTEX_POINT('',#5309);
#1553=VERTEX_POINT('',#5311);
#1554=VERTEX_POINT('',#5315);
#1555=VERTEX_POINT('',#5317);
#1556=VERTEX_POINT('',#5321);
#1557=VERTEX_POINT('',#5323);
#1558=VERTEX_POINT('',#5327);
#1559=VERTEX_POINT('',#5329);
#1560=VERTEX_POINT('',#5336);
#1561=VERTEX_POINT('',#5338);
#1562=VERTEX_POINT('',#5340);
#1563=VERTEX_POINT('',#5351);
#1564=VERTEX_POINT('',#5355);
#1565=VERTEX_POINT('',#5361);
#1566=VERTEX_POINT('',#5363);
#1567=VERTEX_POINT('',#5367);
#1568=VERTEX_POINT('',#5371);
#1569=VERTEX_POINT('',#5375);
#1570=VERTEX_POINT('',#5379);
#1571=VERTEX_POINT('',#5383);
#1572=VERTEX_POINT('',#5387);
#1573=VERTEX_POINT('',#5393);
#1574=VERTEX_POINT('',#5398);
#1575=VERTEX_POINT('',#5403);
#1576=VERTEX_POINT('',#5408);
#1577=VERTEX_POINT('',#5413);
#1578=VERTEX_POINT('',#5415);
#1579=VERTEX_POINT('',#5420);
#1580=VERTEX_POINT('',#5422);
#1581=VERTEX_POINT('',#5427);
#1582=VERTEX_POINT('',#5429);
#1583=VERTEX_POINT('',#5434);
#1584=VERTEX_POINT('',#5436);
#1585=VERTEX_POINT('',#5460);
#1586=VERTEX_POINT('',#5465);
#1587=VERTEX_POINT('',#5470);
#1588=VERTEX_POINT('',#5475);
#1589=EDGE_CURVE('',#1279,#1280,#615,.T.);
#1590=EDGE_CURVE('',#1281,#1279,#616,.T.);
#1591=EDGE_CURVE('',#1282,#1281,#617,.T.);
#1592=EDGE_CURVE('',#1282,#1280,#618,.T.);
#1593=EDGE_CURVE('',#1283,#1281,#619,.T.);
#1594=EDGE_CURVE('',#1284,#1279,#620,.T.);
#1595=EDGE_CURVE('',#1285,#1284,#621,.T.);
#1596=EDGE_CURVE('',#1286,#1285,#622,.T.);
#1597=EDGE_CURVE('',#1286,#1283,#623,.T.);
#1598=EDGE_CURVE('',#1280,#1287,#624,.T.);
#1599=EDGE_CURVE('',#1288,#1287,#625,.T.);
#1600=EDGE_CURVE('',#1284,#1288,#108,.T.);
#1601=EDGE_CURVE('',#1289,#1290,#626,.T.);
#1602=EDGE_CURVE('',#1291,#1289,#627,.T.);
#1603=EDGE_CURVE('',#1292,#1291,#628,.T.);
#1604=EDGE_CURVE('',#1290,#1292,#629,.T.);
#1605=EDGE_CURVE('',#1293,#1294,#630,.T.);
#1606=EDGE_CURVE('',#1294,#1295,#631,.T.);
#1607=EDGE_CURVE('',#1295,#1296,#632,.T.);
#1608=EDGE_CURVE('',#1297,#1296,#633,.T.);
#1609=EDGE_CURVE('',#1298,#1297,#634,.T.);
#1610=EDGE_CURVE('',#1298,#1299,#635,.T.);
#1611=EDGE_CURVE('',#1300,#1299,#636,.T.);
#1612=EDGE_CURVE('',#1300,#1293,#637,.T.);
#1613=EDGE_CURVE('',#1294,#1291,#638,.T.);
#1614=EDGE_CURVE('',#1301,#1291,#639,.T.);
#1615=EDGE_CURVE('',#1295,#1301,#640,.T.);
#1616=EDGE_CURVE('',#1302,#1302,#109,.T.);
#1617=EDGE_CURVE('',#1302,#1303,#641,.T.);
#1618=EDGE_CURVE('',#1303,#1303,#110,.T.);
#1619=EDGE_CURVE('',#1304,#1304,#111,.T.);
#1620=EDGE_CURVE('',#1304,#1305,#642,.T.);
#1621=EDGE_CURVE('',#1305,#1305,#112,.T.);
#1622=EDGE_CURVE('',#1306,#1306,#113,.T.);
#1623=EDGE_CURVE('',#1306,#1307,#643,.T.);
#1624=EDGE_CURVE('',#1307,#1307,#114,.T.);
#1625=EDGE_CURVE('',#1308,#1308,#115,.T.);
#1626=EDGE_CURVE('',#1308,#1309,#644,.T.);
#1627=EDGE_CURVE('',#1309,#1309,#116,.T.);
#1628=EDGE_CURVE('',#1310,#1310,#117,.T.);
#1629=EDGE_CURVE('',#1310,#1311,#645,.T.);
#1630=EDGE_CURVE('',#1311,#1311,#118,.T.);
#1631=EDGE_CURVE('',#1312,#1312,#119,.T.);
#1632=EDGE_CURVE('',#1312,#1313,#646,.T.);
#1633=EDGE_CURVE('',#1313,#1313,#120,.T.);
#1634=EDGE_CURVE('',#1314,#1314,#121,.T.);
#1635=EDGE_CURVE('',#1314,#1315,#647,.T.);
#1636=EDGE_CURVE('',#1315,#1315,#122,.T.);
#1637=EDGE_CURVE('',#1316,#1316,#123,.T.);
#1638=EDGE_CURVE('',#1316,#1317,#648,.T.);
#1639=EDGE_CURVE('',#1317,#1317,#124,.T.);
#1640=EDGE_CURVE('',#1318,#1319,#649,.T.);
#1641=EDGE_CURVE('',#1320,#1318,#650,.T.);
#1642=EDGE_CURVE('',#1321,#1320,#651,.T.);
#1643=EDGE_CURVE('',#1319,#1321,#652,.T.);
#1644=EDGE_CURVE('',#1321,#1322,#125,.T.);
#1645=EDGE_CURVE('',#1323,#1322,#653,.T.);
#1646=EDGE_CURVE('',#1324,#1323,#126,.T.);
#1647=EDGE_CURVE('',#1325,#1324,#654,.T.);
#1648=EDGE_CURVE('',#1326,#1325,#655,.T.);
#1649=EDGE_CURVE('',#1327,#1326,#656,.T.);
#1650=EDGE_CURVE('',#1328,#1327,#657,.T.);
#1651=EDGE_CURVE('',#1329,#1328,#658,.T.);
#1652=EDGE_CURVE('',#1330,#1329,#659,.T.);
#1653=EDGE_CURVE('',#1331,#1330,#660,.T.);
#1654=EDGE_CURVE('',#1332,#1331,#661,.T.);
#1655=EDGE_CURVE('',#1333,#1332,#662,.T.);
#1656=EDGE_CURVE('',#1334,#1333,#127,.T.);
#1657=EDGE_CURVE('',#1335,#1334,#663,.T.);
#1658=EDGE_CURVE('',#1335,#1336,#128,.T.);
#1659=EDGE_CURVE('',#1336,#1337,#664,.T.);
#1660=EDGE_CURVE('',#1338,#1337,#129,.T.);
#1661=EDGE_CURVE('',#1339,#1338,#665,.T.);
#1662=EDGE_CURVE('',#1340,#1339,#130,.T.);
#1663=EDGE_CURVE('',#1340,#1341,#666,.T.);
#1664=EDGE_CURVE('',#1341,#1300,#131,.T.);
#1665=EDGE_CURVE('',#1299,#1342,#667,.T.);
#1666=EDGE_CURVE('',#1342,#1343,#668,.T.);
#1667=EDGE_CURVE('',#1343,#1344,#132,.T.);
#1668=EDGE_CURVE('',#1344,#1345,#669,.T.);
#1669=EDGE_CURVE('',#1346,#1345,#133,.T.);
#1670=EDGE_CURVE('',#1347,#1346,#670,.T.);
#1671=EDGE_CURVE('',#1319,#1347,#134,.T.);
#1672=EDGE_CURVE('',#1348,#1348,#135,.T.);
#1673=EDGE_CURVE('',#1349,#1349,#136,.T.);
#1674=EDGE_CURVE('',#1350,#1350,#137,.T.);
#1675=EDGE_CURVE('',#1351,#1351,#138,.T.);
#1676=EDGE_CURVE('',#1352,#1320,#139,.T.);
#1677=EDGE_CURVE('',#1322,#1352,#671,.T.);
#1678=EDGE_CURVE('',#1353,#1318,#140,.T.);
#1679=EDGE_CURVE('',#1352,#1353,#672,.T.);
#1680=EDGE_CURVE('',#1345,#1354,#673,.T.);
#1681=EDGE_CURVE('',#1355,#1344,#674,.T.);
#1682=EDGE_CURVE('',#1354,#1355,#675,.T.);
#1683=EDGE_CURVE('',#1356,#1357,#676,.T.);
#1684=EDGE_CURVE('',#1357,#1358,#677,.T.);
#1685=EDGE_CURVE('',#1358,#1359,#678,.T.);
#1686=EDGE_CURVE('',#1359,#1360,#679,.T.);
#1687=EDGE_CURVE('',#1360,#1361,#680,.T.);
#1688=EDGE_CURVE('',#1356,#1361,#681,.T.);
#1689=EDGE_CURVE('',#1354,#1356,#141,.T.);
#1690=EDGE_CURVE('',#1361,#1362,#142,.T.);
#1691=EDGE_CURVE('',#1362,#1346,#682,.T.);
#1692=EDGE_CURVE('',#1337,#1363,#683,.T.);
#1693=EDGE_CURVE('',#1364,#1336,#684,.T.);
#1694=EDGE_CURVE('',#1363,#1364,#685,.T.);
#1695=EDGE_CURVE('',#1365,#1366,#686,.T.);
#1696=EDGE_CURVE('',#1366,#1335,#687,.T.);
#1697=EDGE_CURVE('',#1334,#1367,#688,.T.);
#1698=EDGE_CURVE('',#1367,#1368,#689,.T.);
#1699=EDGE_CURVE('',#1365,#1368,#690,.T.);
#1700=EDGE_CURVE('',#1363,#1365,#143,.T.);
#1701=EDGE_CURVE('',#1368,#1369,#144,.T.);
#1702=EDGE_CURVE('',#1369,#1338,#691,.T.);
#1703=EDGE_CURVE('',#1370,#1340,#692,.T.);
#1704=EDGE_CURVE('',#1371,#1370,#693,.T.);
#1705=EDGE_CURVE('',#1341,#1371,#694,.T.);
#1706=EDGE_CURVE('',#1293,#1371,#145,.T.);
#1707=EDGE_CURVE('',#1372,#1370,#146,.T.);
#1708=EDGE_CURVE('',#1373,#1372,#695,.T.);
#1709=EDGE_CURVE('',#1373,#1374,#147,.T.);
#1710=EDGE_CURVE('',#1292,#1374,#696,.T.);
#1711=EDGE_CURVE('',#1347,#1375,#697,.T.);
#1712=EDGE_CURVE('',#1375,#1376,#148,.T.);
#1713=EDGE_CURVE('',#1376,#1353,#698,.T.);
#1714=EDGE_CURVE('',#1377,#1373,#699,.T.);
#1715=EDGE_CURVE('',#1378,#1377,#149,.T.);
#1716=EDGE_CURVE('',#1374,#1378,#700,.T.);
#1717=EDGE_CURVE('',#1379,#1378,#701,.T.);
#1718=EDGE_CURVE('',#1380,#1379,#702,.T.);
#1719=EDGE_CURVE('',#1290,#1380,#703,.T.);
#1720=EDGE_CURVE('',#1381,#1377,#704,.T.);
#1721=EDGE_CURVE('',#1379,#1381,#150,.T.);
#1722=EDGE_CURVE('',#1364,#1366,#151,.T.);
#1723=EDGE_CURVE('',#1355,#1382,#152,.T.);
#1724=EDGE_CURVE('',#1383,#1382,#705,.T.);
#1725=EDGE_CURVE('',#1282,#1383,#706,.T.);
#1726=EDGE_CURVE('',#1283,#1357,#153,.T.);
#1727=EDGE_CURVE('',#1358,#1286,#154,.T.);
#1728=EDGE_CURVE('',#1382,#1343,#707,.T.);
#1729=EDGE_CURVE('',#1384,#1342,#708,.T.);
#1730=EDGE_CURVE('',#1385,#1384,#709,.T.);
#1731=EDGE_CURVE('',#1386,#1385,#710,.T.);
#1732=EDGE_CURVE('',#1386,#1387,#711,.T.);
#1733=EDGE_CURVE('',#1387,#1383,#712,.T.);
#1734=EDGE_CURVE('',#1359,#1285,#155,.T.);
#1735=EDGE_CURVE('',#1388,#1389,#713,.T.);
#1736=EDGE_CURVE('',#1390,#1388,#714,.T.);
#1737=EDGE_CURVE('',#1391,#1390,#715,.T.);
#1738=EDGE_CURVE('',#1389,#1391,#716,.T.);
#1739=EDGE_CURVE('',#1392,#1282,#717,.T.);
#1740=EDGE_CURVE('',#1393,#1392,#718,.T.);
#1741=EDGE_CURVE('',#1390,#1393,#719,.T.);
#1742=EDGE_CURVE('',#1287,#1388,#720,.T.);
#1743=EDGE_CURVE('',#1392,#1387,#721,.T.);
#1744=EDGE_CURVE('',#1393,#1386,#722,.T.);
#1745=EDGE_CURVE('',#1389,#1394,#723,.T.);
#1746=EDGE_CURVE('',#1394,#1395,#724,.T.);
#1747=EDGE_CURVE('',#1288,#1395,#725,.T.);
#1748=EDGE_CURVE('',#1396,#1391,#726,.T.);
#1749=EDGE_CURVE('',#1394,#1396,#727,.T.);
#1750=EDGE_CURVE('',#1301,#1397,#728,.T.);
#1751=EDGE_CURVE('',#1296,#1397,#729,.T.);
#1752=EDGE_CURVE('',#1398,#1289,#730,.T.);
#1753=EDGE_CURVE('',#1399,#1398,#731,.T.);
#1754=EDGE_CURVE('',#1399,#1400,#732,.T.);
#1755=EDGE_CURVE('',#1397,#1400,#733,.T.);
#1756=EDGE_CURVE('',#1401,#1399,#734,.T.);
#1757=EDGE_CURVE('',#1402,#1401,#735,.T.);
#1758=EDGE_CURVE('',#1400,#1402,#736,.T.);
#1759=EDGE_CURVE('',#1403,#1380,#156,.T.);
#1760=EDGE_CURVE('',#1398,#1403,#737,.T.);
#1761=EDGE_CURVE('',#1404,#1401,#738,.T.);
#1762=EDGE_CURVE('',#1405,#1404,#739,.T.);
#1763=EDGE_CURVE('',#1402,#1405,#740,.T.);
#1764=EDGE_CURVE('',#1406,#1407,#157,.T.);
#1765=EDGE_CURVE('',#1406,#1385,#741,.T.);
#1766=EDGE_CURVE('',#1384,#1298,#742,.T.);
#1767=EDGE_CURVE('',#1297,#1408,#743,.T.);
#1768=EDGE_CURVE('',#1408,#1409,#158,.T.);
#1769=EDGE_CURVE('',#1409,#1410,#744,.T.);
#1770=EDGE_CURVE('',#1410,#1411,#159,.T.);
#1771=EDGE_CURVE('',#1411,#1412,#745,.T.);
#1772=EDGE_CURVE('',#1412,#1413,#160,.T.);
#1773=EDGE_CURVE('',#1413,#1407,#746,.T.);
#1774=EDGE_CURVE('',#1405,#1414,#747,.T.);
#1775=EDGE_CURVE('',#1408,#1414,#748,.T.);
#1776=EDGE_CURVE('',#1395,#1360,#161,.T.);
#1777=EDGE_CURVE('',#1414,#1415,#162,.T.);
#1778=EDGE_CURVE('',#1409,#1415,#749,.T.);
#1779=EDGE_CURVE('',#1403,#1416,#750,.T.);
#1780=EDGE_CURVE('',#1416,#1404,#751,.T.);
#1781=EDGE_CURVE('',#1406,#1417,#752,.T.);
#1782=EDGE_CURVE('',#1417,#1396,#753,.T.);
#1783=EDGE_CURVE('',#1418,#1417,#163,.T.);
#1784=EDGE_CURVE('',#1419,#1418,#754,.T.);
#1785=EDGE_CURVE('',#1420,#1419,#164,.T.);
#1786=EDGE_CURVE('',#1421,#1420,#755,.T.);
#1787=EDGE_CURVE('',#1422,#1421,#165,.T.);
#1788=EDGE_CURVE('',#1415,#1422,#756,.T.);
#1789=EDGE_CURVE('',#1423,#1416,#166,.T.);
#1790=EDGE_CURVE('',#1424,#1423,#757,.T.);
#1791=EDGE_CURVE('',#1425,#1424,#167,.T.);
#1792=EDGE_CURVE('',#1369,#1425,#758,.T.);
#1793=EDGE_CURVE('',#1426,#1367,#168,.T.);
#1794=EDGE_CURVE('',#1427,#1426,#759,.T.);
#1795=EDGE_CURVE('',#1428,#1427,#169,.T.);
#1796=EDGE_CURVE('',#1376,#1428,#760,.T.);
#1797=EDGE_CURVE('',#1362,#1375,#761,.T.);
#1798=EDGE_CURVE('',#1429,#1429,#170,.T.);
#1799=EDGE_CURVE('',#1430,#1430,#171,.T.);
#1800=EDGE_CURVE('',#1431,#1431,#172,.T.);
#1801=EDGE_CURVE('',#1432,#1432,#173,.T.);
#1802=EDGE_CURVE('',#1433,#1434,#762,.T.);
#1803=EDGE_CURVE('',#1434,#1435,#763,.T.);
#1804=EDGE_CURVE('',#1435,#1436,#764,.T.);
#1805=EDGE_CURVE('',#1330,#1436,#765,.T.);
#1806=EDGE_CURVE('',#1329,#1433,#766,.T.);
#1807=EDGE_CURVE('',#1434,#1437,#767,.T.);
#1808=EDGE_CURVE('',#1437,#1438,#768,.T.);
#1809=EDGE_CURVE('',#1438,#1435,#769,.T.);
#1810=EDGE_CURVE('',#1437,#1439,#770,.T.);
#1811=EDGE_CURVE('',#1439,#1332,#771,.T.);
#1812=EDGE_CURVE('',#1331,#1440,#772,.T.);
#1813=EDGE_CURVE('',#1440,#1438,#773,.T.);
#1814=EDGE_CURVE('',#1436,#1440,#774,.T.);
#1815=EDGE_CURVE('',#1433,#1441,#775,.T.);
#1816=EDGE_CURVE('',#1442,#1441,#776,.T.);
#1817=EDGE_CURVE('',#1443,#1442,#777,.T.);
#1818=EDGE_CURVE('',#1444,#1443,#778,.T.);
#1819=EDGE_CURVE('',#1444,#1445,#779,.T.);
#1820=EDGE_CURVE('',#1446,#1445,#780,.T.);
#1821=EDGE_CURVE('',#1447,#1446,#781,.T.);
#1822=EDGE_CURVE('',#1448,#1447,#782,.T.);
#1823=EDGE_CURVE('',#1448,#1439,#783,.T.);
#1824=EDGE_CURVE('',#1449,#1448,#784,.T.);
#1825=EDGE_CURVE('',#1450,#1449,#785,.T.);
#1826=EDGE_CURVE('',#1451,#1450,#786,.T.);
#1827=EDGE_CURVE('',#1452,#1451,#174,.T.);
#1828=EDGE_CURVE('',#1453,#1452,#787,.T.);
#1829=EDGE_CURVE('',#1454,#1453,#175,.T.);
#1830=EDGE_CURVE('',#1455,#1454,#788,.T.);
#1831=EDGE_CURVE('',#1456,#1455,#789,.T.);
#1832=EDGE_CURVE('',#1457,#1456,#790,.T.);
#1833=EDGE_CURVE('',#1458,#1457,#176,.T.);
#1834=EDGE_CURVE('',#1459,#1458,#791,.T.);
#1835=EDGE_CURVE('',#1460,#1459,#177,.T.);
#1836=EDGE_CURVE('',#1461,#1460,#792,.T.);
#1837=EDGE_CURVE('',#1462,#1461,#793,.T.);
#1838=EDGE_CURVE('',#1445,#1462,#794,.T.);
#1839=EDGE_CURVE('',#1325,#1444,#795,.T.);
#1840=EDGE_CURVE('',#1324,#1427,#796,.T.);
#1841=EDGE_CURVE('',#1333,#1426,#797,.T.);
#1842=EDGE_CURVE('',#1463,#1464,#798,.T.);
#1843=EDGE_CURVE('',#1465,#1463,#178,.T.);
#1844=EDGE_CURVE('',#1466,#1465,#799,.T.);
#1845=EDGE_CURVE('',#1467,#1466,#179,.T.);
#1846=EDGE_CURVE('',#1468,#1467,#800,.T.);
#1847=EDGE_CURVE('',#1469,#1468,#180,.T.);
#1848=EDGE_CURVE('',#1470,#1469,#801,.T.);
#1849=EDGE_CURVE('',#1464,#1470,#181,.T.);
#1850=EDGE_CURVE('',#1443,#1471,#802,.T.);
#1851=EDGE_CURVE('',#1471,#1472,#803,.T.);
#1852=EDGE_CURVE('',#1326,#1472,#804,.T.);
#1853=EDGE_CURVE('',#1442,#1473,#805,.T.);
#1854=EDGE_CURVE('',#1473,#1471,#806,.T.);
#1855=EDGE_CURVE('',#1441,#1328,#807,.T.);
#1856=EDGE_CURVE('',#1327,#1474,#808,.T.);
#1857=EDGE_CURVE('',#1474,#1473,#809,.T.);
#1858=EDGE_CURVE('',#1472,#1474,#810,.T.);
#1859=EDGE_CURVE('',#1475,#1476,#811,.T.);
#1860=EDGE_CURVE('',#1476,#1475,#182,.T.);
#1861=EDGE_CURVE('',#1477,#1478,#183,.T.);
#1862=EDGE_CURVE('',#1478,#1479,#812,.T.);
#1863=EDGE_CURVE('',#1479,#1480,#184,.T.);
#1864=EDGE_CURVE('',#1480,#1481,#15,.T.);
#1865=EDGE_CURVE('',#1481,#1477,#813,.T.);
#1866=EDGE_CURVE('',#1482,#1475,#814,.T.);
#1867=EDGE_CURVE('',#1476,#1483,#815,.T.);
#1868=EDGE_CURVE('',#1483,#1482,#185,.T.);
#1869=EDGE_CURVE('',#1484,#1485,#816,.T.);
#1870=EDGE_CURVE('',#1485,#1484,#186,.T.);
#1871=EDGE_CURVE('',#1486,#1487,#187,.T.);
#1872=EDGE_CURVE('',#1487,#1488,#817,.T.);
#1873=EDGE_CURVE('',#1488,#1489,#16,.T.);
#1874=EDGE_CURVE('',#1489,#1490,#188,.T.);
#1875=EDGE_CURVE('',#1490,#1486,#818,.T.);
#1876=EDGE_CURVE('',#1491,#1484,#819,.T.);
#1877=EDGE_CURVE('',#1485,#1492,#820,.T.);
#1878=EDGE_CURVE('',#1492,#1491,#189,.T.);
#1879=EDGE_CURVE('',#1480,#1469,#821,.T.);
#1880=EDGE_CURVE('',#1493,#1468,#822,.T.);
#1881=EDGE_CURVE('',#1494,#1493,#190,.T.);
#1882=EDGE_CURVE('',#1495,#1494,#823,.T.);
#1883=EDGE_CURVE('',#1481,#1495,#191,.T.);
#1884=EDGE_CURVE('',#1496,#1482,#824,.T.);
#1885=EDGE_CURVE('',#1497,#1496,#825,.T.);
#1886=EDGE_CURVE('',#1497,#1498,#192,.T.);
#1887=EDGE_CURVE('',#1499,#1498,#826,.T.);
#1888=EDGE_CURVE('',#1499,#1500,#193,.T.);
#1889=EDGE_CURVE('',#1501,#1500,#827,.T.);
#1890=EDGE_CURVE('',#1492,#1501,#828,.T.);
#1891=EDGE_CURVE('',#1502,#1491,#829,.T.);
#1892=EDGE_CURVE('',#1503,#1502,#830,.T.);
#1893=EDGE_CURVE('',#1504,#1503,#194,.T.);
#1894=EDGE_CURVE('',#1505,#1504,#831,.T.);
#1895=EDGE_CURVE('',#1506,#1505,#195,.T.);
#1896=EDGE_CURVE('',#1507,#1506,#832,.T.);
#1897=EDGE_CURVE('',#1483,#1507,#833,.T.);
#1898=EDGE_CURVE('',#1477,#1495,#834,.T.);
#1899=EDGE_CURVE('',#1508,#1487,#835,.T.);
#1900=EDGE_CURVE('',#1508,#1488,#196,.T.);
#1901=EDGE_CURVE('',#1501,#1509,#836,.T.);
#1902=EDGE_CURVE('',#1509,#1510,#837,.T.);
#1903=EDGE_CURVE('',#1510,#1502,#838,.T.);
#1904=EDGE_CURVE('',#1511,#1512,#839,.T.);
#1905=EDGE_CURVE('',#1512,#1513,#197,.T.);
#1906=EDGE_CURVE('',#1513,#1514,#840,.T.);
#1907=EDGE_CURVE('',#1514,#1515,#198,.T.);
#1908=EDGE_CURVE('',#1515,#1510,#841,.T.);
#1909=EDGE_CURVE('',#1509,#1516,#842,.T.);
#1910=EDGE_CURVE('',#1516,#1517,#199,.T.);
#1911=EDGE_CURVE('',#1517,#1494,#843,.T.);
#1912=EDGE_CURVE('',#1493,#1518,#844,.T.);
#1913=EDGE_CURVE('',#1511,#1518,#845,.T.);
#1914=EDGE_CURVE('',#1507,#1511,#846,.T.);
#1915=EDGE_CURVE('',#1518,#1496,#847,.T.);
#1916=EDGE_CURVE('',#1517,#1508,#848,.T.);
#1917=EDGE_CURVE('',#1486,#1478,#849,.T.);
#1918=EDGE_CURVE('',#1512,#1519,#850,.T.);
#1919=EDGE_CURVE('',#1520,#1519,#200,.T.);
#1920=EDGE_CURVE('',#1513,#1520,#851,.T.);
#1921=EDGE_CURVE('',#1521,#1520,#852,.T.);
#1922=EDGE_CURVE('',#1514,#1521,#853,.T.);
#1923=EDGE_CURVE('',#1522,#1521,#201,.T.);
#1924=EDGE_CURVE('',#1515,#1522,#854,.T.);
#1925=EDGE_CURVE('',#1523,#1522,#855,.T.);
#1926=EDGE_CURVE('',#1503,#1523,#856,.T.);
#1927=EDGE_CURVE('',#1479,#1490,#857,.T.);
#1928=EDGE_CURVE('',#1500,#1463,#858,.T.);
#1929=EDGE_CURVE('',#1516,#1464,#859,.T.);
#1930=EDGE_CURVE('',#1524,#1525,#860,.T.);
#1931=EDGE_CURVE('',#1525,#1526,#202,.T.);
#1932=EDGE_CURVE('',#1526,#1527,#861,.T.);
#1933=EDGE_CURVE('',#1527,#1528,#203,.T.);
#1934=EDGE_CURVE('',#1528,#1529,#862,.T.);
#1935=EDGE_CURVE('',#1530,#1529,#863,.T.);
#1936=EDGE_CURVE('',#1447,#1530,#864,.T.);
#1937=EDGE_CURVE('',#1446,#1531,#865,.T.);
#1938=EDGE_CURVE('',#1532,#1531,#866,.T.);
#1939=EDGE_CURVE('',#1532,#1533,#867,.T.);
#1940=EDGE_CURVE('',#1533,#1534,#204,.T.);
#1941=EDGE_CURVE('',#1534,#1535,#868,.T.);
#1942=EDGE_CURVE('',#1535,#1536,#205,.T.);
#1943=EDGE_CURVE('',#1536,#1537,#869,.T.);
#1944=EDGE_CURVE('',#1524,#1537,#870,.T.);
#1945=EDGE_CURVE('',#1529,#1450,#871,.T.);
#1946=EDGE_CURVE('',#1449,#1530,#872,.T.);
#1947=EDGE_CURVE('',#1461,#1532,#873,.T.);
#1948=EDGE_CURVE('',#1531,#1462,#874,.T.);
#1949=EDGE_CURVE('',#1455,#1524,#875,.T.);
#1950=EDGE_CURVE('',#1537,#1456,#876,.T.);
#1951=EDGE_CURVE('',#1454,#1538,#877,.T.);
#1952=EDGE_CURVE('',#1538,#1539,#878,.T.);
#1953=EDGE_CURVE('',#1525,#1539,#879,.T.);
#1954=EDGE_CURVE('',#1539,#1540,#206,.T.);
#1955=EDGE_CURVE('',#1526,#1540,#880,.T.);
#1956=EDGE_CURVE('',#1540,#1541,#881,.T.);
#1957=EDGE_CURVE('',#1527,#1541,#882,.T.);
#1958=EDGE_CURVE('',#1541,#1542,#207,.T.);
#1959=EDGE_CURVE('',#1528,#1542,#883,.T.);
#1960=EDGE_CURVE('',#1542,#1543,#884,.T.);
#1961=EDGE_CURVE('',#1451,#1543,#885,.T.);
#1962=EDGE_CURVE('',#1544,#1545,#886,.T.);
#1963=EDGE_CURVE('',#1546,#1545,#887,.T.);
#1964=EDGE_CURVE('',#1547,#1546,#888,.T.);
#1965=EDGE_CURVE('',#1547,#1544,#889,.T.);
#1966=EDGE_CURVE('',#1545,#1548,#208,.T.);
#1967=EDGE_CURVE('',#1549,#1548,#890,.T.);
#1968=EDGE_CURVE('',#1549,#1546,#209,.T.);
#1969=EDGE_CURVE('',#1548,#1550,#891,.T.);
#1970=EDGE_CURVE('',#1551,#1550,#892,.T.);
#1971=EDGE_CURVE('',#1549,#1551,#893,.T.);
#1972=EDGE_CURVE('',#1550,#1552,#210,.T.);
#1973=EDGE_CURVE('',#1553,#1552,#894,.T.);
#1974=EDGE_CURVE('',#1553,#1551,#211,.T.);
#1975=EDGE_CURVE('',#1552,#1554,#895,.T.);
#1976=EDGE_CURVE('',#1555,#1554,#896,.T.);
#1977=EDGE_CURVE('',#1553,#1555,#897,.T.);
#1978=EDGE_CURVE('',#1554,#1556,#212,.T.);
#1979=EDGE_CURVE('',#1557,#1556,#898,.T.);
#1980=EDGE_CURVE('',#1557,#1555,#213,.T.);
#1981=EDGE_CURVE('',#1556,#1558,#899,.T.);
#1982=EDGE_CURVE('',#1559,#1558,#900,.T.);
#1983=EDGE_CURVE('',#1557,#1559,#901,.T.);
#1984=EDGE_CURVE('',#1558,#1544,#214,.T.);
#1985=EDGE_CURVE('',#1547,#1559,#215,.T.);
#1986=EDGE_CURVE('',#1519,#1560,#902,.T.);
#1987=EDGE_CURVE('',#1560,#1561,#216,.T.);
#1988=EDGE_CURVE('',#1561,#1562,#903,.T.);
#1989=EDGE_CURVE('',#1562,#1523,#217,.T.);
#1990=EDGE_CURVE('',#1506,#1560,#904,.T.);
#1991=EDGE_CURVE('',#1505,#1561,#905,.T.);
#1992=EDGE_CURVE('',#1504,#1562,#906,.T.);
#1993=EDGE_CURVE('',#1453,#1563,#907,.T.);
#1994=EDGE_CURVE('',#1563,#1538,#218,.T.);
#1995=EDGE_CURVE('',#1452,#1564,#908,.T.);
#1996=EDGE_CURVE('',#1564,#1563,#909,.T.);
#1997=EDGE_CURVE('',#1543,#1564,#219,.T.);
#1998=EDGE_CURVE('',#1460,#1565,#910,.T.);
#1999=EDGE_CURVE('',#1565,#1566,#911,.T.);
#2000=EDGE_CURVE('',#1533,#1566,#912,.T.);
#2001=EDGE_CURVE('',#1459,#1567,#913,.T.);
#2002=EDGE_CURVE('',#1567,#1565,#220,.T.);
#2003=EDGE_CURVE('',#1458,#1568,#914,.T.);
#2004=EDGE_CURVE('',#1568,#1567,#915,.T.);
#2005=EDGE_CURVE('',#1457,#1569,#916,.T.);
#2006=EDGE_CURVE('',#1569,#1568,#221,.T.);
#2007=EDGE_CURVE('',#1536,#1570,#917,.T.);
#2008=EDGE_CURVE('',#1570,#1569,#918,.T.);
#2009=EDGE_CURVE('',#1566,#1571,#222,.T.);
#2010=EDGE_CURVE('',#1534,#1571,#919,.T.);
#2011=EDGE_CURVE('',#1571,#1572,#920,.T.);
#2012=EDGE_CURVE('',#1535,#1572,#921,.T.);
#2013=EDGE_CURVE('',#1572,#1570,#223,.T.);
#2014=EDGE_CURVE('',#1573,#1573,#224,.T.);
#2015=EDGE_CURVE('',#1573,#1429,#922,.T.);
#2016=EDGE_CURVE('',#1574,#1574,#225,.T.);
#2017=EDGE_CURVE('',#1574,#1430,#923,.T.);
#2018=EDGE_CURVE('',#1575,#1575,#226,.T.);
#2019=EDGE_CURVE('',#1575,#1431,#924,.T.);
#2020=EDGE_CURVE('',#1576,#1576,#227,.T.);
#2021=EDGE_CURVE('',#1576,#1432,#925,.T.);
#2022=EDGE_CURVE('',#1577,#1577,#228,.T.);
#2023=EDGE_CURVE('',#1577,#1578,#926,.T.);
#2024=EDGE_CURVE('',#1578,#1578,#229,.T.);
#2025=EDGE_CURVE('',#1579,#1579,#230,.T.);
#2026=EDGE_CURVE('',#1579,#1580,#927,.T.);
#2027=EDGE_CURVE('',#1580,#1580,#231,.T.);
#2028=EDGE_CURVE('',#1581,#1581,#232,.T.);
#2029=EDGE_CURVE('',#1581,#1582,#928,.T.);
#2030=EDGE_CURVE('',#1582,#1582,#233,.T.);
#2031=EDGE_CURVE('',#1583,#1583,#234,.T.);
#2032=EDGE_CURVE('',#1583,#1584,#929,.T.);
#2033=EDGE_CURVE('',#1584,#1584,#235,.T.);
#2034=EDGE_CURVE('',#1489,#1470,#930,.T.);
#2035=EDGE_CURVE('',#1499,#1465,#931,.T.);
#2036=EDGE_CURVE('',#1498,#1466,#932,.T.);
#2037=EDGE_CURVE('',#1497,#1467,#933,.T.);
#2038=EDGE_CURVE('',#1323,#1428,#934,.T.);
#2039=EDGE_CURVE('',#1339,#1425,#935,.T.);
#2040=EDGE_CURVE('',#1424,#1372,#936,.T.);
#2041=EDGE_CURVE('',#1381,#1423,#937,.T.);
#2042=EDGE_CURVE('',#1585,#1585,#236,.T.);
#2043=EDGE_CURVE('',#1585,#1351,#938,.T.);
#2044=EDGE_CURVE('',#1586,#1586,#237,.T.);
#2045=EDGE_CURVE('',#1586,#1350,#939,.T.);
#2046=EDGE_CURVE('',#1587,#1587,#238,.T.);
#2047=EDGE_CURVE('',#1587,#1349,#940,.T.);
#2048=EDGE_CURVE('',#1588,#1588,#239,.T.);
#2049=EDGE_CURVE('',#1588,#1348,#941,.T.);
#2050=EDGE_CURVE('',#1413,#1419,#942,.T.);
#2051=EDGE_CURVE('',#1407,#1418,#943,.T.);
#2052=EDGE_CURVE('',#1412,#1420,#944,.T.);
#2053=EDGE_CURVE('',#1411,#1421,#945,.T.);
#2054=EDGE_CURVE('',#1410,#1422,#946,.T.);
#2055=ORIENTED_EDGE('',*,*,#1589,.F.);
#2056=ORIENTED_EDGE('',*,*,#1590,.F.);
#2057=ORIENTED_EDGE('',*,*,#1591,.F.);
#2058=ORIENTED_EDGE('',*,*,#1592,.T.);
#2059=ORIENTED_EDGE('',*,*,#1593,.T.);
#2060=ORIENTED_EDGE('',*,*,#1590,.T.);
#2061=ORIENTED_EDGE('',*,*,#1594,.F.);
#2062=ORIENTED_EDGE('',*,*,#1595,.F.);
#2063=ORIENTED_EDGE('',*,*,#1596,.F.);
#2064=ORIENTED_EDGE('',*,*,#1597,.T.);
#2065=ORIENTED_EDGE('',*,*,#1589,.T.);
#2066=ORIENTED_EDGE('',*,*,#1598,.T.);
#2067=ORIENTED_EDGE('',*,*,#1599,.F.);
#2068=ORIENTED_EDGE('',*,*,#1600,.F.);
#2069=ORIENTED_EDGE('',*,*,#1594,.T.);
#2070=ORIENTED_EDGE('',*,*,#1601,.F.);
#2071=ORIENTED_EDGE('',*,*,#1602,.F.);
#2072=ORIENTED_EDGE('',*,*,#1603,.F.);
#2073=ORIENTED_EDGE('',*,*,#1604,.F.);
#2074=ORIENTED_EDGE('',*,*,#1605,.T.);
#2075=ORIENTED_EDGE('',*,*,#1606,.T.);
#2076=ORIENTED_EDGE('',*,*,#1607,.T.);
#2077=ORIENTED_EDGE('',*,*,#1608,.F.);
#2078=ORIENTED_EDGE('',*,*,#1609,.F.);
#2079=ORIENTED_EDGE('',*,*,#1610,.T.);
#2080=ORIENTED_EDGE('',*,*,#1611,.F.);
#2081=ORIENTED_EDGE('',*,*,#1612,.T.);
#2082=ORIENTED_EDGE('',*,*,#1613,.T.);
#2083=ORIENTED_EDGE('',*,*,#1614,.F.);
#2084=ORIENTED_EDGE('',*,*,#1615,.F.);
#2085=ORIENTED_EDGE('',*,*,#1606,.F.);
#2086=ORIENTED_EDGE('',*,*,#1616,.F.);
#2087=ORIENTED_EDGE('',*,*,#1617,.T.);
#2088=ORIENTED_EDGE('',*,*,#1618,.F.);
#2089=ORIENTED_EDGE('',*,*,#1617,.F.);
#2090=ORIENTED_EDGE('',*,*,#1619,.F.);
#2091=ORIENTED_EDGE('',*,*,#1620,.T.);
#2092=ORIENTED_EDGE('',*,*,#1621,.F.);
#2093=ORIENTED_EDGE('',*,*,#1620,.F.);
#2094=ORIENTED_EDGE('',*,*,#1622,.F.);
#2095=ORIENTED_EDGE('',*,*,#1623,.T.);
#2096=ORIENTED_EDGE('',*,*,#1624,.F.);
#2097=ORIENTED_EDGE('',*,*,#1623,.F.);
#2098=ORIENTED_EDGE('',*,*,#1625,.F.);
#2099=ORIENTED_EDGE('',*,*,#1626,.T.);
#2100=ORIENTED_EDGE('',*,*,#1627,.F.);
#2101=ORIENTED_EDGE('',*,*,#1626,.F.);
#2102=ORIENTED_EDGE('',*,*,#1628,.F.);
#2103=ORIENTED_EDGE('',*,*,#1629,.T.);
#2104=ORIENTED_EDGE('',*,*,#1630,.F.);
#2105=ORIENTED_EDGE('',*,*,#1629,.F.);
#2106=ORIENTED_EDGE('',*,*,#1628,.T.);
#2107=ORIENTED_EDGE('',*,*,#1618,.T.);
#2108=ORIENTED_EDGE('',*,*,#1631,.F.);
#2109=ORIENTED_EDGE('',*,*,#1632,.T.);
#2110=ORIENTED_EDGE('',*,*,#1633,.F.);
#2111=ORIENTED_EDGE('',*,*,#1632,.F.);
#2112=ORIENTED_EDGE('',*,*,#1631,.T.);
#2113=ORIENTED_EDGE('',*,*,#1621,.T.);
#2114=ORIENTED_EDGE('',*,*,#1634,.F.);
#2115=ORIENTED_EDGE('',*,*,#1635,.T.);
#2116=ORIENTED_EDGE('',*,*,#1636,.F.);
#2117=ORIENTED_EDGE('',*,*,#1635,.F.);
#2118=ORIENTED_EDGE('',*,*,#1634,.T.);
#2119=ORIENTED_EDGE('',*,*,#1624,.T.);
#2120=ORIENTED_EDGE('',*,*,#1637,.F.);
#2121=ORIENTED_EDGE('',*,*,#1638,.T.);
#2122=ORIENTED_EDGE('',*,*,#1639,.F.);
#2123=ORIENTED_EDGE('',*,*,#1638,.F.);
#2124=ORIENTED_EDGE('',*,*,#1637,.T.);
#2125=ORIENTED_EDGE('',*,*,#1627,.T.);
#2126=ORIENTED_EDGE('',*,*,#1640,.F.);
#2127=ORIENTED_EDGE('',*,*,#1641,.F.);
#2128=ORIENTED_EDGE('',*,*,#1642,.F.);
#2129=ORIENTED_EDGE('',*,*,#1643,.F.);
#2130=ORIENTED_EDGE('',*,*,#1643,.T.);
#2131=ORIENTED_EDGE('',*,*,#1644,.T.);
#2132=ORIENTED_EDGE('',*,*,#1645,.F.);
#2133=ORIENTED_EDGE('',*,*,#1646,.F.);
#2134=ORIENTED_EDGE('',*,*,#1647,.F.);
#2135=ORIENTED_EDGE('',*,*,#1648,.F.);
#2136=ORIENTED_EDGE('',*,*,#1649,.F.);
#2137=ORIENTED_EDGE('',*,*,#1650,.F.);
#2138=ORIENTED_EDGE('',*,*,#1651,.F.);
#2139=ORIENTED_EDGE('',*,*,#1652,.F.);
#2140=ORIENTED_EDGE('',*,*,#1653,.F.);
#2141=ORIENTED_EDGE('',*,*,#1654,.F.);
#2142=ORIENTED_EDGE('',*,*,#1655,.F.);
#2143=ORIENTED_EDGE('',*,*,#1656,.F.);
#2144=ORIENTED_EDGE('',*,*,#1657,.F.);
#2145=ORIENTED_EDGE('',*,*,#1658,.T.);
#2146=ORIENTED_EDGE('',*,*,#1659,.T.);
#2147=ORIENTED_EDGE('',*,*,#1660,.F.);
#2148=ORIENTED_EDGE('',*,*,#1661,.F.);
#2149=ORIENTED_EDGE('',*,*,#1662,.F.);
#2150=ORIENTED_EDGE('',*,*,#1663,.T.);
#2151=ORIENTED_EDGE('',*,*,#1664,.T.);
#2152=ORIENTED_EDGE('',*,*,#1611,.T.);
#2153=ORIENTED_EDGE('',*,*,#1665,.T.);
#2154=ORIENTED_EDGE('',*,*,#1666,.T.);
#2155=ORIENTED_EDGE('',*,*,#1667,.T.);
#2156=ORIENTED_EDGE('',*,*,#1668,.T.);
#2157=ORIENTED_EDGE('',*,*,#1669,.F.);
#2158=ORIENTED_EDGE('',*,*,#1670,.F.);
#2159=ORIENTED_EDGE('',*,*,#1671,.F.);
#2160=ORIENTED_EDGE('',*,*,#1672,.F.);
#2161=ORIENTED_EDGE('',*,*,#1673,.F.);
#2162=ORIENTED_EDGE('',*,*,#1674,.F.);
#2163=ORIENTED_EDGE('',*,*,#1675,.F.);
#2164=ORIENTED_EDGE('',*,*,#1642,.T.);
#2165=ORIENTED_EDGE('',*,*,#1676,.F.);
#2166=ORIENTED_EDGE('',*,*,#1677,.F.);
#2167=ORIENTED_EDGE('',*,*,#1644,.F.);
#2168=ORIENTED_EDGE('',*,*,#1678,.F.);
#2169=ORIENTED_EDGE('',*,*,#1679,.F.);
#2170=ORIENTED_EDGE('',*,*,#1676,.T.);
#2171=ORIENTED_EDGE('',*,*,#1641,.T.);
#2172=ORIENTED_EDGE('',*,*,#1639,.T.);
#2173=ORIENTED_EDGE('',*,*,#1680,.F.);
#2174=ORIENTED_EDGE('',*,*,#1668,.F.);
#2175=ORIENTED_EDGE('',*,*,#1681,.F.);
#2176=ORIENTED_EDGE('',*,*,#1682,.F.);
#2177=ORIENTED_EDGE('',*,*,#1683,.T.);
#2178=ORIENTED_EDGE('',*,*,#1684,.T.);
#2179=ORIENTED_EDGE('',*,*,#1685,.T.);
#2180=ORIENTED_EDGE('',*,*,#1686,.T.);
#2181=ORIENTED_EDGE('',*,*,#1687,.T.);
#2182=ORIENTED_EDGE('',*,*,#1688,.F.);
#2183=ORIENTED_EDGE('',*,*,#1680,.T.);
#2184=ORIENTED_EDGE('',*,*,#1689,.T.);
#2185=ORIENTED_EDGE('',*,*,#1688,.T.);
#2186=ORIENTED_EDGE('',*,*,#1690,.T.);
#2187=ORIENTED_EDGE('',*,*,#1691,.T.);
#2188=ORIENTED_EDGE('',*,*,#1669,.T.);
#2189=ORIENTED_EDGE('',*,*,#1692,.F.);
#2190=ORIENTED_EDGE('',*,*,#1659,.F.);
#2191=ORIENTED_EDGE('',*,*,#1693,.F.);
#2192=ORIENTED_EDGE('',*,*,#1694,.F.);
#2193=ORIENTED_EDGE('',*,*,#1695,.T.);
#2194=ORIENTED_EDGE('',*,*,#1696,.T.);
#2195=ORIENTED_EDGE('',*,*,#1657,.T.);
#2196=ORIENTED_EDGE('',*,*,#1697,.T.);
#2197=ORIENTED_EDGE('',*,*,#1698,.T.);
#2198=ORIENTED_EDGE('',*,*,#1699,.F.);
#2199=ORIENTED_EDGE('',*,*,#1692,.T.);
#2200=ORIENTED_EDGE('',*,*,#1700,.T.);
#2201=ORIENTED_EDGE('',*,*,#1699,.T.);
#2202=ORIENTED_EDGE('',*,*,#1701,.T.);
#2203=ORIENTED_EDGE('',*,*,#1702,.T.);
#2204=ORIENTED_EDGE('',*,*,#1660,.T.);
#2205=ORIENTED_EDGE('',*,*,#1703,.F.);
#2206=ORIENTED_EDGE('',*,*,#1704,.F.);
#2207=ORIENTED_EDGE('',*,*,#1705,.F.);
#2208=ORIENTED_EDGE('',*,*,#1663,.F.);
#2209=ORIENTED_EDGE('',*,*,#1705,.T.);
#2210=ORIENTED_EDGE('',*,*,#1706,.F.);
#2211=ORIENTED_EDGE('',*,*,#1612,.F.);
#2212=ORIENTED_EDGE('',*,*,#1664,.F.);
#2213=ORIENTED_EDGE('',*,*,#1707,.F.);
#2214=ORIENTED_EDGE('',*,*,#1708,.F.);
#2215=ORIENTED_EDGE('',*,*,#1709,.T.);
#2216=ORIENTED_EDGE('',*,*,#1710,.F.);
#2217=ORIENTED_EDGE('',*,*,#1603,.T.);
#2218=ORIENTED_EDGE('',*,*,#1613,.F.);
#2219=ORIENTED_EDGE('',*,*,#1605,.F.);
#2220=ORIENTED_EDGE('',*,*,#1706,.T.);
#2221=ORIENTED_EDGE('',*,*,#1704,.T.);
#2222=ORIENTED_EDGE('',*,*,#1636,.T.);
#2223=ORIENTED_EDGE('',*,*,#1640,.T.);
#2224=ORIENTED_EDGE('',*,*,#1671,.T.);
#2225=ORIENTED_EDGE('',*,*,#1711,.T.);
#2226=ORIENTED_EDGE('',*,*,#1712,.T.);
#2227=ORIENTED_EDGE('',*,*,#1713,.T.);
#2228=ORIENTED_EDGE('',*,*,#1678,.T.);
#2229=ORIENTED_EDGE('',*,*,#1714,.F.);
#2230=ORIENTED_EDGE('',*,*,#1715,.F.);
#2231=ORIENTED_EDGE('',*,*,#1716,.F.);
#2232=ORIENTED_EDGE('',*,*,#1709,.F.);
#2233=ORIENTED_EDGE('',*,*,#1710,.T.);
#2234=ORIENTED_EDGE('',*,*,#1716,.T.);
#2235=ORIENTED_EDGE('',*,*,#1717,.F.);
#2236=ORIENTED_EDGE('',*,*,#1718,.F.);
#2237=ORIENTED_EDGE('',*,*,#1719,.F.);
#2238=ORIENTED_EDGE('',*,*,#1604,.T.);
#2239=ORIENTED_EDGE('',*,*,#1715,.T.);
#2240=ORIENTED_EDGE('',*,*,#1720,.F.);
#2241=ORIENTED_EDGE('',*,*,#1721,.F.);
#2242=ORIENTED_EDGE('',*,*,#1717,.T.);
#2243=ORIENTED_EDGE('',*,*,#1722,.T.);
#2244=ORIENTED_EDGE('',*,*,#1695,.F.);
#2245=ORIENTED_EDGE('',*,*,#1700,.F.);
#2246=ORIENTED_EDGE('',*,*,#1694,.T.);
#2247=ORIENTED_EDGE('',*,*,#1633,.T.);
#2248=ORIENTED_EDGE('',*,*,#1693,.T.);
#2249=ORIENTED_EDGE('',*,*,#1658,.F.);
#2250=ORIENTED_EDGE('',*,*,#1696,.F.);
#2251=ORIENTED_EDGE('',*,*,#1722,.F.);
#2252=ORIENTED_EDGE('',*,*,#1723,.T.);
#2253=ORIENTED_EDGE('',*,*,#1724,.F.);
#2254=ORIENTED_EDGE('',*,*,#1725,.F.);
#2255=ORIENTED_EDGE('',*,*,#1591,.T.);
#2256=ORIENTED_EDGE('',*,*,#1593,.F.);
#2257=ORIENTED_EDGE('',*,*,#1726,.T.);
#2258=ORIENTED_EDGE('',*,*,#1683,.F.);
#2259=ORIENTED_EDGE('',*,*,#1689,.F.);
#2260=ORIENTED_EDGE('',*,*,#1682,.T.);
#2261=ORIENTED_EDGE('',*,*,#1630,.T.);
#2262=ORIENTED_EDGE('',*,*,#1597,.F.);
#2263=ORIENTED_EDGE('',*,*,#1727,.F.);
#2264=ORIENTED_EDGE('',*,*,#1684,.F.);
#2265=ORIENTED_EDGE('',*,*,#1726,.F.);
#2266=ORIENTED_EDGE('',*,*,#1681,.T.);
#2267=ORIENTED_EDGE('',*,*,#1667,.F.);
#2268=ORIENTED_EDGE('',*,*,#1728,.F.);
#2269=ORIENTED_EDGE('',*,*,#1723,.F.);
#2270=ORIENTED_EDGE('',*,*,#1724,.T.);
#2271=ORIENTED_EDGE('',*,*,#1728,.T.);
#2272=ORIENTED_EDGE('',*,*,#1666,.F.);
#2273=ORIENTED_EDGE('',*,*,#1729,.F.);
#2274=ORIENTED_EDGE('',*,*,#1730,.F.);
#2275=ORIENTED_EDGE('',*,*,#1731,.F.);
#2276=ORIENTED_EDGE('',*,*,#1732,.T.);
#2277=ORIENTED_EDGE('',*,*,#1733,.T.);
#2278=ORIENTED_EDGE('',*,*,#1727,.T.);
#2279=ORIENTED_EDGE('',*,*,#1596,.T.);
#2280=ORIENTED_EDGE('',*,*,#1734,.F.);
#2281=ORIENTED_EDGE('',*,*,#1685,.F.);
#2282=ORIENTED_EDGE('',*,*,#1735,.F.);
#2283=ORIENTED_EDGE('',*,*,#1736,.F.);
#2284=ORIENTED_EDGE('',*,*,#1737,.F.);
#2285=ORIENTED_EDGE('',*,*,#1738,.F.);
#2286=ORIENTED_EDGE('',*,*,#1598,.F.);
#2287=ORIENTED_EDGE('',*,*,#1592,.F.);
#2288=ORIENTED_EDGE('',*,*,#1739,.F.);
#2289=ORIENTED_EDGE('',*,*,#1740,.F.);
#2290=ORIENTED_EDGE('',*,*,#1741,.F.);
#2291=ORIENTED_EDGE('',*,*,#1736,.T.);
#2292=ORIENTED_EDGE('',*,*,#1742,.F.);
#2293=ORIENTED_EDGE('',*,*,#1725,.T.);
#2294=ORIENTED_EDGE('',*,*,#1733,.F.);
#2295=ORIENTED_EDGE('',*,*,#1743,.F.);
#2296=ORIENTED_EDGE('',*,*,#1739,.T.);
#2297=ORIENTED_EDGE('',*,*,#1732,.F.);
#2298=ORIENTED_EDGE('',*,*,#1744,.F.);
#2299=ORIENTED_EDGE('',*,*,#1740,.T.);
#2300=ORIENTED_EDGE('',*,*,#1743,.T.);
#2301=ORIENTED_EDGE('',*,*,#1742,.T.);
#2302=ORIENTED_EDGE('',*,*,#1735,.T.);
#2303=ORIENTED_EDGE('',*,*,#1745,.T.);
#2304=ORIENTED_EDGE('',*,*,#1746,.T.);
#2305=ORIENTED_EDGE('',*,*,#1747,.F.);
#2306=ORIENTED_EDGE('',*,*,#1599,.T.);
#2307=ORIENTED_EDGE('',*,*,#1738,.T.);
#2308=ORIENTED_EDGE('',*,*,#1748,.F.);
#2309=ORIENTED_EDGE('',*,*,#1749,.F.);
#2310=ORIENTED_EDGE('',*,*,#1745,.F.);
#2311=ORIENTED_EDGE('',*,*,#1607,.F.);
#2312=ORIENTED_EDGE('',*,*,#1615,.T.);
#2313=ORIENTED_EDGE('',*,*,#1750,.T.);
#2314=ORIENTED_EDGE('',*,*,#1751,.F.);
#2315=ORIENTED_EDGE('',*,*,#1752,.F.);
#2316=ORIENTED_EDGE('',*,*,#1753,.F.);
#2317=ORIENTED_EDGE('',*,*,#1754,.T.);
#2318=ORIENTED_EDGE('',*,*,#1755,.F.);
#2319=ORIENTED_EDGE('',*,*,#1750,.F.);
#2320=ORIENTED_EDGE('',*,*,#1614,.T.);
#2321=ORIENTED_EDGE('',*,*,#1602,.T.);
#2322=ORIENTED_EDGE('',*,*,#1756,.F.);
#2323=ORIENTED_EDGE('',*,*,#1757,.F.);
#2324=ORIENTED_EDGE('',*,*,#1758,.F.);
#2325=ORIENTED_EDGE('',*,*,#1754,.F.);
#2326=ORIENTED_EDGE('',*,*,#1601,.T.);
#2327=ORIENTED_EDGE('',*,*,#1719,.T.);
#2328=ORIENTED_EDGE('',*,*,#1759,.F.);
#2329=ORIENTED_EDGE('',*,*,#1760,.F.);
#2330=ORIENTED_EDGE('',*,*,#1752,.T.);
#2331=ORIENTED_EDGE('',*,*,#1757,.T.);
#2332=ORIENTED_EDGE('',*,*,#1761,.F.);
#2333=ORIENTED_EDGE('',*,*,#1762,.F.);
#2334=ORIENTED_EDGE('',*,*,#1763,.F.);
#2335=ORIENTED_EDGE('',*,*,#1764,.F.);
#2336=ORIENTED_EDGE('',*,*,#1765,.T.);
#2337=ORIENTED_EDGE('',*,*,#1730,.T.);
#2338=ORIENTED_EDGE('',*,*,#1766,.T.);
#2339=ORIENTED_EDGE('',*,*,#1609,.T.);
#2340=ORIENTED_EDGE('',*,*,#1767,.T.);
#2341=ORIENTED_EDGE('',*,*,#1768,.T.);
#2342=ORIENTED_EDGE('',*,*,#1769,.T.);
#2343=ORIENTED_EDGE('',*,*,#1770,.T.);
#2344=ORIENTED_EDGE('',*,*,#1771,.T.);
#2345=ORIENTED_EDGE('',*,*,#1772,.T.);
#2346=ORIENTED_EDGE('',*,*,#1773,.T.);
#2347=ORIENTED_EDGE('',*,*,#1616,.T.);
#2348=ORIENTED_EDGE('',*,*,#1619,.T.);
#2349=ORIENTED_EDGE('',*,*,#1622,.T.);
#2350=ORIENTED_EDGE('',*,*,#1625,.T.);
#2351=ORIENTED_EDGE('',*,*,#1758,.T.);
#2352=ORIENTED_EDGE('',*,*,#1763,.T.);
#2353=ORIENTED_EDGE('',*,*,#1774,.T.);
#2354=ORIENTED_EDGE('',*,*,#1775,.F.);
#2355=ORIENTED_EDGE('',*,*,#1767,.F.);
#2356=ORIENTED_EDGE('',*,*,#1608,.T.);
#2357=ORIENTED_EDGE('',*,*,#1751,.T.);
#2358=ORIENTED_EDGE('',*,*,#1755,.T.);
#2359=ORIENTED_EDGE('',*,*,#1595,.T.);
#2360=ORIENTED_EDGE('',*,*,#1600,.T.);
#2361=ORIENTED_EDGE('',*,*,#1747,.T.);
#2362=ORIENTED_EDGE('',*,*,#1776,.T.);
#2363=ORIENTED_EDGE('',*,*,#1686,.F.);
#2364=ORIENTED_EDGE('',*,*,#1734,.T.);
#2365=ORIENTED_EDGE('',*,*,#1768,.F.);
#2366=ORIENTED_EDGE('',*,*,#1775,.T.);
#2367=ORIENTED_EDGE('',*,*,#1777,.T.);
#2368=ORIENTED_EDGE('',*,*,#1778,.F.);
#2369=ORIENTED_EDGE('',*,*,#1665,.F.);
#2370=ORIENTED_EDGE('',*,*,#1610,.F.);
#2371=ORIENTED_EDGE('',*,*,#1766,.F.);
#2372=ORIENTED_EDGE('',*,*,#1729,.T.);
#2373=ORIENTED_EDGE('',*,*,#1753,.T.);
#2374=ORIENTED_EDGE('',*,*,#1760,.T.);
#2375=ORIENTED_EDGE('',*,*,#1779,.T.);
#2376=ORIENTED_EDGE('',*,*,#1780,.T.);
#2377=ORIENTED_EDGE('',*,*,#1761,.T.);
#2378=ORIENTED_EDGE('',*,*,#1756,.T.);
#2379=ORIENTED_EDGE('',*,*,#1744,.T.);
#2380=ORIENTED_EDGE('',*,*,#1731,.T.);
#2381=ORIENTED_EDGE('',*,*,#1765,.F.);
#2382=ORIENTED_EDGE('',*,*,#1781,.T.);
#2383=ORIENTED_EDGE('',*,*,#1782,.T.);
#2384=ORIENTED_EDGE('',*,*,#1748,.T.);
#2385=ORIENTED_EDGE('',*,*,#1737,.T.);
#2386=ORIENTED_EDGE('',*,*,#1741,.T.);
#2387=ORIENTED_EDGE('',*,*,#1749,.T.);
#2388=ORIENTED_EDGE('',*,*,#1782,.F.);
#2389=ORIENTED_EDGE('',*,*,#1783,.F.);
#2390=ORIENTED_EDGE('',*,*,#1784,.F.);
#2391=ORIENTED_EDGE('',*,*,#1785,.F.);
#2392=ORIENTED_EDGE('',*,*,#1786,.F.);
#2393=ORIENTED_EDGE('',*,*,#1787,.F.);
#2394=ORIENTED_EDGE('',*,*,#1788,.F.);
#2395=ORIENTED_EDGE('',*,*,#1777,.F.);
#2396=ORIENTED_EDGE('',*,*,#1774,.F.);
#2397=ORIENTED_EDGE('',*,*,#1762,.T.);
#2398=ORIENTED_EDGE('',*,*,#1780,.F.);
#2399=ORIENTED_EDGE('',*,*,#1789,.F.);
#2400=ORIENTED_EDGE('',*,*,#1790,.F.);
#2401=ORIENTED_EDGE('',*,*,#1791,.F.);
#2402=ORIENTED_EDGE('',*,*,#1792,.F.);
#2403=ORIENTED_EDGE('',*,*,#1701,.F.);
#2404=ORIENTED_EDGE('',*,*,#1698,.F.);
#2405=ORIENTED_EDGE('',*,*,#1793,.F.);
#2406=ORIENTED_EDGE('',*,*,#1794,.F.);
#2407=ORIENTED_EDGE('',*,*,#1795,.F.);
#2408=ORIENTED_EDGE('',*,*,#1796,.F.);
#2409=ORIENTED_EDGE('',*,*,#1712,.F.);
#2410=ORIENTED_EDGE('',*,*,#1797,.F.);
#2411=ORIENTED_EDGE('',*,*,#1690,.F.);
#2412=ORIENTED_EDGE('',*,*,#1687,.F.);
#2413=ORIENTED_EDGE('',*,*,#1776,.F.);
#2414=ORIENTED_EDGE('',*,*,#1746,.F.);
#2415=ORIENTED_EDGE('',*,*,#1798,.F.);
#2416=ORIENTED_EDGE('',*,*,#1799,.F.);
#2417=ORIENTED_EDGE('',*,*,#1800,.F.);
#2418=ORIENTED_EDGE('',*,*,#1801,.F.);
#2419=ORIENTED_EDGE('',*,*,#1802,.T.);
#2420=ORIENTED_EDGE('',*,*,#1803,.T.);
#2421=ORIENTED_EDGE('',*,*,#1804,.T.);
#2422=ORIENTED_EDGE('',*,*,#1805,.F.);
#2423=ORIENTED_EDGE('',*,*,#1652,.T.);
#2424=ORIENTED_EDGE('',*,*,#1806,.T.);
#2425=ORIENTED_EDGE('',*,*,#1807,.T.);
#2426=ORIENTED_EDGE('',*,*,#1808,.T.);
#2427=ORIENTED_EDGE('',*,*,#1809,.T.);
#2428=ORIENTED_EDGE('',*,*,#1803,.F.);
#2429=ORIENTED_EDGE('',*,*,#1810,.T.);
#2430=ORIENTED_EDGE('',*,*,#1811,.T.);
#2431=ORIENTED_EDGE('',*,*,#1654,.T.);
#2432=ORIENTED_EDGE('',*,*,#1812,.T.);
#2433=ORIENTED_EDGE('',*,*,#1813,.T.);
#2434=ORIENTED_EDGE('',*,*,#1808,.F.);
#2435=ORIENTED_EDGE('',*,*,#1653,.T.);
#2436=ORIENTED_EDGE('',*,*,#1805,.T.);
#2437=ORIENTED_EDGE('',*,*,#1814,.T.);
#2438=ORIENTED_EDGE('',*,*,#1812,.F.);
#2439=ORIENTED_EDGE('',*,*,#1804,.F.);
#2440=ORIENTED_EDGE('',*,*,#1809,.F.);
#2441=ORIENTED_EDGE('',*,*,#1813,.F.);
#2442=ORIENTED_EDGE('',*,*,#1814,.F.);
#2443=ORIENTED_EDGE('',*,*,#1802,.F.);
#2444=ORIENTED_EDGE('',*,*,#1815,.T.);
#2445=ORIENTED_EDGE('',*,*,#1816,.F.);
#2446=ORIENTED_EDGE('',*,*,#1817,.F.);
#2447=ORIENTED_EDGE('',*,*,#1818,.F.);
#2448=ORIENTED_EDGE('',*,*,#1819,.T.);
#2449=ORIENTED_EDGE('',*,*,#1820,.F.);
#2450=ORIENTED_EDGE('',*,*,#1821,.F.);
#2451=ORIENTED_EDGE('',*,*,#1822,.F.);
#2452=ORIENTED_EDGE('',*,*,#1823,.T.);
#2453=ORIENTED_EDGE('',*,*,#1810,.F.);
#2454=ORIENTED_EDGE('',*,*,#1807,.F.);
#2455=ORIENTED_EDGE('',*,*,#1811,.F.);
#2456=ORIENTED_EDGE('',*,*,#1823,.F.);
#2457=ORIENTED_EDGE('',*,*,#1824,.F.);
#2458=ORIENTED_EDGE('',*,*,#1825,.F.);
#2459=ORIENTED_EDGE('',*,*,#1826,.F.);
#2460=ORIENTED_EDGE('',*,*,#1827,.F.);
#2461=ORIENTED_EDGE('',*,*,#1828,.F.);
#2462=ORIENTED_EDGE('',*,*,#1829,.F.);
#2463=ORIENTED_EDGE('',*,*,#1830,.F.);
#2464=ORIENTED_EDGE('',*,*,#1831,.F.);
#2465=ORIENTED_EDGE('',*,*,#1832,.F.);
#2466=ORIENTED_EDGE('',*,*,#1833,.F.);
#2467=ORIENTED_EDGE('',*,*,#1834,.F.);
#2468=ORIENTED_EDGE('',*,*,#1835,.F.);
#2469=ORIENTED_EDGE('',*,*,#1836,.F.);
#2470=ORIENTED_EDGE('',*,*,#1837,.F.);
#2471=ORIENTED_EDGE('',*,*,#1838,.F.);
#2472=ORIENTED_EDGE('',*,*,#1819,.F.);
#2473=ORIENTED_EDGE('',*,*,#1839,.F.);
#2474=ORIENTED_EDGE('',*,*,#1647,.T.);
#2475=ORIENTED_EDGE('',*,*,#1840,.T.);
#2476=ORIENTED_EDGE('',*,*,#1794,.T.);
#2477=ORIENTED_EDGE('',*,*,#1841,.F.);
#2478=ORIENTED_EDGE('',*,*,#1655,.T.);
#2479=ORIENTED_EDGE('',*,*,#1842,.F.);
#2480=ORIENTED_EDGE('',*,*,#1843,.F.);
#2481=ORIENTED_EDGE('',*,*,#1844,.F.);
#2482=ORIENTED_EDGE('',*,*,#1845,.F.);
#2483=ORIENTED_EDGE('',*,*,#1846,.F.);
#2484=ORIENTED_EDGE('',*,*,#1847,.F.);
#2485=ORIENTED_EDGE('',*,*,#1848,.F.);
#2486=ORIENTED_EDGE('',*,*,#1849,.F.);
#2487=ORIENTED_EDGE('',*,*,#1818,.T.);
#2488=ORIENTED_EDGE('',*,*,#1850,.T.);
#2489=ORIENTED_EDGE('',*,*,#1851,.T.);
#2490=ORIENTED_EDGE('',*,*,#1852,.F.);
#2491=ORIENTED_EDGE('',*,*,#1648,.T.);
#2492=ORIENTED_EDGE('',*,*,#1839,.T.);
#2493=ORIENTED_EDGE('',*,*,#1817,.T.);
#2494=ORIENTED_EDGE('',*,*,#1853,.T.);
#2495=ORIENTED_EDGE('',*,*,#1854,.T.);
#2496=ORIENTED_EDGE('',*,*,#1850,.F.);
#2497=ORIENTED_EDGE('',*,*,#1816,.T.);
#2498=ORIENTED_EDGE('',*,*,#1855,.T.);
#2499=ORIENTED_EDGE('',*,*,#1650,.T.);
#2500=ORIENTED_EDGE('',*,*,#1856,.T.);
#2501=ORIENTED_EDGE('',*,*,#1857,.T.);
#2502=ORIENTED_EDGE('',*,*,#1853,.F.);
#2503=ORIENTED_EDGE('',*,*,#1649,.T.);
#2504=ORIENTED_EDGE('',*,*,#1852,.T.);
#2505=ORIENTED_EDGE('',*,*,#1858,.T.);
#2506=ORIENTED_EDGE('',*,*,#1856,.F.);
#2507=ORIENTED_EDGE('',*,*,#1851,.F.);
#2508=ORIENTED_EDGE('',*,*,#1854,.F.);
#2509=ORIENTED_EDGE('',*,*,#1857,.F.);
#2510=ORIENTED_EDGE('',*,*,#1858,.F.);
#2511=ORIENTED_EDGE('',*,*,#1859,.T.);
#2512=ORIENTED_EDGE('',*,*,#1860,.T.);
#2513=ORIENTED_EDGE('',*,*,#1861,.T.);
#2514=ORIENTED_EDGE('',*,*,#1862,.T.);
#2515=ORIENTED_EDGE('',*,*,#1863,.T.);
#2516=ORIENTED_EDGE('',*,*,#1864,.T.);
#2517=ORIENTED_EDGE('',*,*,#1865,.T.);
#2518=ORIENTED_EDGE('',*,*,#1866,.T.);
#2519=ORIENTED_EDGE('',*,*,#1860,.F.);
#2520=ORIENTED_EDGE('',*,*,#1867,.T.);
#2521=ORIENTED_EDGE('',*,*,#1868,.T.);
#2522=ORIENTED_EDGE('',*,*,#1869,.T.);
#2523=ORIENTED_EDGE('',*,*,#1870,.T.);
#2524=ORIENTED_EDGE('',*,*,#1871,.T.);
#2525=ORIENTED_EDGE('',*,*,#1872,.T.);
#2526=ORIENTED_EDGE('',*,*,#1873,.T.);
#2527=ORIENTED_EDGE('',*,*,#1874,.T.);
#2528=ORIENTED_EDGE('',*,*,#1875,.T.);
#2529=ORIENTED_EDGE('',*,*,#1876,.T.);
#2530=ORIENTED_EDGE('',*,*,#1870,.F.);
#2531=ORIENTED_EDGE('',*,*,#1877,.T.);
#2532=ORIENTED_EDGE('',*,*,#1878,.T.);
#2533=ORIENTED_EDGE('',*,*,#1864,.F.);
#2534=ORIENTED_EDGE('',*,*,#1879,.T.);
#2535=ORIENTED_EDGE('',*,*,#1847,.T.);
#2536=ORIENTED_EDGE('',*,*,#1880,.F.);
#2537=ORIENTED_EDGE('',*,*,#1881,.F.);
#2538=ORIENTED_EDGE('',*,*,#1882,.F.);
#2539=ORIENTED_EDGE('',*,*,#1883,.F.);
#2540=ORIENTED_EDGE('',*,*,#1866,.F.);
#2541=ORIENTED_EDGE('',*,*,#1884,.F.);
#2542=ORIENTED_EDGE('',*,*,#1885,.F.);
#2543=ORIENTED_EDGE('',*,*,#1886,.T.);
#2544=ORIENTED_EDGE('',*,*,#1887,.F.);
#2545=ORIENTED_EDGE('',*,*,#1888,.T.);
#2546=ORIENTED_EDGE('',*,*,#1889,.F.);
#2547=ORIENTED_EDGE('',*,*,#1890,.F.);
#2548=ORIENTED_EDGE('',*,*,#1877,.F.);
#2549=ORIENTED_EDGE('',*,*,#1869,.F.);
#2550=ORIENTED_EDGE('',*,*,#1876,.F.);
#2551=ORIENTED_EDGE('',*,*,#1891,.F.);
#2552=ORIENTED_EDGE('',*,*,#1892,.F.);
#2553=ORIENTED_EDGE('',*,*,#1893,.F.);
#2554=ORIENTED_EDGE('',*,*,#1894,.F.);
#2555=ORIENTED_EDGE('',*,*,#1895,.F.);
#2556=ORIENTED_EDGE('',*,*,#1896,.F.);
#2557=ORIENTED_EDGE('',*,*,#1897,.F.);
#2558=ORIENTED_EDGE('',*,*,#1867,.F.);
#2559=ORIENTED_EDGE('',*,*,#1859,.F.);
#2560=ORIENTED_EDGE('',*,*,#1865,.F.);
#2561=ORIENTED_EDGE('',*,*,#1883,.T.);
#2562=ORIENTED_EDGE('',*,*,#1898,.F.);
#2563=ORIENTED_EDGE('',*,*,#1872,.F.);
#2564=ORIENTED_EDGE('',*,*,#1899,.F.);
#2565=ORIENTED_EDGE('',*,*,#1900,.T.);
#2566=ORIENTED_EDGE('',*,*,#1878,.F.);
#2567=ORIENTED_EDGE('',*,*,#1890,.T.);
#2568=ORIENTED_EDGE('',*,*,#1901,.T.);
#2569=ORIENTED_EDGE('',*,*,#1902,.T.);
#2570=ORIENTED_EDGE('',*,*,#1903,.T.);
#2571=ORIENTED_EDGE('',*,*,#1891,.T.);
#2572=ORIENTED_EDGE('',*,*,#1904,.T.);
#2573=ORIENTED_EDGE('',*,*,#1905,.T.);
#2574=ORIENTED_EDGE('',*,*,#1906,.T.);
#2575=ORIENTED_EDGE('',*,*,#1907,.T.);
#2576=ORIENTED_EDGE('',*,*,#1908,.T.);
#2577=ORIENTED_EDGE('',*,*,#1902,.F.);
#2578=ORIENTED_EDGE('',*,*,#1909,.T.);
#2579=ORIENTED_EDGE('',*,*,#1910,.T.);
#2580=ORIENTED_EDGE('',*,*,#1911,.T.);
#2581=ORIENTED_EDGE('',*,*,#1881,.T.);
#2582=ORIENTED_EDGE('',*,*,#1912,.T.);
#2583=ORIENTED_EDGE('',*,*,#1913,.F.);
#2584=ORIENTED_EDGE('',*,*,#1868,.F.);
#2585=ORIENTED_EDGE('',*,*,#1897,.T.);
#2586=ORIENTED_EDGE('',*,*,#1914,.T.);
#2587=ORIENTED_EDGE('',*,*,#1913,.T.);
#2588=ORIENTED_EDGE('',*,*,#1915,.T.);
#2589=ORIENTED_EDGE('',*,*,#1884,.T.);
#2590=ORIENTED_EDGE('',*,*,#1861,.F.);
#2591=ORIENTED_EDGE('',*,*,#1898,.T.);
#2592=ORIENTED_EDGE('',*,*,#1882,.T.);
#2593=ORIENTED_EDGE('',*,*,#1911,.F.);
#2594=ORIENTED_EDGE('',*,*,#1916,.T.);
#2595=ORIENTED_EDGE('',*,*,#1899,.T.);
#2596=ORIENTED_EDGE('',*,*,#1871,.F.);
#2597=ORIENTED_EDGE('',*,*,#1917,.T.);
#2598=ORIENTED_EDGE('',*,*,#1905,.F.);
#2599=ORIENTED_EDGE('',*,*,#1918,.T.);
#2600=ORIENTED_EDGE('',*,*,#1919,.F.);
#2601=ORIENTED_EDGE('',*,*,#1920,.F.);
#2602=ORIENTED_EDGE('',*,*,#1906,.F.);
#2603=ORIENTED_EDGE('',*,*,#1920,.T.);
#2604=ORIENTED_EDGE('',*,*,#1921,.F.);
#2605=ORIENTED_EDGE('',*,*,#1922,.F.);
#2606=ORIENTED_EDGE('',*,*,#1907,.F.);
#2607=ORIENTED_EDGE('',*,*,#1922,.T.);
#2608=ORIENTED_EDGE('',*,*,#1923,.F.);
#2609=ORIENTED_EDGE('',*,*,#1924,.F.);
#2610=ORIENTED_EDGE('',*,*,#1908,.F.);
#2611=ORIENTED_EDGE('',*,*,#1924,.T.);
#2612=ORIENTED_EDGE('',*,*,#1925,.F.);
#2613=ORIENTED_EDGE('',*,*,#1926,.F.);
#2614=ORIENTED_EDGE('',*,*,#1892,.T.);
#2615=ORIENTED_EDGE('',*,*,#1903,.F.);
#2616=ORIENTED_EDGE('',*,*,#1862,.F.);
#2617=ORIENTED_EDGE('',*,*,#1917,.F.);
#2618=ORIENTED_EDGE('',*,*,#1875,.F.);
#2619=ORIENTED_EDGE('',*,*,#1927,.F.);
#2620=ORIENTED_EDGE('',*,*,#1901,.F.);
#2621=ORIENTED_EDGE('',*,*,#1889,.T.);
#2622=ORIENTED_EDGE('',*,*,#1928,.T.);
#2623=ORIENTED_EDGE('',*,*,#1842,.T.);
#2624=ORIENTED_EDGE('',*,*,#1929,.F.);
#2625=ORIENTED_EDGE('',*,*,#1909,.F.);
#2626=ORIENTED_EDGE('',*,*,#1930,.T.);
#2627=ORIENTED_EDGE('',*,*,#1931,.T.);
#2628=ORIENTED_EDGE('',*,*,#1932,.T.);
#2629=ORIENTED_EDGE('',*,*,#1933,.T.);
#2630=ORIENTED_EDGE('',*,*,#1934,.T.);
#2631=ORIENTED_EDGE('',*,*,#1935,.F.);
#2632=ORIENTED_EDGE('',*,*,#1936,.F.);
#2633=ORIENTED_EDGE('',*,*,#1821,.T.);
#2634=ORIENTED_EDGE('',*,*,#1937,.T.);
#2635=ORIENTED_EDGE('',*,*,#1938,.F.);
#2636=ORIENTED_EDGE('',*,*,#1939,.T.);
#2637=ORIENTED_EDGE('',*,*,#1940,.T.);
#2638=ORIENTED_EDGE('',*,*,#1941,.T.);
#2639=ORIENTED_EDGE('',*,*,#1942,.T.);
#2640=ORIENTED_EDGE('',*,*,#1943,.T.);
#2641=ORIENTED_EDGE('',*,*,#1944,.F.);
#2642=ORIENTED_EDGE('',*,*,#1945,.T.);
#2643=ORIENTED_EDGE('',*,*,#1825,.T.);
#2644=ORIENTED_EDGE('',*,*,#1946,.T.);
#2645=ORIENTED_EDGE('',*,*,#1935,.T.);
#2646=ORIENTED_EDGE('',*,*,#1947,.T.);
#2647=ORIENTED_EDGE('',*,*,#1938,.T.);
#2648=ORIENTED_EDGE('',*,*,#1948,.T.);
#2649=ORIENTED_EDGE('',*,*,#1837,.T.);
#2650=ORIENTED_EDGE('',*,*,#1824,.T.);
#2651=ORIENTED_EDGE('',*,*,#1822,.T.);
#2652=ORIENTED_EDGE('',*,*,#1936,.T.);
#2653=ORIENTED_EDGE('',*,*,#1946,.F.);
#2654=ORIENTED_EDGE('',*,*,#1838,.T.);
#2655=ORIENTED_EDGE('',*,*,#1948,.F.);
#2656=ORIENTED_EDGE('',*,*,#1937,.F.);
#2657=ORIENTED_EDGE('',*,*,#1820,.T.);
#2658=ORIENTED_EDGE('',*,*,#1949,.T.);
#2659=ORIENTED_EDGE('',*,*,#1944,.T.);
#2660=ORIENTED_EDGE('',*,*,#1950,.T.);
#2661=ORIENTED_EDGE('',*,*,#1831,.T.);
#2662=ORIENTED_EDGE('',*,*,#1949,.F.);
#2663=ORIENTED_EDGE('',*,*,#1830,.T.);
#2664=ORIENTED_EDGE('',*,*,#1951,.T.);
#2665=ORIENTED_EDGE('',*,*,#1952,.T.);
#2666=ORIENTED_EDGE('',*,*,#1953,.F.);
#2667=ORIENTED_EDGE('',*,*,#1930,.F.);
#2668=ORIENTED_EDGE('',*,*,#1931,.F.);
#2669=ORIENTED_EDGE('',*,*,#1953,.T.);
#2670=ORIENTED_EDGE('',*,*,#1954,.T.);
#2671=ORIENTED_EDGE('',*,*,#1955,.F.);
#2672=ORIENTED_EDGE('',*,*,#1932,.F.);
#2673=ORIENTED_EDGE('',*,*,#1955,.T.);
#2674=ORIENTED_EDGE('',*,*,#1956,.T.);
#2675=ORIENTED_EDGE('',*,*,#1957,.F.);
#2676=ORIENTED_EDGE('',*,*,#1933,.F.);
#2677=ORIENTED_EDGE('',*,*,#1957,.T.);
#2678=ORIENTED_EDGE('',*,*,#1958,.T.);
#2679=ORIENTED_EDGE('',*,*,#1959,.F.);
#2680=ORIENTED_EDGE('',*,*,#1934,.F.);
#2681=ORIENTED_EDGE('',*,*,#1959,.T.);
#2682=ORIENTED_EDGE('',*,*,#1960,.T.);
#2683=ORIENTED_EDGE('',*,*,#1961,.F.);
#2684=ORIENTED_EDGE('',*,*,#1826,.T.);
#2685=ORIENTED_EDGE('',*,*,#1945,.F.);
#2686=ORIENTED_EDGE('',*,*,#1962,.T.);
#2687=ORIENTED_EDGE('',*,*,#1963,.F.);
#2688=ORIENTED_EDGE('',*,*,#1964,.F.);
#2689=ORIENTED_EDGE('',*,*,#1965,.T.);
#2690=ORIENTED_EDGE('',*,*,#1966,.T.);
#2691=ORIENTED_EDGE('',*,*,#1967,.F.);
#2692=ORIENTED_EDGE('',*,*,#1968,.T.);
#2693=ORIENTED_EDGE('',*,*,#1963,.T.);
#2694=ORIENTED_EDGE('',*,*,#1969,.T.);
#2695=ORIENTED_EDGE('',*,*,#1970,.F.);
#2696=ORIENTED_EDGE('',*,*,#1971,.F.);
#2697=ORIENTED_EDGE('',*,*,#1967,.T.);
#2698=ORIENTED_EDGE('',*,*,#1972,.T.);
#2699=ORIENTED_EDGE('',*,*,#1973,.F.);
#2700=ORIENTED_EDGE('',*,*,#1974,.T.);
#2701=ORIENTED_EDGE('',*,*,#1970,.T.);
#2702=ORIENTED_EDGE('',*,*,#1975,.T.);
#2703=ORIENTED_EDGE('',*,*,#1976,.F.);
#2704=ORIENTED_EDGE('',*,*,#1977,.F.);
#2705=ORIENTED_EDGE('',*,*,#1973,.T.);
#2706=ORIENTED_EDGE('',*,*,#1978,.T.);
#2707=ORIENTED_EDGE('',*,*,#1979,.F.);
#2708=ORIENTED_EDGE('',*,*,#1980,.T.);
#2709=ORIENTED_EDGE('',*,*,#1976,.T.);
#2710=ORIENTED_EDGE('',*,*,#1981,.T.);
#2711=ORIENTED_EDGE('',*,*,#1982,.F.);
#2712=ORIENTED_EDGE('',*,*,#1983,.F.);
#2713=ORIENTED_EDGE('',*,*,#1979,.T.);
#2714=ORIENTED_EDGE('',*,*,#1984,.T.);
#2715=ORIENTED_EDGE('',*,*,#1965,.F.);
#2716=ORIENTED_EDGE('',*,*,#1985,.T.);
#2717=ORIENTED_EDGE('',*,*,#1982,.T.);
#2718=ORIENTED_EDGE('',*,*,#1974,.F.);
#2719=ORIENTED_EDGE('',*,*,#1977,.T.);
#2720=ORIENTED_EDGE('',*,*,#1980,.F.);
#2721=ORIENTED_EDGE('',*,*,#1983,.T.);
#2722=ORIENTED_EDGE('',*,*,#1985,.F.);
#2723=ORIENTED_EDGE('',*,*,#1964,.T.);
#2724=ORIENTED_EDGE('',*,*,#1968,.F.);
#2725=ORIENTED_EDGE('',*,*,#1971,.T.);
#2726=ORIENTED_EDGE('',*,*,#1986,.T.);
#2727=ORIENTED_EDGE('',*,*,#1987,.T.);
#2728=ORIENTED_EDGE('',*,*,#1988,.T.);
#2729=ORIENTED_EDGE('',*,*,#1989,.T.);
#2730=ORIENTED_EDGE('',*,*,#1925,.T.);
#2731=ORIENTED_EDGE('',*,*,#1923,.T.);
#2732=ORIENTED_EDGE('',*,*,#1921,.T.);
#2733=ORIENTED_EDGE('',*,*,#1919,.T.);
#2734=ORIENTED_EDGE('',*,*,#1904,.F.);
#2735=ORIENTED_EDGE('',*,*,#1914,.F.);
#2736=ORIENTED_EDGE('',*,*,#1896,.T.);
#2737=ORIENTED_EDGE('',*,*,#1990,.T.);
#2738=ORIENTED_EDGE('',*,*,#1986,.F.);
#2739=ORIENTED_EDGE('',*,*,#1918,.F.);
#2740=ORIENTED_EDGE('',*,*,#1987,.F.);
#2741=ORIENTED_EDGE('',*,*,#1990,.F.);
#2742=ORIENTED_EDGE('',*,*,#1895,.T.);
#2743=ORIENTED_EDGE('',*,*,#1991,.T.);
#2744=ORIENTED_EDGE('',*,*,#1988,.F.);
#2745=ORIENTED_EDGE('',*,*,#1991,.F.);
#2746=ORIENTED_EDGE('',*,*,#1894,.T.);
#2747=ORIENTED_EDGE('',*,*,#1992,.T.);
#2748=ORIENTED_EDGE('',*,*,#1989,.F.);
#2749=ORIENTED_EDGE('',*,*,#1992,.F.);
#2750=ORIENTED_EDGE('',*,*,#1893,.T.);
#2751=ORIENTED_EDGE('',*,*,#1926,.T.);
#2752=ORIENTED_EDGE('',*,*,#1829,.T.);
#2753=ORIENTED_EDGE('',*,*,#1993,.T.);
#2754=ORIENTED_EDGE('',*,*,#1994,.T.);
#2755=ORIENTED_EDGE('',*,*,#1951,.F.);
#2756=ORIENTED_EDGE('',*,*,#1828,.T.);
#2757=ORIENTED_EDGE('',*,*,#1995,.T.);
#2758=ORIENTED_EDGE('',*,*,#1996,.T.);
#2759=ORIENTED_EDGE('',*,*,#1993,.F.);
#2760=ORIENTED_EDGE('',*,*,#1827,.T.);
#2761=ORIENTED_EDGE('',*,*,#1961,.T.);
#2762=ORIENTED_EDGE('',*,*,#1997,.T.);
#2763=ORIENTED_EDGE('',*,*,#1995,.F.);
#2764=ORIENTED_EDGE('',*,*,#1939,.F.);
#2765=ORIENTED_EDGE('',*,*,#1947,.F.);
#2766=ORIENTED_EDGE('',*,*,#1836,.T.);
#2767=ORIENTED_EDGE('',*,*,#1998,.T.);
#2768=ORIENTED_EDGE('',*,*,#1999,.T.);
#2769=ORIENTED_EDGE('',*,*,#2000,.F.);
#2770=ORIENTED_EDGE('',*,*,#1835,.T.);
#2771=ORIENTED_EDGE('',*,*,#2001,.T.);
#2772=ORIENTED_EDGE('',*,*,#2002,.T.);
#2773=ORIENTED_EDGE('',*,*,#1998,.F.);
#2774=ORIENTED_EDGE('',*,*,#1834,.T.);
#2775=ORIENTED_EDGE('',*,*,#2003,.T.);
#2776=ORIENTED_EDGE('',*,*,#2004,.T.);
#2777=ORIENTED_EDGE('',*,*,#2001,.F.);
#2778=ORIENTED_EDGE('',*,*,#1833,.T.);
#2779=ORIENTED_EDGE('',*,*,#2005,.T.);
#2780=ORIENTED_EDGE('',*,*,#2006,.T.);
#2781=ORIENTED_EDGE('',*,*,#2003,.F.);
#2782=ORIENTED_EDGE('',*,*,#1950,.F.);
#2783=ORIENTED_EDGE('',*,*,#1943,.F.);
#2784=ORIENTED_EDGE('',*,*,#2007,.T.);
#2785=ORIENTED_EDGE('',*,*,#2008,.T.);
#2786=ORIENTED_EDGE('',*,*,#2005,.F.);
#2787=ORIENTED_EDGE('',*,*,#1832,.T.);
#2788=ORIENTED_EDGE('',*,*,#1940,.F.);
#2789=ORIENTED_EDGE('',*,*,#2000,.T.);
#2790=ORIENTED_EDGE('',*,*,#2009,.T.);
#2791=ORIENTED_EDGE('',*,*,#2010,.F.);
#2792=ORIENTED_EDGE('',*,*,#1941,.F.);
#2793=ORIENTED_EDGE('',*,*,#2010,.T.);
#2794=ORIENTED_EDGE('',*,*,#2011,.T.);
#2795=ORIENTED_EDGE('',*,*,#2012,.F.);
#2796=ORIENTED_EDGE('',*,*,#1942,.F.);
#2797=ORIENTED_EDGE('',*,*,#2012,.T.);
#2798=ORIENTED_EDGE('',*,*,#2013,.T.);
#2799=ORIENTED_EDGE('',*,*,#2007,.F.);
#2800=ORIENTED_EDGE('',*,*,#2014,.T.);
#2801=ORIENTED_EDGE('',*,*,#2015,.T.);
#2802=ORIENTED_EDGE('',*,*,#1798,.T.);
#2803=ORIENTED_EDGE('',*,*,#2015,.F.);
#2804=ORIENTED_EDGE('',*,*,#2014,.F.);
#2805=ORIENTED_EDGE('',*,*,#2016,.T.);
#2806=ORIENTED_EDGE('',*,*,#2017,.T.);
#2807=ORIENTED_EDGE('',*,*,#1799,.T.);
#2808=ORIENTED_EDGE('',*,*,#2017,.F.);
#2809=ORIENTED_EDGE('',*,*,#2016,.F.);
#2810=ORIENTED_EDGE('',*,*,#2018,.T.);
#2811=ORIENTED_EDGE('',*,*,#2019,.T.);
#2812=ORIENTED_EDGE('',*,*,#1800,.T.);
#2813=ORIENTED_EDGE('',*,*,#2019,.F.);
#2814=ORIENTED_EDGE('',*,*,#2018,.F.);
#2815=ORIENTED_EDGE('',*,*,#2020,.T.);
#2816=ORIENTED_EDGE('',*,*,#2021,.T.);
#2817=ORIENTED_EDGE('',*,*,#1801,.T.);
#2818=ORIENTED_EDGE('',*,*,#2021,.F.);
#2819=ORIENTED_EDGE('',*,*,#2020,.F.);
#2820=ORIENTED_EDGE('',*,*,#2022,.T.);
#2821=ORIENTED_EDGE('',*,*,#2023,.T.);
#2822=ORIENTED_EDGE('',*,*,#2024,.T.);
#2823=ORIENTED_EDGE('',*,*,#2023,.F.);
#2824=ORIENTED_EDGE('',*,*,#2022,.F.);
#2825=ORIENTED_EDGE('',*,*,#2025,.T.);
#2826=ORIENTED_EDGE('',*,*,#2026,.T.);
#2827=ORIENTED_EDGE('',*,*,#2027,.T.);
#2828=ORIENTED_EDGE('',*,*,#2026,.F.);
#2829=ORIENTED_EDGE('',*,*,#2025,.F.);
#2830=ORIENTED_EDGE('',*,*,#2028,.T.);
#2831=ORIENTED_EDGE('',*,*,#2029,.T.);
#2832=ORIENTED_EDGE('',*,*,#2030,.T.);
#2833=ORIENTED_EDGE('',*,*,#2029,.F.);
#2834=ORIENTED_EDGE('',*,*,#2028,.F.);
#2835=ORIENTED_EDGE('',*,*,#2031,.T.);
#2836=ORIENTED_EDGE('',*,*,#2032,.T.);
#2837=ORIENTED_EDGE('',*,*,#2033,.T.);
#2838=ORIENTED_EDGE('',*,*,#2032,.F.);
#2839=ORIENTED_EDGE('',*,*,#2031,.F.);
#2840=ORIENTED_EDGE('',*,*,#1863,.F.);
#2841=ORIENTED_EDGE('',*,*,#1927,.T.);
#2842=ORIENTED_EDGE('',*,*,#1874,.F.);
#2843=ORIENTED_EDGE('',*,*,#2034,.T.);
#2844=ORIENTED_EDGE('',*,*,#1848,.T.);
#2845=ORIENTED_EDGE('',*,*,#1879,.F.);
#2846=ORIENTED_EDGE('',*,*,#1873,.F.);
#2847=ORIENTED_EDGE('',*,*,#1900,.F.);
#2848=ORIENTED_EDGE('',*,*,#1916,.F.);
#2849=ORIENTED_EDGE('',*,*,#1910,.F.);
#2850=ORIENTED_EDGE('',*,*,#1929,.T.);
#2851=ORIENTED_EDGE('',*,*,#1849,.T.);
#2852=ORIENTED_EDGE('',*,*,#2034,.F.);
#2853=ORIENTED_EDGE('',*,*,#1843,.T.);
#2854=ORIENTED_EDGE('',*,*,#1928,.F.);
#2855=ORIENTED_EDGE('',*,*,#1888,.F.);
#2856=ORIENTED_EDGE('',*,*,#2035,.T.);
#2857=ORIENTED_EDGE('',*,*,#1844,.T.);
#2858=ORIENTED_EDGE('',*,*,#2035,.F.);
#2859=ORIENTED_EDGE('',*,*,#1887,.T.);
#2860=ORIENTED_EDGE('',*,*,#2036,.T.);
#2861=ORIENTED_EDGE('',*,*,#1845,.T.);
#2862=ORIENTED_EDGE('',*,*,#2036,.F.);
#2863=ORIENTED_EDGE('',*,*,#1886,.F.);
#2864=ORIENTED_EDGE('',*,*,#2037,.T.);
#2865=ORIENTED_EDGE('',*,*,#1915,.F.);
#2866=ORIENTED_EDGE('',*,*,#1912,.F.);
#2867=ORIENTED_EDGE('',*,*,#1880,.T.);
#2868=ORIENTED_EDGE('',*,*,#1846,.T.);
#2869=ORIENTED_EDGE('',*,*,#2037,.F.);
#2870=ORIENTED_EDGE('',*,*,#1885,.T.);
#2871=ORIENTED_EDGE('',*,*,#1691,.F.);
#2872=ORIENTED_EDGE('',*,*,#1797,.T.);
#2873=ORIENTED_EDGE('',*,*,#1711,.F.);
#2874=ORIENTED_EDGE('',*,*,#1670,.T.);
#2875=ORIENTED_EDGE('',*,*,#1679,.T.);
#2876=ORIENTED_EDGE('',*,*,#1713,.F.);
#2877=ORIENTED_EDGE('',*,*,#1796,.T.);
#2878=ORIENTED_EDGE('',*,*,#2038,.F.);
#2879=ORIENTED_EDGE('',*,*,#1645,.T.);
#2880=ORIENTED_EDGE('',*,*,#1677,.T.);
#2881=ORIENTED_EDGE('',*,*,#1703,.T.);
#2882=ORIENTED_EDGE('',*,*,#1662,.T.);
#2883=ORIENTED_EDGE('',*,*,#2039,.T.);
#2884=ORIENTED_EDGE('',*,*,#1791,.T.);
#2885=ORIENTED_EDGE('',*,*,#2040,.T.);
#2886=ORIENTED_EDGE('',*,*,#1707,.T.);
#2887=ORIENTED_EDGE('',*,*,#1708,.T.);
#2888=ORIENTED_EDGE('',*,*,#2040,.F.);
#2889=ORIENTED_EDGE('',*,*,#1790,.T.);
#2890=ORIENTED_EDGE('',*,*,#2041,.F.);
#2891=ORIENTED_EDGE('',*,*,#1720,.T.);
#2892=ORIENTED_EDGE('',*,*,#1714,.T.);
#2893=ORIENTED_EDGE('',*,*,#1702,.F.);
#2894=ORIENTED_EDGE('',*,*,#1792,.T.);
#2895=ORIENTED_EDGE('',*,*,#2039,.F.);
#2896=ORIENTED_EDGE('',*,*,#1661,.T.);
#2897=ORIENTED_EDGE('',*,*,#2042,.T.);
#2898=ORIENTED_EDGE('',*,*,#2043,.T.);
#2899=ORIENTED_EDGE('',*,*,#1675,.T.);
#2900=ORIENTED_EDGE('',*,*,#2043,.F.);
#2901=ORIENTED_EDGE('',*,*,#2042,.F.);
#2902=ORIENTED_EDGE('',*,*,#2033,.F.);
#2903=ORIENTED_EDGE('',*,*,#2044,.T.);
#2904=ORIENTED_EDGE('',*,*,#2045,.T.);
#2905=ORIENTED_EDGE('',*,*,#1674,.T.);
#2906=ORIENTED_EDGE('',*,*,#2045,.F.);
#2907=ORIENTED_EDGE('',*,*,#2044,.F.);
#2908=ORIENTED_EDGE('',*,*,#2030,.F.);
#2909=ORIENTED_EDGE('',*,*,#2046,.T.);
#2910=ORIENTED_EDGE('',*,*,#2047,.T.);
#2911=ORIENTED_EDGE('',*,*,#1673,.T.);
#2912=ORIENTED_EDGE('',*,*,#2047,.F.);
#2913=ORIENTED_EDGE('',*,*,#2046,.F.);
#2914=ORIENTED_EDGE('',*,*,#2027,.F.);
#2915=ORIENTED_EDGE('',*,*,#2048,.T.);
#2916=ORIENTED_EDGE('',*,*,#2049,.T.);
#2917=ORIENTED_EDGE('',*,*,#1672,.T.);
#2918=ORIENTED_EDGE('',*,*,#2049,.F.);
#2919=ORIENTED_EDGE('',*,*,#2048,.F.);
#2920=ORIENTED_EDGE('',*,*,#2024,.F.);
#2921=ORIENTED_EDGE('',*,*,#1718,.T.);
#2922=ORIENTED_EDGE('',*,*,#1721,.T.);
#2923=ORIENTED_EDGE('',*,*,#2041,.T.);
#2924=ORIENTED_EDGE('',*,*,#1789,.T.);
#2925=ORIENTED_EDGE('',*,*,#1779,.F.);
#2926=ORIENTED_EDGE('',*,*,#1759,.T.);
#2927=ORIENTED_EDGE('',*,*,#1795,.T.);
#2928=ORIENTED_EDGE('',*,*,#1840,.F.);
#2929=ORIENTED_EDGE('',*,*,#1646,.T.);
#2930=ORIENTED_EDGE('',*,*,#2038,.T.);
#2931=ORIENTED_EDGE('',*,*,#1806,.F.);
#2932=ORIENTED_EDGE('',*,*,#1651,.T.);
#2933=ORIENTED_EDGE('',*,*,#1855,.F.);
#2934=ORIENTED_EDGE('',*,*,#1815,.F.);
#2935=ORIENTED_EDGE('',*,*,#1793,.T.);
#2936=ORIENTED_EDGE('',*,*,#1697,.F.);
#2937=ORIENTED_EDGE('',*,*,#1656,.T.);
#2938=ORIENTED_EDGE('',*,*,#1841,.T.);
#2939=ORIENTED_EDGE('',*,*,#1773,.F.);
#2940=ORIENTED_EDGE('',*,*,#2050,.T.);
#2941=ORIENTED_EDGE('',*,*,#1784,.T.);
#2942=ORIENTED_EDGE('',*,*,#2051,.F.);
#2943=ORIENTED_EDGE('',*,*,#1772,.F.);
#2944=ORIENTED_EDGE('',*,*,#2052,.T.);
#2945=ORIENTED_EDGE('',*,*,#1785,.T.);
#2946=ORIENTED_EDGE('',*,*,#2050,.F.);
#2947=ORIENTED_EDGE('',*,*,#1771,.F.);
#2948=ORIENTED_EDGE('',*,*,#2053,.T.);
#2949=ORIENTED_EDGE('',*,*,#1786,.T.);
#2950=ORIENTED_EDGE('',*,*,#2052,.F.);
#2951=ORIENTED_EDGE('',*,*,#1975,.F.);
#2952=ORIENTED_EDGE('',*,*,#1972,.F.);
#2953=ORIENTED_EDGE('',*,*,#1969,.F.);
#2954=ORIENTED_EDGE('',*,*,#1966,.F.);
#2955=ORIENTED_EDGE('',*,*,#1962,.F.);
#2956=ORIENTED_EDGE('',*,*,#1984,.F.);
#2957=ORIENTED_EDGE('',*,*,#1981,.F.);
#2958=ORIENTED_EDGE('',*,*,#1978,.F.);
#2959=ORIENTED_EDGE('',*,*,#1960,.F.);
#2960=ORIENTED_EDGE('',*,*,#1958,.F.);
#2961=ORIENTED_EDGE('',*,*,#1956,.F.);
#2962=ORIENTED_EDGE('',*,*,#1954,.F.);
#2963=ORIENTED_EDGE('',*,*,#1952,.F.);
#2964=ORIENTED_EDGE('',*,*,#1994,.F.);
#2965=ORIENTED_EDGE('',*,*,#1996,.F.);
#2966=ORIENTED_EDGE('',*,*,#1997,.F.);
#2967=ORIENTED_EDGE('',*,*,#2008,.F.);
#2968=ORIENTED_EDGE('',*,*,#2013,.F.);
#2969=ORIENTED_EDGE('',*,*,#2011,.F.);
#2970=ORIENTED_EDGE('',*,*,#2009,.F.);
#2971=ORIENTED_EDGE('',*,*,#1999,.F.);
#2972=ORIENTED_EDGE('',*,*,#2002,.F.);
#2973=ORIENTED_EDGE('',*,*,#2004,.F.);
#2974=ORIENTED_EDGE('',*,*,#2006,.F.);
#2975=ORIENTED_EDGE('',*,*,#1770,.F.);
#2976=ORIENTED_EDGE('',*,*,#2054,.T.);
#2977=ORIENTED_EDGE('',*,*,#1787,.T.);
#2978=ORIENTED_EDGE('',*,*,#2053,.F.);
#2979=ORIENTED_EDGE('',*,*,#1769,.F.);
#2980=ORIENTED_EDGE('',*,*,#1778,.T.);
#2981=ORIENTED_EDGE('',*,*,#1788,.T.);
#2982=ORIENTED_EDGE('',*,*,#2054,.F.);
#2983=ORIENTED_EDGE('',*,*,#1764,.T.);
#2984=ORIENTED_EDGE('',*,*,#2051,.T.);
#2985=ORIENTED_EDGE('',*,*,#1783,.T.);
#2986=ORIENTED_EDGE('',*,*,#1781,.F.);
#2987=PLANE('',#3285);
#2988=PLANE('',#3286);
#2989=PLANE('',#3287);
#2990=PLANE('',#3289);
#2991=PLANE('',#3290);
#2992=PLANE('',#3291);
#2993=PLANE('',#3307);
#2994=PLANE('',#3311);
#2995=PLANE('',#3315);
#2996=PLANE('',#3319);
#2997=PLANE('',#3320);
#2998=PLANE('',#3321);
#2999=PLANE('',#3338);
#3000=PLANE('',#3340);
#3001=PLANE('',#3341);
#3002=PLANE('',#3345);
#3003=PLANE('',#3346);
#3004=PLANE('',#3350);
#3005=PLANE('',#3353);
#3006=PLANE('',#3360);
#3007=PLANE('',#3361);
#3008=PLANE('',#3363);
#3009=PLANE('',#3366);
#3010=PLANE('',#3372);
#3011=PLANE('',#3373);
#3012=PLANE('',#3375);
#3013=PLANE('',#3376);
#3014=PLANE('',#3377);
#3015=PLANE('',#3378);
#3016=PLANE('',#3379);
#3017=PLANE('',#3380);
#3018=PLANE('',#3381);
#3019=PLANE('',#3382);
#3020=PLANE('',#3383);
#3021=PLANE('',#3384);
#3022=PLANE('',#3386);
#3023=PLANE('',#3387);
#3024=PLANE('',#3392);
#3025=PLANE('',#3397);
#3026=PLANE('',#3398);
#3027=PLANE('',#3399);
#3028=PLANE('',#3400);
#3029=PLANE('',#3412);
#3030=PLANE('',#3413);
#3031=PLANE('',#3414);
#3032=PLANE('',#3415);
#3033=PLANE('',#3416);
#3034=PLANE('',#3417);
#3035=PLANE('',#3418);
#3036=PLANE('',#3427);
#3037=PLANE('',#3428);
#3038=PLANE('',#3429);
#3039=PLANE('',#3430);
#3040=PLANE('',#3431);
#3041=PLANE('',#3432);
#3042=PLANE('',#3439);
#3043=PLANE('',#3449);
#3044=PLANE('',#3454);
#3045=PLANE('',#3455);
#3046=PLANE('',#3457);
#3047=PLANE('',#3458);
#3048=PLANE('',#3462);
#3049=PLANE('',#3463);
#3050=PLANE('',#3466);
#3051=PLANE('',#3469);
#3052=PLANE('',#3470);
#3053=PLANE('',#3471);
#3054=PLANE('',#3472);
#3055=PLANE('',#3477);
#3056=PLANE('',#3478);
#3057=PLANE('',#3479);
#3058=PLANE('',#3480);
#3059=PLANE('',#3481);
#3060=PLANE('',#3482);
#3061=PLANE('',#3485);
#3062=PLANE('',#3488);
#3063=PLANE('',#3489);
#3064=PLANE('',#3493);
#3065=PLANE('',#3497);
#3066=PLANE('',#3501);
#3067=PLANE('',#3505);
#3068=PLANE('',#3508);
#3069=PLANE('',#3510);
#3070=PLANE('',#3514);
#3071=PLANE('',#3517);
#3072=PLANE('',#3520);
#3073=PLANE('',#3523);
#3074=PLANE('',#3526);
#3075=PLANE('',#3531);
#3076=PLANE('',#3534);
#3077=PLANE('',#3537);
#3078=PLANE('',#3540);
#3079=PLANE('',#3544);
#3080=PLANE('',#3548);
#3081=PLANE('',#3552);
#3082=PLANE('',#3556);
#3083=PLANE('',#3557);
#3084=PLANE('',#3560);
#3085=PLANE('',#3562);
#3086=PLANE('',#3563);
#3087=PLANE('',#3564);
#3088=PLANE('',#3566);
#3089=PLANE('',#3567);
#3090=PLANE('',#3570);
#3091=PLANE('',#3573);
#3092=PLANE('',#3576);
#3093=PLANE('',#3579);
#3094=PLANE('',#3582);
#3095=PLANE('',#3584);
#3096=PLANE('',#3586);
#3097=PLANE('',#3588);
#3098=ADVANCED_FACE('',(#240),#2987,.F.);
#3099=ADVANCED_FACE('',(#241),#2988,.T.);
#3100=ADVANCED_FACE('',(#242),#2989,.T.);
#3101=ADVANCED_FACE('',(#243),#2990,.F.);
#3102=ADVANCED_FACE('',(#244),#2991,.F.);
#3103=ADVANCED_FACE('',(#245),#2992,.F.);
#3104=ADVANCED_FACE('',(#246),#46,.F.);
#3105=ADVANCED_FACE('',(#247),#47,.F.);
#3106=ADVANCED_FACE('',(#248),#48,.F.);
#3107=ADVANCED_FACE('',(#249),#49,.F.);
#3108=ADVANCED_FACE('',(#250),#50,.F.);
#3109=ADVANCED_FACE('',(#251,#17),#2993,.T.);
#3110=ADVANCED_FACE('',(#252),#51,.F.);
#3111=ADVANCED_FACE('',(#253,#18),#2994,.T.);
#3112=ADVANCED_FACE('',(#254),#52,.F.);
#3113=ADVANCED_FACE('',(#255,#19),#2995,.T.);
#3114=ADVANCED_FACE('',(#256),#53,.F.);
#3115=ADVANCED_FACE('',(#257,#20),#2996,.T.);
#3116=ADVANCED_FACE('',(#258),#2997,.T.);
#3117=ADVANCED_FACE('',(#259,#21,#22,#23,#24),#2998,.F.);
#3118=ADVANCED_FACE('',(#260),#54,.T.);
#3119=ADVANCED_FACE('',(#261,#25),#2999,.T.);
#3120=ADVANCED_FACE('',(#262),#3000,.T.);
#3121=ADVANCED_FACE('',(#263),#3001,.T.);
#3122=ADVANCED_FACE('',(#264),#55,.T.);
#3123=ADVANCED_FACE('',(#265),#3002,.T.);
#3124=ADVANCED_FACE('',(#266),#3003,.T.);
#3125=ADVANCED_FACE('',(#267),#56,.T.);
#3126=ADVANCED_FACE('',(#268),#3004,.T.);
#3127=ADVANCED_FACE('',(#269),#57,.T.);
#3128=ADVANCED_FACE('',(#270,#26),#3005,.T.);
#3129=ADVANCED_FACE('',(#271),#58,.T.);
#3130=ADVANCED_FACE('',(#272),#59,.T.);
#3131=ADVANCED_FACE('',(#273),#3006,.T.);
#3132=ADVANCED_FACE('',(#274),#3007,.F.);
#3133=ADVANCED_FACE('',(#275,#27),#3008,.T.);
#3134=ADVANCED_FACE('',(#276),#60,.T.);
#3135=ADVANCED_FACE('',(#277,#28),#3009,.T.);
#3136=ADVANCED_FACE('',(#278),#61,.T.);
#3137=ADVANCED_FACE('',(#279),#62,.T.);
#3138=ADVANCED_FACE('',(#280),#3010,.F.);
#3139=ADVANCED_FACE('',(#281),#3011,.F.);
#3140=ADVANCED_FACE('',(#282),#3012,.F.);
#3141=ADVANCED_FACE('',(#283),#3013,.F.);
#3142=ADVANCED_FACE('',(#284),#3014,.F.);
#3143=ADVANCED_FACE('',(#285),#3015,.T.);
#3144=ADVANCED_FACE('',(#286),#3016,.T.);
#3145=ADVANCED_FACE('',(#287),#3017,.F.);
#3146=ADVANCED_FACE('',(#288),#3018,.T.);
#3147=ADVANCED_FACE('',(#289),#3019,.F.);
#3148=ADVANCED_FACE('',(#290),#3020,.F.);
#3149=ADVANCED_FACE('',(#291),#3021,.T.);
#3150=ADVANCED_FACE('',(#292),#3022,.F.);
#3151=ADVANCED_FACE('',(#293,#29,#30,#31,#32),#3023,.T.);
#3152=ADVANCED_FACE('',(#294),#3024,.F.);
#3153=ADVANCED_FACE('',(#295),#63,.F.);
#3154=ADVANCED_FACE('',(#296),#64,.T.);
#3155=ADVANCED_FACE('',(#297),#3025,.F.);
#3156=ADVANCED_FACE('',(#298),#3026,.T.);
#3157=ADVANCED_FACE('',(#299),#3027,.F.);
#3158=ADVANCED_FACE('',(#300,#33,#34,#35,#36),#3028,.F.);
#3159=ADVANCED_FACE('',(#301),#3029,.F.);
#3160=ADVANCED_FACE('',(#302),#3030,.F.);
#3161=ADVANCED_FACE('',(#303),#3031,.F.);
#3162=ADVANCED_FACE('',(#304),#3032,.F.);
#3163=ADVANCED_FACE('',(#305),#3033,.F.);
#3164=ADVANCED_FACE('',(#306),#3034,.F.);
#3165=ADVANCED_FACE('',(#307,#37),#3035,.T.);
#3166=ADVANCED_FACE('',(#308),#3036,.F.);
#3167=ADVANCED_FACE('',(#309),#3037,.F.);
#3168=ADVANCED_FACE('',(#310),#3038,.F.);
#3169=ADVANCED_FACE('',(#311),#3039,.F.);
#3170=ADVANCED_FACE('',(#312),#3040,.F.);
#3171=ADVANCED_FACE('',(#313),#3041,.T.);
#3172=ADVANCED_FACE('',(#314),#65,.F.);
#3173=ADVANCED_FACE('',(#315),#66,.F.);
#3174=ADVANCED_FACE('',(#316),#3042,.T.);
#3175=ADVANCED_FACE('',(#317),#67,.F.);
#3176=ADVANCED_FACE('',(#318),#68,.F.);
#3177=ADVANCED_FACE('',(#319),#69,.T.);
#3178=ADVANCED_FACE('',(#320),#3043,.T.);
#3179=ADVANCED_FACE('',(#321),#3044,.T.);
#3180=ADVANCED_FACE('',(#322),#3045,.T.);
#3181=ADVANCED_FACE('',(#323),#3046,.T.);
#3182=ADVANCED_FACE('',(#324),#3047,.T.);
#3183=ADVANCED_FACE('',(#325),#3048,.T.);
#3184=ADVANCED_FACE('',(#326),#3049,.F.);
#3185=ADVANCED_FACE('',(#327),#70,.F.);
#3186=ADVANCED_FACE('',(#328),#3050,.T.);
#3187=ADVANCED_FACE('',(#329),#71,.F.);
#3188=ADVANCED_FACE('',(#330),#3051,.T.);
#3189=ADVANCED_FACE('',(#331),#3052,.T.);
#3190=ADVANCED_FACE('',(#332),#3053,.F.);
#3191=ADVANCED_FACE('',(#333),#3054,.T.);
#3192=ADVANCED_FACE('',(#334),#3055,.T.);
#3193=ADVANCED_FACE('',(#335),#3056,.T.);
#3194=ADVANCED_FACE('',(#336),#3057,.T.);
#3195=ADVANCED_FACE('',(#337),#3058,.T.);
#3196=ADVANCED_FACE('',(#338),#3059,.T.);
#3197=ADVANCED_FACE('',(#339),#3060,.T.);
#3198=ADVANCED_FACE('',(#340),#72,.F.);
#3199=ADVANCED_FACE('',(#341),#3061,.T.);
#3200=ADVANCED_FACE('',(#342),#73,.F.);
#3201=ADVANCED_FACE('',(#343),#3062,.T.);
#3202=ADVANCED_FACE('',(#344),#3063,.T.);
#3203=ADVANCED_FACE('',(#345),#74,.F.);
#3204=ADVANCED_FACE('',(#346),#3064,.T.);
#3205=ADVANCED_FACE('',(#347),#75,.F.);
#3206=ADVANCED_FACE('',(#348),#3065,.T.);
#3207=ADVANCED_FACE('',(#349),#76,.F.);
#3208=ADVANCED_FACE('',(#350),#3066,.T.);
#3209=ADVANCED_FACE('',(#351),#77,.F.);
#3210=ADVANCED_FACE('',(#352,#38),#3067,.F.);
#3211=ADVANCED_FACE('',(#353),#3068,.T.);
#3212=ADVANCED_FACE('',(#354),#78,.F.);
#3213=ADVANCED_FACE('',(#355),#3069,.T.);
#3214=ADVANCED_FACE('',(#356),#79,.F.);
#3215=ADVANCED_FACE('',(#357),#80,.F.);
#3216=ADVANCED_FACE('',(#358),#3070,.T.);
#3217=ADVANCED_FACE('',(#359),#81,.F.);
#3218=ADVANCED_FACE('',(#360),#3071,.T.);
#3219=ADVANCED_FACE('',(#361),#82,.F.);
#3220=ADVANCED_FACE('',(#362),#3072,.T.);
#3221=ADVANCED_FACE('',(#363),#83,.F.);
#3222=ADVANCED_FACE('',(#364),#3073,.T.);
#3223=ADVANCED_FACE('',(#365),#84,.F.);
#3224=ADVANCED_FACE('',(#366),#3074,.T.);
#3225=ADVANCED_FACE('',(#367),#85,.F.);
#3226=ADVANCED_FACE('',(#368),#86,.F.);
#3227=ADVANCED_FACE('',(#369),#3075,.F.);
#3228=ADVANCED_FACE('',(#370),#87,.F.);
#3229=ADVANCED_FACE('',(#371),#3076,.F.);
#3230=ADVANCED_FACE('',(#372),#88,.F.);
#3231=ADVANCED_FACE('',(#373),#3077,.F.);
#3232=ADVANCED_FACE('',(#374),#89,.F.);
#3233=ADVANCED_FACE('',(#375),#3078,.F.);
#3234=ADVANCED_FACE('',(#376),#90,.F.);
#3235=ADVANCED_FACE('',(#377),#3079,.F.);
#3236=ADVANCED_FACE('',(#378),#91,.F.);
#3237=ADVANCED_FACE('',(#379),#3080,.F.);
#3238=ADVANCED_FACE('',(#380),#92,.F.);
#3239=ADVANCED_FACE('',(#381),#3081,.F.);
#3240=ADVANCED_FACE('',(#382),#93,.F.);
#3241=ADVANCED_FACE('',(#383),#3082,.F.);
#3242=ADVANCED_FACE('',(#384),#3083,.F.);
#3243=ADVANCED_FACE('',(#385),#94,.T.);
#3244=ADVANCED_FACE('',(#386),#95,.T.);
#3245=ADVANCED_FACE('',(#387),#3084,.F.);
#3246=ADVANCED_FACE('',(#388),#96,.T.);
#3247=ADVANCED_FACE('',(#389),#3085,.F.);
#3248=ADVANCED_FACE('',(#390),#3086,.T.);
#3249=ADVANCED_FACE('',(#391),#3087,.T.);
#3250=ADVANCED_FACE('',(#392),#97,.T.);
#3251=ADVANCED_FACE('',(#393),#3088,.T.);
#3252=ADVANCED_FACE('',(#394),#3089,.T.);
#3253=ADVANCED_FACE('',(#395),#98,.T.);
#3254=ADVANCED_FACE('',(#396,#39),#3090,.F.);
#3255=ADVANCED_FACE('',(#397),#99,.T.);
#3256=ADVANCED_FACE('',(#398,#40),#3091,.F.);
#3257=ADVANCED_FACE('',(#399),#100,.T.);
#3258=ADVANCED_FACE('',(#400,#41),#3092,.F.);
#3259=ADVANCED_FACE('',(#401),#101,.T.);
#3260=ADVANCED_FACE('',(#402,#42),#3093,.F.);
#3261=ADVANCED_FACE('',(#403),#102,.F.);
#3262=ADVANCED_FACE('',(#404),#103,.F.);
#3263=ADVANCED_FACE('',(#405),#3094,.T.);
#3264=ADVANCED_FACE('',(#406),#104,.F.);
#3265=ADVANCED_FACE('',(#407),#3095,.F.);
#3266=ADVANCED_FACE('',(#408),#105,.T.);
#3267=ADVANCED_FACE('',(#409,#43,#44,#45),#3096,.F.);
#3268=ADVANCED_FACE('',(#410),#106,.T.);
#3269=ADVANCED_FACE('',(#411),#3097,.F.);
#3270=ADVANCED_FACE('',(#412),#107,.T.);
#3271=CLOSED_SHELL('',(#3098,#3099,#3100,#3101,#3102,#3103,#3104,#3105,
#3106,#3107,#3108,#3109,#3110,#3111,#3112,#3113,#3114,#3115,#3116,#3117,
#3118,#3119,#3120,#3121,#3122,#3123,#3124,#3125,#3126,#3127,#3128,#3129,
#3130,#3131,#3132,#3133,#3134,#3135,#3136,#3137,#3138,#3139,#3140,#3141,
#3142,#3143,#3144,#3145,#3146,#3147,#3148,#3149,#3150,#3151,#3152,#3153,
#3154,#3155,#3156,#3157,#3158,#3159,#3160,#3161,#3162,#3163,#3164,#3165,
#3166,#3167,#3168,#3169,#3170,#3171,#3172,#3173,#3174,#3175,#3176,#3177,
#3178,#3179,#3180,#3181,#3182,#3183,#3184,#3185,#3186,#3187,#3188,#3189,
#3190,#3191,#3192,#3193,#3194,#3195,#3196,#3197,#3198,#3199,#3200,#3201,
#3202,#3203,#3204,#3205,#3206,#3207,#3208,#3209,#3210,#3211,#3212,#3213,
#3214,#3215,#3216,#3217,#3218,#3219,#3220,#3221,#3222,#3223,#3224,#3225,
#3226,#3227,#3228,#3229,#3230,#3231,#3232,#3233,#3234,#3235,#3236,#3237,
#3238,#3239,#3240,#3241,#3242,#3243,#3244,#3245,#3246,#3247,#3248,#3249,
#3250,#3251,#3252,#3253,#3254,#3255,#3256,#3257,#3258,#3259,#3260,#3261,
#3262,#3263,#3264,#3265,#3266,#3267,#3268,#3269,#3270));
#3272=DERIVED_UNIT_ELEMENT(#3274,1.);
#3273=DERIVED_UNIT_ELEMENT(#5499,-3.);
#3274=(
MASS_UNIT()
NAMED_UNIT(*)
SI_UNIT(.KILO.,.GRAM.)
);
#3275=DERIVED_UNIT((#3272,#3273));
#3276=MEASURE_REPRESENTATION_ITEM('density measure',
POSITIVE_RATIO_MEASURE(7850.),#3275);
#3277=PROPERTY_DEFINITION_REPRESENTATION(#3282,#3279);
#3278=PROPERTY_DEFINITION_REPRESENTATION(#3283,#3280);
#3279=REPRESENTATION('material name',(#3281),#5496);
#3280=REPRESENTATION('density',(#3276),#5496);
#3281=DESCRIPTIVE_REPRESENTATION_ITEM('Steel','Steel');
#3282=PROPERTY_DEFINITION('material property','material name',#5506);
#3283=PROPERTY_DEFINITION('material property','density of part',#5506);
#3284=AXIS2_PLACEMENT_3D('',#4534,#3590,#3591);
#3285=AXIS2_PLACEMENT_3D('',#4535,#3592,#3593);
#3286=AXIS2_PLACEMENT_3D('',#4544,#3598,#3599);
#3287=AXIS2_PLACEMENT_3D('',#4554,#3605,#3606);
#3288=AXIS2_PLACEMENT_3D('',#4559,#3609,#3610);
#3289=AXIS2_PLACEMENT_3D('',#4560,#3611,#3612);
#3290=AXIS2_PLACEMENT_3D('',#4569,#3617,#3618);
#3291=AXIS2_PLACEMENT_3D('',#4586,#3627,#3628);
#3292=AXIS2_PLACEMENT_3D('',#4591,#3632,#3633);
#3293=AXIS2_PLACEMENT_3D('',#4593,#3634,#3635);
#3294=AXIS2_PLACEMENT_3D('',#4596,#3637,#3638);
#3295=AXIS2_PLACEMENT_3D('',#4597,#3639,#3640);
#3296=AXIS2_PLACEMENT_3D('',#4599,#3641,#3642);
#3297=AXIS2_PLACEMENT_3D('',#4602,#3644,#3645);
#3298=AXIS2_PLACEMENT_3D('',#4603,#3646,#3647);
#3299=AXIS2_PLACEMENT_3D('',#4605,#3648,#3649);
#3300=AXIS2_PLACEMENT_3D('',#4608,#3651,#3652);
#3301=AXIS2_PLACEMENT_3D('',#4609,#3653,#3654);
#3302=AXIS2_PLACEMENT_3D('',#4611,#3655,#3656);
#3303=AXIS2_PLACEMENT_3D('',#4614,#3658,#3659);
#3304=AXIS2_PLACEMENT_3D('',#4615,#3660,#3661);
#3305=AXIS2_PLACEMENT_3D('',#4617,#3662,#3663);
#3306=AXIS2_PLACEMENT_3D('',#4620,#3665,#3666);
#3307=AXIS2_PLACEMENT_3D('',#4621,#3667,#3668);
#3308=AXIS2_PLACEMENT_3D('',#4622,#3669,#3670);
#3309=AXIS2_PLACEMENT_3D('',#4624,#3671,#3672);
#3310=AXIS2_PLACEMENT_3D('',#4627,#3674,#3675);
#3311=AXIS2_PLACEMENT_3D('',#4628,#3676,#3677);
#3312=AXIS2_PLACEMENT_3D('',#4629,#3678,#3679);
#3313=AXIS2_PLACEMENT_3D('',#4631,#3680,#3681);
#3314=AXIS2_PLACEMENT_3D('',#4634,#3683,#3684);
#3315=AXIS2_PLACEMENT_3D('',#4635,#3685,#3686);
#3316=AXIS2_PLACEMENT_3D('',#4636,#3687,#3688);
#3317=AXIS2_PLACEMENT_3D('',#4638,#3689,#3690);
#3318=AXIS2_PLACEMENT_3D('',#4641,#3692,#3693);
#3319=AXIS2_PLACEMENT_3D('',#4642,#3694,#3695);
#3320=AXIS2_PLACEMENT_3D('',#4643,#3696,#3697);
#3321=AXIS2_PLACEMENT_3D('',#4652,#3702,#3703);
#3322=AXIS2_PLACEMENT_3D('',#4654,#3704,#3705);
#3323=AXIS2_PLACEMENT_3D('',#4658,#3707,#3708);
#3324=AXIS2_PLACEMENT_3D('',#4678,#3718,#3719);
#3325=AXIS2_PLACEMENT_3D('',#4682,#3721,#3722);
#3326=AXIS2_PLACEMENT_3D('',#4686,#3724,#3725);
#3327=AXIS2_PLACEMENT_3D('',#4690,#3727,#3728);
#3328=AXIS2_PLACEMENT_3D('',#4693,#3730,#3731);
#3329=AXIS2_PLACEMENT_3D('',#4699,#3734,#3735);
#3330=AXIS2_PLACEMENT_3D('',#4703,#3737,#3738);
#3331=AXIS2_PLACEMENT_3D('',#4706,#3740,#3741);
#3332=AXIS2_PLACEMENT_3D('',#4708,#3742,#3743);
#3333=AXIS2_PLACEMENT_3D('',#4710,#3744,#3745);
#3334=AXIS2_PLACEMENT_3D('',#4712,#3746,#3747);
#3335=AXIS2_PLACEMENT_3D('',#4714,#3748,#3749);
#3336=AXIS2_PLACEMENT_3D('',#4715,#3750,#3751);
#3337=AXIS2_PLACEMENT_3D('',#4717,#3752,#3753);
#3338=AXIS2_PLACEMENT_3D('',#4719,#3755,#3756);
#3339=AXIS2_PLACEMENT_3D('',#4721,#3757,#3758);
#3340=AXIS2_PLACEMENT_3D('',#4723,#3760,#3761);
#3341=AXIS2_PLACEMENT_3D('',#4729,#3765,#3766);
#3342=AXIS2_PLACEMENT_3D('',#4742,#3773,#3774);
#3343=AXIS2_PLACEMENT_3D('',#4743,#3775,#3776);
#3344=AXIS2_PLACEMENT_3D('',#4745,#3777,#3778);
#3345=AXIS2_PLACEMENT_3D('',#4747,#3780,#3781);
#3346=AXIS2_PLACEMENT_3D('',#4753,#3785,#3786);
#3347=AXIS2_PLACEMENT_3D('',#4763,#3792,#3793);
#3348=AXIS2_PLACEMENT_3D('',#4764,#3794,#3795);
#3349=AXIS2_PLACEMENT_3D('',#4766,#3796,#3797);
#3350=AXIS2_PLACEMENT_3D('',#4768,#3799,#3800);
#3351=AXIS2_PLACEMENT_3D('',#4774,#3804,#3805);
#3352=AXIS2_PLACEMENT_3D('',#4775,#3806,#3807);
#3353=AXIS2_PLACEMENT_3D('',#4776,#3808,#3809);
#3354=AXIS2_PLACEMENT_3D('',#4778,#3810,#3811);
#3355=AXIS2_PLACEMENT_3D('',#4782,#3813,#3814);
#3356=AXIS2_PLACEMENT_3D('',#4784,#3816,#3817);
#3357=AXIS2_PLACEMENT_3D('',#4788,#3819,#3820);
#3358=AXIS2_PLACEMENT_3D('',#4790,#3822,#3823);
#3359=AXIS2_PLACEMENT_3D('',#4794,#3825,#3826);
#3360=AXIS2_PLACEMENT_3D('',#4796,#3828,#3829);
#3361=AXIS2_PLACEMENT_3D('',#4802,#3833,#3834);
#3362=AXIS2_PLACEMENT_3D('',#4805,#3836,#3837);
#3363=AXIS2_PLACEMENT_3D('',#4806,#3838,#3839);
#3364=AXIS2_PLACEMENT_3D('',#4807,#3840,#3841);
#3365=AXIS2_PLACEMENT_3D('',#4808,#3842,#3843);
#3366=AXIS2_PLACEMENT_3D('',#4809,#3844,#3845);
#3367=AXIS2_PLACEMENT_3D('',#4811,#3846,#3847);
#3368=AXIS2_PLACEMENT_3D('',#4815,#3850,#3851);
#3369=AXIS2_PLACEMENT_3D('',#4816,#3852,#3853);
#3370=AXIS2_PLACEMENT_3D('',#4817,#3854,#3855);
#3371=AXIS2_PLACEMENT_3D('',#4818,#3856,#3857);
#3372=AXIS2_PLACEMENT_3D('',#4820,#3859,#3860);
#3373=AXIS2_PLACEMENT_3D('',#4830,#3866,#3867);
#3374=AXIS2_PLACEMENT_3D('',#4831,#3868,#3869);
#3375=AXIS2_PLACEMENT_3D('',#4832,#3870,#3871);
#3376=AXIS2_PLACEMENT_3D('',#4841,#3876,#3877);
#3377=AXIS2_PLACEMENT_3D('',#4848,#3882,#3883);
#3378=AXIS2_PLACEMENT_3D('',#4850,#3885,#3886);
#3379=AXIS2_PLACEMENT_3D('',#4852,#3888,#3889);
#3380=AXIS2_PLACEMENT_3D('',#4858,#3893,#3894);
#3381=AXIS2_PLACEMENT_3D('',#4862,#3897,#3898);
#3382=AXIS2_PLACEMENT_3D('',#4866,#3901,#3902);
#3383=AXIS2_PLACEMENT_3D('',#4874,#3907,#3908);
#3384=AXIS2_PLACEMENT_3D('',#4880,#3912,#3913);
#3385=AXIS2_PLACEMENT_3D('',#4882,#3914,#3915);
#3386=AXIS2_PLACEMENT_3D('',#4884,#3917,#3918);
#3387=AXIS2_PLACEMENT_3D('',#4890,#3922,#3923);
#3388=AXIS2_PLACEMENT_3D('',#4893,#3924,#3925);
#3389=AXIS2_PLACEMENT_3D('',#4899,#3929,#3930);
#3390=AXIS2_PLACEMENT_3D('',#4903,#3932,#3933);
#3391=AXIS2_PLACEMENT_3D('',#4907,#3935,#3936);
#3392=AXIS2_PLACEMENT_3D('',#4909,#3938,#3939);
#3393=AXIS2_PLACEMENT_3D('',#4913,#3942,#3943);
#3394=AXIS2_PLACEMENT_3D('',#4914,#3944,#3945);
#3395=AXIS2_PLACEMENT_3D('',#4915,#3946,#3947);
#3396=AXIS2_PLACEMENT_3D('',#4917,#3948,#3949);
#3397=AXIS2_PLACEMENT_3D('',#4919,#3951,#3952);
#3398=AXIS2_PLACEMENT_3D('',#4920,#3953,#3954);
#3399=AXIS2_PLACEMENT_3D('',#4924,#3957,#3958);
#3400=AXIS2_PLACEMENT_3D('',#4928,#3961,#3962);
#3401=AXIS2_PLACEMENT_3D('',#4930,#3963,#3964);
#3402=AXIS2_PLACEMENT_3D('',#4934,#3966,#3967);
#3403=AXIS2_PLACEMENT_3D('',#4938,#3969,#3970);
#3404=AXIS2_PLACEMENT_3D('',#4941,#3972,#3973);
#3405=AXIS2_PLACEMENT_3D('',#4945,#3975,#3976);
#3406=AXIS2_PLACEMENT_3D('',#4948,#3978,#3979);
#3407=AXIS2_PLACEMENT_3D('',#4952,#3981,#3982);
#3408=AXIS2_PLACEMENT_3D('',#4956,#3985,#3986);
#3409=AXIS2_PLACEMENT_3D('',#4958,#3987,#3988);
#3410=AXIS2_PLACEMENT_3D('',#4960,#3989,#3990);
#3411=AXIS2_PLACEMENT_3D('',#4962,#3991,#3992);
#3412=AXIS2_PLACEMENT_3D('',#4963,#3993,#3994);
#3413=AXIS2_PLACEMENT_3D('',#4973,#4000,#4001);
#3414=AXIS2_PLACEMENT_3D('',#4979,#4005,#4006);
#3415=AXIS2_PLACEMENT_3D('',#4986,#4011,#4012);
#3416=AXIS2_PLACEMENT_3D('',#4988,#4014,#4015);
#3417=AXIS2_PLACEMENT_3D('',#4989,#4016,#4017);
#3418=AXIS2_PLACEMENT_3D('',#5007,#4027,#4028);
#3419=AXIS2_PLACEMENT_3D('',#5015,#4032,#4033);
#3420=AXIS2_PLACEMENT_3D('',#5019,#4035,#4036);
#3421=AXIS2_PLACEMENT_3D('',#5027,#4040,#4041);
#3422=AXIS2_PLACEMENT_3D('',#5031,#4043,#4044);
#3423=AXIS2_PLACEMENT_3D('',#5044,#4052,#4053);
#3424=AXIS2_PLACEMENT_3D('',#5048,#4055,#4056);
#3425=AXIS2_PLACEMENT_3D('',#5052,#4058,#4059);
#3426=AXIS2_PLACEMENT_3D('',#5055,#4061,#4062);
#3427=AXIS2_PLACEMENT_3D('',#5056,#4063,#4064);
#3428=AXIS2_PLACEMENT_3D('',#5062,#4068,#4069);
#3429=AXIS2_PLACEMENT_3D('',#5066,#4072,#4073);
#3430=AXIS2_PLACEMENT_3D('',#5071,#4077,#4078);
#3431=AXIS2_PLACEMENT_3D('',#5073,#4080,#4081);
#3432=AXIS2_PLACEMENT_3D('',#5074,#4082,#4083);
#3433=AXIS2_PLACEMENT_3D('',#5078,#4085,#4086);
#3434=AXIS2_PLACEMENT_3D('',#5079,#4087,#4088);
#3435=AXIS2_PLACEMENT_3D('',#5082,#4089,#4090);
#3436=AXIS2_PLACEMENT_3D('',#5086,#4092,#4093);
#3437=AXIS2_PLACEMENT_3D('',#5095,#4095,#4096);
#3438=AXIS2_PLACEMENT_3D('',#5100,#4099,#4100);
#3439=AXIS2_PLACEMENT_3D('',#5101,#4101,#4102);
#3440=AXIS2_PLACEMENT_3D('',#5105,#4104,#4105);
#3441=AXIS2_PLACEMENT_3D('',#5106,#4106,#4107);
#3442=AXIS2_PLACEMENT_3D('',#5109,#4108,#4109);
#3443=AXIS2_PLACEMENT_3D('',#5120,#4111,#4112);
#3444=AXIS2_PLACEMENT_3D('',#5122,#4114,#4115);
#3445=AXIS2_PLACEMENT_3D('',#5127,#4118,#4119);
#3446=AXIS2_PLACEMENT_3D('',#5128,#4120,#4121);
#3447=AXIS2_PLACEMENT_3D('',#5133,#4124,#4125);
#3448=AXIS2_PLACEMENT_3D('',#5136,#4127,#4128);
#3449=AXIS2_PLACEMENT_3D('',#5137,#4129,#4130);
#3450=AXIS2_PLACEMENT_3D('',#5143,#4133,#4134);
#3451=AXIS2_PLACEMENT_3D('',#5147,#4136,#4137);
#3452=AXIS2_PLACEMENT_3D('',#5156,#4142,#4143);
#3453=AXIS2_PLACEMENT_3D('',#5160,#4145,#4146);
#3454=AXIS2_PLACEMENT_3D('',#5164,#4149,#4150);
#3455=AXIS2_PLACEMENT_3D('',#5166,#4152,#4153);
#3456=AXIS2_PLACEMENT_3D('',#5169,#4155,#4156);
#3457=AXIS2_PLACEMENT_3D('',#5170,#4157,#4158);
#3458=AXIS2_PLACEMENT_3D('',#5176,#4162,#4163);
#3459=AXIS2_PLACEMENT_3D('',#5181,#4165,#4166);
#3460=AXIS2_PLACEMENT_3D('',#5185,#4168,#4169);
#3461=AXIS2_PLACEMENT_3D('',#5190,#4172,#4173);
#3462=AXIS2_PLACEMENT_3D('',#5195,#4177,#4178);
#3463=AXIS2_PLACEMENT_3D('',#5198,#4181,#4182);
#3464=AXIS2_PLACEMENT_3D('',#5201,#4185,#4186);
#3465=AXIS2_PLACEMENT_3D('',#5205,#4188,#4189);
#3466=AXIS2_PLACEMENT_3D('',#5207,#4191,#4192);
#3467=AXIS2_PLACEMENT_3D('',#5211,#4195,#4196);
#3468=AXIS2_PLACEMENT_3D('',#5213,#4197,#4198);
#3469=AXIS2_PLACEMENT_3D('',#5215,#4200,#4201);
#3470=AXIS2_PLACEMENT_3D('',#5219,#4204,#4205);
#3471=AXIS2_PLACEMENT_3D('',#5221,#4207,#4208);
#3472=AXIS2_PLACEMENT_3D('',#5224,#4211,#4212);
#3473=AXIS2_PLACEMENT_3D('',#5229,#4214,#4215);
#3474=AXIS2_PLACEMENT_3D('',#5233,#4217,#4218);
#3475=AXIS2_PLACEMENT_3D('',#5246,#4225,#4226);
#3476=AXIS2_PLACEMENT_3D('',#5250,#4228,#4229);
#3477=AXIS2_PLACEMENT_3D('',#5254,#4232,#4233);
#3478=AXIS2_PLACEMENT_3D('',#5257,#4236,#4237);
#3479=AXIS2_PLACEMENT_3D('',#5260,#4240,#4241);
#3480=AXIS2_PLACEMENT_3D('',#5261,#4242,#4243);
#3481=AXIS2_PLACEMENT_3D('',#5262,#4244,#4245);
#3482=AXIS2_PLACEMENT_3D('',#5265,#4248,#4249);
#3483=AXIS2_PLACEMENT_3D('',#5271,#4253,#4254);
#3484=AXIS2_PLACEMENT_3D('',#5273,#4255,#4256);
#3485=AXIS2_PLACEMENT_3D('',#5275,#4258,#4259);
#3486=AXIS2_PLACEMENT_3D('',#5279,#4262,#4263);
#3487=AXIS2_PLACEMENT_3D('',#5281,#4264,#4265);
#3488=AXIS2_PLACEMENT_3D('',#5283,#4267,#4268);
#3489=AXIS2_PLACEMENT_3D('',#5287,#4271,#4272);
#3490=AXIS2_PLACEMENT_3D('',#5296,#4277,#4278);
#3491=AXIS2_PLACEMENT_3D('',#5298,#4279,#4280);
#3492=AXIS2_PLACEMENT_3D('',#5301,#4282,#4283);
#3493=AXIS2_PLACEMENT_3D('',#5302,#4284,#4285);
#3494=AXIS2_PLACEMENT_3D('',#5308,#4289,#4290);
#3495=AXIS2_PLACEMENT_3D('',#5310,#4291,#4292);
#3496=AXIS2_PLACEMENT_3D('',#5313,#4294,#4295);
#3497=AXIS2_PLACEMENT_3D('',#5314,#4296,#4297);
#3498=AXIS2_PLACEMENT_3D('',#5320,#4301,#4302);
#3499=AXIS2_PLACEMENT_3D('',#5322,#4303,#4304);
#3500=AXIS2_PLACEMENT_3D('',#5325,#4306,#4307);
#3501=AXIS2_PLACEMENT_3D('',#5326,#4308,#4309);
#3502=AXIS2_PLACEMENT_3D('',#5332,#4313,#4314);
#3503=AXIS2_PLACEMENT_3D('',#5333,#4315,#4316);
#3504=AXIS2_PLACEMENT_3D('',#5334,#4317,#4318);
#3505=AXIS2_PLACEMENT_3D('',#5335,#4319,#4320);
#3506=AXIS2_PLACEMENT_3D('',#5339,#4322,#4323);
#3507=AXIS2_PLACEMENT_3D('',#5342,#4325,#4326);
#3508=AXIS2_PLACEMENT_3D('',#5343,#4327,#4328);
#3509=AXIS2_PLACEMENT_3D('',#5345,#4330,#4331);
#3510=AXIS2_PLACEMENT_3D('',#5347,#4333,#4334);
#3511=AXIS2_PLACEMENT_3D('',#5349,#4336,#4337);
#3512=AXIS2_PLACEMENT_3D('',#5350,#4338,#4339);
#3513=AXIS2_PLACEMENT_3D('',#5353,#4341,#4342);
#3514=AXIS2_PLACEMENT_3D('',#5354,#4343,#4344);
#3515=AXIS2_PLACEMENT_3D('',#5358,#4347,#4348);
#3516=AXIS2_PLACEMENT_3D('',#5359,#4349,#4350);
#3517=AXIS2_PLACEMENT_3D('',#5360,#4351,#4352);
#3518=AXIS2_PLACEMENT_3D('',#5366,#4356,#4357);
#3519=AXIS2_PLACEMENT_3D('',#5369,#4359,#4360);
#3520=AXIS2_PLACEMENT_3D('',#5370,#4361,#4362);
#3521=AXIS2_PLACEMENT_3D('',#5374,#4365,#4366);
#3522=AXIS2_PLACEMENT_3D('',#5377,#4368,#4369);
#3523=AXIS2_PLACEMENT_3D('',#5378,#4370,#4371);
#3524=AXIS2_PLACEMENT_3D('',#5382,#4374,#4375);
#3525=AXIS2_PLACEMENT_3D('',#5384,#4376,#4377);
#3526=AXIS2_PLACEMENT_3D('',#5386,#4379,#4380);
#3527=AXIS2_PLACEMENT_3D('',#5390,#4383,#4384);
#3528=AXIS2_PLACEMENT_3D('',#5391,#4385,#4386);
#3529=AXIS2_PLACEMENT_3D('',#5392,#4387,#4388);
#3530=AXIS2_PLACEMENT_3D('',#5394,#4389,#4390);
#3531=AXIS2_PLACEMENT_3D('',#5396,#4392,#4393);
#3532=AXIS2_PLACEMENT_3D('',#5397,#4394,#4395);
#3533=AXIS2_PLACEMENT_3D('',#5399,#4396,#4397);
#3534=AXIS2_PLACEMENT_3D('',#5401,#4399,#4400);
#3535=AXIS2_PLACEMENT_3D('',#5402,#4401,#4402);
#3536=AXIS2_PLACEMENT_3D('',#5404,#4403,#4404);
#3537=AXIS2_PLACEMENT_3D('',#5406,#4406,#4407);
#3538=AXIS2_PLACEMENT_3D('',#5407,#4408,#4409);
#3539=AXIS2_PLACEMENT_3D('',#5409,#4410,#4411);
#3540=AXIS2_PLACEMENT_3D('',#5411,#4413,#4414);
#3541=AXIS2_PLACEMENT_3D('',#5412,#4415,#4416);
#3542=AXIS2_PLACEMENT_3D('',#5414,#4417,#4418);
#3543=AXIS2_PLACEMENT_3D('',#5417,#4420,#4421);
#3544=AXIS2_PLACEMENT_3D('',#5418,#4422,#4423);
#3545=AXIS2_PLACEMENT_3D('',#5419,#4424,#4425);
#3546=AXIS2_PLACEMENT_3D('',#5421,#4426,#4427);
#3547=AXIS2_PLACEMENT_3D('',#5424,#4429,#4430);
#3548=AXIS2_PLACEMENT_3D('',#5425,#4431,#4432);
#3549=AXIS2_PLACEMENT_3D('',#5426,#4433,#4434);
#3550=AXIS2_PLACEMENT_3D('',#5428,#4435,#4436);
#3551=AXIS2_PLACEMENT_3D('',#5431,#4438,#4439);
#3552=AXIS2_PLACEMENT_3D('',#5432,#4440,#4441);
#3553=AXIS2_PLACEMENT_3D('',#5433,#4442,#4443);
#3554=AXIS2_PLACEMENT_3D('',#5435,#4444,#4445);
#3555=AXIS2_PLACEMENT_3D('',#5438,#4447,#4448);
#3556=AXIS2_PLACEMENT_3D('',#5439,#4449,#4450);
#3557=AXIS2_PLACEMENT_3D('',#5440,#4451,#4452);
#3558=AXIS2_PLACEMENT_3D('',#5442,#4454,#4455);
#3559=AXIS2_PLACEMENT_3D('',#5443,#4456,#4457);
#3560=AXIS2_PLACEMENT_3D('',#5445,#4459,#4460);
#3561=AXIS2_PLACEMENT_3D('',#5447,#4462,#4463);
#3562=AXIS2_PLACEMENT_3D('',#5449,#4465,#4466);
#3563=AXIS2_PLACEMENT_3D('',#5450,#4467,#4468);
#3564=AXIS2_PLACEMENT_3D('',#5451,#4469,#4470);
#3565=AXIS2_PLACEMENT_3D('',#5453,#4472,#4473);
#3566=AXIS2_PLACEMENT_3D('',#5456,#4476,#4477);
#3567=AXIS2_PLACEMENT_3D('',#5458,#4479,#4480);
#3568=AXIS2_PLACEMENT_3D('',#5459,#4481,#4482);
#3569=AXIS2_PLACEMENT_3D('',#5461,#4483,#4484);
#3570=AXIS2_PLACEMENT_3D('',#5463,#4486,#4487);
#3571=AXIS2_PLACEMENT_3D('',#5464,#4488,#4489);
#3572=AXIS2_PLACEMENT_3D('',#5466,#4490,#4491);
#3573=AXIS2_PLACEMENT_3D('',#5468,#4493,#4494);
#3574=AXIS2_PLACEMENT_3D('',#5469,#4495,#4496);
#3575=AXIS2_PLACEMENT_3D('',#5471,#4497,#4498);
#3576=AXIS2_PLACEMENT_3D('',#5473,#4500,#4501);
#3577=AXIS2_PLACEMENT_3D('',#5474,#4502,#4503);
#3578=AXIS2_PLACEMENT_3D('',#5476,#4504,#4505);
#3579=AXIS2_PLACEMENT_3D('',#5478,#4507,#4508);
#3580=AXIS2_PLACEMENT_3D('',#5479,#4509,#4510);
#3581=AXIS2_PLACEMENT_3D('',#5480,#4511,#4512);
#3582=AXIS2_PLACEMENT_3D('',#5481,#4513,#4514);
#3583=AXIS2_PLACEMENT_3D('',#5482,#4515,#4516);
#3584=AXIS2_PLACEMENT_3D('',#5483,#4517,#4518);
#3585=AXIS2_PLACEMENT_3D('',#5486,#4521,#4522);
#3586=AXIS2_PLACEMENT_3D('',#5488,#4524,#4525);
#3587=AXIS2_PLACEMENT_3D('',#5490,#4527,#4528);
#3588=AXIS2_PLACEMENT_3D('',#5492,#4530,#4531);
#3589=AXIS2_PLACEMENT_3D('',#5493,#4532,#4533);
#3590=DIRECTION('axis',(0.,0.,1.));
#3591=DIRECTION('refdir',(1.,0.,0.));
#3592=DIRECTION('center_axis',(0.,-1.,0.));
#3593=DIRECTION('ref_axis',(1.,0.,0.));
#3594=DIRECTION('',(-1.,0.,0.));
#3595=DIRECTION('',(0.,0.,1.));
#3596=DIRECTION('',(1.,0.,0.));
#3597=DIRECTION('',(0.,0.,1.));
#3598=DIRECTION('center_axis',(1.,0.,0.));
#3599=DIRECTION('ref_axis',(0.,1.,0.));
#3600=DIRECTION('',(0.,-1.,0.));
#3601=DIRECTION('',(0.,1.,0.));
#3602=DIRECTION('',(0.,0.,1.));
#3603=DIRECTION('',(0.,-1.,0.));
#3604=DIRECTION('',(0.,0.,1.));
#3605=DIRECTION('center_axis',(0.,0.,1.));
#3606=DIRECTION('ref_axis',(1.,0.,0.));
#3607=DIRECTION('',(0.,-1.,0.));
#3608=DIRECTION('',(-1.,0.,0.));
#3609=DIRECTION('center_axis',(0.,0.,-1.));
#3610=DIRECTION('ref_axis',(1.,0.,0.));
#3611=DIRECTION('center_axis',(0.,-1.,0.));
#3612=DIRECTION('ref_axis',(1.,0.,0.));
#3613=DIRECTION('',(-1.,0.,0.));
#3614=DIRECTION('',(0.,0.,1.));
#3615=DIRECTION('',(1.,0.,0.));
#3616=DIRECTION('',(0.,0.,-1.));
#3617=DIRECTION('center_axis',(-1.,0.,0.));
#3618=DIRECTION('ref_axis',(0.,-1.,0.));
#3619=DIRECTION('',(0.,-1.,0.));
#3620=DIRECTION('',(0.,0.,-1.));
#3621=DIRECTION('',(0.,-1.,0.));
#3622=DIRECTION('',(0.,0.,1.));
#3623=DIRECTION('',(0.,-1.,0.));
#3624=DIRECTION('',(0.,0.,1.));
#3625=DIRECTION('',(0.,-1.,0.));
#3626=DIRECTION('',(0.,0.,1.));
#3627=DIRECTION('center_axis',(0.,1.,0.));
#3628=DIRECTION('ref_axis',(-1.,0.,0.));
#3629=DIRECTION('',(-1.,0.,0.));
#3630=DIRECTION('',(0.,0.,1.));
#3631=DIRECTION('',(-1.,0.,0.));
#3632=DIRECTION('center_axis',(0.,0.,1.));
#3633=DIRECTION('ref_axis',(1.,0.,0.));
#3634=DIRECTION('center_axis',(0.,0.,1.));
#3635=DIRECTION('ref_axis',(1.,0.,0.));
#3636=DIRECTION('',(0.,0.,1.));
#3637=DIRECTION('center_axis',(0.,0.,-1.));
#3638=DIRECTION('ref_axis',(1.,0.,0.));
#3639=DIRECTION('center_axis',(0.,0.,1.));
#3640=DIRECTION('ref_axis',(1.,0.,0.));
#3641=DIRECTION('center_axis',(0.,0.,1.));
#3642=DIRECTION('ref_axis',(1.,0.,0.));
#3643=DIRECTION('',(0.,0.,1.));
#3644=DIRECTION('center_axis',(0.,0.,-1.));
#3645=DIRECTION('ref_axis',(1.,0.,0.));
#3646=DIRECTION('center_axis',(0.,0.,1.));
#3647=DIRECTION('ref_axis',(1.,0.,0.));
#3648=DIRECTION('center_axis',(0.,0.,1.));
#3649=DIRECTION('ref_axis',(1.,0.,0.));
#3650=DIRECTION('',(0.,0.,1.));
#3651=DIRECTION('center_axis',(0.,0.,-1.));
#3652=DIRECTION('ref_axis',(1.,0.,0.));
#3653=DIRECTION('center_axis',(0.,0.,1.));
#3654=DIRECTION('ref_axis',(1.,0.,0.));
#3655=DIRECTION('center_axis',(0.,0.,1.));
#3656=DIRECTION('ref_axis',(1.,0.,0.));
#3657=DIRECTION('',(0.,0.,1.));
#3658=DIRECTION('center_axis',(0.,0.,-1.));
#3659=DIRECTION('ref_axis',(1.,0.,0.));
#3660=DIRECTION('center_axis',(0.,0.,1.));
#3661=DIRECTION('ref_axis',(1.,0.,0.));
#3662=DIRECTION('center_axis',(0.,0.,1.));
#3663=DIRECTION('ref_axis',(1.,0.,0.));
#3664=DIRECTION('',(0.,0.,1.));
#3665=DIRECTION('center_axis',(0.,0.,-1.));
#3666=DIRECTION('ref_axis',(1.,0.,0.));
#3667=DIRECTION('center_axis',(0.,0.,1.));
#3668=DIRECTION('ref_axis',(1.,0.,0.));
#3669=DIRECTION('center_axis',(0.,0.,1.));
#3670=DIRECTION('ref_axis',(1.,0.,0.));
#3671=DIRECTION('center_axis',(0.,0.,1.));
#3672=DIRECTION('ref_axis',(1.,0.,0.));
#3673=DIRECTION('',(0.,0.,1.));
#3674=DIRECTION('center_axis',(0.,0.,-1.));
#3675=DIRECTION('ref_axis',(1.,0.,0.));
#3676=DIRECTION('center_axis',(0.,0.,1.));
#3677=DIRECTION('ref_axis',(1.,0.,0.));
#3678=DIRECTION('center_axis',(0.,0.,1.));
#3679=DIRECTION('ref_axis',(1.,0.,0.));
#3680=DIRECTION('center_axis',(0.,0.,1.));
#3681=DIRECTION('ref_axis',(1.,0.,0.));
#3682=DIRECTION('',(0.,0.,1.));
#3683=DIRECTION('center_axis',(0.,0.,-1.));
#3684=DIRECTION('ref_axis',(1.,0.,0.));
#3685=DIRECTION('center_axis',(0.,0.,1.));
#3686=DIRECTION('ref_axis',(1.,0.,0.));
#3687=DIRECTION('center_axis',(0.,0.,1.));
#3688=DIRECTION('ref_axis',(1.,0.,0.));
#3689=DIRECTION('center_axis',(0.,0.,1.));
#3690=DIRECTION('ref_axis',(1.,0.,0.));
#3691=DIRECTION('',(0.,0.,1.));
#3692=DIRECTION('center_axis',(0.,0.,-1.));
#3693=DIRECTION('ref_axis',(1.,0.,0.));
#3694=DIRECTION('center_axis',(0.,0.,1.));
#3695=DIRECTION('ref_axis',(1.,0.,0.));
#3696=DIRECTION('center_axis',(-1.,0.,0.));
#3697=DIRECTION('ref_axis',(0.,-1.,0.));
#3698=DIRECTION('',(0.,0.,-1.));
#3699=DIRECTION('',(0.,-1.,0.));
#3700=DIRECTION('',(0.,0.,1.));
#3701=DIRECTION('',(0.,1.,0.));
#3702=DIRECTION('center_axis',(0.,0.,-1.));
#3703=DIRECTION('ref_axis',(-1.,0.,0.));
#3704=DIRECTION('center_axis',(0.,0.,-1.));
#3705=DIRECTION('ref_axis',(1.,0.,0.));
#3706=DIRECTION('',(0.,-1.,0.));
#3707=DIRECTION('center_axis',(0.,0.,-1.));
#3708=DIRECTION('ref_axis',(0.,1.,0.));
#3709=DIRECTION('',(1.,0.,0.));
#3710=DIRECTION('',(0.,1.,0.));
#3711=DIRECTION('',(1.,0.,0.));
#3712=DIRECTION('',(0.,-1.,0.));
#3713=DIRECTION('',(1.,0.,0.));
#3714=DIRECTION('',(0.,1.,0.));
#3715=DIRECTION('',(1.,0.,0.));
#3716=DIRECTION('',(0.,-1.,0.));
#3717=DIRECTION('',(1.,0.,0.));
#3718=DIRECTION('center_axis',(0.,0.,-1.));
#3719=DIRECTION('ref_axis',(-1.,0.,0.));
#3720=DIRECTION('',(0.,1.,0.));
#3721=DIRECTION('center_axis',(0.,0.,-1.));
#3722=DIRECTION('ref_axis',(1.,0.,0.));
#3723=DIRECTION('',(0.,-1.,0.));
#3724=DIRECTION('center_axis',(0.,0.,1.));
#3725=DIRECTION('ref_axis',(-1.,0.,0.));
#3726=DIRECTION('',(0.,1.,0.));
#3727=DIRECTION('center_axis',(0.,0.,1.));
#3728=DIRECTION('ref_axis',(-1.,0.,0.));
#3729=DIRECTION('',(0.,-1.,0.));
#3730=DIRECTION('center_axis',(0.,0.,-1.));
#3731=DIRECTION('ref_axis',(1.,0.,0.));
#3732=DIRECTION('',(1.,0.,0.));
#3733=DIRECTION('',(0.,1.,0.));
#3734=DIRECTION('center_axis',(0.,0.,-1.));
#3735=DIRECTION('ref_axis',(1.,0.,0.));
#3736=DIRECTION('',(0.,1.,0.));
#3737=DIRECTION('center_axis',(0.,0.,1.));
#3738=DIRECTION('ref_axis',(-1.,0.,0.));
#3739=DIRECTION('',(0.,-1.,0.));
#3740=DIRECTION('center_axis',(0.,0.,1.));
#3741=DIRECTION('ref_axis',(-1.,0.,0.));
#3742=DIRECTION('center_axis',(0.,0.,1.));
#3743=DIRECTION('ref_axis',(-1.,0.,0.));
#3744=DIRECTION('center_axis',(0.,0.,1.));
#3745=DIRECTION('ref_axis',(-1.,0.,0.));
#3746=DIRECTION('center_axis',(0.,0.,1.));
#3747=DIRECTION('ref_axis',(-1.,0.,0.));
#3748=DIRECTION('center_axis',(0.,0.,1.));
#3749=DIRECTION('ref_axis',(-1.,0.,0.));
#3750=DIRECTION('center_axis',(0.,0.,1.));
#3751=DIRECTION('ref_axis',(-0.789646481053785,0.613562087289766,0.));
#3752=DIRECTION('center_axis',(0.,0.,1.));
#3753=DIRECTION('ref_axis',(1.,0.,0.));
#3754=DIRECTION('',(0.,0.,1.));
#3755=DIRECTION('center_axis',(0.,0.,1.));
#3756=DIRECTION('ref_axis',(1.,0.,0.));
#3757=DIRECTION('center_axis',(0.,0.,1.));
#3758=DIRECTION('ref_axis',(-1.,0.,0.));
#3759=DIRECTION('',(0.,-1.,0.));
#3760=DIRECTION('center_axis',(-1.,0.,0.));
#3761=DIRECTION('ref_axis',(0.,-1.,0.));
#3762=DIRECTION('',(0.,0.,1.));
#3763=DIRECTION('',(0.,0.,-1.));
#3764=DIRECTION('',(0.,-1.,0.));
#3765=DIRECTION('center_axis',(-1.,0.,0.));
#3766=DIRECTION('ref_axis',(0.,-1.,0.));
#3767=DIRECTION('',(0.,-1.,0.));
#3768=DIRECTION('',(0.,0.,-1.));
#3769=DIRECTION('',(0.,-1.,0.));
#3770=DIRECTION('',(0.,0.,1.));
#3771=DIRECTION('',(0.,1.,0.));
#3772=DIRECTION('',(0.,0.,1.));
#3773=DIRECTION('center_axis',(0.,0.,-1.));
#3774=DIRECTION('ref_axis',(-1.,0.,0.));
#3775=DIRECTION('center_axis',(0.,0.,1.));
#3776=DIRECTION('ref_axis',(-1.,0.,0.));
#3777=DIRECTION('center_axis',(0.,0.,-1.));
#3778=DIRECTION('ref_axis',(-1.,0.,0.));
#3779=DIRECTION('',(0.,0.,-1.));
#3780=DIRECTION('center_axis',(1.,0.,0.));
#3781=DIRECTION('ref_axis',(0.,1.,0.));
#3782=DIRECTION('',(0.,0.,1.));
#3783=DIRECTION('',(0.,0.,-1.));
#3784=DIRECTION('',(0.,1.,0.));
#3785=DIRECTION('center_axis',(1.,0.,0.));
#3786=DIRECTION('ref_axis',(0.,1.,0.));
#3787=DIRECTION('',(0.,1.,0.));
#3788=DIRECTION('',(0.,0.,-1.));
#3789=DIRECTION('',(0.,0.,1.));
#3790=DIRECTION('',(0.,-1.,0.));
#3791=DIRECTION('',(0.,0.,1.));
#3792=DIRECTION('center_axis',(0.,0.,-1.));
#3793=DIRECTION('ref_axis',(1.,1.22464679914735E-16,0.));
#3794=DIRECTION('center_axis',(0.,0.,1.));
#3795=DIRECTION('ref_axis',(-1.,0.,0.));
#3796=DIRECTION('center_axis',(0.,0.,-1.));
#3797=DIRECTION('ref_axis',(-1.,0.,0.));
#3798=DIRECTION('',(0.,0.,-1.));
#3799=DIRECTION('center_axis',(1.,0.,0.));
#3800=DIRECTION('ref_axis',(0.,1.,0.));
#3801=DIRECTION('',(0.,0.,-1.));
#3802=DIRECTION('',(0.,1.,0.));
#3803=DIRECTION('',(0.,0.,1.));
#3804=DIRECTION('center_axis',(0.,0.,1.));
#3805=DIRECTION('ref_axis',(1.,0.,0.));
#3806=DIRECTION('center_axis',(0.,0.,1.));
#3807=DIRECTION('ref_axis',(1.,0.,0.));
#3808=DIRECTION('center_axis',(0.,0.,1.));
#3809=DIRECTION('ref_axis',(1.,0.,0.));
#3810=DIRECTION('center_axis',(0.,0.,1.));
#3811=DIRECTION('ref_axis',(-1.,0.,0.));
#3812=DIRECTION('',(0.,1.,0.));
#3813=DIRECTION('center_axis',(0.,0.,1.));
#3814=DIRECTION('ref_axis',(1.,0.,0.));
#3815=DIRECTION('',(0.,1.,0.));
#3816=DIRECTION('center_axis',(0.,0.,-1.));
#3817=DIRECTION('ref_axis',(-1.,0.,0.));
#3818=DIRECTION('',(0.,0.,1.));
#3819=DIRECTION('center_axis',(0.,0.,-1.));
#3820=DIRECTION('ref_axis',(-1.,0.,0.));
#3821=DIRECTION('',(0.,0.,-1.));
#3822=DIRECTION('center_axis',(0.,0.,1.));
#3823=DIRECTION('ref_axis',(1.,0.,0.));
#3824=DIRECTION('',(0.,0.,1.));
#3825=DIRECTION('center_axis',(0.,0.,-1.));
#3826=DIRECTION('ref_axis',(1.,0.,0.));
#3827=DIRECTION('',(0.,0.,-1.));
#3828=DIRECTION('center_axis',(-1.,0.,0.));
#3829=DIRECTION('ref_axis',(0.,-1.,0.));
#3830=DIRECTION('',(0.,1.,0.));
#3831=DIRECTION('',(0.,0.,-1.));
#3832=DIRECTION('',(0.,-1.,0.));
#3833=DIRECTION('center_axis',(0.,0.,-1.));
#3834=DIRECTION('ref_axis',(-1.,0.,0.));
#3835=DIRECTION('',(0.,1.,0.));
#3836=DIRECTION('center_axis',(0.,0.,-1.));
#3837=DIRECTION('ref_axis',(0.,-1.,0.));
#3838=DIRECTION('center_axis',(0.,0.,1.));
#3839=DIRECTION('ref_axis',(1.,0.,0.));
#3840=DIRECTION('center_axis',(0.,0.,1.));
#3841=DIRECTION('ref_axis',(1.,0.,0.));
#3842=DIRECTION('center_axis',(0.,0.,1.));
#3843=DIRECTION('ref_axis',(1.,0.,0.));
#3844=DIRECTION('center_axis',(0.,0.,1.));
#3845=DIRECTION('ref_axis',(1.,0.,0.));
#3846=DIRECTION('center_axis',(0.,0.,1.));
#3847=DIRECTION('ref_axis',(1.,0.,0.));
#3848=DIRECTION('',(0.,1.,0.));
#3849=DIRECTION('',(-1.,0.,0.));
#3850=DIRECTION('center_axis',(0.,0.,1.));
#3851=DIRECTION('ref_axis',(1.,0.,0.));
#3852=DIRECTION('center_axis',(0.,0.,1.));
#3853=DIRECTION('ref_axis',(1.,0.,0.));
#3854=DIRECTION('center_axis',(0.,0.,-1.));
#3855=DIRECTION('ref_axis',(1.,0.,0.));
#3856=DIRECTION('center_axis',(0.,0.,1.));
#3857=DIRECTION('ref_axis',(-0.983020836480719,0.183493964600331,0.));
#3858=DIRECTION('',(0.,0.,-1.));
#3859=DIRECTION('center_axis',(1.,0.,0.));
#3860=DIRECTION('ref_axis',(0.,1.,0.));
#3861=DIRECTION('',(0.,0.,1.));
#3862=DIRECTION('',(0.,1.,0.));
#3863=DIRECTION('',(0.,0.,-1.));
#3864=DIRECTION('',(0.,1.,0.));
#3865=DIRECTION('',(0.,0.,1.));
#3866=DIRECTION('center_axis',(0.,0.,-1.));
#3867=DIRECTION('ref_axis',(-1.,0.,0.));
#3868=DIRECTION('center_axis',(0.,0.,-1.));
#3869=DIRECTION('ref_axis',(1.,0.,0.));
#3870=DIRECTION('center_axis',(0.,0.,1.));
#3871=DIRECTION('ref_axis',(1.,0.,0.));
#3872=DIRECTION('',(-1.,0.,0.));
#3873=DIRECTION('',(0.,1.,0.));
#3874=DIRECTION('',(1.,0.,0.));
#3875=DIRECTION('',(0.,-1.,0.));
#3876=DIRECTION('center_axis',(1.,0.,0.));
#3877=DIRECTION('ref_axis',(0.,1.,0.));
#3878=DIRECTION('',(0.,0.,1.));
#3879=DIRECTION('',(0.,1.,0.));
#3880=DIRECTION('',(0.,0.,-1.));
#3881=DIRECTION('',(0.,0.,1.));
#3882=DIRECTION('center_axis',(0.,1.,0.));
#3883=DIRECTION('ref_axis',(-1.,0.,0.));
#3884=DIRECTION('',(-1.,0.,0.));
#3885=DIRECTION('center_axis',(0.,0.,1.));
#3886=DIRECTION('ref_axis',(1.,0.,0.));
#3887=DIRECTION('',(-1.,0.,0.));
#3888=DIRECTION('center_axis',(0.,1.,0.));
#3889=DIRECTION('ref_axis',(-1.,0.,0.));
#3890=DIRECTION('',(0.,0.,1.));
#3891=DIRECTION('',(1.,0.,0.));
#3892=DIRECTION('',(0.,0.,1.));
#3893=DIRECTION('center_axis',(1.,0.,0.));
#3894=DIRECTION('ref_axis',(0.,1.,0.));
#3895=DIRECTION('',(0.,0.,-1.));
#3896=DIRECTION('',(0.,-1.,0.));
#3897=DIRECTION('center_axis',(0.,0.,1.));
#3898=DIRECTION('ref_axis',(1.,0.,0.));
#3899=DIRECTION('',(0.,-1.,0.));
#3900=DIRECTION('',(-1.,0.,0.));
#3901=DIRECTION('center_axis',(-1.,0.,0.));
#3902=DIRECTION('ref_axis',(0.,-1.,0.));
#3903=DIRECTION('',(0.,1.,0.));
#3904=DIRECTION('',(0.,0.,-1.));
#3905=DIRECTION('',(0.,-1.,0.));
#3906=DIRECTION('',(0.,0.,1.));
#3907=DIRECTION('center_axis',(0.,0.,1.));
#3908=DIRECTION('ref_axis',(1.,0.,0.));
#3909=DIRECTION('',(-1.,0.,0.));
#3910=DIRECTION('',(0.,1.,0.));
#3911=DIRECTION('',(1.,0.,0.));
#3912=DIRECTION('center_axis',(0.,0.,1.));
#3913=DIRECTION('ref_axis',(1.,0.,0.));
#3914=DIRECTION('center_axis',(0.,0.,-1.));
#3915=DIRECTION('ref_axis',(0.,-1.,0.));
#3916=DIRECTION('',(-1.,0.,0.));
#3917=DIRECTION('center_axis',(-1.,0.,0.));
#3918=DIRECTION('ref_axis',(0.,-1.,0.));
#3919=DIRECTION('',(0.,0.,-1.));
#3920=DIRECTION('',(0.,1.,0.));
#3921=DIRECTION('',(0.,0.,1.));
#3922=DIRECTION('center_axis',(0.,0.,-1.));
#3923=DIRECTION('ref_axis',(-1.,0.,0.));
#3924=DIRECTION('center_axis',(0.,0.,1.));
#3925=DIRECTION('ref_axis',(0.,-1.,0.));
#3926=DIRECTION('',(-1.,0.,0.));
#3927=DIRECTION('',(-1.,0.,0.));
#3928=DIRECTION('',(-1.,0.,0.));
#3929=DIRECTION('center_axis',(0.,0.,-1.));
#3930=DIRECTION('ref_axis',(0.,-1.,0.));
#3931=DIRECTION('',(0.,1.,0.));
#3932=DIRECTION('center_axis',(0.,0.,-1.));
#3933=DIRECTION('ref_axis',(-1.,0.,0.));
#3934=DIRECTION('',(1.,0.,0.));
#3935=DIRECTION('center_axis',(0.,0.,-1.));
#3936=DIRECTION('ref_axis',(0.,1.,0.));
#3937=DIRECTION('',(0.,-1.,0.));
#3938=DIRECTION('center_axis',(0.,1.,0.));
#3939=DIRECTION('ref_axis',(-1.,0.,0.));
#3940=DIRECTION('',(-1.,0.,0.));
#3941=DIRECTION('',(0.,0.,1.));
#3942=DIRECTION('center_axis',(0.,0.,-1.));
#3943=DIRECTION('ref_axis',(1.,0.,0.));
#3944=DIRECTION('center_axis',(0.,0.,1.));
#3945=DIRECTION('ref_axis',(1.,0.,0.));
#3946=DIRECTION('center_axis',(0.,0.,-1.));
#3947=DIRECTION('ref_axis',(0.,-1.,0.));
#3948=DIRECTION('center_axis',(0.,0.,-1.));
#3949=DIRECTION('ref_axis',(0.,-1.,0.));
#3950=DIRECTION('',(0.,0.,1.));
#3951=DIRECTION('center_axis',(0.,1.,0.));
#3952=DIRECTION('ref_axis',(-1.,0.,0.));
#3953=DIRECTION('center_axis',(0.,1.,0.));
#3954=DIRECTION('ref_axis',(-1.,0.,0.));
#3955=DIRECTION('',(0.,0.,1.));
#3956=DIRECTION('',(1.,0.,0.));
#3957=DIRECTION('center_axis',(0.,1.,0.));
#3958=DIRECTION('ref_axis',(-1.,0.,0.));
#3959=DIRECTION('',(0.,0.,1.));
#3960=DIRECTION('',(-1.,0.,0.));
#3961=DIRECTION('center_axis',(0.,0.,-1.));
#3962=DIRECTION('ref_axis',(-1.,0.,0.));
#3963=DIRECTION('center_axis',(0.,0.,-1.));
#3964=DIRECTION('ref_axis',(1.,0.,0.));
#3965=DIRECTION('',(0.,-1.,0.));
#3966=DIRECTION('center_axis',(0.,0.,-1.));
#3967=DIRECTION('ref_axis',(0.,1.,0.));
#3968=DIRECTION('',(1.,0.,0.));
#3969=DIRECTION('center_axis',(0.,0.,-1.));
#3970=DIRECTION('ref_axis',(-1.,0.,0.));
#3971=DIRECTION('',(0.,1.,0.));
#3972=DIRECTION('center_axis',(0.,0.,1.));
#3973=DIRECTION('ref_axis',(0.,-1.,0.));
#3974=DIRECTION('',(0.,-1.,0.));
#3975=DIRECTION('center_axis',(0.,0.,-1.));
#3976=DIRECTION('ref_axis',(-1.,0.,0.));
#3977=DIRECTION('',(0.,-1.,0.));
#3978=DIRECTION('center_axis',(0.,0.,1.));
#3979=DIRECTION('ref_axis',(-1.,0.,0.));
#3980=DIRECTION('',(-1.,0.,0.));
#3981=DIRECTION('center_axis',(0.,0.,1.));
#3982=DIRECTION('ref_axis',(0.,1.,0.));
#3983=DIRECTION('',(0.,1.,0.));
#3984=DIRECTION('',(0.,1.,0.));
#3985=DIRECTION('center_axis',(0.,0.,1.));
#3986=DIRECTION('ref_axis',(-1.,0.,0.));
#3987=DIRECTION('center_axis',(0.,0.,1.));
#3988=DIRECTION('ref_axis',(-1.,0.,0.));
#3989=DIRECTION('center_axis',(0.,0.,1.));
#3990=DIRECTION('ref_axis',(-1.,0.,0.));
#3991=DIRECTION('center_axis',(0.,0.,1.));
#3992=DIRECTION('ref_axis',(-1.,0.,0.));
#3993=DIRECTION('center_axis',(-1.,0.,0.));
#3994=DIRECTION('ref_axis',(0.,-1.,0.));
#3995=DIRECTION('',(0.,1.,0.));
#3996=DIRECTION('',(0.,0.,1.));
#3997=DIRECTION('',(0.,-1.,0.));
#3998=DIRECTION('',(0.,0.,1.));
#3999=DIRECTION('',(0.,0.,1.));
#4000=DIRECTION('center_axis',(0.,-1.,0.));
#4001=DIRECTION('ref_axis',(1.,0.,0.));
#4002=DIRECTION('',(-1.,0.,0.));
#4003=DIRECTION('',(0.,0.,1.));
#4004=DIRECTION('',(1.,0.,0.));
#4005=DIRECTION('center_axis',(1.,0.,0.));
#4006=DIRECTION('ref_axis',(0.,1.,0.));
#4007=DIRECTION('',(0.,-1.,0.));
#4008=DIRECTION('',(0.,0.,-1.));
#4009=DIRECTION('',(0.,0.,1.));
#4010=DIRECTION('',(0.,1.,0.));
#4011=DIRECTION('center_axis',(0.,1.,0.));
#4012=DIRECTION('ref_axis',(-1.,0.,0.));
#4013=DIRECTION('',(-1.,0.,0.));
#4014=DIRECTION('center_axis',(0.,0.,-1.));
#4015=DIRECTION('ref_axis',(-1.,0.,0.));
#4016=DIRECTION('center_axis',(0.,0.,-1.));
#4017=DIRECTION('ref_axis',(-1.,0.,0.));
#4018=DIRECTION('',(1.,0.,0.));
#4019=DIRECTION('',(0.,-1.,0.));
#4020=DIRECTION('',(-1.,0.,0.));
#4021=DIRECTION('',(0.,1.,0.));
#4022=DIRECTION('',(1.,0.,0.));
#4023=DIRECTION('',(0.,-1.,0.));
#4024=DIRECTION('',(1.,0.,0.));
#4025=DIRECTION('',(0.,1.,0.));
#4026=DIRECTION('',(1.,0.,0.));
#4027=DIRECTION('center_axis',(0.,-1.,0.));
#4028=DIRECTION('ref_axis',(1.,0.,0.));
#4029=DIRECTION('',(0.,0.,-1.));
#4030=DIRECTION('',(-1.,0.,0.));
#4031=DIRECTION('',(0.,0.,-1.));
#4032=DIRECTION('center_axis',(0.,-1.,0.));
#4033=DIRECTION('ref_axis',(0.,0.,1.));
#4034=DIRECTION('',(-1.,0.,0.));
#4035=DIRECTION('center_axis',(0.,-1.,0.));
#4036=DIRECTION('ref_axis',(1.,0.,0.));
#4037=DIRECTION('',(0.,0.,1.));
#4038=DIRECTION('',(-1.,0.,0.));
#4039=DIRECTION('',(0.,0.,-1.));
#4040=DIRECTION('center_axis',(0.,-1.,0.));
#4041=DIRECTION('ref_axis',(0.,0.,1.));
#4042=DIRECTION('',(-1.,0.,0.));
#4043=DIRECTION('center_axis',(0.,-1.,0.));
#4044=DIRECTION('ref_axis',(1.,0.,0.));
#4045=DIRECTION('',(0.,0.,1.));
#4046=DIRECTION('',(-1.,0.,0.));
#4047=DIRECTION('',(0.,0.,1.));
#4048=DIRECTION('',(0.,0.,1.));
#4049=DIRECTION('',(0.,0.,1.));
#4050=DIRECTION('',(0.,0.,1.));
#4051=DIRECTION('',(0.,0.,-1.));
#4052=DIRECTION('center_axis',(0.,-1.,0.));
#4053=DIRECTION('ref_axis',(0.,0.,1.));
#4054=DIRECTION('',(-1.,0.,0.));
#4055=DIRECTION('center_axis',(0.,-1.,0.));
#4056=DIRECTION('ref_axis',(1.,0.,0.));
#4057=DIRECTION('',(0.,0.,1.));
#4058=DIRECTION('center_axis',(0.,-1.,0.));
#4059=DIRECTION('ref_axis',(0.,0.,-1.));
#4060=DIRECTION('',(1.,0.,0.));
#4061=DIRECTION('center_axis',(0.,-1.,0.));
#4062=DIRECTION('ref_axis',(-1.,0.,0.));
#4063=DIRECTION('center_axis',(-1.,0.,0.));
#4064=DIRECTION('ref_axis',(0.,-1.,0.));
#4065=DIRECTION('',(0.,0.,1.));
#4066=DIRECTION('',(0.,-1.,0.));
#4067=DIRECTION('',(0.,0.,1.));
#4068=DIRECTION('center_axis',(0.,-1.,0.));
#4069=DIRECTION('ref_axis',(1.,0.,0.));
#4070=DIRECTION('',(0.,0.,1.));
#4071=DIRECTION('',(1.,0.,0.));
#4072=DIRECTION('center_axis',(1.,0.,0.));
#4073=DIRECTION('ref_axis',(0.,1.,0.));
#4074=DIRECTION('',(0.,0.,-1.));
#4075=DIRECTION('',(0.,0.,1.));
#4076=DIRECTION('',(0.,1.,0.));
#4077=DIRECTION('center_axis',(0.,1.,0.));
#4078=DIRECTION('ref_axis',(-1.,0.,0.));
#4079=DIRECTION('',(-1.,0.,0.));
#4080=DIRECTION('center_axis',(0.,0.,-1.));
#4081=DIRECTION('ref_axis',(-1.,0.,0.));
#4082=DIRECTION('center_axis',(0.,0.,-1.));
#4083=DIRECTION('ref_axis',(-1.,0.,0.));
#4084=DIRECTION('',(-1.,0.,0.));
#4085=DIRECTION('center_axis',(0.,0.,-1.));
#4086=DIRECTION('ref_axis',(-1.,0.,0.));
#4087=DIRECTION('center_axis',(0.,0.,-1.));
#4088=DIRECTION('ref_axis',(-1.,0.,0.));
#4089=DIRECTION('center_axis',(0.,0.,1.));
#4090=DIRECTION('ref_axis',(-1.,0.,0.));
#4091=DIRECTION('',(0.,0.,-1.));
#4092=DIRECTION('center_axis',(0.,0.,-1.));
#4093=DIRECTION('ref_axis',(-1.,0.,0.));
#4094=DIRECTION('',(0.,0.,1.));
#4095=DIRECTION('center_axis',(0.,0.,-1.));
#4096=DIRECTION('ref_axis',(-1.,0.,0.));
#4097=DIRECTION('',(0.,0.,1.));
#4098=DIRECTION('',(0.,0.,-1.));
#4099=DIRECTION('center_axis',(0.,0.,-1.));
#4100=DIRECTION('ref_axis',(-1.,0.,0.));
#4101=DIRECTION('center_axis',(0.,0.,-1.));
#4102=DIRECTION('ref_axis',(-1.,0.,0.));
#4103=DIRECTION('',(-1.,0.,0.));
#4104=DIRECTION('center_axis',(0.,0.,-1.));
#4105=DIRECTION('ref_axis',(-1.,0.,0.));
#4106=DIRECTION('center_axis',(0.,0.,-1.));
#4107=DIRECTION('ref_axis',(-1.,0.,0.));
#4108=DIRECTION('center_axis',(0.,0.,1.));
#4109=DIRECTION('ref_axis',(-1.,0.,0.));
#4110=DIRECTION('',(0.,0.,-1.));
#4111=DIRECTION('center_axis',(0.,0.,-1.));
#4112=DIRECTION('ref_axis',(-1.,0.,0.));
#4113=DIRECTION('',(0.,0.,1.));
#4114=DIRECTION('center_axis',(0.,0.,-1.));
#4115=DIRECTION('ref_axis',(-1.,0.,0.));
#4116=DIRECTION('',(0.,0.,1.));
#4117=DIRECTION('',(0.,0.,-1.));
#4118=DIRECTION('center_axis',(0.,0.,-1.));
#4119=DIRECTION('ref_axis',(-1.,0.,0.));
#4120=DIRECTION('center_axis',(0.,-1.,0.));
#4121=DIRECTION('ref_axis',(0.,0.,-1.));
#4122=DIRECTION('',(0.,1.,0.));
#4123=DIRECTION('',(0.,1.,0.));
#4124=DIRECTION('center_axis',(0.,-1.,0.));
#4125=DIRECTION('ref_axis',(0.,0.,-1.));
#4126=DIRECTION('',(0.,1.,0.));
#4127=DIRECTION('center_axis',(0.,-1.,0.));
#4128=DIRECTION('ref_axis',(0.,0.,-1.));
#4129=DIRECTION('center_axis',(0.,-1.,0.));
#4130=DIRECTION('ref_axis',(-1.,0.,0.));
#4131=DIRECTION('',(-1.,0.,0.));
#4132=DIRECTION('',(0.,0.,-1.));
#4133=DIRECTION('center_axis',(0.,-1.,0.));
#4134=DIRECTION('ref_axis',(1.,0.,0.));
#4135=DIRECTION('',(1.,0.,0.));
#4136=DIRECTION('center_axis',(0.,-1.,0.));
#4137=DIRECTION('ref_axis',(0.,0.,1.));
#4138=DIRECTION('',(0.,0.,1.));
#4139=DIRECTION('',(-1.,0.,0.));
#4140=DIRECTION('',(-1.,0.,0.));
#4141=DIRECTION('',(0.,0.,-1.));
#4142=DIRECTION('center_axis',(0.,-1.,0.));
#4143=DIRECTION('ref_axis',(0.,0.,1.));
#4144=DIRECTION('',(-1.,0.,0.));
#4145=DIRECTION('center_axis',(0.,-1.,0.));
#4146=DIRECTION('ref_axis',(1.,0.,0.));
#4147=DIRECTION('',(0.,0.,1.));
#4148=DIRECTION('',(-1.,0.,0.));
#4149=DIRECTION('center_axis',(0.,-1.,0.));
#4150=DIRECTION('ref_axis',(-1.,0.,0.));
#4151=DIRECTION('',(1.,0.,0.));
#4152=DIRECTION('center_axis',(0.,-1.,0.));
#4153=DIRECTION('ref_axis',(-1.,0.,0.));
#4154=DIRECTION('',(1.,0.,0.));
#4155=DIRECTION('center_axis',(0.,-1.,0.));
#4156=DIRECTION('ref_axis',(-1.,0.,0.));
#4157=DIRECTION('center_axis',(0.,0.,-1.));
#4158=DIRECTION('ref_axis',(-1.,0.,0.));
#4159=DIRECTION('',(0.,1.,0.));
#4160=DIRECTION('',(1.,0.,0.));
#4161=DIRECTION('',(0.,-1.,0.));
#4162=DIRECTION('center_axis',(0.,-1.,0.));
#4163=DIRECTION('ref_axis',(1.,0.,0.));
#4164=DIRECTION('',(0.,0.,-1.));
#4165=DIRECTION('center_axis',(0.,1.,0.));
#4166=DIRECTION('ref_axis',(0.,0.,-1.));
#4167=DIRECTION('',(-1.,0.,0.));
#4168=DIRECTION('center_axis',(0.,1.,0.));
#4169=DIRECTION('ref_axis',(-1.,0.,0.));
#4170=DIRECTION('',(0.,0.,1.));
#4171=DIRECTION('',(0.,0.,-1.));
#4172=DIRECTION('center_axis',(0.,-1.,0.));
#4173=DIRECTION('ref_axis',(-1.,0.,0.));
#4174=DIRECTION('',(1.,0.,0.));
#4175=DIRECTION('',(0.,0.,1.));
#4176=DIRECTION('',(1.,0.,0.));
#4177=DIRECTION('center_axis',(0.,0.,-1.));
#4178=DIRECTION('ref_axis',(-1.,0.,0.));
#4179=DIRECTION('',(0.,1.,0.));
#4180=DIRECTION('',(0.,-1.,0.));
#4181=DIRECTION('center_axis',(0.,0.,-1.));
#4182=DIRECTION('ref_axis',(-1.,0.,0.));
#4183=DIRECTION('',(0.,-1.,0.));
#4184=DIRECTION('',(1.,0.,0.));
#4185=DIRECTION('center_axis',(0.,-1.,0.));
#4186=DIRECTION('ref_axis',(0.,0.,-1.));
#4187=DIRECTION('',(0.,1.,0.));
#4188=DIRECTION('center_axis',(0.,-1.,0.));
#4189=DIRECTION('ref_axis',(0.,0.,-1.));
#4190=DIRECTION('',(0.,1.,0.));
#4191=DIRECTION('center_axis',(0.,0.,1.));
#4192=DIRECTION('ref_axis',(1.,0.,0.));
#4193=DIRECTION('',(1.,0.,0.));
#4194=DIRECTION('',(0.,1.,0.));
#4195=DIRECTION('center_axis',(0.,-1.,0.));
#4196=DIRECTION('ref_axis',(-1.,0.,0.));
#4197=DIRECTION('center_axis',(0.,-1.,0.));
#4198=DIRECTION('ref_axis',(-1.,0.,0.));
#4199=DIRECTION('',(0.,1.,0.));
#4200=DIRECTION('center_axis',(1.,0.,0.));
#4201=DIRECTION('ref_axis',(0.,0.,-1.));
#4202=DIRECTION('',(0.,0.,-1.));
#4203=DIRECTION('',(0.,1.,0.));
#4204=DIRECTION('center_axis',(0.,-1.,0.));
#4205=DIRECTION('ref_axis',(-1.,0.,0.));
#4206=DIRECTION('',(-1.,0.,0.));
#4207=DIRECTION('center_axis',(1.,0.,0.));
#4208=DIRECTION('ref_axis',(0.,0.,-1.));
#4209=DIRECTION('',(0.,1.,0.));
#4210=DIRECTION('',(0.,1.,0.));
#4211=DIRECTION('center_axis',(0.,-1.,0.));
#4212=DIRECTION('ref_axis',(1.,0.,0.));
#4213=DIRECTION('',(0.,0.,-1.));
#4214=DIRECTION('center_axis',(0.,1.,0.));
#4215=DIRECTION('ref_axis',(0.,0.,-1.));
#4216=DIRECTION('',(-1.,0.,0.));
#4217=DIRECTION('center_axis',(0.,1.,0.));
#4218=DIRECTION('ref_axis',(-1.,0.,0.));
#4219=DIRECTION('',(0.,0.,1.));
#4220=DIRECTION('',(1.,0.,0.));
#4221=DIRECTION('',(0.,0.,1.));
#4222=DIRECTION('',(0.,0.,1.));
#4223=DIRECTION('',(1.,0.,0.));
#4224=DIRECTION('',(0.,0.,-1.));
#4225=DIRECTION('center_axis',(0.,1.,0.));
#4226=DIRECTION('ref_axis',(0.,0.,-1.));
#4227=DIRECTION('',(-1.,0.,0.));
#4228=DIRECTION('center_axis',(0.,1.,0.));
#4229=DIRECTION('ref_axis',(-1.,0.,0.));
#4230=DIRECTION('',(0.,0.,1.));
#4231=DIRECTION('',(1.,0.,0.));
#4232=DIRECTION('center_axis',(0.,0.,-1.));
#4233=DIRECTION('ref_axis',(-1.,0.,0.));
#4234=DIRECTION('',(0.,-1.,0.));
#4235=DIRECTION('',(0.,1.,0.));
#4236=DIRECTION('center_axis',(0.,0.,-1.));
#4237=DIRECTION('ref_axis',(-1.,0.,0.));
#4238=DIRECTION('',(0.,1.,0.));
#4239=DIRECTION('',(0.,-1.,0.));
#4240=DIRECTION('center_axis',(1.,0.,0.));
#4241=DIRECTION('ref_axis',(0.,1.,0.));
#4242=DIRECTION('center_axis',(-1.,0.,0.));
#4243=DIRECTION('ref_axis',(0.,-1.,0.));
#4244=DIRECTION('center_axis',(0.,0.,-1.));
#4245=DIRECTION('ref_axis',(-1.,0.,0.));
#4246=DIRECTION('',(0.,1.,0.));
#4247=DIRECTION('',(0.,-1.,0.));
#4248=DIRECTION('center_axis',(-1.,0.,0.));
#4249=DIRECTION('ref_axis',(0.,0.,1.));
#4250=DIRECTION('',(0.,1.,0.));
#4251=DIRECTION('',(0.,0.,-1.));
#4252=DIRECTION('',(0.,1.,0.));
#4253=DIRECTION('center_axis',(0.,-1.,0.));
#4254=DIRECTION('ref_axis',(0.,0.,-1.));
#4255=DIRECTION('center_axis',(0.,1.,0.));
#4256=DIRECTION('ref_axis',(0.,0.,-1.));
#4257=DIRECTION('',(0.,1.,0.));
#4258=DIRECTION('center_axis',(0.,0.,1.));
#4259=DIRECTION('ref_axis',(1.,0.,0.));
#4260=DIRECTION('',(-1.,0.,0.));
#4261=DIRECTION('',(0.,1.,0.));
#4262=DIRECTION('center_axis',(0.,-1.,0.));
#4263=DIRECTION('ref_axis',(-1.,0.,0.));
#4264=DIRECTION('center_axis',(0.,1.,0.));
#4265=DIRECTION('ref_axis',(-1.,0.,0.));
#4266=DIRECTION('',(0.,1.,0.));
#4267=DIRECTION('center_axis',(1.,0.,0.));
#4268=DIRECTION('ref_axis',(0.,0.,-1.));
#4269=DIRECTION('',(0.,0.,1.));
#4270=DIRECTION('',(0.,1.,0.));
#4271=DIRECTION('center_axis',(-1.,0.,0.));
#4272=DIRECTION('ref_axis',(0.,0.,1.));
#4273=DIRECTION('',(0.,0.,-1.));
#4274=DIRECTION('',(0.,1.,0.));
#4275=DIRECTION('',(0.,0.,-1.));
#4276=DIRECTION('',(0.,1.,0.));
#4277=DIRECTION('center_axis',(0.,-1.,0.));
#4278=DIRECTION('ref_axis',(0.,0.,-1.));
#4279=DIRECTION('center_axis',(0.,1.,0.));
#4280=DIRECTION('ref_axis',(0.,0.,-1.));
#4281=DIRECTION('',(0.,1.,0.));
#4282=DIRECTION('center_axis',(0.,-1.,0.));
#4283=DIRECTION('ref_axis',(0.,0.,-1.));
#4284=DIRECTION('center_axis',(0.,0.,1.));
#4285=DIRECTION('ref_axis',(1.,0.,0.));
#4286=DIRECTION('',(-1.,0.,0.));
#4287=DIRECTION('',(0.,1.,0.));
#4288=DIRECTION('',(-1.,0.,0.));
#4289=DIRECTION('center_axis',(0.,-1.,0.));
#4290=DIRECTION('ref_axis',(-1.,0.,0.));
#4291=DIRECTION('center_axis',(0.,1.,0.));
#4292=DIRECTION('ref_axis',(-1.,0.,0.));
#4293=DIRECTION('',(0.,1.,0.));
#4294=DIRECTION('center_axis',(0.,-1.,0.));
#4295=DIRECTION('ref_axis',(-1.,0.,0.));
#4296=DIRECTION('center_axis',(1.,0.,0.));
#4297=DIRECTION('ref_axis',(0.,0.,-1.));
#4298=DIRECTION('',(0.,0.,1.));
#4299=DIRECTION('',(0.,1.,0.));
#4300=DIRECTION('',(0.,0.,1.));
#4301=DIRECTION('center_axis',(0.,-1.,0.));
#4302=DIRECTION('ref_axis',(0.,0.,1.));
#4303=DIRECTION('center_axis',(0.,1.,0.));
#4304=DIRECTION('ref_axis',(0.,0.,1.));
#4305=DIRECTION('',(0.,1.,0.));
#4306=DIRECTION('center_axis',(0.,-1.,0.));
#4307=DIRECTION('ref_axis',(0.,0.,1.));
#4308=DIRECTION('center_axis',(0.,0.,-1.));
#4309=DIRECTION('ref_axis',(-1.,0.,0.));
#4310=DIRECTION('',(1.,0.,0.));
#4311=DIRECTION('',(0.,1.,0.));
#4312=DIRECTION('',(1.,0.,0.));
#4313=DIRECTION('center_axis',(0.,-1.,0.));
#4314=DIRECTION('ref_axis',(1.,0.,0.));
#4315=DIRECTION('center_axis',(0.,1.,0.));
#4316=DIRECTION('ref_axis',(1.,0.,0.));
#4317=DIRECTION('center_axis',(0.,-1.,0.));
#4318=DIRECTION('ref_axis',(1.,0.,0.));
#4319=DIRECTION('center_axis',(0.,-1.,0.));
#4320=DIRECTION('ref_axis',(-1.,0.,0.));
#4321=DIRECTION('',(0.,0.,1.));
#4322=DIRECTION('center_axis',(0.,-1.,0.));
#4323=DIRECTION('ref_axis',(1.,0.,0.));
#4324=DIRECTION('',(-1.,0.,0.));
#4325=DIRECTION('center_axis',(0.,-1.,0.));
#4326=DIRECTION('ref_axis',(0.,0.,1.));
#4327=DIRECTION('center_axis',(-1.,0.,0.));
#4328=DIRECTION('ref_axis',(0.,0.,1.));
#4329=DIRECTION('',(0.,1.,0.));
#4330=DIRECTION('center_axis',(0.,-1.,0.));
#4331=DIRECTION('ref_axis',(1.,0.,0.));
#4332=DIRECTION('',(0.,1.,0.));
#4333=DIRECTION('center_axis',(0.,0.,-1.));
#4334=DIRECTION('ref_axis',(-1.,0.,0.));
#4335=DIRECTION('',(0.,1.,0.));
#4336=DIRECTION('center_axis',(0.,-1.,0.));
#4337=DIRECTION('ref_axis',(0.,0.,1.));
#4338=DIRECTION('center_axis',(0.,-1.,0.));
#4339=DIRECTION('ref_axis',(1.,0.,0.));
#4340=DIRECTION('',(0.,1.,0.));
#4341=DIRECTION('center_axis',(0.,1.,0.));
#4342=DIRECTION('ref_axis',(1.,0.,0.));
#4343=DIRECTION('center_axis',(0.,0.,-1.));
#4344=DIRECTION('ref_axis',(-1.,0.,0.));
#4345=DIRECTION('',(0.,1.,0.));
#4346=DIRECTION('',(1.,0.,0.));
#4347=DIRECTION('center_axis',(0.,-1.,0.));
#4348=DIRECTION('ref_axis',(0.,0.,1.));
#4349=DIRECTION('center_axis',(0.,1.,0.));
#4350=DIRECTION('ref_axis',(0.,0.,1.));
#4351=DIRECTION('center_axis',(-1.,0.,0.));
#4352=DIRECTION('ref_axis',(0.,0.,1.));
#4353=DIRECTION('',(0.,1.,0.));
#4354=DIRECTION('',(0.,0.,-1.));
#4355=DIRECTION('',(0.,1.,0.));
#4356=DIRECTION('center_axis',(0.,-1.,0.));
#4357=DIRECTION('ref_axis',(1.,0.,0.));
#4358=DIRECTION('',(0.,1.,0.));
#4359=DIRECTION('center_axis',(0.,1.,0.));
#4360=DIRECTION('ref_axis',(1.,0.,0.));
#4361=DIRECTION('center_axis',(0.,0.,-1.));
#4362=DIRECTION('ref_axis',(-1.,0.,0.));
#4363=DIRECTION('',(0.,1.,0.));
#4364=DIRECTION('',(1.,0.,0.));
#4365=DIRECTION('center_axis',(0.,-1.,0.));
#4366=DIRECTION('ref_axis',(0.,0.,1.));
#4367=DIRECTION('',(0.,1.,0.));
#4368=DIRECTION('center_axis',(0.,1.,0.));
#4369=DIRECTION('ref_axis',(0.,0.,1.));
#4370=DIRECTION('center_axis',(1.,0.,0.));
#4371=DIRECTION('ref_axis',(0.,0.,-1.));
#4372=DIRECTION('',(0.,1.,0.));
#4373=DIRECTION('',(0.,0.,1.));
#4374=DIRECTION('center_axis',(0.,-1.,0.));
#4375=DIRECTION('ref_axis',(0.,0.,-1.));
#4376=DIRECTION('center_axis',(0.,1.,0.));
#4377=DIRECTION('ref_axis',(0.,0.,-1.));
#4378=DIRECTION('',(0.,1.,0.));
#4379=DIRECTION('center_axis',(0.,0.,1.));
#4380=DIRECTION('ref_axis',(1.,0.,0.));
#4381=DIRECTION('',(-1.,0.,0.));
#4382=DIRECTION('',(0.,1.,0.));
#4383=DIRECTION('center_axis',(0.,-1.,0.));
#4384=DIRECTION('ref_axis',(-1.,0.,0.));
#4385=DIRECTION('center_axis',(0.,1.,0.));
#4386=DIRECTION('ref_axis',(-1.,0.,0.));
#4387=DIRECTION('center_axis',(0.,0.,-1.));
#4388=DIRECTION('ref_axis',(-1.,0.,0.));
#4389=DIRECTION('center_axis',(0.,0.,-1.));
#4390=DIRECTION('ref_axis',(-1.,0.,0.));
#4391=DIRECTION('',(0.,0.,1.));
#4392=DIRECTION('center_axis',(0.,0.,-1.));
#4393=DIRECTION('ref_axis',(-1.,0.,0.));
#4394=DIRECTION('center_axis',(0.,0.,-1.));
#4395=DIRECTION('ref_axis',(-1.,0.,0.));
#4396=DIRECTION('center_axis',(0.,0.,-1.));
#4397=DIRECTION('ref_axis',(-1.,0.,0.));
#4398=DIRECTION('',(0.,0.,1.));
#4399=DIRECTION('center_axis',(0.,0.,-1.));
#4400=DIRECTION('ref_axis',(-1.,0.,0.));
#4401=DIRECTION('center_axis',(0.,0.,-1.));
#4402=DIRECTION('ref_axis',(-1.,0.,0.));
#4403=DIRECTION('center_axis',(0.,0.,-1.));
#4404=DIRECTION('ref_axis',(-1.,0.,0.));
#4405=DIRECTION('',(0.,0.,1.));
#4406=DIRECTION('center_axis',(0.,0.,-1.));
#4407=DIRECTION('ref_axis',(-1.,0.,0.));
#4408=DIRECTION('center_axis',(0.,0.,-1.));
#4409=DIRECTION('ref_axis',(-1.,0.,0.));
#4410=DIRECTION('center_axis',(0.,0.,-1.));
#4411=DIRECTION('ref_axis',(-1.,0.,0.));
#4412=DIRECTION('',(0.,0.,1.));
#4413=DIRECTION('center_axis',(0.,0.,-1.));
#4414=DIRECTION('ref_axis',(-1.,0.,0.));
#4415=DIRECTION('center_axis',(0.,0.,-1.));
#4416=DIRECTION('ref_axis',(-1.,0.,0.));
#4417=DIRECTION('center_axis',(0.,0.,-1.));
#4418=DIRECTION('ref_axis',(-1.,0.,0.));
#4419=DIRECTION('',(0.,0.,1.));
#4420=DIRECTION('center_axis',(0.,0.,1.));
#4421=DIRECTION('ref_axis',(-1.,0.,0.));
#4422=DIRECTION('center_axis',(0.,0.,-1.));
#4423=DIRECTION('ref_axis',(-1.,0.,0.));
#4424=DIRECTION('center_axis',(0.,0.,-1.));
#4425=DIRECTION('ref_axis',(-1.,0.,0.));
#4426=DIRECTION('center_axis',(0.,0.,-1.));
#4427=DIRECTION('ref_axis',(-1.,0.,0.));
#4428=DIRECTION('',(0.,0.,1.));
#4429=DIRECTION('center_axis',(0.,0.,1.));
#4430=DIRECTION('ref_axis',(-1.,0.,0.));
#4431=DIRECTION('center_axis',(0.,0.,-1.));
#4432=DIRECTION('ref_axis',(-1.,0.,0.));
#4433=DIRECTION('center_axis',(0.,0.,-1.));
#4434=DIRECTION('ref_axis',(-1.,0.,0.));
#4435=DIRECTION('center_axis',(0.,0.,-1.));
#4436=DIRECTION('ref_axis',(-1.,0.,0.));
#4437=DIRECTION('',(0.,0.,1.));
#4438=DIRECTION('center_axis',(0.,0.,1.));
#4439=DIRECTION('ref_axis',(-1.,0.,0.));
#4440=DIRECTION('center_axis',(0.,0.,-1.));
#4441=DIRECTION('ref_axis',(-1.,0.,0.));
#4442=DIRECTION('center_axis',(0.,0.,-1.));
#4443=DIRECTION('ref_axis',(-1.,0.,0.));
#4444=DIRECTION('center_axis',(0.,0.,-1.));
#4445=DIRECTION('ref_axis',(-1.,0.,0.));
#4446=DIRECTION('',(0.,0.,1.));
#4447=DIRECTION('center_axis',(0.,0.,1.));
#4448=DIRECTION('ref_axis',(-1.,0.,0.));
#4449=DIRECTION('center_axis',(0.,0.,-1.));
#4450=DIRECTION('ref_axis',(-1.,0.,0.));
#4451=DIRECTION('center_axis',(0.,0.,1.));
#4452=DIRECTION('ref_axis',(1.,0.,0.));
#4453=DIRECTION('',(0.,1.,0.));
#4454=DIRECTION('center_axis',(0.,-1.,0.));
#4455=DIRECTION('ref_axis',(-1.,0.,0.));
#4456=DIRECTION('center_axis',(0.,-1.,0.));
#4457=DIRECTION('ref_axis',(0.,0.,1.));
#4458=DIRECTION('',(0.,1.,0.));
#4459=DIRECTION('center_axis',(0.,0.,-1.));
#4460=DIRECTION('ref_axis',(-1.,0.,0.));
#4461=DIRECTION('',(0.,1.,0.));
#4462=DIRECTION('center_axis',(0.,-1.,0.));
#4463=DIRECTION('ref_axis',(1.,0.,0.));
#4464=DIRECTION('',(0.,1.,0.));
#4465=DIRECTION('center_axis',(-1.,0.,0.));
#4466=DIRECTION('ref_axis',(0.,0.,1.));
#4467=DIRECTION('center_axis',(-1.,0.,0.));
#4468=DIRECTION('ref_axis',(0.,-1.,0.));
#4469=DIRECTION('center_axis',(-1.,0.,0.));
#4470=DIRECTION('ref_axis',(0.,-1.,0.));
#4471=DIRECTION('',(0.,0.,1.));
#4472=DIRECTION('center_axis',(0.,0.,-1.));
#4473=DIRECTION('ref_axis',(1.,-1.22464679914735E-16,0.));
#4474=DIRECTION('',(0.,0.,1.));
#4475=DIRECTION('',(0.,0.,-1.));
#4476=DIRECTION('center_axis',(1.,0.,0.));
#4477=DIRECTION('ref_axis',(0.,1.,0.));
#4478=DIRECTION('',(0.,0.,1.));
#4479=DIRECTION('center_axis',(1.,0.,0.));
#4480=DIRECTION('ref_axis',(0.,1.,0.));
#4481=DIRECTION('center_axis',(0.,0.,-1.));
#4482=DIRECTION('ref_axis',(-1.,0.,0.));
#4483=DIRECTION('center_axis',(0.,0.,-1.));
#4484=DIRECTION('ref_axis',(-1.,0.,0.));
#4485=DIRECTION('',(0.,0.,-1.));
#4486=DIRECTION('center_axis',(0.,0.,-1.));
#4487=DIRECTION('ref_axis',(-1.,0.,0.));
#4488=DIRECTION('center_axis',(0.,0.,-1.));
#4489=DIRECTION('ref_axis',(-1.,0.,0.));
#4490=DIRECTION('center_axis',(0.,0.,-1.));
#4491=DIRECTION('ref_axis',(-1.,0.,0.));
#4492=DIRECTION('',(0.,0.,-1.));
#4493=DIRECTION('center_axis',(0.,0.,-1.));
#4494=DIRECTION('ref_axis',(-1.,0.,0.));
#4495=DIRECTION('center_axis',(0.,0.,-1.));
#4496=DIRECTION('ref_axis',(-1.,0.,0.));
#4497=DIRECTION('center_axis',(0.,0.,-1.));
#4498=DIRECTION('ref_axis',(-1.,0.,0.));
#4499=DIRECTION('',(0.,0.,-1.));
#4500=DIRECTION('center_axis',(0.,0.,-1.));
#4501=DIRECTION('ref_axis',(-1.,0.,0.));
#4502=DIRECTION('center_axis',(0.,0.,-1.));
#4503=DIRECTION('ref_axis',(-1.,0.,0.));
#4504=DIRECTION('center_axis',(0.,0.,-1.));
#4505=DIRECTION('ref_axis',(-1.,0.,0.));
#4506=DIRECTION('',(0.,0.,-1.));
#4507=DIRECTION('center_axis',(0.,0.,-1.));
#4508=DIRECTION('ref_axis',(-1.,0.,0.));
#4509=DIRECTION('center_axis',(0.,0.,-1.));
#4510=DIRECTION('ref_axis',(0.,-1.,0.));
#4511=DIRECTION('center_axis',(0.,0.,-1.));
#4512=DIRECTION('ref_axis',(0.,1.,0.));
#4513=DIRECTION('center_axis',(0.,-1.,0.));
#4514=DIRECTION('ref_axis',(1.,0.,0.));
#4515=DIRECTION('center_axis',(0.,0.,-1.));
#4516=DIRECTION('ref_axis',(-1.,0.,0.));
#4517=DIRECTION('center_axis',(-1.,0.,0.));
#4518=DIRECTION('ref_axis',(0.,-1.,0.));
#4519=DIRECTION('',(0.,0.,1.));
#4520=DIRECTION('',(0.,0.,1.));
#4521=DIRECTION('center_axis',(0.,0.,-1.));
#4522=DIRECTION('ref_axis',(0.,1.,0.));
#4523=DIRECTION('',(0.,0.,1.));
#4524=DIRECTION('center_axis',(0.,-1.,0.));
#4525=DIRECTION('ref_axis',(1.,0.,0.));
#4526=DIRECTION('',(0.,0.,1.));
#4527=DIRECTION('center_axis',(0.,0.,-1.));
#4528=DIRECTION('ref_axis',(-1.,0.,0.));
#4529=DIRECTION('',(0.,0.,1.));
#4530=DIRECTION('center_axis',(1.,0.,0.));
#4531=DIRECTION('ref_axis',(0.,1.,0.));
#4532=DIRECTION('center_axis',(0.,0.,-1.));
#4533=DIRECTION('ref_axis',(1.,0.,0.));
#4534=CARTESIAN_POINT('',(0.,0.,0.));
#4535=CARTESIAN_POINT('Origin',(3.33,-4.3,0.75));
#4536=CARTESIAN_POINT('',(3.9,-4.3,0.8));
#4537=CARTESIAN_POINT('',(3.63,-4.3,0.8));
#4538=CARTESIAN_POINT('',(3.4725,-4.3,0.8));
#4539=CARTESIAN_POINT('',(3.9,-4.3,0.75));
#4540=CARTESIAN_POINT('',(3.9,-4.3,0.375));
#4541=CARTESIAN_POINT('',(3.63,-4.3,0.75));
#4542=CARTESIAN_POINT('',(3.33,-4.3,0.75));
#4543=CARTESIAN_POINT('',(3.63,-4.3,0.38));
#4544=CARTESIAN_POINT('Origin',(3.9,-5.2,0.));
#4545=CARTESIAN_POINT('',(3.9,-4.1,0.75));
#4546=CARTESIAN_POINT('',(3.9,-4.6875,0.75));
#4547=CARTESIAN_POINT('',(3.9,-4.92912878474779,0.8));
#4548=CARTESIAN_POINT('',(3.9,-5.2,0.8));
#4549=CARTESIAN_POINT('',(3.9,-4.92912878474779,0.25));
#4550=CARTESIAN_POINT('',(3.9,-4.92912878474779,0.25));
#4551=CARTESIAN_POINT('',(3.9,-4.1,0.25));
#4552=CARTESIAN_POINT('',(3.9,-2.6,0.25));
#4553=CARTESIAN_POINT('',(3.9,-4.1,0.25));
#4554=CARTESIAN_POINT('Origin',(3.615,-4.625,0.8));
#4555=CARTESIAN_POINT('',(3.63,-4.95,0.8));
#4556=CARTESIAN_POINT('',(3.63,-4.9175,0.8));
#4557=CARTESIAN_POINT('',(3.8,-4.95,0.8));
#4558=CARTESIAN_POINT('',(3.7075,-4.95,0.8));
#4559=CARTESIAN_POINT('Origin',(3.8,-4.7,0.8));
#4560=CARTESIAN_POINT('Origin',(-3.9,-4.3,0.75));
#4561=CARTESIAN_POINT('',(-3.63,-4.3,0.8));
#4562=CARTESIAN_POINT('',(-3.9,-4.3,0.8));
#4563=CARTESIAN_POINT('',(-3.7575,-4.3,0.8));
#4564=CARTESIAN_POINT('',(-3.63,-4.3,0.75));
#4565=CARTESIAN_POINT('',(-3.63,-4.3,0.38));
#4566=CARTESIAN_POINT('',(-3.9,-4.3,0.75));
#4567=CARTESIAN_POINT('',(-3.9,-4.3,0.75));
#4568=CARTESIAN_POINT('',(-3.9,-4.3,0.375));
#4569=CARTESIAN_POINT('Origin',(-3.33,-4.2,-0.002));
#4570=CARTESIAN_POINT('',(-3.33,-4.12083250825002,0.75));
#4571=CARTESIAN_POINT('',(-3.33,-4.3,0.75));
#4572=CARTESIAN_POINT('',(-3.33,-4.1875,0.75));
#4573=CARTESIAN_POINT('',(-3.33,-4.3,0.38));
#4574=CARTESIAN_POINT('',(-3.33,-4.3,0.189));
#4575=CARTESIAN_POINT('',(-3.33,-5.2,0.38));
#4576=CARTESIAN_POINT('',(-3.33,-4.4775,0.38));
#4577=CARTESIAN_POINT('',(-3.33,-5.2,0.));
#4578=CARTESIAN_POINT('',(-3.33,-5.2,-0.001));
#4579=CARTESIAN_POINT('',(-3.33,-4.2,0.));
#4580=CARTESIAN_POINT('',(-3.33,-2.1,0.));
#4581=CARTESIAN_POINT('',(-3.33,-4.2,0.25));
#4582=CARTESIAN_POINT('',(-3.33,-4.2,-0.002));
#4583=CARTESIAN_POINT('',(-3.33,-4.12083250825002,0.25));
#4584=CARTESIAN_POINT('',(-3.33,-2.6,0.25));
#4585=CARTESIAN_POINT('',(-3.33,-4.12083250825002,0.25));
#4586=CARTESIAN_POINT('Origin',(-3.27,-4.3,0.38));
#4587=CARTESIAN_POINT('',(-3.4425,-4.3,0.75));
#4588=CARTESIAN_POINT('',(-3.63,-4.3,0.38));
#4589=CARTESIAN_POINT('',(-3.63,-4.3,0.38));
#4590=CARTESIAN_POINT('',(-3.27,-4.3,0.38));
#4591=CARTESIAN_POINT('Origin',(3.6,-3.7,-0.002));
#4592=CARTESIAN_POINT('',(3.43,-3.7,0.));
#4593=CARTESIAN_POINT('Origin',(3.6,-3.7,0.));
#4594=CARTESIAN_POINT('',(3.43,-3.7,0.25));
#4595=CARTESIAN_POINT('',(3.43,-3.7,-0.002));
#4596=CARTESIAN_POINT('Origin',(3.6,-3.7,0.25));
#4597=CARTESIAN_POINT('Origin',(-3.6,3.7,-0.002));
#4598=CARTESIAN_POINT('',(-3.77,3.7,0.));
#4599=CARTESIAN_POINT('Origin',(-3.6,3.7,0.));
#4600=CARTESIAN_POINT('',(-3.77,3.7,0.25));
#4601=CARTESIAN_POINT('',(-3.77,3.7,-0.002));
#4602=CARTESIAN_POINT('Origin',(-3.6,3.7,0.25));
#4603=CARTESIAN_POINT('Origin',(-3.6,-3.7,-0.002));
#4604=CARTESIAN_POINT('',(-3.77,-3.7,0.));
#4605=CARTESIAN_POINT('Origin',(-3.6,-3.7,0.));
#4606=CARTESIAN_POINT('',(-3.77,-3.7,0.25));
#4607=CARTESIAN_POINT('',(-3.77,-3.7,-0.002));
#4608=CARTESIAN_POINT('Origin',(-3.6,-3.7,0.25));
#4609=CARTESIAN_POINT('Origin',(3.6,3.7,-0.002));
#4610=CARTESIAN_POINT('',(3.43,3.7,0.));
#4611=CARTESIAN_POINT('Origin',(3.6,3.7,0.));
#4612=CARTESIAN_POINT('',(3.43,3.7,0.25));
#4613=CARTESIAN_POINT('',(3.43,3.7,-0.002));
#4614=CARTESIAN_POINT('Origin',(3.6,3.7,0.25));
#4615=CARTESIAN_POINT('Origin',(3.6,-3.7,0.25));
#4616=CARTESIAN_POINT('',(3.4,-3.7,0.25));
#4617=CARTESIAN_POINT('Origin',(3.6,-3.7,0.25));
#4618=CARTESIAN_POINT('',(3.4,-3.7,0.75));
#4619=CARTESIAN_POINT('',(3.4,-3.7,0.25));
#4620=CARTESIAN_POINT('Origin',(3.6,-3.7,0.75));
#4621=CARTESIAN_POINT('Origin',(3.6,-3.7,0.25));
#4622=CARTESIAN_POINT('Origin',(-3.6,3.7,0.25));
#4623=CARTESIAN_POINT('',(-3.8,3.7,0.25));
#4624=CARTESIAN_POINT('Origin',(-3.6,3.7,0.25));
#4625=CARTESIAN_POINT('',(-3.8,3.7,0.75));
#4626=CARTESIAN_POINT('',(-3.8,3.7,0.25));
#4627=CARTESIAN_POINT('Origin',(-3.6,3.7,0.75));
#4628=CARTESIAN_POINT('Origin',(-3.6,3.7,0.25));
#4629=CARTESIAN_POINT('Origin',(-3.6,-3.7,0.25));
#4630=CARTESIAN_POINT('',(-3.8,-3.7,0.25));
#4631=CARTESIAN_POINT('Origin',(-3.6,-3.7,0.25));
#4632=CARTESIAN_POINT('',(-3.8,-3.7,0.75));
#4633=CARTESIAN_POINT('',(-3.8,-3.7,0.25));
#4634=CARTESIAN_POINT('Origin',(-3.6,-3.7,0.75));
#4635=CARTESIAN_POINT('Origin',(-3.6,-3.7,0.25));
#4636=CARTESIAN_POINT('Origin',(3.6,3.7,0.25));
#4637=CARTESIAN_POINT('',(3.4,3.7,0.25));
#4638=CARTESIAN_POINT('Origin',(3.6,3.7,0.25));
#4639=CARTESIAN_POINT('',(3.4,3.7,0.75));
#4640=CARTESIAN_POINT('',(3.4,3.7,0.25));
#4641=CARTESIAN_POINT('Origin',(3.6,3.7,0.75));
#4642=CARTESIAN_POINT('Origin',(3.6,3.7,0.25));
#4643=CARTESIAN_POINT('Origin',(3.5,3.7,0.25));
#4644=CARTESIAN_POINT('',(3.5,3.13541019662497,0.75));
#4645=CARTESIAN_POINT('',(3.5,3.13541019662497,0.25));
#4646=CARTESIAN_POINT('',(3.5,3.13541019662497,0.25));
#4647=CARTESIAN_POINT('',(3.5,3.21010205144337,0.75));
#4648=CARTESIAN_POINT('',(3.5,3.7,0.75));
#4649=CARTESIAN_POINT('',(3.5,3.21010205144337,0.25));
#4650=CARTESIAN_POINT('',(3.5,3.21010205144337,0.25));
#4651=CARTESIAN_POINT('',(3.5,1.85,0.25));
#4652=CARTESIAN_POINT('Origin',(0.,0.,0.25));
#4653=CARTESIAN_POINT('',(4.05,3.91794494717703,0.25));
#4654=CARTESIAN_POINT('Origin',(3.6,3.7,0.25));
#4655=CARTESIAN_POINT('',(4.05,4.7,0.25));
#4656=CARTESIAN_POINT('',(4.05,4.7,0.25));
#4657=CARTESIAN_POINT('',(3.8,4.95,0.25));
#4658=CARTESIAN_POINT('Origin',(3.8,4.7,0.25));
#4659=CARTESIAN_POINT('',(2.8,4.95,0.25));
#4660=CARTESIAN_POINT('',(-3.8,4.95,0.25));
#4661=CARTESIAN_POINT('',(2.8,4.92,0.25));
#4662=CARTESIAN_POINT('',(2.8,2.525,0.25));
#4663=CARTESIAN_POINT('',(2.5,4.92,0.25));
#4664=CARTESIAN_POINT('',(1.4,4.92,0.25));
#4665=CARTESIAN_POINT('',(2.5,4.95,0.25));
#4666=CARTESIAN_POINT('',(2.5,2.46,0.25));
#4667=CARTESIAN_POINT('',(-2.6,4.95,0.25));
#4668=CARTESIAN_POINT('',(-3.8,4.95,0.25));
#4669=CARTESIAN_POINT('',(-2.6,4.92,0.25));
#4670=CARTESIAN_POINT('',(-2.6,2.525,0.25));
#4671=CARTESIAN_POINT('',(-2.9,4.92,0.25));
#4672=CARTESIAN_POINT('',(-1.3,4.92,0.25));
#4673=CARTESIAN_POINT('',(-2.9,4.95,0.25));
#4674=CARTESIAN_POINT('',(-2.9,2.46,0.25));
#4675=CARTESIAN_POINT('',(-3.8,4.95,0.25));
#4676=CARTESIAN_POINT('',(-3.8,4.95,0.25));
#4677=CARTESIAN_POINT('',(-4.05,4.7,0.25));
#4678=CARTESIAN_POINT('Origin',(-3.8,4.7,0.25));
#4679=CARTESIAN_POINT('',(-4.05,3.91794494717703,0.25));
#4680=CARTESIAN_POINT('',(-4.05,-4.7,0.25));
#4681=CARTESIAN_POINT('',(-3.5,3.21010205144336,0.25));
#4682=CARTESIAN_POINT('Origin',(-3.6,3.7,0.25));
#4683=CARTESIAN_POINT('',(-3.5,3.13541019662497,0.25));
#4684=CARTESIAN_POINT('',(-3.5,1.4,0.25));
#4685=CARTESIAN_POINT('',(-4.05,2.42583426132261,0.25));
#4686=CARTESIAN_POINT('Origin',(-3.8,2.8,0.25));
#4687=CARTESIAN_POINT('',(-4.05,-2.42583426132261,0.25));
#4688=CARTESIAN_POINT('',(-4.05,-4.7,0.25));
#4689=CARTESIAN_POINT('',(-3.5,-3.13541019662497,0.25));
#4690=CARTESIAN_POINT('Origin',(-3.8,-2.8,0.25));
#4691=CARTESIAN_POINT('',(-3.5,-3.21010205144336,0.25));
#4692=CARTESIAN_POINT('',(-3.5,-1.85,0.25));
#4693=CARTESIAN_POINT('Origin',(-3.6,-3.7,0.25));
#4694=CARTESIAN_POINT('',(3.33,-4.2,0.25));
#4695=CARTESIAN_POINT('',(1.665,-4.2,0.25));
#4696=CARTESIAN_POINT('',(3.33,-4.12083250825002,0.25));
#4697=CARTESIAN_POINT('',(3.33,-2.025,0.25));
#4698=CARTESIAN_POINT('',(3.5,-3.21010205144337,0.25));
#4699=CARTESIAN_POINT('Origin',(3.6,-3.7,0.25));
#4700=CARTESIAN_POINT('',(3.5,-3.13541019662497,0.25));
#4701=CARTESIAN_POINT('',(3.5,-1.4,0.25));
#4702=CARTESIAN_POINT('',(4.05,-2.42583426132261,0.25));
#4703=CARTESIAN_POINT('Origin',(3.8,-2.8,0.25));
#4704=CARTESIAN_POINT('',(4.05,2.42583426132261,0.25));
#4705=CARTESIAN_POINT('',(4.05,4.7,0.25));
#4706=CARTESIAN_POINT('Origin',(3.8,2.8,0.25));
#4707=CARTESIAN_POINT('',(-2.1,-3.7,0.25));
#4708=CARTESIAN_POINT('Origin',(-2.55,-3.7,0.25));
#4709=CARTESIAN_POINT('',(3.,2.1,0.25));
#4710=CARTESIAN_POINT('Origin',(2.55,2.1,0.25));
#4711=CARTESIAN_POINT('',(3.,-3.7,0.25));
#4712=CARTESIAN_POINT('Origin',(2.55,-3.7,0.25));
#4713=CARTESIAN_POINT('',(-2.1,2.1,0.25));
#4714=CARTESIAN_POINT('Origin',(-2.55,2.1,0.25));
#4715=CARTESIAN_POINT('Origin',(3.6,3.7,0.25));
#4716=CARTESIAN_POINT('',(4.05,3.91794494717703,0.75));
#4717=CARTESIAN_POINT('Origin',(3.6,3.7,0.75));
#4718=CARTESIAN_POINT('',(4.05,3.91794494717703,0.25));
#4719=CARTESIAN_POINT('Origin',(3.6,3.7,0.75));
#4720=CARTESIAN_POINT('',(4.05,3.17416573867739,0.75));
#4721=CARTESIAN_POINT('Origin',(3.8,2.8,0.75));
#4722=CARTESIAN_POINT('',(4.05,3.975,0.75));
#4723=CARTESIAN_POINT('Origin',(3.5,-2.8,0.25));
#4724=CARTESIAN_POINT('',(3.5,-3.13541019662497,0.75));
#4725=CARTESIAN_POINT('',(3.5,-3.13541019662497,0.25));
#4726=CARTESIAN_POINT('',(3.5,-3.21010205144337,0.75));
#4727=CARTESIAN_POINT('',(3.5,-3.21010205144337,0.25));
#4728=CARTESIAN_POINT('',(3.5,-2.8,0.75));
#4729=CARTESIAN_POINT('Origin',(4.05,4.7,0.25));
#4730=CARTESIAN_POINT('',(4.05,-3.17416573867739,0.75));
#4731=CARTESIAN_POINT('',(4.05,-3.91794494717703,0.75));
#4732=CARTESIAN_POINT('',(4.05,0.5,0.75));
#4733=CARTESIAN_POINT('',(4.05,-3.91794494717703,0.25));
#4734=CARTESIAN_POINT('',(4.05,-3.91794494717703,0.25));
#4735=CARTESIAN_POINT('',(4.05,-4.7,0.25));
#4736=CARTESIAN_POINT('',(4.05,4.7,0.25));
#4737=CARTESIAN_POINT('',(4.05,-4.7,2.76));
#4738=CARTESIAN_POINT('',(4.05,-4.7,0.25));
#4739=CARTESIAN_POINT('',(4.05,-3.17416573867739,2.76));
#4740=CARTESIAN_POINT('',(4.05,2.35,2.76));
#4741=CARTESIAN_POINT('',(4.05,-3.17416573867739,0.25));
#4742=CARTESIAN_POINT('Origin',(3.8,-2.8,0.25));
#4743=CARTESIAN_POINT('Origin',(3.8,-2.8,0.75));
#4744=CARTESIAN_POINT('',(4.05,-2.42583426132261,2.76));
#4745=CARTESIAN_POINT('Origin',(3.8,-2.8,2.76));
#4746=CARTESIAN_POINT('',(4.05,-2.42583426132261,0.25));
#4747=CARTESIAN_POINT('Origin',(-3.5,2.8,0.25));
#4748=CARTESIAN_POINT('',(-3.5,3.13541019662497,0.75));
#4749=CARTESIAN_POINT('',(-3.5,3.13541019662497,0.25));
#4750=CARTESIAN_POINT('',(-3.5,3.21010205144336,0.75));
#4751=CARTESIAN_POINT('',(-3.5,3.21010205144336,0.25));
#4752=CARTESIAN_POINT('',(-3.5,2.8,0.75));
#4753=CARTESIAN_POINT('Origin',(-4.05,-4.7,0.25));
#4754=CARTESIAN_POINT('',(-4.05,3.17416573867739,0.75));
#4755=CARTESIAN_POINT('',(-4.05,3.91794494717703,0.75));
#4756=CARTESIAN_POINT('',(-4.05,-0.5,0.75));
#4757=CARTESIAN_POINT('',(-4.05,3.91794494717703,0.25));
#4758=CARTESIAN_POINT('',(-4.05,4.7,2.76));
#4759=CARTESIAN_POINT('',(-4.05,4.7,0.25));
#4760=CARTESIAN_POINT('',(-4.05,3.17416573867739,2.76));
#4761=CARTESIAN_POINT('',(-4.05,-2.35,2.76));
#4762=CARTESIAN_POINT('',(-4.05,3.17416573867739,0.25));
#4763=CARTESIAN_POINT('Origin',(-3.8,2.8,0.25));
#4764=CARTESIAN_POINT('Origin',(-3.8,2.8,0.75));
#4765=CARTESIAN_POINT('',(-4.05,2.42583426132261,2.76));
#4766=CARTESIAN_POINT('Origin',(-3.8,2.8,2.76));
#4767=CARTESIAN_POINT('',(-4.05,2.42583426132261,0.25));
#4768=CARTESIAN_POINT('Origin',(-3.5,-3.7,0.25));
#4769=CARTESIAN_POINT('',(-3.5,-3.13541019662497,0.75));
#4770=CARTESIAN_POINT('',(-3.5,-3.13541019662497,0.25));
#4771=CARTESIAN_POINT('',(-3.5,-3.21010205144336,0.75));
#4772=CARTESIAN_POINT('',(-3.5,-3.7,0.75));
#4773=CARTESIAN_POINT('',(-3.5,-3.21010205144336,0.25));
#4774=CARTESIAN_POINT('Origin',(-3.6,-3.7,0.25));
#4775=CARTESIAN_POINT('Origin',(-3.6,-3.7,0.75));
#4776=CARTESIAN_POINT('Origin',(-3.6,-3.7,0.75));
#4777=CARTESIAN_POINT('',(-4.05,-3.17416573867739,0.75));
#4778=CARTESIAN_POINT('Origin',(-3.8,-2.8,0.75));
#4779=CARTESIAN_POINT('',(-4.05,-3.91794494717703,0.75));
#4780=CARTESIAN_POINT('',(-4.05,-3.975,0.75));
#4781=CARTESIAN_POINT('',(-3.9,-4.1,0.75));
#4782=CARTESIAN_POINT('Origin',(-3.6,-3.7,0.75));
#4783=CARTESIAN_POINT('',(-3.9,-4.1125,0.75));
#4784=CARTESIAN_POINT('Origin',(3.8,2.8,0.25));
#4785=CARTESIAN_POINT('',(4.05,2.42583426132261,2.76));
#4786=CARTESIAN_POINT('',(4.05,2.42583426132261,0.25));
#4787=CARTESIAN_POINT('',(4.05,3.17416573867739,2.76));
#4788=CARTESIAN_POINT('Origin',(3.8,2.8,2.76));
#4789=CARTESIAN_POINT('',(4.05,3.17416573867739,0.25));
#4790=CARTESIAN_POINT('Origin',(-3.6,-3.7,0.25));
#4791=CARTESIAN_POINT('',(-4.05,-3.91794494717703,0.25));
#4792=CARTESIAN_POINT('',(-4.05,-3.91794494717703,0.25));
#4793=CARTESIAN_POINT('',(-3.9,-4.1,0.25));
#4794=CARTESIAN_POINT('Origin',(-3.6,-3.7,0.25));
#4795=CARTESIAN_POINT('',(-3.9,-4.1,0.25));
#4796=CARTESIAN_POINT('Origin',(-3.9,-4.05,0.));
#4797=CARTESIAN_POINT('',(-3.9,-4.92912878474779,0.25));
#4798=CARTESIAN_POINT('',(-3.9,-2.025,0.25));
#4799=CARTESIAN_POINT('',(-3.9,-4.92912878474779,0.8));
#4800=CARTESIAN_POINT('',(-3.9,-4.92912878474779,0.25));
#4801=CARTESIAN_POINT('',(-3.9,-4.05,0.8));
#4802=CARTESIAN_POINT('Origin',(0.,0.,0.25));
#4803=CARTESIAN_POINT('',(-4.05,-4.7,0.25));
#4804=CARTESIAN_POINT('',(-4.05,-4.7,0.25));
#4805=CARTESIAN_POINT('Origin',(-3.8,-4.7,0.25));
#4806=CARTESIAN_POINT('Origin',(-3.6,3.7,0.75));
#4807=CARTESIAN_POINT('Origin',(-3.6,3.7,0.75));
#4808=CARTESIAN_POINT('Origin',(-3.6,3.7,0.25));
#4809=CARTESIAN_POINT('Origin',(3.6,-3.7,0.75));
#4810=CARTESIAN_POINT('',(3.33,-4.12083250825002,0.75));
#4811=CARTESIAN_POINT('Origin',(3.6,-3.7,0.75));
#4812=CARTESIAN_POINT('',(3.33,-4.3,0.75));
#4813=CARTESIAN_POINT('',(3.33,-4.7375,0.75));
#4814=CARTESIAN_POINT('',(3.6225,-4.3,0.75));
#4815=CARTESIAN_POINT('Origin',(3.6,-3.7,0.75));
#4816=CARTESIAN_POINT('Origin',(3.6,-3.7,0.25));
#4817=CARTESIAN_POINT('Origin',(3.6,-3.7,0.25));
#4818=CARTESIAN_POINT('Origin',(3.6,-3.7,0.25));
#4819=CARTESIAN_POINT('',(3.33,-4.12083250825002,0.25));
#4820=CARTESIAN_POINT('Origin',(3.33,-5.3,-0.002));
#4821=CARTESIAN_POINT('',(3.33,-4.2,0.));
#4822=CARTESIAN_POINT('',(3.33,-4.2,-0.002));
#4823=CARTESIAN_POINT('',(3.33,-5.2,0.));
#4824=CARTESIAN_POINT('',(3.33,-2.65,0.));
#4825=CARTESIAN_POINT('',(3.33,-5.2,0.38));
#4826=CARTESIAN_POINT('',(3.33,-5.2,-0.001));
#4827=CARTESIAN_POINT('',(3.33,-4.3,0.38));
#4828=CARTESIAN_POINT('',(3.33,-5.0275,0.38));
#4829=CARTESIAN_POINT('',(3.33,-4.3,0.189));
#4830=CARTESIAN_POINT('Origin',(0.,0.,0.25));
#4831=CARTESIAN_POINT('Origin',(3.8,-4.7,0.25));
#4832=CARTESIAN_POINT('Origin',(3.45,-4.755,0.81));
#4833=CARTESIAN_POINT('',(3.63,-4.95,0.81));
#4834=CARTESIAN_POINT('',(3.33,-4.95,0.81));
#4835=CARTESIAN_POINT('',(3.625,-4.95,0.81));
#4836=CARTESIAN_POINT('',(3.63,-5.2,0.81));
#4837=CARTESIAN_POINT('',(3.63,-5.21,0.81));
#4838=CARTESIAN_POINT('',(3.33,-5.2,0.81));
#4839=CARTESIAN_POINT('',(3.625,-5.2,0.81));
#4840=CARTESIAN_POINT('',(3.33,-5.0275,0.81));
#4841=CARTESIAN_POINT('Origin',(3.63,-5.21,0.38));
#4842=CARTESIAN_POINT('',(3.63,-4.3,0.38));
#4843=CARTESIAN_POINT('',(3.63,-4.3,0.38));
#4844=CARTESIAN_POINT('',(3.63,-5.2,0.38));
#4845=CARTESIAN_POINT('',(3.63,-5.21,0.38));
#4846=CARTESIAN_POINT('',(3.63,-5.2,0.19));
#4847=CARTESIAN_POINT('',(3.63,-4.95,0.315));
#4848=CARTESIAN_POINT('Origin',(3.63,-4.3,0.38));
#4849=CARTESIAN_POINT('',(3.63,-4.3,0.38));
#4850=CARTESIAN_POINT('Origin',(3.45,-4.755,0.38));
#4851=CARTESIAN_POINT('',(3.625,-5.2,0.38));
#4852=CARTESIAN_POINT('Origin',(3.8,-4.95,0.25));
#4853=CARTESIAN_POINT('',(3.33,-4.95,2.76));
#4854=CARTESIAN_POINT('',(3.33,-4.95,0.124));
#4855=CARTESIAN_POINT('',(3.8,-4.95,2.76));
#4856=CARTESIAN_POINT('',(1.9,-4.95,2.76));
#4857=CARTESIAN_POINT('',(3.8,-4.95,0.25));
#4858=CARTESIAN_POINT('Origin',(3.33,-5.3,-0.002));
#4859=CARTESIAN_POINT('',(3.33,-5.2,2.76));
#4860=CARTESIAN_POINT('',(3.33,-5.2,-0.001));
#4861=CARTESIAN_POINT('',(3.33,-2.65,2.76));
#4862=CARTESIAN_POINT('Origin',(-3.45,-4.755,0.38));
#4863=CARTESIAN_POINT('',(-3.63,-5.2,0.38));
#4864=CARTESIAN_POINT('',(-3.63,-4.3,0.38));
#4865=CARTESIAN_POINT('',(0.175,-5.2,0.38));
#4866=CARTESIAN_POINT('Origin',(-3.63,-4.3,0.38));
#4867=CARTESIAN_POINT('',(-3.63,-4.95,0.8));
#4868=CARTESIAN_POINT('',(-3.63,-4.4625,0.8));
#4869=CARTESIAN_POINT('',(-3.63,-4.95,0.81));
#4870=CARTESIAN_POINT('',(-3.63,-4.95,0.315));
#4871=CARTESIAN_POINT('',(-3.63,-5.2,0.81));
#4872=CARTESIAN_POINT('',(-3.63,-4.3,0.81));
#4873=CARTESIAN_POINT('',(-3.63,-5.2,0.19));
#4874=CARTESIAN_POINT('Origin',(-3.45,-4.755,0.81));
#4875=CARTESIAN_POINT('',(-3.33,-4.95,0.81));
#4876=CARTESIAN_POINT('',(0.175,-4.95,0.81));
#4877=CARTESIAN_POINT('',(-3.33,-5.2,0.81));
#4878=CARTESIAN_POINT('',(-3.33,-4.4775,0.81));
#4879=CARTESIAN_POINT('',(0.175,-5.2,0.81));
#4880=CARTESIAN_POINT('Origin',(-3.615,-4.625,0.8));
#4881=CARTESIAN_POINT('',(-3.8,-4.95,0.8));
#4882=CARTESIAN_POINT('Origin',(-3.8,-4.7,0.8));
#4883=CARTESIAN_POINT('',(0.0925,-4.95,0.8));
#4884=CARTESIAN_POINT('Origin',(-3.33,-4.2,-0.002));
#4885=CARTESIAN_POINT('',(-3.33,-4.95,2.76));
#4886=CARTESIAN_POINT('',(-3.33,-4.95,0.124));
#4887=CARTESIAN_POINT('',(-3.33,-5.2,2.76));
#4888=CARTESIAN_POINT('',(-3.33,-2.1,2.76));
#4889=CARTESIAN_POINT('',(-3.33,-5.2,-0.001));
#4890=CARTESIAN_POINT('Origin',(0.,0.,0.));
#4891=CARTESIAN_POINT('',(3.8,-5.2,0.));
#4892=CARTESIAN_POINT('',(4.3,-4.7,0.));
#4893=CARTESIAN_POINT('Origin',(3.8,-4.7,0.));
#4894=CARTESIAN_POINT('',(3.8,-5.2,0.));
#4895=CARTESIAN_POINT('',(1.665,-4.2,0.));
#4896=CARTESIAN_POINT('',(-3.8,-5.2,0.));
#4897=CARTESIAN_POINT('',(3.8,-5.2,0.));
#4898=CARTESIAN_POINT('',(-4.3,-4.7,0.));
#4899=CARTESIAN_POINT('Origin',(-3.8,-4.7,0.));
#4900=CARTESIAN_POINT('',(-4.3,4.7,0.));
#4901=CARTESIAN_POINT('',(-4.3,-4.7,0.));
#4902=CARTESIAN_POINT('',(-3.8,5.2,0.));
#4903=CARTESIAN_POINT('Origin',(-3.8,4.7,0.));
#4904=CARTESIAN_POINT('',(3.8,5.2,0.));
#4905=CARTESIAN_POINT('',(-3.8,5.2,0.));
#4906=CARTESIAN_POINT('',(4.3,4.7,0.));
#4907=CARTESIAN_POINT('Origin',(3.8,4.7,0.));
#4908=CARTESIAN_POINT('',(4.3,4.7,0.));
#4909=CARTESIAN_POINT('Origin',(3.8,-5.2,0.));
#4910=CARTESIAN_POINT('',(-3.8,-5.2,2.76));
#4911=CARTESIAN_POINT('',(3.8,-5.2,2.76));
#4912=CARTESIAN_POINT('',(-3.8,-5.2,0.));
#4913=CARTESIAN_POINT('Origin',(3.8,-4.7,0.25));
#4914=CARTESIAN_POINT('Origin',(3.8,-4.7,2.76));
#4915=CARTESIAN_POINT('Origin',(-3.8,-4.7,0.));
#4916=CARTESIAN_POINT('',(-4.3,-4.7,2.76));
#4917=CARTESIAN_POINT('Origin',(-3.8,-4.7,2.76));
#4918=CARTESIAN_POINT('',(-4.3,-4.7,0.));
#4919=CARTESIAN_POINT('Origin',(3.33,-4.2,-0.002));
#4920=CARTESIAN_POINT('Origin',(3.8,-4.95,0.25));
#4921=CARTESIAN_POINT('',(-3.8,-4.95,2.76));
#4922=CARTESIAN_POINT('',(-3.8,-4.95,0.25));
#4923=CARTESIAN_POINT('',(1.9,-4.95,2.76));
#4924=CARTESIAN_POINT('Origin',(3.8,-5.2,0.));
#4925=CARTESIAN_POINT('',(3.8,-5.2,2.76));
#4926=CARTESIAN_POINT('',(3.8,-5.2,0.));
#4927=CARTESIAN_POINT('',(3.8,-5.2,2.76));
#4928=CARTESIAN_POINT('Origin',(0.,0.,2.76));
#4929=CARTESIAN_POINT('',(4.3,-4.7,2.76));
#4930=CARTESIAN_POINT('Origin',(3.8,-4.7,2.76));
#4931=CARTESIAN_POINT('',(4.3,4.7,2.76));
#4932=CARTESIAN_POINT('',(4.3,4.7,2.76));
#4933=CARTESIAN_POINT('',(3.8,5.2,2.76));
#4934=CARTESIAN_POINT('Origin',(3.8,4.7,2.76));
#4935=CARTESIAN_POINT('',(-3.8,5.2,2.76));
#4936=CARTESIAN_POINT('',(-3.8,5.2,2.76));
#4937=CARTESIAN_POINT('',(-4.3,4.7,2.76));
#4938=CARTESIAN_POINT('Origin',(-3.8,4.7,2.76));
#4939=CARTESIAN_POINT('',(-4.3,-4.7,2.76));
#4940=CARTESIAN_POINT('',(-4.05,-4.7,2.76));
#4941=CARTESIAN_POINT('Origin',(-3.8,-4.7,2.76));
#4942=CARTESIAN_POINT('',(-4.05,-3.17416573867739,2.76));
#4943=CARTESIAN_POINT('',(-4.05,-2.35,2.76));
#4944=CARTESIAN_POINT('',(-4.05,-2.42583426132261,2.76));
#4945=CARTESIAN_POINT('Origin',(-3.8,-2.8,2.76));
#4946=CARTESIAN_POINT('',(-4.05,-2.35,2.76));
#4947=CARTESIAN_POINT('',(-3.8,4.95,2.76));
#4948=CARTESIAN_POINT('Origin',(-3.8,4.7,2.76));
#4949=CARTESIAN_POINT('',(3.8,4.95,2.76));
#4950=CARTESIAN_POINT('',(-1.9,4.95,2.76));
#4951=CARTESIAN_POINT('',(4.05,4.7,2.76));
#4952=CARTESIAN_POINT('Origin',(3.8,4.7,2.76));
#4953=CARTESIAN_POINT('',(4.05,2.35,2.76));
#4954=CARTESIAN_POINT('',(4.05,2.35,2.76));
#4955=CARTESIAN_POINT('',(-3.6,-2.8,2.76));
#4956=CARTESIAN_POINT('Origin',(-3.8,-2.8,2.76));
#4957=CARTESIAN_POINT('',(4.,2.8,2.76));
#4958=CARTESIAN_POINT('Origin',(3.8,2.8,2.76));
#4959=CARTESIAN_POINT('',(4.,-2.8,2.76));
#4960=CARTESIAN_POINT('Origin',(3.8,-2.8,2.76));
#4961=CARTESIAN_POINT('',(-3.6,2.8,2.76));
#4962=CARTESIAN_POINT('Origin',(-3.8,2.8,2.76));
#4963=CARTESIAN_POINT('Origin',(-2.6,5.05,0.25));
#4964=CARTESIAN_POINT('',(-2.6,4.95,0.7));
#4965=CARTESIAN_POINT('',(-2.6,5.05,0.7));
#4966=CARTESIAN_POINT('',(-2.6,5.037,0.7));
#4967=CARTESIAN_POINT('',(-2.6,5.05,0.75));
#4968=CARTESIAN_POINT('',(-2.6,5.05,0.25));
#4969=CARTESIAN_POINT('',(-2.6,4.92,0.75));
#4970=CARTESIAN_POINT('',(-2.6,5.05,0.75));
#4971=CARTESIAN_POINT('',(-2.6,4.92,0.25));
#4972=CARTESIAN_POINT('',(-2.6,4.95,0.25));
#4973=CARTESIAN_POINT('Origin',(-2.9,5.05,0.25));
#4974=CARTESIAN_POINT('',(-2.9,5.05,0.7));
#4975=CARTESIAN_POINT('',(-1.45,5.05,0.7));
#4976=CARTESIAN_POINT('',(-2.9,5.05,0.75));
#4977=CARTESIAN_POINT('',(-2.9,5.05,0.25));
#4978=CARTESIAN_POINT('',(-2.9,5.05,0.75));
#4979=CARTESIAN_POINT('Origin',(-2.9,4.92,0.25));
#4980=CARTESIAN_POINT('',(-2.9,4.95,0.7));
#4981=CARTESIAN_POINT('',(-2.9,4.972,0.7));
#4982=CARTESIAN_POINT('',(-2.9,4.95,0.25));
#4983=CARTESIAN_POINT('',(-2.9,4.92,0.75));
#4984=CARTESIAN_POINT('',(-2.9,4.92,0.25));
#4985=CARTESIAN_POINT('',(-2.9,4.92,0.75));
#4986=CARTESIAN_POINT('Origin',(-2.6,4.92,0.25));
#4987=CARTESIAN_POINT('',(-2.6,4.92,0.75));
#4988=CARTESIAN_POINT('Origin',(-2.75,4.985,0.75));
#4989=CARTESIAN_POINT('Origin',(0.,5.024,0.7));
#4990=CARTESIAN_POINT('',(2.5,4.95,0.7));
#4991=CARTESIAN_POINT('',(-1.9,4.95,0.7));
#4992=CARTESIAN_POINT('',(2.5,5.05,0.7));
#4993=CARTESIAN_POINT('',(2.5,4.972,0.7));
#4994=CARTESIAN_POINT('',(2.8,5.05,0.7));
#4995=CARTESIAN_POINT('',(1.25,5.05,0.7));
#4996=CARTESIAN_POINT('',(2.8,4.95,0.7));
#4997=CARTESIAN_POINT('',(2.8,5.037,0.7));
#4998=CARTESIAN_POINT('',(3.05,4.95,0.7));
#4999=CARTESIAN_POINT('',(-1.9,4.95,0.7));
#5000=CARTESIAN_POINT('',(3.05,5.1,0.7));
#5001=CARTESIAN_POINT('',(3.05,5.1,0.7));
#5002=CARTESIAN_POINT('',(-3.05,5.1,0.7));
#5003=CARTESIAN_POINT('',(-3.05,5.1,0.7));
#5004=CARTESIAN_POINT('',(-3.05,4.95,0.7));
#5005=CARTESIAN_POINT('',(-3.05,4.948,0.7));
#5006=CARTESIAN_POINT('',(-1.9,4.95,0.7));
#5007=CARTESIAN_POINT('Origin',(-3.8,4.95,0.25));
#5008=CARTESIAN_POINT('',(-3.05,4.95,0.99));
#5009=CARTESIAN_POINT('',(-3.05,4.95,0.475));
#5010=CARTESIAN_POINT('',(-0.15,4.95,0.99));
#5011=CARTESIAN_POINT('',(-1.9,4.95,0.99));
#5012=CARTESIAN_POINT('',(-0.15,4.95,2.05));
#5013=CARTESIAN_POINT('',(-0.15,4.95,1.15));
#5014=CARTESIAN_POINT('',(-0.13,4.95,2.07));
#5015=CARTESIAN_POINT('Origin',(-0.13,4.95,2.05));
#5016=CARTESIAN_POINT('',(0.83,4.95,2.07));
#5017=CARTESIAN_POINT('',(-1.485,4.95,2.07));
#5018=CARTESIAN_POINT('',(0.85,4.95,2.05));
#5019=CARTESIAN_POINT('Origin',(0.83,4.95,2.05));
#5020=CARTESIAN_POINT('',(0.85,4.95,0.99));
#5021=CARTESIAN_POINT('',(0.85,4.95,0.565));
#5022=CARTESIAN_POINT('',(1.2125,4.95,0.99));
#5023=CARTESIAN_POINT('',(-1.9,4.95,0.99));
#5024=CARTESIAN_POINT('',(1.2125,4.95,2.291));
#5025=CARTESIAN_POINT('',(1.2125,4.95,1.2705));
#5026=CARTESIAN_POINT('',(1.2325,4.95,2.311));
#5027=CARTESIAN_POINT('Origin',(1.2325,4.95,2.291));
#5028=CARTESIAN_POINT('',(2.8675,4.95,2.311));
#5029=CARTESIAN_POINT('',(-0.46625,4.95,2.311));
#5030=CARTESIAN_POINT('',(2.8875,4.95,2.291));
#5031=CARTESIAN_POINT('Origin',(2.8675,4.95,2.291));
#5032=CARTESIAN_POINT('',(2.8875,4.95,0.99));
#5033=CARTESIAN_POINT('',(2.8875,4.95,0.565));
#5034=CARTESIAN_POINT('',(3.05,4.95,0.99));
#5035=CARTESIAN_POINT('',(-1.9,4.95,0.99));
#5036=CARTESIAN_POINT('',(3.05,4.95,0.475));
#5037=CARTESIAN_POINT('',(2.8,4.95,0.25));
#5038=CARTESIAN_POINT('',(3.8,4.95,0.25));
#5039=CARTESIAN_POINT('',(-3.8,4.95,0.25));
#5040=CARTESIAN_POINT('',(-2.45,4.95,1.87));
#5041=CARTESIAN_POINT('',(-2.45,4.95,1.27));
#5042=CARTESIAN_POINT('',(-2.45,4.95,1.06));
#5043=CARTESIAN_POINT('',(-2.25,4.95,2.07));
#5044=CARTESIAN_POINT('Origin',(-2.25,4.95,1.87));
#5045=CARTESIAN_POINT('',(-0.65,4.95,2.07));
#5046=CARTESIAN_POINT('',(-2.225,4.95,2.07));
#5047=CARTESIAN_POINT('',(-0.45,4.95,1.87));
#5048=CARTESIAN_POINT('Origin',(-0.65,4.95,1.87));
#5049=CARTESIAN_POINT('',(-0.45,4.95,1.27));
#5050=CARTESIAN_POINT('',(-0.45,4.95,0.76));
#5051=CARTESIAN_POINT('',(-0.65,4.95,1.07));
#5052=CARTESIAN_POINT('Origin',(-0.65,4.95,1.27));
#5053=CARTESIAN_POINT('',(-2.25,4.95,1.07));
#5054=CARTESIAN_POINT('',(-3.025,4.95,1.07));
#5055=CARTESIAN_POINT('Origin',(-2.25,4.95,1.27));
#5056=CARTESIAN_POINT('Origin',(2.8,5.05,0.25));
#5057=CARTESIAN_POINT('',(2.8,5.05,0.75));
#5058=CARTESIAN_POINT('',(2.8,5.05,0.25));
#5059=CARTESIAN_POINT('',(2.8,4.92,0.75));
#5060=CARTESIAN_POINT('',(2.8,5.05,0.75));
#5061=CARTESIAN_POINT('',(2.8,4.92,0.25));
#5062=CARTESIAN_POINT('Origin',(2.5,5.05,0.25));
#5063=CARTESIAN_POINT('',(2.5,5.05,0.75));
#5064=CARTESIAN_POINT('',(2.5,5.05,0.25));
#5065=CARTESIAN_POINT('',(2.5,5.05,0.75));
#5066=CARTESIAN_POINT('Origin',(2.5,4.92,0.25));
#5067=CARTESIAN_POINT('',(2.5,4.95,0.25));
#5068=CARTESIAN_POINT('',(2.5,4.92,0.75));
#5069=CARTESIAN_POINT('',(2.5,4.92,0.25));
#5070=CARTESIAN_POINT('',(2.5,4.92,0.75));
#5071=CARTESIAN_POINT('Origin',(2.8,4.92,0.25));
#5072=CARTESIAN_POINT('',(2.8,4.92,0.75));
#5073=CARTESIAN_POINT('Origin',(2.65,4.985,0.75));
#5074=CARTESIAN_POINT('Origin',(-0.6753,4.6317,1.68));
#5075=CARTESIAN_POINT('',(-0.516412901719492,4.85,1.68));
#5076=CARTESIAN_POINT('',(-0.834187098280508,4.85,1.68));
#5077=CARTESIAN_POINT('',(-1.06265,4.85,1.68));
#5078=CARTESIAN_POINT('Origin',(-0.6753,4.6317,1.68));
#5079=CARTESIAN_POINT('Origin',(-0.6753,4.6317,0.83));
#5080=CARTESIAN_POINT('',(-0.516412901719492,4.85,1.13));
#5081=CARTESIAN_POINT('',(-0.834187098280508,4.85,1.13));
#5082=CARTESIAN_POINT('Origin',(-0.6753,4.6317,1.13));
#5083=CARTESIAN_POINT('',(-0.834187098280508,4.85,1.07));
#5084=CARTESIAN_POINT('',(-0.834187098280508,4.85,0.83));
#5085=CARTESIAN_POINT('',(-0.65,4.90051203470083,1.07));
#5086=CARTESIAN_POINT('Origin',(-0.6753,4.6317,1.07));
#5087=CARTESIAN_POINT('',(-0.516412901719492,4.85,1.12115616514953));
#5088=CARTESIAN_POINT('Ctrl Pts',(-0.65,4.90051203470083,1.07));
#5089=CARTESIAN_POINT('Ctrl Pts',(-0.622741402820389,4.89794651523139,1.07));
#5090=CARTESIAN_POINT('Ctrl Pts',(-0.594926022518919,4.89084662734261,1.07586011190056));
#5091=CARTESIAN_POINT('Ctrl Pts',(-0.549879759336003,4.87182323395299,1.09544407177193));
#5092=CARTESIAN_POINT('Ctrl Pts',(-0.531566833329493,4.86102961164019,1.10755553632029));
#5093=CARTESIAN_POINT('Ctrl Pts',(-0.516412901719492,4.85,1.12115616514953));
#5094=CARTESIAN_POINT('',(-0.516412901719492,4.85,0.83));
#5095=CARTESIAN_POINT('Origin',(-0.6753,4.6317,0.83));
#5096=CARTESIAN_POINT('',(-0.516412901719492,4.85,1.48));
#5097=CARTESIAN_POINT('',(-0.516412901719492,4.85,0.83));
#5098=CARTESIAN_POINT('',(-0.834187098280508,4.85,1.48));
#5099=CARTESIAN_POINT('',(-0.834187098280508,4.85,0.83));
#5100=CARTESIAN_POINT('Origin',(-0.6753,4.6317,1.48));
#5101=CARTESIAN_POINT('Origin',(-2.1993,4.6317,1.68));
#5102=CARTESIAN_POINT('',(-2.04041290171949,4.85,1.68));
#5103=CARTESIAN_POINT('',(-2.35818709828051,4.85,1.68));
#5104=CARTESIAN_POINT('',(-1.82465,4.85,1.68));
#5105=CARTESIAN_POINT('Origin',(-2.1993,4.6317,1.68));
#5106=CARTESIAN_POINT('Origin',(-2.1993,4.6317,0.83));
#5107=CARTESIAN_POINT('',(-2.04041290171949,4.85,1.13));
#5108=CARTESIAN_POINT('',(-2.35818709828051,4.85,1.13));
#5109=CARTESIAN_POINT('Origin',(-2.1993,4.6317,1.13));
#5110=CARTESIAN_POINT('',(-2.35818709828051,4.85,1.10178718311126));
#5111=CARTESIAN_POINT('',(-2.35818709828051,4.85,0.83));
#5112=CARTESIAN_POINT('',(-2.25,4.89689711536893,1.07));
#5113=CARTESIAN_POINT('Ctrl Pts',(-2.35818709828051,4.85,1.10178718311126));
#5114=CARTESIAN_POINT('Ctrl Pts',(-2.35003824108665,4.85593105026951,1.09654619594743));
#5115=CARTESIAN_POINT('Ctrl Pts',(-2.34131541914106,4.86157615183718,1.0917779949219));
#5116=CARTESIAN_POINT('Ctrl Pts',(-2.30721345981258,4.88084539643866,1.07642035297845));
#5117=CARTESIAN_POINT('Ctrl Pts',(-2.27864661726068,4.89142049661651,1.07));
#5118=CARTESIAN_POINT('Ctrl Pts',(-2.25,4.89689711536893,1.07));
#5119=CARTESIAN_POINT('',(-2.04041290171949,4.85,1.07));
#5120=CARTESIAN_POINT('Origin',(-2.1993,4.6317,1.07));
#5121=CARTESIAN_POINT('',(-2.04041290171949,4.85,0.83));
#5122=CARTESIAN_POINT('Origin',(-2.1993,4.6317,0.83));
#5123=CARTESIAN_POINT('',(-2.04041290171949,4.85,1.48));
#5124=CARTESIAN_POINT('',(-2.04041290171949,4.85,0.83));
#5125=CARTESIAN_POINT('',(-2.35818709828051,4.85,1.48));
#5126=CARTESIAN_POINT('',(-2.35818709828051,4.85,0.83));
#5127=CARTESIAN_POINT('Origin',(-2.1993,4.6317,1.48));
#5128=CARTESIAN_POINT('Origin',(-0.65,4.85,1.27));
#5129=CARTESIAN_POINT('',(-0.65,4.85,1.07));
#5130=CARTESIAN_POINT('',(-0.45,4.9057,1.27));
#5131=CARTESIAN_POINT('',(-0.45,4.85,1.27));
#5132=CARTESIAN_POINT('',(-0.507171431429143,4.9057,1.13));
#5133=CARTESIAN_POINT('Origin',(-0.65,4.9057,1.27));
#5134=CARTESIAN_POINT('',(-0.507171431429143,4.85,1.13));
#5135=CARTESIAN_POINT('',(-0.507171431429143,4.85,1.13));
#5136=CARTESIAN_POINT('Origin',(-0.65,4.85,1.27));
#5137=CARTESIAN_POINT('Origin',(-1.45,4.85,1.57));
#5138=CARTESIAN_POINT('',(-0.45,4.85,1.48));
#5139=CARTESIAN_POINT('',(-1.45,4.85,1.48));
#5140=CARTESIAN_POINT('',(-0.45,4.85,1.87));
#5141=CARTESIAN_POINT('',(-0.45,4.85,1.87));
#5142=CARTESIAN_POINT('',(-0.65,4.85,2.07));
#5143=CARTESIAN_POINT('Origin',(-0.65,4.85,1.87));
#5144=CARTESIAN_POINT('',(-2.25,4.85,2.07));
#5145=CARTESIAN_POINT('',(-2.25,4.85,2.07));
#5146=CARTESIAN_POINT('',(-2.45,4.85,1.87));
#5147=CARTESIAN_POINT('Origin',(-2.25,4.85,1.87));
#5148=CARTESIAN_POINT('',(-2.45,4.85,1.48));
#5149=CARTESIAN_POINT('',(-2.45,4.85,1.27));
#5150=CARTESIAN_POINT('',(-1.45,4.85,1.48));
#5151=CARTESIAN_POINT('',(-1.957,4.85,1.48));
#5152=CARTESIAN_POINT('',(-1.45,4.85,1.48));
#5153=CARTESIAN_POINT('',(-1.957,4.85,1.73));
#5154=CARTESIAN_POINT('',(-1.957,4.85,1.65));
#5155=CARTESIAN_POINT('',(-1.917,4.85,1.77));
#5156=CARTESIAN_POINT('Origin',(-1.917,4.85,1.73));
#5157=CARTESIAN_POINT('',(-0.983,4.85,1.77));
#5158=CARTESIAN_POINT('',(-1.2165,4.85,1.77));
#5159=CARTESIAN_POINT('',(-0.943,4.85,1.73));
#5160=CARTESIAN_POINT('Origin',(-0.983,4.85,1.73));
#5161=CARTESIAN_POINT('',(-0.943,4.85,1.48));
#5162=CARTESIAN_POINT('',(-0.943,4.85,1.455));
#5163=CARTESIAN_POINT('',(-1.45,4.85,1.48));
#5164=CARTESIAN_POINT('Origin',(-1.45,4.85,1.57));
#5165=CARTESIAN_POINT('',(-1.45,4.85,1.13));
#5166=CARTESIAN_POINT('Origin',(-1.45,4.85,1.57));
#5167=CARTESIAN_POINT('',(-2.39282856857086,4.85,1.13));
#5168=CARTESIAN_POINT('',(-1.45,4.85,1.13));
#5169=CARTESIAN_POINT('Origin',(-2.25,4.85,1.27));
#5170=CARTESIAN_POINT('Origin',(-1.45,4.87685,1.48));
#5171=CARTESIAN_POINT('',(-2.45,4.9057,1.48));
#5172=CARTESIAN_POINT('',(-2.45,4.863425,1.48));
#5173=CARTESIAN_POINT('',(-1.957,4.9057,1.48));
#5174=CARTESIAN_POINT('',(-2.486,4.9057,1.48));
#5175=CARTESIAN_POINT('',(-1.957,4.788425,1.48));
#5176=CARTESIAN_POINT('Origin',(-2.486,4.9057,1.13));
#5177=CARTESIAN_POINT('',(-0.943,4.9057,1.48));
#5178=CARTESIAN_POINT('',(-0.943,4.9057,1.34));
#5179=CARTESIAN_POINT('',(-0.943,4.9057,1.235));
#5180=CARTESIAN_POINT('',(-0.983,4.9057,1.3));
#5181=CARTESIAN_POINT('Origin',(-0.983,4.9057,1.34));
#5182=CARTESIAN_POINT('',(-1.917,4.9057,1.3));
#5183=CARTESIAN_POINT('',(-2.2015,4.9057,1.3));
#5184=CARTESIAN_POINT('',(-1.957,4.9057,1.34));
#5185=CARTESIAN_POINT('Origin',(-1.917,4.9057,1.34));
#5186=CARTESIAN_POINT('',(-1.957,4.9057,1.43));
#5187=CARTESIAN_POINT('',(-2.45,4.9057,1.27));
#5188=CARTESIAN_POINT('',(-2.45,4.9057,1.5));
#5189=CARTESIAN_POINT('',(-2.39282856857086,4.9057,1.13));
#5190=CARTESIAN_POINT('Origin',(-2.25,4.9057,1.27));
#5191=CARTESIAN_POINT('',(-2.486,4.9057,1.13));
#5192=CARTESIAN_POINT('',(-0.45,4.9057,1.48));
#5193=CARTESIAN_POINT('',(-0.45,4.9057,1.2));
#5194=CARTESIAN_POINT('',(-2.486,4.9057,1.48));
#5195=CARTESIAN_POINT('Origin',(-1.45,4.87685,1.48));
#5196=CARTESIAN_POINT('',(-0.943,4.788425,1.48));
#5197=CARTESIAN_POINT('',(-0.45,4.863425,1.48));
#5198=CARTESIAN_POINT('Origin',(-1.45,4.87685,1.13));
#5199=CARTESIAN_POINT('',(-2.39282856857086,4.85,1.13));
#5200=CARTESIAN_POINT('',(-1.45,4.85,1.13));
#5201=CARTESIAN_POINT('Origin',(-0.983,4.7,1.34));
#5202=CARTESIAN_POINT('',(-0.943,5.,1.34));
#5203=CARTESIAN_POINT('',(-0.943,4.7,1.34));
#5204=CARTESIAN_POINT('',(-0.983,5.,1.3));
#5205=CARTESIAN_POINT('Origin',(-0.983,5.,1.34));
#5206=CARTESIAN_POINT('',(-0.983,4.7,1.3));
#5207=CARTESIAN_POINT('Origin',(-1.917,4.7,1.3));
#5208=CARTESIAN_POINT('',(-1.917,5.,1.3));
#5209=CARTESIAN_POINT('',(-1.6835,5.,1.3));
#5210=CARTESIAN_POINT('',(-1.917,4.7,1.3));
#5211=CARTESIAN_POINT('Origin',(-1.917,4.7,1.34));
#5212=CARTESIAN_POINT('',(-1.957,5.,1.34));
#5213=CARTESIAN_POINT('Origin',(-1.917,5.,1.34));
#5214=CARTESIAN_POINT('',(-1.957,4.7,1.34));
#5215=CARTESIAN_POINT('Origin',(-1.957,4.7,1.73));
#5216=CARTESIAN_POINT('',(-1.957,5.,1.73));
#5217=CARTESIAN_POINT('',(-1.957,5.,1.65));
#5218=CARTESIAN_POINT('',(-1.957,4.7,1.73));
#5219=CARTESIAN_POINT('Origin',(-1.45,4.85,1.57));
#5220=CARTESIAN_POINT('',(-0.65,4.85,1.07));
#5221=CARTESIAN_POINT('Origin',(-2.45,4.85,1.87));
#5222=CARTESIAN_POINT('',(-2.45,4.85,1.87));
#5223=CARTESIAN_POINT('',(-2.45,4.85,1.27));
#5224=CARTESIAN_POINT('Origin',(-3.05,5.1,0.7));
#5225=CARTESIAN_POINT('',(0.85,5.1,0.99));
#5226=CARTESIAN_POINT('',(0.85,5.1,0.88));
#5227=CARTESIAN_POINT('',(0.85,5.1,0.79));
#5228=CARTESIAN_POINT('',(0.83,5.1,0.86));
#5229=CARTESIAN_POINT('Origin',(0.83,5.1,0.88));
#5230=CARTESIAN_POINT('',(-0.13,5.1,0.86));
#5231=CARTESIAN_POINT('',(-1.59,5.1,0.86));
#5232=CARTESIAN_POINT('',(-0.15,5.1,0.88));
#5233=CARTESIAN_POINT('Origin',(-0.13,5.1,0.88));
#5234=CARTESIAN_POINT('',(-0.15,5.1,0.99));
#5235=CARTESIAN_POINT('',(-0.15,5.1,1.375));
#5236=CARTESIAN_POINT('',(-3.05,5.1,0.99));
#5237=CARTESIAN_POINT('',(-3.05,5.1,0.99));
#5238=CARTESIAN_POINT('',(-3.05,5.1,0.7));
#5239=CARTESIAN_POINT('',(3.05,5.1,0.99));
#5240=CARTESIAN_POINT('',(3.05,5.1,0.7));
#5241=CARTESIAN_POINT('',(2.8875,5.1,0.99));
#5242=CARTESIAN_POINT('',(-3.05,5.1,0.99));
#5243=CARTESIAN_POINT('',(2.8875,5.1,0.88));
#5244=CARTESIAN_POINT('',(2.8875,5.1,0.79));
#5245=CARTESIAN_POINT('',(2.8675,5.1,0.86));
#5246=CARTESIAN_POINT('Origin',(2.8675,5.1,0.88));
#5247=CARTESIAN_POINT('',(1.2325,5.1,0.86));
#5248=CARTESIAN_POINT('',(-0.90875,5.1,0.86));
#5249=CARTESIAN_POINT('',(1.2125,5.1,0.88));
#5250=CARTESIAN_POINT('Origin',(1.2325,5.1,0.88));
#5251=CARTESIAN_POINT('',(1.2125,5.1,0.99));
#5252=CARTESIAN_POINT('',(1.2125,5.1,1.4955));
#5253=CARTESIAN_POINT('',(-3.05,5.1,0.99));
#5254=CARTESIAN_POINT('Origin',(0.,5.024,0.99));
#5255=CARTESIAN_POINT('',(-0.15,4.862,0.99));
#5256=CARTESIAN_POINT('',(-3.05,4.948,0.99));
#5257=CARTESIAN_POINT('Origin',(0.,5.024,0.99));
#5258=CARTESIAN_POINT('',(2.8875,4.862,0.99));
#5259=CARTESIAN_POINT('',(3.05,5.1,0.99));
#5260=CARTESIAN_POINT('Origin',(-3.05,4.948,0.7));
#5261=CARTESIAN_POINT('Origin',(3.05,5.1,0.7));
#5262=CARTESIAN_POINT('Origin',(0.,5.024,0.99));
#5263=CARTESIAN_POINT('',(0.85,4.862,0.99));
#5264=CARTESIAN_POINT('',(1.2125,4.862,0.99));
#5265=CARTESIAN_POINT('Origin',(0.85,4.7,0.88));
#5266=CARTESIAN_POINT('',(0.85,5.2,2.05));
#5267=CARTESIAN_POINT('',(0.85,4.7,2.05));
#5268=CARTESIAN_POINT('',(0.85,5.2,0.88));
#5269=CARTESIAN_POINT('',(0.85,5.2,0.44));
#5270=CARTESIAN_POINT('',(0.85,4.7,0.88));
#5271=CARTESIAN_POINT('Origin',(0.83,4.7,0.88));
#5272=CARTESIAN_POINT('',(0.83,5.2,0.86));
#5273=CARTESIAN_POINT('Origin',(0.83,5.2,0.88));
#5274=CARTESIAN_POINT('',(0.83,4.7,0.86));
#5275=CARTESIAN_POINT('Origin',(-0.13,4.7,0.86));
#5276=CARTESIAN_POINT('',(-0.13,5.2,0.86));
#5277=CARTESIAN_POINT('',(-1.965,5.2,0.86));
#5278=CARTESIAN_POINT('',(-0.13,4.7,0.86));
#5279=CARTESIAN_POINT('Origin',(-0.13,4.7,0.88));
#5280=CARTESIAN_POINT('',(-0.15,5.2,0.88));
#5281=CARTESIAN_POINT('Origin',(-0.13,5.2,0.88));
#5282=CARTESIAN_POINT('',(-0.15,4.7,0.88));
#5283=CARTESIAN_POINT('Origin',(-0.15,4.7,2.05));
#5284=CARTESIAN_POINT('',(-0.15,5.2,2.05));
#5285=CARTESIAN_POINT('',(-0.15,5.2,1.025));
#5286=CARTESIAN_POINT('',(-0.15,4.7,2.05));
#5287=CARTESIAN_POINT('Origin',(-0.45,5.,1.27));
#5288=CARTESIAN_POINT('',(-0.45,5.2,1.87));
#5289=CARTESIAN_POINT('',(-0.45,5.2,1.27));
#5290=CARTESIAN_POINT('',(-0.45,5.2,0.635));
#5291=CARTESIAN_POINT('',(-0.45,5.,1.27));
#5292=CARTESIAN_POINT('',(-0.45,5.,1.27));
#5293=CARTESIAN_POINT('',(-0.45,5.,1.87));
#5294=CARTESIAN_POINT('',(-0.45,5.,1.87));
#5295=CARTESIAN_POINT('',(-0.45,5.,1.87));
#5296=CARTESIAN_POINT('Origin',(-0.65,5.,1.27));
#5297=CARTESIAN_POINT('',(-0.65,5.2,1.07));
#5298=CARTESIAN_POINT('Origin',(-0.65,5.2,1.27));
#5299=CARTESIAN_POINT('',(-0.65,5.,1.07));
#5300=CARTESIAN_POINT('',(-0.65,5.,1.07));
#5301=CARTESIAN_POINT('Origin',(-0.65,5.,1.27));
#5302=CARTESIAN_POINT('Origin',(-2.25,5.,1.07));
#5303=CARTESIAN_POINT('',(-2.25,5.2,1.07));
#5304=CARTESIAN_POINT('',(-3.025,5.2,1.07));
#5305=CARTESIAN_POINT('',(-2.25,5.,1.07));
#5306=CARTESIAN_POINT('',(-2.25,5.,1.07));
#5307=CARTESIAN_POINT('',(-0.65,5.,1.07));
#5308=CARTESIAN_POINT('Origin',(-2.25,5.,1.27));
#5309=CARTESIAN_POINT('',(-2.45,5.2,1.27));
#5310=CARTESIAN_POINT('Origin',(-2.25,5.2,1.27));
#5311=CARTESIAN_POINT('',(-2.45,5.,1.27));
#5312=CARTESIAN_POINT('',(-2.45,5.,1.27));
#5313=CARTESIAN_POINT('Origin',(-2.25,5.,1.27));
#5314=CARTESIAN_POINT('Origin',(-2.45,5.,1.87));
#5315=CARTESIAN_POINT('',(-2.45,5.2,1.87));
#5316=CARTESIAN_POINT('',(-2.45,5.2,0.935));
#5317=CARTESIAN_POINT('',(-2.45,5.,1.87));
#5318=CARTESIAN_POINT('',(-2.45,5.,1.87));
#5319=CARTESIAN_POINT('',(-2.45,5.,1.27));
#5320=CARTESIAN_POINT('Origin',(-2.25,5.,1.87));
#5321=CARTESIAN_POINT('',(-2.25,5.2,2.07));
#5322=CARTESIAN_POINT('Origin',(-2.25,5.2,1.87));
#5323=CARTESIAN_POINT('',(-2.25,5.,2.07));
#5324=CARTESIAN_POINT('',(-2.25,5.,2.07));
#5325=CARTESIAN_POINT('Origin',(-2.25,5.,1.87));
#5326=CARTESIAN_POINT('Origin',(-0.65,5.,2.07));
#5327=CARTESIAN_POINT('',(-0.65,5.2,2.07));
#5328=CARTESIAN_POINT('',(-2.225,5.2,2.07));
#5329=CARTESIAN_POINT('',(-0.65,5.,2.07));
#5330=CARTESIAN_POINT('',(-0.65,5.,2.07));
#5331=CARTESIAN_POINT('',(-2.25,5.,2.07));
#5332=CARTESIAN_POINT('Origin',(-0.65,5.,1.87));
#5333=CARTESIAN_POINT('Origin',(-0.65,5.2,1.87));
#5334=CARTESIAN_POINT('Origin',(-0.65,5.,1.87));
#5335=CARTESIAN_POINT('Origin',(-1.45,5.,1.57));
#5336=CARTESIAN_POINT('',(-0.943,5.,1.73));
#5337=CARTESIAN_POINT('',(-0.943,5.,1.455));
#5338=CARTESIAN_POINT('',(-0.983,5.,1.77));
#5339=CARTESIAN_POINT('Origin',(-0.983,5.,1.73));
#5340=CARTESIAN_POINT('',(-1.917,5.,1.77));
#5341=CARTESIAN_POINT('',(-1.2165,5.,1.77));
#5342=CARTESIAN_POINT('Origin',(-1.917,5.,1.73));
#5343=CARTESIAN_POINT('Origin',(-0.943,4.7,1.34));
#5344=CARTESIAN_POINT('',(-0.943,4.7,1.73));
#5345=CARTESIAN_POINT('Origin',(-0.983,4.7,1.73));
#5346=CARTESIAN_POINT('',(-0.983,4.7,1.77));
#5347=CARTESIAN_POINT('Origin',(-0.983,4.7,1.77));
#5348=CARTESIAN_POINT('',(-1.917,4.7,1.77));
#5349=CARTESIAN_POINT('Origin',(-1.917,4.7,1.73));
#5350=CARTESIAN_POINT('Origin',(0.83,4.7,2.05));
#5351=CARTESIAN_POINT('',(0.83,5.2,2.07));
#5352=CARTESIAN_POINT('',(0.83,4.7,2.07));
#5353=CARTESIAN_POINT('Origin',(0.83,5.2,2.05));
#5354=CARTESIAN_POINT('Origin',(0.83,4.7,2.07));
#5355=CARTESIAN_POINT('',(-0.13,5.2,2.07));
#5356=CARTESIAN_POINT('',(-0.13,4.7,2.07));
#5357=CARTESIAN_POINT('',(-1.485,5.2,2.07));
#5358=CARTESIAN_POINT('Origin',(-0.13,4.7,2.05));
#5359=CARTESIAN_POINT('Origin',(-0.13,5.2,2.05));
#5360=CARTESIAN_POINT('Origin',(2.8875,4.7,0.88));
#5361=CARTESIAN_POINT('',(2.8875,5.2,2.291));
#5362=CARTESIAN_POINT('',(2.8875,4.7,2.291));
#5363=CARTESIAN_POINT('',(2.8875,5.2,0.88));
#5364=CARTESIAN_POINT('',(2.8875,5.2,0.44));
#5365=CARTESIAN_POINT('',(2.8875,4.7,0.88));
#5366=CARTESIAN_POINT('Origin',(2.8675,4.7,2.291));
#5367=CARTESIAN_POINT('',(2.8675,5.2,2.311));
#5368=CARTESIAN_POINT('',(2.8675,4.7,2.311));
#5369=CARTESIAN_POINT('Origin',(2.8675,5.2,2.291));
#5370=CARTESIAN_POINT('Origin',(2.8675,4.7,2.311));
#5371=CARTESIAN_POINT('',(1.2325,5.2,2.311));
#5372=CARTESIAN_POINT('',(1.2325,4.7,2.311));
#5373=CARTESIAN_POINT('',(-0.46625,5.2,2.311));
#5374=CARTESIAN_POINT('Origin',(1.2325,4.7,2.291));
#5375=CARTESIAN_POINT('',(1.2125,5.2,2.291));
#5376=CARTESIAN_POINT('',(1.2125,4.7,2.291));
#5377=CARTESIAN_POINT('Origin',(1.2325,5.2,2.291));
#5378=CARTESIAN_POINT('Origin',(1.2125,4.7,2.291));
#5379=CARTESIAN_POINT('',(1.2125,5.2,0.88));
#5380=CARTESIAN_POINT('',(1.2125,4.7,0.88));
#5381=CARTESIAN_POINT('',(1.2125,5.2,1.1455));
#5382=CARTESIAN_POINT('Origin',(2.8675,4.7,0.88));
#5383=CARTESIAN_POINT('',(2.8675,5.2,0.86));
#5384=CARTESIAN_POINT('Origin',(2.8675,5.2,0.88));
#5385=CARTESIAN_POINT('',(2.8675,4.7,0.86));
#5386=CARTESIAN_POINT('Origin',(1.2325,4.7,0.86));
#5387=CARTESIAN_POINT('',(1.2325,5.2,0.86));
#5388=CARTESIAN_POINT('',(-1.28375,5.2,0.86));
#5389=CARTESIAN_POINT('',(1.2325,4.7,0.86));
#5390=CARTESIAN_POINT('Origin',(1.2325,4.7,0.88));
#5391=CARTESIAN_POINT('Origin',(1.2325,5.2,0.88));
#5392=CARTESIAN_POINT('Origin',(-3.8,-2.8,2.26));
#5393=CARTESIAN_POINT('',(-3.6,-2.8,2.26));
#5394=CARTESIAN_POINT('Origin',(-3.8,-2.8,2.26));
#5395=CARTESIAN_POINT('',(-3.6,-2.8,2.26));
#5396=CARTESIAN_POINT('Origin',(-3.8,-2.8,2.26));
#5397=CARTESIAN_POINT('Origin',(3.8,2.8,2.26));
#5398=CARTESIAN_POINT('',(4.,2.8,2.26));
#5399=CARTESIAN_POINT('Origin',(3.8,2.8,2.26));
#5400=CARTESIAN_POINT('',(4.,2.8,2.26));
#5401=CARTESIAN_POINT('Origin',(3.8,2.8,2.26));
#5402=CARTESIAN_POINT('Origin',(3.8,-2.8,2.26));
#5403=CARTESIAN_POINT('',(4.,-2.8,2.26));
#5404=CARTESIAN_POINT('Origin',(3.8,-2.8,2.26));
#5405=CARTESIAN_POINT('',(4.,-2.8,2.26));
#5406=CARTESIAN_POINT('Origin',(3.8,-2.8,2.26));
#5407=CARTESIAN_POINT('Origin',(-3.8,2.8,2.26));
#5408=CARTESIAN_POINT('',(-3.6,2.8,2.26));
#5409=CARTESIAN_POINT('Origin',(-3.8,2.8,2.26));
#5410=CARTESIAN_POINT('',(-3.6,2.8,2.26));
#5411=CARTESIAN_POINT('Origin',(-3.8,2.8,2.26));
#5412=CARTESIAN_POINT('Origin',(-2.55,-3.7,0.25));
#5413=CARTESIAN_POINT('',(-2.35,-3.7,0.25));
#5414=CARTESIAN_POINT('Origin',(-2.55,-3.7,0.25));
#5415=CARTESIAN_POINT('',(-2.35,-3.7,0.75));
#5416=CARTESIAN_POINT('',(-2.35,-3.7,0.25));
#5417=CARTESIAN_POINT('Origin',(-2.55,-3.7,0.75));
#5418=CARTESIAN_POINT('Origin',(-2.55,-3.7,0.25));
#5419=CARTESIAN_POINT('Origin',(2.55,2.1,0.25));
#5420=CARTESIAN_POINT('',(2.75,2.1,0.25));
#5421=CARTESIAN_POINT('Origin',(2.55,2.1,0.25));
#5422=CARTESIAN_POINT('',(2.75,2.1,0.75));
#5423=CARTESIAN_POINT('',(2.75,2.1,0.25));
#5424=CARTESIAN_POINT('Origin',(2.55,2.1,0.75));
#5425=CARTESIAN_POINT('Origin',(2.55,2.1,0.25));
#5426=CARTESIAN_POINT('Origin',(2.55,-3.7,0.25));
#5427=CARTESIAN_POINT('',(2.75,-3.7,0.25));
#5428=CARTESIAN_POINT('Origin',(2.55,-3.7,0.25));
#5429=CARTESIAN_POINT('',(2.75,-3.7,0.75));
#5430=CARTESIAN_POINT('',(2.75,-3.7,0.25));
#5431=CARTESIAN_POINT('Origin',(2.55,-3.7,0.75));
#5432=CARTESIAN_POINT('Origin',(2.55,-3.7,0.25));
#5433=CARTESIAN_POINT('Origin',(-2.55,2.1,0.25));
#5434=CARTESIAN_POINT('',(-2.35,2.1,0.25));
#5435=CARTESIAN_POINT('Origin',(-2.55,2.1,0.25));
#5436=CARTESIAN_POINT('',(-2.35,2.1,0.75));
#5437=CARTESIAN_POINT('',(-2.35,2.1,0.25));
#5438=CARTESIAN_POINT('Origin',(-2.55,2.1,0.75));
#5439=CARTESIAN_POINT('Origin',(-2.55,2.1,0.25));
#5440=CARTESIAN_POINT('Origin',(-2.25,4.85,1.07));
#5441=CARTESIAN_POINT('',(-2.25,4.85,1.07));
#5442=CARTESIAN_POINT('Origin',(-2.25,4.85,1.27));
#5443=CARTESIAN_POINT('Origin',(-2.25,4.85,1.87));
#5444=CARTESIAN_POINT('',(-2.25,4.85,2.07));
#5445=CARTESIAN_POINT('Origin',(-0.65,4.85,2.07));
#5446=CARTESIAN_POINT('',(-0.65,4.85,2.07));
#5447=CARTESIAN_POINT('Origin',(-0.65,4.85,1.87));
#5448=CARTESIAN_POINT('',(-0.45,4.85,1.87));
#5449=CARTESIAN_POINT('Origin',(-0.45,4.85,1.27));
#5450=CARTESIAN_POINT('Origin',(4.05,4.7,0.25));
#5451=CARTESIAN_POINT('Origin',(4.05,4.7,0.25));
#5452=CARTESIAN_POINT('',(4.05,4.7,0.25));
#5453=CARTESIAN_POINT('Origin',(-3.8,-2.8,0.25));
#5454=CARTESIAN_POINT('',(-4.05,-2.42583426132261,0.25));
#5455=CARTESIAN_POINT('',(-4.05,-3.17416573867739,0.25));
#5456=CARTESIAN_POINT('Origin',(-4.05,-4.7,0.25));
#5457=CARTESIAN_POINT('',(-4.05,-4.7,0.25));
#5458=CARTESIAN_POINT('Origin',(-4.05,-4.7,0.25));
#5459=CARTESIAN_POINT('Origin',(-2.55,2.1,0.25));
#5460=CARTESIAN_POINT('',(-2.1,2.1,0.75));
#5461=CARTESIAN_POINT('Origin',(-2.55,2.1,0.75));
#5462=CARTESIAN_POINT('',(-2.1,2.1,0.25));
#5463=CARTESIAN_POINT('Origin',(-2.55,2.1,0.75));
#5464=CARTESIAN_POINT('Origin',(2.55,-3.7,0.25));
#5465=CARTESIAN_POINT('',(3.,-3.7,0.75));
#5466=CARTESIAN_POINT('Origin',(2.55,-3.7,0.75));
#5467=CARTESIAN_POINT('',(3.,-3.7,0.25));
#5468=CARTESIAN_POINT('Origin',(2.55,-3.7,0.75));
#5469=CARTESIAN_POINT('Origin',(2.55,2.1,0.25));
#5470=CARTESIAN_POINT('',(3.,2.1,0.75));
#5471=CARTESIAN_POINT('Origin',(2.55,2.1,0.75));
#5472=CARTESIAN_POINT('',(3.,2.1,0.25));
#5473=CARTESIAN_POINT('Origin',(2.55,2.1,0.75));
#5474=CARTESIAN_POINT('Origin',(-2.55,-3.7,0.25));
#5475=CARTESIAN_POINT('',(-2.1,-3.7,0.75));
#5476=CARTESIAN_POINT('Origin',(-2.55,-3.7,0.75));
#5477=CARTESIAN_POINT('',(-2.1,-3.7,0.25));
#5478=CARTESIAN_POINT('Origin',(-2.55,-3.7,0.75));
#5479=CARTESIAN_POINT('Origin',(-3.8,-4.7,0.25));
#5480=CARTESIAN_POINT('Origin',(3.8,4.7,0.25));
#5481=CARTESIAN_POINT('Origin',(-3.8,4.95,0.25));
#5482=CARTESIAN_POINT('Origin',(-3.8,4.7,0.25));
#5483=CARTESIAN_POINT('Origin',(4.3,4.7,0.));
#5484=CARTESIAN_POINT('',(4.3,4.7,0.));
#5485=CARTESIAN_POINT('',(4.3,-4.7,0.));
#5486=CARTESIAN_POINT('Origin',(3.8,4.7,0.));
#5487=CARTESIAN_POINT('',(3.8,5.2,0.));
#5488=CARTESIAN_POINT('Origin',(-3.8,5.2,0.));
#5489=CARTESIAN_POINT('',(-3.8,5.2,0.));
#5490=CARTESIAN_POINT('Origin',(-3.8,4.7,0.));
#5491=CARTESIAN_POINT('',(-4.3,4.7,0.));
#5492=CARTESIAN_POINT('Origin',(-4.3,-4.7,0.));
#5493=CARTESIAN_POINT('Origin',(3.8,-4.7,0.));
#5494=UNCERTAINTY_MEASURE_WITH_UNIT(LENGTH_MEASURE(0.001),#5498,
'DISTANCE_ACCURACY_VALUE',
'Maximum model space distance between geometric entities at asserted c
onnectivities');
#5495=UNCERTAINTY_MEASURE_WITH_UNIT(LENGTH_MEASURE(0.001),#5498,
'DISTANCE_ACCURACY_VALUE',
'Maximum model space distance between geometric entities at asserted c
onnectivities');
#5496=(
GEOMETRIC_REPRESENTATION_CONTEXT(3)
GLOBAL_UNCERTAINTY_ASSIGNED_CONTEXT((#5494))
GLOBAL_UNIT_ASSIGNED_CONTEXT((#5498,#5500,#5501))
REPRESENTATION_CONTEXT('','3D')
);
#5497=(
GEOMETRIC_REPRESENTATION_CONTEXT(3)
GLOBAL_UNCERTAINTY_ASSIGNED_CONTEXT((#5495))
GLOBAL_UNIT_ASSIGNED_CONTEXT((#5498,#5500,#5501))
REPRESENTATION_CONTEXT('','3D')
);
#5498=(
LENGTH_UNIT()
NAMED_UNIT(*)
SI_UNIT(.CENTI.,.METRE.)
);
#5499=(
LENGTH_UNIT()
NAMED_UNIT(*)
SI_UNIT($,.METRE.)
);
#5500=(
NAMED_UNIT(*)
PLANE_ANGLE_UNIT()
SI_UNIT($,.RADIAN.)
);
#5501=(
NAMED_UNIT(*)
SI_UNIT($,.STERADIAN.)
SOLID_ANGLE_UNIT()
);
#5502=SHAPE_DEFINITION_REPRESENTATION(#5503,#5504);
#5503=PRODUCT_DEFINITION_SHAPE('',$,#5506);
#5504=SHAPE_REPRESENTATION('',(#3284),#5496);
#5505=PRODUCT_DEFINITION_CONTEXT('part definition',#5510,'design');
#5506=PRODUCT_DEFINITION('01 Bottom shell - hidden mounting inserts',
'01 Bottom shell - hidden mounting inserts',#5507,#5505);
#5507=PRODUCT_DEFINITION_FORMATION('',$,#5512);
#5508=PRODUCT_RELATED_PRODUCT_CATEGORY(
'01 Bottom shell - hidden mounting inserts',
'01 Bottom shell - hidden mounting inserts',(#5512));
#5509=APPLICATION_PROTOCOL_DEFINITION('international standard',
'automotive_design',2009,#5510);
#5510=APPLICATION_CONTEXT(
'Core Data for Automotive Mechanical Design Process');
#5511=PRODUCT_CONTEXT('part definition',#5510,'mechanical');
#5512=PRODUCT('01 Bottom shell - hidden mounting inserts',
'01 Bottom shell - hidden mounting inserts',$,(#5511));
#5513=PRESENTATION_STYLE_ASSIGNMENT((#5515));
#5514=PRESENTATION_STYLE_ASSIGNMENT((#5516));
#5515=SURFACE_STYLE_USAGE(.BOTH.,#5517);
#5516=SURFACE_STYLE_USAGE(.BOTH.,#5518);
#5517=SURFACE_SIDE_STYLE('',(#5519));
#5518=SURFACE_SIDE_STYLE('',(#5520));
#5519=SURFACE_STYLE_FILL_AREA(#5521);
#5520=SURFACE_STYLE_FILL_AREA(#5522);
#5521=FILL_AREA_STYLE('Steel - Satin',(#5523));
#5522=FILL_AREA_STYLE('Case bottom slate',(#5524));
#5523=FILL_AREA_STYLE_COLOUR('Steel - Satin',#5525);
#5524=FILL_AREA_STYLE_COLOUR('Case bottom slate',#5526);
#5525=COLOUR_RGB('Steel - Satin',0.627450980392157,0.627450980392157,0.627450980392157);
#5526=COLOUR_RGB('Case bottom slate',0.282352941176471,0.356862745098039,
0.415686274509804);
ENDSEC;
END-ISO-10303-21;
