ISO-10303-21;
HEADER;
/* Generated by software containing ST-Developer
 * from STEP Tools, Inc. (www.steptools.com) 
 */

FILE_DESCRIPTION(
/* description */ (''),
/* implementation_level */ '2;1');

FILE_NAME(
/* name */ 'probe-fascia.step',
/* time_stamp */ '2026-09-11T16:31:24-07:00',
/* author */ (''),
/* organization */ (''),
/* preprocessor_version */ 'ST-DEVELOPER v20.1',
/* originating_system */ 'Autodesk Translation Framework v15.8.0.0',
/* authorisation */ '');

FILE_SCHEMA (('AUTOMOTIVE_DESIGN { 1 0 10303 214 3 1 1 }'));
ENDSEC;

DATA;
#10=MECHANICAL_DESIGN_GEOMETRIC_PRESENTATION_REPRESENTATION('',(#13),#2239);
#11=SHAPE_REPRESENTATION_RELATIONSHIP('SRR','None',#2246,#12);
#12=ADVANCED_BREP_SHAPE_REPRESENTATION('',(#14),#2238);
#13=STYLED_ITEM('',(#2256),#14);
#14=MANIFOLD_SOLID_BREP('04 Sliding probe fascia',#1211);
#15=B_SPLINE_SURFACE_WITH_KNOTS('',3,3,((#2075,#2076,#2077,#2078),(#2079,
#2080,#2081,#2082),(#2083,#2084,#2085,#2086),(#2087,#2088,#2089,#2090),
(#2091,#2092,#2093,#2094),(#2095,#2096,#2097,#2098),(#2099,#2100,#2101,
#2102),(#2103,#2104,#2105,#2106),(#2107,#2108,#2109,#2110),(#2111,#2112,
#2113,#2114),(#2115,#2116,#2117,#2118),(#2119,#2120,#2121,#2122),(#2123,
#2124,#2125,#2126),(#2127,#2128,#2129,#2130),(#2131,#2132,#2133,#2134),
(#2135,#2136,#2137,#2138),(#2139,#2140,#2141,#2142),(#2143,#2144,#2145,
#2146),(#2147,#2148,#2149,#2150),(#2151,#2152,#2153,#2154),(#2155,#2156,
#2157,#2158),(#2159,#2160,#2161,#2162),(#2163,#2164,#2165,#2166),(#2167,
#2168,#2169,#2170),(#2171,#2172,#2173,#2174),(#2175,#2176,#2177,#2178),
(#2179,#2180,#2181,#2182),(#2183,#2184,#2185,#2186),(#2187,#2188,#2189,
#2190),(#2191,#2192,#2193,#2194),(#2195,#2196,#2197,#2198),(#2199,#2200,
#2201,#2202),(#2203,#2204,#2205,#2206),(#2207,#2208,#2209,#2210),(#2211,
#2212,#2213,#2214),(#2215,#2216,#2217,#2218),(#2219,#2220,#2221,#2222),
(#2223,#2224,#2225,#2226),(#2227,#2228,#2229,#2230)),.UNSPECIFIED.,.T.,
 .F.,.F.,(4,1,1,1,2,1,2,1,1,1,2,1,1,1,1,1,1,2,1,1,1,2,1,1,2,1,1,1,2,4),
(4,4),(0.,0.012225643830143,0.024451287660286,0.036676931490429,0.048902575320572,
0.136409389262165,0.398929831086943,0.411155474917086,0.423381118747229,
0.435606762577372,0.447832406407515,0.460874304805636,0.473916203203758,
0.480437152402818,0.486958101601879,0.493479050800939,0.49673952540047,
0.5,0.512225643830143,0.524451287660286,0.536676931490429,0.548902575320572,
0.723916203203758,0.811423017145351,0.898929831086944,0.911155474917086,
0.92338111874723,0.935606762577373,0.947832406407515,1.),(0.00265957446808299,
1.),.UNSPECIFIED.);
#16=FACE_BOUND('',#194,.T.);
#17=FACE_BOUND('',#203,.T.);
#18=FACE_BOUND('',#204,.T.);
#19=FACE_BOUND('',#205,.T.);
#20=FACE_BOUND('',#206,.T.);
#21=FACE_BOUND('',#207,.T.);
#22=FACE_BOUND('',#211,.T.);
#23=FACE_BOUND('',#212,.T.);
#24=FACE_BOUND('',#213,.T.);
#25=B_SPLINE_CURVE_WITH_KNOTS('',3,(#1909,#1910,#1911,#1912,#1913,#1914,
#1915,#1916,#1917,#1918,#1919,#1920,#1921,#1922,#1923,#1924,#1925,#1926,
#1927,#1928,#1929,#1930,#1931,#1932,#1933,#1934,#1935,#1936,#1937,#1938,
#1939,#1940,#1941,#1942,#1943,#1944,#1945,#1946,#1947,#1948,#1949,#1950,
#1951,#1952,#1953,#1954,#1955,#1956,#1957,#1958,#1959,#1960,#1961,#1962,
#1963,#1964,#1965,#1966,#1967,#1968,#1969,#1970,#1971,#1972,#1973,#1974,
#1975,#1976,#1977,#1978,#1979,#1980,#1981,#1982,#1983,#1984,#1985,#1986,
#1987,#1988,#1989,#1990,#1991,#1992,#1993,#1994,#1995,#1996),
 .UNSPECIFIED.,.T.,.F.,(4,3,3,3,3,3,3,3,3,3,3,3,3,3,3,3,3,3,3,3,3,3,3,3,
3,3,3,3,3,4),(0.465750682363783,0.614828086592376,0.763905490821021,0.912982895049667,
1.06206029927831,2.12910338150584,5.33023262818842,5.47931003241706,5.62838743664571,
5.77746484087435,5.926542245103,6.08557291755004,6.24460358999708,6.3241189262206,
6.40363426244412,6.48314959866764,6.5229072667794,6.56266493489116,6.71174233911981,
6.86081974334845,7.0098971475771,7.15897455180574,9.2930607162608,10.3601037984883,
11.4271468807159,11.5762242849445,11.7253016891731,11.8743790934018,12.0234564976304,
12.6595791874186),.UNSPECIFIED.);
#26=B_SPLINE_CURVE_WITH_KNOTS('',3,(#2036,#2037,#2038,#2039,#2040,#2041,
#2042,#2043,#2044,#2045,#2046,#2047,#2048,#2049,#2050,#2051,#2052,#2053,
#2054,#2055,#2056,#2057,#2058,#2059,#2060,#2061,#2062,#2063,#2064,#2065,
#2066,#2067,#2068,#2069,#2070,#2071,#2072,#2073,#2074),.UNSPECIFIED.,.T.,
 .F.,(4,1,1,1,2,1,2,1,1,1,2,1,1,1,1,1,1,2,1,1,1,2,1,1,2,1,1,1,2,4),(0.,
0.012225643830143,0.024451287660286,0.036676931490429,0.048902575320572,
0.136409389262165,0.398929831086943,0.411155474917086,0.423381118747229,
0.435606762577372,0.447832406407515,0.460874304805636,0.473916203203758,
0.480437152402818,0.486958101601879,0.493479050800939,0.49673952540047,
0.5,0.512225643830143,0.524451287660286,0.536676931490429,0.548902575320572,
0.723916203203758,0.811423017145351,0.898929831086944,0.911155474917086,
0.92338111874723,0.935606762577373,0.947832406407515,1.),.UNSPECIFIED.);
#27=PLANE('',#1240);
#28=PLANE('',#1241);
#29=PLANE('',#1242);
#30=PLANE('',#1243);
#31=PLANE('',#1244);
#32=PLANE('',#1245);
#33=PLANE('',#1246);
#34=PLANE('',#1247);
#35=PLANE('',#1248);
#36=PLANE('',#1250);
#37=PLANE('',#1251);
#38=PLANE('',#1253);
#39=PLANE('',#1254);
#40=PLANE('',#1255);
#41=PLANE('',#1256);
#42=PLANE('',#1257);
#43=PLANE('',#1258);
#44=PLANE('',#1260);
#45=PLANE('',#1264);
#46=PLANE('',#1265);
#47=PLANE('',#1268);
#48=PLANE('',#1269);
#49=PLANE('',#1270);
#50=PLANE('',#1271);
#51=PLANE('',#1272);
#52=PLANE('',#1273);
#53=PLANE('',#1274);
#54=PLANE('',#1275);
#55=PLANE('',#1276);
#56=PLANE('',#1277);
#57=PLANE('',#1281);
#58=PLANE('',#1282);
#59=PLANE('',#1283);
#60=PLANE('',#1284);
#61=PLANE('',#1285);
#62=PLANE('',#1286);
#63=PLANE('',#1287);
#64=PLANE('',#1288);
#65=PLANE('',#1289);
#66=PLANE('',#1290);
#67=PLANE('',#1291);
#68=PLANE('',#1292);
#69=PLANE('',#1293);
#70=PLANE('',#1294);
#71=PLANE('',#1295);
#72=PLANE('',#1296);
#73=PLANE('',#1298);
#74=PLANE('',#1300);
#75=PLANE('',#1301);
#76=PLANE('',#1303);
#77=PLANE('',#1304);
#78=CYLINDRICAL_SURFACE('',#1234,0.28);
#79=CYLINDRICAL_SURFACE('',#1236,0.28);
#80=CYLINDRICAL_SURFACE('',#1238,0.28);
#81=CYLINDRICAL_SURFACE('',#1261,0.4);
#82=CYLINDRICAL_SURFACE('',#1266,0.4);
#83=CYLINDRICAL_SURFACE('',#1278,0.4);
#84=CYLINDRICAL_SURFACE('',#1302,0.4);
#85=FACE_OUTER_BOUND('',#147,.T.);
#86=FACE_OUTER_BOUND('',#148,.T.);
#87=FACE_OUTER_BOUND('',#149,.T.);
#88=FACE_OUTER_BOUND('',#150,.T.);
#89=FACE_OUTER_BOUND('',#151,.T.);
#90=FACE_OUTER_BOUND('',#152,.T.);
#91=FACE_OUTER_BOUND('',#153,.T.);
#92=FACE_OUTER_BOUND('',#154,.T.);
#93=FACE_OUTER_BOUND('',#155,.T.);
#94=FACE_OUTER_BOUND('',#156,.T.);
#95=FACE_OUTER_BOUND('',#157,.T.);
#96=FACE_OUTER_BOUND('',#158,.T.);
#97=FACE_OUTER_BOUND('',#159,.T.);
#98=FACE_OUTER_BOUND('',#160,.T.);
#99=FACE_OUTER_BOUND('',#161,.T.);
#100=FACE_OUTER_BOUND('',#162,.T.);
#101=FACE_OUTER_BOUND('',#163,.T.);
#102=FACE_OUTER_BOUND('',#164,.T.);
#103=FACE_OUTER_BOUND('',#165,.T.);
#104=FACE_OUTER_BOUND('',#166,.T.);
#105=FACE_OUTER_BOUND('',#167,.T.);
#106=FACE_OUTER_BOUND('',#168,.T.);
#107=FACE_OUTER_BOUND('',#169,.T.);
#108=FACE_OUTER_BOUND('',#170,.T.);
#109=FACE_OUTER_BOUND('',#171,.T.);
#110=FACE_OUTER_BOUND('',#172,.T.);
#111=FACE_OUTER_BOUND('',#173,.T.);
#112=FACE_OUTER_BOUND('',#174,.T.);
#113=FACE_OUTER_BOUND('',#175,.T.);
#114=FACE_OUTER_BOUND('',#176,.T.);
#115=FACE_OUTER_BOUND('',#177,.T.);
#116=FACE_OUTER_BOUND('',#178,.T.);
#117=FACE_OUTER_BOUND('',#179,.T.);
#118=FACE_OUTER_BOUND('',#180,.T.);
#119=FACE_OUTER_BOUND('',#181,.T.);
#120=FACE_OUTER_BOUND('',#182,.T.);
#121=FACE_OUTER_BOUND('',#183,.T.);
#122=FACE_OUTER_BOUND('',#184,.T.);
#123=FACE_OUTER_BOUND('',#185,.T.);
#124=FACE_OUTER_BOUND('',#186,.T.);
#125=FACE_OUTER_BOUND('',#187,.T.);
#126=FACE_OUTER_BOUND('',#188,.T.);
#127=FACE_OUTER_BOUND('',#189,.T.);
#128=FACE_OUTER_BOUND('',#190,.T.);
#129=FACE_OUTER_BOUND('',#191,.T.);
#130=FACE_OUTER_BOUND('',#192,.T.);
#131=FACE_OUTER_BOUND('',#193,.T.);
#132=FACE_OUTER_BOUND('',#195,.T.);
#133=FACE_OUTER_BOUND('',#196,.T.);
#134=FACE_OUTER_BOUND('',#197,.T.);
#135=FACE_OUTER_BOUND('',#198,.T.);
#136=FACE_OUTER_BOUND('',#199,.T.);
#137=FACE_OUTER_BOUND('',#200,.T.);
#138=FACE_OUTER_BOUND('',#201,.T.);
#139=FACE_OUTER_BOUND('',#202,.T.);
#140=FACE_OUTER_BOUND('',#208,.T.);
#141=FACE_OUTER_BOUND('',#209,.T.);
#142=FACE_OUTER_BOUND('',#210,.T.);
#143=FACE_OUTER_BOUND('',#214,.T.);
#144=FACE_OUTER_BOUND('',#215,.T.);
#145=FACE_OUTER_BOUND('',#216,.T.);
#146=FACE_OUTER_BOUND('',#217,.T.);
#147=EDGE_LOOP('',(#810,#811,#812,#813));
#148=EDGE_LOOP('',(#814,#815,#816,#817));
#149=EDGE_LOOP('',(#818,#819,#820,#821));
#150=EDGE_LOOP('',(#822,#823,#824,#825));
#151=EDGE_LOOP('',(#826,#827,#828,#829));
#152=EDGE_LOOP('',(#830,#831,#832,#833));
#153=EDGE_LOOP('',(#834,#835,#836,#837));
#154=EDGE_LOOP('',(#838,#839,#840,#841,#842,#843));
#155=EDGE_LOOP('',(#844,#845,#846,#847));
#156=EDGE_LOOP('',(#848,#849,#850,#851,#852,#853));
#157=EDGE_LOOP('',(#854,#855,#856,#857));
#158=EDGE_LOOP('',(#858,#859,#860,#861,#862,#863,#864,#865,#866,#867,#868,
#869));
#159=EDGE_LOOP('',(#870,#871,#872,#873,#874,#875,#876,#877));
#160=EDGE_LOOP('',(#878,#879,#880,#881));
#161=EDGE_LOOP('',(#882,#883,#884,#885,#886));
#162=EDGE_LOOP('',(#887,#888,#889,#890,#891,#892,#893,#894));
#163=EDGE_LOOP('',(#895,#896,#897,#898,#899,#900,#901,#902));
#164=EDGE_LOOP('',(#903,#904,#905,#906,#907,#908));
#165=EDGE_LOOP('',(#909,#910,#911,#912));
#166=EDGE_LOOP('',(#913,#914,#915,#916));
#167=EDGE_LOOP('',(#917,#918,#919,#920,#921,#922));
#168=EDGE_LOOP('',(#923,#924,#925,#926));
#169=EDGE_LOOP('',(#927,#928,#929,#930,#931,#932,#933,#934));
#170=EDGE_LOOP('',(#935,#936,#937,#938));
#171=EDGE_LOOP('',(#939,#940,#941,#942,#943,#944));
#172=EDGE_LOOP('',(#945,#946,#947,#948,#949,#950,#951,#952));
#173=EDGE_LOOP('',(#953,#954,#955,#956));
#174=EDGE_LOOP('',(#957,#958,#959,#960,#961,#962));
#175=EDGE_LOOP('',(#963,#964,#965,#966));
#176=EDGE_LOOP('',(#967,#968,#969,#970));
#177=EDGE_LOOP('',(#971,#972,#973,#974));
#178=EDGE_LOOP('',(#975,#976,#977,#978));
#179=EDGE_LOOP('',(#979,#980,#981,#982,#983,#984));
#180=EDGE_LOOP('',(#985,#986,#987,#988));
#181=EDGE_LOOP('',(#989,#990,#991,#992,#993,#994,#995,#996,#997,#998,#999,
#1000));
#182=EDGE_LOOP('',(#1001,#1002,#1003,#1004));
#183=EDGE_LOOP('',(#1005,#1006,#1007,#1008));
#184=EDGE_LOOP('',(#1009,#1010,#1011,#1012));
#185=EDGE_LOOP('',(#1013,#1014,#1015,#1016));
#186=EDGE_LOOP('',(#1017,#1018,#1019));
#187=EDGE_LOOP('',(#1020,#1021,#1022,#1023));
#188=EDGE_LOOP('',(#1024,#1025,#1026,#1027,#1028));
#189=EDGE_LOOP('',(#1029,#1030,#1031,#1032,#1033,#1034,#1035,#1036));
#190=EDGE_LOOP('',(#1037,#1038,#1039,#1040));
#191=EDGE_LOOP('',(#1041,#1042,#1043,#1044));
#192=EDGE_LOOP('',(#1045,#1046,#1047,#1048,#1049,#1050,#1051,#1052,#1053,
#1054,#1055,#1056));
#193=EDGE_LOOP('',(#1057,#1058,#1059,#1060,#1061,#1062,#1063,#1064,#1065,
#1066,#1067,#1068));
#194=EDGE_LOOP('',(#1069));
#195=EDGE_LOOP('',(#1070,#1071,#1072,#1073));
#196=EDGE_LOOP('',(#1074,#1075,#1076,#1077));
#197=EDGE_LOOP('',(#1078,#1079,#1080,#1081,#1082,#1083));
#198=EDGE_LOOP('',(#1084,#1085,#1086,#1087));
#199=EDGE_LOOP('',(#1088,#1089,#1090,#1091));
#200=EDGE_LOOP('',(#1092,#1093,#1094,#1095));
#201=EDGE_LOOP('',(#1096,#1097,#1098,#1099));
#202=EDGE_LOOP('',(#1100,#1101,#1102,#1103,#1104,#1105,#1106,#1107,#1108,
#1109));
#203=EDGE_LOOP('',(#1110));
#204=EDGE_LOOP('',(#1111));
#205=EDGE_LOOP('',(#1112));
#206=EDGE_LOOP('',(#1113,#1114,#1115));
#207=EDGE_LOOP('',(#1116,#1117,#1118));
#208=EDGE_LOOP('',(#1119,#1120,#1121));
#209=EDGE_LOOP('',(#1122,#1123,#1124,#1125));
#210=EDGE_LOOP('',(#1126));
#211=EDGE_LOOP('',(#1127));
#212=EDGE_LOOP('',(#1128));
#213=EDGE_LOOP('',(#1129));
#214=EDGE_LOOP('',(#1130,#1131,#1132,#1133));
#215=EDGE_LOOP('',(#1134,#1135,#1136,#1137));
#216=EDGE_LOOP('',(#1138,#1139,#1140,#1141));
#217=EDGE_LOOP('',(#1142,#1143,#1144,#1145));
#218=LINE('',#1619,#365);
#219=LINE('',#1625,#366);
#220=LINE('',#1631,#367);
#221=LINE('',#1636,#368);
#222=LINE('',#1640,#369);
#223=LINE('',#1644,#370);
#224=LINE('',#1648,#371);
#225=LINE('',#1650,#372);
#226=LINE('',#1652,#373);
#227=LINE('',#1653,#374);
#228=LINE('',#1656,#375);
#229=LINE('',#1658,#376);
#230=LINE('',#1660,#377);
#231=LINE('',#1662,#378);
#232=LINE('',#1663,#379);
#233=LINE('',#1666,#380);
#234=LINE('',#1668,#381);
#235=LINE('',#1669,#382);
#236=LINE('',#1672,#383);
#237=LINE('',#1674,#384);
#238=LINE('',#1675,#385);
#239=LINE('',#1676,#386);
#240=LINE('',#1680,#387);
#241=LINE('',#1682,#388);
#242=LINE('',#1684,#389);
#243=LINE('',#1686,#390);
#244=LINE('',#1688,#391);
#245=LINE('',#1690,#392);
#246=LINE('',#1692,#393);
#247=LINE('',#1694,#394);
#248=LINE('',#1695,#395);
#249=LINE('',#1698,#396);
#250=LINE('',#1700,#397);
#251=LINE('',#1702,#398);
#252=LINE('',#1704,#399);
#253=LINE('',#1706,#400);
#254=LINE('',#1707,#401);
#255=LINE('',#1710,#402);
#256=LINE('',#1712,#403);
#257=LINE('',#1713,#404);
#258=LINE('',#1716,#405);
#259=LINE('',#1718,#406);
#260=LINE('',#1721,#407);
#261=LINE('',#1724,#408);
#262=LINE('',#1725,#409);
#263=LINE('',#1728,#410);
#264=LINE('',#1730,#411);
#265=LINE('',#1732,#412);
#266=LINE('',#1735,#413);
#267=LINE('',#1738,#414);
#268=LINE('',#1740,#415);
#269=LINE('',#1742,#416);
#270=LINE('',#1743,#417);
#271=LINE('',#1746,#418);
#272=LINE('',#1747,#419);
#273=LINE('',#1750,#420);
#274=LINE('',#1752,#421);
#275=LINE('',#1753,#422);
#276=LINE('',#1756,#423);
#277=LINE('',#1757,#424);
#278=LINE('',#1758,#425);
#279=LINE('',#1762,#426);
#280=LINE('',#1764,#427);
#281=LINE('',#1768,#428);
#282=LINE('',#1770,#429);
#283=LINE('',#1771,#430);
#284=LINE('',#1774,#431);
#285=LINE('',#1776,#432);
#286=LINE('',#1777,#433);
#287=LINE('',#1783,#434);
#288=LINE('',#1786,#435);
#289=LINE('',#1787,#436);
#290=LINE('',#1790,#437);
#291=LINE('',#1791,#438);
#292=LINE('',#1792,#439);
#293=LINE('',#1794,#440);
#294=LINE('',#1797,#441);
#295=LINE('',#1802,#442);
#296=LINE('',#1804,#443);
#297=LINE('',#1806,#444);
#298=LINE('',#1807,#445);
#299=LINE('',#1810,#446);
#300=LINE('',#1812,#447);
#301=LINE('',#1813,#448);
#302=LINE('',#1816,#449);
#303=LINE('',#1818,#450);
#304=LINE('',#1819,#451);
#305=LINE('',#1822,#452);
#306=LINE('',#1824,#453);
#307=LINE('',#1825,#454);
#308=LINE('',#1828,#455);
#309=LINE('',#1829,#456);
#310=LINE('',#1832,#457);
#311=LINE('',#1833,#458);
#312=LINE('',#1836,#459);
#313=LINE('',#1838,#460);
#314=LINE('',#1840,#461);
#315=LINE('',#1841,#462);
#316=LINE('',#1842,#463);
#317=LINE('',#1846,#464);
#318=LINE('',#1848,#465);
#319=LINE('',#1850,#466);
#320=LINE('',#1851,#467);
#321=LINE('',#1854,#468);
#322=LINE('',#1855,#469);
#323=LINE('',#1857,#470);
#324=LINE('',#1862,#471);
#325=LINE('',#1865,#472);
#326=LINE('',#1868,#473);
#327=LINE('',#1869,#474);
#328=LINE('',#1871,#475);
#329=LINE('',#1876,#476);
#330=LINE('',#1878,#477);
#331=LINE('',#1880,#478);
#332=LINE('',#1881,#479);
#333=LINE('',#1884,#480);
#334=LINE('',#1886,#481);
#335=LINE('',#1887,#482);
#336=LINE('',#1889,#483);
#337=LINE('',#1891,#484);
#338=LINE('',#1893,#485);
#339=LINE('',#1895,#486);
#340=LINE('',#1897,#487);
#341=LINE('',#1899,#488);
#342=LINE('',#1901,#489);
#343=LINE('',#1902,#490);
#344=LINE('',#1905,#491);
#345=LINE('',#1906,#492);
#346=LINE('',#1907,#493);
#347=LINE('',#1999,#494);
#348=LINE('',#2000,#495);
#349=LINE('',#2003,#496);
#350=LINE('',#2004,#497);
#351=LINE('',#2006,#498);
#352=LINE('',#2011,#499);
#353=LINE('',#2013,#500);
#354=LINE('',#2015,#501);
#355=LINE('',#2016,#502);
#356=LINE('',#2019,#503);
#357=LINE('',#2020,#504);
#358=LINE('',#2022,#505);
#359=LINE('',#2024,#506);
#360=LINE('',#2025,#507);
#361=LINE('',#2027,#508);
#362=LINE('',#2032,#509);
#363=LINE('',#2231,#510);
#364=LINE('',#2233,#511);
#365=VECTOR('',#1311,0.32);
#366=VECTOR('',#1318,0.32);
#367=VECTOR('',#1325,0.32);
#368=VECTOR('',#1332,0.28);
#369=VECTOR('',#1337,0.28);
#370=VECTOR('',#1342,0.28);
#371=VECTOR('',#1345,1.);
#372=VECTOR('',#1346,1.);
#373=VECTOR('',#1347,1.);
#374=VECTOR('',#1348,1.);
#375=VECTOR('',#1351,1.);
#376=VECTOR('',#1352,1.);
#377=VECTOR('',#1353,1.);
#378=VECTOR('',#1354,1.);
#379=VECTOR('',#1355,1.);
#380=VECTOR('',#1358,1.);
#381=VECTOR('',#1359,1.);
#382=VECTOR('',#1360,1.);
#383=VECTOR('',#1363,1.);
#384=VECTOR('',#1364,1.);
#385=VECTOR('',#1365,1.);
#386=VECTOR('',#1366,1.);
#387=VECTOR('',#1371,1.);
#388=VECTOR('',#1372,1.);
#389=VECTOR('',#1373,1.);
#390=VECTOR('',#1374,1.);
#391=VECTOR('',#1375,1.);
#392=VECTOR('',#1376,1.);
#393=VECTOR('',#1377,1.);
#394=VECTOR('',#1378,1.);
#395=VECTOR('',#1379,1.);
#396=VECTOR('',#1382,1.);
#397=VECTOR('',#1383,1.);
#398=VECTOR('',#1384,1.);
#399=VECTOR('',#1385,1.);
#400=VECTOR('',#1386,1.);
#401=VECTOR('',#1387,1.);
#402=VECTOR('',#1390,1.);
#403=VECTOR('',#1391,1.);
#404=VECTOR('',#1392,1.);
#405=VECTOR('',#1395,1.);
#406=VECTOR('',#1396,1.);
#407=VECTOR('',#1399,1.);
#408=VECTOR('',#1402,1.);
#409=VECTOR('',#1403,1.);
#410=VECTOR('',#1406,1.);
#411=VECTOR('',#1407,1.);
#412=VECTOR('',#1408,1.);
#413=VECTOR('',#1411,1.);
#414=VECTOR('',#1414,1.);
#415=VECTOR('',#1415,1.);
#416=VECTOR('',#1416,1.);
#417=VECTOR('',#1417,1.);
#418=VECTOR('',#1420,1.);
#419=VECTOR('',#1421,1.);
#420=VECTOR('',#1424,1.);
#421=VECTOR('',#1425,1.);
#422=VECTOR('',#1426,1.);
#423=VECTOR('',#1429,1.);
#424=VECTOR('',#1430,1.);
#425=VECTOR('',#1431,1.);
#426=VECTOR('',#1436,1.);
#427=VECTOR('',#1437,1.);
#428=VECTOR('',#1440,1.);
#429=VECTOR('',#1441,1.);
#430=VECTOR('',#1442,1.);
#431=VECTOR('',#1445,1.);
#432=VECTOR('',#1446,1.);
#433=VECTOR('',#1447,1.);
#434=VECTOR('',#1452,1.);
#435=VECTOR('',#1455,1.);
#436=VECTOR('',#1456,1.);
#437=VECTOR('',#1459,1.);
#438=VECTOR('',#1460,1.);
#439=VECTOR('',#1461,1.);
#440=VECTOR('',#1464,1.);
#441=VECTOR('',#1467,1.);
#442=VECTOR('',#1472,1.);
#443=VECTOR('',#1473,1.);
#444=VECTOR('',#1474,1.);
#445=VECTOR('',#1475,1.);
#446=VECTOR('',#1478,1.);
#447=VECTOR('',#1479,1.);
#448=VECTOR('',#1480,1.);
#449=VECTOR('',#1483,1.);
#450=VECTOR('',#1484,1.);
#451=VECTOR('',#1485,1.);
#452=VECTOR('',#1488,1.);
#453=VECTOR('',#1489,1.);
#454=VECTOR('',#1490,1.);
#455=VECTOR('',#1493,1.);
#456=VECTOR('',#1494,1.);
#457=VECTOR('',#1497,1.);
#458=VECTOR('',#1498,1.);
#459=VECTOR('',#1501,1.);
#460=VECTOR('',#1502,1.);
#461=VECTOR('',#1503,1.);
#462=VECTOR('',#1504,1.);
#463=VECTOR('',#1505,1.);
#464=VECTOR('',#1508,1.);
#465=VECTOR('',#1509,1.);
#466=VECTOR('',#1510,1.);
#467=VECTOR('',#1511,1.);
#468=VECTOR('',#1514,1.);
#469=VECTOR('',#1515,1.);
#470=VECTOR('',#1518,1.);
#471=VECTOR('',#1523,1.);
#472=VECTOR('',#1528,1.);
#473=VECTOR('',#1531,1.);
#474=VECTOR('',#1532,1.);
#475=VECTOR('',#1535,1.);
#476=VECTOR('',#1540,1.);
#477=VECTOR('',#1541,1.);
#478=VECTOR('',#1542,1.);
#479=VECTOR('',#1543,1.);
#480=VECTOR('',#1546,1.);
#481=VECTOR('',#1547,1.);
#482=VECTOR('',#1548,1.);
#483=VECTOR('',#1551,1.);
#484=VECTOR('',#1552,1.);
#485=VECTOR('',#1553,1.);
#486=VECTOR('',#1554,1.);
#487=VECTOR('',#1555,1.);
#488=VECTOR('',#1556,1.);
#489=VECTOR('',#1557,1.);
#490=VECTOR('',#1558,1.);
#491=VECTOR('',#1561,1.);
#492=VECTOR('',#1562,1.);
#493=VECTOR('',#1563,1.);
#494=VECTOR('',#1566,1.);
#495=VECTOR('',#1567,1.);
#496=VECTOR('',#1570,1.);
#497=VECTOR('',#1571,1.);
#498=VECTOR('',#1574,1.);
#499=VECTOR('',#1579,1.);
#500=VECTOR('',#1580,1.);
#501=VECTOR('',#1581,1.);
#502=VECTOR('',#1582,1.);
#503=VECTOR('',#1585,1.);
#504=VECTOR('',#1586,1.);
#505=VECTOR('',#1589,1.);
#506=VECTOR('',#1592,1.);
#507=VECTOR('',#1593,1.);
#508=VECTOR('',#1594,1.);
#509=VECTOR('',#1601,1.);
#510=VECTOR('',#1606,0.915425584086441);
#511=VECTOR('',#1609,1.);
#512=CIRCLE('',#1226,0.318709677419355);
#513=CIRCLE('',#1227,0.28);
#514=CIRCLE('',#1229,0.318709677419355);
#515=CIRCLE('',#1230,0.28);
#516=CIRCLE('',#1232,0.318709677419355);
#517=CIRCLE('',#1233,0.28);
#518=CIRCLE('',#1235,0.28);
#519=CIRCLE('',#1237,0.28);
#520=CIRCLE('',#1239,0.28);
#521=CIRCLE('',#1249,0.4);
#522=CIRCLE('',#1252,0.4);
#523=CIRCLE('',#1259,0.4);
#524=CIRCLE('',#1262,0.4);
#525=CIRCLE('',#1263,0.4);
#526=CIRCLE('',#1267,0.4);
#527=CIRCLE('',#1279,0.4);
#528=CIRCLE('',#1280,0.4);
#529=CIRCLE('',#1297,0.4);
#530=CIRCLE('',#1299,0.4);
#531=VERTEX_POINT('',#1616);
#532=VERTEX_POINT('',#1618);
#533=VERTEX_POINT('',#1622);
#534=VERTEX_POINT('',#1624);
#535=VERTEX_POINT('',#1628);
#536=VERTEX_POINT('',#1630);
#537=VERTEX_POINT('',#1634);
#538=VERTEX_POINT('',#1638);
#539=VERTEX_POINT('',#1642);
#540=VERTEX_POINT('',#1646);
#541=VERTEX_POINT('',#1647);
#542=VERTEX_POINT('',#1649);
#543=VERTEX_POINT('',#1651);
#544=VERTEX_POINT('',#1655);
#545=VERTEX_POINT('',#1657);
#546=VERTEX_POINT('',#1659);
#547=VERTEX_POINT('',#1661);
#548=VERTEX_POINT('',#1665);
#549=VERTEX_POINT('',#1667);
#550=VERTEX_POINT('',#1671);
#551=VERTEX_POINT('',#1673);
#552=VERTEX_POINT('',#1679);
#553=VERTEX_POINT('',#1681);
#554=VERTEX_POINT('',#1683);
#555=VERTEX_POINT('',#1685);
#556=VERTEX_POINT('',#1687);
#557=VERTEX_POINT('',#1689);
#558=VERTEX_POINT('',#1691);
#559=VERTEX_POINT('',#1693);
#560=VERTEX_POINT('',#1697);
#561=VERTEX_POINT('',#1699);
#562=VERTEX_POINT('',#1701);
#563=VERTEX_POINT('',#1703);
#564=VERTEX_POINT('',#1705);
#565=VERTEX_POINT('',#1709);
#566=VERTEX_POINT('',#1711);
#567=VERTEX_POINT('',#1715);
#568=VERTEX_POINT('',#1717);
#569=VERTEX_POINT('',#1719);
#570=VERTEX_POINT('',#1723);
#571=VERTEX_POINT('',#1727);
#572=VERTEX_POINT('',#1729);
#573=VERTEX_POINT('',#1731);
#574=VERTEX_POINT('',#1733);
#575=VERTEX_POINT('',#1737);
#576=VERTEX_POINT('',#1739);
#577=VERTEX_POINT('',#1741);
#578=VERTEX_POINT('',#1745);
#579=VERTEX_POINT('',#1749);
#580=VERTEX_POINT('',#1751);
#581=VERTEX_POINT('',#1755);
#582=VERTEX_POINT('',#1761);
#583=VERTEX_POINT('',#1763);
#584=VERTEX_POINT('',#1765);
#585=VERTEX_POINT('',#1767);
#586=VERTEX_POINT('',#1769);
#587=VERTEX_POINT('',#1773);
#588=VERTEX_POINT('',#1775);
#589=VERTEX_POINT('',#1779);
#590=VERTEX_POINT('',#1780);
#591=VERTEX_POINT('',#1782);
#592=VERTEX_POINT('',#1784);
#593=VERTEX_POINT('',#1789);
#594=VERTEX_POINT('',#1796);
#595=VERTEX_POINT('',#1800);
#596=VERTEX_POINT('',#1801);
#597=VERTEX_POINT('',#1803);
#598=VERTEX_POINT('',#1805);
#599=VERTEX_POINT('',#1809);
#600=VERTEX_POINT('',#1811);
#601=VERTEX_POINT('',#1815);
#602=VERTEX_POINT('',#1817);
#603=VERTEX_POINT('',#1821);
#604=VERTEX_POINT('',#1823);
#605=VERTEX_POINT('',#1827);
#606=VERTEX_POINT('',#1831);
#607=VERTEX_POINT('',#1835);
#608=VERTEX_POINT('',#1837);
#609=VERTEX_POINT('',#1839);
#610=VERTEX_POINT('',#1844);
#611=VERTEX_POINT('',#1845);
#612=VERTEX_POINT('',#1847);
#613=VERTEX_POINT('',#1849);
#614=VERTEX_POINT('',#1853);
#615=VERTEX_POINT('',#1859);
#616=VERTEX_POINT('',#1861);
#617=VERTEX_POINT('',#1867);
#618=VERTEX_POINT('',#1874);
#619=VERTEX_POINT('',#1875);
#620=VERTEX_POINT('',#1877);
#621=VERTEX_POINT('',#1879);
#622=VERTEX_POINT('',#1883);
#623=VERTEX_POINT('',#1885);
#624=VERTEX_POINT('',#1890);
#625=VERTEX_POINT('',#1892);
#626=VERTEX_POINT('',#1894);
#627=VERTEX_POINT('',#1896);
#628=VERTEX_POINT('',#1898);
#629=VERTEX_POINT('',#1900);
#630=VERTEX_POINT('',#1904);
#631=VERTEX_POINT('',#1908);
#632=VERTEX_POINT('',#1998);
#633=VERTEX_POINT('',#2002);
#634=VERTEX_POINT('',#2009);
#635=VERTEX_POINT('',#2010);
#636=VERTEX_POINT('',#2012);
#637=VERTEX_POINT('',#2014);
#638=VERTEX_POINT('',#2018);
#639=VERTEX_POINT('',#2026);
#640=VERTEX_POINT('',#2030);
#641=VERTEX_POINT('',#2035);
#642=EDGE_CURVE('',#531,#531,#512,.T.);
#643=EDGE_CURVE('',#531,#532,#218,.T.);
#644=EDGE_CURVE('',#532,#532,#513,.T.);
#645=EDGE_CURVE('',#533,#533,#514,.T.);
#646=EDGE_CURVE('',#533,#534,#219,.T.);
#647=EDGE_CURVE('',#534,#534,#515,.T.);
#648=EDGE_CURVE('',#535,#535,#516,.T.);
#649=EDGE_CURVE('',#535,#536,#220,.T.);
#650=EDGE_CURVE('',#536,#536,#517,.T.);
#651=EDGE_CURVE('',#537,#537,#518,.T.);
#652=EDGE_CURVE('',#537,#536,#221,.T.);
#653=EDGE_CURVE('',#538,#538,#519,.T.);
#654=EDGE_CURVE('',#538,#534,#222,.T.);
#655=EDGE_CURVE('',#539,#539,#520,.T.);
#656=EDGE_CURVE('',#539,#532,#223,.T.);
#657=EDGE_CURVE('',#540,#541,#224,.T.);
#658=EDGE_CURVE('',#542,#540,#225,.T.);
#659=EDGE_CURVE('',#543,#542,#226,.T.);
#660=EDGE_CURVE('',#543,#541,#227,.T.);
#661=EDGE_CURVE('',#541,#544,#228,.T.);
#662=EDGE_CURVE('',#545,#543,#229,.T.);
#663=EDGE_CURVE('',#545,#546,#230,.T.);
#664=EDGE_CURVE('',#547,#546,#231,.T.);
#665=EDGE_CURVE('',#544,#547,#232,.T.);
#666=EDGE_CURVE('',#546,#548,#233,.T.);
#667=EDGE_CURVE('',#549,#545,#234,.T.);
#668=EDGE_CURVE('',#549,#548,#235,.T.);
#669=EDGE_CURVE('',#550,#540,#236,.T.);
#670=EDGE_CURVE('',#551,#550,#237,.T.);
#671=EDGE_CURVE('',#548,#551,#238,.T.);
#672=EDGE_CURVE('',#542,#549,#239,.T.);
#673=EDGE_CURVE('',#544,#552,#240,.T.);
#674=EDGE_CURVE('',#552,#553,#241,.T.);
#675=EDGE_CURVE('',#553,#554,#242,.T.);
#676=EDGE_CURVE('',#554,#555,#243,.T.);
#677=EDGE_CURVE('',#555,#556,#244,.T.);
#678=EDGE_CURVE('',#556,#557,#245,.T.);
#679=EDGE_CURVE('',#557,#558,#246,.T.);
#680=EDGE_CURVE('',#558,#559,#247,.T.);
#681=EDGE_CURVE('',#559,#550,#248,.T.);
#682=EDGE_CURVE('',#547,#560,#249,.T.);
#683=EDGE_CURVE('',#560,#561,#250,.T.);
#684=EDGE_CURVE('',#561,#562,#251,.T.);
#685=EDGE_CURVE('',#562,#563,#252,.T.);
#686=EDGE_CURVE('',#563,#564,#253,.T.);
#687=EDGE_CURVE('',#564,#552,#254,.T.);
#688=EDGE_CURVE('',#561,#565,#255,.T.);
#689=EDGE_CURVE('',#566,#560,#256,.T.);
#690=EDGE_CURVE('',#565,#566,#257,.T.);
#691=EDGE_CURVE('',#567,#566,#258,.T.);
#692=EDGE_CURVE('',#568,#567,#259,.T.);
#693=EDGE_CURVE('',#569,#568,#521,.T.);
#694=EDGE_CURVE('',#565,#569,#260,.T.);
#695=EDGE_CURVE('',#570,#551,#261,.T.);
#696=EDGE_CURVE('',#570,#567,#262,.T.);
#697=EDGE_CURVE('',#571,#559,#263,.T.);
#698=EDGE_CURVE('',#571,#572,#264,.T.);
#699=EDGE_CURVE('',#572,#573,#265,.T.);
#700=EDGE_CURVE('',#573,#574,#522,.T.);
#701=EDGE_CURVE('',#574,#570,#266,.T.);
#702=EDGE_CURVE('',#575,#564,#267,.T.);
#703=EDGE_CURVE('',#576,#575,#268,.T.);
#704=EDGE_CURVE('',#577,#576,#269,.T.);
#705=EDGE_CURVE('',#577,#553,#270,.T.);
#706=EDGE_CURVE('',#578,#577,#271,.T.);
#707=EDGE_CURVE('',#578,#554,#272,.T.);
#708=EDGE_CURVE('',#579,#575,#273,.T.);
#709=EDGE_CURVE('',#580,#579,#274,.T.);
#710=EDGE_CURVE('',#576,#580,#275,.T.);
#711=EDGE_CURVE('',#581,#579,#276,.T.);
#712=EDGE_CURVE('',#555,#581,#277,.T.);
#713=EDGE_CURVE('',#580,#578,#278,.T.);
#714=EDGE_CURVE('',#581,#582,#279,.T.);
#715=EDGE_CURVE('',#582,#583,#280,.T.);
#716=EDGE_CURVE('',#583,#584,#523,.T.);
#717=EDGE_CURVE('',#584,#585,#281,.T.);
#718=EDGE_CURVE('',#585,#586,#282,.T.);
#719=EDGE_CURVE('',#556,#586,#283,.T.);
#720=EDGE_CURVE('',#587,#562,#284,.T.);
#721=EDGE_CURVE('',#587,#588,#285,.T.);
#722=EDGE_CURVE('',#563,#588,#286,.T.);
#723=EDGE_CURVE('',#589,#590,#524,.T.);
#724=EDGE_CURVE('',#590,#591,#287,.T.);
#725=EDGE_CURVE('',#592,#591,#525,.T.);
#726=EDGE_CURVE('',#584,#592,#288,.T.);
#727=EDGE_CURVE('',#583,#589,#289,.T.);
#728=EDGE_CURVE('',#569,#593,#290,.T.);
#729=EDGE_CURVE('',#591,#593,#291,.T.);
#730=EDGE_CURVE('',#590,#587,#292,.T.);
#731=EDGE_CURVE('',#568,#574,#293,.T.);
#732=EDGE_CURVE('',#573,#594,#294,.T.);
#733=EDGE_CURVE('',#593,#594,#526,.T.);
#734=EDGE_CURVE('',#595,#596,#295,.T.);
#735=EDGE_CURVE('',#595,#597,#296,.T.);
#736=EDGE_CURVE('',#597,#598,#297,.T.);
#737=EDGE_CURVE('',#598,#596,#298,.T.);
#738=EDGE_CURVE('',#596,#599,#299,.T.);
#739=EDGE_CURVE('',#600,#598,#300,.T.);
#740=EDGE_CURVE('',#599,#600,#301,.T.);
#741=EDGE_CURVE('',#600,#601,#302,.T.);
#742=EDGE_CURVE('',#601,#602,#303,.T.);
#743=EDGE_CURVE('',#599,#602,#304,.T.);
#744=EDGE_CURVE('',#602,#603,#305,.T.);
#745=EDGE_CURVE('',#604,#601,#306,.T.);
#746=EDGE_CURVE('',#604,#603,#307,.T.);
#747=EDGE_CURVE('',#605,#604,#308,.T.);
#748=EDGE_CURVE('',#605,#597,#309,.T.);
#749=EDGE_CURVE('',#603,#606,#310,.T.);
#750=EDGE_CURVE('',#606,#605,#311,.T.);
#751=EDGE_CURVE('',#606,#607,#312,.T.);
#752=EDGE_CURVE('',#607,#608,#313,.T.);
#753=EDGE_CURVE('',#608,#609,#314,.T.);
#754=EDGE_CURVE('',#571,#609,#315,.T.);
#755=EDGE_CURVE('',#558,#595,#316,.T.);
#756=EDGE_CURVE('',#610,#611,#317,.T.);
#757=EDGE_CURVE('',#612,#610,#318,.T.);
#758=EDGE_CURVE('',#613,#612,#319,.T.);
#759=EDGE_CURVE('',#611,#613,#320,.T.);
#760=EDGE_CURVE('',#609,#614,#321,.T.);
#761=EDGE_CURVE('',#572,#614,#322,.T.);
#762=EDGE_CURVE('',#594,#614,#323,.T.);
#763=EDGE_CURVE('',#615,#612,#527,.T.);
#764=EDGE_CURVE('',#616,#615,#324,.T.);
#765=EDGE_CURVE('',#613,#616,#528,.T.);
#766=EDGE_CURVE('',#610,#615,#325,.T.);
#767=EDGE_CURVE('',#617,#582,#326,.T.);
#768=EDGE_CURVE('',#589,#617,#327,.T.);
#769=EDGE_CURVE('',#588,#617,#328,.T.);
#770=EDGE_CURVE('',#618,#619,#329,.T.);
#771=EDGE_CURVE('',#620,#618,#330,.T.);
#772=EDGE_CURVE('',#620,#621,#331,.T.);
#773=EDGE_CURVE('',#619,#621,#332,.T.);
#774=EDGE_CURVE('',#619,#622,#333,.T.);
#775=EDGE_CURVE('',#621,#623,#334,.T.);
#776=EDGE_CURVE('',#623,#622,#335,.T.);
#777=EDGE_CURVE('',#622,#557,#336,.T.);
#778=EDGE_CURVE('',#624,#586,#337,.T.);
#779=EDGE_CURVE('',#625,#624,#338,.T.);
#780=EDGE_CURVE('',#625,#626,#339,.T.);
#781=EDGE_CURVE('',#626,#627,#340,.T.);
#782=EDGE_CURVE('',#627,#628,#341,.T.);
#783=EDGE_CURVE('',#628,#629,#342,.T.);
#784=EDGE_CURVE('',#629,#618,#343,.T.);
#785=EDGE_CURVE('',#630,#623,#344,.T.);
#786=EDGE_CURVE('',#630,#627,#345,.T.);
#787=EDGE_CURVE('',#607,#626,#346,.T.);
#788=EDGE_CURVE('',#631,#631,#25,.T.);
#789=EDGE_CURVE('',#632,#630,#347,.T.);
#790=EDGE_CURVE('',#628,#632,#348,.T.);
#791=EDGE_CURVE('',#632,#633,#349,.T.);
#792=EDGE_CURVE('',#629,#633,#350,.T.);
#793=EDGE_CURVE('',#633,#620,#351,.T.);
#794=EDGE_CURVE('',#634,#635,#352,.T.);
#795=EDGE_CURVE('',#636,#634,#353,.T.);
#796=EDGE_CURVE('',#637,#636,#354,.T.);
#797=EDGE_CURVE('',#637,#635,#355,.T.);
#798=EDGE_CURVE('',#638,#585,#356,.T.);
#799=EDGE_CURVE('',#638,#624,#357,.T.);
#800=EDGE_CURVE('',#638,#592,#358,.T.);
#801=EDGE_CURVE('',#608,#625,#359,.T.);
#802=EDGE_CURVE('',#616,#611,#360,.T.);
#803=EDGE_CURVE('',#637,#639,#361,.T.);
#804=EDGE_CURVE('',#639,#635,#529,.T.);
#805=EDGE_CURVE('',#634,#640,#530,.T.);
#806=EDGE_CURVE('',#640,#636,#362,.T.);
#807=EDGE_CURVE('',#641,#641,#26,.T.);
#808=EDGE_CURVE('',#631,#641,#363,.T.);
#809=EDGE_CURVE('',#640,#639,#364,.T.);
#810=ORIENTED_EDGE('',*,*,#642,.F.);
#811=ORIENTED_EDGE('',*,*,#643,.T.);
#812=ORIENTED_EDGE('',*,*,#644,.F.);
#813=ORIENTED_EDGE('',*,*,#643,.F.);
#814=ORIENTED_EDGE('',*,*,#645,.F.);
#815=ORIENTED_EDGE('',*,*,#646,.T.);
#816=ORIENTED_EDGE('',*,*,#647,.F.);
#817=ORIENTED_EDGE('',*,*,#646,.F.);
#818=ORIENTED_EDGE('',*,*,#648,.F.);
#819=ORIENTED_EDGE('',*,*,#649,.T.);
#820=ORIENTED_EDGE('',*,*,#650,.F.);
#821=ORIENTED_EDGE('',*,*,#649,.F.);
#822=ORIENTED_EDGE('',*,*,#651,.F.);
#823=ORIENTED_EDGE('',*,*,#652,.T.);
#824=ORIENTED_EDGE('',*,*,#650,.T.);
#825=ORIENTED_EDGE('',*,*,#652,.F.);
#826=ORIENTED_EDGE('',*,*,#653,.F.);
#827=ORIENTED_EDGE('',*,*,#654,.T.);
#828=ORIENTED_EDGE('',*,*,#647,.T.);
#829=ORIENTED_EDGE('',*,*,#654,.F.);
#830=ORIENTED_EDGE('',*,*,#655,.F.);
#831=ORIENTED_EDGE('',*,*,#656,.T.);
#832=ORIENTED_EDGE('',*,*,#644,.T.);
#833=ORIENTED_EDGE('',*,*,#656,.F.);
#834=ORIENTED_EDGE('',*,*,#657,.F.);
#835=ORIENTED_EDGE('',*,*,#658,.F.);
#836=ORIENTED_EDGE('',*,*,#659,.F.);
#837=ORIENTED_EDGE('',*,*,#660,.T.);
#838=ORIENTED_EDGE('',*,*,#661,.F.);
#839=ORIENTED_EDGE('',*,*,#660,.F.);
#840=ORIENTED_EDGE('',*,*,#662,.F.);
#841=ORIENTED_EDGE('',*,*,#663,.T.);
#842=ORIENTED_EDGE('',*,*,#664,.F.);
#843=ORIENTED_EDGE('',*,*,#665,.F.);
#844=ORIENTED_EDGE('',*,*,#666,.F.);
#845=ORIENTED_EDGE('',*,*,#663,.F.);
#846=ORIENTED_EDGE('',*,*,#667,.F.);
#847=ORIENTED_EDGE('',*,*,#668,.T.);
#848=ORIENTED_EDGE('',*,*,#669,.F.);
#849=ORIENTED_EDGE('',*,*,#670,.F.);
#850=ORIENTED_EDGE('',*,*,#671,.F.);
#851=ORIENTED_EDGE('',*,*,#668,.F.);
#852=ORIENTED_EDGE('',*,*,#672,.F.);
#853=ORIENTED_EDGE('',*,*,#658,.T.);
#854=ORIENTED_EDGE('',*,*,#662,.T.);
#855=ORIENTED_EDGE('',*,*,#659,.T.);
#856=ORIENTED_EDGE('',*,*,#672,.T.);
#857=ORIENTED_EDGE('',*,*,#667,.T.);
#858=ORIENTED_EDGE('',*,*,#669,.T.);
#859=ORIENTED_EDGE('',*,*,#657,.T.);
#860=ORIENTED_EDGE('',*,*,#661,.T.);
#861=ORIENTED_EDGE('',*,*,#673,.T.);
#862=ORIENTED_EDGE('',*,*,#674,.T.);
#863=ORIENTED_EDGE('',*,*,#675,.T.);
#864=ORIENTED_EDGE('',*,*,#676,.T.);
#865=ORIENTED_EDGE('',*,*,#677,.T.);
#866=ORIENTED_EDGE('',*,*,#678,.T.);
#867=ORIENTED_EDGE('',*,*,#679,.T.);
#868=ORIENTED_EDGE('',*,*,#680,.T.);
#869=ORIENTED_EDGE('',*,*,#681,.T.);
#870=ORIENTED_EDGE('',*,*,#665,.T.);
#871=ORIENTED_EDGE('',*,*,#682,.T.);
#872=ORIENTED_EDGE('',*,*,#683,.T.);
#873=ORIENTED_EDGE('',*,*,#684,.T.);
#874=ORIENTED_EDGE('',*,*,#685,.T.);
#875=ORIENTED_EDGE('',*,*,#686,.T.);
#876=ORIENTED_EDGE('',*,*,#687,.T.);
#877=ORIENTED_EDGE('',*,*,#673,.F.);
#878=ORIENTED_EDGE('',*,*,#688,.F.);
#879=ORIENTED_EDGE('',*,*,#683,.F.);
#880=ORIENTED_EDGE('',*,*,#689,.F.);
#881=ORIENTED_EDGE('',*,*,#690,.F.);
#882=ORIENTED_EDGE('',*,*,#691,.F.);
#883=ORIENTED_EDGE('',*,*,#692,.F.);
#884=ORIENTED_EDGE('',*,*,#693,.F.);
#885=ORIENTED_EDGE('',*,*,#694,.F.);
#886=ORIENTED_EDGE('',*,*,#690,.T.);
#887=ORIENTED_EDGE('',*,*,#671,.T.);
#888=ORIENTED_EDGE('',*,*,#695,.F.);
#889=ORIENTED_EDGE('',*,*,#696,.T.);
#890=ORIENTED_EDGE('',*,*,#691,.T.);
#891=ORIENTED_EDGE('',*,*,#689,.T.);
#892=ORIENTED_EDGE('',*,*,#682,.F.);
#893=ORIENTED_EDGE('',*,*,#664,.T.);
#894=ORIENTED_EDGE('',*,*,#666,.T.);
#895=ORIENTED_EDGE('',*,*,#670,.T.);
#896=ORIENTED_EDGE('',*,*,#681,.F.);
#897=ORIENTED_EDGE('',*,*,#697,.F.);
#898=ORIENTED_EDGE('',*,*,#698,.T.);
#899=ORIENTED_EDGE('',*,*,#699,.T.);
#900=ORIENTED_EDGE('',*,*,#700,.T.);
#901=ORIENTED_EDGE('',*,*,#701,.T.);
#902=ORIENTED_EDGE('',*,*,#695,.T.);
#903=ORIENTED_EDGE('',*,*,#702,.F.);
#904=ORIENTED_EDGE('',*,*,#703,.F.);
#905=ORIENTED_EDGE('',*,*,#704,.F.);
#906=ORIENTED_EDGE('',*,*,#705,.T.);
#907=ORIENTED_EDGE('',*,*,#674,.F.);
#908=ORIENTED_EDGE('',*,*,#687,.F.);
#909=ORIENTED_EDGE('',*,*,#675,.F.);
#910=ORIENTED_EDGE('',*,*,#705,.F.);
#911=ORIENTED_EDGE('',*,*,#706,.F.);
#912=ORIENTED_EDGE('',*,*,#707,.T.);
#913=ORIENTED_EDGE('',*,*,#708,.F.);
#914=ORIENTED_EDGE('',*,*,#709,.F.);
#915=ORIENTED_EDGE('',*,*,#710,.F.);
#916=ORIENTED_EDGE('',*,*,#703,.T.);
#917=ORIENTED_EDGE('',*,*,#711,.F.);
#918=ORIENTED_EDGE('',*,*,#712,.F.);
#919=ORIENTED_EDGE('',*,*,#676,.F.);
#920=ORIENTED_EDGE('',*,*,#707,.F.);
#921=ORIENTED_EDGE('',*,*,#713,.F.);
#922=ORIENTED_EDGE('',*,*,#709,.T.);
#923=ORIENTED_EDGE('',*,*,#713,.T.);
#924=ORIENTED_EDGE('',*,*,#706,.T.);
#925=ORIENTED_EDGE('',*,*,#704,.T.);
#926=ORIENTED_EDGE('',*,*,#710,.T.);
#927=ORIENTED_EDGE('',*,*,#712,.T.);
#928=ORIENTED_EDGE('',*,*,#714,.T.);
#929=ORIENTED_EDGE('',*,*,#715,.T.);
#930=ORIENTED_EDGE('',*,*,#716,.T.);
#931=ORIENTED_EDGE('',*,*,#717,.T.);
#932=ORIENTED_EDGE('',*,*,#718,.T.);
#933=ORIENTED_EDGE('',*,*,#719,.F.);
#934=ORIENTED_EDGE('',*,*,#677,.F.);
#935=ORIENTED_EDGE('',*,*,#720,.F.);
#936=ORIENTED_EDGE('',*,*,#721,.T.);
#937=ORIENTED_EDGE('',*,*,#722,.F.);
#938=ORIENTED_EDGE('',*,*,#685,.F.);
#939=ORIENTED_EDGE('',*,*,#723,.T.);
#940=ORIENTED_EDGE('',*,*,#724,.T.);
#941=ORIENTED_EDGE('',*,*,#725,.F.);
#942=ORIENTED_EDGE('',*,*,#726,.F.);
#943=ORIENTED_EDGE('',*,*,#716,.F.);
#944=ORIENTED_EDGE('',*,*,#727,.T.);
#945=ORIENTED_EDGE('',*,*,#694,.T.);
#946=ORIENTED_EDGE('',*,*,#728,.T.);
#947=ORIENTED_EDGE('',*,*,#729,.F.);
#948=ORIENTED_EDGE('',*,*,#724,.F.);
#949=ORIENTED_EDGE('',*,*,#730,.T.);
#950=ORIENTED_EDGE('',*,*,#720,.T.);
#951=ORIENTED_EDGE('',*,*,#684,.F.);
#952=ORIENTED_EDGE('',*,*,#688,.T.);
#953=ORIENTED_EDGE('',*,*,#731,.F.);
#954=ORIENTED_EDGE('',*,*,#692,.T.);
#955=ORIENTED_EDGE('',*,*,#696,.F.);
#956=ORIENTED_EDGE('',*,*,#701,.F.);
#957=ORIENTED_EDGE('',*,*,#693,.T.);
#958=ORIENTED_EDGE('',*,*,#731,.T.);
#959=ORIENTED_EDGE('',*,*,#700,.F.);
#960=ORIENTED_EDGE('',*,*,#732,.T.);
#961=ORIENTED_EDGE('',*,*,#733,.F.);
#962=ORIENTED_EDGE('',*,*,#728,.F.);
#963=ORIENTED_EDGE('',*,*,#734,.F.);
#964=ORIENTED_EDGE('',*,*,#735,.T.);
#965=ORIENTED_EDGE('',*,*,#736,.T.);
#966=ORIENTED_EDGE('',*,*,#737,.T.);
#967=ORIENTED_EDGE('',*,*,#738,.F.);
#968=ORIENTED_EDGE('',*,*,#737,.F.);
#969=ORIENTED_EDGE('',*,*,#739,.F.);
#970=ORIENTED_EDGE('',*,*,#740,.F.);
#971=ORIENTED_EDGE('',*,*,#740,.T.);
#972=ORIENTED_EDGE('',*,*,#741,.T.);
#973=ORIENTED_EDGE('',*,*,#742,.T.);
#974=ORIENTED_EDGE('',*,*,#743,.F.);
#975=ORIENTED_EDGE('',*,*,#744,.F.);
#976=ORIENTED_EDGE('',*,*,#742,.F.);
#977=ORIENTED_EDGE('',*,*,#745,.F.);
#978=ORIENTED_EDGE('',*,*,#746,.T.);
#979=ORIENTED_EDGE('',*,*,#747,.T.);
#980=ORIENTED_EDGE('',*,*,#745,.T.);
#981=ORIENTED_EDGE('',*,*,#741,.F.);
#982=ORIENTED_EDGE('',*,*,#739,.T.);
#983=ORIENTED_EDGE('',*,*,#736,.F.);
#984=ORIENTED_EDGE('',*,*,#748,.F.);
#985=ORIENTED_EDGE('',*,*,#749,.F.);
#986=ORIENTED_EDGE('',*,*,#746,.F.);
#987=ORIENTED_EDGE('',*,*,#747,.F.);
#988=ORIENTED_EDGE('',*,*,#750,.F.);
#989=ORIENTED_EDGE('',*,*,#738,.T.);
#990=ORIENTED_EDGE('',*,*,#743,.T.);
#991=ORIENTED_EDGE('',*,*,#744,.T.);
#992=ORIENTED_EDGE('',*,*,#749,.T.);
#993=ORIENTED_EDGE('',*,*,#751,.T.);
#994=ORIENTED_EDGE('',*,*,#752,.T.);
#995=ORIENTED_EDGE('',*,*,#753,.T.);
#996=ORIENTED_EDGE('',*,*,#754,.F.);
#997=ORIENTED_EDGE('',*,*,#697,.T.);
#998=ORIENTED_EDGE('',*,*,#680,.F.);
#999=ORIENTED_EDGE('',*,*,#755,.T.);
#1000=ORIENTED_EDGE('',*,*,#734,.T.);
#1001=ORIENTED_EDGE('',*,*,#756,.F.);
#1002=ORIENTED_EDGE('',*,*,#757,.F.);
#1003=ORIENTED_EDGE('',*,*,#758,.F.);
#1004=ORIENTED_EDGE('',*,*,#759,.F.);
#1005=ORIENTED_EDGE('',*,*,#698,.F.);
#1006=ORIENTED_EDGE('',*,*,#754,.T.);
#1007=ORIENTED_EDGE('',*,*,#760,.T.);
#1008=ORIENTED_EDGE('',*,*,#761,.F.);
#1009=ORIENTED_EDGE('',*,*,#761,.T.);
#1010=ORIENTED_EDGE('',*,*,#762,.F.);
#1011=ORIENTED_EDGE('',*,*,#732,.F.);
#1012=ORIENTED_EDGE('',*,*,#699,.F.);
#1013=ORIENTED_EDGE('',*,*,#758,.T.);
#1014=ORIENTED_EDGE('',*,*,#763,.F.);
#1015=ORIENTED_EDGE('',*,*,#764,.F.);
#1016=ORIENTED_EDGE('',*,*,#765,.F.);
#1017=ORIENTED_EDGE('',*,*,#757,.T.);
#1018=ORIENTED_EDGE('',*,*,#766,.T.);
#1019=ORIENTED_EDGE('',*,*,#763,.T.);
#1020=ORIENTED_EDGE('',*,*,#727,.F.);
#1021=ORIENTED_EDGE('',*,*,#715,.F.);
#1022=ORIENTED_EDGE('',*,*,#767,.F.);
#1023=ORIENTED_EDGE('',*,*,#768,.F.);
#1024=ORIENTED_EDGE('',*,*,#723,.F.);
#1025=ORIENTED_EDGE('',*,*,#768,.T.);
#1026=ORIENTED_EDGE('',*,*,#769,.F.);
#1027=ORIENTED_EDGE('',*,*,#721,.F.);
#1028=ORIENTED_EDGE('',*,*,#730,.F.);
#1029=ORIENTED_EDGE('',*,*,#702,.T.);
#1030=ORIENTED_EDGE('',*,*,#686,.F.);
#1031=ORIENTED_EDGE('',*,*,#722,.T.);
#1032=ORIENTED_EDGE('',*,*,#769,.T.);
#1033=ORIENTED_EDGE('',*,*,#767,.T.);
#1034=ORIENTED_EDGE('',*,*,#714,.F.);
#1035=ORIENTED_EDGE('',*,*,#711,.T.);
#1036=ORIENTED_EDGE('',*,*,#708,.T.);
#1037=ORIENTED_EDGE('',*,*,#770,.F.);
#1038=ORIENTED_EDGE('',*,*,#771,.F.);
#1039=ORIENTED_EDGE('',*,*,#772,.T.);
#1040=ORIENTED_EDGE('',*,*,#773,.F.);
#1041=ORIENTED_EDGE('',*,*,#774,.F.);
#1042=ORIENTED_EDGE('',*,*,#773,.T.);
#1043=ORIENTED_EDGE('',*,*,#775,.T.);
#1044=ORIENTED_EDGE('',*,*,#776,.T.);
#1045=ORIENTED_EDGE('',*,*,#770,.T.);
#1046=ORIENTED_EDGE('',*,*,#774,.T.);
#1047=ORIENTED_EDGE('',*,*,#777,.T.);
#1048=ORIENTED_EDGE('',*,*,#678,.F.);
#1049=ORIENTED_EDGE('',*,*,#719,.T.);
#1050=ORIENTED_EDGE('',*,*,#778,.F.);
#1051=ORIENTED_EDGE('',*,*,#779,.F.);
#1052=ORIENTED_EDGE('',*,*,#780,.T.);
#1053=ORIENTED_EDGE('',*,*,#781,.T.);
#1054=ORIENTED_EDGE('',*,*,#782,.T.);
#1055=ORIENTED_EDGE('',*,*,#783,.T.);
#1056=ORIENTED_EDGE('',*,*,#784,.T.);
#1057=ORIENTED_EDGE('',*,*,#755,.F.);
#1058=ORIENTED_EDGE('',*,*,#679,.F.);
#1059=ORIENTED_EDGE('',*,*,#777,.F.);
#1060=ORIENTED_EDGE('',*,*,#776,.F.);
#1061=ORIENTED_EDGE('',*,*,#785,.F.);
#1062=ORIENTED_EDGE('',*,*,#786,.T.);
#1063=ORIENTED_EDGE('',*,*,#781,.F.);
#1064=ORIENTED_EDGE('',*,*,#787,.F.);
#1065=ORIENTED_EDGE('',*,*,#751,.F.);
#1066=ORIENTED_EDGE('',*,*,#750,.T.);
#1067=ORIENTED_EDGE('',*,*,#748,.T.);
#1068=ORIENTED_EDGE('',*,*,#735,.F.);
#1069=ORIENTED_EDGE('',*,*,#788,.T.);
#1070=ORIENTED_EDGE('',*,*,#782,.F.);
#1071=ORIENTED_EDGE('',*,*,#786,.F.);
#1072=ORIENTED_EDGE('',*,*,#789,.F.);
#1073=ORIENTED_EDGE('',*,*,#790,.F.);
#1074=ORIENTED_EDGE('',*,*,#783,.F.);
#1075=ORIENTED_EDGE('',*,*,#790,.T.);
#1076=ORIENTED_EDGE('',*,*,#791,.T.);
#1077=ORIENTED_EDGE('',*,*,#792,.F.);
#1078=ORIENTED_EDGE('',*,*,#789,.T.);
#1079=ORIENTED_EDGE('',*,*,#785,.T.);
#1080=ORIENTED_EDGE('',*,*,#775,.F.);
#1081=ORIENTED_EDGE('',*,*,#772,.F.);
#1082=ORIENTED_EDGE('',*,*,#793,.F.);
#1083=ORIENTED_EDGE('',*,*,#791,.F.);
#1084=ORIENTED_EDGE('',*,*,#771,.T.);
#1085=ORIENTED_EDGE('',*,*,#784,.F.);
#1086=ORIENTED_EDGE('',*,*,#792,.T.);
#1087=ORIENTED_EDGE('',*,*,#793,.T.);
#1088=ORIENTED_EDGE('',*,*,#794,.F.);
#1089=ORIENTED_EDGE('',*,*,#795,.F.);
#1090=ORIENTED_EDGE('',*,*,#796,.F.);
#1091=ORIENTED_EDGE('',*,*,#797,.T.);
#1092=ORIENTED_EDGE('',*,*,#798,.F.);
#1093=ORIENTED_EDGE('',*,*,#799,.T.);
#1094=ORIENTED_EDGE('',*,*,#778,.T.);
#1095=ORIENTED_EDGE('',*,*,#718,.F.);
#1096=ORIENTED_EDGE('',*,*,#798,.T.);
#1097=ORIENTED_EDGE('',*,*,#717,.F.);
#1098=ORIENTED_EDGE('',*,*,#726,.T.);
#1099=ORIENTED_EDGE('',*,*,#800,.F.);
#1100=ORIENTED_EDGE('',*,*,#753,.F.);
#1101=ORIENTED_EDGE('',*,*,#801,.T.);
#1102=ORIENTED_EDGE('',*,*,#779,.T.);
#1103=ORIENTED_EDGE('',*,*,#799,.F.);
#1104=ORIENTED_EDGE('',*,*,#800,.T.);
#1105=ORIENTED_EDGE('',*,*,#725,.T.);
#1106=ORIENTED_EDGE('',*,*,#729,.T.);
#1107=ORIENTED_EDGE('',*,*,#733,.T.);
#1108=ORIENTED_EDGE('',*,*,#762,.T.);
#1109=ORIENTED_EDGE('',*,*,#760,.F.);
#1110=ORIENTED_EDGE('',*,*,#642,.T.);
#1111=ORIENTED_EDGE('',*,*,#645,.T.);
#1112=ORIENTED_EDGE('',*,*,#648,.T.);
#1113=ORIENTED_EDGE('',*,*,#759,.T.);
#1114=ORIENTED_EDGE('',*,*,#765,.T.);
#1115=ORIENTED_EDGE('',*,*,#802,.T.);
#1116=ORIENTED_EDGE('',*,*,#797,.F.);
#1117=ORIENTED_EDGE('',*,*,#803,.T.);
#1118=ORIENTED_EDGE('',*,*,#804,.T.);
#1119=ORIENTED_EDGE('',*,*,#795,.T.);
#1120=ORIENTED_EDGE('',*,*,#805,.T.);
#1121=ORIENTED_EDGE('',*,*,#806,.T.);
#1122=ORIENTED_EDGE('',*,*,#756,.T.);
#1123=ORIENTED_EDGE('',*,*,#802,.F.);
#1124=ORIENTED_EDGE('',*,*,#764,.T.);
#1125=ORIENTED_EDGE('',*,*,#766,.F.);
#1126=ORIENTED_EDGE('',*,*,#807,.F.);
#1127=ORIENTED_EDGE('',*,*,#651,.T.);
#1128=ORIENTED_EDGE('',*,*,#653,.T.);
#1129=ORIENTED_EDGE('',*,*,#655,.T.);
#1130=ORIENTED_EDGE('',*,*,#788,.F.);
#1131=ORIENTED_EDGE('',*,*,#808,.T.);
#1132=ORIENTED_EDGE('',*,*,#807,.T.);
#1133=ORIENTED_EDGE('',*,*,#808,.F.);
#1134=ORIENTED_EDGE('',*,*,#794,.T.);
#1135=ORIENTED_EDGE('',*,*,#804,.F.);
#1136=ORIENTED_EDGE('',*,*,#809,.F.);
#1137=ORIENTED_EDGE('',*,*,#805,.F.);
#1138=ORIENTED_EDGE('',*,*,#796,.T.);
#1139=ORIENTED_EDGE('',*,*,#806,.F.);
#1140=ORIENTED_EDGE('',*,*,#809,.T.);
#1141=ORIENTED_EDGE('',*,*,#803,.F.);
#1142=ORIENTED_EDGE('',*,*,#752,.F.);
#1143=ORIENTED_EDGE('',*,*,#787,.T.);
#1144=ORIENTED_EDGE('',*,*,#780,.F.);
#1145=ORIENTED_EDGE('',*,*,#801,.F.);
#1146=CONICAL_SURFACE('',#1225,0.32,0.572966142888705);
#1147=CONICAL_SURFACE('',#1228,0.32,0.572966142888705);
#1148=CONICAL_SURFACE('',#1231,0.32,0.572966142888705);
#1149=ADVANCED_FACE('',(#85),#1146,.F.);
#1150=ADVANCED_FACE('',(#86),#1147,.F.);
#1151=ADVANCED_FACE('',(#87),#1148,.F.);
#1152=ADVANCED_FACE('',(#88),#78,.F.);
#1153=ADVANCED_FACE('',(#89),#79,.F.);
#1154=ADVANCED_FACE('',(#90),#80,.F.);
#1155=ADVANCED_FACE('',(#91),#27,.F.);
#1156=ADVANCED_FACE('',(#92),#28,.F.);
#1157=ADVANCED_FACE('',(#93),#29,.F.);
#1158=ADVANCED_FACE('',(#94),#30,.F.);
#1159=ADVANCED_FACE('',(#95),#31,.T.);
#1160=ADVANCED_FACE('',(#96),#32,.T.);
#1161=ADVANCED_FACE('',(#97),#33,.T.);
#1162=ADVANCED_FACE('',(#98),#34,.T.);
#1163=ADVANCED_FACE('',(#99),#35,.T.);
#1164=ADVANCED_FACE('',(#100),#36,.T.);
#1165=ADVANCED_FACE('',(#101),#37,.T.);
#1166=ADVANCED_FACE('',(#102),#38,.F.);
#1167=ADVANCED_FACE('',(#103),#39,.F.);
#1168=ADVANCED_FACE('',(#104),#40,.F.);
#1169=ADVANCED_FACE('',(#105),#41,.F.);
#1170=ADVANCED_FACE('',(#106),#42,.T.);
#1171=ADVANCED_FACE('',(#107),#43,.T.);
#1172=ADVANCED_FACE('',(#108),#44,.T.);
#1173=ADVANCED_FACE('',(#109),#81,.T.);
#1174=ADVANCED_FACE('',(#110),#45,.T.);
#1175=ADVANCED_FACE('',(#111),#46,.T.);
#1176=ADVANCED_FACE('',(#112),#82,.T.);
#1177=ADVANCED_FACE('',(#113),#47,.T.);
#1178=ADVANCED_FACE('',(#114),#48,.T.);
#1179=ADVANCED_FACE('',(#115),#49,.T.);
#1180=ADVANCED_FACE('',(#116),#50,.T.);
#1181=ADVANCED_FACE('',(#117),#51,.T.);
#1182=ADVANCED_FACE('',(#118),#52,.F.);
#1183=ADVANCED_FACE('',(#119),#53,.T.);
#1184=ADVANCED_FACE('',(#120),#54,.T.);
#1185=ADVANCED_FACE('',(#121),#55,.T.);
#1186=ADVANCED_FACE('',(#122),#56,.T.);
#1187=ADVANCED_FACE('',(#123),#83,.T.);
#1188=ADVANCED_FACE('',(#124),#57,.T.);
#1189=ADVANCED_FACE('',(#125),#58,.T.);
#1190=ADVANCED_FACE('',(#126),#59,.T.);
#1191=ADVANCED_FACE('',(#127),#60,.T.);
#1192=ADVANCED_FACE('',(#128),#61,.T.);
#1193=ADVANCED_FACE('',(#129),#62,.T.);
#1194=ADVANCED_FACE('',(#130),#63,.T.);
#1195=ADVANCED_FACE('',(#131,#16),#64,.F.);
#1196=ADVANCED_FACE('',(#132),#65,.F.);
#1197=ADVANCED_FACE('',(#133),#66,.T.);
#1198=ADVANCED_FACE('',(#134),#67,.T.);
#1199=ADVANCED_FACE('',(#135),#68,.T.);
#1200=ADVANCED_FACE('',(#136),#69,.T.);
#1201=ADVANCED_FACE('',(#137),#70,.T.);
#1202=ADVANCED_FACE('',(#138),#71,.T.);
#1203=ADVANCED_FACE('',(#139,#17,#18,#19,#20,#21),#72,.T.);
#1204=ADVANCED_FACE('',(#140),#73,.T.);
#1205=ADVANCED_FACE('',(#141),#74,.F.);
#1206=ADVANCED_FACE('',(#142,#22,#23,#24),#75,.F.);
#1207=ADVANCED_FACE('',(#143),#15,.F.);
#1208=ADVANCED_FACE('',(#144),#84,.T.);
#1209=ADVANCED_FACE('',(#145),#76,.F.);
#1210=ADVANCED_FACE('',(#146),#77,.T.);
#1211=CLOSED_SHELL('',(#1149,#1150,#1151,#1152,#1153,#1154,#1155,#1156,
#1157,#1158,#1159,#1160,#1161,#1162,#1163,#1164,#1165,#1166,#1167,#1168,
#1169,#1170,#1171,#1172,#1173,#1174,#1175,#1176,#1177,#1178,#1179,#1180,
#1181,#1182,#1183,#1184,#1185,#1186,#1187,#1188,#1189,#1190,#1191,#1192,
#1193,#1194,#1195,#1196,#1197,#1198,#1199,#1200,#1201,#1202,#1203,#1204,
#1205,#1206,#1207,#1208,#1209,#1210));
#1212=DERIVED_UNIT_ELEMENT(#1214,1.);
#1213=DERIVED_UNIT_ELEMENT(#2241,-3.);
#1214=(
MASS_UNIT()
NAMED_UNIT(*)
SI_UNIT(.KILO.,.GRAM.)
);
#1215=DERIVED_UNIT((#1212,#1213));
#1216=MEASURE_REPRESENTATION_ITEM('density measure',
POSITIVE_RATIO_MEASURE(7850.),#1215);
#1217=PROPERTY_DEFINITION_REPRESENTATION(#1222,#1219);
#1218=PROPERTY_DEFINITION_REPRESENTATION(#1223,#1220);
#1219=REPRESENTATION('material name',(#1221),#2238);
#1220=REPRESENTATION('density',(#1216),#2238);
#1221=DESCRIPTIVE_REPRESENTATION_ITEM('Steel','Steel');
#1222=PROPERTY_DEFINITION('material property','material name',#2248);
#1223=PROPERTY_DEFINITION('material property','density of part',#2248);
#1224=AXIS2_PLACEMENT_3D('',#1614,#1305,#1306);
#1225=AXIS2_PLACEMENT_3D('',#1615,#1307,#1308);
#1226=AXIS2_PLACEMENT_3D('',#1617,#1309,#1310);
#1227=AXIS2_PLACEMENT_3D('',#1620,#1312,#1313);
#1228=AXIS2_PLACEMENT_3D('',#1621,#1314,#1315);
#1229=AXIS2_PLACEMENT_3D('',#1623,#1316,#1317);
#1230=AXIS2_PLACEMENT_3D('',#1626,#1319,#1320);
#1231=AXIS2_PLACEMENT_3D('',#1627,#1321,#1322);
#1232=AXIS2_PLACEMENT_3D('',#1629,#1323,#1324);
#1233=AXIS2_PLACEMENT_3D('',#1632,#1326,#1327);
#1234=AXIS2_PLACEMENT_3D('',#1633,#1328,#1329);
#1235=AXIS2_PLACEMENT_3D('',#1635,#1330,#1331);
#1236=AXIS2_PLACEMENT_3D('',#1637,#1333,#1334);
#1237=AXIS2_PLACEMENT_3D('',#1639,#1335,#1336);
#1238=AXIS2_PLACEMENT_3D('',#1641,#1338,#1339);
#1239=AXIS2_PLACEMENT_3D('',#1643,#1340,#1341);
#1240=AXIS2_PLACEMENT_3D('',#1645,#1343,#1344);
#1241=AXIS2_PLACEMENT_3D('',#1654,#1349,#1350);
#1242=AXIS2_PLACEMENT_3D('',#1664,#1356,#1357);
#1243=AXIS2_PLACEMENT_3D('',#1670,#1361,#1362);
#1244=AXIS2_PLACEMENT_3D('',#1677,#1367,#1368);
#1245=AXIS2_PLACEMENT_3D('',#1678,#1369,#1370);
#1246=AXIS2_PLACEMENT_3D('',#1696,#1380,#1381);
#1247=AXIS2_PLACEMENT_3D('',#1708,#1388,#1389);
#1248=AXIS2_PLACEMENT_3D('',#1714,#1393,#1394);
#1249=AXIS2_PLACEMENT_3D('',#1720,#1397,#1398);
#1250=AXIS2_PLACEMENT_3D('',#1722,#1400,#1401);
#1251=AXIS2_PLACEMENT_3D('',#1726,#1404,#1405);
#1252=AXIS2_PLACEMENT_3D('',#1734,#1409,#1410);
#1253=AXIS2_PLACEMENT_3D('',#1736,#1412,#1413);
#1254=AXIS2_PLACEMENT_3D('',#1744,#1418,#1419);
#1255=AXIS2_PLACEMENT_3D('',#1748,#1422,#1423);
#1256=AXIS2_PLACEMENT_3D('',#1754,#1427,#1428);
#1257=AXIS2_PLACEMENT_3D('',#1759,#1432,#1433);
#1258=AXIS2_PLACEMENT_3D('',#1760,#1434,#1435);
#1259=AXIS2_PLACEMENT_3D('',#1766,#1438,#1439);
#1260=AXIS2_PLACEMENT_3D('',#1772,#1443,#1444);
#1261=AXIS2_PLACEMENT_3D('',#1778,#1448,#1449);
#1262=AXIS2_PLACEMENT_3D('',#1781,#1450,#1451);
#1263=AXIS2_PLACEMENT_3D('',#1785,#1453,#1454);
#1264=AXIS2_PLACEMENT_3D('',#1788,#1457,#1458);
#1265=AXIS2_PLACEMENT_3D('',#1793,#1462,#1463);
#1266=AXIS2_PLACEMENT_3D('',#1795,#1465,#1466);
#1267=AXIS2_PLACEMENT_3D('',#1798,#1468,#1469);
#1268=AXIS2_PLACEMENT_3D('',#1799,#1470,#1471);
#1269=AXIS2_PLACEMENT_3D('',#1808,#1476,#1477);
#1270=AXIS2_PLACEMENT_3D('',#1814,#1481,#1482);
#1271=AXIS2_PLACEMENT_3D('',#1820,#1486,#1487);
#1272=AXIS2_PLACEMENT_3D('',#1826,#1491,#1492);
#1273=AXIS2_PLACEMENT_3D('',#1830,#1495,#1496);
#1274=AXIS2_PLACEMENT_3D('',#1834,#1499,#1500);
#1275=AXIS2_PLACEMENT_3D('',#1843,#1506,#1507);
#1276=AXIS2_PLACEMENT_3D('',#1852,#1512,#1513);
#1277=AXIS2_PLACEMENT_3D('',#1856,#1516,#1517);
#1278=AXIS2_PLACEMENT_3D('',#1858,#1519,#1520);
#1279=AXIS2_PLACEMENT_3D('',#1860,#1521,#1522);
#1280=AXIS2_PLACEMENT_3D('',#1863,#1524,#1525);
#1281=AXIS2_PLACEMENT_3D('',#1864,#1526,#1527);
#1282=AXIS2_PLACEMENT_3D('',#1866,#1529,#1530);
#1283=AXIS2_PLACEMENT_3D('',#1870,#1533,#1534);
#1284=AXIS2_PLACEMENT_3D('',#1872,#1536,#1537);
#1285=AXIS2_PLACEMENT_3D('',#1873,#1538,#1539);
#1286=AXIS2_PLACEMENT_3D('',#1882,#1544,#1545);
#1287=AXIS2_PLACEMENT_3D('',#1888,#1549,#1550);
#1288=AXIS2_PLACEMENT_3D('',#1903,#1559,#1560);
#1289=AXIS2_PLACEMENT_3D('',#1997,#1564,#1565);
#1290=AXIS2_PLACEMENT_3D('',#2001,#1568,#1569);
#1291=AXIS2_PLACEMENT_3D('',#2005,#1572,#1573);
#1292=AXIS2_PLACEMENT_3D('',#2007,#1575,#1576);
#1293=AXIS2_PLACEMENT_3D('',#2008,#1577,#1578);
#1294=AXIS2_PLACEMENT_3D('',#2017,#1583,#1584);
#1295=AXIS2_PLACEMENT_3D('',#2021,#1587,#1588);
#1296=AXIS2_PLACEMENT_3D('',#2023,#1590,#1591);
#1297=AXIS2_PLACEMENT_3D('',#2028,#1595,#1596);
#1298=AXIS2_PLACEMENT_3D('',#2029,#1597,#1598);
#1299=AXIS2_PLACEMENT_3D('',#2031,#1599,#1600);
#1300=AXIS2_PLACEMENT_3D('',#2033,#1602,#1603);
#1301=AXIS2_PLACEMENT_3D('',#2034,#1604,#1605);
#1302=AXIS2_PLACEMENT_3D('',#2232,#1607,#1608);
#1303=AXIS2_PLACEMENT_3D('',#2234,#1610,#1611);
#1304=AXIS2_PLACEMENT_3D('',#2235,#1612,#1613);
#1305=DIRECTION('axis',(0.,0.,1.));
#1306=DIRECTION('refdir',(1.,0.,0.));
#1307=DIRECTION('center_axis',(0.,1.,0.));
#1308=DIRECTION('ref_axis',(1.,0.,0.));
#1309=DIRECTION('center_axis',(0.,-1.,0.));
#1310=DIRECTION('ref_axis',(1.,0.,0.));
#1311=DIRECTION('',(0.542126869822092,-0.840296648224245,6.63913935859398E-17));
#1312=DIRECTION('center_axis',(0.,1.,0.));
#1313=DIRECTION('ref_axis',(1.,0.,0.));
#1314=DIRECTION('center_axis',(0.,1.,0.));
#1315=DIRECTION('ref_axis',(1.,0.,0.));
#1316=DIRECTION('center_axis',(0.,-1.,0.));
#1317=DIRECTION('ref_axis',(1.,0.,0.));
#1318=DIRECTION('',(0.542126869822092,-0.840296648224245,6.63913935859398E-17));
#1319=DIRECTION('center_axis',(0.,1.,0.));
#1320=DIRECTION('ref_axis',(1.,0.,0.));
#1321=DIRECTION('center_axis',(0.,1.,0.));
#1322=DIRECTION('ref_axis',(1.,0.,0.));
#1323=DIRECTION('center_axis',(0.,-1.,0.));
#1324=DIRECTION('ref_axis',(1.,0.,0.));
#1325=DIRECTION('',(0.542126869822092,-0.840296648224245,6.63913935859398E-17));
#1326=DIRECTION('center_axis',(0.,1.,0.));
#1327=DIRECTION('ref_axis',(1.,0.,0.));
#1328=DIRECTION('center_axis',(0.,1.,0.));
#1329=DIRECTION('ref_axis',(1.,0.,0.));
#1330=DIRECTION('center_axis',(-3.88673468859513E-32,1.,-4.50855275981007E-31));
#1331=DIRECTION('ref_axis',(1.,0.,0.));
#1332=DIRECTION('',(0.,1.,0.));
#1333=DIRECTION('center_axis',(0.,1.,0.));
#1334=DIRECTION('ref_axis',(1.,0.,0.));
#1335=DIRECTION('center_axis',(-3.88673468859513E-32,1.,-4.50855275981007E-31));
#1336=DIRECTION('ref_axis',(1.,0.,0.));
#1337=DIRECTION('',(0.,1.,0.));
#1338=DIRECTION('center_axis',(0.,1.,0.));
#1339=DIRECTION('ref_axis',(1.,0.,0.));
#1340=DIRECTION('center_axis',(-3.88673468859513E-32,1.,-4.50855275981007E-31));
#1341=DIRECTION('ref_axis',(1.,0.,0.));
#1342=DIRECTION('',(0.,1.,0.));
#1343=DIRECTION('center_axis',(0.,-1.,0.));
#1344=DIRECTION('ref_axis',(1.,0.,0.));
#1345=DIRECTION('',(-1.,0.,0.));
#1346=DIRECTION('',(0.,0.,1.));
#1347=DIRECTION('',(1.,0.,0.));
#1348=DIRECTION('',(0.,0.,1.));
#1349=DIRECTION('center_axis',(-1.,0.,0.));
#1350=DIRECTION('ref_axis',(0.,-1.,0.));
#1351=DIRECTION('',(0.,1.,0.));
#1352=DIRECTION('',(0.,-1.,0.));
#1353=DIRECTION('',(0.,0.,1.));
#1354=DIRECTION('',(0.,1.,0.));
#1355=DIRECTION('',(0.,0.,-1.));
#1356=DIRECTION('center_axis',(0.,1.,0.));
#1357=DIRECTION('ref_axis',(-1.,0.,0.));
#1358=DIRECTION('',(1.,0.,0.));
#1359=DIRECTION('',(-1.,0.,0.));
#1360=DIRECTION('',(0.,0.,1.));
#1361=DIRECTION('center_axis',(1.,0.,0.));
#1362=DIRECTION('ref_axis',(0.,1.,0.));
#1363=DIRECTION('',(0.,-1.,0.));
#1364=DIRECTION('',(0.,0.,1.));
#1365=DIRECTION('',(0.,-1.,0.));
#1366=DIRECTION('',(0.,1.,0.));
#1367=DIRECTION('center_axis',(0.,0.,1.));
#1368=DIRECTION('ref_axis',(1.,0.,0.));
#1369=DIRECTION('center_axis',(0.,0.,1.));
#1370=DIRECTION('ref_axis',(1.,0.,0.));
#1371=DIRECTION('',(-1.,0.,0.));
#1372=DIRECTION('',(0.,-1.,0.));
#1373=DIRECTION('',(-1.,0.,0.));
#1374=DIRECTION('',(0.,1.,0.));
#1375=DIRECTION('',(-1.,0.,0.));
#1376=DIRECTION('',(0.,-1.,0.));
#1377=DIRECTION('',(1.,0.,0.));
#1378=DIRECTION('',(0.,1.,0.));
#1379=DIRECTION('',(-1.,0.,0.));
#1380=DIRECTION('center_axis',(0.,1.,0.));
#1381=DIRECTION('ref_axis',(-1.,0.,0.));
#1382=DIRECTION('',(-1.,0.,0.));
#1383=DIRECTION('',(0.,0.,-1.));
#1384=DIRECTION('',(-1.,0.,0.));
#1385=DIRECTION('',(0.,0.,1.));
#1386=DIRECTION('',(-1.,0.,0.));
#1387=DIRECTION('',(0.,0.,1.));
#1388=DIRECTION('center_axis',(-1.,0.,0.));
#1389=DIRECTION('ref_axis',(0.,-1.,0.));
#1390=DIRECTION('',(0.,1.,0.));
#1391=DIRECTION('',(0.,-1.,0.));
#1392=DIRECTION('',(0.,0.,1.));
#1393=DIRECTION('center_axis',(0.,1.,0.));
#1394=DIRECTION('ref_axis',(-1.,0.,0.));
#1395=DIRECTION('',(-1.,0.,0.));
#1396=DIRECTION('',(0.,0.,1.));
#1397=DIRECTION('center_axis',(0.,1.,0.));
#1398=DIRECTION('ref_axis',(0.,0.,1.));
#1399=DIRECTION('',(1.,0.,0.));
#1400=DIRECTION('center_axis',(0.,0.,1.));
#1401=DIRECTION('ref_axis',(1.,0.,0.));
#1402=DIRECTION('',(-1.,0.,0.));
#1403=DIRECTION('',(0.,1.,0.));
#1404=DIRECTION('center_axis',(0.,1.,0.));
#1405=DIRECTION('ref_axis',(-1.,0.,0.));
#1406=DIRECTION('',(0.,0.,1.));
#1407=DIRECTION('',(-1.,0.,0.));
#1408=DIRECTION('',(0.,0.,1.));
#1409=DIRECTION('center_axis',(0.,-1.,0.));
#1410=DIRECTION('ref_axis',(0.,0.,1.));
#1411=DIRECTION('',(0.,0.,1.));
#1412=DIRECTION('center_axis',(1.,0.,0.));
#1413=DIRECTION('ref_axis',(0.,1.,0.));
#1414=DIRECTION('',(0.,-1.,0.));
#1415=DIRECTION('',(0.,0.,1.));
#1416=DIRECTION('',(0.,1.,0.));
#1417=DIRECTION('',(0.,0.,1.));
#1418=DIRECTION('center_axis',(0.,-1.,0.));
#1419=DIRECTION('ref_axis',(1.,0.,0.));
#1420=DIRECTION('',(1.,0.,0.));
#1421=DIRECTION('',(0.,0.,1.));
#1422=DIRECTION('center_axis',(0.,1.,0.));
#1423=DIRECTION('ref_axis',(-1.,0.,0.));
#1424=DIRECTION('',(1.,0.,0.));
#1425=DIRECTION('',(0.,0.,1.));
#1426=DIRECTION('',(-1.,0.,0.));
#1427=DIRECTION('center_axis',(-1.,0.,0.));
#1428=DIRECTION('ref_axis',(0.,-1.,0.));
#1429=DIRECTION('',(0.,1.,0.));
#1430=DIRECTION('',(0.,0.,-1.));
#1431=DIRECTION('',(0.,-1.,0.));
#1432=DIRECTION('center_axis',(0.,0.,1.));
#1433=DIRECTION('ref_axis',(1.,0.,0.));
#1434=DIRECTION('center_axis',(0.,1.,0.));
#1435=DIRECTION('ref_axis',(-1.,0.,0.));
#1436=DIRECTION('',(-1.,0.,0.));
#1437=DIRECTION('',(0.,0.,-1.));
#1438=DIRECTION('center_axis',(0.,-1.,0.));
#1439=DIRECTION('ref_axis',(-1.,0.,0.));
#1440=DIRECTION('',(0.,0.,-1.));
#1441=DIRECTION('',(-1.,0.,0.));
#1442=DIRECTION('',(0.,0.,-1.));
#1443=DIRECTION('center_axis',(1.,0.,0.));
#1444=DIRECTION('ref_axis',(0.,1.,0.));
#1445=DIRECTION('',(0.,-1.,0.));
#1446=DIRECTION('',(0.,0.,1.));
#1447=DIRECTION('',(0.,1.,0.));
#1448=DIRECTION('center_axis',(0.,1.,0.));
#1449=DIRECTION('ref_axis',(-1.,0.,0.));
#1450=DIRECTION('center_axis',(0.,1.,0.));
#1451=DIRECTION('ref_axis',(-1.,0.,0.));
#1452=DIRECTION('',(0.,1.,0.));
#1453=DIRECTION('center_axis',(0.,1.,0.));
#1454=DIRECTION('ref_axis',(-1.,0.,0.));
#1455=DIRECTION('',(0.,1.,0.));
#1456=DIRECTION('',(0.,1.,0.));
#1457=DIRECTION('center_axis',(0.,0.,1.));
#1458=DIRECTION('ref_axis',(1.,0.,0.));
#1459=DIRECTION('',(0.,1.,0.));
#1460=DIRECTION('',(1.,0.,0.));
#1461=DIRECTION('',(1.,0.,0.));
#1462=DIRECTION('center_axis',(1.,0.,0.));
#1463=DIRECTION('ref_axis',(0.,1.,0.));
#1464=DIRECTION('',(0.,-1.,0.));
#1465=DIRECTION('center_axis',(0.,1.,0.));
#1466=DIRECTION('ref_axis',(0.,0.,1.));
#1467=DIRECTION('',(0.,1.,0.));
#1468=DIRECTION('center_axis',(0.,1.,0.));
#1469=DIRECTION('ref_axis',(0.,0.,1.));
#1470=DIRECTION('center_axis',(0.,0.,1.));
#1471=DIRECTION('ref_axis',(1.,0.,0.));
#1472=DIRECTION('',(0.,1.,0.));
#1473=DIRECTION('',(1.,0.,0.));
#1474=DIRECTION('',(0.,1.,0.));
#1475=DIRECTION('',(-1.,0.,0.));
#1476=DIRECTION('center_axis',(0.,1.,0.));
#1477=DIRECTION('ref_axis',(-1.,0.,0.));
#1478=DIRECTION('',(0.,0.,-1.));
#1479=DIRECTION('',(0.,0.,1.));
#1480=DIRECTION('',(1.,0.,0.));
#1481=DIRECTION('center_axis',(0.,0.,1.));
#1482=DIRECTION('ref_axis',(1.,0.,0.));
#1483=DIRECTION('',(0.,1.,0.));
#1484=DIRECTION('',(-1.,0.,0.));
#1485=DIRECTION('',(0.,1.,0.));
#1486=DIRECTION('center_axis',(0.,1.,0.));
#1487=DIRECTION('ref_axis',(-1.,0.,0.));
#1488=DIRECTION('',(0.,0.,-1.));
#1489=DIRECTION('',(0.,0.,1.));
#1490=DIRECTION('',(-1.,0.,0.));
#1491=DIRECTION('center_axis',(1.,0.,0.));
#1492=DIRECTION('ref_axis',(0.,1.,0.));
#1493=DIRECTION('',(0.,1.,0.));
#1494=DIRECTION('',(0.,0.,1.));
#1495=DIRECTION('center_axis',(0.,0.,1.));
#1496=DIRECTION('ref_axis',(1.,0.,0.));
#1497=DIRECTION('',(0.,-1.,0.));
#1498=DIRECTION('',(1.,0.,0.));
#1499=DIRECTION('center_axis',(1.,0.,0.));
#1500=DIRECTION('ref_axis',(0.,1.,0.));
#1501=DIRECTION('',(0.,0.,-1.));
#1502=DIRECTION('',(0.,1.,0.));
#1503=DIRECTION('',(0.,0.,1.));
#1504=DIRECTION('',(0.,1.,0.));
#1505=DIRECTION('',(0.,0.,-1.));
#1506=DIRECTION('center_axis',(-1.,0.,0.));
#1507=DIRECTION('ref_axis',(0.,-1.,0.));
#1508=DIRECTION('',(0.,1.,0.));
#1509=DIRECTION('',(0.,0.,-1.));
#1510=DIRECTION('',(0.,-1.,0.));
#1511=DIRECTION('',(0.,0.,1.));
#1512=DIRECTION('center_axis',(0.,0.,1.));
#1513=DIRECTION('ref_axis',(1.,0.,0.));
#1514=DIRECTION('',(-1.,0.,0.));
#1515=DIRECTION('',(0.,1.,0.));
#1516=DIRECTION('center_axis',(1.,0.,0.));
#1517=DIRECTION('ref_axis',(0.,0.,-1.));
#1518=DIRECTION('',(0.,0.,-1.));
#1519=DIRECTION('center_axis',(0.,1.,0.));
#1520=DIRECTION('ref_axis',(1.,0.,0.));
#1521=DIRECTION('center_axis',(0.,-1.,0.));
#1522=DIRECTION('ref_axis',(1.,0.,0.));
#1523=DIRECTION('',(0.,-1.,0.));
#1524=DIRECTION('center_axis',(0.,1.,0.));
#1525=DIRECTION('ref_axis',(1.,0.,0.));
#1526=DIRECTION('center_axis',(0.,1.,0.));
#1527=DIRECTION('ref_axis',(-1.,0.,0.));
#1528=DIRECTION('',(-1.,0.,0.));
#1529=DIRECTION('center_axis',(-1.,0.,0.));
#1530=DIRECTION('ref_axis',(0.,-1.,0.));
#1531=DIRECTION('',(0.,-1.,0.));
#1532=DIRECTION('',(0.,0.,1.));
#1533=DIRECTION('center_axis',(0.,1.,0.));
#1534=DIRECTION('ref_axis',(-1.,0.,0.));
#1535=DIRECTION('',(-1.,0.,0.));
#1536=DIRECTION('center_axis',(0.,0.,1.));
#1537=DIRECTION('ref_axis',(1.,0.,0.));
#1538=DIRECTION('center_axis',(0.,1.,0.));
#1539=DIRECTION('ref_axis',(-1.,0.,0.));
#1540=DIRECTION('',(0.,0.,1.));
#1541=DIRECTION('',(1.,0.,0.));
#1542=DIRECTION('',(0.,0.,1.));
#1543=DIRECTION('',(-1.,0.,0.));
#1544=DIRECTION('center_axis',(0.,0.,1.));
#1545=DIRECTION('ref_axis',(1.,0.,0.));
#1546=DIRECTION('',(0.,-1.,0.));
#1547=DIRECTION('',(0.,-1.,0.));
#1548=DIRECTION('',(1.,0.,0.));
#1549=DIRECTION('center_axis',(-1.,0.,0.));
#1550=DIRECTION('ref_axis',(0.,-1.,0.));
#1551=DIRECTION('',(0.,0.,1.));
#1552=DIRECTION('',(0.,-1.,0.));
#1553=DIRECTION('',(0.,0.,1.));
#1554=DIRECTION('',(0.,-1.,0.));
#1555=DIRECTION('',(0.,0.,1.));
#1556=DIRECTION('',(0.,1.,0.));
#1557=DIRECTION('',(0.,0.,1.));
#1558=DIRECTION('',(0.,-1.,0.));
#1559=DIRECTION('center_axis',(0.,1.,0.));
#1560=DIRECTION('ref_axis',(-1.,0.,0.));
#1561=DIRECTION('',(0.,0.,1.));
#1562=DIRECTION('',(1.,0.,0.));
#1563=DIRECTION('',(-1.,0.,0.));
#1564=DIRECTION('center_axis',(0.,0.,1.));
#1565=DIRECTION('ref_axis',(1.,0.,0.));
#1566=DIRECTION('',(0.,-1.,0.));
#1567=DIRECTION('',(-1.,0.,0.));
#1568=DIRECTION('center_axis',(0.,1.,0.));
#1569=DIRECTION('ref_axis',(-1.,0.,0.));
#1570=DIRECTION('',(0.,0.,1.));
#1571=DIRECTION('',(-1.,0.,0.));
#1572=DIRECTION('center_axis',(-1.,0.,0.));
#1573=DIRECTION('ref_axis',(0.,-1.,0.));
#1574=DIRECTION('',(0.,-1.,0.));
#1575=DIRECTION('center_axis',(0.,0.,1.));
#1576=DIRECTION('ref_axis',(1.,0.,0.));
#1577=DIRECTION('center_axis',(1.,0.,0.));
#1578=DIRECTION('ref_axis',(0.,1.,0.));
#1579=DIRECTION('',(0.,1.,0.));
#1580=DIRECTION('',(0.,0.,1.));
#1581=DIRECTION('',(0.,-1.,0.));
#1582=DIRECTION('',(0.,0.,1.));
#1583=DIRECTION('center_axis',(0.,0.,1.));
#1584=DIRECTION('ref_axis',(1.,0.,0.));
#1585=DIRECTION('',(0.,-1.,0.));
#1586=DIRECTION('',(-1.,0.,0.));
#1587=DIRECTION('center_axis',(-1.,0.,0.));
#1588=DIRECTION('ref_axis',(0.,0.,1.));
#1589=DIRECTION('',(0.,0.,1.));
#1590=DIRECTION('center_axis',(0.,1.,0.));
#1591=DIRECTION('ref_axis',(1.,0.,0.));
#1592=DIRECTION('',(-1.,0.,0.));
#1593=DIRECTION('',(1.,0.,0.));
#1594=DIRECTION('',(1.,0.,0.));
#1595=DIRECTION('center_axis',(0.,1.,0.));
#1596=DIRECTION('ref_axis',(0.,0.,-1.));
#1597=DIRECTION('center_axis',(0.,1.,0.));
#1598=DIRECTION('ref_axis',(-1.,0.,0.));
#1599=DIRECTION('center_axis',(0.,-1.,0.));
#1600=DIRECTION('ref_axis',(0.,0.,-1.));
#1601=DIRECTION('',(-1.,0.,0.));
#1602=DIRECTION('center_axis',(0.,0.,-1.));
#1603=DIRECTION('ref_axis',(-1.,0.,0.));
#1604=DIRECTION('center_axis',(-3.88673468859513E-32,1.,-4.50855275981007E-31));
#1605=DIRECTION('ref_axis',(0.,4.50855275981007E-31,1.));
#1606=DIRECTION('',(-0.546194042084787,0.82147583929552,0.163858212625436));
#1607=DIRECTION('center_axis',(0.,1.,0.));
#1608=DIRECTION('ref_axis',(0.,0.,-1.));
#1609=DIRECTION('',(0.,1.,0.));
#1610=DIRECTION('center_axis',(0.,0.,-1.));
#1611=DIRECTION('ref_axis',(-1.,0.,0.));
#1612=DIRECTION('center_axis',(0.,0.,-1.));
#1613=DIRECTION('ref_axis',(-1.,0.,0.));
#1614=CARTESIAN_POINT('',(0.,0.,0.));
#1615=CARTESIAN_POINT('Origin',(1.7,-4.248,1.165));
#1616=CARTESIAN_POINT('',(1.38129032258064,-4.25,1.165));
#1617=CARTESIAN_POINT('Origin',(1.7,-4.25,1.165));
#1618=CARTESIAN_POINT('',(1.42,-4.31,1.165));
#1619=CARTESIAN_POINT('',(1.38,-4.248,1.165));
#1620=CARTESIAN_POINT('Origin',(1.7,-4.31,1.165));
#1621=CARTESIAN_POINT('Origin',(0.,-4.248,1.165));
#1622=CARTESIAN_POINT('',(-0.318709677419355,-4.25,1.165));
#1623=CARTESIAN_POINT('Origin',(0.,-4.25,1.165));
#1624=CARTESIAN_POINT('',(-0.28,-4.31,1.165));
#1625=CARTESIAN_POINT('',(-0.32,-4.248,1.165));
#1626=CARTESIAN_POINT('Origin',(0.,-4.31,1.165));
#1627=CARTESIAN_POINT('Origin',(-1.7,-4.248,1.165));
#1628=CARTESIAN_POINT('',(-2.01870967741936,-4.25,1.165));
#1629=CARTESIAN_POINT('Origin',(-1.7,-4.25,1.165));
#1630=CARTESIAN_POINT('',(-1.98,-4.31,1.165));
#1631=CARTESIAN_POINT('',(-2.02,-4.248,1.165));
#1632=CARTESIAN_POINT('Origin',(-1.7,-4.31,1.165));
#1633=CARTESIAN_POINT('Origin',(-1.7,-4.452,1.165));
#1634=CARTESIAN_POINT('',(-1.98,-4.45,1.165));
#1635=CARTESIAN_POINT('Origin',(-1.7,-4.45,1.165));
#1636=CARTESIAN_POINT('',(-1.98,-4.452,1.165));
#1637=CARTESIAN_POINT('Origin',(0.,-4.452,1.165));
#1638=CARTESIAN_POINT('',(-0.28,-4.45,1.165));
#1639=CARTESIAN_POINT('Origin',(0.,-4.45,1.165));
#1640=CARTESIAN_POINT('',(-0.28,-4.452,1.165));
#1641=CARTESIAN_POINT('Origin',(1.7,-4.452,1.165));
#1642=CARTESIAN_POINT('',(1.42,-4.45,1.165));
#1643=CARTESIAN_POINT('Origin',(1.7,-4.45,1.165));
#1644=CARTESIAN_POINT('',(1.42,-4.452,1.165));
#1645=CARTESIAN_POINT('Origin',(1.47,-5.085,2.078));
#1646=CARTESIAN_POINT('',(2.73,-5.085,2.73));
#1647=CARTESIAN_POINT('',(1.47,-5.085,2.73));
#1648=CARTESIAN_POINT('',(0.735,-5.085,2.73));
#1649=CARTESIAN_POINT('',(2.73,-5.085,2.078));
#1650=CARTESIAN_POINT('',(2.73,-5.085,2.078));
#1651=CARTESIAN_POINT('',(1.47,-5.085,2.078));
#1652=CARTESIAN_POINT('',(1.47,-5.085,2.078));
#1653=CARTESIAN_POINT('',(1.47,-5.085,2.078));
#1654=CARTESIAN_POINT('Origin',(1.47,-4.825,2.078));
#1655=CARTESIAN_POINT('',(1.47,-4.95,2.73));
#1656=CARTESIAN_POINT('',(1.47,-4.8,2.73));
#1657=CARTESIAN_POINT('',(1.47,-4.825,2.078));
#1658=CARTESIAN_POINT('',(1.47,-4.825,2.078));
#1659=CARTESIAN_POINT('',(1.47,-4.825,2.5));
#1660=CARTESIAN_POINT('',(1.47,-4.825,2.078));
#1661=CARTESIAN_POINT('',(1.47,-4.95,2.5));
#1662=CARTESIAN_POINT('',(1.47,-4.7875,2.5));
#1663=CARTESIAN_POINT('',(1.47,-4.95,1.164));
#1664=CARTESIAN_POINT('Origin',(2.73,-4.825,2.078));
#1665=CARTESIAN_POINT('',(2.73,-4.825,2.5));
#1666=CARTESIAN_POINT('',(2.8725,-4.825,2.5));
#1667=CARTESIAN_POINT('',(2.73,-4.825,2.078));
#1668=CARTESIAN_POINT('',(2.73,-4.825,2.078));
#1669=CARTESIAN_POINT('',(2.73,-4.825,2.078));
#1670=CARTESIAN_POINT('Origin',(2.73,-5.085,2.078));
#1671=CARTESIAN_POINT('',(2.73,-4.95,2.73));
#1672=CARTESIAN_POINT('',(2.73,-4.93,2.73));
#1673=CARTESIAN_POINT('',(2.73,-4.95,2.5));
#1674=CARTESIAN_POINT('',(2.73,-4.95,1.164));
#1675=CARTESIAN_POINT('',(2.73,-4.9175,2.5));
#1676=CARTESIAN_POINT('',(2.73,-5.085,2.078));
#1677=CARTESIAN_POINT('Origin',(2.1,-4.955,2.078));
#1678=CARTESIAN_POINT('Origin',(0.,-4.775,2.73));
#1679=CARTESIAN_POINT('',(-1.47,-4.95,2.73));
#1680=CARTESIAN_POINT('',(1.9,-4.95,2.73));
#1681=CARTESIAN_POINT('',(-1.47,-5.085,2.73));
#1682=CARTESIAN_POINT('',(-1.47,-4.93,2.73));
#1683=CARTESIAN_POINT('',(-2.73,-5.085,2.73));
#1684=CARTESIAN_POINT('',(-1.365,-5.085,2.73));
#1685=CARTESIAN_POINT('',(-2.73,-4.95,2.73));
#1686=CARTESIAN_POINT('',(-2.73,-4.8,2.73));
#1687=CARTESIAN_POINT('',(-3.3,-4.95,2.73));
#1688=CARTESIAN_POINT('',(1.9,-4.95,2.73));
#1689=CARTESIAN_POINT('',(-3.3,-5.2,2.73));
#1690=CARTESIAN_POINT('',(-3.3,-4.25,2.73));
#1691=CARTESIAN_POINT('',(3.3,-5.2,2.73));
#1692=CARTESIAN_POINT('',(1.9,-5.2,2.73));
#1693=CARTESIAN_POINT('',(3.3,-4.95,2.73));
#1694=CARTESIAN_POINT('',(3.3,-5.3,2.73));
#1695=CARTESIAN_POINT('',(1.9,-4.95,2.73));
#1696=CARTESIAN_POINT('Origin',(3.8,-4.95,0.25));
#1697=CARTESIAN_POINT('',(1.17,-4.95,2.5));
#1698=CARTESIAN_POINT('',(2.95,-4.95,2.5));
#1699=CARTESIAN_POINT('',(1.17,-4.95,2.165));
#1700=CARTESIAN_POINT('',(1.17,-4.95,1.165));
#1701=CARTESIAN_POINT('',(-1.17,-4.95,2.165));
#1702=CARTESIAN_POINT('',(0.5,-4.95,2.165));
#1703=CARTESIAN_POINT('',(-1.17,-4.95,2.5));
#1704=CARTESIAN_POINT('',(-1.17,-4.95,1.165));
#1705=CARTESIAN_POINT('',(-1.47,-4.95,2.5));
#1706=CARTESIAN_POINT('',(0.3925,-4.95,2.5));
#1707=CARTESIAN_POINT('',(-1.47,-4.95,1.164));
#1708=CARTESIAN_POINT('Origin',(1.17,-4.55,2.08));
#1709=CARTESIAN_POINT('',(1.17,-4.55,2.165));
#1710=CARTESIAN_POINT('',(1.17,-4.875,2.165));
#1711=CARTESIAN_POINT('',(1.17,-4.55,2.5));
#1712=CARTESIAN_POINT('',(1.17,-4.55,2.5));
#1713=CARTESIAN_POINT('',(1.17,-4.55,2.08));
#1714=CARTESIAN_POINT('Origin',(3.13,-4.55,1.8));
#1715=CARTESIAN_POINT('',(3.13,-4.55,2.5));
#1716=CARTESIAN_POINT('',(3.13,-4.55,2.5));
#1717=CARTESIAN_POINT('',(3.13,-4.55,1.99105309110915));
#1718=CARTESIAN_POINT('',(3.13,-4.55,1.8));
#1719=CARTESIAN_POINT('',(2.8,-4.55,2.165));
#1720=CARTESIAN_POINT('Origin',(2.8,-4.55,1.765));
#1721=CARTESIAN_POINT('',(0.115,-4.55,2.165));
#1722=CARTESIAN_POINT('Origin',(3.015,-4.75,2.5));
#1723=CARTESIAN_POINT('',(3.13,-4.95,2.5));
#1724=CARTESIAN_POINT('',(2.95,-4.95,2.5));
#1725=CARTESIAN_POINT('',(3.13,-4.95,2.5));
#1726=CARTESIAN_POINT('Origin',(3.8,-4.95,0.25));
#1727=CARTESIAN_POINT('',(3.3,-4.95,0.8));
#1728=CARTESIAN_POINT('',(3.3,-4.95,0.125));
#1729=CARTESIAN_POINT('',(3.2,-4.95,0.8));
#1730=CARTESIAN_POINT('',(3.5,-4.95,0.8));
#1731=CARTESIAN_POINT('',(3.2,-4.95,1.765));
#1732=CARTESIAN_POINT('',(3.2,-4.95,1.0075));
#1733=CARTESIAN_POINT('',(3.13,-4.95,1.99105309110915));
#1734=CARTESIAN_POINT('Origin',(2.8,-4.95,1.765));
#1735=CARTESIAN_POINT('',(3.13,-4.95,1.025));
#1736=CARTESIAN_POINT('Origin',(-1.47,-5.085,2.078));
#1737=CARTESIAN_POINT('',(-1.47,-4.825,2.5));
#1738=CARTESIAN_POINT('',(-1.47,-4.9175,2.5));
#1739=CARTESIAN_POINT('',(-1.47,-4.825,2.078));
#1740=CARTESIAN_POINT('',(-1.47,-4.825,2.078));
#1741=CARTESIAN_POINT('',(-1.47,-5.085,2.078));
#1742=CARTESIAN_POINT('',(-1.47,-5.085,2.078));
#1743=CARTESIAN_POINT('',(-1.47,-5.085,2.078));
#1744=CARTESIAN_POINT('Origin',(-2.73,-5.085,2.078));
#1745=CARTESIAN_POINT('',(-2.73,-5.085,2.078));
#1746=CARTESIAN_POINT('',(-2.73,-5.085,2.078));
#1747=CARTESIAN_POINT('',(-2.73,-5.085,2.078));
#1748=CARTESIAN_POINT('Origin',(-1.47,-4.825,2.078));
#1749=CARTESIAN_POINT('',(-2.73,-4.825,2.5));
#1750=CARTESIAN_POINT('',(-2.2425,-4.825,2.5));
#1751=CARTESIAN_POINT('',(-2.73,-4.825,2.078));
#1752=CARTESIAN_POINT('',(-2.73,-4.825,2.078));
#1753=CARTESIAN_POINT('',(-1.47,-4.825,2.078));
#1754=CARTESIAN_POINT('Origin',(-2.73,-4.825,2.078));
#1755=CARTESIAN_POINT('',(-2.73,-4.95,2.5));
#1756=CARTESIAN_POINT('',(-2.73,-4.7875,2.5));
#1757=CARTESIAN_POINT('',(-2.73,-4.95,1.164));
#1758=CARTESIAN_POINT('',(-2.73,-4.825,2.078));
#1759=CARTESIAN_POINT('Origin',(-2.1,-4.955,2.078));
#1760=CARTESIAN_POINT('Origin',(3.8,-4.95,0.25));
#1761=CARTESIAN_POINT('',(-3.13,-4.95,2.5));
#1762=CARTESIAN_POINT('',(0.3925,-4.95,2.5));
#1763=CARTESIAN_POINT('',(-3.13,-4.95,1.99105309110915));
#1764=CARTESIAN_POINT('',(-3.13,-4.95,1.025));
#1765=CARTESIAN_POINT('',(-3.2,-4.95,1.765));
#1766=CARTESIAN_POINT('Origin',(-2.8,-4.95,1.765));
#1767=CARTESIAN_POINT('',(-3.2,-4.95,0.8));
#1768=CARTESIAN_POINT('',(-3.2,-4.95,0.4075));
#1769=CARTESIAN_POINT('',(-3.3,-4.95,0.8));
#1770=CARTESIAN_POINT('',(0.3,-4.95,0.8));
#1771=CARTESIAN_POINT('',(-3.3,-4.95,0.125));
#1772=CARTESIAN_POINT('Origin',(-1.17,-5.2,2.08));
#1773=CARTESIAN_POINT('',(-1.17,-4.55,2.165));
#1774=CARTESIAN_POINT('',(-1.17,-5.2,2.165));
#1775=CARTESIAN_POINT('',(-1.17,-4.55,2.5));
#1776=CARTESIAN_POINT('',(-1.17,-4.55,2.08));
#1777=CARTESIAN_POINT('',(-1.17,-5.2,2.5));
#1778=CARTESIAN_POINT('Origin',(-2.8,-5.2,1.765));
#1779=CARTESIAN_POINT('',(-3.13,-4.55,1.99105309110915));
#1780=CARTESIAN_POINT('',(-2.8,-4.55,2.165));
#1781=CARTESIAN_POINT('Origin',(-2.8,-4.55,1.765));
#1782=CARTESIAN_POINT('',(-2.8,-4.25,2.165));
#1783=CARTESIAN_POINT('',(-2.8,-5.2,2.165));
#1784=CARTESIAN_POINT('',(-3.2,-4.25,1.765));
#1785=CARTESIAN_POINT('Origin',(-2.8,-4.25,1.765));
#1786=CARTESIAN_POINT('',(-3.2,-5.2,1.765));
#1787=CARTESIAN_POINT('',(-3.13,-5.2,1.99105309110915));
#1788=CARTESIAN_POINT('Origin',(-2.8,-5.2,2.165));
#1789=CARTESIAN_POINT('',(2.8,-4.25,2.165));
#1790=CARTESIAN_POINT('',(2.8,-5.2,2.165));
#1791=CARTESIAN_POINT('',(2.8,-4.25,2.165));
#1792=CARTESIAN_POINT('',(-1.985,-4.55,2.165));
#1793=CARTESIAN_POINT('Origin',(3.13,-4.95,1.8));
#1794=CARTESIAN_POINT('',(3.13,-5.2,1.99105309110915));
#1795=CARTESIAN_POINT('Origin',(2.8,-5.2,1.765));
#1796=CARTESIAN_POINT('',(3.2,-4.25,1.765));
#1797=CARTESIAN_POINT('',(3.2,-5.2,1.765));
#1798=CARTESIAN_POINT('Origin',(2.8,-4.25,1.765));
#1799=CARTESIAN_POINT('Origin',(3.435,-5.135,0.78));
#1800=CARTESIAN_POINT('',(3.3,-5.2,0.78));
#1801=CARTESIAN_POINT('',(3.3,-5.07,0.78));
#1802=CARTESIAN_POINT('',(3.3,-5.2175,0.78));
#1803=CARTESIAN_POINT('',(3.6,-5.2,0.78));
#1804=CARTESIAN_POINT('',(3.27,-5.2,0.78));
#1805=CARTESIAN_POINT('',(3.6,-5.07,0.78));
#1806=CARTESIAN_POINT('',(3.6,-5.2,0.78));
#1807=CARTESIAN_POINT('',(3.6,-5.07,0.78));
#1808=CARTESIAN_POINT('Origin',(3.6,-5.07,0.58));
#1809=CARTESIAN_POINT('',(3.3,-5.07,0.58));
#1810=CARTESIAN_POINT('',(3.3,-5.07,0.29));
#1811=CARTESIAN_POINT('',(3.6,-5.07,0.58));
#1812=CARTESIAN_POINT('',(3.6,-5.07,0.58));
#1813=CARTESIAN_POINT('',(3.5175,-5.07,0.58));
#1814=CARTESIAN_POINT('Origin',(3.435,-4.75,0.58));
#1815=CARTESIAN_POINT('',(3.6,-4.3,0.58));
#1816=CARTESIAN_POINT('',(3.6,-5.2,0.58));
#1817=CARTESIAN_POINT('',(3.3,-4.3,0.58));
#1818=CARTESIAN_POINT('',(3.6,-4.3,0.58));
#1819=CARTESIAN_POINT('',(3.3,-5.025,0.58));
#1820=CARTESIAN_POINT('Origin',(3.6,-4.3,0.38));
#1821=CARTESIAN_POINT('',(3.3,-4.3,0.38));
#1822=CARTESIAN_POINT('',(3.3,-4.3,0.19));
#1823=CARTESIAN_POINT('',(3.6,-4.3,0.38));
#1824=CARTESIAN_POINT('',(3.6,-4.3,0.38));
#1825=CARTESIAN_POINT('',(3.6,-4.3,0.38));
#1826=CARTESIAN_POINT('Origin',(3.6,-5.2,0.38));
#1827=CARTESIAN_POINT('',(3.6,-5.2,0.38));
#1828=CARTESIAN_POINT('',(3.6,-5.2,0.38));
#1829=CARTESIAN_POINT('',(3.6,-5.2,0.38));
#1830=CARTESIAN_POINT('Origin',(3.435,-4.75,0.38));
#1831=CARTESIAN_POINT('',(3.3,-5.2,0.38));
#1832=CARTESIAN_POINT('',(3.3,-5.025,0.38));
#1833=CARTESIAN_POINT('',(3.27,-5.2,0.38));
#1834=CARTESIAN_POINT('Origin',(3.3,-5.3,0.));
#1835=CARTESIAN_POINT('',(3.3,-5.2,0.));
#1836=CARTESIAN_POINT('',(3.3,-5.2,0.));
#1837=CARTESIAN_POINT('',(3.3,-4.25,0.));
#1838=CARTESIAN_POINT('',(3.3,-2.65,0.));
#1839=CARTESIAN_POINT('',(3.3,-4.25,0.8));
#1840=CARTESIAN_POINT('',(3.3,-4.25,0.));
#1841=CARTESIAN_POINT('',(3.3,-5.2,0.8));
#1842=CARTESIAN_POINT('',(3.3,-5.2,0.));
#1843=CARTESIAN_POINT('Origin',(3.1,-4.25,0.248));
#1844=CARTESIAN_POINT('',(3.1,-4.95,0.25));
#1845=CARTESIAN_POINT('',(3.1,-4.25,0.25));
#1846=CARTESIAN_POINT('',(3.1,-2.125,0.25));
#1847=CARTESIAN_POINT('',(3.1,-4.95,0.300424868893541));
#1848=CARTESIAN_POINT('',(3.1,-4.95,0.249));
#1849=CARTESIAN_POINT('',(3.1,-4.25,0.300424868893541));
#1850=CARTESIAN_POINT('',(3.1,-5.2,0.300424868893541));
#1851=CARTESIAN_POINT('',(3.1,-4.25,0.248));
#1852=CARTESIAN_POINT('Origin',(3.2,-4.725,0.8));
#1853=CARTESIAN_POINT('',(3.2,-4.25,0.8));
#1854=CARTESIAN_POINT('',(3.3,-4.25,0.8));
#1855=CARTESIAN_POINT('',(3.2,-4.9625,0.8));
#1856=CARTESIAN_POINT('Origin',(3.2,-5.2,1.765));
#1857=CARTESIAN_POINT('',(3.2,-4.25,0.565));
#1858=CARTESIAN_POINT('Origin',(2.8,-5.2,0.565));
#1859=CARTESIAN_POINT('',(3.04652586071242,-4.95,0.25));
#1860=CARTESIAN_POINT('Origin',(2.8,-4.95,0.565));
#1861=CARTESIAN_POINT('',(3.04652586071242,-4.25,0.25));
#1862=CARTESIAN_POINT('',(3.04652586071242,-5.2,0.25));
#1863=CARTESIAN_POINT('Origin',(2.8,-4.25,0.565));
#1864=CARTESIAN_POINT('Origin',(3.8,-4.95,0.25));
#1865=CARTESIAN_POINT('',(3.8,-4.95,0.25));
#1866=CARTESIAN_POINT('Origin',(-3.13,-4.55,1.8));
#1867=CARTESIAN_POINT('',(-3.13,-4.55,2.5));
#1868=CARTESIAN_POINT('',(-3.13,-4.55,2.5));
#1869=CARTESIAN_POINT('',(-3.13,-4.55,1.8));
#1870=CARTESIAN_POINT('Origin',(-2.9,-4.55,1.8));
#1871=CARTESIAN_POINT('',(-2.9,-4.55,2.5));
#1872=CARTESIAN_POINT('Origin',(-3.015,-4.75,2.5));
#1873=CARTESIAN_POINT('Origin',(-3.27,-5.07,0.58));
#1874=CARTESIAN_POINT('',(-3.3,-5.07,0.58));
#1875=CARTESIAN_POINT('',(-3.3,-5.07,0.78));
#1876=CARTESIAN_POINT('',(-3.3,-5.07,0.29));
#1877=CARTESIAN_POINT('',(-3.6,-5.07,0.58));
#1878=CARTESIAN_POINT('',(-3.3525,-5.07,0.58));
#1879=CARTESIAN_POINT('',(-3.6,-5.07,0.78));
#1880=CARTESIAN_POINT('',(-3.6,-5.07,0.58));
#1881=CARTESIAN_POINT('',(-3.27,-5.07,0.78));
#1882=CARTESIAN_POINT('Origin',(-3.435,-5.135,0.78));
#1883=CARTESIAN_POINT('',(-3.3,-5.2,0.78));
#1884=CARTESIAN_POINT('',(-3.3,-4.6925,0.78));
#1885=CARTESIAN_POINT('',(-3.6,-5.2,0.78));
#1886=CARTESIAN_POINT('',(-3.6,-5.07,0.78));
#1887=CARTESIAN_POINT('',(-3.6,-5.2,0.78));
#1888=CARTESIAN_POINT('Origin',(-3.3,-4.25,0.));
#1889=CARTESIAN_POINT('',(-3.3,-5.2,0.));
#1890=CARTESIAN_POINT('',(-3.3,-4.25,0.8));
#1891=CARTESIAN_POINT('',(-3.3,-4.25,0.8));
#1892=CARTESIAN_POINT('',(-3.3,-4.25,0.));
#1893=CARTESIAN_POINT('',(-3.3,-4.25,0.248));
#1894=CARTESIAN_POINT('',(-3.3,-5.2,0.));
#1895=CARTESIAN_POINT('',(-3.3,-2.125,0.));
#1896=CARTESIAN_POINT('',(-3.3,-5.2,0.38));
#1897=CARTESIAN_POINT('',(-3.3,-5.2,0.));
#1898=CARTESIAN_POINT('',(-3.3,-4.3,0.38));
#1899=CARTESIAN_POINT('',(-3.3,-4.5,0.38));
#1900=CARTESIAN_POINT('',(-3.3,-4.3,0.58));
#1901=CARTESIAN_POINT('',(-3.3,-4.3,0.19));
#1902=CARTESIAN_POINT('',(-3.3,-4.5,0.58));
#1903=CARTESIAN_POINT('Origin',(3.8,-5.2,0.));
#1904=CARTESIAN_POINT('',(-3.6,-5.2,0.38));
#1905=CARTESIAN_POINT('',(-3.6,-5.2,0.38));
#1906=CARTESIAN_POINT('',(-3.6,-5.2,0.38));
#1907=CARTESIAN_POINT('',(3.8,-5.2,0.));
#1908=CARTESIAN_POINT('',(2.99867021276596,-5.2,0.715398936170213));
#1909=CARTESIAN_POINT('Ctrl Pts',(2.99867021276596,-5.2,0.715398936170146));
#1910=CARTESIAN_POINT('Ctrl Pts',(2.99867021276595,-5.2,0.652966509393347));
#1911=CARTESIAN_POINT('Ctrl Pts',(2.98753011359322,-5.2,0.58154790169505));
#1912=CARTESIAN_POINT('Ctrl Pts',(2.95986412995685,-5.2,0.512144194081493));
#1913=CARTESIAN_POINT('Ctrl Pts',(2.93219814632047,-5.2,0.44274048646791));
#1914=CARTESIAN_POINT('Ctrl Pts',(2.88800627822044,-5.2,0.375351678939069));
#1915=CARTESIAN_POINT('Ctrl Pts',(2.83211639356097,-5.2,0.321082911298103));
#1916=CARTESIAN_POINT('Ctrl Pts',(2.77622650890151,-5.2,0.266814143657137));
#1917=CARTESIAN_POINT('Ctrl Pts',(2.70863860768261,-5.2,0.225665415904046));
#1918=CARTESIAN_POINT('Ctrl Pts',(2.64116779851321,-5.2,0.200487993550999));
#1919=CARTESIAN_POINT('Ctrl Pts',(2.57369698934382,-5.2,0.175310571197952));
#1920=CARTESIAN_POINT('Ctrl Pts',(2.50634327222394,-5.2,0.16610445424495));
#1921=CARTESIAN_POINT('Ctrl Pts',(2.44934886581685,-5.2,0.166086239507226));
#1922=CARTESIAN_POINT('Ctrl Pts',(2.04140315870574,-5.2,0.165955864887524));
#1923=CARTESIAN_POINT('Ctrl Pts',(1.63322147877373,-5.2,0.166015528547459));
#1924=CARTESIAN_POINT('Ctrl Pts',(1.22495424429605,-5.2,0.166043276629196));
#1925=CARTESIAN_POINT('Ctrl Pts',(0.000152540863012751,-5.2,0.166126520874405));
#1926=CARTESIAN_POINT('Ctrl Pts',(-1.22541915348112,-5.2,0.165922524915824));
#1927=CARTESIAN_POINT('Ctrl Pts',(-2.44936520973307,-5.2,0.166139995174591));
#1928=CARTESIAN_POINT('Ctrl Pts',(-2.50636468926706,-5.2,0.166150122819924));
#1929=CARTESIAN_POINT('Ctrl Pts',(-2.57368140376462,-5.2,0.175443485237025));
#1930=CARTESIAN_POINT('Ctrl Pts',(-2.64115926323691,-5.2,0.200608716242448));
#1931=CARTESIAN_POINT('Ctrl Pts',(-2.70863712270921,-5.2,0.22577394724787));
#1932=CARTESIAN_POINT('Ctrl Pts',(-2.77627612715624,-5.2,0.266811046841613));
#1933=CARTESIAN_POINT('Ctrl Pts',(-2.83214061339738,-5.2,0.321059722580104));
#1934=CARTESIAN_POINT('Ctrl Pts',(-2.88800509963853,-5.2,0.375308398318595));
#1935=CARTESIAN_POINT('Ctrl Pts',(-2.93209506767378,-5.2,0.442768650201833));
#1936=CARTESIAN_POINT('Ctrl Pts',(-2.95974548283791,-5.2,0.512186606079547));
#1937=CARTESIAN_POINT('Ctrl Pts',(-2.98739589800204,-5.2,0.581604561957262));
#1938=CARTESIAN_POINT('Ctrl Pts',(-2.99860676029504,-5.2,0.652980221829451));
#1939=CARTESIAN_POINT('Ctrl Pts',(-2.99861726085877,-5.2,0.715404133863594));
#1940=CARTESIAN_POINT('Ctrl Pts',(-2.99862846250075,-5.2,0.781995826675328));
#1941=CARTESIAN_POINT('Ctrl Pts',(-2.9986273918541,-5.2,0.848615397597333));
#1942=CARTESIAN_POINT('Ctrl Pts',(-2.99862751038862,-5.2,0.915241076024539));
#1943=CARTESIAN_POINT('Ctrl Pts',(-2.99862762892315,-5.2,0.981866754451746));
#1944=CARTESIAN_POINT('Ctrl Pts',(-2.99862893663885,-5.2,1.04849854038415));
#1945=CARTESIAN_POINT('Ctrl Pts',(-2.9986293622793,-5.2,1.11513138673775));
#1946=CARTESIAN_POINT('Ctrl Pts',(-2.99862957509953,-5.2,1.14844780991454));
#1947=CARTESIAN_POINT('Ctrl Pts',(-2.99862956740095,-5.2,1.18176449819663));
#1948=CARTESIAN_POINT('Ctrl Pts',(-2.99862952217186,-5.2,1.21508003240168));
#1949=CARTESIAN_POINT('Ctrl Pts',(-2.99862947694276,-5.2,1.24839556660672));
#1950=CARTESIAN_POINT('Ctrl Pts',(-2.99862939418316,-5.2,1.28170994673473));
#1951=CARTESIAN_POINT('Ctrl Pts',(-2.99862927121982,-5.2,1.31502243709256));
#1952=CARTESIAN_POINT('Ctrl Pts',(-2.99862914825648,-5.2,1.34833492745039));
#1953=CARTESIAN_POINT('Ctrl Pts',(-2.9986289850894,-5.2,1.38164552803806));
#1954=CARTESIAN_POINT('Ctrl Pts',(-2.99862857394624,-5.2,1.41495276532002));
#1955=CARTESIAN_POINT('Ctrl Pts',(-2.99862836837466,-5.2,1.431606383961));
#1956=CARTESIAN_POINT('Ctrl Pts',(-2.99862810080905,-5.2,1.44825916177555));
#1957=CARTESIAN_POINT('Ctrl Pts',(-2.99862826168756,-5.2,1.46491146416267));
#1958=CARTESIAN_POINT('Ctrl Pts',(-2.99862842256607,-5.2,1.48156376654978));
#1959=CARTESIAN_POINT('Ctrl Pts',(-2.9986290118887,-5.2,1.49821559350946));
#1960=CARTESIAN_POINT('Ctrl Pts',(-2.99862628282485,-5.2,1.51486352555083));
#1961=CARTESIAN_POINT('Ctrl Pts',(-2.99861604978621,-5.2,1.57728747072601));
#1962=CARTESIAN_POINT('Ctrl Pts',(-2.98740455745937,-5.2,1.64866295289534));
#1963=CARTESIAN_POINT('Ctrl Pts',(-2.95975379554307,-5.2,1.71808081223685));
#1964=CARTESIAN_POINT('Ctrl Pts',(-2.93210303362678,-5.2,1.78749867157835));
#1965=CARTESIAN_POINT('Ctrl Pts',(-2.88801300212104,-5.2,1.85495890809204));
#1966=CARTESIAN_POINT('Ctrl Pts',(-2.83214845486288,-5.2,1.90920753113082));
#1967=CARTESIAN_POINT('Ctrl Pts',(-2.77628390760472,-5.2,1.96345615416961));
#1968=CARTESIAN_POINT('Ctrl Pts',(-2.70864484459412,-5.2,2.00449316373349));
#1969=CARTESIAN_POINT('Ctrl Pts',(-2.64116679493027,-5.2,2.02965836846248));
#1970=CARTESIAN_POINT('Ctrl Pts',(-2.57368874526642,-5.2,2.05482357319148));
#1971=CARTESIAN_POINT('Ctrl Pts',(-2.5063717089493,-5.2,2.06411697308559));
#1972=CARTESIAN_POINT('Ctrl Pts',(-2.4493734166238,-5.2,2.06412679451136));
#1973=CARTESIAN_POINT('Ctrl Pts',(-1.63342637435534,-5.20000000000001,2.06426739106225));
#1974=CARTESIAN_POINT('Ctrl Pts',(-0.816674631515417,-5.2,2.06421284869485));
#1975=CARTESIAN_POINT('Ctrl Pts',(6.15199032605318E-6,-5.2,2.06419841613975));
#1976=CARTESIAN_POINT('Ctrl Pts',(0.408346543743198,-5.2,2.0641911998622));
#1977=CARTESIAN_POINT('Ctrl Pts',(0.816669195662523,-5.2,2.06419401103772));
#1978=CARTESIAN_POINT('Ctrl Pts',(1.22493300165998,-5.2,2.0641980390918));
#1979=CARTESIAN_POINT('Ctrl Pts',(1.63319680765744,-5.2,2.06420206714588));
#1980=CARTESIAN_POINT('Ctrl Pts',(2.04140176773303,-5.2,2.06420731207852));
#1981=CARTESIAN_POINT('Ctrl Pts',(2.44936910540886,-5.20000000000001,2.06412667217921));
#1982=CARTESIAN_POINT('Ctrl Pts',(2.50636653383866,-5.20000000000001,2.06411540591727));
#1983=CARTESIAN_POINT('Ctrl Pts',(2.57368395070314,-5.20000000000001,2.05482203951647));
#1984=CARTESIAN_POINT('Ctrl Pts',(2.64116210483641,-5.20000000000001,2.02965669223125));
#1985=CARTESIAN_POINT('Ctrl Pts',(2.70864025896968,-5.20000000000001,2.00449134494603));
#1986=CARTESIAN_POINT('Ctrl Pts',(2.77627915037174,-5.20000000000001,1.96345401677638));
#1987=CARTESIAN_POINT('Ctrl Pts',(2.83214364120285,-5.20000000000001,1.90920511560158));
#1988=CARTESIAN_POINT('Ctrl Pts',(2.88800813203396,-5.20000000000001,1.85495621442677));
#1989=CARTESIAN_POINT('Ctrl Pts',(2.93209822229412,-5.20000000000001,1.78749574024682));
#1990=CARTESIAN_POINT('Ctrl Pts',(2.95974885534174,-5.20000000000001,1.7180776416382));
#1991=CARTESIAN_POINT('Ctrl Pts',(2.98739948838936,-5.2,1.64865954302958));
#1992=CARTESIAN_POINT('Ctrl Pts',(2.99861066422444,-5.2,1.5772838199923));
#1993=CARTESIAN_POINT('Ctrl Pts',(2.99862098829777,-5.2,1.51485868351282));
#1994=CARTESIAN_POINT('Ctrl Pts',(2.99866504177006,-5.2,1.24848668748038));
#1995=CARTESIAN_POINT('Ctrl Pts',(2.99867021276596,-5.2,0.981802040361361));
#1996=CARTESIAN_POINT('Ctrl Pts',(2.99867021276596,-5.2,0.715398936170216));
#1997=CARTESIAN_POINT('Origin',(-3.435,-4.75,0.38));
#1998=CARTESIAN_POINT('',(-3.6,-4.3,0.38));
#1999=CARTESIAN_POINT('',(-3.6,-4.3,0.38));
#2000=CARTESIAN_POINT('',(-3.27,-4.3,0.38));
#2001=CARTESIAN_POINT('Origin',(-3.27,-4.3,0.38));
#2002=CARTESIAN_POINT('',(-3.6,-4.3,0.58));
#2003=CARTESIAN_POINT('',(-3.6,-4.3,0.38));
#2004=CARTESIAN_POINT('',(-3.27,-4.3,0.58));
#2005=CARTESIAN_POINT('Origin',(-3.6,-4.3,0.38));
#2006=CARTESIAN_POINT('',(-3.6,-4.3,0.58));
#2007=CARTESIAN_POINT('Origin',(-3.435,-4.75,0.58));
#2008=CARTESIAN_POINT('Origin',(-3.1,-5.2,0.248));
#2009=CARTESIAN_POINT('',(-3.1,-4.95,0.300424868893541));
#2010=CARTESIAN_POINT('',(-3.1,-4.25,0.300424868893541));
#2011=CARTESIAN_POINT('',(-3.1,-5.2,0.300424868893541));
#2012=CARTESIAN_POINT('',(-3.1,-4.95,0.25));
#2013=CARTESIAN_POINT('',(-3.1,-4.95,0.249));
#2014=CARTESIAN_POINT('',(-3.1,-4.25,0.25));
#2015=CARTESIAN_POINT('',(-3.1,-2.6,0.25));
#2016=CARTESIAN_POINT('',(-3.1,-4.25,0.248));
#2017=CARTESIAN_POINT('Origin',(-3.2,-4.725,0.8));
#2018=CARTESIAN_POINT('',(-3.2,-4.25,0.8));
#2019=CARTESIAN_POINT('',(-3.2,-4.9625,0.8));
#2020=CARTESIAN_POINT('',(-3.1,-4.25,0.8));
#2021=CARTESIAN_POINT('Origin',(-3.2,-5.2,0.565));
#2022=CARTESIAN_POINT('',(-3.2,-4.25,1.765));
#2023=CARTESIAN_POINT('Origin',(0.,-4.25,1.165));
#2024=CARTESIAN_POINT('',(1.65,-4.25,0.));
#2025=CARTESIAN_POINT('',(1.65,-4.25,0.25));
#2026=CARTESIAN_POINT('',(-3.04652586071242,-4.25,0.25));
#2027=CARTESIAN_POINT('',(1.65,-4.25,0.25));
#2028=CARTESIAN_POINT('Origin',(-2.8,-4.25,0.565));
#2029=CARTESIAN_POINT('Origin',(3.8,-4.95,0.25));
#2030=CARTESIAN_POINT('',(-3.04652586071242,-4.95,0.25));
#2031=CARTESIAN_POINT('Origin',(-2.8,-4.95,0.565));
#2032=CARTESIAN_POINT('',(3.8,-4.95,0.25));
#2033=CARTESIAN_POINT('Origin',(0.,0.,0.25));
#2034=CARTESIAN_POINT('Origin',(0.227272727272726,-4.45,1.13772727272727));
#2035=CARTESIAN_POINT('',(2.5,-4.45,0.865));
#2036=CARTESIAN_POINT('Ctrl Pts',(2.5,-4.45,0.865));
#2037=CARTESIAN_POINT('Ctrl Pts',(2.5,-4.45,0.825730091830128));
#2038=CARTESIAN_POINT('Ctrl Pts',(2.48438858912301,-4.45,0.747198741364465));
#2039=CARTESIAN_POINT('Ctrl Pts',(2.41766488599096,-4.45,0.647330927830434));
#2040=CARTESIAN_POINT('Ctrl Pts',(2.31779725938233,-4.45,0.580607454944863));
#2041=CARTESIAN_POINT('Ctrl Pts',(2.23926457656087,-4.45,0.564996182427391));
#2042=CARTESIAN_POINT('Ctrl Pts',(1.9189230231803,-4.45,0.564993158280855));
#2043=CARTESIAN_POINT('Ctrl Pts',(0.537839458830525,-4.45,0.565002731867455));
#2044=CARTESIAN_POINT('Ctrl Pts',(-1.35676464694354,-4.45,0.565000204898017));
#2045=CARTESIAN_POINT('Ctrl Pts',(-2.23926821128663,-4.45,0.564997395702846));
#2046=CARTESIAN_POINT('Ctrl Pts',(-2.31778897382724,-4.45,0.580623102979893));
#2047=CARTESIAN_POINT('Ctrl Pts',(-2.41768060044793,-4.45,0.647318413470763));
#2048=CARTESIAN_POINT('Ctrl Pts',(-2.48437586728619,-4.45,0.747210003688745));
#2049=CARTESIAN_POINT('Ctrl Pts',(-2.50000154421093,-4.45,0.825730831429708));
#2050=CARTESIAN_POINT('Ctrl Pts',(-2.50000108621096,-4.45,0.906891543767955));
#2051=CARTESIAN_POINT('Ctrl Pts',(-2.50000111170468,-4.45,1.00283775474964));
#2052=CARTESIAN_POINT('Ctrl Pts',(-2.5000010455604,-4.45,1.13797282855283));
#2053=CARTESIAN_POINT('Ctrl Pts',(-2.50000104415167,-4.45,1.24608107190148));
#2054=CARTESIAN_POINT('Ctrl Pts',(-2.50000105119399,-4.45,1.32488176736261));
#2055=CARTESIAN_POINT('Ctrl Pts',(-2.50000106453179,-4.45,1.38674833448979));
#2056=CARTESIAN_POINT('Ctrl Pts',(-2.50000108836022,-4.45,1.43282087862555));
#2057=CARTESIAN_POINT('Ctrl Pts',(-2.5000010655007,-4.45,1.45452699145456));
#2058=CARTESIAN_POINT('Ctrl Pts',(-2.50000133894204,-4.45,1.50426924158435));
#2059=CARTESIAN_POINT('Ctrl Pts',(-2.48437570734808,-4.45,1.58279004615798));
#2060=CARTESIAN_POINT('Ctrl Pts',(-2.41768043446731,-4.45,1.68268163875733));
#2061=CARTESIAN_POINT('Ctrl Pts',(-2.31778886327481,-4.45,1.74937691261398));
#2062=CARTESIAN_POINT('Ctrl Pts',(-2.23926804422293,-4.45,1.76500265704255));
#2063=CARTESIAN_POINT('Ctrl Pts',(-1.63784414690515,-4.45,1.764999526248));
#2064=CARTESIAN_POINT('Ctrl Pts',(-0.409457997928124,-4.45,1.76500028567255));
#2065=CARTESIAN_POINT('Ctrl Pts',(1.22837870171531,-4.45,1.76500021715347));
#2066=CARTESIAN_POINT('Ctrl Pts',(1.91892198256882,-4.45,1.76500052538444));
#2067=CARTESIAN_POINT('Ctrl Pts',(2.23926818389426,-4.45,1.7650023180026));
#2068=CARTESIAN_POINT('Ctrl Pts',(2.31778902500412,-4.45,1.74937657856189));
#2069=CARTESIAN_POINT('Ctrl Pts',(2.41768057883952,-4.45,1.68268130300993));
#2070=CARTESIAN_POINT('Ctrl Pts',(2.48437585029523,-4.45,1.58278969271269));
#2071=CARTESIAN_POINT('Ctrl Pts',(2.50000149279307,-4.45,1.50426888881692));
#2072=CARTESIAN_POINT('Ctrl Pts',(2.50000030140712,-4.45,1.2974340228056));
#2073=CARTESIAN_POINT('Ctrl Pts',(2.5,-4.45,1.03256717587087));
#2074=CARTESIAN_POINT('Ctrl Pts',(2.5,-4.45,0.865000000000002));
#2075=CARTESIAN_POINT('Ctrl Pts',(2.99867021276596,-5.2,0.715398936170213));
#2076=CARTESIAN_POINT('Ctrl Pts',(2.83244680851064,-4.95,0.765265957446808));
#2077=CARTESIAN_POINT('Ctrl Pts',(2.66622340425532,-4.7,0.815132978723404));
#2078=CARTESIAN_POINT('Ctrl Pts',(2.5,-4.45,0.865));
#2079=CARTESIAN_POINT('Ctrl Pts',(2.99867021276596,-5.2,0.652966509393398));
#2080=CARTESIAN_POINT('Ctrl Pts',(2.83243264103156,-4.95,0.710487033595075));
#2081=CARTESIAN_POINT('Ctrl Pts',(2.66623757173439,-4.7,0.768209567628451));
#2082=CARTESIAN_POINT('Ctrl Pts',(2.5,-4.45,0.825730091830128));
#2083=CARTESIAN_POINT('Ctrl Pts',(2.9763900144205,-5.2,0.510129293996751));
#2084=CARTESIAN_POINT('Ctrl Pts',(2.81241415803051,-4.95,0.589151211140153));
#2085=CARTESIAN_POINT('Ctrl Pts',(2.648364445513,-4.7,0.668176824221063));
#2086=CARTESIAN_POINT('Ctrl Pts',(2.48438858912301,-4.45,0.747198741364465));
#2087=CARTESIAN_POINT('Ctrl Pts',(2.84381441012041,-5.2,0.307962871410227));
#2088=CARTESIAN_POINT('Ctrl Pts',(2.70178647604225,-4.95,0.421050568876217));
#2089=CARTESIAN_POINT('Ctrl Pts',(2.55969282006913,-4.7,0.534243230364444));
#2090=CARTESIAN_POINT('Ctrl Pts',(2.41766488599096,-4.45,0.647330927830434));
#2091=CARTESIAN_POINT('Ctrl Pts',(2.6410507064637,-5.20000000000001,0.184516688150954));
#2092=CARTESIAN_POINT('Ctrl Pts',(2.53332897483221,-4.95,0.316536281559258));
#2093=CARTESIAN_POINT('Ctrl Pts',(2.42551899101383,-4.7,0.448587861536558));
#2094=CARTESIAN_POINT('Ctrl Pts',(2.31779725938233,-4.45,0.580607454944863));
#2095=CARTESIAN_POINT('Ctrl Pts',(2.50634327222394,-5.20000000000001,0.166104454244949));
#2096=CARTESIAN_POINT('Ctrl Pts',(2.41733762759849,-4.95,0.299081633408973));
#2097=CARTESIAN_POINT('Ctrl Pts',(2.32827022118632,-4.7,0.432019003263367));
#2098=CARTESIAN_POINT('Ctrl Pts',(2.23926457656087,-4.45,0.564996182427391));
#2099=CARTESIAN_POINT('Ctrl Pts',(2.04140315870574,-5.20000000000001,0.165955864887523));
#2100=CARTESIAN_POINT('Ctrl Pts',(2.00059279063863,-4.95,0.298935503208084));
#2101=CARTESIAN_POINT('Ctrl Pts',(1.95973339124741,-4.7,0.432013519960293));
#2102=CARTESIAN_POINT('Ctrl Pts',(1.9189230231803,-4.45,0.564993158280855));
#2103=CARTESIAN_POINT('Ctrl Pts',(0.408676438977723,-5.2,0.166194519527265));
#2104=CARTESIAN_POINT('Ctrl Pts',(0.451729581855988,-4.95,0.299172160080375));
#2105=CARTESIAN_POINT('Ctrl Pts',(0.49478631595226,-4.7,0.432025091314344));
#2106=CARTESIAN_POINT('Ctrl Pts',(0.537839458830525,-4.45,0.565002731867455));
#2107=CARTESIAN_POINT('Ctrl Pts',(-1.22541915348112,-5.2,0.165922524915824));
#2108=CARTESIAN_POINT('Ctrl Pts',(-1.26921310725872,-4.95,0.298901673791352));
#2109=CARTESIAN_POINT('Ctrl Pts',(-1.31297069316595,-4.7,0.432021056022489));
#2110=CARTESIAN_POINT('Ctrl Pts',(-1.35676464694354,-4.45,0.565000204898017));
#2111=CARTESIAN_POINT('Ctrl Pts',(-2.50636468926706,-5.2,0.166150122819923));
#2112=CARTESIAN_POINT('Ctrl Pts',(-2.41735823788043,-4.95,0.299129363492417));
#2113=CARTESIAN_POINT('Ctrl Pts',(-2.32827466267326,-4.7,0.432018155030352));
#2114=CARTESIAN_POINT('Ctrl Pts',(-2.23926821128663,-4.45,0.564997395702846));
#2115=CARTESIAN_POINT('Ctrl Pts',(-2.64099811826218,-5.2,0.184736847654126));
#2116=CARTESIAN_POINT('Ctrl Pts',(-2.5332747214344,-4.95,0.316747470928776));
#2117=CARTESIAN_POINT('Ctrl Pts',(-2.42551237065502,-4.7,0.448612479705242));
#2118=CARTESIAN_POINT('Ctrl Pts',(-2.31778897382724,-4.45,0.580623102979893));
#2119=CARTESIAN_POINT('Ctrl Pts',(-2.84391513160327,-5.20000000000001,0.307848146435355));
#2120=CARTESIAN_POINT('Ctrl Pts',(-2.70188261120283,-4.95,0.420944599620837));
#2121=CARTESIAN_POINT('Ctrl Pts',(-2.55971312084838,-4.7,0.534221960285281));
#2122=CARTESIAN_POINT('Ctrl Pts',(-2.41768060044793,-4.45,0.647318413470763));
#2123=CARTESIAN_POINT('Ctrl Pts',(-2.97618503570903,-5.20000000000001,0.510228902085072));
#2124=CARTESIAN_POINT('Ctrl Pts',(-2.81221545250264,-4.95000000000001,0.589242464548735));
#2125=CARTESIAN_POINT('Ctrl Pts',(-2.64834545049258,-4.7,0.668196441225082));
#2126=CARTESIAN_POINT('Ctrl Pts',(-2.48437586728619,-4.45,0.747210003688745));
#2127=CARTESIAN_POINT('Ctrl Pts',(-2.99860676029504,-5.20000000000001,0.652980221829451));
#2128=CARTESIAN_POINT('Ctrl Pts',(-2.83236873678987,-4.95000000000001,0.710520394596282));
#2129=CARTESIAN_POINT('Ctrl Pts',(-2.66623956771611,-4.7,0.768190658662877));
#2130=CARTESIAN_POINT('Ctrl Pts',(-2.50000154421093,-4.45,0.825730831429708));
#2131=CARTESIAN_POINT('Ctrl Pts',(-2.99862846250075,-5.20000000000001,0.781995826675328));
#2132=CARTESIAN_POINT('Ctrl Pts',(-2.83241163878067,-4.95,0.823651801015351));
#2133=CARTESIAN_POINT('Ctrl Pts',(-2.66621790993104,-4.7,0.865235569427932));
#2134=CARTESIAN_POINT('Ctrl Pts',(-2.50000108621096,-4.45,0.906891543767955));
#2135=CARTESIAN_POINT('Ctrl Pts',(-2.99862632120745,-5.2,0.915234968519338));
#2136=CARTESIAN_POINT('Ctrl Pts',(-2.83239874599198,-4.95,0.944419100510822));
#2137=CARTESIAN_POINT('Ctrl Pts',(-2.66622868692015,-4.7,0.973653622758155));
#2138=CARTESIAN_POINT('Ctrl Pts',(-2.50000111170468,-4.45,1.00283775474964));
#2139=CARTESIAN_POINT('Ctrl Pts',(-2.9986295904967,-5.2,1.08181443335036));
#2140=CARTESIAN_POINT('Ctrl Pts',(-2.8324081181011,-4.95,1.10054228567846));
#2141=CARTESIAN_POINT('Ctrl Pts',(-2.66622251795601,-4.7,1.11924497622472));
#2142=CARTESIAN_POINT('Ctrl Pts',(-2.5000010455604,-4.45,1.13797282855283));
#2143=CARTESIAN_POINT('Ctrl Pts',(-2.99862955970236,-5.2,1.21508118647872));
#2144=CARTESIAN_POINT('Ctrl Pts',(-2.83240546605654,-4.95,1.22540938529405));
#2145=CARTESIAN_POINT('Ctrl Pts',(-2.66622513779749,-4.7,1.23575287308615));
#2146=CARTESIAN_POINT('Ctrl Pts',(-2.50000104415167,-4.45,1.24608107190148));
#2147=CARTESIAN_POINT('Ctrl Pts',(-2.99862931142356,-5.2,1.31502432686273));
#2148=CARTESIAN_POINT('Ctrl Pts',(-2.83240614667182,-4.95,1.31831464758982));
#2149=CARTESIAN_POINT('Ctrl Pts',(-2.66622421594573,-4.7,1.32159144663551));
#2150=CARTESIAN_POINT('Ctrl Pts',(-2.50000105119399,-4.45,1.32488176736261));
#2151=CARTESIAN_POINT('Ctrl Pts',(-2.99862890350587,-5.2,1.39830082833189));
#2152=CARTESIAN_POINT('Ctrl Pts',(-2.832405991131,-4.95,1.39444356467526));
#2153=CARTESIAN_POINT('Ctrl Pts',(-2.66622397690665,-4.7,1.39060559814643));
#2154=CARTESIAN_POINT('Ctrl Pts',(-2.50000106453179,-4.45,1.38674833448979));
#2155=CARTESIAN_POINT('Ctrl Pts',(-2.99862783324345,-5.2,1.4649119395901));
#2156=CARTESIAN_POINT('Ctrl Pts',(-2.83240326519198,-4.95,1.45422166849287));
#2157=CARTESIAN_POINT('Ctrl Pts',(-2.66622565641169,-4.7,1.44351114972278));
#2158=CARTESIAN_POINT('Ctrl Pts',(-2.50000108836022,-4.45,1.43282087862555));
#2159=CARTESIAN_POINT('Ctrl Pts',(-2.9986290118887,-5.2,1.49821559350946));
#2160=CARTESIAN_POINT('Ctrl Pts',(-2.83240823547215,-4.95,1.48363969097238));
#2161=CARTESIAN_POINT('Ctrl Pts',(-2.66622184191725,-4.7,1.46910289399164));
#2162=CARTESIAN_POINT('Ctrl Pts',(-2.5000010655007,-4.45,1.45452699145456));
#2163=CARTESIAN_POINT('Ctrl Pts',(-2.99861604978621,-5.2,1.57728747072601));
#2164=CARTESIAN_POINT('Ctrl Pts',(-2.83237281462798,-4.95,1.55301216975632));
#2165=CARTESIAN_POINT('Ctrl Pts',(-2.66624457410028,-4.7,1.52854454255404));
#2166=CARTESIAN_POINT('Ctrl Pts',(-2.50000133894204,-4.45,1.50426924158435));
#2167=CARTESIAN_POINT('Ctrl Pts',(-2.97619306513252,-5.2,1.72003843506466));
#2168=CARTESIAN_POINT('Ctrl Pts',(-2.81222621592478,-4.95,1.67425826517531));
#2169=CARTESIAN_POINT('Ctrl Pts',(-2.64834255655582,-4.7,1.62857021604734));
#2170=CARTESIAN_POINT('Ctrl Pts',(-2.48437570734808,-4.45,1.58279004615798));
#2171=CARTESIAN_POINT('Ctrl Pts',(-2.84392297061531,-5.2,1.92241914460573));
#2172=CARTESIAN_POINT('Ctrl Pts',(-2.70188911992068,-4.95,1.84257374702385));
#2173=CARTESIAN_POINT('Ctrl Pts',(-2.55971428516194,-4.7,1.76252703633921));
#2174=CARTESIAN_POINT('Ctrl Pts',(-2.41768043446731,-4.45,1.68268163875733));
#2175=CARTESIAN_POINT('Ctrl Pts',(-2.64100578158353,-5.20000000000001,2.04553017329737));
#2176=CARTESIAN_POINT('Ctrl Pts',(-2.53328280185456,-4.95000000000001,1.94676047559025));
#2177=CARTESIAN_POINT('Ctrl Pts',(-2.42551184300378,-4.7,1.84814661032111));
#2178=CARTESIAN_POINT('Ctrl Pts',(-2.31778886327481,-4.45,1.74937691261398));
#2179=CARTESIAN_POINT('Ctrl Pts',(-2.5063717089493,-5.20000000000001,2.06411697308559));
#2180=CARTESIAN_POINT('Ctrl Pts',(-2.41736604267352,-4.95,1.96438300526072));
#2181=CARTESIAN_POINT('Ctrl Pts',(-2.32827371049871,-4.7,1.86473662486742));
#2182=CARTESIAN_POINT('Ctrl Pts',(-2.23926804422293,-4.45,1.76500265704255));
#2183=CARTESIAN_POINT('Ctrl Pts',(-1.63342637435534,-5.20000000000001,2.06426739106225));
#2184=CARTESIAN_POINT('Ctrl Pts',(-1.63491161077578,-4.95000000000001,1.96453277907468));
#2185=CARTESIAN_POINT('Ctrl Pts',(-1.63635891048471,-4.7,1.86473413823556));
#2186=CARTESIAN_POINT('Ctrl Pts',(-1.63784414690515,-4.45,1.764999526248));
#2187=CARTESIAN_POINT('Ctrl Pts',(-0.408298760095452,-5.2,2.06418557751115));
#2188=CARTESIAN_POINT('Ctrl Pts',(-0.408683364736508,-4.95,1.96445197384038));
#2189=CARTESIAN_POINT('Ctrl Pts',(-0.409073393287068,-4.7,1.86473388934332));
#2190=CARTESIAN_POINT('Ctrl Pts',(-0.409457997928124,-4.45,1.76500028567255));
#2191=CARTESIAN_POINT('Ctrl Pts',(1.22499184758185,-5.2,2.06419682221325));
#2192=CARTESIAN_POINT('Ctrl Pts',(1.22612268180674,-4.95,1.964462526035));
#2193=CARTESIAN_POINT('Ctrl Pts',(1.22724786749042,-4.7,1.86473451333172));
#2194=CARTESIAN_POINT('Ctrl Pts',(1.22837870171531,-4.45,1.76500021715347));
#2195=CARTESIAN_POINT('Ctrl Pts',(2.04140176773303,-5.20000000000001,2.06420731207852));
#2196=CARTESIAN_POINT('Ctrl Pts',(2.00058397420512,-4.95000000000001,1.96447359247242));
#2197=CARTESIAN_POINT('Ctrl Pts',(1.95973977609673,-4.7,1.86473424499055));
#2198=CARTESIAN_POINT('Ctrl Pts',(1.91892198256882,-4.45,1.76500052538444));
#2199=CARTESIAN_POINT('Ctrl Pts',(2.50636653383866,-5.20000000000001,2.06411540591728));
#2200=CARTESIAN_POINT('Ctrl Pts',(2.41736313532318,-4.95000000000001,1.96438009977719));
#2201=CARTESIAN_POINT('Ctrl Pts',(2.32827158240974,-4.70000000000001,1.86473762414269));
#2202=CARTESIAN_POINT('Ctrl Pts',(2.23926818389426,-4.45,1.7650023180026));
#2203=CARTESIAN_POINT('Ctrl Pts',(2.64100136756762,-5.20000000000001,2.04552867311567));
#2204=CARTESIAN_POINT('Ctrl Pts',(2.53327520444868,-4.95000000000001,1.94676661407617));
#2205=CARTESIAN_POINT('Ctrl Pts',(2.42551518812306,-4.7,1.8481386376014));
#2206=CARTESIAN_POINT('Ctrl Pts',(2.31778902500412,-4.45,1.74937657856189));
#2207=CARTESIAN_POINT('Ctrl Pts',(2.8439180417738,-5.20000000000001,1.92241668860673));
#2208=CARTESIAN_POINT('Ctrl Pts',(2.7018883018142,-4.95000000000001,1.8425584275287));
#2209=CARTESIAN_POINT('Ctrl Pts',(2.55971031879913,-4.70000000000001,1.76253956408796));
#2210=CARTESIAN_POINT('Ctrl Pts',(2.41768057883952,-4.45,1.68268130300993));
#2211=CARTESIAN_POINT('Ctrl Pts',(2.97618831255428,-5.20000000000001,1.72003526606686));
#2212=CARTESIAN_POINT('Ctrl Pts',(2.81221498273663,-4.95000000000001,1.67427773772668));
#2213=CARTESIAN_POINT('Ctrl Pts',(2.64834918011288,-4.70000000000001,1.62854722105288));
#2214=CARTESIAN_POINT('Ctrl Pts',(2.48437585029523,-4.45,1.58278969271269));
#2215=CARTESIAN_POINT('Ctrl Pts',(2.99861066422444,-5.20000000000001,1.5772838199923));
#2216=CARTESIAN_POINT('Ctrl Pts',(2.83237828361597,-4.95000000000001,1.55296849659408));
#2217=CARTESIAN_POINT('Ctrl Pts',(2.66623387340155,-4.7,1.52858421221515));
#2218=CARTESIAN_POINT('Ctrl Pts',(2.50000149279307,-4.45,1.50426888881692));
#2219=CARTESIAN_POINT('Ctrl Pts',(2.99866504177006,-5.2,1.24848668748038));
#2220=CARTESIAN_POINT('Ctrl Pts',(2.83245133724823,-4.95,1.2647768834798));
#2221=CARTESIAN_POINT('Ctrl Pts',(2.66621400592895,-4.7,1.28114382680617));
#2222=CARTESIAN_POINT('Ctrl Pts',(2.50000030140712,-4.45,1.2974340228056));
#2223=CARTESIAN_POINT('Ctrl Pts',(2.99867021276596,-5.2,0.981802040361361));
#2224=CARTESIAN_POINT('Ctrl Pts',(2.83244118642319,-4.95,0.998743415493948));
#2225=CARTESIAN_POINT('Ctrl Pts',(2.66622902634276,-4.7,1.01562580073828));
#2226=CARTESIAN_POINT('Ctrl Pts',(2.5,-4.45,1.03256717587087));
#2227=CARTESIAN_POINT('Ctrl Pts',(2.99867021276596,-5.2,0.715398936170216));
#2228=CARTESIAN_POINT('Ctrl Pts',(2.83244680851064,-4.95,0.765265957446811));
#2229=CARTESIAN_POINT('Ctrl Pts',(2.66622340425532,-4.7,0.815132978723407));
#2230=CARTESIAN_POINT('Ctrl Pts',(2.5,-4.45,0.865000000000002));
#2231=CARTESIAN_POINT('',(3.,-5.202,0.715));
#2232=CARTESIAN_POINT('Origin',(-2.8,-5.2,0.565));
#2233=CARTESIAN_POINT('',(-3.04652586071242,-5.2,0.25));
#2234=CARTESIAN_POINT('Origin',(0.,0.,0.25));
#2235=CARTESIAN_POINT('Origin',(0.,0.,0.));
#2236=UNCERTAINTY_MEASURE_WITH_UNIT(LENGTH_MEASURE(0.001),#2240,
'DISTANCE_ACCURACY_VALUE',
'Maximum model space distance between geometric entities at asserted c
onnectivities');
#2237=UNCERTAINTY_MEASURE_WITH_UNIT(LENGTH_MEASURE(0.001),#2240,
'DISTANCE_ACCURACY_VALUE',
'Maximum model space distance between geometric entities at asserted c
onnectivities');
#2238=(
GEOMETRIC_REPRESENTATION_CONTEXT(3)
GLOBAL_UNCERTAINTY_ASSIGNED_CONTEXT((#2236))
GLOBAL_UNIT_ASSIGNED_CONTEXT((#2240,#2242,#2243))
REPRESENTATION_CONTEXT('','3D')
);
#2239=(
GEOMETRIC_REPRESENTATION_CONTEXT(3)
GLOBAL_UNCERTAINTY_ASSIGNED_CONTEXT((#2237))
GLOBAL_UNIT_ASSIGNED_CONTEXT((#2240,#2242,#2243))
REPRESENTATION_CONTEXT('','3D')
);
#2240=(
LENGTH_UNIT()
NAMED_UNIT(*)
SI_UNIT(.CENTI.,.METRE.)
);
#2241=(
LENGTH_UNIT()
NAMED_UNIT(*)
SI_UNIT($,.METRE.)
);
#2242=(
NAMED_UNIT(*)
PLANE_ANGLE_UNIT()
SI_UNIT($,.RADIAN.)
);
#2243=(
NAMED_UNIT(*)
SI_UNIT($,.STERADIAN.)
SOLID_ANGLE_UNIT()
);
#2244=SHAPE_DEFINITION_REPRESENTATION(#2245,#2246);
#2245=PRODUCT_DEFINITION_SHAPE('',$,#2248);
#2246=SHAPE_REPRESENTATION('',(#1224),#2238);
#2247=PRODUCT_DEFINITION_CONTEXT('part definition',#2252,'design');
#2248=PRODUCT_DEFINITION('04 Sliding probe fascia',
'04 Sliding probe fascia',#2249,#2247);
#2249=PRODUCT_DEFINITION_FORMATION('',$,#2254);
#2250=PRODUCT_RELATED_PRODUCT_CATEGORY('04 Sliding probe fascia',
'04 Sliding probe fascia',(#2254));
#2251=APPLICATION_PROTOCOL_DEFINITION('international standard',
'automotive_design',2009,#2252);
#2252=APPLICATION_CONTEXT(
'Core Data for Automotive Mechanical Design Process');
#2253=PRODUCT_CONTEXT('part definition',#2252,'mechanical');
#2254=PRODUCT('04 Sliding probe fascia','04 Sliding probe fascia',$,(#2253));
#2255=PRESENTATION_STYLE_ASSIGNMENT((#2257));
#2256=PRESENTATION_STYLE_ASSIGNMENT((#2258));
#2257=SURFACE_STYLE_USAGE(.BOTH.,#2259);
#2258=SURFACE_STYLE_USAGE(.BOTH.,#2260);
#2259=SURFACE_SIDE_STYLE('',(#2261));
#2260=SURFACE_SIDE_STYLE('',(#2262));
#2261=SURFACE_STYLE_FILL_AREA(#2263);
#2262=SURFACE_STYLE_FILL_AREA(#2264);
#2263=FILL_AREA_STYLE('Steel - Satin',(#2265));
#2264=FILL_AREA_STYLE('Case bottom slate',(#2266));
#2265=FILL_AREA_STYLE_COLOUR('Steel - Satin',#2267);
#2266=FILL_AREA_STYLE_COLOUR('Case bottom slate',#2268);
#2267=COLOUR_RGB('Steel - Satin',0.627450980392157,0.627450980392157,0.627450980392157);
#2268=COLOUR_RGB('Case bottom slate',0.282352941176471,0.356862745098039,
0.415686274509804);
ENDSEC;
END-ISO-10303-21;
