ISO-10303-21;
HEADER;
/* Generated by software containing ST-Developer
 * from STEP Tools, Inc. (www.steptools.com) 
 */

FILE_DESCRIPTION(
/* description */ (''),
/* implementation_level */ '2;1');

FILE_NAME(
/* name */ 'carrier-top.step',
/* time_stamp */ '2026-09-14T13:08:18-07:00',
/* author */ (''),
/* organization */ (''),
/* preprocessor_version */ 'ST-DEVELOPER v20.2',
/* originating_system */ 'Autodesk Translation Framework v15.15.0.0',
/* authorisation */ '');

FILE_SCHEMA (('AUTOMOTIVE_DESIGN { 1 0 10303 214 3 1 1 }'));
ENDSEC;

DATA;
#10=MECHANICAL_DESIGN_GEOMETRIC_PRESENTATION_REPRESENTATION('',(#13),#6082);
#11=SHAPE_REPRESENTATION_RELATIONSHIP('SRR','None',#6089,#12);
#12=ADVANCED_BREP_SHAPE_REPRESENTATION('',(#14),#6081);
#13=STYLED_ITEM('',(#6099),#14);
#14=MANIFOLD_SOLID_BREP('02 Top bezel - reinforced fascia keys',#3437);
#15=B_SPLINE_CURVE_WITH_KNOTS('',3,(#5710,#5711,#5712,#5713,#5714,#5715,
#5716,#5717,#5718,#5719,#5720,#5721,#5722,#5723,#5724,#5725,#5726,#5727,
#5728,#5729,#5730,#5731,#5732,#5733,#5734,#5735,#5736,#5737,#5738,#5739,
#5740,#5741,#5742,#5743,#5744,#5745,#5746,#5747,#5748,#5749,#5750,#5751,
#5752,#5753,#5754,#5755,#5756,#5757,#5758,#5759,#5760,#5761,#5762,#5763,
#5764,#5765,#5766,#5767,#5768,#5769,#5770,#5771,#5772,#5773,#5774,#5775,
#5776,#5777,#5778,#5779,#5780,#5781,#5782,#5783,#5784,#5785,#5786,#5787,
#5788,#5789,#5790,#5791,#5792,#5793,#5794,#5795,#5796,#5797,#5798,#5799,
#5800,#5801,#5802,#5803),.UNSPECIFIED.,.T.,.F.,(4,3,3,3,3,3,3,3,3,3,3,3,
3,3,3,3,3,3,3,3,3,3,3,3,3,3,3,3,3,3,3,4),(23.4496749520999,23.4865688060366,
23.5234626599736,23.5972503678477,24.026481815107,24.4557132623663,25.3141761568849,
27.031101945922,28.7480277349591,30.4649535239963,30.5387412318704,30.6125289397445,
32.9013775999022,35.1902262600598,35.264013967934,35.3378016758081,37.0547274648452,
38.7716532538823,40.4885790429195,41.347041937438,41.7762733846973,41.990889108327,
42.0981969701418,42.2055048319566,42.2792925398307,42.3161863937678,42.3530802477048,
42.6391863302245,42.9252924127442,43.4975045777837,44.6419289078625,46.9307775680202),
 .UNSPECIFIED.);
#16=B_SPLINE_SURFACE_WITH_KNOTS('',3,3,((#5545,#5546,#5547,#5548),(#5549,
#5550,#5551,#5552),(#5553,#5554,#5555,#5556),(#5557,#5558,#5559,#5560),
(#5561,#5562,#5563,#5564),(#5565,#5566,#5567,#5568),(#5569,#5570,#5571,
#5572),(#5573,#5574,#5575,#5576),(#5577,#5578,#5579,#5580),(#5581,#5582,
#5583,#5584),(#5585,#5586,#5587,#5588),(#5589,#5590,#5591,#5592),(#5593,
#5594,#5595,#5596),(#5597,#5598,#5599,#5600),(#5601,#5602,#5603,#5604),
(#5605,#5606,#5607,#5608),(#5609,#5610,#5611,#5612),(#5613,#5614,#5615,
#5616),(#5617,#5618,#5619,#5620),(#5621,#5622,#5623,#5624),(#5625,#5626,
#5627,#5628),(#5629,#5630,#5631,#5632),(#5633,#5634,#5635,#5636),(#5637,
#5638,#5639,#5640),(#5641,#5642,#5643,#5644),(#5645,#5646,#5647,#5648),
(#5649,#5650,#5651,#5652),(#5653,#5654,#5655,#5656),(#5657,#5658,#5659,
#5660),(#5661,#5662,#5663,#5664),(#5665,#5666,#5667,#5668),(#5669,#5670,
#5671,#5672),(#5673,#5674,#5675,#5676),(#5677,#5678,#5679,#5680),(#5681,
#5682,#5683,#5684),(#5685,#5686,#5687,#5688),(#5689,#5690,#5691,#5692),
(#5693,#5694,#5695,#5696),(#5697,#5698,#5699,#5700),(#5701,#5702,#5703,
#5704),(#5705,#5706,#5707,#5708)),.UNSPECIFIED.,.T.,.F.,.F.,(4,1,1,1,1,
2,1,1,2,1,1,1,1,1,1,1,2,1,2,1,2,1,2,1,1,1,1,1,2,1,1,4),(4,4),(0.,0.0974762002277434,
0.146214300341615,0.170583350398551,0.182767875427019,0.194952400455487,
0.196523615169741,0.198094829883996,0.201237259312505,0.205807226216107,
0.210377193119708,0.21951712692691,0.237796994541315,0.274356729770124,
0.347476200227743,0.420595670685362,0.493715141142981,0.496857570571491,
0.5,0.597476200227743,0.694952400455487,0.698094829883996,0.701237259312505,
0.774356729770124,0.847476200227743,0.920595670685362,0.957155405914172,
0.975435273528577,0.993715141142981,0.996857570571491,0.998428785285745,
1.),(0.,0.961538461540067),.UNSPECIFIED.);
#17=CYLINDRICAL_SURFACE('',#3533,0.5);
#18=CYLINDRICAL_SURFACE('',#3536,0.5);
#19=CYLINDRICAL_SURFACE('',#3541,0.5);
#20=CYLINDRICAL_SURFACE('',#3544,0.5);
#21=CYLINDRICAL_SURFACE('',#3590,0.1);
#22=CYLINDRICAL_SURFACE('',#3601,0.1);
#23=CYLINDRICAL_SURFACE('',#3604,0.0999999999999996);
#24=CYLINDRICAL_SURFACE('',#3608,0.0999999999999996);
#25=CYLINDRICAL_SURFACE('',#3610,0.45);
#26=CYLINDRICAL_SURFACE('',#3613,0.45);
#27=CYLINDRICAL_SURFACE('',#3621,0.45);
#28=CYLINDRICAL_SURFACE('',#3624,0.45);
#29=CYLINDRICAL_SURFACE('',#3627,0.4);
#30=CYLINDRICAL_SURFACE('',#3633,0.2);
#31=CYLINDRICAL_SURFACE('',#3637,0.2);
#32=CYLINDRICAL_SURFACE('',#3641,0.2);
#33=CYLINDRICAL_SURFACE('',#3645,0.2);
#34=CYLINDRICAL_SURFACE('',#3649,0.32);
#35=CYLINDRICAL_SURFACE('',#3654,0.32);
#36=CYLINDRICAL_SURFACE('',#3659,0.32);
#37=CYLINDRICAL_SURFACE('',#3664,0.32);
#38=CYLINDRICAL_SURFACE('',#3669,0.17);
#39=CYLINDRICAL_SURFACE('',#3670,0.17);
#40=CYLINDRICAL_SURFACE('',#3671,0.17);
#41=CYLINDRICAL_SURFACE('',#3672,0.17);
#42=CYLINDRICAL_SURFACE('',#3678,0.1);
#43=CYLINDRICAL_SURFACE('',#3681,0.1);
#44=CYLINDRICAL_SURFACE('',#3684,0.1);
#45=CYLINDRICAL_SURFACE('',#3687,0.1);
#46=CYLINDRICAL_SURFACE('',#3690,0.15);
#47=CYLINDRICAL_SURFACE('',#3694,0.15);
#48=CYLINDRICAL_SURFACE('',#3698,0.15);
#49=CYLINDRICAL_SURFACE('',#3702,0.15);
#50=CYLINDRICAL_SURFACE('',#3706,0.45);
#51=CYLINDRICAL_SURFACE('',#3710,0.45);
#52=CYLINDRICAL_SURFACE('',#3714,0.45);
#53=CYLINDRICAL_SURFACE('',#3718,0.45);
#54=CYLINDRICAL_SURFACE('',#3738,0.5);
#55=CYLINDRICAL_SURFACE('',#3739,0.5);
#56=CYLINDRICAL_SURFACE('',#3741,0.5);
#57=CYLINDRICAL_SURFACE('',#3743,0.5);
#58=CYLINDRICAL_SURFACE('',#3744,0.5);
#59=CYLINDRICAL_SURFACE('',#3745,0.5);
#60=CYLINDRICAL_SURFACE('',#3747,0.5);
#61=CYLINDRICAL_SURFACE('',#3749,0.5);
#62=CYLINDRICAL_SURFACE('',#3756,0.1);
#63=CYLINDRICAL_SURFACE('',#3757,0.0999999999999996);
#64=CYLINDRICAL_SURFACE('',#3759,0.199999999999999);
#65=CYLINDRICAL_SURFACE('',#3760,0.2);
#66=CYLINDRICAL_SURFACE('',#3761,0.0999999999999996);
#67=CYLINDRICAL_SURFACE('',#3763,0.1);
#68=CYLINDRICAL_SURFACE('',#3764,0.199999999999999);
#69=CYLINDRICAL_SURFACE('',#3766,0.2);
#70=CYLINDRICAL_SURFACE('',#3773,0.399999999999999);
#71=CYLINDRICAL_SURFACE('',#3774,0.4);
#72=CYLINDRICAL_SURFACE('',#3775,0.399999999999999);
#73=CYLINDRICAL_SURFACE('',#3777,0.5);
#74=CYLINDRICAL_SURFACE('',#3780,0.5);
#75=CYLINDRICAL_SURFACE('',#3783,0.25);
#76=CYLINDRICAL_SURFACE('',#3785,0.25);
#77=CYLINDRICAL_SURFACE('',#3786,0.25);
#78=CYLINDRICAL_SURFACE('',#3787,0.25);
#79=CYLINDRICAL_SURFACE('',#3788,0.5);
#80=CYLINDRICAL_SURFACE('',#3791,0.5);
#81=FACE_BOUND('',#467,.T.);
#82=FACE_BOUND('',#468,.T.);
#83=FACE_BOUND('',#469,.T.);
#84=FACE_BOUND('',#470,.T.);
#85=FACE_BOUND('',#471,.T.);
#86=FACE_BOUND('',#547,.T.);
#87=FACE_BOUND('',#550,.T.);
#88=FACE_BOUND('',#553,.T.);
#89=FACE_BOUND('',#556,.T.);
#90=FACE_BOUND('',#579,.T.);
#91=FACE_BOUND('',#582,.T.);
#92=FACE_BOUND('',#585,.T.);
#93=FACE_BOUND('',#588,.T.);
#94=FACE_BOUND('',#591,.T.);
#95=FACE_BOUND('',#601,.T.);
#96=FACE_BOUND('',#602,.T.);
#97=FACE_BOUND('',#603,.T.);
#98=FACE_BOUND('',#604,.T.);
#99=FACE_BOUND('',#605,.T.);
#100=FACE_BOUND('',#654,.T.);
#101=FACE_BOUND('',#655,.T.);
#102=FACE_BOUND('',#656,.T.);
#103=FACE_BOUND('',#657,.T.);
#104=FACE_BOUND('',#658,.T.);
#105=CIRCLE('',#3463,0.0999999999999996);
#106=CIRCLE('',#3464,0.0999999999999996);
#107=CIRCLE('',#3465,0.5);
#108=CIRCLE('',#3466,0.199999999999999);
#109=CIRCLE('',#3472,0.5);
#110=CIRCLE('',#3473,0.5);
#111=CIRCLE('',#3474,0.5);
#112=CIRCLE('',#3475,0.5);
#113=CIRCLE('',#3476,0.199999999999999);
#114=CIRCLE('',#3477,0.5);
#115=CIRCLE('',#3478,0.5);
#116=CIRCLE('',#3479,0.45);
#117=CIRCLE('',#3480,0.45);
#118=CIRCLE('',#3481,0.5);
#119=CIRCLE('',#3482,0.5);
#120=CIRCLE('',#3483,0.45);
#121=CIRCLE('',#3484,0.45);
#122=CIRCLE('',#3485,0.5);
#123=CIRCLE('',#3486,0.5);
#124=CIRCLE('',#3487,0.2);
#125=CIRCLE('',#3488,0.199999999999999);
#126=CIRCLE('',#3489,0.5);
#127=CIRCLE('',#3490,0.5);
#128=CIRCLE('',#3491,0.45);
#129=CIRCLE('',#3492,0.45);
#130=CIRCLE('',#3493,0.5);
#131=CIRCLE('',#3494,0.5);
#132=CIRCLE('',#3495,0.45);
#133=CIRCLE('',#3496,0.45);
#134=CIRCLE('',#3497,0.5);
#135=CIRCLE('',#3498,0.5);
#136=CIRCLE('',#3499,0.2);
#137=CIRCLE('',#3500,0.17);
#138=CIRCLE('',#3501,0.17);
#139=CIRCLE('',#3502,0.17);
#140=CIRCLE('',#3503,0.17);
#141=CIRCLE('',#3507,0.25);
#142=CIRCLE('',#3508,0.5);
#143=CIRCLE('',#3509,0.399999999999999);
#144=CIRCLE('',#3510,0.0999999999999996);
#145=CIRCLE('',#3521,0.2);
#146=CIRCLE('',#3522,0.5);
#147=CIRCLE('',#3523,0.1);
#148=CIRCLE('',#3524,0.1);
#149=CIRCLE('',#3529,0.1);
#150=CIRCLE('',#3530,0.4);
#151=CIRCLE('',#3531,0.5);
#152=CIRCLE('',#3532,0.25);
#153=CIRCLE('',#3534,0.5);
#154=CIRCLE('',#3535,0.5);
#155=CIRCLE('',#3537,0.5);
#156=CIRCLE('',#3538,0.5);
#157=CIRCLE('',#3539,0.5);
#158=CIRCLE('',#3540,0.5);
#159=CIRCLE('',#3542,0.5);
#160=CIRCLE('',#3543,0.5);
#161=CIRCLE('',#3545,0.5);
#162=CIRCLE('',#3546,0.5);
#163=CIRCLE('',#3547,0.5);
#164=CIRCLE('',#3548,0.5);
#165=CIRCLE('',#3556,0.45);
#166=CIRCLE('',#3558,0.45);
#167=CIRCLE('',#3561,0.5);
#168=CIRCLE('',#3563,0.5);
#169=CIRCLE('',#3566,0.45);
#170=CIRCLE('',#3568,0.399999999999999);
#171=CIRCLE('',#3569,0.0999999999999996);
#172=CIRCLE('',#3570,0.1);
#173=CIRCLE('',#3571,0.4);
#174=CIRCLE('',#3572,0.25);
#175=CIRCLE('',#3573,0.25);
#176=CIRCLE('',#3575,0.45);
#177=CIRCLE('',#3578,0.5);
#178=CIRCLE('',#3580,0.199999999999999);
#179=CIRCLE('',#3581,0.2);
#180=CIRCLE('',#3582,0.1);
#181=CIRCLE('',#3583,0.1);
#182=CIRCLE('',#3584,0.0999999999999996);
#183=CIRCLE('',#3585,0.0999999999999996);
#184=CIRCLE('',#3587,0.5);
#185=CIRCLE('',#3591,0.1);
#186=CIRCLE('',#3593,0.45);
#187=CIRCLE('',#3595,0.45);
#188=CIRCLE('',#3597,0.45);
#189=CIRCLE('',#3599,0.45);
#190=CIRCLE('',#3602,0.1);
#191=CIRCLE('',#3605,0.0999999999999996);
#192=CIRCLE('',#3609,0.0999999999999996);
#193=CIRCLE('',#3611,0.45);
#194=CIRCLE('',#3612,0.45);
#195=CIRCLE('',#3614,0.45);
#196=CIRCLE('',#3615,0.45);
#197=CIRCLE('',#3617,0.1);
#198=CIRCLE('',#3618,0.4);
#199=CIRCLE('',#3622,0.45);
#200=CIRCLE('',#3623,0.45);
#201=CIRCLE('',#3625,0.45);
#202=CIRCLE('',#3626,0.45);
#203=CIRCLE('',#3628,0.4);
#204=CIRCLE('',#3630,0.1);
#205=CIRCLE('',#3634,0.2);
#206=CIRCLE('',#3635,0.2);
#207=CIRCLE('',#3638,0.2);
#208=CIRCLE('',#3639,0.2);
#209=CIRCLE('',#3642,0.2);
#210=CIRCLE('',#3643,0.2);
#211=CIRCLE('',#3646,0.2);
#212=CIRCLE('',#3647,0.2);
#213=CIRCLE('',#3650,0.32);
#214=CIRCLE('',#3651,0.32);
#215=CIRCLE('',#3653,0.17);
#216=CIRCLE('',#3655,0.32);
#217=CIRCLE('',#3656,0.32);
#218=CIRCLE('',#3658,0.17);
#219=CIRCLE('',#3660,0.32);
#220=CIRCLE('',#3661,0.32);
#221=CIRCLE('',#3663,0.17);
#222=CIRCLE('',#3665,0.32);
#223=CIRCLE('',#3666,0.32);
#224=CIRCLE('',#3668,0.17);
#225=CIRCLE('',#3673,0.1);
#226=CIRCLE('',#3674,0.1);
#227=CIRCLE('',#3675,0.1);
#228=CIRCLE('',#3676,0.1);
#229=CIRCLE('',#3679,0.1);
#230=CIRCLE('',#3682,0.1);
#231=CIRCLE('',#3685,0.1);
#232=CIRCLE('',#3688,0.1);
#233=CIRCLE('',#3691,0.15);
#234=CIRCLE('',#3692,0.15);
#235=CIRCLE('',#3695,0.15);
#236=CIRCLE('',#3696,0.15);
#237=CIRCLE('',#3699,0.15);
#238=CIRCLE('',#3700,0.15);
#239=CIRCLE('',#3703,0.15);
#240=CIRCLE('',#3704,0.15);
#241=CIRCLE('',#3707,0.45);
#242=CIRCLE('',#3708,0.45);
#243=CIRCLE('',#3711,0.45);
#244=CIRCLE('',#3712,0.45);
#245=CIRCLE('',#3715,0.45);
#246=CIRCLE('',#3716,0.45);
#247=CIRCLE('',#3719,0.45);
#248=CIRCLE('',#3720,0.45);
#249=CIRCLE('',#3731,0.25);
#250=CIRCLE('',#3732,0.25);
#251=CIRCLE('',#3733,0.25);
#252=CIRCLE('',#3734,0.25);
#253=CIRCLE('',#3740,0.5);
#254=CIRCLE('',#3742,0.5);
#255=CIRCLE('',#3746,0.5);
#256=CIRCLE('',#3748,0.5);
#257=CIRCLE('',#3758,0.0999999999999996);
#258=CIRCLE('',#3762,0.0999999999999996);
#259=CIRCLE('',#3770,0.399999999999999);
#260=CIRCLE('',#3772,0.399999999999999);
#261=CIRCLE('',#3778,0.5);
#262=CIRCLE('',#3781,0.5);
#263=CIRCLE('',#3789,0.5);
#264=CIRCLE('',#3792,0.5);
#265=FACE_OUTER_BOUND('',#450,.T.);
#266=FACE_OUTER_BOUND('',#451,.T.);
#267=FACE_OUTER_BOUND('',#452,.T.);
#268=FACE_OUTER_BOUND('',#453,.T.);
#269=FACE_OUTER_BOUND('',#454,.T.);
#270=FACE_OUTER_BOUND('',#455,.T.);
#271=FACE_OUTER_BOUND('',#456,.T.);
#272=FACE_OUTER_BOUND('',#457,.T.);
#273=FACE_OUTER_BOUND('',#458,.T.);
#274=FACE_OUTER_BOUND('',#459,.T.);
#275=FACE_OUTER_BOUND('',#460,.T.);
#276=FACE_OUTER_BOUND('',#461,.T.);
#277=FACE_OUTER_BOUND('',#462,.T.);
#278=FACE_OUTER_BOUND('',#463,.T.);
#279=FACE_OUTER_BOUND('',#464,.T.);
#280=FACE_OUTER_BOUND('',#465,.T.);
#281=FACE_OUTER_BOUND('',#466,.T.);
#282=FACE_OUTER_BOUND('',#472,.T.);
#283=FACE_OUTER_BOUND('',#473,.T.);
#284=FACE_OUTER_BOUND('',#474,.T.);
#285=FACE_OUTER_BOUND('',#475,.T.);
#286=FACE_OUTER_BOUND('',#476,.T.);
#287=FACE_OUTER_BOUND('',#477,.T.);
#288=FACE_OUTER_BOUND('',#478,.T.);
#289=FACE_OUTER_BOUND('',#479,.T.);
#290=FACE_OUTER_BOUND('',#480,.T.);
#291=FACE_OUTER_BOUND('',#481,.T.);
#292=FACE_OUTER_BOUND('',#482,.T.);
#293=FACE_OUTER_BOUND('',#483,.T.);
#294=FACE_OUTER_BOUND('',#484,.T.);
#295=FACE_OUTER_BOUND('',#485,.T.);
#296=FACE_OUTER_BOUND('',#486,.T.);
#297=FACE_OUTER_BOUND('',#487,.T.);
#298=FACE_OUTER_BOUND('',#488,.T.);
#299=FACE_OUTER_BOUND('',#489,.T.);
#300=FACE_OUTER_BOUND('',#490,.T.);
#301=FACE_OUTER_BOUND('',#491,.T.);
#302=FACE_OUTER_BOUND('',#492,.T.);
#303=FACE_OUTER_BOUND('',#493,.T.);
#304=FACE_OUTER_BOUND('',#494,.T.);
#305=FACE_OUTER_BOUND('',#495,.T.);
#306=FACE_OUTER_BOUND('',#496,.T.);
#307=FACE_OUTER_BOUND('',#497,.T.);
#308=FACE_OUTER_BOUND('',#498,.T.);
#309=FACE_OUTER_BOUND('',#499,.T.);
#310=FACE_OUTER_BOUND('',#500,.T.);
#311=FACE_OUTER_BOUND('',#501,.T.);
#312=FACE_OUTER_BOUND('',#502,.T.);
#313=FACE_OUTER_BOUND('',#503,.T.);
#314=FACE_OUTER_BOUND('',#504,.T.);
#315=FACE_OUTER_BOUND('',#505,.T.);
#316=FACE_OUTER_BOUND('',#506,.T.);
#317=FACE_OUTER_BOUND('',#507,.T.);
#318=FACE_OUTER_BOUND('',#508,.T.);
#319=FACE_OUTER_BOUND('',#509,.T.);
#320=FACE_OUTER_BOUND('',#510,.T.);
#321=FACE_OUTER_BOUND('',#511,.T.);
#322=FACE_OUTER_BOUND('',#512,.T.);
#323=FACE_OUTER_BOUND('',#513,.T.);
#324=FACE_OUTER_BOUND('',#514,.T.);
#325=FACE_OUTER_BOUND('',#515,.T.);
#326=FACE_OUTER_BOUND('',#516,.T.);
#327=FACE_OUTER_BOUND('',#517,.T.);
#328=FACE_OUTER_BOUND('',#518,.T.);
#329=FACE_OUTER_BOUND('',#519,.T.);
#330=FACE_OUTER_BOUND('',#520,.T.);
#331=FACE_OUTER_BOUND('',#521,.T.);
#332=FACE_OUTER_BOUND('',#522,.T.);
#333=FACE_OUTER_BOUND('',#523,.T.);
#334=FACE_OUTER_BOUND('',#524,.T.);
#335=FACE_OUTER_BOUND('',#525,.T.);
#336=FACE_OUTER_BOUND('',#526,.T.);
#337=FACE_OUTER_BOUND('',#527,.T.);
#338=FACE_OUTER_BOUND('',#528,.T.);
#339=FACE_OUTER_BOUND('',#529,.T.);
#340=FACE_OUTER_BOUND('',#530,.T.);
#341=FACE_OUTER_BOUND('',#531,.T.);
#342=FACE_OUTER_BOUND('',#532,.T.);
#343=FACE_OUTER_BOUND('',#533,.T.);
#344=FACE_OUTER_BOUND('',#534,.T.);
#345=FACE_OUTER_BOUND('',#535,.T.);
#346=FACE_OUTER_BOUND('',#536,.T.);
#347=FACE_OUTER_BOUND('',#537,.T.);
#348=FACE_OUTER_BOUND('',#538,.T.);
#349=FACE_OUTER_BOUND('',#539,.T.);
#350=FACE_OUTER_BOUND('',#540,.T.);
#351=FACE_OUTER_BOUND('',#541,.T.);
#352=FACE_OUTER_BOUND('',#542,.T.);
#353=FACE_OUTER_BOUND('',#543,.T.);
#354=FACE_OUTER_BOUND('',#544,.T.);
#355=FACE_OUTER_BOUND('',#545,.T.);
#356=FACE_OUTER_BOUND('',#546,.T.);
#357=FACE_OUTER_BOUND('',#548,.T.);
#358=FACE_OUTER_BOUND('',#549,.T.);
#359=FACE_OUTER_BOUND('',#551,.T.);
#360=FACE_OUTER_BOUND('',#552,.T.);
#361=FACE_OUTER_BOUND('',#554,.T.);
#362=FACE_OUTER_BOUND('',#555,.T.);
#363=FACE_OUTER_BOUND('',#557,.T.);
#364=FACE_OUTER_BOUND('',#558,.T.);
#365=FACE_OUTER_BOUND('',#559,.T.);
#366=FACE_OUTER_BOUND('',#560,.T.);
#367=FACE_OUTER_BOUND('',#561,.T.);
#368=FACE_OUTER_BOUND('',#562,.T.);
#369=FACE_OUTER_BOUND('',#563,.T.);
#370=FACE_OUTER_BOUND('',#564,.T.);
#371=FACE_OUTER_BOUND('',#565,.T.);
#372=FACE_OUTER_BOUND('',#566,.T.);
#373=FACE_OUTER_BOUND('',#567,.T.);
#374=FACE_OUTER_BOUND('',#568,.T.);
#375=FACE_OUTER_BOUND('',#569,.T.);
#376=FACE_OUTER_BOUND('',#570,.T.);
#377=FACE_OUTER_BOUND('',#571,.T.);
#378=FACE_OUTER_BOUND('',#572,.T.);
#379=FACE_OUTER_BOUND('',#573,.T.);
#380=FACE_OUTER_BOUND('',#574,.T.);
#381=FACE_OUTER_BOUND('',#575,.T.);
#382=FACE_OUTER_BOUND('',#576,.T.);
#383=FACE_OUTER_BOUND('',#577,.T.);
#384=FACE_OUTER_BOUND('',#578,.T.);
#385=FACE_OUTER_BOUND('',#580,.T.);
#386=FACE_OUTER_BOUND('',#581,.T.);
#387=FACE_OUTER_BOUND('',#583,.T.);
#388=FACE_OUTER_BOUND('',#584,.T.);
#389=FACE_OUTER_BOUND('',#586,.T.);
#390=FACE_OUTER_BOUND('',#587,.T.);
#391=FACE_OUTER_BOUND('',#589,.T.);
#392=FACE_OUTER_BOUND('',#590,.T.);
#393=FACE_OUTER_BOUND('',#592,.T.);
#394=FACE_OUTER_BOUND('',#593,.T.);
#395=FACE_OUTER_BOUND('',#594,.T.);
#396=FACE_OUTER_BOUND('',#595,.T.);
#397=FACE_OUTER_BOUND('',#596,.T.);
#398=FACE_OUTER_BOUND('',#597,.T.);
#399=FACE_OUTER_BOUND('',#598,.T.);
#400=FACE_OUTER_BOUND('',#599,.T.);
#401=FACE_OUTER_BOUND('',#600,.T.);
#402=FACE_OUTER_BOUND('',#606,.T.);
#403=FACE_OUTER_BOUND('',#607,.T.);
#404=FACE_OUTER_BOUND('',#608,.T.);
#405=FACE_OUTER_BOUND('',#609,.T.);
#406=FACE_OUTER_BOUND('',#610,.T.);
#407=FACE_OUTER_BOUND('',#611,.T.);
#408=FACE_OUTER_BOUND('',#612,.T.);
#409=FACE_OUTER_BOUND('',#613,.T.);
#410=FACE_OUTER_BOUND('',#614,.T.);
#411=FACE_OUTER_BOUND('',#615,.T.);
#412=FACE_OUTER_BOUND('',#616,.T.);
#413=FACE_OUTER_BOUND('',#617,.T.);
#414=FACE_OUTER_BOUND('',#618,.T.);
#415=FACE_OUTER_BOUND('',#619,.T.);
#416=FACE_OUTER_BOUND('',#620,.T.);
#417=FACE_OUTER_BOUND('',#621,.T.);
#418=FACE_OUTER_BOUND('',#622,.T.);
#419=FACE_OUTER_BOUND('',#623,.T.);
#420=FACE_OUTER_BOUND('',#624,.T.);
#421=FACE_OUTER_BOUND('',#625,.T.);
#422=FACE_OUTER_BOUND('',#626,.T.);
#423=FACE_OUTER_BOUND('',#627,.T.);
#424=FACE_OUTER_BOUND('',#628,.T.);
#425=FACE_OUTER_BOUND('',#629,.T.);
#426=FACE_OUTER_BOUND('',#630,.T.);
#427=FACE_OUTER_BOUND('',#631,.T.);
#428=FACE_OUTER_BOUND('',#632,.T.);
#429=FACE_OUTER_BOUND('',#633,.T.);
#430=FACE_OUTER_BOUND('',#634,.T.);
#431=FACE_OUTER_BOUND('',#635,.T.);
#432=FACE_OUTER_BOUND('',#636,.T.);
#433=FACE_OUTER_BOUND('',#637,.T.);
#434=FACE_OUTER_BOUND('',#638,.T.);
#435=FACE_OUTER_BOUND('',#639,.T.);
#436=FACE_OUTER_BOUND('',#640,.T.);
#437=FACE_OUTER_BOUND('',#641,.T.);
#438=FACE_OUTER_BOUND('',#642,.T.);
#439=FACE_OUTER_BOUND('',#643,.T.);
#440=FACE_OUTER_BOUND('',#644,.T.);
#441=FACE_OUTER_BOUND('',#645,.T.);
#442=FACE_OUTER_BOUND('',#646,.T.);
#443=FACE_OUTER_BOUND('',#647,.T.);
#444=FACE_OUTER_BOUND('',#648,.T.);
#445=FACE_OUTER_BOUND('',#649,.T.);
#446=FACE_OUTER_BOUND('',#650,.T.);
#447=FACE_OUTER_BOUND('',#651,.T.);
#448=FACE_OUTER_BOUND('',#652,.T.);
#449=FACE_OUTER_BOUND('',#653,.T.);
#450=EDGE_LOOP('',(#2144,#2145,#2146,#2147));
#451=EDGE_LOOP('',(#2148,#2149,#2150,#2151));
#452=EDGE_LOOP('',(#2152,#2153,#2154,#2155));
#453=EDGE_LOOP('',(#2156,#2157,#2158,#2159));
#454=EDGE_LOOP('',(#2160,#2161,#2162,#2163));
#455=EDGE_LOOP('',(#2164,#2165,#2166,#2167));
#456=EDGE_LOOP('',(#2168,#2169,#2170,#2171,#2172,#2173));
#457=EDGE_LOOP('',(#2174,#2175,#2176,#2177,#2178,#2179));
#458=EDGE_LOOP('',(#2180,#2181,#2182,#2183));
#459=EDGE_LOOP('',(#2184,#2185,#2186,#2187));
#460=EDGE_LOOP('',(#2188,#2189,#2190,#2191));
#461=EDGE_LOOP('',(#2192,#2193,#2194,#2195,#2196,#2197,#2198,#2199,#2200,
#2201));
#462=EDGE_LOOP('',(#2202,#2203,#2204,#2205,#2206,#2207,#2208,#2209,#2210,
#2211,#2212,#2213,#2214,#2215,#2216,#2217,#2218,#2219,#2220,#2221));
#463=EDGE_LOOP('',(#2222,#2223,#2224,#2225));
#464=EDGE_LOOP('',(#2226,#2227,#2228,#2229));
#465=EDGE_LOOP('',(#2230,#2231,#2232,#2233));
#466=EDGE_LOOP('',(#2234,#2235,#2236,#2237,#2238,#2239,#2240,#2241));
#467=EDGE_LOOP('',(#2242,#2243,#2244,#2245,#2246,#2247,#2248,#2249,#2250,
#2251,#2252,#2253,#2254,#2255,#2256,#2257,#2258,#2259,#2260,#2261,#2262,
#2263,#2264,#2265,#2266,#2267,#2268,#2269,#2270,#2271,#2272,#2273,#2274,
#2275,#2276,#2277,#2278,#2279,#2280,#2281,#2282,#2283,#2284,#2285,#2286,
#2287,#2288,#2289,#2290,#2291,#2292,#2293,#2294,#2295,#2296,#2297));
#468=EDGE_LOOP('',(#2298));
#469=EDGE_LOOP('',(#2299));
#470=EDGE_LOOP('',(#2300));
#471=EDGE_LOOP('',(#2301));
#472=EDGE_LOOP('',(#2302,#2303,#2304,#2305,#2306,#2307,#2308,#2309,#2310,
#2311,#2312,#2313));
#473=EDGE_LOOP('',(#2314,#2315,#2316,#2317));
#474=EDGE_LOOP('',(#2318,#2319,#2320,#2321,#2322,#2323,#2324,#2325,#2326));
#475=EDGE_LOOP('',(#2327,#2328,#2329,#2330));
#476=EDGE_LOOP('',(#2331,#2332,#2333,#2334));
#477=EDGE_LOOP('',(#2335,#2336,#2337,#2338));
#478=EDGE_LOOP('',(#2339,#2340,#2341,#2342));
#479=EDGE_LOOP('',(#2343,#2344,#2345,#2346));
#480=EDGE_LOOP('',(#2347,#2348,#2349,#2350));
#481=EDGE_LOOP('',(#2351,#2352,#2353,#2354,#2355,#2356));
#482=EDGE_LOOP('',(#2357,#2358,#2359,#2360,#2361,#2362));
#483=EDGE_LOOP('',(#2363,#2364,#2365,#2366));
#484=EDGE_LOOP('',(#2367,#2368,#2369,#2370,#2371,#2372,#2373,#2374,#2375,
#2376));
#485=EDGE_LOOP('',(#2377,#2378,#2379,#2380));
#486=EDGE_LOOP('',(#2381,#2382,#2383,#2384));
#487=EDGE_LOOP('',(#2385,#2386,#2387,#2388));
#488=EDGE_LOOP('',(#2389,#2390,#2391,#2392,#2393,#2394,#2395,#2396,#2397));
#489=EDGE_LOOP('',(#2398,#2399,#2400,#2401,#2402,#2403,#2404,#2405,#2406));
#490=EDGE_LOOP('',(#2407,#2408,#2409,#2410,#2411,#2412,#2413,#2414,#2415));
#491=EDGE_LOOP('',(#2416,#2417,#2418,#2419,#2420,#2421,#2422,#2423,#2424));
#492=EDGE_LOOP('',(#2425,#2426,#2427,#2428,#2429,#2430,#2431,#2432,#2433));
#493=EDGE_LOOP('',(#2434,#2435,#2436,#2437));
#494=EDGE_LOOP('',(#2438,#2439,#2440,#2441,#2442,#2443));
#495=EDGE_LOOP('',(#2444,#2445,#2446,#2447));
#496=EDGE_LOOP('',(#2448,#2449,#2450,#2451));
#497=EDGE_LOOP('',(#2452,#2453,#2454,#2455,#2456,#2457));
#498=EDGE_LOOP('',(#2458,#2459,#2460,#2461,#2462,#2463));
#499=EDGE_LOOP('',(#2464,#2465,#2466,#2467));
#500=EDGE_LOOP('',(#2468,#2469,#2470,#2471));
#501=EDGE_LOOP('',(#2472,#2473,#2474,#2475,#2476,#2477));
#502=EDGE_LOOP('',(#2478,#2479,#2480,#2481));
#503=EDGE_LOOP('',(#2482,#2483,#2484,#2485));
#504=EDGE_LOOP('',(#2486,#2487,#2488,#2489));
#505=EDGE_LOOP('',(#2490,#2491,#2492,#2493));
#506=EDGE_LOOP('',(#2494,#2495,#2496,#2497,#2498,#2499,#2500,#2501,#2502,
#2503,#2504,#2505,#2506,#2507));
#507=EDGE_LOOP('',(#2508,#2509,#2510,#2511));
#508=EDGE_LOOP('',(#2512,#2513,#2514,#2515,#2516,#2517));
#509=EDGE_LOOP('',(#2518,#2519,#2520,#2521));
#510=EDGE_LOOP('',(#2522,#2523,#2524,#2525,#2526,#2527,#2528,#2529,#2530,
#2531,#2532,#2533,#2534,#2535,#2536,#2537));
#511=EDGE_LOOP('',(#2538,#2539,#2540,#2541));
#512=EDGE_LOOP('',(#2542,#2543,#2544,#2545));
#513=EDGE_LOOP('',(#2546,#2547,#2548,#2549));
#514=EDGE_LOOP('',(#2550,#2551,#2552,#2553,#2554,#2555));
#515=EDGE_LOOP('',(#2556,#2557));
#516=EDGE_LOOP('',(#2558,#2559));
#517=EDGE_LOOP('',(#2560,#2561));
#518=EDGE_LOOP('',(#2562,#2563));
#519=EDGE_LOOP('',(#2564,#2565,#2566,#2567));
#520=EDGE_LOOP('',(#2568,#2569,#2570,#2571,#2572,#2573));
#521=EDGE_LOOP('',(#2574,#2575,#2576,#2577));
#522=EDGE_LOOP('',(#2578,#2579,#2580,#2581,#2582,#2583));
#523=EDGE_LOOP('',(#2584,#2585,#2586,#2587));
#524=EDGE_LOOP('',(#2588,#2589,#2590,#2591));
#525=EDGE_LOOP('',(#2592,#2593,#2594,#2595,#2596,#2597));
#526=EDGE_LOOP('',(#2598,#2599,#2600,#2601,#2602,#2603,#2604,#2605,#2606,
#2607,#2608,#2609));
#527=EDGE_LOOP('',(#2610,#2611,#2612,#2613,#2614,#2615,#2616,#2617,#2618,
#2619,#2620,#2621));
#528=EDGE_LOOP('',(#2622,#2623,#2624,#2625,#2626));
#529=EDGE_LOOP('',(#2627,#2628,#2629,#2630));
#530=EDGE_LOOP('',(#2631,#2632,#2633,#2634));
#531=EDGE_LOOP('',(#2635,#2636,#2637,#2638,#2639,#2640,#2641,#2642,#2643,
#2644,#2645,#2646));
#532=EDGE_LOOP('',(#2647,#2648,#2649,#2650,#2651,#2652,#2653,#2654,#2655,
#2656,#2657,#2658));
#533=EDGE_LOOP('',(#2659,#2660,#2661,#2662));
#534=EDGE_LOOP('',(#2663,#2664,#2665,#2666,#2667));
#535=EDGE_LOOP('',(#2668,#2669,#2670,#2671));
#536=EDGE_LOOP('',(#2672,#2673,#2674,#2675));
#537=EDGE_LOOP('',(#2676,#2677,#2678,#2679));
#538=EDGE_LOOP('',(#2680));
#539=EDGE_LOOP('',(#2681,#2682,#2683,#2684));
#540=EDGE_LOOP('',(#2685));
#541=EDGE_LOOP('',(#2686,#2687,#2688,#2689));
#542=EDGE_LOOP('',(#2690));
#543=EDGE_LOOP('',(#2691,#2692,#2693,#2694));
#544=EDGE_LOOP('',(#2695));
#545=EDGE_LOOP('',(#2696,#2697,#2698,#2699));
#546=EDGE_LOOP('',(#2700));
#547=EDGE_LOOP('',(#2701));
#548=EDGE_LOOP('',(#2702,#2703,#2704,#2705));
#549=EDGE_LOOP('',(#2706));
#550=EDGE_LOOP('',(#2707));
#551=EDGE_LOOP('',(#2708,#2709,#2710,#2711));
#552=EDGE_LOOP('',(#2712));
#553=EDGE_LOOP('',(#2713));
#554=EDGE_LOOP('',(#2714,#2715,#2716,#2717));
#555=EDGE_LOOP('',(#2718));
#556=EDGE_LOOP('',(#2719));
#557=EDGE_LOOP('',(#2720,#2721,#2722,#2723));
#558=EDGE_LOOP('',(#2724,#2725,#2726,#2727));
#559=EDGE_LOOP('',(#2728,#2729,#2730,#2731));
#560=EDGE_LOOP('',(#2732,#2733,#2734,#2735));
#561=EDGE_LOOP('',(#2736,#2737,#2738,#2739,#2740,#2741,#2742,#2743,#2744,
#2745,#2746));
#562=EDGE_LOOP('',(#2747,#2748,#2749,#2750));
#563=EDGE_LOOP('',(#2751,#2752,#2753,#2754));
#564=EDGE_LOOP('',(#2755,#2756,#2757,#2758));
#565=EDGE_LOOP('',(#2759,#2760,#2761,#2762));
#566=EDGE_LOOP('',(#2763,#2764,#2765,#2766));
#567=EDGE_LOOP('',(#2767,#2768,#2769,#2770));
#568=EDGE_LOOP('',(#2771,#2772,#2773,#2774));
#569=EDGE_LOOP('',(#2775,#2776,#2777,#2778));
#570=EDGE_LOOP('',(#2779,#2780,#2781,#2782));
#571=EDGE_LOOP('',(#2783,#2784,#2785,#2786));
#572=EDGE_LOOP('',(#2787,#2788,#2789,#2790));
#573=EDGE_LOOP('',(#2791,#2792,#2793,#2794));
#574=EDGE_LOOP('',(#2795,#2796,#2797,#2798));
#575=EDGE_LOOP('',(#2799,#2800,#2801,#2802));
#576=EDGE_LOOP('',(#2803,#2804,#2805,#2806));
#577=EDGE_LOOP('',(#2807,#2808,#2809,#2810));
#578=EDGE_LOOP('',(#2811,#2812,#2813,#2814,#2815,#2816,#2817,#2818));
#579=EDGE_LOOP('',(#2819,#2820,#2821,#2822,#2823,#2824,#2825,#2826));
#580=EDGE_LOOP('',(#2827,#2828,#2829,#2830));
#581=EDGE_LOOP('',(#2831));
#582=EDGE_LOOP('',(#2832));
#583=EDGE_LOOP('',(#2833,#2834,#2835,#2836));
#584=EDGE_LOOP('',(#2837));
#585=EDGE_LOOP('',(#2838));
#586=EDGE_LOOP('',(#2839,#2840,#2841,#2842));
#587=EDGE_LOOP('',(#2843));
#588=EDGE_LOOP('',(#2844));
#589=EDGE_LOOP('',(#2845,#2846,#2847,#2848));
#590=EDGE_LOOP('',(#2849));
#591=EDGE_LOOP('',(#2850));
#592=EDGE_LOOP('',(#2851,#2852,#2853,#2854,#2855,#2856));
#593=EDGE_LOOP('',(#2857,#2858,#2859,#2860,#2861));
#594=EDGE_LOOP('',(#2862,#2863,#2864,#2865,#2866,#2867));
#595=EDGE_LOOP('',(#2868,#2869,#2870,#2871,#2872,#2873,#2874,#2875));
#596=EDGE_LOOP('',(#2876,#2877,#2878,#2879,#2880));
#597=EDGE_LOOP('',(#2881,#2882,#2883,#2884));
#598=EDGE_LOOP('',(#2885,#2886,#2887,#2888));
#599=EDGE_LOOP('',(#2889,#2890,#2891,#2892));
#600=EDGE_LOOP('',(#2893,#2894,#2895,#2896,#2897,#2898,#2899,#2900,#2901,
#2902,#2903,#2904,#2905,#2906,#2907,#2908));
#601=EDGE_LOOP('',(#2909,#2910,#2911,#2912,#2913,#2914,#2915,#2916));
#602=EDGE_LOOP('',(#2917));
#603=EDGE_LOOP('',(#2918));
#604=EDGE_LOOP('',(#2919));
#605=EDGE_LOOP('',(#2920));
#606=EDGE_LOOP('',(#2921,#2922,#2923,#2924,#2925));
#607=EDGE_LOOP('',(#2926,#2927,#2928,#2929));
#608=EDGE_LOOP('',(#2930,#2931,#2932,#2933,#2934,#2935));
#609=EDGE_LOOP('',(#2936,#2937,#2938,#2939));
#610=EDGE_LOOP('',(#2940,#2941,#2942,#2943));
#611=EDGE_LOOP('',(#2944,#2945,#2946,#2947));
#612=EDGE_LOOP('',(#2948,#2949,#2950,#2951));
#613=EDGE_LOOP('',(#2952,#2953,#2954,#2955));
#614=EDGE_LOOP('',(#2956,#2957,#2958,#2959));
#615=EDGE_LOOP('',(#2960,#2961,#2962,#2963));
#616=EDGE_LOOP('',(#2964,#2965,#2966,#2967));
#617=EDGE_LOOP('',(#2968,#2969,#2970,#2971));
#618=EDGE_LOOP('',(#2972,#2973,#2974,#2975));
#619=EDGE_LOOP('',(#2976,#2977,#2978,#2979,#2980,#2981,#2982,#2983));
#620=EDGE_LOOP('',(#2984,#2985,#2986,#2987));
#621=EDGE_LOOP('',(#2988,#2989,#2990,#2991));
#622=EDGE_LOOP('',(#2992,#2993,#2994,#2995));
#623=EDGE_LOOP('',(#2996,#2997,#2998,#2999));
#624=EDGE_LOOP('',(#3000,#3001,#3002,#3003));
#625=EDGE_LOOP('',(#3004,#3005,#3006,#3007));
#626=EDGE_LOOP('',(#3008,#3009,#3010,#3011));
#627=EDGE_LOOP('',(#3012,#3013,#3014,#3015));
#628=EDGE_LOOP('',(#3016,#3017,#3018,#3019));
#629=EDGE_LOOP('',(#3020,#3021,#3022,#3023));
#630=EDGE_LOOP('',(#3024,#3025,#3026,#3027));
#631=EDGE_LOOP('',(#3028,#3029,#3030,#3031));
#632=EDGE_LOOP('',(#3032,#3033,#3034,#3035));
#633=EDGE_LOOP('',(#3036,#3037,#3038,#3039));
#634=EDGE_LOOP('',(#3040,#3041,#3042,#3043,#3044));
#635=EDGE_LOOP('',(#3045,#3046,#3047,#3048,#3049));
#636=EDGE_LOOP('',(#3050,#3051,#3052,#3053));
#637=EDGE_LOOP('',(#3054,#3055,#3056,#3057));
#638=EDGE_LOOP('',(#3058,#3059,#3060,#3061));
#639=EDGE_LOOP('',(#3062,#3063,#3064,#3065));
#640=EDGE_LOOP('',(#3066,#3067,#3068,#3069));
#641=EDGE_LOOP('',(#3070,#3071,#3072,#3073));
#642=EDGE_LOOP('',(#3074,#3075,#3076,#3077));
#643=EDGE_LOOP('',(#3078,#3079,#3080,#3081,#3082));
#644=EDGE_LOOP('',(#3083,#3084,#3085,#3086));
#645=EDGE_LOOP('',(#3087,#3088,#3089,#3090));
#646=EDGE_LOOP('',(#3091,#3092,#3093,#3094));
#647=EDGE_LOOP('',(#3095,#3096,#3097,#3098));
#648=EDGE_LOOP('',(#3099,#3100,#3101,#3102));
#649=EDGE_LOOP('',(#3103,#3104,#3105,#3106));
#650=EDGE_LOOP('',(#3107,#3108,#3109,#3110));
#651=EDGE_LOOP('',(#3111,#3112,#3113,#3114));
#652=EDGE_LOOP('',(#3115,#3116,#3117,#3118));
#653=EDGE_LOOP('',(#3119,#3120,#3121,#3122,#3123,#3124,#3125,#3126));
#654=EDGE_LOOP('',(#3127));
#655=EDGE_LOOP('',(#3128));
#656=EDGE_LOOP('',(#3129));
#657=EDGE_LOOP('',(#3130));
#658=EDGE_LOOP('',(#3131));
#659=LINE('',#4822,#992);
#660=LINE('',#4824,#993);
#661=LINE('',#4826,#994);
#662=LINE('',#4827,#995);
#663=LINE('',#4830,#996);
#664=LINE('',#4832,#997);
#665=LINE('',#4833,#998);
#666=LINE('',#4836,#999);
#667=LINE('',#4837,#1000);
#668=LINE('',#4840,#1001);
#669=LINE('',#4841,#1002);
#670=LINE('',#4843,#1003);
#671=LINE('',#4847,#1004);
#672=LINE('',#4848,#1005);
#673=LINE('',#4849,#1006);
#674=LINE('',#4852,#1007);
#675=LINE('',#4854,#1008);
#676=LINE('',#4856,#1009);
#677=LINE('',#4857,#1010);
#678=LINE('',#4860,#1011);
#679=LINE('',#4862,#1012);
#680=LINE('',#4864,#1013);
#681=LINE('',#4865,#1014);
#682=LINE('',#4868,#1015);
#683=LINE('',#4870,#1016);
#684=LINE('',#4871,#1017);
#685=LINE('',#4874,#1018);
#686=LINE('',#4876,#1019);
#687=LINE('',#4877,#1020);
#688=LINE('',#4880,#1021);
#689=LINE('',#4881,#1022);
#690=LINE('',#4884,#1023);
#691=LINE('',#4888,#1024);
#692=LINE('',#4892,#1025);
#693=LINE('',#4896,#1026);
#694=LINE('',#4901,#1027);
#695=LINE('',#4902,#1028);
#696=LINE('',#4904,#1029);
#697=LINE('',#4906,#1030);
#698=LINE('',#4908,#1031);
#699=LINE('',#4910,#1032);
#700=LINE('',#4912,#1033);
#701=LINE('',#4914,#1034);
#702=LINE('',#4916,#1035);
#703=LINE('',#4918,#1036);
#704=LINE('',#4920,#1037);
#705=LINE('',#4922,#1038);
#706=LINE('',#4924,#1039);
#707=LINE('',#4926,#1040);
#708=LINE('',#4927,#1041);
#709=LINE('',#4930,#1042);
#710=LINE('',#4932,#1043);
#711=LINE('',#4933,#1044);
#712=LINE('',#4936,#1045);
#713=LINE('',#4938,#1046);
#714=LINE('',#4939,#1047);
#715=LINE('',#4941,#1048);
#716=LINE('',#4945,#1049);
#717=LINE('',#4949,#1050);
#718=LINE('',#4953,#1051);
#719=LINE('',#4957,#1052);
#720=LINE('',#4962,#1053);
#721=LINE('',#4966,#1054);
#722=LINE('',#4970,#1055);
#723=LINE('',#4974,#1056);
#724=LINE('',#4978,#1057);
#725=LINE('',#4982,#1058);
#726=LINE('',#4986,#1059);
#727=LINE('',#4990,#1060);
#728=LINE('',#4994,#1061);
#729=LINE('',#4998,#1062);
#730=LINE('',#5002,#1063);
#731=LINE('',#5006,#1064);
#732=LINE('',#5010,#1065);
#733=LINE('',#5014,#1066);
#734=LINE('',#5018,#1067);
#735=LINE('',#5022,#1068);
#736=LINE('',#5026,#1069);
#737=LINE('',#5030,#1070);
#738=LINE('',#5034,#1071);
#739=LINE('',#5038,#1072);
#740=LINE('',#5042,#1073);
#741=LINE('',#5046,#1074);
#742=LINE('',#5050,#1075);
#743=LINE('',#5054,#1076);
#744=LINE('',#5056,#1077);
#745=LINE('',#5058,#1078);
#746=LINE('',#5059,#1079);
#747=LINE('',#5070,#1080);
#748=LINE('',#5072,#1081);
#749=LINE('',#5074,#1082);
#750=LINE('',#5076,#1083);
#751=LINE('',#5078,#1084);
#752=LINE('',#5080,#1085);
#753=LINE('',#5082,#1086);
#754=LINE('',#5084,#1087);
#755=LINE('',#5085,#1088);
#756=LINE('',#5087,#1089);
#757=LINE('',#5092,#1090);
#758=LINE('',#5096,#1091);
#759=LINE('',#5103,#1092);
#760=LINE('',#5105,#1093);
#761=LINE('',#5107,#1094);
#762=LINE('',#5108,#1095);
#763=LINE('',#5111,#1096);
#764=LINE('',#5112,#1097);
#765=LINE('',#5113,#1098);
#766=LINE('',#5116,#1099);
#767=LINE('',#5117,#1100);
#768=LINE('',#5119,#1101);
#769=LINE('',#5120,#1102);
#770=LINE('',#5123,#1103);
#771=LINE('',#5124,#1104);
#772=LINE('',#5127,#1105);
#773=LINE('',#5128,#1106);
#774=LINE('',#5132,#1107);
#775=LINE('',#5133,#1108);
#776=LINE('',#5138,#1109);
#777=LINE('',#5142,#1110);
#778=LINE('',#5146,#1111);
#779=LINE('',#5149,#1112);
#780=LINE('',#5151,#1113);
#781=LINE('',#5152,#1114);
#782=LINE('',#5160,#1115);
#783=LINE('',#5164,#1116);
#784=LINE('',#5170,#1117);
#785=LINE('',#5173,#1118);
#786=LINE('',#5174,#1119);
#787=LINE('',#5175,#1120);
#788=LINE('',#5183,#1121);
#789=LINE('',#5186,#1122);
#790=LINE('',#5188,#1123);
#791=LINE('',#5191,#1124);
#792=LINE('',#5195,#1125);
#793=LINE('',#5196,#1126);
#794=LINE('',#5198,#1127);
#795=LINE('',#5201,#1128);
#796=LINE('',#5209,#1129);
#797=LINE('',#5212,#1130);
#798=LINE('',#5214,#1131);
#799=LINE('',#5217,#1132);
#800=LINE('',#5220,#1133);
#801=LINE('',#5221,#1134);
#802=LINE('',#5224,#1135);
#803=LINE('',#5225,#1136);
#804=LINE('',#5227,#1137);
#805=LINE('',#5228,#1138);
#806=LINE('',#5231,#1139);
#807=LINE('',#5232,#1140);
#808=LINE('',#5235,#1141);
#809=LINE('',#5236,#1142);
#810=LINE('',#5239,#1143);
#811=LINE('',#5241,#1144);
#812=LINE('',#5243,#1145);
#813=LINE('',#5245,#1146);
#814=LINE('',#5246,#1147);
#815=LINE('',#5249,#1148);
#816=LINE('',#5250,#1149);
#817=LINE('',#5252,#1150);
#818=LINE('',#5253,#1151);
#819=LINE('',#5256,#1152);
#820=LINE('',#5259,#1153);
#821=LINE('',#5262,#1154);
#822=LINE('',#5266,#1155);
#823=LINE('',#5267,#1156);
#824=LINE('',#5268,#1157);
#825=LINE('',#5271,#1158);
#826=LINE('',#5276,#1159);
#827=LINE('',#5279,#1160);
#828=LINE('',#5282,#1161);
#829=LINE('',#5289,#1162);
#830=LINE('',#5294,#1163);
#831=LINE('',#5296,#1164);
#832=LINE('',#5300,#1165);
#833=LINE('',#5303,#1166);
#834=LINE('',#5306,#1167);
#835=LINE('',#5310,#1168);
#836=LINE('',#5311,#1169);
#837=LINE('',#5312,#1170);
#838=LINE('',#5315,#1171);
#839=LINE('',#5321,#1172);
#840=LINE('',#5324,#1173);
#841=LINE('',#5326,#1174);
#842=LINE('',#5330,#1175);
#843=LINE('',#5334,#1176);
#844=LINE('',#5338,#1177);
#845=LINE('',#5343,#1178);
#846=LINE('',#5346,#1179);
#847=LINE('',#5348,#1180);
#848=LINE('',#5349,#1181);
#849=LINE('',#5351,#1182);
#850=LINE('',#5353,#1183);
#851=LINE('',#5356,#1184);
#852=LINE('',#5361,#1185);
#853=LINE('',#5366,#1186);
#854=LINE('',#5373,#1187);
#855=LINE('',#5375,#1188);
#856=LINE('',#5376,#1189);
#857=LINE('',#5379,#1190);
#858=LINE('',#5382,#1191);
#859=LINE('',#5384,#1192);
#860=LINE('',#5385,#1193);
#861=LINE('',#5388,#1194);
#862=LINE('',#5391,#1195);
#863=LINE('',#5392,#1196);
#864=LINE('',#5395,#1197);
#865=LINE('',#5396,#1198);
#866=LINE('',#5399,#1199);
#867=LINE('',#5402,#1200);
#868=LINE('',#5405,#1201);
#869=LINE('',#5409,#1202);
#870=LINE('',#5412,#1203);
#871=LINE('',#5415,#1204);
#872=LINE('',#5419,#1205);
#873=LINE('',#5422,#1206);
#874=LINE('',#5425,#1207);
#875=LINE('',#5429,#1208);
#876=LINE('',#5433,#1209);
#877=LINE('',#5434,#1210);
#878=LINE('',#5436,#1211);
#879=LINE('',#5439,#1212);
#880=LINE('',#5443,#1213);
#881=LINE('',#5446,#1214);
#882=LINE('',#5449,#1215);
#883=LINE('',#5453,#1216);
#884=LINE('',#5456,#1217);
#885=LINE('',#5460,#1218);
#886=LINE('',#5463,#1219);
#887=LINE('',#5466,#1220);
#888=LINE('',#5469,#1221);
#889=LINE('',#5470,#1222);
#890=LINE('',#5472,#1223);
#891=LINE('',#5477,#1224);
#892=LINE('',#5484,#1225);
#893=LINE('',#5491,#1226);
#894=LINE('',#5498,#1227);
#895=LINE('',#5505,#1228);
#896=LINE('',#5514,#1229);
#897=LINE('',#5523,#1230);
#898=LINE('',#5532,#1231);
#899=LINE('',#5538,#1232);
#900=LINE('',#5540,#1233);
#901=LINE('',#5542,#1234);
#902=LINE('',#5544,#1235);
#903=LINE('',#5805,#1236);
#904=LINE('',#5809,#1237);
#905=LINE('',#5813,#1238);
#906=LINE('',#5817,#1239);
#907=LINE('',#5820,#1240);
#908=LINE('',#5823,#1241);
#909=LINE('',#5825,#1242);
#910=LINE('',#5826,#1243);
#911=LINE('',#5829,#1244);
#912=LINE('',#5833,#1245);
#913=LINE('',#5834,#1246);
#914=LINE('',#5837,#1247);
#915=LINE('',#5841,#1248);
#916=LINE('',#5842,#1249);
#917=LINE('',#5845,#1250);
#918=LINE('',#5849,#1251);
#919=LINE('',#5850,#1252);
#920=LINE('',#5856,#1253);
#921=LINE('',#5858,#1254);
#922=LINE('',#5860,#1255);
#923=LINE('',#5861,#1256);
#924=LINE('',#5867,#1257);
#925=LINE('',#5870,#1258);
#926=LINE('',#5872,#1259);
#927=LINE('',#5873,#1260);
#928=LINE('',#5879,#1261);
#929=LINE('',#5882,#1262);
#930=LINE('',#5884,#1263);
#931=LINE('',#5885,#1264);
#932=LINE('',#5890,#1265);
#933=LINE('',#5894,#1266);
#934=LINE('',#5896,#1267);
#935=LINE('',#5897,#1268);
#936=LINE('',#5906,#1269);
#937=LINE('',#5913,#1270);
#938=LINE('',#5920,#1271);
#939=LINE('',#5927,#1272);
#940=LINE('',#5931,#1273);
#941=LINE('',#5932,#1274);
#942=LINE('',#5935,#1275);
#943=LINE('',#5936,#1276);
#944=LINE('',#5938,#1277);
#945=LINE('',#5941,#1278);
#946=LINE('',#5943,#1279);
#947=LINE('',#5944,#1280);
#948=LINE('',#5945,#1281);
#949=LINE('',#5948,#1282);
#950=LINE('',#5949,#1283);
#951=LINE('',#5951,#1284);
#952=LINE('',#5952,#1285);
#953=LINE('',#5955,#1286);
#954=LINE('',#5956,#1287);
#955=LINE('',#5958,#1288);
#956=LINE('',#5960,#1289);
#957=LINE('',#5964,#1290);
#958=LINE('',#5968,#1291);
#959=LINE('',#5971,#1292);
#960=LINE('',#5975,#1293);
#961=LINE('',#5977,#1294);
#962=LINE('',#5978,#1295);
#963=LINE('',#5982,#1296);
#964=LINE('',#5985,#1297);
#965=LINE('',#5989,#1298);
#966=LINE('',#5994,#1299);
#967=LINE('',#5998,#1300);
#968=LINE('',#6000,#1301);
#969=LINE('',#6004,#1302);
#970=LINE('',#6006,#1303);
#971=LINE('',#6008,#1304);
#972=LINE('',#6011,#1305);
#973=LINE('',#6013,#1306);
#974=LINE('',#6023,#1307);
#975=LINE('',#6025,#1308);
#976=LINE('',#6028,#1309);
#977=LINE('',#6039,#1310);
#978=LINE('',#6041,#1311);
#979=LINE('',#6042,#1312);
#980=LINE('',#6045,#1313);
#981=LINE('',#6049,#1314);
#982=LINE('',#6050,#1315);
#983=LINE('',#6053,#1316);
#984=LINE('',#6056,#1317);
#985=LINE('',#6058,#1318);
#986=LINE('',#6060,#1319);
#987=LINE('',#6067,#1320);
#988=LINE('',#6070,#1321);
#989=LINE('',#6071,#1322);
#990=LINE('',#6075,#1323);
#991=LINE('',#6077,#1324);
#992=VECTOR('',#3799,1.);
#993=VECTOR('',#3800,1.);
#994=VECTOR('',#3801,1.);
#995=VECTOR('',#3802,1.);
#996=VECTOR('',#3805,1.);
#997=VECTOR('',#3806,1.);
#998=VECTOR('',#3807,1.);
#999=VECTOR('',#3810,1.);
#1000=VECTOR('',#3811,1.);
#1001=VECTOR('',#3814,1.);
#1002=VECTOR('',#3815,1.);
#1003=VECTOR('',#3818,1.);
#1004=VECTOR('',#3821,1.);
#1005=VECTOR('',#3822,1.);
#1006=VECTOR('',#3823,1.);
#1007=VECTOR('',#3826,1.);
#1008=VECTOR('',#3827,1.);
#1009=VECTOR('',#3828,1.);
#1010=VECTOR('',#3829,1.);
#1011=VECTOR('',#3832,1.);
#1012=VECTOR('',#3833,1.);
#1013=VECTOR('',#3834,1.);
#1014=VECTOR('',#3835,1.);
#1015=VECTOR('',#3838,1.);
#1016=VECTOR('',#3839,1.);
#1017=VECTOR('',#3840,1.);
#1018=VECTOR('',#3843,1.);
#1019=VECTOR('',#3844,1.);
#1020=VECTOR('',#3845,1.);
#1021=VECTOR('',#3848,1.);
#1022=VECTOR('',#3849,1.);
#1023=VECTOR('',#3852,1.);
#1024=VECTOR('',#3855,1.);
#1025=VECTOR('',#3858,1.);
#1026=VECTOR('',#3861,1.);
#1027=VECTOR('',#3866,1.);
#1028=VECTOR('',#3867,1.);
#1029=VECTOR('',#3868,1.);
#1030=VECTOR('',#3869,1.);
#1031=VECTOR('',#3870,1.);
#1032=VECTOR('',#3871,1.);
#1033=VECTOR('',#3872,1.);
#1034=VECTOR('',#3873,1.);
#1035=VECTOR('',#3874,1.);
#1036=VECTOR('',#3875,1.);
#1037=VECTOR('',#3876,1.);
#1038=VECTOR('',#3877,1.);
#1039=VECTOR('',#3878,1.);
#1040=VECTOR('',#3879,1.);
#1041=VECTOR('',#3880,1.);
#1042=VECTOR('',#3883,1.);
#1043=VECTOR('',#3884,1.);
#1044=VECTOR('',#3885,1.);
#1045=VECTOR('',#3888,1.);
#1046=VECTOR('',#3889,1.);
#1047=VECTOR('',#3890,1.);
#1048=VECTOR('',#3893,1.);
#1049=VECTOR('',#3896,1.);
#1050=VECTOR('',#3899,1.);
#1051=VECTOR('',#3902,1.);
#1052=VECTOR('',#3905,1.);
#1053=VECTOR('',#3910,1.);
#1054=VECTOR('',#3913,1.);
#1055=VECTOR('',#3916,1.);
#1056=VECTOR('',#3919,1.);
#1057=VECTOR('',#3922,1.);
#1058=VECTOR('',#3925,1.);
#1059=VECTOR('',#3928,1.);
#1060=VECTOR('',#3931,1.);
#1061=VECTOR('',#3934,1.);
#1062=VECTOR('',#3937,1.);
#1063=VECTOR('',#3940,1.);
#1064=VECTOR('',#3943,1.);
#1065=VECTOR('',#3946,1.);
#1066=VECTOR('',#3949,1.);
#1067=VECTOR('',#3952,1.);
#1068=VECTOR('',#3955,1.);
#1069=VECTOR('',#3958,1.);
#1070=VECTOR('',#3961,1.);
#1071=VECTOR('',#3964,1.);
#1072=VECTOR('',#3967,1.);
#1073=VECTOR('',#3970,1.);
#1074=VECTOR('',#3973,1.);
#1075=VECTOR('',#3976,1.);
#1076=VECTOR('',#3979,1.);
#1077=VECTOR('',#3980,1.);
#1078=VECTOR('',#3981,1.);
#1079=VECTOR('',#3982,1.);
#1080=VECTOR('',#3993,1.);
#1081=VECTOR('',#3994,1.);
#1082=VECTOR('',#3995,1.);
#1083=VECTOR('',#3996,1.);
#1084=VECTOR('',#3997,1.);
#1085=VECTOR('',#3998,1.);
#1086=VECTOR('',#3999,1.);
#1087=VECTOR('',#4000,1.);
#1088=VECTOR('',#4001,1.);
#1089=VECTOR('',#4004,1.);
#1090=VECTOR('',#4009,1.);
#1091=VECTOR('',#4012,1.);
#1092=VECTOR('',#4019,1.);
#1093=VECTOR('',#4020,1.);
#1094=VECTOR('',#4021,1.);
#1095=VECTOR('',#4022,1.);
#1096=VECTOR('',#4025,1.);
#1097=VECTOR('',#4026,1.);
#1098=VECTOR('',#4027,1.);
#1099=VECTOR('',#4030,1.);
#1100=VECTOR('',#4031,1.);
#1101=VECTOR('',#4034,1.);
#1102=VECTOR('',#4035,1.);
#1103=VECTOR('',#4040,1.);
#1104=VECTOR('',#4041,1.);
#1105=VECTOR('',#4044,1.);
#1106=VECTOR('',#4045,1.);
#1107=VECTOR('',#4050,1.);
#1108=VECTOR('',#4051,1.);
#1109=VECTOR('',#4056,1.);
#1110=VECTOR('',#4059,1.);
#1111=VECTOR('',#4062,1.);
#1112=VECTOR('',#4067,1.);
#1113=VECTOR('',#4070,1.);
#1114=VECTOR('',#4071,1.);
#1115=VECTOR('',#4080,1.);
#1116=VECTOR('',#4083,1.);
#1117=VECTOR('',#4090,1.);
#1118=VECTOR('',#4093,1.);
#1119=VECTOR('',#4094,1.);
#1120=VECTOR('',#4095,1.);
#1121=VECTOR('',#4102,1.);
#1122=VECTOR('',#4105,1.);
#1123=VECTOR('',#4106,1.);
#1124=VECTOR('',#4109,1.);
#1125=VECTOR('',#4114,1.);
#1126=VECTOR('',#4115,1.);
#1127=VECTOR('',#4116,1.);
#1128=VECTOR('',#4119,1.);
#1129=VECTOR('',#4126,1.);
#1130=VECTOR('',#4129,1.);
#1131=VECTOR('',#4130,1.);
#1132=VECTOR('',#4133,1.);
#1133=VECTOR('',#4136,1.);
#1134=VECTOR('',#4137,1.);
#1135=VECTOR('',#4140,1.);
#1136=VECTOR('',#4141,1.);
#1137=VECTOR('',#4142,1.);
#1138=VECTOR('',#4143,1.);
#1139=VECTOR('',#4146,1.);
#1140=VECTOR('',#4147,1.);
#1141=VECTOR('',#4150,1.);
#1142=VECTOR('',#4151,1.);
#1143=VECTOR('',#4154,1.);
#1144=VECTOR('',#4155,1.);
#1145=VECTOR('',#4156,1.);
#1146=VECTOR('',#4157,1.);
#1147=VECTOR('',#4158,1.);
#1148=VECTOR('',#4161,1.);
#1149=VECTOR('',#4162,1.);
#1150=VECTOR('',#4163,1.);
#1151=VECTOR('',#4164,1.);
#1152=VECTOR('',#4167,1.);
#1153=VECTOR('',#4170,1.);
#1154=VECTOR('',#4173,1.);
#1155=VECTOR('',#4178,1.);
#1156=VECTOR('',#4179,1.);
#1157=VECTOR('',#4180,1.);
#1158=VECTOR('',#4183,1.);
#1159=VECTOR('',#4192,1.);
#1160=VECTOR('',#4195,1.);
#1161=VECTOR('',#4198,1.);
#1162=VECTOR('',#4205,1.);
#1163=VECTOR('',#4210,1.);
#1164=VECTOR('',#4211,1.);
#1165=VECTOR('',#4214,1.);
#1166=VECTOR('',#4217,1.);
#1167=VECTOR('',#4220,1.);
#1168=VECTOR('',#4225,1.);
#1169=VECTOR('',#4226,1.);
#1170=VECTOR('',#4227,1.);
#1171=VECTOR('',#4230,1.);
#1172=VECTOR('',#4237,1.);
#1173=VECTOR('',#4240,1.);
#1174=VECTOR('',#4241,1.);
#1175=VECTOR('',#4244,1.);
#1176=VECTOR('',#4247,1.);
#1177=VECTOR('',#4250,1.);
#1178=VECTOR('',#4259,1.);
#1179=VECTOR('',#4262,1.);
#1180=VECTOR('',#4263,1.);
#1181=VECTOR('',#4264,1.);
#1182=VECTOR('',#4267,1.);
#1183=VECTOR('',#4268,1.);
#1184=VECTOR('',#4271,1.);
#1185=VECTOR('',#4276,1.);
#1186=VECTOR('',#4281,1.);
#1187=VECTOR('',#4290,1.);
#1188=VECTOR('',#4293,1.);
#1189=VECTOR('',#4294,1.);
#1190=VECTOR('',#4297,1.);
#1191=VECTOR('',#4300,1.);
#1192=VECTOR('',#4303,1.);
#1193=VECTOR('',#4304,1.);
#1194=VECTOR('',#4307,1.);
#1195=VECTOR('',#4310,1.);
#1196=VECTOR('',#4311,1.);
#1197=VECTOR('',#4316,1.);
#1198=VECTOR('',#4317,1.);
#1199=VECTOR('',#4320,1.);
#1200=VECTOR('',#4323,1.);
#1201=VECTOR('',#4326,1.);
#1202=VECTOR('',#4329,1.);
#1203=VECTOR('',#4332,1.);
#1204=VECTOR('',#4335,1.);
#1205=VECTOR('',#4338,1.);
#1206=VECTOR('',#4341,1.);
#1207=VECTOR('',#4344,1.);
#1208=VECTOR('',#4347,1.);
#1209=VECTOR('',#4352,1.);
#1210=VECTOR('',#4353,1.);
#1211=VECTOR('',#4356,1.);
#1212=VECTOR('',#4359,1.);
#1213=VECTOR('',#4362,1.);
#1214=VECTOR('',#4365,1.);
#1215=VECTOR('',#4368,1.);
#1216=VECTOR('',#4371,1.);
#1217=VECTOR('',#4374,1.);
#1218=VECTOR('',#4379,1.);
#1219=VECTOR('',#4382,1.);
#1220=VECTOR('',#4385,1.);
#1221=VECTOR('',#4388,1.);
#1222=VECTOR('',#4389,1.);
#1223=VECTOR('',#4392,1.);
#1224=VECTOR('',#4397,0.2);
#1225=VECTOR('',#4406,0.2);
#1226=VECTOR('',#4415,0.2);
#1227=VECTOR('',#4424,0.2);
#1228=VECTOR('',#4433,0.32);
#1229=VECTOR('',#4444,0.32);
#1230=VECTOR('',#4455,0.32);
#1231=VECTOR('',#4466,0.32);
#1232=VECTOR('',#4475,0.17);
#1233=VECTOR('',#4478,0.17);
#1234=VECTOR('',#4481,0.17);
#1235=VECTOR('',#4484,0.17);
#1236=VECTOR('',#4485,0.0740223277126566);
#1237=VECTOR('',#4488,1.);
#1238=VECTOR('',#4491,1.);
#1239=VECTOR('',#4494,1.);
#1240=VECTOR('',#4497,1.);
#1241=VECTOR('',#4500,1.);
#1242=VECTOR('',#4501,1.);
#1243=VECTOR('',#4502,1.);
#1244=VECTOR('',#4505,1.);
#1245=VECTOR('',#4510,1.);
#1246=VECTOR('',#4511,1.);
#1247=VECTOR('',#4514,1.);
#1248=VECTOR('',#4519,1.);
#1249=VECTOR('',#4520,1.);
#1250=VECTOR('',#4523,1.);
#1251=VECTOR('',#4528,1.);
#1252=VECTOR('',#4529,1.);
#1253=VECTOR('',#4536,1.);
#1254=VECTOR('',#4537,1.);
#1255=VECTOR('',#4538,1.);
#1256=VECTOR('',#4539,1.);
#1257=VECTOR('',#4546,1.);
#1258=VECTOR('',#4549,1.);
#1259=VECTOR('',#4550,1.);
#1260=VECTOR('',#4551,1.);
#1261=VECTOR('',#4558,1.);
#1262=VECTOR('',#4561,1.);
#1263=VECTOR('',#4562,1.);
#1264=VECTOR('',#4563,1.);
#1265=VECTOR('',#4568,1.);
#1266=VECTOR('',#4573,1.);
#1267=VECTOR('',#4574,1.);
#1268=VECTOR('',#4575,1.);
#1269=VECTOR('',#4588,0.45);
#1270=VECTOR('',#4597,0.45);
#1271=VECTOR('',#4606,0.45);
#1272=VECTOR('',#4615,0.45);
#1273=VECTOR('',#4622,1.);
#1274=VECTOR('',#4623,1.);
#1275=VECTOR('',#4626,1.);
#1276=VECTOR('',#4627,1.);
#1277=VECTOR('',#4630,1.);
#1278=VECTOR('',#4633,1.);
#1279=VECTOR('',#4634,1.);
#1280=VECTOR('',#4635,1.);
#1281=VECTOR('',#4636,1.);
#1282=VECTOR('',#4639,1.);
#1283=VECTOR('',#4640,1.);
#1284=VECTOR('',#4643,1.);
#1285=VECTOR('',#4644,1.);
#1286=VECTOR('',#4649,1.);
#1287=VECTOR('',#4650,1.);
#1288=VECTOR('',#4653,1.);
#1289=VECTOR('',#4654,1.);
#1290=VECTOR('',#4659,1.);
#1291=VECTOR('',#4662,1.);
#1292=VECTOR('',#4667,1.);
#1293=VECTOR('',#4672,1.);
#1294=VECTOR('',#4673,1.);
#1295=VECTOR('',#4674,1.);
#1296=VECTOR('',#4679,1.);
#1297=VECTOR('',#4682,1.);
#1298=VECTOR('',#4687,1.);
#1299=VECTOR('',#4694,1.);
#1300=VECTOR('',#4699,1.);
#1301=VECTOR('',#4700,1.);
#1302=VECTOR('',#4707,1.);
#1303=VECTOR('',#4710,1.);
#1304=VECTOR('',#4713,1.);
#1305=VECTOR('',#4718,1.);
#1306=VECTOR('',#4721,1.);
#1307=VECTOR('',#4740,1.);
#1308=VECTOR('',#4743,1.);
#1309=VECTOR('',#4748,1.);
#1310=VECTOR('',#4767,1.);
#1311=VECTOR('',#4768,1.);
#1312=VECTOR('',#4769,1.);
#1313=VECTOR('',#4772,1.);
#1314=VECTOR('',#4777,1.);
#1315=VECTOR('',#4778,1.);
#1316=VECTOR('',#4781,1.);
#1317=VECTOR('',#4786,1.);
#1318=VECTOR('',#4789,1.);
#1319=VECTOR('',#4792,1.);
#1320=VECTOR('',#4803,1.);
#1321=VECTOR('',#4806,1.);
#1322=VECTOR('',#4807,1.);
#1323=VECTOR('',#4812,1.);
#1324=VECTOR('',#4815,1.);
#1325=VERTEX_POINT('',#4820);
#1326=VERTEX_POINT('',#4821);
#1327=VERTEX_POINT('',#4823);
#1328=VERTEX_POINT('',#4825);
#1329=VERTEX_POINT('',#4829);
#1330=VERTEX_POINT('',#4831);
#1331=VERTEX_POINT('',#4835);
#1332=VERTEX_POINT('',#4839);
#1333=VERTEX_POINT('',#4845);
#1334=VERTEX_POINT('',#4846);
#1335=VERTEX_POINT('',#4851);
#1336=VERTEX_POINT('',#4853);
#1337=VERTEX_POINT('',#4855);
#1338=VERTEX_POINT('',#4859);
#1339=VERTEX_POINT('',#4861);
#1340=VERTEX_POINT('',#4863);
#1341=VERTEX_POINT('',#4867);
#1342=VERTEX_POINT('',#4869);
#1343=VERTEX_POINT('',#4873);
#1344=VERTEX_POINT('',#4875);
#1345=VERTEX_POINT('',#4879);
#1346=VERTEX_POINT('',#4883);
#1347=VERTEX_POINT('',#4885);
#1348=VERTEX_POINT('',#4887);
#1349=VERTEX_POINT('',#4889);
#1350=VERTEX_POINT('',#4891);
#1351=VERTEX_POINT('',#4893);
#1352=VERTEX_POINT('',#4895);
#1353=VERTEX_POINT('',#4899);
#1354=VERTEX_POINT('',#4900);
#1355=VERTEX_POINT('',#4903);
#1356=VERTEX_POINT('',#4905);
#1357=VERTEX_POINT('',#4907);
#1358=VERTEX_POINT('',#4909);
#1359=VERTEX_POINT('',#4911);
#1360=VERTEX_POINT('',#4913);
#1361=VERTEX_POINT('',#4915);
#1362=VERTEX_POINT('',#4917);
#1363=VERTEX_POINT('',#4919);
#1364=VERTEX_POINT('',#4921);
#1365=VERTEX_POINT('',#4923);
#1366=VERTEX_POINT('',#4925);
#1367=VERTEX_POINT('',#4929);
#1368=VERTEX_POINT('',#4931);
#1369=VERTEX_POINT('',#4935);
#1370=VERTEX_POINT('',#4937);
#1371=VERTEX_POINT('',#4943);
#1372=VERTEX_POINT('',#4944);
#1373=VERTEX_POINT('',#4946);
#1374=VERTEX_POINT('',#4948);
#1375=VERTEX_POINT('',#4950);
#1376=VERTEX_POINT('',#4952);
#1377=VERTEX_POINT('',#4954);
#1378=VERTEX_POINT('',#4956);
#1379=VERTEX_POINT('',#4959);
#1380=VERTEX_POINT('',#4961);
#1381=VERTEX_POINT('',#4963);
#1382=VERTEX_POINT('',#4965);
#1383=VERTEX_POINT('',#4967);
#1384=VERTEX_POINT('',#4969);
#1385=VERTEX_POINT('',#4971);
#1386=VERTEX_POINT('',#4973);
#1387=VERTEX_POINT('',#4975);
#1388=VERTEX_POINT('',#4977);
#1389=VERTEX_POINT('',#4979);
#1390=VERTEX_POINT('',#4981);
#1391=VERTEX_POINT('',#4983);
#1392=VERTEX_POINT('',#4985);
#1393=VERTEX_POINT('',#4987);
#1394=VERTEX_POINT('',#4989);
#1395=VERTEX_POINT('',#4991);
#1396=VERTEX_POINT('',#4993);
#1397=VERTEX_POINT('',#4995);
#1398=VERTEX_POINT('',#4997);
#1399=VERTEX_POINT('',#4999);
#1400=VERTEX_POINT('',#5001);
#1401=VERTEX_POINT('',#5003);
#1402=VERTEX_POINT('',#5005);
#1403=VERTEX_POINT('',#5007);
#1404=VERTEX_POINT('',#5009);
#1405=VERTEX_POINT('',#5011);
#1406=VERTEX_POINT('',#5013);
#1407=VERTEX_POINT('',#5015);
#1408=VERTEX_POINT('',#5017);
#1409=VERTEX_POINT('',#5019);
#1410=VERTEX_POINT('',#5021);
#1411=VERTEX_POINT('',#5023);
#1412=VERTEX_POINT('',#5025);
#1413=VERTEX_POINT('',#5027);
#1414=VERTEX_POINT('',#5029);
#1415=VERTEX_POINT('',#5031);
#1416=VERTEX_POINT('',#5033);
#1417=VERTEX_POINT('',#5035);
#1418=VERTEX_POINT('',#5037);
#1419=VERTEX_POINT('',#5039);
#1420=VERTEX_POINT('',#5041);
#1421=VERTEX_POINT('',#5043);
#1422=VERTEX_POINT('',#5045);
#1423=VERTEX_POINT('',#5047);
#1424=VERTEX_POINT('',#5049);
#1425=VERTEX_POINT('',#5051);
#1426=VERTEX_POINT('',#5053);
#1427=VERTEX_POINT('',#5055);
#1428=VERTEX_POINT('',#5057);
#1429=VERTEX_POINT('',#5060);
#1430=VERTEX_POINT('',#5062);
#1431=VERTEX_POINT('',#5064);
#1432=VERTEX_POINT('',#5066);
#1433=VERTEX_POINT('',#5069);
#1434=VERTEX_POINT('',#5071);
#1435=VERTEX_POINT('',#5073);
#1436=VERTEX_POINT('',#5075);
#1437=VERTEX_POINT('',#5077);
#1438=VERTEX_POINT('',#5079);
#1439=VERTEX_POINT('',#5081);
#1440=VERTEX_POINT('',#5083);
#1441=VERTEX_POINT('',#5089);
#1442=VERTEX_POINT('',#5091);
#1443=VERTEX_POINT('',#5093);
#1444=VERTEX_POINT('',#5095);
#1445=VERTEX_POINT('',#5097);
#1446=VERTEX_POINT('',#5101);
#1447=VERTEX_POINT('',#5102);
#1448=VERTEX_POINT('',#5104);
#1449=VERTEX_POINT('',#5106);
#1450=VERTEX_POINT('',#5110);
#1451=VERTEX_POINT('',#5115);
#1452=VERTEX_POINT('',#5126);
#1453=VERTEX_POINT('',#5131);
#1454=VERTEX_POINT('',#5135);
#1455=VERTEX_POINT('',#5137);
#1456=VERTEX_POINT('',#5139);
#1457=VERTEX_POINT('',#5141);
#1458=VERTEX_POINT('',#5143);
#1459=VERTEX_POINT('',#5145);
#1460=VERTEX_POINT('',#5155);
#1461=VERTEX_POINT('',#5157);
#1462=VERTEX_POINT('',#5159);
#1463=VERTEX_POINT('',#5161);
#1464=VERTEX_POINT('',#5163);
#1465=VERTEX_POINT('',#5167);
#1466=VERTEX_POINT('',#5169);
#1467=VERTEX_POINT('',#5171);
#1468=VERTEX_POINT('',#5177);
#1469=VERTEX_POINT('',#5178);
#1470=VERTEX_POINT('',#5180);
#1471=VERTEX_POINT('',#5182);
#1472=VERTEX_POINT('',#5184);
#1473=VERTEX_POINT('',#5187);
#1474=VERTEX_POINT('',#5189);
#1475=VERTEX_POINT('',#5193);
#1476=VERTEX_POINT('',#5197);
#1477=VERTEX_POINT('',#5199);
#1478=VERTEX_POINT('',#5203);
#1479=VERTEX_POINT('',#5204);
#1480=VERTEX_POINT('',#5206);
#1481=VERTEX_POINT('',#5208);
#1482=VERTEX_POINT('',#5210);
#1483=VERTEX_POINT('',#5213);
#1484=VERTEX_POINT('',#5215);
#1485=VERTEX_POINT('',#5219);
#1486=VERTEX_POINT('',#5223);
#1487=VERTEX_POINT('',#5226);
#1488=VERTEX_POINT('',#5230);
#1489=VERTEX_POINT('',#5234);
#1490=VERTEX_POINT('',#5238);
#1491=VERTEX_POINT('',#5240);
#1492=VERTEX_POINT('',#5242);
#1493=VERTEX_POINT('',#5244);
#1494=VERTEX_POINT('',#5248);
#1495=VERTEX_POINT('',#5251);
#1496=VERTEX_POINT('',#5255);
#1497=VERTEX_POINT('',#5257);
#1498=VERTEX_POINT('',#5261);
#1499=VERTEX_POINT('',#5265);
#1500=VERTEX_POINT('',#5270);
#1501=VERTEX_POINT('',#5278);
#1502=VERTEX_POINT('',#5280);
#1503=VERTEX_POINT('',#5284);
#1504=VERTEX_POINT('',#5286);
#1505=VERTEX_POINT('',#5288);
#1506=VERTEX_POINT('',#5290);
#1507=VERTEX_POINT('',#5292);
#1508=VERTEX_POINT('',#5295);
#1509=VERTEX_POINT('',#5297);
#1510=VERTEX_POINT('',#5299);
#1511=VERTEX_POINT('',#5301);
#1512=VERTEX_POINT('',#5305);
#1513=VERTEX_POINT('',#5309);
#1514=VERTEX_POINT('',#5314);
#1515=VERTEX_POINT('',#5318);
#1516=VERTEX_POINT('',#5320);
#1517=VERTEX_POINT('',#5322);
#1518=VERTEX_POINT('',#5325);
#1519=VERTEX_POINT('',#5327);
#1520=VERTEX_POINT('',#5329);
#1521=VERTEX_POINT('',#5331);
#1522=VERTEX_POINT('',#5333);
#1523=VERTEX_POINT('',#5335);
#1524=VERTEX_POINT('',#5337);
#1525=VERTEX_POINT('',#5345);
#1526=VERTEX_POINT('',#5347);
#1527=VERTEX_POINT('',#5352);
#1528=VERTEX_POINT('',#5354);
#1529=VERTEX_POINT('',#5358);
#1530=VERTEX_POINT('',#5359);
#1531=VERTEX_POINT('',#5363);
#1532=VERTEX_POINT('',#5364);
#1533=VERTEX_POINT('',#5370);
#1534=VERTEX_POINT('',#5371);
#1535=VERTEX_POINT('',#5378);
#1536=VERTEX_POINT('',#5380);
#1537=VERTEX_POINT('',#5387);
#1538=VERTEX_POINT('',#5389);
#1539=VERTEX_POINT('',#5398);
#1540=VERTEX_POINT('',#5400);
#1541=VERTEX_POINT('',#5404);
#1542=VERTEX_POINT('',#5406);
#1543=VERTEX_POINT('',#5408);
#1544=VERTEX_POINT('',#5410);
#1545=VERTEX_POINT('',#5414);
#1546=VERTEX_POINT('',#5416);
#1547=VERTEX_POINT('',#5418);
#1548=VERTEX_POINT('',#5420);
#1549=VERTEX_POINT('',#5424);
#1550=VERTEX_POINT('',#5426);
#1551=VERTEX_POINT('',#5428);
#1552=VERTEX_POINT('',#5432);
#1553=VERTEX_POINT('',#5438);
#1554=VERTEX_POINT('',#5440);
#1555=VERTEX_POINT('',#5442);
#1556=VERTEX_POINT('',#5444);
#1557=VERTEX_POINT('',#5448);
#1558=VERTEX_POINT('',#5450);
#1559=VERTEX_POINT('',#5452);
#1560=VERTEX_POINT('',#5454);
#1561=VERTEX_POINT('',#5458);
#1562=VERTEX_POINT('',#5462);
#1563=VERTEX_POINT('',#5464);
#1564=VERTEX_POINT('',#5468);
#1565=VERTEX_POINT('',#5474);
#1566=VERTEX_POINT('',#5476);
#1567=VERTEX_POINT('',#5481);
#1568=VERTEX_POINT('',#5483);
#1569=VERTEX_POINT('',#5488);
#1570=VERTEX_POINT('',#5490);
#1571=VERTEX_POINT('',#5495);
#1572=VERTEX_POINT('',#5497);
#1573=VERTEX_POINT('',#5502);
#1574=VERTEX_POINT('',#5504);
#1575=VERTEX_POINT('',#5508);
#1576=VERTEX_POINT('',#5511);
#1577=VERTEX_POINT('',#5513);
#1578=VERTEX_POINT('',#5517);
#1579=VERTEX_POINT('',#5520);
#1580=VERTEX_POINT('',#5522);
#1581=VERTEX_POINT('',#5526);
#1582=VERTEX_POINT('',#5529);
#1583=VERTEX_POINT('',#5531);
#1584=VERTEX_POINT('',#5535);
#1585=VERTEX_POINT('',#5709);
#1586=VERTEX_POINT('',#5804);
#1587=VERTEX_POINT('',#5806);
#1588=VERTEX_POINT('',#5808);
#1589=VERTEX_POINT('',#5810);
#1590=VERTEX_POINT('',#5812);
#1591=VERTEX_POINT('',#5814);
#1592=VERTEX_POINT('',#5816);
#1593=VERTEX_POINT('',#5818);
#1594=VERTEX_POINT('',#5822);
#1595=VERTEX_POINT('',#5824);
#1596=VERTEX_POINT('',#5828);
#1597=VERTEX_POINT('',#5832);
#1598=VERTEX_POINT('',#5836);
#1599=VERTEX_POINT('',#5840);
#1600=VERTEX_POINT('',#5844);
#1601=VERTEX_POINT('',#5848);
#1602=VERTEX_POINT('',#5854);
#1603=VERTEX_POINT('',#5855);
#1604=VERTEX_POINT('',#5857);
#1605=VERTEX_POINT('',#5859);
#1606=VERTEX_POINT('',#5863);
#1607=VERTEX_POINT('',#5865);
#1608=VERTEX_POINT('',#5869);
#1609=VERTEX_POINT('',#5871);
#1610=VERTEX_POINT('',#5875);
#1611=VERTEX_POINT('',#5877);
#1612=VERTEX_POINT('',#5881);
#1613=VERTEX_POINT('',#5883);
#1614=VERTEX_POINT('',#5887);
#1615=VERTEX_POINT('',#5889);
#1616=VERTEX_POINT('',#5893);
#1617=VERTEX_POINT('',#5895);
#1618=VERTEX_POINT('',#5903);
#1619=VERTEX_POINT('',#5905);
#1620=VERTEX_POINT('',#5910);
#1621=VERTEX_POINT('',#5912);
#1622=VERTEX_POINT('',#5917);
#1623=VERTEX_POINT('',#5919);
#1624=VERTEX_POINT('',#5924);
#1625=VERTEX_POINT('',#5926);
#1626=VERTEX_POINT('',#5934);
#1627=VERTEX_POINT('',#5940);
#1628=VERTEX_POINT('',#5942);
#1629=VERTEX_POINT('',#5947);
#1630=VERTEX_POINT('',#5959);
#1631=VERTEX_POINT('',#5963);
#1632=VERTEX_POINT('',#5965);
#1633=VERTEX_POINT('',#5967);
#1634=VERTEX_POINT('',#5974);
#1635=VERTEX_POINT('',#5976);
#1636=VERTEX_POINT('',#5981);
#1637=VERTEX_POINT('',#5983);
#1638=VERTEX_POINT('',#5987);
#1639=VERTEX_POINT('',#5993);
#1640=VERTEX_POINT('',#5997);
#1641=VERTEX_POINT('',#5999);
#1642=VERTEX_POINT('',#6038);
#1643=VERTEX_POINT('',#6040);
#1644=VERTEX_POINT('',#6044);
#1645=VERTEX_POINT('',#6048);
#1646=VERTEX_POINT('',#6052);
#1647=VERTEX_POINT('',#6065);
#1648=VERTEX_POINT('',#6069);
#1649=VERTEX_POINT('',#6073);
#1650=EDGE_CURVE('',#1325,#1326,#659,.T.);
#1651=EDGE_CURVE('',#1327,#1325,#660,.T.);
#1652=EDGE_CURVE('',#1328,#1327,#661,.T.);
#1653=EDGE_CURVE('',#1326,#1328,#662,.T.);
#1654=EDGE_CURVE('',#1326,#1329,#663,.T.);
#1655=EDGE_CURVE('',#1330,#1329,#664,.T.);
#1656=EDGE_CURVE('',#1325,#1330,#665,.T.);
#1657=EDGE_CURVE('',#1328,#1331,#666,.T.);
#1658=EDGE_CURVE('',#1329,#1331,#667,.T.);
#1659=EDGE_CURVE('',#1327,#1332,#668,.T.);
#1660=EDGE_CURVE('',#1331,#1332,#669,.T.);
#1661=EDGE_CURVE('',#1332,#1330,#670,.T.);
#1662=EDGE_CURVE('',#1333,#1334,#671,.T.);
#1663=EDGE_CURVE('',#1329,#1333,#672,.T.);
#1664=EDGE_CURVE('',#1331,#1334,#673,.T.);
#1665=EDGE_CURVE('',#1335,#1333,#674,.T.);
#1666=EDGE_CURVE('',#1336,#1335,#675,.T.);
#1667=EDGE_CURVE('',#1337,#1336,#676,.T.);
#1668=EDGE_CURVE('',#1330,#1337,#677,.T.);
#1669=EDGE_CURVE('',#1334,#1338,#678,.T.);
#1670=EDGE_CURVE('',#1332,#1339,#679,.T.);
#1671=EDGE_CURVE('',#1340,#1339,#680,.T.);
#1672=EDGE_CURVE('',#1338,#1340,#681,.T.);
#1673=EDGE_CURVE('',#1341,#1335,#682,.T.);
#1674=EDGE_CURVE('',#1341,#1342,#683,.T.);
#1675=EDGE_CURVE('',#1342,#1336,#684,.T.);
#1676=EDGE_CURVE('',#1340,#1343,#685,.T.);
#1677=EDGE_CURVE('',#1343,#1344,#686,.T.);
#1678=EDGE_CURVE('',#1338,#1344,#687,.T.);
#1679=EDGE_CURVE('',#1342,#1345,#688,.T.);
#1680=EDGE_CURVE('',#1345,#1337,#689,.T.);
#1681=EDGE_CURVE('',#1339,#1346,#690,.T.);
#1682=EDGE_CURVE('',#1346,#1347,#105,.T.);
#1683=EDGE_CURVE('',#1348,#1347,#691,.T.);
#1684=EDGE_CURVE('',#1349,#1348,#106,.T.);
#1685=EDGE_CURVE('',#1350,#1349,#692,.T.);
#1686=EDGE_CURVE('',#1350,#1351,#107,.T.);
#1687=EDGE_CURVE('',#1352,#1351,#693,.T.);
#1688=EDGE_CURVE('',#1343,#1352,#108,.T.);
#1689=EDGE_CURVE('',#1353,#1354,#694,.T.);
#1690=EDGE_CURVE('',#1346,#1353,#695,.T.);
#1691=EDGE_CURVE('',#1355,#1345,#696,.T.);
#1692=EDGE_CURVE('',#1355,#1356,#697,.T.);
#1693=EDGE_CURVE('',#1356,#1357,#698,.T.);
#1694=EDGE_CURVE('',#1358,#1357,#699,.T.);
#1695=EDGE_CURVE('',#1358,#1359,#700,.T.);
#1696=EDGE_CURVE('',#1360,#1359,#701,.T.);
#1697=EDGE_CURVE('',#1360,#1361,#702,.T.);
#1698=EDGE_CURVE('',#1362,#1361,#703,.T.);
#1699=EDGE_CURVE('',#1363,#1362,#704,.T.);
#1700=EDGE_CURVE('',#1364,#1363,#705,.T.);
#1701=EDGE_CURVE('',#1364,#1365,#706,.T.);
#1702=EDGE_CURVE('',#1366,#1365,#707,.T.);
#1703=EDGE_CURVE('',#1354,#1366,#708,.T.);
#1704=EDGE_CURVE('',#1367,#1364,#709,.T.);
#1705=EDGE_CURVE('',#1368,#1367,#710,.T.);
#1706=EDGE_CURVE('',#1365,#1368,#711,.T.);
#1707=EDGE_CURVE('',#1354,#1369,#712,.T.);
#1708=EDGE_CURVE('',#1370,#1366,#713,.T.);
#1709=EDGE_CURVE('',#1369,#1370,#714,.T.);
#1710=EDGE_CURVE('',#1370,#1368,#715,.T.);
#1711=EDGE_CURVE('',#1371,#1372,#716,.T.);
#1712=EDGE_CURVE('',#1373,#1371,#109,.T.);
#1713=EDGE_CURVE('',#1374,#1373,#717,.T.);
#1714=EDGE_CURVE('',#1375,#1374,#110,.T.);
#1715=EDGE_CURVE('',#1376,#1375,#718,.T.);
#1716=EDGE_CURVE('',#1377,#1376,#111,.T.);
#1717=EDGE_CURVE('',#1378,#1377,#719,.T.);
#1718=EDGE_CURVE('',#1372,#1378,#112,.T.);
#1719=EDGE_CURVE('',#1344,#1379,#113,.T.);
#1720=EDGE_CURVE('',#1379,#1380,#720,.T.);
#1721=EDGE_CURVE('',#1380,#1381,#114,.T.);
#1722=EDGE_CURVE('',#1381,#1382,#721,.T.);
#1723=EDGE_CURVE('',#1383,#1382,#115,.T.);
#1724=EDGE_CURVE('',#1384,#1383,#722,.T.);
#1725=EDGE_CURVE('',#1385,#1384,#116,.T.);
#1726=EDGE_CURVE('',#1385,#1386,#723,.T.);
#1727=EDGE_CURVE('',#1387,#1386,#117,.T.);
#1728=EDGE_CURVE('',#1388,#1387,#724,.T.);
#1729=EDGE_CURVE('',#1389,#1388,#118,.T.);
#1730=EDGE_CURVE('',#1389,#1390,#725,.T.);
#1731=EDGE_CURVE('',#1391,#1390,#119,.T.);
#1732=EDGE_CURVE('',#1392,#1391,#726,.T.);
#1733=EDGE_CURVE('',#1393,#1392,#120,.T.);
#1734=EDGE_CURVE('',#1393,#1394,#727,.T.);
#1735=EDGE_CURVE('',#1395,#1394,#121,.T.);
#1736=EDGE_CURVE('',#1396,#1395,#728,.T.);
#1737=EDGE_CURVE('',#1397,#1396,#122,.T.);
#1738=EDGE_CURVE('',#1397,#1398,#729,.T.);
#1739=EDGE_CURVE('',#1398,#1399,#123,.T.);
#1740=EDGE_CURVE('',#1399,#1400,#730,.T.);
#1741=EDGE_CURVE('',#1400,#1401,#124,.T.);
#1742=EDGE_CURVE('',#1401,#1402,#731,.T.);
#1743=EDGE_CURVE('',#1402,#1403,#125,.T.);
#1744=EDGE_CURVE('',#1403,#1404,#732,.T.);
#1745=EDGE_CURVE('',#1404,#1405,#126,.T.);
#1746=EDGE_CURVE('',#1405,#1406,#733,.T.);
#1747=EDGE_CURVE('',#1407,#1406,#127,.T.);
#1748=EDGE_CURVE('',#1408,#1407,#734,.T.);
#1749=EDGE_CURVE('',#1409,#1408,#128,.T.);
#1750=EDGE_CURVE('',#1409,#1410,#735,.T.);
#1751=EDGE_CURVE('',#1411,#1410,#129,.T.);
#1752=EDGE_CURVE('',#1412,#1411,#736,.T.);
#1753=EDGE_CURVE('',#1413,#1412,#130,.T.);
#1754=EDGE_CURVE('',#1413,#1414,#737,.T.);
#1755=EDGE_CURVE('',#1415,#1414,#131,.T.);
#1756=EDGE_CURVE('',#1416,#1415,#738,.T.);
#1757=EDGE_CURVE('',#1417,#1416,#132,.T.);
#1758=EDGE_CURVE('',#1417,#1418,#739,.T.);
#1759=EDGE_CURVE('',#1419,#1418,#133,.T.);
#1760=EDGE_CURVE('',#1420,#1419,#740,.T.);
#1761=EDGE_CURVE('',#1421,#1420,#134,.T.);
#1762=EDGE_CURVE('',#1421,#1422,#741,.T.);
#1763=EDGE_CURVE('',#1422,#1423,#135,.T.);
#1764=EDGE_CURVE('',#1423,#1424,#742,.T.);
#1765=EDGE_CURVE('',#1424,#1425,#136,.T.);
#1766=EDGE_CURVE('',#1425,#1426,#743,.T.);
#1767=EDGE_CURVE('',#1426,#1427,#744,.T.);
#1768=EDGE_CURVE('',#1427,#1428,#745,.T.);
#1769=EDGE_CURVE('',#1428,#1341,#746,.T.);
#1770=EDGE_CURVE('',#1429,#1429,#137,.T.);
#1771=EDGE_CURVE('',#1430,#1430,#138,.T.);
#1772=EDGE_CURVE('',#1431,#1431,#139,.T.);
#1773=EDGE_CURVE('',#1432,#1432,#140,.T.);
#1774=EDGE_CURVE('',#1367,#1433,#747,.T.);
#1775=EDGE_CURVE('',#1433,#1434,#748,.T.);
#1776=EDGE_CURVE('',#1434,#1435,#749,.T.);
#1777=EDGE_CURVE('',#1435,#1436,#750,.T.);
#1778=EDGE_CURVE('',#1436,#1437,#751,.T.);
#1779=EDGE_CURVE('',#1437,#1438,#752,.T.);
#1780=EDGE_CURVE('',#1438,#1439,#753,.T.);
#1781=EDGE_CURVE('',#1440,#1439,#754,.T.);
#1782=EDGE_CURVE('',#1440,#1369,#755,.T.);
#1783=EDGE_CURVE('',#1363,#1433,#756,.T.);
#1784=EDGE_CURVE('',#1441,#1440,#141,.T.);
#1785=EDGE_CURVE('',#1442,#1441,#757,.T.);
#1786=EDGE_CURVE('',#1442,#1443,#142,.T.);
#1787=EDGE_CURVE('',#1443,#1444,#758,.T.);
#1788=EDGE_CURVE('',#1444,#1445,#143,.T.);
#1789=EDGE_CURVE('',#1445,#1353,#144,.T.);
#1790=EDGE_CURVE('',#1446,#1447,#759,.T.);
#1791=EDGE_CURVE('',#1448,#1446,#760,.T.);
#1792=EDGE_CURVE('',#1449,#1448,#761,.T.);
#1793=EDGE_CURVE('',#1447,#1449,#762,.T.);
#1794=EDGE_CURVE('',#1447,#1450,#763,.T.);
#1795=EDGE_CURVE('',#1356,#1450,#764,.T.);
#1796=EDGE_CURVE('',#1446,#1356,#765,.T.);
#1797=EDGE_CURVE('',#1449,#1451,#766,.T.);
#1798=EDGE_CURVE('',#1450,#1451,#767,.T.);
#1799=EDGE_CURVE('',#1448,#1355,#768,.T.);
#1800=EDGE_CURVE('',#1451,#1355,#769,.T.);
#1801=EDGE_CURVE('',#1450,#1427,#770,.T.);
#1802=EDGE_CURVE('',#1451,#1428,#771,.T.);
#1803=EDGE_CURVE('',#1452,#1426,#772,.T.);
#1804=EDGE_CURVE('',#1357,#1452,#773,.T.);
#1805=EDGE_CURVE('',#1453,#1425,#774,.T.);
#1806=EDGE_CURVE('',#1453,#1452,#775,.T.);
#1807=EDGE_CURVE('',#1454,#1453,#145,.T.);
#1808=EDGE_CURVE('',#1455,#1454,#776,.T.);
#1809=EDGE_CURVE('',#1455,#1456,#146,.T.);
#1810=EDGE_CURVE('',#1457,#1456,#777,.T.);
#1811=EDGE_CURVE('',#1458,#1457,#147,.T.);
#1812=EDGE_CURVE('',#1459,#1458,#778,.T.);
#1813=EDGE_CURVE('',#1459,#1358,#148,.T.);
#1814=EDGE_CURVE('',#1434,#1362,#779,.T.);
#1815=EDGE_CURVE('',#1361,#1435,#780,.T.);
#1816=EDGE_CURVE('',#1436,#1360,#781,.T.);
#1817=EDGE_CURVE('',#1359,#1460,#149,.T.);
#1818=EDGE_CURVE('',#1460,#1461,#150,.T.);
#1819=EDGE_CURVE('',#1461,#1462,#782,.T.);
#1820=EDGE_CURVE('',#1462,#1463,#151,.T.);
#1821=EDGE_CURVE('',#1464,#1463,#783,.T.);
#1822=EDGE_CURVE('',#1437,#1464,#152,.T.);
#1823=EDGE_CURVE('',#1465,#1442,#153,.T.);
#1824=EDGE_CURVE('',#1466,#1465,#784,.T.);
#1825=EDGE_CURVE('',#1467,#1466,#154,.T.);
#1826=EDGE_CURVE('',#1381,#1467,#785,.T.);
#1827=EDGE_CURVE('',#1351,#1380,#786,.T.);
#1828=EDGE_CURVE('',#1443,#1350,#787,.T.);
#1829=EDGE_CURVE('',#1468,#1469,#155,.T.);
#1830=EDGE_CURVE('',#1470,#1468,#156,.T.);
#1831=EDGE_CURVE('',#1471,#1470,#788,.T.);
#1832=EDGE_CURVE('',#1472,#1471,#157,.T.);
#1833=EDGE_CURVE('',#1405,#1472,#789,.T.);
#1834=EDGE_CURVE('',#1473,#1404,#790,.T.);
#1835=EDGE_CURVE('',#1474,#1473,#158,.T.);
#1836=EDGE_CURVE('',#1469,#1474,#791,.T.);
#1837=EDGE_CURVE('',#1463,#1475,#159,.T.);
#1838=EDGE_CURVE('',#1456,#1462,#792,.T.);
#1839=EDGE_CURVE('',#1423,#1455,#793,.T.);
#1840=EDGE_CURVE('',#1476,#1422,#794,.T.);
#1841=EDGE_CURVE('',#1477,#1476,#160,.T.);
#1842=EDGE_CURVE('',#1475,#1477,#795,.T.);
#1843=EDGE_CURVE('',#1478,#1479,#161,.T.);
#1844=EDGE_CURVE('',#1480,#1478,#162,.T.);
#1845=EDGE_CURVE('',#1481,#1480,#796,.T.);
#1846=EDGE_CURVE('',#1482,#1481,#163,.T.);
#1847=EDGE_CURVE('',#1399,#1482,#797,.T.);
#1848=EDGE_CURVE('',#1483,#1398,#798,.T.);
#1849=EDGE_CURVE('',#1484,#1483,#164,.T.);
#1850=EDGE_CURVE('',#1479,#1484,#799,.T.);
#1851=EDGE_CURVE('',#1467,#1485,#800,.T.);
#1852=EDGE_CURVE('',#1485,#1382,#801,.T.);
#1853=EDGE_CURVE('',#1486,#1465,#802,.T.);
#1854=EDGE_CURVE('',#1486,#1384,#803,.T.);
#1855=EDGE_CURVE('',#1383,#1487,#804,.T.);
#1856=EDGE_CURVE('',#1487,#1466,#805,.T.);
#1857=EDGE_CURVE('',#1488,#1403,#806,.T.);
#1858=EDGE_CURVE('',#1488,#1473,#807,.T.);
#1859=EDGE_CURVE('',#1472,#1489,#808,.T.);
#1860=EDGE_CURVE('',#1489,#1406,#809,.T.);
#1861=EDGE_CURVE('',#1474,#1490,#810,.T.);
#1862=EDGE_CURVE('',#1490,#1491,#811,.T.);
#1863=EDGE_CURVE('',#1492,#1491,#812,.T.);
#1864=EDGE_CURVE('',#1492,#1493,#813,.T.);
#1865=EDGE_CURVE('',#1469,#1493,#814,.T.);
#1866=EDGE_CURVE('',#1494,#1470,#815,.T.);
#1867=EDGE_CURVE('',#1494,#1408,#816,.T.);
#1868=EDGE_CURVE('',#1407,#1495,#817,.T.);
#1869=EDGE_CURVE('',#1495,#1471,#818,.T.);
#1870=EDGE_CURVE('',#1475,#1496,#819,.T.);
#1871=EDGE_CURVE('',#1496,#1497,#165,.T.);
#1872=EDGE_CURVE('',#1463,#1497,#820,.T.);
#1873=EDGE_CURVE('',#1498,#1442,#821,.T.);
#1874=EDGE_CURVE('',#1498,#1486,#166,.T.);
#1875=EDGE_CURVE('',#1477,#1499,#822,.T.);
#1876=EDGE_CURVE('',#1499,#1420,#823,.T.);
#1877=EDGE_CURVE('',#1419,#1496,#824,.T.);
#1878=EDGE_CURVE('',#1500,#1476,#825,.T.);
#1879=EDGE_CURVE('',#1500,#1499,#167,.T.);
#1880=EDGE_CURVE('',#1487,#1485,#168,.T.);
#1881=EDGE_CURVE('',#1421,#1500,#826,.T.);
#1882=EDGE_CURVE('',#1479,#1501,#827,.T.);
#1883=EDGE_CURVE('',#1501,#1502,#169,.T.);
#1884=EDGE_CURVE('',#1478,#1502,#828,.T.);
#1885=EDGE_CURVE('',#1493,#1503,#170,.T.);
#1886=EDGE_CURVE('',#1503,#1504,#171,.T.);
#1887=EDGE_CURVE('',#1504,#1505,#829,.T.);
#1888=EDGE_CURVE('',#1505,#1506,#172,.T.);
#1889=EDGE_CURVE('',#1506,#1507,#173,.T.);
#1890=EDGE_CURVE('',#1507,#1480,#830,.T.);
#1891=EDGE_CURVE('',#1508,#1478,#831,.T.);
#1892=EDGE_CURVE('',#1509,#1508,#174,.T.);
#1893=EDGE_CURVE('',#1510,#1509,#832,.T.);
#1894=EDGE_CURVE('',#1511,#1510,#175,.T.);
#1895=EDGE_CURVE('',#1468,#1511,#833,.T.);
#1896=EDGE_CURVE('',#1512,#1468,#834,.T.);
#1897=EDGE_CURVE('',#1512,#1494,#176,.T.);
#1898=EDGE_CURVE('',#1484,#1513,#835,.T.);
#1899=EDGE_CURVE('',#1513,#1396,#836,.T.);
#1900=EDGE_CURVE('',#1395,#1501,#837,.T.);
#1901=EDGE_CURVE('',#1514,#1483,#838,.T.);
#1902=EDGE_CURVE('',#1514,#1513,#177,.T.);
#1903=EDGE_CURVE('',#1515,#1488,#178,.T.);
#1904=EDGE_CURVE('',#1516,#1515,#839,.T.);
#1905=EDGE_CURVE('',#1517,#1516,#179,.T.);
#1906=EDGE_CURVE('',#1482,#1517,#840,.T.);
#1907=EDGE_CURVE('',#1518,#1481,#841,.T.);
#1908=EDGE_CURVE('',#1519,#1518,#180,.T.);
#1909=EDGE_CURVE('',#1520,#1519,#842,.T.);
#1910=EDGE_CURVE('',#1520,#1521,#181,.T.);
#1911=EDGE_CURVE('',#1521,#1522,#843,.T.);
#1912=EDGE_CURVE('',#1522,#1523,#182,.T.);
#1913=EDGE_CURVE('',#1524,#1523,#844,.T.);
#1914=EDGE_CURVE('',#1490,#1524,#183,.T.);
#1915=EDGE_CURVE('',#1495,#1489,#184,.T.);
#1916=EDGE_CURVE('',#1397,#1514,#845,.T.);
#1917=EDGE_CURVE('',#1418,#1525,#846,.T.);
#1918=EDGE_CURVE('',#1526,#1417,#847,.T.);
#1919=EDGE_CURVE('',#1526,#1525,#848,.T.);
#1920=EDGE_CURVE('',#1521,#1505,#849,.T.);
#1921=EDGE_CURVE('',#1527,#1520,#850,.T.);
#1922=EDGE_CURVE('',#1528,#1527,#185,.T.);
#1923=EDGE_CURVE('',#1506,#1528,#851,.T.);
#1924=EDGE_CURVE('',#1529,#1530,#186,.T.);
#1925=EDGE_CURVE('',#1530,#1529,#852,.T.);
#1926=EDGE_CURVE('',#1531,#1532,#187,.T.);
#1927=EDGE_CURVE('',#1532,#1531,#853,.T.);
#1928=EDGE_CURVE('',#1525,#1526,#188,.T.);
#1929=EDGE_CURVE('',#1533,#1534,#189,.T.);
#1930=EDGE_CURVE('',#1534,#1533,#854,.T.);
#1931=EDGE_CURVE('',#1386,#1531,#855,.T.);
#1932=EDGE_CURVE('',#1532,#1385,#856,.T.);
#1933=EDGE_CURVE('',#1535,#1459,#857,.T.);
#1934=EDGE_CURVE('',#1536,#1535,#190,.T.);
#1935=EDGE_CURVE('',#1460,#1536,#858,.T.);
#1936=EDGE_CURVE('',#1410,#1533,#859,.T.);
#1937=EDGE_CURVE('',#1534,#1409,#860,.T.);
#1938=EDGE_CURVE('',#1537,#1503,#861,.T.);
#1939=EDGE_CURVE('',#1538,#1537,#191,.T.);
#1940=EDGE_CURVE('',#1523,#1538,#862,.T.);
#1941=EDGE_CURVE('',#1522,#1504,#863,.T.);
#1942=EDGE_CURVE('',#1394,#1529,#864,.T.);
#1943=EDGE_CURVE('',#1530,#1393,#865,.T.);
#1944=EDGE_CURVE('',#1539,#1445,#866,.T.);
#1945=EDGE_CURVE('',#1540,#1539,#192,.T.);
#1946=EDGE_CURVE('',#1347,#1540,#867,.T.);
#1947=EDGE_CURVE('',#1541,#1512,#868,.T.);
#1948=EDGE_CURVE('',#1542,#1541,#193,.T.);
#1949=EDGE_CURVE('',#1543,#1542,#869,.T.);
#1950=EDGE_CURVE('',#1544,#1543,#194,.T.);
#1951=EDGE_CURVE('',#1411,#1544,#870,.T.);
#1952=EDGE_CURVE('',#1545,#1416,#871,.T.);
#1953=EDGE_CURVE('',#1546,#1545,#195,.T.);
#1954=EDGE_CURVE('',#1547,#1546,#872,.T.);
#1955=EDGE_CURVE('',#1548,#1547,#196,.T.);
#1956=EDGE_CURVE('',#1497,#1548,#873,.T.);
#1957=EDGE_CURVE('',#1527,#1549,#874,.T.);
#1958=EDGE_CURVE('',#1549,#1550,#197,.T.);
#1959=EDGE_CURVE('',#1550,#1551,#875,.T.);
#1960=EDGE_CURVE('',#1528,#1551,#198,.T.);
#1961=EDGE_CURVE('',#1552,#1538,#876,.T.);
#1962=EDGE_CURVE('',#1524,#1552,#877,.T.);
#1963=EDGE_CURVE('',#1519,#1549,#878,.T.);
#1964=EDGE_CURVE('',#1553,#1392,#879,.T.);
#1965=EDGE_CURVE('',#1554,#1553,#199,.T.);
#1966=EDGE_CURVE('',#1555,#1554,#880,.T.);
#1967=EDGE_CURVE('',#1556,#1555,#200,.T.);
#1968=EDGE_CURVE('',#1502,#1556,#881,.T.);
#1969=EDGE_CURVE('',#1557,#1498,#882,.T.);
#1970=EDGE_CURVE('',#1558,#1557,#201,.T.);
#1971=EDGE_CURVE('',#1559,#1558,#883,.T.);
#1972=EDGE_CURVE('',#1560,#1559,#202,.T.);
#1973=EDGE_CURVE('',#1387,#1560,#884,.T.);
#1974=EDGE_CURVE('',#1536,#1561,#203,.T.);
#1975=EDGE_CURVE('',#1561,#1461,#885,.T.);
#1976=EDGE_CURVE('',#1535,#1562,#886,.T.);
#1977=EDGE_CURVE('',#1562,#1563,#204,.T.);
#1978=EDGE_CURVE('',#1563,#1561,#887,.T.);
#1979=EDGE_CURVE('',#1564,#1540,#888,.T.);
#1980=EDGE_CURVE('',#1348,#1564,#889,.T.);
#1981=EDGE_CURVE('',#1458,#1562,#890,.T.);
#1982=EDGE_CURVE('',#1565,#1565,#205,.T.);
#1983=EDGE_CURVE('',#1565,#1566,#891,.T.);
#1984=EDGE_CURVE('',#1566,#1566,#206,.T.);
#1985=EDGE_CURVE('',#1567,#1567,#207,.T.);
#1986=EDGE_CURVE('',#1567,#1568,#892,.T.);
#1987=EDGE_CURVE('',#1568,#1568,#208,.T.);
#1988=EDGE_CURVE('',#1569,#1569,#209,.T.);
#1989=EDGE_CURVE('',#1569,#1570,#893,.T.);
#1990=EDGE_CURVE('',#1570,#1570,#210,.T.);
#1991=EDGE_CURVE('',#1571,#1571,#211,.T.);
#1992=EDGE_CURVE('',#1571,#1572,#894,.T.);
#1993=EDGE_CURVE('',#1572,#1572,#212,.T.);
#1994=EDGE_CURVE('',#1573,#1573,#213,.T.);
#1995=EDGE_CURVE('',#1573,#1574,#895,.T.);
#1996=EDGE_CURVE('',#1574,#1574,#214,.T.);
#1997=EDGE_CURVE('',#1575,#1575,#215,.T.);
#1998=EDGE_CURVE('',#1576,#1576,#216,.T.);
#1999=EDGE_CURVE('',#1576,#1577,#896,.T.);
#2000=EDGE_CURVE('',#1577,#1577,#217,.T.);
#2001=EDGE_CURVE('',#1578,#1578,#218,.T.);
#2002=EDGE_CURVE('',#1579,#1579,#219,.T.);
#2003=EDGE_CURVE('',#1579,#1580,#897,.T.);
#2004=EDGE_CURVE('',#1580,#1580,#220,.T.);
#2005=EDGE_CURVE('',#1581,#1581,#221,.T.);
#2006=EDGE_CURVE('',#1582,#1582,#222,.T.);
#2007=EDGE_CURVE('',#1582,#1583,#898,.T.);
#2008=EDGE_CURVE('',#1583,#1583,#223,.T.);
#2009=EDGE_CURVE('',#1584,#1584,#224,.T.);
#2010=EDGE_CURVE('',#1432,#1575,#899,.T.);
#2011=EDGE_CURVE('',#1431,#1578,#900,.T.);
#2012=EDGE_CURVE('',#1430,#1581,#901,.T.);
#2013=EDGE_CURVE('',#1429,#1584,#902,.T.);
#2014=EDGE_CURVE('',#1585,#1585,#15,.T.);
#2015=EDGE_CURVE('',#1586,#1585,#903,.T.);
#2016=EDGE_CURVE('',#1587,#1586,#225,.T.);
#2017=EDGE_CURVE('',#1588,#1587,#904,.T.);
#2018=EDGE_CURVE('',#1589,#1588,#226,.T.);
#2019=EDGE_CURVE('',#1590,#1589,#905,.T.);
#2020=EDGE_CURVE('',#1591,#1590,#227,.T.);
#2021=EDGE_CURVE('',#1592,#1591,#906,.T.);
#2022=EDGE_CURVE('',#1593,#1592,#228,.T.);
#2023=EDGE_CURVE('',#1586,#1593,#907,.T.);
#2024=EDGE_CURVE('',#1594,#1587,#908,.T.);
#2025=EDGE_CURVE('',#1595,#1594,#909,.T.);
#2026=EDGE_CURVE('',#1595,#1588,#910,.T.);
#2027=EDGE_CURVE('',#1596,#1586,#911,.T.);
#2028=EDGE_CURVE('',#1594,#1596,#229,.T.);
#2029=EDGE_CURVE('',#1597,#1593,#912,.T.);
#2030=EDGE_CURVE('',#1596,#1597,#913,.T.);
#2031=EDGE_CURVE('',#1598,#1592,#914,.T.);
#2032=EDGE_CURVE('',#1597,#1598,#230,.T.);
#2033=EDGE_CURVE('',#1599,#1591,#915,.T.);
#2034=EDGE_CURVE('',#1598,#1599,#916,.T.);
#2035=EDGE_CURVE('',#1600,#1590,#917,.T.);
#2036=EDGE_CURVE('',#1599,#1600,#231,.T.);
#2037=EDGE_CURVE('',#1601,#1589,#918,.T.);
#2038=EDGE_CURVE('',#1600,#1601,#919,.T.);
#2039=EDGE_CURVE('',#1601,#1595,#232,.T.);
#2040=EDGE_CURVE('',#1602,#1603,#920,.T.);
#2041=EDGE_CURVE('',#1602,#1604,#921,.T.);
#2042=EDGE_CURVE('',#1604,#1605,#922,.T.);
#2043=EDGE_CURVE('',#1603,#1605,#923,.T.);
#2044=EDGE_CURVE('',#1603,#1606,#233,.T.);
#2045=EDGE_CURVE('',#1605,#1607,#234,.T.);
#2046=EDGE_CURVE('',#1606,#1607,#924,.T.);
#2047=EDGE_CURVE('',#1606,#1608,#925,.T.);
#2048=EDGE_CURVE('',#1607,#1609,#926,.T.);
#2049=EDGE_CURVE('',#1608,#1609,#927,.T.);
#2050=EDGE_CURVE('',#1608,#1610,#235,.T.);
#2051=EDGE_CURVE('',#1609,#1611,#236,.T.);
#2052=EDGE_CURVE('',#1610,#1611,#928,.T.);
#2053=EDGE_CURVE('',#1610,#1612,#929,.T.);
#2054=EDGE_CURVE('',#1611,#1613,#930,.T.);
#2055=EDGE_CURVE('',#1612,#1613,#931,.T.);
#2056=EDGE_CURVE('',#1614,#1602,#237,.T.);
#2057=EDGE_CURVE('',#1614,#1615,#932,.T.);
#2058=EDGE_CURVE('',#1615,#1604,#238,.T.);
#2059=EDGE_CURVE('',#1616,#1614,#933,.T.);
#2060=EDGE_CURVE('',#1616,#1617,#934,.T.);
#2061=EDGE_CURVE('',#1617,#1615,#935,.T.);
#2062=EDGE_CURVE('',#1612,#1616,#239,.T.);
#2063=EDGE_CURVE('',#1613,#1617,#240,.T.);
#2064=EDGE_CURVE('',#1618,#1618,#241,.T.);
#2065=EDGE_CURVE('',#1618,#1619,#936,.T.);
#2066=EDGE_CURVE('',#1619,#1619,#242,.T.);
#2067=EDGE_CURVE('',#1620,#1620,#243,.T.);
#2068=EDGE_CURVE('',#1620,#1621,#937,.T.);
#2069=EDGE_CURVE('',#1621,#1621,#244,.T.);
#2070=EDGE_CURVE('',#1622,#1622,#245,.T.);
#2071=EDGE_CURVE('',#1622,#1623,#938,.T.);
#2072=EDGE_CURVE('',#1623,#1623,#246,.T.);
#2073=EDGE_CURVE('',#1624,#1624,#247,.T.);
#2074=EDGE_CURVE('',#1624,#1625,#939,.T.);
#2075=EDGE_CURVE('',#1625,#1625,#248,.T.);
#2076=EDGE_CURVE('',#1551,#1507,#940,.T.);
#2077=EDGE_CURVE('',#1518,#1550,#941,.T.);
#2078=EDGE_CURVE('',#1556,#1626,#942,.T.);
#2079=EDGE_CURVE('',#1508,#1626,#943,.T.);
#2080=EDGE_CURVE('',#1457,#1563,#944,.T.);
#2081=EDGE_CURVE('',#1415,#1627,#945,.T.);
#2082=EDGE_CURVE('',#1627,#1628,#946,.T.);
#2083=EDGE_CURVE('',#1628,#1412,#947,.T.);
#2084=EDGE_CURVE('',#1545,#1544,#948,.T.);
#2085=EDGE_CURVE('',#1548,#1629,#949,.T.);
#2086=EDGE_CURVE('',#1464,#1629,#950,.T.);
#2087=EDGE_CURVE('',#1546,#1543,#951,.T.);
#2088=EDGE_CURVE('',#1542,#1547,#952,.T.);
#2089=EDGE_CURVE('',#1553,#1560,#953,.T.);
#2090=EDGE_CURVE('',#1554,#1559,#954,.T.);
#2091=EDGE_CURVE('',#1558,#1555,#955,.T.);
#2092=EDGE_CURVE('',#1630,#1557,#956,.T.);
#2093=EDGE_CURVE('',#1439,#1630,#249,.T.);
#2094=EDGE_CURVE('',#1629,#1438,#250,.T.);
#2095=EDGE_CURVE('',#1631,#1541,#957,.T.);
#2096=EDGE_CURVE('',#1632,#1631,#251,.T.);
#2097=EDGE_CURVE('',#1633,#1632,#958,.T.);
#2098=EDGE_CURVE('',#1626,#1633,#252,.T.);
#2099=EDGE_CURVE('',#1441,#1630,#959,.T.);
#2100=EDGE_CURVE('',#1349,#1634,#960,.T.);
#2101=EDGE_CURVE('',#1635,#1634,#961,.T.);
#2102=EDGE_CURVE('',#1635,#1444,#962,.T.);
#2103=EDGE_CURVE('',#1636,#1388,#963,.T.);
#2104=EDGE_CURVE('',#1637,#1636,#253,.T.);
#2105=EDGE_CURVE('',#1389,#1637,#964,.T.);
#2106=EDGE_CURVE('',#1638,#1628,#254,.T.);
#2107=EDGE_CURVE('',#1413,#1638,#965,.T.);
#2108=EDGE_CURVE('',#1639,#1414,#966,.T.);
#2109=EDGE_CURVE('',#1627,#1639,#255,.T.);
#2110=EDGE_CURVE('',#1391,#1640,#967,.T.);
#2111=EDGE_CURVE('',#1641,#1390,#968,.T.);
#2112=EDGE_CURVE('',#1640,#1641,#256,.T.);
#2113=EDGE_CURVE('',#1454,#1424,#969,.T.);
#2114=EDGE_CURVE('',#1638,#1639,#970,.T.);
#2115=EDGE_CURVE('',#1640,#1636,#971,.T.);
#2116=EDGE_CURVE('',#1517,#1400,#972,.T.);
#2117=EDGE_CURVE('',#1352,#1379,#973,.T.);
#2118=EDGE_CURVE('',#1491,#1552,#257,.T.);
#2119=EDGE_CURVE('',#1634,#1564,#258,.T.);
#2120=EDGE_CURVE('',#1515,#1402,#974,.T.);
#2121=EDGE_CURVE('',#1516,#1401,#975,.T.);
#2122=EDGE_CURVE('',#1637,#1641,#976,.T.);
#2123=EDGE_CURVE('',#1635,#1539,#259,.T.);
#2124=EDGE_CURVE('',#1492,#1537,#260,.T.);
#2125=EDGE_CURVE('',#1377,#1642,#977,.T.);
#2126=EDGE_CURVE('',#1643,#1642,#978,.T.);
#2127=EDGE_CURVE('',#1378,#1643,#979,.T.);
#2128=EDGE_CURVE('',#1376,#1644,#980,.T.);
#2129=EDGE_CURVE('',#1642,#1644,#261,.T.);
#2130=EDGE_CURVE('',#1375,#1645,#981,.T.);
#2131=EDGE_CURVE('',#1644,#1645,#982,.T.);
#2132=EDGE_CURVE('',#1374,#1646,#983,.T.);
#2133=EDGE_CURVE('',#1645,#1646,#262,.T.);
#2134=EDGE_CURVE('',#1511,#1631,#984,.T.);
#2135=EDGE_CURVE('',#1510,#1632,#985,.T.);
#2136=EDGE_CURVE('',#1509,#1633,#986,.T.);
#2137=EDGE_CURVE('',#1647,#1643,#263,.T.);
#2138=EDGE_CURVE('',#1372,#1647,#987,.T.);
#2139=EDGE_CURVE('',#1648,#1647,#988,.T.);
#2140=EDGE_CURVE('',#1371,#1648,#989,.T.);
#2141=EDGE_CURVE('',#1649,#1648,#264,.T.);
#2142=EDGE_CURVE('',#1373,#1649,#990,.T.);
#2143=EDGE_CURVE('',#1646,#1649,#991,.T.);
#2144=ORIENTED_EDGE('',*,*,#1650,.F.);
#2145=ORIENTED_EDGE('',*,*,#1651,.F.);
#2146=ORIENTED_EDGE('',*,*,#1652,.F.);
#2147=ORIENTED_EDGE('',*,*,#1653,.F.);
#2148=ORIENTED_EDGE('',*,*,#1650,.T.);
#2149=ORIENTED_EDGE('',*,*,#1654,.T.);
#2150=ORIENTED_EDGE('',*,*,#1655,.F.);
#2151=ORIENTED_EDGE('',*,*,#1656,.F.);
#2152=ORIENTED_EDGE('',*,*,#1653,.T.);
#2153=ORIENTED_EDGE('',*,*,#1657,.T.);
#2154=ORIENTED_EDGE('',*,*,#1658,.F.);
#2155=ORIENTED_EDGE('',*,*,#1654,.F.);
#2156=ORIENTED_EDGE('',*,*,#1652,.T.);
#2157=ORIENTED_EDGE('',*,*,#1659,.T.);
#2158=ORIENTED_EDGE('',*,*,#1660,.F.);
#2159=ORIENTED_EDGE('',*,*,#1657,.F.);
#2160=ORIENTED_EDGE('',*,*,#1651,.T.);
#2161=ORIENTED_EDGE('',*,*,#1656,.T.);
#2162=ORIENTED_EDGE('',*,*,#1661,.F.);
#2163=ORIENTED_EDGE('',*,*,#1659,.F.);
#2164=ORIENTED_EDGE('',*,*,#1662,.F.);
#2165=ORIENTED_EDGE('',*,*,#1663,.F.);
#2166=ORIENTED_EDGE('',*,*,#1658,.T.);
#2167=ORIENTED_EDGE('',*,*,#1664,.T.);
#2168=ORIENTED_EDGE('',*,*,#1665,.F.);
#2169=ORIENTED_EDGE('',*,*,#1666,.F.);
#2170=ORIENTED_EDGE('',*,*,#1667,.F.);
#2171=ORIENTED_EDGE('',*,*,#1668,.F.);
#2172=ORIENTED_EDGE('',*,*,#1655,.T.);
#2173=ORIENTED_EDGE('',*,*,#1663,.T.);
#2174=ORIENTED_EDGE('',*,*,#1669,.F.);
#2175=ORIENTED_EDGE('',*,*,#1664,.F.);
#2176=ORIENTED_EDGE('',*,*,#1660,.T.);
#2177=ORIENTED_EDGE('',*,*,#1670,.T.);
#2178=ORIENTED_EDGE('',*,*,#1671,.F.);
#2179=ORIENTED_EDGE('',*,*,#1672,.F.);
#2180=ORIENTED_EDGE('',*,*,#1666,.T.);
#2181=ORIENTED_EDGE('',*,*,#1673,.F.);
#2182=ORIENTED_EDGE('',*,*,#1674,.T.);
#2183=ORIENTED_EDGE('',*,*,#1675,.T.);
#2184=ORIENTED_EDGE('',*,*,#1672,.T.);
#2185=ORIENTED_EDGE('',*,*,#1676,.T.);
#2186=ORIENTED_EDGE('',*,*,#1677,.T.);
#2187=ORIENTED_EDGE('',*,*,#1678,.F.);
#2188=ORIENTED_EDGE('',*,*,#1667,.T.);
#2189=ORIENTED_EDGE('',*,*,#1675,.F.);
#2190=ORIENTED_EDGE('',*,*,#1679,.T.);
#2191=ORIENTED_EDGE('',*,*,#1680,.T.);
#2192=ORIENTED_EDGE('',*,*,#1671,.T.);
#2193=ORIENTED_EDGE('',*,*,#1681,.T.);
#2194=ORIENTED_EDGE('',*,*,#1682,.T.);
#2195=ORIENTED_EDGE('',*,*,#1683,.F.);
#2196=ORIENTED_EDGE('',*,*,#1684,.F.);
#2197=ORIENTED_EDGE('',*,*,#1685,.F.);
#2198=ORIENTED_EDGE('',*,*,#1686,.T.);
#2199=ORIENTED_EDGE('',*,*,#1687,.F.);
#2200=ORIENTED_EDGE('',*,*,#1688,.F.);
#2201=ORIENTED_EDGE('',*,*,#1676,.F.);
#2202=ORIENTED_EDGE('',*,*,#1689,.F.);
#2203=ORIENTED_EDGE('',*,*,#1690,.F.);
#2204=ORIENTED_EDGE('',*,*,#1681,.F.);
#2205=ORIENTED_EDGE('',*,*,#1670,.F.);
#2206=ORIENTED_EDGE('',*,*,#1661,.T.);
#2207=ORIENTED_EDGE('',*,*,#1668,.T.);
#2208=ORIENTED_EDGE('',*,*,#1680,.F.);
#2209=ORIENTED_EDGE('',*,*,#1691,.F.);
#2210=ORIENTED_EDGE('',*,*,#1692,.T.);
#2211=ORIENTED_EDGE('',*,*,#1693,.T.);
#2212=ORIENTED_EDGE('',*,*,#1694,.F.);
#2213=ORIENTED_EDGE('',*,*,#1695,.T.);
#2214=ORIENTED_EDGE('',*,*,#1696,.F.);
#2215=ORIENTED_EDGE('',*,*,#1697,.T.);
#2216=ORIENTED_EDGE('',*,*,#1698,.F.);
#2217=ORIENTED_EDGE('',*,*,#1699,.F.);
#2218=ORIENTED_EDGE('',*,*,#1700,.F.);
#2219=ORIENTED_EDGE('',*,*,#1701,.T.);
#2220=ORIENTED_EDGE('',*,*,#1702,.F.);
#2221=ORIENTED_EDGE('',*,*,#1703,.F.);
#2222=ORIENTED_EDGE('',*,*,#1704,.F.);
#2223=ORIENTED_EDGE('',*,*,#1705,.F.);
#2224=ORIENTED_EDGE('',*,*,#1706,.F.);
#2225=ORIENTED_EDGE('',*,*,#1701,.F.);
#2226=ORIENTED_EDGE('',*,*,#1707,.F.);
#2227=ORIENTED_EDGE('',*,*,#1703,.T.);
#2228=ORIENTED_EDGE('',*,*,#1708,.F.);
#2229=ORIENTED_EDGE('',*,*,#1709,.F.);
#2230=ORIENTED_EDGE('',*,*,#1710,.F.);
#2231=ORIENTED_EDGE('',*,*,#1708,.T.);
#2232=ORIENTED_EDGE('',*,*,#1702,.T.);
#2233=ORIENTED_EDGE('',*,*,#1706,.T.);
#2234=ORIENTED_EDGE('',*,*,#1711,.F.);
#2235=ORIENTED_EDGE('',*,*,#1712,.F.);
#2236=ORIENTED_EDGE('',*,*,#1713,.F.);
#2237=ORIENTED_EDGE('',*,*,#1714,.F.);
#2238=ORIENTED_EDGE('',*,*,#1715,.F.);
#2239=ORIENTED_EDGE('',*,*,#1716,.F.);
#2240=ORIENTED_EDGE('',*,*,#1717,.F.);
#2241=ORIENTED_EDGE('',*,*,#1718,.F.);
#2242=ORIENTED_EDGE('',*,*,#1669,.T.);
#2243=ORIENTED_EDGE('',*,*,#1678,.T.);
#2244=ORIENTED_EDGE('',*,*,#1719,.T.);
#2245=ORIENTED_EDGE('',*,*,#1720,.T.);
#2246=ORIENTED_EDGE('',*,*,#1721,.T.);
#2247=ORIENTED_EDGE('',*,*,#1722,.T.);
#2248=ORIENTED_EDGE('',*,*,#1723,.F.);
#2249=ORIENTED_EDGE('',*,*,#1724,.F.);
#2250=ORIENTED_EDGE('',*,*,#1725,.F.);
#2251=ORIENTED_EDGE('',*,*,#1726,.T.);
#2252=ORIENTED_EDGE('',*,*,#1727,.F.);
#2253=ORIENTED_EDGE('',*,*,#1728,.F.);
#2254=ORIENTED_EDGE('',*,*,#1729,.F.);
#2255=ORIENTED_EDGE('',*,*,#1730,.T.);
#2256=ORIENTED_EDGE('',*,*,#1731,.F.);
#2257=ORIENTED_EDGE('',*,*,#1732,.F.);
#2258=ORIENTED_EDGE('',*,*,#1733,.F.);
#2259=ORIENTED_EDGE('',*,*,#1734,.T.);
#2260=ORIENTED_EDGE('',*,*,#1735,.F.);
#2261=ORIENTED_EDGE('',*,*,#1736,.F.);
#2262=ORIENTED_EDGE('',*,*,#1737,.F.);
#2263=ORIENTED_EDGE('',*,*,#1738,.T.);
#2264=ORIENTED_EDGE('',*,*,#1739,.T.);
#2265=ORIENTED_EDGE('',*,*,#1740,.T.);
#2266=ORIENTED_EDGE('',*,*,#1741,.T.);
#2267=ORIENTED_EDGE('',*,*,#1742,.T.);
#2268=ORIENTED_EDGE('',*,*,#1743,.T.);
#2269=ORIENTED_EDGE('',*,*,#1744,.T.);
#2270=ORIENTED_EDGE('',*,*,#1745,.T.);
#2271=ORIENTED_EDGE('',*,*,#1746,.T.);
#2272=ORIENTED_EDGE('',*,*,#1747,.F.);
#2273=ORIENTED_EDGE('',*,*,#1748,.F.);
#2274=ORIENTED_EDGE('',*,*,#1749,.F.);
#2275=ORIENTED_EDGE('',*,*,#1750,.T.);
#2276=ORIENTED_EDGE('',*,*,#1751,.F.);
#2277=ORIENTED_EDGE('',*,*,#1752,.F.);
#2278=ORIENTED_EDGE('',*,*,#1753,.F.);
#2279=ORIENTED_EDGE('',*,*,#1754,.T.);
#2280=ORIENTED_EDGE('',*,*,#1755,.F.);
#2281=ORIENTED_EDGE('',*,*,#1756,.F.);
#2282=ORIENTED_EDGE('',*,*,#1757,.F.);
#2283=ORIENTED_EDGE('',*,*,#1758,.T.);
#2284=ORIENTED_EDGE('',*,*,#1759,.F.);
#2285=ORIENTED_EDGE('',*,*,#1760,.F.);
#2286=ORIENTED_EDGE('',*,*,#1761,.F.);
#2287=ORIENTED_EDGE('',*,*,#1762,.T.);
#2288=ORIENTED_EDGE('',*,*,#1763,.T.);
#2289=ORIENTED_EDGE('',*,*,#1764,.T.);
#2290=ORIENTED_EDGE('',*,*,#1765,.T.);
#2291=ORIENTED_EDGE('',*,*,#1766,.T.);
#2292=ORIENTED_EDGE('',*,*,#1767,.T.);
#2293=ORIENTED_EDGE('',*,*,#1768,.T.);
#2294=ORIENTED_EDGE('',*,*,#1769,.T.);
#2295=ORIENTED_EDGE('',*,*,#1673,.T.);
#2296=ORIENTED_EDGE('',*,*,#1665,.T.);
#2297=ORIENTED_EDGE('',*,*,#1662,.T.);
#2298=ORIENTED_EDGE('',*,*,#1770,.T.);
#2299=ORIENTED_EDGE('',*,*,#1771,.T.);
#2300=ORIENTED_EDGE('',*,*,#1772,.T.);
#2301=ORIENTED_EDGE('',*,*,#1773,.T.);
#2302=ORIENTED_EDGE('',*,*,#1709,.T.);
#2303=ORIENTED_EDGE('',*,*,#1710,.T.);
#2304=ORIENTED_EDGE('',*,*,#1705,.T.);
#2305=ORIENTED_EDGE('',*,*,#1774,.T.);
#2306=ORIENTED_EDGE('',*,*,#1775,.T.);
#2307=ORIENTED_EDGE('',*,*,#1776,.T.);
#2308=ORIENTED_EDGE('',*,*,#1777,.T.);
#2309=ORIENTED_EDGE('',*,*,#1778,.T.);
#2310=ORIENTED_EDGE('',*,*,#1779,.T.);
#2311=ORIENTED_EDGE('',*,*,#1780,.T.);
#2312=ORIENTED_EDGE('',*,*,#1781,.F.);
#2313=ORIENTED_EDGE('',*,*,#1782,.T.);
#2314=ORIENTED_EDGE('',*,*,#1704,.T.);
#2315=ORIENTED_EDGE('',*,*,#1700,.T.);
#2316=ORIENTED_EDGE('',*,*,#1783,.T.);
#2317=ORIENTED_EDGE('',*,*,#1774,.F.);
#2318=ORIENTED_EDGE('',*,*,#1707,.T.);
#2319=ORIENTED_EDGE('',*,*,#1782,.F.);
#2320=ORIENTED_EDGE('',*,*,#1784,.F.);
#2321=ORIENTED_EDGE('',*,*,#1785,.F.);
#2322=ORIENTED_EDGE('',*,*,#1786,.T.);
#2323=ORIENTED_EDGE('',*,*,#1787,.T.);
#2324=ORIENTED_EDGE('',*,*,#1788,.T.);
#2325=ORIENTED_EDGE('',*,*,#1789,.T.);
#2326=ORIENTED_EDGE('',*,*,#1689,.T.);
#2327=ORIENTED_EDGE('',*,*,#1790,.F.);
#2328=ORIENTED_EDGE('',*,*,#1791,.F.);
#2329=ORIENTED_EDGE('',*,*,#1792,.F.);
#2330=ORIENTED_EDGE('',*,*,#1793,.F.);
#2331=ORIENTED_EDGE('',*,*,#1790,.T.);
#2332=ORIENTED_EDGE('',*,*,#1794,.T.);
#2333=ORIENTED_EDGE('',*,*,#1795,.F.);
#2334=ORIENTED_EDGE('',*,*,#1796,.F.);
#2335=ORIENTED_EDGE('',*,*,#1793,.T.);
#2336=ORIENTED_EDGE('',*,*,#1797,.T.);
#2337=ORIENTED_EDGE('',*,*,#1798,.F.);
#2338=ORIENTED_EDGE('',*,*,#1794,.F.);
#2339=ORIENTED_EDGE('',*,*,#1792,.T.);
#2340=ORIENTED_EDGE('',*,*,#1799,.T.);
#2341=ORIENTED_EDGE('',*,*,#1800,.F.);
#2342=ORIENTED_EDGE('',*,*,#1797,.F.);
#2343=ORIENTED_EDGE('',*,*,#1791,.T.);
#2344=ORIENTED_EDGE('',*,*,#1796,.T.);
#2345=ORIENTED_EDGE('',*,*,#1692,.F.);
#2346=ORIENTED_EDGE('',*,*,#1799,.F.);
#2347=ORIENTED_EDGE('',*,*,#1768,.F.);
#2348=ORIENTED_EDGE('',*,*,#1801,.F.);
#2349=ORIENTED_EDGE('',*,*,#1798,.T.);
#2350=ORIENTED_EDGE('',*,*,#1802,.T.);
#2351=ORIENTED_EDGE('',*,*,#1767,.F.);
#2352=ORIENTED_EDGE('',*,*,#1803,.F.);
#2353=ORIENTED_EDGE('',*,*,#1804,.F.);
#2354=ORIENTED_EDGE('',*,*,#1693,.F.);
#2355=ORIENTED_EDGE('',*,*,#1795,.T.);
#2356=ORIENTED_EDGE('',*,*,#1801,.T.);
#2357=ORIENTED_EDGE('',*,*,#1769,.F.);
#2358=ORIENTED_EDGE('',*,*,#1802,.F.);
#2359=ORIENTED_EDGE('',*,*,#1800,.T.);
#2360=ORIENTED_EDGE('',*,*,#1691,.T.);
#2361=ORIENTED_EDGE('',*,*,#1679,.F.);
#2362=ORIENTED_EDGE('',*,*,#1674,.F.);
#2363=ORIENTED_EDGE('',*,*,#1803,.T.);
#2364=ORIENTED_EDGE('',*,*,#1766,.F.);
#2365=ORIENTED_EDGE('',*,*,#1805,.F.);
#2366=ORIENTED_EDGE('',*,*,#1806,.T.);
#2367=ORIENTED_EDGE('',*,*,#1804,.T.);
#2368=ORIENTED_EDGE('',*,*,#1806,.F.);
#2369=ORIENTED_EDGE('',*,*,#1807,.F.);
#2370=ORIENTED_EDGE('',*,*,#1808,.F.);
#2371=ORIENTED_EDGE('',*,*,#1809,.T.);
#2372=ORIENTED_EDGE('',*,*,#1810,.F.);
#2373=ORIENTED_EDGE('',*,*,#1811,.F.);
#2374=ORIENTED_EDGE('',*,*,#1812,.F.);
#2375=ORIENTED_EDGE('',*,*,#1813,.T.);
#2376=ORIENTED_EDGE('',*,*,#1694,.T.);
#2377=ORIENTED_EDGE('',*,*,#1775,.F.);
#2378=ORIENTED_EDGE('',*,*,#1783,.F.);
#2379=ORIENTED_EDGE('',*,*,#1699,.T.);
#2380=ORIENTED_EDGE('',*,*,#1814,.F.);
#2381=ORIENTED_EDGE('',*,*,#1777,.F.);
#2382=ORIENTED_EDGE('',*,*,#1815,.F.);
#2383=ORIENTED_EDGE('',*,*,#1697,.F.);
#2384=ORIENTED_EDGE('',*,*,#1816,.F.);
#2385=ORIENTED_EDGE('',*,*,#1776,.F.);
#2386=ORIENTED_EDGE('',*,*,#1814,.T.);
#2387=ORIENTED_EDGE('',*,*,#1698,.T.);
#2388=ORIENTED_EDGE('',*,*,#1815,.T.);
#2389=ORIENTED_EDGE('',*,*,#1816,.T.);
#2390=ORIENTED_EDGE('',*,*,#1696,.T.);
#2391=ORIENTED_EDGE('',*,*,#1817,.T.);
#2392=ORIENTED_EDGE('',*,*,#1818,.T.);
#2393=ORIENTED_EDGE('',*,*,#1819,.T.);
#2394=ORIENTED_EDGE('',*,*,#1820,.T.);
#2395=ORIENTED_EDGE('',*,*,#1821,.F.);
#2396=ORIENTED_EDGE('',*,*,#1822,.F.);
#2397=ORIENTED_EDGE('',*,*,#1778,.F.);
#2398=ORIENTED_EDGE('',*,*,#1786,.F.);
#2399=ORIENTED_EDGE('',*,*,#1823,.F.);
#2400=ORIENTED_EDGE('',*,*,#1824,.F.);
#2401=ORIENTED_EDGE('',*,*,#1825,.F.);
#2402=ORIENTED_EDGE('',*,*,#1826,.F.);
#2403=ORIENTED_EDGE('',*,*,#1721,.F.);
#2404=ORIENTED_EDGE('',*,*,#1827,.F.);
#2405=ORIENTED_EDGE('',*,*,#1686,.F.);
#2406=ORIENTED_EDGE('',*,*,#1828,.F.);
#2407=ORIENTED_EDGE('',*,*,#1829,.F.);
#2408=ORIENTED_EDGE('',*,*,#1830,.F.);
#2409=ORIENTED_EDGE('',*,*,#1831,.F.);
#2410=ORIENTED_EDGE('',*,*,#1832,.F.);
#2411=ORIENTED_EDGE('',*,*,#1833,.F.);
#2412=ORIENTED_EDGE('',*,*,#1745,.F.);
#2413=ORIENTED_EDGE('',*,*,#1834,.F.);
#2414=ORIENTED_EDGE('',*,*,#1835,.F.);
#2415=ORIENTED_EDGE('',*,*,#1836,.F.);
#2416=ORIENTED_EDGE('',*,*,#1837,.F.);
#2417=ORIENTED_EDGE('',*,*,#1820,.F.);
#2418=ORIENTED_EDGE('',*,*,#1838,.F.);
#2419=ORIENTED_EDGE('',*,*,#1809,.F.);
#2420=ORIENTED_EDGE('',*,*,#1839,.F.);
#2421=ORIENTED_EDGE('',*,*,#1763,.F.);
#2422=ORIENTED_EDGE('',*,*,#1840,.F.);
#2423=ORIENTED_EDGE('',*,*,#1841,.F.);
#2424=ORIENTED_EDGE('',*,*,#1842,.F.);
#2425=ORIENTED_EDGE('',*,*,#1843,.F.);
#2426=ORIENTED_EDGE('',*,*,#1844,.F.);
#2427=ORIENTED_EDGE('',*,*,#1845,.F.);
#2428=ORIENTED_EDGE('',*,*,#1846,.F.);
#2429=ORIENTED_EDGE('',*,*,#1847,.F.);
#2430=ORIENTED_EDGE('',*,*,#1739,.F.);
#2431=ORIENTED_EDGE('',*,*,#1848,.F.);
#2432=ORIENTED_EDGE('',*,*,#1849,.F.);
#2433=ORIENTED_EDGE('',*,*,#1850,.F.);
#2434=ORIENTED_EDGE('',*,*,#1826,.T.);
#2435=ORIENTED_EDGE('',*,*,#1851,.T.);
#2436=ORIENTED_EDGE('',*,*,#1852,.T.);
#2437=ORIENTED_EDGE('',*,*,#1722,.F.);
#2438=ORIENTED_EDGE('',*,*,#1824,.T.);
#2439=ORIENTED_EDGE('',*,*,#1853,.F.);
#2440=ORIENTED_EDGE('',*,*,#1854,.T.);
#2441=ORIENTED_EDGE('',*,*,#1724,.T.);
#2442=ORIENTED_EDGE('',*,*,#1855,.T.);
#2443=ORIENTED_EDGE('',*,*,#1856,.T.);
#2444=ORIENTED_EDGE('',*,*,#1834,.T.);
#2445=ORIENTED_EDGE('',*,*,#1744,.F.);
#2446=ORIENTED_EDGE('',*,*,#1857,.F.);
#2447=ORIENTED_EDGE('',*,*,#1858,.T.);
#2448=ORIENTED_EDGE('',*,*,#1833,.T.);
#2449=ORIENTED_EDGE('',*,*,#1859,.T.);
#2450=ORIENTED_EDGE('',*,*,#1860,.T.);
#2451=ORIENTED_EDGE('',*,*,#1746,.F.);
#2452=ORIENTED_EDGE('',*,*,#1836,.T.);
#2453=ORIENTED_EDGE('',*,*,#1861,.T.);
#2454=ORIENTED_EDGE('',*,*,#1862,.T.);
#2455=ORIENTED_EDGE('',*,*,#1863,.F.);
#2456=ORIENTED_EDGE('',*,*,#1864,.T.);
#2457=ORIENTED_EDGE('',*,*,#1865,.F.);
#2458=ORIENTED_EDGE('',*,*,#1831,.T.);
#2459=ORIENTED_EDGE('',*,*,#1866,.F.);
#2460=ORIENTED_EDGE('',*,*,#1867,.T.);
#2461=ORIENTED_EDGE('',*,*,#1748,.T.);
#2462=ORIENTED_EDGE('',*,*,#1868,.T.);
#2463=ORIENTED_EDGE('',*,*,#1869,.T.);
#2464=ORIENTED_EDGE('',*,*,#1837,.T.);
#2465=ORIENTED_EDGE('',*,*,#1870,.T.);
#2466=ORIENTED_EDGE('',*,*,#1871,.T.);
#2467=ORIENTED_EDGE('',*,*,#1872,.F.);
#2468=ORIENTED_EDGE('',*,*,#1823,.T.);
#2469=ORIENTED_EDGE('',*,*,#1873,.F.);
#2470=ORIENTED_EDGE('',*,*,#1874,.T.);
#2471=ORIENTED_EDGE('',*,*,#1853,.T.);
#2472=ORIENTED_EDGE('',*,*,#1842,.T.);
#2473=ORIENTED_EDGE('',*,*,#1875,.T.);
#2474=ORIENTED_EDGE('',*,*,#1876,.T.);
#2475=ORIENTED_EDGE('',*,*,#1760,.T.);
#2476=ORIENTED_EDGE('',*,*,#1877,.T.);
#2477=ORIENTED_EDGE('',*,*,#1870,.F.);
#2478=ORIENTED_EDGE('',*,*,#1841,.T.);
#2479=ORIENTED_EDGE('',*,*,#1878,.F.);
#2480=ORIENTED_EDGE('',*,*,#1879,.T.);
#2481=ORIENTED_EDGE('',*,*,#1875,.F.);
#2482=ORIENTED_EDGE('',*,*,#1825,.T.);
#2483=ORIENTED_EDGE('',*,*,#1856,.F.);
#2484=ORIENTED_EDGE('',*,*,#1880,.T.);
#2485=ORIENTED_EDGE('',*,*,#1851,.F.);
#2486=ORIENTED_EDGE('',*,*,#1840,.T.);
#2487=ORIENTED_EDGE('',*,*,#1762,.F.);
#2488=ORIENTED_EDGE('',*,*,#1881,.T.);
#2489=ORIENTED_EDGE('',*,*,#1878,.T.);
#2490=ORIENTED_EDGE('',*,*,#1843,.T.);
#2491=ORIENTED_EDGE('',*,*,#1882,.T.);
#2492=ORIENTED_EDGE('',*,*,#1883,.T.);
#2493=ORIENTED_EDGE('',*,*,#1884,.F.);
#2494=ORIENTED_EDGE('',*,*,#1829,.T.);
#2495=ORIENTED_EDGE('',*,*,#1865,.T.);
#2496=ORIENTED_EDGE('',*,*,#1885,.T.);
#2497=ORIENTED_EDGE('',*,*,#1886,.T.);
#2498=ORIENTED_EDGE('',*,*,#1887,.T.);
#2499=ORIENTED_EDGE('',*,*,#1888,.T.);
#2500=ORIENTED_EDGE('',*,*,#1889,.T.);
#2501=ORIENTED_EDGE('',*,*,#1890,.T.);
#2502=ORIENTED_EDGE('',*,*,#1844,.T.);
#2503=ORIENTED_EDGE('',*,*,#1891,.F.);
#2504=ORIENTED_EDGE('',*,*,#1892,.F.);
#2505=ORIENTED_EDGE('',*,*,#1893,.F.);
#2506=ORIENTED_EDGE('',*,*,#1894,.F.);
#2507=ORIENTED_EDGE('',*,*,#1895,.F.);
#2508=ORIENTED_EDGE('',*,*,#1830,.T.);
#2509=ORIENTED_EDGE('',*,*,#1896,.F.);
#2510=ORIENTED_EDGE('',*,*,#1897,.T.);
#2511=ORIENTED_EDGE('',*,*,#1866,.T.);
#2512=ORIENTED_EDGE('',*,*,#1850,.T.);
#2513=ORIENTED_EDGE('',*,*,#1898,.T.);
#2514=ORIENTED_EDGE('',*,*,#1899,.T.);
#2515=ORIENTED_EDGE('',*,*,#1736,.T.);
#2516=ORIENTED_EDGE('',*,*,#1900,.T.);
#2517=ORIENTED_EDGE('',*,*,#1882,.F.);
#2518=ORIENTED_EDGE('',*,*,#1849,.T.);
#2519=ORIENTED_EDGE('',*,*,#1901,.F.);
#2520=ORIENTED_EDGE('',*,*,#1902,.T.);
#2521=ORIENTED_EDGE('',*,*,#1898,.F.);
#2522=ORIENTED_EDGE('',*,*,#1835,.T.);
#2523=ORIENTED_EDGE('',*,*,#1858,.F.);
#2524=ORIENTED_EDGE('',*,*,#1903,.F.);
#2525=ORIENTED_EDGE('',*,*,#1904,.F.);
#2526=ORIENTED_EDGE('',*,*,#1905,.F.);
#2527=ORIENTED_EDGE('',*,*,#1906,.F.);
#2528=ORIENTED_EDGE('',*,*,#1846,.T.);
#2529=ORIENTED_EDGE('',*,*,#1907,.F.);
#2530=ORIENTED_EDGE('',*,*,#1908,.F.);
#2531=ORIENTED_EDGE('',*,*,#1909,.F.);
#2532=ORIENTED_EDGE('',*,*,#1910,.T.);
#2533=ORIENTED_EDGE('',*,*,#1911,.T.);
#2534=ORIENTED_EDGE('',*,*,#1912,.T.);
#2535=ORIENTED_EDGE('',*,*,#1913,.F.);
#2536=ORIENTED_EDGE('',*,*,#1914,.F.);
#2537=ORIENTED_EDGE('',*,*,#1861,.F.);
#2538=ORIENTED_EDGE('',*,*,#1832,.T.);
#2539=ORIENTED_EDGE('',*,*,#1869,.F.);
#2540=ORIENTED_EDGE('',*,*,#1915,.T.);
#2541=ORIENTED_EDGE('',*,*,#1859,.F.);
#2542=ORIENTED_EDGE('',*,*,#1848,.T.);
#2543=ORIENTED_EDGE('',*,*,#1738,.F.);
#2544=ORIENTED_EDGE('',*,*,#1916,.T.);
#2545=ORIENTED_EDGE('',*,*,#1901,.T.);
#2546=ORIENTED_EDGE('',*,*,#1917,.F.);
#2547=ORIENTED_EDGE('',*,*,#1758,.F.);
#2548=ORIENTED_EDGE('',*,*,#1918,.F.);
#2549=ORIENTED_EDGE('',*,*,#1919,.T.);
#2550=ORIENTED_EDGE('',*,*,#1888,.F.);
#2551=ORIENTED_EDGE('',*,*,#1920,.F.);
#2552=ORIENTED_EDGE('',*,*,#1910,.F.);
#2553=ORIENTED_EDGE('',*,*,#1921,.F.);
#2554=ORIENTED_EDGE('',*,*,#1922,.F.);
#2555=ORIENTED_EDGE('',*,*,#1923,.F.);
#2556=ORIENTED_EDGE('',*,*,#1924,.F.);
#2557=ORIENTED_EDGE('',*,*,#1925,.F.);
#2558=ORIENTED_EDGE('',*,*,#1926,.F.);
#2559=ORIENTED_EDGE('',*,*,#1927,.F.);
#2560=ORIENTED_EDGE('',*,*,#1928,.F.);
#2561=ORIENTED_EDGE('',*,*,#1919,.F.);
#2562=ORIENTED_EDGE('',*,*,#1929,.F.);
#2563=ORIENTED_EDGE('',*,*,#1930,.F.);
#2564=ORIENTED_EDGE('',*,*,#1931,.F.);
#2565=ORIENTED_EDGE('',*,*,#1726,.F.);
#2566=ORIENTED_EDGE('',*,*,#1932,.F.);
#2567=ORIENTED_EDGE('',*,*,#1927,.T.);
#2568=ORIENTED_EDGE('',*,*,#1817,.F.);
#2569=ORIENTED_EDGE('',*,*,#1695,.F.);
#2570=ORIENTED_EDGE('',*,*,#1813,.F.);
#2571=ORIENTED_EDGE('',*,*,#1933,.F.);
#2572=ORIENTED_EDGE('',*,*,#1934,.F.);
#2573=ORIENTED_EDGE('',*,*,#1935,.F.);
#2574=ORIENTED_EDGE('',*,*,#1936,.F.);
#2575=ORIENTED_EDGE('',*,*,#1750,.F.);
#2576=ORIENTED_EDGE('',*,*,#1937,.F.);
#2577=ORIENTED_EDGE('',*,*,#1930,.T.);
#2578=ORIENTED_EDGE('',*,*,#1886,.F.);
#2579=ORIENTED_EDGE('',*,*,#1938,.F.);
#2580=ORIENTED_EDGE('',*,*,#1939,.F.);
#2581=ORIENTED_EDGE('',*,*,#1940,.F.);
#2582=ORIENTED_EDGE('',*,*,#1912,.F.);
#2583=ORIENTED_EDGE('',*,*,#1941,.T.);
#2584=ORIENTED_EDGE('',*,*,#1887,.F.);
#2585=ORIENTED_EDGE('',*,*,#1941,.F.);
#2586=ORIENTED_EDGE('',*,*,#1911,.F.);
#2587=ORIENTED_EDGE('',*,*,#1920,.T.);
#2588=ORIENTED_EDGE('',*,*,#1942,.F.);
#2589=ORIENTED_EDGE('',*,*,#1734,.F.);
#2590=ORIENTED_EDGE('',*,*,#1943,.F.);
#2591=ORIENTED_EDGE('',*,*,#1925,.T.);
#2592=ORIENTED_EDGE('',*,*,#1789,.F.);
#2593=ORIENTED_EDGE('',*,*,#1944,.F.);
#2594=ORIENTED_EDGE('',*,*,#1945,.F.);
#2595=ORIENTED_EDGE('',*,*,#1946,.F.);
#2596=ORIENTED_EDGE('',*,*,#1682,.F.);
#2597=ORIENTED_EDGE('',*,*,#1690,.T.);
#2598=ORIENTED_EDGE('',*,*,#1936,.T.);
#2599=ORIENTED_EDGE('',*,*,#1929,.T.);
#2600=ORIENTED_EDGE('',*,*,#1937,.T.);
#2601=ORIENTED_EDGE('',*,*,#1749,.T.);
#2602=ORIENTED_EDGE('',*,*,#1867,.F.);
#2603=ORIENTED_EDGE('',*,*,#1897,.F.);
#2604=ORIENTED_EDGE('',*,*,#1947,.F.);
#2605=ORIENTED_EDGE('',*,*,#1948,.F.);
#2606=ORIENTED_EDGE('',*,*,#1949,.F.);
#2607=ORIENTED_EDGE('',*,*,#1950,.F.);
#2608=ORIENTED_EDGE('',*,*,#1951,.F.);
#2609=ORIENTED_EDGE('',*,*,#1751,.T.);
#2610=ORIENTED_EDGE('',*,*,#1917,.T.);
#2611=ORIENTED_EDGE('',*,*,#1928,.T.);
#2612=ORIENTED_EDGE('',*,*,#1918,.T.);
#2613=ORIENTED_EDGE('',*,*,#1757,.T.);
#2614=ORIENTED_EDGE('',*,*,#1952,.F.);
#2615=ORIENTED_EDGE('',*,*,#1953,.F.);
#2616=ORIENTED_EDGE('',*,*,#1954,.F.);
#2617=ORIENTED_EDGE('',*,*,#1955,.F.);
#2618=ORIENTED_EDGE('',*,*,#1956,.F.);
#2619=ORIENTED_EDGE('',*,*,#1871,.F.);
#2620=ORIENTED_EDGE('',*,*,#1877,.F.);
#2621=ORIENTED_EDGE('',*,*,#1759,.T.);
#2622=ORIENTED_EDGE('',*,*,#1922,.T.);
#2623=ORIENTED_EDGE('',*,*,#1957,.T.);
#2624=ORIENTED_EDGE('',*,*,#1958,.T.);
#2625=ORIENTED_EDGE('',*,*,#1959,.T.);
#2626=ORIENTED_EDGE('',*,*,#1960,.F.);
#2627=ORIENTED_EDGE('',*,*,#1940,.T.);
#2628=ORIENTED_EDGE('',*,*,#1961,.F.);
#2629=ORIENTED_EDGE('',*,*,#1962,.F.);
#2630=ORIENTED_EDGE('',*,*,#1913,.T.);
#2631=ORIENTED_EDGE('',*,*,#1921,.T.);
#2632=ORIENTED_EDGE('',*,*,#1909,.T.);
#2633=ORIENTED_EDGE('',*,*,#1963,.T.);
#2634=ORIENTED_EDGE('',*,*,#1957,.F.);
#2635=ORIENTED_EDGE('',*,*,#1942,.T.);
#2636=ORIENTED_EDGE('',*,*,#1924,.T.);
#2637=ORIENTED_EDGE('',*,*,#1943,.T.);
#2638=ORIENTED_EDGE('',*,*,#1733,.T.);
#2639=ORIENTED_EDGE('',*,*,#1964,.F.);
#2640=ORIENTED_EDGE('',*,*,#1965,.F.);
#2641=ORIENTED_EDGE('',*,*,#1966,.F.);
#2642=ORIENTED_EDGE('',*,*,#1967,.F.);
#2643=ORIENTED_EDGE('',*,*,#1968,.F.);
#2644=ORIENTED_EDGE('',*,*,#1883,.F.);
#2645=ORIENTED_EDGE('',*,*,#1900,.F.);
#2646=ORIENTED_EDGE('',*,*,#1735,.T.);
#2647=ORIENTED_EDGE('',*,*,#1931,.T.);
#2648=ORIENTED_EDGE('',*,*,#1926,.T.);
#2649=ORIENTED_EDGE('',*,*,#1932,.T.);
#2650=ORIENTED_EDGE('',*,*,#1725,.T.);
#2651=ORIENTED_EDGE('',*,*,#1854,.F.);
#2652=ORIENTED_EDGE('',*,*,#1874,.F.);
#2653=ORIENTED_EDGE('',*,*,#1969,.F.);
#2654=ORIENTED_EDGE('',*,*,#1970,.F.);
#2655=ORIENTED_EDGE('',*,*,#1971,.F.);
#2656=ORIENTED_EDGE('',*,*,#1972,.F.);
#2657=ORIENTED_EDGE('',*,*,#1973,.F.);
#2658=ORIENTED_EDGE('',*,*,#1727,.T.);
#2659=ORIENTED_EDGE('',*,*,#1935,.T.);
#2660=ORIENTED_EDGE('',*,*,#1974,.T.);
#2661=ORIENTED_EDGE('',*,*,#1975,.T.);
#2662=ORIENTED_EDGE('',*,*,#1818,.F.);
#2663=ORIENTED_EDGE('',*,*,#1934,.T.);
#2664=ORIENTED_EDGE('',*,*,#1976,.T.);
#2665=ORIENTED_EDGE('',*,*,#1977,.T.);
#2666=ORIENTED_EDGE('',*,*,#1978,.T.);
#2667=ORIENTED_EDGE('',*,*,#1974,.F.);
#2668=ORIENTED_EDGE('',*,*,#1946,.T.);
#2669=ORIENTED_EDGE('',*,*,#1979,.F.);
#2670=ORIENTED_EDGE('',*,*,#1980,.F.);
#2671=ORIENTED_EDGE('',*,*,#1683,.T.);
#2672=ORIENTED_EDGE('',*,*,#1933,.T.);
#2673=ORIENTED_EDGE('',*,*,#1812,.T.);
#2674=ORIENTED_EDGE('',*,*,#1981,.T.);
#2675=ORIENTED_EDGE('',*,*,#1976,.F.);
#2676=ORIENTED_EDGE('',*,*,#1982,.F.);
#2677=ORIENTED_EDGE('',*,*,#1983,.T.);
#2678=ORIENTED_EDGE('',*,*,#1984,.T.);
#2679=ORIENTED_EDGE('',*,*,#1983,.F.);
#2680=ORIENTED_EDGE('',*,*,#1984,.F.);
#2681=ORIENTED_EDGE('',*,*,#1985,.F.);
#2682=ORIENTED_EDGE('',*,*,#1986,.T.);
#2683=ORIENTED_EDGE('',*,*,#1987,.T.);
#2684=ORIENTED_EDGE('',*,*,#1986,.F.);
#2685=ORIENTED_EDGE('',*,*,#1987,.F.);
#2686=ORIENTED_EDGE('',*,*,#1988,.F.);
#2687=ORIENTED_EDGE('',*,*,#1989,.T.);
#2688=ORIENTED_EDGE('',*,*,#1990,.T.);
#2689=ORIENTED_EDGE('',*,*,#1989,.F.);
#2690=ORIENTED_EDGE('',*,*,#1990,.F.);
#2691=ORIENTED_EDGE('',*,*,#1991,.F.);
#2692=ORIENTED_EDGE('',*,*,#1992,.T.);
#2693=ORIENTED_EDGE('',*,*,#1993,.T.);
#2694=ORIENTED_EDGE('',*,*,#1992,.F.);
#2695=ORIENTED_EDGE('',*,*,#1993,.F.);
#2696=ORIENTED_EDGE('',*,*,#1994,.F.);
#2697=ORIENTED_EDGE('',*,*,#1995,.T.);
#2698=ORIENTED_EDGE('',*,*,#1996,.F.);
#2699=ORIENTED_EDGE('',*,*,#1995,.F.);
#2700=ORIENTED_EDGE('',*,*,#1994,.T.);
#2701=ORIENTED_EDGE('',*,*,#1997,.F.);
#2702=ORIENTED_EDGE('',*,*,#1998,.F.);
#2703=ORIENTED_EDGE('',*,*,#1999,.T.);
#2704=ORIENTED_EDGE('',*,*,#2000,.F.);
#2705=ORIENTED_EDGE('',*,*,#1999,.F.);
#2706=ORIENTED_EDGE('',*,*,#1998,.T.);
#2707=ORIENTED_EDGE('',*,*,#2001,.F.);
#2708=ORIENTED_EDGE('',*,*,#2002,.F.);
#2709=ORIENTED_EDGE('',*,*,#2003,.T.);
#2710=ORIENTED_EDGE('',*,*,#2004,.F.);
#2711=ORIENTED_EDGE('',*,*,#2003,.F.);
#2712=ORIENTED_EDGE('',*,*,#2002,.T.);
#2713=ORIENTED_EDGE('',*,*,#2005,.F.);
#2714=ORIENTED_EDGE('',*,*,#2006,.F.);
#2715=ORIENTED_EDGE('',*,*,#2007,.T.);
#2716=ORIENTED_EDGE('',*,*,#2008,.F.);
#2717=ORIENTED_EDGE('',*,*,#2007,.F.);
#2718=ORIENTED_EDGE('',*,*,#2006,.T.);
#2719=ORIENTED_EDGE('',*,*,#2009,.F.);
#2720=ORIENTED_EDGE('',*,*,#1773,.F.);
#2721=ORIENTED_EDGE('',*,*,#2010,.T.);
#2722=ORIENTED_EDGE('',*,*,#1997,.T.);
#2723=ORIENTED_EDGE('',*,*,#2010,.F.);
#2724=ORIENTED_EDGE('',*,*,#1772,.F.);
#2725=ORIENTED_EDGE('',*,*,#2011,.T.);
#2726=ORIENTED_EDGE('',*,*,#2001,.T.);
#2727=ORIENTED_EDGE('',*,*,#2011,.F.);
#2728=ORIENTED_EDGE('',*,*,#1771,.F.);
#2729=ORIENTED_EDGE('',*,*,#2012,.T.);
#2730=ORIENTED_EDGE('',*,*,#2005,.T.);
#2731=ORIENTED_EDGE('',*,*,#2012,.F.);
#2732=ORIENTED_EDGE('',*,*,#1770,.F.);
#2733=ORIENTED_EDGE('',*,*,#2013,.T.);
#2734=ORIENTED_EDGE('',*,*,#2009,.T.);
#2735=ORIENTED_EDGE('',*,*,#2013,.F.);
#2736=ORIENTED_EDGE('',*,*,#2014,.F.);
#2737=ORIENTED_EDGE('',*,*,#2015,.F.);
#2738=ORIENTED_EDGE('',*,*,#2016,.F.);
#2739=ORIENTED_EDGE('',*,*,#2017,.F.);
#2740=ORIENTED_EDGE('',*,*,#2018,.F.);
#2741=ORIENTED_EDGE('',*,*,#2019,.F.);
#2742=ORIENTED_EDGE('',*,*,#2020,.F.);
#2743=ORIENTED_EDGE('',*,*,#2021,.F.);
#2744=ORIENTED_EDGE('',*,*,#2022,.F.);
#2745=ORIENTED_EDGE('',*,*,#2023,.F.);
#2746=ORIENTED_EDGE('',*,*,#2015,.T.);
#2747=ORIENTED_EDGE('',*,*,#2017,.T.);
#2748=ORIENTED_EDGE('',*,*,#2024,.F.);
#2749=ORIENTED_EDGE('',*,*,#2025,.F.);
#2750=ORIENTED_EDGE('',*,*,#2026,.T.);
#2751=ORIENTED_EDGE('',*,*,#2016,.T.);
#2752=ORIENTED_EDGE('',*,*,#2027,.F.);
#2753=ORIENTED_EDGE('',*,*,#2028,.F.);
#2754=ORIENTED_EDGE('',*,*,#2024,.T.);
#2755=ORIENTED_EDGE('',*,*,#2023,.T.);
#2756=ORIENTED_EDGE('',*,*,#2029,.F.);
#2757=ORIENTED_EDGE('',*,*,#2030,.F.);
#2758=ORIENTED_EDGE('',*,*,#2027,.T.);
#2759=ORIENTED_EDGE('',*,*,#2022,.T.);
#2760=ORIENTED_EDGE('',*,*,#2031,.F.);
#2761=ORIENTED_EDGE('',*,*,#2032,.F.);
#2762=ORIENTED_EDGE('',*,*,#2029,.T.);
#2763=ORIENTED_EDGE('',*,*,#2021,.T.);
#2764=ORIENTED_EDGE('',*,*,#2033,.F.);
#2765=ORIENTED_EDGE('',*,*,#2034,.F.);
#2766=ORIENTED_EDGE('',*,*,#2031,.T.);
#2767=ORIENTED_EDGE('',*,*,#2020,.T.);
#2768=ORIENTED_EDGE('',*,*,#2035,.F.);
#2769=ORIENTED_EDGE('',*,*,#2036,.F.);
#2770=ORIENTED_EDGE('',*,*,#2033,.T.);
#2771=ORIENTED_EDGE('',*,*,#2019,.T.);
#2772=ORIENTED_EDGE('',*,*,#2037,.F.);
#2773=ORIENTED_EDGE('',*,*,#2038,.F.);
#2774=ORIENTED_EDGE('',*,*,#2035,.T.);
#2775=ORIENTED_EDGE('',*,*,#2018,.T.);
#2776=ORIENTED_EDGE('',*,*,#2026,.F.);
#2777=ORIENTED_EDGE('',*,*,#2039,.F.);
#2778=ORIENTED_EDGE('',*,*,#2037,.T.);
#2779=ORIENTED_EDGE('',*,*,#2040,.F.);
#2780=ORIENTED_EDGE('',*,*,#2041,.T.);
#2781=ORIENTED_EDGE('',*,*,#2042,.T.);
#2782=ORIENTED_EDGE('',*,*,#2043,.F.);
#2783=ORIENTED_EDGE('',*,*,#2044,.F.);
#2784=ORIENTED_EDGE('',*,*,#2043,.T.);
#2785=ORIENTED_EDGE('',*,*,#2045,.T.);
#2786=ORIENTED_EDGE('',*,*,#2046,.F.);
#2787=ORIENTED_EDGE('',*,*,#2047,.F.);
#2788=ORIENTED_EDGE('',*,*,#2046,.T.);
#2789=ORIENTED_EDGE('',*,*,#2048,.T.);
#2790=ORIENTED_EDGE('',*,*,#2049,.F.);
#2791=ORIENTED_EDGE('',*,*,#2050,.F.);
#2792=ORIENTED_EDGE('',*,*,#2049,.T.);
#2793=ORIENTED_EDGE('',*,*,#2051,.T.);
#2794=ORIENTED_EDGE('',*,*,#2052,.F.);
#2795=ORIENTED_EDGE('',*,*,#2053,.F.);
#2796=ORIENTED_EDGE('',*,*,#2052,.T.);
#2797=ORIENTED_EDGE('',*,*,#2054,.T.);
#2798=ORIENTED_EDGE('',*,*,#2055,.F.);
#2799=ORIENTED_EDGE('',*,*,#2056,.F.);
#2800=ORIENTED_EDGE('',*,*,#2057,.T.);
#2801=ORIENTED_EDGE('',*,*,#2058,.T.);
#2802=ORIENTED_EDGE('',*,*,#2041,.F.);
#2803=ORIENTED_EDGE('',*,*,#2059,.F.);
#2804=ORIENTED_EDGE('',*,*,#2060,.T.);
#2805=ORIENTED_EDGE('',*,*,#2061,.T.);
#2806=ORIENTED_EDGE('',*,*,#2057,.F.);
#2807=ORIENTED_EDGE('',*,*,#2062,.F.);
#2808=ORIENTED_EDGE('',*,*,#2055,.T.);
#2809=ORIENTED_EDGE('',*,*,#2063,.T.);
#2810=ORIENTED_EDGE('',*,*,#2060,.F.);
#2811=ORIENTED_EDGE('',*,*,#2063,.F.);
#2812=ORIENTED_EDGE('',*,*,#2054,.F.);
#2813=ORIENTED_EDGE('',*,*,#2051,.F.);
#2814=ORIENTED_EDGE('',*,*,#2048,.F.);
#2815=ORIENTED_EDGE('',*,*,#2045,.F.);
#2816=ORIENTED_EDGE('',*,*,#2042,.F.);
#2817=ORIENTED_EDGE('',*,*,#2058,.F.);
#2818=ORIENTED_EDGE('',*,*,#2061,.F.);
#2819=ORIENTED_EDGE('',*,*,#2025,.T.);
#2820=ORIENTED_EDGE('',*,*,#2028,.T.);
#2821=ORIENTED_EDGE('',*,*,#2030,.T.);
#2822=ORIENTED_EDGE('',*,*,#2032,.T.);
#2823=ORIENTED_EDGE('',*,*,#2034,.T.);
#2824=ORIENTED_EDGE('',*,*,#2036,.T.);
#2825=ORIENTED_EDGE('',*,*,#2038,.T.);
#2826=ORIENTED_EDGE('',*,*,#2039,.T.);
#2827=ORIENTED_EDGE('',*,*,#2064,.F.);
#2828=ORIENTED_EDGE('',*,*,#2065,.T.);
#2829=ORIENTED_EDGE('',*,*,#2066,.T.);
#2830=ORIENTED_EDGE('',*,*,#2065,.F.);
#2831=ORIENTED_EDGE('',*,*,#2066,.F.);
#2832=ORIENTED_EDGE('',*,*,#1991,.T.);
#2833=ORIENTED_EDGE('',*,*,#2067,.F.);
#2834=ORIENTED_EDGE('',*,*,#2068,.T.);
#2835=ORIENTED_EDGE('',*,*,#2069,.T.);
#2836=ORIENTED_EDGE('',*,*,#2068,.F.);
#2837=ORIENTED_EDGE('',*,*,#2069,.F.);
#2838=ORIENTED_EDGE('',*,*,#1988,.T.);
#2839=ORIENTED_EDGE('',*,*,#2070,.F.);
#2840=ORIENTED_EDGE('',*,*,#2071,.T.);
#2841=ORIENTED_EDGE('',*,*,#2072,.T.);
#2842=ORIENTED_EDGE('',*,*,#2071,.F.);
#2843=ORIENTED_EDGE('',*,*,#2072,.F.);
#2844=ORIENTED_EDGE('',*,*,#1985,.T.);
#2845=ORIENTED_EDGE('',*,*,#2073,.F.);
#2846=ORIENTED_EDGE('',*,*,#2074,.T.);
#2847=ORIENTED_EDGE('',*,*,#2075,.T.);
#2848=ORIENTED_EDGE('',*,*,#2074,.F.);
#2849=ORIENTED_EDGE('',*,*,#2075,.F.);
#2850=ORIENTED_EDGE('',*,*,#1982,.T.);
#2851=ORIENTED_EDGE('',*,*,#1845,.T.);
#2852=ORIENTED_EDGE('',*,*,#1890,.F.);
#2853=ORIENTED_EDGE('',*,*,#2076,.F.);
#2854=ORIENTED_EDGE('',*,*,#1959,.F.);
#2855=ORIENTED_EDGE('',*,*,#2077,.F.);
#2856=ORIENTED_EDGE('',*,*,#1907,.T.);
#2857=ORIENTED_EDGE('',*,*,#1968,.T.);
#2858=ORIENTED_EDGE('',*,*,#2078,.T.);
#2859=ORIENTED_EDGE('',*,*,#2079,.F.);
#2860=ORIENTED_EDGE('',*,*,#1891,.T.);
#2861=ORIENTED_EDGE('',*,*,#1884,.T.);
#2862=ORIENTED_EDGE('',*,*,#1838,.T.);
#2863=ORIENTED_EDGE('',*,*,#1819,.F.);
#2864=ORIENTED_EDGE('',*,*,#1975,.F.);
#2865=ORIENTED_EDGE('',*,*,#1978,.F.);
#2866=ORIENTED_EDGE('',*,*,#2080,.F.);
#2867=ORIENTED_EDGE('',*,*,#1810,.T.);
#2868=ORIENTED_EDGE('',*,*,#1952,.T.);
#2869=ORIENTED_EDGE('',*,*,#1756,.T.);
#2870=ORIENTED_EDGE('',*,*,#2081,.T.);
#2871=ORIENTED_EDGE('',*,*,#2082,.T.);
#2872=ORIENTED_EDGE('',*,*,#2083,.T.);
#2873=ORIENTED_EDGE('',*,*,#1752,.T.);
#2874=ORIENTED_EDGE('',*,*,#1951,.T.);
#2875=ORIENTED_EDGE('',*,*,#2084,.F.);
#2876=ORIENTED_EDGE('',*,*,#1956,.T.);
#2877=ORIENTED_EDGE('',*,*,#2085,.T.);
#2878=ORIENTED_EDGE('',*,*,#2086,.F.);
#2879=ORIENTED_EDGE('',*,*,#1821,.T.);
#2880=ORIENTED_EDGE('',*,*,#1872,.T.);
#2881=ORIENTED_EDGE('',*,*,#1954,.T.);
#2882=ORIENTED_EDGE('',*,*,#2087,.T.);
#2883=ORIENTED_EDGE('',*,*,#1949,.T.);
#2884=ORIENTED_EDGE('',*,*,#2088,.T.);
#2885=ORIENTED_EDGE('',*,*,#1953,.T.);
#2886=ORIENTED_EDGE('',*,*,#2084,.T.);
#2887=ORIENTED_EDGE('',*,*,#1950,.T.);
#2888=ORIENTED_EDGE('',*,*,#2087,.F.);
#2889=ORIENTED_EDGE('',*,*,#1965,.T.);
#2890=ORIENTED_EDGE('',*,*,#2089,.T.);
#2891=ORIENTED_EDGE('',*,*,#1972,.T.);
#2892=ORIENTED_EDGE('',*,*,#2090,.F.);
#2893=ORIENTED_EDGE('',*,*,#1967,.T.);
#2894=ORIENTED_EDGE('',*,*,#2091,.F.);
#2895=ORIENTED_EDGE('',*,*,#1970,.T.);
#2896=ORIENTED_EDGE('',*,*,#2092,.F.);
#2897=ORIENTED_EDGE('',*,*,#2093,.F.);
#2898=ORIENTED_EDGE('',*,*,#1780,.F.);
#2899=ORIENTED_EDGE('',*,*,#2094,.F.);
#2900=ORIENTED_EDGE('',*,*,#2085,.F.);
#2901=ORIENTED_EDGE('',*,*,#1955,.T.);
#2902=ORIENTED_EDGE('',*,*,#2088,.F.);
#2903=ORIENTED_EDGE('',*,*,#1948,.T.);
#2904=ORIENTED_EDGE('',*,*,#2095,.F.);
#2905=ORIENTED_EDGE('',*,*,#2096,.F.);
#2906=ORIENTED_EDGE('',*,*,#2097,.F.);
#2907=ORIENTED_EDGE('',*,*,#2098,.F.);
#2908=ORIENTED_EDGE('',*,*,#2078,.F.);
#2909=ORIENTED_EDGE('',*,*,#2053,.T.);
#2910=ORIENTED_EDGE('',*,*,#2062,.T.);
#2911=ORIENTED_EDGE('',*,*,#2059,.T.);
#2912=ORIENTED_EDGE('',*,*,#2056,.T.);
#2913=ORIENTED_EDGE('',*,*,#2040,.T.);
#2914=ORIENTED_EDGE('',*,*,#2044,.T.);
#2915=ORIENTED_EDGE('',*,*,#2047,.T.);
#2916=ORIENTED_EDGE('',*,*,#2050,.T.);
#2917=ORIENTED_EDGE('',*,*,#2064,.T.);
#2918=ORIENTED_EDGE('',*,*,#2067,.T.);
#2919=ORIENTED_EDGE('',*,*,#2070,.T.);
#2920=ORIENTED_EDGE('',*,*,#2073,.T.);
#2921=ORIENTED_EDGE('',*,*,#1969,.T.);
#2922=ORIENTED_EDGE('',*,*,#1873,.T.);
#2923=ORIENTED_EDGE('',*,*,#1785,.T.);
#2924=ORIENTED_EDGE('',*,*,#2099,.T.);
#2925=ORIENTED_EDGE('',*,*,#2092,.T.);
#2926=ORIENTED_EDGE('',*,*,#1966,.T.);
#2927=ORIENTED_EDGE('',*,*,#2090,.T.);
#2928=ORIENTED_EDGE('',*,*,#1971,.T.);
#2929=ORIENTED_EDGE('',*,*,#2091,.T.);
#2930=ORIENTED_EDGE('',*,*,#1828,.T.);
#2931=ORIENTED_EDGE('',*,*,#1685,.T.);
#2932=ORIENTED_EDGE('',*,*,#2100,.T.);
#2933=ORIENTED_EDGE('',*,*,#2101,.F.);
#2934=ORIENTED_EDGE('',*,*,#2102,.T.);
#2935=ORIENTED_EDGE('',*,*,#1787,.F.);
#2936=ORIENTED_EDGE('',*,*,#1855,.F.);
#2937=ORIENTED_EDGE('',*,*,#1723,.T.);
#2938=ORIENTED_EDGE('',*,*,#1852,.F.);
#2939=ORIENTED_EDGE('',*,*,#1880,.F.);
#2940=ORIENTED_EDGE('',*,*,#2103,.F.);
#2941=ORIENTED_EDGE('',*,*,#2104,.F.);
#2942=ORIENTED_EDGE('',*,*,#2105,.F.);
#2943=ORIENTED_EDGE('',*,*,#1729,.T.);
#2944=ORIENTED_EDGE('',*,*,#2083,.F.);
#2945=ORIENTED_EDGE('',*,*,#2106,.F.);
#2946=ORIENTED_EDGE('',*,*,#2107,.F.);
#2947=ORIENTED_EDGE('',*,*,#1753,.T.);
#2948=ORIENTED_EDGE('',*,*,#1868,.F.);
#2949=ORIENTED_EDGE('',*,*,#1747,.T.);
#2950=ORIENTED_EDGE('',*,*,#1860,.F.);
#2951=ORIENTED_EDGE('',*,*,#1915,.F.);
#2952=ORIENTED_EDGE('',*,*,#1876,.F.);
#2953=ORIENTED_EDGE('',*,*,#1879,.F.);
#2954=ORIENTED_EDGE('',*,*,#1881,.F.);
#2955=ORIENTED_EDGE('',*,*,#1761,.T.);
#2956=ORIENTED_EDGE('',*,*,#2081,.F.);
#2957=ORIENTED_EDGE('',*,*,#1755,.T.);
#2958=ORIENTED_EDGE('',*,*,#2108,.F.);
#2959=ORIENTED_EDGE('',*,*,#2109,.F.);
#2960=ORIENTED_EDGE('',*,*,#2110,.F.);
#2961=ORIENTED_EDGE('',*,*,#1731,.T.);
#2962=ORIENTED_EDGE('',*,*,#2111,.F.);
#2963=ORIENTED_EDGE('',*,*,#2112,.F.);
#2964=ORIENTED_EDGE('',*,*,#1899,.F.);
#2965=ORIENTED_EDGE('',*,*,#1902,.F.);
#2966=ORIENTED_EDGE('',*,*,#1916,.F.);
#2967=ORIENTED_EDGE('',*,*,#1737,.T.);
#2968=ORIENTED_EDGE('',*,*,#1839,.T.);
#2969=ORIENTED_EDGE('',*,*,#1808,.T.);
#2970=ORIENTED_EDGE('',*,*,#2113,.T.);
#2971=ORIENTED_EDGE('',*,*,#1764,.F.);
#2972=ORIENTED_EDGE('',*,*,#2107,.T.);
#2973=ORIENTED_EDGE('',*,*,#2114,.T.);
#2974=ORIENTED_EDGE('',*,*,#2108,.T.);
#2975=ORIENTED_EDGE('',*,*,#1754,.F.);
#2976=ORIENTED_EDGE('',*,*,#1964,.T.);
#2977=ORIENTED_EDGE('',*,*,#1732,.T.);
#2978=ORIENTED_EDGE('',*,*,#2110,.T.);
#2979=ORIENTED_EDGE('',*,*,#2115,.T.);
#2980=ORIENTED_EDGE('',*,*,#2103,.T.);
#2981=ORIENTED_EDGE('',*,*,#1728,.T.);
#2982=ORIENTED_EDGE('',*,*,#1973,.T.);
#2983=ORIENTED_EDGE('',*,*,#2089,.F.);
#2984=ORIENTED_EDGE('',*,*,#2106,.T.);
#2985=ORIENTED_EDGE('',*,*,#2082,.F.);
#2986=ORIENTED_EDGE('',*,*,#2109,.T.);
#2987=ORIENTED_EDGE('',*,*,#2114,.F.);
#2988=ORIENTED_EDGE('',*,*,#1847,.T.);
#2989=ORIENTED_EDGE('',*,*,#1906,.T.);
#2990=ORIENTED_EDGE('',*,*,#2116,.T.);
#2991=ORIENTED_EDGE('',*,*,#1740,.F.);
#2992=ORIENTED_EDGE('',*,*,#1827,.T.);
#2993=ORIENTED_EDGE('',*,*,#1720,.F.);
#2994=ORIENTED_EDGE('',*,*,#2117,.F.);
#2995=ORIENTED_EDGE('',*,*,#1687,.T.);
#2996=ORIENTED_EDGE('',*,*,#1958,.F.);
#2997=ORIENTED_EDGE('',*,*,#1963,.F.);
#2998=ORIENTED_EDGE('',*,*,#1908,.T.);
#2999=ORIENTED_EDGE('',*,*,#2077,.T.);
#3000=ORIENTED_EDGE('',*,*,#2118,.F.);
#3001=ORIENTED_EDGE('',*,*,#1862,.F.);
#3002=ORIENTED_EDGE('',*,*,#1914,.T.);
#3003=ORIENTED_EDGE('',*,*,#1962,.T.);
#3004=ORIENTED_EDGE('',*,*,#1719,.F.);
#3005=ORIENTED_EDGE('',*,*,#1677,.F.);
#3006=ORIENTED_EDGE('',*,*,#1688,.T.);
#3007=ORIENTED_EDGE('',*,*,#2117,.T.);
#3008=ORIENTED_EDGE('',*,*,#1765,.F.);
#3009=ORIENTED_EDGE('',*,*,#2113,.F.);
#3010=ORIENTED_EDGE('',*,*,#1807,.T.);
#3011=ORIENTED_EDGE('',*,*,#1805,.T.);
#3012=ORIENTED_EDGE('',*,*,#2119,.F.);
#3013=ORIENTED_EDGE('',*,*,#2100,.F.);
#3014=ORIENTED_EDGE('',*,*,#1684,.T.);
#3015=ORIENTED_EDGE('',*,*,#1980,.T.);
#3016=ORIENTED_EDGE('',*,*,#1977,.F.);
#3017=ORIENTED_EDGE('',*,*,#1981,.F.);
#3018=ORIENTED_EDGE('',*,*,#1811,.T.);
#3019=ORIENTED_EDGE('',*,*,#2080,.T.);
#3020=ORIENTED_EDGE('',*,*,#1743,.F.);
#3021=ORIENTED_EDGE('',*,*,#2120,.F.);
#3022=ORIENTED_EDGE('',*,*,#1903,.T.);
#3023=ORIENTED_EDGE('',*,*,#1857,.T.);
#3024=ORIENTED_EDGE('',*,*,#1742,.F.);
#3025=ORIENTED_EDGE('',*,*,#2121,.F.);
#3026=ORIENTED_EDGE('',*,*,#1904,.T.);
#3027=ORIENTED_EDGE('',*,*,#2120,.T.);
#3028=ORIENTED_EDGE('',*,*,#1741,.F.);
#3029=ORIENTED_EDGE('',*,*,#2116,.F.);
#3030=ORIENTED_EDGE('',*,*,#1905,.T.);
#3031=ORIENTED_EDGE('',*,*,#2121,.T.);
#3032=ORIENTED_EDGE('',*,*,#2105,.T.);
#3033=ORIENTED_EDGE('',*,*,#2122,.T.);
#3034=ORIENTED_EDGE('',*,*,#2111,.T.);
#3035=ORIENTED_EDGE('',*,*,#1730,.F.);
#3036=ORIENTED_EDGE('',*,*,#2104,.T.);
#3037=ORIENTED_EDGE('',*,*,#2115,.F.);
#3038=ORIENTED_EDGE('',*,*,#2112,.T.);
#3039=ORIENTED_EDGE('',*,*,#2122,.F.);
#3040=ORIENTED_EDGE('',*,*,#1945,.T.);
#3041=ORIENTED_EDGE('',*,*,#2123,.F.);
#3042=ORIENTED_EDGE('',*,*,#2101,.T.);
#3043=ORIENTED_EDGE('',*,*,#2119,.T.);
#3044=ORIENTED_EDGE('',*,*,#1979,.T.);
#3045=ORIENTED_EDGE('',*,*,#1939,.T.);
#3046=ORIENTED_EDGE('',*,*,#2124,.F.);
#3047=ORIENTED_EDGE('',*,*,#1863,.T.);
#3048=ORIENTED_EDGE('',*,*,#2118,.T.);
#3049=ORIENTED_EDGE('',*,*,#1961,.T.);
#3050=ORIENTED_EDGE('',*,*,#1944,.T.);
#3051=ORIENTED_EDGE('',*,*,#1788,.F.);
#3052=ORIENTED_EDGE('',*,*,#2102,.F.);
#3053=ORIENTED_EDGE('',*,*,#2123,.T.);
#3054=ORIENTED_EDGE('',*,*,#1923,.T.);
#3055=ORIENTED_EDGE('',*,*,#1960,.T.);
#3056=ORIENTED_EDGE('',*,*,#2076,.T.);
#3057=ORIENTED_EDGE('',*,*,#1889,.F.);
#3058=ORIENTED_EDGE('',*,*,#1938,.T.);
#3059=ORIENTED_EDGE('',*,*,#1885,.F.);
#3060=ORIENTED_EDGE('',*,*,#1864,.F.);
#3061=ORIENTED_EDGE('',*,*,#2124,.T.);
#3062=ORIENTED_EDGE('',*,*,#2125,.T.);
#3063=ORIENTED_EDGE('',*,*,#2126,.F.);
#3064=ORIENTED_EDGE('',*,*,#2127,.F.);
#3065=ORIENTED_EDGE('',*,*,#1717,.T.);
#3066=ORIENTED_EDGE('',*,*,#2128,.T.);
#3067=ORIENTED_EDGE('',*,*,#2129,.F.);
#3068=ORIENTED_EDGE('',*,*,#2125,.F.);
#3069=ORIENTED_EDGE('',*,*,#1716,.T.);
#3070=ORIENTED_EDGE('',*,*,#2130,.T.);
#3071=ORIENTED_EDGE('',*,*,#2131,.F.);
#3072=ORIENTED_EDGE('',*,*,#2128,.F.);
#3073=ORIENTED_EDGE('',*,*,#1715,.T.);
#3074=ORIENTED_EDGE('',*,*,#2132,.T.);
#3075=ORIENTED_EDGE('',*,*,#2133,.F.);
#3076=ORIENTED_EDGE('',*,*,#2130,.F.);
#3077=ORIENTED_EDGE('',*,*,#1714,.T.);
#3078=ORIENTED_EDGE('',*,*,#1947,.T.);
#3079=ORIENTED_EDGE('',*,*,#1896,.T.);
#3080=ORIENTED_EDGE('',*,*,#1895,.T.);
#3081=ORIENTED_EDGE('',*,*,#2134,.T.);
#3082=ORIENTED_EDGE('',*,*,#2095,.T.);
#3083=ORIENTED_EDGE('',*,*,#1894,.T.);
#3084=ORIENTED_EDGE('',*,*,#2135,.T.);
#3085=ORIENTED_EDGE('',*,*,#2096,.T.);
#3086=ORIENTED_EDGE('',*,*,#2134,.F.);
#3087=ORIENTED_EDGE('',*,*,#1893,.T.);
#3088=ORIENTED_EDGE('',*,*,#2136,.T.);
#3089=ORIENTED_EDGE('',*,*,#2097,.T.);
#3090=ORIENTED_EDGE('',*,*,#2135,.F.);
#3091=ORIENTED_EDGE('',*,*,#1892,.T.);
#3092=ORIENTED_EDGE('',*,*,#2079,.T.);
#3093=ORIENTED_EDGE('',*,*,#2098,.T.);
#3094=ORIENTED_EDGE('',*,*,#2136,.F.);
#3095=ORIENTED_EDGE('',*,*,#1784,.T.);
#3096=ORIENTED_EDGE('',*,*,#1781,.T.);
#3097=ORIENTED_EDGE('',*,*,#2093,.T.);
#3098=ORIENTED_EDGE('',*,*,#2099,.F.);
#3099=ORIENTED_EDGE('',*,*,#1822,.T.);
#3100=ORIENTED_EDGE('',*,*,#2086,.T.);
#3101=ORIENTED_EDGE('',*,*,#2094,.T.);
#3102=ORIENTED_EDGE('',*,*,#1779,.F.);
#3103=ORIENTED_EDGE('',*,*,#2127,.T.);
#3104=ORIENTED_EDGE('',*,*,#2137,.F.);
#3105=ORIENTED_EDGE('',*,*,#2138,.F.);
#3106=ORIENTED_EDGE('',*,*,#1718,.T.);
#3107=ORIENTED_EDGE('',*,*,#2138,.T.);
#3108=ORIENTED_EDGE('',*,*,#2139,.F.);
#3109=ORIENTED_EDGE('',*,*,#2140,.F.);
#3110=ORIENTED_EDGE('',*,*,#1711,.T.);
#3111=ORIENTED_EDGE('',*,*,#2140,.T.);
#3112=ORIENTED_EDGE('',*,*,#2141,.F.);
#3113=ORIENTED_EDGE('',*,*,#2142,.F.);
#3114=ORIENTED_EDGE('',*,*,#1712,.T.);
#3115=ORIENTED_EDGE('',*,*,#2142,.T.);
#3116=ORIENTED_EDGE('',*,*,#2143,.F.);
#3117=ORIENTED_EDGE('',*,*,#2132,.F.);
#3118=ORIENTED_EDGE('',*,*,#1713,.T.);
#3119=ORIENTED_EDGE('',*,*,#2133,.T.);
#3120=ORIENTED_EDGE('',*,*,#2143,.T.);
#3121=ORIENTED_EDGE('',*,*,#2141,.T.);
#3122=ORIENTED_EDGE('',*,*,#2139,.T.);
#3123=ORIENTED_EDGE('',*,*,#2137,.T.);
#3124=ORIENTED_EDGE('',*,*,#2126,.T.);
#3125=ORIENTED_EDGE('',*,*,#2129,.T.);
#3126=ORIENTED_EDGE('',*,*,#2131,.T.);
#3127=ORIENTED_EDGE('',*,*,#2014,.T.);
#3128=ORIENTED_EDGE('',*,*,#2008,.T.);
#3129=ORIENTED_EDGE('',*,*,#2004,.T.);
#3130=ORIENTED_EDGE('',*,*,#2000,.T.);
#3131=ORIENTED_EDGE('',*,*,#1996,.T.);
#3132=PLANE('',#3451);
#3133=PLANE('',#3452);
#3134=PLANE('',#3453);
#3135=PLANE('',#3454);
#3136=PLANE('',#3455);
#3137=PLANE('',#3456);
#3138=PLANE('',#3457);
#3139=PLANE('',#3458);
#3140=PLANE('',#3459);
#3141=PLANE('',#3460);
#3142=PLANE('',#3461);
#3143=PLANE('',#3462);
#3144=PLANE('',#3467);
#3145=PLANE('',#3468);
#3146=PLANE('',#3469);
#3147=PLANE('',#3470);
#3148=PLANE('',#3471);
#3149=PLANE('',#3504);
#3150=PLANE('',#3505);
#3151=PLANE('',#3506);
#3152=PLANE('',#3511);
#3153=PLANE('',#3512);
#3154=PLANE('',#3513);
#3155=PLANE('',#3514);
#3156=PLANE('',#3515);
#3157=PLANE('',#3516);
#3158=PLANE('',#3517);
#3159=PLANE('',#3518);
#3160=PLANE('',#3519);
#3161=PLANE('',#3520);
#3162=PLANE('',#3525);
#3163=PLANE('',#3526);
#3164=PLANE('',#3527);
#3165=PLANE('',#3528);
#3166=PLANE('',#3549);
#3167=PLANE('',#3550);
#3168=PLANE('',#3551);
#3169=PLANE('',#3552);
#3170=PLANE('',#3553);
#3171=PLANE('',#3554);
#3172=PLANE('',#3555);
#3173=PLANE('',#3557);
#3174=PLANE('',#3559);
#3175=PLANE('',#3560);
#3176=PLANE('',#3562);
#3177=PLANE('',#3564);
#3178=PLANE('',#3565);
#3179=PLANE('',#3567);
#3180=PLANE('',#3574);
#3181=PLANE('',#3576);
#3182=PLANE('',#3577);
#3183=PLANE('',#3579);
#3184=PLANE('',#3586);
#3185=PLANE('',#3588);
#3186=PLANE('',#3589);
#3187=PLANE('',#3592);
#3188=PLANE('',#3594);
#3189=PLANE('',#3596);
#3190=PLANE('',#3598);
#3191=PLANE('',#3600);
#3192=PLANE('',#3603);
#3193=PLANE('',#3606);
#3194=PLANE('',#3607);
#3195=PLANE('',#3616);
#3196=PLANE('',#3619);
#3197=PLANE('',#3620);
#3198=PLANE('',#3629);
#3199=PLANE('',#3631);
#3200=PLANE('',#3632);
#3201=PLANE('',#3636);
#3202=PLANE('',#3640);
#3203=PLANE('',#3644);
#3204=PLANE('',#3648);
#3205=PLANE('',#3652);
#3206=PLANE('',#3657);
#3207=PLANE('',#3662);
#3208=PLANE('',#3667);
#3209=PLANE('',#3677);
#3210=PLANE('',#3680);
#3211=PLANE('',#3683);
#3212=PLANE('',#3686);
#3213=PLANE('',#3689);
#3214=PLANE('',#3693);
#3215=PLANE('',#3697);
#3216=PLANE('',#3701);
#3217=PLANE('',#3705);
#3218=PLANE('',#3709);
#3219=PLANE('',#3713);
#3220=PLANE('',#3717);
#3221=PLANE('',#3721);
#3222=PLANE('',#3722);
#3223=PLANE('',#3723);
#3224=PLANE('',#3724);
#3225=PLANE('',#3725);
#3226=PLANE('',#3726);
#3227=PLANE('',#3727);
#3228=PLANE('',#3728);
#3229=PLANE('',#3729);
#3230=PLANE('',#3730);
#3231=PLANE('',#3735);
#3232=PLANE('',#3736);
#3233=PLANE('',#3737);
#3234=PLANE('',#3750);
#3235=PLANE('',#3751);
#3236=PLANE('',#3752);
#3237=PLANE('',#3753);
#3238=PLANE('',#3754);
#3239=PLANE('',#3755);
#3240=PLANE('',#3765);
#3241=PLANE('',#3767);
#3242=PLANE('',#3768);
#3243=PLANE('',#3769);
#3244=PLANE('',#3771);
#3245=PLANE('',#3776);
#3246=PLANE('',#3779);
#3247=PLANE('',#3782);
#3248=PLANE('',#3784);
#3249=PLANE('',#3790);
#3250=PLANE('',#3793);
#3251=PLANE('',#3794);
#3252=ADVANCED_FACE('',(#265),#3132,.F.);
#3253=ADVANCED_FACE('',(#266),#3133,.T.);
#3254=ADVANCED_FACE('',(#267),#3134,.T.);
#3255=ADVANCED_FACE('',(#268),#3135,.T.);
#3256=ADVANCED_FACE('',(#269),#3136,.T.);
#3257=ADVANCED_FACE('',(#270),#3137,.T.);
#3258=ADVANCED_FACE('',(#271),#3138,.T.);
#3259=ADVANCED_FACE('',(#272),#3139,.T.);
#3260=ADVANCED_FACE('',(#273),#3140,.T.);
#3261=ADVANCED_FACE('',(#274),#3141,.T.);
#3262=ADVANCED_FACE('',(#275),#3142,.F.);
#3263=ADVANCED_FACE('',(#276),#3143,.F.);
#3264=ADVANCED_FACE('',(#277),#3144,.F.);
#3265=ADVANCED_FACE('',(#278),#3145,.T.);
#3266=ADVANCED_FACE('',(#279),#3146,.T.);
#3267=ADVANCED_FACE('',(#280),#3147,.T.);
#3268=ADVANCED_FACE('',(#281,#81,#82,#83,#84,#85),#3148,.F.);
#3269=ADVANCED_FACE('',(#282),#3149,.F.);
#3270=ADVANCED_FACE('',(#283),#3150,.T.);
#3271=ADVANCED_FACE('',(#284),#3151,.T.);
#3272=ADVANCED_FACE('',(#285),#3152,.F.);
#3273=ADVANCED_FACE('',(#286),#3153,.T.);
#3274=ADVANCED_FACE('',(#287),#3154,.T.);
#3275=ADVANCED_FACE('',(#288),#3155,.T.);
#3276=ADVANCED_FACE('',(#289),#3156,.T.);
#3277=ADVANCED_FACE('',(#290),#3157,.T.);
#3278=ADVANCED_FACE('',(#291),#3158,.T.);
#3279=ADVANCED_FACE('',(#292),#3159,.T.);
#3280=ADVANCED_FACE('',(#293),#3160,.T.);
#3281=ADVANCED_FACE('',(#294),#3161,.F.);
#3282=ADVANCED_FACE('',(#295),#3162,.T.);
#3283=ADVANCED_FACE('',(#296),#3163,.T.);
#3284=ADVANCED_FACE('',(#297),#3164,.T.);
#3285=ADVANCED_FACE('',(#298),#3165,.T.);
#3286=ADVANCED_FACE('',(#299),#17,.F.);
#3287=ADVANCED_FACE('',(#300),#18,.F.);
#3288=ADVANCED_FACE('',(#301),#19,.F.);
#3289=ADVANCED_FACE('',(#302),#20,.F.);
#3290=ADVANCED_FACE('',(#303),#3166,.T.);
#3291=ADVANCED_FACE('',(#304),#3167,.T.);
#3292=ADVANCED_FACE('',(#305),#3168,.T.);
#3293=ADVANCED_FACE('',(#306),#3169,.T.);
#3294=ADVANCED_FACE('',(#307),#3170,.T.);
#3295=ADVANCED_FACE('',(#308),#3171,.T.);
#3296=ADVANCED_FACE('',(#309),#3172,.T.);
#3297=ADVANCED_FACE('',(#310),#3173,.T.);
#3298=ADVANCED_FACE('',(#311),#3174,.T.);
#3299=ADVANCED_FACE('',(#312),#3175,.F.);
#3300=ADVANCED_FACE('',(#313),#3176,.F.);
#3301=ADVANCED_FACE('',(#314),#3177,.T.);
#3302=ADVANCED_FACE('',(#315),#3178,.T.);
#3303=ADVANCED_FACE('',(#316),#3179,.T.);
#3304=ADVANCED_FACE('',(#317),#3180,.T.);
#3305=ADVANCED_FACE('',(#318),#3181,.T.);
#3306=ADVANCED_FACE('',(#319),#3182,.F.);
#3307=ADVANCED_FACE('',(#320),#3183,.F.);
#3308=ADVANCED_FACE('',(#321),#3184,.F.);
#3309=ADVANCED_FACE('',(#322),#3185,.T.);
#3310=ADVANCED_FACE('',(#323),#3186,.F.);
#3311=ADVANCED_FACE('',(#324),#21,.F.);
#3312=ADVANCED_FACE('',(#325),#3187,.F.);
#3313=ADVANCED_FACE('',(#326),#3188,.F.);
#3314=ADVANCED_FACE('',(#327),#3189,.F.);
#3315=ADVANCED_FACE('',(#328),#3190,.F.);
#3316=ADVANCED_FACE('',(#329),#3191,.F.);
#3317=ADVANCED_FACE('',(#330),#22,.F.);
#3318=ADVANCED_FACE('',(#331),#3192,.F.);
#3319=ADVANCED_FACE('',(#332),#23,.F.);
#3320=ADVANCED_FACE('',(#333),#3193,.F.);
#3321=ADVANCED_FACE('',(#334),#3194,.F.);
#3322=ADVANCED_FACE('',(#335),#24,.F.);
#3323=ADVANCED_FACE('',(#336),#25,.T.);
#3324=ADVANCED_FACE('',(#337),#26,.T.);
#3325=ADVANCED_FACE('',(#338),#3195,.F.);
#3326=ADVANCED_FACE('',(#339),#3196,.T.);
#3327=ADVANCED_FACE('',(#340),#3197,.T.);
#3328=ADVANCED_FACE('',(#341),#27,.T.);
#3329=ADVANCED_FACE('',(#342),#28,.T.);
#3330=ADVANCED_FACE('',(#343),#29,.F.);
#3331=ADVANCED_FACE('',(#344),#3198,.F.);
#3332=ADVANCED_FACE('',(#345),#3199,.T.);
#3333=ADVANCED_FACE('',(#346),#3200,.T.);
#3334=ADVANCED_FACE('',(#347),#30,.F.);
#3335=ADVANCED_FACE('',(#348),#3201,.F.);
#3336=ADVANCED_FACE('',(#349),#31,.F.);
#3337=ADVANCED_FACE('',(#350),#3202,.F.);
#3338=ADVANCED_FACE('',(#351),#32,.F.);
#3339=ADVANCED_FACE('',(#352),#3203,.F.);
#3340=ADVANCED_FACE('',(#353),#33,.F.);
#3341=ADVANCED_FACE('',(#354),#3204,.F.);
#3342=ADVANCED_FACE('',(#355),#34,.F.);
#3343=ADVANCED_FACE('',(#356,#86),#3205,.T.);
#3344=ADVANCED_FACE('',(#357),#35,.F.);
#3345=ADVANCED_FACE('',(#358,#87),#3206,.T.);
#3346=ADVANCED_FACE('',(#359),#36,.F.);
#3347=ADVANCED_FACE('',(#360,#88),#3207,.T.);
#3348=ADVANCED_FACE('',(#361),#37,.F.);
#3349=ADVANCED_FACE('',(#362,#89),#3208,.T.);
#3350=ADVANCED_FACE('',(#363),#38,.F.);
#3351=ADVANCED_FACE('',(#364),#39,.F.);
#3352=ADVANCED_FACE('',(#365),#40,.F.);
#3353=ADVANCED_FACE('',(#366),#41,.F.);
#3354=ADVANCED_FACE('',(#367),#16,.F.);
#3355=ADVANCED_FACE('',(#368),#3209,.F.);
#3356=ADVANCED_FACE('',(#369),#42,.F.);
#3357=ADVANCED_FACE('',(#370),#3210,.F.);
#3358=ADVANCED_FACE('',(#371),#43,.F.);
#3359=ADVANCED_FACE('',(#372),#3211,.F.);
#3360=ADVANCED_FACE('',(#373),#44,.F.);
#3361=ADVANCED_FACE('',(#374),#3212,.F.);
#3362=ADVANCED_FACE('',(#375),#45,.F.);
#3363=ADVANCED_FACE('',(#376),#3213,.F.);
#3364=ADVANCED_FACE('',(#377),#46,.F.);
#3365=ADVANCED_FACE('',(#378),#3214,.F.);
#3366=ADVANCED_FACE('',(#379),#47,.F.);
#3367=ADVANCED_FACE('',(#380),#3215,.F.);
#3368=ADVANCED_FACE('',(#381),#48,.F.);
#3369=ADVANCED_FACE('',(#382),#3216,.F.);
#3370=ADVANCED_FACE('',(#383),#49,.F.);
#3371=ADVANCED_FACE('',(#384,#90),#3217,.F.);
#3372=ADVANCED_FACE('',(#385),#50,.T.);
#3373=ADVANCED_FACE('',(#386,#91),#3218,.F.);
#3374=ADVANCED_FACE('',(#387),#51,.T.);
#3375=ADVANCED_FACE('',(#388,#92),#3219,.F.);
#3376=ADVANCED_FACE('',(#389),#52,.T.);
#3377=ADVANCED_FACE('',(#390,#93),#3220,.F.);
#3378=ADVANCED_FACE('',(#391),#53,.T.);
#3379=ADVANCED_FACE('',(#392,#94),#3221,.F.);
#3380=ADVANCED_FACE('',(#393),#3222,.T.);
#3381=ADVANCED_FACE('',(#394),#3223,.F.);
#3382=ADVANCED_FACE('',(#395),#3224,.T.);
#3383=ADVANCED_FACE('',(#396),#3225,.T.);
#3384=ADVANCED_FACE('',(#397),#3226,.F.);
#3385=ADVANCED_FACE('',(#398),#3227,.F.);
#3386=ADVANCED_FACE('',(#399),#3228,.T.);
#3387=ADVANCED_FACE('',(#400),#3229,.T.);
#3388=ADVANCED_FACE('',(#401,#95,#96,#97,#98,#99),#3230,.F.);
#3389=ADVANCED_FACE('',(#402),#3231,.F.);
#3390=ADVANCED_FACE('',(#403),#3232,.F.);
#3391=ADVANCED_FACE('',(#404),#3233,.T.);
#3392=ADVANCED_FACE('',(#405),#54,.F.);
#3393=ADVANCED_FACE('',(#406),#55,.F.);
#3394=ADVANCED_FACE('',(#407),#56,.F.);
#3395=ADVANCED_FACE('',(#408),#57,.F.);
#3396=ADVANCED_FACE('',(#409),#58,.F.);
#3397=ADVANCED_FACE('',(#410),#59,.F.);
#3398=ADVANCED_FACE('',(#411),#60,.F.);
#3399=ADVANCED_FACE('',(#412),#61,.F.);
#3400=ADVANCED_FACE('',(#413),#3234,.T.);
#3401=ADVANCED_FACE('',(#414),#3235,.T.);
#3402=ADVANCED_FACE('',(#415),#3236,.T.);
#3403=ADVANCED_FACE('',(#416),#3237,.F.);
#3404=ADVANCED_FACE('',(#417),#3238,.T.);
#3405=ADVANCED_FACE('',(#418),#3239,.T.);
#3406=ADVANCED_FACE('',(#419),#62,.F.);
#3407=ADVANCED_FACE('',(#420),#63,.F.);
#3408=ADVANCED_FACE('',(#421),#64,.T.);
#3409=ADVANCED_FACE('',(#422),#65,.T.);
#3410=ADVANCED_FACE('',(#423),#66,.F.);
#3411=ADVANCED_FACE('',(#424),#67,.F.);
#3412=ADVANCED_FACE('',(#425),#68,.T.);
#3413=ADVANCED_FACE('',(#426),#3240,.T.);
#3414=ADVANCED_FACE('',(#427),#69,.T.);
#3415=ADVANCED_FACE('',(#428),#3241,.T.);
#3416=ADVANCED_FACE('',(#429),#3242,.F.);
#3417=ADVANCED_FACE('',(#430),#3243,.F.);
#3418=ADVANCED_FACE('',(#431),#3244,.F.);
#3419=ADVANCED_FACE('',(#432),#70,.F.);
#3420=ADVANCED_FACE('',(#433),#71,.F.);
#3421=ADVANCED_FACE('',(#434),#72,.F.);
#3422=ADVANCED_FACE('',(#435),#3245,.T.);
#3423=ADVANCED_FACE('',(#436),#73,.T.);
#3424=ADVANCED_FACE('',(#437),#3246,.T.);
#3425=ADVANCED_FACE('',(#438),#74,.T.);
#3426=ADVANCED_FACE('',(#439),#3247,.F.);
#3427=ADVANCED_FACE('',(#440),#75,.F.);
#3428=ADVANCED_FACE('',(#441),#3248,.F.);
#3429=ADVANCED_FACE('',(#442),#76,.F.);
#3430=ADVANCED_FACE('',(#443),#77,.F.);
#3431=ADVANCED_FACE('',(#444),#78,.F.);
#3432=ADVANCED_FACE('',(#445),#79,.T.);
#3433=ADVANCED_FACE('',(#446),#3249,.T.);
#3434=ADVANCED_FACE('',(#447),#80,.T.);
#3435=ADVANCED_FACE('',(#448),#3250,.T.);
#3436=ADVANCED_FACE('',(#449,#100,#101,#102,#103,#104),#3251,.T.);
#3437=CLOSED_SHELL('',(#3252,#3253,#3254,#3255,#3256,#3257,#3258,#3259,
#3260,#3261,#3262,#3263,#3264,#3265,#3266,#3267,#3268,#3269,#3270,#3271,
#3272,#3273,#3274,#3275,#3276,#3277,#3278,#3279,#3280,#3281,#3282,#3283,
#3284,#3285,#3286,#3287,#3288,#3289,#3290,#3291,#3292,#3293,#3294,#3295,
#3296,#3297,#3298,#3299,#3300,#3301,#3302,#3303,#3304,#3305,#3306,#3307,
#3308,#3309,#3310,#3311,#3312,#3313,#3314,#3315,#3316,#3317,#3318,#3319,
#3320,#3321,#3322,#3323,#3324,#3325,#3326,#3327,#3328,#3329,#3330,#3331,
#3332,#3333,#3334,#3335,#3336,#3337,#3338,#3339,#3340,#3341,#3342,#3343,
#3344,#3345,#3346,#3347,#3348,#3349,#3350,#3351,#3352,#3353,#3354,#3355,
#3356,#3357,#3358,#3359,#3360,#3361,#3362,#3363,#3364,#3365,#3366,#3367,
#3368,#3369,#3370,#3371,#3372,#3373,#3374,#3375,#3376,#3377,#3378,#3379,
#3380,#3381,#3382,#3383,#3384,#3385,#3386,#3387,#3388,#3389,#3390,#3391,
#3392,#3393,#3394,#3395,#3396,#3397,#3398,#3399,#3400,#3401,#3402,#3403,
#3404,#3405,#3406,#3407,#3408,#3409,#3410,#3411,#3412,#3413,#3414,#3415,
#3416,#3417,#3418,#3419,#3420,#3421,#3422,#3423,#3424,#3425,#3426,#3427,
#3428,#3429,#3430,#3431,#3432,#3433,#3434,#3435,#3436));
#3438=DERIVED_UNIT_ELEMENT(#3440,1.);
#3439=DERIVED_UNIT_ELEMENT(#6084,-3.);
#3440=(
MASS_UNIT()
NAMED_UNIT(*)
SI_UNIT(.KILO.,.GRAM.)
);
#3441=DERIVED_UNIT((#3438,#3439));
#3442=MEASURE_REPRESENTATION_ITEM('density measure',
POSITIVE_RATIO_MEASURE(7850.),#3441);
#3443=PROPERTY_DEFINITION_REPRESENTATION(#3448,#3445);
#3444=PROPERTY_DEFINITION_REPRESENTATION(#3449,#3446);
#3445=REPRESENTATION('material name',(#3447),#6081);
#3446=REPRESENTATION('density',(#3442),#6081);
#3447=DESCRIPTIVE_REPRESENTATION_ITEM('Steel','Steel');
#3448=PROPERTY_DEFINITION('material property','material name',#6091);
#3449=PROPERTY_DEFINITION('material property','density of part',#6091);
#3450=AXIS2_PLACEMENT_3D('',#4818,#3795,#3796);
#3451=AXIS2_PLACEMENT_3D('',#4819,#3797,#3798);
#3452=AXIS2_PLACEMENT_3D('',#4828,#3803,#3804);
#3453=AXIS2_PLACEMENT_3D('',#4834,#3808,#3809);
#3454=AXIS2_PLACEMENT_3D('',#4838,#3812,#3813);
#3455=AXIS2_PLACEMENT_3D('',#4842,#3816,#3817);
#3456=AXIS2_PLACEMENT_3D('',#4844,#3819,#3820);
#3457=AXIS2_PLACEMENT_3D('',#4850,#3824,#3825);
#3458=AXIS2_PLACEMENT_3D('',#4858,#3830,#3831);
#3459=AXIS2_PLACEMENT_3D('',#4866,#3836,#3837);
#3460=AXIS2_PLACEMENT_3D('',#4872,#3841,#3842);
#3461=AXIS2_PLACEMENT_3D('',#4878,#3846,#3847);
#3462=AXIS2_PLACEMENT_3D('',#4882,#3850,#3851);
#3463=AXIS2_PLACEMENT_3D('',#4886,#3853,#3854);
#3464=AXIS2_PLACEMENT_3D('',#4890,#3856,#3857);
#3465=AXIS2_PLACEMENT_3D('',#4894,#3859,#3860);
#3466=AXIS2_PLACEMENT_3D('',#4897,#3862,#3863);
#3467=AXIS2_PLACEMENT_3D('',#4898,#3864,#3865);
#3468=AXIS2_PLACEMENT_3D('',#4928,#3881,#3882);
#3469=AXIS2_PLACEMENT_3D('',#4934,#3886,#3887);
#3470=AXIS2_PLACEMENT_3D('',#4940,#3891,#3892);
#3471=AXIS2_PLACEMENT_3D('',#4942,#3894,#3895);
#3472=AXIS2_PLACEMENT_3D('',#4947,#3897,#3898);
#3473=AXIS2_PLACEMENT_3D('',#4951,#3900,#3901);
#3474=AXIS2_PLACEMENT_3D('',#4955,#3903,#3904);
#3475=AXIS2_PLACEMENT_3D('',#4958,#3906,#3907);
#3476=AXIS2_PLACEMENT_3D('',#4960,#3908,#3909);
#3477=AXIS2_PLACEMENT_3D('',#4964,#3911,#3912);
#3478=AXIS2_PLACEMENT_3D('',#4968,#3914,#3915);
#3479=AXIS2_PLACEMENT_3D('',#4972,#3917,#3918);
#3480=AXIS2_PLACEMENT_3D('',#4976,#3920,#3921);
#3481=AXIS2_PLACEMENT_3D('',#4980,#3923,#3924);
#3482=AXIS2_PLACEMENT_3D('',#4984,#3926,#3927);
#3483=AXIS2_PLACEMENT_3D('',#4988,#3929,#3930);
#3484=AXIS2_PLACEMENT_3D('',#4992,#3932,#3933);
#3485=AXIS2_PLACEMENT_3D('',#4996,#3935,#3936);
#3486=AXIS2_PLACEMENT_3D('',#5000,#3938,#3939);
#3487=AXIS2_PLACEMENT_3D('',#5004,#3941,#3942);
#3488=AXIS2_PLACEMENT_3D('',#5008,#3944,#3945);
#3489=AXIS2_PLACEMENT_3D('',#5012,#3947,#3948);
#3490=AXIS2_PLACEMENT_3D('',#5016,#3950,#3951);
#3491=AXIS2_PLACEMENT_3D('',#5020,#3953,#3954);
#3492=AXIS2_PLACEMENT_3D('',#5024,#3956,#3957);
#3493=AXIS2_PLACEMENT_3D('',#5028,#3959,#3960);
#3494=AXIS2_PLACEMENT_3D('',#5032,#3962,#3963);
#3495=AXIS2_PLACEMENT_3D('',#5036,#3965,#3966);
#3496=AXIS2_PLACEMENT_3D('',#5040,#3968,#3969);
#3497=AXIS2_PLACEMENT_3D('',#5044,#3971,#3972);
#3498=AXIS2_PLACEMENT_3D('',#5048,#3974,#3975);
#3499=AXIS2_PLACEMENT_3D('',#5052,#3977,#3978);
#3500=AXIS2_PLACEMENT_3D('',#5061,#3983,#3984);
#3501=AXIS2_PLACEMENT_3D('',#5063,#3985,#3986);
#3502=AXIS2_PLACEMENT_3D('',#5065,#3987,#3988);
#3503=AXIS2_PLACEMENT_3D('',#5067,#3989,#3990);
#3504=AXIS2_PLACEMENT_3D('',#5068,#3991,#3992);
#3505=AXIS2_PLACEMENT_3D('',#5086,#4002,#4003);
#3506=AXIS2_PLACEMENT_3D('',#5088,#4005,#4006);
#3507=AXIS2_PLACEMENT_3D('',#5090,#4007,#4008);
#3508=AXIS2_PLACEMENT_3D('',#5094,#4010,#4011);
#3509=AXIS2_PLACEMENT_3D('',#5098,#4013,#4014);
#3510=AXIS2_PLACEMENT_3D('',#5099,#4015,#4016);
#3511=AXIS2_PLACEMENT_3D('',#5100,#4017,#4018);
#3512=AXIS2_PLACEMENT_3D('',#5109,#4023,#4024);
#3513=AXIS2_PLACEMENT_3D('',#5114,#4028,#4029);
#3514=AXIS2_PLACEMENT_3D('',#5118,#4032,#4033);
#3515=AXIS2_PLACEMENT_3D('',#5121,#4036,#4037);
#3516=AXIS2_PLACEMENT_3D('',#5122,#4038,#4039);
#3517=AXIS2_PLACEMENT_3D('',#5125,#4042,#4043);
#3518=AXIS2_PLACEMENT_3D('',#5129,#4046,#4047);
#3519=AXIS2_PLACEMENT_3D('',#5130,#4048,#4049);
#3520=AXIS2_PLACEMENT_3D('',#5134,#4052,#4053);
#3521=AXIS2_PLACEMENT_3D('',#5136,#4054,#4055);
#3522=AXIS2_PLACEMENT_3D('',#5140,#4057,#4058);
#3523=AXIS2_PLACEMENT_3D('',#5144,#4060,#4061);
#3524=AXIS2_PLACEMENT_3D('',#5147,#4063,#4064);
#3525=AXIS2_PLACEMENT_3D('',#5148,#4065,#4066);
#3526=AXIS2_PLACEMENT_3D('',#5150,#4068,#4069);
#3527=AXIS2_PLACEMENT_3D('',#5153,#4072,#4073);
#3528=AXIS2_PLACEMENT_3D('',#5154,#4074,#4075);
#3529=AXIS2_PLACEMENT_3D('',#5156,#4076,#4077);
#3530=AXIS2_PLACEMENT_3D('',#5158,#4078,#4079);
#3531=AXIS2_PLACEMENT_3D('',#5162,#4081,#4082);
#3532=AXIS2_PLACEMENT_3D('',#5165,#4084,#4085);
#3533=AXIS2_PLACEMENT_3D('',#5166,#4086,#4087);
#3534=AXIS2_PLACEMENT_3D('',#5168,#4088,#4089);
#3535=AXIS2_PLACEMENT_3D('',#5172,#4091,#4092);
#3536=AXIS2_PLACEMENT_3D('',#5176,#4096,#4097);
#3537=AXIS2_PLACEMENT_3D('',#5179,#4098,#4099);
#3538=AXIS2_PLACEMENT_3D('',#5181,#4100,#4101);
#3539=AXIS2_PLACEMENT_3D('',#5185,#4103,#4104);
#3540=AXIS2_PLACEMENT_3D('',#5190,#4107,#4108);
#3541=AXIS2_PLACEMENT_3D('',#5192,#4110,#4111);
#3542=AXIS2_PLACEMENT_3D('',#5194,#4112,#4113);
#3543=AXIS2_PLACEMENT_3D('',#5200,#4117,#4118);
#3544=AXIS2_PLACEMENT_3D('',#5202,#4120,#4121);
#3545=AXIS2_PLACEMENT_3D('',#5205,#4122,#4123);
#3546=AXIS2_PLACEMENT_3D('',#5207,#4124,#4125);
#3547=AXIS2_PLACEMENT_3D('',#5211,#4127,#4128);
#3548=AXIS2_PLACEMENT_3D('',#5216,#4131,#4132);
#3549=AXIS2_PLACEMENT_3D('',#5218,#4134,#4135);
#3550=AXIS2_PLACEMENT_3D('',#5222,#4138,#4139);
#3551=AXIS2_PLACEMENT_3D('',#5229,#4144,#4145);
#3552=AXIS2_PLACEMENT_3D('',#5233,#4148,#4149);
#3553=AXIS2_PLACEMENT_3D('',#5237,#4152,#4153);
#3554=AXIS2_PLACEMENT_3D('',#5247,#4159,#4160);
#3555=AXIS2_PLACEMENT_3D('',#5254,#4165,#4166);
#3556=AXIS2_PLACEMENT_3D('',#5258,#4168,#4169);
#3557=AXIS2_PLACEMENT_3D('',#5260,#4171,#4172);
#3558=AXIS2_PLACEMENT_3D('',#5263,#4174,#4175);
#3559=AXIS2_PLACEMENT_3D('',#5264,#4176,#4177);
#3560=AXIS2_PLACEMENT_3D('',#5269,#4181,#4182);
#3561=AXIS2_PLACEMENT_3D('',#5272,#4184,#4185);
#3562=AXIS2_PLACEMENT_3D('',#5273,#4186,#4187);
#3563=AXIS2_PLACEMENT_3D('',#5274,#4188,#4189);
#3564=AXIS2_PLACEMENT_3D('',#5275,#4190,#4191);
#3565=AXIS2_PLACEMENT_3D('',#5277,#4193,#4194);
#3566=AXIS2_PLACEMENT_3D('',#5281,#4196,#4197);
#3567=AXIS2_PLACEMENT_3D('',#5283,#4199,#4200);
#3568=AXIS2_PLACEMENT_3D('',#5285,#4201,#4202);
#3569=AXIS2_PLACEMENT_3D('',#5287,#4203,#4204);
#3570=AXIS2_PLACEMENT_3D('',#5291,#4206,#4207);
#3571=AXIS2_PLACEMENT_3D('',#5293,#4208,#4209);
#3572=AXIS2_PLACEMENT_3D('',#5298,#4212,#4213);
#3573=AXIS2_PLACEMENT_3D('',#5302,#4215,#4216);
#3574=AXIS2_PLACEMENT_3D('',#5304,#4218,#4219);
#3575=AXIS2_PLACEMENT_3D('',#5307,#4221,#4222);
#3576=AXIS2_PLACEMENT_3D('',#5308,#4223,#4224);
#3577=AXIS2_PLACEMENT_3D('',#5313,#4228,#4229);
#3578=AXIS2_PLACEMENT_3D('',#5316,#4231,#4232);
#3579=AXIS2_PLACEMENT_3D('',#5317,#4233,#4234);
#3580=AXIS2_PLACEMENT_3D('',#5319,#4235,#4236);
#3581=AXIS2_PLACEMENT_3D('',#5323,#4238,#4239);
#3582=AXIS2_PLACEMENT_3D('',#5328,#4242,#4243);
#3583=AXIS2_PLACEMENT_3D('',#5332,#4245,#4246);
#3584=AXIS2_PLACEMENT_3D('',#5336,#4248,#4249);
#3585=AXIS2_PLACEMENT_3D('',#5339,#4251,#4252);
#3586=AXIS2_PLACEMENT_3D('',#5340,#4253,#4254);
#3587=AXIS2_PLACEMENT_3D('',#5341,#4255,#4256);
#3588=AXIS2_PLACEMENT_3D('',#5342,#4257,#4258);
#3589=AXIS2_PLACEMENT_3D('',#5344,#4260,#4261);
#3590=AXIS2_PLACEMENT_3D('',#5350,#4265,#4266);
#3591=AXIS2_PLACEMENT_3D('',#5355,#4269,#4270);
#3592=AXIS2_PLACEMENT_3D('',#5357,#4272,#4273);
#3593=AXIS2_PLACEMENT_3D('',#5360,#4274,#4275);
#3594=AXIS2_PLACEMENT_3D('',#5362,#4277,#4278);
#3595=AXIS2_PLACEMENT_3D('',#5365,#4279,#4280);
#3596=AXIS2_PLACEMENT_3D('',#5367,#4282,#4283);
#3597=AXIS2_PLACEMENT_3D('',#5368,#4284,#4285);
#3598=AXIS2_PLACEMENT_3D('',#5369,#4286,#4287);
#3599=AXIS2_PLACEMENT_3D('',#5372,#4288,#4289);
#3600=AXIS2_PLACEMENT_3D('',#5374,#4291,#4292);
#3601=AXIS2_PLACEMENT_3D('',#5377,#4295,#4296);
#3602=AXIS2_PLACEMENT_3D('',#5381,#4298,#4299);
#3603=AXIS2_PLACEMENT_3D('',#5383,#4301,#4302);
#3604=AXIS2_PLACEMENT_3D('',#5386,#4305,#4306);
#3605=AXIS2_PLACEMENT_3D('',#5390,#4308,#4309);
#3606=AXIS2_PLACEMENT_3D('',#5393,#4312,#4313);
#3607=AXIS2_PLACEMENT_3D('',#5394,#4314,#4315);
#3608=AXIS2_PLACEMENT_3D('',#5397,#4318,#4319);
#3609=AXIS2_PLACEMENT_3D('',#5401,#4321,#4322);
#3610=AXIS2_PLACEMENT_3D('',#5403,#4324,#4325);
#3611=AXIS2_PLACEMENT_3D('',#5407,#4327,#4328);
#3612=AXIS2_PLACEMENT_3D('',#5411,#4330,#4331);
#3613=AXIS2_PLACEMENT_3D('',#5413,#4333,#4334);
#3614=AXIS2_PLACEMENT_3D('',#5417,#4336,#4337);
#3615=AXIS2_PLACEMENT_3D('',#5421,#4339,#4340);
#3616=AXIS2_PLACEMENT_3D('',#5423,#4342,#4343);
#3617=AXIS2_PLACEMENT_3D('',#5427,#4345,#4346);
#3618=AXIS2_PLACEMENT_3D('',#5430,#4348,#4349);
#3619=AXIS2_PLACEMENT_3D('',#5431,#4350,#4351);
#3620=AXIS2_PLACEMENT_3D('',#5435,#4354,#4355);
#3621=AXIS2_PLACEMENT_3D('',#5437,#4357,#4358);
#3622=AXIS2_PLACEMENT_3D('',#5441,#4360,#4361);
#3623=AXIS2_PLACEMENT_3D('',#5445,#4363,#4364);
#3624=AXIS2_PLACEMENT_3D('',#5447,#4366,#4367);
#3625=AXIS2_PLACEMENT_3D('',#5451,#4369,#4370);
#3626=AXIS2_PLACEMENT_3D('',#5455,#4372,#4373);
#3627=AXIS2_PLACEMENT_3D('',#5457,#4375,#4376);
#3628=AXIS2_PLACEMENT_3D('',#5459,#4377,#4378);
#3629=AXIS2_PLACEMENT_3D('',#5461,#4380,#4381);
#3630=AXIS2_PLACEMENT_3D('',#5465,#4383,#4384);
#3631=AXIS2_PLACEMENT_3D('',#5467,#4386,#4387);
#3632=AXIS2_PLACEMENT_3D('',#5471,#4390,#4391);
#3633=AXIS2_PLACEMENT_3D('',#5473,#4393,#4394);
#3634=AXIS2_PLACEMENT_3D('',#5475,#4395,#4396);
#3635=AXIS2_PLACEMENT_3D('',#5478,#4398,#4399);
#3636=AXIS2_PLACEMENT_3D('',#5479,#4400,#4401);
#3637=AXIS2_PLACEMENT_3D('',#5480,#4402,#4403);
#3638=AXIS2_PLACEMENT_3D('',#5482,#4404,#4405);
#3639=AXIS2_PLACEMENT_3D('',#5485,#4407,#4408);
#3640=AXIS2_PLACEMENT_3D('',#5486,#4409,#4410);
#3641=AXIS2_PLACEMENT_3D('',#5487,#4411,#4412);
#3642=AXIS2_PLACEMENT_3D('',#5489,#4413,#4414);
#3643=AXIS2_PLACEMENT_3D('',#5492,#4416,#4417);
#3644=AXIS2_PLACEMENT_3D('',#5493,#4418,#4419);
#3645=AXIS2_PLACEMENT_3D('',#5494,#4420,#4421);
#3646=AXIS2_PLACEMENT_3D('',#5496,#4422,#4423);
#3647=AXIS2_PLACEMENT_3D('',#5499,#4425,#4426);
#3648=AXIS2_PLACEMENT_3D('',#5500,#4427,#4428);
#3649=AXIS2_PLACEMENT_3D('',#5501,#4429,#4430);
#3650=AXIS2_PLACEMENT_3D('',#5503,#4431,#4432);
#3651=AXIS2_PLACEMENT_3D('',#5506,#4434,#4435);
#3652=AXIS2_PLACEMENT_3D('',#5507,#4436,#4437);
#3653=AXIS2_PLACEMENT_3D('',#5509,#4438,#4439);
#3654=AXIS2_PLACEMENT_3D('',#5510,#4440,#4441);
#3655=AXIS2_PLACEMENT_3D('',#5512,#4442,#4443);
#3656=AXIS2_PLACEMENT_3D('',#5515,#4445,#4446);
#3657=AXIS2_PLACEMENT_3D('',#5516,#4447,#4448);
#3658=AXIS2_PLACEMENT_3D('',#5518,#4449,#4450);
#3659=AXIS2_PLACEMENT_3D('',#5519,#4451,#4452);
#3660=AXIS2_PLACEMENT_3D('',#5521,#4453,#4454);
#3661=AXIS2_PLACEMENT_3D('',#5524,#4456,#4457);
#3662=AXIS2_PLACEMENT_3D('',#5525,#4458,#4459);
#3663=AXIS2_PLACEMENT_3D('',#5527,#4460,#4461);
#3664=AXIS2_PLACEMENT_3D('',#5528,#4462,#4463);
#3665=AXIS2_PLACEMENT_3D('',#5530,#4464,#4465);
#3666=AXIS2_PLACEMENT_3D('',#5533,#4467,#4468);
#3667=AXIS2_PLACEMENT_3D('',#5534,#4469,#4470);
#3668=AXIS2_PLACEMENT_3D('',#5536,#4471,#4472);
#3669=AXIS2_PLACEMENT_3D('',#5537,#4473,#4474);
#3670=AXIS2_PLACEMENT_3D('',#5539,#4476,#4477);
#3671=AXIS2_PLACEMENT_3D('',#5541,#4479,#4480);
#3672=AXIS2_PLACEMENT_3D('',#5543,#4482,#4483);
#3673=AXIS2_PLACEMENT_3D('',#5807,#4486,#4487);
#3674=AXIS2_PLACEMENT_3D('',#5811,#4489,#4490);
#3675=AXIS2_PLACEMENT_3D('',#5815,#4492,#4493);
#3676=AXIS2_PLACEMENT_3D('',#5819,#4495,#4496);
#3677=AXIS2_PLACEMENT_3D('',#5821,#4498,#4499);
#3678=AXIS2_PLACEMENT_3D('',#5827,#4503,#4504);
#3679=AXIS2_PLACEMENT_3D('',#5830,#4506,#4507);
#3680=AXIS2_PLACEMENT_3D('',#5831,#4508,#4509);
#3681=AXIS2_PLACEMENT_3D('',#5835,#4512,#4513);
#3682=AXIS2_PLACEMENT_3D('',#5838,#4515,#4516);
#3683=AXIS2_PLACEMENT_3D('',#5839,#4517,#4518);
#3684=AXIS2_PLACEMENT_3D('',#5843,#4521,#4522);
#3685=AXIS2_PLACEMENT_3D('',#5846,#4524,#4525);
#3686=AXIS2_PLACEMENT_3D('',#5847,#4526,#4527);
#3687=AXIS2_PLACEMENT_3D('',#5851,#4530,#4531);
#3688=AXIS2_PLACEMENT_3D('',#5852,#4532,#4533);
#3689=AXIS2_PLACEMENT_3D('',#5853,#4534,#4535);
#3690=AXIS2_PLACEMENT_3D('',#5862,#4540,#4541);
#3691=AXIS2_PLACEMENT_3D('',#5864,#4542,#4543);
#3692=AXIS2_PLACEMENT_3D('',#5866,#4544,#4545);
#3693=AXIS2_PLACEMENT_3D('',#5868,#4547,#4548);
#3694=AXIS2_PLACEMENT_3D('',#5874,#4552,#4553);
#3695=AXIS2_PLACEMENT_3D('',#5876,#4554,#4555);
#3696=AXIS2_PLACEMENT_3D('',#5878,#4556,#4557);
#3697=AXIS2_PLACEMENT_3D('',#5880,#4559,#4560);
#3698=AXIS2_PLACEMENT_3D('',#5886,#4564,#4565);
#3699=AXIS2_PLACEMENT_3D('',#5888,#4566,#4567);
#3700=AXIS2_PLACEMENT_3D('',#5891,#4569,#4570);
#3701=AXIS2_PLACEMENT_3D('',#5892,#4571,#4572);
#3702=AXIS2_PLACEMENT_3D('',#5898,#4576,#4577);
#3703=AXIS2_PLACEMENT_3D('',#5899,#4578,#4579);
#3704=AXIS2_PLACEMENT_3D('',#5900,#4580,#4581);
#3705=AXIS2_PLACEMENT_3D('',#5901,#4582,#4583);
#3706=AXIS2_PLACEMENT_3D('',#5902,#4584,#4585);
#3707=AXIS2_PLACEMENT_3D('',#5904,#4586,#4587);
#3708=AXIS2_PLACEMENT_3D('',#5907,#4589,#4590);
#3709=AXIS2_PLACEMENT_3D('',#5908,#4591,#4592);
#3710=AXIS2_PLACEMENT_3D('',#5909,#4593,#4594);
#3711=AXIS2_PLACEMENT_3D('',#5911,#4595,#4596);
#3712=AXIS2_PLACEMENT_3D('',#5914,#4598,#4599);
#3713=AXIS2_PLACEMENT_3D('',#5915,#4600,#4601);
#3714=AXIS2_PLACEMENT_3D('',#5916,#4602,#4603);
#3715=AXIS2_PLACEMENT_3D('',#5918,#4604,#4605);
#3716=AXIS2_PLACEMENT_3D('',#5921,#4607,#4608);
#3717=AXIS2_PLACEMENT_3D('',#5922,#4609,#4610);
#3718=AXIS2_PLACEMENT_3D('',#5923,#4611,#4612);
#3719=AXIS2_PLACEMENT_3D('',#5925,#4613,#4614);
#3720=AXIS2_PLACEMENT_3D('',#5928,#4616,#4617);
#3721=AXIS2_PLACEMENT_3D('',#5929,#4618,#4619);
#3722=AXIS2_PLACEMENT_3D('',#5930,#4620,#4621);
#3723=AXIS2_PLACEMENT_3D('',#5933,#4624,#4625);
#3724=AXIS2_PLACEMENT_3D('',#5937,#4628,#4629);
#3725=AXIS2_PLACEMENT_3D('',#5939,#4631,#4632);
#3726=AXIS2_PLACEMENT_3D('',#5946,#4637,#4638);
#3727=AXIS2_PLACEMENT_3D('',#5950,#4641,#4642);
#3728=AXIS2_PLACEMENT_3D('',#5953,#4645,#4646);
#3729=AXIS2_PLACEMENT_3D('',#5954,#4647,#4648);
#3730=AXIS2_PLACEMENT_3D('',#5957,#4651,#4652);
#3731=AXIS2_PLACEMENT_3D('',#5961,#4655,#4656);
#3732=AXIS2_PLACEMENT_3D('',#5962,#4657,#4658);
#3733=AXIS2_PLACEMENT_3D('',#5966,#4660,#4661);
#3734=AXIS2_PLACEMENT_3D('',#5969,#4663,#4664);
#3735=AXIS2_PLACEMENT_3D('',#5970,#4665,#4666);
#3736=AXIS2_PLACEMENT_3D('',#5972,#4668,#4669);
#3737=AXIS2_PLACEMENT_3D('',#5973,#4670,#4671);
#3738=AXIS2_PLACEMENT_3D('',#5979,#4675,#4676);
#3739=AXIS2_PLACEMENT_3D('',#5980,#4677,#4678);
#3740=AXIS2_PLACEMENT_3D('',#5984,#4680,#4681);
#3741=AXIS2_PLACEMENT_3D('',#5986,#4683,#4684);
#3742=AXIS2_PLACEMENT_3D('',#5988,#4685,#4686);
#3743=AXIS2_PLACEMENT_3D('',#5990,#4688,#4689);
#3744=AXIS2_PLACEMENT_3D('',#5991,#4690,#4691);
#3745=AXIS2_PLACEMENT_3D('',#5992,#4692,#4693);
#3746=AXIS2_PLACEMENT_3D('',#5995,#4695,#4696);
#3747=AXIS2_PLACEMENT_3D('',#5996,#4697,#4698);
#3748=AXIS2_PLACEMENT_3D('',#6001,#4701,#4702);
#3749=AXIS2_PLACEMENT_3D('',#6002,#4703,#4704);
#3750=AXIS2_PLACEMENT_3D('',#6003,#4705,#4706);
#3751=AXIS2_PLACEMENT_3D('',#6005,#4708,#4709);
#3752=AXIS2_PLACEMENT_3D('',#6007,#4711,#4712);
#3753=AXIS2_PLACEMENT_3D('',#6009,#4714,#4715);
#3754=AXIS2_PLACEMENT_3D('',#6010,#4716,#4717);
#3755=AXIS2_PLACEMENT_3D('',#6012,#4719,#4720);
#3756=AXIS2_PLACEMENT_3D('',#6014,#4722,#4723);
#3757=AXIS2_PLACEMENT_3D('',#6015,#4724,#4725);
#3758=AXIS2_PLACEMENT_3D('',#6016,#4726,#4727);
#3759=AXIS2_PLACEMENT_3D('',#6017,#4728,#4729);
#3760=AXIS2_PLACEMENT_3D('',#6018,#4730,#4731);
#3761=AXIS2_PLACEMENT_3D('',#6019,#4732,#4733);
#3762=AXIS2_PLACEMENT_3D('',#6020,#4734,#4735);
#3763=AXIS2_PLACEMENT_3D('',#6021,#4736,#4737);
#3764=AXIS2_PLACEMENT_3D('',#6022,#4738,#4739);
#3765=AXIS2_PLACEMENT_3D('',#6024,#4741,#4742);
#3766=AXIS2_PLACEMENT_3D('',#6026,#4744,#4745);
#3767=AXIS2_PLACEMENT_3D('',#6027,#4746,#4747);
#3768=AXIS2_PLACEMENT_3D('',#6029,#4749,#4750);
#3769=AXIS2_PLACEMENT_3D('',#6030,#4751,#4752);
#3770=AXIS2_PLACEMENT_3D('',#6031,#4753,#4754);
#3771=AXIS2_PLACEMENT_3D('',#6032,#4755,#4756);
#3772=AXIS2_PLACEMENT_3D('',#6033,#4757,#4758);
#3773=AXIS2_PLACEMENT_3D('',#6034,#4759,#4760);
#3774=AXIS2_PLACEMENT_3D('',#6035,#4761,#4762);
#3775=AXIS2_PLACEMENT_3D('',#6036,#4763,#4764);
#3776=AXIS2_PLACEMENT_3D('',#6037,#4765,#4766);
#3777=AXIS2_PLACEMENT_3D('',#6043,#4770,#4771);
#3778=AXIS2_PLACEMENT_3D('',#6046,#4773,#4774);
#3779=AXIS2_PLACEMENT_3D('',#6047,#4775,#4776);
#3780=AXIS2_PLACEMENT_3D('',#6051,#4779,#4780);
#3781=AXIS2_PLACEMENT_3D('',#6054,#4782,#4783);
#3782=AXIS2_PLACEMENT_3D('',#6055,#4784,#4785);
#3783=AXIS2_PLACEMENT_3D('',#6057,#4787,#4788);
#3784=AXIS2_PLACEMENT_3D('',#6059,#4790,#4791);
#3785=AXIS2_PLACEMENT_3D('',#6061,#4793,#4794);
#3786=AXIS2_PLACEMENT_3D('',#6062,#4795,#4796);
#3787=AXIS2_PLACEMENT_3D('',#6063,#4797,#4798);
#3788=AXIS2_PLACEMENT_3D('',#6064,#4799,#4800);
#3789=AXIS2_PLACEMENT_3D('',#6066,#4801,#4802);
#3790=AXIS2_PLACEMENT_3D('',#6068,#4804,#4805);
#3791=AXIS2_PLACEMENT_3D('',#6072,#4808,#4809);
#3792=AXIS2_PLACEMENT_3D('',#6074,#4810,#4811);
#3793=AXIS2_PLACEMENT_3D('',#6076,#4813,#4814);
#3794=AXIS2_PLACEMENT_3D('',#6078,#4816,#4817);
#3795=DIRECTION('axis',(0.,0.,1.));
#3796=DIRECTION('refdir',(1.,0.,0.));
#3797=DIRECTION('center_axis',(-8.54143770645087E-30,-2.42099412315024E-27,
1.));
#3798=DIRECTION('ref_axis',(1.,0.,8.54143770645087E-30));
#3799=DIRECTION('',(0.,-1.,0.));
#3800=DIRECTION('',(-1.,0.,0.));
#3801=DIRECTION('',(0.,1.,0.));
#3802=DIRECTION('',(1.,0.,0.));
#3803=DIRECTION('center_axis',(-0.707106781186544,5.71691118631931E-17,
-0.707106781186552));
#3804=DIRECTION('ref_axis',(-0.707106781186552,0.,0.707106781186544));
#3805=DIRECTION('',(-0.577350269189628,-0.577350269189628,0.577350269189622));
#3806=DIRECTION('',(0.,-1.,0.));
#3807=DIRECTION('',(-0.577350269189628,0.577350269189628,0.577350269189622));
#3808=DIRECTION('center_axis',(2.81477000884085E-17,-0.707106781186543,
-0.707106781186552));
#3809=DIRECTION('ref_axis',(-1.,0.,-3.98068592146374E-17));
#3810=DIRECTION('',(0.577350269189628,-0.577350269189628,0.577350269189622));
#3811=DIRECTION('',(1.,0.,0.));
#3812=DIRECTION('center_axis',(0.707106781186543,-5.71691118631931E-17,
-0.707106781186552));
#3813=DIRECTION('ref_axis',(-0.707106781186552,0.,-0.707106781186543));
#3814=DIRECTION('',(0.577350269189628,0.577350269189628,0.577350269189622));
#3815=DIRECTION('',(0.,1.,0.));
#3816=DIRECTION('center_axis',(-2.81477000884085E-17,0.707106781186543,
-0.707106781186552));
#3817=DIRECTION('ref_axis',(-1.,0.,3.98068592146374E-17));
#3818=DIRECTION('',(-1.,0.,0.));
#3819=DIRECTION('center_axis',(0.,-1.,0.));
#3820=DIRECTION('ref_axis',(1.,0.,0.));
#3821=DIRECTION('',(1.,0.,0.));
#3822=DIRECTION('',(0.,0.,1.));
#3823=DIRECTION('',(0.,0.,1.));
#3824=DIRECTION('center_axis',(-1.,0.,0.));
#3825=DIRECTION('ref_axis',(0.,-1.,0.));
#3826=DIRECTION('',(0.,-1.,0.));
#3827=DIRECTION('',(0.,0.,1.));
#3828=DIRECTION('',(0.,-1.,0.));
#3829=DIRECTION('',(0.,0.,1.));
#3830=DIRECTION('center_axis',(1.,0.,0.));
#3831=DIRECTION('ref_axis',(0.,1.,0.));
#3832=DIRECTION('',(0.,1.,0.));
#3833=DIRECTION('',(0.,0.,1.));
#3834=DIRECTION('',(0.,1.,0.));
#3835=DIRECTION('',(0.,0.,-1.));
#3836=DIRECTION('center_axis',(0.,-1.,0.));
#3837=DIRECTION('ref_axis',(1.,0.,0.));
#3838=DIRECTION('',(1.,0.,0.));
#3839=DIRECTION('',(0.,0.,-1.));
#3840=DIRECTION('',(1.,0.,0.));
#3841=DIRECTION('center_axis',(0.,-1.,0.));
#3842=DIRECTION('ref_axis',(1.,0.,0.));
#3843=DIRECTION('',(1.,0.,0.));
#3844=DIRECTION('',(0.,0.,1.));
#3845=DIRECTION('',(1.,0.,0.));
#3846=DIRECTION('center_axis',(0.,0.,1.));
#3847=DIRECTION('ref_axis',(1.,0.,0.));
#3848=DIRECTION('',(0.,1.,0.));
#3849=DIRECTION('',(1.,0.,0.));
#3850=DIRECTION('center_axis',(0.,0.,1.));
#3851=DIRECTION('ref_axis',(1.,0.,0.));
#3852=DIRECTION('',(1.,0.,0.));
#3853=DIRECTION('center_axis',(0.,0.,1.));
#3854=DIRECTION('ref_axis',(0.,-1.,0.));
#3855=DIRECTION('',(-1.,0.,0.));
#3856=DIRECTION('center_axis',(0.,0.,-1.));
#3857=DIRECTION('ref_axis',(0.,-1.,0.));
#3858=DIRECTION('',(0.,-1.,0.));
#3859=DIRECTION('center_axis',(0.,0.,1.));
#3860=DIRECTION('ref_axis',(1.,0.,0.));
#3861=DIRECTION('',(0.,1.,0.));
#3862=DIRECTION('center_axis',(0.,0.,1.));
#3863=DIRECTION('ref_axis',(0.,-1.,0.));
#3864=DIRECTION('center_axis',(0.,-1.,0.));
#3865=DIRECTION('ref_axis',(1.,0.,0.));
#3866=DIRECTION('',(-1.,0.,0.));
#3867=DIRECTION('',(0.,0.,1.));
#3868=DIRECTION('',(0.,0.,1.));
#3869=DIRECTION('',(-1.,0.,0.));
#3870=DIRECTION('',(0.,0.,1.));
#3871=DIRECTION('',(1.,0.,0.));
#3872=DIRECTION('',(0.,0.,1.));
#3873=DIRECTION('',(-1.,0.,0.));
#3874=DIRECTION('',(0.,0.,1.));
#3875=DIRECTION('',(-1.,0.,0.));
#3876=DIRECTION('',(0.,0.,1.));
#3877=DIRECTION('',(-1.,0.,0.));
#3878=DIRECTION('',(0.,0.,1.));
#3879=DIRECTION('',(-1.,0.,0.));
#3880=DIRECTION('',(0.,0.,1.));
#3881=DIRECTION('center_axis',(-1.,0.,0.));
#3882=DIRECTION('ref_axis',(0.,-1.,0.));
#3883=DIRECTION('',(0.,1.,0.));
#3884=DIRECTION('',(0.,0.,-1.));
#3885=DIRECTION('',(0.,-1.,0.));
#3886=DIRECTION('center_axis',(1.,0.,0.));
#3887=DIRECTION('ref_axis',(0.,1.,0.));
#3888=DIRECTION('',(0.,-1.,0.));
#3889=DIRECTION('',(0.,1.,0.));
#3890=DIRECTION('',(0.,0.,1.));
#3891=DIRECTION('center_axis',(0.,0.,1.));
#3892=DIRECTION('ref_axis',(1.,0.,0.));
#3893=DIRECTION('',(-1.,0.,0.));
#3894=DIRECTION('center_axis',(0.,0.,1.));
#3895=DIRECTION('ref_axis',(1.,0.,0.));
#3896=DIRECTION('',(0.,1.,0.));
#3897=DIRECTION('center_axis',(0.,0.,1.));
#3898=DIRECTION('ref_axis',(0.,-1.,0.));
#3899=DIRECTION('',(1.,0.,0.));
#3900=DIRECTION('center_axis',(0.,0.,1.));
#3901=DIRECTION('ref_axis',(-1.,0.,0.));
#3902=DIRECTION('',(0.,-1.,0.));
#3903=DIRECTION('center_axis',(0.,0.,1.));
#3904=DIRECTION('ref_axis',(0.,1.,0.));
#3905=DIRECTION('',(-1.,0.,0.));
#3906=DIRECTION('center_axis',(0.,0.,1.));
#3907=DIRECTION('ref_axis',(1.,0.,0.));
#3908=DIRECTION('center_axis',(0.,0.,1.));
#3909=DIRECTION('ref_axis',(0.,-1.,0.));
#3910=DIRECTION('',(0.,1.,0.));
#3911=DIRECTION('center_axis',(0.,0.,1.));
#3912=DIRECTION('ref_axis',(1.,0.,0.));
#3913=DIRECTION('',(0.,1.,0.));
#3914=DIRECTION('center_axis',(0.,0.,1.));
#3915=DIRECTION('ref_axis',(1.,0.,0.));
#3916=DIRECTION('',(0.,-1.,0.));
#3917=DIRECTION('center_axis',(0.,0.,1.));
#3918=DIRECTION('ref_axis',(1.,0.,0.));
#3919=DIRECTION('',(0.,1.,0.));
#3920=DIRECTION('center_axis',(0.,0.,1.));
#3921=DIRECTION('ref_axis',(1.,0.,0.));
#3922=DIRECTION('',(0.,-1.,0.));
#3923=DIRECTION('center_axis',(0.,0.,1.));
#3924=DIRECTION('ref_axis',(1.,0.,0.));
#3925=DIRECTION('',(0.,1.,0.));
#3926=DIRECTION('center_axis',(0.,0.,1.));
#3927=DIRECTION('ref_axis',(1.,0.,0.));
#3928=DIRECTION('',(0.,-1.,0.));
#3929=DIRECTION('center_axis',(0.,0.,1.));
#3930=DIRECTION('ref_axis',(1.,0.,0.));
#3931=DIRECTION('',(0.,1.,0.));
#3932=DIRECTION('center_axis',(0.,0.,1.));
#3933=DIRECTION('ref_axis',(1.,0.,0.));
#3934=DIRECTION('',(0.,-1.,0.));
#3935=DIRECTION('center_axis',(0.,0.,1.));
#3936=DIRECTION('ref_axis',(1.,0.,0.));
#3937=DIRECTION('',(0.,1.,0.));
#3938=DIRECTION('center_axis',(0.,0.,1.));
#3939=DIRECTION('ref_axis',(1.,0.,0.));
#3940=DIRECTION('',(0.,1.,0.));
#3941=DIRECTION('center_axis',(0.,0.,1.));
#3942=DIRECTION('ref_axis',(1.,0.,0.));
#3943=DIRECTION('',(-1.,0.,0.));
#3944=DIRECTION('center_axis',(0.,0.,1.));
#3945=DIRECTION('ref_axis',(0.,1.,0.));
#3946=DIRECTION('',(0.,-1.,0.));
#3947=DIRECTION('center_axis',(0.,0.,1.));
#3948=DIRECTION('ref_axis',(1.,0.,0.));
#3949=DIRECTION('',(0.,-1.,0.));
#3950=DIRECTION('center_axis',(0.,0.,1.));
#3951=DIRECTION('ref_axis',(1.,0.,0.));
#3952=DIRECTION('',(0.,1.,0.));
#3953=DIRECTION('center_axis',(0.,0.,1.));
#3954=DIRECTION('ref_axis',(1.,0.,0.));
#3955=DIRECTION('',(0.,-1.,0.));
#3956=DIRECTION('center_axis',(0.,0.,1.));
#3957=DIRECTION('ref_axis',(1.,0.,0.));
#3958=DIRECTION('',(0.,1.,0.));
#3959=DIRECTION('center_axis',(0.,0.,1.));
#3960=DIRECTION('ref_axis',(1.,0.,0.));
#3961=DIRECTION('',(0.,-1.,0.));
#3962=DIRECTION('center_axis',(0.,0.,1.));
#3963=DIRECTION('ref_axis',(1.,0.,0.));
#3964=DIRECTION('',(0.,1.,0.));
#3965=DIRECTION('center_axis',(0.,0.,1.));
#3966=DIRECTION('ref_axis',(1.,0.,0.));
#3967=DIRECTION('',(0.,-1.,0.));
#3968=DIRECTION('center_axis',(0.,0.,1.));
#3969=DIRECTION('ref_axis',(1.,0.,0.));
#3970=DIRECTION('',(0.,1.,0.));
#3971=DIRECTION('center_axis',(0.,0.,1.));
#3972=DIRECTION('ref_axis',(1.,0.,0.));
#3973=DIRECTION('',(0.,-1.,0.));
#3974=DIRECTION('center_axis',(0.,0.,1.));
#3975=DIRECTION('ref_axis',(1.,0.,0.));
#3976=DIRECTION('',(0.,-1.,0.));
#3977=DIRECTION('center_axis',(0.,0.,1.));
#3978=DIRECTION('ref_axis',(-1.,0.,0.));
#3979=DIRECTION('',(1.,0.,0.));
#3980=DIRECTION('',(0.,-1.,0.));
#3981=DIRECTION('',(1.,0.,0.));
#3982=DIRECTION('',(0.,1.,0.));
#3983=DIRECTION('center_axis',(0.,0.,1.));
#3984=DIRECTION('ref_axis',(1.,0.,0.));
#3985=DIRECTION('center_axis',(0.,0.,1.));
#3986=DIRECTION('ref_axis',(1.,0.,0.));
#3987=DIRECTION('center_axis',(0.,0.,1.));
#3988=DIRECTION('ref_axis',(1.,0.,0.));
#3989=DIRECTION('center_axis',(0.,0.,1.));
#3990=DIRECTION('ref_axis',(1.,0.,0.));
#3991=DIRECTION('center_axis',(0.,-1.,0.));
#3992=DIRECTION('ref_axis',(1.,0.,0.));
#3993=DIRECTION('',(-1.,0.,0.));
#3994=DIRECTION('',(0.,0.,1.));
#3995=DIRECTION('',(-1.,0.,0.));
#3996=DIRECTION('',(0.,0.,-1.));
#3997=DIRECTION('',(-1.,0.,0.));
#3998=DIRECTION('',(0.,0.,1.));
#3999=DIRECTION('',(1.,0.,0.));
#4000=DIRECTION('',(0.,0.,1.));
#4001=DIRECTION('',(-1.,0.,0.));
#4002=DIRECTION('center_axis',(0.,0.,1.));
#4003=DIRECTION('ref_axis',(1.,0.,0.));
#4004=DIRECTION('',(0.,-1.,0.));
#4005=DIRECTION('center_axis',(0.,0.,1.));
#4006=DIRECTION('ref_axis',(1.,0.,0.));
#4007=DIRECTION('center_axis',(0.,0.,-1.));
#4008=DIRECTION('ref_axis',(0.,-1.,0.));
#4009=DIRECTION('',(0.,-1.,0.));
#4010=DIRECTION('center_axis',(0.,0.,-1.));
#4011=DIRECTION('ref_axis',(1.,0.,0.));
#4012=DIRECTION('',(0.,-1.,0.));
#4013=DIRECTION('center_axis',(0.,0.,-1.));
#4014=DIRECTION('ref_axis',(0.,-1.,0.));
#4015=DIRECTION('center_axis',(0.,0.,-1.));
#4016=DIRECTION('ref_axis',(0.,-1.,0.));
#4017=DIRECTION('center_axis',(-1.87723905636293E-31,-2.42099412315024E-27,
1.));
#4018=DIRECTION('ref_axis',(1.,0.,1.87723905636293E-31));
#4019=DIRECTION('',(0.,-1.,0.));
#4020=DIRECTION('',(-1.,0.,0.));
#4021=DIRECTION('',(0.,1.,0.));
#4022=DIRECTION('',(1.,0.,0.));
#4023=DIRECTION('center_axis',(-0.707106781186543,5.71691118631931E-17,
-0.707106781186552));
#4024=DIRECTION('ref_axis',(-0.707106781186552,0.,0.707106781186543));
#4025=DIRECTION('',(-0.577350269189628,-0.577350269189628,0.577350269189622));
#4026=DIRECTION('',(0.,-1.,0.));
#4027=DIRECTION('',(-0.577350269189628,0.577350269189628,0.577350269189622));
#4028=DIRECTION('center_axis',(2.81477000884085E-17,-0.707106781186543,
-0.707106781186552));
#4029=DIRECTION('ref_axis',(-1.,0.,-3.98068592146374E-17));
#4030=DIRECTION('',(0.577350269189628,-0.577350269189628,0.577350269189622));
#4031=DIRECTION('',(1.,0.,0.));
#4032=DIRECTION('center_axis',(0.707106781186544,-5.71691118631931E-17,
-0.707106781186552));
#4033=DIRECTION('ref_axis',(-0.707106781186552,0.,-0.707106781186544));
#4034=DIRECTION('',(0.577350269189628,0.577350269189628,0.577350269189622));
#4035=DIRECTION('',(0.,1.,0.));
#4036=DIRECTION('center_axis',(-2.81477000884085E-17,0.707106781186543,
-0.707106781186552));
#4037=DIRECTION('ref_axis',(-1.,0.,3.98068592146374E-17));
#4038=DIRECTION('center_axis',(0.,-1.,0.));
#4039=DIRECTION('ref_axis',(1.,0.,0.));
#4040=DIRECTION('',(0.,0.,1.));
#4041=DIRECTION('',(0.,0.,1.));
#4042=DIRECTION('center_axis',(-1.,0.,0.));
#4043=DIRECTION('ref_axis',(0.,-1.,0.));
#4044=DIRECTION('',(0.,0.,1.));
#4045=DIRECTION('',(0.,-1.,0.));
#4046=DIRECTION('center_axis',(1.,0.,0.));
#4047=DIRECTION('ref_axis',(0.,1.,0.));
#4048=DIRECTION('center_axis',(0.,-1.,0.));
#4049=DIRECTION('ref_axis',(1.,0.,0.));
#4050=DIRECTION('',(0.,0.,1.));
#4051=DIRECTION('',(1.,0.,0.));
#4052=DIRECTION('center_axis',(0.,0.,1.));
#4053=DIRECTION('ref_axis',(1.,0.,0.));
#4054=DIRECTION('center_axis',(0.,0.,1.));
#4055=DIRECTION('ref_axis',(-1.,0.,0.));
#4056=DIRECTION('',(0.,-1.,0.));
#4057=DIRECTION('center_axis',(0.,0.,1.));
#4058=DIRECTION('ref_axis',(1.,0.,0.));
#4059=DIRECTION('',(0.,1.,0.));
#4060=DIRECTION('center_axis',(0.,0.,-1.));
#4061=DIRECTION('ref_axis',(-1.,0.,0.));
#4062=DIRECTION('',(-1.,0.,0.));
#4063=DIRECTION('center_axis',(0.,0.,1.));
#4064=DIRECTION('ref_axis',(-1.,0.,0.));
#4065=DIRECTION('center_axis',(1.,0.,0.));
#4066=DIRECTION('ref_axis',(0.,1.,0.));
#4067=DIRECTION('',(0.,1.,0.));
#4068=DIRECTION('center_axis',(-1.,0.,0.));
#4069=DIRECTION('ref_axis',(0.,-1.,0.));
#4070=DIRECTION('',(0.,-1.,0.));
#4071=DIRECTION('',(0.,1.,0.));
#4072=DIRECTION('center_axis',(0.,0.,1.));
#4073=DIRECTION('ref_axis',(1.,0.,0.));
#4074=DIRECTION('center_axis',(0.,0.,1.));
#4075=DIRECTION('ref_axis',(1.,0.,0.));
#4076=DIRECTION('center_axis',(0.,0.,-1.));
#4077=DIRECTION('ref_axis',(-1.,0.,0.));
#4078=DIRECTION('center_axis',(0.,0.,-1.));
#4079=DIRECTION('ref_axis',(-1.,0.,0.));
#4080=DIRECTION('',(0.,1.,0.));
#4081=DIRECTION('center_axis',(0.,0.,-1.));
#4082=DIRECTION('ref_axis',(1.,0.,0.));
#4083=DIRECTION('',(0.,1.,0.));
#4084=DIRECTION('center_axis',(0.,0.,-1.));
#4085=DIRECTION('ref_axis',(-1.,0.,0.));
#4086=DIRECTION('center_axis',(0.,0.,1.));
#4087=DIRECTION('ref_axis',(1.,0.,0.));
#4088=DIRECTION('center_axis',(0.,0.,-1.));
#4089=DIRECTION('ref_axis',(1.,0.,0.));
#4090=DIRECTION('',(0.,0.,1.));
#4091=DIRECTION('center_axis',(0.,0.,1.));
#4092=DIRECTION('ref_axis',(1.,0.,0.));
#4093=DIRECTION('',(0.,0.,-1.));
#4094=DIRECTION('',(0.,0.,1.));
#4095=DIRECTION('',(0.,0.,-1.));
#4096=DIRECTION('center_axis',(0.,0.,1.));
#4097=DIRECTION('ref_axis',(-1.,1.22464679914735E-16,0.));
#4098=DIRECTION('center_axis',(0.,0.,-1.));
#4099=DIRECTION('ref_axis',(1.,0.,0.));
#4100=DIRECTION('center_axis',(0.,0.,-1.));
#4101=DIRECTION('ref_axis',(1.,0.,0.));
#4102=DIRECTION('',(0.,0.,1.));
#4103=DIRECTION('center_axis',(0.,0.,1.));
#4104=DIRECTION('ref_axis',(1.,0.,0.));
#4105=DIRECTION('',(0.,0.,-1.));
#4106=DIRECTION('',(0.,0.,1.));
#4107=DIRECTION('center_axis',(0.,0.,1.));
#4108=DIRECTION('ref_axis',(1.,0.,0.));
#4109=DIRECTION('',(0.,0.,-1.));
#4110=DIRECTION('center_axis',(0.,0.,1.));
#4111=DIRECTION('ref_axis',(-1.,1.22464679914735E-16,0.));
#4112=DIRECTION('center_axis',(0.,0.,-1.));
#4113=DIRECTION('ref_axis',(1.,0.,0.));
#4114=DIRECTION('',(0.,0.,1.));
#4115=DIRECTION('',(0.,0.,-1.));
#4116=DIRECTION('',(0.,0.,1.));
#4117=DIRECTION('center_axis',(0.,0.,1.));
#4118=DIRECTION('ref_axis',(1.,0.,0.));
#4119=DIRECTION('',(0.,0.,-1.));
#4120=DIRECTION('center_axis',(0.,0.,1.));
#4121=DIRECTION('ref_axis',(1.,0.,0.));
#4122=DIRECTION('center_axis',(0.,0.,-1.));
#4123=DIRECTION('ref_axis',(1.,0.,0.));
#4124=DIRECTION('center_axis',(0.,0.,-1.));
#4125=DIRECTION('ref_axis',(1.,0.,0.));
#4126=DIRECTION('',(0.,0.,1.));
#4127=DIRECTION('center_axis',(0.,0.,1.));
#4128=DIRECTION('ref_axis',(1.,0.,0.));
#4129=DIRECTION('',(0.,0.,-1.));
#4130=DIRECTION('',(0.,0.,1.));
#4131=DIRECTION('center_axis',(0.,0.,1.));
#4132=DIRECTION('ref_axis',(1.,0.,0.));
#4133=DIRECTION('',(0.,0.,-1.));
#4134=DIRECTION('center_axis',(1.,0.,0.));
#4135=DIRECTION('ref_axis',(0.,1.,0.));
#4136=DIRECTION('',(0.,1.,0.));
#4137=DIRECTION('',(0.,0.,1.));
#4138=DIRECTION('center_axis',(-1.,0.,0.));
#4139=DIRECTION('ref_axis',(0.,-1.,0.));
#4140=DIRECTION('',(0.,-1.,0.));
#4141=DIRECTION('',(0.,0.,-1.));
#4142=DIRECTION('',(0.,0.,-1.));
#4143=DIRECTION('',(0.,-1.,0.));
#4144=DIRECTION('center_axis',(-1.,0.,0.));
#4145=DIRECTION('ref_axis',(0.,-1.,0.));
#4146=DIRECTION('',(0.,0.,1.));
#4147=DIRECTION('',(0.,-1.,0.));
#4148=DIRECTION('center_axis',(-1.,0.,0.));
#4149=DIRECTION('ref_axis',(0.,-1.,0.));
#4150=DIRECTION('',(0.,-1.,0.));
#4151=DIRECTION('',(0.,0.,1.));
#4152=DIRECTION('center_axis',(1.,0.,0.));
#4153=DIRECTION('ref_axis',(0.,1.,0.));
#4154=DIRECTION('',(0.,1.,0.));
#4155=DIRECTION('',(0.,0.,1.));
#4156=DIRECTION('',(0.,1.,0.));
#4157=DIRECTION('',(0.,0.,1.));
#4158=DIRECTION('',(0.,1.,0.));
#4159=DIRECTION('center_axis',(1.,0.,0.));
#4160=DIRECTION('ref_axis',(0.,1.,0.));
#4161=DIRECTION('',(0.,1.,0.));
#4162=DIRECTION('',(0.,0.,-1.));
#4163=DIRECTION('',(0.,0.,-1.));
#4164=DIRECTION('',(0.,1.,0.));
#4165=DIRECTION('center_axis',(0.,0.,1.));
#4166=DIRECTION('ref_axis',(1.,0.,0.));
#4167=DIRECTION('',(0.,1.,0.));
#4168=DIRECTION('center_axis',(0.,0.,-1.));
#4169=DIRECTION('ref_axis',(1.,0.,0.));
#4170=DIRECTION('',(0.,1.,0.));
#4171=DIRECTION('center_axis',(0.,0.,1.));
#4172=DIRECTION('ref_axis',(1.,0.,0.));
#4173=DIRECTION('',(0.,-1.,0.));
#4174=DIRECTION('center_axis',(0.,0.,-1.));
#4175=DIRECTION('ref_axis',(1.,0.,0.));
#4176=DIRECTION('center_axis',(1.,0.,0.));
#4177=DIRECTION('ref_axis',(0.,1.,0.));
#4178=DIRECTION('',(0.,1.,0.));
#4179=DIRECTION('',(0.,0.,1.));
#4180=DIRECTION('',(0.,0.,1.));
#4181=DIRECTION('center_axis',(0.,0.,1.));
#4182=DIRECTION('ref_axis',(1.,0.,0.));
#4183=DIRECTION('',(0.,-1.,0.));
#4184=DIRECTION('center_axis',(0.,0.,1.));
#4185=DIRECTION('ref_axis',(1.,0.,0.));
#4186=DIRECTION('center_axis',(0.,0.,1.));
#4187=DIRECTION('ref_axis',(1.,0.,0.));
#4188=DIRECTION('center_axis',(0.,0.,1.));
#4189=DIRECTION('ref_axis',(1.,0.,0.));
#4190=DIRECTION('center_axis',(-1.,0.,0.));
#4191=DIRECTION('ref_axis',(0.,-1.,0.));
#4192=DIRECTION('',(0.,0.,-1.));
#4193=DIRECTION('center_axis',(0.,0.,1.));
#4194=DIRECTION('ref_axis',(1.,0.,0.));
#4195=DIRECTION('',(0.,-1.,0.));
#4196=DIRECTION('center_axis',(0.,0.,-1.));
#4197=DIRECTION('ref_axis',(1.,0.,0.));
#4198=DIRECTION('',(0.,-1.,0.));
#4199=DIRECTION('center_axis',(0.,0.,1.));
#4200=DIRECTION('ref_axis',(1.,0.,0.));
#4201=DIRECTION('center_axis',(0.,0.,-1.));
#4202=DIRECTION('ref_axis',(0.,1.,0.));
#4203=DIRECTION('center_axis',(0.,0.,-1.));
#4204=DIRECTION('ref_axis',(0.,1.,0.));
#4205=DIRECTION('',(1.,0.,0.));
#4206=DIRECTION('center_axis',(0.,0.,-1.));
#4207=DIRECTION('ref_axis',(1.,0.,0.));
#4208=DIRECTION('center_axis',(0.,0.,-1.));
#4209=DIRECTION('ref_axis',(1.,0.,0.));
#4210=DIRECTION('',(0.,-1.,0.));
#4211=DIRECTION('',(0.,-1.,0.));
#4212=DIRECTION('center_axis',(0.,0.,-1.));
#4213=DIRECTION('ref_axis',(1.,0.,0.));
#4214=DIRECTION('',(1.,0.,0.));
#4215=DIRECTION('center_axis',(0.,0.,-1.));
#4216=DIRECTION('ref_axis',(0.,1.,0.));
#4217=DIRECTION('',(0.,1.,0.));
#4218=DIRECTION('center_axis',(0.,0.,1.));
#4219=DIRECTION('ref_axis',(1.,0.,0.));
#4220=DIRECTION('',(0.,1.,0.));
#4221=DIRECTION('center_axis',(0.,0.,-1.));
#4222=DIRECTION('ref_axis',(1.,0.,0.));
#4223=DIRECTION('center_axis',(-1.,0.,0.));
#4224=DIRECTION('ref_axis',(0.,-1.,0.));
#4225=DIRECTION('',(0.,-1.,0.));
#4226=DIRECTION('',(0.,0.,1.));
#4227=DIRECTION('',(0.,0.,1.));
#4228=DIRECTION('center_axis',(0.,0.,1.));
#4229=DIRECTION('ref_axis',(1.,0.,0.));
#4230=DIRECTION('',(0.,1.,0.));
#4231=DIRECTION('center_axis',(0.,0.,1.));
#4232=DIRECTION('ref_axis',(1.,0.,0.));
#4233=DIRECTION('center_axis',(0.,0.,1.));
#4234=DIRECTION('ref_axis',(1.,0.,0.));
#4235=DIRECTION('center_axis',(0.,0.,1.));
#4236=DIRECTION('ref_axis',(0.,1.,0.));
#4237=DIRECTION('',(-1.,0.,0.));
#4238=DIRECTION('center_axis',(0.,0.,1.));
#4239=DIRECTION('ref_axis',(1.,0.,0.));
#4240=DIRECTION('',(0.,1.,0.));
#4241=DIRECTION('',(0.,-1.,0.));
#4242=DIRECTION('center_axis',(0.,0.,-1.));
#4243=DIRECTION('ref_axis',(1.,0.,0.));
#4244=DIRECTION('',(1.,0.,0.));
#4245=DIRECTION('center_axis',(0.,0.,1.));
#4246=DIRECTION('ref_axis',(1.,0.,0.));
#4247=DIRECTION('',(-1.,0.,0.));
#4248=DIRECTION('center_axis',(0.,0.,1.));
#4249=DIRECTION('ref_axis',(0.,1.,0.));
#4250=DIRECTION('',(1.,0.,0.));
#4251=DIRECTION('center_axis',(0.,0.,-1.));
#4252=DIRECTION('ref_axis',(0.,1.,0.));
#4253=DIRECTION('center_axis',(0.,0.,1.));
#4254=DIRECTION('ref_axis',(1.,0.,0.));
#4255=DIRECTION('center_axis',(0.,0.,1.));
#4256=DIRECTION('ref_axis',(1.,0.,0.));
#4257=DIRECTION('center_axis',(1.,0.,0.));
#4258=DIRECTION('ref_axis',(0.,1.,0.));
#4259=DIRECTION('',(0.,0.,-1.));
#4260=DIRECTION('center_axis',(-1.,0.,0.));
#4261=DIRECTION('ref_axis',(0.,-1.,0.));
#4262=DIRECTION('',(0.,0.,1.));
#4263=DIRECTION('',(0.,0.,-1.));
#4264=DIRECTION('',(0.,-1.,0.));
#4265=DIRECTION('center_axis',(0.,0.,1.));
#4266=DIRECTION('ref_axis',(1.,0.,0.));
#4267=DIRECTION('',(0.,0.,1.));
#4268=DIRECTION('',(0.,0.,-1.));
#4269=DIRECTION('center_axis',(0.,0.,1.));
#4270=DIRECTION('ref_axis',(1.,0.,0.));
#4271=DIRECTION('',(0.,0.,-1.));
#4272=DIRECTION('center_axis',(0.,0.,1.));
#4273=DIRECTION('ref_axis',(1.,0.,0.));
#4274=DIRECTION('center_axis',(0.,0.,1.));
#4275=DIRECTION('ref_axis',(1.,0.,0.));
#4276=DIRECTION('',(0.,1.,0.));
#4277=DIRECTION('center_axis',(0.,0.,1.));
#4278=DIRECTION('ref_axis',(1.,0.,0.));
#4279=DIRECTION('center_axis',(0.,0.,1.));
#4280=DIRECTION('ref_axis',(1.,0.,0.));
#4281=DIRECTION('',(0.,1.,0.));
#4282=DIRECTION('center_axis',(0.,0.,1.));
#4283=DIRECTION('ref_axis',(1.,0.,0.));
#4284=DIRECTION('center_axis',(0.,0.,1.));
#4285=DIRECTION('ref_axis',(1.,0.,0.));
#4286=DIRECTION('center_axis',(0.,0.,1.));
#4287=DIRECTION('ref_axis',(1.,0.,0.));
#4288=DIRECTION('center_axis',(0.,0.,1.));
#4289=DIRECTION('ref_axis',(1.,0.,0.));
#4290=DIRECTION('',(0.,-1.,0.));
#4291=DIRECTION('center_axis',(1.,0.,0.));
#4292=DIRECTION('ref_axis',(0.,1.,0.));
#4293=DIRECTION('',(0.,0.,1.));
#4294=DIRECTION('',(0.,0.,-1.));
#4295=DIRECTION('center_axis',(0.,0.,1.));
#4296=DIRECTION('ref_axis',(-1.,0.,0.));
#4297=DIRECTION('',(0.,0.,-1.));
#4298=DIRECTION('center_axis',(0.,0.,1.));
#4299=DIRECTION('ref_axis',(-1.,0.,0.));
#4300=DIRECTION('',(0.,0.,-1.));
#4301=DIRECTION('center_axis',(-1.,0.,0.));
#4302=DIRECTION('ref_axis',(0.,-1.,0.));
#4303=DIRECTION('',(0.,0.,1.));
#4304=DIRECTION('',(0.,0.,-1.));
#4305=DIRECTION('center_axis',(0.,0.,1.));
#4306=DIRECTION('ref_axis',(0.,1.,0.));
#4307=DIRECTION('',(0.,0.,1.));
#4308=DIRECTION('center_axis',(0.,0.,1.));
#4309=DIRECTION('ref_axis',(0.,1.,0.));
#4310=DIRECTION('',(0.,0.,1.));
#4311=DIRECTION('',(0.,0.,1.));
#4312=DIRECTION('center_axis',(0.,1.,0.));
#4313=DIRECTION('ref_axis',(-1.,0.,0.));
#4314=DIRECTION('center_axis',(1.,0.,0.));
#4315=DIRECTION('ref_axis',(0.,1.,0.));
#4316=DIRECTION('',(0.,0.,1.));
#4317=DIRECTION('',(0.,0.,-1.));
#4318=DIRECTION('center_axis',(0.,0.,1.));
#4319=DIRECTION('ref_axis',(0.,-1.,0.));
#4320=DIRECTION('',(0.,0.,1.));
#4321=DIRECTION('center_axis',(0.,0.,1.));
#4322=DIRECTION('ref_axis',(0.,-1.,0.));
#4323=DIRECTION('',(0.,0.,1.));
#4324=DIRECTION('center_axis',(0.,0.,1.));
#4325=DIRECTION('ref_axis',(1.,0.,0.));
#4326=DIRECTION('',(0.,0.,-1.));
#4327=DIRECTION('center_axis',(0.,0.,1.));
#4328=DIRECTION('ref_axis',(1.,0.,0.));
#4329=DIRECTION('',(0.,0.,1.));
#4330=DIRECTION('center_axis',(0.,0.,-1.));
#4331=DIRECTION('ref_axis',(1.,0.,0.));
#4332=DIRECTION('',(0.,0.,1.));
#4333=DIRECTION('center_axis',(0.,0.,1.));
#4334=DIRECTION('ref_axis',(1.,0.,0.));
#4335=DIRECTION('',(0.,0.,-1.));
#4336=DIRECTION('center_axis',(0.,0.,-1.));
#4337=DIRECTION('ref_axis',(1.,0.,0.));
#4338=DIRECTION('',(0.,0.,-1.));
#4339=DIRECTION('center_axis',(0.,0.,1.));
#4340=DIRECTION('ref_axis',(1.,0.,0.));
#4341=DIRECTION('',(0.,0.,1.));
#4342=DIRECTION('center_axis',(0.,0.,1.));
#4343=DIRECTION('ref_axis',(1.,0.,0.));
#4344=DIRECTION('',(1.,0.,0.));
#4345=DIRECTION('center_axis',(0.,0.,-1.));
#4346=DIRECTION('ref_axis',(1.,0.,0.));
#4347=DIRECTION('',(0.,-1.,0.));
#4348=DIRECTION('center_axis',(0.,0.,-1.));
#4349=DIRECTION('ref_axis',(1.,0.,0.));
#4350=DIRECTION('center_axis',(0.,-1.,0.));
#4351=DIRECTION('ref_axis',(1.,0.,0.));
#4352=DIRECTION('',(1.,0.,0.));
#4353=DIRECTION('',(0.,0.,1.));
#4354=DIRECTION('center_axis',(0.,-1.,0.));
#4355=DIRECTION('ref_axis',(1.,0.,0.));
#4356=DIRECTION('',(0.,0.,1.));
#4357=DIRECTION('center_axis',(0.,0.,1.));
#4358=DIRECTION('ref_axis',(-1.,1.22464679914735E-16,0.));
#4359=DIRECTION('',(0.,0.,-1.));
#4360=DIRECTION('center_axis',(0.,0.,-1.));
#4361=DIRECTION('ref_axis',(1.,0.,0.));
#4362=DIRECTION('',(0.,0.,-1.));
#4363=DIRECTION('center_axis',(0.,0.,1.));
#4364=DIRECTION('ref_axis',(1.,0.,0.));
#4365=DIRECTION('',(0.,0.,1.));
#4366=DIRECTION('center_axis',(0.,0.,1.));
#4367=DIRECTION('ref_axis',(-1.,1.22464679914735E-16,0.));
#4368=DIRECTION('',(0.,0.,-1.));
#4369=DIRECTION('center_axis',(0.,0.,1.));
#4370=DIRECTION('ref_axis',(1.,0.,0.));
#4371=DIRECTION('',(0.,0.,1.));
#4372=DIRECTION('center_axis',(0.,0.,-1.));
#4373=DIRECTION('ref_axis',(1.,0.,0.));
#4374=DIRECTION('',(0.,0.,1.));
#4375=DIRECTION('center_axis',(0.,0.,1.));
#4376=DIRECTION('ref_axis',(-1.,0.,0.));
#4377=DIRECTION('center_axis',(0.,0.,-1.));
#4378=DIRECTION('ref_axis',(-1.,0.,0.));
#4379=DIRECTION('',(0.,0.,1.));
#4380=DIRECTION('center_axis',(0.,0.,1.));
#4381=DIRECTION('ref_axis',(1.,0.,0.));
#4382=DIRECTION('',(-1.,0.,0.));
#4383=DIRECTION('center_axis',(0.,0.,-1.));
#4384=DIRECTION('ref_axis',(-1.,0.,0.));
#4385=DIRECTION('',(0.,1.,0.));
#4386=DIRECTION('center_axis',(0.,1.,0.));
#4387=DIRECTION('ref_axis',(-1.,0.,0.));
#4388=DIRECTION('',(-1.,0.,0.));
#4389=DIRECTION('',(0.,0.,1.));
#4390=DIRECTION('center_axis',(0.,1.,0.));
#4391=DIRECTION('ref_axis',(-1.,0.,0.));
#4392=DIRECTION('',(0.,0.,1.));
#4393=DIRECTION('center_axis',(0.,0.,1.));
#4394=DIRECTION('ref_axis',(1.,0.,0.));
#4395=DIRECTION('center_axis',(0.,0.,1.));
#4396=DIRECTION('ref_axis',(1.,0.,0.));
#4397=DIRECTION('',(0.,0.,1.));
#4398=DIRECTION('center_axis',(0.,0.,1.));
#4399=DIRECTION('ref_axis',(1.,0.,0.));
#4400=DIRECTION('center_axis',(0.,0.,1.));
#4401=DIRECTION('ref_axis',(1.,0.,0.));
#4402=DIRECTION('center_axis',(0.,0.,1.));
#4403=DIRECTION('ref_axis',(1.,0.,0.));
#4404=DIRECTION('center_axis',(0.,0.,1.));
#4405=DIRECTION('ref_axis',(1.,0.,0.));
#4406=DIRECTION('',(0.,0.,1.));
#4407=DIRECTION('center_axis',(0.,0.,1.));
#4408=DIRECTION('ref_axis',(1.,0.,0.));
#4409=DIRECTION('center_axis',(0.,0.,1.));
#4410=DIRECTION('ref_axis',(1.,0.,0.));
#4411=DIRECTION('center_axis',(0.,0.,1.));
#4412=DIRECTION('ref_axis',(1.,0.,0.));
#4413=DIRECTION('center_axis',(0.,0.,1.));
#4414=DIRECTION('ref_axis',(1.,0.,0.));
#4415=DIRECTION('',(0.,0.,1.));
#4416=DIRECTION('center_axis',(0.,0.,1.));
#4417=DIRECTION('ref_axis',(1.,0.,0.));
#4418=DIRECTION('center_axis',(0.,0.,1.));
#4419=DIRECTION('ref_axis',(1.,0.,0.));
#4420=DIRECTION('center_axis',(0.,0.,1.));
#4421=DIRECTION('ref_axis',(1.,0.,0.));
#4422=DIRECTION('center_axis',(0.,0.,1.));
#4423=DIRECTION('ref_axis',(1.,0.,0.));
#4424=DIRECTION('',(0.,0.,1.));
#4425=DIRECTION('center_axis',(0.,0.,1.));
#4426=DIRECTION('ref_axis',(1.,0.,0.));
#4427=DIRECTION('center_axis',(0.,0.,1.));
#4428=DIRECTION('ref_axis',(1.,0.,0.));
#4429=DIRECTION('center_axis',(0.,0.,1.));
#4430=DIRECTION('ref_axis',(1.,0.,0.));
#4431=DIRECTION('center_axis',(0.,0.,1.));
#4432=DIRECTION('ref_axis',(1.,0.,0.));
#4433=DIRECTION('',(0.,0.,1.));
#4434=DIRECTION('center_axis',(0.,0.,-1.));
#4435=DIRECTION('ref_axis',(1.,0.,0.));
#4436=DIRECTION('center_axis',(0.,0.,1.));
#4437=DIRECTION('ref_axis',(1.,0.,0.));
#4438=DIRECTION('center_axis',(0.,0.,1.));
#4439=DIRECTION('ref_axis',(1.,0.,0.));
#4440=DIRECTION('center_axis',(0.,0.,1.));
#4441=DIRECTION('ref_axis',(1.,0.,0.));
#4442=DIRECTION('center_axis',(0.,0.,1.));
#4443=DIRECTION('ref_axis',(1.,0.,0.));
#4444=DIRECTION('',(0.,0.,1.));
#4445=DIRECTION('center_axis',(0.,0.,-1.));
#4446=DIRECTION('ref_axis',(1.,0.,0.));
#4447=DIRECTION('center_axis',(0.,0.,1.));
#4448=DIRECTION('ref_axis',(1.,0.,0.));
#4449=DIRECTION('center_axis',(0.,0.,1.));
#4450=DIRECTION('ref_axis',(1.,0.,0.));
#4451=DIRECTION('center_axis',(0.,0.,1.));
#4452=DIRECTION('ref_axis',(1.,0.,0.));
#4453=DIRECTION('center_axis',(0.,0.,1.));
#4454=DIRECTION('ref_axis',(1.,0.,0.));
#4455=DIRECTION('',(0.,0.,1.));
#4456=DIRECTION('center_axis',(0.,0.,-1.));
#4457=DIRECTION('ref_axis',(1.,0.,0.));
#4458=DIRECTION('center_axis',(0.,0.,1.));
#4459=DIRECTION('ref_axis',(1.,0.,0.));
#4460=DIRECTION('center_axis',(0.,0.,1.));
#4461=DIRECTION('ref_axis',(1.,0.,0.));
#4462=DIRECTION('center_axis',(0.,0.,1.));
#4463=DIRECTION('ref_axis',(1.,0.,0.));
#4464=DIRECTION('center_axis',(0.,0.,1.));
#4465=DIRECTION('ref_axis',(1.,0.,0.));
#4466=DIRECTION('',(0.,0.,1.));
#4467=DIRECTION('center_axis',(0.,0.,-1.));
#4468=DIRECTION('ref_axis',(1.,0.,0.));
#4469=DIRECTION('center_axis',(0.,0.,1.));
#4470=DIRECTION('ref_axis',(1.,0.,0.));
#4471=DIRECTION('center_axis',(0.,0.,1.));
#4472=DIRECTION('ref_axis',(1.,0.,0.));
#4473=DIRECTION('center_axis',(0.,0.,1.));
#4474=DIRECTION('ref_axis',(1.,0.,0.));
#4475=DIRECTION('',(0.,0.,1.));
#4476=DIRECTION('center_axis',(0.,0.,1.));
#4477=DIRECTION('ref_axis',(1.,0.,0.));
#4478=DIRECTION('',(0.,0.,1.));
#4479=DIRECTION('center_axis',(0.,0.,1.));
#4480=DIRECTION('ref_axis',(1.,0.,0.));
#4481=DIRECTION('',(0.,0.,1.));
#4482=DIRECTION('center_axis',(0.,0.,1.));
#4483=DIRECTION('ref_axis',(1.,0.,0.));
#4484=DIRECTION('',(0.,0.,1.));
#4485=DIRECTION('',(-0.499173710713798,-0.507279373134054,0.702490743088433));
#4486=DIRECTION('center_axis',(-4.72015602620847E-32,-8.88608711820558E-33,
1.));
#4487=DIRECTION('ref_axis',(-1.,0.,0.));
#4488=DIRECTION('',(0.,-1.,-8.88608711820558E-33));
#4489=DIRECTION('center_axis',(-4.72015602620847E-32,-8.88608711820558E-33,
1.));
#4490=DIRECTION('ref_axis',(0.,1.,0.));
#4491=DIRECTION('',(-1.,0.,-4.72015602620847E-32));
#4492=DIRECTION('center_axis',(-4.72015602620847E-32,-8.88608711820558E-33,
1.));
#4493=DIRECTION('ref_axis',(1.,0.,0.));
#4494=DIRECTION('',(0.,1.,8.88608711820558E-33));
#4495=DIRECTION('center_axis',(-4.72015602620847E-32,-8.88608711820558E-33,
1.));
#4496=DIRECTION('ref_axis',(0.,-1.,0.));
#4497=DIRECTION('',(1.,0.,4.72015602620847E-32));
#4498=DIRECTION('center_axis',(-1.,0.,0.));
#4499=DIRECTION('ref_axis',(0.,-1.,0.));
#4500=DIRECTION('',(0.,0.,1.));
#4501=DIRECTION('',(0.,-1.,0.));
#4502=DIRECTION('',(0.,0.,1.));
#4503=DIRECTION('center_axis',(0.,0.,1.));
#4504=DIRECTION('ref_axis',(-1.,0.,0.));
#4505=DIRECTION('',(0.,0.,1.));
#4506=DIRECTION('center_axis',(0.,0.,1.));
#4507=DIRECTION('ref_axis',(-1.,0.,0.));
#4508=DIRECTION('center_axis',(0.,-1.,0.));
#4509=DIRECTION('ref_axis',(1.,0.,0.));
#4510=DIRECTION('',(0.,0.,1.));
#4511=DIRECTION('',(1.,0.,0.));
#4512=DIRECTION('center_axis',(0.,0.,1.));
#4513=DIRECTION('ref_axis',(0.,-1.,0.));
#4514=DIRECTION('',(0.,0.,1.));
#4515=DIRECTION('center_axis',(0.,0.,1.));
#4516=DIRECTION('ref_axis',(0.,-1.,0.));
#4517=DIRECTION('center_axis',(1.,0.,0.));
#4518=DIRECTION('ref_axis',(0.,1.,0.));
#4519=DIRECTION('',(0.,0.,1.));
#4520=DIRECTION('',(0.,1.,0.));
#4521=DIRECTION('center_axis',(0.,0.,1.));
#4522=DIRECTION('ref_axis',(1.,0.,0.));
#4523=DIRECTION('',(0.,0.,1.));
#4524=DIRECTION('center_axis',(0.,0.,1.));
#4525=DIRECTION('ref_axis',(1.,0.,0.));
#4526=DIRECTION('center_axis',(0.,1.,0.));
#4527=DIRECTION('ref_axis',(-1.,0.,0.));
#4528=DIRECTION('',(0.,0.,1.));
#4529=DIRECTION('',(-1.,0.,0.));
#4530=DIRECTION('center_axis',(0.,0.,1.));
#4531=DIRECTION('ref_axis',(0.,1.,0.));
#4532=DIRECTION('center_axis',(0.,0.,1.));
#4533=DIRECTION('ref_axis',(0.,1.,0.));
#4534=DIRECTION('center_axis',(1.,0.,0.));
#4535=DIRECTION('ref_axis',(0.,1.,0.));
#4536=DIRECTION('',(0.,1.,0.));
#4537=DIRECTION('',(0.,0.,1.));
#4538=DIRECTION('',(0.,1.,0.));
#4539=DIRECTION('',(0.,0.,1.));
#4540=DIRECTION('center_axis',(0.,0.,1.));
#4541=DIRECTION('ref_axis',(1.,0.,0.));
#4542=DIRECTION('center_axis',(0.,0.,1.));
#4543=DIRECTION('ref_axis',(1.,0.,0.));
#4544=DIRECTION('center_axis',(0.,0.,1.));
#4545=DIRECTION('ref_axis',(1.,0.,0.));
#4546=DIRECTION('',(0.,0.,1.));
#4547=DIRECTION('center_axis',(0.,1.,0.));
#4548=DIRECTION('ref_axis',(-1.,0.,0.));
#4549=DIRECTION('',(-1.,0.,0.));
#4550=DIRECTION('',(-1.,0.,0.));
#4551=DIRECTION('',(0.,0.,1.));
#4552=DIRECTION('center_axis',(0.,0.,1.));
#4553=DIRECTION('ref_axis',(0.,1.,0.));
#4554=DIRECTION('center_axis',(0.,0.,1.));
#4555=DIRECTION('ref_axis',(0.,1.,0.));
#4556=DIRECTION('center_axis',(0.,0.,1.));
#4557=DIRECTION('ref_axis',(0.,1.,0.));
#4558=DIRECTION('',(0.,0.,1.));
#4559=DIRECTION('center_axis',(-1.,0.,0.));
#4560=DIRECTION('ref_axis',(0.,-1.,0.));
#4561=DIRECTION('',(0.,-1.,0.));
#4562=DIRECTION('',(0.,-1.,0.));
#4563=DIRECTION('',(0.,0.,1.));
#4564=DIRECTION('center_axis',(0.,0.,1.));
#4565=DIRECTION('ref_axis',(0.,-1.,0.));
#4566=DIRECTION('center_axis',(0.,0.,1.));
#4567=DIRECTION('ref_axis',(0.,-1.,0.));
#4568=DIRECTION('',(0.,0.,1.));
#4569=DIRECTION('center_axis',(0.,0.,1.));
#4570=DIRECTION('ref_axis',(0.,-1.,0.));
#4571=DIRECTION('center_axis',(0.,-1.,0.));
#4572=DIRECTION('ref_axis',(1.,0.,0.));
#4573=DIRECTION('',(1.,0.,0.));
#4574=DIRECTION('',(0.,0.,1.));
#4575=DIRECTION('',(1.,0.,0.));
#4576=DIRECTION('center_axis',(0.,0.,1.));
#4577=DIRECTION('ref_axis',(-1.,0.,0.));
#4578=DIRECTION('center_axis',(0.,0.,1.));
#4579=DIRECTION('ref_axis',(-1.,0.,0.));
#4580=DIRECTION('center_axis',(0.,0.,1.));
#4581=DIRECTION('ref_axis',(-1.,0.,0.));
#4582=DIRECTION('center_axis',(0.,0.,1.));
#4583=DIRECTION('ref_axis',(1.,0.,0.));
#4584=DIRECTION('center_axis',(0.,0.,1.));
#4585=DIRECTION('ref_axis',(1.,0.,0.));
#4586=DIRECTION('center_axis',(0.,0.,1.));
#4587=DIRECTION('ref_axis',(1.,0.,0.));
#4588=DIRECTION('',(0.,0.,-1.));
#4589=DIRECTION('center_axis',(0.,0.,1.));
#4590=DIRECTION('ref_axis',(1.,0.,0.));
#4591=DIRECTION('center_axis',(0.,0.,1.));
#4592=DIRECTION('ref_axis',(1.,0.,0.));
#4593=DIRECTION('center_axis',(0.,0.,1.));
#4594=DIRECTION('ref_axis',(1.,0.,0.));
#4595=DIRECTION('center_axis',(0.,0.,1.));
#4596=DIRECTION('ref_axis',(1.,0.,0.));
#4597=DIRECTION('',(0.,0.,-1.));
#4598=DIRECTION('center_axis',(0.,0.,1.));
#4599=DIRECTION('ref_axis',(1.,0.,0.));
#4600=DIRECTION('center_axis',(0.,0.,1.));
#4601=DIRECTION('ref_axis',(1.,0.,0.));
#4602=DIRECTION('center_axis',(0.,0.,1.));
#4603=DIRECTION('ref_axis',(1.,0.,0.));
#4604=DIRECTION('center_axis',(0.,0.,1.));
#4605=DIRECTION('ref_axis',(1.,0.,0.));
#4606=DIRECTION('',(0.,0.,-1.));
#4607=DIRECTION('center_axis',(0.,0.,1.));
#4608=DIRECTION('ref_axis',(1.,0.,0.));
#4609=DIRECTION('center_axis',(0.,0.,1.));
#4610=DIRECTION('ref_axis',(1.,0.,0.));
#4611=DIRECTION('center_axis',(0.,0.,1.));
#4612=DIRECTION('ref_axis',(1.,0.,0.));
#4613=DIRECTION('center_axis',(0.,0.,1.));
#4614=DIRECTION('ref_axis',(1.,0.,0.));
#4615=DIRECTION('',(0.,0.,-1.));
#4616=DIRECTION('center_axis',(0.,0.,1.));
#4617=DIRECTION('ref_axis',(1.,0.,0.));
#4618=DIRECTION('center_axis',(0.,0.,1.));
#4619=DIRECTION('ref_axis',(1.,0.,0.));
#4620=DIRECTION('center_axis',(-1.,0.,0.));
#4621=DIRECTION('ref_axis',(0.,-1.,0.));
#4622=DIRECTION('',(0.,0.,1.));
#4623=DIRECTION('',(0.,0.,1.));
#4624=DIRECTION('center_axis',(1.,0.,0.));
#4625=DIRECTION('ref_axis',(0.,1.,0.));
#4626=DIRECTION('',(0.,1.,0.));
#4627=DIRECTION('',(0.,0.,1.));
#4628=DIRECTION('center_axis',(1.,0.,0.));
#4629=DIRECTION('ref_axis',(0.,1.,0.));
#4630=DIRECTION('',(0.,0.,1.));
#4631=DIRECTION('center_axis',(1.,0.,0.));
#4632=DIRECTION('ref_axis',(0.,1.,0.));
#4633=DIRECTION('',(0.,0.,-1.));
#4634=DIRECTION('',(0.,1.,0.));
#4635=DIRECTION('',(0.,0.,1.));
#4636=DIRECTION('',(0.,1.,0.));
#4637=DIRECTION('center_axis',(-1.,0.,0.));
#4638=DIRECTION('ref_axis',(0.,-1.,0.));
#4639=DIRECTION('',(0.,-1.,0.));
#4640=DIRECTION('',(0.,0.,1.));
#4641=DIRECTION('center_axis',(-1.,0.,0.));
#4642=DIRECTION('ref_axis',(0.,-1.,0.));
#4643=DIRECTION('',(0.,1.,0.));
#4644=DIRECTION('',(0.,-1.,0.));
#4645=DIRECTION('center_axis',(0.,0.,1.));
#4646=DIRECTION('ref_axis',(1.,0.,0.));
#4647=DIRECTION('center_axis',(0.,0.,1.));
#4648=DIRECTION('ref_axis',(1.,0.,0.));
#4649=DIRECTION('',(0.,-1.,0.));
#4650=DIRECTION('',(0.,-1.,0.));
#4651=DIRECTION('center_axis',(0.,0.,1.));
#4652=DIRECTION('ref_axis',(1.,0.,0.));
#4653=DIRECTION('',(0.,1.,0.));
#4654=DIRECTION('',(0.,1.,0.));
#4655=DIRECTION('center_axis',(0.,0.,1.));
#4656=DIRECTION('ref_axis',(0.,-1.,0.));
#4657=DIRECTION('center_axis',(0.,0.,1.));
#4658=DIRECTION('ref_axis',(-1.,0.,0.));
#4659=DIRECTION('',(0.,-1.,0.));
#4660=DIRECTION('center_axis',(0.,0.,1.));
#4661=DIRECTION('ref_axis',(0.,1.,0.));
#4662=DIRECTION('',(-1.,0.,0.));
#4663=DIRECTION('center_axis',(0.,0.,1.));
#4664=DIRECTION('ref_axis',(1.,0.,0.));
#4665=DIRECTION('center_axis',(1.,0.,0.));
#4666=DIRECTION('ref_axis',(0.,1.,0.));
#4667=DIRECTION('',(0.,0.,1.));
#4668=DIRECTION('center_axis',(1.,0.,0.));
#4669=DIRECTION('ref_axis',(0.,1.,0.));
#4670=DIRECTION('center_axis',(-1.,0.,0.));
#4671=DIRECTION('ref_axis',(0.,-1.,0.));
#4672=DIRECTION('',(0.,0.,1.));
#4673=DIRECTION('',(0.,-1.,0.));
#4674=DIRECTION('',(0.,0.,1.));
#4675=DIRECTION('center_axis',(0.,0.,1.));
#4676=DIRECTION('ref_axis',(1.,0.,0.));
#4677=DIRECTION('center_axis',(0.,0.,1.));
#4678=DIRECTION('ref_axis',(1.,0.,0.));
#4679=DIRECTION('',(0.,0.,1.));
#4680=DIRECTION('center_axis',(0.,0.,1.));
#4681=DIRECTION('ref_axis',(1.,0.,0.));
#4682=DIRECTION('',(0.,0.,-1.));
#4683=DIRECTION('center_axis',(0.,0.,1.));
#4684=DIRECTION('ref_axis',(1.,0.,0.));
#4685=DIRECTION('center_axis',(0.,0.,1.));
#4686=DIRECTION('ref_axis',(1.,0.,0.));
#4687=DIRECTION('',(0.,0.,-1.));
#4688=DIRECTION('center_axis',(0.,0.,1.));
#4689=DIRECTION('ref_axis',(1.,0.,0.));
#4690=DIRECTION('center_axis',(0.,0.,1.));
#4691=DIRECTION('ref_axis',(1.,0.,0.));
#4692=DIRECTION('center_axis',(0.,0.,1.));
#4693=DIRECTION('ref_axis',(1.,0.,0.));
#4694=DIRECTION('',(0.,0.,1.));
#4695=DIRECTION('center_axis',(0.,0.,1.));
#4696=DIRECTION('ref_axis',(1.,0.,0.));
#4697=DIRECTION('center_axis',(0.,0.,1.));
#4698=DIRECTION('ref_axis',(1.,0.,0.));
#4699=DIRECTION('',(0.,0.,-1.));
#4700=DIRECTION('',(0.,0.,1.));
#4701=DIRECTION('center_axis',(0.,0.,1.));
#4702=DIRECTION('ref_axis',(1.,0.,0.));
#4703=DIRECTION('center_axis',(0.,0.,1.));
#4704=DIRECTION('ref_axis',(1.,0.,0.));
#4705=DIRECTION('center_axis',(-1.,0.,0.));
#4706=DIRECTION('ref_axis',(0.,-1.,0.));
#4707=DIRECTION('',(0.,0.,1.));
#4708=DIRECTION('center_axis',(-1.,0.,0.));
#4709=DIRECTION('ref_axis',(0.,-1.,0.));
#4710=DIRECTION('',(0.,-1.,0.));
#4711=DIRECTION('center_axis',(-1.,0.,0.));
#4712=DIRECTION('ref_axis',(0.,-1.,0.));
#4713=DIRECTION('',(0.,-1.,0.));
#4714=DIRECTION('center_axis',(0.,0.,1.));
#4715=DIRECTION('ref_axis',(1.,0.,0.));
#4716=DIRECTION('center_axis',(1.,0.,0.));
#4717=DIRECTION('ref_axis',(0.,1.,0.));
#4718=DIRECTION('',(0.,0.,1.));
#4719=DIRECTION('center_axis',(1.,0.,0.));
#4720=DIRECTION('ref_axis',(0.,1.,0.));
#4721=DIRECTION('',(0.,0.,1.));
#4722=DIRECTION('center_axis',(0.,0.,1.));
#4723=DIRECTION('ref_axis',(1.,0.,0.));
#4724=DIRECTION('center_axis',(0.,0.,1.));
#4725=DIRECTION('ref_axis',(0.,1.,0.));
#4726=DIRECTION('center_axis',(0.,0.,-1.));
#4727=DIRECTION('ref_axis',(0.,1.,0.));
#4728=DIRECTION('center_axis',(0.,0.,1.));
#4729=DIRECTION('ref_axis',(0.,-1.,0.));
#4730=DIRECTION('center_axis',(0.,0.,1.));
#4731=DIRECTION('ref_axis',(-1.,0.,0.));
#4732=DIRECTION('center_axis',(0.,0.,1.));
#4733=DIRECTION('ref_axis',(0.,-1.,0.));
#4734=DIRECTION('center_axis',(0.,0.,-1.));
#4735=DIRECTION('ref_axis',(0.,-1.,0.));
#4736=DIRECTION('center_axis',(0.,0.,1.));
#4737=DIRECTION('ref_axis',(-1.,0.,0.));
#4738=DIRECTION('center_axis',(0.,0.,1.));
#4739=DIRECTION('ref_axis',(0.,1.,0.));
#4740=DIRECTION('',(0.,0.,1.));
#4741=DIRECTION('center_axis',(0.,1.,0.));
#4742=DIRECTION('ref_axis',(-1.,0.,0.));
#4743=DIRECTION('',(0.,0.,1.));
#4744=DIRECTION('center_axis',(0.,0.,1.));
#4745=DIRECTION('ref_axis',(1.,0.,0.));
#4746=DIRECTION('center_axis',(1.,0.,0.));
#4747=DIRECTION('ref_axis',(0.,1.,0.));
#4748=DIRECTION('',(0.,1.,0.));
#4749=DIRECTION('center_axis',(0.,0.,1.));
#4750=DIRECTION('ref_axis',(1.,0.,0.));
#4751=DIRECTION('center_axis',(0.,0.,1.));
#4752=DIRECTION('ref_axis',(1.,0.,0.));
#4753=DIRECTION('center_axis',(0.,0.,-1.));
#4754=DIRECTION('ref_axis',(0.,-1.,0.));
#4755=DIRECTION('center_axis',(0.,0.,1.));
#4756=DIRECTION('ref_axis',(1.,0.,0.));
#4757=DIRECTION('center_axis',(0.,0.,-1.));
#4758=DIRECTION('ref_axis',(0.,1.,0.));
#4759=DIRECTION('center_axis',(0.,0.,1.));
#4760=DIRECTION('ref_axis',(0.,-1.,0.));
#4761=DIRECTION('center_axis',(0.,0.,1.));
#4762=DIRECTION('ref_axis',(1.,0.,0.));
#4763=DIRECTION('center_axis',(0.,0.,1.));
#4764=DIRECTION('ref_axis',(0.,1.,0.));
#4765=DIRECTION('center_axis',(0.,1.,0.));
#4766=DIRECTION('ref_axis',(-1.,0.,0.));
#4767=DIRECTION('',(0.,0.,1.));
#4768=DIRECTION('',(-1.,0.,0.));
#4769=DIRECTION('',(0.,0.,1.));
#4770=DIRECTION('center_axis',(0.,0.,1.));
#4771=DIRECTION('ref_axis',(0.,1.,0.));
#4772=DIRECTION('',(0.,0.,1.));
#4773=DIRECTION('center_axis',(0.,0.,1.));
#4774=DIRECTION('ref_axis',(0.,1.,0.));
#4775=DIRECTION('center_axis',(-1.,0.,0.));
#4776=DIRECTION('ref_axis',(0.,-1.,0.));
#4777=DIRECTION('',(0.,0.,1.));
#4778=DIRECTION('',(0.,-1.,0.));
#4779=DIRECTION('center_axis',(0.,0.,1.));
#4780=DIRECTION('ref_axis',(-1.,0.,0.));
#4781=DIRECTION('',(0.,0.,1.));
#4782=DIRECTION('center_axis',(0.,0.,1.));
#4783=DIRECTION('ref_axis',(-1.,0.,0.));
#4784=DIRECTION('center_axis',(-1.,0.,0.));
#4785=DIRECTION('ref_axis',(0.,-1.,0.));
#4786=DIRECTION('',(0.,0.,1.));
#4787=DIRECTION('center_axis',(0.,0.,1.));
#4788=DIRECTION('ref_axis',(0.,1.,0.));
#4789=DIRECTION('',(0.,0.,1.));
#4790=DIRECTION('center_axis',(0.,1.,0.));
#4791=DIRECTION('ref_axis',(-1.,0.,0.));
#4792=DIRECTION('',(0.,0.,1.));
#4793=DIRECTION('center_axis',(0.,0.,1.));
#4794=DIRECTION('ref_axis',(1.,0.,0.));
#4795=DIRECTION('center_axis',(0.,0.,1.));
#4796=DIRECTION('ref_axis',(0.,-1.,0.));
#4797=DIRECTION('center_axis',(0.,0.,1.));
#4798=DIRECTION('ref_axis',(-1.,0.,0.));
#4799=DIRECTION('center_axis',(0.,0.,1.));
#4800=DIRECTION('ref_axis',(1.,0.,0.));
#4801=DIRECTION('center_axis',(0.,0.,1.));
#4802=DIRECTION('ref_axis',(1.,0.,0.));
#4803=DIRECTION('',(0.,0.,1.));
#4804=DIRECTION('center_axis',(1.,0.,0.));
#4805=DIRECTION('ref_axis',(0.,1.,0.));
#4806=DIRECTION('',(0.,1.,0.));
#4807=DIRECTION('',(0.,0.,1.));
#4808=DIRECTION('center_axis',(0.,0.,1.));
#4809=DIRECTION('ref_axis',(0.,-1.,0.));
#4810=DIRECTION('center_axis',(0.,0.,1.));
#4811=DIRECTION('ref_axis',(0.,-1.,0.));
#4812=DIRECTION('',(0.,0.,1.));
#4813=DIRECTION('center_axis',(0.,-1.,0.));
#4814=DIRECTION('ref_axis',(1.,0.,0.));
#4815=DIRECTION('',(1.,0.,0.));
#4816=DIRECTION('center_axis',(0.,0.,1.));
#4817=DIRECTION('ref_axis',(1.,0.,0.));
#4818=CARTESIAN_POINT('',(0.,0.,0.));
#4819=CARTESIAN_POINT('Origin',(2.1,-4.955,2.3));
#4820=CARTESIAN_POINT('',(1.54,-4.89,2.3));
#4821=CARTESIAN_POINT('',(1.54,-5.02,2.3));
#4822=CARTESIAN_POINT('',(1.54,-4.89,2.3));
#4823=CARTESIAN_POINT('',(2.66,-4.89,2.3));
#4824=CARTESIAN_POINT('',(2.66,-4.89,2.3));
#4825=CARTESIAN_POINT('',(2.66,-5.02,2.3));
#4826=CARTESIAN_POINT('',(2.66,-5.02,2.3));
#4827=CARTESIAN_POINT('',(1.54,-5.02,2.3));
#4828=CARTESIAN_POINT('Origin',(1.54,-4.89,2.3));
#4829=CARTESIAN_POINT('',(1.5,-5.06,2.34));
#4830=CARTESIAN_POINT('',(1.54,-5.02,2.3));
#4831=CARTESIAN_POINT('',(1.5,-4.85,2.34));
#4832=CARTESIAN_POINT('',(1.5,-4.85,2.34));
#4833=CARTESIAN_POINT('',(1.54,-4.89,2.3));
#4834=CARTESIAN_POINT('Origin',(1.54,-5.02,2.3));
#4835=CARTESIAN_POINT('',(2.7,-5.06,2.34));
#4836=CARTESIAN_POINT('',(2.66,-5.02,2.3));
#4837=CARTESIAN_POINT('',(1.5,-5.06,2.34));
#4838=CARTESIAN_POINT('Origin',(2.66,-5.02,2.3));
#4839=CARTESIAN_POINT('',(2.7,-4.85,2.34));
#4840=CARTESIAN_POINT('',(2.66,-4.89,2.3));
#4841=CARTESIAN_POINT('',(2.7,-5.06,2.34));
#4842=CARTESIAN_POINT('Origin',(2.66,-4.89,2.3));
#4843=CARTESIAN_POINT('',(2.7,-4.85,2.34));
#4844=CARTESIAN_POINT('Origin',(1.5,-5.06,2.34));
#4845=CARTESIAN_POINT('',(1.5,-5.06,2.76));
#4846=CARTESIAN_POINT('',(2.7,-5.06,2.76));
#4847=CARTESIAN_POINT('',(0.75,-5.06,2.76));
#4848=CARTESIAN_POINT('',(1.5,-5.06,2.34));
#4849=CARTESIAN_POINT('',(2.7,-5.06,2.34));
#4850=CARTESIAN_POINT('Origin',(1.5,-4.85,2.34));
#4851=CARTESIAN_POINT('',(1.5,-4.92,2.76));
#4852=CARTESIAN_POINT('',(1.5,-2.425,2.76));
#4853=CARTESIAN_POINT('',(1.5,-4.92,2.56));
#4854=CARTESIAN_POINT('',(1.5,-4.92,2.45));
#4855=CARTESIAN_POINT('',(1.5,-4.85,2.56));
#4856=CARTESIAN_POINT('',(1.5,-2.425,2.56));
#4857=CARTESIAN_POINT('',(1.5,-4.85,2.34));
#4858=CARTESIAN_POINT('Origin',(2.7,-5.06,2.34));
#4859=CARTESIAN_POINT('',(2.7,-4.92,2.76));
#4860=CARTESIAN_POINT('',(2.7,-2.53,2.76));
#4861=CARTESIAN_POINT('',(2.7,-4.85,2.56));
#4862=CARTESIAN_POINT('',(2.7,-4.85,2.34));
#4863=CARTESIAN_POINT('',(2.7,-4.92,2.56));
#4864=CARTESIAN_POINT('',(2.7,-2.53,2.56));
#4865=CARTESIAN_POINT('',(2.7,-4.92,2.45));
#4866=CARTESIAN_POINT('Origin',(-3.82,-4.92,2.56));
#4867=CARTESIAN_POINT('',(-1.5,-4.92,2.76));
#4868=CARTESIAN_POINT('',(-1.91,-4.92,2.76));
#4869=CARTESIAN_POINT('',(-1.5,-4.92,2.56));
#4870=CARTESIAN_POINT('',(-1.5,-4.92,2.45));
#4871=CARTESIAN_POINT('',(-3.82,-4.92,2.56));
#4872=CARTESIAN_POINT('Origin',(-3.82,-4.92,2.56));
#4873=CARTESIAN_POINT('',(3.82,-4.92,2.56));
#4874=CARTESIAN_POINT('',(-3.82,-4.92,2.56));
#4875=CARTESIAN_POINT('',(3.82,-4.92,2.76));
#4876=CARTESIAN_POINT('',(3.82,-4.92,2.56));
#4877=CARTESIAN_POINT('',(-1.91,-4.92,2.76));
#4878=CARTESIAN_POINT('Origin',(0.,0.,2.56));
#4879=CARTESIAN_POINT('',(-1.5,-4.85,2.56));
#4880=CARTESIAN_POINT('',(-1.5,-2.53,2.56));
#4881=CARTESIAN_POINT('',(-1.72,-4.85,2.56));
#4882=CARTESIAN_POINT('Origin',(0.,0.,2.56));
#4883=CARTESIAN_POINT('',(3.44,-4.85,2.56));
#4884=CARTESIAN_POINT('',(-1.72,-4.85,2.56));
#4885=CARTESIAN_POINT('',(3.52660254037844,-4.8,2.56));
#4886=CARTESIAN_POINT('Origin',(3.44,-4.75,2.56));
#4887=CARTESIAN_POINT('',(3.8,-4.8,2.56));
#4888=CARTESIAN_POINT('',(-3.8,-4.8,2.56));
#4889=CARTESIAN_POINT('',(3.9,-4.7,2.56));
#4890=CARTESIAN_POINT('Origin',(3.8,-4.7,2.56));
#4891=CARTESIAN_POINT('',(3.9,-4.35707142142714,2.56));
#4892=CARTESIAN_POINT('',(3.9,-4.7,2.56));
#4893=CARTESIAN_POINT('',(4.02,-4.17058722109232,2.56));
#4894=CARTESIAN_POINT('Origin',(3.55,-4.,2.56));
#4895=CARTESIAN_POINT('',(4.02,-4.72,2.56));
#4896=CARTESIAN_POINT('',(4.02,-4.72,2.56));
#4897=CARTESIAN_POINT('Origin',(3.82,-4.72,2.56));
#4898=CARTESIAN_POINT('Origin',(-3.44,-4.85,2.558));
#4899=CARTESIAN_POINT('',(3.44,-4.85,2.86));
#4900=CARTESIAN_POINT('',(2.7,-4.85,2.86));
#4901=CARTESIAN_POINT('',(-1.72,-4.85,2.86));
#4902=CARTESIAN_POINT('',(3.44,-4.85,2.558));
#4903=CARTESIAN_POINT('',(-1.5,-4.85,2.34));
#4904=CARTESIAN_POINT('',(-1.5,-4.85,2.34));
#4905=CARTESIAN_POINT('',(-2.7,-4.85,2.34));
#4906=CARTESIAN_POINT('',(-1.5,-4.85,2.34));
#4907=CARTESIAN_POINT('',(-2.7,-4.85,2.56));
#4908=CARTESIAN_POINT('',(-2.7,-4.85,2.34));
#4909=CARTESIAN_POINT('',(-3.44,-4.85,2.56));
#4910=CARTESIAN_POINT('',(-1.72,-4.85,2.56));
#4911=CARTESIAN_POINT('',(-3.44,-4.85,2.86));
#4912=CARTESIAN_POINT('',(-3.44,-4.85,2.558));
#4913=CARTESIAN_POINT('',(-2.7,-4.85,2.86));
#4914=CARTESIAN_POINT('',(-1.72,-4.85,2.86));
#4915=CARTESIAN_POINT('',(-2.7,-4.85,2.96));
#4916=CARTESIAN_POINT('',(-2.7,-4.85,2.76));
#4917=CARTESIAN_POINT('',(-1.5,-4.85,2.96));
#4918=CARTESIAN_POINT('',(-1.5,-4.85,2.96));
#4919=CARTESIAN_POINT('',(-1.5,-4.85,2.86));
#4920=CARTESIAN_POINT('',(-1.5,-4.85,2.76));
#4921=CARTESIAN_POINT('',(1.5,-4.85,2.86));
#4922=CARTESIAN_POINT('',(-1.72,-4.85,2.86));
#4923=CARTESIAN_POINT('',(1.5,-4.85,2.96));
#4924=CARTESIAN_POINT('',(1.5,-4.85,2.76));
#4925=CARTESIAN_POINT('',(2.7,-4.85,2.96));
#4926=CARTESIAN_POINT('',(2.7,-4.85,2.96));
#4927=CARTESIAN_POINT('',(2.7,-4.85,2.76));
#4928=CARTESIAN_POINT('Origin',(1.5,-4.85,2.76));
#4929=CARTESIAN_POINT('',(1.5,-4.95,2.86));
#4930=CARTESIAN_POINT('',(1.5,-2.425,2.86));
#4931=CARTESIAN_POINT('',(1.5,-4.95,2.96));
#4932=CARTESIAN_POINT('',(1.5,-4.95,2.759));
#4933=CARTESIAN_POINT('',(1.5,-4.85,2.96));
#4934=CARTESIAN_POINT('Origin',(2.7,-5.15,2.76));
#4935=CARTESIAN_POINT('',(2.7,-4.95,2.86));
#4936=CARTESIAN_POINT('',(2.7,-2.575,2.86));
#4937=CARTESIAN_POINT('',(2.7,-4.95,2.96));
#4938=CARTESIAN_POINT('',(2.7,-5.15,2.96));
#4939=CARTESIAN_POINT('',(2.7,-4.95,2.759));
#4940=CARTESIAN_POINT('Origin',(2.1,-5.,2.96));
#4941=CARTESIAN_POINT('',(-0.85,-4.95,2.96));
#4942=CARTESIAN_POINT('Origin',(0.,0.,2.76));
#4943=CARTESIAN_POINT('',(4.3,-4.7,2.76));
#4944=CARTESIAN_POINT('',(4.3,4.7,2.76));
#4945=CARTESIAN_POINT('',(4.3,-4.7,2.76));
#4946=CARTESIAN_POINT('',(3.8,-5.2,2.76));
#4947=CARTESIAN_POINT('Origin',(3.8,-4.7,2.76));
#4948=CARTESIAN_POINT('',(-3.8,-5.2,2.76));
#4949=CARTESIAN_POINT('',(-3.8,-5.2,2.76));
#4950=CARTESIAN_POINT('',(-4.3,-4.7,2.76));
#4951=CARTESIAN_POINT('Origin',(-3.8,-4.7,2.76));
#4952=CARTESIAN_POINT('',(-4.3,4.7,2.76));
#4953=CARTESIAN_POINT('',(-4.3,4.7,2.76));
#4954=CARTESIAN_POINT('',(-3.8,5.2,2.76));
#4955=CARTESIAN_POINT('Origin',(-3.8,4.7,2.76));
#4956=CARTESIAN_POINT('',(3.8,5.2,2.76));
#4957=CARTESIAN_POINT('',(3.8,5.2,2.76));
#4958=CARTESIAN_POINT('Origin',(3.8,4.7,2.76));
#4959=CARTESIAN_POINT('',(4.02,-4.72,2.76));
#4960=CARTESIAN_POINT('Origin',(3.82,-4.72,2.76));
#4961=CARTESIAN_POINT('',(4.02,-4.17058722109232,2.76));
#4962=CARTESIAN_POINT('',(4.02,-2.36,2.76));
#4963=CARTESIAN_POINT('',(4.02,-3.82941277890768,2.76));
#4964=CARTESIAN_POINT('Origin',(3.55,-4.,2.76));
#4965=CARTESIAN_POINT('',(4.02,-3.24899888641287,2.76));
#4966=CARTESIAN_POINT('',(4.02,-2.36,2.76));
#4967=CARTESIAN_POINT('',(3.9,-3.28989794855664,2.76));
#4968=CARTESIAN_POINT('Origin',(3.8,-2.8,2.76));
#4969=CARTESIAN_POINT('',(3.9,-3.23874821936961,2.76));
#4970=CARTESIAN_POINT('',(3.9,0.8,2.76));
#4971=CARTESIAN_POINT('',(3.54,-3.16728735344414,2.76));
#4972=CARTESIAN_POINT('Origin',(3.8,-2.8,2.76));
#4973=CARTESIAN_POINT('',(3.54,-2.43271264655586,2.76));
#4974=CARTESIAN_POINT('',(3.54,-2.375,2.76));
#4975=CARTESIAN_POINT('',(3.9,-2.36125178063039,2.76));
#4976=CARTESIAN_POINT('Origin',(3.8,-2.8,2.76));
#4977=CARTESIAN_POINT('',(3.9,-2.31010205144336,2.76));
#4978=CARTESIAN_POINT('',(3.9,0.8,2.76));
#4979=CARTESIAN_POINT('',(4.02,-2.35100111358713,2.76));
#4980=CARTESIAN_POINT('Origin',(3.8,-2.8,2.76));
#4981=CARTESIAN_POINT('',(4.02,2.35100111358713,2.76));
#4982=CARTESIAN_POINT('',(4.02,-2.36,2.76));
#4983=CARTESIAN_POINT('',(3.9,2.31010205144336,2.76));
#4984=CARTESIAN_POINT('Origin',(3.8,2.8,2.76));
#4985=CARTESIAN_POINT('',(3.9,2.36125178063039,2.76));
#4986=CARTESIAN_POINT('',(3.9,3.6,2.76));
#4987=CARTESIAN_POINT('',(3.54,2.43271264655586,2.76));
#4988=CARTESIAN_POINT('Origin',(3.8,2.8,2.76));
#4989=CARTESIAN_POINT('',(3.54,3.16728735344414,2.76));
#4990=CARTESIAN_POINT('',(3.54,-2.375,2.76));
#4991=CARTESIAN_POINT('',(3.9,3.23874821936961,2.76));
#4992=CARTESIAN_POINT('Origin',(3.8,2.8,2.76));
#4993=CARTESIAN_POINT('',(3.9,3.28989794855664,2.76));
#4994=CARTESIAN_POINT('',(3.9,3.6,2.76));
#4995=CARTESIAN_POINT('',(4.02,3.24899888641287,2.76));
#4996=CARTESIAN_POINT('Origin',(3.8,2.8,2.76));
#4997=CARTESIAN_POINT('',(4.02,3.82941277890768,2.76));
#4998=CARTESIAN_POINT('',(4.02,-2.36,2.76));
#4999=CARTESIAN_POINT('',(4.02,4.17058722109232,2.76));
#5000=CARTESIAN_POINT('Origin',(3.55,4.,2.76));
#5001=CARTESIAN_POINT('',(4.02,4.72,2.76));
#5002=CARTESIAN_POINT('',(4.02,-2.36,2.76));
#5003=CARTESIAN_POINT('',(3.82,4.92,2.76));
#5004=CARTESIAN_POINT('Origin',(3.82,4.72,2.76));
#5005=CARTESIAN_POINT('',(-3.82,4.92,2.76));
#5006=CARTESIAN_POINT('',(1.91,4.92,2.76));
#5007=CARTESIAN_POINT('',(-4.02,4.72,2.76));
#5008=CARTESIAN_POINT('Origin',(-3.82,4.72,2.76));
#5009=CARTESIAN_POINT('',(-4.02,4.17058722109232,2.76));
#5010=CARTESIAN_POINT('',(-4.02,2.36,2.76));
#5011=CARTESIAN_POINT('',(-4.02,3.82941277890768,2.76));
#5012=CARTESIAN_POINT('Origin',(-3.55,4.,2.76));
#5013=CARTESIAN_POINT('',(-4.02,3.24899888641287,2.76));
#5014=CARTESIAN_POINT('',(-4.02,2.36,2.76));
#5015=CARTESIAN_POINT('',(-3.9,3.28989794855664,2.76));
#5016=CARTESIAN_POINT('Origin',(-3.8,2.8,2.76));
#5017=CARTESIAN_POINT('',(-3.9,3.23874821936961,2.76));
#5018=CARTESIAN_POINT('',(-3.9,-0.8,2.76));
#5019=CARTESIAN_POINT('',(-3.54,3.16728735344414,2.76));
#5020=CARTESIAN_POINT('Origin',(-3.8,2.8,2.76));
#5021=CARTESIAN_POINT('',(-3.54,2.43271264655586,2.76));
#5022=CARTESIAN_POINT('',(-3.54,2.375,2.76));
#5023=CARTESIAN_POINT('',(-3.9,2.36125178063039,2.76));
#5024=CARTESIAN_POINT('Origin',(-3.8,2.8,2.76));
#5025=CARTESIAN_POINT('',(-3.9,2.31010205144336,2.76));
#5026=CARTESIAN_POINT('',(-3.9,-0.8,2.76));
#5027=CARTESIAN_POINT('',(-4.02,2.35100111358713,2.76));
#5028=CARTESIAN_POINT('Origin',(-3.8,2.8,2.76));
#5029=CARTESIAN_POINT('',(-4.02,-2.35100111358713,2.76));
#5030=CARTESIAN_POINT('',(-4.02,2.36,2.76));
#5031=CARTESIAN_POINT('',(-3.9,-2.31010205144336,2.76));
#5032=CARTESIAN_POINT('Origin',(-3.8,-2.8,2.76));
#5033=CARTESIAN_POINT('',(-3.9,-2.36125178063039,2.76));
#5034=CARTESIAN_POINT('',(-3.9,-3.6,2.76));
#5035=CARTESIAN_POINT('',(-3.54,-2.43271264655586,2.76));
#5036=CARTESIAN_POINT('Origin',(-3.8,-2.8,2.76));
#5037=CARTESIAN_POINT('',(-3.54,-3.16728735344414,2.76));
#5038=CARTESIAN_POINT('',(-3.54,2.375,2.76));
#5039=CARTESIAN_POINT('',(-3.9,-3.23874821936961,2.76));
#5040=CARTESIAN_POINT('Origin',(-3.8,-2.8,2.76));
#5041=CARTESIAN_POINT('',(-3.9,-3.28989794855664,2.76));
#5042=CARTESIAN_POINT('',(-3.9,-3.6,2.76));
#5043=CARTESIAN_POINT('',(-4.02,-3.24899888641287,2.76));
#5044=CARTESIAN_POINT('Origin',(-3.8,-2.8,2.76));
#5045=CARTESIAN_POINT('',(-4.02,-3.82941277890768,2.76));
#5046=CARTESIAN_POINT('',(-4.02,2.36,2.76));
#5047=CARTESIAN_POINT('',(-4.02,-4.17058722109232,2.76));
#5048=CARTESIAN_POINT('Origin',(-3.55,-4.,2.76));
#5049=CARTESIAN_POINT('',(-4.02,-4.72,2.76));
#5050=CARTESIAN_POINT('',(-4.02,2.36,2.76));
#5051=CARTESIAN_POINT('',(-3.82,-4.92,2.76));
#5052=CARTESIAN_POINT('Origin',(-3.82,-4.72,2.76));
#5053=CARTESIAN_POINT('',(-2.7,-4.92,2.76));
#5054=CARTESIAN_POINT('',(-1.91,-4.92,2.76));
#5055=CARTESIAN_POINT('',(-2.7,-5.06,2.76));
#5056=CARTESIAN_POINT('',(-2.7,-2.425,2.76));
#5057=CARTESIAN_POINT('',(-1.5,-5.06,2.76));
#5058=CARTESIAN_POINT('',(-1.35,-5.06,2.76));
#5059=CARTESIAN_POINT('',(-1.5,-2.53,2.76));
#5060=CARTESIAN_POINT('',(3.63,2.8,2.76));
#5061=CARTESIAN_POINT('Origin',(3.8,2.8,2.76));
#5062=CARTESIAN_POINT('',(-3.97,-2.8,2.76));
#5063=CARTESIAN_POINT('Origin',(-3.8,-2.8,2.76));
#5064=CARTESIAN_POINT('',(-3.97,2.8,2.76));
#5065=CARTESIAN_POINT('Origin',(-3.8,2.8,2.76));
#5066=CARTESIAN_POINT('',(3.63,-2.8,2.76));
#5067=CARTESIAN_POINT('Origin',(3.8,-2.8,2.76));
#5068=CARTESIAN_POINT('Origin',(-3.8,-4.95,2.758));
#5069=CARTESIAN_POINT('',(-1.5,-4.95,2.86));
#5070=CARTESIAN_POINT('',(-1.9,-4.95,2.86));
#5071=CARTESIAN_POINT('',(-1.5,-4.95,2.96));
#5072=CARTESIAN_POINT('',(-1.5,-4.95,2.759));
#5073=CARTESIAN_POINT('',(-2.7,-4.95,2.96));
#5074=CARTESIAN_POINT('',(-2.95,-4.95,2.96));
#5075=CARTESIAN_POINT('',(-2.7,-4.95,2.86));
#5076=CARTESIAN_POINT('',(-2.7,-4.95,2.759));
#5077=CARTESIAN_POINT('',(-3.8,-4.95,2.86));
#5078=CARTESIAN_POINT('',(-1.9,-4.95,2.86));
#5079=CARTESIAN_POINT('',(-3.8,-4.95,4.19));
#5080=CARTESIAN_POINT('',(-3.8,-4.95,2.758));
#5081=CARTESIAN_POINT('',(3.8,-4.95,4.19));
#5082=CARTESIAN_POINT('',(-3.8,-4.95,4.19));
#5083=CARTESIAN_POINT('',(3.8,-4.95,2.86));
#5084=CARTESIAN_POINT('',(3.8,-4.95,2.758));
#5085=CARTESIAN_POINT('',(-1.9,-4.95,2.86));
#5086=CARTESIAN_POINT('Origin',(0.,0.,2.86));
#5087=CARTESIAN_POINT('',(-1.5,-2.575,2.86));
#5088=CARTESIAN_POINT('Origin',(0.,0.,2.86));
#5089=CARTESIAN_POINT('',(4.05,-4.7,2.86));
#5090=CARTESIAN_POINT('Origin',(3.8,-4.7,2.86));
#5091=CARTESIAN_POINT('',(4.05,-4.,2.86));
#5092=CARTESIAN_POINT('',(4.05,-2.35,2.86));
#5093=CARTESIAN_POINT('',(3.9,-4.35707142142714,2.86));
#5094=CARTESIAN_POINT('Origin',(3.55,-4.,2.86));
#5095=CARTESIAN_POINT('',(3.9,-4.4,2.86));
#5096=CARTESIAN_POINT('',(3.9,-4.4,2.86));
#5097=CARTESIAN_POINT('',(3.52712776429834,-4.79907904530829,2.86));
#5098=CARTESIAN_POINT('Origin',(3.5,-4.4,2.86));
#5099=CARTESIAN_POINT('Origin',(3.44,-4.75,2.86));
#5100=CARTESIAN_POINT('Origin',(-2.1,-4.955,2.3));
#5101=CARTESIAN_POINT('',(-2.66,-4.89,2.3));
#5102=CARTESIAN_POINT('',(-2.66,-5.02,2.3));
#5103=CARTESIAN_POINT('',(-2.66,-4.89,2.3));
#5104=CARTESIAN_POINT('',(-1.54,-4.89,2.3));
#5105=CARTESIAN_POINT('',(-1.54,-4.89,2.3));
#5106=CARTESIAN_POINT('',(-1.54,-5.02,2.3));
#5107=CARTESIAN_POINT('',(-1.54,-5.02,2.3));
#5108=CARTESIAN_POINT('',(-2.66,-5.02,2.3));
#5109=CARTESIAN_POINT('Origin',(-2.66,-4.89,2.3));
#5110=CARTESIAN_POINT('',(-2.7,-5.06,2.34));
#5111=CARTESIAN_POINT('',(-2.66,-5.02,2.3));
#5112=CARTESIAN_POINT('',(-2.7,-4.85,2.34));
#5113=CARTESIAN_POINT('',(-2.66,-4.89,2.3));
#5114=CARTESIAN_POINT('Origin',(-2.66,-5.02,2.3));
#5115=CARTESIAN_POINT('',(-1.5,-5.06,2.34));
#5116=CARTESIAN_POINT('',(-1.54,-5.02,2.3));
#5117=CARTESIAN_POINT('',(-2.7,-5.06,2.34));
#5118=CARTESIAN_POINT('Origin',(-1.54,-5.02,2.3));
#5119=CARTESIAN_POINT('',(-1.54,-4.89,2.3));
#5120=CARTESIAN_POINT('',(-1.5,-5.06,2.34));
#5121=CARTESIAN_POINT('Origin',(-1.54,-4.89,2.3));
#5122=CARTESIAN_POINT('Origin',(-2.7,-5.06,2.34));
#5123=CARTESIAN_POINT('',(-2.7,-5.06,2.34));
#5124=CARTESIAN_POINT('',(-1.5,-5.06,2.34));
#5125=CARTESIAN_POINT('Origin',(-2.7,-4.85,2.34));
#5126=CARTESIAN_POINT('',(-2.7,-4.92,2.56));
#5127=CARTESIAN_POINT('',(-2.7,-4.92,2.45));
#5128=CARTESIAN_POINT('',(-2.7,-2.425,2.56));
#5129=CARTESIAN_POINT('Origin',(-1.5,-5.06,2.34));
#5130=CARTESIAN_POINT('Origin',(-3.82,-4.92,2.56));
#5131=CARTESIAN_POINT('',(-3.82,-4.92,2.56));
#5132=CARTESIAN_POINT('',(-3.82,-4.92,2.56));
#5133=CARTESIAN_POINT('',(-3.82,-4.92,2.56));
#5134=CARTESIAN_POINT('Origin',(0.,0.,2.56));
#5135=CARTESIAN_POINT('',(-4.02,-4.72,2.56));
#5136=CARTESIAN_POINT('Origin',(-3.82,-4.72,2.56));
#5137=CARTESIAN_POINT('',(-4.02,-4.17058722109232,2.56));
#5138=CARTESIAN_POINT('',(-4.02,4.72,2.56));
#5139=CARTESIAN_POINT('',(-3.9,-4.35707142142714,2.56));
#5140=CARTESIAN_POINT('Origin',(-3.55,-4.,2.56));
#5141=CARTESIAN_POINT('',(-3.9,-4.7,2.56));
#5142=CARTESIAN_POINT('',(-3.9,4.7,2.56));
#5143=CARTESIAN_POINT('',(-3.8,-4.8,2.56));
#5144=CARTESIAN_POINT('Origin',(-3.8,-4.7,2.56));
#5145=CARTESIAN_POINT('',(-3.52660254037844,-4.8,2.56));
#5146=CARTESIAN_POINT('',(-3.8,-4.8,2.56));
#5147=CARTESIAN_POINT('Origin',(-3.44,-4.75,2.56));
#5148=CARTESIAN_POINT('Origin',(-1.5,-5.15,2.76));
#5149=CARTESIAN_POINT('',(-1.5,-5.15,2.96));
#5150=CARTESIAN_POINT('Origin',(-2.7,-4.85,2.76));
#5151=CARTESIAN_POINT('',(-2.7,-4.85,2.96));
#5152=CARTESIAN_POINT('',(-2.7,-2.425,2.86));
#5153=CARTESIAN_POINT('Origin',(-2.1,-5.,2.96));
#5154=CARTESIAN_POINT('Origin',(0.,0.,2.86));
#5155=CARTESIAN_POINT('',(-3.52712776429834,-4.79907904530829,2.86));
#5156=CARTESIAN_POINT('Origin',(-3.44,-4.75,2.86));
#5157=CARTESIAN_POINT('',(-3.9,-4.4,2.86));
#5158=CARTESIAN_POINT('Origin',(-3.5,-4.4,2.86));
#5159=CARTESIAN_POINT('',(-3.9,-4.35707142142714,2.86));
#5160=CARTESIAN_POINT('',(-3.9,4.4,2.86));
#5161=CARTESIAN_POINT('',(-4.05,-4.,2.86));
#5162=CARTESIAN_POINT('Origin',(-3.55,-4.,2.86));
#5163=CARTESIAN_POINT('',(-4.05,-4.7,2.86));
#5164=CARTESIAN_POINT('',(-4.05,2.35,2.86));
#5165=CARTESIAN_POINT('Origin',(-3.8,-4.7,2.86));
#5166=CARTESIAN_POINT('Origin',(3.55,-4.,2.558));
#5167=CARTESIAN_POINT('',(3.9,-3.64292857857286,2.86));
#5168=CARTESIAN_POINT('Origin',(3.55,-4.,2.86));
#5169=CARTESIAN_POINT('',(3.9,-3.64292857857286,2.56));
#5170=CARTESIAN_POINT('',(3.9,-3.64292857857286,2.558));
#5171=CARTESIAN_POINT('',(4.02,-3.82941277890768,2.56));
#5172=CARTESIAN_POINT('Origin',(3.55,-4.,2.56));
#5173=CARTESIAN_POINT('',(4.02,-3.82941277890768,2.558));
#5174=CARTESIAN_POINT('',(4.02,-4.17058722109232,2.558));
#5175=CARTESIAN_POINT('',(3.9,-4.35707142142714,2.558));
#5176=CARTESIAN_POINT('Origin',(-3.55,4.,2.558));
#5177=CARTESIAN_POINT('',(-4.05,4.,2.86));
#5178=CARTESIAN_POINT('',(-3.9,4.35707142142714,2.86));
#5179=CARTESIAN_POINT('Origin',(-3.55,4.,2.86));
#5180=CARTESIAN_POINT('',(-3.9,3.64292857857286,2.86));
#5181=CARTESIAN_POINT('Origin',(-3.55,4.,2.86));
#5182=CARTESIAN_POINT('',(-3.9,3.64292857857286,2.56));
#5183=CARTESIAN_POINT('',(-3.9,3.64292857857286,2.558));
#5184=CARTESIAN_POINT('',(-4.02,3.82941277890768,2.56));
#5185=CARTESIAN_POINT('Origin',(-3.55,4.,2.56));
#5186=CARTESIAN_POINT('',(-4.02,3.82941277890768,2.558));
#5187=CARTESIAN_POINT('',(-4.02,4.17058722109232,2.56));
#5188=CARTESIAN_POINT('',(-4.02,4.17058722109232,2.558));
#5189=CARTESIAN_POINT('',(-3.9,4.35707142142714,2.56));
#5190=CARTESIAN_POINT('Origin',(-3.55,4.,2.56));
#5191=CARTESIAN_POINT('',(-3.9,4.35707142142714,2.558));
#5192=CARTESIAN_POINT('Origin',(-3.55,-4.,2.558));
#5193=CARTESIAN_POINT('',(-3.9,-3.64292857857286,2.86));
#5194=CARTESIAN_POINT('Origin',(-3.55,-4.,2.86));
#5195=CARTESIAN_POINT('',(-3.9,-4.35707142142714,2.558));
#5196=CARTESIAN_POINT('',(-4.02,-4.17058722109232,2.558));
#5197=CARTESIAN_POINT('',(-4.02,-3.82941277890768,2.56));
#5198=CARTESIAN_POINT('',(-4.02,-3.82941277890768,2.558));
#5199=CARTESIAN_POINT('',(-3.9,-3.64292857857286,2.56));
#5200=CARTESIAN_POINT('Origin',(-3.55,-4.,2.56));
#5201=CARTESIAN_POINT('',(-3.9,-3.64292857857286,2.558));
#5202=CARTESIAN_POINT('Origin',(3.55,4.,2.558));
#5203=CARTESIAN_POINT('',(4.05,4.,2.86));
#5204=CARTESIAN_POINT('',(3.9,3.64292857857286,2.86));
#5205=CARTESIAN_POINT('Origin',(3.55,4.,2.86));
#5206=CARTESIAN_POINT('',(3.9,4.35707142142714,2.86));
#5207=CARTESIAN_POINT('Origin',(3.55,4.,2.86));
#5208=CARTESIAN_POINT('',(3.9,4.35707142142714,2.56));
#5209=CARTESIAN_POINT('',(3.9,4.35707142142714,2.558));
#5210=CARTESIAN_POINT('',(4.02,4.17058722109232,2.56));
#5211=CARTESIAN_POINT('Origin',(3.55,4.,2.56));
#5212=CARTESIAN_POINT('',(4.02,4.17058722109232,2.558));
#5213=CARTESIAN_POINT('',(4.02,3.82941277890768,2.56));
#5214=CARTESIAN_POINT('',(4.02,3.82941277890768,2.558));
#5215=CARTESIAN_POINT('',(3.9,3.64292857857286,2.56));
#5216=CARTESIAN_POINT('Origin',(3.55,4.,2.56));
#5217=CARTESIAN_POINT('',(3.9,3.64292857857286,2.558));
#5218=CARTESIAN_POINT('Origin',(4.02,-4.72,2.56));
#5219=CARTESIAN_POINT('',(4.02,-3.24899888641287,2.56));
#5220=CARTESIAN_POINT('',(4.02,-4.72,2.56));
#5221=CARTESIAN_POINT('',(4.02,-3.24899888641287,2.558));
#5222=CARTESIAN_POINT('Origin',(3.9,4.4,2.76));
#5223=CARTESIAN_POINT('',(3.9,-3.23874821936961,2.86));
#5224=CARTESIAN_POINT('',(3.9,-4.4,2.86));
#5225=CARTESIAN_POINT('',(3.9,-3.23874821936961,2.76));
#5226=CARTESIAN_POINT('',(3.9,-3.28989794855664,2.56));
#5227=CARTESIAN_POINT('',(3.9,-3.28989794855664,2.558));
#5228=CARTESIAN_POINT('',(3.9,-4.7,2.56));
#5229=CARTESIAN_POINT('Origin',(-4.02,4.72,2.56));
#5230=CARTESIAN_POINT('',(-4.02,4.72,2.56));
#5231=CARTESIAN_POINT('',(-4.02,4.72,2.56));
#5232=CARTESIAN_POINT('',(-4.02,4.72,2.56));
#5233=CARTESIAN_POINT('Origin',(-4.02,4.72,2.56));
#5234=CARTESIAN_POINT('',(-4.02,3.24899888641287,2.56));
#5235=CARTESIAN_POINT('',(-4.02,4.72,2.56));
#5236=CARTESIAN_POINT('',(-4.02,3.24899888641287,2.558));
#5237=CARTESIAN_POINT('Origin',(-3.9,-4.4,2.76));
#5238=CARTESIAN_POINT('',(-3.9,4.7,2.56));
#5239=CARTESIAN_POINT('',(-3.9,4.7,2.56));
#5240=CARTESIAN_POINT('',(-3.9,4.7,2.76));
#5241=CARTESIAN_POINT('',(-3.9,4.7,2.56));
#5242=CARTESIAN_POINT('',(-3.9,4.4,2.76));
#5243=CARTESIAN_POINT('',(-3.9,-2.35,2.76));
#5244=CARTESIAN_POINT('',(-3.9,4.4,2.86));
#5245=CARTESIAN_POINT('',(-3.9,4.4,2.76));
#5246=CARTESIAN_POINT('',(-3.9,4.4,2.86));
#5247=CARTESIAN_POINT('Origin',(-3.9,-4.4,2.76));
#5248=CARTESIAN_POINT('',(-3.9,3.23874821936961,2.86));
#5249=CARTESIAN_POINT('',(-3.9,4.4,2.86));
#5250=CARTESIAN_POINT('',(-3.9,3.23874821936961,2.76));
#5251=CARTESIAN_POINT('',(-3.9,3.28989794855664,2.56));
#5252=CARTESIAN_POINT('',(-3.9,3.28989794855664,2.558));
#5253=CARTESIAN_POINT('',(-3.9,4.7,2.56));
#5254=CARTESIAN_POINT('Origin',(0.,0.,2.86));
#5255=CARTESIAN_POINT('',(-3.9,-3.23874821936961,2.86));
#5256=CARTESIAN_POINT('',(-3.9,4.4,2.86));
#5257=CARTESIAN_POINT('',(-4.05,-3.17416573867739,2.86));
#5258=CARTESIAN_POINT('Origin',(-3.8,-2.8,2.86));
#5259=CARTESIAN_POINT('',(-4.05,2.35,2.86));
#5260=CARTESIAN_POINT('Origin',(0.,0.,2.86));
#5261=CARTESIAN_POINT('',(4.05,-3.17416573867739,2.86));
#5262=CARTESIAN_POINT('',(4.05,-2.35,2.86));
#5263=CARTESIAN_POINT('Origin',(3.8,-2.8,2.86));
#5264=CARTESIAN_POINT('Origin',(-3.9,-4.4,2.76));
#5265=CARTESIAN_POINT('',(-3.9,-3.28989794855664,2.56));
#5266=CARTESIAN_POINT('',(-3.9,4.7,2.56));
#5267=CARTESIAN_POINT('',(-3.9,-3.28989794855664,2.558));
#5268=CARTESIAN_POINT('',(-3.9,-3.23874821936961,2.76));
#5269=CARTESIAN_POINT('Origin',(0.,0.,2.56));
#5270=CARTESIAN_POINT('',(-4.02,-3.24899888641287,2.56));
#5271=CARTESIAN_POINT('',(-4.02,4.72,2.56));
#5272=CARTESIAN_POINT('Origin',(-3.8,-2.8,2.56));
#5273=CARTESIAN_POINT('Origin',(0.,0.,2.56));
#5274=CARTESIAN_POINT('Origin',(3.8,-2.8,2.56));
#5275=CARTESIAN_POINT('Origin',(-4.02,4.72,2.56));
#5276=CARTESIAN_POINT('',(-4.02,-3.24899888641287,2.558));
#5277=CARTESIAN_POINT('Origin',(0.,0.,2.86));
#5278=CARTESIAN_POINT('',(3.9,3.23874821936961,2.86));
#5279=CARTESIAN_POINT('',(3.9,-4.4,2.86));
#5280=CARTESIAN_POINT('',(4.05,3.17416573867739,2.86));
#5281=CARTESIAN_POINT('Origin',(3.8,2.8,2.86));
#5282=CARTESIAN_POINT('',(4.05,-2.35,2.86));
#5283=CARTESIAN_POINT('Origin',(0.,0.,2.86));
#5284=CARTESIAN_POINT('',(-3.52712776429834,4.79907904530829,2.86));
#5285=CARTESIAN_POINT('Origin',(-3.5,4.4,2.86));
#5286=CARTESIAN_POINT('',(-3.44,4.85,2.86));
#5287=CARTESIAN_POINT('Origin',(-3.44,4.75,2.86));
#5288=CARTESIAN_POINT('',(3.44,4.85,2.86));
#5289=CARTESIAN_POINT('',(1.72,4.85,2.86));
#5290=CARTESIAN_POINT('',(3.52712776429834,4.79907904530829,2.86));
#5291=CARTESIAN_POINT('Origin',(3.44,4.75,2.86));
#5292=CARTESIAN_POINT('',(3.9,4.4,2.86));
#5293=CARTESIAN_POINT('Origin',(3.5,4.4,2.86));
#5294=CARTESIAN_POINT('',(3.9,-4.4,2.86));
#5295=CARTESIAN_POINT('',(4.05,4.7,2.86));
#5296=CARTESIAN_POINT('',(4.05,-2.35,2.86));
#5297=CARTESIAN_POINT('',(3.8,4.95,2.86));
#5298=CARTESIAN_POINT('Origin',(3.8,4.7,2.86));
#5299=CARTESIAN_POINT('',(-3.8,4.95,2.86));
#5300=CARTESIAN_POINT('',(1.9,4.95,2.86));
#5301=CARTESIAN_POINT('',(-4.05,4.7,2.86));
#5302=CARTESIAN_POINT('Origin',(-3.8,4.7,2.86));
#5303=CARTESIAN_POINT('',(-4.05,2.35,2.86));
#5304=CARTESIAN_POINT('Origin',(0.,0.,2.86));
#5305=CARTESIAN_POINT('',(-4.05,3.17416573867739,2.86));
#5306=CARTESIAN_POINT('',(-4.05,2.35,2.86));
#5307=CARTESIAN_POINT('Origin',(-3.8,2.8,2.86));
#5308=CARTESIAN_POINT('Origin',(3.9,4.4,2.76));
#5309=CARTESIAN_POINT('',(3.9,3.28989794855664,2.56));
#5310=CARTESIAN_POINT('',(3.9,-4.7,2.56));
#5311=CARTESIAN_POINT('',(3.9,3.28989794855664,2.558));
#5312=CARTESIAN_POINT('',(3.9,3.23874821936961,2.76));
#5313=CARTESIAN_POINT('Origin',(0.,0.,2.56));
#5314=CARTESIAN_POINT('',(4.02,3.24899888641287,2.56));
#5315=CARTESIAN_POINT('',(4.02,-4.72,2.56));
#5316=CARTESIAN_POINT('Origin',(3.8,2.8,2.56));
#5317=CARTESIAN_POINT('Origin',(0.,0.,2.56));
#5318=CARTESIAN_POINT('',(-3.82,4.92,2.56));
#5319=CARTESIAN_POINT('Origin',(-3.82,4.72,2.56));
#5320=CARTESIAN_POINT('',(3.82,4.92,2.56));
#5321=CARTESIAN_POINT('',(3.82,4.92,2.56));
#5322=CARTESIAN_POINT('',(4.02,4.72,2.56));
#5323=CARTESIAN_POINT('Origin',(3.82,4.72,2.56));
#5324=CARTESIAN_POINT('',(4.02,-4.72,2.56));
#5325=CARTESIAN_POINT('',(3.9,4.7,2.56));
#5326=CARTESIAN_POINT('',(3.9,-4.7,2.56));
#5327=CARTESIAN_POINT('',(3.8,4.8,2.56));
#5328=CARTESIAN_POINT('Origin',(3.8,4.7,2.56));
#5329=CARTESIAN_POINT('',(3.52660254037844,4.8,2.56));
#5330=CARTESIAN_POINT('',(3.8,4.8,2.56));
#5331=CARTESIAN_POINT('',(3.44,4.85,2.56));
#5332=CARTESIAN_POINT('Origin',(3.44,4.75,2.56));
#5333=CARTESIAN_POINT('',(-3.44,4.85,2.56));
#5334=CARTESIAN_POINT('',(1.72,4.85,2.56));
#5335=CARTESIAN_POINT('',(-3.52660254037844,4.8,2.56));
#5336=CARTESIAN_POINT('Origin',(-3.44,4.75,2.56));
#5337=CARTESIAN_POINT('',(-3.8,4.8,2.56));
#5338=CARTESIAN_POINT('',(3.8,4.8,2.56));
#5339=CARTESIAN_POINT('Origin',(-3.8,4.7,2.56));
#5340=CARTESIAN_POINT('Origin',(0.,0.,2.56));
#5341=CARTESIAN_POINT('Origin',(-3.8,2.8,2.56));
#5342=CARTESIAN_POINT('Origin',(4.02,-4.72,2.56));
#5343=CARTESIAN_POINT('',(4.02,3.24899888641287,2.558));
#5344=CARTESIAN_POINT('Origin',(-3.54,4.75,2.558));
#5345=CARTESIAN_POINT('',(-3.54,-3.16728735344414,2.862));
#5346=CARTESIAN_POINT('',(-3.54,-3.16728735344414,2.76));
#5347=CARTESIAN_POINT('',(-3.54,-2.43271264655586,2.862));
#5348=CARTESIAN_POINT('',(-3.54,-2.43271264655586,2.76));
#5349=CARTESIAN_POINT('',(-3.54,4.75,2.862));
#5350=CARTESIAN_POINT('Origin',(3.44,4.75,2.558));
#5351=CARTESIAN_POINT('',(3.44,4.85,2.558));
#5352=CARTESIAN_POINT('',(3.52660254037844,4.8,2.76));
#5353=CARTESIAN_POINT('',(3.52660254037844,4.8,2.558));
#5354=CARTESIAN_POINT('',(3.52712776429834,4.79907904530829,2.76));
#5355=CARTESIAN_POINT('Origin',(3.44,4.75,2.76));
#5356=CARTESIAN_POINT('',(3.52712776429834,4.79907904530829,2.558));
#5357=CARTESIAN_POINT('Origin',(0.,0.,2.862));
#5358=CARTESIAN_POINT('',(3.54,3.16728735344414,2.862));
#5359=CARTESIAN_POINT('',(3.54,2.43271264655586,2.862));
#5360=CARTESIAN_POINT('Origin',(3.8,2.8,2.862));
#5361=CARTESIAN_POINT('',(3.54,-4.75,2.862));
#5362=CARTESIAN_POINT('Origin',(0.,0.,2.862));
#5363=CARTESIAN_POINT('',(3.54,-2.43271264655586,2.862));
#5364=CARTESIAN_POINT('',(3.54,-3.16728735344414,2.862));
#5365=CARTESIAN_POINT('Origin',(3.8,-2.8,2.862));
#5366=CARTESIAN_POINT('',(3.54,-4.75,2.862));
#5367=CARTESIAN_POINT('Origin',(0.,0.,2.862));
#5368=CARTESIAN_POINT('Origin',(-3.8,-2.8,2.862));
#5369=CARTESIAN_POINT('Origin',(0.,0.,2.862));
#5370=CARTESIAN_POINT('',(-3.54,2.43271264655586,2.862));
#5371=CARTESIAN_POINT('',(-3.54,3.16728735344414,2.862));
#5372=CARTESIAN_POINT('Origin',(-3.8,2.8,2.862));
#5373=CARTESIAN_POINT('',(-3.54,4.75,2.862));
#5374=CARTESIAN_POINT('Origin',(3.54,-4.75,2.558));
#5375=CARTESIAN_POINT('',(3.54,-2.43271264655586,2.76));
#5376=CARTESIAN_POINT('',(3.54,-3.16728735344414,2.76));
#5377=CARTESIAN_POINT('Origin',(-3.44,-4.75,2.558));
#5378=CARTESIAN_POINT('',(-3.52660254037844,-4.8,2.76));
#5379=CARTESIAN_POINT('',(-3.52660254037844,-4.8,2.558));
#5380=CARTESIAN_POINT('',(-3.52712776429834,-4.79907904530829,2.76));
#5381=CARTESIAN_POINT('Origin',(-3.44,-4.75,2.76));
#5382=CARTESIAN_POINT('',(-3.52712776429834,-4.79907904530829,2.558));
#5383=CARTESIAN_POINT('Origin',(-3.54,4.75,2.558));
#5384=CARTESIAN_POINT('',(-3.54,2.43271264655586,2.76));
#5385=CARTESIAN_POINT('',(-3.54,3.16728735344414,2.76));
#5386=CARTESIAN_POINT('Origin',(-3.44,4.75,2.558));
#5387=CARTESIAN_POINT('',(-3.52712776429834,4.79907904530829,2.76));
#5388=CARTESIAN_POINT('',(-3.52712776429834,4.79907904530829,2.558));
#5389=CARTESIAN_POINT('',(-3.52660254037844,4.8,2.76));
#5390=CARTESIAN_POINT('Origin',(-3.44,4.75,2.76));
#5391=CARTESIAN_POINT('',(-3.52660254037844,4.8,2.558));
#5392=CARTESIAN_POINT('',(-3.44,4.85,2.558));
#5393=CARTESIAN_POINT('Origin',(3.44,4.85,2.558));
#5394=CARTESIAN_POINT('Origin',(3.54,-4.75,2.558));
#5395=CARTESIAN_POINT('',(3.54,3.16728735344414,2.76));
#5396=CARTESIAN_POINT('',(3.54,2.43271264655586,2.76));
#5397=CARTESIAN_POINT('Origin',(3.44,-4.75,2.558));
#5398=CARTESIAN_POINT('',(3.52712776429834,-4.79907904530829,2.76));
#5399=CARTESIAN_POINT('',(3.52712776429834,-4.79907904530829,2.558));
#5400=CARTESIAN_POINT('',(3.52660254037844,-4.8,2.76));
#5401=CARTESIAN_POINT('Origin',(3.44,-4.75,2.76));
#5402=CARTESIAN_POINT('',(3.52660254037844,-4.8,2.558));
#5403=CARTESIAN_POINT('Origin',(-3.8,2.8,2.76));
#5404=CARTESIAN_POINT('',(-4.05,3.17416573867739,4.19));
#5405=CARTESIAN_POINT('',(-4.05,3.17416573867739,2.76));
#5406=CARTESIAN_POINT('',(-4.05,2.42583426132261,4.19));
#5407=CARTESIAN_POINT('Origin',(-3.8,2.8,4.19));
#5408=CARTESIAN_POINT('',(-4.05,2.42583426132261,2.86));
#5409=CARTESIAN_POINT('',(-4.05,2.42583426132261,2.76));
#5410=CARTESIAN_POINT('',(-3.9,2.36125178063039,2.86));
#5411=CARTESIAN_POINT('Origin',(-3.8,2.8,2.86));
#5412=CARTESIAN_POINT('',(-3.9,2.36125178063039,2.76));
#5413=CARTESIAN_POINT('Origin',(-3.8,-2.8,2.76));
#5414=CARTESIAN_POINT('',(-3.9,-2.36125178063039,2.86));
#5415=CARTESIAN_POINT('',(-3.9,-2.36125178063039,2.76));
#5416=CARTESIAN_POINT('',(-4.05,-2.42583426132261,2.86));
#5417=CARTESIAN_POINT('Origin',(-3.8,-2.8,2.86));
#5418=CARTESIAN_POINT('',(-4.05,-2.42583426132261,4.19));
#5419=CARTESIAN_POINT('',(-4.05,-2.42583426132261,2.76));
#5420=CARTESIAN_POINT('',(-4.05,-3.17416573867739,4.19));
#5421=CARTESIAN_POINT('Origin',(-3.8,-2.8,4.19));
#5422=CARTESIAN_POINT('',(-4.05,-3.17416573867739,2.76));
#5423=CARTESIAN_POINT('Origin',(0.,0.,2.76));
#5424=CARTESIAN_POINT('',(3.8,4.8,2.76));
#5425=CARTESIAN_POINT('',(-1.9,4.8,2.76));
#5426=CARTESIAN_POINT('',(3.9,4.7,2.76));
#5427=CARTESIAN_POINT('Origin',(3.8,4.7,2.76));
#5428=CARTESIAN_POINT('',(3.9,4.4,2.76));
#5429=CARTESIAN_POINT('',(3.9,2.35,2.76));
#5430=CARTESIAN_POINT('Origin',(3.5,4.4,2.76));
#5431=CARTESIAN_POINT('Origin',(-3.5,4.8,2.76));
#5432=CARTESIAN_POINT('',(-3.8,4.8,2.76));
#5433=CARTESIAN_POINT('',(-1.9,4.8,2.76));
#5434=CARTESIAN_POINT('',(-3.8,4.8,2.56));
#5435=CARTESIAN_POINT('Origin',(-3.5,4.8,2.76));
#5436=CARTESIAN_POINT('',(3.8,4.8,2.56));
#5437=CARTESIAN_POINT('Origin',(3.8,2.8,2.76));
#5438=CARTESIAN_POINT('',(3.9,2.36125178063039,2.86));
#5439=CARTESIAN_POINT('',(3.9,2.36125178063039,2.76));
#5440=CARTESIAN_POINT('',(4.05,2.42583426132261,2.86));
#5441=CARTESIAN_POINT('Origin',(3.8,2.8,2.86));
#5442=CARTESIAN_POINT('',(4.05,2.42583426132261,4.19));
#5443=CARTESIAN_POINT('',(4.05,2.42583426132261,2.76));
#5444=CARTESIAN_POINT('',(4.05,3.17416573867739,4.19));
#5445=CARTESIAN_POINT('Origin',(3.8,2.8,4.19));
#5446=CARTESIAN_POINT('',(4.05,3.17416573867739,2.76));
#5447=CARTESIAN_POINT('Origin',(3.8,-2.8,2.76));
#5448=CARTESIAN_POINT('',(4.05,-3.17416573867739,4.19));
#5449=CARTESIAN_POINT('',(4.05,-3.17416573867739,2.76));
#5450=CARTESIAN_POINT('',(4.05,-2.42583426132261,4.19));
#5451=CARTESIAN_POINT('Origin',(3.8,-2.8,4.19));
#5452=CARTESIAN_POINT('',(4.05,-2.42583426132261,2.86));
#5453=CARTESIAN_POINT('',(4.05,-2.42583426132261,2.76));
#5454=CARTESIAN_POINT('',(3.9,-2.36125178063039,2.86));
#5455=CARTESIAN_POINT('Origin',(3.8,-2.8,2.86));
#5456=CARTESIAN_POINT('',(3.9,-2.36125178063039,2.76));
#5457=CARTESIAN_POINT('Origin',(-3.5,-4.4,2.76));
#5458=CARTESIAN_POINT('',(-3.9,-4.4,2.76));
#5459=CARTESIAN_POINT('Origin',(-3.5,-4.4,2.76));
#5460=CARTESIAN_POINT('',(-3.9,-4.4,2.76));
#5461=CARTESIAN_POINT('Origin',(0.,0.,2.76));
#5462=CARTESIAN_POINT('',(-3.8,-4.8,2.76));
#5463=CARTESIAN_POINT('',(1.9,-4.8,2.76));
#5464=CARTESIAN_POINT('',(-3.9,-4.7,2.76));
#5465=CARTESIAN_POINT('Origin',(-3.8,-4.7,2.76));
#5466=CARTESIAN_POINT('',(-3.9,-2.35,2.76));
#5467=CARTESIAN_POINT('Origin',(3.5,-4.8,2.76));
#5468=CARTESIAN_POINT('',(3.8,-4.8,2.76));
#5469=CARTESIAN_POINT('',(1.9,-4.8,2.76));
#5470=CARTESIAN_POINT('',(3.8,-4.8,2.56));
#5471=CARTESIAN_POINT('Origin',(3.5,-4.8,2.76));
#5472=CARTESIAN_POINT('',(-3.8,-4.8,2.56));
#5473=CARTESIAN_POINT('Origin',(3.55,-4.,3.258));
#5474=CARTESIAN_POINT('',(3.35,-4.,3.26));
#5475=CARTESIAN_POINT('Origin',(3.55,-4.,3.26));
#5476=CARTESIAN_POINT('',(3.35,-4.,3.76));
#5477=CARTESIAN_POINT('',(3.35,-4.,3.258));
#5478=CARTESIAN_POINT('Origin',(3.55,-4.,3.76));
#5479=CARTESIAN_POINT('Origin',(3.55,-4.,3.76));
#5480=CARTESIAN_POINT('Origin',(-3.55,4.,3.258));
#5481=CARTESIAN_POINT('',(-3.75,4.,3.26));
#5482=CARTESIAN_POINT('Origin',(-3.55,4.,3.26));
#5483=CARTESIAN_POINT('',(-3.75,4.,3.76));
#5484=CARTESIAN_POINT('',(-3.75,4.,3.258));
#5485=CARTESIAN_POINT('Origin',(-3.55,4.,3.76));
#5486=CARTESIAN_POINT('Origin',(-3.55,4.,3.76));
#5487=CARTESIAN_POINT('Origin',(-3.55,-4.,3.258));
#5488=CARTESIAN_POINT('',(-3.75,-4.,3.26));
#5489=CARTESIAN_POINT('Origin',(-3.55,-4.,3.26));
#5490=CARTESIAN_POINT('',(-3.75,-4.,3.76));
#5491=CARTESIAN_POINT('',(-3.75,-4.,3.258));
#5492=CARTESIAN_POINT('Origin',(-3.55,-4.,3.76));
#5493=CARTESIAN_POINT('Origin',(-3.55,-4.,3.76));
#5494=CARTESIAN_POINT('Origin',(3.55,4.,3.258));
#5495=CARTESIAN_POINT('',(3.35,4.,3.26));
#5496=CARTESIAN_POINT('Origin',(3.55,4.,3.26));
#5497=CARTESIAN_POINT('',(3.35,4.,3.76));
#5498=CARTESIAN_POINT('',(3.35,4.,3.258));
#5499=CARTESIAN_POINT('Origin',(3.55,4.,3.76));
#5500=CARTESIAN_POINT('Origin',(3.55,4.,3.76));
#5501=CARTESIAN_POINT('Origin',(3.8,-2.8,4.17));
#5502=CARTESIAN_POINT('',(3.48,-2.8,4.17));
#5503=CARTESIAN_POINT('Origin',(3.8,-2.8,4.17));
#5504=CARTESIAN_POINT('',(3.48,-2.8,4.49));
#5505=CARTESIAN_POINT('',(3.48,-2.8,4.17));
#5506=CARTESIAN_POINT('Origin',(3.8,-2.8,4.49));
#5507=CARTESIAN_POINT('Origin',(3.8,-2.8,4.17));
#5508=CARTESIAN_POINT('',(3.63,-2.8,4.17));
#5509=CARTESIAN_POINT('Origin',(3.8,-2.8,4.17));
#5510=CARTESIAN_POINT('Origin',(-3.8,2.8,4.17));
#5511=CARTESIAN_POINT('',(-4.12,2.8,4.17));
#5512=CARTESIAN_POINT('Origin',(-3.8,2.8,4.17));
#5513=CARTESIAN_POINT('',(-4.12,2.8,4.49));
#5514=CARTESIAN_POINT('',(-4.12,2.8,4.17));
#5515=CARTESIAN_POINT('Origin',(-3.8,2.8,4.49));
#5516=CARTESIAN_POINT('Origin',(-3.8,2.8,4.17));
#5517=CARTESIAN_POINT('',(-3.97,2.8,4.17));
#5518=CARTESIAN_POINT('Origin',(-3.8,2.8,4.17));
#5519=CARTESIAN_POINT('Origin',(-3.8,-2.8,4.17));
#5520=CARTESIAN_POINT('',(-4.12,-2.8,4.17));
#5521=CARTESIAN_POINT('Origin',(-3.8,-2.8,4.17));
#5522=CARTESIAN_POINT('',(-4.12,-2.8,4.49));
#5523=CARTESIAN_POINT('',(-4.12,-2.8,4.17));
#5524=CARTESIAN_POINT('Origin',(-3.8,-2.8,4.49));
#5525=CARTESIAN_POINT('Origin',(-3.8,-2.8,4.17));
#5526=CARTESIAN_POINT('',(-3.97,-2.8,4.17));
#5527=CARTESIAN_POINT('Origin',(-3.8,-2.8,4.17));
#5528=CARTESIAN_POINT('Origin',(3.8,2.8,4.17));
#5529=CARTESIAN_POINT('',(3.48,2.8,4.17));
#5530=CARTESIAN_POINT('Origin',(3.8,2.8,4.17));
#5531=CARTESIAN_POINT('',(3.48,2.8,4.49));
#5532=CARTESIAN_POINT('',(3.48,2.8,4.17));
#5533=CARTESIAN_POINT('Origin',(3.8,2.8,4.49));
#5534=CARTESIAN_POINT('Origin',(3.8,2.8,4.17));
#5535=CARTESIAN_POINT('',(3.63,2.8,4.17));
#5536=CARTESIAN_POINT('Origin',(3.8,2.8,4.17));
#5537=CARTESIAN_POINT('Origin',(3.8,-2.8,2.758));
#5538=CARTESIAN_POINT('',(3.63,-2.8,2.758));
#5539=CARTESIAN_POINT('Origin',(-3.8,2.8,2.758));
#5540=CARTESIAN_POINT('',(-3.97,2.8,2.758));
#5541=CARTESIAN_POINT('Origin',(-3.8,-2.8,2.758));
#5542=CARTESIAN_POINT('',(-3.97,-2.8,2.758));
#5543=CARTESIAN_POINT('Origin',(3.8,2.8,2.758));
#5544=CARTESIAN_POINT('',(3.63,2.8,2.758));
#5545=CARTESIAN_POINT('Ctrl Pts',(-2.43,-3.755,4.44));
#5546=CARTESIAN_POINT('Ctrl Pts',(-2.44184294871797,-3.76703525641028,4.45666666666669));
#5547=CARTESIAN_POINT('Ctrl Pts',(-2.45368589743594,-3.77907051282055,4.47333333333339));
#5548=CARTESIAN_POINT('Ctrl Pts',(-2.46552884615391,-3.79110576923083,4.49000000000008));
#5549=CARTESIAN_POINT('Ctrl Pts',(-1.62,-3.755,4.44));
#5550=CARTESIAN_POINT('Ctrl Pts',(-1.62857172656486,-3.76703525591078,4.45666666666669));
#5551=CARTESIAN_POINT('Ctrl Pts',(-1.63714344625774,-3.77907051332005,4.47333333333339));
#5552=CARTESIAN_POINT('Ctrl Pts',(-1.6457151728226,-3.79110576923083,4.49000000000008));
#5553=CARTESIAN_POINT('Ctrl Pts',(-0.40500090987447,-3.75500084275721,4.43999999999997));
#5554=CARTESIAN_POINT('Ctrl Pts',(-0.407143837757026,-3.76703609986231,
4.45666666666667));
#5555=CARTESIAN_POINT('Ctrl Pts',(-0.409286734356569,-3.77907130375049,
4.47333333333336));
#5556=CARTESIAN_POINT('Ctrl Pts',(-0.411429662239125,-3.79110656085559,
4.49000000000005));
#5557=CARTESIAN_POINT('Ctrl Pts',(1.01250462545634,-3.75500439441927,4.43999999999994));
#5558=CARTESIAN_POINT('Ctrl Pts',(1.01786195044548,-3.76703965024437,4.45666666666663));
#5559=CARTESIAN_POINT('Ctrl Pts',(1.02321926415645,-3.77907482581346,4.47333333333333));
#5560=CARTESIAN_POINT('Ctrl Pts',(1.02857658914559,-3.79111008163856,4.49000000000002));
#5561=CARTESIAN_POINT('Ctrl Pts',(1.72125136190166,-3.75500424657686,4.43999999999991));
#5562=CARTESIAN_POINT('Ctrl Pts',(1.73002589521298,-3.76703950391869,4.4566666666666));
#5563=CARTESIAN_POINT('Ctrl Pts',(1.73880047410771,-3.77907461797901,4.4733333333333));
#5564=CARTESIAN_POINT('Ctrl Pts',(1.74757500741903,-3.79110987532085,4.48999999999999));
#5565=CARTESIAN_POINT('Ctrl Pts',(2.12625754564715,-3.7550070565454,4.4399999999999));
#5566=CARTESIAN_POINT('Ctrl Pts',(2.13684206790508,-3.76704231078528,4.4566666666666));
#5567=CARTESIAN_POINT('Ctrl Pts',(2.14742658580045,-3.77907744216941,4.47333333333329));
#5568=CARTESIAN_POINT('Ctrl Pts',(2.15801110805838,-3.79111269640929,4.48999999999999));
#5569=CARTESIAN_POINT('Ctrl Pts',(2.32874825083615,-3.75500379732583,4.43999999999989));
#5570=CARTESIAN_POINT('Ctrl Pts',(2.34018232611044,-3.76703906038948,4.45666666666658));
#5571=CARTESIAN_POINT('Ctrl Pts',(2.35161643829995,-3.77907411941112,4.47333333333327));
#5572=CARTESIAN_POINT('Ctrl Pts',(2.36305051357425,-3.79110938247478,4.48999999999997));
#5573=CARTESIAN_POINT('Ctrl Pts',(2.44307474634237,-3.75501251503657,4.43999999999988));
#5574=CARTESIAN_POINT('Ctrl Pts',(2.45497036523826,-3.76704775681238,4.45666666666657));
#5575=CARTESIAN_POINT('Ctrl Pts',(2.46686597539235,-3.7790829117333,4.47333333333327));
#5576=CARTESIAN_POINT('Ctrl Pts',(2.47876159428824,-3.79111815350912,4.48999999999996));
#5577=CARTESIAN_POINT('Ctrl Pts',(2.46916758121326,-3.74981169374958,4.43999999999988));
#5578=CARTESIAN_POINT('Ctrl Pts',(2.48115767327096,-3.76182228551424,4.45666666666657));
#5579=CARTESIAN_POINT('Ctrl Pts',(2.49314702424186,-3.77383261527956,4.47333333333327));
#5580=CARTESIAN_POINT('Ctrl Pts',(2.50513711629955,-3.78584320704422,4.48999999999996));
#5581=CARTESIAN_POINT('Ctrl Pts',(2.51375672824696,-3.72023900295079,4.43999999999988));
#5582=CARTESIAN_POINT('Ctrl Pts',(2.5258756555941,-3.73214676170732,4.45666666666658));
#5583=CARTESIAN_POINT('Ctrl Pts',(2.53799468010494,-3.74405468754582,4.47333333333327));
#5584=CARTESIAN_POINT('Ctrl Pts',(2.55011360745208,-3.75596244630235,4.48999999999996));
#5585=CARTESIAN_POINT('Ctrl Pts',(2.53009281208212,-3.681213138446,4.43999999999988));
#5586=CARTESIAN_POINT('Ctrl Pts',(2.54225561447072,-3.69301175956621,4.45666666666658));
#5587=CARTESIAN_POINT('Ctrl Pts',(2.55441864379386,-3.70481044857064,4.47333333333327));
#5588=CARTESIAN_POINT('Ctrl Pts',(2.56658144618246,-3.71660906969085,4.48999999999996));
#5589=CARTESIAN_POINT('Ctrl Pts',(2.52995883655787,-3.61690765394755,4.43999999999988));
#5590=CARTESIAN_POINT('Ctrl Pts',(2.54212267209276,-3.62850039307768,4.45666666666658));
#5591=CARTESIAN_POINT('Ctrl Pts',(2.55428609196353,-3.64009325394156,4.47333333333327));
#5592=CARTESIAN_POINT('Ctrl Pts',(2.56644992749842,-3.65168599307169,4.48999999999997));
#5593=CARTESIAN_POINT('Ctrl Pts',(2.53000453751221,-3.54077987411017,4.43999999999989));
#5594=CARTESIAN_POINT('Ctrl Pts',(2.54216783228175,-3.55212852054844,4.45666666666658));
#5595=CARTESIAN_POINT('Ctrl Pts',(2.55433149683915,-3.56347731446667,4.47333333333327));
#5596=CARTESIAN_POINT('Ctrl Pts',(2.56649479160869,-3.57482596090494,4.48999999999997));
#5597=CARTESIAN_POINT('Ctrl Pts',(2.52998125485971,-3.38847916518982,4.43999999999989));
#5598=CARTESIAN_POINT('Ctrl Pts',(2.54214478280408,-3.39933971380781,4.45666666666658));
#5599=CARTESIAN_POINT('Ctrl Pts',(2.55430841310007,-3.41020039808231,4.47333333333328));
#5600=CARTESIAN_POINT('Ctrl Pts',(2.56647194104444,-3.42106094670031,4.48999999999997));
#5601=CARTESIAN_POINT('Ctrl Pts',(2.53000012685121,-3.12197628053413,4.4399999999999));
#5602=CARTESIAN_POINT('Ctrl Pts',(2.54216355318481,-3.13198262010722,4.45666666666659));
#5603=CARTESIAN_POINT('Ctrl Pts',(2.55432703339053,-3.14198907719016,4.47333333333329));
#5604=CARTESIAN_POINT('Ctrl Pts',(2.56649045972413,-3.15199541676325,4.48999999999998));
#5605=CARTESIAN_POINT('Ctrl Pts',(2.52998357483496,-2.58894983310956,4.43999999999991));
#5606=CARTESIAN_POINT('Ctrl Pts',(2.54214706360196,-2.59724778192677,4.45666666666661));
#5607=CARTESIAN_POINT('Ctrl Pts',(2.55431079399354,-2.60554585928652,4.4733333333333));
#5608=CARTESIAN_POINT('Ctrl Pts',(2.56647428276053,-2.61384380810374,4.49));
#5609=CARTESIAN_POINT('Ctrl Pts',(2.53001119714217,-1.5229180266232,4.43999999999996));
#5610=CARTESIAN_POINT('Ctrl Pts',(2.54217461727504,-1.5277991577682,4.45666666666665));
#5611=CARTESIAN_POINT('Ctrl Pts',(2.55433777309082,-1.53268027360759,4.47333333333335));
#5612=CARTESIAN_POINT('Ctrl Pts',(2.5665011932237,-1.53756140475259,4.49000000000004));
#5613=CARTESIAN_POINT('Ctrl Pts',(2.52995852413474,1.30438292259168E-5,
4.43999999999995));
#5614=CARTESIAN_POINT('Ctrl Pts',(2.54212206205873,1.30183490212847E-5,
4.45666666666665));
#5615=CARTESIAN_POINT('Ctrl Pts',(2.55428696940983,1.25572210284321E-5,
4.47333333333334));
#5616=CARTESIAN_POINT('Ctrl Pts',(2.56645050733382,1.25317408238E-5,4.49000000000004));
#5617=CARTESIAN_POINT('Ctrl Pts',(2.5300596254794,1.82749449572125,4.43999999999996));
#5618=CARTESIAN_POINT('Ctrl Pts',(2.54222294557517,1.83335191690662,4.45666666666666));
#5619=CARTESIAN_POINT('Ctrl Pts',(2.55438474884451,1.83920971836906,4.47333333333335));
#5620=CARTESIAN_POINT('Ctrl Pts',(2.56654806894029,1.84506713955444,4.49000000000005));
#5621=CARTESIAN_POINT('Ctrl Pts',(2.52983075705311,3.04589215896879,4.43999999999979));
#5622=CARTESIAN_POINT('Ctrl Pts',(2.5419944788606,3.05565435320372,4.45666666666648));
#5623=CARTESIAN_POINT('Ctrl Pts',(2.55416501825638,3.06541430329307,4.47333333333318));
#5624=CARTESIAN_POINT('Ctrl Pts',(2.56632874006388,3.075176497528,4.48999999999987));
#5625=CARTESIAN_POINT('Ctrl Pts',(2.53012706733807,3.68119609907537,4.43999999999975));
#5626=CARTESIAN_POINT('Ctrl Pts',(2.54228986327618,3.69299498493524,4.45666666666644));
#5627=CARTESIAN_POINT('Ctrl Pts',(2.55445167313684,3.70479375800078,4.47333333333314));
#5628=CARTESIAN_POINT('Ctrl Pts',(2.56661446907495,3.71659264386065,4.48999999999983));
#5629=CARTESIAN_POINT('Ctrl Pts',(2.50823345783146,3.73335263494076,4.43999999999975));
#5630=CARTESIAN_POINT('Ctrl Pts',(2.52033955916586,3.74529524804125,4.45666666666645));
#5631=CARTESIAN_POINT('Ctrl Pts',(2.53244609803682,3.75723932309049,4.47333333333314));
#5632=CARTESIAN_POINT('Ctrl Pts',(2.54455219937122,3.76918193619098,4.48999999999983));
#5633=CARTESIAN_POINT('Ctrl Pts',(2.45611495367728,3.75513721955282,4.43999999999975));
#5634=CARTESIAN_POINT('Ctrl Pts',(2.4680640127534,3.76717203157072,4.45666666666644));
#5635=CARTESIAN_POINT('Ctrl Pts',(2.48001555134718,3.77920497426285,4.47333333333314));
#5636=CARTESIAN_POINT('Ctrl Pts',(2.49196461042331,3.79123978628075,4.48999999999983));
#5637=CARTESIAN_POINT('Ctrl Pts',(1.62005505619666,3.75476195097104,4.43999999999983));
#5638=CARTESIAN_POINT('Ctrl Pts',(1.62862663365941,3.76679746768142,4.45666666666652));
#5639=CARTESIAN_POINT('Ctrl Pts',(1.63719132521496,3.77883885731102,4.47333333333321));
#5640=CARTESIAN_POINT('Ctrl Pts',(1.64576290267771,3.79087437402139,4.48999999999991));
#5641=CARTESIAN_POINT('Ctrl Pts',(5.09392391491542E-8,3.75518734756431,
4.44000000000002));
#5642=CARTESIAN_POINT('Ctrl Pts',(5.09121962514935E-8,3.76722227838117,
4.45666666666671));
#5643=CARTESIAN_POINT('Ctrl Pts',(4.85855338956416E-8,3.77925313998366,
4.47333333333341));
#5644=CARTESIAN_POINT('Ctrl Pts',(4.85584909979808E-8,3.79128807080052,
4.4900000000001));
#5645=CARTESIAN_POINT('Ctrl Pts',(-1.62005550212863,3.75476168299086,4.44));
#5646=CARTESIAN_POINT('Ctrl Pts',(-1.62862707954836,3.76679719970866,4.45666666666669));
#5647=CARTESIAN_POINT('Ctrl Pts',(-1.63719175030809,3.77883859490155,4.47333333333338));
#5648=CARTESIAN_POINT('Ctrl Pts',(-1.64576332772782,3.79087411161934,4.49000000000008));
#5649=CARTESIAN_POINT('Ctrl Pts',(-2.45611552408936,3.75513679776545,4.44000000000002));
#5650=CARTESIAN_POINT('Ctrl Pts',(-2.4680645832362,3.76717160975084,4.45666666666671));
#5651=CARTESIAN_POINT('Ctrl Pts',(-2.48001609494698,3.7792045613023,4.47333333333341));
#5652=CARTESIAN_POINT('Ctrl Pts',(-2.49196515409382,3.7912393732877,4.4900000000001));
#5653=CARTESIAN_POINT('Ctrl Pts',(-2.50823403041918,3.73335221219164,4.44000000000002));
#5654=CARTESIAN_POINT('Ctrl Pts',(-2.52034013136247,3.74529482547408,4.45666666666671));
#5655=CARTESIAN_POINT('Ctrl Pts',(-2.53244664419073,3.75723890896498,4.47333333333341));
#5656=CARTESIAN_POINT('Ctrl Pts',(-2.54455274513402,3.76918152224742,4.4900000000001));
#5657=CARTESIAN_POINT('Ctrl Pts',(-2.53012763586965,3.6811956790836,4.44000000000002));
#5658=CARTESIAN_POINT('Ctrl Pts',(-2.54229043228223,3.69299456472259,4.45666666666671));
#5659=CARTESIAN_POINT('Ctrl Pts',(-2.55445221452251,3.70479334699535,4.47333333333341));
#5660=CARTESIAN_POINT('Ctrl Pts',(-2.56661501093509,3.71659223263434,4.4900000000001));
#5661=CARTESIAN_POINT('Ctrl Pts',(-2.52983172262015,3.04589142704083,4.44000000000001));
#5662=CARTESIAN_POINT('Ctrl Pts',(-2.54199543379801,3.05565362614512,4.45666666666671));
#5663=CARTESIAN_POINT('Ctrl Pts',(-2.55416595091651,3.06541358093488,4.4733333333334));
#5664=CARTESIAN_POINT('Ctrl Pts',(-2.56632966209437,3.07517578003917,4.4900000000001));
#5665=CARTESIAN_POINT('Ctrl Pts',(-2.53006800414531,1.82748845850374,4.44));
#5666=CARTESIAN_POINT('Ctrl Pts',(-2.54223134295768,1.83334587095725,4.4566666666667));
#5667=CARTESIAN_POINT('Ctrl Pts',(-2.55439265463994,1.83920385369927,4.47333333333339));
#5668=CARTESIAN_POINT('Ctrl Pts',(-2.56655599345231,1.84506126615278,4.49000000000008));
#5669=CARTESIAN_POINT('Ctrl Pts',(-2.52995127532499,1.54907566036516E-5,
4.44));
#5670=CARTESIAN_POINT('Ctrl Pts',(-2.54211482036141,1.54658442154397E-5,
4.4566666666667));
#5671=CARTESIAN_POINT('Ctrl Pts',(-2.55428027159673,1.47938150035281E-5,
4.47333333333339));
#5672=CARTESIAN_POINT('Ctrl Pts',(-2.56644381663315,1.47689026153163E-5,
4.49000000000009));
#5673=CARTESIAN_POINT('Ctrl Pts',(-2.53004362565461,-1.5229304675821,4.44));
#5674=CARTESIAN_POINT('Ctrl Pts',(-2.54220701953292,-1.52781159476403,4.4566666666667));
#5675=CARTESIAN_POINT('Ctrl Pts',(-2.5543695470184,-1.53269259314094,4.47333333333339));
#5676=CARTESIAN_POINT('Ctrl Pts',(-2.56653294089671,-1.53757372032286,4.49000000000008));
#5677=CARTESIAN_POINT('Ctrl Pts',(-2.53003362577699,-2.58896889052512,4.44));
#5678=CARTESIAN_POINT('Ctrl Pts',(-2.5421971444156,-2.59726684376897,4.45666666666669));
#5679=CARTESIAN_POINT('Ctrl Pts',(-2.5543599509582,-2.60556482367229,4.47333333333339));
#5680=CARTESIAN_POINT('Ctrl Pts',(-2.56652346959681,-2.61386277691614,4.49000000000008));
#5681=CARTESIAN_POINT('Ctrl Pts',(-2.53006808635421,-3.19814867496809,4.44));
#5682=CARTESIAN_POINT('Ctrl Pts',(-2.54223146268695,-3.20839906475406,4.45666666666669));
#5683=CARTESIAN_POINT('Ctrl Pts',(-2.55439382484578,-3.21864943276545,4.47333333333339));
#5684=CARTESIAN_POINT('Ctrl Pts',(-2.56655720117852,-3.22889982255141,4.49000000000008));
#5685=CARTESIAN_POINT('Ctrl Pts',(-2.53003562185083,-3.50271792613897,4.44));
#5686=CARTESIAN_POINT('Ctrl Pts',(-2.54219925819493,-3.51394457327977,4.45666666666669));
#5687=CARTESIAN_POINT('Ctrl Pts',(-2.55436174910841,-3.52517124432128,4.47333333333339));
#5688=CARTESIAN_POINT('Ctrl Pts',(-2.56652538545251,-3.53639789146208,4.49000000000008));
#5689=CARTESIAN_POINT('Ctrl Pts',(-2.53012863145384,-3.68122741037891,4.44));
#5690=CARTESIAN_POINT('Ctrl Pts',(-2.54229177332225,-3.69302603459766,4.45666666666669));
#5691=CARTESIAN_POINT('Ctrl Pts',(-2.55445347301118,-3.70482457114238,4.47333333333339));
#5692=CARTESIAN_POINT('Ctrl Pts',(-2.56661661487959,-3.71662319536113,4.49000000000008));
#5693=CARTESIAN_POINT('Ctrl Pts',(-2.51369700802544,-3.72022375191541,4.44));
#5694=CARTESIAN_POINT('Ctrl Pts',(-2.5258156050311,-3.73213149675106,4.45666666666669));
#5695=CARTESIAN_POINT('Ctrl Pts',(-2.53793656408315,-3.74403916315389,4.47333333333339));
#5696=CARTESIAN_POINT('Ctrl Pts',(-2.55005516108881,-3.75594690798954,4.49000000000008));
#5697=CARTESIAN_POINT('Ctrl Pts',(-2.46915887793502,-3.74980085200691,4.44));
#5698=CARTESIAN_POINT('Ctrl Pts',(-2.48114906226374,-3.76181144619523,4.45666666666669));
#5699=CARTESIAN_POINT('Ctrl Pts',(-2.49313820807081,-3.77382199416716,4.47333333333339));
#5700=CARTESIAN_POINT('Ctrl Pts',(-2.50512839239953,-3.78583258835548,4.49000000000008));
#5701=CARTESIAN_POINT('Ctrl Pts',(-2.44305635545469,-3.755,4.44));
#5702=CARTESIAN_POINT('Ctrl Pts',(-2.45495181238747,-3.76703521468668,4.45666666666669));
#5703=CARTESIAN_POINT('Ctrl Pts',(-2.4668479308577,-3.77907055454416,4.47333333333339));
#5704=CARTESIAN_POINT('Ctrl Pts',(-2.47874338779048,-3.79110576923083,4.49000000000008));
#5705=CARTESIAN_POINT('Ctrl Pts',(-2.43,-3.755,4.44));
#5706=CARTESIAN_POINT('Ctrl Pts',(-2.44184294871797,-3.76703525641028,4.45666666666669));
#5707=CARTESIAN_POINT('Ctrl Pts',(-2.45368589743593,-3.77907051282055,4.47333333333339));
#5708=CARTESIAN_POINT('Ctrl Pts',(-2.4655288461539,-3.79110576923083,4.49000000000008));
#5709=CARTESIAN_POINT('',(-2.46552884615385,-3.79110576923077,4.49));
#5710=CARTESIAN_POINT('Ctrl Pts',(-2.46552884615428,-3.79110576923077,4.49));
#5711=CARTESIAN_POINT('Ctrl Pts',(-2.47874338779072,-3.79110576923071,4.49));
#5712=CARTESIAN_POINT('Ctrl Pts',(-2.49193589009508,-3.78846917879304,4.49));
#5713=CARTESIAN_POINT('Ctrl Pts',(-2.50414798733337,-3.78341517352851,4.49));
#5714=CARTESIAN_POINT('Ctrl Pts',(-2.51636008457179,-3.77836116826393,4.49));
#5715=CARTESIAN_POINT('Ctrl Pts',(-2.52759177674411,-3.77088974817245,4.49));
#5716=CARTESIAN_POINT('Ctrl Pts',(-2.53691973305796,-3.76153950004164,4.49));
#5717=CARTESIAN_POINT('Ctrl Pts',(-2.55557564568568,-3.74283900378001,4.49));
#5718=CARTESIAN_POINT('Ctrl Pts',(-2.56661661487953,-3.71662319536107,4.49));
#5719=CARTESIAN_POINT('Ctrl Pts',(-2.56660323246606,-3.69018600715479,4.49));
#5720=CARTESIAN_POINT('Ctrl Pts',(-2.56652538545245,-3.53639789146202,4.49));
#5721=CARTESIAN_POINT('Ctrl Pts',(-2.56654129331545,-3.38264885700669,4.49));
#5722=CARTESIAN_POINT('Ctrl Pts',(-2.56654503079924,-3.22889470907461,4.49));
#5723=CARTESIAN_POINT('Ctrl Pts',(-2.56654876828303,-3.07514056114254,4.49));
#5724=CARTESIAN_POINT('Ctrl Pts',(-2.5665403353876,-2.92138129973373,4.49));
#5725=CARTESIAN_POINT('Ctrl Pts',(-2.5665351644716,-2.76762326562341,4.49));
#5726=CARTESIAN_POINT('Ctrl Pts',(-2.56652482263959,-2.46010719740278,4.49));
#5727=CARTESIAN_POINT('Ctrl Pts',(-2.56652752872528,-2.15259603837613,4.49));
#5728=CARTESIAN_POINT('Ctrl Pts',(-2.56652339116483,-1.84508269974333,4.49));
#5729=CARTESIAN_POINT('Ctrl Pts',(-2.56651511604394,-1.23005602247774,4.49));
#5730=CARTESIAN_POINT('Ctrl Pts',(-2.56647946633851,-0.615020626787565,
4.49));
#5731=CARTESIAN_POINT('Ctrl Pts',(-2.56648033762232,4.82059921325109E-6,
4.49));
#5732=CARTESIAN_POINT('Ctrl Pts',(-2.56648120890614,0.615030267985992,4.49));
#5733=CARTESIAN_POINT('Ctrl Pts',(-2.56651860117919,1.23004576706937,4.49));
#5734=CARTESIAN_POINT('Ctrl Pts',(-2.56648071447623,1.84508214508265,4.49));
#5735=CARTESIAN_POINT('Ctrl Pts',(-2.56644282777328,2.46011852309593,4.49000000000001));
#5736=CARTESIAN_POINT('Ctrl Pts',(-2.56632966209431,3.07517578003912,4.49000000000001));
#5737=CARTESIAN_POINT('Ctrl Pts',(-2.56660325291961,3.69016218119871,4.49000000000002));
#5738=CARTESIAN_POINT('Ctrl Pts',(-2.56661501093502,3.71659223263428,4.49000000000002));
#5739=CARTESIAN_POINT('Ctrl Pts',(-2.55558387803449,3.74288687744082,4.49000000000002));
#5740=CARTESIAN_POINT('Ctrl Pts',(-2.53692141382417,3.76154866260416,4.49000000000002));
#5741=CARTESIAN_POINT('Ctrl Pts',(-2.51825894961386,3.7802104477675,4.49000000000002));
#5742=CARTESIAN_POINT('Ctrl Pts',(-2.49196515409376,3.79123937328764,4.49000000000002));
#5743=CARTESIAN_POINT('Ctrl Pts',(-2.46553734911654,3.79122796576778,4.49000000000002));
#5744=CARTESIAN_POINT('Ctrl Pts',(-1.64576332772777,3.79087411161928,4.48999999999999));
#5745=CARTESIAN_POINT('Ctrl Pts',(-0.822881639584644,3.79108109120987,4.49000000000001));
#5746=CARTESIAN_POINT('Ctrl Pts',(-8.19832875088832E-8,3.79108115681038,
4.48999999999996));
#5747=CARTESIAN_POINT('Ctrl Pts',(0.822881475618073,3.79108122241089,4.48999999999992));
#5748=CARTESIAN_POINT('Ctrl Pts',(1.64576290267766,3.79087437402133,4.48999999999982));
#5749=CARTESIAN_POINT('Ctrl Pts',(2.46553680915067,3.79122837405771,4.48999999999975));
#5750=CARTESIAN_POINT('Ctrl Pts',(2.49196461042325,3.79123978628069,4.48999999999975));
#5751=CARTESIAN_POINT('Ctrl Pts',(2.5182584048972,3.78021086123581,4.48999999999975));
#5752=CARTESIAN_POINT('Ctrl Pts',(2.53692086956011,3.76154907563078,4.48999999999975));
#5753=CARTESIAN_POINT('Ctrl Pts',(2.55558333422302,3.74288729002575,4.48999999999975));
#5754=CARTESIAN_POINT('Ctrl Pts',(2.56661446907489,3.71659264386059,4.48999999999975));
#5755=CARTESIAN_POINT('Ctrl Pts',(2.56660269539426,3.6901626050448,4.48999999999975));
#5756=CARTESIAN_POINT('Ctrl Pts',(2.56632874006382,3.07517649752796,4.48999999999979));
#5757=CARTESIAN_POINT('Ctrl Pts',(2.56643840450202,2.46012181854118,4.48999999999988));
#5758=CARTESIAN_POINT('Ctrl Pts',(2.56647697645338,1.84508537774553,4.48999999999992));
#5759=CARTESIAN_POINT('Ctrl Pts',(2.56651554840474,1.23004893694988,4.48999999999996));
#5760=CARTESIAN_POINT('Ctrl Pts',(2.56648302786925,0.61503073434535,4.48999999999995));
#5761=CARTESIAN_POINT('Ctrl Pts',(2.56647690477948,6.84574440737624E-6,
4.48999999999995));
#5762=CARTESIAN_POINT('Ctrl Pts',(2.56647078168971,-0.615017042856533,4.48999999999995));
#5763=CARTESIAN_POINT('Ctrl Pts',(2.56649105604566,-1.23004661745389,4.48999999999995));
#5764=CARTESIAN_POINT('Ctrl Pts',(2.56648756255929,-1.84506881978677,4.48999999999994));
#5765=CARTESIAN_POINT('Ctrl Pts',(2.56648581581611,-2.15257992095321,4.48999999999993));
#5766=CARTESIAN_POINT('Ctrl Pts',(2.56647812711235,-2.46008917905353,4.48999999999992));
#5767=CARTESIAN_POINT('Ctrl Pts',(2.56648172686389,-2.76760240171916,4.48999999999991));
#5768=CARTESIAN_POINT('Ctrl Pts',(2.56648352673967,-2.92135901305198,4.4899999999999));
#5769=CARTESIAN_POINT('Ctrl Pts',(2.56648814872927,-3.07511661552612,4.4899999999999));
#5770=CARTESIAN_POINT('Ctrl Pts',(2.56648263465735,-3.22887030394591,4.48999999999989));
#5771=CARTESIAN_POINT('Ctrl Pts',(2.56647987762139,-3.3057471481558,4.48999999999989));
#5772=CARTESIAN_POINT('Ctrl Pts',(2.56647458657005,-3.3826230138521,4.48999999999989));
#5773=CARTESIAN_POINT('Ctrl Pts',(2.56648043974102,-3.45950330715241,4.48999999999989));
#5774=CARTESIAN_POINT('Ctrl Pts',(2.5664833663265,-3.49794345380257,4.48999999999989));
#5775=CARTESIAN_POINT('Ctrl Pts',(2.56648907896756,-3.53638470735372,4.48999999999989));
#5776=CARTESIAN_POINT('Ctrl Pts',(2.56648071926053,-3.57482034217099,4.48999999999988));
#5777=CARTESIAN_POINT('Ctrl Pts',(2.56647235955349,-3.61325597698825,4.48999999999988));
#5778=CARTESIAN_POINT('Ctrl Pts',(2.56644992749836,-3.65168599307163,4.48999999999988));
#5779=CARTESIAN_POINT('Ctrl Pts',(2.56652785866364,-3.6901560481172,4.48999999999988));
#5780=CARTESIAN_POINT('Ctrl Pts',(2.56658144618239,-3.7166090696908,4.48999999999988));
#5781=CARTESIAN_POINT('Ctrl Pts',(2.55560288702881,-3.74284465409846,4.48999999999988));
#5782=CARTESIAN_POINT('Ctrl Pts',(2.53695120359344,-3.76155010248164,4.48999999999988));
#5783=CARTESIAN_POINT('Ctrl Pts',(2.52762536187575,-3.77090282667322,4.48999999999988));
#5784=CARTESIAN_POINT('Ctrl Pts',(2.51638123908762,-3.77837301685869,4.48999999999988));
#5785=CARTESIAN_POINT('Ctrl Pts',(2.50416529719073,-3.78342684856765,4.48999999999988));
#5786=CARTESIAN_POINT('Ctrl Pts',(2.49194935529384,-3.78848068027661,4.48999999999988));
#5787=CARTESIAN_POINT('Ctrl Pts',(2.47876159428818,-3.79111815350906,4.48999999999988));
#5788=CARTESIAN_POINT('Ctrl Pts',(2.46554478762998,-3.79111715165976,4.48999999999988));
#5789=CARTESIAN_POINT('Ctrl Pts',(2.36305051357419,-3.79110938247472,4.48999999999988));
#5790=CARTESIAN_POINT('Ctrl Pts',(2.26053081081626,-3.79111103944197,4.48999999999989));
#5791=CARTESIAN_POINT('Ctrl Pts',(2.15796644685738,-3.79111151528954,4.4899999999999));
#5792=CARTESIAN_POINT('Ctrl Pts',(2.05540208289849,-3.79111199113711,4.4899999999999));
#5793=CARTESIAN_POINT('Ctrl Pts',(1.95279305773866,-3.79111128586501,4.4899999999999));
#5794=CARTESIAN_POINT('Ctrl Pts',(1.85014902104765,-3.79111082550825,4.48999999999991));
#5795=CARTESIAN_POINT('Ctrl Pts',(1.64486094766564,-3.79110990479475,4.48999999999991));
#5796=CARTESIAN_POINT('Ctrl Pts',(1.43943282815895,-3.79110996374266,4.48999999999992));
#5797=CARTESIAN_POINT('Ctrl Pts',(1.23390902223141,-3.79110983538495,4.48999999999993));
#5798=CARTESIAN_POINT('Ctrl Pts',(0.822861410376322,-3.79110957866951,4.48999999999994));
#5799=CARTESIAN_POINT('Ctrl Pts',(0.411431052837842,-3.79110857273152,4.48999999999995));
#5800=CARTESIAN_POINT('Ctrl Pts',(1.3133029169915E-6,-3.79110781414788,
4.48999999999996));
#5801=CARTESIAN_POINT('Ctrl Pts',(-0.822858165766928,-3.79110629698061,
4.48999999999998));
#5802=CARTESIAN_POINT('Ctrl Pts',(-1.64571517282255,-3.79110576923077,4.49));
#5803=CARTESIAN_POINT('Ctrl Pts',(-2.46552884615385,-3.79110576923077,4.49));
#5804=CARTESIAN_POINT('',(-2.43,-3.755,4.44));
#5805=CARTESIAN_POINT('',(-2.43,-3.755,4.44));
#5806=CARTESIAN_POINT('',(-2.53,-3.655,4.44));
#5807=CARTESIAN_POINT('Origin',(-2.43,-3.655,4.44));
#5808=CARTESIAN_POINT('',(-2.53,3.655,4.44));
#5809=CARTESIAN_POINT('',(-2.53,1.65681818181818,4.44));
#5810=CARTESIAN_POINT('',(-2.43,3.755,4.44));
#5811=CARTESIAN_POINT('Origin',(-2.43,3.655,4.44));
#5812=CARTESIAN_POINT('',(2.43,3.755,4.44));
#5813=CARTESIAN_POINT('',(1.10454545454545,3.755,4.44));
#5814=CARTESIAN_POINT('',(2.53,3.655,4.44));
#5815=CARTESIAN_POINT('Origin',(2.43,3.655,4.44));
#5816=CARTESIAN_POINT('',(2.53,-3.655,4.44));
#5817=CARTESIAN_POINT('',(2.53,-1.99818181818182,4.44));
#5818=CARTESIAN_POINT('',(2.43,-3.755,4.44));
#5819=CARTESIAN_POINT('Origin',(2.43,-3.655,4.44));
#5820=CARTESIAN_POINT('',(-1.32545454545455,-3.755,4.44));
#5821=CARTESIAN_POINT('Origin',(-2.53,3.655,4.368));
#5822=CARTESIAN_POINT('',(-2.53,-3.655,4.37));
#5823=CARTESIAN_POINT('',(-2.53,-3.655,4.368));
#5824=CARTESIAN_POINT('',(-2.53,3.655,4.37));
#5825=CARTESIAN_POINT('',(-2.53,1.8275,4.37));
#5826=CARTESIAN_POINT('',(-2.53,3.655,4.368));
#5827=CARTESIAN_POINT('Origin',(-2.43,-3.655,4.368));
#5828=CARTESIAN_POINT('',(-2.43,-3.755,4.37));
#5829=CARTESIAN_POINT('',(-2.43,-3.755,4.368));
#5830=CARTESIAN_POINT('Origin',(-2.43,-3.655,4.37));
#5831=CARTESIAN_POINT('Origin',(-2.43,-3.755,4.368));
#5832=CARTESIAN_POINT('',(2.43,-3.755,4.37));
#5833=CARTESIAN_POINT('',(2.43,-3.755,4.368));
#5834=CARTESIAN_POINT('',(-1.215,-3.755,4.37));
#5835=CARTESIAN_POINT('Origin',(2.43,-3.655,4.368));
#5836=CARTESIAN_POINT('',(2.53,-3.655,4.37));
#5837=CARTESIAN_POINT('',(2.53,-3.655,4.368));
#5838=CARTESIAN_POINT('Origin',(2.43,-3.655,4.37));
#5839=CARTESIAN_POINT('Origin',(2.53,-3.655,4.368));
#5840=CARTESIAN_POINT('',(2.53,3.655,4.37));
#5841=CARTESIAN_POINT('',(2.53,3.655,4.368));
#5842=CARTESIAN_POINT('',(2.53,-1.8275,4.37));
#5843=CARTESIAN_POINT('Origin',(2.43,3.655,4.368));
#5844=CARTESIAN_POINT('',(2.43,3.755,4.37));
#5845=CARTESIAN_POINT('',(2.43,3.755,4.368));
#5846=CARTESIAN_POINT('Origin',(2.43,3.655,4.37));
#5847=CARTESIAN_POINT('Origin',(2.43,3.755,4.368));
#5848=CARTESIAN_POINT('',(-2.43,3.755,4.37));
#5849=CARTESIAN_POINT('',(-2.43,3.755,4.368));
#5850=CARTESIAN_POINT('',(1.215,3.755,4.37));
#5851=CARTESIAN_POINT('Origin',(-2.43,3.655,4.368));
#5852=CARTESIAN_POINT('Origin',(-2.43,3.655,4.37));
#5853=CARTESIAN_POINT('Origin',(3.06,-4.51,2.758));
#5854=CARTESIAN_POINT('',(3.06,-4.51,4.19));
#5855=CARTESIAN_POINT('',(3.06,4.51,4.19));
#5856=CARTESIAN_POINT('',(3.06,-2.255,4.19));
#5857=CARTESIAN_POINT('',(3.06,-4.51,4.37));
#5858=CARTESIAN_POINT('',(3.06,-4.51,2.758));
#5859=CARTESIAN_POINT('',(3.06,4.51,4.37));
#5860=CARTESIAN_POINT('',(3.06,-4.51,4.37));
#5861=CARTESIAN_POINT('',(3.06,4.51,2.758));
#5862=CARTESIAN_POINT('Origin',(2.91,4.51,2.758));
#5863=CARTESIAN_POINT('',(2.91,4.66,4.19));
#5864=CARTESIAN_POINT('Origin',(2.91,4.51,4.19));
#5865=CARTESIAN_POINT('',(2.91,4.66,4.37));
#5866=CARTESIAN_POINT('Origin',(2.91,4.51,4.37));
#5867=CARTESIAN_POINT('',(2.91,4.66,2.758));
#5868=CARTESIAN_POINT('Origin',(2.91,4.66,2.758));
#5869=CARTESIAN_POINT('',(-2.91,4.66,4.19));
#5870=CARTESIAN_POINT('',(1.455,4.66,4.19));
#5871=CARTESIAN_POINT('',(-2.91,4.66,4.37));
#5872=CARTESIAN_POINT('',(2.91,4.66,4.37));
#5873=CARTESIAN_POINT('',(-2.91,4.66,2.758));
#5874=CARTESIAN_POINT('Origin',(-2.91,4.51,2.758));
#5875=CARTESIAN_POINT('',(-3.06,4.51,4.19));
#5876=CARTESIAN_POINT('Origin',(-2.91,4.51,4.19));
#5877=CARTESIAN_POINT('',(-3.06,4.51,4.37));
#5878=CARTESIAN_POINT('Origin',(-2.91,4.51,4.37));
#5879=CARTESIAN_POINT('',(-3.06,4.51,2.758));
#5880=CARTESIAN_POINT('Origin',(-3.06,4.51,2.758));
#5881=CARTESIAN_POINT('',(-3.06,-4.51,4.19));
#5882=CARTESIAN_POINT('',(-3.06,2.255,4.19));
#5883=CARTESIAN_POINT('',(-3.06,-4.51,4.37));
#5884=CARTESIAN_POINT('',(-3.06,4.51,4.37));
#5885=CARTESIAN_POINT('',(-3.06,-4.51,2.758));
#5886=CARTESIAN_POINT('Origin',(2.91,-4.51,2.758));
#5887=CARTESIAN_POINT('',(2.91,-4.66,4.19));
#5888=CARTESIAN_POINT('Origin',(2.91,-4.51,4.19));
#5889=CARTESIAN_POINT('',(2.91,-4.66,4.37));
#5890=CARTESIAN_POINT('',(2.91,-4.66,2.758));
#5891=CARTESIAN_POINT('Origin',(2.91,-4.51,4.37));
#5892=CARTESIAN_POINT('Origin',(-2.91,-4.66,2.758));
#5893=CARTESIAN_POINT('',(-2.91,-4.66,4.19));
#5894=CARTESIAN_POINT('',(-1.455,-4.66,4.19));
#5895=CARTESIAN_POINT('',(-2.91,-4.66,4.37));
#5896=CARTESIAN_POINT('',(-2.91,-4.66,2.758));
#5897=CARTESIAN_POINT('',(-2.91,-4.66,4.37));
#5898=CARTESIAN_POINT('Origin',(-2.91,-4.51,2.758));
#5899=CARTESIAN_POINT('Origin',(-2.91,-4.51,4.19));
#5900=CARTESIAN_POINT('Origin',(-2.91,-4.51,4.37));
#5901=CARTESIAN_POINT('Origin',(0.,0.,4.37));
#5902=CARTESIAN_POINT('Origin',(3.55,4.,3.26));
#5903=CARTESIAN_POINT('',(3.1,4.,4.19));
#5904=CARTESIAN_POINT('Origin',(3.55,4.,4.19));
#5905=CARTESIAN_POINT('',(3.1,4.,3.26));
#5906=CARTESIAN_POINT('',(3.1,4.,3.26));
#5907=CARTESIAN_POINT('Origin',(3.55,4.,3.26));
#5908=CARTESIAN_POINT('Origin',(3.55,4.,3.26));
#5909=CARTESIAN_POINT('Origin',(-3.55,-4.,3.26));
#5910=CARTESIAN_POINT('',(-4.,-4.,4.19));
#5911=CARTESIAN_POINT('Origin',(-3.55,-4.,4.19));
#5912=CARTESIAN_POINT('',(-4.,-4.,3.26));
#5913=CARTESIAN_POINT('',(-4.,-4.,3.26));
#5914=CARTESIAN_POINT('Origin',(-3.55,-4.,3.26));
#5915=CARTESIAN_POINT('Origin',(-3.55,-4.,3.26));
#5916=CARTESIAN_POINT('Origin',(-3.55,4.,3.26));
#5917=CARTESIAN_POINT('',(-4.,4.,4.19));
#5918=CARTESIAN_POINT('Origin',(-3.55,4.,4.19));
#5919=CARTESIAN_POINT('',(-4.,4.,3.26));
#5920=CARTESIAN_POINT('',(-4.,4.,3.26));
#5921=CARTESIAN_POINT('Origin',(-3.55,4.,3.26));
#5922=CARTESIAN_POINT('Origin',(-3.55,4.,3.26));
#5923=CARTESIAN_POINT('Origin',(3.55,-4.,3.26));
#5924=CARTESIAN_POINT('',(3.1,-4.,4.19));
#5925=CARTESIAN_POINT('Origin',(3.55,-4.,4.19));
#5926=CARTESIAN_POINT('',(3.1,-4.,3.26));
#5927=CARTESIAN_POINT('',(3.1,-4.,3.26));
#5928=CARTESIAN_POINT('Origin',(3.55,-4.,3.26));
#5929=CARTESIAN_POINT('Origin',(3.55,-4.,3.26));
#5930=CARTESIAN_POINT('Origin',(3.9,4.4,2.76));
#5931=CARTESIAN_POINT('',(3.9,4.4,2.76));
#5932=CARTESIAN_POINT('',(3.9,4.7,2.56));
#5933=CARTESIAN_POINT('Origin',(4.05,-4.7,2.758));
#5934=CARTESIAN_POINT('',(4.05,4.7,4.19));
#5935=CARTESIAN_POINT('',(4.05,-4.7,4.19));
#5936=CARTESIAN_POINT('',(4.05,4.7,2.758));
#5937=CARTESIAN_POINT('Origin',(-3.9,-4.4,2.76));
#5938=CARTESIAN_POINT('',(-3.9,-4.7,2.56));
#5939=CARTESIAN_POINT('Origin',(-3.9,-4.4,2.76));
#5940=CARTESIAN_POINT('',(-3.9,-2.31010205144336,2.56));
#5941=CARTESIAN_POINT('',(-3.9,-2.31010205144336,2.558));
#5942=CARTESIAN_POINT('',(-3.9,2.31010205144336,2.56));
#5943=CARTESIAN_POINT('',(-3.9,4.7,2.56));
#5944=CARTESIAN_POINT('',(-3.9,2.31010205144336,2.558));
#5945=CARTESIAN_POINT('',(-3.9,4.4,2.86));
#5946=CARTESIAN_POINT('Origin',(-4.05,4.7,2.758));
#5947=CARTESIAN_POINT('',(-4.05,-4.7,4.19));
#5948=CARTESIAN_POINT('',(-4.05,4.7,4.19));
#5949=CARTESIAN_POINT('',(-4.05,-4.7,2.758));
#5950=CARTESIAN_POINT('Origin',(-4.05,4.7,2.758));
#5951=CARTESIAN_POINT('',(-4.05,2.35,2.86));
#5952=CARTESIAN_POINT('',(-4.05,4.7,4.19));
#5953=CARTESIAN_POINT('Origin',(0.,0.,2.86));
#5954=CARTESIAN_POINT('Origin',(0.,0.,2.86));
#5955=CARTESIAN_POINT('',(3.9,-4.4,2.86));
#5956=CARTESIAN_POINT('',(4.05,-2.35,2.86));
#5957=CARTESIAN_POINT('Origin',(0.,0.,4.19));
#5958=CARTESIAN_POINT('',(4.05,-4.7,4.19));
#5959=CARTESIAN_POINT('',(4.05,-4.7,4.19));
#5960=CARTESIAN_POINT('',(4.05,-4.7,4.19));
#5961=CARTESIAN_POINT('Origin',(3.8,-4.7,4.19));
#5962=CARTESIAN_POINT('Origin',(-3.8,-4.7,4.19));
#5963=CARTESIAN_POINT('',(-4.05,4.7,4.19));
#5964=CARTESIAN_POINT('',(-4.05,4.7,4.19));
#5965=CARTESIAN_POINT('',(-3.8,4.95,4.19));
#5966=CARTESIAN_POINT('Origin',(-3.8,4.7,4.19));
#5967=CARTESIAN_POINT('',(3.8,4.95,4.19));
#5968=CARTESIAN_POINT('',(3.8,4.95,4.19));
#5969=CARTESIAN_POINT('Origin',(3.8,4.7,4.19));
#5970=CARTESIAN_POINT('Origin',(4.05,-4.7,2.758));
#5971=CARTESIAN_POINT('',(4.05,-4.7,2.758));
#5972=CARTESIAN_POINT('Origin',(4.05,-4.7,2.758));
#5973=CARTESIAN_POINT('Origin',(3.9,4.4,2.76));
#5974=CARTESIAN_POINT('',(3.9,-4.7,2.76));
#5975=CARTESIAN_POINT('',(3.9,-4.7,2.56));
#5976=CARTESIAN_POINT('',(3.9,-4.4,2.76));
#5977=CARTESIAN_POINT('',(3.9,2.35,2.76));
#5978=CARTESIAN_POINT('',(3.9,-4.4,2.76));
#5979=CARTESIAN_POINT('Origin',(3.8,-2.8,2.558));
#5980=CARTESIAN_POINT('Origin',(3.8,-2.8,2.558));
#5981=CARTESIAN_POINT('',(3.9,-2.31010205144336,2.56));
#5982=CARTESIAN_POINT('',(3.9,-2.31010205144336,2.558));
#5983=CARTESIAN_POINT('',(4.02,-2.35100111358713,2.56));
#5984=CARTESIAN_POINT('Origin',(3.8,-2.8,2.56));
#5985=CARTESIAN_POINT('',(4.02,-2.35100111358713,2.558));
#5986=CARTESIAN_POINT('Origin',(-3.8,2.8,2.558));
#5987=CARTESIAN_POINT('',(-4.02,2.35100111358713,2.56));
#5988=CARTESIAN_POINT('Origin',(-3.8,2.8,2.56));
#5989=CARTESIAN_POINT('',(-4.02,2.35100111358713,2.558));
#5990=CARTESIAN_POINT('Origin',(-3.8,2.8,2.558));
#5991=CARTESIAN_POINT('Origin',(-3.8,-2.8,2.558));
#5992=CARTESIAN_POINT('Origin',(-3.8,-2.8,2.558));
#5993=CARTESIAN_POINT('',(-4.02,-2.35100111358713,2.56));
#5994=CARTESIAN_POINT('',(-4.02,-2.35100111358713,2.558));
#5995=CARTESIAN_POINT('Origin',(-3.8,-2.8,2.56));
#5996=CARTESIAN_POINT('Origin',(3.8,2.8,2.558));
#5997=CARTESIAN_POINT('',(3.9,2.31010205144336,2.56));
#5998=CARTESIAN_POINT('',(3.9,2.31010205144336,2.558));
#5999=CARTESIAN_POINT('',(4.02,2.35100111358713,2.56));
#6000=CARTESIAN_POINT('',(4.02,2.35100111358713,2.558));
#6001=CARTESIAN_POINT('Origin',(3.8,2.8,2.56));
#6002=CARTESIAN_POINT('Origin',(3.8,2.8,2.558));
#6003=CARTESIAN_POINT('Origin',(-4.02,4.72,2.56));
#6004=CARTESIAN_POINT('',(-4.02,-4.72,2.56));
#6005=CARTESIAN_POINT('Origin',(-4.02,4.72,2.56));
#6006=CARTESIAN_POINT('',(-4.02,4.72,2.56));
#6007=CARTESIAN_POINT('Origin',(3.9,4.4,2.76));
#6008=CARTESIAN_POINT('',(3.9,-4.7,2.56));
#6009=CARTESIAN_POINT('Origin',(0.,0.,2.56));
#6010=CARTESIAN_POINT('Origin',(4.02,-4.72,2.56));
#6011=CARTESIAN_POINT('',(4.02,4.72,2.56));
#6012=CARTESIAN_POINT('Origin',(4.02,-4.72,2.56));
#6013=CARTESIAN_POINT('',(4.02,-4.72,2.56));
#6014=CARTESIAN_POINT('Origin',(3.8,4.7,2.56));
#6015=CARTESIAN_POINT('Origin',(-3.8,4.7,2.56));
#6016=CARTESIAN_POINT('Origin',(-3.8,4.7,2.76));
#6017=CARTESIAN_POINT('Origin',(3.82,-4.72,2.56));
#6018=CARTESIAN_POINT('Origin',(-3.82,-4.72,2.56));
#6019=CARTESIAN_POINT('Origin',(3.8,-4.7,2.56));
#6020=CARTESIAN_POINT('Origin',(3.8,-4.7,2.76));
#6021=CARTESIAN_POINT('Origin',(-3.8,-4.7,2.56));
#6022=CARTESIAN_POINT('Origin',(-3.82,4.72,2.56));
#6023=CARTESIAN_POINT('',(-3.82,4.92,2.56));
#6024=CARTESIAN_POINT('Origin',(3.82,4.92,2.56));
#6025=CARTESIAN_POINT('',(3.82,4.92,2.56));
#6026=CARTESIAN_POINT('Origin',(3.82,4.72,2.56));
#6027=CARTESIAN_POINT('Origin',(4.02,-4.72,2.56));
#6028=CARTESIAN_POINT('',(4.02,-4.72,2.56));
#6029=CARTESIAN_POINT('Origin',(0.,0.,2.56));
#6030=CARTESIAN_POINT('Origin',(0.,0.,2.76));
#6031=CARTESIAN_POINT('Origin',(3.5,-4.4,2.76));
#6032=CARTESIAN_POINT('Origin',(0.,0.,2.76));
#6033=CARTESIAN_POINT('Origin',(-3.5,4.4,2.76));
#6034=CARTESIAN_POINT('Origin',(3.5,-4.4,2.76));
#6035=CARTESIAN_POINT('Origin',(3.5,4.4,2.76));
#6036=CARTESIAN_POINT('Origin',(-3.5,4.4,2.76));
#6037=CARTESIAN_POINT('Origin',(3.8,5.2,2.76));
#6038=CARTESIAN_POINT('',(-3.8,5.2,4.49));
#6039=CARTESIAN_POINT('',(-3.8,5.2,2.76));
#6040=CARTESIAN_POINT('',(3.8,5.2,4.49));
#6041=CARTESIAN_POINT('',(3.8,5.2,4.49));
#6042=CARTESIAN_POINT('',(3.8,5.2,2.76));
#6043=CARTESIAN_POINT('Origin',(-3.8,4.7,2.76));
#6044=CARTESIAN_POINT('',(-4.3,4.7,4.49));
#6045=CARTESIAN_POINT('',(-4.3,4.7,2.76));
#6046=CARTESIAN_POINT('Origin',(-3.8,4.7,4.49));
#6047=CARTESIAN_POINT('Origin',(-4.3,4.7,2.76));
#6048=CARTESIAN_POINT('',(-4.3,-4.7,4.49));
#6049=CARTESIAN_POINT('',(-4.3,-4.7,2.76));
#6050=CARTESIAN_POINT('',(-4.3,4.7,4.49));
#6051=CARTESIAN_POINT('Origin',(-3.8,-4.7,2.76));
#6052=CARTESIAN_POINT('',(-3.8,-5.2,4.49));
#6053=CARTESIAN_POINT('',(-3.8,-5.2,2.76));
#6054=CARTESIAN_POINT('Origin',(-3.8,-4.7,4.49));
#6055=CARTESIAN_POINT('Origin',(-4.05,4.7,2.758));
#6056=CARTESIAN_POINT('',(-4.05,4.7,2.758));
#6057=CARTESIAN_POINT('Origin',(-3.8,4.7,2.758));
#6058=CARTESIAN_POINT('',(-3.8,4.95,2.758));
#6059=CARTESIAN_POINT('Origin',(3.8,4.95,2.758));
#6060=CARTESIAN_POINT('',(3.8,4.95,2.758));
#6061=CARTESIAN_POINT('Origin',(3.8,4.7,2.758));
#6062=CARTESIAN_POINT('Origin',(3.8,-4.7,2.758));
#6063=CARTESIAN_POINT('Origin',(-3.8,-4.7,2.758));
#6064=CARTESIAN_POINT('Origin',(3.8,4.7,2.76));
#6065=CARTESIAN_POINT('',(4.3,4.7,4.49));
#6066=CARTESIAN_POINT('Origin',(3.8,4.7,4.49));
#6067=CARTESIAN_POINT('',(4.3,4.7,2.76));
#6068=CARTESIAN_POINT('Origin',(4.3,-4.7,2.76));
#6069=CARTESIAN_POINT('',(4.3,-4.7,4.49));
#6070=CARTESIAN_POINT('',(4.3,-4.7,4.49));
#6071=CARTESIAN_POINT('',(4.3,-4.7,2.76));
#6072=CARTESIAN_POINT('Origin',(3.8,-4.7,2.76));
#6073=CARTESIAN_POINT('',(3.8,-5.2,4.49));
#6074=CARTESIAN_POINT('Origin',(3.8,-4.7,4.49));
#6075=CARTESIAN_POINT('',(3.8,-5.2,2.76));
#6076=CARTESIAN_POINT('Origin',(-3.8,-5.2,2.76));
#6077=CARTESIAN_POINT('',(-3.8,-5.2,4.49));
#6078=CARTESIAN_POINT('Origin',(0.,0.,4.49));
#6079=UNCERTAINTY_MEASURE_WITH_UNIT(LENGTH_MEASURE(0.001),#6083,
'DISTANCE_ACCURACY_VALUE',
'Maximum model space distance between geometric entities at asserted c
onnectivities');
#6080=UNCERTAINTY_MEASURE_WITH_UNIT(LENGTH_MEASURE(0.001),#6083,
'DISTANCE_ACCURACY_VALUE',
'Maximum model space distance between geometric entities at asserted c
onnectivities');
#6081=(
GEOMETRIC_REPRESENTATION_CONTEXT(3)
GLOBAL_UNCERTAINTY_ASSIGNED_CONTEXT((#6079))
GLOBAL_UNIT_ASSIGNED_CONTEXT((#6083,#6085,#6086))
REPRESENTATION_CONTEXT('','3D')
);
#6082=(
GEOMETRIC_REPRESENTATION_CONTEXT(3)
GLOBAL_UNCERTAINTY_ASSIGNED_CONTEXT((#6080))
GLOBAL_UNIT_ASSIGNED_CONTEXT((#6083,#6085,#6086))
REPRESENTATION_CONTEXT('','3D')
);
#6083=(
LENGTH_UNIT()
NAMED_UNIT(*)
SI_UNIT(.CENTI.,.METRE.)
);
#6084=(
LENGTH_UNIT()
NAMED_UNIT(*)
SI_UNIT($,.METRE.)
);
#6085=(
NAMED_UNIT(*)
PLANE_ANGLE_UNIT()
SI_UNIT($,.RADIAN.)
);
#6086=(
NAMED_UNIT(*)
SI_UNIT($,.STERADIAN.)
SOLID_ANGLE_UNIT()
);
#6087=SHAPE_DEFINITION_REPRESENTATION(#6088,#6089);
#6088=PRODUCT_DEFINITION_SHAPE('',$,#6091);
#6089=SHAPE_REPRESENTATION('',(#3450),#6081);
#6090=PRODUCT_DEFINITION_CONTEXT('part definition',#6095,'design');
#6091=PRODUCT_DEFINITION('02 Top bezel - reinforced fascia keys',
'02 Top bezel - reinforced fascia keys',#6092,#6090);
#6092=PRODUCT_DEFINITION_FORMATION('',$,#6097);
#6093=PRODUCT_RELATED_PRODUCT_CATEGORY(
'02 Top bezel - reinforced fascia keys',
'02 Top bezel - reinforced fascia keys',(#6097));
#6094=APPLICATION_PROTOCOL_DEFINITION('international standard',
'automotive_design',2009,#6095);
#6095=APPLICATION_CONTEXT(
'Core Data for Automotive Mechanical Design Process');
#6096=PRODUCT_CONTEXT('part definition',#6095,'mechanical');
#6097=PRODUCT('02 Top bezel - reinforced fascia keys',
'02 Top bezel - reinforced fascia keys',$,(#6096));
#6098=PRESENTATION_STYLE_ASSIGNMENT((#6100));
#6099=PRESENTATION_STYLE_ASSIGNMENT((#6101));
#6100=SURFACE_STYLE_USAGE(.BOTH.,#6102);
#6101=SURFACE_STYLE_USAGE(.BOTH.,#6103);
#6102=SURFACE_SIDE_STYLE('',(#6104));
#6103=SURFACE_SIDE_STYLE('',(#6105));
#6104=SURFACE_STYLE_FILL_AREA(#6106);
#6105=SURFACE_STYLE_FILL_AREA(#6107);
#6106=FILL_AREA_STYLE('Steel - Satin',(#6108));
#6107=FILL_AREA_STYLE('Case top orange',(#6109));
#6108=FILL_AREA_STYLE_COLOUR('Steel - Satin',#6110);
#6109=FILL_AREA_STYLE_COLOUR('Case top orange',#6111);
#6110=COLOUR_RGB('Steel - Satin',0.627450980392157,0.627450980392157,0.627450980392157);
#6111=COLOUR_RGB('Case top orange',0.898039215686275,0.533333333333333,
0.203921568627451);
ENDSEC;
END-ISO-10303-21;
