ISO-10303-21;
HEADER;
/* Generated by software containing ST-Developer
 * from STEP Tools, Inc. (www.steptools.com) 
 */

FILE_DESCRIPTION(
/* description */ (''),
/* implementation_level */ '2;1');

FILE_NAME(
/* name */ 'adafruit5807-base.step',
/* time_stamp */ '2026-09-18T15:21:00-07:00',
/* author */ (''),
/* organization */ (''),
/* preprocessor_version */ 'ST-DEVELOPER v20.2',
/* originating_system */ 'Autodesk Translation Framework v15.15.0.0',
/* authorisation */ '');

FILE_SCHEMA (('AUTOMOTIVE_DESIGN { 1 0 10303 214 3 1 1 }'));
ENDSEC;

DATA;
#10=MECHANICAL_DESIGN_GEOMETRIC_PRESENTATION_REPRESENTATION('',(#13),#2645);
#11=SHAPE_REPRESENTATION_RELATIONSHIP('SRR','None',#2652,#12);
#12=ADVANCED_BREP_SHAPE_REPRESENTATION('',(#14),#2644);
#13=STYLED_ITEM('',(#2662),#14);
#14=MANIFOLD_SOLID_BREP('Adafruit5807 printed base spacer',#1595);
#15=FACE_BOUND('',#159,.T.);
#16=FACE_BOUND('',#160,.T.);
#17=FACE_BOUND('',#161,.T.);
#18=FACE_BOUND('',#191,.T.);
#19=FACE_BOUND('',#192,.T.);
#20=PLANE('',#1615);
#21=PLANE('',#1616);
#22=PLANE('',#1620);
#23=PLANE('',#1624);
#24=PLANE('',#1640);
#25=PLANE('',#1641);
#26=PLANE('',#1642);
#27=PLANE('',#1643);
#28=PLANE('',#1644);
#29=PLANE('',#1647);
#30=PLANE('',#1648);
#31=PLANE('',#1649);
#32=PLANE('',#1652);
#33=PLANE('',#1653);
#34=PLANE('',#1659);
#35=PLANE('',#1660);
#36=PLANE('',#1663);
#37=PLANE('',#1664);
#38=PLANE('',#1665);
#39=PLANE('',#1666);
#40=PLANE('',#1669);
#41=PLANE('',#1670);
#42=PLANE('',#1675);
#43=PLANE('',#1676);
#44=PLANE('',#1679);
#45=PLANE('',#1682);
#46=PLANE('',#1693);
#47=PLANE('',#1694);
#48=PLANE('',#1695);
#49=PLANE('',#1696);
#50=PLANE('',#1697);
#51=PLANE('',#1698);
#52=PLANE('',#1699);
#53=PLANE('',#1700);
#54=PLANE('',#1701);
#55=PLANE('',#1702);
#56=PLANE('',#1703);
#57=PLANE('',#1704);
#58=PLANE('',#1705);
#59=PLANE('',#1708);
#60=PLANE('',#1711);
#61=PLANE('',#1712);
#62=PLANE('',#1715);
#63=PLANE('',#1717);
#64=PLANE('',#1718);
#65=PLANE('',#1719);
#66=PLANE('',#1722);
#67=PLANE('',#1724);
#68=PLANE('',#1725);
#69=PLANE('',#1726);
#70=PLANE('',#1729);
#71=PLANE('',#1731);
#72=PLANE('',#1736);
#73=FACE_OUTER_BOUND('',#151,.T.);
#74=FACE_OUTER_BOUND('',#152,.T.);
#75=FACE_OUTER_BOUND('',#153,.T.);
#76=FACE_OUTER_BOUND('',#154,.T.);
#77=FACE_OUTER_BOUND('',#155,.T.);
#78=FACE_OUTER_BOUND('',#156,.T.);
#79=FACE_OUTER_BOUND('',#157,.T.);
#80=FACE_OUTER_BOUND('',#158,.T.);
#81=FACE_OUTER_BOUND('',#162,.T.);
#82=FACE_OUTER_BOUND('',#163,.T.);
#83=FACE_OUTER_BOUND('',#164,.T.);
#84=FACE_OUTER_BOUND('',#165,.T.);
#85=FACE_OUTER_BOUND('',#166,.T.);
#86=FACE_OUTER_BOUND('',#167,.T.);
#87=FACE_OUTER_BOUND('',#168,.T.);
#88=FACE_OUTER_BOUND('',#169,.T.);
#89=FACE_OUTER_BOUND('',#170,.T.);
#90=FACE_OUTER_BOUND('',#171,.T.);
#91=FACE_OUTER_BOUND('',#172,.T.);
#92=FACE_OUTER_BOUND('',#173,.T.);
#93=FACE_OUTER_BOUND('',#174,.T.);
#94=FACE_OUTER_BOUND('',#175,.T.);
#95=FACE_OUTER_BOUND('',#176,.T.);
#96=FACE_OUTER_BOUND('',#177,.T.);
#97=FACE_OUTER_BOUND('',#178,.T.);
#98=FACE_OUTER_BOUND('',#179,.T.);
#99=FACE_OUTER_BOUND('',#180,.T.);
#100=FACE_OUTER_BOUND('',#181,.T.);
#101=FACE_OUTER_BOUND('',#182,.T.);
#102=FACE_OUTER_BOUND('',#183,.T.);
#103=FACE_OUTER_BOUND('',#184,.T.);
#104=FACE_OUTER_BOUND('',#185,.T.);
#105=FACE_OUTER_BOUND('',#186,.T.);
#106=FACE_OUTER_BOUND('',#187,.T.);
#107=FACE_OUTER_BOUND('',#188,.T.);
#108=FACE_OUTER_BOUND('',#189,.T.);
#109=FACE_OUTER_BOUND('',#190,.T.);
#110=FACE_OUTER_BOUND('',#193,.T.);
#111=FACE_OUTER_BOUND('',#194,.T.);
#112=FACE_OUTER_BOUND('',#195,.T.);
#113=FACE_OUTER_BOUND('',#196,.T.);
#114=FACE_OUTER_BOUND('',#197,.T.);
#115=FACE_OUTER_BOUND('',#198,.T.);
#116=FACE_OUTER_BOUND('',#199,.T.);
#117=FACE_OUTER_BOUND('',#200,.T.);
#118=FACE_OUTER_BOUND('',#201,.T.);
#119=FACE_OUTER_BOUND('',#202,.T.);
#120=FACE_OUTER_BOUND('',#203,.T.);
#121=FACE_OUTER_BOUND('',#204,.T.);
#122=FACE_OUTER_BOUND('',#205,.T.);
#123=FACE_OUTER_BOUND('',#206,.T.);
#124=FACE_OUTER_BOUND('',#207,.T.);
#125=FACE_OUTER_BOUND('',#208,.T.);
#126=FACE_OUTER_BOUND('',#209,.T.);
#127=FACE_OUTER_BOUND('',#210,.T.);
#128=FACE_OUTER_BOUND('',#211,.T.);
#129=FACE_OUTER_BOUND('',#212,.T.);
#130=FACE_OUTER_BOUND('',#213,.T.);
#131=FACE_OUTER_BOUND('',#214,.T.);
#132=FACE_OUTER_BOUND('',#215,.T.);
#133=FACE_OUTER_BOUND('',#216,.T.);
#134=FACE_OUTER_BOUND('',#217,.T.);
#135=FACE_OUTER_BOUND('',#218,.T.);
#136=FACE_OUTER_BOUND('',#219,.T.);
#137=FACE_OUTER_BOUND('',#220,.T.);
#138=FACE_OUTER_BOUND('',#221,.T.);
#139=FACE_OUTER_BOUND('',#222,.T.);
#140=FACE_OUTER_BOUND('',#223,.T.);
#141=FACE_OUTER_BOUND('',#224,.T.);
#142=FACE_OUTER_BOUND('',#225,.T.);
#143=FACE_OUTER_BOUND('',#226,.T.);
#144=FACE_OUTER_BOUND('',#227,.T.);
#145=FACE_OUTER_BOUND('',#228,.T.);
#146=FACE_OUTER_BOUND('',#229,.T.);
#147=FACE_OUTER_BOUND('',#230,.T.);
#148=FACE_OUTER_BOUND('',#231,.T.);
#149=FACE_OUTER_BOUND('',#232,.T.);
#150=FACE_OUTER_BOUND('',#233,.T.);
#151=EDGE_LOOP('',(#1030,#1031,#1032,#1033));
#152=EDGE_LOOP('',(#1034,#1035,#1036,#1037));
#153=EDGE_LOOP('',(#1038,#1039,#1040,#1041,#1042,#1043,#1044,#1045));
#154=EDGE_LOOP('',(#1046,#1047,#1048,#1049,#1050,#1051,#1052,#1053));
#155=EDGE_LOOP('',(#1054,#1055,#1056,#1057));
#156=EDGE_LOOP('',(#1058,#1059,#1060,#1061));
#157=EDGE_LOOP('',(#1062,#1063,#1064,#1065));
#158=EDGE_LOOP('',(#1066,#1067,#1068,#1069,#1070,#1071,#1072,#1073,#1074,
#1075,#1076,#1077,#1078,#1079,#1080,#1081,#1082,#1083,#1084,#1085,#1086,
#1087,#1088,#1089,#1090,#1091,#1092,#1093,#1094,#1095,#1096,#1097,#1098,
#1099,#1100,#1101,#1102));
#159=EDGE_LOOP('',(#1103));
#160=EDGE_LOOP('',(#1104));
#161=EDGE_LOOP('',(#1105,#1106,#1107,#1108,#1109,#1110,#1111,#1112));
#162=EDGE_LOOP('',(#1113,#1114,#1115,#1116));
#163=EDGE_LOOP('',(#1117,#1118,#1119,#1120));
#164=EDGE_LOOP('',(#1121,#1122,#1123,#1124));
#165=EDGE_LOOP('',(#1125,#1126,#1127,#1128));
#166=EDGE_LOOP('',(#1129,#1130,#1131,#1132,#1133,#1134));
#167=EDGE_LOOP('',(#1135,#1136,#1137,#1138));
#168=EDGE_LOOP('',(#1139,#1140,#1141,#1142));
#169=EDGE_LOOP('',(#1143,#1144,#1145,#1146,#1147,#1148,#1149,#1150));
#170=EDGE_LOOP('',(#1151,#1152,#1153,#1154));
#171=EDGE_LOOP('',(#1155,#1156,#1157,#1158));
#172=EDGE_LOOP('',(#1159,#1160,#1161,#1162,#1163,#1164,#1165,#1166,#1167,
#1168,#1169,#1170));
#173=EDGE_LOOP('',(#1171,#1172,#1173,#1174));
#174=EDGE_LOOP('',(#1175,#1176,#1177,#1178));
#175=EDGE_LOOP('',(#1179,#1180,#1181));
#176=EDGE_LOOP('',(#1182,#1183,#1184,#1185,#1186,#1187,#1188,#1189,#1190,
#1191,#1192,#1193,#1194,#1195,#1196,#1197));
#177=EDGE_LOOP('',(#1198,#1199,#1200,#1201));
#178=EDGE_LOOP('',(#1202,#1203,#1204,#1205));
#179=EDGE_LOOP('',(#1206,#1207,#1208,#1209));
#180=EDGE_LOOP('',(#1210,#1211,#1212,#1213,#1214));
#181=EDGE_LOOP('',(#1215,#1216,#1217,#1218));
#182=EDGE_LOOP('',(#1219,#1220,#1221,#1222));
#183=EDGE_LOOP('',(#1223,#1224,#1225,#1226));
#184=EDGE_LOOP('',(#1227,#1228,#1229,#1230));
#185=EDGE_LOOP('',(#1231,#1232,#1233,#1234,#1235,#1236,#1237,#1238));
#186=EDGE_LOOP('',(#1239,#1240,#1241,#1242));
#187=EDGE_LOOP('',(#1243,#1244,#1245,#1246));
#188=EDGE_LOOP('',(#1247,#1248,#1249,#1250));
#189=EDGE_LOOP('',(#1251,#1252,#1253,#1254));
#190=EDGE_LOOP('',(#1255,#1256,#1257,#1258,#1259,#1260,#1261,#1262,#1263,
#1264,#1265,#1266,#1267,#1268,#1269,#1270,#1271,#1272,#1273,#1274,#1275,
#1276,#1277,#1278,#1279,#1280,#1281,#1282,#1283,#1284,#1285,#1286,#1287,
#1288,#1289,#1290,#1291,#1292,#1293,#1294,#1295,#1296,#1297,#1298,#1299,
#1300,#1301));
#191=EDGE_LOOP('',(#1302));
#192=EDGE_LOOP('',(#1303));
#193=EDGE_LOOP('',(#1304,#1305,#1306,#1307));
#194=EDGE_LOOP('',(#1308,#1309,#1310,#1311));
#195=EDGE_LOOP('',(#1312,#1313,#1314,#1315));
#196=EDGE_LOOP('',(#1316,#1317,#1318,#1319,#1320,#1321));
#197=EDGE_LOOP('',(#1322,#1323,#1324,#1325,#1326,#1327));
#198=EDGE_LOOP('',(#1328,#1329,#1330,#1331));
#199=EDGE_LOOP('',(#1332,#1333,#1334,#1335));
#200=EDGE_LOOP('',(#1336,#1337,#1338,#1339));
#201=EDGE_LOOP('',(#1340,#1341,#1342,#1343));
#202=EDGE_LOOP('',(#1344,#1345,#1346,#1347,#1348,#1349));
#203=EDGE_LOOP('',(#1350,#1351,#1352,#1353,#1354,#1355));
#204=EDGE_LOOP('',(#1356,#1357,#1358,#1359));
#205=EDGE_LOOP('',(#1360,#1361,#1362,#1363));
#206=EDGE_LOOP('',(#1364,#1365,#1366,#1367));
#207=EDGE_LOOP('',(#1368,#1369,#1370,#1371));
#208=EDGE_LOOP('',(#1372,#1373,#1374,#1375,#1376,#1377,#1378,#1379));
#209=EDGE_LOOP('',(#1380,#1381,#1382,#1383));
#210=EDGE_LOOP('',(#1384,#1385,#1386,#1387,#1388,#1389));
#211=EDGE_LOOP('',(#1390,#1391,#1392,#1393,#1394,#1395));
#212=EDGE_LOOP('',(#1396,#1397,#1398,#1399));
#213=EDGE_LOOP('',(#1400,#1401,#1402,#1403));
#214=EDGE_LOOP('',(#1404,#1405,#1406,#1407,#1408,#1409));
#215=EDGE_LOOP('',(#1410,#1411,#1412,#1413));
#216=EDGE_LOOP('',(#1414,#1415,#1416,#1417));
#217=EDGE_LOOP('',(#1418,#1419,#1420,#1421,#1422,#1423));
#218=EDGE_LOOP('',(#1424,#1425,#1426,#1427));
#219=EDGE_LOOP('',(#1428,#1429,#1430,#1431));
#220=EDGE_LOOP('',(#1432,#1433,#1434,#1435));
#221=EDGE_LOOP('',(#1436,#1437,#1438,#1439));
#222=EDGE_LOOP('',(#1440,#1441,#1442,#1443));
#223=EDGE_LOOP('',(#1444,#1445,#1446,#1447));
#224=EDGE_LOOP('',(#1448,#1449,#1450,#1451));
#225=EDGE_LOOP('',(#1452,#1453,#1454,#1455,#1456,#1457));
#226=EDGE_LOOP('',(#1458,#1459,#1460,#1461));
#227=EDGE_LOOP('',(#1462,#1463,#1464,#1465,#1466,#1467));
#228=EDGE_LOOP('',(#1468,#1469,#1470,#1471));
#229=EDGE_LOOP('',(#1472,#1473,#1474,#1475));
#230=EDGE_LOOP('',(#1476,#1477,#1478,#1479));
#231=EDGE_LOOP('',(#1480,#1481,#1482,#1483));
#232=EDGE_LOOP('',(#1484,#1485,#1486,#1487));
#233=EDGE_LOOP('',(#1488,#1489,#1490,#1491));
#234=LINE('',#2183,#414);
#235=LINE('',#2189,#415);
#236=LINE('',#2194,#416);
#237=LINE('',#2196,#417);
#238=LINE('',#2198,#418);
#239=LINE('',#2200,#419);
#240=LINE('',#2202,#420);
#241=LINE('',#2204,#421);
#242=LINE('',#2206,#422);
#243=LINE('',#2207,#423);
#244=LINE('',#2211,#424);
#245=LINE('',#2213,#425);
#246=LINE('',#2215,#426);
#247=LINE('',#2217,#427);
#248=LINE('',#2219,#428);
#249=LINE('',#2221,#429);
#250=LINE('',#2223,#430);
#251=LINE('',#2224,#431);
#252=LINE('',#2230,#432);
#253=LINE('',#2233,#433);
#254=LINE('',#2235,#434);
#255=LINE('',#2236,#435);
#256=LINE('',#2242,#436);
#257=LINE('',#2244,#437);
#258=LINE('',#2248,#438);
#259=LINE('',#2252,#439);
#260=LINE('',#2254,#440);
#261=LINE('',#2260,#441);
#262=LINE('',#2264,#442);
#263=LINE('',#2268,#443);
#264=LINE('',#2272,#444);
#265=LINE('',#2274,#445);
#266=LINE('',#2276,#446);
#267=LINE('',#2278,#447);
#268=LINE('',#2280,#448);
#269=LINE('',#2282,#449);
#270=LINE('',#2284,#450);
#271=LINE('',#2286,#451);
#272=LINE('',#2288,#452);
#273=LINE('',#2292,#453);
#274=LINE('',#2296,#454);
#275=LINE('',#2300,#455);
#276=LINE('',#2303,#456);
#277=LINE('',#2306,#457);
#278=LINE('',#2310,#458);
#279=LINE('',#2314,#459);
#280=LINE('',#2318,#460);
#281=LINE('',#2322,#461);
#282=LINE('',#2323,#462);
#283=LINE('',#2326,#463);
#284=LINE('',#2327,#464);
#285=LINE('',#2330,#465);
#286=LINE('',#2332,#466);
#287=LINE('',#2333,#467);
#288=LINE('',#2336,#468);
#289=LINE('',#2337,#469);
#290=LINE('',#2342,#470);
#291=LINE('',#2345,#471);
#292=LINE('',#2347,#472);
#293=LINE('',#2350,#473);
#294=LINE('',#2351,#474);
#295=LINE('',#2355,#475);
#296=LINE('',#2356,#476);
#297=LINE('',#2357,#477);
#298=LINE('',#2361,#478);
#299=LINE('',#2364,#479);
#300=LINE('',#2365,#480);
#301=LINE('',#2369,#481);
#302=LINE('',#2371,#482);
#303=LINE('',#2373,#483);
#304=LINE('',#2375,#484);
#305=LINE('',#2377,#485);
#306=LINE('',#2379,#486);
#307=LINE('',#2381,#487);
#308=LINE('',#2383,#488);
#309=LINE('',#2385,#489);
#310=LINE('',#2386,#490);
#311=LINE('',#2387,#491);
#312=LINE('',#2394,#492);
#313=LINE('',#2397,#493);
#314=LINE('',#2402,#494);
#315=LINE('',#2404,#495);
#316=LINE('',#2406,#496);
#317=LINE('',#2408,#497);
#318=LINE('',#2410,#498);
#319=LINE('',#2414,#499);
#320=LINE('',#2416,#500);
#321=LINE('',#2417,#501);
#322=LINE('',#2423,#502);
#323=LINE('',#2425,#503);
#324=LINE('',#2428,#504);
#325=LINE('',#2430,#505);
#326=LINE('',#2431,#506);
#327=LINE('',#2435,#507);
#328=LINE('',#2438,#508);
#329=LINE('',#2441,#509);
#330=LINE('',#2444,#510);
#331=LINE('',#2445,#511);
#332=LINE('',#2447,#512);
#333=LINE('',#2448,#513);
#334=LINE('',#2451,#514);
#335=LINE('',#2452,#515);
#336=LINE('',#2455,#516);
#337=LINE('',#2459,#517);
#338=LINE('',#2460,#518);
#339=LINE('',#2467,#519);
#340=LINE('',#2471,#520);
#341=LINE('',#2473,#521);
#342=LINE('',#2475,#522);
#343=LINE('',#2479,#523);
#344=LINE('',#2483,#524);
#345=LINE('',#2485,#525);
#346=LINE('',#2487,#526);
#347=LINE('',#2489,#527);
#348=LINE('',#2491,#528);
#349=LINE('',#2493,#529);
#350=LINE('',#2495,#530);
#351=LINE('',#2497,#531);
#352=LINE('',#2499,#532);
#353=LINE('',#2503,#533);
#354=LINE('',#2507,#534);
#355=LINE('',#2509,#535);
#356=LINE('',#2511,#536);
#357=LINE('',#2515,#537);
#358=LINE('',#2519,#538);
#359=LINE('',#2521,#539);
#360=LINE('',#2524,#540);
#361=LINE('',#2527,#541);
#362=LINE('',#2529,#542);
#363=LINE('',#2530,#543);
#364=LINE('',#2533,#544);
#365=LINE('',#2535,#545);
#366=LINE('',#2536,#546);
#367=LINE('',#2538,#547);
#368=LINE('',#2539,#548);
#369=LINE('',#2541,#549);
#370=LINE('',#2542,#550);
#371=LINE('',#2545,#551);
#372=LINE('',#2548,#552);
#373=LINE('',#2550,#553);
#374=LINE('',#2551,#554);
#375=LINE('',#2554,#555);
#376=LINE('',#2556,#556);
#377=LINE('',#2557,#557);
#378=LINE('',#2559,#558);
#379=LINE('',#2561,#559);
#380=LINE('',#2562,#560);
#381=LINE('',#2565,#561);
#382=LINE('',#2568,#562);
#383=LINE('',#2570,#563);
#384=LINE('',#2572,#564);
#385=LINE('',#2574,#565);
#386=LINE('',#2575,#566);
#387=LINE('',#2577,#567);
#388=LINE('',#2579,#568);
#389=LINE('',#2580,#569);
#390=LINE('',#2583,#570);
#391=LINE('',#2585,#571);
#392=LINE('',#2586,#572);
#393=LINE('',#2589,#573);
#394=LINE('',#2591,#574);
#395=LINE('',#2592,#575);
#396=LINE('',#2599,#576);
#397=LINE('',#2600,#577);
#398=LINE('',#2602,#578);
#399=LINE('',#2605,#579);
#400=LINE('',#2607,#580);
#401=LINE('',#2608,#581);
#402=LINE('',#2612,#582);
#403=LINE('',#2614,#583);
#404=LINE('',#2617,#584);
#405=LINE('',#2621,#585);
#406=LINE('',#2622,#586);
#407=LINE('',#2624,#587);
#408=LINE('',#2625,#588);
#409=LINE('',#2627,#589);
#410=LINE('',#2629,#590);
#411=LINE('',#2631,#591);
#412=LINE('',#2634,#592);
#413=LINE('',#2640,#593);
#414=VECTOR('',#1744,0.12);
#415=VECTOR('',#1751,0.12);
#416=VECTOR('',#1756,1.);
#417=VECTOR('',#1757,1.);
#418=VECTOR('',#1758,1.);
#419=VECTOR('',#1759,1.);
#420=VECTOR('',#1760,1.);
#421=VECTOR('',#1761,1.);
#422=VECTOR('',#1762,1.);
#423=VECTOR('',#1763,1.);
#424=VECTOR('',#1766,1.);
#425=VECTOR('',#1767,1.);
#426=VECTOR('',#1768,1.);
#427=VECTOR('',#1769,1.);
#428=VECTOR('',#1770,1.);
#429=VECTOR('',#1771,1.);
#430=VECTOR('',#1772,1.);
#431=VECTOR('',#1773,1.);
#432=VECTOR('',#1780,1.);
#433=VECTOR('',#1783,1.);
#434=VECTOR('',#1784,1.);
#435=VECTOR('',#1785,1.);
#436=VECTOR('',#1794,1.);
#437=VECTOR('',#1795,1.);
#438=VECTOR('',#1798,1.);
#439=VECTOR('',#1801,1.);
#440=VECTOR('',#1802,1.);
#441=VECTOR('',#1807,1.);
#442=VECTOR('',#1810,1.);
#443=VECTOR('',#1813,1.);
#444=VECTOR('',#1816,1.);
#445=VECTOR('',#1817,1.);
#446=VECTOR('',#1818,1.);
#447=VECTOR('',#1819,1.);
#448=VECTOR('',#1820,1.);
#449=VECTOR('',#1821,1.);
#450=VECTOR('',#1822,1.);
#451=VECTOR('',#1823,1.);
#452=VECTOR('',#1824,1.);
#453=VECTOR('',#1827,1.);
#454=VECTOR('',#1830,1.);
#455=VECTOR('',#1833,1.);
#456=VECTOR('',#1836,1.);
#457=VECTOR('',#1837,1.);
#458=VECTOR('',#1840,1.);
#459=VECTOR('',#1843,1.);
#460=VECTOR('',#1846,1.);
#461=VECTOR('',#1851,1.);
#462=VECTOR('',#1852,1.);
#463=VECTOR('',#1855,1.);
#464=VECTOR('',#1856,1.);
#465=VECTOR('',#1859,1.);
#466=VECTOR('',#1860,1.);
#467=VECTOR('',#1861,1.);
#468=VECTOR('',#1864,1.);
#469=VECTOR('',#1865,1.);
#470=VECTOR('',#1870,1.);
#471=VECTOR('',#1873,1.);
#472=VECTOR('',#1876,1.);
#473=VECTOR('',#1879,1.);
#474=VECTOR('',#1880,1.);
#475=VECTOR('',#1883,1.);
#476=VECTOR('',#1884,1.);
#477=VECTOR('',#1885,1.);
#478=VECTOR('',#1890,1.);
#479=VECTOR('',#1893,1.);
#480=VECTOR('',#1894,1.);
#481=VECTOR('',#1897,1.);
#482=VECTOR('',#1898,1.);
#483=VECTOR('',#1899,1.);
#484=VECTOR('',#1900,1.);
#485=VECTOR('',#1901,1.);
#486=VECTOR('',#1902,1.);
#487=VECTOR('',#1903,1.);
#488=VECTOR('',#1904,1.);
#489=VECTOR('',#1905,1.);
#490=VECTOR('',#1906,1.);
#491=VECTOR('',#1907,1.);
#492=VECTOR('',#1916,1.);
#493=VECTOR('',#1921,1.);
#494=VECTOR('',#1926,1.);
#495=VECTOR('',#1927,1.);
#496=VECTOR('',#1928,1.);
#497=VECTOR('',#1931,1.);
#498=VECTOR('',#1934,1.);
#499=VECTOR('',#1939,1.);
#500=VECTOR('',#1940,1.);
#501=VECTOR('',#1941,1.);
#502=VECTOR('',#1948,1.);
#503=VECTOR('',#1951,1.);
#504=VECTOR('',#1954,1.);
#505=VECTOR('',#1955,1.);
#506=VECTOR('',#1956,1.);
#507=VECTOR('',#1961,1.);
#508=VECTOR('',#1964,1.);
#509=VECTOR('',#1967,1.);
#510=VECTOR('',#1970,1.);
#511=VECTOR('',#1971,1.);
#512=VECTOR('',#1972,1.);
#513=VECTOR('',#1973,1.);
#514=VECTOR('',#1976,1.);
#515=VECTOR('',#1977,1.);
#516=VECTOR('',#1980,1.);
#517=VECTOR('',#1985,1.);
#518=VECTOR('',#1986,1.);
#519=VECTOR('',#1995,1.);
#520=VECTOR('',#1998,1.);
#521=VECTOR('',#1999,1.);
#522=VECTOR('',#2000,1.);
#523=VECTOR('',#2003,1.);
#524=VECTOR('',#2006,1.);
#525=VECTOR('',#2007,1.);
#526=VECTOR('',#2008,1.);
#527=VECTOR('',#2009,1.);
#528=VECTOR('',#2010,1.);
#529=VECTOR('',#2011,1.);
#530=VECTOR('',#2012,1.);
#531=VECTOR('',#2013,1.);
#532=VECTOR('',#2014,1.);
#533=VECTOR('',#2017,1.);
#534=VECTOR('',#2020,1.);
#535=VECTOR('',#2021,1.);
#536=VECTOR('',#2022,1.);
#537=VECTOR('',#2025,1.);
#538=VECTOR('',#2030,1.);
#539=VECTOR('',#2031,1.);
#540=VECTOR('',#2036,1.);
#541=VECTOR('',#2039,1.);
#542=VECTOR('',#2040,1.);
#543=VECTOR('',#2041,1.);
#544=VECTOR('',#2044,1.);
#545=VECTOR('',#2045,1.);
#546=VECTOR('',#2046,1.);
#547=VECTOR('',#2049,1.);
#548=VECTOR('',#2050,1.);
#549=VECTOR('',#2053,1.);
#550=VECTOR('',#2054,1.);
#551=VECTOR('',#2059,1.);
#552=VECTOR('',#2062,1.);
#553=VECTOR('',#2063,1.);
#554=VECTOR('',#2064,1.);
#555=VECTOR('',#2067,1.);
#556=VECTOR('',#2068,1.);
#557=VECTOR('',#2069,1.);
#558=VECTOR('',#2072,1.);
#559=VECTOR('',#2075,1.);
#560=VECTOR('',#2076,1.);
#561=VECTOR('',#2081,1.);
#562=VECTOR('',#2086,1.);
#563=VECTOR('',#2089,1.);
#564=VECTOR('',#2090,1.);
#565=VECTOR('',#2091,1.);
#566=VECTOR('',#2092,1.);
#567=VECTOR('',#2095,1.);
#568=VECTOR('',#2098,1.);
#569=VECTOR('',#2099,1.);
#570=VECTOR('',#2102,1.);
#571=VECTOR('',#2103,1.);
#572=VECTOR('',#2104,1.);
#573=VECTOR('',#2107,1.);
#574=VECTOR('',#2108,1.);
#575=VECTOR('',#2109,1.);
#576=VECTOR('',#2118,1.);
#577=VECTOR('',#2119,1.);
#578=VECTOR('',#2122,1.);
#579=VECTOR('',#2125,1.);
#580=VECTOR('',#2126,1.);
#581=VECTOR('',#2127,1.);
#582=VECTOR('',#2132,1.);
#583=VECTOR('',#2133,1.);
#584=VECTOR('',#2138,1.);
#585=VECTOR('',#2145,1.);
#586=VECTOR('',#2146,1.);
#587=VECTOR('',#2149,1.);
#588=VECTOR('',#2150,1.);
#589=VECTOR('',#2153,1.);
#590=VECTOR('',#2156,1.);
#591=VECTOR('',#2159,1.);
#592=VECTOR('',#2164,1.);
#593=VECTOR('',#2175,1.);
#594=CIRCLE('',#1610,0.12);
#595=CIRCLE('',#1611,0.12);
#596=CIRCLE('',#1613,0.12);
#597=CIRCLE('',#1614,0.12);
#598=CIRCLE('',#1618,0.0299999999999994);
#599=CIRCLE('',#1619,0.0299999999999994);
#600=CIRCLE('',#1622,0.03);
#601=CIRCLE('',#1623,0.03);
#602=CIRCLE('',#1625,0.03);
#603=CIRCLE('',#1626,0.0299999999999994);
#604=CIRCLE('',#1627,0.254);
#605=CIRCLE('',#1628,0.25);
#606=CIRCLE('',#1629,0.404);
#607=CIRCLE('',#1630,0.404);
#608=CIRCLE('',#1631,0.254);
#609=CIRCLE('',#1632,0.254);
#610=CIRCLE('',#1633,0.404);
#611=CIRCLE('',#1634,0.404);
#612=CIRCLE('',#1635,0.254);
#613=CIRCLE('',#1636,0.0300000000000002);
#614=CIRCLE('',#1637,0.0300000000000002);
#615=CIRCLE('',#1638,0.03);
#616=CIRCLE('',#1639,0.0300000000000002);
#617=CIRCLE('',#1645,0.254);
#618=CIRCLE('',#1646,0.25);
#619=CIRCLE('',#1651,0.03);
#620=CIRCLE('',#1655,0.0299999999999994);
#621=CIRCLE('',#1657,0.25);
#622=CIRCLE('',#1658,0.25);
#623=CIRCLE('',#1661,0.25);
#624=CIRCLE('',#1662,0.25);
#625=CIRCLE('',#1667,0.25);
#626=CIRCLE('',#1668,0.254);
#627=CIRCLE('',#1672,0.03);
#628=CIRCLE('',#1674,0.0300000000000002);
#629=CIRCLE('',#1678,0.0300000000000002);
#630=CIRCLE('',#1681,0.0300000000000002);
#631=CIRCLE('',#1683,0.25);
#632=CIRCLE('',#1684,0.284);
#633=CIRCLE('',#1685,0.404);
#634=CIRCLE('',#1686,0.254);
#635=CIRCLE('',#1687,0.254);
#636=CIRCLE('',#1688,0.404);
#637=CIRCLE('',#1689,0.284);
#638=CIRCLE('',#1690,0.25);
#639=CIRCLE('',#1691,0.25);
#640=CIRCLE('',#1692,0.25);
#641=CIRCLE('',#1714,0.284);
#642=CIRCLE('',#1716,0.404);
#643=CIRCLE('',#1720,0.284);
#644=CIRCLE('',#1721,0.404);
#645=VERTEX_POINT('',#2180);
#646=VERTEX_POINT('',#2182);
#647=VERTEX_POINT('',#2186);
#648=VERTEX_POINT('',#2188);
#649=VERTEX_POINT('',#2192);
#650=VERTEX_POINT('',#2193);
#651=VERTEX_POINT('',#2195);
#652=VERTEX_POINT('',#2197);
#653=VERTEX_POINT('',#2199);
#654=VERTEX_POINT('',#2201);
#655=VERTEX_POINT('',#2203);
#656=VERTEX_POINT('',#2205);
#657=VERTEX_POINT('',#2209);
#658=VERTEX_POINT('',#2210);
#659=VERTEX_POINT('',#2212);
#660=VERTEX_POINT('',#2214);
#661=VERTEX_POINT('',#2216);
#662=VERTEX_POINT('',#2218);
#663=VERTEX_POINT('',#2220);
#664=VERTEX_POINT('',#2222);
#665=VERTEX_POINT('',#2226);
#666=VERTEX_POINT('',#2228);
#667=VERTEX_POINT('',#2232);
#668=VERTEX_POINT('',#2234);
#669=VERTEX_POINT('',#2241);
#670=VERTEX_POINT('',#2243);
#671=VERTEX_POINT('',#2245);
#672=VERTEX_POINT('',#2247);
#673=VERTEX_POINT('',#2249);
#674=VERTEX_POINT('',#2251);
#675=VERTEX_POINT('',#2253);
#676=VERTEX_POINT('',#2255);
#677=VERTEX_POINT('',#2257);
#678=VERTEX_POINT('',#2259);
#679=VERTEX_POINT('',#2261);
#680=VERTEX_POINT('',#2263);
#681=VERTEX_POINT('',#2265);
#682=VERTEX_POINT('',#2267);
#683=VERTEX_POINT('',#2269);
#684=VERTEX_POINT('',#2271);
#685=VERTEX_POINT('',#2273);
#686=VERTEX_POINT('',#2275);
#687=VERTEX_POINT('',#2277);
#688=VERTEX_POINT('',#2279);
#689=VERTEX_POINT('',#2281);
#690=VERTEX_POINT('',#2283);
#691=VERTEX_POINT('',#2285);
#692=VERTEX_POINT('',#2287);
#693=VERTEX_POINT('',#2289);
#694=VERTEX_POINT('',#2291);
#695=VERTEX_POINT('',#2293);
#696=VERTEX_POINT('',#2295);
#697=VERTEX_POINT('',#2297);
#698=VERTEX_POINT('',#2299);
#699=VERTEX_POINT('',#2301);
#700=VERTEX_POINT('',#2304);
#701=VERTEX_POINT('',#2305);
#702=VERTEX_POINT('',#2307);
#703=VERTEX_POINT('',#2309);
#704=VERTEX_POINT('',#2311);
#705=VERTEX_POINT('',#2313);
#706=VERTEX_POINT('',#2315);
#707=VERTEX_POINT('',#2317);
#708=VERTEX_POINT('',#2321);
#709=VERTEX_POINT('',#2325);
#710=VERTEX_POINT('',#2329);
#711=VERTEX_POINT('',#2331);
#712=VERTEX_POINT('',#2335);
#713=VERTEX_POINT('',#2339);
#714=VERTEX_POINT('',#2341);
#715=VERTEX_POINT('',#2343);
#716=VERTEX_POINT('',#2349);
#717=VERTEX_POINT('',#2353);
#718=VERTEX_POINT('',#2354);
#719=VERTEX_POINT('',#2359);
#720=VERTEX_POINT('',#2363);
#721=VERTEX_POINT('',#2367);
#722=VERTEX_POINT('',#2368);
#723=VERTEX_POINT('',#2370);
#724=VERTEX_POINT('',#2372);
#725=VERTEX_POINT('',#2374);
#726=VERTEX_POINT('',#2376);
#727=VERTEX_POINT('',#2378);
#728=VERTEX_POINT('',#2380);
#729=VERTEX_POINT('',#2382);
#730=VERTEX_POINT('',#2384);
#731=VERTEX_POINT('',#2391);
#732=VERTEX_POINT('',#2393);
#733=VERTEX_POINT('',#2399);
#734=VERTEX_POINT('',#2401);
#735=VERTEX_POINT('',#2403);
#736=VERTEX_POINT('',#2405);
#737=VERTEX_POINT('',#2413);
#738=VERTEX_POINT('',#2415);
#739=VERTEX_POINT('',#2419);
#740=VERTEX_POINT('',#2421);
#741=VERTEX_POINT('',#2427);
#742=VERTEX_POINT('',#2429);
#743=VERTEX_POINT('',#2433);
#744=VERTEX_POINT('',#2437);
#745=VERTEX_POINT('',#2439);
#746=VERTEX_POINT('',#2443);
#747=VERTEX_POINT('',#2446);
#748=VERTEX_POINT('',#2450);
#749=VERTEX_POINT('',#2454);
#750=VERTEX_POINT('',#2458);
#751=VERTEX_POINT('',#2464);
#752=VERTEX_POINT('',#2466);
#753=VERTEX_POINT('',#2468);
#754=VERTEX_POINT('',#2470);
#755=VERTEX_POINT('',#2472);
#756=VERTEX_POINT('',#2474);
#757=VERTEX_POINT('',#2476);
#758=VERTEX_POINT('',#2478);
#759=VERTEX_POINT('',#2480);
#760=VERTEX_POINT('',#2482);
#761=VERTEX_POINT('',#2484);
#762=VERTEX_POINT('',#2486);
#763=VERTEX_POINT('',#2488);
#764=VERTEX_POINT('',#2490);
#765=VERTEX_POINT('',#2492);
#766=VERTEX_POINT('',#2494);
#767=VERTEX_POINT('',#2496);
#768=VERTEX_POINT('',#2498);
#769=VERTEX_POINT('',#2500);
#770=VERTEX_POINT('',#2502);
#771=VERTEX_POINT('',#2504);
#772=VERTEX_POINT('',#2506);
#773=VERTEX_POINT('',#2508);
#774=VERTEX_POINT('',#2510);
#775=VERTEX_POINT('',#2512);
#776=VERTEX_POINT('',#2514);
#777=VERTEX_POINT('',#2517);
#778=VERTEX_POINT('',#2520);
#779=VERTEX_POINT('',#2526);
#780=VERTEX_POINT('',#2528);
#781=VERTEX_POINT('',#2532);
#782=VERTEX_POINT('',#2534);
#783=VERTEX_POINT('',#2547);
#784=VERTEX_POINT('',#2549);
#785=VERTEX_POINT('',#2553);
#786=VERTEX_POINT('',#2555);
#787=VERTEX_POINT('',#2571);
#788=VERTEX_POINT('',#2573);
#789=VERTEX_POINT('',#2582);
#790=VERTEX_POINT('',#2584);
#791=VERTEX_POINT('',#2588);
#792=VERTEX_POINT('',#2590);
#793=VERTEX_POINT('',#2596);
#794=VERTEX_POINT('',#2598);
#795=VERTEX_POINT('',#2604);
#796=VERTEX_POINT('',#2606);
#797=VERTEX_POINT('',#2610);
#798=VERTEX_POINT('',#2613);
#799=EDGE_CURVE('',#645,#645,#594,.T.);
#800=EDGE_CURVE('',#645,#646,#234,.T.);
#801=EDGE_CURVE('',#646,#646,#595,.T.);
#802=EDGE_CURVE('',#647,#647,#596,.T.);
#803=EDGE_CURVE('',#647,#648,#235,.T.);
#804=EDGE_CURVE('',#648,#648,#597,.T.);
#805=EDGE_CURVE('',#649,#650,#236,.T.);
#806=EDGE_CURVE('',#651,#649,#237,.T.);
#807=EDGE_CURVE('',#652,#651,#238,.T.);
#808=EDGE_CURVE('',#653,#652,#239,.T.);
#809=EDGE_CURVE('',#654,#653,#240,.T.);
#810=EDGE_CURVE('',#655,#654,#241,.T.);
#811=EDGE_CURVE('',#656,#655,#242,.T.);
#812=EDGE_CURVE('',#650,#656,#243,.T.);
#813=EDGE_CURVE('',#657,#658,#244,.T.);
#814=EDGE_CURVE('',#659,#657,#245,.T.);
#815=EDGE_CURVE('',#660,#659,#246,.T.);
#816=EDGE_CURVE('',#661,#660,#247,.T.);
#817=EDGE_CURVE('',#662,#661,#248,.T.);
#818=EDGE_CURVE('',#663,#662,#249,.T.);
#819=EDGE_CURVE('',#664,#663,#250,.T.);
#820=EDGE_CURVE('',#664,#658,#251,.T.);
#821=EDGE_CURVE('',#658,#665,#598,.T.);
#822=EDGE_CURVE('',#666,#664,#599,.T.);
#823=EDGE_CURVE('',#666,#665,#252,.T.);
#824=EDGE_CURVE('',#665,#667,#253,.T.);
#825=EDGE_CURVE('',#668,#666,#254,.T.);
#826=EDGE_CURVE('',#668,#667,#255,.T.);
#827=EDGE_CURVE('',#667,#649,#600,.T.);
#828=EDGE_CURVE('',#651,#668,#601,.T.);
#829=EDGE_CURVE('',#669,#663,#256,.T.);
#830=EDGE_CURVE('',#669,#670,#257,.T.);
#831=EDGE_CURVE('',#670,#671,#602,.T.);
#832=EDGE_CURVE('',#671,#672,#258,.T.);
#833=EDGE_CURVE('',#672,#673,#603,.T.);
#834=EDGE_CURVE('',#673,#674,#259,.T.);
#835=EDGE_CURVE('',#675,#674,#260,.T.);
#836=EDGE_CURVE('',#676,#675,#604,.T.);
#837=EDGE_CURVE('',#677,#676,#605,.T.);
#838=EDGE_CURVE('',#678,#677,#261,.T.);
#839=EDGE_CURVE('',#679,#678,#606,.T.);
#840=EDGE_CURVE('',#680,#679,#262,.T.);
#841=EDGE_CURVE('',#681,#680,#607,.T.);
#842=EDGE_CURVE('',#682,#681,#263,.T.);
#843=EDGE_CURVE('',#683,#682,#608,.T.);
#844=EDGE_CURVE('',#684,#683,#264,.T.);
#845=EDGE_CURVE('',#685,#684,#265,.T.);
#846=EDGE_CURVE('',#686,#685,#266,.T.);
#847=EDGE_CURVE('',#687,#686,#267,.T.);
#848=EDGE_CURVE('',#688,#687,#268,.T.);
#849=EDGE_CURVE('',#689,#688,#269,.T.);
#850=EDGE_CURVE('',#690,#689,#270,.T.);
#851=EDGE_CURVE('',#691,#690,#271,.T.);
#852=EDGE_CURVE('',#692,#691,#272,.T.);
#853=EDGE_CURVE('',#693,#692,#609,.T.);
#854=EDGE_CURVE('',#694,#693,#273,.T.);
#855=EDGE_CURVE('',#695,#694,#610,.T.);
#856=EDGE_CURVE('',#696,#695,#274,.T.);
#857=EDGE_CURVE('',#697,#696,#611,.T.);
#858=EDGE_CURVE('',#698,#697,#275,.T.);
#859=EDGE_CURVE('',#699,#698,#612,.T.);
#860=EDGE_CURVE('',#652,#699,#276,.T.);
#861=EDGE_CURVE('',#700,#701,#277,.T.);
#862=EDGE_CURVE('',#701,#702,#613,.T.);
#863=EDGE_CURVE('',#702,#703,#278,.T.);
#864=EDGE_CURVE('',#703,#704,#614,.T.);
#865=EDGE_CURVE('',#704,#705,#279,.T.);
#866=EDGE_CURVE('',#705,#706,#615,.T.);
#867=EDGE_CURVE('',#706,#707,#280,.T.);
#868=EDGE_CURVE('',#707,#700,#616,.T.);
#869=EDGE_CURVE('',#708,#662,#281,.T.);
#870=EDGE_CURVE('',#708,#669,#282,.T.);
#871=EDGE_CURVE('',#699,#709,#283,.T.);
#872=EDGE_CURVE('',#653,#709,#284,.T.);
#873=EDGE_CURVE('',#659,#710,#285,.T.);
#874=EDGE_CURVE('',#710,#711,#286,.T.);
#875=EDGE_CURVE('',#660,#711,#287,.T.);
#876=EDGE_CURVE('',#661,#712,#288,.T.);
#877=EDGE_CURVE('',#712,#708,#289,.T.);
#878=EDGE_CURVE('',#709,#713,#617,.T.);
#879=EDGE_CURVE('',#713,#714,#290,.T.);
#880=EDGE_CURVE('',#714,#715,#618,.T.);
#881=EDGE_CURVE('',#715,#654,#291,.T.);
#882=EDGE_CURVE('',#711,#712,#292,.T.);
#883=EDGE_CURVE('',#715,#716,#293,.T.);
#884=EDGE_CURVE('',#716,#655,#294,.T.);
#885=EDGE_CURVE('',#717,#718,#295,.T.);
#886=EDGE_CURVE('',#670,#717,#296,.T.);
#887=EDGE_CURVE('',#718,#710,#297,.T.);
#888=EDGE_CURVE('',#719,#717,#619,.T.);
#889=EDGE_CURVE('',#671,#719,#298,.T.);
#890=EDGE_CURVE('',#720,#719,#299,.T.);
#891=EDGE_CURVE('',#672,#720,#300,.T.);
#892=EDGE_CURVE('',#721,#722,#301,.T.);
#893=EDGE_CURVE('',#723,#721,#302,.T.);
#894=EDGE_CURVE('',#724,#723,#303,.T.);
#895=EDGE_CURVE('',#725,#724,#304,.T.);
#896=EDGE_CURVE('',#726,#725,#305,.T.);
#897=EDGE_CURVE('',#727,#726,#306,.T.);
#898=EDGE_CURVE('',#728,#727,#307,.T.);
#899=EDGE_CURVE('',#729,#728,#308,.T.);
#900=EDGE_CURVE('',#730,#729,#309,.T.);
#901=EDGE_CURVE('',#674,#730,#310,.T.);
#902=EDGE_CURVE('',#673,#722,#311,.T.);
#903=EDGE_CURVE('',#722,#720,#620,.T.);
#904=EDGE_CURVE('',#731,#724,#621,.T.);
#905=EDGE_CURVE('',#732,#731,#312,.T.);
#906=EDGE_CURVE('',#725,#732,#622,.T.);
#907=EDGE_CURVE('',#732,#726,#313,.T.);
#908=EDGE_CURVE('',#650,#733,#623,.T.);
#909=EDGE_CURVE('',#733,#734,#314,.T.);
#910=EDGE_CURVE('',#734,#735,#315,.T.);
#911=EDGE_CURVE('',#735,#736,#316,.T.);
#912=EDGE_CURVE('',#736,#721,#624,.T.);
#913=EDGE_CURVE('',#718,#657,#317,.T.);
#914=EDGE_CURVE('',#727,#731,#318,.T.);
#915=EDGE_CURVE('',#728,#737,#319,.T.);
#916=EDGE_CURVE('',#737,#738,#320,.T.);
#917=EDGE_CURVE('',#729,#738,#321,.T.);
#918=EDGE_CURVE('',#738,#739,#625,.T.);
#919=EDGE_CURVE('',#739,#740,#626,.T.);
#920=EDGE_CURVE('',#740,#730,#322,.T.);
#921=EDGE_CURVE('',#675,#740,#323,.T.);
#922=EDGE_CURVE('',#704,#741,#324,.T.);
#923=EDGE_CURVE('',#742,#741,#325,.T.);
#924=EDGE_CURVE('',#705,#742,#326,.T.);
#925=EDGE_CURVE('',#743,#742,#627,.T.);
#926=EDGE_CURVE('',#706,#743,#327,.T.);
#927=EDGE_CURVE('',#707,#744,#328,.T.);
#928=EDGE_CURVE('',#745,#744,#628,.T.);
#929=EDGE_CURVE('',#700,#745,#329,.T.);
#930=EDGE_CURVE('',#746,#743,#330,.T.);
#931=EDGE_CURVE('',#735,#746,#331,.T.);
#932=EDGE_CURVE('',#747,#734,#332,.T.);
#933=EDGE_CURVE('',#744,#747,#333,.T.);
#934=EDGE_CURVE('',#748,#745,#334,.T.);
#935=EDGE_CURVE('',#701,#748,#335,.T.);
#936=EDGE_CURVE('',#703,#749,#336,.T.);
#937=EDGE_CURVE('',#741,#749,#629,.T.);
#938=EDGE_CURVE('',#702,#750,#337,.T.);
#939=EDGE_CURVE('',#749,#750,#338,.T.);
#940=EDGE_CURVE('',#750,#748,#630,.T.);
#941=EDGE_CURVE('',#716,#751,#631,.T.);
#942=EDGE_CURVE('',#752,#751,#339,.T.);
#943=EDGE_CURVE('',#752,#753,#632,.T.);
#944=EDGE_CURVE('',#753,#754,#340,.T.);
#945=EDGE_CURVE('',#754,#755,#341,.T.);
#946=EDGE_CURVE('',#755,#756,#342,.T.);
#947=EDGE_CURVE('',#756,#757,#633,.T.);
#948=EDGE_CURVE('',#758,#757,#343,.T.);
#949=EDGE_CURVE('',#758,#759,#634,.T.);
#950=EDGE_CURVE('',#759,#760,#344,.T.);
#951=EDGE_CURVE('',#760,#761,#345,.T.);
#952=EDGE_CURVE('',#761,#762,#346,.T.);
#953=EDGE_CURVE('',#762,#763,#347,.T.);
#954=EDGE_CURVE('',#763,#764,#348,.T.);
#955=EDGE_CURVE('',#764,#765,#349,.T.);
#956=EDGE_CURVE('',#765,#766,#350,.T.);
#957=EDGE_CURVE('',#766,#767,#351,.T.);
#958=EDGE_CURVE('',#767,#768,#352,.T.);
#959=EDGE_CURVE('',#768,#769,#635,.T.);
#960=EDGE_CURVE('',#770,#769,#353,.T.);
#961=EDGE_CURVE('',#770,#771,#636,.T.);
#962=EDGE_CURVE('',#771,#772,#354,.T.);
#963=EDGE_CURVE('',#772,#773,#355,.T.);
#964=EDGE_CURVE('',#773,#774,#356,.T.);
#965=EDGE_CURVE('',#774,#775,#637,.T.);
#966=EDGE_CURVE('',#776,#775,#357,.T.);
#967=EDGE_CURVE('',#776,#737,#638,.T.);
#968=EDGE_CURVE('',#723,#777,#639,.T.);
#969=EDGE_CURVE('',#777,#746,#358,.T.);
#970=EDGE_CURVE('',#747,#778,#359,.T.);
#971=EDGE_CURVE('',#778,#656,#640,.T.);
#972=EDGE_CURVE('',#733,#778,#360,.T.);
#973=EDGE_CURVE('',#761,#779,#361,.T.);
#974=EDGE_CURVE('',#780,#779,#362,.T.);
#975=EDGE_CURVE('',#762,#780,#363,.T.);
#976=EDGE_CURVE('',#779,#781,#364,.T.);
#977=EDGE_CURVE('',#781,#782,#365,.T.);
#978=EDGE_CURVE('',#782,#780,#366,.T.);
#979=EDGE_CURVE('',#691,#760,#367,.T.);
#980=EDGE_CURVE('',#690,#781,#368,.T.);
#981=EDGE_CURVE('',#763,#688,#369,.T.);
#982=EDGE_CURVE('',#689,#782,#370,.T.);
#983=EDGE_CURVE('',#687,#764,#371,.T.);
#984=EDGE_CURVE('',#765,#783,#372,.T.);
#985=EDGE_CURVE('',#784,#783,#373,.T.);
#986=EDGE_CURVE('',#766,#784,#374,.T.);
#987=EDGE_CURVE('',#783,#785,#375,.T.);
#988=EDGE_CURVE('',#785,#786,#376,.T.);
#989=EDGE_CURVE('',#786,#784,#377,.T.);
#990=EDGE_CURVE('',#686,#785,#378,.T.);
#991=EDGE_CURVE('',#767,#684,#379,.T.);
#992=EDGE_CURVE('',#685,#786,#380,.T.);
#993=EDGE_CURVE('',#683,#768,#381,.T.);
#994=EDGE_CURVE('',#751,#714,#382,.T.);
#995=EDGE_CURVE('',#698,#713,#383,.T.);
#996=EDGE_CURVE('',#697,#787,#384,.T.);
#997=EDGE_CURVE('',#787,#788,#385,.T.);
#998=EDGE_CURVE('',#788,#752,#386,.T.);
#999=EDGE_CURVE('',#777,#736,#387,.T.);
#1000=EDGE_CURVE('',#739,#676,#388,.T.);
#1001=EDGE_CURVE('',#677,#776,#389,.T.);
#1002=EDGE_CURVE('',#775,#789,#390,.T.);
#1003=EDGE_CURVE('',#789,#790,#391,.T.);
#1004=EDGE_CURVE('',#790,#678,#392,.T.);
#1005=EDGE_CURVE('',#754,#791,#393,.T.);
#1006=EDGE_CURVE('',#753,#792,#394,.T.);
#1007=EDGE_CURVE('',#791,#792,#395,.T.);
#1008=EDGE_CURVE('',#792,#788,#641,.T.);
#1009=EDGE_CURVE('',#787,#793,#642,.T.);
#1010=EDGE_CURVE('',#793,#794,#396,.T.);
#1011=EDGE_CURVE('',#791,#794,#397,.T.);
#1012=EDGE_CURVE('',#794,#755,#398,.T.);
#1013=EDGE_CURVE('',#772,#795,#399,.T.);
#1014=EDGE_CURVE('',#795,#796,#400,.T.);
#1015=EDGE_CURVE('',#796,#773,#401,.T.);
#1016=EDGE_CURVE('',#789,#797,#643,.T.);
#1017=EDGE_CURVE('',#797,#796,#402,.T.);
#1018=EDGE_CURVE('',#795,#798,#403,.T.);
#1019=EDGE_CURVE('',#798,#790,#644,.T.);
#1020=EDGE_CURVE('',#774,#797,#404,.T.);
#1021=EDGE_CURVE('',#682,#769,#405,.T.);
#1022=EDGE_CURVE('',#681,#770,#406,.T.);
#1023=EDGE_CURVE('',#758,#693,#407,.T.);
#1024=EDGE_CURVE('',#757,#694,#408,.T.);
#1025=EDGE_CURVE('',#679,#798,#409,.T.);
#1026=EDGE_CURVE('',#695,#756,#410,.T.);
#1027=EDGE_CURVE('',#696,#793,#411,.T.);
#1028=EDGE_CURVE('',#680,#771,#412,.T.);
#1029=EDGE_CURVE('',#692,#759,#413,.T.);
#1030=ORIENTED_EDGE('',*,*,#799,.F.);
#1031=ORIENTED_EDGE('',*,*,#800,.T.);
#1032=ORIENTED_EDGE('',*,*,#801,.F.);
#1033=ORIENTED_EDGE('',*,*,#800,.F.);
#1034=ORIENTED_EDGE('',*,*,#802,.F.);
#1035=ORIENTED_EDGE('',*,*,#803,.T.);
#1036=ORIENTED_EDGE('',*,*,#804,.F.);
#1037=ORIENTED_EDGE('',*,*,#803,.F.);
#1038=ORIENTED_EDGE('',*,*,#805,.F.);
#1039=ORIENTED_EDGE('',*,*,#806,.F.);
#1040=ORIENTED_EDGE('',*,*,#807,.F.);
#1041=ORIENTED_EDGE('',*,*,#808,.F.);
#1042=ORIENTED_EDGE('',*,*,#809,.F.);
#1043=ORIENTED_EDGE('',*,*,#810,.F.);
#1044=ORIENTED_EDGE('',*,*,#811,.F.);
#1045=ORIENTED_EDGE('',*,*,#812,.F.);
#1046=ORIENTED_EDGE('',*,*,#813,.F.);
#1047=ORIENTED_EDGE('',*,*,#814,.F.);
#1048=ORIENTED_EDGE('',*,*,#815,.F.);
#1049=ORIENTED_EDGE('',*,*,#816,.F.);
#1050=ORIENTED_EDGE('',*,*,#817,.F.);
#1051=ORIENTED_EDGE('',*,*,#818,.F.);
#1052=ORIENTED_EDGE('',*,*,#819,.F.);
#1053=ORIENTED_EDGE('',*,*,#820,.T.);
#1054=ORIENTED_EDGE('',*,*,#821,.F.);
#1055=ORIENTED_EDGE('',*,*,#820,.F.);
#1056=ORIENTED_EDGE('',*,*,#822,.F.);
#1057=ORIENTED_EDGE('',*,*,#823,.T.);
#1058=ORIENTED_EDGE('',*,*,#824,.F.);
#1059=ORIENTED_EDGE('',*,*,#823,.F.);
#1060=ORIENTED_EDGE('',*,*,#825,.F.);
#1061=ORIENTED_EDGE('',*,*,#826,.T.);
#1062=ORIENTED_EDGE('',*,*,#827,.F.);
#1063=ORIENTED_EDGE('',*,*,#826,.F.);
#1064=ORIENTED_EDGE('',*,*,#828,.F.);
#1065=ORIENTED_EDGE('',*,*,#806,.T.);
#1066=ORIENTED_EDGE('',*,*,#807,.T.);
#1067=ORIENTED_EDGE('',*,*,#828,.T.);
#1068=ORIENTED_EDGE('',*,*,#825,.T.);
#1069=ORIENTED_EDGE('',*,*,#822,.T.);
#1070=ORIENTED_EDGE('',*,*,#819,.T.);
#1071=ORIENTED_EDGE('',*,*,#829,.F.);
#1072=ORIENTED_EDGE('',*,*,#830,.T.);
#1073=ORIENTED_EDGE('',*,*,#831,.T.);
#1074=ORIENTED_EDGE('',*,*,#832,.T.);
#1075=ORIENTED_EDGE('',*,*,#833,.T.);
#1076=ORIENTED_EDGE('',*,*,#834,.T.);
#1077=ORIENTED_EDGE('',*,*,#835,.F.);
#1078=ORIENTED_EDGE('',*,*,#836,.F.);
#1079=ORIENTED_EDGE('',*,*,#837,.F.);
#1080=ORIENTED_EDGE('',*,*,#838,.F.);
#1081=ORIENTED_EDGE('',*,*,#839,.F.);
#1082=ORIENTED_EDGE('',*,*,#840,.F.);
#1083=ORIENTED_EDGE('',*,*,#841,.F.);
#1084=ORIENTED_EDGE('',*,*,#842,.F.);
#1085=ORIENTED_EDGE('',*,*,#843,.F.);
#1086=ORIENTED_EDGE('',*,*,#844,.F.);
#1087=ORIENTED_EDGE('',*,*,#845,.F.);
#1088=ORIENTED_EDGE('',*,*,#846,.F.);
#1089=ORIENTED_EDGE('',*,*,#847,.F.);
#1090=ORIENTED_EDGE('',*,*,#848,.F.);
#1091=ORIENTED_EDGE('',*,*,#849,.F.);
#1092=ORIENTED_EDGE('',*,*,#850,.F.);
#1093=ORIENTED_EDGE('',*,*,#851,.F.);
#1094=ORIENTED_EDGE('',*,*,#852,.F.);
#1095=ORIENTED_EDGE('',*,*,#853,.F.);
#1096=ORIENTED_EDGE('',*,*,#854,.F.);
#1097=ORIENTED_EDGE('',*,*,#855,.F.);
#1098=ORIENTED_EDGE('',*,*,#856,.F.);
#1099=ORIENTED_EDGE('',*,*,#857,.F.);
#1100=ORIENTED_EDGE('',*,*,#858,.F.);
#1101=ORIENTED_EDGE('',*,*,#859,.F.);
#1102=ORIENTED_EDGE('',*,*,#860,.F.);
#1103=ORIENTED_EDGE('',*,*,#799,.T.);
#1104=ORIENTED_EDGE('',*,*,#802,.T.);
#1105=ORIENTED_EDGE('',*,*,#861,.T.);
#1106=ORIENTED_EDGE('',*,*,#862,.T.);
#1107=ORIENTED_EDGE('',*,*,#863,.T.);
#1108=ORIENTED_EDGE('',*,*,#864,.T.);
#1109=ORIENTED_EDGE('',*,*,#865,.T.);
#1110=ORIENTED_EDGE('',*,*,#866,.T.);
#1111=ORIENTED_EDGE('',*,*,#867,.T.);
#1112=ORIENTED_EDGE('',*,*,#868,.T.);
#1113=ORIENTED_EDGE('',*,*,#818,.T.);
#1114=ORIENTED_EDGE('',*,*,#869,.F.);
#1115=ORIENTED_EDGE('',*,*,#870,.T.);
#1116=ORIENTED_EDGE('',*,*,#829,.T.);
#1117=ORIENTED_EDGE('',*,*,#808,.T.);
#1118=ORIENTED_EDGE('',*,*,#860,.T.);
#1119=ORIENTED_EDGE('',*,*,#871,.T.);
#1120=ORIENTED_EDGE('',*,*,#872,.F.);
#1121=ORIENTED_EDGE('',*,*,#815,.T.);
#1122=ORIENTED_EDGE('',*,*,#873,.T.);
#1123=ORIENTED_EDGE('',*,*,#874,.T.);
#1124=ORIENTED_EDGE('',*,*,#875,.F.);
#1125=ORIENTED_EDGE('',*,*,#817,.T.);
#1126=ORIENTED_EDGE('',*,*,#876,.T.);
#1127=ORIENTED_EDGE('',*,*,#877,.T.);
#1128=ORIENTED_EDGE('',*,*,#869,.T.);
#1129=ORIENTED_EDGE('',*,*,#809,.T.);
#1130=ORIENTED_EDGE('',*,*,#872,.T.);
#1131=ORIENTED_EDGE('',*,*,#878,.T.);
#1132=ORIENTED_EDGE('',*,*,#879,.T.);
#1133=ORIENTED_EDGE('',*,*,#880,.T.);
#1134=ORIENTED_EDGE('',*,*,#881,.T.);
#1135=ORIENTED_EDGE('',*,*,#816,.T.);
#1136=ORIENTED_EDGE('',*,*,#875,.T.);
#1137=ORIENTED_EDGE('',*,*,#882,.T.);
#1138=ORIENTED_EDGE('',*,*,#876,.F.);
#1139=ORIENTED_EDGE('',*,*,#810,.T.);
#1140=ORIENTED_EDGE('',*,*,#881,.F.);
#1141=ORIENTED_EDGE('',*,*,#883,.T.);
#1142=ORIENTED_EDGE('',*,*,#884,.T.);
#1143=ORIENTED_EDGE('',*,*,#885,.F.);
#1144=ORIENTED_EDGE('',*,*,#886,.F.);
#1145=ORIENTED_EDGE('',*,*,#830,.F.);
#1146=ORIENTED_EDGE('',*,*,#870,.F.);
#1147=ORIENTED_EDGE('',*,*,#877,.F.);
#1148=ORIENTED_EDGE('',*,*,#882,.F.);
#1149=ORIENTED_EDGE('',*,*,#874,.F.);
#1150=ORIENTED_EDGE('',*,*,#887,.F.);
#1151=ORIENTED_EDGE('',*,*,#888,.F.);
#1152=ORIENTED_EDGE('',*,*,#889,.F.);
#1153=ORIENTED_EDGE('',*,*,#831,.F.);
#1154=ORIENTED_EDGE('',*,*,#886,.T.);
#1155=ORIENTED_EDGE('',*,*,#890,.F.);
#1156=ORIENTED_EDGE('',*,*,#891,.F.);
#1157=ORIENTED_EDGE('',*,*,#832,.F.);
#1158=ORIENTED_EDGE('',*,*,#889,.T.);
#1159=ORIENTED_EDGE('',*,*,#892,.F.);
#1160=ORIENTED_EDGE('',*,*,#893,.F.);
#1161=ORIENTED_EDGE('',*,*,#894,.F.);
#1162=ORIENTED_EDGE('',*,*,#895,.F.);
#1163=ORIENTED_EDGE('',*,*,#896,.F.);
#1164=ORIENTED_EDGE('',*,*,#897,.F.);
#1165=ORIENTED_EDGE('',*,*,#898,.F.);
#1166=ORIENTED_EDGE('',*,*,#899,.F.);
#1167=ORIENTED_EDGE('',*,*,#900,.F.);
#1168=ORIENTED_EDGE('',*,*,#901,.F.);
#1169=ORIENTED_EDGE('',*,*,#834,.F.);
#1170=ORIENTED_EDGE('',*,*,#902,.T.);
#1171=ORIENTED_EDGE('',*,*,#903,.F.);
#1172=ORIENTED_EDGE('',*,*,#902,.F.);
#1173=ORIENTED_EDGE('',*,*,#833,.F.);
#1174=ORIENTED_EDGE('',*,*,#891,.T.);
#1175=ORIENTED_EDGE('',*,*,#895,.T.);
#1176=ORIENTED_EDGE('',*,*,#904,.F.);
#1177=ORIENTED_EDGE('',*,*,#905,.F.);
#1178=ORIENTED_EDGE('',*,*,#906,.F.);
#1179=ORIENTED_EDGE('',*,*,#896,.T.);
#1180=ORIENTED_EDGE('',*,*,#906,.T.);
#1181=ORIENTED_EDGE('',*,*,#907,.T.);
#1182=ORIENTED_EDGE('',*,*,#805,.T.);
#1183=ORIENTED_EDGE('',*,*,#908,.T.);
#1184=ORIENTED_EDGE('',*,*,#909,.T.);
#1185=ORIENTED_EDGE('',*,*,#910,.T.);
#1186=ORIENTED_EDGE('',*,*,#911,.T.);
#1187=ORIENTED_EDGE('',*,*,#912,.T.);
#1188=ORIENTED_EDGE('',*,*,#892,.T.);
#1189=ORIENTED_EDGE('',*,*,#903,.T.);
#1190=ORIENTED_EDGE('',*,*,#890,.T.);
#1191=ORIENTED_EDGE('',*,*,#888,.T.);
#1192=ORIENTED_EDGE('',*,*,#885,.T.);
#1193=ORIENTED_EDGE('',*,*,#913,.T.);
#1194=ORIENTED_EDGE('',*,*,#813,.T.);
#1195=ORIENTED_EDGE('',*,*,#821,.T.);
#1196=ORIENTED_EDGE('',*,*,#824,.T.);
#1197=ORIENTED_EDGE('',*,*,#827,.T.);
#1198=ORIENTED_EDGE('',*,*,#897,.T.);
#1199=ORIENTED_EDGE('',*,*,#907,.F.);
#1200=ORIENTED_EDGE('',*,*,#905,.T.);
#1201=ORIENTED_EDGE('',*,*,#914,.F.);
#1202=ORIENTED_EDGE('',*,*,#814,.T.);
#1203=ORIENTED_EDGE('',*,*,#913,.F.);
#1204=ORIENTED_EDGE('',*,*,#887,.T.);
#1205=ORIENTED_EDGE('',*,*,#873,.F.);
#1206=ORIENTED_EDGE('',*,*,#899,.T.);
#1207=ORIENTED_EDGE('',*,*,#915,.T.);
#1208=ORIENTED_EDGE('',*,*,#916,.T.);
#1209=ORIENTED_EDGE('',*,*,#917,.F.);
#1210=ORIENTED_EDGE('',*,*,#900,.T.);
#1211=ORIENTED_EDGE('',*,*,#917,.T.);
#1212=ORIENTED_EDGE('',*,*,#918,.T.);
#1213=ORIENTED_EDGE('',*,*,#919,.T.);
#1214=ORIENTED_EDGE('',*,*,#920,.T.);
#1215=ORIENTED_EDGE('',*,*,#901,.T.);
#1216=ORIENTED_EDGE('',*,*,#920,.F.);
#1217=ORIENTED_EDGE('',*,*,#921,.F.);
#1218=ORIENTED_EDGE('',*,*,#835,.T.);
#1219=ORIENTED_EDGE('',*,*,#865,.F.);
#1220=ORIENTED_EDGE('',*,*,#922,.T.);
#1221=ORIENTED_EDGE('',*,*,#923,.F.);
#1222=ORIENTED_EDGE('',*,*,#924,.F.);
#1223=ORIENTED_EDGE('',*,*,#866,.F.);
#1224=ORIENTED_EDGE('',*,*,#924,.T.);
#1225=ORIENTED_EDGE('',*,*,#925,.F.);
#1226=ORIENTED_EDGE('',*,*,#926,.F.);
#1227=ORIENTED_EDGE('',*,*,#868,.F.);
#1228=ORIENTED_EDGE('',*,*,#927,.T.);
#1229=ORIENTED_EDGE('',*,*,#928,.F.);
#1230=ORIENTED_EDGE('',*,*,#929,.F.);
#1231=ORIENTED_EDGE('',*,*,#867,.F.);
#1232=ORIENTED_EDGE('',*,*,#926,.T.);
#1233=ORIENTED_EDGE('',*,*,#930,.F.);
#1234=ORIENTED_EDGE('',*,*,#931,.F.);
#1235=ORIENTED_EDGE('',*,*,#910,.F.);
#1236=ORIENTED_EDGE('',*,*,#932,.F.);
#1237=ORIENTED_EDGE('',*,*,#933,.F.);
#1238=ORIENTED_EDGE('',*,*,#927,.F.);
#1239=ORIENTED_EDGE('',*,*,#861,.F.);
#1240=ORIENTED_EDGE('',*,*,#929,.T.);
#1241=ORIENTED_EDGE('',*,*,#934,.F.);
#1242=ORIENTED_EDGE('',*,*,#935,.F.);
#1243=ORIENTED_EDGE('',*,*,#864,.F.);
#1244=ORIENTED_EDGE('',*,*,#936,.T.);
#1245=ORIENTED_EDGE('',*,*,#937,.F.);
#1246=ORIENTED_EDGE('',*,*,#922,.F.);
#1247=ORIENTED_EDGE('',*,*,#863,.F.);
#1248=ORIENTED_EDGE('',*,*,#938,.T.);
#1249=ORIENTED_EDGE('',*,*,#939,.F.);
#1250=ORIENTED_EDGE('',*,*,#936,.F.);
#1251=ORIENTED_EDGE('',*,*,#862,.F.);
#1252=ORIENTED_EDGE('',*,*,#935,.T.);
#1253=ORIENTED_EDGE('',*,*,#940,.F.);
#1254=ORIENTED_EDGE('',*,*,#938,.F.);
#1255=ORIENTED_EDGE('',*,*,#811,.T.);
#1256=ORIENTED_EDGE('',*,*,#884,.F.);
#1257=ORIENTED_EDGE('',*,*,#941,.T.);
#1258=ORIENTED_EDGE('',*,*,#942,.F.);
#1259=ORIENTED_EDGE('',*,*,#943,.T.);
#1260=ORIENTED_EDGE('',*,*,#944,.T.);
#1261=ORIENTED_EDGE('',*,*,#945,.T.);
#1262=ORIENTED_EDGE('',*,*,#946,.T.);
#1263=ORIENTED_EDGE('',*,*,#947,.T.);
#1264=ORIENTED_EDGE('',*,*,#948,.F.);
#1265=ORIENTED_EDGE('',*,*,#949,.T.);
#1266=ORIENTED_EDGE('',*,*,#950,.T.);
#1267=ORIENTED_EDGE('',*,*,#951,.T.);
#1268=ORIENTED_EDGE('',*,*,#952,.T.);
#1269=ORIENTED_EDGE('',*,*,#953,.T.);
#1270=ORIENTED_EDGE('',*,*,#954,.T.);
#1271=ORIENTED_EDGE('',*,*,#955,.T.);
#1272=ORIENTED_EDGE('',*,*,#956,.T.);
#1273=ORIENTED_EDGE('',*,*,#957,.T.);
#1274=ORIENTED_EDGE('',*,*,#958,.T.);
#1275=ORIENTED_EDGE('',*,*,#959,.T.);
#1276=ORIENTED_EDGE('',*,*,#960,.F.);
#1277=ORIENTED_EDGE('',*,*,#961,.T.);
#1278=ORIENTED_EDGE('',*,*,#962,.T.);
#1279=ORIENTED_EDGE('',*,*,#963,.T.);
#1280=ORIENTED_EDGE('',*,*,#964,.T.);
#1281=ORIENTED_EDGE('',*,*,#965,.T.);
#1282=ORIENTED_EDGE('',*,*,#966,.F.);
#1283=ORIENTED_EDGE('',*,*,#967,.T.);
#1284=ORIENTED_EDGE('',*,*,#915,.F.);
#1285=ORIENTED_EDGE('',*,*,#898,.T.);
#1286=ORIENTED_EDGE('',*,*,#914,.T.);
#1287=ORIENTED_EDGE('',*,*,#904,.T.);
#1288=ORIENTED_EDGE('',*,*,#894,.T.);
#1289=ORIENTED_EDGE('',*,*,#968,.T.);
#1290=ORIENTED_EDGE('',*,*,#969,.T.);
#1291=ORIENTED_EDGE('',*,*,#930,.T.);
#1292=ORIENTED_EDGE('',*,*,#925,.T.);
#1293=ORIENTED_EDGE('',*,*,#923,.T.);
#1294=ORIENTED_EDGE('',*,*,#937,.T.);
#1295=ORIENTED_EDGE('',*,*,#939,.T.);
#1296=ORIENTED_EDGE('',*,*,#940,.T.);
#1297=ORIENTED_EDGE('',*,*,#934,.T.);
#1298=ORIENTED_EDGE('',*,*,#928,.T.);
#1299=ORIENTED_EDGE('',*,*,#933,.T.);
#1300=ORIENTED_EDGE('',*,*,#970,.T.);
#1301=ORIENTED_EDGE('',*,*,#971,.T.);
#1302=ORIENTED_EDGE('',*,*,#801,.T.);
#1303=ORIENTED_EDGE('',*,*,#804,.T.);
#1304=ORIENTED_EDGE('',*,*,#932,.T.);
#1305=ORIENTED_EDGE('',*,*,#909,.F.);
#1306=ORIENTED_EDGE('',*,*,#972,.T.);
#1307=ORIENTED_EDGE('',*,*,#970,.F.);
#1308=ORIENTED_EDGE('',*,*,#952,.F.);
#1309=ORIENTED_EDGE('',*,*,#973,.T.);
#1310=ORIENTED_EDGE('',*,*,#974,.F.);
#1311=ORIENTED_EDGE('',*,*,#975,.F.);
#1312=ORIENTED_EDGE('',*,*,#976,.T.);
#1313=ORIENTED_EDGE('',*,*,#977,.T.);
#1314=ORIENTED_EDGE('',*,*,#978,.T.);
#1315=ORIENTED_EDGE('',*,*,#974,.T.);
#1316=ORIENTED_EDGE('',*,*,#979,.F.);
#1317=ORIENTED_EDGE('',*,*,#851,.T.);
#1318=ORIENTED_EDGE('',*,*,#980,.T.);
#1319=ORIENTED_EDGE('',*,*,#976,.F.);
#1320=ORIENTED_EDGE('',*,*,#973,.F.);
#1321=ORIENTED_EDGE('',*,*,#951,.F.);
#1322=ORIENTED_EDGE('',*,*,#981,.F.);
#1323=ORIENTED_EDGE('',*,*,#953,.F.);
#1324=ORIENTED_EDGE('',*,*,#975,.T.);
#1325=ORIENTED_EDGE('',*,*,#978,.F.);
#1326=ORIENTED_EDGE('',*,*,#982,.F.);
#1327=ORIENTED_EDGE('',*,*,#849,.T.);
#1328=ORIENTED_EDGE('',*,*,#850,.T.);
#1329=ORIENTED_EDGE('',*,*,#982,.T.);
#1330=ORIENTED_EDGE('',*,*,#977,.F.);
#1331=ORIENTED_EDGE('',*,*,#980,.F.);
#1332=ORIENTED_EDGE('',*,*,#981,.T.);
#1333=ORIENTED_EDGE('',*,*,#848,.T.);
#1334=ORIENTED_EDGE('',*,*,#983,.T.);
#1335=ORIENTED_EDGE('',*,*,#954,.F.);
#1336=ORIENTED_EDGE('',*,*,#956,.F.);
#1337=ORIENTED_EDGE('',*,*,#984,.T.);
#1338=ORIENTED_EDGE('',*,*,#985,.F.);
#1339=ORIENTED_EDGE('',*,*,#986,.F.);
#1340=ORIENTED_EDGE('',*,*,#987,.T.);
#1341=ORIENTED_EDGE('',*,*,#988,.T.);
#1342=ORIENTED_EDGE('',*,*,#989,.T.);
#1343=ORIENTED_EDGE('',*,*,#985,.T.);
#1344=ORIENTED_EDGE('',*,*,#983,.F.);
#1345=ORIENTED_EDGE('',*,*,#847,.T.);
#1346=ORIENTED_EDGE('',*,*,#990,.T.);
#1347=ORIENTED_EDGE('',*,*,#987,.F.);
#1348=ORIENTED_EDGE('',*,*,#984,.F.);
#1349=ORIENTED_EDGE('',*,*,#955,.F.);
#1350=ORIENTED_EDGE('',*,*,#991,.F.);
#1351=ORIENTED_EDGE('',*,*,#957,.F.);
#1352=ORIENTED_EDGE('',*,*,#986,.T.);
#1353=ORIENTED_EDGE('',*,*,#989,.F.);
#1354=ORIENTED_EDGE('',*,*,#992,.F.);
#1355=ORIENTED_EDGE('',*,*,#845,.T.);
#1356=ORIENTED_EDGE('',*,*,#846,.T.);
#1357=ORIENTED_EDGE('',*,*,#992,.T.);
#1358=ORIENTED_EDGE('',*,*,#988,.F.);
#1359=ORIENTED_EDGE('',*,*,#990,.F.);
#1360=ORIENTED_EDGE('',*,*,#991,.T.);
#1361=ORIENTED_EDGE('',*,*,#844,.T.);
#1362=ORIENTED_EDGE('',*,*,#993,.T.);
#1363=ORIENTED_EDGE('',*,*,#958,.F.);
#1364=ORIENTED_EDGE('',*,*,#812,.T.);
#1365=ORIENTED_EDGE('',*,*,#971,.F.);
#1366=ORIENTED_EDGE('',*,*,#972,.F.);
#1367=ORIENTED_EDGE('',*,*,#908,.F.);
#1368=ORIENTED_EDGE('',*,*,#883,.F.);
#1369=ORIENTED_EDGE('',*,*,#880,.F.);
#1370=ORIENTED_EDGE('',*,*,#994,.F.);
#1371=ORIENTED_EDGE('',*,*,#941,.F.);
#1372=ORIENTED_EDGE('',*,*,#994,.T.);
#1373=ORIENTED_EDGE('',*,*,#879,.F.);
#1374=ORIENTED_EDGE('',*,*,#995,.F.);
#1375=ORIENTED_EDGE('',*,*,#858,.T.);
#1376=ORIENTED_EDGE('',*,*,#996,.T.);
#1377=ORIENTED_EDGE('',*,*,#997,.T.);
#1378=ORIENTED_EDGE('',*,*,#998,.T.);
#1379=ORIENTED_EDGE('',*,*,#942,.T.);
#1380=ORIENTED_EDGE('',*,*,#893,.T.);
#1381=ORIENTED_EDGE('',*,*,#912,.F.);
#1382=ORIENTED_EDGE('',*,*,#999,.F.);
#1383=ORIENTED_EDGE('',*,*,#968,.F.);
#1384=ORIENTED_EDGE('',*,*,#1000,.F.);
#1385=ORIENTED_EDGE('',*,*,#918,.F.);
#1386=ORIENTED_EDGE('',*,*,#916,.F.);
#1387=ORIENTED_EDGE('',*,*,#967,.F.);
#1388=ORIENTED_EDGE('',*,*,#1001,.F.);
#1389=ORIENTED_EDGE('',*,*,#837,.T.);
#1390=ORIENTED_EDGE('',*,*,#1001,.T.);
#1391=ORIENTED_EDGE('',*,*,#966,.T.);
#1392=ORIENTED_EDGE('',*,*,#1002,.T.);
#1393=ORIENTED_EDGE('',*,*,#1003,.T.);
#1394=ORIENTED_EDGE('',*,*,#1004,.T.);
#1395=ORIENTED_EDGE('',*,*,#838,.T.);
#1396=ORIENTED_EDGE('',*,*,#1005,.F.);
#1397=ORIENTED_EDGE('',*,*,#944,.F.);
#1398=ORIENTED_EDGE('',*,*,#1006,.T.);
#1399=ORIENTED_EDGE('',*,*,#1007,.F.);
#1400=ORIENTED_EDGE('',*,*,#998,.F.);
#1401=ORIENTED_EDGE('',*,*,#1008,.F.);
#1402=ORIENTED_EDGE('',*,*,#1006,.F.);
#1403=ORIENTED_EDGE('',*,*,#943,.F.);
#1404=ORIENTED_EDGE('',*,*,#997,.F.);
#1405=ORIENTED_EDGE('',*,*,#1009,.T.);
#1406=ORIENTED_EDGE('',*,*,#1010,.T.);
#1407=ORIENTED_EDGE('',*,*,#1011,.F.);
#1408=ORIENTED_EDGE('',*,*,#1007,.T.);
#1409=ORIENTED_EDGE('',*,*,#1008,.T.);
#1410=ORIENTED_EDGE('',*,*,#1012,.T.);
#1411=ORIENTED_EDGE('',*,*,#945,.F.);
#1412=ORIENTED_EDGE('',*,*,#1005,.T.);
#1413=ORIENTED_EDGE('',*,*,#1011,.T.);
#1414=ORIENTED_EDGE('',*,*,#1013,.T.);
#1415=ORIENTED_EDGE('',*,*,#1014,.T.);
#1416=ORIENTED_EDGE('',*,*,#1015,.T.);
#1417=ORIENTED_EDGE('',*,*,#963,.F.);
#1418=ORIENTED_EDGE('',*,*,#1003,.F.);
#1419=ORIENTED_EDGE('',*,*,#1016,.T.);
#1420=ORIENTED_EDGE('',*,*,#1017,.T.);
#1421=ORIENTED_EDGE('',*,*,#1014,.F.);
#1422=ORIENTED_EDGE('',*,*,#1018,.T.);
#1423=ORIENTED_EDGE('',*,*,#1019,.T.);
#1424=ORIENTED_EDGE('',*,*,#1015,.F.);
#1425=ORIENTED_EDGE('',*,*,#1017,.F.);
#1426=ORIENTED_EDGE('',*,*,#1020,.F.);
#1427=ORIENTED_EDGE('',*,*,#964,.F.);
#1428=ORIENTED_EDGE('',*,*,#1002,.F.);
#1429=ORIENTED_EDGE('',*,*,#965,.F.);
#1430=ORIENTED_EDGE('',*,*,#1020,.T.);
#1431=ORIENTED_EDGE('',*,*,#1016,.F.);
#1432=ORIENTED_EDGE('',*,*,#931,.T.);
#1433=ORIENTED_EDGE('',*,*,#969,.F.);
#1434=ORIENTED_EDGE('',*,*,#999,.T.);
#1435=ORIENTED_EDGE('',*,*,#911,.F.);
#1436=ORIENTED_EDGE('',*,*,#1021,.F.);
#1437=ORIENTED_EDGE('',*,*,#842,.T.);
#1438=ORIENTED_EDGE('',*,*,#1022,.T.);
#1439=ORIENTED_EDGE('',*,*,#960,.T.);
#1440=ORIENTED_EDGE('',*,*,#1023,.F.);
#1441=ORIENTED_EDGE('',*,*,#948,.T.);
#1442=ORIENTED_EDGE('',*,*,#1024,.T.);
#1443=ORIENTED_EDGE('',*,*,#854,.T.);
#1444=ORIENTED_EDGE('',*,*,#1004,.F.);
#1445=ORIENTED_EDGE('',*,*,#1019,.F.);
#1446=ORIENTED_EDGE('',*,*,#1025,.F.);
#1447=ORIENTED_EDGE('',*,*,#839,.T.);
#1448=ORIENTED_EDGE('',*,*,#1024,.F.);
#1449=ORIENTED_EDGE('',*,*,#947,.F.);
#1450=ORIENTED_EDGE('',*,*,#1026,.F.);
#1451=ORIENTED_EDGE('',*,*,#855,.T.);
#1452=ORIENTED_EDGE('',*,*,#856,.T.);
#1453=ORIENTED_EDGE('',*,*,#1026,.T.);
#1454=ORIENTED_EDGE('',*,*,#946,.F.);
#1455=ORIENTED_EDGE('',*,*,#1012,.F.);
#1456=ORIENTED_EDGE('',*,*,#1010,.F.);
#1457=ORIENTED_EDGE('',*,*,#1027,.F.);
#1458=ORIENTED_EDGE('',*,*,#996,.F.);
#1459=ORIENTED_EDGE('',*,*,#857,.T.);
#1460=ORIENTED_EDGE('',*,*,#1027,.T.);
#1461=ORIENTED_EDGE('',*,*,#1009,.F.);
#1462=ORIENTED_EDGE('',*,*,#840,.T.);
#1463=ORIENTED_EDGE('',*,*,#1025,.T.);
#1464=ORIENTED_EDGE('',*,*,#1018,.F.);
#1465=ORIENTED_EDGE('',*,*,#1013,.F.);
#1466=ORIENTED_EDGE('',*,*,#962,.F.);
#1467=ORIENTED_EDGE('',*,*,#1028,.F.);
#1468=ORIENTED_EDGE('',*,*,#1022,.F.);
#1469=ORIENTED_EDGE('',*,*,#841,.T.);
#1470=ORIENTED_EDGE('',*,*,#1028,.T.);
#1471=ORIENTED_EDGE('',*,*,#961,.F.);
#1472=ORIENTED_EDGE('',*,*,#1000,.T.);
#1473=ORIENTED_EDGE('',*,*,#836,.T.);
#1474=ORIENTED_EDGE('',*,*,#921,.T.);
#1475=ORIENTED_EDGE('',*,*,#919,.F.);
#1476=ORIENTED_EDGE('',*,*,#1021,.T.);
#1477=ORIENTED_EDGE('',*,*,#959,.F.);
#1478=ORIENTED_EDGE('',*,*,#993,.F.);
#1479=ORIENTED_EDGE('',*,*,#843,.T.);
#1480=ORIENTED_EDGE('',*,*,#995,.T.);
#1481=ORIENTED_EDGE('',*,*,#878,.F.);
#1482=ORIENTED_EDGE('',*,*,#871,.F.);
#1483=ORIENTED_EDGE('',*,*,#859,.T.);
#1484=ORIENTED_EDGE('',*,*,#979,.T.);
#1485=ORIENTED_EDGE('',*,*,#950,.F.);
#1486=ORIENTED_EDGE('',*,*,#1029,.F.);
#1487=ORIENTED_EDGE('',*,*,#852,.T.);
#1488=ORIENTED_EDGE('',*,*,#1023,.T.);
#1489=ORIENTED_EDGE('',*,*,#853,.T.);
#1490=ORIENTED_EDGE('',*,*,#1029,.T.);
#1491=ORIENTED_EDGE('',*,*,#949,.F.);
#1492=CYLINDRICAL_SURFACE('',#1609,0.12);
#1493=CYLINDRICAL_SURFACE('',#1612,0.12);
#1494=CYLINDRICAL_SURFACE('',#1617,0.0299999999999994);
#1495=CYLINDRICAL_SURFACE('',#1621,0.03);
#1496=CYLINDRICAL_SURFACE('',#1650,0.03);
#1497=CYLINDRICAL_SURFACE('',#1654,0.0299999999999994);
#1498=CYLINDRICAL_SURFACE('',#1656,0.25);
#1499=CYLINDRICAL_SURFACE('',#1671,0.03);
#1500=CYLINDRICAL_SURFACE('',#1673,0.0300000000000002);
#1501=CYLINDRICAL_SURFACE('',#1677,0.0300000000000002);
#1502=CYLINDRICAL_SURFACE('',#1680,0.0300000000000002);
#1503=CYLINDRICAL_SURFACE('',#1706,0.25);
#1504=CYLINDRICAL_SURFACE('',#1707,0.25);
#1505=CYLINDRICAL_SURFACE('',#1709,0.25);
#1506=CYLINDRICAL_SURFACE('',#1710,0.25);
#1507=CYLINDRICAL_SURFACE('',#1713,0.284);
#1508=CYLINDRICAL_SURFACE('',#1723,0.284);
#1509=CYLINDRICAL_SURFACE('',#1727,0.404);
#1510=CYLINDRICAL_SURFACE('',#1728,0.404);
#1511=CYLINDRICAL_SURFACE('',#1730,0.404);
#1512=CYLINDRICAL_SURFACE('',#1732,0.404);
#1513=CYLINDRICAL_SURFACE('',#1733,0.254);
#1514=CYLINDRICAL_SURFACE('',#1734,0.254);
#1515=CYLINDRICAL_SURFACE('',#1735,0.254);
#1516=CYLINDRICAL_SURFACE('',#1737,0.254);
#1517=ADVANCED_FACE('',(#73),#1492,.F.);
#1518=ADVANCED_FACE('',(#74),#1493,.F.);
#1519=ADVANCED_FACE('',(#75),#20,.F.);
#1520=ADVANCED_FACE('',(#76),#21,.F.);
#1521=ADVANCED_FACE('',(#77),#1494,.F.);
#1522=ADVANCED_FACE('',(#78),#22,.F.);
#1523=ADVANCED_FACE('',(#79),#1495,.F.);
#1524=ADVANCED_FACE('',(#80,#15,#16,#17),#23,.F.);
#1525=ADVANCED_FACE('',(#81),#24,.T.);
#1526=ADVANCED_FACE('',(#82),#25,.T.);
#1527=ADVANCED_FACE('',(#83),#26,.T.);
#1528=ADVANCED_FACE('',(#84),#27,.T.);
#1529=ADVANCED_FACE('',(#85),#28,.T.);
#1530=ADVANCED_FACE('',(#86),#29,.T.);
#1531=ADVANCED_FACE('',(#87),#30,.T.);
#1532=ADVANCED_FACE('',(#88),#31,.F.);
#1533=ADVANCED_FACE('',(#89),#1496,.F.);
#1534=ADVANCED_FACE('',(#90),#32,.F.);
#1535=ADVANCED_FACE('',(#91),#33,.F.);
#1536=ADVANCED_FACE('',(#92),#1497,.F.);
#1537=ADVANCED_FACE('',(#93),#1498,.T.);
#1538=ADVANCED_FACE('',(#94),#34,.T.);
#1539=ADVANCED_FACE('',(#95),#35,.T.);
#1540=ADVANCED_FACE('',(#96),#36,.T.);
#1541=ADVANCED_FACE('',(#97),#37,.T.);
#1542=ADVANCED_FACE('',(#98),#38,.T.);
#1543=ADVANCED_FACE('',(#99),#39,.T.);
#1544=ADVANCED_FACE('',(#100),#40,.T.);
#1545=ADVANCED_FACE('',(#101),#41,.F.);
#1546=ADVANCED_FACE('',(#102),#1499,.F.);
#1547=ADVANCED_FACE('',(#103),#1500,.F.);
#1548=ADVANCED_FACE('',(#104),#42,.F.);
#1549=ADVANCED_FACE('',(#105),#43,.F.);
#1550=ADVANCED_FACE('',(#106),#1501,.F.);
#1551=ADVANCED_FACE('',(#107),#44,.F.);
#1552=ADVANCED_FACE('',(#108),#1502,.F.);
#1553=ADVANCED_FACE('',(#109,#18,#19),#45,.T.);
#1554=ADVANCED_FACE('',(#110),#46,.T.);
#1555=ADVANCED_FACE('',(#111),#47,.T.);
#1556=ADVANCED_FACE('',(#112),#48,.T.);
#1557=ADVANCED_FACE('',(#113),#49,.T.);
#1558=ADVANCED_FACE('',(#114),#50,.T.);
#1559=ADVANCED_FACE('',(#115),#51,.T.);
#1560=ADVANCED_FACE('',(#116),#52,.T.);
#1561=ADVANCED_FACE('',(#117),#53,.T.);
#1562=ADVANCED_FACE('',(#118),#54,.T.);
#1563=ADVANCED_FACE('',(#119),#55,.T.);
#1564=ADVANCED_FACE('',(#120),#56,.T.);
#1565=ADVANCED_FACE('',(#121),#57,.T.);
#1566=ADVANCED_FACE('',(#122),#58,.T.);
#1567=ADVANCED_FACE('',(#123),#1503,.T.);
#1568=ADVANCED_FACE('',(#124),#1504,.T.);
#1569=ADVANCED_FACE('',(#125),#59,.T.);
#1570=ADVANCED_FACE('',(#126),#1505,.T.);
#1571=ADVANCED_FACE('',(#127),#1506,.T.);
#1572=ADVANCED_FACE('',(#128),#60,.T.);
#1573=ADVANCED_FACE('',(#129),#61,.T.);
#1574=ADVANCED_FACE('',(#130),#1507,.F.);
#1575=ADVANCED_FACE('',(#131),#62,.T.);
#1576=ADVANCED_FACE('',(#132),#63,.T.);
#1577=ADVANCED_FACE('',(#133),#64,.T.);
#1578=ADVANCED_FACE('',(#134),#65,.T.);
#1579=ADVANCED_FACE('',(#135),#66,.T.);
#1580=ADVANCED_FACE('',(#136),#1508,.F.);
#1581=ADVANCED_FACE('',(#137),#67,.T.);
#1582=ADVANCED_FACE('',(#138),#68,.T.);
#1583=ADVANCED_FACE('',(#139),#69,.T.);
#1584=ADVANCED_FACE('',(#140),#1509,.T.);
#1585=ADVANCED_FACE('',(#141),#1510,.T.);
#1586=ADVANCED_FACE('',(#142),#70,.T.);
#1587=ADVANCED_FACE('',(#143),#1511,.T.);
#1588=ADVANCED_FACE('',(#144),#71,.T.);
#1589=ADVANCED_FACE('',(#145),#1512,.T.);
#1590=ADVANCED_FACE('',(#146),#1513,.T.);
#1591=ADVANCED_FACE('',(#147),#1514,.T.);
#1592=ADVANCED_FACE('',(#148),#1515,.T.);
#1593=ADVANCED_FACE('',(#149),#72,.T.);
#1594=ADVANCED_FACE('',(#150),#1516,.T.);
#1595=CLOSED_SHELL('',(#1517,#1518,#1519,#1520,#1521,#1522,#1523,#1524,
#1525,#1526,#1527,#1528,#1529,#1530,#1531,#1532,#1533,#1534,#1535,#1536,
#1537,#1538,#1539,#1540,#1541,#1542,#1543,#1544,#1545,#1546,#1547,#1548,
#1549,#1550,#1551,#1552,#1553,#1554,#1555,#1556,#1557,#1558,#1559,#1560,
#1561,#1562,#1563,#1564,#1565,#1566,#1567,#1568,#1569,#1570,#1571,#1572,
#1573,#1574,#1575,#1576,#1577,#1578,#1579,#1580,#1581,#1582,#1583,#1584,
#1585,#1586,#1587,#1588,#1589,#1590,#1591,#1592,#1593,#1594));
#1596=DERIVED_UNIT_ELEMENT(#1598,1.);
#1597=DERIVED_UNIT_ELEMENT(#2647,-3.);
#1598=(
MASS_UNIT()
NAMED_UNIT(*)
SI_UNIT(.KILO.,.GRAM.)
);
#1599=DERIVED_UNIT((#1596,#1597));
#1600=MEASURE_REPRESENTATION_ITEM('density measure',
POSITIVE_RATIO_MEASURE(7850.),#1599);
#1601=PROPERTY_DEFINITION_REPRESENTATION(#1606,#1603);
#1602=PROPERTY_DEFINITION_REPRESENTATION(#1607,#1604);
#1603=REPRESENTATION('material name',(#1605),#2644);
#1604=REPRESENTATION('density',(#1600),#2644);
#1605=DESCRIPTIVE_REPRESENTATION_ITEM('Steel','Steel');
#1606=PROPERTY_DEFINITION('material property','material name',#2654);
#1607=PROPERTY_DEFINITION('material property','density of part',#2654);
#1608=AXIS2_PLACEMENT_3D('',#2178,#1738,#1739);
#1609=AXIS2_PLACEMENT_3D('',#2179,#1740,#1741);
#1610=AXIS2_PLACEMENT_3D('',#2181,#1742,#1743);
#1611=AXIS2_PLACEMENT_3D('',#2184,#1745,#1746);
#1612=AXIS2_PLACEMENT_3D('',#2185,#1747,#1748);
#1613=AXIS2_PLACEMENT_3D('',#2187,#1749,#1750);
#1614=AXIS2_PLACEMENT_3D('',#2190,#1752,#1753);
#1615=AXIS2_PLACEMENT_3D('',#2191,#1754,#1755);
#1616=AXIS2_PLACEMENT_3D('',#2208,#1764,#1765);
#1617=AXIS2_PLACEMENT_3D('',#2225,#1774,#1775);
#1618=AXIS2_PLACEMENT_3D('',#2227,#1776,#1777);
#1619=AXIS2_PLACEMENT_3D('',#2229,#1778,#1779);
#1620=AXIS2_PLACEMENT_3D('',#2231,#1781,#1782);
#1621=AXIS2_PLACEMENT_3D('',#2237,#1786,#1787);
#1622=AXIS2_PLACEMENT_3D('',#2238,#1788,#1789);
#1623=AXIS2_PLACEMENT_3D('',#2239,#1790,#1791);
#1624=AXIS2_PLACEMENT_3D('',#2240,#1792,#1793);
#1625=AXIS2_PLACEMENT_3D('',#2246,#1796,#1797);
#1626=AXIS2_PLACEMENT_3D('',#2250,#1799,#1800);
#1627=AXIS2_PLACEMENT_3D('',#2256,#1803,#1804);
#1628=AXIS2_PLACEMENT_3D('',#2258,#1805,#1806);
#1629=AXIS2_PLACEMENT_3D('',#2262,#1808,#1809);
#1630=AXIS2_PLACEMENT_3D('',#2266,#1811,#1812);
#1631=AXIS2_PLACEMENT_3D('',#2270,#1814,#1815);
#1632=AXIS2_PLACEMENT_3D('',#2290,#1825,#1826);
#1633=AXIS2_PLACEMENT_3D('',#2294,#1828,#1829);
#1634=AXIS2_PLACEMENT_3D('',#2298,#1831,#1832);
#1635=AXIS2_PLACEMENT_3D('',#2302,#1834,#1835);
#1636=AXIS2_PLACEMENT_3D('',#2308,#1838,#1839);
#1637=AXIS2_PLACEMENT_3D('',#2312,#1841,#1842);
#1638=AXIS2_PLACEMENT_3D('',#2316,#1844,#1845);
#1639=AXIS2_PLACEMENT_3D('',#2319,#1847,#1848);
#1640=AXIS2_PLACEMENT_3D('',#2320,#1849,#1850);
#1641=AXIS2_PLACEMENT_3D('',#2324,#1853,#1854);
#1642=AXIS2_PLACEMENT_3D('',#2328,#1857,#1858);
#1643=AXIS2_PLACEMENT_3D('',#2334,#1862,#1863);
#1644=AXIS2_PLACEMENT_3D('',#2338,#1866,#1867);
#1645=AXIS2_PLACEMENT_3D('',#2340,#1868,#1869);
#1646=AXIS2_PLACEMENT_3D('',#2344,#1871,#1872);
#1647=AXIS2_PLACEMENT_3D('',#2346,#1874,#1875);
#1648=AXIS2_PLACEMENT_3D('',#2348,#1877,#1878);
#1649=AXIS2_PLACEMENT_3D('',#2352,#1881,#1882);
#1650=AXIS2_PLACEMENT_3D('',#2358,#1886,#1887);
#1651=AXIS2_PLACEMENT_3D('',#2360,#1888,#1889);
#1652=AXIS2_PLACEMENT_3D('',#2362,#1891,#1892);
#1653=AXIS2_PLACEMENT_3D('',#2366,#1895,#1896);
#1654=AXIS2_PLACEMENT_3D('',#2388,#1908,#1909);
#1655=AXIS2_PLACEMENT_3D('',#2389,#1910,#1911);
#1656=AXIS2_PLACEMENT_3D('',#2390,#1912,#1913);
#1657=AXIS2_PLACEMENT_3D('',#2392,#1914,#1915);
#1658=AXIS2_PLACEMENT_3D('',#2395,#1917,#1918);
#1659=AXIS2_PLACEMENT_3D('',#2396,#1919,#1920);
#1660=AXIS2_PLACEMENT_3D('',#2398,#1922,#1923);
#1661=AXIS2_PLACEMENT_3D('',#2400,#1924,#1925);
#1662=AXIS2_PLACEMENT_3D('',#2407,#1929,#1930);
#1663=AXIS2_PLACEMENT_3D('',#2409,#1932,#1933);
#1664=AXIS2_PLACEMENT_3D('',#2411,#1935,#1936);
#1665=AXIS2_PLACEMENT_3D('',#2412,#1937,#1938);
#1666=AXIS2_PLACEMENT_3D('',#2418,#1942,#1943);
#1667=AXIS2_PLACEMENT_3D('',#2420,#1944,#1945);
#1668=AXIS2_PLACEMENT_3D('',#2422,#1946,#1947);
#1669=AXIS2_PLACEMENT_3D('',#2424,#1949,#1950);
#1670=AXIS2_PLACEMENT_3D('',#2426,#1952,#1953);
#1671=AXIS2_PLACEMENT_3D('',#2432,#1957,#1958);
#1672=AXIS2_PLACEMENT_3D('',#2434,#1959,#1960);
#1673=AXIS2_PLACEMENT_3D('',#2436,#1962,#1963);
#1674=AXIS2_PLACEMENT_3D('',#2440,#1965,#1966);
#1675=AXIS2_PLACEMENT_3D('',#2442,#1968,#1969);
#1676=AXIS2_PLACEMENT_3D('',#2449,#1974,#1975);
#1677=AXIS2_PLACEMENT_3D('',#2453,#1978,#1979);
#1678=AXIS2_PLACEMENT_3D('',#2456,#1981,#1982);
#1679=AXIS2_PLACEMENT_3D('',#2457,#1983,#1984);
#1680=AXIS2_PLACEMENT_3D('',#2461,#1987,#1988);
#1681=AXIS2_PLACEMENT_3D('',#2462,#1989,#1990);
#1682=AXIS2_PLACEMENT_3D('',#2463,#1991,#1992);
#1683=AXIS2_PLACEMENT_3D('',#2465,#1993,#1994);
#1684=AXIS2_PLACEMENT_3D('',#2469,#1996,#1997);
#1685=AXIS2_PLACEMENT_3D('',#2477,#2001,#2002);
#1686=AXIS2_PLACEMENT_3D('',#2481,#2004,#2005);
#1687=AXIS2_PLACEMENT_3D('',#2501,#2015,#2016);
#1688=AXIS2_PLACEMENT_3D('',#2505,#2018,#2019);
#1689=AXIS2_PLACEMENT_3D('',#2513,#2023,#2024);
#1690=AXIS2_PLACEMENT_3D('',#2516,#2026,#2027);
#1691=AXIS2_PLACEMENT_3D('',#2518,#2028,#2029);
#1692=AXIS2_PLACEMENT_3D('',#2522,#2032,#2033);
#1693=AXIS2_PLACEMENT_3D('',#2523,#2034,#2035);
#1694=AXIS2_PLACEMENT_3D('',#2525,#2037,#2038);
#1695=AXIS2_PLACEMENT_3D('',#2531,#2042,#2043);
#1696=AXIS2_PLACEMENT_3D('',#2537,#2047,#2048);
#1697=AXIS2_PLACEMENT_3D('',#2540,#2051,#2052);
#1698=AXIS2_PLACEMENT_3D('',#2543,#2055,#2056);
#1699=AXIS2_PLACEMENT_3D('',#2544,#2057,#2058);
#1700=AXIS2_PLACEMENT_3D('',#2546,#2060,#2061);
#1701=AXIS2_PLACEMENT_3D('',#2552,#2065,#2066);
#1702=AXIS2_PLACEMENT_3D('',#2558,#2070,#2071);
#1703=AXIS2_PLACEMENT_3D('',#2560,#2073,#2074);
#1704=AXIS2_PLACEMENT_3D('',#2563,#2077,#2078);
#1705=AXIS2_PLACEMENT_3D('',#2564,#2079,#2080);
#1706=AXIS2_PLACEMENT_3D('',#2566,#2082,#2083);
#1707=AXIS2_PLACEMENT_3D('',#2567,#2084,#2085);
#1708=AXIS2_PLACEMENT_3D('',#2569,#2087,#2088);
#1709=AXIS2_PLACEMENT_3D('',#2576,#2093,#2094);
#1710=AXIS2_PLACEMENT_3D('',#2578,#2096,#2097);
#1711=AXIS2_PLACEMENT_3D('',#2581,#2100,#2101);
#1712=AXIS2_PLACEMENT_3D('',#2587,#2105,#2106);
#1713=AXIS2_PLACEMENT_3D('',#2593,#2110,#2111);
#1714=AXIS2_PLACEMENT_3D('',#2594,#2112,#2113);
#1715=AXIS2_PLACEMENT_3D('',#2595,#2114,#2115);
#1716=AXIS2_PLACEMENT_3D('',#2597,#2116,#2117);
#1717=AXIS2_PLACEMENT_3D('',#2601,#2120,#2121);
#1718=AXIS2_PLACEMENT_3D('',#2603,#2123,#2124);
#1719=AXIS2_PLACEMENT_3D('',#2609,#2128,#2129);
#1720=AXIS2_PLACEMENT_3D('',#2611,#2130,#2131);
#1721=AXIS2_PLACEMENT_3D('',#2615,#2134,#2135);
#1722=AXIS2_PLACEMENT_3D('',#2616,#2136,#2137);
#1723=AXIS2_PLACEMENT_3D('',#2618,#2139,#2140);
#1724=AXIS2_PLACEMENT_3D('',#2619,#2141,#2142);
#1725=AXIS2_PLACEMENT_3D('',#2620,#2143,#2144);
#1726=AXIS2_PLACEMENT_3D('',#2623,#2147,#2148);
#1727=AXIS2_PLACEMENT_3D('',#2626,#2151,#2152);
#1728=AXIS2_PLACEMENT_3D('',#2628,#2154,#2155);
#1729=AXIS2_PLACEMENT_3D('',#2630,#2157,#2158);
#1730=AXIS2_PLACEMENT_3D('',#2632,#2160,#2161);
#1731=AXIS2_PLACEMENT_3D('',#2633,#2162,#2163);
#1732=AXIS2_PLACEMENT_3D('',#2635,#2165,#2166);
#1733=AXIS2_PLACEMENT_3D('',#2636,#2167,#2168);
#1734=AXIS2_PLACEMENT_3D('',#2637,#2169,#2170);
#1735=AXIS2_PLACEMENT_3D('',#2638,#2171,#2172);
#1736=AXIS2_PLACEMENT_3D('',#2639,#2173,#2174);
#1737=AXIS2_PLACEMENT_3D('',#2641,#2176,#2177);
#1738=DIRECTION('axis',(0.,0.,1.));
#1739=DIRECTION('refdir',(1.,0.,0.));
#1740=DIRECTION('center_axis',(0.,0.,1.));
#1741=DIRECTION('ref_axis',(1.,0.,0.));
#1742=DIRECTION('center_axis',(0.,0.,1.));
#1743=DIRECTION('ref_axis',(1.,0.,0.));
#1744=DIRECTION('',(0.,0.,1.));
#1745=DIRECTION('center_axis',(0.,0.,-1.));
#1746=DIRECTION('ref_axis',(1.,0.,0.));
#1747=DIRECTION('center_axis',(0.,0.,1.));
#1748=DIRECTION('ref_axis',(1.,0.,0.));
#1749=DIRECTION('center_axis',(0.,0.,1.));
#1750=DIRECTION('ref_axis',(1.,0.,0.));
#1751=DIRECTION('',(0.,0.,1.));
#1752=DIRECTION('center_axis',(0.,0.,-1.));
#1753=DIRECTION('ref_axis',(1.,0.,0.));
#1754=DIRECTION('center_axis',(-1.,0.,0.));
#1755=DIRECTION('ref_axis',(0.,-1.,0.));
#1756=DIRECTION('',(0.,1.,0.));
#1757=DIRECTION('',(0.,0.,1.));
#1758=DIRECTION('',(0.,-1.,0.));
#1759=DIRECTION('',(0.,0.,-1.));
#1760=DIRECTION('',(0.,1.,0.));
#1761=DIRECTION('',(0.,0.,-1.));
#1762=DIRECTION('',(0.,1.,0.));
#1763=DIRECTION('',(0.,0.,1.));
#1764=DIRECTION('center_axis',(1.,0.,0.));
#1765=DIRECTION('ref_axis',(0.,1.,0.));
#1766=DIRECTION('',(0.,-1.,0.));
#1767=DIRECTION('',(0.,0.,-1.));
#1768=DIRECTION('',(0.,-1.,0.));
#1769=DIRECTION('',(0.,0.,1.));
#1770=DIRECTION('',(0.,-1.,0.));
#1771=DIRECTION('',(0.,0.,1.));
#1772=DIRECTION('',(0.,1.,0.));
#1773=DIRECTION('',(0.,0.,1.));
#1774=DIRECTION('center_axis',(0.,0.,1.));
#1775=DIRECTION('ref_axis',(0.,-1.,0.));
#1776=DIRECTION('center_axis',(0.,0.,-1.));
#1777=DIRECTION('ref_axis',(0.,-1.,0.));
#1778=DIRECTION('center_axis',(0.,0.,1.));
#1779=DIRECTION('ref_axis',(0.,-1.,0.));
#1780=DIRECTION('',(0.,0.,1.));
#1781=DIRECTION('center_axis',(0.,-1.,0.));
#1782=DIRECTION('ref_axis',(1.,0.,0.));
#1783=DIRECTION('',(-1.,0.,0.));
#1784=DIRECTION('',(1.,0.,0.));
#1785=DIRECTION('',(0.,0.,1.));
#1786=DIRECTION('center_axis',(0.,0.,1.));
#1787=DIRECTION('ref_axis',(-1.,0.,0.));
#1788=DIRECTION('center_axis',(0.,0.,-1.));
#1789=DIRECTION('ref_axis',(-1.,0.,0.));
#1790=DIRECTION('center_axis',(0.,0.,1.));
#1791=DIRECTION('ref_axis',(-1.,0.,0.));
#1792=DIRECTION('center_axis',(0.,0.,1.));
#1793=DIRECTION('ref_axis',(1.,0.,0.));
#1794=DIRECTION('',(-1.,0.,0.));
#1795=DIRECTION('',(0.,-1.,0.));
#1796=DIRECTION('center_axis',(0.,0.,1.));
#1797=DIRECTION('ref_axis',(-1.,0.,0.));
#1798=DIRECTION('',(1.,0.,0.));
#1799=DIRECTION('center_axis',(0.,0.,1.));
#1800=DIRECTION('ref_axis',(0.,-1.,0.));
#1801=DIRECTION('',(0.,1.,0.));
#1802=DIRECTION('',(-1.,0.,0.));
#1803=DIRECTION('center_axis',(0.,0.,1.));
#1804=DIRECTION('ref_axis',(1.,0.,0.));
#1805=DIRECTION('center_axis',(0.,0.,1.));
#1806=DIRECTION('ref_axis',(1.,0.,0.));
#1807=DIRECTION('',(-1.,0.,0.));
#1808=DIRECTION('center_axis',(0.,0.,1.));
#1809=DIRECTION('ref_axis',(1.,0.,0.));
#1810=DIRECTION('',(0.,1.,0.));
#1811=DIRECTION('center_axis',(0.,0.,1.));
#1812=DIRECTION('ref_axis',(0.,-1.,0.));
#1813=DIRECTION('',(1.,0.,0.));
#1814=DIRECTION('center_axis',(0.,0.,1.));
#1815=DIRECTION('ref_axis',(0.,-1.,0.));
#1816=DIRECTION('',(1.,0.,0.));
#1817=DIRECTION('',(0.,1.,0.));
#1818=DIRECTION('',(1.,0.,0.));
#1819=DIRECTION('',(0.,-1.,0.));
#1820=DIRECTION('',(1.,0.,0.));
#1821=DIRECTION('',(0.,1.,0.));
#1822=DIRECTION('',(1.,0.,0.));
#1823=DIRECTION('',(0.,-1.,0.));
#1824=DIRECTION('',(1.,0.,0.));
#1825=DIRECTION('center_axis',(0.,0.,1.));
#1826=DIRECTION('ref_axis',(-1.,0.,0.));
#1827=DIRECTION('',(1.,0.,0.));
#1828=DIRECTION('center_axis',(0.,0.,1.));
#1829=DIRECTION('ref_axis',(-1.,0.,0.));
#1830=DIRECTION('',(0.,-1.,0.));
#1831=DIRECTION('center_axis',(0.,0.,1.));
#1832=DIRECTION('ref_axis',(0.,1.,0.));
#1833=DIRECTION('',(-1.,0.,0.));
#1834=DIRECTION('center_axis',(0.,0.,1.));
#1835=DIRECTION('ref_axis',(0.,1.,0.));
#1836=DIRECTION('',(-1.,0.,0.));
#1837=DIRECTION('',(0.,-1.,0.));
#1838=DIRECTION('center_axis',(0.,0.,1.));
#1839=DIRECTION('ref_axis',(-1.,0.,0.));
#1840=DIRECTION('',(1.,0.,0.));
#1841=DIRECTION('center_axis',(0.,0.,1.));
#1842=DIRECTION('ref_axis',(0.,-1.,0.));
#1843=DIRECTION('',(0.,1.,0.));
#1844=DIRECTION('center_axis',(0.,0.,1.));
#1845=DIRECTION('ref_axis',(1.,0.,0.));
#1846=DIRECTION('',(-1.,0.,0.));
#1847=DIRECTION('center_axis',(0.,0.,1.));
#1848=DIRECTION('ref_axis',(0.,1.,0.));
#1849=DIRECTION('center_axis',(0.,1.,0.));
#1850=DIRECTION('ref_axis',(-1.,0.,0.));
#1851=DIRECTION('',(-1.,0.,0.));
#1852=DIRECTION('',(0.,0.,-1.));
#1853=DIRECTION('center_axis',(0.,1.,0.));
#1854=DIRECTION('ref_axis',(-1.,0.,0.));
#1855=DIRECTION('',(0.,0.,1.));
#1856=DIRECTION('',(-1.,0.,0.));
#1857=DIRECTION('center_axis',(0.,0.,1.));
#1858=DIRECTION('ref_axis',(1.,0.,0.));
#1859=DIRECTION('',(1.,0.,0.));
#1860=DIRECTION('',(0.,1.,0.));
#1861=DIRECTION('',(1.,0.,0.));
#1862=DIRECTION('center_axis',(0.,0.,1.));
#1863=DIRECTION('ref_axis',(1.,0.,0.));
#1864=DIRECTION('',(1.,0.,0.));
#1865=DIRECTION('',(0.,1.,0.));
#1866=DIRECTION('center_axis',(0.,0.,1.));
#1867=DIRECTION('ref_axis',(1.,0.,0.));
#1868=DIRECTION('center_axis',(0.,0.,1.));
#1869=DIRECTION('ref_axis',(0.,1.,0.));
#1870=DIRECTION('',(1.,0.,0.));
#1871=DIRECTION('center_axis',(0.,0.,-1.));
#1872=DIRECTION('ref_axis',(1.,0.,0.));
#1873=DIRECTION('',(1.,0.,0.));
#1874=DIRECTION('center_axis',(0.,1.,0.));
#1875=DIRECTION('ref_axis',(-1.,0.,0.));
#1876=DIRECTION('',(0.,0.,-1.));
#1877=DIRECTION('center_axis',(0.,1.,0.));
#1878=DIRECTION('ref_axis',(-1.,0.,0.));
#1879=DIRECTION('',(0.,0.,1.));
#1880=DIRECTION('',(1.,0.,0.));
#1881=DIRECTION('center_axis',(-1.,0.,0.));
#1882=DIRECTION('ref_axis',(0.,-1.,0.));
#1883=DIRECTION('',(0.,1.,0.));
#1884=DIRECTION('',(0.,0.,1.));
#1885=DIRECTION('',(0.,0.,1.));
#1886=DIRECTION('center_axis',(0.,0.,1.));
#1887=DIRECTION('ref_axis',(-1.,0.,0.));
#1888=DIRECTION('center_axis',(0.,0.,-1.));
#1889=DIRECTION('ref_axis',(-1.,0.,0.));
#1890=DIRECTION('',(0.,0.,1.));
#1891=DIRECTION('center_axis',(0.,-1.,0.));
#1892=DIRECTION('ref_axis',(1.,0.,0.));
#1893=DIRECTION('',(-1.,0.,0.));
#1894=DIRECTION('',(0.,0.,1.));
#1895=DIRECTION('center_axis',(1.,0.,0.));
#1896=DIRECTION('ref_axis',(0.,1.,0.));
#1897=DIRECTION('',(0.,-1.,0.));
#1898=DIRECTION('',(0.,0.,-1.));
#1899=DIRECTION('',(0.,-1.,0.));
#1900=DIRECTION('',(0.,0.,1.));
#1901=DIRECTION('',(0.,-1.,0.));
#1902=DIRECTION('',(0.,0.,-1.));
#1903=DIRECTION('',(0.,-1.,0.));
#1904=DIRECTION('',(0.,0.,1.));
#1905=DIRECTION('',(0.,-1.,0.));
#1906=DIRECTION('',(0.,0.,1.));
#1907=DIRECTION('',(0.,0.,1.));
#1908=DIRECTION('center_axis',(0.,0.,1.));
#1909=DIRECTION('ref_axis',(0.,-1.,0.));
#1910=DIRECTION('center_axis',(0.,0.,-1.));
#1911=DIRECTION('ref_axis',(0.,-1.,0.));
#1912=DIRECTION('center_axis',(0.,0.,1.));
#1913=DIRECTION('ref_axis',(1.,0.,0.));
#1914=DIRECTION('center_axis',(0.,0.,1.));
#1915=DIRECTION('ref_axis',(1.,0.,0.));
#1916=DIRECTION('',(0.,0.,1.));
#1917=DIRECTION('center_axis',(0.,0.,-1.));
#1918=DIRECTION('ref_axis',(1.,0.,0.));
#1919=DIRECTION('center_axis',(0.,0.,1.));
#1920=DIRECTION('ref_axis',(1.,0.,0.));
#1921=DIRECTION('',(-1.,0.,0.));
#1922=DIRECTION('center_axis',(0.,0.,1.));
#1923=DIRECTION('ref_axis',(1.,0.,0.));
#1924=DIRECTION('center_axis',(0.,0.,-1.));
#1925=DIRECTION('ref_axis',(1.,0.,0.));
#1926=DIRECTION('',(0.,-1.,0.));
#1927=DIRECTION('',(1.,0.,0.));
#1928=DIRECTION('',(0.,1.,0.));
#1929=DIRECTION('center_axis',(0.,0.,-1.));
#1930=DIRECTION('ref_axis',(1.,0.,0.));
#1931=DIRECTION('',(-1.,0.,0.));
#1932=DIRECTION('center_axis',(0.,-1.,0.));
#1933=DIRECTION('ref_axis',(1.,0.,0.));
#1934=DIRECTION('',(1.,0.,0.));
#1935=DIRECTION('center_axis',(0.,-1.,0.));
#1936=DIRECTION('ref_axis',(1.,0.,0.));
#1937=DIRECTION('center_axis',(0.,1.,0.));
#1938=DIRECTION('ref_axis',(-1.,0.,0.));
#1939=DIRECTION('',(1.,0.,0.));
#1940=DIRECTION('',(0.,0.,-1.));
#1941=DIRECTION('',(1.,0.,0.));
#1942=DIRECTION('center_axis',(0.,0.,1.));
#1943=DIRECTION('ref_axis',(1.,0.,0.));
#1944=DIRECTION('center_axis',(0.,0.,-1.));
#1945=DIRECTION('ref_axis',(1.,0.,0.));
#1946=DIRECTION('center_axis',(0.,0.,1.));
#1947=DIRECTION('ref_axis',(1.,0.,0.));
#1948=DIRECTION('',(-1.,0.,0.));
#1949=DIRECTION('center_axis',(0.,1.,0.));
#1950=DIRECTION('ref_axis',(-1.,0.,0.));
#1951=DIRECTION('',(0.,0.,1.));
#1952=DIRECTION('center_axis',(1.,0.,0.));
#1953=DIRECTION('ref_axis',(0.,1.,0.));
#1954=DIRECTION('',(0.,0.,1.));
#1955=DIRECTION('',(0.,-1.,0.));
#1956=DIRECTION('',(0.,0.,1.));
#1957=DIRECTION('center_axis',(0.,0.,1.));
#1958=DIRECTION('ref_axis',(1.,0.,0.));
#1959=DIRECTION('center_axis',(0.,0.,-1.));
#1960=DIRECTION('ref_axis',(1.,0.,0.));
#1961=DIRECTION('',(0.,0.,1.));
#1962=DIRECTION('center_axis',(0.,0.,1.));
#1963=DIRECTION('ref_axis',(0.,1.,0.));
#1964=DIRECTION('',(0.,0.,1.));
#1965=DIRECTION('center_axis',(0.,0.,-1.));
#1966=DIRECTION('ref_axis',(0.,1.,0.));
#1967=DIRECTION('',(0.,0.,1.));
#1968=DIRECTION('center_axis',(0.,1.,0.));
#1969=DIRECTION('ref_axis',(-1.,0.,0.));
#1970=DIRECTION('',(1.,0.,0.));
#1971=DIRECTION('',(0.,0.,1.));
#1972=DIRECTION('',(0.,0.,-1.));
#1973=DIRECTION('',(1.,0.,0.));
#1974=DIRECTION('center_axis',(-1.,0.,0.));
#1975=DIRECTION('ref_axis',(0.,-1.,0.));
#1976=DIRECTION('',(0.,1.,0.));
#1977=DIRECTION('',(0.,0.,1.));
#1978=DIRECTION('center_axis',(0.,0.,1.));
#1979=DIRECTION('ref_axis',(0.,-1.,0.));
#1980=DIRECTION('',(0.,0.,1.));
#1981=DIRECTION('center_axis',(0.,0.,-1.));
#1982=DIRECTION('ref_axis',(0.,-1.,0.));
#1983=DIRECTION('center_axis',(0.,-1.,0.));
#1984=DIRECTION('ref_axis',(1.,0.,0.));
#1985=DIRECTION('',(0.,0.,1.));
#1986=DIRECTION('',(-1.,0.,0.));
#1987=DIRECTION('center_axis',(0.,0.,1.));
#1988=DIRECTION('ref_axis',(-1.,0.,0.));
#1989=DIRECTION('center_axis',(0.,0.,-1.));
#1990=DIRECTION('ref_axis',(-1.,0.,0.));
#1991=DIRECTION('center_axis',(0.,0.,1.));
#1992=DIRECTION('ref_axis',(1.,0.,0.));
#1993=DIRECTION('center_axis',(0.,0.,1.));
#1994=DIRECTION('ref_axis',(1.,0.,0.));
#1995=DIRECTION('',(1.,0.,0.));
#1996=DIRECTION('center_axis',(0.,0.,1.));
#1997=DIRECTION('ref_axis',(0.,1.,0.));
#1998=DIRECTION('',(0.,-1.,0.));
#1999=DIRECTION('',(-1.,0.,0.));
#2000=DIRECTION('',(0.,-1.,0.));
#2001=DIRECTION('center_axis',(0.,0.,1.));
#2002=DIRECTION('ref_axis',(-1.,0.,0.));
#2003=DIRECTION('',(-1.,0.,0.));
#2004=DIRECTION('center_axis',(0.,0.,1.));
#2005=DIRECTION('ref_axis',(-1.,0.,0.));
#2006=DIRECTION('',(1.,0.,0.));
#2007=DIRECTION('',(0.,-1.,0.));
#2008=DIRECTION('',(1.,0.,0.));
#2009=DIRECTION('',(0.,1.,0.));
#2010=DIRECTION('',(1.,0.,0.));
#2011=DIRECTION('',(0.,-1.,0.));
#2012=DIRECTION('',(1.,0.,0.));
#2013=DIRECTION('',(0.,1.,0.));
#2014=DIRECTION('',(1.,0.,0.));
#2015=DIRECTION('center_axis',(0.,0.,1.));
#2016=DIRECTION('ref_axis',(0.,-1.,0.));
#2017=DIRECTION('',(-1.,0.,0.));
#2018=DIRECTION('center_axis',(0.,0.,1.));
#2019=DIRECTION('ref_axis',(0.,-1.,0.));
#2020=DIRECTION('',(0.,1.,0.));
#2021=DIRECTION('',(-1.,0.,0.));
#2022=DIRECTION('',(0.,1.,0.));
#2023=DIRECTION('center_axis',(0.,0.,1.));
#2024=DIRECTION('ref_axis',(1.,0.,0.));
#2025=DIRECTION('',(1.,0.,0.));
#2026=DIRECTION('center_axis',(0.,0.,1.));
#2027=DIRECTION('ref_axis',(1.,0.,0.));
#2028=DIRECTION('center_axis',(0.,0.,1.));
#2029=DIRECTION('ref_axis',(1.,0.,0.));
#2030=DIRECTION('',(0.,-1.,0.));
#2031=DIRECTION('',(0.,1.,0.));
#2032=DIRECTION('center_axis',(0.,0.,1.));
#2033=DIRECTION('ref_axis',(1.,0.,0.));
#2034=DIRECTION('center_axis',(1.,0.,0.));
#2035=DIRECTION('ref_axis',(0.,1.,0.));
#2036=DIRECTION('',(0.,0.,1.));
#2037=DIRECTION('center_axis',(0.,1.,0.));
#2038=DIRECTION('ref_axis',(-1.,0.,0.));
#2039=DIRECTION('',(0.,0.,1.));
#2040=DIRECTION('',(-1.,0.,0.));
#2041=DIRECTION('',(0.,0.,1.));
#2042=DIRECTION('center_axis',(0.,0.,1.));
#2043=DIRECTION('ref_axis',(1.,0.,0.));
#2044=DIRECTION('',(0.,-1.,0.));
#2045=DIRECTION('',(1.,0.,0.));
#2046=DIRECTION('',(0.,1.,0.));
#2047=DIRECTION('center_axis',(-1.,0.,0.));
#2048=DIRECTION('ref_axis',(0.,-1.,0.));
#2049=DIRECTION('',(0.,0.,1.));
#2050=DIRECTION('',(0.,0.,1.));
#2051=DIRECTION('center_axis',(1.,0.,0.));
#2052=DIRECTION('ref_axis',(0.,1.,0.));
#2053=DIRECTION('',(0.,0.,-1.));
#2054=DIRECTION('',(0.,0.,1.));
#2055=DIRECTION('center_axis',(0.,-1.,0.));
#2056=DIRECTION('ref_axis',(1.,0.,0.));
#2057=DIRECTION('center_axis',(0.,-1.,0.));
#2058=DIRECTION('ref_axis',(1.,0.,0.));
#2059=DIRECTION('',(0.,0.,1.));
#2060=DIRECTION('center_axis',(0.,1.,0.));
#2061=DIRECTION('ref_axis',(-1.,0.,0.));
#2062=DIRECTION('',(0.,0.,1.));
#2063=DIRECTION('',(-1.,0.,0.));
#2064=DIRECTION('',(0.,0.,1.));
#2065=DIRECTION('center_axis',(0.,0.,1.));
#2066=DIRECTION('ref_axis',(1.,0.,0.));
#2067=DIRECTION('',(0.,-1.,0.));
#2068=DIRECTION('',(1.,0.,0.));
#2069=DIRECTION('',(0.,1.,0.));
#2070=DIRECTION('center_axis',(-1.,0.,0.));
#2071=DIRECTION('ref_axis',(0.,-1.,0.));
#2072=DIRECTION('',(0.,0.,1.));
#2073=DIRECTION('center_axis',(1.,0.,0.));
#2074=DIRECTION('ref_axis',(0.,1.,0.));
#2075=DIRECTION('',(0.,0.,-1.));
#2076=DIRECTION('',(0.,0.,1.));
#2077=DIRECTION('center_axis',(0.,-1.,0.));
#2078=DIRECTION('ref_axis',(1.,0.,0.));
#2079=DIRECTION('center_axis',(0.,-1.,0.));
#2080=DIRECTION('ref_axis',(1.,0.,0.));
#2081=DIRECTION('',(0.,0.,1.));
#2082=DIRECTION('center_axis',(0.,0.,1.));
#2083=DIRECTION('ref_axis',(1.,0.,0.));
#2084=DIRECTION('center_axis',(0.,0.,1.));
#2085=DIRECTION('ref_axis',(1.,0.,0.));
#2086=DIRECTION('',(0.,0.,-1.));
#2087=DIRECTION('center_axis',(0.,1.,0.));
#2088=DIRECTION('ref_axis',(-1.,0.,0.));
#2089=DIRECTION('',(0.,0.,1.));
#2090=DIRECTION('',(0.,0.,1.));
#2091=DIRECTION('',(1.,0.,0.));
#2092=DIRECTION('',(0.,0.,-1.));
#2093=DIRECTION('center_axis',(0.,0.,1.));
#2094=DIRECTION('ref_axis',(1.,0.,0.));
#2095=DIRECTION('',(0.,0.,-1.));
#2096=DIRECTION('center_axis',(0.,0.,1.));
#2097=DIRECTION('ref_axis',(1.,0.,0.));
#2098=DIRECTION('',(0.,0.,-1.));
#2099=DIRECTION('',(0.,0.,1.));
#2100=DIRECTION('center_axis',(0.,1.,0.));
#2101=DIRECTION('ref_axis',(-1.,0.,0.));
#2102=DIRECTION('',(0.,0.,1.));
#2103=DIRECTION('',(1.,0.,0.));
#2104=DIRECTION('',(0.,0.,-1.));
#2105=DIRECTION('center_axis',(1.,0.,0.));
#2106=DIRECTION('ref_axis',(0.,1.,0.));
#2107=DIRECTION('',(0.,0.,1.));
#2108=DIRECTION('',(0.,0.,1.));
#2109=DIRECTION('',(0.,1.,0.));
#2110=DIRECTION('center_axis',(0.,0.,1.));
#2111=DIRECTION('ref_axis',(0.,1.,0.));
#2112=DIRECTION('center_axis',(0.,0.,-1.));
#2113=DIRECTION('ref_axis',(0.,1.,0.));
#2114=DIRECTION('center_axis',(0.,0.,1.));
#2115=DIRECTION('ref_axis',(1.,0.,0.));
#2116=DIRECTION('center_axis',(0.,0.,1.));
#2117=DIRECTION('ref_axis',(0.,1.,0.));
#2118=DIRECTION('',(0.,-1.,0.));
#2119=DIRECTION('',(-1.,0.,0.));
#2120=DIRECTION('center_axis',(0.,-1.,0.));
#2121=DIRECTION('ref_axis',(1.,0.,0.));
#2122=DIRECTION('',(0.,0.,-1.));
#2123=DIRECTION('center_axis',(0.,-1.,0.));
#2124=DIRECTION('ref_axis',(1.,0.,0.));
#2125=DIRECTION('',(0.,0.,1.));
#2126=DIRECTION('',(-1.,0.,0.));
#2127=DIRECTION('',(0.,0.,-1.));
#2128=DIRECTION('center_axis',(0.,0.,1.));
#2129=DIRECTION('ref_axis',(1.,0.,0.));
#2130=DIRECTION('center_axis',(0.,0.,-1.));
#2131=DIRECTION('ref_axis',(1.,0.,0.));
#2132=DIRECTION('',(0.,-1.,0.));
#2133=DIRECTION('',(0.,1.,0.));
#2134=DIRECTION('center_axis',(0.,0.,1.));
#2135=DIRECTION('ref_axis',(1.,0.,0.));
#2136=DIRECTION('center_axis',(-1.,0.,0.));
#2137=DIRECTION('ref_axis',(0.,-1.,0.));
#2138=DIRECTION('',(0.,0.,1.));
#2139=DIRECTION('center_axis',(0.,0.,1.));
#2140=DIRECTION('ref_axis',(1.,0.,0.));
#2141=DIRECTION('center_axis',(-1.,0.,0.));
#2142=DIRECTION('ref_axis',(0.,-1.,0.));
#2143=DIRECTION('center_axis',(0.,-1.,0.));
#2144=DIRECTION('ref_axis',(1.,0.,0.));
#2145=DIRECTION('',(0.,0.,1.));
#2146=DIRECTION('',(0.,0.,1.));
#2147=DIRECTION('center_axis',(0.,-1.,0.));
#2148=DIRECTION('ref_axis',(1.,0.,0.));
#2149=DIRECTION('',(0.,0.,-1.));
#2150=DIRECTION('',(0.,0.,-1.));
#2151=DIRECTION('center_axis',(0.,0.,1.));
#2152=DIRECTION('ref_axis',(1.,0.,0.));
#2153=DIRECTION('',(0.,0.,1.));
#2154=DIRECTION('center_axis',(0.,0.,1.));
#2155=DIRECTION('ref_axis',(-1.,0.,0.));
#2156=DIRECTION('',(0.,0.,1.));
#2157=DIRECTION('center_axis',(-1.,0.,0.));
#2158=DIRECTION('ref_axis',(0.,-1.,0.));
#2159=DIRECTION('',(0.,0.,1.));
#2160=DIRECTION('center_axis',(0.,0.,1.));
#2161=DIRECTION('ref_axis',(0.,1.,0.));
#2162=DIRECTION('center_axis',(1.,0.,0.));
#2163=DIRECTION('ref_axis',(0.,1.,0.));
#2164=DIRECTION('',(0.,0.,1.));
#2165=DIRECTION('center_axis',(0.,0.,1.));
#2166=DIRECTION('ref_axis',(0.,-1.,0.));
#2167=DIRECTION('center_axis',(0.,0.,1.));
#2168=DIRECTION('ref_axis',(1.,0.,0.));
#2169=DIRECTION('center_axis',(0.,0.,1.));
#2170=DIRECTION('ref_axis',(0.,-1.,0.));
#2171=DIRECTION('center_axis',(0.,0.,1.));
#2172=DIRECTION('ref_axis',(0.,1.,0.));
#2173=DIRECTION('center_axis',(0.,-1.,0.));
#2174=DIRECTION('ref_axis',(1.,0.,0.));
#2175=DIRECTION('',(0.,0.,1.));
#2176=DIRECTION('center_axis',(0.,0.,1.));
#2177=DIRECTION('ref_axis',(-1.,0.,0.));
#2178=CARTESIAN_POINT('',(0.,0.,0.));
#2179=CARTESIAN_POINT('Origin',(-0.6753,4.6317,0.909));
#2180=CARTESIAN_POINT('',(-0.7953,4.6317,0.91));
#2181=CARTESIAN_POINT('Origin',(-0.6753,4.6317,0.91));
#2182=CARTESIAN_POINT('',(-0.7953,4.6317,1.21));
#2183=CARTESIAN_POINT('',(-0.7953,4.6317,0.909));
#2184=CARTESIAN_POINT('Origin',(-0.6753,4.6317,1.21));
#2185=CARTESIAN_POINT('Origin',(-2.1993,4.6317,0.909));
#2186=CARTESIAN_POINT('',(-2.3193,4.6317,0.91));
#2187=CARTESIAN_POINT('Origin',(-2.1993,4.6317,0.91));
#2188=CARTESIAN_POINT('',(-2.3193,4.6317,1.21));
#2189=CARTESIAN_POINT('',(-2.3193,4.6317,0.909));
#2190=CARTESIAN_POINT('Origin',(-2.1993,4.6317,1.21));
#2191=CARTESIAN_POINT('Origin',(-1.982,4.9062,0.909));
#2192=CARTESIAN_POINT('',(-1.982,4.1962,0.99));
#2193=CARTESIAN_POINT('',(-1.982,4.5080848310279,0.99));
#2194=CARTESIAN_POINT('',(-1.982,4.308575,0.99));
#2195=CARTESIAN_POINT('',(-1.982,4.1962,0.91));
#2196=CARTESIAN_POINT('',(-1.982,4.1962,0.909));
#2197=CARTESIAN_POINT('',(-1.982,4.8857,0.91));
#2198=CARTESIAN_POINT('',(-1.982,4.308575,0.91));
#2199=CARTESIAN_POINT('',(-1.982,4.8857,0.99));
#2200=CARTESIAN_POINT('',(-1.982,4.8857,0.9095));
#2201=CARTESIAN_POINT('',(-1.982,4.8162,0.99));
#2202=CARTESIAN_POINT('',(-1.982,4.308575,0.99));
#2203=CARTESIAN_POINT('',(-1.982,4.8162,1.21));
#2204=CARTESIAN_POINT('',(-1.982,4.8162,0.8595));
#2205=CARTESIAN_POINT('',(-1.982,4.5080848310279,1.21));
#2206=CARTESIAN_POINT('',(-1.982,4.308575,1.21));
#2207=CARTESIAN_POINT('',(-1.982,4.5080848310279,0.91));
#2208=CARTESIAN_POINT('Origin',(-1.6665,4.1962,0.909));
#2209=CARTESIAN_POINT('',(-1.6665,4.7357,0.99));
#2210=CARTESIAN_POINT('',(-1.6665,4.1962,0.99));
#2211=CARTESIAN_POINT('',(-1.6665,3.953575,0.99));
#2212=CARTESIAN_POINT('',(-1.6665,4.7357,1.21));
#2213=CARTESIAN_POINT('',(-1.6665,4.7357,0.9095));
#2214=CARTESIAN_POINT('',(-1.6665,4.8162,1.21));
#2215=CARTESIAN_POINT('',(-1.6665,3.953575,1.21));
#2216=CARTESIAN_POINT('',(-1.6665,4.8162,0.99));
#2217=CARTESIAN_POINT('',(-1.6665,4.8162,0.8595));
#2218=CARTESIAN_POINT('',(-1.6665,4.8857,0.99));
#2219=CARTESIAN_POINT('',(-1.6665,3.953575,0.99));
#2220=CARTESIAN_POINT('',(-1.6665,4.8857,0.91));
#2221=CARTESIAN_POINT('',(-1.6665,4.8857,0.9095));
#2222=CARTESIAN_POINT('',(-1.6665,4.1962,0.91));
#2223=CARTESIAN_POINT('',(-1.6665,3.953575,0.91));
#2224=CARTESIAN_POINT('',(-1.6665,4.1962,0.909));
#2225=CARTESIAN_POINT('Origin',(-1.6965,4.1962,0.909));
#2226=CARTESIAN_POINT('',(-1.6965,4.1662,0.99));
#2227=CARTESIAN_POINT('Origin',(-1.6965,4.1962,0.99));
#2228=CARTESIAN_POINT('',(-1.6965,4.1662,0.91));
#2229=CARTESIAN_POINT('Origin',(-1.6965,4.1962,0.91));
#2230=CARTESIAN_POINT('',(-1.6965,4.1662,0.909));
#2231=CARTESIAN_POINT('Origin',(-1.952,4.1662,0.909));
#2232=CARTESIAN_POINT('',(-1.952,4.1662,0.99));
#2233=CARTESIAN_POINT('',(-1.701,4.1662,0.99));
#2234=CARTESIAN_POINT('',(-1.952,4.1662,0.91));
#2235=CARTESIAN_POINT('',(-1.701,4.1662,0.91));
#2236=CARTESIAN_POINT('',(-1.952,4.1662,0.909));
#2237=CARTESIAN_POINT('Origin',(-1.952,4.1962,0.909));
#2238=CARTESIAN_POINT('Origin',(-1.952,4.1962,0.99));
#2239=CARTESIAN_POINT('Origin',(-1.952,4.1962,0.91));
#2240=CARTESIAN_POINT('Origin',(-1.45,3.71095,0.91));
#2241=CARTESIAN_POINT('',(-1.2335,4.8857,0.91));
#2242=CARTESIAN_POINT('',(-0.688,4.8857,0.91));
#2243=CARTESIAN_POINT('',(-1.2335,4.1962,0.91));
#2244=CARTESIAN_POINT('',(-1.2335,4.308575,0.91));
#2245=CARTESIAN_POINT('',(-1.2035,4.1662,0.91));
#2246=CARTESIAN_POINT('Origin',(-1.2035,4.1962,0.91));
#2247=CARTESIAN_POINT('',(-0.948,4.1662,0.91));
#2248=CARTESIAN_POINT('',(-1.32675,4.1662,0.91));
#2249=CARTESIAN_POINT('',(-0.918000000000001,4.1962,0.91));
#2250=CARTESIAN_POINT('Origin',(-0.948,4.1962,0.91));
#2251=CARTESIAN_POINT('',(-0.918,4.8857,0.91));
#2252=CARTESIAN_POINT('',(-0.918,3.953575,0.91));
#2253=CARTESIAN_POINT('',(-0.688,4.8857,0.91));
#2254=CARTESIAN_POINT('',(-0.688,4.8857,0.91));
#2255=CARTESIAN_POINT('',(-0.602279921259827,4.87079844855368,0.91));
#2256=CARTESIAN_POINT('Origin',(-0.688,4.6317,0.91));
#2257=CARTESIAN_POINT('',(-0.506599822169626,4.8162,0.91));
#2258=CARTESIAN_POINT('Origin',(-0.6753,4.6317,0.91));
#2259=CARTESIAN_POINT('',(-0.328589719123117,4.8162,0.91));
#2260=CARTESIAN_POINT('',(-0.692,4.8162,0.91));
#2261=CARTESIAN_POINT('',(-0.284,4.6317,0.91));
#2262=CARTESIAN_POINT('Origin',(-0.688,4.6317,0.91));
#2263=CARTESIAN_POINT('',(-0.284,2.7902,0.91));
#2264=CARTESIAN_POINT('',(-0.284,2.7902,0.91));
#2265=CARTESIAN_POINT('',(-0.318784615705142,2.6262,0.91));
#2266=CARTESIAN_POINT('Origin',(-0.688,2.7902,0.91));
#2267=CARTESIAN_POINT('',(-0.494041241497065,2.6262,0.91));
#2268=CARTESIAN_POINT('',(-2.242,2.6262,0.91));
#2269=CARTESIAN_POINT('',(-0.688,2.5362,0.91));
#2270=CARTESIAN_POINT('Origin',(-0.688,2.7902,0.91));
#2271=CARTESIAN_POINT('',(-1.054,2.5362,0.91));
#2272=CARTESIAN_POINT('',(-2.212,2.5362,0.91));
#2273=CARTESIAN_POINT('',(-1.054,2.3862,0.91));
#2274=CARTESIAN_POINT('',(-1.054,2.3862,0.91));
#2275=CARTESIAN_POINT('',(-1.214,2.3862,0.91));
#2276=CARTESIAN_POINT('',(-1.214,2.3862,0.91));
#2277=CARTESIAN_POINT('',(-1.214,2.5362,0.91));
#2278=CARTESIAN_POINT('',(-1.214,2.6462,0.91));
#2279=CARTESIAN_POINT('',(-1.724,2.5362,0.91));
#2280=CARTESIAN_POINT('',(-2.212,2.5362,0.91));
#2281=CARTESIAN_POINT('',(-1.724,2.3862,0.91));
#2282=CARTESIAN_POINT('',(-1.724,2.3862,0.91));
#2283=CARTESIAN_POINT('',(-1.884,2.3862,0.91));
#2284=CARTESIAN_POINT('',(-1.884,2.3862,0.91));
#2285=CARTESIAN_POINT('',(-1.884,2.5362,0.91));
#2286=CARTESIAN_POINT('',(-1.884,2.6462,0.91));
#2287=CARTESIAN_POINT('',(-2.212,2.5362,0.91));
#2288=CARTESIAN_POINT('',(-2.212,2.5362,0.91));
#2289=CARTESIAN_POINT('',(-2.40595875850294,2.6262,0.91));
#2290=CARTESIAN_POINT('Origin',(-2.212,2.7902,0.91));
#2291=CARTESIAN_POINT('',(-2.58121538429486,2.6262,0.91));
#2292=CARTESIAN_POINT('',(-2.242,2.6262,0.91));
#2293=CARTESIAN_POINT('',(-2.616,2.7902,0.91));
#2294=CARTESIAN_POINT('Origin',(-2.212,2.7902,0.91));
#2295=CARTESIAN_POINT('',(-2.616,4.6317,0.91));
#2296=CARTESIAN_POINT('',(-2.616,4.6317,0.91));
#2297=CARTESIAN_POINT('',(-2.57141028087688,4.8162,0.91));
#2298=CARTESIAN_POINT('Origin',(-2.212,4.6317,0.91));
#2299=CARTESIAN_POINT('',(-2.38657305061206,4.8162,0.91));
#2300=CARTESIAN_POINT('',(-0.692,4.8162,0.91));
#2301=CARTESIAN_POINT('',(-2.212,4.8857,0.91));
#2302=CARTESIAN_POINT('Origin',(-2.212,4.6317,0.91));
#2303=CARTESIAN_POINT('',(-0.688,4.8857,0.91));
#2304=CARTESIAN_POINT('',(-2.386,3.1362,0.91));
#2305=CARTESIAN_POINT('',(-2.386,2.6962,0.91));
#2306=CARTESIAN_POINT('',(-2.386,3.423575,0.91));
#2307=CARTESIAN_POINT('',(-2.356,2.6662,0.91));
#2308=CARTESIAN_POINT('Origin',(-2.356,2.6962,0.91));
#2309=CARTESIAN_POINT('',(-0.544,2.6662,0.91));
#2310=CARTESIAN_POINT('',(-1.903,2.6662,0.91));
#2311=CARTESIAN_POINT('',(-0.514,2.6962,0.91));
#2312=CARTESIAN_POINT('Origin',(-0.544,2.6962,0.91));
#2313=CARTESIAN_POINT('',(-0.514,3.1362,0.91));
#2314=CARTESIAN_POINT('',(-0.514,3.203575,0.91));
#2315=CARTESIAN_POINT('',(-0.544,3.1662,0.91));
#2316=CARTESIAN_POINT('Origin',(-0.544,3.1362,0.91));
#2317=CARTESIAN_POINT('',(-2.356,3.1662,0.91));
#2318=CARTESIAN_POINT('',(-0.997,3.1662,0.91));
#2319=CARTESIAN_POINT('Origin',(-2.356,3.1362,0.91));
#2320=CARTESIAN_POINT('Origin',(-0.688,4.8857,0.91));
#2321=CARTESIAN_POINT('',(-1.2335,4.8857,0.99));
#2322=CARTESIAN_POINT('',(-0.688,4.8857,0.99));
#2323=CARTESIAN_POINT('',(-1.2335,4.8857,0.9095));
#2324=CARTESIAN_POINT('Origin',(-0.688,4.8857,0.91));
#2325=CARTESIAN_POINT('',(-2.212,4.8857,0.99));
#2326=CARTESIAN_POINT('',(-2.212,4.8857,0.91));
#2327=CARTESIAN_POINT('',(-0.688,4.8857,0.99));
#2328=CARTESIAN_POINT('Origin',(-1.45,3.71095,1.21));
#2329=CARTESIAN_POINT('',(-1.2335,4.7357,1.21));
#2330=CARTESIAN_POINT('',(-0.688,4.7357,1.21));
#2331=CARTESIAN_POINT('',(-1.2335,4.8162,1.21));
#2332=CARTESIAN_POINT('',(-1.2335,4.308575,1.21));
#2333=CARTESIAN_POINT('',(-0.692,4.8162,1.21));
#2334=CARTESIAN_POINT('Origin',(-1.45,3.71095,0.99));
#2335=CARTESIAN_POINT('',(-1.2335,4.8162,0.99));
#2336=CARTESIAN_POINT('',(-0.692,4.8162,0.99));
#2337=CARTESIAN_POINT('',(-1.2335,4.308575,0.99));
#2338=CARTESIAN_POINT('Origin',(-1.45,3.71095,0.99));
#2339=CARTESIAN_POINT('',(-2.38657305061206,4.8162,0.99));
#2340=CARTESIAN_POINT('Origin',(-2.212,4.6317,0.99));
#2341=CARTESIAN_POINT('',(-2.36800017783037,4.8162,0.99));
#2342=CARTESIAN_POINT('',(-0.692,4.8162,0.99));
#2343=CARTESIAN_POINT('',(-2.03059982216963,4.8162,0.99));
#2344=CARTESIAN_POINT('Origin',(-2.1993,4.6317,0.99));
#2345=CARTESIAN_POINT('',(-0.692,4.8162,0.99));
#2346=CARTESIAN_POINT('Origin',(0.066,4.8162,0.81));
#2347=CARTESIAN_POINT('',(-1.2335,4.8162,0.8595));
#2348=CARTESIAN_POINT('Origin',(0.066,4.8162,0.81));
#2349=CARTESIAN_POINT('',(-2.03059982216963,4.8162,1.21));
#2350=CARTESIAN_POINT('',(-2.03059982216963,4.8162,0.91));
#2351=CARTESIAN_POINT('',(-0.692,4.8162,1.21));
#2352=CARTESIAN_POINT('Origin',(-1.2335,4.9062,0.909));
#2353=CARTESIAN_POINT('',(-1.2335,4.1962,0.99));
#2354=CARTESIAN_POINT('',(-1.2335,4.7357,0.99));
#2355=CARTESIAN_POINT('',(-1.2335,4.308575,0.99));
#2356=CARTESIAN_POINT('',(-1.2335,4.1962,0.909));
#2357=CARTESIAN_POINT('',(-1.2335,4.7357,0.9095));
#2358=CARTESIAN_POINT('Origin',(-1.2035,4.1962,0.909));
#2359=CARTESIAN_POINT('',(-1.2035,4.1662,0.99));
#2360=CARTESIAN_POINT('Origin',(-1.2035,4.1962,0.99));
#2361=CARTESIAN_POINT('',(-1.2035,4.1662,0.909));
#2362=CARTESIAN_POINT('Origin',(-1.2035,4.1662,0.909));
#2363=CARTESIAN_POINT('',(-0.948,4.1662,0.99));
#2364=CARTESIAN_POINT('',(-1.32675,4.1662,0.99));
#2365=CARTESIAN_POINT('',(-0.948,4.1662,0.909));
#2366=CARTESIAN_POINT('Origin',(-0.918,4.1962,0.909));
#2367=CARTESIAN_POINT('',(-0.918,4.57172742293348,0.99));
#2368=CARTESIAN_POINT('',(-0.918000000000001,4.1962,0.99));
#2369=CARTESIAN_POINT('',(-0.918,3.953575,0.99));
#2370=CARTESIAN_POINT('',(-0.918,4.57172742293348,1.21));
#2371=CARTESIAN_POINT('',(-0.918,4.57172742293348,0.91));
#2372=CARTESIAN_POINT('',(-0.918,4.69167257706652,1.21));
#2373=CARTESIAN_POINT('',(-0.918,3.953575,1.21));
#2374=CARTESIAN_POINT('',(-0.918,4.69167257706652,0.99));
#2375=CARTESIAN_POINT('',(-0.918,4.69167257706652,0.91));
#2376=CARTESIAN_POINT('',(-0.918,4.7357,0.99));
#2377=CARTESIAN_POINT('',(-0.918,3.953575,0.99));
#2378=CARTESIAN_POINT('',(-0.918,4.7357,1.21));
#2379=CARTESIAN_POINT('',(-0.918,4.7357,0.9095));
#2380=CARTESIAN_POINT('',(-0.918,4.8162,1.21));
#2381=CARTESIAN_POINT('',(-0.918,3.953575,1.21));
#2382=CARTESIAN_POINT('',(-0.918,4.8162,0.99));
#2383=CARTESIAN_POINT('',(-0.918,4.8162,0.8595));
#2384=CARTESIAN_POINT('',(-0.918,4.8857,0.99));
#2385=CARTESIAN_POINT('',(-0.918,3.953575,0.99));
#2386=CARTESIAN_POINT('',(-0.918,4.8857,0.9095));
#2387=CARTESIAN_POINT('',(-0.918000000000001,4.1962,0.909));
#2388=CARTESIAN_POINT('Origin',(-0.948,4.1962,0.909));
#2389=CARTESIAN_POINT('Origin',(-0.948,4.1962,0.99));
#2390=CARTESIAN_POINT('Origin',(-0.6753,4.6317,0.91));
#2391=CARTESIAN_POINT('',(-0.902641153335686,4.7357,1.21));
#2392=CARTESIAN_POINT('Origin',(-0.6753,4.6317,1.21));
#2393=CARTESIAN_POINT('',(-0.902641153335686,4.7357,0.99));
#2394=CARTESIAN_POINT('',(-0.902641153335686,4.7357,0.91));
#2395=CARTESIAN_POINT('Origin',(-0.6753,4.6317,0.99));
#2396=CARTESIAN_POINT('Origin',(-1.45,3.71095,0.99));
#2397=CARTESIAN_POINT('',(-1.831,4.7357,0.99));
#2398=CARTESIAN_POINT('Origin',(-1.45,3.71095,0.99));
#2399=CARTESIAN_POINT('',(-2.316,4.41060927201712,0.99));
#2400=CARTESIAN_POINT('Origin',(-2.1993,4.6317,0.99));
#2401=CARTESIAN_POINT('',(-2.316,3.1662,0.99));
#2402=CARTESIAN_POINT('',(-2.316,3.250575,0.99));
#2403=CARTESIAN_POINT('',(-0.584,3.1662,0.99));
#2404=CARTESIAN_POINT('',(-0.997,3.1662,0.99));
#2405=CARTESIAN_POINT('',(-0.584,4.39896772892441,0.99));
#2406=CARTESIAN_POINT('',(-0.584,4.171325,0.99));
#2407=CARTESIAN_POINT('Origin',(-0.6753,4.6317,0.99));
#2408=CARTESIAN_POINT('',(-1.831,4.7357,0.99));
#2409=CARTESIAN_POINT('Origin',(-2.212,4.7357,0.91));
#2410=CARTESIAN_POINT('',(-0.688,4.7357,1.21));
#2411=CARTESIAN_POINT('Origin',(-2.212,4.7357,0.91));
#2412=CARTESIAN_POINT('Origin',(0.066,4.8162,0.81));
#2413=CARTESIAN_POINT('',(-0.844000177830374,4.8162,1.21));
#2414=CARTESIAN_POINT('',(-0.692,4.8162,1.21));
#2415=CARTESIAN_POINT('',(-0.844000177830374,4.8162,0.99));
#2416=CARTESIAN_POINT('',(-0.844000177830374,4.8162,0.91));
#2417=CARTESIAN_POINT('',(-0.692,4.8162,0.99));
#2418=CARTESIAN_POINT('Origin',(-1.45,3.71095,0.99));
#2419=CARTESIAN_POINT('',(-0.602279921259827,4.87079844855368,0.99));
#2420=CARTESIAN_POINT('Origin',(-0.6753,4.6317,0.99));
#2421=CARTESIAN_POINT('',(-0.688,4.8857,0.99));
#2422=CARTESIAN_POINT('Origin',(-0.688,4.6317,0.99));
#2423=CARTESIAN_POINT('',(-0.688,4.8857,0.99));
#2424=CARTESIAN_POINT('Origin',(-0.688,4.8857,0.91));
#2425=CARTESIAN_POINT('',(-0.688,4.8857,0.91));
#2426=CARTESIAN_POINT('Origin',(-0.514,2.6962,0.909));
#2427=CARTESIAN_POINT('',(-0.514,2.6962,1.21));
#2428=CARTESIAN_POINT('',(-0.514,2.6962,0.909));
#2429=CARTESIAN_POINT('',(-0.514,3.1362,1.21));
#2430=CARTESIAN_POINT('',(-0.514,3.203575,1.21));
#2431=CARTESIAN_POINT('',(-0.514,3.1362,0.909));
#2432=CARTESIAN_POINT('Origin',(-0.544,3.1362,0.909));
#2433=CARTESIAN_POINT('',(-0.544,3.1662,1.21));
#2434=CARTESIAN_POINT('Origin',(-0.544,3.1362,1.21));
#2435=CARTESIAN_POINT('',(-0.544,3.1662,0.909));
#2436=CARTESIAN_POINT('Origin',(-2.356,3.1362,0.909));
#2437=CARTESIAN_POINT('',(-2.356,3.1662,1.21));
#2438=CARTESIAN_POINT('',(-2.356,3.1662,0.909));
#2439=CARTESIAN_POINT('',(-2.386,3.1362,1.21));
#2440=CARTESIAN_POINT('Origin',(-2.356,3.1362,1.21));
#2441=CARTESIAN_POINT('',(-2.386,3.1362,0.909));
#2442=CARTESIAN_POINT('Origin',(-0.544,3.1662,0.909));
#2443=CARTESIAN_POINT('',(-0.584,3.1662,1.21));
#2444=CARTESIAN_POINT('',(-0.997,3.1662,1.21));
#2445=CARTESIAN_POINT('',(-0.584,3.1662,0.9095));
#2446=CARTESIAN_POINT('',(-2.316,3.1662,1.21));
#2447=CARTESIAN_POINT('',(-2.316,3.1662,0.9095));
#2448=CARTESIAN_POINT('',(-0.997,3.1662,1.21));
#2449=CARTESIAN_POINT('Origin',(-2.386,3.1362,0.909));
#2450=CARTESIAN_POINT('',(-2.386,2.6962,1.21));
#2451=CARTESIAN_POINT('',(-2.386,3.423575,1.21));
#2452=CARTESIAN_POINT('',(-2.386,2.6962,0.909));
#2453=CARTESIAN_POINT('Origin',(-0.544,2.6962,0.909));
#2454=CARTESIAN_POINT('',(-0.544,2.6662,1.21));
#2455=CARTESIAN_POINT('',(-0.544,2.6662,0.909));
#2456=CARTESIAN_POINT('Origin',(-0.544,2.6962,1.21));
#2457=CARTESIAN_POINT('Origin',(-2.356,2.6662,0.909));
#2458=CARTESIAN_POINT('',(-2.356,2.6662,1.21));
#2459=CARTESIAN_POINT('',(-2.356,2.6662,0.909));
#2460=CARTESIAN_POINT('',(-1.903,2.6662,1.21));
#2461=CARTESIAN_POINT('Origin',(-2.356,2.6962,0.909));
#2462=CARTESIAN_POINT('Origin',(-2.356,2.6962,1.21));
#2463=CARTESIAN_POINT('Origin',(-1.45,3.71095,1.21));
#2464=CARTESIAN_POINT('',(-2.36800017783037,4.8162,1.21));
#2465=CARTESIAN_POINT('Origin',(-2.1993,4.6317,1.21));
#2466=CARTESIAN_POINT('',(-2.42790680860038,4.8162,1.21));
#2467=CARTESIAN_POINT('',(-0.692,4.8162,1.21));
#2468=CARTESIAN_POINT('',(-2.496,4.6317,1.21));
#2469=CARTESIAN_POINT('Origin',(-2.212,4.6317,1.21));
#2470=CARTESIAN_POINT('',(-2.496,3.1562,1.21));
#2471=CARTESIAN_POINT('',(-2.496,3.250575,1.21));
#2472=CARTESIAN_POINT('',(-2.616,3.1562,1.21));
#2473=CARTESIAN_POINT('',(-2.242,3.1562,1.21));
#2474=CARTESIAN_POINT('',(-2.616,2.7902,1.21));
#2475=CARTESIAN_POINT('',(-2.616,4.6317,1.21));
#2476=CARTESIAN_POINT('',(-2.58121538429486,2.6262,1.21));
#2477=CARTESIAN_POINT('Origin',(-2.212,2.7902,1.21));
#2478=CARTESIAN_POINT('',(-2.40595875850294,2.6262,1.21));
#2479=CARTESIAN_POINT('',(-2.242,2.6262,1.21));
#2480=CARTESIAN_POINT('',(-2.212,2.5362,1.21));
#2481=CARTESIAN_POINT('Origin',(-2.212,2.7902,1.21));
#2482=CARTESIAN_POINT('',(-1.884,2.5362,1.21));
#2483=CARTESIAN_POINT('',(-2.212,2.5362,1.21));
#2484=CARTESIAN_POINT('',(-1.884,2.5062,1.21));
#2485=CARTESIAN_POINT('',(-1.884,2.6462,1.21));
#2486=CARTESIAN_POINT('',(-1.724,2.5062,1.21));
#2487=CARTESIAN_POINT('',(-1.587,2.5062,1.21));
#2488=CARTESIAN_POINT('',(-1.724,2.5362,1.21));
#2489=CARTESIAN_POINT('',(-1.724,2.3862,1.21));
#2490=CARTESIAN_POINT('',(-1.214,2.5362,1.21));
#2491=CARTESIAN_POINT('',(-2.212,2.5362,1.21));
#2492=CARTESIAN_POINT('',(-1.214,2.5062,1.21));
#2493=CARTESIAN_POINT('',(-1.214,2.6462,1.21));
#2494=CARTESIAN_POINT('',(-1.054,2.5062,1.21));
#2495=CARTESIAN_POINT('',(-1.252,2.5062,1.21));
#2496=CARTESIAN_POINT('',(-1.054,2.5362,1.21));
#2497=CARTESIAN_POINT('',(-1.054,2.3862,1.21));
#2498=CARTESIAN_POINT('',(-0.688,2.5362,1.21));
#2499=CARTESIAN_POINT('',(-2.212,2.5362,1.21));
#2500=CARTESIAN_POINT('',(-0.494041241497065,2.6262,1.21));
#2501=CARTESIAN_POINT('Origin',(-0.688,2.7902,1.21));
#2502=CARTESIAN_POINT('',(-0.318784615705142,2.6262,1.21));
#2503=CARTESIAN_POINT('',(-2.242,2.6262,1.21));
#2504=CARTESIAN_POINT('',(-0.284,2.7902,1.21));
#2505=CARTESIAN_POINT('Origin',(-0.688,2.7902,1.21));
#2506=CARTESIAN_POINT('',(-0.284,3.1562,1.21));
#2507=CARTESIAN_POINT('',(-0.284,2.7902,1.21));
#2508=CARTESIAN_POINT('',(-0.404,3.1562,1.21));
#2509=CARTESIAN_POINT('',(-2.242,3.1562,1.21));
#2510=CARTESIAN_POINT('',(-0.404,4.6317,1.21));
#2511=CARTESIAN_POINT('',(-0.404,4.171325,1.21));
#2512=CARTESIAN_POINT('',(-0.472093191399622,4.8162,1.21));
#2513=CARTESIAN_POINT('Origin',(-0.688,4.6317,1.21));
#2514=CARTESIAN_POINT('',(-0.506599822169626,4.8162,1.21));
#2515=CARTESIAN_POINT('',(-0.692,4.8162,1.21));
#2516=CARTESIAN_POINT('Origin',(-0.6753,4.6317,1.21));
#2517=CARTESIAN_POINT('',(-0.584,4.39896772892441,1.21));
#2518=CARTESIAN_POINT('Origin',(-0.6753,4.6317,1.21));
#2519=CARTESIAN_POINT('',(-0.584,2.7902,1.21));
#2520=CARTESIAN_POINT('',(-2.316,4.41060927201712,1.21));
#2521=CARTESIAN_POINT('',(-2.316,4.6317,1.21));
#2522=CARTESIAN_POINT('Origin',(-2.1993,4.6317,1.21));
#2523=CARTESIAN_POINT('Origin',(-2.316,2.7902,0.91));
#2524=CARTESIAN_POINT('',(-2.316,4.41060927201712,0.91));
#2525=CARTESIAN_POINT('Origin',(-1.724,2.5062,1.21));
#2526=CARTESIAN_POINT('',(-1.884,2.5062,1.33));
#2527=CARTESIAN_POINT('',(-1.884,2.5062,1.21));
#2528=CARTESIAN_POINT('',(-1.724,2.5062,1.33));
#2529=CARTESIAN_POINT('',(-1.724,2.5062,1.33));
#2530=CARTESIAN_POINT('',(-1.724,2.5062,1.21));
#2531=CARTESIAN_POINT('Origin',(-1.804,2.4462,1.33));
#2532=CARTESIAN_POINT('',(-1.884,2.3862,1.33));
#2533=CARTESIAN_POINT('',(-1.884,2.5062,1.33));
#2534=CARTESIAN_POINT('',(-1.724,2.3862,1.33));
#2535=CARTESIAN_POINT('',(-1.884,2.3862,1.33));
#2536=CARTESIAN_POINT('',(-1.724,2.3862,1.33));
#2537=CARTESIAN_POINT('Origin',(-1.884,2.6462,0.91));
#2538=CARTESIAN_POINT('',(-1.884,2.5362,0.91));
#2539=CARTESIAN_POINT('',(-1.884,2.3862,0.91));
#2540=CARTESIAN_POINT('Origin',(-1.724,2.3862,0.91));
#2541=CARTESIAN_POINT('',(-1.724,2.5362,0.91));
#2542=CARTESIAN_POINT('',(-1.724,2.3862,0.91));
#2543=CARTESIAN_POINT('Origin',(-1.884,2.3862,0.91));
#2544=CARTESIAN_POINT('Origin',(-2.212,2.5362,0.91));
#2545=CARTESIAN_POINT('',(-1.214,2.5362,0.91));
#2546=CARTESIAN_POINT('Origin',(-1.054,2.5062,1.21));
#2547=CARTESIAN_POINT('',(-1.214,2.5062,1.33));
#2548=CARTESIAN_POINT('',(-1.214,2.5062,1.21));
#2549=CARTESIAN_POINT('',(-1.054,2.5062,1.33));
#2550=CARTESIAN_POINT('',(-1.054,2.5062,1.33));
#2551=CARTESIAN_POINT('',(-1.054,2.5062,1.21));
#2552=CARTESIAN_POINT('Origin',(-1.134,2.4462,1.33));
#2553=CARTESIAN_POINT('',(-1.214,2.3862,1.33));
#2554=CARTESIAN_POINT('',(-1.214,2.5062,1.33));
#2555=CARTESIAN_POINT('',(-1.054,2.3862,1.33));
#2556=CARTESIAN_POINT('',(-1.214,2.3862,1.33));
#2557=CARTESIAN_POINT('',(-1.054,2.3862,1.33));
#2558=CARTESIAN_POINT('Origin',(-1.214,2.6462,0.91));
#2559=CARTESIAN_POINT('',(-1.214,2.3862,0.91));
#2560=CARTESIAN_POINT('Origin',(-1.054,2.3862,0.91));
#2561=CARTESIAN_POINT('',(-1.054,2.5362,0.91));
#2562=CARTESIAN_POINT('',(-1.054,2.3862,0.91));
#2563=CARTESIAN_POINT('Origin',(-1.214,2.3862,0.91));
#2564=CARTESIAN_POINT('Origin',(-2.212,2.5362,0.91));
#2565=CARTESIAN_POINT('',(-0.688,2.5362,0.91));
#2566=CARTESIAN_POINT('Origin',(-2.1993,4.6317,0.91));
#2567=CARTESIAN_POINT('Origin',(-2.1993,4.6317,0.91));
#2568=CARTESIAN_POINT('',(-2.36800017783037,4.8162,0.91));
#2569=CARTESIAN_POINT('Origin',(0.066,4.8162,0.81));
#2570=CARTESIAN_POINT('',(-2.38657305061206,4.8162,0.91));
#2571=CARTESIAN_POINT('',(-2.57141028087688,4.8162,1.33));
#2572=CARTESIAN_POINT('',(-2.57141028087688,4.8162,0.91));
#2573=CARTESIAN_POINT('',(-2.42790680860038,4.8162,1.33));
#2574=CARTESIAN_POINT('',(-0.692,4.8162,1.33));
#2575=CARTESIAN_POINT('',(-2.42790680860038,4.8162,1.21));
#2576=CARTESIAN_POINT('Origin',(-0.6753,4.6317,0.91));
#2577=CARTESIAN_POINT('',(-0.584,4.39896772892441,0.91));
#2578=CARTESIAN_POINT('Origin',(-0.6753,4.6317,0.91));
#2579=CARTESIAN_POINT('',(-0.602279921259827,4.87079844855368,0.91));
#2580=CARTESIAN_POINT('',(-0.506599822169626,4.8162,0.91));
#2581=CARTESIAN_POINT('Origin',(0.066,4.8162,0.81));
#2582=CARTESIAN_POINT('',(-0.472093191399622,4.8162,1.33));
#2583=CARTESIAN_POINT('',(-0.472093191399622,4.8162,1.21));
#2584=CARTESIAN_POINT('',(-0.328589719123116,4.8162,1.33));
#2585=CARTESIAN_POINT('',(-0.692,4.8162,1.33));
#2586=CARTESIAN_POINT('',(-0.328589719123117,4.8162,0.91));
#2587=CARTESIAN_POINT('Origin',(-2.496,2.7902,1.21));
#2588=CARTESIAN_POINT('',(-2.496,3.1562,1.33));
#2589=CARTESIAN_POINT('',(-2.496,3.1562,1.01));
#2590=CARTESIAN_POINT('',(-2.496,4.6317,1.33));
#2591=CARTESIAN_POINT('',(-2.496,4.6317,1.21));
#2592=CARTESIAN_POINT('',(-2.496,4.6317,1.33));
#2593=CARTESIAN_POINT('Origin',(-2.212,4.6317,1.21));
#2594=CARTESIAN_POINT('Origin',(-2.212,4.6317,1.33));
#2595=CARTESIAN_POINT('Origin',(-1.45,3.71095,1.33));
#2596=CARTESIAN_POINT('',(-2.616,4.6317,1.33));
#2597=CARTESIAN_POINT('Origin',(-2.212,4.6317,1.33));
#2598=CARTESIAN_POINT('',(-2.616,3.1562,1.33));
#2599=CARTESIAN_POINT('',(-2.616,4.6317,1.33));
#2600=CARTESIAN_POINT('',(-2.242,3.1562,1.33));
#2601=CARTESIAN_POINT('Origin',(-3.034,3.1562,0.81));
#2602=CARTESIAN_POINT('',(-2.616,3.1562,1.01));
#2603=CARTESIAN_POINT('Origin',(-3.034,3.1562,0.81));
#2604=CARTESIAN_POINT('',(-0.284,3.1562,1.33));
#2605=CARTESIAN_POINT('',(-0.284,3.1562,1.01));
#2606=CARTESIAN_POINT('',(-0.404,3.1562,1.33));
#2607=CARTESIAN_POINT('',(-2.242,3.1562,1.33));
#2608=CARTESIAN_POINT('',(-0.404,3.1562,1.01));
#2609=CARTESIAN_POINT('Origin',(-1.45,3.71095,1.33));
#2610=CARTESIAN_POINT('',(-0.404,4.6317,1.33));
#2611=CARTESIAN_POINT('Origin',(-0.688,4.6317,1.33));
#2612=CARTESIAN_POINT('',(-0.404,2.7902,1.33));
#2613=CARTESIAN_POINT('',(-0.284,4.6317,1.33));
#2614=CARTESIAN_POINT('',(-0.284,2.7902,1.33));
#2615=CARTESIAN_POINT('Origin',(-0.688,4.6317,1.33));
#2616=CARTESIAN_POINT('Origin',(-0.404,4.6317,1.21));
#2617=CARTESIAN_POINT('',(-0.404,4.6317,1.21));
#2618=CARTESIAN_POINT('Origin',(-0.688,4.6317,1.21));
#2619=CARTESIAN_POINT('Origin',(-0.584,4.6317,0.91));
#2620=CARTESIAN_POINT('Origin',(-3.034,2.6262,0.81));
#2621=CARTESIAN_POINT('',(-0.494041241497065,2.6262,0.91));
#2622=CARTESIAN_POINT('',(-0.318784615705142,2.6262,0.91));
#2623=CARTESIAN_POINT('Origin',(-3.034,2.6262,0.81));
#2624=CARTESIAN_POINT('',(-2.40595875850294,2.6262,0.91));
#2625=CARTESIAN_POINT('',(-2.58121538429486,2.6262,0.91));
#2626=CARTESIAN_POINT('Origin',(-0.688,4.6317,0.91));
#2627=CARTESIAN_POINT('',(-0.284,4.6317,0.91));
#2628=CARTESIAN_POINT('Origin',(-2.212,2.7902,0.91));
#2629=CARTESIAN_POINT('',(-2.616,2.7902,0.91));
#2630=CARTESIAN_POINT('Origin',(-2.616,4.6317,0.91));
#2631=CARTESIAN_POINT('',(-2.616,4.6317,0.91));
#2632=CARTESIAN_POINT('Origin',(-2.212,4.6317,0.91));
#2633=CARTESIAN_POINT('Origin',(-0.284,2.7902,0.91));
#2634=CARTESIAN_POINT('',(-0.284,2.7902,0.91));
#2635=CARTESIAN_POINT('Origin',(-0.688,2.7902,0.91));
#2636=CARTESIAN_POINT('Origin',(-0.688,4.6317,0.91));
#2637=CARTESIAN_POINT('Origin',(-0.688,2.7902,0.91));
#2638=CARTESIAN_POINT('Origin',(-2.212,4.6317,0.91));
#2639=CARTESIAN_POINT('Origin',(-2.212,2.5362,0.91));
#2640=CARTESIAN_POINT('',(-2.212,2.5362,0.91));
#2641=CARTESIAN_POINT('Origin',(-2.212,2.7902,0.91));
#2642=UNCERTAINTY_MEASURE_WITH_UNIT(LENGTH_MEASURE(0.001),#2646,
'DISTANCE_ACCURACY_VALUE',
'Maximum model space distance between geometric entities at asserted c
onnectivities');
#2643=UNCERTAINTY_MEASURE_WITH_UNIT(LENGTH_MEASURE(0.001),#2646,
'DISTANCE_ACCURACY_VALUE',
'Maximum model space distance between geometric entities at asserted c
onnectivities');
#2644=(
GEOMETRIC_REPRESENTATION_CONTEXT(3)
GLOBAL_UNCERTAINTY_ASSIGNED_CONTEXT((#2642))
GLOBAL_UNIT_ASSIGNED_CONTEXT((#2646,#2648,#2649))
REPRESENTATION_CONTEXT('','3D')
);
#2645=(
GEOMETRIC_REPRESENTATION_CONTEXT(3)
GLOBAL_UNCERTAINTY_ASSIGNED_CONTEXT((#2643))
GLOBAL_UNIT_ASSIGNED_CONTEXT((#2646,#2648,#2649))
REPRESENTATION_CONTEXT('','3D')
);
#2646=(
LENGTH_UNIT()
NAMED_UNIT(*)
SI_UNIT(.CENTI.,.METRE.)
);
#2647=(
LENGTH_UNIT()
NAMED_UNIT(*)
SI_UNIT($,.METRE.)
);
#2648=(
NAMED_UNIT(*)
PLANE_ANGLE_UNIT()
SI_UNIT($,.RADIAN.)
);
#2649=(
NAMED_UNIT(*)
SI_UNIT($,.STERADIAN.)
SOLID_ANGLE_UNIT()
);
#2650=SHAPE_DEFINITION_REPRESENTATION(#2651,#2652);
#2651=PRODUCT_DEFINITION_SHAPE('',$,#2654);
#2652=SHAPE_REPRESENTATION('',(#1608),#2644);
#2653=PRODUCT_DEFINITION_CONTEXT('part definition',#2658,'design');
#2654=PRODUCT_DEFINITION('05 Adafruit5807 printed base - 3mm seat',
'05 Adafruit5807 printed base - 3mm seat',#2655,#2653);
#2655=PRODUCT_DEFINITION_FORMATION('',$,#2660);
#2656=PRODUCT_RELATED_PRODUCT_CATEGORY(
'05 Adafruit5807 printed base - 3mm seat',
'05 Adafruit5807 printed base - 3mm seat',(#2660));
#2657=APPLICATION_PROTOCOL_DEFINITION('international standard',
'automotive_design',2009,#2658);
#2658=APPLICATION_CONTEXT(
'Core Data for Automotive Mechanical Design Process');
#2659=PRODUCT_CONTEXT('part definition',#2658,'mechanical');
#2660=PRODUCT('05 Adafruit5807 printed base - 3mm seat',
'05 Adafruit5807 printed base - 3mm seat',$,(#2659));
#2661=PRESENTATION_STYLE_ASSIGNMENT((#2663));
#2662=PRESENTATION_STYLE_ASSIGNMENT((#2664));
#2663=SURFACE_STYLE_USAGE(.BOTH.,#2665);
#2664=SURFACE_STYLE_USAGE(.BOTH.,#2666);
#2665=SURFACE_SIDE_STYLE('',(#2667));
#2666=SURFACE_SIDE_STYLE('',(#2668));
#2667=SURFACE_STYLE_FILL_AREA(#2669);
#2668=SURFACE_STYLE_FILL_AREA(#2670);
#2669=FILL_AREA_STYLE('Steel - Satin',(#2671));
#2670=FILL_AREA_STYLE('Printed USB base - orange',(#2672));
#2671=FILL_AREA_STYLE_COLOUR('Steel - Satin',#2673);
#2672=FILL_AREA_STYLE_COLOUR('Printed USB base - orange',#2674);
#2673=COLOUR_RGB('Steel - Satin',0.627450980392157,0.627450980392157,0.627450980392157);
#2674=COLOUR_RGB('Printed USB base - orange',0.898039215686275,0.533333333333333,
0.203921568627451);
ENDSEC;
END-ISO-10303-21;
