ISO-10303-21;
HEADER;
/* Generated by software containing ST-Developer
 * from STEP Tools, Inc. (www.steptools.com) 
 */

FILE_DESCRIPTION(
/* description */ (''),
/* implementation_level */ '2;1');

FILE_NAME(
/* name */ 'carrier-top.step',
/* time_stamp */ '2026-09-15T10:15:48-07:00',
/* author */ (''),
/* organization */ (''),
/* preprocessor_version */ 'ST-DEVELOPER v20.2',
/* originating_system */ 'Autodesk Translation Framework v15.15.0.0',
/* authorisation */ '');

FILE_SCHEMA (('AUTOMOTIVE_DESIGN { 1 0 10303 214 3 1 1 }'));
ENDSEC;

DATA;
#10=MECHANICAL_DESIGN_GEOMETRIC_PRESENTATION_REPRESENTATION('',(#13),#6082);
#11=SHAPE_REPRESENTATION_RELATIONSHIP('SRR','None',#6089,#12);
#12=ADVANCED_BREP_SHAPE_REPRESENTATION('',(#14),#6081);
#13=STYLED_ITEM('',(#6099),#14);
#14=MANIFOLD_SOLID_BREP('02 Top bezel - fitted lip and 4.2mm pilots',#3437);
#15=B_SPLINE_CURVE_WITH_KNOTS('',3,(#5720,#5721,#5722,#5723,#5724,#5725,
#5726,#5727,#5728,#5729,#5730,#5731,#5732,#5733,#5734,#5735,#5736,#5737,
#5738,#5739,#5740,#5741,#5742,#5743,#5744,#5745,#5746,#5747,#5748,#5749,
#5750,#5751,#5752,#5753,#5754,#5755,#5756,#5757,#5758,#5759,#5760,#5761,
#5762,#5763,#5764,#5765,#5766,#5767,#5768,#5769,#5770,#5771,#5772,#5773,
#5774,#5775,#5776,#5777,#5778,#5779,#5780,#5781,#5782,#5783,#5784,#5785,
#5786,#5787,#5788,#5789,#5790,#5791,#5792,#5793,#5794,#5795,#5796,#5797,
#5798,#5799,#5800,#5801,#5802,#5803,#5804,#5805,#5806,#5807,#5808,#5809,
#5810,#5811,#5812,#5813),.UNSPECIFIED.,.T.,.F.,(4,3,3,3,3,3,3,3,3,3,3,3,
3,3,3,3,3,3,3,3,3,3,3,3,3,3,3,3,3,3,3,4),(23.4496749520999,23.4865688060366,
23.5234626599736,23.5972503678477,24.026481815107,24.4557132623663,25.3141761568849,
27.031101945922,28.7480277349591,30.4649535239963,30.5387412318704,30.6125289397445,
32.9013775999022,35.1902262600598,35.264013967934,35.3378016758081,37.0547274648452,
38.7716532538823,40.4885790429195,41.347041937438,41.7762733846973,41.990889108327,
42.0981969701418,42.2055048319566,42.2792925398307,42.3161863937678,42.3530802477048,
42.6391863302245,42.9252924127442,43.4975045777837,44.6419289078625,46.9307775680202),
 .UNSPECIFIED.);
#16=B_SPLINE_SURFACE_WITH_KNOTS('',3,3,((#5555,#5556,#5557,#5558),(#5559,
#5560,#5561,#5562),(#5563,#5564,#5565,#5566),(#5567,#5568,#5569,#5570),
(#5571,#5572,#5573,#5574),(#5575,#5576,#5577,#5578),(#5579,#5580,#5581,
#5582),(#5583,#5584,#5585,#5586),(#5587,#5588,#5589,#5590),(#5591,#5592,
#5593,#5594),(#5595,#5596,#5597,#5598),(#5599,#5600,#5601,#5602),(#5603,
#5604,#5605,#5606),(#5607,#5608,#5609,#5610),(#5611,#5612,#5613,#5614),
(#5615,#5616,#5617,#5618),(#5619,#5620,#5621,#5622),(#5623,#5624,#5625,
#5626),(#5627,#5628,#5629,#5630),(#5631,#5632,#5633,#5634),(#5635,#5636,
#5637,#5638),(#5639,#5640,#5641,#5642),(#5643,#5644,#5645,#5646),(#5647,
#5648,#5649,#5650),(#5651,#5652,#5653,#5654),(#5655,#5656,#5657,#5658),
(#5659,#5660,#5661,#5662),(#5663,#5664,#5665,#5666),(#5667,#5668,#5669,
#5670),(#5671,#5672,#5673,#5674),(#5675,#5676,#5677,#5678),(#5679,#5680,
#5681,#5682),(#5683,#5684,#5685,#5686),(#5687,#5688,#5689,#5690),(#5691,
#5692,#5693,#5694),(#5695,#5696,#5697,#5698),(#5699,#5700,#5701,#5702),
(#5703,#5704,#5705,#5706),(#5707,#5708,#5709,#5710),(#5711,#5712,#5713,
#5714),(#5715,#5716,#5717,#5718)),.UNSPECIFIED.,.T.,.F.,.F.,(4,1,1,1,1,
2,1,1,2,1,1,1,1,1,1,1,2,1,2,1,2,1,2,1,1,1,1,1,2,1,1,4),(4,4),(0.,0.0974762002277434,
0.146214300341615,0.170583350398551,0.182767875427019,0.194952400455487,
0.196523615169741,0.198094829883996,0.201237259312505,0.205807226216107,
0.210377193119708,0.21951712692691,0.237796994541315,0.274356729770124,
0.347476200227743,0.420595670685362,0.493715141142981,0.496857570571491,
0.5,0.597476200227743,0.694952400455487,0.698094829883996,0.701237259312505,
0.774356729770124,0.847476200227743,0.920595670685362,0.957155405914172,
0.975435273528577,0.993715141142981,0.996857570571491,0.998428785285745,
1.),(0.,0.961538461540067),.UNSPECIFIED.);
#17=FACE_BOUND('',#368,.T.);
#18=FACE_BOUND('',#369,.T.);
#19=FACE_BOUND('',#370,.T.);
#20=FACE_BOUND('',#371,.T.);
#21=FACE_BOUND('',#372,.T.);
#22=FACE_BOUND('',#448,.T.);
#23=FACE_BOUND('',#451,.T.);
#24=FACE_BOUND('',#454,.T.);
#25=FACE_BOUND('',#457,.T.);
#26=FACE_BOUND('',#480,.T.);
#27=FACE_BOUND('',#483,.T.);
#28=FACE_BOUND('',#486,.T.);
#29=FACE_BOUND('',#489,.T.);
#30=FACE_BOUND('',#492,.T.);
#31=FACE_BOUND('',#502,.T.);
#32=FACE_BOUND('',#503,.T.);
#33=FACE_BOUND('',#504,.T.);
#34=FACE_BOUND('',#505,.T.);
#35=FACE_BOUND('',#506,.T.);
#36=FACE_BOUND('',#550,.T.);
#37=FACE_BOUND('',#551,.T.);
#38=FACE_BOUND('',#552,.T.);
#39=FACE_BOUND('',#553,.T.);
#40=FACE_BOUND('',#554,.T.);
#41=PLANE('',#3463);
#42=PLANE('',#3464);
#43=PLANE('',#3465);
#44=PLANE('',#3466);
#45=PLANE('',#3467);
#46=PLANE('',#3468);
#47=PLANE('',#3469);
#48=PLANE('',#3470);
#49=PLANE('',#3471);
#50=PLANE('',#3472);
#51=PLANE('',#3473);
#52=PLANE('',#3474);
#53=PLANE('',#3475);
#54=PLANE('',#3479);
#55=PLANE('',#3480);
#56=PLANE('',#3481);
#57=PLANE('',#3482);
#58=PLANE('',#3483);
#59=PLANE('',#3512);
#60=PLANE('',#3513);
#61=PLANE('',#3514);
#62=PLANE('',#3519);
#63=PLANE('',#3520);
#64=PLANE('',#3521);
#65=PLANE('',#3522);
#66=PLANE('',#3523);
#67=PLANE('',#3524);
#68=PLANE('',#3525);
#69=PLANE('',#3526);
#70=PLANE('',#3527);
#71=PLANE('',#3528);
#72=PLANE('',#3532);
#73=PLANE('',#3533);
#74=PLANE('',#3534);
#75=PLANE('',#3535);
#76=PLANE('',#3556);
#77=PLANE('',#3557);
#78=PLANE('',#3558);
#79=PLANE('',#3559);
#80=PLANE('',#3560);
#81=PLANE('',#3561);
#82=PLANE('',#3562);
#83=PLANE('',#3564);
#84=PLANE('',#3566);
#85=PLANE('',#3567);
#86=PLANE('',#3569);
#87=PLANE('',#3571);
#88=PLANE('',#3572);
#89=PLANE('',#3574);
#90=PLANE('',#3581);
#91=PLANE('',#3583);
#92=PLANE('',#3584);
#93=PLANE('',#3586);
#94=PLANE('',#3591);
#95=PLANE('',#3593);
#96=PLANE('',#3594);
#97=PLANE('',#3597);
#98=PLANE('',#3599);
#99=PLANE('',#3601);
#100=PLANE('',#3603);
#101=PLANE('',#3605);
#102=PLANE('',#3608);
#103=PLANE('',#3611);
#104=PLANE('',#3612);
#105=PLANE('',#3621);
#106=PLANE('',#3624);
#107=PLANE('',#3625);
#108=PLANE('',#3634);
#109=PLANE('',#3636);
#110=PLANE('',#3637);
#111=PLANE('',#3641);
#112=PLANE('',#3645);
#113=PLANE('',#3649);
#114=PLANE('',#3653);
#115=PLANE('',#3657);
#116=PLANE('',#3662);
#117=PLANE('',#3667);
#118=PLANE('',#3672);
#119=PLANE('',#3682);
#120=PLANE('',#3685);
#121=PLANE('',#3688);
#122=PLANE('',#3691);
#123=PLANE('',#3694);
#124=PLANE('',#3698);
#125=PLANE('',#3702);
#126=PLANE('',#3706);
#127=PLANE('',#3710);
#128=PLANE('',#3714);
#129=PLANE('',#3718);
#130=PLANE('',#3722);
#131=PLANE('',#3726);
#132=PLANE('',#3727);
#133=PLANE('',#3728);
#134=PLANE('',#3729);
#135=PLANE('',#3730);
#136=PLANE('',#3731);
#137=PLANE('',#3732);
#138=PLANE('',#3733);
#139=PLANE('',#3734);
#140=PLANE('',#3735);
#141=PLANE('',#3740);
#142=PLANE('',#3741);
#143=PLANE('',#3742);
#144=PLANE('',#3755);
#145=PLANE('',#3756);
#146=PLANE('',#3757);
#147=PLANE('',#3758);
#148=PLANE('',#3759);
#149=PLANE('',#3760);
#150=PLANE('',#3767);
#151=PLANE('',#3768);
#152=PLANE('',#3769);
#153=PLANE('',#3771);
#154=PLANE('',#3776);
#155=PLANE('',#3779);
#156=PLANE('',#3782);
#157=PLANE('',#3784);
#158=PLANE('',#3790);
#159=PLANE('',#3793);
#160=PLANE('',#3794);
#161=FACE_OUTER_BOUND('',#346,.T.);
#162=FACE_OUTER_BOUND('',#347,.T.);
#163=FACE_OUTER_BOUND('',#348,.T.);
#164=FACE_OUTER_BOUND('',#349,.T.);
#165=FACE_OUTER_BOUND('',#350,.T.);
#166=FACE_OUTER_BOUND('',#351,.T.);
#167=FACE_OUTER_BOUND('',#352,.T.);
#168=FACE_OUTER_BOUND('',#353,.T.);
#169=FACE_OUTER_BOUND('',#354,.T.);
#170=FACE_OUTER_BOUND('',#355,.T.);
#171=FACE_OUTER_BOUND('',#356,.T.);
#172=FACE_OUTER_BOUND('',#357,.T.);
#173=FACE_OUTER_BOUND('',#358,.T.);
#174=FACE_OUTER_BOUND('',#359,.T.);
#175=FACE_OUTER_BOUND('',#360,.T.);
#176=FACE_OUTER_BOUND('',#361,.T.);
#177=FACE_OUTER_BOUND('',#362,.T.);
#178=FACE_OUTER_BOUND('',#363,.T.);
#179=FACE_OUTER_BOUND('',#364,.T.);
#180=FACE_OUTER_BOUND('',#365,.T.);
#181=FACE_OUTER_BOUND('',#366,.T.);
#182=FACE_OUTER_BOUND('',#367,.T.);
#183=FACE_OUTER_BOUND('',#373,.T.);
#184=FACE_OUTER_BOUND('',#374,.T.);
#185=FACE_OUTER_BOUND('',#375,.T.);
#186=FACE_OUTER_BOUND('',#376,.T.);
#187=FACE_OUTER_BOUND('',#377,.T.);
#188=FACE_OUTER_BOUND('',#378,.T.);
#189=FACE_OUTER_BOUND('',#379,.T.);
#190=FACE_OUTER_BOUND('',#380,.T.);
#191=FACE_OUTER_BOUND('',#381,.T.);
#192=FACE_OUTER_BOUND('',#382,.T.);
#193=FACE_OUTER_BOUND('',#383,.T.);
#194=FACE_OUTER_BOUND('',#384,.T.);
#195=FACE_OUTER_BOUND('',#385,.T.);
#196=FACE_OUTER_BOUND('',#386,.T.);
#197=FACE_OUTER_BOUND('',#387,.T.);
#198=FACE_OUTER_BOUND('',#388,.T.);
#199=FACE_OUTER_BOUND('',#389,.T.);
#200=FACE_OUTER_BOUND('',#390,.T.);
#201=FACE_OUTER_BOUND('',#391,.T.);
#202=FACE_OUTER_BOUND('',#392,.T.);
#203=FACE_OUTER_BOUND('',#393,.T.);
#204=FACE_OUTER_BOUND('',#394,.T.);
#205=FACE_OUTER_BOUND('',#395,.T.);
#206=FACE_OUTER_BOUND('',#396,.T.);
#207=FACE_OUTER_BOUND('',#397,.T.);
#208=FACE_OUTER_BOUND('',#398,.T.);
#209=FACE_OUTER_BOUND('',#399,.T.);
#210=FACE_OUTER_BOUND('',#400,.T.);
#211=FACE_OUTER_BOUND('',#401,.T.);
#212=FACE_OUTER_BOUND('',#402,.T.);
#213=FACE_OUTER_BOUND('',#403,.T.);
#214=FACE_OUTER_BOUND('',#404,.T.);
#215=FACE_OUTER_BOUND('',#405,.T.);
#216=FACE_OUTER_BOUND('',#406,.T.);
#217=FACE_OUTER_BOUND('',#407,.T.);
#218=FACE_OUTER_BOUND('',#408,.T.);
#219=FACE_OUTER_BOUND('',#409,.T.);
#220=FACE_OUTER_BOUND('',#410,.T.);
#221=FACE_OUTER_BOUND('',#411,.T.);
#222=FACE_OUTER_BOUND('',#412,.T.);
#223=FACE_OUTER_BOUND('',#413,.T.);
#224=FACE_OUTER_BOUND('',#414,.T.);
#225=FACE_OUTER_BOUND('',#415,.T.);
#226=FACE_OUTER_BOUND('',#416,.T.);
#227=FACE_OUTER_BOUND('',#417,.T.);
#228=FACE_OUTER_BOUND('',#418,.T.);
#229=FACE_OUTER_BOUND('',#419,.T.);
#230=FACE_OUTER_BOUND('',#420,.T.);
#231=FACE_OUTER_BOUND('',#421,.T.);
#232=FACE_OUTER_BOUND('',#422,.T.);
#233=FACE_OUTER_BOUND('',#423,.T.);
#234=FACE_OUTER_BOUND('',#424,.T.);
#235=FACE_OUTER_BOUND('',#425,.T.);
#236=FACE_OUTER_BOUND('',#426,.T.);
#237=FACE_OUTER_BOUND('',#427,.T.);
#238=FACE_OUTER_BOUND('',#428,.T.);
#239=FACE_OUTER_BOUND('',#429,.T.);
#240=FACE_OUTER_BOUND('',#430,.T.);
#241=FACE_OUTER_BOUND('',#431,.T.);
#242=FACE_OUTER_BOUND('',#432,.T.);
#243=FACE_OUTER_BOUND('',#433,.T.);
#244=FACE_OUTER_BOUND('',#434,.T.);
#245=FACE_OUTER_BOUND('',#435,.T.);
#246=FACE_OUTER_BOUND('',#436,.T.);
#247=FACE_OUTER_BOUND('',#437,.T.);
#248=FACE_OUTER_BOUND('',#438,.T.);
#249=FACE_OUTER_BOUND('',#439,.T.);
#250=FACE_OUTER_BOUND('',#440,.T.);
#251=FACE_OUTER_BOUND('',#441,.T.);
#252=FACE_OUTER_BOUND('',#442,.T.);
#253=FACE_OUTER_BOUND('',#443,.T.);
#254=FACE_OUTER_BOUND('',#444,.T.);
#255=FACE_OUTER_BOUND('',#445,.T.);
#256=FACE_OUTER_BOUND('',#446,.T.);
#257=FACE_OUTER_BOUND('',#447,.T.);
#258=FACE_OUTER_BOUND('',#449,.T.);
#259=FACE_OUTER_BOUND('',#450,.T.);
#260=FACE_OUTER_BOUND('',#452,.T.);
#261=FACE_OUTER_BOUND('',#453,.T.);
#262=FACE_OUTER_BOUND('',#455,.T.);
#263=FACE_OUTER_BOUND('',#456,.T.);
#264=FACE_OUTER_BOUND('',#458,.T.);
#265=FACE_OUTER_BOUND('',#459,.T.);
#266=FACE_OUTER_BOUND('',#460,.T.);
#267=FACE_OUTER_BOUND('',#461,.T.);
#268=FACE_OUTER_BOUND('',#462,.T.);
#269=FACE_OUTER_BOUND('',#463,.T.);
#270=FACE_OUTER_BOUND('',#464,.T.);
#271=FACE_OUTER_BOUND('',#465,.T.);
#272=FACE_OUTER_BOUND('',#466,.T.);
#273=FACE_OUTER_BOUND('',#467,.T.);
#274=FACE_OUTER_BOUND('',#468,.T.);
#275=FACE_OUTER_BOUND('',#469,.T.);
#276=FACE_OUTER_BOUND('',#470,.T.);
#277=FACE_OUTER_BOUND('',#471,.T.);
#278=FACE_OUTER_BOUND('',#472,.T.);
#279=FACE_OUTER_BOUND('',#473,.T.);
#280=FACE_OUTER_BOUND('',#474,.T.);
#281=FACE_OUTER_BOUND('',#475,.T.);
#282=FACE_OUTER_BOUND('',#476,.T.);
#283=FACE_OUTER_BOUND('',#477,.T.);
#284=FACE_OUTER_BOUND('',#478,.T.);
#285=FACE_OUTER_BOUND('',#479,.T.);
#286=FACE_OUTER_BOUND('',#481,.T.);
#287=FACE_OUTER_BOUND('',#482,.T.);
#288=FACE_OUTER_BOUND('',#484,.T.);
#289=FACE_OUTER_BOUND('',#485,.T.);
#290=FACE_OUTER_BOUND('',#487,.T.);
#291=FACE_OUTER_BOUND('',#488,.T.);
#292=FACE_OUTER_BOUND('',#490,.T.);
#293=FACE_OUTER_BOUND('',#491,.T.);
#294=FACE_OUTER_BOUND('',#493,.T.);
#295=FACE_OUTER_BOUND('',#494,.T.);
#296=FACE_OUTER_BOUND('',#495,.T.);
#297=FACE_OUTER_BOUND('',#496,.T.);
#298=FACE_OUTER_BOUND('',#497,.T.);
#299=FACE_OUTER_BOUND('',#498,.T.);
#300=FACE_OUTER_BOUND('',#499,.T.);
#301=FACE_OUTER_BOUND('',#500,.T.);
#302=FACE_OUTER_BOUND('',#501,.T.);
#303=FACE_OUTER_BOUND('',#507,.T.);
#304=FACE_OUTER_BOUND('',#508,.T.);
#305=FACE_OUTER_BOUND('',#509,.T.);
#306=FACE_OUTER_BOUND('',#510,.T.);
#307=FACE_OUTER_BOUND('',#511,.T.);
#308=FACE_OUTER_BOUND('',#512,.T.);
#309=FACE_OUTER_BOUND('',#513,.T.);
#310=FACE_OUTER_BOUND('',#514,.T.);
#311=FACE_OUTER_BOUND('',#515,.T.);
#312=FACE_OUTER_BOUND('',#516,.T.);
#313=FACE_OUTER_BOUND('',#517,.T.);
#314=FACE_OUTER_BOUND('',#518,.T.);
#315=FACE_OUTER_BOUND('',#519,.T.);
#316=FACE_OUTER_BOUND('',#520,.T.);
#317=FACE_OUTER_BOUND('',#521,.T.);
#318=FACE_OUTER_BOUND('',#522,.T.);
#319=FACE_OUTER_BOUND('',#523,.T.);
#320=FACE_OUTER_BOUND('',#524,.T.);
#321=FACE_OUTER_BOUND('',#525,.T.);
#322=FACE_OUTER_BOUND('',#526,.T.);
#323=FACE_OUTER_BOUND('',#527,.T.);
#324=FACE_OUTER_BOUND('',#528,.T.);
#325=FACE_OUTER_BOUND('',#529,.T.);
#326=FACE_OUTER_BOUND('',#530,.T.);
#327=FACE_OUTER_BOUND('',#531,.T.);
#328=FACE_OUTER_BOUND('',#532,.T.);
#329=FACE_OUTER_BOUND('',#533,.T.);
#330=FACE_OUTER_BOUND('',#534,.T.);
#331=FACE_OUTER_BOUND('',#535,.T.);
#332=FACE_OUTER_BOUND('',#536,.T.);
#333=FACE_OUTER_BOUND('',#537,.T.);
#334=FACE_OUTER_BOUND('',#538,.T.);
#335=FACE_OUTER_BOUND('',#539,.T.);
#336=FACE_OUTER_BOUND('',#540,.T.);
#337=FACE_OUTER_BOUND('',#541,.T.);
#338=FACE_OUTER_BOUND('',#542,.T.);
#339=FACE_OUTER_BOUND('',#543,.T.);
#340=FACE_OUTER_BOUND('',#544,.T.);
#341=FACE_OUTER_BOUND('',#545,.T.);
#342=FACE_OUTER_BOUND('',#546,.T.);
#343=FACE_OUTER_BOUND('',#547,.T.);
#344=FACE_OUTER_BOUND('',#548,.T.);
#345=FACE_OUTER_BOUND('',#549,.T.);
#346=EDGE_LOOP('',(#2200,#2201,#2202,#2203));
#347=EDGE_LOOP('',(#2204,#2205,#2206,#2207));
#348=EDGE_LOOP('',(#2208,#2209,#2210,#2211));
#349=EDGE_LOOP('',(#2212,#2213,#2214,#2215));
#350=EDGE_LOOP('',(#2216,#2217,#2218,#2219));
#351=EDGE_LOOP('',(#2220,#2221,#2222,#2223));
#352=EDGE_LOOP('',(#2224,#2225,#2226,#2227));
#353=EDGE_LOOP('',(#2228,#2229,#2230,#2231));
#354=EDGE_LOOP('',(#2232,#2233,#2234,#2235));
#355=EDGE_LOOP('',(#2236,#2237,#2238,#2239));
#356=EDGE_LOOP('',(#2240,#2241,#2242,#2243));
#357=EDGE_LOOP('',(#2244,#2245,#2246,#2247));
#358=EDGE_LOOP('',(#2248,#2249,#2250,#2251,#2252,#2253));
#359=EDGE_LOOP('',(#2254,#2255,#2256,#2257,#2258,#2259));
#360=EDGE_LOOP('',(#2260,#2261,#2262,#2263));
#361=EDGE_LOOP('',(#2264,#2265,#2266,#2267));
#362=EDGE_LOOP('',(#2268,#2269,#2270,#2271,#2272,#2273,#2274,#2275,#2276,
#2277));
#363=EDGE_LOOP('',(#2278,#2279,#2280,#2281,#2282,#2283,#2284,#2285,#2286,
#2287,#2288,#2289,#2290,#2291,#2292,#2293,#2294,#2295,#2296,#2297));
#364=EDGE_LOOP('',(#2298,#2299,#2300,#2301));
#365=EDGE_LOOP('',(#2302,#2303,#2304,#2305));
#366=EDGE_LOOP('',(#2306,#2307,#2308,#2309));
#367=EDGE_LOOP('',(#2310,#2311,#2312,#2313,#2314,#2315,#2316,#2317));
#368=EDGE_LOOP('',(#2318));
#369=EDGE_LOOP('',(#2319));
#370=EDGE_LOOP('',(#2320));
#371=EDGE_LOOP('',(#2321));
#372=EDGE_LOOP('',(#2322,#2323,#2324,#2325,#2326,#2327,#2328,#2329,#2330,
#2331,#2332,#2333,#2334,#2335,#2336,#2337,#2338,#2339,#2340,#2341,#2342,
#2343,#2344,#2345,#2346,#2347,#2348,#2349,#2350,#2351,#2352,#2353,#2354,
#2355,#2356,#2357,#2358,#2359,#2360,#2361,#2362,#2363,#2364,#2365,#2366,
#2367,#2368,#2369,#2370,#2371,#2372,#2373,#2374,#2375,#2376,#2377));
#373=EDGE_LOOP('',(#2378,#2379,#2380,#2381,#2382,#2383,#2384,#2385,#2386,
#2387,#2388,#2389));
#374=EDGE_LOOP('',(#2390,#2391,#2392,#2393));
#375=EDGE_LOOP('',(#2394,#2395,#2396,#2397,#2398,#2399,#2400,#2401,#2402));
#376=EDGE_LOOP('',(#2403,#2404,#2405,#2406));
#377=EDGE_LOOP('',(#2407,#2408,#2409,#2410));
#378=EDGE_LOOP('',(#2411,#2412,#2413,#2414));
#379=EDGE_LOOP('',(#2415,#2416,#2417,#2418));
#380=EDGE_LOOP('',(#2419,#2420,#2421,#2422));
#381=EDGE_LOOP('',(#2423,#2424,#2425,#2426));
#382=EDGE_LOOP('',(#2427,#2428,#2429,#2430,#2431,#2432));
#383=EDGE_LOOP('',(#2433,#2434,#2435,#2436,#2437,#2438));
#384=EDGE_LOOP('',(#2439,#2440,#2441,#2442));
#385=EDGE_LOOP('',(#2443,#2444,#2445,#2446,#2447,#2448,#2449,#2450,#2451,
#2452));
#386=EDGE_LOOP('',(#2453,#2454,#2455,#2456));
#387=EDGE_LOOP('',(#2457,#2458,#2459,#2460));
#388=EDGE_LOOP('',(#2461,#2462,#2463,#2464));
#389=EDGE_LOOP('',(#2465,#2466,#2467,#2468,#2469,#2470,#2471,#2472,#2473));
#390=EDGE_LOOP('',(#2474,#2475,#2476,#2477,#2478,#2479,#2480,#2481,#2482));
#391=EDGE_LOOP('',(#2483,#2484,#2485,#2486,#2487,#2488,#2489,#2490,#2491));
#392=EDGE_LOOP('',(#2492,#2493,#2494,#2495,#2496,#2497,#2498,#2499,#2500));
#393=EDGE_LOOP('',(#2501,#2502,#2503,#2504,#2505,#2506,#2507,#2508,#2509));
#394=EDGE_LOOP('',(#2510,#2511,#2512,#2513));
#395=EDGE_LOOP('',(#2514,#2515,#2516,#2517,#2518,#2519));
#396=EDGE_LOOP('',(#2520,#2521,#2522,#2523));
#397=EDGE_LOOP('',(#2524,#2525,#2526,#2527));
#398=EDGE_LOOP('',(#2528,#2529,#2530,#2531,#2532,#2533));
#399=EDGE_LOOP('',(#2534,#2535,#2536,#2537,#2538,#2539));
#400=EDGE_LOOP('',(#2540,#2541,#2542,#2543));
#401=EDGE_LOOP('',(#2544,#2545,#2546,#2547));
#402=EDGE_LOOP('',(#2548,#2549,#2550,#2551,#2552,#2553));
#403=EDGE_LOOP('',(#2554,#2555,#2556,#2557));
#404=EDGE_LOOP('',(#2558,#2559,#2560,#2561));
#405=EDGE_LOOP('',(#2562,#2563,#2564,#2565));
#406=EDGE_LOOP('',(#2566,#2567,#2568,#2569));
#407=EDGE_LOOP('',(#2570,#2571,#2572,#2573,#2574,#2575,#2576,#2577,#2578,
#2579,#2580,#2581,#2582,#2583));
#408=EDGE_LOOP('',(#2584,#2585,#2586,#2587));
#409=EDGE_LOOP('',(#2588,#2589,#2590,#2591,#2592,#2593));
#410=EDGE_LOOP('',(#2594,#2595,#2596,#2597));
#411=EDGE_LOOP('',(#2598,#2599,#2600,#2601,#2602,#2603,#2604,#2605,#2606,
#2607,#2608,#2609,#2610,#2611,#2612,#2613));
#412=EDGE_LOOP('',(#2614,#2615,#2616,#2617));
#413=EDGE_LOOP('',(#2618,#2619,#2620,#2621));
#414=EDGE_LOOP('',(#2622,#2623,#2624,#2625));
#415=EDGE_LOOP('',(#2626,#2627,#2628,#2629,#2630,#2631));
#416=EDGE_LOOP('',(#2632,#2633));
#417=EDGE_LOOP('',(#2634,#2635));
#418=EDGE_LOOP('',(#2636,#2637));
#419=EDGE_LOOP('',(#2638,#2639));
#420=EDGE_LOOP('',(#2640,#2641,#2642,#2643));
#421=EDGE_LOOP('',(#2644,#2645,#2646,#2647,#2648,#2649));
#422=EDGE_LOOP('',(#2650,#2651,#2652,#2653));
#423=EDGE_LOOP('',(#2654,#2655,#2656,#2657,#2658,#2659));
#424=EDGE_LOOP('',(#2660,#2661,#2662,#2663));
#425=EDGE_LOOP('',(#2664,#2665,#2666,#2667));
#426=EDGE_LOOP('',(#2668,#2669,#2670,#2671,#2672,#2673));
#427=EDGE_LOOP('',(#2674,#2675,#2676,#2677,#2678,#2679,#2680,#2681,#2682,
#2683,#2684,#2685));
#428=EDGE_LOOP('',(#2686,#2687,#2688,#2689,#2690,#2691,#2692,#2693,#2694,
#2695,#2696,#2697));
#429=EDGE_LOOP('',(#2698,#2699,#2700,#2701,#2702));
#430=EDGE_LOOP('',(#2703,#2704,#2705,#2706));
#431=EDGE_LOOP('',(#2707,#2708,#2709,#2710));
#432=EDGE_LOOP('',(#2711,#2712,#2713,#2714,#2715,#2716,#2717,#2718,#2719,
#2720,#2721,#2722));
#433=EDGE_LOOP('',(#2723,#2724,#2725,#2726,#2727,#2728,#2729,#2730,#2731,
#2732,#2733,#2734));
#434=EDGE_LOOP('',(#2735,#2736,#2737,#2738));
#435=EDGE_LOOP('',(#2739,#2740,#2741,#2742,#2743));
#436=EDGE_LOOP('',(#2744,#2745,#2746,#2747));
#437=EDGE_LOOP('',(#2748,#2749,#2750,#2751));
#438=EDGE_LOOP('',(#2752,#2753,#2754,#2755));
#439=EDGE_LOOP('',(#2756));
#440=EDGE_LOOP('',(#2757,#2758,#2759,#2760));
#441=EDGE_LOOP('',(#2761));
#442=EDGE_LOOP('',(#2762,#2763,#2764,#2765));
#443=EDGE_LOOP('',(#2766));
#444=EDGE_LOOP('',(#2767,#2768,#2769,#2770));
#445=EDGE_LOOP('',(#2771));
#446=EDGE_LOOP('',(#2772,#2773,#2774,#2775));
#447=EDGE_LOOP('',(#2776));
#448=EDGE_LOOP('',(#2777));
#449=EDGE_LOOP('',(#2778,#2779,#2780,#2781));
#450=EDGE_LOOP('',(#2782));
#451=EDGE_LOOP('',(#2783));
#452=EDGE_LOOP('',(#2784,#2785,#2786,#2787));
#453=EDGE_LOOP('',(#2788));
#454=EDGE_LOOP('',(#2789));
#455=EDGE_LOOP('',(#2790,#2791,#2792,#2793));
#456=EDGE_LOOP('',(#2794));
#457=EDGE_LOOP('',(#2795));
#458=EDGE_LOOP('',(#2796,#2797,#2798,#2799));
#459=EDGE_LOOP('',(#2800,#2801,#2802,#2803));
#460=EDGE_LOOP('',(#2804,#2805,#2806,#2807));
#461=EDGE_LOOP('',(#2808,#2809,#2810,#2811));
#462=EDGE_LOOP('',(#2812,#2813,#2814,#2815,#2816,#2817,#2818,#2819,#2820,
#2821,#2822));
#463=EDGE_LOOP('',(#2823,#2824,#2825,#2826));
#464=EDGE_LOOP('',(#2827,#2828,#2829,#2830));
#465=EDGE_LOOP('',(#2831,#2832,#2833,#2834));
#466=EDGE_LOOP('',(#2835,#2836,#2837,#2838));
#467=EDGE_LOOP('',(#2839,#2840,#2841,#2842));
#468=EDGE_LOOP('',(#2843,#2844,#2845,#2846));
#469=EDGE_LOOP('',(#2847,#2848,#2849,#2850));
#470=EDGE_LOOP('',(#2851,#2852,#2853,#2854));
#471=EDGE_LOOP('',(#2855,#2856,#2857,#2858));
#472=EDGE_LOOP('',(#2859,#2860,#2861,#2862));
#473=EDGE_LOOP('',(#2863,#2864,#2865,#2866));
#474=EDGE_LOOP('',(#2867,#2868,#2869,#2870));
#475=EDGE_LOOP('',(#2871,#2872,#2873,#2874));
#476=EDGE_LOOP('',(#2875,#2876,#2877,#2878));
#477=EDGE_LOOP('',(#2879,#2880,#2881,#2882));
#478=EDGE_LOOP('',(#2883,#2884,#2885,#2886));
#479=EDGE_LOOP('',(#2887,#2888,#2889,#2890,#2891,#2892,#2893,#2894));
#480=EDGE_LOOP('',(#2895,#2896,#2897,#2898,#2899,#2900,#2901,#2902));
#481=EDGE_LOOP('',(#2903,#2904,#2905,#2906));
#482=EDGE_LOOP('',(#2907));
#483=EDGE_LOOP('',(#2908));
#484=EDGE_LOOP('',(#2909,#2910,#2911,#2912));
#485=EDGE_LOOP('',(#2913));
#486=EDGE_LOOP('',(#2914));
#487=EDGE_LOOP('',(#2915,#2916,#2917,#2918));
#488=EDGE_LOOP('',(#2919));
#489=EDGE_LOOP('',(#2920));
#490=EDGE_LOOP('',(#2921,#2922,#2923,#2924));
#491=EDGE_LOOP('',(#2925));
#492=EDGE_LOOP('',(#2926));
#493=EDGE_LOOP('',(#2927,#2928,#2929,#2930,#2931,#2932));
#494=EDGE_LOOP('',(#2933,#2934,#2935,#2936,#2937));
#495=EDGE_LOOP('',(#2938,#2939,#2940,#2941,#2942,#2943));
#496=EDGE_LOOP('',(#2944,#2945,#2946,#2947,#2948,#2949,#2950,#2951));
#497=EDGE_LOOP('',(#2952,#2953,#2954,#2955,#2956));
#498=EDGE_LOOP('',(#2957,#2958,#2959,#2960));
#499=EDGE_LOOP('',(#2961,#2962,#2963,#2964));
#500=EDGE_LOOP('',(#2965,#2966,#2967,#2968));
#501=EDGE_LOOP('',(#2969,#2970,#2971,#2972,#2973,#2974,#2975,#2976,#2977,
#2978,#2979,#2980,#2981,#2982,#2983,#2984));
#502=EDGE_LOOP('',(#2985,#2986,#2987,#2988,#2989,#2990,#2991,#2992));
#503=EDGE_LOOP('',(#2993));
#504=EDGE_LOOP('',(#2994));
#505=EDGE_LOOP('',(#2995));
#506=EDGE_LOOP('',(#2996));
#507=EDGE_LOOP('',(#2997,#2998,#2999,#3000,#3001));
#508=EDGE_LOOP('',(#3002,#3003,#3004,#3005));
#509=EDGE_LOOP('',(#3006,#3007,#3008,#3009,#3010,#3011));
#510=EDGE_LOOP('',(#3012,#3013,#3014,#3015));
#511=EDGE_LOOP('',(#3016,#3017,#3018,#3019));
#512=EDGE_LOOP('',(#3020,#3021,#3022,#3023));
#513=EDGE_LOOP('',(#3024,#3025,#3026,#3027));
#514=EDGE_LOOP('',(#3028,#3029,#3030,#3031));
#515=EDGE_LOOP('',(#3032,#3033,#3034,#3035));
#516=EDGE_LOOP('',(#3036,#3037,#3038,#3039));
#517=EDGE_LOOP('',(#3040,#3041,#3042,#3043));
#518=EDGE_LOOP('',(#3044,#3045,#3046,#3047));
#519=EDGE_LOOP('',(#3048,#3049,#3050,#3051));
#520=EDGE_LOOP('',(#3052,#3053,#3054,#3055,#3056,#3057,#3058,#3059));
#521=EDGE_LOOP('',(#3060,#3061,#3062,#3063));
#522=EDGE_LOOP('',(#3064,#3065,#3066,#3067));
#523=EDGE_LOOP('',(#3068,#3069,#3070,#3071));
#524=EDGE_LOOP('',(#3072,#3073,#3074,#3075));
#525=EDGE_LOOP('',(#3076,#3077,#3078,#3079));
#526=EDGE_LOOP('',(#3080,#3081,#3082,#3083));
#527=EDGE_LOOP('',(#3084,#3085,#3086,#3087));
#528=EDGE_LOOP('',(#3088,#3089,#3090,#3091));
#529=EDGE_LOOP('',(#3092,#3093,#3094,#3095));
#530=EDGE_LOOP('',(#3096,#3097,#3098,#3099,#3100));
#531=EDGE_LOOP('',(#3101,#3102,#3103,#3104,#3105));
#532=EDGE_LOOP('',(#3106,#3107,#3108,#3109));
#533=EDGE_LOOP('',(#3110,#3111,#3112,#3113));
#534=EDGE_LOOP('',(#3114,#3115,#3116,#3117));
#535=EDGE_LOOP('',(#3118,#3119,#3120,#3121));
#536=EDGE_LOOP('',(#3122,#3123,#3124,#3125));
#537=EDGE_LOOP('',(#3126,#3127,#3128,#3129));
#538=EDGE_LOOP('',(#3130,#3131,#3132,#3133));
#539=EDGE_LOOP('',(#3134,#3135,#3136,#3137,#3138));
#540=EDGE_LOOP('',(#3139,#3140,#3141,#3142));
#541=EDGE_LOOP('',(#3143,#3144,#3145,#3146));
#542=EDGE_LOOP('',(#3147,#3148,#3149,#3150));
#543=EDGE_LOOP('',(#3151,#3152,#3153,#3154));
#544=EDGE_LOOP('',(#3155,#3156,#3157,#3158));
#545=EDGE_LOOP('',(#3159,#3160,#3161,#3162));
#546=EDGE_LOOP('',(#3163,#3164,#3165,#3166));
#547=EDGE_LOOP('',(#3167,#3168,#3169,#3170));
#548=EDGE_LOOP('',(#3171,#3172,#3173,#3174));
#549=EDGE_LOOP('',(#3175,#3176,#3177,#3178,#3179,#3180,#3181,#3182));
#550=EDGE_LOOP('',(#3183));
#551=EDGE_LOOP('',(#3184));
#552=EDGE_LOOP('',(#3185));
#553=EDGE_LOOP('',(#3186));
#554=EDGE_LOOP('',(#3187));
#555=LINE('',#4824,#888);
#556=LINE('',#4827,#889);
#557=LINE('',#4833,#890);
#558=LINE('',#4836,#891);
#559=LINE('',#4842,#892);
#560=LINE('',#4845,#893);
#561=LINE('',#4851,#894);
#562=LINE('',#4854,#895);
#563=LINE('',#4857,#896);
#564=LINE('',#4859,#897);
#565=LINE('',#4860,#898);
#566=LINE('',#4862,#899);
#567=LINE('',#4863,#900);
#568=LINE('',#4867,#901);
#569=LINE('',#4869,#902);
#570=LINE('',#4871,#903);
#571=LINE('',#4872,#904);
#572=LINE('',#4875,#905);
#573=LINE('',#4877,#906);
#574=LINE('',#4878,#907);
#575=LINE('',#4881,#908);
#576=LINE('',#4882,#909);
#577=LINE('',#4885,#910);
#578=LINE('',#4886,#911);
#579=LINE('',#4888,#912);
#580=LINE('',#4892,#913);
#581=LINE('',#4893,#914);
#582=LINE('',#4894,#915);
#583=LINE('',#4897,#916);
#584=LINE('',#4899,#917);
#585=LINE('',#4901,#918);
#586=LINE('',#4902,#919);
#587=LINE('',#4904,#920);
#588=LINE('',#4906,#921);
#589=LINE('',#4907,#922);
#590=LINE('',#4910,#923);
#591=LINE('',#4912,#924);
#592=LINE('',#4913,#925);
#593=LINE('',#4916,#926);
#594=LINE('',#4917,#927);
#595=LINE('',#4920,#928);
#596=LINE('',#4924,#929);
#597=LINE('',#4928,#930);
#598=LINE('',#4931,#931);
#599=LINE('',#4935,#932);
#600=LINE('',#4936,#933);
#601=LINE('',#4938,#934);
#602=LINE('',#4940,#935);
#603=LINE('',#4942,#936);
#604=LINE('',#4944,#937);
#605=LINE('',#4946,#938);
#606=LINE('',#4948,#939);
#607=LINE('',#4950,#940);
#608=LINE('',#4952,#941);
#609=LINE('',#4954,#942);
#610=LINE('',#4956,#943);
#611=LINE('',#4958,#944);
#612=LINE('',#4960,#945);
#613=LINE('',#4961,#946);
#614=LINE('',#4964,#947);
#615=LINE('',#4966,#948);
#616=LINE('',#4967,#949);
#617=LINE('',#4970,#950);
#618=LINE('',#4972,#951);
#619=LINE('',#4973,#952);
#620=LINE('',#4975,#953);
#621=LINE('',#4979,#954);
#622=LINE('',#4983,#955);
#623=LINE('',#4987,#956);
#624=LINE('',#4991,#957);
#625=LINE('',#5002,#958);
#626=LINE('',#5006,#959);
#627=LINE('',#5010,#960);
#628=LINE('',#5014,#961);
#629=LINE('',#5018,#962);
#630=LINE('',#5022,#963);
#631=LINE('',#5026,#964);
#632=LINE('',#5030,#965);
#633=LINE('',#5034,#966);
#634=LINE('',#5038,#967);
#635=LINE('',#5041,#968);
#636=LINE('',#5043,#969);
#637=LINE('',#5047,#970);
#638=LINE('',#5051,#971);
#639=LINE('',#5055,#972);
#640=LINE('',#5059,#973);
#641=LINE('',#5063,#974);
#642=LINE('',#5067,#975);
#643=LINE('',#5071,#976);
#644=LINE('',#5075,#977);
#645=LINE('',#5079,#978);
#646=LINE('',#5082,#979);
#647=LINE('',#5084,#980);
#648=LINE('',#5086,#981);
#649=LINE('',#5088,#982);
#650=LINE('',#5089,#983);
#651=LINE('',#5092,#984);
#652=LINE('',#5094,#985);
#653=LINE('',#5096,#986);
#654=LINE('',#5098,#987);
#655=LINE('',#5100,#988);
#656=LINE('',#5102,#989);
#657=LINE('',#5104,#990);
#658=LINE('',#5106,#991);
#659=LINE('',#5107,#992);
#660=LINE('',#5109,#993);
#661=LINE('',#5114,#994);
#662=LINE('',#5118,#995);
#663=LINE('',#5125,#996);
#664=LINE('',#5127,#997);
#665=LINE('',#5129,#998);
#666=LINE('',#5130,#999);
#667=LINE('',#5133,#1000);
#668=LINE('',#5134,#1001);
#669=LINE('',#5135,#1002);
#670=LINE('',#5138,#1003);
#671=LINE('',#5139,#1004);
#672=LINE('',#5141,#1005);
#673=LINE('',#5142,#1006);
#674=LINE('',#5145,#1007);
#675=LINE('',#5146,#1008);
#676=LINE('',#5149,#1009);
#677=LINE('',#5150,#1010);
#678=LINE('',#5153,#1011);
#679=LINE('',#5156,#1012);
#680=LINE('',#5160,#1013);
#681=LINE('',#5164,#1014);
#682=LINE('',#5167,#1015);
#683=LINE('',#5169,#1016);
#684=LINE('',#5170,#1017);
#685=LINE('',#5178,#1018);
#686=LINE('',#5182,#1019);
#687=LINE('',#5188,#1020);
#688=LINE('',#5191,#1021);
#689=LINE('',#5192,#1022);
#690=LINE('',#5193,#1023);
#691=LINE('',#5201,#1024);
#692=LINE('',#5204,#1025);
#693=LINE('',#5206,#1026);
#694=LINE('',#5209,#1027);
#695=LINE('',#5213,#1028);
#696=LINE('',#5214,#1029);
#697=LINE('',#5216,#1030);
#698=LINE('',#5219,#1031);
#699=LINE('',#5227,#1032);
#700=LINE('',#5230,#1033);
#701=LINE('',#5232,#1034);
#702=LINE('',#5235,#1035);
#703=LINE('',#5238,#1036);
#704=LINE('',#5239,#1037);
#705=LINE('',#5242,#1038);
#706=LINE('',#5243,#1039);
#707=LINE('',#5245,#1040);
#708=LINE('',#5246,#1041);
#709=LINE('',#5248,#1042);
#710=LINE('',#5251,#1043);
#711=LINE('',#5252,#1044);
#712=LINE('',#5255,#1045);
#713=LINE('',#5257,#1046);
#714=LINE('',#5259,#1047);
#715=LINE('',#5261,#1048);
#716=LINE('',#5262,#1049);
#717=LINE('',#5265,#1050);
#718=LINE('',#5266,#1051);
#719=LINE('',#5268,#1052);
#720=LINE('',#5269,#1053);
#721=LINE('',#5272,#1054);
#722=LINE('',#5275,#1055);
#723=LINE('',#5278,#1056);
#724=LINE('',#5282,#1057);
#725=LINE('',#5283,#1058);
#726=LINE('',#5284,#1059);
#727=LINE('',#5287,#1060);
#728=LINE('',#5292,#1061);
#729=LINE('',#5295,#1062);
#730=LINE('',#5298,#1063);
#731=LINE('',#5305,#1064);
#732=LINE('',#5310,#1065);
#733=LINE('',#5312,#1066);
#734=LINE('',#5316,#1067);
#735=LINE('',#5319,#1068);
#736=LINE('',#5322,#1069);
#737=LINE('',#5326,#1070);
#738=LINE('',#5327,#1071);
#739=LINE('',#5328,#1072);
#740=LINE('',#5331,#1073);
#741=LINE('',#5334,#1074);
#742=LINE('',#5336,#1075);
#743=LINE('',#5340,#1076);
#744=LINE('',#5344,#1077);
#745=LINE('',#5348,#1078);
#746=LINE('',#5353,#1079);
#747=LINE('',#5356,#1080);
#748=LINE('',#5358,#1081);
#749=LINE('',#5359,#1082);
#750=LINE('',#5361,#1083);
#751=LINE('',#5363,#1084);
#752=LINE('',#5366,#1085);
#753=LINE('',#5371,#1086);
#754=LINE('',#5376,#1087);
#755=LINE('',#5383,#1088);
#756=LINE('',#5385,#1089);
#757=LINE('',#5386,#1090);
#758=LINE('',#5389,#1091);
#759=LINE('',#5392,#1092);
#760=LINE('',#5394,#1093);
#761=LINE('',#5395,#1094);
#762=LINE('',#5398,#1095);
#763=LINE('',#5401,#1096);
#764=LINE('',#5402,#1097);
#765=LINE('',#5405,#1098);
#766=LINE('',#5406,#1099);
#767=LINE('',#5409,#1100);
#768=LINE('',#5412,#1101);
#769=LINE('',#5415,#1102);
#770=LINE('',#5419,#1103);
#771=LINE('',#5422,#1104);
#772=LINE('',#5425,#1105);
#773=LINE('',#5429,#1106);
#774=LINE('',#5432,#1107);
#775=LINE('',#5435,#1108);
#776=LINE('',#5439,#1109);
#777=LINE('',#5443,#1110);
#778=LINE('',#5444,#1111);
#779=LINE('',#5446,#1112);
#780=LINE('',#5449,#1113);
#781=LINE('',#5453,#1114);
#782=LINE('',#5456,#1115);
#783=LINE('',#5459,#1116);
#784=LINE('',#5463,#1117);
#785=LINE('',#5466,#1118);
#786=LINE('',#5470,#1119);
#787=LINE('',#5473,#1120);
#788=LINE('',#5476,#1121);
#789=LINE('',#5479,#1122);
#790=LINE('',#5480,#1123);
#791=LINE('',#5482,#1124);
#792=LINE('',#5487,#1125);
#793=LINE('',#5494,#1126);
#794=LINE('',#5501,#1127);
#795=LINE('',#5508,#1128);
#796=LINE('',#5515,#1129);
#797=LINE('',#5524,#1130);
#798=LINE('',#5533,#1131);
#799=LINE('',#5542,#1132);
#800=LINE('',#5548,#1133);
#801=LINE('',#5550,#1134);
#802=LINE('',#5552,#1135);
#803=LINE('',#5554,#1136);
#804=LINE('',#5815,#1137);
#805=LINE('',#5819,#1138);
#806=LINE('',#5823,#1139);
#807=LINE('',#5827,#1140);
#808=LINE('',#5830,#1141);
#809=LINE('',#5833,#1142);
#810=LINE('',#5835,#1143);
#811=LINE('',#5836,#1144);
#812=LINE('',#5839,#1145);
#813=LINE('',#5843,#1146);
#814=LINE('',#5844,#1147);
#815=LINE('',#5847,#1148);
#816=LINE('',#5851,#1149);
#817=LINE('',#5852,#1150);
#818=LINE('',#5855,#1151);
#819=LINE('',#5859,#1152);
#820=LINE('',#5860,#1153);
#821=LINE('',#5866,#1154);
#822=LINE('',#5868,#1155);
#823=LINE('',#5870,#1156);
#824=LINE('',#5871,#1157);
#825=LINE('',#5877,#1158);
#826=LINE('',#5880,#1159);
#827=LINE('',#5882,#1160);
#828=LINE('',#5883,#1161);
#829=LINE('',#5889,#1162);
#830=LINE('',#5892,#1163);
#831=LINE('',#5894,#1164);
#832=LINE('',#5895,#1165);
#833=LINE('',#5900,#1166);
#834=LINE('',#5904,#1167);
#835=LINE('',#5906,#1168);
#836=LINE('',#5907,#1169);
#837=LINE('',#5916,#1170);
#838=LINE('',#5923,#1171);
#839=LINE('',#5930,#1172);
#840=LINE('',#5937,#1173);
#841=LINE('',#5941,#1174);
#842=LINE('',#5942,#1175);
#843=LINE('',#5945,#1176);
#844=LINE('',#5946,#1177);
#845=LINE('',#5948,#1178);
#846=LINE('',#5951,#1179);
#847=LINE('',#5953,#1180);
#848=LINE('',#5954,#1181);
#849=LINE('',#5955,#1182);
#850=LINE('',#5958,#1183);
#851=LINE('',#5959,#1184);
#852=LINE('',#5961,#1185);
#853=LINE('',#5962,#1186);
#854=LINE('',#5965,#1187);
#855=LINE('',#5966,#1188);
#856=LINE('',#5968,#1189);
#857=LINE('',#5970,#1190);
#858=LINE('',#5974,#1191);
#859=LINE('',#5978,#1192);
#860=LINE('',#5981,#1193);
#861=LINE('',#5985,#1194);
#862=LINE('',#5987,#1195);
#863=LINE('',#5988,#1196);
#864=LINE('',#5992,#1197);
#865=LINE('',#5995,#1198);
#866=LINE('',#5999,#1199);
#867=LINE('',#6004,#1200);
#868=LINE('',#6008,#1201);
#869=LINE('',#6010,#1202);
#870=LINE('',#6015,#1203);
#871=LINE('',#6017,#1204);
#872=LINE('',#6028,#1205);
#873=LINE('',#6039,#1206);
#874=LINE('',#6041,#1207);
#875=LINE('',#6042,#1208);
#876=LINE('',#6045,#1209);
#877=LINE('',#6049,#1210);
#878=LINE('',#6050,#1211);
#879=LINE('',#6053,#1212);
#880=LINE('',#6056,#1213);
#881=LINE('',#6058,#1214);
#882=LINE('',#6060,#1215);
#883=LINE('',#6067,#1216);
#884=LINE('',#6070,#1217);
#885=LINE('',#6071,#1218);
#886=LINE('',#6075,#1219);
#887=LINE('',#6077,#1220);
#888=VECTOR('',#3801,1.);
#889=VECTOR('',#3804,1.);
#890=VECTOR('',#3809,1.);
#891=VECTOR('',#3812,1.);
#892=VECTOR('',#3817,1.);
#893=VECTOR('',#3820,1.);
#894=VECTOR('',#3825,1.);
#895=VECTOR('',#3828,1.);
#896=VECTOR('',#3831,1.);
#897=VECTOR('',#3832,1.);
#898=VECTOR('',#3833,1.);
#899=VECTOR('',#3836,1.);
#900=VECTOR('',#3837,1.);
#901=VECTOR('',#3840,1.);
#902=VECTOR('',#3841,1.);
#903=VECTOR('',#3842,1.);
#904=VECTOR('',#3843,1.);
#905=VECTOR('',#3846,1.);
#906=VECTOR('',#3847,1.);
#907=VECTOR('',#3848,1.);
#908=VECTOR('',#3851,1.);
#909=VECTOR('',#3852,1.);
#910=VECTOR('',#3855,1.);
#911=VECTOR('',#3856,1.);
#912=VECTOR('',#3859,1.);
#913=VECTOR('',#3862,1.);
#914=VECTOR('',#3863,1.);
#915=VECTOR('',#3864,1.);
#916=VECTOR('',#3867,1.);
#917=VECTOR('',#3868,1.);
#918=VECTOR('',#3869,1.);
#919=VECTOR('',#3870,1.);
#920=VECTOR('',#3873,1.);
#921=VECTOR('',#3874,1.);
#922=VECTOR('',#3875,1.);
#923=VECTOR('',#3878,1.);
#924=VECTOR('',#3879,1.);
#925=VECTOR('',#3880,1.);
#926=VECTOR('',#3883,1.);
#927=VECTOR('',#3884,1.);
#928=VECTOR('',#3887,1.);
#929=VECTOR('',#3890,1.);
#930=VECTOR('',#3893,1.);
#931=VECTOR('',#3896,1.);
#932=VECTOR('',#3899,1.);
#933=VECTOR('',#3900,1.);
#934=VECTOR('',#3901,1.);
#935=VECTOR('',#3902,1.);
#936=VECTOR('',#3903,1.);
#937=VECTOR('',#3904,1.);
#938=VECTOR('',#3905,1.);
#939=VECTOR('',#3906,1.);
#940=VECTOR('',#3907,1.);
#941=VECTOR('',#3908,1.);
#942=VECTOR('',#3909,1.);
#943=VECTOR('',#3910,1.);
#944=VECTOR('',#3911,1.);
#945=VECTOR('',#3912,1.);
#946=VECTOR('',#3913,1.);
#947=VECTOR('',#3916,1.);
#948=VECTOR('',#3917,1.);
#949=VECTOR('',#3918,1.);
#950=VECTOR('',#3921,1.);
#951=VECTOR('',#3922,1.);
#952=VECTOR('',#3923,1.);
#953=VECTOR('',#3926,1.);
#954=VECTOR('',#3929,1.);
#955=VECTOR('',#3932,1.);
#956=VECTOR('',#3935,1.);
#957=VECTOR('',#3938,1.);
#958=VECTOR('',#3949,1.);
#959=VECTOR('',#3952,1.);
#960=VECTOR('',#3955,1.);
#961=VECTOR('',#3958,1.);
#962=VECTOR('',#3961,1.);
#963=VECTOR('',#3964,1.);
#964=VECTOR('',#3967,1.);
#965=VECTOR('',#3970,1.);
#966=VECTOR('',#3973,1.);
#967=VECTOR('',#3976,1.);
#968=VECTOR('',#3979,1.);
#969=VECTOR('',#3980,1.);
#970=VECTOR('',#3983,1.);
#971=VECTOR('',#3986,1.);
#972=VECTOR('',#3989,1.);
#973=VECTOR('',#3992,1.);
#974=VECTOR('',#3995,1.);
#975=VECTOR('',#3998,1.);
#976=VECTOR('',#4001,1.);
#977=VECTOR('',#4004,1.);
#978=VECTOR('',#4007,1.);
#979=VECTOR('',#4010,1.);
#980=VECTOR('',#4011,1.);
#981=VECTOR('',#4012,1.);
#982=VECTOR('',#4013,1.);
#983=VECTOR('',#4014,1.);
#984=VECTOR('',#4017,1.);
#985=VECTOR('',#4018,1.);
#986=VECTOR('',#4019,1.);
#987=VECTOR('',#4020,1.);
#988=VECTOR('',#4021,1.);
#989=VECTOR('',#4022,1.);
#990=VECTOR('',#4023,1.);
#991=VECTOR('',#4024,1.);
#992=VECTOR('',#4025,1.);
#993=VECTOR('',#4028,1.);
#994=VECTOR('',#4033,1.);
#995=VECTOR('',#4036,1.);
#996=VECTOR('',#4043,1.);
#997=VECTOR('',#4044,1.);
#998=VECTOR('',#4045,1.);
#999=VECTOR('',#4046,1.);
#1000=VECTOR('',#4049,1.);
#1001=VECTOR('',#4050,1.);
#1002=VECTOR('',#4051,1.);
#1003=VECTOR('',#4054,1.);
#1004=VECTOR('',#4055,1.);
#1005=VECTOR('',#4058,1.);
#1006=VECTOR('',#4059,1.);
#1007=VECTOR('',#4064,1.);
#1008=VECTOR('',#4065,1.);
#1009=VECTOR('',#4068,1.);
#1010=VECTOR('',#4069,1.);
#1011=VECTOR('',#4074,1.);
#1012=VECTOR('',#4077,1.);
#1013=VECTOR('',#4080,1.);
#1014=VECTOR('',#4083,1.);
#1015=VECTOR('',#4088,1.);
#1016=VECTOR('',#4091,1.);
#1017=VECTOR('',#4092,1.);
#1018=VECTOR('',#4101,1.);
#1019=VECTOR('',#4104,1.);
#1020=VECTOR('',#4111,1.);
#1021=VECTOR('',#4114,1.);
#1022=VECTOR('',#4115,1.);
#1023=VECTOR('',#4116,1.);
#1024=VECTOR('',#4123,1.);
#1025=VECTOR('',#4126,1.);
#1026=VECTOR('',#4127,1.);
#1027=VECTOR('',#4130,1.);
#1028=VECTOR('',#4135,1.);
#1029=VECTOR('',#4136,1.);
#1030=VECTOR('',#4137,1.);
#1031=VECTOR('',#4140,1.);
#1032=VECTOR('',#4147,1.);
#1033=VECTOR('',#4150,1.);
#1034=VECTOR('',#4151,1.);
#1035=VECTOR('',#4154,1.);
#1036=VECTOR('',#4157,1.);
#1037=VECTOR('',#4158,1.);
#1038=VECTOR('',#4161,1.);
#1039=VECTOR('',#4162,1.);
#1040=VECTOR('',#4163,1.);
#1041=VECTOR('',#4164,1.);
#1042=VECTOR('',#4167,1.);
#1043=VECTOR('',#4170,1.);
#1044=VECTOR('',#4171,1.);
#1045=VECTOR('',#4174,1.);
#1046=VECTOR('',#4175,1.);
#1047=VECTOR('',#4176,1.);
#1048=VECTOR('',#4177,1.);
#1049=VECTOR('',#4178,1.);
#1050=VECTOR('',#4181,1.);
#1051=VECTOR('',#4182,1.);
#1052=VECTOR('',#4183,1.);
#1053=VECTOR('',#4184,1.);
#1054=VECTOR('',#4187,1.);
#1055=VECTOR('',#4190,1.);
#1056=VECTOR('',#4193,1.);
#1057=VECTOR('',#4198,1.);
#1058=VECTOR('',#4199,1.);
#1059=VECTOR('',#4200,1.);
#1060=VECTOR('',#4203,1.);
#1061=VECTOR('',#4212,1.);
#1062=VECTOR('',#4215,1.);
#1063=VECTOR('',#4218,1.);
#1064=VECTOR('',#4225,1.);
#1065=VECTOR('',#4230,1.);
#1066=VECTOR('',#4231,1.);
#1067=VECTOR('',#4234,1.);
#1068=VECTOR('',#4237,1.);
#1069=VECTOR('',#4240,1.);
#1070=VECTOR('',#4245,1.);
#1071=VECTOR('',#4246,1.);
#1072=VECTOR('',#4247,1.);
#1073=VECTOR('',#4250,1.);
#1074=VECTOR('',#4255,1.);
#1075=VECTOR('',#4256,1.);
#1076=VECTOR('',#4259,1.);
#1077=VECTOR('',#4262,1.);
#1078=VECTOR('',#4265,1.);
#1079=VECTOR('',#4274,1.);
#1080=VECTOR('',#4277,1.);
#1081=VECTOR('',#4278,1.);
#1082=VECTOR('',#4279,1.);
#1083=VECTOR('',#4282,1.);
#1084=VECTOR('',#4283,1.);
#1085=VECTOR('',#4286,1.);
#1086=VECTOR('',#4291,1.);
#1087=VECTOR('',#4296,1.);
#1088=VECTOR('',#4305,1.);
#1089=VECTOR('',#4308,1.);
#1090=VECTOR('',#4309,1.);
#1091=VECTOR('',#4312,1.);
#1092=VECTOR('',#4315,1.);
#1093=VECTOR('',#4318,1.);
#1094=VECTOR('',#4319,1.);
#1095=VECTOR('',#4322,1.);
#1096=VECTOR('',#4325,1.);
#1097=VECTOR('',#4326,1.);
#1098=VECTOR('',#4331,1.);
#1099=VECTOR('',#4332,1.);
#1100=VECTOR('',#4335,1.);
#1101=VECTOR('',#4338,1.);
#1102=VECTOR('',#4341,1.);
#1103=VECTOR('',#4344,1.);
#1104=VECTOR('',#4347,1.);
#1105=VECTOR('',#4350,1.);
#1106=VECTOR('',#4353,1.);
#1107=VECTOR('',#4356,1.);
#1108=VECTOR('',#4359,1.);
#1109=VECTOR('',#4362,1.);
#1110=VECTOR('',#4367,1.);
#1111=VECTOR('',#4368,1.);
#1112=VECTOR('',#4371,1.);
#1113=VECTOR('',#4374,1.);
#1114=VECTOR('',#4377,1.);
#1115=VECTOR('',#4380,1.);
#1116=VECTOR('',#4383,1.);
#1117=VECTOR('',#4386,1.);
#1118=VECTOR('',#4389,1.);
#1119=VECTOR('',#4394,1.);
#1120=VECTOR('',#4397,1.);
#1121=VECTOR('',#4400,1.);
#1122=VECTOR('',#4403,1.);
#1123=VECTOR('',#4404,1.);
#1124=VECTOR('',#4407,1.);
#1125=VECTOR('',#4412,0.21);
#1126=VECTOR('',#4421,0.21);
#1127=VECTOR('',#4430,0.21);
#1128=VECTOR('',#4439,0.21);
#1129=VECTOR('',#4448,0.32);
#1130=VECTOR('',#4459,0.32);
#1131=VECTOR('',#4470,0.32);
#1132=VECTOR('',#4481,0.32);
#1133=VECTOR('',#4490,0.17);
#1134=VECTOR('',#4493,0.17);
#1135=VECTOR('',#4496,0.17);
#1136=VECTOR('',#4499,0.17);
#1137=VECTOR('',#4500,0.0740223277126566);
#1138=VECTOR('',#4503,1.);
#1139=VECTOR('',#4506,1.);
#1140=VECTOR('',#4509,1.);
#1141=VECTOR('',#4512,1.);
#1142=VECTOR('',#4515,1.);
#1143=VECTOR('',#4516,1.);
#1144=VECTOR('',#4517,1.);
#1145=VECTOR('',#4520,1.);
#1146=VECTOR('',#4525,1.);
#1147=VECTOR('',#4526,1.);
#1148=VECTOR('',#4529,1.);
#1149=VECTOR('',#4534,1.);
#1150=VECTOR('',#4535,1.);
#1151=VECTOR('',#4538,1.);
#1152=VECTOR('',#4543,1.);
#1153=VECTOR('',#4544,1.);
#1154=VECTOR('',#4551,1.);
#1155=VECTOR('',#4552,1.);
#1156=VECTOR('',#4553,1.);
#1157=VECTOR('',#4554,1.);
#1158=VECTOR('',#4561,1.);
#1159=VECTOR('',#4564,1.);
#1160=VECTOR('',#4565,1.);
#1161=VECTOR('',#4566,1.);
#1162=VECTOR('',#4573,1.);
#1163=VECTOR('',#4576,1.);
#1164=VECTOR('',#4577,1.);
#1165=VECTOR('',#4578,1.);
#1166=VECTOR('',#4583,1.);
#1167=VECTOR('',#4588,1.);
#1168=VECTOR('',#4589,1.);
#1169=VECTOR('',#4590,1.);
#1170=VECTOR('',#4603,0.45);
#1171=VECTOR('',#4612,0.45);
#1172=VECTOR('',#4621,0.45);
#1173=VECTOR('',#4630,0.45);
#1174=VECTOR('',#4637,1.);
#1175=VECTOR('',#4638,1.);
#1176=VECTOR('',#4641,1.);
#1177=VECTOR('',#4642,1.);
#1178=VECTOR('',#4645,1.);
#1179=VECTOR('',#4648,1.);
#1180=VECTOR('',#4649,1.);
#1181=VECTOR('',#4650,1.);
#1182=VECTOR('',#4651,1.);
#1183=VECTOR('',#4654,1.);
#1184=VECTOR('',#4655,1.);
#1185=VECTOR('',#4658,1.);
#1186=VECTOR('',#4659,1.);
#1187=VECTOR('',#4664,1.);
#1188=VECTOR('',#4665,1.);
#1189=VECTOR('',#4668,1.);
#1190=VECTOR('',#4669,1.);
#1191=VECTOR('',#4674,1.);
#1192=VECTOR('',#4677,1.);
#1193=VECTOR('',#4682,1.);
#1194=VECTOR('',#4687,1.);
#1195=VECTOR('',#4688,1.);
#1196=VECTOR('',#4689,1.);
#1197=VECTOR('',#4694,1.);
#1198=VECTOR('',#4697,1.);
#1199=VECTOR('',#4702,1.);
#1200=VECTOR('',#4709,1.);
#1201=VECTOR('',#4714,1.);
#1202=VECTOR('',#4715,1.);
#1203=VECTOR('',#4724,1.);
#1204=VECTOR('',#4727,1.);
#1205=VECTOR('',#4748,1.);
#1206=VECTOR('',#4767,1.);
#1207=VECTOR('',#4768,1.);
#1208=VECTOR('',#4769,1.);
#1209=VECTOR('',#4772,1.);
#1210=VECTOR('',#4777,1.);
#1211=VECTOR('',#4778,1.);
#1212=VECTOR('',#4781,1.);
#1213=VECTOR('',#4786,1.);
#1214=VECTOR('',#4789,1.);
#1215=VECTOR('',#4792,1.);
#1216=VECTOR('',#4803,1.);
#1217=VECTOR('',#4806,1.);
#1218=VECTOR('',#4807,1.);
#1219=VECTOR('',#4812,1.);
#1220=VECTOR('',#4815,1.);
#1221=CIRCLE('',#3452,0.220000000000001);
#1222=CIRCLE('',#3453,0.220000000000001);
#1223=CIRCLE('',#3455,0.220000000000001);
#1224=CIRCLE('',#3456,0.220000000000001);
#1225=CIRCLE('',#3458,0.220000000000001);
#1226=CIRCLE('',#3459,0.220000000000001);
#1227=CIRCLE('',#3461,0.220000000000001);
#1228=CIRCLE('',#3462,0.220000000000001);
#1229=CIRCLE('',#3476,0.0999999999999996);
#1230=CIRCLE('',#3477,0.0999999999999996);
#1231=CIRCLE('',#3478,0.5);
#1232=CIRCLE('',#3484,0.5);
#1233=CIRCLE('',#3485,0.5);
#1234=CIRCLE('',#3486,0.5);
#1235=CIRCLE('',#3487,0.5);
#1236=CIRCLE('',#3488,0.17);
#1237=CIRCLE('',#3489,0.17);
#1238=CIRCLE('',#3490,0.17);
#1239=CIRCLE('',#3491,0.17);
#1240=CIRCLE('',#3492,0.5);
#1241=CIRCLE('',#3493,0.5);
#1242=CIRCLE('',#3494,0.45);
#1243=CIRCLE('',#3495,0.45);
#1244=CIRCLE('',#3496,0.5);
#1245=CIRCLE('',#3497,0.5);
#1246=CIRCLE('',#3498,0.45);
#1247=CIRCLE('',#3499,0.45);
#1248=CIRCLE('',#3500,0.5);
#1249=CIRCLE('',#3501,0.5);
#1250=CIRCLE('',#3502,0.5);
#1251=CIRCLE('',#3503,0.5);
#1252=CIRCLE('',#3504,0.45);
#1253=CIRCLE('',#3505,0.45);
#1254=CIRCLE('',#3506,0.5);
#1255=CIRCLE('',#3507,0.5);
#1256=CIRCLE('',#3508,0.45);
#1257=CIRCLE('',#3509,0.45);
#1258=CIRCLE('',#3510,0.5);
#1259=CIRCLE('',#3511,0.5);
#1260=CIRCLE('',#3515,0.25);
#1261=CIRCLE('',#3516,0.5);
#1262=CIRCLE('',#3517,0.399999999999999);
#1263=CIRCLE('',#3518,0.0999999999999996);
#1264=CIRCLE('',#3529,0.5);
#1265=CIRCLE('',#3530,0.1);
#1266=CIRCLE('',#3531,0.1);
#1267=CIRCLE('',#3536,0.1);
#1268=CIRCLE('',#3537,0.4);
#1269=CIRCLE('',#3538,0.5);
#1270=CIRCLE('',#3539,0.25);
#1271=CIRCLE('',#3541,0.5);
#1272=CIRCLE('',#3542,0.5);
#1273=CIRCLE('',#3544,0.5);
#1274=CIRCLE('',#3545,0.5);
#1275=CIRCLE('',#3546,0.5);
#1276=CIRCLE('',#3547,0.5);
#1277=CIRCLE('',#3549,0.5);
#1278=CIRCLE('',#3550,0.5);
#1279=CIRCLE('',#3552,0.5);
#1280=CIRCLE('',#3553,0.5);
#1281=CIRCLE('',#3554,0.5);
#1282=CIRCLE('',#3555,0.5);
#1283=CIRCLE('',#3563,0.45);
#1284=CIRCLE('',#3565,0.45);
#1285=CIRCLE('',#3568,0.5);
#1286=CIRCLE('',#3570,0.5);
#1287=CIRCLE('',#3573,0.45);
#1288=CIRCLE('',#3575,0.399999999999999);
#1289=CIRCLE('',#3576,0.0999999999999996);
#1290=CIRCLE('',#3577,0.1);
#1291=CIRCLE('',#3578,0.4);
#1292=CIRCLE('',#3579,0.25);
#1293=CIRCLE('',#3580,0.25);
#1294=CIRCLE('',#3582,0.45);
#1295=CIRCLE('',#3585,0.5);
#1296=CIRCLE('',#3587,0.1);
#1297=CIRCLE('',#3588,0.1);
#1298=CIRCLE('',#3589,0.0999999999999996);
#1299=CIRCLE('',#3590,0.0999999999999996);
#1300=CIRCLE('',#3592,0.5);
#1301=CIRCLE('',#3596,0.1);
#1302=CIRCLE('',#3598,0.45);
#1303=CIRCLE('',#3600,0.45);
#1304=CIRCLE('',#3602,0.45);
#1305=CIRCLE('',#3604,0.45);
#1306=CIRCLE('',#3607,0.1);
#1307=CIRCLE('',#3610,0.0999999999999996);
#1308=CIRCLE('',#3614,0.0999999999999996);
#1309=CIRCLE('',#3616,0.45);
#1310=CIRCLE('',#3617,0.45);
#1311=CIRCLE('',#3619,0.45);
#1312=CIRCLE('',#3620,0.45);
#1313=CIRCLE('',#3622,0.1);
#1314=CIRCLE('',#3623,0.4);
#1315=CIRCLE('',#3627,0.45);
#1316=CIRCLE('',#3628,0.45);
#1317=CIRCLE('',#3630,0.45);
#1318=CIRCLE('',#3631,0.45);
#1319=CIRCLE('',#3633,0.4);
#1320=CIRCLE('',#3635,0.1);
#1321=CIRCLE('',#3639,0.21);
#1322=CIRCLE('',#3640,0.21);
#1323=CIRCLE('',#3643,0.21);
#1324=CIRCLE('',#3644,0.21);
#1325=CIRCLE('',#3647,0.21);
#1326=CIRCLE('',#3648,0.21);
#1327=CIRCLE('',#3651,0.21);
#1328=CIRCLE('',#3652,0.21);
#1329=CIRCLE('',#3655,0.32);
#1330=CIRCLE('',#3656,0.32);
#1331=CIRCLE('',#3658,0.17);
#1332=CIRCLE('',#3660,0.32);
#1333=CIRCLE('',#3661,0.32);
#1334=CIRCLE('',#3663,0.17);
#1335=CIRCLE('',#3665,0.32);
#1336=CIRCLE('',#3666,0.32);
#1337=CIRCLE('',#3668,0.17);
#1338=CIRCLE('',#3670,0.32);
#1339=CIRCLE('',#3671,0.32);
#1340=CIRCLE('',#3673,0.17);
#1341=CIRCLE('',#3678,0.1);
#1342=CIRCLE('',#3679,0.1);
#1343=CIRCLE('',#3680,0.1);
#1344=CIRCLE('',#3681,0.1);
#1345=CIRCLE('',#3684,0.1);
#1346=CIRCLE('',#3687,0.1);
#1347=CIRCLE('',#3690,0.1);
#1348=CIRCLE('',#3693,0.1);
#1349=CIRCLE('',#3696,0.15);
#1350=CIRCLE('',#3697,0.15);
#1351=CIRCLE('',#3700,0.15);
#1352=CIRCLE('',#3701,0.15);
#1353=CIRCLE('',#3704,0.15);
#1354=CIRCLE('',#3705,0.15);
#1355=CIRCLE('',#3708,0.15);
#1356=CIRCLE('',#3709,0.15);
#1357=CIRCLE('',#3712,0.45);
#1358=CIRCLE('',#3713,0.45);
#1359=CIRCLE('',#3716,0.45);
#1360=CIRCLE('',#3717,0.45);
#1361=CIRCLE('',#3720,0.45);
#1362=CIRCLE('',#3721,0.45);
#1363=CIRCLE('',#3724,0.45);
#1364=CIRCLE('',#3725,0.45);
#1365=CIRCLE('',#3736,0.25);
#1366=CIRCLE('',#3737,0.25);
#1367=CIRCLE('',#3738,0.25);
#1368=CIRCLE('',#3739,0.25);
#1369=CIRCLE('',#3745,0.5);
#1370=CIRCLE('',#3747,0.5);
#1371=CIRCLE('',#3751,0.5);
#1372=CIRCLE('',#3753,0.5);
#1373=CIRCLE('',#3763,0.0999999999999996);
#1374=CIRCLE('',#3765,0.0999999999999996);
#1375=CIRCLE('',#3770,0.399999999999999);
#1376=CIRCLE('',#3772,0.399999999999999);
#1377=CIRCLE('',#3778,0.5);
#1378=CIRCLE('',#3781,0.5);
#1379=CIRCLE('',#3789,0.5);
#1380=CIRCLE('',#3792,0.5);
#1381=VERTEX_POINT('',#4820);
#1382=VERTEX_POINT('',#4821);
#1383=VERTEX_POINT('',#4823);
#1384=VERTEX_POINT('',#4825);
#1385=VERTEX_POINT('',#4829);
#1386=VERTEX_POINT('',#4830);
#1387=VERTEX_POINT('',#4832);
#1388=VERTEX_POINT('',#4834);
#1389=VERTEX_POINT('',#4838);
#1390=VERTEX_POINT('',#4839);
#1391=VERTEX_POINT('',#4841);
#1392=VERTEX_POINT('',#4843);
#1393=VERTEX_POINT('',#4847);
#1394=VERTEX_POINT('',#4848);
#1395=VERTEX_POINT('',#4850);
#1396=VERTEX_POINT('',#4852);
#1397=VERTEX_POINT('',#4856);
#1398=VERTEX_POINT('',#4858);
#1399=VERTEX_POINT('',#4865);
#1400=VERTEX_POINT('',#4866);
#1401=VERTEX_POINT('',#4868);
#1402=VERTEX_POINT('',#4870);
#1403=VERTEX_POINT('',#4874);
#1404=VERTEX_POINT('',#4876);
#1405=VERTEX_POINT('',#4880);
#1406=VERTEX_POINT('',#4884);
#1407=VERTEX_POINT('',#4890);
#1408=VERTEX_POINT('',#4891);
#1409=VERTEX_POINT('',#4896);
#1410=VERTEX_POINT('',#4898);
#1411=VERTEX_POINT('',#4900);
#1412=VERTEX_POINT('',#4905);
#1413=VERTEX_POINT('',#4909);
#1414=VERTEX_POINT('',#4911);
#1415=VERTEX_POINT('',#4915);
#1416=VERTEX_POINT('',#4919);
#1417=VERTEX_POINT('',#4921);
#1418=VERTEX_POINT('',#4923);
#1419=VERTEX_POINT('',#4925);
#1420=VERTEX_POINT('',#4927);
#1421=VERTEX_POINT('',#4929);
#1422=VERTEX_POINT('',#4933);
#1423=VERTEX_POINT('',#4934);
#1424=VERTEX_POINT('',#4937);
#1425=VERTEX_POINT('',#4939);
#1426=VERTEX_POINT('',#4941);
#1427=VERTEX_POINT('',#4943);
#1428=VERTEX_POINT('',#4945);
#1429=VERTEX_POINT('',#4947);
#1430=VERTEX_POINT('',#4949);
#1431=VERTEX_POINT('',#4951);
#1432=VERTEX_POINT('',#4953);
#1433=VERTEX_POINT('',#4955);
#1434=VERTEX_POINT('',#4957);
#1435=VERTEX_POINT('',#4959);
#1436=VERTEX_POINT('',#4963);
#1437=VERTEX_POINT('',#4965);
#1438=VERTEX_POINT('',#4969);
#1439=VERTEX_POINT('',#4971);
#1440=VERTEX_POINT('',#4977);
#1441=VERTEX_POINT('',#4978);
#1442=VERTEX_POINT('',#4980);
#1443=VERTEX_POINT('',#4982);
#1444=VERTEX_POINT('',#4984);
#1445=VERTEX_POINT('',#4986);
#1446=VERTEX_POINT('',#4988);
#1447=VERTEX_POINT('',#4990);
#1448=VERTEX_POINT('',#4993);
#1449=VERTEX_POINT('',#4995);
#1450=VERTEX_POINT('',#4997);
#1451=VERTEX_POINT('',#4999);
#1452=VERTEX_POINT('',#5001);
#1453=VERTEX_POINT('',#5003);
#1454=VERTEX_POINT('',#5005);
#1455=VERTEX_POINT('',#5007);
#1456=VERTEX_POINT('',#5009);
#1457=VERTEX_POINT('',#5011);
#1458=VERTEX_POINT('',#5013);
#1459=VERTEX_POINT('',#5015);
#1460=VERTEX_POINT('',#5017);
#1461=VERTEX_POINT('',#5019);
#1462=VERTEX_POINT('',#5021);
#1463=VERTEX_POINT('',#5023);
#1464=VERTEX_POINT('',#5025);
#1465=VERTEX_POINT('',#5027);
#1466=VERTEX_POINT('',#5029);
#1467=VERTEX_POINT('',#5031);
#1468=VERTEX_POINT('',#5033);
#1469=VERTEX_POINT('',#5035);
#1470=VERTEX_POINT('',#5037);
#1471=VERTEX_POINT('',#5039);
#1472=VERTEX_POINT('',#5042);
#1473=VERTEX_POINT('',#5044);
#1474=VERTEX_POINT('',#5046);
#1475=VERTEX_POINT('',#5048);
#1476=VERTEX_POINT('',#5050);
#1477=VERTEX_POINT('',#5052);
#1478=VERTEX_POINT('',#5054);
#1479=VERTEX_POINT('',#5056);
#1480=VERTEX_POINT('',#5058);
#1481=VERTEX_POINT('',#5060);
#1482=VERTEX_POINT('',#5062);
#1483=VERTEX_POINT('',#5064);
#1484=VERTEX_POINT('',#5066);
#1485=VERTEX_POINT('',#5068);
#1486=VERTEX_POINT('',#5070);
#1487=VERTEX_POINT('',#5072);
#1488=VERTEX_POINT('',#5074);
#1489=VERTEX_POINT('',#5076);
#1490=VERTEX_POINT('',#5078);
#1491=VERTEX_POINT('',#5080);
#1492=VERTEX_POINT('',#5083);
#1493=VERTEX_POINT('',#5085);
#1494=VERTEX_POINT('',#5087);
#1495=VERTEX_POINT('',#5091);
#1496=VERTEX_POINT('',#5093);
#1497=VERTEX_POINT('',#5095);
#1498=VERTEX_POINT('',#5097);
#1499=VERTEX_POINT('',#5099);
#1500=VERTEX_POINT('',#5101);
#1501=VERTEX_POINT('',#5103);
#1502=VERTEX_POINT('',#5105);
#1503=VERTEX_POINT('',#5111);
#1504=VERTEX_POINT('',#5113);
#1505=VERTEX_POINT('',#5115);
#1506=VERTEX_POINT('',#5117);
#1507=VERTEX_POINT('',#5119);
#1508=VERTEX_POINT('',#5123);
#1509=VERTEX_POINT('',#5124);
#1510=VERTEX_POINT('',#5126);
#1511=VERTEX_POINT('',#5128);
#1512=VERTEX_POINT('',#5132);
#1513=VERTEX_POINT('',#5137);
#1514=VERTEX_POINT('',#5148);
#1515=VERTEX_POINT('',#5155);
#1516=VERTEX_POINT('',#5157);
#1517=VERTEX_POINT('',#5159);
#1518=VERTEX_POINT('',#5161);
#1519=VERTEX_POINT('',#5163);
#1520=VERTEX_POINT('',#5173);
#1521=VERTEX_POINT('',#5175);
#1522=VERTEX_POINT('',#5177);
#1523=VERTEX_POINT('',#5179);
#1524=VERTEX_POINT('',#5181);
#1525=VERTEX_POINT('',#5185);
#1526=VERTEX_POINT('',#5187);
#1527=VERTEX_POINT('',#5189);
#1528=VERTEX_POINT('',#5195);
#1529=VERTEX_POINT('',#5196);
#1530=VERTEX_POINT('',#5198);
#1531=VERTEX_POINT('',#5200);
#1532=VERTEX_POINT('',#5202);
#1533=VERTEX_POINT('',#5205);
#1534=VERTEX_POINT('',#5207);
#1535=VERTEX_POINT('',#5211);
#1536=VERTEX_POINT('',#5215);
#1537=VERTEX_POINT('',#5217);
#1538=VERTEX_POINT('',#5221);
#1539=VERTEX_POINT('',#5222);
#1540=VERTEX_POINT('',#5224);
#1541=VERTEX_POINT('',#5226);
#1542=VERTEX_POINT('',#5228);
#1543=VERTEX_POINT('',#5231);
#1544=VERTEX_POINT('',#5233);
#1545=VERTEX_POINT('',#5237);
#1546=VERTEX_POINT('',#5241);
#1547=VERTEX_POINT('',#5244);
#1548=VERTEX_POINT('',#5250);
#1549=VERTEX_POINT('',#5254);
#1550=VERTEX_POINT('',#5256);
#1551=VERTEX_POINT('',#5258);
#1552=VERTEX_POINT('',#5260);
#1553=VERTEX_POINT('',#5264);
#1554=VERTEX_POINT('',#5267);
#1555=VERTEX_POINT('',#5271);
#1556=VERTEX_POINT('',#5273);
#1557=VERTEX_POINT('',#5277);
#1558=VERTEX_POINT('',#5281);
#1559=VERTEX_POINT('',#5286);
#1560=VERTEX_POINT('',#5294);
#1561=VERTEX_POINT('',#5296);
#1562=VERTEX_POINT('',#5300);
#1563=VERTEX_POINT('',#5302);
#1564=VERTEX_POINT('',#5304);
#1565=VERTEX_POINT('',#5306);
#1566=VERTEX_POINT('',#5308);
#1567=VERTEX_POINT('',#5311);
#1568=VERTEX_POINT('',#5313);
#1569=VERTEX_POINT('',#5315);
#1570=VERTEX_POINT('',#5317);
#1571=VERTEX_POINT('',#5321);
#1572=VERTEX_POINT('',#5325);
#1573=VERTEX_POINT('',#5330);
#1574=VERTEX_POINT('',#5335);
#1575=VERTEX_POINT('',#5337);
#1576=VERTEX_POINT('',#5339);
#1577=VERTEX_POINT('',#5341);
#1578=VERTEX_POINT('',#5343);
#1579=VERTEX_POINT('',#5345);
#1580=VERTEX_POINT('',#5347);
#1581=VERTEX_POINT('',#5355);
#1582=VERTEX_POINT('',#5357);
#1583=VERTEX_POINT('',#5362);
#1584=VERTEX_POINT('',#5364);
#1585=VERTEX_POINT('',#5368);
#1586=VERTEX_POINT('',#5369);
#1587=VERTEX_POINT('',#5373);
#1588=VERTEX_POINT('',#5374);
#1589=VERTEX_POINT('',#5380);
#1590=VERTEX_POINT('',#5381);
#1591=VERTEX_POINT('',#5388);
#1592=VERTEX_POINT('',#5390);
#1593=VERTEX_POINT('',#5397);
#1594=VERTEX_POINT('',#5399);
#1595=VERTEX_POINT('',#5408);
#1596=VERTEX_POINT('',#5410);
#1597=VERTEX_POINT('',#5414);
#1598=VERTEX_POINT('',#5416);
#1599=VERTEX_POINT('',#5418);
#1600=VERTEX_POINT('',#5420);
#1601=VERTEX_POINT('',#5424);
#1602=VERTEX_POINT('',#5426);
#1603=VERTEX_POINT('',#5428);
#1604=VERTEX_POINT('',#5430);
#1605=VERTEX_POINT('',#5434);
#1606=VERTEX_POINT('',#5436);
#1607=VERTEX_POINT('',#5438);
#1608=VERTEX_POINT('',#5442);
#1609=VERTEX_POINT('',#5448);
#1610=VERTEX_POINT('',#5450);
#1611=VERTEX_POINT('',#5452);
#1612=VERTEX_POINT('',#5454);
#1613=VERTEX_POINT('',#5458);
#1614=VERTEX_POINT('',#5460);
#1615=VERTEX_POINT('',#5462);
#1616=VERTEX_POINT('',#5464);
#1617=VERTEX_POINT('',#5468);
#1618=VERTEX_POINT('',#5472);
#1619=VERTEX_POINT('',#5474);
#1620=VERTEX_POINT('',#5478);
#1621=VERTEX_POINT('',#5484);
#1622=VERTEX_POINT('',#5486);
#1623=VERTEX_POINT('',#5491);
#1624=VERTEX_POINT('',#5493);
#1625=VERTEX_POINT('',#5498);
#1626=VERTEX_POINT('',#5500);
#1627=VERTEX_POINT('',#5505);
#1628=VERTEX_POINT('',#5507);
#1629=VERTEX_POINT('',#5512);
#1630=VERTEX_POINT('',#5514);
#1631=VERTEX_POINT('',#5518);
#1632=VERTEX_POINT('',#5521);
#1633=VERTEX_POINT('',#5523);
#1634=VERTEX_POINT('',#5527);
#1635=VERTEX_POINT('',#5530);
#1636=VERTEX_POINT('',#5532);
#1637=VERTEX_POINT('',#5536);
#1638=VERTEX_POINT('',#5539);
#1639=VERTEX_POINT('',#5541);
#1640=VERTEX_POINT('',#5545);
#1641=VERTEX_POINT('',#5719);
#1642=VERTEX_POINT('',#5814);
#1643=VERTEX_POINT('',#5816);
#1644=VERTEX_POINT('',#5818);
#1645=VERTEX_POINT('',#5820);
#1646=VERTEX_POINT('',#5822);
#1647=VERTEX_POINT('',#5824);
#1648=VERTEX_POINT('',#5826);
#1649=VERTEX_POINT('',#5828);
#1650=VERTEX_POINT('',#5832);
#1651=VERTEX_POINT('',#5834);
#1652=VERTEX_POINT('',#5838);
#1653=VERTEX_POINT('',#5842);
#1654=VERTEX_POINT('',#5846);
#1655=VERTEX_POINT('',#5850);
#1656=VERTEX_POINT('',#5854);
#1657=VERTEX_POINT('',#5858);
#1658=VERTEX_POINT('',#5864);
#1659=VERTEX_POINT('',#5865);
#1660=VERTEX_POINT('',#5867);
#1661=VERTEX_POINT('',#5869);
#1662=VERTEX_POINT('',#5873);
#1663=VERTEX_POINT('',#5875);
#1664=VERTEX_POINT('',#5879);
#1665=VERTEX_POINT('',#5881);
#1666=VERTEX_POINT('',#5885);
#1667=VERTEX_POINT('',#5887);
#1668=VERTEX_POINT('',#5891);
#1669=VERTEX_POINT('',#5893);
#1670=VERTEX_POINT('',#5897);
#1671=VERTEX_POINT('',#5899);
#1672=VERTEX_POINT('',#5903);
#1673=VERTEX_POINT('',#5905);
#1674=VERTEX_POINT('',#5913);
#1675=VERTEX_POINT('',#5915);
#1676=VERTEX_POINT('',#5920);
#1677=VERTEX_POINT('',#5922);
#1678=VERTEX_POINT('',#5927);
#1679=VERTEX_POINT('',#5929);
#1680=VERTEX_POINT('',#5934);
#1681=VERTEX_POINT('',#5936);
#1682=VERTEX_POINT('',#5944);
#1683=VERTEX_POINT('',#5950);
#1684=VERTEX_POINT('',#5952);
#1685=VERTEX_POINT('',#5957);
#1686=VERTEX_POINT('',#5969);
#1687=VERTEX_POINT('',#5973);
#1688=VERTEX_POINT('',#5975);
#1689=VERTEX_POINT('',#5977);
#1690=VERTEX_POINT('',#5984);
#1691=VERTEX_POINT('',#5986);
#1692=VERTEX_POINT('',#5991);
#1693=VERTEX_POINT('',#5993);
#1694=VERTEX_POINT('',#5997);
#1695=VERTEX_POINT('',#6003);
#1696=VERTEX_POINT('',#6007);
#1697=VERTEX_POINT('',#6009);
#1698=VERTEX_POINT('',#6038);
#1699=VERTEX_POINT('',#6040);
#1700=VERTEX_POINT('',#6044);
#1701=VERTEX_POINT('',#6048);
#1702=VERTEX_POINT('',#6052);
#1703=VERTEX_POINT('',#6065);
#1704=VERTEX_POINT('',#6069);
#1705=VERTEX_POINT('',#6073);
#1706=EDGE_CURVE('',#1381,#1382,#1221,.T.);
#1707=EDGE_CURVE('',#1383,#1381,#555,.T.);
#1708=EDGE_CURVE('',#1383,#1384,#1222,.T.);
#1709=EDGE_CURVE('',#1384,#1382,#556,.T.);
#1710=EDGE_CURVE('',#1385,#1386,#1223,.T.);
#1711=EDGE_CURVE('',#1387,#1385,#557,.T.);
#1712=EDGE_CURVE('',#1387,#1388,#1224,.T.);
#1713=EDGE_CURVE('',#1388,#1386,#558,.T.);
#1714=EDGE_CURVE('',#1389,#1390,#1225,.T.);
#1715=EDGE_CURVE('',#1391,#1389,#559,.T.);
#1716=EDGE_CURVE('',#1391,#1392,#1226,.T.);
#1717=EDGE_CURVE('',#1392,#1390,#560,.T.);
#1718=EDGE_CURVE('',#1393,#1394,#1227,.T.);
#1719=EDGE_CURVE('',#1395,#1393,#561,.T.);
#1720=EDGE_CURVE('',#1395,#1396,#1228,.T.);
#1721=EDGE_CURVE('',#1396,#1394,#562,.T.);
#1722=EDGE_CURVE('',#1397,#1384,#563,.T.);
#1723=EDGE_CURVE('',#1397,#1398,#564,.T.);
#1724=EDGE_CURVE('',#1398,#1382,#565,.T.);
#1725=EDGE_CURVE('',#1395,#1388,#566,.T.);
#1726=EDGE_CURVE('',#1393,#1386,#567,.T.);
#1727=EDGE_CURVE('',#1399,#1400,#568,.T.);
#1728=EDGE_CURVE('',#1401,#1399,#569,.T.);
#1729=EDGE_CURVE('',#1402,#1401,#570,.T.);
#1730=EDGE_CURVE('',#1400,#1402,#571,.T.);
#1731=EDGE_CURVE('',#1400,#1403,#572,.T.);
#1732=EDGE_CURVE('',#1404,#1403,#573,.T.);
#1733=EDGE_CURVE('',#1399,#1404,#574,.T.);
#1734=EDGE_CURVE('',#1402,#1405,#575,.T.);
#1735=EDGE_CURVE('',#1403,#1405,#576,.T.);
#1736=EDGE_CURVE('',#1401,#1406,#577,.T.);
#1737=EDGE_CURVE('',#1405,#1406,#578,.T.);
#1738=EDGE_CURVE('',#1406,#1404,#579,.T.);
#1739=EDGE_CURVE('',#1407,#1408,#580,.T.);
#1740=EDGE_CURVE('',#1403,#1407,#581,.T.);
#1741=EDGE_CURVE('',#1405,#1408,#582,.T.);
#1742=EDGE_CURVE('',#1409,#1407,#583,.T.);
#1743=EDGE_CURVE('',#1410,#1409,#584,.T.);
#1744=EDGE_CURVE('',#1411,#1410,#585,.T.);
#1745=EDGE_CURVE('',#1404,#1411,#586,.T.);
#1746=EDGE_CURVE('',#1408,#1397,#587,.T.);
#1747=EDGE_CURVE('',#1406,#1412,#588,.T.);
#1748=EDGE_CURVE('',#1398,#1412,#589,.T.);
#1749=EDGE_CURVE('',#1413,#1409,#590,.T.);
#1750=EDGE_CURVE('',#1413,#1414,#591,.T.);
#1751=EDGE_CURVE('',#1414,#1410,#592,.T.);
#1752=EDGE_CURVE('',#1414,#1415,#593,.T.);
#1753=EDGE_CURVE('',#1415,#1411,#594,.T.);
#1754=EDGE_CURVE('',#1412,#1416,#595,.T.);
#1755=EDGE_CURVE('',#1416,#1417,#1229,.T.);
#1756=EDGE_CURVE('',#1418,#1417,#596,.T.);
#1757=EDGE_CURVE('',#1419,#1418,#1230,.T.);
#1758=EDGE_CURVE('',#1420,#1419,#597,.T.);
#1759=EDGE_CURVE('',#1420,#1421,#1231,.T.);
#1760=EDGE_CURVE('',#1381,#1421,#598,.T.);
#1761=EDGE_CURVE('',#1422,#1423,#599,.T.);
#1762=EDGE_CURVE('',#1416,#1422,#600,.T.);
#1763=EDGE_CURVE('',#1424,#1415,#601,.T.);
#1764=EDGE_CURVE('',#1424,#1425,#602,.T.);
#1765=EDGE_CURVE('',#1425,#1426,#603,.T.);
#1766=EDGE_CURVE('',#1427,#1426,#604,.T.);
#1767=EDGE_CURVE('',#1427,#1428,#605,.T.);
#1768=EDGE_CURVE('',#1429,#1428,#606,.T.);
#1769=EDGE_CURVE('',#1429,#1430,#607,.T.);
#1770=EDGE_CURVE('',#1431,#1430,#608,.T.);
#1771=EDGE_CURVE('',#1432,#1431,#609,.T.);
#1772=EDGE_CURVE('',#1433,#1432,#610,.T.);
#1773=EDGE_CURVE('',#1433,#1434,#611,.T.);
#1774=EDGE_CURVE('',#1435,#1434,#612,.T.);
#1775=EDGE_CURVE('',#1423,#1435,#613,.T.);
#1776=EDGE_CURVE('',#1436,#1433,#614,.T.);
#1777=EDGE_CURVE('',#1437,#1436,#615,.T.);
#1778=EDGE_CURVE('',#1434,#1437,#616,.T.);
#1779=EDGE_CURVE('',#1423,#1438,#617,.T.);
#1780=EDGE_CURVE('',#1439,#1435,#618,.T.);
#1781=EDGE_CURVE('',#1438,#1439,#619,.T.);
#1782=EDGE_CURVE('',#1439,#1437,#620,.T.);
#1783=EDGE_CURVE('',#1440,#1441,#621,.T.);
#1784=EDGE_CURVE('',#1442,#1440,#1232,.T.);
#1785=EDGE_CURVE('',#1443,#1442,#622,.T.);
#1786=EDGE_CURVE('',#1444,#1443,#1233,.T.);
#1787=EDGE_CURVE('',#1445,#1444,#623,.T.);
#1788=EDGE_CURVE('',#1446,#1445,#1234,.T.);
#1789=EDGE_CURVE('',#1447,#1446,#624,.T.);
#1790=EDGE_CURVE('',#1441,#1447,#1235,.T.);
#1791=EDGE_CURVE('',#1448,#1448,#1236,.T.);
#1792=EDGE_CURVE('',#1449,#1449,#1237,.T.);
#1793=EDGE_CURVE('',#1450,#1450,#1238,.T.);
#1794=EDGE_CURVE('',#1451,#1451,#1239,.T.);
#1795=EDGE_CURVE('',#1383,#1452,#625,.T.);
#1796=EDGE_CURVE('',#1452,#1453,#1240,.T.);
#1797=EDGE_CURVE('',#1453,#1454,#626,.T.);
#1798=EDGE_CURVE('',#1455,#1454,#1241,.T.);
#1799=EDGE_CURVE('',#1456,#1455,#627,.T.);
#1800=EDGE_CURVE('',#1457,#1456,#1242,.T.);
#1801=EDGE_CURVE('',#1457,#1458,#628,.T.);
#1802=EDGE_CURVE('',#1459,#1458,#1243,.T.);
#1803=EDGE_CURVE('',#1460,#1459,#629,.T.);
#1804=EDGE_CURVE('',#1461,#1460,#1244,.T.);
#1805=EDGE_CURVE('',#1461,#1462,#630,.T.);
#1806=EDGE_CURVE('',#1463,#1462,#1245,.T.);
#1807=EDGE_CURVE('',#1464,#1463,#631,.T.);
#1808=EDGE_CURVE('',#1465,#1464,#1246,.T.);
#1809=EDGE_CURVE('',#1465,#1466,#632,.T.);
#1810=EDGE_CURVE('',#1467,#1466,#1247,.T.);
#1811=EDGE_CURVE('',#1468,#1467,#633,.T.);
#1812=EDGE_CURVE('',#1469,#1468,#1248,.T.);
#1813=EDGE_CURVE('',#1469,#1470,#634,.T.);
#1814=EDGE_CURVE('',#1470,#1471,#1249,.T.);
#1815=EDGE_CURVE('',#1471,#1396,#635,.T.);
#1816=EDGE_CURVE('',#1387,#1472,#636,.T.);
#1817=EDGE_CURVE('',#1472,#1473,#1250,.T.);
#1818=EDGE_CURVE('',#1473,#1474,#637,.T.);
#1819=EDGE_CURVE('',#1475,#1474,#1251,.T.);
#1820=EDGE_CURVE('',#1476,#1475,#638,.T.);
#1821=EDGE_CURVE('',#1477,#1476,#1252,.T.);
#1822=EDGE_CURVE('',#1477,#1478,#639,.T.);
#1823=EDGE_CURVE('',#1479,#1478,#1253,.T.);
#1824=EDGE_CURVE('',#1480,#1479,#640,.T.);
#1825=EDGE_CURVE('',#1481,#1480,#1254,.T.);
#1826=EDGE_CURVE('',#1481,#1482,#641,.T.);
#1827=EDGE_CURVE('',#1483,#1482,#1255,.T.);
#1828=EDGE_CURVE('',#1484,#1483,#642,.T.);
#1829=EDGE_CURVE('',#1485,#1484,#1256,.T.);
#1830=EDGE_CURVE('',#1485,#1486,#643,.T.);
#1831=EDGE_CURVE('',#1487,#1486,#1257,.T.);
#1832=EDGE_CURVE('',#1488,#1487,#644,.T.);
#1833=EDGE_CURVE('',#1489,#1488,#1258,.T.);
#1834=EDGE_CURVE('',#1489,#1490,#645,.T.);
#1835=EDGE_CURVE('',#1490,#1491,#1259,.T.);
#1836=EDGE_CURVE('',#1491,#1392,#646,.T.);
#1837=EDGE_CURVE('',#1391,#1492,#647,.T.);
#1838=EDGE_CURVE('',#1492,#1493,#648,.T.);
#1839=EDGE_CURVE('',#1493,#1494,#649,.T.);
#1840=EDGE_CURVE('',#1494,#1413,#650,.T.);
#1841=EDGE_CURVE('',#1436,#1495,#651,.T.);
#1842=EDGE_CURVE('',#1495,#1496,#652,.T.);
#1843=EDGE_CURVE('',#1496,#1497,#653,.T.);
#1844=EDGE_CURVE('',#1497,#1498,#654,.T.);
#1845=EDGE_CURVE('',#1498,#1499,#655,.T.);
#1846=EDGE_CURVE('',#1499,#1500,#656,.T.);
#1847=EDGE_CURVE('',#1500,#1501,#657,.T.);
#1848=EDGE_CURVE('',#1502,#1501,#658,.T.);
#1849=EDGE_CURVE('',#1502,#1438,#659,.T.);
#1850=EDGE_CURVE('',#1432,#1495,#660,.T.);
#1851=EDGE_CURVE('',#1503,#1502,#1260,.T.);
#1852=EDGE_CURVE('',#1504,#1503,#661,.T.);
#1853=EDGE_CURVE('',#1504,#1505,#1261,.T.);
#1854=EDGE_CURVE('',#1505,#1506,#662,.T.);
#1855=EDGE_CURVE('',#1506,#1507,#1262,.T.);
#1856=EDGE_CURVE('',#1507,#1422,#1263,.T.);
#1857=EDGE_CURVE('',#1508,#1509,#663,.T.);
#1858=EDGE_CURVE('',#1510,#1508,#664,.T.);
#1859=EDGE_CURVE('',#1511,#1510,#665,.T.);
#1860=EDGE_CURVE('',#1509,#1511,#666,.T.);
#1861=EDGE_CURVE('',#1509,#1512,#667,.T.);
#1862=EDGE_CURVE('',#1425,#1512,#668,.T.);
#1863=EDGE_CURVE('',#1508,#1425,#669,.T.);
#1864=EDGE_CURVE('',#1511,#1513,#670,.T.);
#1865=EDGE_CURVE('',#1512,#1513,#671,.T.);
#1866=EDGE_CURVE('',#1510,#1424,#672,.T.);
#1867=EDGE_CURVE('',#1513,#1424,#673,.T.);
#1868=EDGE_CURVE('',#1512,#1493,#674,.T.);
#1869=EDGE_CURVE('',#1513,#1494,#675,.T.);
#1870=EDGE_CURVE('',#1514,#1492,#676,.T.);
#1871=EDGE_CURVE('',#1426,#1514,#677,.T.);
#1872=EDGE_CURVE('',#1389,#1514,#678,.T.);
#1873=EDGE_CURVE('',#1515,#1390,#679,.T.);
#1874=EDGE_CURVE('',#1515,#1516,#1264,.T.);
#1875=EDGE_CURVE('',#1517,#1516,#680,.T.);
#1876=EDGE_CURVE('',#1518,#1517,#1265,.T.);
#1877=EDGE_CURVE('',#1519,#1518,#681,.T.);
#1878=EDGE_CURVE('',#1519,#1427,#1266,.T.);
#1879=EDGE_CURVE('',#1496,#1431,#682,.T.);
#1880=EDGE_CURVE('',#1430,#1497,#683,.T.);
#1881=EDGE_CURVE('',#1498,#1429,#684,.T.);
#1882=EDGE_CURVE('',#1428,#1520,#1267,.T.);
#1883=EDGE_CURVE('',#1520,#1521,#1268,.T.);
#1884=EDGE_CURVE('',#1521,#1522,#685,.T.);
#1885=EDGE_CURVE('',#1522,#1523,#1269,.T.);
#1886=EDGE_CURVE('',#1524,#1523,#686,.T.);
#1887=EDGE_CURVE('',#1499,#1524,#1270,.T.);
#1888=EDGE_CURVE('',#1525,#1504,#1271,.T.);
#1889=EDGE_CURVE('',#1526,#1525,#687,.T.);
#1890=EDGE_CURVE('',#1527,#1526,#1272,.T.);
#1891=EDGE_CURVE('',#1453,#1527,#688,.T.);
#1892=EDGE_CURVE('',#1421,#1452,#689,.T.);
#1893=EDGE_CURVE('',#1505,#1420,#690,.T.);
#1894=EDGE_CURVE('',#1528,#1529,#1273,.T.);
#1895=EDGE_CURVE('',#1530,#1528,#1274,.T.);
#1896=EDGE_CURVE('',#1531,#1530,#691,.T.);
#1897=EDGE_CURVE('',#1532,#1531,#1275,.T.);
#1898=EDGE_CURVE('',#1473,#1532,#692,.T.);
#1899=EDGE_CURVE('',#1533,#1472,#693,.T.);
#1900=EDGE_CURVE('',#1534,#1533,#1276,.T.);
#1901=EDGE_CURVE('',#1529,#1534,#694,.T.);
#1902=EDGE_CURVE('',#1523,#1535,#1277,.T.);
#1903=EDGE_CURVE('',#1516,#1522,#695,.T.);
#1904=EDGE_CURVE('',#1491,#1515,#696,.T.);
#1905=EDGE_CURVE('',#1536,#1490,#697,.T.);
#1906=EDGE_CURVE('',#1537,#1536,#1278,.T.);
#1907=EDGE_CURVE('',#1535,#1537,#698,.T.);
#1908=EDGE_CURVE('',#1538,#1539,#1279,.T.);
#1909=EDGE_CURVE('',#1540,#1538,#1280,.T.);
#1910=EDGE_CURVE('',#1541,#1540,#699,.T.);
#1911=EDGE_CURVE('',#1542,#1541,#1281,.T.);
#1912=EDGE_CURVE('',#1471,#1542,#700,.T.);
#1913=EDGE_CURVE('',#1543,#1470,#701,.T.);
#1914=EDGE_CURVE('',#1544,#1543,#1282,.T.);
#1915=EDGE_CURVE('',#1539,#1544,#702,.T.);
#1916=EDGE_CURVE('',#1527,#1545,#703,.T.);
#1917=EDGE_CURVE('',#1545,#1454,#704,.T.);
#1918=EDGE_CURVE('',#1546,#1525,#705,.T.);
#1919=EDGE_CURVE('',#1546,#1456,#706,.T.);
#1920=EDGE_CURVE('',#1455,#1547,#707,.T.);
#1921=EDGE_CURVE('',#1547,#1526,#708,.T.);
#1922=EDGE_CURVE('',#1385,#1533,#709,.T.);
#1923=EDGE_CURVE('',#1532,#1548,#710,.T.);
#1924=EDGE_CURVE('',#1548,#1474,#711,.T.);
#1925=EDGE_CURVE('',#1534,#1549,#712,.T.);
#1926=EDGE_CURVE('',#1549,#1550,#713,.T.);
#1927=EDGE_CURVE('',#1551,#1550,#714,.T.);
#1928=EDGE_CURVE('',#1551,#1552,#715,.T.);
#1929=EDGE_CURVE('',#1529,#1552,#716,.T.);
#1930=EDGE_CURVE('',#1553,#1530,#717,.T.);
#1931=EDGE_CURVE('',#1553,#1476,#718,.T.);
#1932=EDGE_CURVE('',#1475,#1554,#719,.T.);
#1933=EDGE_CURVE('',#1554,#1531,#720,.T.);
#1934=EDGE_CURVE('',#1535,#1555,#721,.T.);
#1935=EDGE_CURVE('',#1555,#1556,#1283,.T.);
#1936=EDGE_CURVE('',#1523,#1556,#722,.T.);
#1937=EDGE_CURVE('',#1557,#1504,#723,.T.);
#1938=EDGE_CURVE('',#1557,#1546,#1284,.T.);
#1939=EDGE_CURVE('',#1537,#1558,#724,.T.);
#1940=EDGE_CURVE('',#1558,#1488,#725,.T.);
#1941=EDGE_CURVE('',#1487,#1555,#726,.T.);
#1942=EDGE_CURVE('',#1559,#1536,#727,.T.);
#1943=EDGE_CURVE('',#1559,#1558,#1285,.T.);
#1944=EDGE_CURVE('',#1547,#1545,#1286,.T.);
#1945=EDGE_CURVE('',#1489,#1559,#728,.T.);
#1946=EDGE_CURVE('',#1539,#1560,#729,.T.);
#1947=EDGE_CURVE('',#1560,#1561,#1287,.T.);
#1948=EDGE_CURVE('',#1538,#1561,#730,.T.);
#1949=EDGE_CURVE('',#1552,#1562,#1288,.T.);
#1950=EDGE_CURVE('',#1562,#1563,#1289,.T.);
#1951=EDGE_CURVE('',#1563,#1564,#731,.T.);
#1952=EDGE_CURVE('',#1564,#1565,#1290,.T.);
#1953=EDGE_CURVE('',#1565,#1566,#1291,.T.);
#1954=EDGE_CURVE('',#1566,#1540,#732,.T.);
#1955=EDGE_CURVE('',#1567,#1538,#733,.T.);
#1956=EDGE_CURVE('',#1568,#1567,#1292,.T.);
#1957=EDGE_CURVE('',#1569,#1568,#734,.T.);
#1958=EDGE_CURVE('',#1570,#1569,#1293,.T.);
#1959=EDGE_CURVE('',#1528,#1570,#735,.T.);
#1960=EDGE_CURVE('',#1571,#1528,#736,.T.);
#1961=EDGE_CURVE('',#1571,#1553,#1294,.T.);
#1962=EDGE_CURVE('',#1544,#1572,#737,.T.);
#1963=EDGE_CURVE('',#1572,#1468,#738,.T.);
#1964=EDGE_CURVE('',#1467,#1560,#739,.T.);
#1965=EDGE_CURVE('',#1573,#1543,#740,.T.);
#1966=EDGE_CURVE('',#1573,#1572,#1295,.T.);
#1967=EDGE_CURVE('',#1542,#1394,#741,.T.);
#1968=EDGE_CURVE('',#1574,#1541,#742,.T.);
#1969=EDGE_CURVE('',#1575,#1574,#1296,.T.);
#1970=EDGE_CURVE('',#1576,#1575,#743,.T.);
#1971=EDGE_CURVE('',#1576,#1577,#1297,.T.);
#1972=EDGE_CURVE('',#1577,#1578,#744,.T.);
#1973=EDGE_CURVE('',#1578,#1579,#1298,.T.);
#1974=EDGE_CURVE('',#1580,#1579,#745,.T.);
#1975=EDGE_CURVE('',#1549,#1580,#1299,.T.);
#1976=EDGE_CURVE('',#1554,#1548,#1300,.T.);
#1977=EDGE_CURVE('',#1469,#1573,#746,.T.);
#1978=EDGE_CURVE('',#1486,#1581,#747,.T.);
#1979=EDGE_CURVE('',#1582,#1485,#748,.T.);
#1980=EDGE_CURVE('',#1582,#1581,#749,.T.);
#1981=EDGE_CURVE('',#1577,#1564,#750,.T.);
#1982=EDGE_CURVE('',#1583,#1576,#751,.T.);
#1983=EDGE_CURVE('',#1584,#1583,#1301,.T.);
#1984=EDGE_CURVE('',#1565,#1584,#752,.T.);
#1985=EDGE_CURVE('',#1585,#1586,#1302,.T.);
#1986=EDGE_CURVE('',#1586,#1585,#753,.T.);
#1987=EDGE_CURVE('',#1587,#1588,#1303,.T.);
#1988=EDGE_CURVE('',#1588,#1587,#754,.T.);
#1989=EDGE_CURVE('',#1581,#1582,#1304,.T.);
#1990=EDGE_CURVE('',#1589,#1590,#1305,.T.);
#1991=EDGE_CURVE('',#1590,#1589,#755,.T.);
#1992=EDGE_CURVE('',#1458,#1587,#756,.T.);
#1993=EDGE_CURVE('',#1588,#1457,#757,.T.);
#1994=EDGE_CURVE('',#1591,#1519,#758,.T.);
#1995=EDGE_CURVE('',#1592,#1591,#1306,.T.);
#1996=EDGE_CURVE('',#1520,#1592,#759,.T.);
#1997=EDGE_CURVE('',#1478,#1589,#760,.T.);
#1998=EDGE_CURVE('',#1590,#1477,#761,.T.);
#1999=EDGE_CURVE('',#1593,#1562,#762,.T.);
#2000=EDGE_CURVE('',#1594,#1593,#1307,.T.);
#2001=EDGE_CURVE('',#1579,#1594,#763,.T.);
#2002=EDGE_CURVE('',#1578,#1563,#764,.T.);
#2003=EDGE_CURVE('',#1466,#1585,#765,.T.);
#2004=EDGE_CURVE('',#1586,#1465,#766,.T.);
#2005=EDGE_CURVE('',#1595,#1507,#767,.T.);
#2006=EDGE_CURVE('',#1596,#1595,#1308,.T.);
#2007=EDGE_CURVE('',#1417,#1596,#768,.T.);
#2008=EDGE_CURVE('',#1597,#1571,#769,.T.);
#2009=EDGE_CURVE('',#1598,#1597,#1309,.T.);
#2010=EDGE_CURVE('',#1599,#1598,#770,.T.);
#2011=EDGE_CURVE('',#1600,#1599,#1310,.T.);
#2012=EDGE_CURVE('',#1479,#1600,#771,.T.);
#2013=EDGE_CURVE('',#1601,#1484,#772,.T.);
#2014=EDGE_CURVE('',#1602,#1601,#1311,.T.);
#2015=EDGE_CURVE('',#1603,#1602,#773,.T.);
#2016=EDGE_CURVE('',#1604,#1603,#1312,.T.);
#2017=EDGE_CURVE('',#1556,#1604,#774,.T.);
#2018=EDGE_CURVE('',#1583,#1605,#775,.T.);
#2019=EDGE_CURVE('',#1605,#1606,#1313,.T.);
#2020=EDGE_CURVE('',#1606,#1607,#776,.T.);
#2021=EDGE_CURVE('',#1584,#1607,#1314,.T.);
#2022=EDGE_CURVE('',#1608,#1594,#777,.T.);
#2023=EDGE_CURVE('',#1580,#1608,#778,.T.);
#2024=EDGE_CURVE('',#1575,#1605,#779,.T.);
#2025=EDGE_CURVE('',#1609,#1464,#780,.T.);
#2026=EDGE_CURVE('',#1610,#1609,#1315,.T.);
#2027=EDGE_CURVE('',#1611,#1610,#781,.T.);
#2028=EDGE_CURVE('',#1612,#1611,#1316,.T.);
#2029=EDGE_CURVE('',#1561,#1612,#782,.T.);
#2030=EDGE_CURVE('',#1613,#1557,#783,.T.);
#2031=EDGE_CURVE('',#1614,#1613,#1317,.T.);
#2032=EDGE_CURVE('',#1615,#1614,#784,.T.);
#2033=EDGE_CURVE('',#1616,#1615,#1318,.T.);
#2034=EDGE_CURVE('',#1459,#1616,#785,.T.);
#2035=EDGE_CURVE('',#1592,#1617,#1319,.T.);
#2036=EDGE_CURVE('',#1617,#1521,#786,.T.);
#2037=EDGE_CURVE('',#1591,#1618,#787,.T.);
#2038=EDGE_CURVE('',#1618,#1619,#1320,.T.);
#2039=EDGE_CURVE('',#1619,#1617,#788,.T.);
#2040=EDGE_CURVE('',#1620,#1596,#789,.T.);
#2041=EDGE_CURVE('',#1418,#1620,#790,.T.);
#2042=EDGE_CURVE('',#1518,#1618,#791,.T.);
#2043=EDGE_CURVE('',#1621,#1621,#1321,.T.);
#2044=EDGE_CURVE('',#1621,#1622,#792,.T.);
#2045=EDGE_CURVE('',#1622,#1622,#1322,.T.);
#2046=EDGE_CURVE('',#1623,#1623,#1323,.T.);
#2047=EDGE_CURVE('',#1623,#1624,#793,.T.);
#2048=EDGE_CURVE('',#1624,#1624,#1324,.T.);
#2049=EDGE_CURVE('',#1625,#1625,#1325,.T.);
#2050=EDGE_CURVE('',#1625,#1626,#794,.T.);
#2051=EDGE_CURVE('',#1626,#1626,#1326,.T.);
#2052=EDGE_CURVE('',#1627,#1627,#1327,.T.);
#2053=EDGE_CURVE('',#1627,#1628,#795,.T.);
#2054=EDGE_CURVE('',#1628,#1628,#1328,.T.);
#2055=EDGE_CURVE('',#1629,#1629,#1329,.T.);
#2056=EDGE_CURVE('',#1629,#1630,#796,.T.);
#2057=EDGE_CURVE('',#1630,#1630,#1330,.T.);
#2058=EDGE_CURVE('',#1631,#1631,#1331,.T.);
#2059=EDGE_CURVE('',#1632,#1632,#1332,.T.);
#2060=EDGE_CURVE('',#1632,#1633,#797,.T.);
#2061=EDGE_CURVE('',#1633,#1633,#1333,.T.);
#2062=EDGE_CURVE('',#1634,#1634,#1334,.T.);
#2063=EDGE_CURVE('',#1635,#1635,#1335,.T.);
#2064=EDGE_CURVE('',#1635,#1636,#798,.T.);
#2065=EDGE_CURVE('',#1636,#1636,#1336,.T.);
#2066=EDGE_CURVE('',#1637,#1637,#1337,.T.);
#2067=EDGE_CURVE('',#1638,#1638,#1338,.T.);
#2068=EDGE_CURVE('',#1638,#1639,#799,.T.);
#2069=EDGE_CURVE('',#1639,#1639,#1339,.T.);
#2070=EDGE_CURVE('',#1640,#1640,#1340,.T.);
#2071=EDGE_CURVE('',#1448,#1631,#800,.T.);
#2072=EDGE_CURVE('',#1449,#1634,#801,.T.);
#2073=EDGE_CURVE('',#1450,#1637,#802,.T.);
#2074=EDGE_CURVE('',#1451,#1640,#803,.T.);
#2075=EDGE_CURVE('',#1641,#1641,#15,.T.);
#2076=EDGE_CURVE('',#1642,#1641,#804,.T.);
#2077=EDGE_CURVE('',#1643,#1642,#1341,.T.);
#2078=EDGE_CURVE('',#1644,#1643,#805,.T.);
#2079=EDGE_CURVE('',#1645,#1644,#1342,.T.);
#2080=EDGE_CURVE('',#1646,#1645,#806,.T.);
#2081=EDGE_CURVE('',#1647,#1646,#1343,.T.);
#2082=EDGE_CURVE('',#1648,#1647,#807,.T.);
#2083=EDGE_CURVE('',#1649,#1648,#1344,.T.);
#2084=EDGE_CURVE('',#1642,#1649,#808,.T.);
#2085=EDGE_CURVE('',#1650,#1643,#809,.T.);
#2086=EDGE_CURVE('',#1651,#1650,#810,.T.);
#2087=EDGE_CURVE('',#1651,#1644,#811,.T.);
#2088=EDGE_CURVE('',#1652,#1642,#812,.T.);
#2089=EDGE_CURVE('',#1650,#1652,#1345,.T.);
#2090=EDGE_CURVE('',#1653,#1649,#813,.T.);
#2091=EDGE_CURVE('',#1652,#1653,#814,.T.);
#2092=EDGE_CURVE('',#1654,#1648,#815,.T.);
#2093=EDGE_CURVE('',#1653,#1654,#1346,.T.);
#2094=EDGE_CURVE('',#1655,#1647,#816,.T.);
#2095=EDGE_CURVE('',#1654,#1655,#817,.T.);
#2096=EDGE_CURVE('',#1656,#1646,#818,.T.);
#2097=EDGE_CURVE('',#1655,#1656,#1347,.T.);
#2098=EDGE_CURVE('',#1657,#1645,#819,.T.);
#2099=EDGE_CURVE('',#1656,#1657,#820,.T.);
#2100=EDGE_CURVE('',#1657,#1651,#1348,.T.);
#2101=EDGE_CURVE('',#1658,#1659,#821,.T.);
#2102=EDGE_CURVE('',#1658,#1660,#822,.T.);
#2103=EDGE_CURVE('',#1660,#1661,#823,.T.);
#2104=EDGE_CURVE('',#1659,#1661,#824,.T.);
#2105=EDGE_CURVE('',#1659,#1662,#1349,.T.);
#2106=EDGE_CURVE('',#1661,#1663,#1350,.T.);
#2107=EDGE_CURVE('',#1662,#1663,#825,.T.);
#2108=EDGE_CURVE('',#1662,#1664,#826,.T.);
#2109=EDGE_CURVE('',#1663,#1665,#827,.T.);
#2110=EDGE_CURVE('',#1664,#1665,#828,.T.);
#2111=EDGE_CURVE('',#1664,#1666,#1351,.T.);
#2112=EDGE_CURVE('',#1665,#1667,#1352,.T.);
#2113=EDGE_CURVE('',#1666,#1667,#829,.T.);
#2114=EDGE_CURVE('',#1666,#1668,#830,.T.);
#2115=EDGE_CURVE('',#1667,#1669,#831,.T.);
#2116=EDGE_CURVE('',#1668,#1669,#832,.T.);
#2117=EDGE_CURVE('',#1670,#1658,#1353,.T.);
#2118=EDGE_CURVE('',#1670,#1671,#833,.T.);
#2119=EDGE_CURVE('',#1671,#1660,#1354,.T.);
#2120=EDGE_CURVE('',#1672,#1670,#834,.T.);
#2121=EDGE_CURVE('',#1672,#1673,#835,.T.);
#2122=EDGE_CURVE('',#1673,#1671,#836,.T.);
#2123=EDGE_CURVE('',#1668,#1672,#1355,.T.);
#2124=EDGE_CURVE('',#1669,#1673,#1356,.T.);
#2125=EDGE_CURVE('',#1674,#1674,#1357,.T.);
#2126=EDGE_CURVE('',#1674,#1675,#837,.T.);
#2127=EDGE_CURVE('',#1675,#1675,#1358,.T.);
#2128=EDGE_CURVE('',#1676,#1676,#1359,.T.);
#2129=EDGE_CURVE('',#1676,#1677,#838,.T.);
#2130=EDGE_CURVE('',#1677,#1677,#1360,.T.);
#2131=EDGE_CURVE('',#1678,#1678,#1361,.T.);
#2132=EDGE_CURVE('',#1678,#1679,#839,.T.);
#2133=EDGE_CURVE('',#1679,#1679,#1362,.T.);
#2134=EDGE_CURVE('',#1680,#1680,#1363,.T.);
#2135=EDGE_CURVE('',#1680,#1681,#840,.T.);
#2136=EDGE_CURVE('',#1681,#1681,#1364,.T.);
#2137=EDGE_CURVE('',#1607,#1566,#841,.T.);
#2138=EDGE_CURVE('',#1574,#1606,#842,.T.);
#2139=EDGE_CURVE('',#1612,#1682,#843,.T.);
#2140=EDGE_CURVE('',#1567,#1682,#844,.T.);
#2141=EDGE_CURVE('',#1517,#1619,#845,.T.);
#2142=EDGE_CURVE('',#1483,#1683,#846,.T.);
#2143=EDGE_CURVE('',#1683,#1684,#847,.T.);
#2144=EDGE_CURVE('',#1684,#1480,#848,.T.);
#2145=EDGE_CURVE('',#1601,#1600,#849,.T.);
#2146=EDGE_CURVE('',#1604,#1685,#850,.T.);
#2147=EDGE_CURVE('',#1524,#1685,#851,.T.);
#2148=EDGE_CURVE('',#1602,#1599,#852,.T.);
#2149=EDGE_CURVE('',#1598,#1603,#853,.T.);
#2150=EDGE_CURVE('',#1609,#1616,#854,.T.);
#2151=EDGE_CURVE('',#1610,#1615,#855,.T.);
#2152=EDGE_CURVE('',#1614,#1611,#856,.T.);
#2153=EDGE_CURVE('',#1686,#1613,#857,.T.);
#2154=EDGE_CURVE('',#1501,#1686,#1365,.T.);
#2155=EDGE_CURVE('',#1685,#1500,#1366,.T.);
#2156=EDGE_CURVE('',#1687,#1597,#858,.T.);
#2157=EDGE_CURVE('',#1688,#1687,#1367,.T.);
#2158=EDGE_CURVE('',#1689,#1688,#859,.T.);
#2159=EDGE_CURVE('',#1682,#1689,#1368,.T.);
#2160=EDGE_CURVE('',#1503,#1686,#860,.T.);
#2161=EDGE_CURVE('',#1419,#1690,#861,.T.);
#2162=EDGE_CURVE('',#1691,#1690,#862,.T.);
#2163=EDGE_CURVE('',#1691,#1506,#863,.T.);
#2164=EDGE_CURVE('',#1692,#1460,#864,.T.);
#2165=EDGE_CURVE('',#1693,#1692,#1369,.T.);
#2166=EDGE_CURVE('',#1461,#1693,#865,.T.);
#2167=EDGE_CURVE('',#1694,#1684,#1370,.T.);
#2168=EDGE_CURVE('',#1481,#1694,#866,.T.);
#2169=EDGE_CURVE('',#1695,#1482,#867,.T.);
#2170=EDGE_CURVE('',#1683,#1695,#1371,.T.);
#2171=EDGE_CURVE('',#1463,#1696,#868,.T.);
#2172=EDGE_CURVE('',#1697,#1462,#869,.T.);
#2173=EDGE_CURVE('',#1696,#1697,#1372,.T.);
#2174=EDGE_CURVE('',#1694,#1695,#870,.T.);
#2175=EDGE_CURVE('',#1696,#1692,#871,.T.);
#2176=EDGE_CURVE('',#1550,#1608,#1373,.T.);
#2177=EDGE_CURVE('',#1690,#1620,#1374,.T.);
#2178=EDGE_CURVE('',#1693,#1697,#872,.T.);
#2179=EDGE_CURVE('',#1691,#1595,#1375,.T.);
#2180=EDGE_CURVE('',#1551,#1593,#1376,.T.);
#2181=EDGE_CURVE('',#1446,#1698,#873,.T.);
#2182=EDGE_CURVE('',#1699,#1698,#874,.T.);
#2183=EDGE_CURVE('',#1447,#1699,#875,.T.);
#2184=EDGE_CURVE('',#1445,#1700,#876,.T.);
#2185=EDGE_CURVE('',#1698,#1700,#1377,.T.);
#2186=EDGE_CURVE('',#1444,#1701,#877,.T.);
#2187=EDGE_CURVE('',#1700,#1701,#878,.T.);
#2188=EDGE_CURVE('',#1443,#1702,#879,.T.);
#2189=EDGE_CURVE('',#1701,#1702,#1378,.T.);
#2190=EDGE_CURVE('',#1570,#1687,#880,.T.);
#2191=EDGE_CURVE('',#1569,#1688,#881,.T.);
#2192=EDGE_CURVE('',#1568,#1689,#882,.T.);
#2193=EDGE_CURVE('',#1703,#1699,#1379,.T.);
#2194=EDGE_CURVE('',#1441,#1703,#883,.T.);
#2195=EDGE_CURVE('',#1704,#1703,#884,.T.);
#2196=EDGE_CURVE('',#1440,#1704,#885,.T.);
#2197=EDGE_CURVE('',#1705,#1704,#1380,.T.);
#2198=EDGE_CURVE('',#1442,#1705,#886,.T.);
#2199=EDGE_CURVE('',#1702,#1705,#887,.T.);
#2200=ORIENTED_EDGE('',*,*,#1706,.F.);
#2201=ORIENTED_EDGE('',*,*,#1707,.F.);
#2202=ORIENTED_EDGE('',*,*,#1708,.T.);
#2203=ORIENTED_EDGE('',*,*,#1709,.T.);
#2204=ORIENTED_EDGE('',*,*,#1710,.F.);
#2205=ORIENTED_EDGE('',*,*,#1711,.F.);
#2206=ORIENTED_EDGE('',*,*,#1712,.T.);
#2207=ORIENTED_EDGE('',*,*,#1713,.T.);
#2208=ORIENTED_EDGE('',*,*,#1714,.F.);
#2209=ORIENTED_EDGE('',*,*,#1715,.F.);
#2210=ORIENTED_EDGE('',*,*,#1716,.T.);
#2211=ORIENTED_EDGE('',*,*,#1717,.T.);
#2212=ORIENTED_EDGE('',*,*,#1718,.F.);
#2213=ORIENTED_EDGE('',*,*,#1719,.F.);
#2214=ORIENTED_EDGE('',*,*,#1720,.T.);
#2215=ORIENTED_EDGE('',*,*,#1721,.T.);
#2216=ORIENTED_EDGE('',*,*,#1709,.F.);
#2217=ORIENTED_EDGE('',*,*,#1722,.F.);
#2218=ORIENTED_EDGE('',*,*,#1723,.T.);
#2219=ORIENTED_EDGE('',*,*,#1724,.T.);
#2220=ORIENTED_EDGE('',*,*,#1713,.F.);
#2221=ORIENTED_EDGE('',*,*,#1725,.F.);
#2222=ORIENTED_EDGE('',*,*,#1719,.T.);
#2223=ORIENTED_EDGE('',*,*,#1726,.T.);
#2224=ORIENTED_EDGE('',*,*,#1727,.F.);
#2225=ORIENTED_EDGE('',*,*,#1728,.F.);
#2226=ORIENTED_EDGE('',*,*,#1729,.F.);
#2227=ORIENTED_EDGE('',*,*,#1730,.F.);
#2228=ORIENTED_EDGE('',*,*,#1727,.T.);
#2229=ORIENTED_EDGE('',*,*,#1731,.T.);
#2230=ORIENTED_EDGE('',*,*,#1732,.F.);
#2231=ORIENTED_EDGE('',*,*,#1733,.F.);
#2232=ORIENTED_EDGE('',*,*,#1730,.T.);
#2233=ORIENTED_EDGE('',*,*,#1734,.T.);
#2234=ORIENTED_EDGE('',*,*,#1735,.F.);
#2235=ORIENTED_EDGE('',*,*,#1731,.F.);
#2236=ORIENTED_EDGE('',*,*,#1729,.T.);
#2237=ORIENTED_EDGE('',*,*,#1736,.T.);
#2238=ORIENTED_EDGE('',*,*,#1737,.F.);
#2239=ORIENTED_EDGE('',*,*,#1734,.F.);
#2240=ORIENTED_EDGE('',*,*,#1728,.T.);
#2241=ORIENTED_EDGE('',*,*,#1733,.T.);
#2242=ORIENTED_EDGE('',*,*,#1738,.F.);
#2243=ORIENTED_EDGE('',*,*,#1736,.F.);
#2244=ORIENTED_EDGE('',*,*,#1739,.F.);
#2245=ORIENTED_EDGE('',*,*,#1740,.F.);
#2246=ORIENTED_EDGE('',*,*,#1735,.T.);
#2247=ORIENTED_EDGE('',*,*,#1741,.T.);
#2248=ORIENTED_EDGE('',*,*,#1742,.F.);
#2249=ORIENTED_EDGE('',*,*,#1743,.F.);
#2250=ORIENTED_EDGE('',*,*,#1744,.F.);
#2251=ORIENTED_EDGE('',*,*,#1745,.F.);
#2252=ORIENTED_EDGE('',*,*,#1732,.T.);
#2253=ORIENTED_EDGE('',*,*,#1740,.T.);
#2254=ORIENTED_EDGE('',*,*,#1746,.F.);
#2255=ORIENTED_EDGE('',*,*,#1741,.F.);
#2256=ORIENTED_EDGE('',*,*,#1737,.T.);
#2257=ORIENTED_EDGE('',*,*,#1747,.T.);
#2258=ORIENTED_EDGE('',*,*,#1748,.F.);
#2259=ORIENTED_EDGE('',*,*,#1723,.F.);
#2260=ORIENTED_EDGE('',*,*,#1743,.T.);
#2261=ORIENTED_EDGE('',*,*,#1749,.F.);
#2262=ORIENTED_EDGE('',*,*,#1750,.T.);
#2263=ORIENTED_EDGE('',*,*,#1751,.T.);
#2264=ORIENTED_EDGE('',*,*,#1744,.T.);
#2265=ORIENTED_EDGE('',*,*,#1751,.F.);
#2266=ORIENTED_EDGE('',*,*,#1752,.T.);
#2267=ORIENTED_EDGE('',*,*,#1753,.T.);
#2268=ORIENTED_EDGE('',*,*,#1706,.T.);
#2269=ORIENTED_EDGE('',*,*,#1724,.F.);
#2270=ORIENTED_EDGE('',*,*,#1748,.T.);
#2271=ORIENTED_EDGE('',*,*,#1754,.T.);
#2272=ORIENTED_EDGE('',*,*,#1755,.T.);
#2273=ORIENTED_EDGE('',*,*,#1756,.F.);
#2274=ORIENTED_EDGE('',*,*,#1757,.F.);
#2275=ORIENTED_EDGE('',*,*,#1758,.F.);
#2276=ORIENTED_EDGE('',*,*,#1759,.T.);
#2277=ORIENTED_EDGE('',*,*,#1760,.F.);
#2278=ORIENTED_EDGE('',*,*,#1761,.F.);
#2279=ORIENTED_EDGE('',*,*,#1762,.F.);
#2280=ORIENTED_EDGE('',*,*,#1754,.F.);
#2281=ORIENTED_EDGE('',*,*,#1747,.F.);
#2282=ORIENTED_EDGE('',*,*,#1738,.T.);
#2283=ORIENTED_EDGE('',*,*,#1745,.T.);
#2284=ORIENTED_EDGE('',*,*,#1753,.F.);
#2285=ORIENTED_EDGE('',*,*,#1763,.F.);
#2286=ORIENTED_EDGE('',*,*,#1764,.T.);
#2287=ORIENTED_EDGE('',*,*,#1765,.T.);
#2288=ORIENTED_EDGE('',*,*,#1766,.F.);
#2289=ORIENTED_EDGE('',*,*,#1767,.T.);
#2290=ORIENTED_EDGE('',*,*,#1768,.F.);
#2291=ORIENTED_EDGE('',*,*,#1769,.T.);
#2292=ORIENTED_EDGE('',*,*,#1770,.F.);
#2293=ORIENTED_EDGE('',*,*,#1771,.F.);
#2294=ORIENTED_EDGE('',*,*,#1772,.F.);
#2295=ORIENTED_EDGE('',*,*,#1773,.T.);
#2296=ORIENTED_EDGE('',*,*,#1774,.F.);
#2297=ORIENTED_EDGE('',*,*,#1775,.F.);
#2298=ORIENTED_EDGE('',*,*,#1776,.F.);
#2299=ORIENTED_EDGE('',*,*,#1777,.F.);
#2300=ORIENTED_EDGE('',*,*,#1778,.F.);
#2301=ORIENTED_EDGE('',*,*,#1773,.F.);
#2302=ORIENTED_EDGE('',*,*,#1779,.F.);
#2303=ORIENTED_EDGE('',*,*,#1775,.T.);
#2304=ORIENTED_EDGE('',*,*,#1780,.F.);
#2305=ORIENTED_EDGE('',*,*,#1781,.F.);
#2306=ORIENTED_EDGE('',*,*,#1782,.F.);
#2307=ORIENTED_EDGE('',*,*,#1780,.T.);
#2308=ORIENTED_EDGE('',*,*,#1774,.T.);
#2309=ORIENTED_EDGE('',*,*,#1778,.T.);
#2310=ORIENTED_EDGE('',*,*,#1783,.F.);
#2311=ORIENTED_EDGE('',*,*,#1784,.F.);
#2312=ORIENTED_EDGE('',*,*,#1785,.F.);
#2313=ORIENTED_EDGE('',*,*,#1786,.F.);
#2314=ORIENTED_EDGE('',*,*,#1787,.F.);
#2315=ORIENTED_EDGE('',*,*,#1788,.F.);
#2316=ORIENTED_EDGE('',*,*,#1789,.F.);
#2317=ORIENTED_EDGE('',*,*,#1790,.F.);
#2318=ORIENTED_EDGE('',*,*,#1791,.T.);
#2319=ORIENTED_EDGE('',*,*,#1792,.T.);
#2320=ORIENTED_EDGE('',*,*,#1793,.T.);
#2321=ORIENTED_EDGE('',*,*,#1794,.T.);
#2322=ORIENTED_EDGE('',*,*,#1795,.T.);
#2323=ORIENTED_EDGE('',*,*,#1796,.T.);
#2324=ORIENTED_EDGE('',*,*,#1797,.T.);
#2325=ORIENTED_EDGE('',*,*,#1798,.F.);
#2326=ORIENTED_EDGE('',*,*,#1799,.F.);
#2327=ORIENTED_EDGE('',*,*,#1800,.F.);
#2328=ORIENTED_EDGE('',*,*,#1801,.T.);
#2329=ORIENTED_EDGE('',*,*,#1802,.F.);
#2330=ORIENTED_EDGE('',*,*,#1803,.F.);
#2331=ORIENTED_EDGE('',*,*,#1804,.F.);
#2332=ORIENTED_EDGE('',*,*,#1805,.T.);
#2333=ORIENTED_EDGE('',*,*,#1806,.F.);
#2334=ORIENTED_EDGE('',*,*,#1807,.F.);
#2335=ORIENTED_EDGE('',*,*,#1808,.F.);
#2336=ORIENTED_EDGE('',*,*,#1809,.T.);
#2337=ORIENTED_EDGE('',*,*,#1810,.F.);
#2338=ORIENTED_EDGE('',*,*,#1811,.F.);
#2339=ORIENTED_EDGE('',*,*,#1812,.F.);
#2340=ORIENTED_EDGE('',*,*,#1813,.T.);
#2341=ORIENTED_EDGE('',*,*,#1814,.T.);
#2342=ORIENTED_EDGE('',*,*,#1815,.T.);
#2343=ORIENTED_EDGE('',*,*,#1720,.F.);
#2344=ORIENTED_EDGE('',*,*,#1725,.T.);
#2345=ORIENTED_EDGE('',*,*,#1712,.F.);
#2346=ORIENTED_EDGE('',*,*,#1816,.T.);
#2347=ORIENTED_EDGE('',*,*,#1817,.T.);
#2348=ORIENTED_EDGE('',*,*,#1818,.T.);
#2349=ORIENTED_EDGE('',*,*,#1819,.F.);
#2350=ORIENTED_EDGE('',*,*,#1820,.F.);
#2351=ORIENTED_EDGE('',*,*,#1821,.F.);
#2352=ORIENTED_EDGE('',*,*,#1822,.T.);
#2353=ORIENTED_EDGE('',*,*,#1823,.F.);
#2354=ORIENTED_EDGE('',*,*,#1824,.F.);
#2355=ORIENTED_EDGE('',*,*,#1825,.F.);
#2356=ORIENTED_EDGE('',*,*,#1826,.T.);
#2357=ORIENTED_EDGE('',*,*,#1827,.F.);
#2358=ORIENTED_EDGE('',*,*,#1828,.F.);
#2359=ORIENTED_EDGE('',*,*,#1829,.F.);
#2360=ORIENTED_EDGE('',*,*,#1830,.T.);
#2361=ORIENTED_EDGE('',*,*,#1831,.F.);
#2362=ORIENTED_EDGE('',*,*,#1832,.F.);
#2363=ORIENTED_EDGE('',*,*,#1833,.F.);
#2364=ORIENTED_EDGE('',*,*,#1834,.T.);
#2365=ORIENTED_EDGE('',*,*,#1835,.T.);
#2366=ORIENTED_EDGE('',*,*,#1836,.T.);
#2367=ORIENTED_EDGE('',*,*,#1716,.F.);
#2368=ORIENTED_EDGE('',*,*,#1837,.T.);
#2369=ORIENTED_EDGE('',*,*,#1838,.T.);
#2370=ORIENTED_EDGE('',*,*,#1839,.T.);
#2371=ORIENTED_EDGE('',*,*,#1840,.T.);
#2372=ORIENTED_EDGE('',*,*,#1749,.T.);
#2373=ORIENTED_EDGE('',*,*,#1742,.T.);
#2374=ORIENTED_EDGE('',*,*,#1739,.T.);
#2375=ORIENTED_EDGE('',*,*,#1746,.T.);
#2376=ORIENTED_EDGE('',*,*,#1722,.T.);
#2377=ORIENTED_EDGE('',*,*,#1708,.F.);
#2378=ORIENTED_EDGE('',*,*,#1781,.T.);
#2379=ORIENTED_EDGE('',*,*,#1782,.T.);
#2380=ORIENTED_EDGE('',*,*,#1777,.T.);
#2381=ORIENTED_EDGE('',*,*,#1841,.T.);
#2382=ORIENTED_EDGE('',*,*,#1842,.T.);
#2383=ORIENTED_EDGE('',*,*,#1843,.T.);
#2384=ORIENTED_EDGE('',*,*,#1844,.T.);
#2385=ORIENTED_EDGE('',*,*,#1845,.T.);
#2386=ORIENTED_EDGE('',*,*,#1846,.T.);
#2387=ORIENTED_EDGE('',*,*,#1847,.T.);
#2388=ORIENTED_EDGE('',*,*,#1848,.F.);
#2389=ORIENTED_EDGE('',*,*,#1849,.T.);
#2390=ORIENTED_EDGE('',*,*,#1776,.T.);
#2391=ORIENTED_EDGE('',*,*,#1772,.T.);
#2392=ORIENTED_EDGE('',*,*,#1850,.T.);
#2393=ORIENTED_EDGE('',*,*,#1841,.F.);
#2394=ORIENTED_EDGE('',*,*,#1779,.T.);
#2395=ORIENTED_EDGE('',*,*,#1849,.F.);
#2396=ORIENTED_EDGE('',*,*,#1851,.F.);
#2397=ORIENTED_EDGE('',*,*,#1852,.F.);
#2398=ORIENTED_EDGE('',*,*,#1853,.T.);
#2399=ORIENTED_EDGE('',*,*,#1854,.T.);
#2400=ORIENTED_EDGE('',*,*,#1855,.T.);
#2401=ORIENTED_EDGE('',*,*,#1856,.T.);
#2402=ORIENTED_EDGE('',*,*,#1761,.T.);
#2403=ORIENTED_EDGE('',*,*,#1857,.F.);
#2404=ORIENTED_EDGE('',*,*,#1858,.F.);
#2405=ORIENTED_EDGE('',*,*,#1859,.F.);
#2406=ORIENTED_EDGE('',*,*,#1860,.F.);
#2407=ORIENTED_EDGE('',*,*,#1857,.T.);
#2408=ORIENTED_EDGE('',*,*,#1861,.T.);
#2409=ORIENTED_EDGE('',*,*,#1862,.F.);
#2410=ORIENTED_EDGE('',*,*,#1863,.F.);
#2411=ORIENTED_EDGE('',*,*,#1860,.T.);
#2412=ORIENTED_EDGE('',*,*,#1864,.T.);
#2413=ORIENTED_EDGE('',*,*,#1865,.F.);
#2414=ORIENTED_EDGE('',*,*,#1861,.F.);
#2415=ORIENTED_EDGE('',*,*,#1859,.T.);
#2416=ORIENTED_EDGE('',*,*,#1866,.T.);
#2417=ORIENTED_EDGE('',*,*,#1867,.F.);
#2418=ORIENTED_EDGE('',*,*,#1864,.F.);
#2419=ORIENTED_EDGE('',*,*,#1858,.T.);
#2420=ORIENTED_EDGE('',*,*,#1863,.T.);
#2421=ORIENTED_EDGE('',*,*,#1764,.F.);
#2422=ORIENTED_EDGE('',*,*,#1866,.F.);
#2423=ORIENTED_EDGE('',*,*,#1839,.F.);
#2424=ORIENTED_EDGE('',*,*,#1868,.F.);
#2425=ORIENTED_EDGE('',*,*,#1865,.T.);
#2426=ORIENTED_EDGE('',*,*,#1869,.T.);
#2427=ORIENTED_EDGE('',*,*,#1838,.F.);
#2428=ORIENTED_EDGE('',*,*,#1870,.F.);
#2429=ORIENTED_EDGE('',*,*,#1871,.F.);
#2430=ORIENTED_EDGE('',*,*,#1765,.F.);
#2431=ORIENTED_EDGE('',*,*,#1862,.T.);
#2432=ORIENTED_EDGE('',*,*,#1868,.T.);
#2433=ORIENTED_EDGE('',*,*,#1840,.F.);
#2434=ORIENTED_EDGE('',*,*,#1869,.F.);
#2435=ORIENTED_EDGE('',*,*,#1867,.T.);
#2436=ORIENTED_EDGE('',*,*,#1763,.T.);
#2437=ORIENTED_EDGE('',*,*,#1752,.F.);
#2438=ORIENTED_EDGE('',*,*,#1750,.F.);
#2439=ORIENTED_EDGE('',*,*,#1715,.T.);
#2440=ORIENTED_EDGE('',*,*,#1872,.T.);
#2441=ORIENTED_EDGE('',*,*,#1870,.T.);
#2442=ORIENTED_EDGE('',*,*,#1837,.F.);
#2443=ORIENTED_EDGE('',*,*,#1714,.T.);
#2444=ORIENTED_EDGE('',*,*,#1873,.F.);
#2445=ORIENTED_EDGE('',*,*,#1874,.T.);
#2446=ORIENTED_EDGE('',*,*,#1875,.F.);
#2447=ORIENTED_EDGE('',*,*,#1876,.F.);
#2448=ORIENTED_EDGE('',*,*,#1877,.F.);
#2449=ORIENTED_EDGE('',*,*,#1878,.T.);
#2450=ORIENTED_EDGE('',*,*,#1766,.T.);
#2451=ORIENTED_EDGE('',*,*,#1871,.T.);
#2452=ORIENTED_EDGE('',*,*,#1872,.F.);
#2453=ORIENTED_EDGE('',*,*,#1842,.F.);
#2454=ORIENTED_EDGE('',*,*,#1850,.F.);
#2455=ORIENTED_EDGE('',*,*,#1771,.T.);
#2456=ORIENTED_EDGE('',*,*,#1879,.F.);
#2457=ORIENTED_EDGE('',*,*,#1844,.F.);
#2458=ORIENTED_EDGE('',*,*,#1880,.F.);
#2459=ORIENTED_EDGE('',*,*,#1769,.F.);
#2460=ORIENTED_EDGE('',*,*,#1881,.F.);
#2461=ORIENTED_EDGE('',*,*,#1843,.F.);
#2462=ORIENTED_EDGE('',*,*,#1879,.T.);
#2463=ORIENTED_EDGE('',*,*,#1770,.T.);
#2464=ORIENTED_EDGE('',*,*,#1880,.T.);
#2465=ORIENTED_EDGE('',*,*,#1881,.T.);
#2466=ORIENTED_EDGE('',*,*,#1768,.T.);
#2467=ORIENTED_EDGE('',*,*,#1882,.T.);
#2468=ORIENTED_EDGE('',*,*,#1883,.T.);
#2469=ORIENTED_EDGE('',*,*,#1884,.T.);
#2470=ORIENTED_EDGE('',*,*,#1885,.T.);
#2471=ORIENTED_EDGE('',*,*,#1886,.F.);
#2472=ORIENTED_EDGE('',*,*,#1887,.F.);
#2473=ORIENTED_EDGE('',*,*,#1845,.F.);
#2474=ORIENTED_EDGE('',*,*,#1853,.F.);
#2475=ORIENTED_EDGE('',*,*,#1888,.F.);
#2476=ORIENTED_EDGE('',*,*,#1889,.F.);
#2477=ORIENTED_EDGE('',*,*,#1890,.F.);
#2478=ORIENTED_EDGE('',*,*,#1891,.F.);
#2479=ORIENTED_EDGE('',*,*,#1796,.F.);
#2480=ORIENTED_EDGE('',*,*,#1892,.F.);
#2481=ORIENTED_EDGE('',*,*,#1759,.F.);
#2482=ORIENTED_EDGE('',*,*,#1893,.F.);
#2483=ORIENTED_EDGE('',*,*,#1894,.F.);
#2484=ORIENTED_EDGE('',*,*,#1895,.F.);
#2485=ORIENTED_EDGE('',*,*,#1896,.F.);
#2486=ORIENTED_EDGE('',*,*,#1897,.F.);
#2487=ORIENTED_EDGE('',*,*,#1898,.F.);
#2488=ORIENTED_EDGE('',*,*,#1817,.F.);
#2489=ORIENTED_EDGE('',*,*,#1899,.F.);
#2490=ORIENTED_EDGE('',*,*,#1900,.F.);
#2491=ORIENTED_EDGE('',*,*,#1901,.F.);
#2492=ORIENTED_EDGE('',*,*,#1902,.F.);
#2493=ORIENTED_EDGE('',*,*,#1885,.F.);
#2494=ORIENTED_EDGE('',*,*,#1903,.F.);
#2495=ORIENTED_EDGE('',*,*,#1874,.F.);
#2496=ORIENTED_EDGE('',*,*,#1904,.F.);
#2497=ORIENTED_EDGE('',*,*,#1835,.F.);
#2498=ORIENTED_EDGE('',*,*,#1905,.F.);
#2499=ORIENTED_EDGE('',*,*,#1906,.F.);
#2500=ORIENTED_EDGE('',*,*,#1907,.F.);
#2501=ORIENTED_EDGE('',*,*,#1908,.F.);
#2502=ORIENTED_EDGE('',*,*,#1909,.F.);
#2503=ORIENTED_EDGE('',*,*,#1910,.F.);
#2504=ORIENTED_EDGE('',*,*,#1911,.F.);
#2505=ORIENTED_EDGE('',*,*,#1912,.F.);
#2506=ORIENTED_EDGE('',*,*,#1814,.F.);
#2507=ORIENTED_EDGE('',*,*,#1913,.F.);
#2508=ORIENTED_EDGE('',*,*,#1914,.F.);
#2509=ORIENTED_EDGE('',*,*,#1915,.F.);
#2510=ORIENTED_EDGE('',*,*,#1891,.T.);
#2511=ORIENTED_EDGE('',*,*,#1916,.T.);
#2512=ORIENTED_EDGE('',*,*,#1917,.T.);
#2513=ORIENTED_EDGE('',*,*,#1797,.F.);
#2514=ORIENTED_EDGE('',*,*,#1889,.T.);
#2515=ORIENTED_EDGE('',*,*,#1918,.F.);
#2516=ORIENTED_EDGE('',*,*,#1919,.T.);
#2517=ORIENTED_EDGE('',*,*,#1799,.T.);
#2518=ORIENTED_EDGE('',*,*,#1920,.T.);
#2519=ORIENTED_EDGE('',*,*,#1921,.T.);
#2520=ORIENTED_EDGE('',*,*,#1711,.T.);
#2521=ORIENTED_EDGE('',*,*,#1922,.T.);
#2522=ORIENTED_EDGE('',*,*,#1899,.T.);
#2523=ORIENTED_EDGE('',*,*,#1816,.F.);
#2524=ORIENTED_EDGE('',*,*,#1898,.T.);
#2525=ORIENTED_EDGE('',*,*,#1923,.T.);
#2526=ORIENTED_EDGE('',*,*,#1924,.T.);
#2527=ORIENTED_EDGE('',*,*,#1818,.F.);
#2528=ORIENTED_EDGE('',*,*,#1901,.T.);
#2529=ORIENTED_EDGE('',*,*,#1925,.T.);
#2530=ORIENTED_EDGE('',*,*,#1926,.T.);
#2531=ORIENTED_EDGE('',*,*,#1927,.F.);
#2532=ORIENTED_EDGE('',*,*,#1928,.T.);
#2533=ORIENTED_EDGE('',*,*,#1929,.F.);
#2534=ORIENTED_EDGE('',*,*,#1896,.T.);
#2535=ORIENTED_EDGE('',*,*,#1930,.F.);
#2536=ORIENTED_EDGE('',*,*,#1931,.T.);
#2537=ORIENTED_EDGE('',*,*,#1820,.T.);
#2538=ORIENTED_EDGE('',*,*,#1932,.T.);
#2539=ORIENTED_EDGE('',*,*,#1933,.T.);
#2540=ORIENTED_EDGE('',*,*,#1902,.T.);
#2541=ORIENTED_EDGE('',*,*,#1934,.T.);
#2542=ORIENTED_EDGE('',*,*,#1935,.T.);
#2543=ORIENTED_EDGE('',*,*,#1936,.F.);
#2544=ORIENTED_EDGE('',*,*,#1888,.T.);
#2545=ORIENTED_EDGE('',*,*,#1937,.F.);
#2546=ORIENTED_EDGE('',*,*,#1938,.T.);
#2547=ORIENTED_EDGE('',*,*,#1918,.T.);
#2548=ORIENTED_EDGE('',*,*,#1907,.T.);
#2549=ORIENTED_EDGE('',*,*,#1939,.T.);
#2550=ORIENTED_EDGE('',*,*,#1940,.T.);
#2551=ORIENTED_EDGE('',*,*,#1832,.T.);
#2552=ORIENTED_EDGE('',*,*,#1941,.T.);
#2553=ORIENTED_EDGE('',*,*,#1934,.F.);
#2554=ORIENTED_EDGE('',*,*,#1906,.T.);
#2555=ORIENTED_EDGE('',*,*,#1942,.F.);
#2556=ORIENTED_EDGE('',*,*,#1943,.T.);
#2557=ORIENTED_EDGE('',*,*,#1939,.F.);
#2558=ORIENTED_EDGE('',*,*,#1890,.T.);
#2559=ORIENTED_EDGE('',*,*,#1921,.F.);
#2560=ORIENTED_EDGE('',*,*,#1944,.T.);
#2561=ORIENTED_EDGE('',*,*,#1916,.F.);
#2562=ORIENTED_EDGE('',*,*,#1905,.T.);
#2563=ORIENTED_EDGE('',*,*,#1834,.F.);
#2564=ORIENTED_EDGE('',*,*,#1945,.T.);
#2565=ORIENTED_EDGE('',*,*,#1942,.T.);
#2566=ORIENTED_EDGE('',*,*,#1908,.T.);
#2567=ORIENTED_EDGE('',*,*,#1946,.T.);
#2568=ORIENTED_EDGE('',*,*,#1947,.T.);
#2569=ORIENTED_EDGE('',*,*,#1948,.F.);
#2570=ORIENTED_EDGE('',*,*,#1894,.T.);
#2571=ORIENTED_EDGE('',*,*,#1929,.T.);
#2572=ORIENTED_EDGE('',*,*,#1949,.T.);
#2573=ORIENTED_EDGE('',*,*,#1950,.T.);
#2574=ORIENTED_EDGE('',*,*,#1951,.T.);
#2575=ORIENTED_EDGE('',*,*,#1952,.T.);
#2576=ORIENTED_EDGE('',*,*,#1953,.T.);
#2577=ORIENTED_EDGE('',*,*,#1954,.T.);
#2578=ORIENTED_EDGE('',*,*,#1909,.T.);
#2579=ORIENTED_EDGE('',*,*,#1955,.F.);
#2580=ORIENTED_EDGE('',*,*,#1956,.F.);
#2581=ORIENTED_EDGE('',*,*,#1957,.F.);
#2582=ORIENTED_EDGE('',*,*,#1958,.F.);
#2583=ORIENTED_EDGE('',*,*,#1959,.F.);
#2584=ORIENTED_EDGE('',*,*,#1895,.T.);
#2585=ORIENTED_EDGE('',*,*,#1960,.F.);
#2586=ORIENTED_EDGE('',*,*,#1961,.T.);
#2587=ORIENTED_EDGE('',*,*,#1930,.T.);
#2588=ORIENTED_EDGE('',*,*,#1915,.T.);
#2589=ORIENTED_EDGE('',*,*,#1962,.T.);
#2590=ORIENTED_EDGE('',*,*,#1963,.T.);
#2591=ORIENTED_EDGE('',*,*,#1811,.T.);
#2592=ORIENTED_EDGE('',*,*,#1964,.T.);
#2593=ORIENTED_EDGE('',*,*,#1946,.F.);
#2594=ORIENTED_EDGE('',*,*,#1914,.T.);
#2595=ORIENTED_EDGE('',*,*,#1965,.F.);
#2596=ORIENTED_EDGE('',*,*,#1966,.T.);
#2597=ORIENTED_EDGE('',*,*,#1962,.F.);
#2598=ORIENTED_EDGE('',*,*,#1710,.T.);
#2599=ORIENTED_EDGE('',*,*,#1726,.F.);
#2600=ORIENTED_EDGE('',*,*,#1718,.T.);
#2601=ORIENTED_EDGE('',*,*,#1967,.F.);
#2602=ORIENTED_EDGE('',*,*,#1911,.T.);
#2603=ORIENTED_EDGE('',*,*,#1968,.F.);
#2604=ORIENTED_EDGE('',*,*,#1969,.F.);
#2605=ORIENTED_EDGE('',*,*,#1970,.F.);
#2606=ORIENTED_EDGE('',*,*,#1971,.T.);
#2607=ORIENTED_EDGE('',*,*,#1972,.T.);
#2608=ORIENTED_EDGE('',*,*,#1973,.T.);
#2609=ORIENTED_EDGE('',*,*,#1974,.F.);
#2610=ORIENTED_EDGE('',*,*,#1975,.F.);
#2611=ORIENTED_EDGE('',*,*,#1925,.F.);
#2612=ORIENTED_EDGE('',*,*,#1900,.T.);
#2613=ORIENTED_EDGE('',*,*,#1922,.F.);
#2614=ORIENTED_EDGE('',*,*,#1897,.T.);
#2615=ORIENTED_EDGE('',*,*,#1933,.F.);
#2616=ORIENTED_EDGE('',*,*,#1976,.T.);
#2617=ORIENTED_EDGE('',*,*,#1923,.F.);
#2618=ORIENTED_EDGE('',*,*,#1913,.T.);
#2619=ORIENTED_EDGE('',*,*,#1813,.F.);
#2620=ORIENTED_EDGE('',*,*,#1977,.T.);
#2621=ORIENTED_EDGE('',*,*,#1965,.T.);
#2622=ORIENTED_EDGE('',*,*,#1978,.F.);
#2623=ORIENTED_EDGE('',*,*,#1830,.F.);
#2624=ORIENTED_EDGE('',*,*,#1979,.F.);
#2625=ORIENTED_EDGE('',*,*,#1980,.T.);
#2626=ORIENTED_EDGE('',*,*,#1952,.F.);
#2627=ORIENTED_EDGE('',*,*,#1981,.F.);
#2628=ORIENTED_EDGE('',*,*,#1971,.F.);
#2629=ORIENTED_EDGE('',*,*,#1982,.F.);
#2630=ORIENTED_EDGE('',*,*,#1983,.F.);
#2631=ORIENTED_EDGE('',*,*,#1984,.F.);
#2632=ORIENTED_EDGE('',*,*,#1985,.F.);
#2633=ORIENTED_EDGE('',*,*,#1986,.F.);
#2634=ORIENTED_EDGE('',*,*,#1987,.F.);
#2635=ORIENTED_EDGE('',*,*,#1988,.F.);
#2636=ORIENTED_EDGE('',*,*,#1989,.F.);
#2637=ORIENTED_EDGE('',*,*,#1980,.F.);
#2638=ORIENTED_EDGE('',*,*,#1990,.F.);
#2639=ORIENTED_EDGE('',*,*,#1991,.F.);
#2640=ORIENTED_EDGE('',*,*,#1992,.F.);
#2641=ORIENTED_EDGE('',*,*,#1801,.F.);
#2642=ORIENTED_EDGE('',*,*,#1993,.F.);
#2643=ORIENTED_EDGE('',*,*,#1988,.T.);
#2644=ORIENTED_EDGE('',*,*,#1882,.F.);
#2645=ORIENTED_EDGE('',*,*,#1767,.F.);
#2646=ORIENTED_EDGE('',*,*,#1878,.F.);
#2647=ORIENTED_EDGE('',*,*,#1994,.F.);
#2648=ORIENTED_EDGE('',*,*,#1995,.F.);
#2649=ORIENTED_EDGE('',*,*,#1996,.F.);
#2650=ORIENTED_EDGE('',*,*,#1997,.F.);
#2651=ORIENTED_EDGE('',*,*,#1822,.F.);
#2652=ORIENTED_EDGE('',*,*,#1998,.F.);
#2653=ORIENTED_EDGE('',*,*,#1991,.T.);
#2654=ORIENTED_EDGE('',*,*,#1950,.F.);
#2655=ORIENTED_EDGE('',*,*,#1999,.F.);
#2656=ORIENTED_EDGE('',*,*,#2000,.F.);
#2657=ORIENTED_EDGE('',*,*,#2001,.F.);
#2658=ORIENTED_EDGE('',*,*,#1973,.F.);
#2659=ORIENTED_EDGE('',*,*,#2002,.T.);
#2660=ORIENTED_EDGE('',*,*,#1951,.F.);
#2661=ORIENTED_EDGE('',*,*,#2002,.F.);
#2662=ORIENTED_EDGE('',*,*,#1972,.F.);
#2663=ORIENTED_EDGE('',*,*,#1981,.T.);
#2664=ORIENTED_EDGE('',*,*,#2003,.F.);
#2665=ORIENTED_EDGE('',*,*,#1809,.F.);
#2666=ORIENTED_EDGE('',*,*,#2004,.F.);
#2667=ORIENTED_EDGE('',*,*,#1986,.T.);
#2668=ORIENTED_EDGE('',*,*,#1856,.F.);
#2669=ORIENTED_EDGE('',*,*,#2005,.F.);
#2670=ORIENTED_EDGE('',*,*,#2006,.F.);
#2671=ORIENTED_EDGE('',*,*,#2007,.F.);
#2672=ORIENTED_EDGE('',*,*,#1755,.F.);
#2673=ORIENTED_EDGE('',*,*,#1762,.T.);
#2674=ORIENTED_EDGE('',*,*,#1997,.T.);
#2675=ORIENTED_EDGE('',*,*,#1990,.T.);
#2676=ORIENTED_EDGE('',*,*,#1998,.T.);
#2677=ORIENTED_EDGE('',*,*,#1821,.T.);
#2678=ORIENTED_EDGE('',*,*,#1931,.F.);
#2679=ORIENTED_EDGE('',*,*,#1961,.F.);
#2680=ORIENTED_EDGE('',*,*,#2008,.F.);
#2681=ORIENTED_EDGE('',*,*,#2009,.F.);
#2682=ORIENTED_EDGE('',*,*,#2010,.F.);
#2683=ORIENTED_EDGE('',*,*,#2011,.F.);
#2684=ORIENTED_EDGE('',*,*,#2012,.F.);
#2685=ORIENTED_EDGE('',*,*,#1823,.T.);
#2686=ORIENTED_EDGE('',*,*,#1978,.T.);
#2687=ORIENTED_EDGE('',*,*,#1989,.T.);
#2688=ORIENTED_EDGE('',*,*,#1979,.T.);
#2689=ORIENTED_EDGE('',*,*,#1829,.T.);
#2690=ORIENTED_EDGE('',*,*,#2013,.F.);
#2691=ORIENTED_EDGE('',*,*,#2014,.F.);
#2692=ORIENTED_EDGE('',*,*,#2015,.F.);
#2693=ORIENTED_EDGE('',*,*,#2016,.F.);
#2694=ORIENTED_EDGE('',*,*,#2017,.F.);
#2695=ORIENTED_EDGE('',*,*,#1935,.F.);
#2696=ORIENTED_EDGE('',*,*,#1941,.F.);
#2697=ORIENTED_EDGE('',*,*,#1831,.T.);
#2698=ORIENTED_EDGE('',*,*,#1983,.T.);
#2699=ORIENTED_EDGE('',*,*,#2018,.T.);
#2700=ORIENTED_EDGE('',*,*,#2019,.T.);
#2701=ORIENTED_EDGE('',*,*,#2020,.T.);
#2702=ORIENTED_EDGE('',*,*,#2021,.F.);
#2703=ORIENTED_EDGE('',*,*,#2001,.T.);
#2704=ORIENTED_EDGE('',*,*,#2022,.F.);
#2705=ORIENTED_EDGE('',*,*,#2023,.F.);
#2706=ORIENTED_EDGE('',*,*,#1974,.T.);
#2707=ORIENTED_EDGE('',*,*,#1982,.T.);
#2708=ORIENTED_EDGE('',*,*,#1970,.T.);
#2709=ORIENTED_EDGE('',*,*,#2024,.T.);
#2710=ORIENTED_EDGE('',*,*,#2018,.F.);
#2711=ORIENTED_EDGE('',*,*,#2003,.T.);
#2712=ORIENTED_EDGE('',*,*,#1985,.T.);
#2713=ORIENTED_EDGE('',*,*,#2004,.T.);
#2714=ORIENTED_EDGE('',*,*,#1808,.T.);
#2715=ORIENTED_EDGE('',*,*,#2025,.F.);
#2716=ORIENTED_EDGE('',*,*,#2026,.F.);
#2717=ORIENTED_EDGE('',*,*,#2027,.F.);
#2718=ORIENTED_EDGE('',*,*,#2028,.F.);
#2719=ORIENTED_EDGE('',*,*,#2029,.F.);
#2720=ORIENTED_EDGE('',*,*,#1947,.F.);
#2721=ORIENTED_EDGE('',*,*,#1964,.F.);
#2722=ORIENTED_EDGE('',*,*,#1810,.T.);
#2723=ORIENTED_EDGE('',*,*,#1992,.T.);
#2724=ORIENTED_EDGE('',*,*,#1987,.T.);
#2725=ORIENTED_EDGE('',*,*,#1993,.T.);
#2726=ORIENTED_EDGE('',*,*,#1800,.T.);
#2727=ORIENTED_EDGE('',*,*,#1919,.F.);
#2728=ORIENTED_EDGE('',*,*,#1938,.F.);
#2729=ORIENTED_EDGE('',*,*,#2030,.F.);
#2730=ORIENTED_EDGE('',*,*,#2031,.F.);
#2731=ORIENTED_EDGE('',*,*,#2032,.F.);
#2732=ORIENTED_EDGE('',*,*,#2033,.F.);
#2733=ORIENTED_EDGE('',*,*,#2034,.F.);
#2734=ORIENTED_EDGE('',*,*,#1802,.T.);
#2735=ORIENTED_EDGE('',*,*,#1996,.T.);
#2736=ORIENTED_EDGE('',*,*,#2035,.T.);
#2737=ORIENTED_EDGE('',*,*,#2036,.T.);
#2738=ORIENTED_EDGE('',*,*,#1883,.F.);
#2739=ORIENTED_EDGE('',*,*,#1995,.T.);
#2740=ORIENTED_EDGE('',*,*,#2037,.T.);
#2741=ORIENTED_EDGE('',*,*,#2038,.T.);
#2742=ORIENTED_EDGE('',*,*,#2039,.T.);
#2743=ORIENTED_EDGE('',*,*,#2035,.F.);
#2744=ORIENTED_EDGE('',*,*,#2007,.T.);
#2745=ORIENTED_EDGE('',*,*,#2040,.F.);
#2746=ORIENTED_EDGE('',*,*,#2041,.F.);
#2747=ORIENTED_EDGE('',*,*,#1756,.T.);
#2748=ORIENTED_EDGE('',*,*,#1994,.T.);
#2749=ORIENTED_EDGE('',*,*,#1877,.T.);
#2750=ORIENTED_EDGE('',*,*,#2042,.T.);
#2751=ORIENTED_EDGE('',*,*,#2037,.F.);
#2752=ORIENTED_EDGE('',*,*,#2043,.F.);
#2753=ORIENTED_EDGE('',*,*,#2044,.T.);
#2754=ORIENTED_EDGE('',*,*,#2045,.T.);
#2755=ORIENTED_EDGE('',*,*,#2044,.F.);
#2756=ORIENTED_EDGE('',*,*,#2045,.F.);
#2757=ORIENTED_EDGE('',*,*,#2046,.F.);
#2758=ORIENTED_EDGE('',*,*,#2047,.T.);
#2759=ORIENTED_EDGE('',*,*,#2048,.T.);
#2760=ORIENTED_EDGE('',*,*,#2047,.F.);
#2761=ORIENTED_EDGE('',*,*,#2048,.F.);
#2762=ORIENTED_EDGE('',*,*,#2049,.F.);
#2763=ORIENTED_EDGE('',*,*,#2050,.T.);
#2764=ORIENTED_EDGE('',*,*,#2051,.T.);
#2765=ORIENTED_EDGE('',*,*,#2050,.F.);
#2766=ORIENTED_EDGE('',*,*,#2051,.F.);
#2767=ORIENTED_EDGE('',*,*,#2052,.F.);
#2768=ORIENTED_EDGE('',*,*,#2053,.T.);
#2769=ORIENTED_EDGE('',*,*,#2054,.T.);
#2770=ORIENTED_EDGE('',*,*,#2053,.F.);
#2771=ORIENTED_EDGE('',*,*,#2054,.F.);
#2772=ORIENTED_EDGE('',*,*,#2055,.F.);
#2773=ORIENTED_EDGE('',*,*,#2056,.T.);
#2774=ORIENTED_EDGE('',*,*,#2057,.F.);
#2775=ORIENTED_EDGE('',*,*,#2056,.F.);
#2776=ORIENTED_EDGE('',*,*,#2055,.T.);
#2777=ORIENTED_EDGE('',*,*,#2058,.F.);
#2778=ORIENTED_EDGE('',*,*,#2059,.F.);
#2779=ORIENTED_EDGE('',*,*,#2060,.T.);
#2780=ORIENTED_EDGE('',*,*,#2061,.F.);
#2781=ORIENTED_EDGE('',*,*,#2060,.F.);
#2782=ORIENTED_EDGE('',*,*,#2059,.T.);
#2783=ORIENTED_EDGE('',*,*,#2062,.F.);
#2784=ORIENTED_EDGE('',*,*,#2063,.F.);
#2785=ORIENTED_EDGE('',*,*,#2064,.T.);
#2786=ORIENTED_EDGE('',*,*,#2065,.F.);
#2787=ORIENTED_EDGE('',*,*,#2064,.F.);
#2788=ORIENTED_EDGE('',*,*,#2063,.T.);
#2789=ORIENTED_EDGE('',*,*,#2066,.F.);
#2790=ORIENTED_EDGE('',*,*,#2067,.F.);
#2791=ORIENTED_EDGE('',*,*,#2068,.T.);
#2792=ORIENTED_EDGE('',*,*,#2069,.F.);
#2793=ORIENTED_EDGE('',*,*,#2068,.F.);
#2794=ORIENTED_EDGE('',*,*,#2067,.T.);
#2795=ORIENTED_EDGE('',*,*,#2070,.F.);
#2796=ORIENTED_EDGE('',*,*,#1791,.F.);
#2797=ORIENTED_EDGE('',*,*,#2071,.T.);
#2798=ORIENTED_EDGE('',*,*,#2058,.T.);
#2799=ORIENTED_EDGE('',*,*,#2071,.F.);
#2800=ORIENTED_EDGE('',*,*,#1792,.F.);
#2801=ORIENTED_EDGE('',*,*,#2072,.T.);
#2802=ORIENTED_EDGE('',*,*,#2062,.T.);
#2803=ORIENTED_EDGE('',*,*,#2072,.F.);
#2804=ORIENTED_EDGE('',*,*,#1793,.F.);
#2805=ORIENTED_EDGE('',*,*,#2073,.T.);
#2806=ORIENTED_EDGE('',*,*,#2066,.T.);
#2807=ORIENTED_EDGE('',*,*,#2073,.F.);
#2808=ORIENTED_EDGE('',*,*,#1794,.F.);
#2809=ORIENTED_EDGE('',*,*,#2074,.T.);
#2810=ORIENTED_EDGE('',*,*,#2070,.T.);
#2811=ORIENTED_EDGE('',*,*,#2074,.F.);
#2812=ORIENTED_EDGE('',*,*,#2075,.F.);
#2813=ORIENTED_EDGE('',*,*,#2076,.F.);
#2814=ORIENTED_EDGE('',*,*,#2077,.F.);
#2815=ORIENTED_EDGE('',*,*,#2078,.F.);
#2816=ORIENTED_EDGE('',*,*,#2079,.F.);
#2817=ORIENTED_EDGE('',*,*,#2080,.F.);
#2818=ORIENTED_EDGE('',*,*,#2081,.F.);
#2819=ORIENTED_EDGE('',*,*,#2082,.F.);
#2820=ORIENTED_EDGE('',*,*,#2083,.F.);
#2821=ORIENTED_EDGE('',*,*,#2084,.F.);
#2822=ORIENTED_EDGE('',*,*,#2076,.T.);
#2823=ORIENTED_EDGE('',*,*,#2078,.T.);
#2824=ORIENTED_EDGE('',*,*,#2085,.F.);
#2825=ORIENTED_EDGE('',*,*,#2086,.F.);
#2826=ORIENTED_EDGE('',*,*,#2087,.T.);
#2827=ORIENTED_EDGE('',*,*,#2077,.T.);
#2828=ORIENTED_EDGE('',*,*,#2088,.F.);
#2829=ORIENTED_EDGE('',*,*,#2089,.F.);
#2830=ORIENTED_EDGE('',*,*,#2085,.T.);
#2831=ORIENTED_EDGE('',*,*,#2084,.T.);
#2832=ORIENTED_EDGE('',*,*,#2090,.F.);
#2833=ORIENTED_EDGE('',*,*,#2091,.F.);
#2834=ORIENTED_EDGE('',*,*,#2088,.T.);
#2835=ORIENTED_EDGE('',*,*,#2083,.T.);
#2836=ORIENTED_EDGE('',*,*,#2092,.F.);
#2837=ORIENTED_EDGE('',*,*,#2093,.F.);
#2838=ORIENTED_EDGE('',*,*,#2090,.T.);
#2839=ORIENTED_EDGE('',*,*,#2082,.T.);
#2840=ORIENTED_EDGE('',*,*,#2094,.F.);
#2841=ORIENTED_EDGE('',*,*,#2095,.F.);
#2842=ORIENTED_EDGE('',*,*,#2092,.T.);
#2843=ORIENTED_EDGE('',*,*,#2081,.T.);
#2844=ORIENTED_EDGE('',*,*,#2096,.F.);
#2845=ORIENTED_EDGE('',*,*,#2097,.F.);
#2846=ORIENTED_EDGE('',*,*,#2094,.T.);
#2847=ORIENTED_EDGE('',*,*,#2080,.T.);
#2848=ORIENTED_EDGE('',*,*,#2098,.F.);
#2849=ORIENTED_EDGE('',*,*,#2099,.F.);
#2850=ORIENTED_EDGE('',*,*,#2096,.T.);
#2851=ORIENTED_EDGE('',*,*,#2079,.T.);
#2852=ORIENTED_EDGE('',*,*,#2087,.F.);
#2853=ORIENTED_EDGE('',*,*,#2100,.F.);
#2854=ORIENTED_EDGE('',*,*,#2098,.T.);
#2855=ORIENTED_EDGE('',*,*,#2101,.F.);
#2856=ORIENTED_EDGE('',*,*,#2102,.T.);
#2857=ORIENTED_EDGE('',*,*,#2103,.T.);
#2858=ORIENTED_EDGE('',*,*,#2104,.F.);
#2859=ORIENTED_EDGE('',*,*,#2105,.F.);
#2860=ORIENTED_EDGE('',*,*,#2104,.T.);
#2861=ORIENTED_EDGE('',*,*,#2106,.T.);
#2862=ORIENTED_EDGE('',*,*,#2107,.F.);
#2863=ORIENTED_EDGE('',*,*,#2108,.F.);
#2864=ORIENTED_EDGE('',*,*,#2107,.T.);
#2865=ORIENTED_EDGE('',*,*,#2109,.T.);
#2866=ORIENTED_EDGE('',*,*,#2110,.F.);
#2867=ORIENTED_EDGE('',*,*,#2111,.F.);
#2868=ORIENTED_EDGE('',*,*,#2110,.T.);
#2869=ORIENTED_EDGE('',*,*,#2112,.T.);
#2870=ORIENTED_EDGE('',*,*,#2113,.F.);
#2871=ORIENTED_EDGE('',*,*,#2114,.F.);
#2872=ORIENTED_EDGE('',*,*,#2113,.T.);
#2873=ORIENTED_EDGE('',*,*,#2115,.T.);
#2874=ORIENTED_EDGE('',*,*,#2116,.F.);
#2875=ORIENTED_EDGE('',*,*,#2117,.F.);
#2876=ORIENTED_EDGE('',*,*,#2118,.T.);
#2877=ORIENTED_EDGE('',*,*,#2119,.T.);
#2878=ORIENTED_EDGE('',*,*,#2102,.F.);
#2879=ORIENTED_EDGE('',*,*,#2120,.F.);
#2880=ORIENTED_EDGE('',*,*,#2121,.T.);
#2881=ORIENTED_EDGE('',*,*,#2122,.T.);
#2882=ORIENTED_EDGE('',*,*,#2118,.F.);
#2883=ORIENTED_EDGE('',*,*,#2123,.F.);
#2884=ORIENTED_EDGE('',*,*,#2116,.T.);
#2885=ORIENTED_EDGE('',*,*,#2124,.T.);
#2886=ORIENTED_EDGE('',*,*,#2121,.F.);
#2887=ORIENTED_EDGE('',*,*,#2124,.F.);
#2888=ORIENTED_EDGE('',*,*,#2115,.F.);
#2889=ORIENTED_EDGE('',*,*,#2112,.F.);
#2890=ORIENTED_EDGE('',*,*,#2109,.F.);
#2891=ORIENTED_EDGE('',*,*,#2106,.F.);
#2892=ORIENTED_EDGE('',*,*,#2103,.F.);
#2893=ORIENTED_EDGE('',*,*,#2119,.F.);
#2894=ORIENTED_EDGE('',*,*,#2122,.F.);
#2895=ORIENTED_EDGE('',*,*,#2086,.T.);
#2896=ORIENTED_EDGE('',*,*,#2089,.T.);
#2897=ORIENTED_EDGE('',*,*,#2091,.T.);
#2898=ORIENTED_EDGE('',*,*,#2093,.T.);
#2899=ORIENTED_EDGE('',*,*,#2095,.T.);
#2900=ORIENTED_EDGE('',*,*,#2097,.T.);
#2901=ORIENTED_EDGE('',*,*,#2099,.T.);
#2902=ORIENTED_EDGE('',*,*,#2100,.T.);
#2903=ORIENTED_EDGE('',*,*,#2125,.F.);
#2904=ORIENTED_EDGE('',*,*,#2126,.T.);
#2905=ORIENTED_EDGE('',*,*,#2127,.T.);
#2906=ORIENTED_EDGE('',*,*,#2126,.F.);
#2907=ORIENTED_EDGE('',*,*,#2127,.F.);
#2908=ORIENTED_EDGE('',*,*,#2052,.T.);
#2909=ORIENTED_EDGE('',*,*,#2128,.F.);
#2910=ORIENTED_EDGE('',*,*,#2129,.T.);
#2911=ORIENTED_EDGE('',*,*,#2130,.T.);
#2912=ORIENTED_EDGE('',*,*,#2129,.F.);
#2913=ORIENTED_EDGE('',*,*,#2130,.F.);
#2914=ORIENTED_EDGE('',*,*,#2049,.T.);
#2915=ORIENTED_EDGE('',*,*,#2131,.F.);
#2916=ORIENTED_EDGE('',*,*,#2132,.T.);
#2917=ORIENTED_EDGE('',*,*,#2133,.T.);
#2918=ORIENTED_EDGE('',*,*,#2132,.F.);
#2919=ORIENTED_EDGE('',*,*,#2133,.F.);
#2920=ORIENTED_EDGE('',*,*,#2046,.T.);
#2921=ORIENTED_EDGE('',*,*,#2134,.F.);
#2922=ORIENTED_EDGE('',*,*,#2135,.T.);
#2923=ORIENTED_EDGE('',*,*,#2136,.T.);
#2924=ORIENTED_EDGE('',*,*,#2135,.F.);
#2925=ORIENTED_EDGE('',*,*,#2136,.F.);
#2926=ORIENTED_EDGE('',*,*,#2043,.T.);
#2927=ORIENTED_EDGE('',*,*,#1910,.T.);
#2928=ORIENTED_EDGE('',*,*,#1954,.F.);
#2929=ORIENTED_EDGE('',*,*,#2137,.F.);
#2930=ORIENTED_EDGE('',*,*,#2020,.F.);
#2931=ORIENTED_EDGE('',*,*,#2138,.F.);
#2932=ORIENTED_EDGE('',*,*,#1968,.T.);
#2933=ORIENTED_EDGE('',*,*,#2029,.T.);
#2934=ORIENTED_EDGE('',*,*,#2139,.T.);
#2935=ORIENTED_EDGE('',*,*,#2140,.F.);
#2936=ORIENTED_EDGE('',*,*,#1955,.T.);
#2937=ORIENTED_EDGE('',*,*,#1948,.T.);
#2938=ORIENTED_EDGE('',*,*,#1903,.T.);
#2939=ORIENTED_EDGE('',*,*,#1884,.F.);
#2940=ORIENTED_EDGE('',*,*,#2036,.F.);
#2941=ORIENTED_EDGE('',*,*,#2039,.F.);
#2942=ORIENTED_EDGE('',*,*,#2141,.F.);
#2943=ORIENTED_EDGE('',*,*,#1875,.T.);
#2944=ORIENTED_EDGE('',*,*,#2013,.T.);
#2945=ORIENTED_EDGE('',*,*,#1828,.T.);
#2946=ORIENTED_EDGE('',*,*,#2142,.T.);
#2947=ORIENTED_EDGE('',*,*,#2143,.T.);
#2948=ORIENTED_EDGE('',*,*,#2144,.T.);
#2949=ORIENTED_EDGE('',*,*,#1824,.T.);
#2950=ORIENTED_EDGE('',*,*,#2012,.T.);
#2951=ORIENTED_EDGE('',*,*,#2145,.F.);
#2952=ORIENTED_EDGE('',*,*,#2017,.T.);
#2953=ORIENTED_EDGE('',*,*,#2146,.T.);
#2954=ORIENTED_EDGE('',*,*,#2147,.F.);
#2955=ORIENTED_EDGE('',*,*,#1886,.T.);
#2956=ORIENTED_EDGE('',*,*,#1936,.T.);
#2957=ORIENTED_EDGE('',*,*,#2015,.T.);
#2958=ORIENTED_EDGE('',*,*,#2148,.T.);
#2959=ORIENTED_EDGE('',*,*,#2010,.T.);
#2960=ORIENTED_EDGE('',*,*,#2149,.T.);
#2961=ORIENTED_EDGE('',*,*,#2014,.T.);
#2962=ORIENTED_EDGE('',*,*,#2145,.T.);
#2963=ORIENTED_EDGE('',*,*,#2011,.T.);
#2964=ORIENTED_EDGE('',*,*,#2148,.F.);
#2965=ORIENTED_EDGE('',*,*,#2026,.T.);
#2966=ORIENTED_EDGE('',*,*,#2150,.T.);
#2967=ORIENTED_EDGE('',*,*,#2033,.T.);
#2968=ORIENTED_EDGE('',*,*,#2151,.F.);
#2969=ORIENTED_EDGE('',*,*,#2028,.T.);
#2970=ORIENTED_EDGE('',*,*,#2152,.F.);
#2971=ORIENTED_EDGE('',*,*,#2031,.T.);
#2972=ORIENTED_EDGE('',*,*,#2153,.F.);
#2973=ORIENTED_EDGE('',*,*,#2154,.F.);
#2974=ORIENTED_EDGE('',*,*,#1847,.F.);
#2975=ORIENTED_EDGE('',*,*,#2155,.F.);
#2976=ORIENTED_EDGE('',*,*,#2146,.F.);
#2977=ORIENTED_EDGE('',*,*,#2016,.T.);
#2978=ORIENTED_EDGE('',*,*,#2149,.F.);
#2979=ORIENTED_EDGE('',*,*,#2009,.T.);
#2980=ORIENTED_EDGE('',*,*,#2156,.F.);
#2981=ORIENTED_EDGE('',*,*,#2157,.F.);
#2982=ORIENTED_EDGE('',*,*,#2158,.F.);
#2983=ORIENTED_EDGE('',*,*,#2159,.F.);
#2984=ORIENTED_EDGE('',*,*,#2139,.F.);
#2985=ORIENTED_EDGE('',*,*,#2114,.T.);
#2986=ORIENTED_EDGE('',*,*,#2123,.T.);
#2987=ORIENTED_EDGE('',*,*,#2120,.T.);
#2988=ORIENTED_EDGE('',*,*,#2117,.T.);
#2989=ORIENTED_EDGE('',*,*,#2101,.T.);
#2990=ORIENTED_EDGE('',*,*,#2105,.T.);
#2991=ORIENTED_EDGE('',*,*,#2108,.T.);
#2992=ORIENTED_EDGE('',*,*,#2111,.T.);
#2993=ORIENTED_EDGE('',*,*,#2125,.T.);
#2994=ORIENTED_EDGE('',*,*,#2128,.T.);
#2995=ORIENTED_EDGE('',*,*,#2131,.T.);
#2996=ORIENTED_EDGE('',*,*,#2134,.T.);
#2997=ORIENTED_EDGE('',*,*,#2030,.T.);
#2998=ORIENTED_EDGE('',*,*,#1937,.T.);
#2999=ORIENTED_EDGE('',*,*,#1852,.T.);
#3000=ORIENTED_EDGE('',*,*,#2160,.T.);
#3001=ORIENTED_EDGE('',*,*,#2153,.T.);
#3002=ORIENTED_EDGE('',*,*,#2027,.T.);
#3003=ORIENTED_EDGE('',*,*,#2151,.T.);
#3004=ORIENTED_EDGE('',*,*,#2032,.T.);
#3005=ORIENTED_EDGE('',*,*,#2152,.T.);
#3006=ORIENTED_EDGE('',*,*,#1893,.T.);
#3007=ORIENTED_EDGE('',*,*,#1758,.T.);
#3008=ORIENTED_EDGE('',*,*,#2161,.T.);
#3009=ORIENTED_EDGE('',*,*,#2162,.F.);
#3010=ORIENTED_EDGE('',*,*,#2163,.T.);
#3011=ORIENTED_EDGE('',*,*,#1854,.F.);
#3012=ORIENTED_EDGE('',*,*,#1920,.F.);
#3013=ORIENTED_EDGE('',*,*,#1798,.T.);
#3014=ORIENTED_EDGE('',*,*,#1917,.F.);
#3015=ORIENTED_EDGE('',*,*,#1944,.F.);
#3016=ORIENTED_EDGE('',*,*,#2164,.F.);
#3017=ORIENTED_EDGE('',*,*,#2165,.F.);
#3018=ORIENTED_EDGE('',*,*,#2166,.F.);
#3019=ORIENTED_EDGE('',*,*,#1804,.T.);
#3020=ORIENTED_EDGE('',*,*,#2144,.F.);
#3021=ORIENTED_EDGE('',*,*,#2167,.F.);
#3022=ORIENTED_EDGE('',*,*,#2168,.F.);
#3023=ORIENTED_EDGE('',*,*,#1825,.T.);
#3024=ORIENTED_EDGE('',*,*,#1932,.F.);
#3025=ORIENTED_EDGE('',*,*,#1819,.T.);
#3026=ORIENTED_EDGE('',*,*,#1924,.F.);
#3027=ORIENTED_EDGE('',*,*,#1976,.F.);
#3028=ORIENTED_EDGE('',*,*,#1940,.F.);
#3029=ORIENTED_EDGE('',*,*,#1943,.F.);
#3030=ORIENTED_EDGE('',*,*,#1945,.F.);
#3031=ORIENTED_EDGE('',*,*,#1833,.T.);
#3032=ORIENTED_EDGE('',*,*,#2142,.F.);
#3033=ORIENTED_EDGE('',*,*,#1827,.T.);
#3034=ORIENTED_EDGE('',*,*,#2169,.F.);
#3035=ORIENTED_EDGE('',*,*,#2170,.F.);
#3036=ORIENTED_EDGE('',*,*,#2171,.F.);
#3037=ORIENTED_EDGE('',*,*,#1806,.T.);
#3038=ORIENTED_EDGE('',*,*,#2172,.F.);
#3039=ORIENTED_EDGE('',*,*,#2173,.F.);
#3040=ORIENTED_EDGE('',*,*,#1963,.F.);
#3041=ORIENTED_EDGE('',*,*,#1966,.F.);
#3042=ORIENTED_EDGE('',*,*,#1977,.F.);
#3043=ORIENTED_EDGE('',*,*,#1812,.T.);
#3044=ORIENTED_EDGE('',*,*,#1717,.F.);
#3045=ORIENTED_EDGE('',*,*,#1836,.F.);
#3046=ORIENTED_EDGE('',*,*,#1904,.T.);
#3047=ORIENTED_EDGE('',*,*,#1873,.T.);
#3048=ORIENTED_EDGE('',*,*,#2168,.T.);
#3049=ORIENTED_EDGE('',*,*,#2174,.T.);
#3050=ORIENTED_EDGE('',*,*,#2169,.T.);
#3051=ORIENTED_EDGE('',*,*,#1826,.F.);
#3052=ORIENTED_EDGE('',*,*,#2025,.T.);
#3053=ORIENTED_EDGE('',*,*,#1807,.T.);
#3054=ORIENTED_EDGE('',*,*,#2171,.T.);
#3055=ORIENTED_EDGE('',*,*,#2175,.T.);
#3056=ORIENTED_EDGE('',*,*,#2164,.T.);
#3057=ORIENTED_EDGE('',*,*,#1803,.T.);
#3058=ORIENTED_EDGE('',*,*,#2034,.T.);
#3059=ORIENTED_EDGE('',*,*,#2150,.F.);
#3060=ORIENTED_EDGE('',*,*,#2167,.T.);
#3061=ORIENTED_EDGE('',*,*,#2143,.F.);
#3062=ORIENTED_EDGE('',*,*,#2170,.T.);
#3063=ORIENTED_EDGE('',*,*,#2174,.F.);
#3064=ORIENTED_EDGE('',*,*,#1721,.F.);
#3065=ORIENTED_EDGE('',*,*,#1815,.F.);
#3066=ORIENTED_EDGE('',*,*,#1912,.T.);
#3067=ORIENTED_EDGE('',*,*,#1967,.T.);
#3068=ORIENTED_EDGE('',*,*,#1707,.T.);
#3069=ORIENTED_EDGE('',*,*,#1760,.T.);
#3070=ORIENTED_EDGE('',*,*,#1892,.T.);
#3071=ORIENTED_EDGE('',*,*,#1795,.F.);
#3072=ORIENTED_EDGE('',*,*,#2019,.F.);
#3073=ORIENTED_EDGE('',*,*,#2024,.F.);
#3074=ORIENTED_EDGE('',*,*,#1969,.T.);
#3075=ORIENTED_EDGE('',*,*,#2138,.T.);
#3076=ORIENTED_EDGE('',*,*,#2176,.F.);
#3077=ORIENTED_EDGE('',*,*,#1926,.F.);
#3078=ORIENTED_EDGE('',*,*,#1975,.T.);
#3079=ORIENTED_EDGE('',*,*,#2023,.T.);
#3080=ORIENTED_EDGE('',*,*,#2177,.F.);
#3081=ORIENTED_EDGE('',*,*,#2161,.F.);
#3082=ORIENTED_EDGE('',*,*,#1757,.T.);
#3083=ORIENTED_EDGE('',*,*,#2041,.T.);
#3084=ORIENTED_EDGE('',*,*,#2038,.F.);
#3085=ORIENTED_EDGE('',*,*,#2042,.F.);
#3086=ORIENTED_EDGE('',*,*,#1876,.T.);
#3087=ORIENTED_EDGE('',*,*,#2141,.T.);
#3088=ORIENTED_EDGE('',*,*,#2166,.T.);
#3089=ORIENTED_EDGE('',*,*,#2178,.T.);
#3090=ORIENTED_EDGE('',*,*,#2172,.T.);
#3091=ORIENTED_EDGE('',*,*,#1805,.F.);
#3092=ORIENTED_EDGE('',*,*,#2165,.T.);
#3093=ORIENTED_EDGE('',*,*,#2175,.F.);
#3094=ORIENTED_EDGE('',*,*,#2173,.T.);
#3095=ORIENTED_EDGE('',*,*,#2178,.F.);
#3096=ORIENTED_EDGE('',*,*,#2006,.T.);
#3097=ORIENTED_EDGE('',*,*,#2179,.F.);
#3098=ORIENTED_EDGE('',*,*,#2162,.T.);
#3099=ORIENTED_EDGE('',*,*,#2177,.T.);
#3100=ORIENTED_EDGE('',*,*,#2040,.T.);
#3101=ORIENTED_EDGE('',*,*,#2000,.T.);
#3102=ORIENTED_EDGE('',*,*,#2180,.F.);
#3103=ORIENTED_EDGE('',*,*,#1927,.T.);
#3104=ORIENTED_EDGE('',*,*,#2176,.T.);
#3105=ORIENTED_EDGE('',*,*,#2022,.T.);
#3106=ORIENTED_EDGE('',*,*,#2005,.T.);
#3107=ORIENTED_EDGE('',*,*,#1855,.F.);
#3108=ORIENTED_EDGE('',*,*,#2163,.F.);
#3109=ORIENTED_EDGE('',*,*,#2179,.T.);
#3110=ORIENTED_EDGE('',*,*,#1984,.T.);
#3111=ORIENTED_EDGE('',*,*,#2021,.T.);
#3112=ORIENTED_EDGE('',*,*,#2137,.T.);
#3113=ORIENTED_EDGE('',*,*,#1953,.F.);
#3114=ORIENTED_EDGE('',*,*,#1999,.T.);
#3115=ORIENTED_EDGE('',*,*,#1949,.F.);
#3116=ORIENTED_EDGE('',*,*,#1928,.F.);
#3117=ORIENTED_EDGE('',*,*,#2180,.T.);
#3118=ORIENTED_EDGE('',*,*,#2181,.T.);
#3119=ORIENTED_EDGE('',*,*,#2182,.F.);
#3120=ORIENTED_EDGE('',*,*,#2183,.F.);
#3121=ORIENTED_EDGE('',*,*,#1789,.T.);
#3122=ORIENTED_EDGE('',*,*,#2184,.T.);
#3123=ORIENTED_EDGE('',*,*,#2185,.F.);
#3124=ORIENTED_EDGE('',*,*,#2181,.F.);
#3125=ORIENTED_EDGE('',*,*,#1788,.T.);
#3126=ORIENTED_EDGE('',*,*,#2186,.T.);
#3127=ORIENTED_EDGE('',*,*,#2187,.F.);
#3128=ORIENTED_EDGE('',*,*,#2184,.F.);
#3129=ORIENTED_EDGE('',*,*,#1787,.T.);
#3130=ORIENTED_EDGE('',*,*,#2188,.T.);
#3131=ORIENTED_EDGE('',*,*,#2189,.F.);
#3132=ORIENTED_EDGE('',*,*,#2186,.F.);
#3133=ORIENTED_EDGE('',*,*,#1786,.T.);
#3134=ORIENTED_EDGE('',*,*,#2008,.T.);
#3135=ORIENTED_EDGE('',*,*,#1960,.T.);
#3136=ORIENTED_EDGE('',*,*,#1959,.T.);
#3137=ORIENTED_EDGE('',*,*,#2190,.T.);
#3138=ORIENTED_EDGE('',*,*,#2156,.T.);
#3139=ORIENTED_EDGE('',*,*,#1958,.T.);
#3140=ORIENTED_EDGE('',*,*,#2191,.T.);
#3141=ORIENTED_EDGE('',*,*,#2157,.T.);
#3142=ORIENTED_EDGE('',*,*,#2190,.F.);
#3143=ORIENTED_EDGE('',*,*,#1957,.T.);
#3144=ORIENTED_EDGE('',*,*,#2192,.T.);
#3145=ORIENTED_EDGE('',*,*,#2158,.T.);
#3146=ORIENTED_EDGE('',*,*,#2191,.F.);
#3147=ORIENTED_EDGE('',*,*,#1956,.T.);
#3148=ORIENTED_EDGE('',*,*,#2140,.T.);
#3149=ORIENTED_EDGE('',*,*,#2159,.T.);
#3150=ORIENTED_EDGE('',*,*,#2192,.F.);
#3151=ORIENTED_EDGE('',*,*,#1851,.T.);
#3152=ORIENTED_EDGE('',*,*,#1848,.T.);
#3153=ORIENTED_EDGE('',*,*,#2154,.T.);
#3154=ORIENTED_EDGE('',*,*,#2160,.F.);
#3155=ORIENTED_EDGE('',*,*,#1887,.T.);
#3156=ORIENTED_EDGE('',*,*,#2147,.T.);
#3157=ORIENTED_EDGE('',*,*,#2155,.T.);
#3158=ORIENTED_EDGE('',*,*,#1846,.F.);
#3159=ORIENTED_EDGE('',*,*,#2183,.T.);
#3160=ORIENTED_EDGE('',*,*,#2193,.F.);
#3161=ORIENTED_EDGE('',*,*,#2194,.F.);
#3162=ORIENTED_EDGE('',*,*,#1790,.T.);
#3163=ORIENTED_EDGE('',*,*,#2194,.T.);
#3164=ORIENTED_EDGE('',*,*,#2195,.F.);
#3165=ORIENTED_EDGE('',*,*,#2196,.F.);
#3166=ORIENTED_EDGE('',*,*,#1783,.T.);
#3167=ORIENTED_EDGE('',*,*,#2196,.T.);
#3168=ORIENTED_EDGE('',*,*,#2197,.F.);
#3169=ORIENTED_EDGE('',*,*,#2198,.F.);
#3170=ORIENTED_EDGE('',*,*,#1784,.T.);
#3171=ORIENTED_EDGE('',*,*,#2198,.T.);
#3172=ORIENTED_EDGE('',*,*,#2199,.F.);
#3173=ORIENTED_EDGE('',*,*,#2188,.F.);
#3174=ORIENTED_EDGE('',*,*,#1785,.T.);
#3175=ORIENTED_EDGE('',*,*,#2189,.T.);
#3176=ORIENTED_EDGE('',*,*,#2199,.T.);
#3177=ORIENTED_EDGE('',*,*,#2197,.T.);
#3178=ORIENTED_EDGE('',*,*,#2195,.T.);
#3179=ORIENTED_EDGE('',*,*,#2193,.T.);
#3180=ORIENTED_EDGE('',*,*,#2182,.T.);
#3181=ORIENTED_EDGE('',*,*,#2185,.T.);
#3182=ORIENTED_EDGE('',*,*,#2187,.T.);
#3183=ORIENTED_EDGE('',*,*,#2075,.T.);
#3184=ORIENTED_EDGE('',*,*,#2069,.T.);
#3185=ORIENTED_EDGE('',*,*,#2065,.T.);
#3186=ORIENTED_EDGE('',*,*,#2061,.T.);
#3187=ORIENTED_EDGE('',*,*,#2057,.T.);
#3188=CYLINDRICAL_SURFACE('',#3451,0.220000000000001);
#3189=CYLINDRICAL_SURFACE('',#3454,0.220000000000001);
#3190=CYLINDRICAL_SURFACE('',#3457,0.220000000000001);
#3191=CYLINDRICAL_SURFACE('',#3460,0.220000000000001);
#3192=CYLINDRICAL_SURFACE('',#3540,0.5);
#3193=CYLINDRICAL_SURFACE('',#3543,0.5);
#3194=CYLINDRICAL_SURFACE('',#3548,0.5);
#3195=CYLINDRICAL_SURFACE('',#3551,0.5);
#3196=CYLINDRICAL_SURFACE('',#3595,0.1);
#3197=CYLINDRICAL_SURFACE('',#3606,0.1);
#3198=CYLINDRICAL_SURFACE('',#3609,0.0999999999999996);
#3199=CYLINDRICAL_SURFACE('',#3613,0.0999999999999996);
#3200=CYLINDRICAL_SURFACE('',#3615,0.45);
#3201=CYLINDRICAL_SURFACE('',#3618,0.45);
#3202=CYLINDRICAL_SURFACE('',#3626,0.45);
#3203=CYLINDRICAL_SURFACE('',#3629,0.45);
#3204=CYLINDRICAL_SURFACE('',#3632,0.4);
#3205=CYLINDRICAL_SURFACE('',#3638,0.21);
#3206=CYLINDRICAL_SURFACE('',#3642,0.21);
#3207=CYLINDRICAL_SURFACE('',#3646,0.21);
#3208=CYLINDRICAL_SURFACE('',#3650,0.21);
#3209=CYLINDRICAL_SURFACE('',#3654,0.32);
#3210=CYLINDRICAL_SURFACE('',#3659,0.32);
#3211=CYLINDRICAL_SURFACE('',#3664,0.32);
#3212=CYLINDRICAL_SURFACE('',#3669,0.32);
#3213=CYLINDRICAL_SURFACE('',#3674,0.17);
#3214=CYLINDRICAL_SURFACE('',#3675,0.17);
#3215=CYLINDRICAL_SURFACE('',#3676,0.17);
#3216=CYLINDRICAL_SURFACE('',#3677,0.17);
#3217=CYLINDRICAL_SURFACE('',#3683,0.1);
#3218=CYLINDRICAL_SURFACE('',#3686,0.1);
#3219=CYLINDRICAL_SURFACE('',#3689,0.1);
#3220=CYLINDRICAL_SURFACE('',#3692,0.1);
#3221=CYLINDRICAL_SURFACE('',#3695,0.15);
#3222=CYLINDRICAL_SURFACE('',#3699,0.15);
#3223=CYLINDRICAL_SURFACE('',#3703,0.15);
#3224=CYLINDRICAL_SURFACE('',#3707,0.15);
#3225=CYLINDRICAL_SURFACE('',#3711,0.45);
#3226=CYLINDRICAL_SURFACE('',#3715,0.45);
#3227=CYLINDRICAL_SURFACE('',#3719,0.45);
#3228=CYLINDRICAL_SURFACE('',#3723,0.45);
#3229=CYLINDRICAL_SURFACE('',#3743,0.5);
#3230=CYLINDRICAL_SURFACE('',#3744,0.5);
#3231=CYLINDRICAL_SURFACE('',#3746,0.5);
#3232=CYLINDRICAL_SURFACE('',#3748,0.5);
#3233=CYLINDRICAL_SURFACE('',#3749,0.5);
#3234=CYLINDRICAL_SURFACE('',#3750,0.5);
#3235=CYLINDRICAL_SURFACE('',#3752,0.5);
#3236=CYLINDRICAL_SURFACE('',#3754,0.5);
#3237=CYLINDRICAL_SURFACE('',#3761,0.1);
#3238=CYLINDRICAL_SURFACE('',#3762,0.0999999999999996);
#3239=CYLINDRICAL_SURFACE('',#3764,0.0999999999999996);
#3240=CYLINDRICAL_SURFACE('',#3766,0.1);
#3241=CYLINDRICAL_SURFACE('',#3773,0.399999999999999);
#3242=CYLINDRICAL_SURFACE('',#3774,0.4);
#3243=CYLINDRICAL_SURFACE('',#3775,0.399999999999999);
#3244=CYLINDRICAL_SURFACE('',#3777,0.5);
#3245=CYLINDRICAL_SURFACE('',#3780,0.5);
#3246=CYLINDRICAL_SURFACE('',#3783,0.25);
#3247=CYLINDRICAL_SURFACE('',#3785,0.25);
#3248=CYLINDRICAL_SURFACE('',#3786,0.25);
#3249=CYLINDRICAL_SURFACE('',#3787,0.25);
#3250=CYLINDRICAL_SURFACE('',#3788,0.5);
#3251=CYLINDRICAL_SURFACE('',#3791,0.5);
#3252=ADVANCED_FACE('',(#161),#3188,.T.);
#3253=ADVANCED_FACE('',(#162),#3189,.T.);
#3254=ADVANCED_FACE('',(#163),#3190,.T.);
#3255=ADVANCED_FACE('',(#164),#3191,.T.);
#3256=ADVANCED_FACE('',(#165),#41,.T.);
#3257=ADVANCED_FACE('',(#166),#42,.T.);
#3258=ADVANCED_FACE('',(#167),#43,.F.);
#3259=ADVANCED_FACE('',(#168),#44,.T.);
#3260=ADVANCED_FACE('',(#169),#45,.T.);
#3261=ADVANCED_FACE('',(#170),#46,.T.);
#3262=ADVANCED_FACE('',(#171),#47,.T.);
#3263=ADVANCED_FACE('',(#172),#48,.T.);
#3264=ADVANCED_FACE('',(#173),#49,.T.);
#3265=ADVANCED_FACE('',(#174),#50,.T.);
#3266=ADVANCED_FACE('',(#175),#51,.T.);
#3267=ADVANCED_FACE('',(#176),#52,.F.);
#3268=ADVANCED_FACE('',(#177),#53,.F.);
#3269=ADVANCED_FACE('',(#178),#54,.F.);
#3270=ADVANCED_FACE('',(#179),#55,.T.);
#3271=ADVANCED_FACE('',(#180),#56,.T.);
#3272=ADVANCED_FACE('',(#181),#57,.T.);
#3273=ADVANCED_FACE('',(#182,#17,#18,#19,#20,#21),#58,.F.);
#3274=ADVANCED_FACE('',(#183),#59,.F.);
#3275=ADVANCED_FACE('',(#184),#60,.T.);
#3276=ADVANCED_FACE('',(#185),#61,.T.);
#3277=ADVANCED_FACE('',(#186),#62,.F.);
#3278=ADVANCED_FACE('',(#187),#63,.T.);
#3279=ADVANCED_FACE('',(#188),#64,.T.);
#3280=ADVANCED_FACE('',(#189),#65,.T.);
#3281=ADVANCED_FACE('',(#190),#66,.T.);
#3282=ADVANCED_FACE('',(#191),#67,.T.);
#3283=ADVANCED_FACE('',(#192),#68,.T.);
#3284=ADVANCED_FACE('',(#193),#69,.T.);
#3285=ADVANCED_FACE('',(#194),#70,.T.);
#3286=ADVANCED_FACE('',(#195),#71,.F.);
#3287=ADVANCED_FACE('',(#196),#72,.T.);
#3288=ADVANCED_FACE('',(#197),#73,.T.);
#3289=ADVANCED_FACE('',(#198),#74,.T.);
#3290=ADVANCED_FACE('',(#199),#75,.T.);
#3291=ADVANCED_FACE('',(#200),#3192,.F.);
#3292=ADVANCED_FACE('',(#201),#3193,.F.);
#3293=ADVANCED_FACE('',(#202),#3194,.F.);
#3294=ADVANCED_FACE('',(#203),#3195,.F.);
#3295=ADVANCED_FACE('',(#204),#76,.T.);
#3296=ADVANCED_FACE('',(#205),#77,.T.);
#3297=ADVANCED_FACE('',(#206),#78,.T.);
#3298=ADVANCED_FACE('',(#207),#79,.T.);
#3299=ADVANCED_FACE('',(#208),#80,.T.);
#3300=ADVANCED_FACE('',(#209),#81,.T.);
#3301=ADVANCED_FACE('',(#210),#82,.T.);
#3302=ADVANCED_FACE('',(#211),#83,.T.);
#3303=ADVANCED_FACE('',(#212),#84,.T.);
#3304=ADVANCED_FACE('',(#213),#85,.F.);
#3305=ADVANCED_FACE('',(#214),#86,.F.);
#3306=ADVANCED_FACE('',(#215),#87,.T.);
#3307=ADVANCED_FACE('',(#216),#88,.T.);
#3308=ADVANCED_FACE('',(#217),#89,.T.);
#3309=ADVANCED_FACE('',(#218),#90,.T.);
#3310=ADVANCED_FACE('',(#219),#91,.T.);
#3311=ADVANCED_FACE('',(#220),#92,.F.);
#3312=ADVANCED_FACE('',(#221),#93,.F.);
#3313=ADVANCED_FACE('',(#222),#94,.F.);
#3314=ADVANCED_FACE('',(#223),#95,.T.);
#3315=ADVANCED_FACE('',(#224),#96,.F.);
#3316=ADVANCED_FACE('',(#225),#3196,.F.);
#3317=ADVANCED_FACE('',(#226),#97,.F.);
#3318=ADVANCED_FACE('',(#227),#98,.F.);
#3319=ADVANCED_FACE('',(#228),#99,.F.);
#3320=ADVANCED_FACE('',(#229),#100,.F.);
#3321=ADVANCED_FACE('',(#230),#101,.F.);
#3322=ADVANCED_FACE('',(#231),#3197,.F.);
#3323=ADVANCED_FACE('',(#232),#102,.F.);
#3324=ADVANCED_FACE('',(#233),#3198,.F.);
#3325=ADVANCED_FACE('',(#234),#103,.F.);
#3326=ADVANCED_FACE('',(#235),#104,.F.);
#3327=ADVANCED_FACE('',(#236),#3199,.F.);
#3328=ADVANCED_FACE('',(#237),#3200,.T.);
#3329=ADVANCED_FACE('',(#238),#3201,.T.);
#3330=ADVANCED_FACE('',(#239),#105,.F.);
#3331=ADVANCED_FACE('',(#240),#106,.T.);
#3332=ADVANCED_FACE('',(#241),#107,.T.);
#3333=ADVANCED_FACE('',(#242),#3202,.T.);
#3334=ADVANCED_FACE('',(#243),#3203,.T.);
#3335=ADVANCED_FACE('',(#244),#3204,.F.);
#3336=ADVANCED_FACE('',(#245),#108,.F.);
#3337=ADVANCED_FACE('',(#246),#109,.T.);
#3338=ADVANCED_FACE('',(#247),#110,.T.);
#3339=ADVANCED_FACE('',(#248),#3205,.F.);
#3340=ADVANCED_FACE('',(#249),#111,.F.);
#3341=ADVANCED_FACE('',(#250),#3206,.F.);
#3342=ADVANCED_FACE('',(#251),#112,.F.);
#3343=ADVANCED_FACE('',(#252),#3207,.F.);
#3344=ADVANCED_FACE('',(#253),#113,.F.);
#3345=ADVANCED_FACE('',(#254),#3208,.F.);
#3346=ADVANCED_FACE('',(#255),#114,.F.);
#3347=ADVANCED_FACE('',(#256),#3209,.F.);
#3348=ADVANCED_FACE('',(#257,#22),#115,.T.);
#3349=ADVANCED_FACE('',(#258),#3210,.F.);
#3350=ADVANCED_FACE('',(#259,#23),#116,.T.);
#3351=ADVANCED_FACE('',(#260),#3211,.F.);
#3352=ADVANCED_FACE('',(#261,#24),#117,.T.);
#3353=ADVANCED_FACE('',(#262),#3212,.F.);
#3354=ADVANCED_FACE('',(#263,#25),#118,.T.);
#3355=ADVANCED_FACE('',(#264),#3213,.F.);
#3356=ADVANCED_FACE('',(#265),#3214,.F.);
#3357=ADVANCED_FACE('',(#266),#3215,.F.);
#3358=ADVANCED_FACE('',(#267),#3216,.F.);
#3359=ADVANCED_FACE('',(#268),#16,.F.);
#3360=ADVANCED_FACE('',(#269),#119,.F.);
#3361=ADVANCED_FACE('',(#270),#3217,.F.);
#3362=ADVANCED_FACE('',(#271),#120,.F.);
#3363=ADVANCED_FACE('',(#272),#3218,.F.);
#3364=ADVANCED_FACE('',(#273),#121,.F.);
#3365=ADVANCED_FACE('',(#274),#3219,.F.);
#3366=ADVANCED_FACE('',(#275),#122,.F.);
#3367=ADVANCED_FACE('',(#276),#3220,.F.);
#3368=ADVANCED_FACE('',(#277),#123,.F.);
#3369=ADVANCED_FACE('',(#278),#3221,.F.);
#3370=ADVANCED_FACE('',(#279),#124,.F.);
#3371=ADVANCED_FACE('',(#280),#3222,.F.);
#3372=ADVANCED_FACE('',(#281),#125,.F.);
#3373=ADVANCED_FACE('',(#282),#3223,.F.);
#3374=ADVANCED_FACE('',(#283),#126,.F.);
#3375=ADVANCED_FACE('',(#284),#3224,.F.);
#3376=ADVANCED_FACE('',(#285,#26),#127,.F.);
#3377=ADVANCED_FACE('',(#286),#3225,.T.);
#3378=ADVANCED_FACE('',(#287,#27),#128,.F.);
#3379=ADVANCED_FACE('',(#288),#3226,.T.);
#3380=ADVANCED_FACE('',(#289,#28),#129,.F.);
#3381=ADVANCED_FACE('',(#290),#3227,.T.);
#3382=ADVANCED_FACE('',(#291,#29),#130,.F.);
#3383=ADVANCED_FACE('',(#292),#3228,.T.);
#3384=ADVANCED_FACE('',(#293,#30),#131,.F.);
#3385=ADVANCED_FACE('',(#294),#132,.T.);
#3386=ADVANCED_FACE('',(#295),#133,.F.);
#3387=ADVANCED_FACE('',(#296),#134,.T.);
#3388=ADVANCED_FACE('',(#297),#135,.T.);
#3389=ADVANCED_FACE('',(#298),#136,.F.);
#3390=ADVANCED_FACE('',(#299),#137,.F.);
#3391=ADVANCED_FACE('',(#300),#138,.T.);
#3392=ADVANCED_FACE('',(#301),#139,.T.);
#3393=ADVANCED_FACE('',(#302,#31,#32,#33,#34,#35),#140,.F.);
#3394=ADVANCED_FACE('',(#303),#141,.F.);
#3395=ADVANCED_FACE('',(#304),#142,.F.);
#3396=ADVANCED_FACE('',(#305),#143,.T.);
#3397=ADVANCED_FACE('',(#306),#3229,.F.);
#3398=ADVANCED_FACE('',(#307),#3230,.F.);
#3399=ADVANCED_FACE('',(#308),#3231,.F.);
#3400=ADVANCED_FACE('',(#309),#3232,.F.);
#3401=ADVANCED_FACE('',(#310),#3233,.F.);
#3402=ADVANCED_FACE('',(#311),#3234,.F.);
#3403=ADVANCED_FACE('',(#312),#3235,.F.);
#3404=ADVANCED_FACE('',(#313),#3236,.F.);
#3405=ADVANCED_FACE('',(#314),#144,.T.);
#3406=ADVANCED_FACE('',(#315),#145,.T.);
#3407=ADVANCED_FACE('',(#316),#146,.T.);
#3408=ADVANCED_FACE('',(#317),#147,.F.);
#3409=ADVANCED_FACE('',(#318),#148,.T.);
#3410=ADVANCED_FACE('',(#319),#149,.T.);
#3411=ADVANCED_FACE('',(#320),#3237,.F.);
#3412=ADVANCED_FACE('',(#321),#3238,.F.);
#3413=ADVANCED_FACE('',(#322),#3239,.F.);
#3414=ADVANCED_FACE('',(#323),#3240,.F.);
#3415=ADVANCED_FACE('',(#324),#150,.T.);
#3416=ADVANCED_FACE('',(#325),#151,.F.);
#3417=ADVANCED_FACE('',(#326),#152,.F.);
#3418=ADVANCED_FACE('',(#327),#153,.F.);
#3419=ADVANCED_FACE('',(#328),#3241,.F.);
#3420=ADVANCED_FACE('',(#329),#3242,.F.);
#3421=ADVANCED_FACE('',(#330),#3243,.F.);
#3422=ADVANCED_FACE('',(#331),#154,.T.);
#3423=ADVANCED_FACE('',(#332),#3244,.T.);
#3424=ADVANCED_FACE('',(#333),#155,.T.);
#3425=ADVANCED_FACE('',(#334),#3245,.T.);
#3426=ADVANCED_FACE('',(#335),#156,.F.);
#3427=ADVANCED_FACE('',(#336),#3246,.F.);
#3428=ADVANCED_FACE('',(#337),#157,.F.);
#3429=ADVANCED_FACE('',(#338),#3247,.F.);
#3430=ADVANCED_FACE('',(#339),#3248,.F.);
#3431=ADVANCED_FACE('',(#340),#3249,.F.);
#3432=ADVANCED_FACE('',(#341),#3250,.T.);
#3433=ADVANCED_FACE('',(#342),#158,.T.);
#3434=ADVANCED_FACE('',(#343),#3251,.T.);
#3435=ADVANCED_FACE('',(#344),#159,.T.);
#3436=ADVANCED_FACE('',(#345,#36,#37,#38,#39,#40),#160,.T.);
#3437=CLOSED_SHELL('',(#3252,#3253,#3254,#3255,#3256,#3257,#3258,#3259,
#3260,#3261,#3262,#3263,#3264,#3265,#3266,#3267,#3268,#3269,#3270,#3271,
#3272,#3273,#3274,#3275,#3276,#3277,#3278,#3279,#3280,#3281,#3282,#3283,
#3284,#3285,#3286,#3287,#3288,#3289,#3290,#3291,#3292,#3293,#3294,#3295,
#3296,#3297,#3298,#3299,#3300,#3301,#3302,#3303,#3304,#3305,#3306,#3307,
#3308,#3309,#3310,#3311,#3312,#3313,#3314,#3315,#3316,#3317,#3318,#3319,
#3320,#3321,#3322,#3323,#3324,#3325,#3326,#3327,#3328,#3329,#3330,#3331,
#3332,#3333,#3334,#3335,#3336,#3337,#3338,#3339,#3340,#3341,#3342,#3343,
#3344,#3345,#3346,#3347,#3348,#3349,#3350,#3351,#3352,#3353,#3354,#3355,
#3356,#3357,#3358,#3359,#3360,#3361,#3362,#3363,#3364,#3365,#3366,#3367,
#3368,#3369,#3370,#3371,#3372,#3373,#3374,#3375,#3376,#3377,#3378,#3379,
#3380,#3381,#3382,#3383,#3384,#3385,#3386,#3387,#3388,#3389,#3390,#3391,
#3392,#3393,#3394,#3395,#3396,#3397,#3398,#3399,#3400,#3401,#3402,#3403,
#3404,#3405,#3406,#3407,#3408,#3409,#3410,#3411,#3412,#3413,#3414,#3415,
#3416,#3417,#3418,#3419,#3420,#3421,#3422,#3423,#3424,#3425,#3426,#3427,
#3428,#3429,#3430,#3431,#3432,#3433,#3434,#3435,#3436));
#3438=DERIVED_UNIT_ELEMENT(#3440,1.);
#3439=DERIVED_UNIT_ELEMENT(#6084,-3.);
#3440=(
MASS_UNIT()
NAMED_UNIT(*)
SI_UNIT(.KILO.,.GRAM.)
);
#3441=DERIVED_UNIT((#3438,#3439));
#3442=MEASURE_REPRESENTATION_ITEM('density measure',
POSITIVE_RATIO_MEASURE(7850.),#3441);
#3443=PROPERTY_DEFINITION_REPRESENTATION(#3448,#3445);
#3444=PROPERTY_DEFINITION_REPRESENTATION(#3449,#3446);
#3445=REPRESENTATION('material name',(#3447),#6081);
#3446=REPRESENTATION('density',(#3442),#6081);
#3447=DESCRIPTIVE_REPRESENTATION_ITEM('Steel','Steel');
#3448=PROPERTY_DEFINITION('material property','material name',#6091);
#3449=PROPERTY_DEFINITION('material property','density of part',#6091);
#3450=AXIS2_PLACEMENT_3D('',#4818,#3795,#3796);
#3451=AXIS2_PLACEMENT_3D('',#4819,#3797,#3798);
#3452=AXIS2_PLACEMENT_3D('',#4822,#3799,#3800);
#3453=AXIS2_PLACEMENT_3D('',#4826,#3802,#3803);
#3454=AXIS2_PLACEMENT_3D('',#4828,#3805,#3806);
#3455=AXIS2_PLACEMENT_3D('',#4831,#3807,#3808);
#3456=AXIS2_PLACEMENT_3D('',#4835,#3810,#3811);
#3457=AXIS2_PLACEMENT_3D('',#4837,#3813,#3814);
#3458=AXIS2_PLACEMENT_3D('',#4840,#3815,#3816);
#3459=AXIS2_PLACEMENT_3D('',#4844,#3818,#3819);
#3460=AXIS2_PLACEMENT_3D('',#4846,#3821,#3822);
#3461=AXIS2_PLACEMENT_3D('',#4849,#3823,#3824);
#3462=AXIS2_PLACEMENT_3D('',#4853,#3826,#3827);
#3463=AXIS2_PLACEMENT_3D('',#4855,#3829,#3830);
#3464=AXIS2_PLACEMENT_3D('',#4861,#3834,#3835);
#3465=AXIS2_PLACEMENT_3D('',#4864,#3838,#3839);
#3466=AXIS2_PLACEMENT_3D('',#4873,#3844,#3845);
#3467=AXIS2_PLACEMENT_3D('',#4879,#3849,#3850);
#3468=AXIS2_PLACEMENT_3D('',#4883,#3853,#3854);
#3469=AXIS2_PLACEMENT_3D('',#4887,#3857,#3858);
#3470=AXIS2_PLACEMENT_3D('',#4889,#3860,#3861);
#3471=AXIS2_PLACEMENT_3D('',#4895,#3865,#3866);
#3472=AXIS2_PLACEMENT_3D('',#4903,#3871,#3872);
#3473=AXIS2_PLACEMENT_3D('',#4908,#3876,#3877);
#3474=AXIS2_PLACEMENT_3D('',#4914,#3881,#3882);
#3475=AXIS2_PLACEMENT_3D('',#4918,#3885,#3886);
#3476=AXIS2_PLACEMENT_3D('',#4922,#3888,#3889);
#3477=AXIS2_PLACEMENT_3D('',#4926,#3891,#3892);
#3478=AXIS2_PLACEMENT_3D('',#4930,#3894,#3895);
#3479=AXIS2_PLACEMENT_3D('',#4932,#3897,#3898);
#3480=AXIS2_PLACEMENT_3D('',#4962,#3914,#3915);
#3481=AXIS2_PLACEMENT_3D('',#4968,#3919,#3920);
#3482=AXIS2_PLACEMENT_3D('',#4974,#3924,#3925);
#3483=AXIS2_PLACEMENT_3D('',#4976,#3927,#3928);
#3484=AXIS2_PLACEMENT_3D('',#4981,#3930,#3931);
#3485=AXIS2_PLACEMENT_3D('',#4985,#3933,#3934);
#3486=AXIS2_PLACEMENT_3D('',#4989,#3936,#3937);
#3487=AXIS2_PLACEMENT_3D('',#4992,#3939,#3940);
#3488=AXIS2_PLACEMENT_3D('',#4994,#3941,#3942);
#3489=AXIS2_PLACEMENT_3D('',#4996,#3943,#3944);
#3490=AXIS2_PLACEMENT_3D('',#4998,#3945,#3946);
#3491=AXIS2_PLACEMENT_3D('',#5000,#3947,#3948);
#3492=AXIS2_PLACEMENT_3D('',#5004,#3950,#3951);
#3493=AXIS2_PLACEMENT_3D('',#5008,#3953,#3954);
#3494=AXIS2_PLACEMENT_3D('',#5012,#3956,#3957);
#3495=AXIS2_PLACEMENT_3D('',#5016,#3959,#3960);
#3496=AXIS2_PLACEMENT_3D('',#5020,#3962,#3963);
#3497=AXIS2_PLACEMENT_3D('',#5024,#3965,#3966);
#3498=AXIS2_PLACEMENT_3D('',#5028,#3968,#3969);
#3499=AXIS2_PLACEMENT_3D('',#5032,#3971,#3972);
#3500=AXIS2_PLACEMENT_3D('',#5036,#3974,#3975);
#3501=AXIS2_PLACEMENT_3D('',#5040,#3977,#3978);
#3502=AXIS2_PLACEMENT_3D('',#5045,#3981,#3982);
#3503=AXIS2_PLACEMENT_3D('',#5049,#3984,#3985);
#3504=AXIS2_PLACEMENT_3D('',#5053,#3987,#3988);
#3505=AXIS2_PLACEMENT_3D('',#5057,#3990,#3991);
#3506=AXIS2_PLACEMENT_3D('',#5061,#3993,#3994);
#3507=AXIS2_PLACEMENT_3D('',#5065,#3996,#3997);
#3508=AXIS2_PLACEMENT_3D('',#5069,#3999,#4000);
#3509=AXIS2_PLACEMENT_3D('',#5073,#4002,#4003);
#3510=AXIS2_PLACEMENT_3D('',#5077,#4005,#4006);
#3511=AXIS2_PLACEMENT_3D('',#5081,#4008,#4009);
#3512=AXIS2_PLACEMENT_3D('',#5090,#4015,#4016);
#3513=AXIS2_PLACEMENT_3D('',#5108,#4026,#4027);
#3514=AXIS2_PLACEMENT_3D('',#5110,#4029,#4030);
#3515=AXIS2_PLACEMENT_3D('',#5112,#4031,#4032);
#3516=AXIS2_PLACEMENT_3D('',#5116,#4034,#4035);
#3517=AXIS2_PLACEMENT_3D('',#5120,#4037,#4038);
#3518=AXIS2_PLACEMENT_3D('',#5121,#4039,#4040);
#3519=AXIS2_PLACEMENT_3D('',#5122,#4041,#4042);
#3520=AXIS2_PLACEMENT_3D('',#5131,#4047,#4048);
#3521=AXIS2_PLACEMENT_3D('',#5136,#4052,#4053);
#3522=AXIS2_PLACEMENT_3D('',#5140,#4056,#4057);
#3523=AXIS2_PLACEMENT_3D('',#5143,#4060,#4061);
#3524=AXIS2_PLACEMENT_3D('',#5144,#4062,#4063);
#3525=AXIS2_PLACEMENT_3D('',#5147,#4066,#4067);
#3526=AXIS2_PLACEMENT_3D('',#5151,#4070,#4071);
#3527=AXIS2_PLACEMENT_3D('',#5152,#4072,#4073);
#3528=AXIS2_PLACEMENT_3D('',#5154,#4075,#4076);
#3529=AXIS2_PLACEMENT_3D('',#5158,#4078,#4079);
#3530=AXIS2_PLACEMENT_3D('',#5162,#4081,#4082);
#3531=AXIS2_PLACEMENT_3D('',#5165,#4084,#4085);
#3532=AXIS2_PLACEMENT_3D('',#5166,#4086,#4087);
#3533=AXIS2_PLACEMENT_3D('',#5168,#4089,#4090);
#3534=AXIS2_PLACEMENT_3D('',#5171,#4093,#4094);
#3535=AXIS2_PLACEMENT_3D('',#5172,#4095,#4096);
#3536=AXIS2_PLACEMENT_3D('',#5174,#4097,#4098);
#3537=AXIS2_PLACEMENT_3D('',#5176,#4099,#4100);
#3538=AXIS2_PLACEMENT_3D('',#5180,#4102,#4103);
#3539=AXIS2_PLACEMENT_3D('',#5183,#4105,#4106);
#3540=AXIS2_PLACEMENT_3D('',#5184,#4107,#4108);
#3541=AXIS2_PLACEMENT_3D('',#5186,#4109,#4110);
#3542=AXIS2_PLACEMENT_3D('',#5190,#4112,#4113);
#3543=AXIS2_PLACEMENT_3D('',#5194,#4117,#4118);
#3544=AXIS2_PLACEMENT_3D('',#5197,#4119,#4120);
#3545=AXIS2_PLACEMENT_3D('',#5199,#4121,#4122);
#3546=AXIS2_PLACEMENT_3D('',#5203,#4124,#4125);
#3547=AXIS2_PLACEMENT_3D('',#5208,#4128,#4129);
#3548=AXIS2_PLACEMENT_3D('',#5210,#4131,#4132);
#3549=AXIS2_PLACEMENT_3D('',#5212,#4133,#4134);
#3550=AXIS2_PLACEMENT_3D('',#5218,#4138,#4139);
#3551=AXIS2_PLACEMENT_3D('',#5220,#4141,#4142);
#3552=AXIS2_PLACEMENT_3D('',#5223,#4143,#4144);
#3553=AXIS2_PLACEMENT_3D('',#5225,#4145,#4146);
#3554=AXIS2_PLACEMENT_3D('',#5229,#4148,#4149);
#3555=AXIS2_PLACEMENT_3D('',#5234,#4152,#4153);
#3556=AXIS2_PLACEMENT_3D('',#5236,#4155,#4156);
#3557=AXIS2_PLACEMENT_3D('',#5240,#4159,#4160);
#3558=AXIS2_PLACEMENT_3D('',#5247,#4165,#4166);
#3559=AXIS2_PLACEMENT_3D('',#5249,#4168,#4169);
#3560=AXIS2_PLACEMENT_3D('',#5253,#4172,#4173);
#3561=AXIS2_PLACEMENT_3D('',#5263,#4179,#4180);
#3562=AXIS2_PLACEMENT_3D('',#5270,#4185,#4186);
#3563=AXIS2_PLACEMENT_3D('',#5274,#4188,#4189);
#3564=AXIS2_PLACEMENT_3D('',#5276,#4191,#4192);
#3565=AXIS2_PLACEMENT_3D('',#5279,#4194,#4195);
#3566=AXIS2_PLACEMENT_3D('',#5280,#4196,#4197);
#3567=AXIS2_PLACEMENT_3D('',#5285,#4201,#4202);
#3568=AXIS2_PLACEMENT_3D('',#5288,#4204,#4205);
#3569=AXIS2_PLACEMENT_3D('',#5289,#4206,#4207);
#3570=AXIS2_PLACEMENT_3D('',#5290,#4208,#4209);
#3571=AXIS2_PLACEMENT_3D('',#5291,#4210,#4211);
#3572=AXIS2_PLACEMENT_3D('',#5293,#4213,#4214);
#3573=AXIS2_PLACEMENT_3D('',#5297,#4216,#4217);
#3574=AXIS2_PLACEMENT_3D('',#5299,#4219,#4220);
#3575=AXIS2_PLACEMENT_3D('',#5301,#4221,#4222);
#3576=AXIS2_PLACEMENT_3D('',#5303,#4223,#4224);
#3577=AXIS2_PLACEMENT_3D('',#5307,#4226,#4227);
#3578=AXIS2_PLACEMENT_3D('',#5309,#4228,#4229);
#3579=AXIS2_PLACEMENT_3D('',#5314,#4232,#4233);
#3580=AXIS2_PLACEMENT_3D('',#5318,#4235,#4236);
#3581=AXIS2_PLACEMENT_3D('',#5320,#4238,#4239);
#3582=AXIS2_PLACEMENT_3D('',#5323,#4241,#4242);
#3583=AXIS2_PLACEMENT_3D('',#5324,#4243,#4244);
#3584=AXIS2_PLACEMENT_3D('',#5329,#4248,#4249);
#3585=AXIS2_PLACEMENT_3D('',#5332,#4251,#4252);
#3586=AXIS2_PLACEMENT_3D('',#5333,#4253,#4254);
#3587=AXIS2_PLACEMENT_3D('',#5338,#4257,#4258);
#3588=AXIS2_PLACEMENT_3D('',#5342,#4260,#4261);
#3589=AXIS2_PLACEMENT_3D('',#5346,#4263,#4264);
#3590=AXIS2_PLACEMENT_3D('',#5349,#4266,#4267);
#3591=AXIS2_PLACEMENT_3D('',#5350,#4268,#4269);
#3592=AXIS2_PLACEMENT_3D('',#5351,#4270,#4271);
#3593=AXIS2_PLACEMENT_3D('',#5352,#4272,#4273);
#3594=AXIS2_PLACEMENT_3D('',#5354,#4275,#4276);
#3595=AXIS2_PLACEMENT_3D('',#5360,#4280,#4281);
#3596=AXIS2_PLACEMENT_3D('',#5365,#4284,#4285);
#3597=AXIS2_PLACEMENT_3D('',#5367,#4287,#4288);
#3598=AXIS2_PLACEMENT_3D('',#5370,#4289,#4290);
#3599=AXIS2_PLACEMENT_3D('',#5372,#4292,#4293);
#3600=AXIS2_PLACEMENT_3D('',#5375,#4294,#4295);
#3601=AXIS2_PLACEMENT_3D('',#5377,#4297,#4298);
#3602=AXIS2_PLACEMENT_3D('',#5378,#4299,#4300);
#3603=AXIS2_PLACEMENT_3D('',#5379,#4301,#4302);
#3604=AXIS2_PLACEMENT_3D('',#5382,#4303,#4304);
#3605=AXIS2_PLACEMENT_3D('',#5384,#4306,#4307);
#3606=AXIS2_PLACEMENT_3D('',#5387,#4310,#4311);
#3607=AXIS2_PLACEMENT_3D('',#5391,#4313,#4314);
#3608=AXIS2_PLACEMENT_3D('',#5393,#4316,#4317);
#3609=AXIS2_PLACEMENT_3D('',#5396,#4320,#4321);
#3610=AXIS2_PLACEMENT_3D('',#5400,#4323,#4324);
#3611=AXIS2_PLACEMENT_3D('',#5403,#4327,#4328);
#3612=AXIS2_PLACEMENT_3D('',#5404,#4329,#4330);
#3613=AXIS2_PLACEMENT_3D('',#5407,#4333,#4334);
#3614=AXIS2_PLACEMENT_3D('',#5411,#4336,#4337);
#3615=AXIS2_PLACEMENT_3D('',#5413,#4339,#4340);
#3616=AXIS2_PLACEMENT_3D('',#5417,#4342,#4343);
#3617=AXIS2_PLACEMENT_3D('',#5421,#4345,#4346);
#3618=AXIS2_PLACEMENT_3D('',#5423,#4348,#4349);
#3619=AXIS2_PLACEMENT_3D('',#5427,#4351,#4352);
#3620=AXIS2_PLACEMENT_3D('',#5431,#4354,#4355);
#3621=AXIS2_PLACEMENT_3D('',#5433,#4357,#4358);
#3622=AXIS2_PLACEMENT_3D('',#5437,#4360,#4361);
#3623=AXIS2_PLACEMENT_3D('',#5440,#4363,#4364);
#3624=AXIS2_PLACEMENT_3D('',#5441,#4365,#4366);
#3625=AXIS2_PLACEMENT_3D('',#5445,#4369,#4370);
#3626=AXIS2_PLACEMENT_3D('',#5447,#4372,#4373);
#3627=AXIS2_PLACEMENT_3D('',#5451,#4375,#4376);
#3628=AXIS2_PLACEMENT_3D('',#5455,#4378,#4379);
#3629=AXIS2_PLACEMENT_3D('',#5457,#4381,#4382);
#3630=AXIS2_PLACEMENT_3D('',#5461,#4384,#4385);
#3631=AXIS2_PLACEMENT_3D('',#5465,#4387,#4388);
#3632=AXIS2_PLACEMENT_3D('',#5467,#4390,#4391);
#3633=AXIS2_PLACEMENT_3D('',#5469,#4392,#4393);
#3634=AXIS2_PLACEMENT_3D('',#5471,#4395,#4396);
#3635=AXIS2_PLACEMENT_3D('',#5475,#4398,#4399);
#3636=AXIS2_PLACEMENT_3D('',#5477,#4401,#4402);
#3637=AXIS2_PLACEMENT_3D('',#5481,#4405,#4406);
#3638=AXIS2_PLACEMENT_3D('',#5483,#4408,#4409);
#3639=AXIS2_PLACEMENT_3D('',#5485,#4410,#4411);
#3640=AXIS2_PLACEMENT_3D('',#5488,#4413,#4414);
#3641=AXIS2_PLACEMENT_3D('',#5489,#4415,#4416);
#3642=AXIS2_PLACEMENT_3D('',#5490,#4417,#4418);
#3643=AXIS2_PLACEMENT_3D('',#5492,#4419,#4420);
#3644=AXIS2_PLACEMENT_3D('',#5495,#4422,#4423);
#3645=AXIS2_PLACEMENT_3D('',#5496,#4424,#4425);
#3646=AXIS2_PLACEMENT_3D('',#5497,#4426,#4427);
#3647=AXIS2_PLACEMENT_3D('',#5499,#4428,#4429);
#3648=AXIS2_PLACEMENT_3D('',#5502,#4431,#4432);
#3649=AXIS2_PLACEMENT_3D('',#5503,#4433,#4434);
#3650=AXIS2_PLACEMENT_3D('',#5504,#4435,#4436);
#3651=AXIS2_PLACEMENT_3D('',#5506,#4437,#4438);
#3652=AXIS2_PLACEMENT_3D('',#5509,#4440,#4441);
#3653=AXIS2_PLACEMENT_3D('',#5510,#4442,#4443);
#3654=AXIS2_PLACEMENT_3D('',#5511,#4444,#4445);
#3655=AXIS2_PLACEMENT_3D('',#5513,#4446,#4447);
#3656=AXIS2_PLACEMENT_3D('',#5516,#4449,#4450);
#3657=AXIS2_PLACEMENT_3D('',#5517,#4451,#4452);
#3658=AXIS2_PLACEMENT_3D('',#5519,#4453,#4454);
#3659=AXIS2_PLACEMENT_3D('',#5520,#4455,#4456);
#3660=AXIS2_PLACEMENT_3D('',#5522,#4457,#4458);
#3661=AXIS2_PLACEMENT_3D('',#5525,#4460,#4461);
#3662=AXIS2_PLACEMENT_3D('',#5526,#4462,#4463);
#3663=AXIS2_PLACEMENT_3D('',#5528,#4464,#4465);
#3664=AXIS2_PLACEMENT_3D('',#5529,#4466,#4467);
#3665=AXIS2_PLACEMENT_3D('',#5531,#4468,#4469);
#3666=AXIS2_PLACEMENT_3D('',#5534,#4471,#4472);
#3667=AXIS2_PLACEMENT_3D('',#5535,#4473,#4474);
#3668=AXIS2_PLACEMENT_3D('',#5537,#4475,#4476);
#3669=AXIS2_PLACEMENT_3D('',#5538,#4477,#4478);
#3670=AXIS2_PLACEMENT_3D('',#5540,#4479,#4480);
#3671=AXIS2_PLACEMENT_3D('',#5543,#4482,#4483);
#3672=AXIS2_PLACEMENT_3D('',#5544,#4484,#4485);
#3673=AXIS2_PLACEMENT_3D('',#5546,#4486,#4487);
#3674=AXIS2_PLACEMENT_3D('',#5547,#4488,#4489);
#3675=AXIS2_PLACEMENT_3D('',#5549,#4491,#4492);
#3676=AXIS2_PLACEMENT_3D('',#5551,#4494,#4495);
#3677=AXIS2_PLACEMENT_3D('',#5553,#4497,#4498);
#3678=AXIS2_PLACEMENT_3D('',#5817,#4501,#4502);
#3679=AXIS2_PLACEMENT_3D('',#5821,#4504,#4505);
#3680=AXIS2_PLACEMENT_3D('',#5825,#4507,#4508);
#3681=AXIS2_PLACEMENT_3D('',#5829,#4510,#4511);
#3682=AXIS2_PLACEMENT_3D('',#5831,#4513,#4514);
#3683=AXIS2_PLACEMENT_3D('',#5837,#4518,#4519);
#3684=AXIS2_PLACEMENT_3D('',#5840,#4521,#4522);
#3685=AXIS2_PLACEMENT_3D('',#5841,#4523,#4524);
#3686=AXIS2_PLACEMENT_3D('',#5845,#4527,#4528);
#3687=AXIS2_PLACEMENT_3D('',#5848,#4530,#4531);
#3688=AXIS2_PLACEMENT_3D('',#5849,#4532,#4533);
#3689=AXIS2_PLACEMENT_3D('',#5853,#4536,#4537);
#3690=AXIS2_PLACEMENT_3D('',#5856,#4539,#4540);
#3691=AXIS2_PLACEMENT_3D('',#5857,#4541,#4542);
#3692=AXIS2_PLACEMENT_3D('',#5861,#4545,#4546);
#3693=AXIS2_PLACEMENT_3D('',#5862,#4547,#4548);
#3694=AXIS2_PLACEMENT_3D('',#5863,#4549,#4550);
#3695=AXIS2_PLACEMENT_3D('',#5872,#4555,#4556);
#3696=AXIS2_PLACEMENT_3D('',#5874,#4557,#4558);
#3697=AXIS2_PLACEMENT_3D('',#5876,#4559,#4560);
#3698=AXIS2_PLACEMENT_3D('',#5878,#4562,#4563);
#3699=AXIS2_PLACEMENT_3D('',#5884,#4567,#4568);
#3700=AXIS2_PLACEMENT_3D('',#5886,#4569,#4570);
#3701=AXIS2_PLACEMENT_3D('',#5888,#4571,#4572);
#3702=AXIS2_PLACEMENT_3D('',#5890,#4574,#4575);
#3703=AXIS2_PLACEMENT_3D('',#5896,#4579,#4580);
#3704=AXIS2_PLACEMENT_3D('',#5898,#4581,#4582);
#3705=AXIS2_PLACEMENT_3D('',#5901,#4584,#4585);
#3706=AXIS2_PLACEMENT_3D('',#5902,#4586,#4587);
#3707=AXIS2_PLACEMENT_3D('',#5908,#4591,#4592);
#3708=AXIS2_PLACEMENT_3D('',#5909,#4593,#4594);
#3709=AXIS2_PLACEMENT_3D('',#5910,#4595,#4596);
#3710=AXIS2_PLACEMENT_3D('',#5911,#4597,#4598);
#3711=AXIS2_PLACEMENT_3D('',#5912,#4599,#4600);
#3712=AXIS2_PLACEMENT_3D('',#5914,#4601,#4602);
#3713=AXIS2_PLACEMENT_3D('',#5917,#4604,#4605);
#3714=AXIS2_PLACEMENT_3D('',#5918,#4606,#4607);
#3715=AXIS2_PLACEMENT_3D('',#5919,#4608,#4609);
#3716=AXIS2_PLACEMENT_3D('',#5921,#4610,#4611);
#3717=AXIS2_PLACEMENT_3D('',#5924,#4613,#4614);
#3718=AXIS2_PLACEMENT_3D('',#5925,#4615,#4616);
#3719=AXIS2_PLACEMENT_3D('',#5926,#4617,#4618);
#3720=AXIS2_PLACEMENT_3D('',#5928,#4619,#4620);
#3721=AXIS2_PLACEMENT_3D('',#5931,#4622,#4623);
#3722=AXIS2_PLACEMENT_3D('',#5932,#4624,#4625);
#3723=AXIS2_PLACEMENT_3D('',#5933,#4626,#4627);
#3724=AXIS2_PLACEMENT_3D('',#5935,#4628,#4629);
#3725=AXIS2_PLACEMENT_3D('',#5938,#4631,#4632);
#3726=AXIS2_PLACEMENT_3D('',#5939,#4633,#4634);
#3727=AXIS2_PLACEMENT_3D('',#5940,#4635,#4636);
#3728=AXIS2_PLACEMENT_3D('',#5943,#4639,#4640);
#3729=AXIS2_PLACEMENT_3D('',#5947,#4643,#4644);
#3730=AXIS2_PLACEMENT_3D('',#5949,#4646,#4647);
#3731=AXIS2_PLACEMENT_3D('',#5956,#4652,#4653);
#3732=AXIS2_PLACEMENT_3D('',#5960,#4656,#4657);
#3733=AXIS2_PLACEMENT_3D('',#5963,#4660,#4661);
#3734=AXIS2_PLACEMENT_3D('',#5964,#4662,#4663);
#3735=AXIS2_PLACEMENT_3D('',#5967,#4666,#4667);
#3736=AXIS2_PLACEMENT_3D('',#5971,#4670,#4671);
#3737=AXIS2_PLACEMENT_3D('',#5972,#4672,#4673);
#3738=AXIS2_PLACEMENT_3D('',#5976,#4675,#4676);
#3739=AXIS2_PLACEMENT_3D('',#5979,#4678,#4679);
#3740=AXIS2_PLACEMENT_3D('',#5980,#4680,#4681);
#3741=AXIS2_PLACEMENT_3D('',#5982,#4683,#4684);
#3742=AXIS2_PLACEMENT_3D('',#5983,#4685,#4686);
#3743=AXIS2_PLACEMENT_3D('',#5989,#4690,#4691);
#3744=AXIS2_PLACEMENT_3D('',#5990,#4692,#4693);
#3745=AXIS2_PLACEMENT_3D('',#5994,#4695,#4696);
#3746=AXIS2_PLACEMENT_3D('',#5996,#4698,#4699);
#3747=AXIS2_PLACEMENT_3D('',#5998,#4700,#4701);
#3748=AXIS2_PLACEMENT_3D('',#6000,#4703,#4704);
#3749=AXIS2_PLACEMENT_3D('',#6001,#4705,#4706);
#3750=AXIS2_PLACEMENT_3D('',#6002,#4707,#4708);
#3751=AXIS2_PLACEMENT_3D('',#6005,#4710,#4711);
#3752=AXIS2_PLACEMENT_3D('',#6006,#4712,#4713);
#3753=AXIS2_PLACEMENT_3D('',#6011,#4716,#4717);
#3754=AXIS2_PLACEMENT_3D('',#6012,#4718,#4719);
#3755=AXIS2_PLACEMENT_3D('',#6013,#4720,#4721);
#3756=AXIS2_PLACEMENT_3D('',#6014,#4722,#4723);
#3757=AXIS2_PLACEMENT_3D('',#6016,#4725,#4726);
#3758=AXIS2_PLACEMENT_3D('',#6018,#4728,#4729);
#3759=AXIS2_PLACEMENT_3D('',#6019,#4730,#4731);
#3760=AXIS2_PLACEMENT_3D('',#6020,#4732,#4733);
#3761=AXIS2_PLACEMENT_3D('',#6021,#4734,#4735);
#3762=AXIS2_PLACEMENT_3D('',#6022,#4736,#4737);
#3763=AXIS2_PLACEMENT_3D('',#6023,#4738,#4739);
#3764=AXIS2_PLACEMENT_3D('',#6024,#4740,#4741);
#3765=AXIS2_PLACEMENT_3D('',#6025,#4742,#4743);
#3766=AXIS2_PLACEMENT_3D('',#6026,#4744,#4745);
#3767=AXIS2_PLACEMENT_3D('',#6027,#4746,#4747);
#3768=AXIS2_PLACEMENT_3D('',#6029,#4749,#4750);
#3769=AXIS2_PLACEMENT_3D('',#6030,#4751,#4752);
#3770=AXIS2_PLACEMENT_3D('',#6031,#4753,#4754);
#3771=AXIS2_PLACEMENT_3D('',#6032,#4755,#4756);
#3772=AXIS2_PLACEMENT_3D('',#6033,#4757,#4758);
#3773=AXIS2_PLACEMENT_3D('',#6034,#4759,#4760);
#3774=AXIS2_PLACEMENT_3D('',#6035,#4761,#4762);
#3775=AXIS2_PLACEMENT_3D('',#6036,#4763,#4764);
#3776=AXIS2_PLACEMENT_3D('',#6037,#4765,#4766);
#3777=AXIS2_PLACEMENT_3D('',#6043,#4770,#4771);
#3778=AXIS2_PLACEMENT_3D('',#6046,#4773,#4774);
#3779=AXIS2_PLACEMENT_3D('',#6047,#4775,#4776);
#3780=AXIS2_PLACEMENT_3D('',#6051,#4779,#4780);
#3781=AXIS2_PLACEMENT_3D('',#6054,#4782,#4783);
#3782=AXIS2_PLACEMENT_3D('',#6055,#4784,#4785);
#3783=AXIS2_PLACEMENT_3D('',#6057,#4787,#4788);
#3784=AXIS2_PLACEMENT_3D('',#6059,#4790,#4791);
#3785=AXIS2_PLACEMENT_3D('',#6061,#4793,#4794);
#3786=AXIS2_PLACEMENT_3D('',#6062,#4795,#4796);
#3787=AXIS2_PLACEMENT_3D('',#6063,#4797,#4798);
#3788=AXIS2_PLACEMENT_3D('',#6064,#4799,#4800);
#3789=AXIS2_PLACEMENT_3D('',#6066,#4801,#4802);
#3790=AXIS2_PLACEMENT_3D('',#6068,#4804,#4805);
#3791=AXIS2_PLACEMENT_3D('',#6072,#4808,#4809);
#3792=AXIS2_PLACEMENT_3D('',#6074,#4810,#4811);
#3793=AXIS2_PLACEMENT_3D('',#6076,#4813,#4814);
#3794=AXIS2_PLACEMENT_3D('',#6078,#4816,#4817);
#3795=DIRECTION('axis',(0.,0.,1.));
#3796=DIRECTION('refdir',(1.,0.,0.));
#3797=DIRECTION('center_axis',(0.,0.,1.));
#3798=DIRECTION('ref_axis',(0.,-1.,0.));
#3799=DIRECTION('center_axis',(0.,0.,-1.));
#3800=DIRECTION('ref_axis',(0.,-1.,0.));
#3801=DIRECTION('',(0.,0.,-1.));
#3802=DIRECTION('center_axis',(0.,0.,-1.));
#3803=DIRECTION('ref_axis',(0.,-1.,0.));
#3804=DIRECTION('',(0.,0.,-1.));
#3805=DIRECTION('center_axis',(0.,0.,1.));
#3806=DIRECTION('ref_axis',(0.,1.,0.));
#3807=DIRECTION('center_axis',(0.,0.,-1.));
#3808=DIRECTION('ref_axis',(0.,1.,0.));
#3809=DIRECTION('',(0.,0.,-1.));
#3810=DIRECTION('center_axis',(0.,0.,-1.));
#3811=DIRECTION('ref_axis',(0.,1.,0.));
#3812=DIRECTION('',(0.,0.,-1.));
#3813=DIRECTION('center_axis',(0.,0.,1.));
#3814=DIRECTION('ref_axis',(-1.,0.,0.));
#3815=DIRECTION('center_axis',(0.,0.,-1.));
#3816=DIRECTION('ref_axis',(-1.,0.,0.));
#3817=DIRECTION('',(0.,0.,-1.));
#3818=DIRECTION('center_axis',(0.,0.,-1.));
#3819=DIRECTION('ref_axis',(-1.,0.,0.));
#3820=DIRECTION('',(0.,0.,-1.));
#3821=DIRECTION('center_axis',(0.,0.,1.));
#3822=DIRECTION('ref_axis',(1.,0.,0.));
#3823=DIRECTION('center_axis',(0.,0.,-1.));
#3824=DIRECTION('ref_axis',(1.,0.,0.));
#3825=DIRECTION('',(0.,0.,-1.));
#3826=DIRECTION('center_axis',(0.,0.,-1.));
#3827=DIRECTION('ref_axis',(1.,0.,0.));
#3828=DIRECTION('',(0.,0.,-1.));
#3829=DIRECTION('center_axis',(0.,-1.,0.));
#3830=DIRECTION('ref_axis',(1.,0.,0.));
#3831=DIRECTION('',(1.,0.,0.));
#3832=DIRECTION('',(0.,0.,-1.));
#3833=DIRECTION('',(1.,0.,0.));
#3834=DIRECTION('center_axis',(0.,1.,0.));
#3835=DIRECTION('ref_axis',(-1.,0.,0.));
#3836=DIRECTION('',(-1.,0.,0.));
#3837=DIRECTION('',(-1.,0.,0.));
#3838=DIRECTION('center_axis',(-8.54143770645087E-30,-2.42099412315024E-27,
1.));
#3839=DIRECTION('ref_axis',(1.,0.,8.54143770645087E-30));
#3840=DIRECTION('',(0.,-1.,0.));
#3841=DIRECTION('',(-1.,0.,0.));
#3842=DIRECTION('',(0.,1.,0.));
#3843=DIRECTION('',(1.,0.,0.));
#3844=DIRECTION('center_axis',(-0.707106781186544,5.71691118631931E-17,
-0.707106781186552));
#3845=DIRECTION('ref_axis',(-0.707106781186552,0.,0.707106781186544));
#3846=DIRECTION('',(-0.577350269189628,-0.577350269189628,0.577350269189622));
#3847=DIRECTION('',(0.,-1.,0.));
#3848=DIRECTION('',(-0.577350269189628,0.577350269189628,0.577350269189622));
#3849=DIRECTION('center_axis',(2.81477000884085E-17,-0.707106781186543,
-0.707106781186552));
#3850=DIRECTION('ref_axis',(-1.,0.,-3.98068592146374E-17));
#3851=DIRECTION('',(0.577350269189628,-0.577350269189628,0.577350269189622));
#3852=DIRECTION('',(1.,0.,0.));
#3853=DIRECTION('center_axis',(0.707106781186543,-5.71691118631931E-17,
-0.707106781186552));
#3854=DIRECTION('ref_axis',(-0.707106781186552,0.,-0.707106781186543));
#3855=DIRECTION('',(0.577350269189628,0.577350269189628,0.577350269189622));
#3856=DIRECTION('',(0.,1.,0.));
#3857=DIRECTION('center_axis',(-2.81477000884085E-17,0.707106781186543,
-0.707106781186552));
#3858=DIRECTION('ref_axis',(-1.,0.,3.98068592146374E-17));
#3859=DIRECTION('',(-1.,0.,0.));
#3860=DIRECTION('center_axis',(0.,-1.,0.));
#3861=DIRECTION('ref_axis',(1.,0.,0.));
#3862=DIRECTION('',(1.,0.,0.));
#3863=DIRECTION('',(0.,0.,1.));
#3864=DIRECTION('',(0.,0.,1.));
#3865=DIRECTION('center_axis',(-1.,0.,0.));
#3866=DIRECTION('ref_axis',(0.,-1.,0.));
#3867=DIRECTION('',(0.,-1.,0.));
#3868=DIRECTION('',(0.,0.,1.));
#3869=DIRECTION('',(0.,-1.,0.));
#3870=DIRECTION('',(0.,0.,1.));
#3871=DIRECTION('center_axis',(1.,0.,0.));
#3872=DIRECTION('ref_axis',(0.,1.,0.));
#3873=DIRECTION('',(0.,1.,0.));
#3874=DIRECTION('',(0.,0.,1.));
#3875=DIRECTION('',(0.,1.,0.));
#3876=DIRECTION('center_axis',(0.,-1.,0.));
#3877=DIRECTION('ref_axis',(1.,0.,0.));
#3878=DIRECTION('',(1.,0.,0.));
#3879=DIRECTION('',(0.,0.,-1.));
#3880=DIRECTION('',(1.,0.,0.));
#3881=DIRECTION('center_axis',(0.,0.,1.));
#3882=DIRECTION('ref_axis',(1.,0.,0.));
#3883=DIRECTION('',(0.,1.,0.));
#3884=DIRECTION('',(1.,0.,0.));
#3885=DIRECTION('center_axis',(0.,0.,1.));
#3886=DIRECTION('ref_axis',(1.,0.,0.));
#3887=DIRECTION('',(1.,0.,0.));
#3888=DIRECTION('center_axis',(0.,0.,1.));
#3889=DIRECTION('ref_axis',(0.,-1.,0.));
#3890=DIRECTION('',(-1.,0.,0.));
#3891=DIRECTION('center_axis',(0.,0.,-1.));
#3892=DIRECTION('ref_axis',(0.,-1.,0.));
#3893=DIRECTION('',(0.,-1.,0.));
#3894=DIRECTION('center_axis',(0.,0.,1.));
#3895=DIRECTION('ref_axis',(1.,0.,0.));
#3896=DIRECTION('',(0.,1.,0.));
#3897=DIRECTION('center_axis',(0.,-1.,0.));
#3898=DIRECTION('ref_axis',(1.,0.,0.));
#3899=DIRECTION('',(-1.,0.,0.));
#3900=DIRECTION('',(0.,0.,1.));
#3901=DIRECTION('',(0.,0.,1.));
#3902=DIRECTION('',(-1.,0.,0.));
#3903=DIRECTION('',(0.,0.,1.));
#3904=DIRECTION('',(1.,0.,0.));
#3905=DIRECTION('',(0.,0.,1.));
#3906=DIRECTION('',(-1.,0.,0.));
#3907=DIRECTION('',(0.,0.,1.));
#3908=DIRECTION('',(-1.,0.,0.));
#3909=DIRECTION('',(0.,0.,1.));
#3910=DIRECTION('',(-1.,0.,0.));
#3911=DIRECTION('',(0.,0.,1.));
#3912=DIRECTION('',(-1.,0.,0.));
#3913=DIRECTION('',(0.,0.,1.));
#3914=DIRECTION('center_axis',(-1.,0.,0.));
#3915=DIRECTION('ref_axis',(0.,-1.,0.));
#3916=DIRECTION('',(0.,1.,0.));
#3917=DIRECTION('',(0.,0.,-1.));
#3918=DIRECTION('',(0.,-1.,0.));
#3919=DIRECTION('center_axis',(1.,0.,0.));
#3920=DIRECTION('ref_axis',(0.,1.,0.));
#3921=DIRECTION('',(0.,-1.,0.));
#3922=DIRECTION('',(0.,1.,0.));
#3923=DIRECTION('',(0.,0.,1.));
#3924=DIRECTION('center_axis',(0.,0.,1.));
#3925=DIRECTION('ref_axis',(1.,0.,0.));
#3926=DIRECTION('',(-1.,0.,0.));
#3927=DIRECTION('center_axis',(0.,0.,1.));
#3928=DIRECTION('ref_axis',(1.,0.,0.));
#3929=DIRECTION('',(0.,1.,0.));
#3930=DIRECTION('center_axis',(0.,0.,1.));
#3931=DIRECTION('ref_axis',(0.,-1.,0.));
#3932=DIRECTION('',(1.,0.,0.));
#3933=DIRECTION('center_axis',(0.,0.,1.));
#3934=DIRECTION('ref_axis',(-1.,0.,0.));
#3935=DIRECTION('',(0.,-1.,0.));
#3936=DIRECTION('center_axis',(0.,0.,1.));
#3937=DIRECTION('ref_axis',(0.,1.,0.));
#3938=DIRECTION('',(-1.,0.,0.));
#3939=DIRECTION('center_axis',(0.,0.,1.));
#3940=DIRECTION('ref_axis',(1.,0.,0.));
#3941=DIRECTION('center_axis',(0.,0.,1.));
#3942=DIRECTION('ref_axis',(1.,0.,0.));
#3943=DIRECTION('center_axis',(0.,0.,1.));
#3944=DIRECTION('ref_axis',(1.,0.,0.));
#3945=DIRECTION('center_axis',(0.,0.,1.));
#3946=DIRECTION('ref_axis',(1.,0.,0.));
#3947=DIRECTION('center_axis',(0.,0.,1.));
#3948=DIRECTION('ref_axis',(1.,0.,0.));
#3949=DIRECTION('',(0.,1.,0.));
#3950=DIRECTION('center_axis',(0.,0.,1.));
#3951=DIRECTION('ref_axis',(1.,0.,0.));
#3952=DIRECTION('',(0.,1.,0.));
#3953=DIRECTION('center_axis',(0.,0.,1.));
#3954=DIRECTION('ref_axis',(1.,0.,0.));
#3955=DIRECTION('',(0.,-1.,0.));
#3956=DIRECTION('center_axis',(0.,0.,1.));
#3957=DIRECTION('ref_axis',(1.,0.,0.));
#3958=DIRECTION('',(0.,1.,0.));
#3959=DIRECTION('center_axis',(0.,0.,1.));
#3960=DIRECTION('ref_axis',(1.,0.,0.));
#3961=DIRECTION('',(0.,-1.,0.));
#3962=DIRECTION('center_axis',(0.,0.,1.));
#3963=DIRECTION('ref_axis',(1.,0.,0.));
#3964=DIRECTION('',(0.,1.,0.));
#3965=DIRECTION('center_axis',(0.,0.,1.));
#3966=DIRECTION('ref_axis',(1.,0.,0.));
#3967=DIRECTION('',(0.,-1.,0.));
#3968=DIRECTION('center_axis',(0.,0.,1.));
#3969=DIRECTION('ref_axis',(1.,0.,0.));
#3970=DIRECTION('',(0.,1.,0.));
#3971=DIRECTION('center_axis',(0.,0.,1.));
#3972=DIRECTION('ref_axis',(1.,0.,0.));
#3973=DIRECTION('',(0.,-1.,0.));
#3974=DIRECTION('center_axis',(0.,0.,1.));
#3975=DIRECTION('ref_axis',(1.,0.,0.));
#3976=DIRECTION('',(0.,1.,0.));
#3977=DIRECTION('center_axis',(0.,0.,1.));
#3978=DIRECTION('ref_axis',(1.,0.,0.));
#3979=DIRECTION('',(0.,1.,0.));
#3980=DIRECTION('',(0.,-1.,0.));
#3981=DIRECTION('center_axis',(0.,0.,1.));
#3982=DIRECTION('ref_axis',(1.,0.,0.));
#3983=DIRECTION('',(0.,-1.,0.));
#3984=DIRECTION('center_axis',(0.,0.,1.));
#3985=DIRECTION('ref_axis',(1.,0.,0.));
#3986=DIRECTION('',(0.,1.,0.));
#3987=DIRECTION('center_axis',(0.,0.,1.));
#3988=DIRECTION('ref_axis',(1.,0.,0.));
#3989=DIRECTION('',(0.,-1.,0.));
#3990=DIRECTION('center_axis',(0.,0.,1.));
#3991=DIRECTION('ref_axis',(1.,0.,0.));
#3992=DIRECTION('',(0.,1.,0.));
#3993=DIRECTION('center_axis',(0.,0.,1.));
#3994=DIRECTION('ref_axis',(1.,0.,0.));
#3995=DIRECTION('',(0.,-1.,0.));
#3996=DIRECTION('center_axis',(0.,0.,1.));
#3997=DIRECTION('ref_axis',(1.,0.,0.));
#3998=DIRECTION('',(0.,1.,0.));
#3999=DIRECTION('center_axis',(0.,0.,1.));
#4000=DIRECTION('ref_axis',(1.,0.,0.));
#4001=DIRECTION('',(0.,-1.,0.));
#4002=DIRECTION('center_axis',(0.,0.,1.));
#4003=DIRECTION('ref_axis',(1.,0.,0.));
#4004=DIRECTION('',(0.,1.,0.));
#4005=DIRECTION('center_axis',(0.,0.,1.));
#4006=DIRECTION('ref_axis',(1.,0.,0.));
#4007=DIRECTION('',(0.,-1.,0.));
#4008=DIRECTION('center_axis',(0.,0.,1.));
#4009=DIRECTION('ref_axis',(1.,0.,0.));
#4010=DIRECTION('',(0.,-1.,0.));
#4011=DIRECTION('',(1.,0.,0.));
#4012=DIRECTION('',(0.,-1.,0.));
#4013=DIRECTION('',(1.,0.,0.));
#4014=DIRECTION('',(0.,1.,0.));
#4015=DIRECTION('center_axis',(0.,-1.,0.));
#4016=DIRECTION('ref_axis',(1.,0.,0.));
#4017=DIRECTION('',(-1.,0.,0.));
#4018=DIRECTION('',(0.,0.,1.));
#4019=DIRECTION('',(-1.,0.,0.));
#4020=DIRECTION('',(0.,0.,-1.));
#4021=DIRECTION('',(-1.,0.,0.));
#4022=DIRECTION('',(0.,0.,1.));
#4023=DIRECTION('',(1.,0.,0.));
#4024=DIRECTION('',(0.,0.,1.));
#4025=DIRECTION('',(-1.,0.,0.));
#4026=DIRECTION('center_axis',(0.,0.,1.));
#4027=DIRECTION('ref_axis',(1.,0.,0.));
#4028=DIRECTION('',(0.,-1.,0.));
#4029=DIRECTION('center_axis',(0.,0.,1.));
#4030=DIRECTION('ref_axis',(1.,0.,0.));
#4031=DIRECTION('center_axis',(0.,0.,-1.));
#4032=DIRECTION('ref_axis',(0.,-1.,0.));
#4033=DIRECTION('',(0.,-1.,0.));
#4034=DIRECTION('center_axis',(0.,0.,-1.));
#4035=DIRECTION('ref_axis',(1.,0.,0.));
#4036=DIRECTION('',(0.,-1.,0.));
#4037=DIRECTION('center_axis',(0.,0.,-1.));
#4038=DIRECTION('ref_axis',(0.,-1.,0.));
#4039=DIRECTION('center_axis',(0.,0.,-1.));
#4040=DIRECTION('ref_axis',(0.,-1.,0.));
#4041=DIRECTION('center_axis',(-1.87723905636293E-31,-2.42099412315024E-27,
1.));
#4042=DIRECTION('ref_axis',(1.,0.,1.87723905636293E-31));
#4043=DIRECTION('',(0.,-1.,0.));
#4044=DIRECTION('',(-1.,0.,0.));
#4045=DIRECTION('',(0.,1.,0.));
#4046=DIRECTION('',(1.,0.,0.));
#4047=DIRECTION('center_axis',(-0.707106781186543,5.71691118631931E-17,
-0.707106781186552));
#4048=DIRECTION('ref_axis',(-0.707106781186552,0.,0.707106781186543));
#4049=DIRECTION('',(-0.577350269189628,-0.577350269189628,0.577350269189622));
#4050=DIRECTION('',(0.,-1.,0.));
#4051=DIRECTION('',(-0.577350269189628,0.577350269189628,0.577350269189622));
#4052=DIRECTION('center_axis',(2.81477000884085E-17,-0.707106781186543,
-0.707106781186552));
#4053=DIRECTION('ref_axis',(-1.,0.,-3.98068592146374E-17));
#4054=DIRECTION('',(0.577350269189628,-0.577350269189628,0.577350269189622));
#4055=DIRECTION('',(1.,0.,0.));
#4056=DIRECTION('center_axis',(0.707106781186544,-5.71691118631931E-17,
-0.707106781186552));
#4057=DIRECTION('ref_axis',(-0.707106781186552,0.,-0.707106781186544));
#4058=DIRECTION('',(0.577350269189628,0.577350269189628,0.577350269189622));
#4059=DIRECTION('',(0.,1.,0.));
#4060=DIRECTION('center_axis',(-2.81477000884085E-17,0.707106781186543,
-0.707106781186552));
#4061=DIRECTION('ref_axis',(-1.,0.,3.98068592146374E-17));
#4062=DIRECTION('center_axis',(0.,-1.,0.));
#4063=DIRECTION('ref_axis',(1.,0.,0.));
#4064=DIRECTION('',(0.,0.,1.));
#4065=DIRECTION('',(0.,0.,1.));
#4066=DIRECTION('center_axis',(-1.,0.,0.));
#4067=DIRECTION('ref_axis',(0.,-1.,0.));
#4068=DIRECTION('',(0.,0.,1.));
#4069=DIRECTION('',(0.,-1.,0.));
#4070=DIRECTION('center_axis',(1.,0.,0.));
#4071=DIRECTION('ref_axis',(0.,1.,0.));
#4072=DIRECTION('center_axis',(0.,-1.,0.));
#4073=DIRECTION('ref_axis',(1.,0.,0.));
#4074=DIRECTION('',(1.,0.,0.));
#4075=DIRECTION('center_axis',(0.,0.,1.));
#4076=DIRECTION('ref_axis',(1.,0.,0.));
#4077=DIRECTION('',(0.,-1.,0.));
#4078=DIRECTION('center_axis',(0.,0.,1.));
#4079=DIRECTION('ref_axis',(1.,0.,0.));
#4080=DIRECTION('',(0.,1.,0.));
#4081=DIRECTION('center_axis',(0.,0.,-1.));
#4082=DIRECTION('ref_axis',(-1.,0.,0.));
#4083=DIRECTION('',(-1.,0.,0.));
#4084=DIRECTION('center_axis',(0.,0.,1.));
#4085=DIRECTION('ref_axis',(-1.,0.,0.));
#4086=DIRECTION('center_axis',(1.,0.,0.));
#4087=DIRECTION('ref_axis',(0.,1.,0.));
#4088=DIRECTION('',(0.,1.,0.));
#4089=DIRECTION('center_axis',(-1.,0.,0.));
#4090=DIRECTION('ref_axis',(0.,-1.,0.));
#4091=DIRECTION('',(0.,-1.,0.));
#4092=DIRECTION('',(0.,1.,0.));
#4093=DIRECTION('center_axis',(0.,0.,1.));
#4094=DIRECTION('ref_axis',(1.,0.,0.));
#4095=DIRECTION('center_axis',(0.,0.,1.));
#4096=DIRECTION('ref_axis',(1.,0.,0.));
#4097=DIRECTION('center_axis',(0.,0.,-1.));
#4098=DIRECTION('ref_axis',(-1.,0.,0.));
#4099=DIRECTION('center_axis',(0.,0.,-1.));
#4100=DIRECTION('ref_axis',(-1.,0.,0.));
#4101=DIRECTION('',(0.,1.,0.));
#4102=DIRECTION('center_axis',(0.,0.,-1.));
#4103=DIRECTION('ref_axis',(1.,0.,0.));
#4104=DIRECTION('',(0.,1.,0.));
#4105=DIRECTION('center_axis',(0.,0.,-1.));
#4106=DIRECTION('ref_axis',(-1.,0.,0.));
#4107=DIRECTION('center_axis',(0.,0.,1.));
#4108=DIRECTION('ref_axis',(1.,0.,0.));
#4109=DIRECTION('center_axis',(0.,0.,-1.));
#4110=DIRECTION('ref_axis',(1.,0.,0.));
#4111=DIRECTION('',(0.,0.,1.));
#4112=DIRECTION('center_axis',(0.,0.,1.));
#4113=DIRECTION('ref_axis',(1.,0.,0.));
#4114=DIRECTION('',(0.,0.,-1.));
#4115=DIRECTION('',(0.,0.,1.));
#4116=DIRECTION('',(0.,0.,-1.));
#4117=DIRECTION('center_axis',(0.,0.,1.));
#4118=DIRECTION('ref_axis',(-1.,1.22464679914735E-16,0.));
#4119=DIRECTION('center_axis',(0.,0.,-1.));
#4120=DIRECTION('ref_axis',(1.,0.,0.));
#4121=DIRECTION('center_axis',(0.,0.,-1.));
#4122=DIRECTION('ref_axis',(1.,0.,0.));
#4123=DIRECTION('',(0.,0.,1.));
#4124=DIRECTION('center_axis',(0.,0.,1.));
#4125=DIRECTION('ref_axis',(1.,0.,0.));
#4126=DIRECTION('',(0.,0.,-1.));
#4127=DIRECTION('',(0.,0.,1.));
#4128=DIRECTION('center_axis',(0.,0.,1.));
#4129=DIRECTION('ref_axis',(1.,0.,0.));
#4130=DIRECTION('',(0.,0.,-1.));
#4131=DIRECTION('center_axis',(0.,0.,1.));
#4132=DIRECTION('ref_axis',(-1.,1.22464679914735E-16,0.));
#4133=DIRECTION('center_axis',(0.,0.,-1.));
#4134=DIRECTION('ref_axis',(1.,0.,0.));
#4135=DIRECTION('',(0.,0.,1.));
#4136=DIRECTION('',(0.,0.,-1.));
#4137=DIRECTION('',(0.,0.,1.));
#4138=DIRECTION('center_axis',(0.,0.,1.));
#4139=DIRECTION('ref_axis',(1.,0.,0.));
#4140=DIRECTION('',(0.,0.,-1.));
#4141=DIRECTION('center_axis',(0.,0.,1.));
#4142=DIRECTION('ref_axis',(1.,0.,0.));
#4143=DIRECTION('center_axis',(0.,0.,-1.));
#4144=DIRECTION('ref_axis',(1.,0.,0.));
#4145=DIRECTION('center_axis',(0.,0.,-1.));
#4146=DIRECTION('ref_axis',(1.,0.,0.));
#4147=DIRECTION('',(0.,0.,1.));
#4148=DIRECTION('center_axis',(0.,0.,1.));
#4149=DIRECTION('ref_axis',(1.,0.,0.));
#4150=DIRECTION('',(0.,0.,-1.));
#4151=DIRECTION('',(0.,0.,1.));
#4152=DIRECTION('center_axis',(0.,0.,1.));
#4153=DIRECTION('ref_axis',(1.,0.,0.));
#4154=DIRECTION('',(0.,0.,-1.));
#4155=DIRECTION('center_axis',(1.,0.,0.));
#4156=DIRECTION('ref_axis',(0.,1.,0.));
#4157=DIRECTION('',(0.,1.,0.));
#4158=DIRECTION('',(0.,0.,1.));
#4159=DIRECTION('center_axis',(-1.,0.,0.));
#4160=DIRECTION('ref_axis',(0.,-1.,0.));
#4161=DIRECTION('',(0.,-1.,0.));
#4162=DIRECTION('',(0.,0.,-1.));
#4163=DIRECTION('',(0.,0.,-1.));
#4164=DIRECTION('',(0.,-1.,0.));
#4165=DIRECTION('center_axis',(-1.,0.,0.));
#4166=DIRECTION('ref_axis',(0.,-1.,0.));
#4167=DIRECTION('',(0.,-1.,0.));
#4168=DIRECTION('center_axis',(-1.,0.,0.));
#4169=DIRECTION('ref_axis',(0.,-1.,0.));
#4170=DIRECTION('',(0.,-1.,0.));
#4171=DIRECTION('',(0.,0.,1.));
#4172=DIRECTION('center_axis',(1.,0.,0.));
#4173=DIRECTION('ref_axis',(0.,1.,0.));
#4174=DIRECTION('',(0.,1.,0.));
#4175=DIRECTION('',(0.,0.,1.));
#4176=DIRECTION('',(0.,1.,0.));
#4177=DIRECTION('',(0.,0.,1.));
#4178=DIRECTION('',(0.,1.,0.));
#4179=DIRECTION('center_axis',(1.,0.,0.));
#4180=DIRECTION('ref_axis',(0.,1.,0.));
#4181=DIRECTION('',(0.,1.,0.));
#4182=DIRECTION('',(0.,0.,-1.));
#4183=DIRECTION('',(0.,0.,-1.));
#4184=DIRECTION('',(0.,1.,0.));
#4185=DIRECTION('center_axis',(0.,0.,1.));
#4186=DIRECTION('ref_axis',(1.,0.,0.));
#4187=DIRECTION('',(0.,1.,0.));
#4188=DIRECTION('center_axis',(0.,0.,-1.));
#4189=DIRECTION('ref_axis',(1.,0.,0.));
#4190=DIRECTION('',(0.,1.,0.));
#4191=DIRECTION('center_axis',(0.,0.,1.));
#4192=DIRECTION('ref_axis',(1.,0.,0.));
#4193=DIRECTION('',(0.,-1.,0.));
#4194=DIRECTION('center_axis',(0.,0.,-1.));
#4195=DIRECTION('ref_axis',(1.,0.,0.));
#4196=DIRECTION('center_axis',(1.,0.,0.));
#4197=DIRECTION('ref_axis',(0.,1.,0.));
#4198=DIRECTION('',(0.,1.,0.));
#4199=DIRECTION('',(0.,0.,1.));
#4200=DIRECTION('',(0.,0.,1.));
#4201=DIRECTION('center_axis',(0.,0.,1.));
#4202=DIRECTION('ref_axis',(1.,0.,0.));
#4203=DIRECTION('',(0.,-1.,0.));
#4204=DIRECTION('center_axis',(0.,0.,1.));
#4205=DIRECTION('ref_axis',(1.,0.,0.));
#4206=DIRECTION('center_axis',(0.,0.,1.));
#4207=DIRECTION('ref_axis',(1.,0.,0.));
#4208=DIRECTION('center_axis',(0.,0.,1.));
#4209=DIRECTION('ref_axis',(1.,0.,0.));
#4210=DIRECTION('center_axis',(-1.,0.,0.));
#4211=DIRECTION('ref_axis',(0.,-1.,0.));
#4212=DIRECTION('',(0.,0.,-1.));
#4213=DIRECTION('center_axis',(0.,0.,1.));
#4214=DIRECTION('ref_axis',(1.,0.,0.));
#4215=DIRECTION('',(0.,-1.,0.));
#4216=DIRECTION('center_axis',(0.,0.,-1.));
#4217=DIRECTION('ref_axis',(1.,0.,0.));
#4218=DIRECTION('',(0.,-1.,0.));
#4219=DIRECTION('center_axis',(0.,0.,1.));
#4220=DIRECTION('ref_axis',(1.,0.,0.));
#4221=DIRECTION('center_axis',(0.,0.,-1.));
#4222=DIRECTION('ref_axis',(0.,1.,0.));
#4223=DIRECTION('center_axis',(0.,0.,-1.));
#4224=DIRECTION('ref_axis',(0.,1.,0.));
#4225=DIRECTION('',(1.,0.,0.));
#4226=DIRECTION('center_axis',(0.,0.,-1.));
#4227=DIRECTION('ref_axis',(1.,0.,0.));
#4228=DIRECTION('center_axis',(0.,0.,-1.));
#4229=DIRECTION('ref_axis',(1.,0.,0.));
#4230=DIRECTION('',(0.,-1.,0.));
#4231=DIRECTION('',(0.,-1.,0.));
#4232=DIRECTION('center_axis',(0.,0.,-1.));
#4233=DIRECTION('ref_axis',(1.,0.,0.));
#4234=DIRECTION('',(1.,0.,0.));
#4235=DIRECTION('center_axis',(0.,0.,-1.));
#4236=DIRECTION('ref_axis',(0.,1.,0.));
#4237=DIRECTION('',(0.,1.,0.));
#4238=DIRECTION('center_axis',(0.,0.,1.));
#4239=DIRECTION('ref_axis',(1.,0.,0.));
#4240=DIRECTION('',(0.,1.,0.));
#4241=DIRECTION('center_axis',(0.,0.,-1.));
#4242=DIRECTION('ref_axis',(1.,0.,0.));
#4243=DIRECTION('center_axis',(-1.,0.,0.));
#4244=DIRECTION('ref_axis',(0.,-1.,0.));
#4245=DIRECTION('',(0.,-1.,0.));
#4246=DIRECTION('',(0.,0.,1.));
#4247=DIRECTION('',(0.,0.,1.));
#4248=DIRECTION('center_axis',(0.,0.,1.));
#4249=DIRECTION('ref_axis',(1.,0.,0.));
#4250=DIRECTION('',(0.,1.,0.));
#4251=DIRECTION('center_axis',(0.,0.,1.));
#4252=DIRECTION('ref_axis',(1.,0.,0.));
#4253=DIRECTION('center_axis',(0.,0.,1.));
#4254=DIRECTION('ref_axis',(1.,0.,0.));
#4255=DIRECTION('',(0.,1.,0.));
#4256=DIRECTION('',(0.,-1.,0.));
#4257=DIRECTION('center_axis',(0.,0.,-1.));
#4258=DIRECTION('ref_axis',(1.,0.,0.));
#4259=DIRECTION('',(1.,0.,0.));
#4260=DIRECTION('center_axis',(0.,0.,1.));
#4261=DIRECTION('ref_axis',(1.,0.,0.));
#4262=DIRECTION('',(-1.,0.,0.));
#4263=DIRECTION('center_axis',(0.,0.,1.));
#4264=DIRECTION('ref_axis',(0.,1.,0.));
#4265=DIRECTION('',(1.,0.,0.));
#4266=DIRECTION('center_axis',(0.,0.,-1.));
#4267=DIRECTION('ref_axis',(0.,1.,0.));
#4268=DIRECTION('center_axis',(0.,0.,1.));
#4269=DIRECTION('ref_axis',(1.,0.,0.));
#4270=DIRECTION('center_axis',(0.,0.,1.));
#4271=DIRECTION('ref_axis',(1.,0.,0.));
#4272=DIRECTION('center_axis',(1.,0.,0.));
#4273=DIRECTION('ref_axis',(0.,1.,0.));
#4274=DIRECTION('',(0.,0.,-1.));
#4275=DIRECTION('center_axis',(-1.,0.,0.));
#4276=DIRECTION('ref_axis',(0.,-1.,0.));
#4277=DIRECTION('',(0.,0.,1.));
#4278=DIRECTION('',(0.,0.,-1.));
#4279=DIRECTION('',(0.,-1.,0.));
#4280=DIRECTION('center_axis',(0.,0.,1.));
#4281=DIRECTION('ref_axis',(1.,0.,0.));
#4282=DIRECTION('',(0.,0.,1.));
#4283=DIRECTION('',(0.,0.,-1.));
#4284=DIRECTION('center_axis',(0.,0.,1.));
#4285=DIRECTION('ref_axis',(1.,0.,0.));
#4286=DIRECTION('',(0.,0.,-1.));
#4287=DIRECTION('center_axis',(0.,0.,1.));
#4288=DIRECTION('ref_axis',(1.,0.,0.));
#4289=DIRECTION('center_axis',(0.,0.,1.));
#4290=DIRECTION('ref_axis',(1.,0.,0.));
#4291=DIRECTION('',(0.,1.,0.));
#4292=DIRECTION('center_axis',(0.,0.,1.));
#4293=DIRECTION('ref_axis',(1.,0.,0.));
#4294=DIRECTION('center_axis',(0.,0.,1.));
#4295=DIRECTION('ref_axis',(1.,0.,0.));
#4296=DIRECTION('',(0.,1.,0.));
#4297=DIRECTION('center_axis',(0.,0.,1.));
#4298=DIRECTION('ref_axis',(1.,0.,0.));
#4299=DIRECTION('center_axis',(0.,0.,1.));
#4300=DIRECTION('ref_axis',(1.,0.,0.));
#4301=DIRECTION('center_axis',(0.,0.,1.));
#4302=DIRECTION('ref_axis',(1.,0.,0.));
#4303=DIRECTION('center_axis',(0.,0.,1.));
#4304=DIRECTION('ref_axis',(1.,0.,0.));
#4305=DIRECTION('',(0.,-1.,0.));
#4306=DIRECTION('center_axis',(1.,0.,0.));
#4307=DIRECTION('ref_axis',(0.,1.,0.));
#4308=DIRECTION('',(0.,0.,1.));
#4309=DIRECTION('',(0.,0.,-1.));
#4310=DIRECTION('center_axis',(0.,0.,1.));
#4311=DIRECTION('ref_axis',(-1.,0.,0.));
#4312=DIRECTION('',(0.,0.,-1.));
#4313=DIRECTION('center_axis',(0.,0.,1.));
#4314=DIRECTION('ref_axis',(-1.,0.,0.));
#4315=DIRECTION('',(0.,0.,-1.));
#4316=DIRECTION('center_axis',(-1.,0.,0.));
#4317=DIRECTION('ref_axis',(0.,-1.,0.));
#4318=DIRECTION('',(0.,0.,1.));
#4319=DIRECTION('',(0.,0.,-1.));
#4320=DIRECTION('center_axis',(0.,0.,1.));
#4321=DIRECTION('ref_axis',(0.,1.,0.));
#4322=DIRECTION('',(0.,0.,1.));
#4323=DIRECTION('center_axis',(0.,0.,1.));
#4324=DIRECTION('ref_axis',(0.,1.,0.));
#4325=DIRECTION('',(0.,0.,1.));
#4326=DIRECTION('',(0.,0.,1.));
#4327=DIRECTION('center_axis',(0.,1.,0.));
#4328=DIRECTION('ref_axis',(-1.,0.,0.));
#4329=DIRECTION('center_axis',(1.,0.,0.));
#4330=DIRECTION('ref_axis',(0.,1.,0.));
#4331=DIRECTION('',(0.,0.,1.));
#4332=DIRECTION('',(0.,0.,-1.));
#4333=DIRECTION('center_axis',(0.,0.,1.));
#4334=DIRECTION('ref_axis',(0.,-1.,0.));
#4335=DIRECTION('',(0.,0.,1.));
#4336=DIRECTION('center_axis',(0.,0.,1.));
#4337=DIRECTION('ref_axis',(0.,-1.,0.));
#4338=DIRECTION('',(0.,0.,1.));
#4339=DIRECTION('center_axis',(0.,0.,1.));
#4340=DIRECTION('ref_axis',(1.,0.,0.));
#4341=DIRECTION('',(0.,0.,-1.));
#4342=DIRECTION('center_axis',(0.,0.,1.));
#4343=DIRECTION('ref_axis',(1.,0.,0.));
#4344=DIRECTION('',(0.,0.,1.));
#4345=DIRECTION('center_axis',(0.,0.,-1.));
#4346=DIRECTION('ref_axis',(1.,0.,0.));
#4347=DIRECTION('',(0.,0.,1.));
#4348=DIRECTION('center_axis',(0.,0.,1.));
#4349=DIRECTION('ref_axis',(1.,0.,0.));
#4350=DIRECTION('',(0.,0.,-1.));
#4351=DIRECTION('center_axis',(0.,0.,-1.));
#4352=DIRECTION('ref_axis',(1.,0.,0.));
#4353=DIRECTION('',(0.,0.,-1.));
#4354=DIRECTION('center_axis',(0.,0.,1.));
#4355=DIRECTION('ref_axis',(1.,0.,0.));
#4356=DIRECTION('',(0.,0.,1.));
#4357=DIRECTION('center_axis',(0.,0.,1.));
#4358=DIRECTION('ref_axis',(1.,0.,0.));
#4359=DIRECTION('',(1.,0.,0.));
#4360=DIRECTION('center_axis',(0.,0.,-1.));
#4361=DIRECTION('ref_axis',(1.,0.,0.));
#4362=DIRECTION('',(0.,-1.,0.));
#4363=DIRECTION('center_axis',(0.,0.,-1.));
#4364=DIRECTION('ref_axis',(1.,0.,0.));
#4365=DIRECTION('center_axis',(0.,-1.,0.));
#4366=DIRECTION('ref_axis',(1.,0.,0.));
#4367=DIRECTION('',(1.,0.,0.));
#4368=DIRECTION('',(0.,0.,1.));
#4369=DIRECTION('center_axis',(0.,-1.,0.));
#4370=DIRECTION('ref_axis',(1.,0.,0.));
#4371=DIRECTION('',(0.,0.,1.));
#4372=DIRECTION('center_axis',(0.,0.,1.));
#4373=DIRECTION('ref_axis',(-1.,1.22464679914735E-16,0.));
#4374=DIRECTION('',(0.,0.,-1.));
#4375=DIRECTION('center_axis',(0.,0.,-1.));
#4376=DIRECTION('ref_axis',(1.,0.,0.));
#4377=DIRECTION('',(0.,0.,-1.));
#4378=DIRECTION('center_axis',(0.,0.,1.));
#4379=DIRECTION('ref_axis',(1.,0.,0.));
#4380=DIRECTION('',(0.,0.,1.));
#4381=DIRECTION('center_axis',(0.,0.,1.));
#4382=DIRECTION('ref_axis',(-1.,1.22464679914735E-16,0.));
#4383=DIRECTION('',(0.,0.,-1.));
#4384=DIRECTION('center_axis',(0.,0.,1.));
#4385=DIRECTION('ref_axis',(1.,0.,0.));
#4386=DIRECTION('',(0.,0.,1.));
#4387=DIRECTION('center_axis',(0.,0.,-1.));
#4388=DIRECTION('ref_axis',(1.,0.,0.));
#4389=DIRECTION('',(0.,0.,1.));
#4390=DIRECTION('center_axis',(0.,0.,1.));
#4391=DIRECTION('ref_axis',(-1.,0.,0.));
#4392=DIRECTION('center_axis',(0.,0.,-1.));
#4393=DIRECTION('ref_axis',(-1.,0.,0.));
#4394=DIRECTION('',(0.,0.,1.));
#4395=DIRECTION('center_axis',(0.,0.,1.));
#4396=DIRECTION('ref_axis',(1.,0.,0.));
#4397=DIRECTION('',(-1.,0.,0.));
#4398=DIRECTION('center_axis',(0.,0.,-1.));
#4399=DIRECTION('ref_axis',(-1.,0.,0.));
#4400=DIRECTION('',(0.,1.,0.));
#4401=DIRECTION('center_axis',(0.,1.,0.));
#4402=DIRECTION('ref_axis',(-1.,0.,0.));
#4403=DIRECTION('',(-1.,0.,0.));
#4404=DIRECTION('',(0.,0.,1.));
#4405=DIRECTION('center_axis',(0.,1.,0.));
#4406=DIRECTION('ref_axis',(-1.,0.,0.));
#4407=DIRECTION('',(0.,0.,1.));
#4408=DIRECTION('center_axis',(0.,0.,1.));
#4409=DIRECTION('ref_axis',(1.,0.,0.));
#4410=DIRECTION('center_axis',(0.,0.,1.));
#4411=DIRECTION('ref_axis',(1.,0.,0.));
#4412=DIRECTION('',(0.,0.,1.));
#4413=DIRECTION('center_axis',(0.,0.,1.));
#4414=DIRECTION('ref_axis',(1.,0.,0.));
#4415=DIRECTION('center_axis',(0.,0.,1.));
#4416=DIRECTION('ref_axis',(1.,0.,0.));
#4417=DIRECTION('center_axis',(0.,0.,1.));
#4418=DIRECTION('ref_axis',(1.,0.,0.));
#4419=DIRECTION('center_axis',(0.,0.,1.));
#4420=DIRECTION('ref_axis',(1.,0.,0.));
#4421=DIRECTION('',(0.,0.,1.));
#4422=DIRECTION('center_axis',(0.,0.,1.));
#4423=DIRECTION('ref_axis',(1.,0.,0.));
#4424=DIRECTION('center_axis',(0.,0.,1.));
#4425=DIRECTION('ref_axis',(1.,0.,0.));
#4426=DIRECTION('center_axis',(0.,0.,1.));
#4427=DIRECTION('ref_axis',(1.,0.,0.));
#4428=DIRECTION('center_axis',(0.,0.,1.));
#4429=DIRECTION('ref_axis',(1.,0.,0.));
#4430=DIRECTION('',(0.,0.,1.));
#4431=DIRECTION('center_axis',(0.,0.,1.));
#4432=DIRECTION('ref_axis',(1.,0.,0.));
#4433=DIRECTION('center_axis',(0.,0.,1.));
#4434=DIRECTION('ref_axis',(1.,0.,0.));
#4435=DIRECTION('center_axis',(0.,0.,1.));
#4436=DIRECTION('ref_axis',(1.,0.,0.));
#4437=DIRECTION('center_axis',(0.,0.,1.));
#4438=DIRECTION('ref_axis',(1.,0.,0.));
#4439=DIRECTION('',(0.,0.,1.));
#4440=DIRECTION('center_axis',(0.,0.,1.));
#4441=DIRECTION('ref_axis',(1.,0.,0.));
#4442=DIRECTION('center_axis',(0.,0.,1.));
#4443=DIRECTION('ref_axis',(1.,0.,0.));
#4444=DIRECTION('center_axis',(0.,0.,1.));
#4445=DIRECTION('ref_axis',(1.,0.,0.));
#4446=DIRECTION('center_axis',(0.,0.,1.));
#4447=DIRECTION('ref_axis',(1.,0.,0.));
#4448=DIRECTION('',(0.,0.,1.));
#4449=DIRECTION('center_axis',(0.,0.,-1.));
#4450=DIRECTION('ref_axis',(1.,0.,0.));
#4451=DIRECTION('center_axis',(0.,0.,1.));
#4452=DIRECTION('ref_axis',(1.,0.,0.));
#4453=DIRECTION('center_axis',(0.,0.,1.));
#4454=DIRECTION('ref_axis',(1.,0.,0.));
#4455=DIRECTION('center_axis',(0.,0.,1.));
#4456=DIRECTION('ref_axis',(1.,0.,0.));
#4457=DIRECTION('center_axis',(0.,0.,1.));
#4458=DIRECTION('ref_axis',(1.,0.,0.));
#4459=DIRECTION('',(0.,0.,1.));
#4460=DIRECTION('center_axis',(0.,0.,-1.));
#4461=DIRECTION('ref_axis',(1.,0.,0.));
#4462=DIRECTION('center_axis',(0.,0.,1.));
#4463=DIRECTION('ref_axis',(1.,0.,0.));
#4464=DIRECTION('center_axis',(0.,0.,1.));
#4465=DIRECTION('ref_axis',(1.,0.,0.));
#4466=DIRECTION('center_axis',(0.,0.,1.));
#4467=DIRECTION('ref_axis',(1.,0.,0.));
#4468=DIRECTION('center_axis',(0.,0.,1.));
#4469=DIRECTION('ref_axis',(1.,0.,0.));
#4470=DIRECTION('',(0.,0.,1.));
#4471=DIRECTION('center_axis',(0.,0.,-1.));
#4472=DIRECTION('ref_axis',(1.,0.,0.));
#4473=DIRECTION('center_axis',(0.,0.,1.));
#4474=DIRECTION('ref_axis',(1.,0.,0.));
#4475=DIRECTION('center_axis',(0.,0.,1.));
#4476=DIRECTION('ref_axis',(1.,0.,0.));
#4477=DIRECTION('center_axis',(0.,0.,1.));
#4478=DIRECTION('ref_axis',(1.,0.,0.));
#4479=DIRECTION('center_axis',(0.,0.,1.));
#4480=DIRECTION('ref_axis',(1.,0.,0.));
#4481=DIRECTION('',(0.,0.,1.));
#4482=DIRECTION('center_axis',(0.,0.,-1.));
#4483=DIRECTION('ref_axis',(1.,0.,0.));
#4484=DIRECTION('center_axis',(0.,0.,1.));
#4485=DIRECTION('ref_axis',(1.,0.,0.));
#4486=DIRECTION('center_axis',(0.,0.,1.));
#4487=DIRECTION('ref_axis',(1.,0.,0.));
#4488=DIRECTION('center_axis',(0.,0.,1.));
#4489=DIRECTION('ref_axis',(1.,0.,0.));
#4490=DIRECTION('',(0.,0.,1.));
#4491=DIRECTION('center_axis',(0.,0.,1.));
#4492=DIRECTION('ref_axis',(1.,0.,0.));
#4493=DIRECTION('',(0.,0.,1.));
#4494=DIRECTION('center_axis',(0.,0.,1.));
#4495=DIRECTION('ref_axis',(1.,0.,0.));
#4496=DIRECTION('',(0.,0.,1.));
#4497=DIRECTION('center_axis',(0.,0.,1.));
#4498=DIRECTION('ref_axis',(1.,0.,0.));
#4499=DIRECTION('',(0.,0.,1.));
#4500=DIRECTION('',(-0.499173710713798,-0.507279373134054,0.702490743088433));
#4501=DIRECTION('center_axis',(-4.72015602620847E-32,-8.88608711820558E-33,
1.));
#4502=DIRECTION('ref_axis',(-1.,0.,0.));
#4503=DIRECTION('',(0.,-1.,-8.88608711820558E-33));
#4504=DIRECTION('center_axis',(-4.72015602620847E-32,-8.88608711820558E-33,
1.));
#4505=DIRECTION('ref_axis',(0.,1.,0.));
#4506=DIRECTION('',(-1.,0.,-4.72015602620847E-32));
#4507=DIRECTION('center_axis',(-4.72015602620847E-32,-8.88608711820558E-33,
1.));
#4508=DIRECTION('ref_axis',(1.,0.,0.));
#4509=DIRECTION('',(0.,1.,8.88608711820558E-33));
#4510=DIRECTION('center_axis',(-4.72015602620847E-32,-8.88608711820558E-33,
1.));
#4511=DIRECTION('ref_axis',(0.,-1.,0.));
#4512=DIRECTION('',(1.,0.,4.72015602620847E-32));
#4513=DIRECTION('center_axis',(-1.,0.,0.));
#4514=DIRECTION('ref_axis',(0.,-1.,0.));
#4515=DIRECTION('',(0.,0.,1.));
#4516=DIRECTION('',(0.,-1.,0.));
#4517=DIRECTION('',(0.,0.,1.));
#4518=DIRECTION('center_axis',(0.,0.,1.));
#4519=DIRECTION('ref_axis',(-1.,0.,0.));
#4520=DIRECTION('',(0.,0.,1.));
#4521=DIRECTION('center_axis',(0.,0.,1.));
#4522=DIRECTION('ref_axis',(-1.,0.,0.));
#4523=DIRECTION('center_axis',(0.,-1.,0.));
#4524=DIRECTION('ref_axis',(1.,0.,0.));
#4525=DIRECTION('',(0.,0.,1.));
#4526=DIRECTION('',(1.,0.,0.));
#4527=DIRECTION('center_axis',(0.,0.,1.));
#4528=DIRECTION('ref_axis',(0.,-1.,0.));
#4529=DIRECTION('',(0.,0.,1.));
#4530=DIRECTION('center_axis',(0.,0.,1.));
#4531=DIRECTION('ref_axis',(0.,-1.,0.));
#4532=DIRECTION('center_axis',(1.,0.,0.));
#4533=DIRECTION('ref_axis',(0.,1.,0.));
#4534=DIRECTION('',(0.,0.,1.));
#4535=DIRECTION('',(0.,1.,0.));
#4536=DIRECTION('center_axis',(0.,0.,1.));
#4537=DIRECTION('ref_axis',(1.,0.,0.));
#4538=DIRECTION('',(0.,0.,1.));
#4539=DIRECTION('center_axis',(0.,0.,1.));
#4540=DIRECTION('ref_axis',(1.,0.,0.));
#4541=DIRECTION('center_axis',(0.,1.,0.));
#4542=DIRECTION('ref_axis',(-1.,0.,0.));
#4543=DIRECTION('',(0.,0.,1.));
#4544=DIRECTION('',(-1.,0.,0.));
#4545=DIRECTION('center_axis',(0.,0.,1.));
#4546=DIRECTION('ref_axis',(0.,1.,0.));
#4547=DIRECTION('center_axis',(0.,0.,1.));
#4548=DIRECTION('ref_axis',(0.,1.,0.));
#4549=DIRECTION('center_axis',(1.,0.,0.));
#4550=DIRECTION('ref_axis',(0.,1.,0.));
#4551=DIRECTION('',(0.,1.,0.));
#4552=DIRECTION('',(0.,0.,1.));
#4553=DIRECTION('',(0.,1.,0.));
#4554=DIRECTION('',(0.,0.,1.));
#4555=DIRECTION('center_axis',(0.,0.,1.));
#4556=DIRECTION('ref_axis',(1.,0.,0.));
#4557=DIRECTION('center_axis',(0.,0.,1.));
#4558=DIRECTION('ref_axis',(1.,0.,0.));
#4559=DIRECTION('center_axis',(0.,0.,1.));
#4560=DIRECTION('ref_axis',(1.,0.,0.));
#4561=DIRECTION('',(0.,0.,1.));
#4562=DIRECTION('center_axis',(0.,1.,0.));
#4563=DIRECTION('ref_axis',(-1.,0.,0.));
#4564=DIRECTION('',(-1.,0.,0.));
#4565=DIRECTION('',(-1.,0.,0.));
#4566=DIRECTION('',(0.,0.,1.));
#4567=DIRECTION('center_axis',(0.,0.,1.));
#4568=DIRECTION('ref_axis',(0.,1.,0.));
#4569=DIRECTION('center_axis',(0.,0.,1.));
#4570=DIRECTION('ref_axis',(0.,1.,0.));
#4571=DIRECTION('center_axis',(0.,0.,1.));
#4572=DIRECTION('ref_axis',(0.,1.,0.));
#4573=DIRECTION('',(0.,0.,1.));
#4574=DIRECTION('center_axis',(-1.,0.,0.));
#4575=DIRECTION('ref_axis',(0.,-1.,0.));
#4576=DIRECTION('',(0.,-1.,0.));
#4577=DIRECTION('',(0.,-1.,0.));
#4578=DIRECTION('',(0.,0.,1.));
#4579=DIRECTION('center_axis',(0.,0.,1.));
#4580=DIRECTION('ref_axis',(0.,-1.,0.));
#4581=DIRECTION('center_axis',(0.,0.,1.));
#4582=DIRECTION('ref_axis',(0.,-1.,0.));
#4583=DIRECTION('',(0.,0.,1.));
#4584=DIRECTION('center_axis',(0.,0.,1.));
#4585=DIRECTION('ref_axis',(0.,-1.,0.));
#4586=DIRECTION('center_axis',(0.,-1.,0.));
#4587=DIRECTION('ref_axis',(1.,0.,0.));
#4588=DIRECTION('',(1.,0.,0.));
#4589=DIRECTION('',(0.,0.,1.));
#4590=DIRECTION('',(1.,0.,0.));
#4591=DIRECTION('center_axis',(0.,0.,1.));
#4592=DIRECTION('ref_axis',(-1.,0.,0.));
#4593=DIRECTION('center_axis',(0.,0.,1.));
#4594=DIRECTION('ref_axis',(-1.,0.,0.));
#4595=DIRECTION('center_axis',(0.,0.,1.));
#4596=DIRECTION('ref_axis',(-1.,0.,0.));
#4597=DIRECTION('center_axis',(0.,0.,1.));
#4598=DIRECTION('ref_axis',(1.,0.,0.));
#4599=DIRECTION('center_axis',(0.,0.,1.));
#4600=DIRECTION('ref_axis',(1.,0.,0.));
#4601=DIRECTION('center_axis',(0.,0.,1.));
#4602=DIRECTION('ref_axis',(1.,0.,0.));
#4603=DIRECTION('',(0.,0.,-1.));
#4604=DIRECTION('center_axis',(0.,0.,1.));
#4605=DIRECTION('ref_axis',(1.,0.,0.));
#4606=DIRECTION('center_axis',(0.,0.,1.));
#4607=DIRECTION('ref_axis',(1.,0.,0.));
#4608=DIRECTION('center_axis',(0.,0.,1.));
#4609=DIRECTION('ref_axis',(1.,0.,0.));
#4610=DIRECTION('center_axis',(0.,0.,1.));
#4611=DIRECTION('ref_axis',(1.,0.,0.));
#4612=DIRECTION('',(0.,0.,-1.));
#4613=DIRECTION('center_axis',(0.,0.,1.));
#4614=DIRECTION('ref_axis',(1.,0.,0.));
#4615=DIRECTION('center_axis',(0.,0.,1.));
#4616=DIRECTION('ref_axis',(1.,0.,0.));
#4617=DIRECTION('center_axis',(0.,0.,1.));
#4618=DIRECTION('ref_axis',(1.,0.,0.));
#4619=DIRECTION('center_axis',(0.,0.,1.));
#4620=DIRECTION('ref_axis',(1.,0.,0.));
#4621=DIRECTION('',(0.,0.,-1.));
#4622=DIRECTION('center_axis',(0.,0.,1.));
#4623=DIRECTION('ref_axis',(1.,0.,0.));
#4624=DIRECTION('center_axis',(0.,0.,1.));
#4625=DIRECTION('ref_axis',(1.,0.,0.));
#4626=DIRECTION('center_axis',(0.,0.,1.));
#4627=DIRECTION('ref_axis',(1.,0.,0.));
#4628=DIRECTION('center_axis',(0.,0.,1.));
#4629=DIRECTION('ref_axis',(1.,0.,0.));
#4630=DIRECTION('',(0.,0.,-1.));
#4631=DIRECTION('center_axis',(0.,0.,1.));
#4632=DIRECTION('ref_axis',(1.,0.,0.));
#4633=DIRECTION('center_axis',(0.,0.,1.));
#4634=DIRECTION('ref_axis',(1.,0.,0.));
#4635=DIRECTION('center_axis',(-1.,0.,0.));
#4636=DIRECTION('ref_axis',(0.,-1.,0.));
#4637=DIRECTION('',(0.,0.,1.));
#4638=DIRECTION('',(0.,0.,1.));
#4639=DIRECTION('center_axis',(1.,0.,0.));
#4640=DIRECTION('ref_axis',(0.,1.,0.));
#4641=DIRECTION('',(0.,1.,0.));
#4642=DIRECTION('',(0.,0.,1.));
#4643=DIRECTION('center_axis',(1.,0.,0.));
#4644=DIRECTION('ref_axis',(0.,1.,0.));
#4645=DIRECTION('',(0.,0.,1.));
#4646=DIRECTION('center_axis',(1.,0.,0.));
#4647=DIRECTION('ref_axis',(0.,1.,0.));
#4648=DIRECTION('',(0.,0.,-1.));
#4649=DIRECTION('',(0.,1.,0.));
#4650=DIRECTION('',(0.,0.,1.));
#4651=DIRECTION('',(0.,1.,0.));
#4652=DIRECTION('center_axis',(-1.,0.,0.));
#4653=DIRECTION('ref_axis',(0.,-1.,0.));
#4654=DIRECTION('',(0.,-1.,0.));
#4655=DIRECTION('',(0.,0.,1.));
#4656=DIRECTION('center_axis',(-1.,0.,0.));
#4657=DIRECTION('ref_axis',(0.,-1.,0.));
#4658=DIRECTION('',(0.,1.,0.));
#4659=DIRECTION('',(0.,-1.,0.));
#4660=DIRECTION('center_axis',(0.,0.,1.));
#4661=DIRECTION('ref_axis',(1.,0.,0.));
#4662=DIRECTION('center_axis',(0.,0.,1.));
#4663=DIRECTION('ref_axis',(1.,0.,0.));
#4664=DIRECTION('',(0.,-1.,0.));
#4665=DIRECTION('',(0.,-1.,0.));
#4666=DIRECTION('center_axis',(0.,0.,1.));
#4667=DIRECTION('ref_axis',(1.,0.,0.));
#4668=DIRECTION('',(0.,1.,0.));
#4669=DIRECTION('',(0.,1.,0.));
#4670=DIRECTION('center_axis',(0.,0.,1.));
#4671=DIRECTION('ref_axis',(0.,-1.,0.));
#4672=DIRECTION('center_axis',(0.,0.,1.));
#4673=DIRECTION('ref_axis',(-1.,0.,0.));
#4674=DIRECTION('',(0.,-1.,0.));
#4675=DIRECTION('center_axis',(0.,0.,1.));
#4676=DIRECTION('ref_axis',(0.,1.,0.));
#4677=DIRECTION('',(-1.,0.,0.));
#4678=DIRECTION('center_axis',(0.,0.,1.));
#4679=DIRECTION('ref_axis',(1.,0.,0.));
#4680=DIRECTION('center_axis',(1.,0.,0.));
#4681=DIRECTION('ref_axis',(0.,1.,0.));
#4682=DIRECTION('',(0.,0.,1.));
#4683=DIRECTION('center_axis',(1.,0.,0.));
#4684=DIRECTION('ref_axis',(0.,1.,0.));
#4685=DIRECTION('center_axis',(-1.,0.,0.));
#4686=DIRECTION('ref_axis',(0.,-1.,0.));
#4687=DIRECTION('',(0.,0.,1.));
#4688=DIRECTION('',(0.,-1.,0.));
#4689=DIRECTION('',(0.,0.,1.));
#4690=DIRECTION('center_axis',(0.,0.,1.));
#4691=DIRECTION('ref_axis',(1.,0.,0.));
#4692=DIRECTION('center_axis',(0.,0.,1.));
#4693=DIRECTION('ref_axis',(1.,0.,0.));
#4694=DIRECTION('',(0.,0.,1.));
#4695=DIRECTION('center_axis',(0.,0.,1.));
#4696=DIRECTION('ref_axis',(1.,0.,0.));
#4697=DIRECTION('',(0.,0.,-1.));
#4698=DIRECTION('center_axis',(0.,0.,1.));
#4699=DIRECTION('ref_axis',(1.,0.,0.));
#4700=DIRECTION('center_axis',(0.,0.,1.));
#4701=DIRECTION('ref_axis',(1.,0.,0.));
#4702=DIRECTION('',(0.,0.,-1.));
#4703=DIRECTION('center_axis',(0.,0.,1.));
#4704=DIRECTION('ref_axis',(1.,0.,0.));
#4705=DIRECTION('center_axis',(0.,0.,1.));
#4706=DIRECTION('ref_axis',(1.,0.,0.));
#4707=DIRECTION('center_axis',(0.,0.,1.));
#4708=DIRECTION('ref_axis',(1.,0.,0.));
#4709=DIRECTION('',(0.,0.,1.));
#4710=DIRECTION('center_axis',(0.,0.,1.));
#4711=DIRECTION('ref_axis',(1.,0.,0.));
#4712=DIRECTION('center_axis',(0.,0.,1.));
#4713=DIRECTION('ref_axis',(1.,0.,0.));
#4714=DIRECTION('',(0.,0.,-1.));
#4715=DIRECTION('',(0.,0.,1.));
#4716=DIRECTION('center_axis',(0.,0.,1.));
#4717=DIRECTION('ref_axis',(1.,0.,0.));
#4718=DIRECTION('center_axis',(0.,0.,1.));
#4719=DIRECTION('ref_axis',(1.,0.,0.));
#4720=DIRECTION('center_axis',(-1.,0.,0.));
#4721=DIRECTION('ref_axis',(0.,-1.,0.));
#4722=DIRECTION('center_axis',(-1.,0.,0.));
#4723=DIRECTION('ref_axis',(0.,-1.,0.));
#4724=DIRECTION('',(0.,-1.,0.));
#4725=DIRECTION('center_axis',(-1.,0.,0.));
#4726=DIRECTION('ref_axis',(0.,-1.,0.));
#4727=DIRECTION('',(0.,-1.,0.));
#4728=DIRECTION('center_axis',(0.,0.,1.));
#4729=DIRECTION('ref_axis',(1.,0.,0.));
#4730=DIRECTION('center_axis',(1.,0.,0.));
#4731=DIRECTION('ref_axis',(0.,1.,0.));
#4732=DIRECTION('center_axis',(1.,0.,0.));
#4733=DIRECTION('ref_axis',(0.,1.,0.));
#4734=DIRECTION('center_axis',(0.,0.,1.));
#4735=DIRECTION('ref_axis',(1.,0.,0.));
#4736=DIRECTION('center_axis',(0.,0.,1.));
#4737=DIRECTION('ref_axis',(0.,1.,0.));
#4738=DIRECTION('center_axis',(0.,0.,-1.));
#4739=DIRECTION('ref_axis',(0.,1.,0.));
#4740=DIRECTION('center_axis',(0.,0.,1.));
#4741=DIRECTION('ref_axis',(0.,-1.,0.));
#4742=DIRECTION('center_axis',(0.,0.,-1.));
#4743=DIRECTION('ref_axis',(0.,-1.,0.));
#4744=DIRECTION('center_axis',(0.,0.,1.));
#4745=DIRECTION('ref_axis',(-1.,0.,0.));
#4746=DIRECTION('center_axis',(1.,0.,0.));
#4747=DIRECTION('ref_axis',(0.,1.,0.));
#4748=DIRECTION('',(0.,1.,0.));
#4749=DIRECTION('center_axis',(0.,0.,1.));
#4750=DIRECTION('ref_axis',(1.,0.,0.));
#4751=DIRECTION('center_axis',(0.,0.,1.));
#4752=DIRECTION('ref_axis',(1.,0.,0.));
#4753=DIRECTION('center_axis',(0.,0.,-1.));
#4754=DIRECTION('ref_axis',(0.,-1.,0.));
#4755=DIRECTION('center_axis',(0.,0.,1.));
#4756=DIRECTION('ref_axis',(1.,0.,0.));
#4757=DIRECTION('center_axis',(0.,0.,-1.));
#4758=DIRECTION('ref_axis',(0.,1.,0.));
#4759=DIRECTION('center_axis',(0.,0.,1.));
#4760=DIRECTION('ref_axis',(0.,-1.,0.));
#4761=DIRECTION('center_axis',(0.,0.,1.));
#4762=DIRECTION('ref_axis',(1.,0.,0.));
#4763=DIRECTION('center_axis',(0.,0.,1.));
#4764=DIRECTION('ref_axis',(0.,1.,0.));
#4765=DIRECTION('center_axis',(0.,1.,0.));
#4766=DIRECTION('ref_axis',(-1.,0.,0.));
#4767=DIRECTION('',(0.,0.,1.));
#4768=DIRECTION('',(-1.,0.,0.));
#4769=DIRECTION('',(0.,0.,1.));
#4770=DIRECTION('center_axis',(0.,0.,1.));
#4771=DIRECTION('ref_axis',(0.,1.,0.));
#4772=DIRECTION('',(0.,0.,1.));
#4773=DIRECTION('center_axis',(0.,0.,1.));
#4774=DIRECTION('ref_axis',(0.,1.,0.));
#4775=DIRECTION('center_axis',(-1.,0.,0.));
#4776=DIRECTION('ref_axis',(0.,-1.,0.));
#4777=DIRECTION('',(0.,0.,1.));
#4778=DIRECTION('',(0.,-1.,0.));
#4779=DIRECTION('center_axis',(0.,0.,1.));
#4780=DIRECTION('ref_axis',(-1.,0.,0.));
#4781=DIRECTION('',(0.,0.,1.));
#4782=DIRECTION('center_axis',(0.,0.,1.));
#4783=DIRECTION('ref_axis',(-1.,0.,0.));
#4784=DIRECTION('center_axis',(-1.,0.,0.));
#4785=DIRECTION('ref_axis',(0.,-1.,0.));
#4786=DIRECTION('',(0.,0.,1.));
#4787=DIRECTION('center_axis',(0.,0.,1.));
#4788=DIRECTION('ref_axis',(0.,1.,0.));
#4789=DIRECTION('',(0.,0.,1.));
#4790=DIRECTION('center_axis',(0.,1.,0.));
#4791=DIRECTION('ref_axis',(-1.,0.,0.));
#4792=DIRECTION('',(0.,0.,1.));
#4793=DIRECTION('center_axis',(0.,0.,1.));
#4794=DIRECTION('ref_axis',(1.,0.,0.));
#4795=DIRECTION('center_axis',(0.,0.,1.));
#4796=DIRECTION('ref_axis',(0.,-1.,0.));
#4797=DIRECTION('center_axis',(0.,0.,1.));
#4798=DIRECTION('ref_axis',(-1.,0.,0.));
#4799=DIRECTION('center_axis',(0.,0.,1.));
#4800=DIRECTION('ref_axis',(1.,0.,0.));
#4801=DIRECTION('center_axis',(0.,0.,1.));
#4802=DIRECTION('ref_axis',(1.,0.,0.));
#4803=DIRECTION('',(0.,0.,1.));
#4804=DIRECTION('center_axis',(1.,0.,0.));
#4805=DIRECTION('ref_axis',(0.,1.,0.));
#4806=DIRECTION('',(0.,1.,0.));
#4807=DIRECTION('',(0.,0.,1.));
#4808=DIRECTION('center_axis',(0.,0.,1.));
#4809=DIRECTION('ref_axis',(0.,-1.,0.));
#4810=DIRECTION('center_axis',(0.,0.,1.));
#4811=DIRECTION('ref_axis',(0.,-1.,0.));
#4812=DIRECTION('',(0.,0.,1.));
#4813=DIRECTION('center_axis',(0.,-1.,0.));
#4814=DIRECTION('ref_axis',(1.,0.,0.));
#4815=DIRECTION('',(1.,0.,0.));
#4816=DIRECTION('center_axis',(0.,0.,1.));
#4817=DIRECTION('ref_axis',(1.,0.,0.));
#4818=CARTESIAN_POINT('',(0.,0.,0.));
#4819=CARTESIAN_POINT('Origin',(3.8,-4.7,2.56));
#4820=CARTESIAN_POINT('',(4.02,-4.7,2.56));
#4821=CARTESIAN_POINT('',(3.8,-4.92,2.56));
#4822=CARTESIAN_POINT('Origin',(3.8,-4.7,2.56));
#4823=CARTESIAN_POINT('',(4.02,-4.7,2.76));
#4824=CARTESIAN_POINT('',(4.02,-4.7,2.56));
#4825=CARTESIAN_POINT('',(3.8,-4.92,2.76));
#4826=CARTESIAN_POINT('Origin',(3.8,-4.7,2.76));
#4827=CARTESIAN_POINT('',(3.8,-4.92,2.56));
#4828=CARTESIAN_POINT('Origin',(-3.8,4.7,2.56));
#4829=CARTESIAN_POINT('',(-4.02,4.7,2.56));
#4830=CARTESIAN_POINT('',(-3.8,4.92,2.56));
#4831=CARTESIAN_POINT('Origin',(-3.8,4.7,2.56));
#4832=CARTESIAN_POINT('',(-4.02,4.7,2.76));
#4833=CARTESIAN_POINT('',(-4.02,4.7,2.56));
#4834=CARTESIAN_POINT('',(-3.8,4.92,2.76));
#4835=CARTESIAN_POINT('Origin',(-3.8,4.7,2.76));
#4836=CARTESIAN_POINT('',(-3.8,4.92,2.56));
#4837=CARTESIAN_POINT('Origin',(-3.8,-4.7,2.56));
#4838=CARTESIAN_POINT('',(-3.8,-4.92,2.56));
#4839=CARTESIAN_POINT('',(-4.02,-4.7,2.56));
#4840=CARTESIAN_POINT('Origin',(-3.8,-4.7,2.56));
#4841=CARTESIAN_POINT('',(-3.8,-4.92,2.76));
#4842=CARTESIAN_POINT('',(-3.8,-4.92,2.56));
#4843=CARTESIAN_POINT('',(-4.02,-4.7,2.76));
#4844=CARTESIAN_POINT('Origin',(-3.8,-4.7,2.76));
#4845=CARTESIAN_POINT('',(-4.02,-4.7,2.56));
#4846=CARTESIAN_POINT('Origin',(3.8,4.7,2.56));
#4847=CARTESIAN_POINT('',(3.8,4.92,2.56));
#4848=CARTESIAN_POINT('',(4.02,4.7,2.56));
#4849=CARTESIAN_POINT('Origin',(3.8,4.7,2.56));
#4850=CARTESIAN_POINT('',(3.8,4.92,2.76));
#4851=CARTESIAN_POINT('',(3.8,4.92,2.56));
#4852=CARTESIAN_POINT('',(4.02,4.7,2.76));
#4853=CARTESIAN_POINT('Origin',(3.8,4.7,2.76));
#4854=CARTESIAN_POINT('',(4.02,4.7,2.56));
#4855=CARTESIAN_POINT('Origin',(-3.82,-4.92,2.56));
#4856=CARTESIAN_POINT('',(2.7,-4.92,2.76));
#4857=CARTESIAN_POINT('',(-1.91,-4.92,2.76));
#4858=CARTESIAN_POINT('',(2.7,-4.92,2.56));
#4859=CARTESIAN_POINT('',(2.7,-4.92,2.45));
#4860=CARTESIAN_POINT('',(-3.82,-4.92,2.56));
#4861=CARTESIAN_POINT('Origin',(3.82,4.92,2.56));
#4862=CARTESIAN_POINT('',(1.91,4.92,2.76));
#4863=CARTESIAN_POINT('',(3.82,4.92,2.56));
#4864=CARTESIAN_POINT('Origin',(2.1,-4.955,2.3));
#4865=CARTESIAN_POINT('',(1.54,-4.89,2.3));
#4866=CARTESIAN_POINT('',(1.54,-5.02,2.3));
#4867=CARTESIAN_POINT('',(1.54,-4.89,2.3));
#4868=CARTESIAN_POINT('',(2.66,-4.89,2.3));
#4869=CARTESIAN_POINT('',(2.66,-4.89,2.3));
#4870=CARTESIAN_POINT('',(2.66,-5.02,2.3));
#4871=CARTESIAN_POINT('',(2.66,-5.02,2.3));
#4872=CARTESIAN_POINT('',(1.54,-5.02,2.3));
#4873=CARTESIAN_POINT('Origin',(1.54,-4.89,2.3));
#4874=CARTESIAN_POINT('',(1.5,-5.06,2.34));
#4875=CARTESIAN_POINT('',(1.54,-5.02,2.3));
#4876=CARTESIAN_POINT('',(1.5,-4.85,2.34));
#4877=CARTESIAN_POINT('',(1.5,-4.85,2.34));
#4878=CARTESIAN_POINT('',(1.54,-4.89,2.3));
#4879=CARTESIAN_POINT('Origin',(1.54,-5.02,2.3));
#4880=CARTESIAN_POINT('',(2.7,-5.06,2.34));
#4881=CARTESIAN_POINT('',(2.66,-5.02,2.3));
#4882=CARTESIAN_POINT('',(1.5,-5.06,2.34));
#4883=CARTESIAN_POINT('Origin',(2.66,-5.02,2.3));
#4884=CARTESIAN_POINT('',(2.7,-4.85,2.34));
#4885=CARTESIAN_POINT('',(2.66,-4.89,2.3));
#4886=CARTESIAN_POINT('',(2.7,-5.06,2.34));
#4887=CARTESIAN_POINT('Origin',(2.66,-4.89,2.3));
#4888=CARTESIAN_POINT('',(2.7,-4.85,2.34));
#4889=CARTESIAN_POINT('Origin',(1.5,-5.06,2.34));
#4890=CARTESIAN_POINT('',(1.5,-5.06,2.76));
#4891=CARTESIAN_POINT('',(2.7,-5.06,2.76));
#4892=CARTESIAN_POINT('',(0.75,-5.06,2.76));
#4893=CARTESIAN_POINT('',(1.5,-5.06,2.34));
#4894=CARTESIAN_POINT('',(2.7,-5.06,2.34));
#4895=CARTESIAN_POINT('Origin',(1.5,-4.85,2.34));
#4896=CARTESIAN_POINT('',(1.5,-4.92,2.76));
#4897=CARTESIAN_POINT('',(1.5,-2.425,2.76));
#4898=CARTESIAN_POINT('',(1.5,-4.92,2.56));
#4899=CARTESIAN_POINT('',(1.5,-4.92,2.45));
#4900=CARTESIAN_POINT('',(1.5,-4.85,2.56));
#4901=CARTESIAN_POINT('',(1.5,-2.425,2.56));
#4902=CARTESIAN_POINT('',(1.5,-4.85,2.34));
#4903=CARTESIAN_POINT('Origin',(2.7,-5.06,2.34));
#4904=CARTESIAN_POINT('',(2.7,-2.53,2.76));
#4905=CARTESIAN_POINT('',(2.7,-4.85,2.56));
#4906=CARTESIAN_POINT('',(2.7,-4.85,2.34));
#4907=CARTESIAN_POINT('',(2.7,-2.53,2.56));
#4908=CARTESIAN_POINT('Origin',(-3.82,-4.92,2.56));
#4909=CARTESIAN_POINT('',(-1.5,-4.92,2.76));
#4910=CARTESIAN_POINT('',(-1.91,-4.92,2.76));
#4911=CARTESIAN_POINT('',(-1.5,-4.92,2.56));
#4912=CARTESIAN_POINT('',(-1.5,-4.92,2.45));
#4913=CARTESIAN_POINT('',(-3.82,-4.92,2.56));
#4914=CARTESIAN_POINT('Origin',(0.,0.,2.56));
#4915=CARTESIAN_POINT('',(-1.5,-4.85,2.56));
#4916=CARTESIAN_POINT('',(-1.5,-2.53,2.56));
#4917=CARTESIAN_POINT('',(-1.72,-4.85,2.56));
#4918=CARTESIAN_POINT('Origin',(0.,0.,2.56));
#4919=CARTESIAN_POINT('',(3.44,-4.85,2.56));
#4920=CARTESIAN_POINT('',(-1.72,-4.85,2.56));
#4921=CARTESIAN_POINT('',(3.52660254037844,-4.8,2.56));
#4922=CARTESIAN_POINT('Origin',(3.44,-4.75,2.56));
#4923=CARTESIAN_POINT('',(3.8,-4.8,2.56));
#4924=CARTESIAN_POINT('',(-3.8,-4.8,2.56));
#4925=CARTESIAN_POINT('',(3.9,-4.7,2.56));
#4926=CARTESIAN_POINT('Origin',(3.8,-4.7,2.56));
#4927=CARTESIAN_POINT('',(3.9,-4.35707142142714,2.56));
#4928=CARTESIAN_POINT('',(3.9,-4.7,2.56));
#4929=CARTESIAN_POINT('',(4.02,-4.17058722109232,2.56));
#4930=CARTESIAN_POINT('Origin',(3.55,-4.,2.56));
#4931=CARTESIAN_POINT('',(4.02,-4.72,2.56));
#4932=CARTESIAN_POINT('Origin',(-3.44,-4.85,2.558));
#4933=CARTESIAN_POINT('',(3.44,-4.85,2.86));
#4934=CARTESIAN_POINT('',(2.7,-4.85,2.86));
#4935=CARTESIAN_POINT('',(-1.72,-4.85,2.86));
#4936=CARTESIAN_POINT('',(3.44,-4.85,2.558));
#4937=CARTESIAN_POINT('',(-1.5,-4.85,2.34));
#4938=CARTESIAN_POINT('',(-1.5,-4.85,2.34));
#4939=CARTESIAN_POINT('',(-2.7,-4.85,2.34));
#4940=CARTESIAN_POINT('',(-1.5,-4.85,2.34));
#4941=CARTESIAN_POINT('',(-2.7,-4.85,2.56));
#4942=CARTESIAN_POINT('',(-2.7,-4.85,2.34));
#4943=CARTESIAN_POINT('',(-3.44,-4.85,2.56));
#4944=CARTESIAN_POINT('',(-1.72,-4.85,2.56));
#4945=CARTESIAN_POINT('',(-3.44,-4.85,2.86));
#4946=CARTESIAN_POINT('',(-3.44,-4.85,2.558));
#4947=CARTESIAN_POINT('',(-2.7,-4.85,2.86));
#4948=CARTESIAN_POINT('',(-1.72,-4.85,2.86));
#4949=CARTESIAN_POINT('',(-2.7,-4.85,2.96));
#4950=CARTESIAN_POINT('',(-2.7,-4.85,2.76));
#4951=CARTESIAN_POINT('',(-1.5,-4.85,2.96));
#4952=CARTESIAN_POINT('',(-1.5,-4.85,2.96));
#4953=CARTESIAN_POINT('',(-1.5,-4.85,2.86));
#4954=CARTESIAN_POINT('',(-1.5,-4.85,2.76));
#4955=CARTESIAN_POINT('',(1.5,-4.85,2.86));
#4956=CARTESIAN_POINT('',(-1.72,-4.85,2.86));
#4957=CARTESIAN_POINT('',(1.5,-4.85,2.96));
#4958=CARTESIAN_POINT('',(1.5,-4.85,2.76));
#4959=CARTESIAN_POINT('',(2.7,-4.85,2.96));
#4960=CARTESIAN_POINT('',(2.7,-4.85,2.96));
#4961=CARTESIAN_POINT('',(2.7,-4.85,2.76));
#4962=CARTESIAN_POINT('Origin',(1.5,-4.85,2.76));
#4963=CARTESIAN_POINT('',(1.5,-4.95,2.86));
#4964=CARTESIAN_POINT('',(1.5,-2.425,2.86));
#4965=CARTESIAN_POINT('',(1.5,-4.95,2.96));
#4966=CARTESIAN_POINT('',(1.5,-4.95,2.759));
#4967=CARTESIAN_POINT('',(1.5,-4.85,2.96));
#4968=CARTESIAN_POINT('Origin',(2.7,-5.15,2.76));
#4969=CARTESIAN_POINT('',(2.7,-4.95,2.86));
#4970=CARTESIAN_POINT('',(2.7,-2.575,2.86));
#4971=CARTESIAN_POINT('',(2.7,-4.95,2.96));
#4972=CARTESIAN_POINT('',(2.7,-5.15,2.96));
#4973=CARTESIAN_POINT('',(2.7,-4.95,2.759));
#4974=CARTESIAN_POINT('Origin',(2.1,-5.,2.96));
#4975=CARTESIAN_POINT('',(-0.85,-4.95,2.96));
#4976=CARTESIAN_POINT('Origin',(0.,0.,2.76));
#4977=CARTESIAN_POINT('',(4.3,-4.7,2.76));
#4978=CARTESIAN_POINT('',(4.3,4.7,2.76));
#4979=CARTESIAN_POINT('',(4.3,-4.7,2.76));
#4980=CARTESIAN_POINT('',(3.8,-5.2,2.76));
#4981=CARTESIAN_POINT('Origin',(3.8,-4.7,2.76));
#4982=CARTESIAN_POINT('',(-3.8,-5.2,2.76));
#4983=CARTESIAN_POINT('',(-3.8,-5.2,2.76));
#4984=CARTESIAN_POINT('',(-4.3,-4.7,2.76));
#4985=CARTESIAN_POINT('Origin',(-3.8,-4.7,2.76));
#4986=CARTESIAN_POINT('',(-4.3,4.7,2.76));
#4987=CARTESIAN_POINT('',(-4.3,4.7,2.76));
#4988=CARTESIAN_POINT('',(-3.8,5.2,2.76));
#4989=CARTESIAN_POINT('Origin',(-3.8,4.7,2.76));
#4990=CARTESIAN_POINT('',(3.8,5.2,2.76));
#4991=CARTESIAN_POINT('',(3.8,5.2,2.76));
#4992=CARTESIAN_POINT('Origin',(3.8,4.7,2.76));
#4993=CARTESIAN_POINT('',(3.63,-2.8,2.76));
#4994=CARTESIAN_POINT('Origin',(3.8,-2.8,2.76));
#4995=CARTESIAN_POINT('',(-3.97,2.8,2.76));
#4996=CARTESIAN_POINT('Origin',(-3.8,2.8,2.76));
#4997=CARTESIAN_POINT('',(-3.97,-2.8,2.76));
#4998=CARTESIAN_POINT('Origin',(-3.8,-2.8,2.76));
#4999=CARTESIAN_POINT('',(3.63,2.8,2.76));
#5000=CARTESIAN_POINT('Origin',(3.8,2.8,2.76));
#5001=CARTESIAN_POINT('',(4.02,-4.17058722109232,2.76));
#5002=CARTESIAN_POINT('',(4.02,-2.36,2.76));
#5003=CARTESIAN_POINT('',(4.02,-3.82941277890768,2.76));
#5004=CARTESIAN_POINT('Origin',(3.55,-4.,2.76));
#5005=CARTESIAN_POINT('',(4.02,-3.24899888641287,2.76));
#5006=CARTESIAN_POINT('',(4.02,-2.36,2.76));
#5007=CARTESIAN_POINT('',(3.9,-3.28989794855664,2.76));
#5008=CARTESIAN_POINT('Origin',(3.8,-2.8,2.76));
#5009=CARTESIAN_POINT('',(3.9,-3.23874821936961,2.76));
#5010=CARTESIAN_POINT('',(3.9,0.8,2.76));
#5011=CARTESIAN_POINT('',(3.54,-3.16728735344414,2.76));
#5012=CARTESIAN_POINT('Origin',(3.8,-2.8,2.76));
#5013=CARTESIAN_POINT('',(3.54,-2.43271264655586,2.76));
#5014=CARTESIAN_POINT('',(3.54,-2.375,2.76));
#5015=CARTESIAN_POINT('',(3.9,-2.36125178063039,2.76));
#5016=CARTESIAN_POINT('Origin',(3.8,-2.8,2.76));
#5017=CARTESIAN_POINT('',(3.9,-2.31010205144336,2.76));
#5018=CARTESIAN_POINT('',(3.9,0.8,2.76));
#5019=CARTESIAN_POINT('',(4.02,-2.35100111358713,2.76));
#5020=CARTESIAN_POINT('Origin',(3.8,-2.8,2.76));
#5021=CARTESIAN_POINT('',(4.02,2.35100111358713,2.76));
#5022=CARTESIAN_POINT('',(4.02,-2.36,2.76));
#5023=CARTESIAN_POINT('',(3.9,2.31010205144336,2.76));
#5024=CARTESIAN_POINT('Origin',(3.8,2.8,2.76));
#5025=CARTESIAN_POINT('',(3.9,2.36125178063039,2.76));
#5026=CARTESIAN_POINT('',(3.9,3.6,2.76));
#5027=CARTESIAN_POINT('',(3.54,2.43271264655586,2.76));
#5028=CARTESIAN_POINT('Origin',(3.8,2.8,2.76));
#5029=CARTESIAN_POINT('',(3.54,3.16728735344414,2.76));
#5030=CARTESIAN_POINT('',(3.54,-2.375,2.76));
#5031=CARTESIAN_POINT('',(3.9,3.23874821936961,2.76));
#5032=CARTESIAN_POINT('Origin',(3.8,2.8,2.76));
#5033=CARTESIAN_POINT('',(3.9,3.28989794855664,2.76));
#5034=CARTESIAN_POINT('',(3.9,3.6,2.76));
#5035=CARTESIAN_POINT('',(4.02,3.24899888641287,2.76));
#5036=CARTESIAN_POINT('Origin',(3.8,2.8,2.76));
#5037=CARTESIAN_POINT('',(4.02,3.82941277890768,2.76));
#5038=CARTESIAN_POINT('',(4.02,-2.36,2.76));
#5039=CARTESIAN_POINT('',(4.02,4.17058722109232,2.76));
#5040=CARTESIAN_POINT('Origin',(3.55,4.,2.76));
#5041=CARTESIAN_POINT('',(4.02,-2.36,2.76));
#5042=CARTESIAN_POINT('',(-4.02,4.17058722109232,2.76));
#5043=CARTESIAN_POINT('',(-4.02,2.36,2.76));
#5044=CARTESIAN_POINT('',(-4.02,3.82941277890768,2.76));
#5045=CARTESIAN_POINT('Origin',(-3.55,4.,2.76));
#5046=CARTESIAN_POINT('',(-4.02,3.24899888641287,2.76));
#5047=CARTESIAN_POINT('',(-4.02,2.36,2.76));
#5048=CARTESIAN_POINT('',(-3.9,3.28989794855664,2.76));
#5049=CARTESIAN_POINT('Origin',(-3.8,2.8,2.76));
#5050=CARTESIAN_POINT('',(-3.9,3.23874821936961,2.76));
#5051=CARTESIAN_POINT('',(-3.9,-0.8,2.76));
#5052=CARTESIAN_POINT('',(-3.54,3.16728735344414,2.76));
#5053=CARTESIAN_POINT('Origin',(-3.8,2.8,2.76));
#5054=CARTESIAN_POINT('',(-3.54,2.43271264655586,2.76));
#5055=CARTESIAN_POINT('',(-3.54,2.375,2.76));
#5056=CARTESIAN_POINT('',(-3.9,2.36125178063039,2.76));
#5057=CARTESIAN_POINT('Origin',(-3.8,2.8,2.76));
#5058=CARTESIAN_POINT('',(-3.9,2.31010205144336,2.76));
#5059=CARTESIAN_POINT('',(-3.9,-0.8,2.76));
#5060=CARTESIAN_POINT('',(-4.02,2.35100111358713,2.76));
#5061=CARTESIAN_POINT('Origin',(-3.8,2.8,2.76));
#5062=CARTESIAN_POINT('',(-4.02,-2.35100111358713,2.76));
#5063=CARTESIAN_POINT('',(-4.02,2.36,2.76));
#5064=CARTESIAN_POINT('',(-3.9,-2.31010205144336,2.76));
#5065=CARTESIAN_POINT('Origin',(-3.8,-2.8,2.76));
#5066=CARTESIAN_POINT('',(-3.9,-2.36125178063039,2.76));
#5067=CARTESIAN_POINT('',(-3.9,-3.6,2.76));
#5068=CARTESIAN_POINT('',(-3.54,-2.43271264655586,2.76));
#5069=CARTESIAN_POINT('Origin',(-3.8,-2.8,2.76));
#5070=CARTESIAN_POINT('',(-3.54,-3.16728735344414,2.76));
#5071=CARTESIAN_POINT('',(-3.54,2.375,2.76));
#5072=CARTESIAN_POINT('',(-3.9,-3.23874821936961,2.76));
#5073=CARTESIAN_POINT('Origin',(-3.8,-2.8,2.76));
#5074=CARTESIAN_POINT('',(-3.9,-3.28989794855664,2.76));
#5075=CARTESIAN_POINT('',(-3.9,-3.6,2.76));
#5076=CARTESIAN_POINT('',(-4.02,-3.24899888641287,2.76));
#5077=CARTESIAN_POINT('Origin',(-3.8,-2.8,2.76));
#5078=CARTESIAN_POINT('',(-4.02,-3.82941277890768,2.76));
#5079=CARTESIAN_POINT('',(-4.02,2.36,2.76));
#5080=CARTESIAN_POINT('',(-4.02,-4.17058722109232,2.76));
#5081=CARTESIAN_POINT('Origin',(-3.55,-4.,2.76));
#5082=CARTESIAN_POINT('',(-4.02,2.36,2.76));
#5083=CARTESIAN_POINT('',(-2.7,-4.92,2.76));
#5084=CARTESIAN_POINT('',(-1.91,-4.92,2.76));
#5085=CARTESIAN_POINT('',(-2.7,-5.06,2.76));
#5086=CARTESIAN_POINT('',(-2.7,-2.425,2.76));
#5087=CARTESIAN_POINT('',(-1.5,-5.06,2.76));
#5088=CARTESIAN_POINT('',(-1.35,-5.06,2.76));
#5089=CARTESIAN_POINT('',(-1.5,-2.53,2.76));
#5090=CARTESIAN_POINT('Origin',(-3.8,-4.95,2.758));
#5091=CARTESIAN_POINT('',(-1.5,-4.95,2.86));
#5092=CARTESIAN_POINT('',(-1.9,-4.95,2.86));
#5093=CARTESIAN_POINT('',(-1.5,-4.95,2.96));
#5094=CARTESIAN_POINT('',(-1.5,-4.95,2.759));
#5095=CARTESIAN_POINT('',(-2.7,-4.95,2.96));
#5096=CARTESIAN_POINT('',(-2.95,-4.95,2.96));
#5097=CARTESIAN_POINT('',(-2.7,-4.95,2.86));
#5098=CARTESIAN_POINT('',(-2.7,-4.95,2.759));
#5099=CARTESIAN_POINT('',(-3.8,-4.95,2.86));
#5100=CARTESIAN_POINT('',(-1.9,-4.95,2.86));
#5101=CARTESIAN_POINT('',(-3.8,-4.95,4.19));
#5102=CARTESIAN_POINT('',(-3.8,-4.95,2.758));
#5103=CARTESIAN_POINT('',(3.8,-4.95,4.19));
#5104=CARTESIAN_POINT('',(-3.8,-4.95,4.19));
#5105=CARTESIAN_POINT('',(3.8,-4.95,2.86));
#5106=CARTESIAN_POINT('',(3.8,-4.95,2.758));
#5107=CARTESIAN_POINT('',(-1.9,-4.95,2.86));
#5108=CARTESIAN_POINT('Origin',(0.,0.,2.86));
#5109=CARTESIAN_POINT('',(-1.5,-2.575,2.86));
#5110=CARTESIAN_POINT('Origin',(0.,0.,2.86));
#5111=CARTESIAN_POINT('',(4.05,-4.7,2.86));
#5112=CARTESIAN_POINT('Origin',(3.8,-4.7,2.86));
#5113=CARTESIAN_POINT('',(4.05,-4.,2.86));
#5114=CARTESIAN_POINT('',(4.05,-2.35,2.86));
#5115=CARTESIAN_POINT('',(3.9,-4.35707142142714,2.86));
#5116=CARTESIAN_POINT('Origin',(3.55,-4.,2.86));
#5117=CARTESIAN_POINT('',(3.9,-4.4,2.86));
#5118=CARTESIAN_POINT('',(3.9,-4.4,2.86));
#5119=CARTESIAN_POINT('',(3.52712776429834,-4.79907904530829,2.86));
#5120=CARTESIAN_POINT('Origin',(3.5,-4.4,2.86));
#5121=CARTESIAN_POINT('Origin',(3.44,-4.75,2.86));
#5122=CARTESIAN_POINT('Origin',(-2.1,-4.955,2.3));
#5123=CARTESIAN_POINT('',(-2.66,-4.89,2.3));
#5124=CARTESIAN_POINT('',(-2.66,-5.02,2.3));
#5125=CARTESIAN_POINT('',(-2.66,-4.89,2.3));
#5126=CARTESIAN_POINT('',(-1.54,-4.89,2.3));
#5127=CARTESIAN_POINT('',(-1.54,-4.89,2.3));
#5128=CARTESIAN_POINT('',(-1.54,-5.02,2.3));
#5129=CARTESIAN_POINT('',(-1.54,-5.02,2.3));
#5130=CARTESIAN_POINT('',(-2.66,-5.02,2.3));
#5131=CARTESIAN_POINT('Origin',(-2.66,-4.89,2.3));
#5132=CARTESIAN_POINT('',(-2.7,-5.06,2.34));
#5133=CARTESIAN_POINT('',(-2.66,-5.02,2.3));
#5134=CARTESIAN_POINT('',(-2.7,-4.85,2.34));
#5135=CARTESIAN_POINT('',(-2.66,-4.89,2.3));
#5136=CARTESIAN_POINT('Origin',(-2.66,-5.02,2.3));
#5137=CARTESIAN_POINT('',(-1.5,-5.06,2.34));
#5138=CARTESIAN_POINT('',(-1.54,-5.02,2.3));
#5139=CARTESIAN_POINT('',(-2.7,-5.06,2.34));
#5140=CARTESIAN_POINT('Origin',(-1.54,-5.02,2.3));
#5141=CARTESIAN_POINT('',(-1.54,-4.89,2.3));
#5142=CARTESIAN_POINT('',(-1.5,-5.06,2.34));
#5143=CARTESIAN_POINT('Origin',(-1.54,-4.89,2.3));
#5144=CARTESIAN_POINT('Origin',(-2.7,-5.06,2.34));
#5145=CARTESIAN_POINT('',(-2.7,-5.06,2.34));
#5146=CARTESIAN_POINT('',(-1.5,-5.06,2.34));
#5147=CARTESIAN_POINT('Origin',(-2.7,-4.85,2.34));
#5148=CARTESIAN_POINT('',(-2.7,-4.92,2.56));
#5149=CARTESIAN_POINT('',(-2.7,-4.92,2.45));
#5150=CARTESIAN_POINT('',(-2.7,-2.425,2.56));
#5151=CARTESIAN_POINT('Origin',(-1.5,-5.06,2.34));
#5152=CARTESIAN_POINT('Origin',(-3.82,-4.92,2.56));
#5153=CARTESIAN_POINT('',(-3.82,-4.92,2.56));
#5154=CARTESIAN_POINT('Origin',(0.,0.,2.56));
#5155=CARTESIAN_POINT('',(-4.02,-4.17058722109232,2.56));
#5156=CARTESIAN_POINT('',(-4.02,4.72,2.56));
#5157=CARTESIAN_POINT('',(-3.9,-4.35707142142714,2.56));
#5158=CARTESIAN_POINT('Origin',(-3.55,-4.,2.56));
#5159=CARTESIAN_POINT('',(-3.9,-4.7,2.56));
#5160=CARTESIAN_POINT('',(-3.9,4.7,2.56));
#5161=CARTESIAN_POINT('',(-3.8,-4.8,2.56));
#5162=CARTESIAN_POINT('Origin',(-3.8,-4.7,2.56));
#5163=CARTESIAN_POINT('',(-3.52660254037844,-4.8,2.56));
#5164=CARTESIAN_POINT('',(-3.8,-4.8,2.56));
#5165=CARTESIAN_POINT('Origin',(-3.44,-4.75,2.56));
#5166=CARTESIAN_POINT('Origin',(-1.5,-5.15,2.76));
#5167=CARTESIAN_POINT('',(-1.5,-5.15,2.96));
#5168=CARTESIAN_POINT('Origin',(-2.7,-4.85,2.76));
#5169=CARTESIAN_POINT('',(-2.7,-4.85,2.96));
#5170=CARTESIAN_POINT('',(-2.7,-2.425,2.86));
#5171=CARTESIAN_POINT('Origin',(-2.1,-5.,2.96));
#5172=CARTESIAN_POINT('Origin',(0.,0.,2.86));
#5173=CARTESIAN_POINT('',(-3.52712776429834,-4.79907904530829,2.86));
#5174=CARTESIAN_POINT('Origin',(-3.44,-4.75,2.86));
#5175=CARTESIAN_POINT('',(-3.9,-4.4,2.86));
#5176=CARTESIAN_POINT('Origin',(-3.5,-4.4,2.86));
#5177=CARTESIAN_POINT('',(-3.9,-4.35707142142714,2.86));
#5178=CARTESIAN_POINT('',(-3.9,4.4,2.86));
#5179=CARTESIAN_POINT('',(-4.05,-4.,2.86));
#5180=CARTESIAN_POINT('Origin',(-3.55,-4.,2.86));
#5181=CARTESIAN_POINT('',(-4.05,-4.7,2.86));
#5182=CARTESIAN_POINT('',(-4.05,2.35,2.86));
#5183=CARTESIAN_POINT('Origin',(-3.8,-4.7,2.86));
#5184=CARTESIAN_POINT('Origin',(3.55,-4.,2.558));
#5185=CARTESIAN_POINT('',(3.9,-3.64292857857286,2.86));
#5186=CARTESIAN_POINT('Origin',(3.55,-4.,2.86));
#5187=CARTESIAN_POINT('',(3.9,-3.64292857857286,2.56));
#5188=CARTESIAN_POINT('',(3.9,-3.64292857857286,2.558));
#5189=CARTESIAN_POINT('',(4.02,-3.82941277890768,2.56));
#5190=CARTESIAN_POINT('Origin',(3.55,-4.,2.56));
#5191=CARTESIAN_POINT('',(4.02,-3.82941277890768,2.558));
#5192=CARTESIAN_POINT('',(4.02,-4.17058722109232,2.558));
#5193=CARTESIAN_POINT('',(3.9,-4.35707142142714,2.558));
#5194=CARTESIAN_POINT('Origin',(-3.55,4.,2.558));
#5195=CARTESIAN_POINT('',(-4.05,4.,2.86));
#5196=CARTESIAN_POINT('',(-3.9,4.35707142142714,2.86));
#5197=CARTESIAN_POINT('Origin',(-3.55,4.,2.86));
#5198=CARTESIAN_POINT('',(-3.9,3.64292857857286,2.86));
#5199=CARTESIAN_POINT('Origin',(-3.55,4.,2.86));
#5200=CARTESIAN_POINT('',(-3.9,3.64292857857286,2.56));
#5201=CARTESIAN_POINT('',(-3.9,3.64292857857286,2.558));
#5202=CARTESIAN_POINT('',(-4.02,3.82941277890768,2.56));
#5203=CARTESIAN_POINT('Origin',(-3.55,4.,2.56));
#5204=CARTESIAN_POINT('',(-4.02,3.82941277890768,2.558));
#5205=CARTESIAN_POINT('',(-4.02,4.17058722109232,2.56));
#5206=CARTESIAN_POINT('',(-4.02,4.17058722109232,2.558));
#5207=CARTESIAN_POINT('',(-3.9,4.35707142142714,2.56));
#5208=CARTESIAN_POINT('Origin',(-3.55,4.,2.56));
#5209=CARTESIAN_POINT('',(-3.9,4.35707142142714,2.558));
#5210=CARTESIAN_POINT('Origin',(-3.55,-4.,2.558));
#5211=CARTESIAN_POINT('',(-3.9,-3.64292857857286,2.86));
#5212=CARTESIAN_POINT('Origin',(-3.55,-4.,2.86));
#5213=CARTESIAN_POINT('',(-3.9,-4.35707142142714,2.558));
#5214=CARTESIAN_POINT('',(-4.02,-4.17058722109232,2.558));
#5215=CARTESIAN_POINT('',(-4.02,-3.82941277890768,2.56));
#5216=CARTESIAN_POINT('',(-4.02,-3.82941277890768,2.558));
#5217=CARTESIAN_POINT('',(-3.9,-3.64292857857286,2.56));
#5218=CARTESIAN_POINT('Origin',(-3.55,-4.,2.56));
#5219=CARTESIAN_POINT('',(-3.9,-3.64292857857286,2.558));
#5220=CARTESIAN_POINT('Origin',(3.55,4.,2.558));
#5221=CARTESIAN_POINT('',(4.05,4.,2.86));
#5222=CARTESIAN_POINT('',(3.9,3.64292857857286,2.86));
#5223=CARTESIAN_POINT('Origin',(3.55,4.,2.86));
#5224=CARTESIAN_POINT('',(3.9,4.35707142142714,2.86));
#5225=CARTESIAN_POINT('Origin',(3.55,4.,2.86));
#5226=CARTESIAN_POINT('',(3.9,4.35707142142714,2.56));
#5227=CARTESIAN_POINT('',(3.9,4.35707142142714,2.558));
#5228=CARTESIAN_POINT('',(4.02,4.17058722109232,2.56));
#5229=CARTESIAN_POINT('Origin',(3.55,4.,2.56));
#5230=CARTESIAN_POINT('',(4.02,4.17058722109232,2.558));
#5231=CARTESIAN_POINT('',(4.02,3.82941277890768,2.56));
#5232=CARTESIAN_POINT('',(4.02,3.82941277890768,2.558));
#5233=CARTESIAN_POINT('',(3.9,3.64292857857286,2.56));
#5234=CARTESIAN_POINT('Origin',(3.55,4.,2.56));
#5235=CARTESIAN_POINT('',(3.9,3.64292857857286,2.558));
#5236=CARTESIAN_POINT('Origin',(4.02,-4.72,2.56));
#5237=CARTESIAN_POINT('',(4.02,-3.24899888641287,2.56));
#5238=CARTESIAN_POINT('',(4.02,-4.72,2.56));
#5239=CARTESIAN_POINT('',(4.02,-3.24899888641287,2.558));
#5240=CARTESIAN_POINT('Origin',(3.9,4.4,2.76));
#5241=CARTESIAN_POINT('',(3.9,-3.23874821936961,2.86));
#5242=CARTESIAN_POINT('',(3.9,-4.4,2.86));
#5243=CARTESIAN_POINT('',(3.9,-3.23874821936961,2.76));
#5244=CARTESIAN_POINT('',(3.9,-3.28989794855664,2.56));
#5245=CARTESIAN_POINT('',(3.9,-3.28989794855664,2.558));
#5246=CARTESIAN_POINT('',(3.9,-4.7,2.56));
#5247=CARTESIAN_POINT('Origin',(-4.02,4.72,2.56));
#5248=CARTESIAN_POINT('',(-4.02,4.72,2.56));
#5249=CARTESIAN_POINT('Origin',(-4.02,4.72,2.56));
#5250=CARTESIAN_POINT('',(-4.02,3.24899888641287,2.56));
#5251=CARTESIAN_POINT('',(-4.02,4.72,2.56));
#5252=CARTESIAN_POINT('',(-4.02,3.24899888641287,2.558));
#5253=CARTESIAN_POINT('Origin',(-3.9,-4.4,2.76));
#5254=CARTESIAN_POINT('',(-3.9,4.7,2.56));
#5255=CARTESIAN_POINT('',(-3.9,4.7,2.56));
#5256=CARTESIAN_POINT('',(-3.9,4.7,2.76));
#5257=CARTESIAN_POINT('',(-3.9,4.7,2.56));
#5258=CARTESIAN_POINT('',(-3.9,4.4,2.76));
#5259=CARTESIAN_POINT('',(-3.9,-2.35,2.76));
#5260=CARTESIAN_POINT('',(-3.9,4.4,2.86));
#5261=CARTESIAN_POINT('',(-3.9,4.4,2.76));
#5262=CARTESIAN_POINT('',(-3.9,4.4,2.86));
#5263=CARTESIAN_POINT('Origin',(-3.9,-4.4,2.76));
#5264=CARTESIAN_POINT('',(-3.9,3.23874821936961,2.86));
#5265=CARTESIAN_POINT('',(-3.9,4.4,2.86));
#5266=CARTESIAN_POINT('',(-3.9,3.23874821936961,2.76));
#5267=CARTESIAN_POINT('',(-3.9,3.28989794855664,2.56));
#5268=CARTESIAN_POINT('',(-3.9,3.28989794855664,2.558));
#5269=CARTESIAN_POINT('',(-3.9,4.7,2.56));
#5270=CARTESIAN_POINT('Origin',(0.,0.,2.86));
#5271=CARTESIAN_POINT('',(-3.9,-3.23874821936961,2.86));
#5272=CARTESIAN_POINT('',(-3.9,4.4,2.86));
#5273=CARTESIAN_POINT('',(-4.05,-3.17416573867739,2.86));
#5274=CARTESIAN_POINT('Origin',(-3.8,-2.8,2.86));
#5275=CARTESIAN_POINT('',(-4.05,2.35,2.86));
#5276=CARTESIAN_POINT('Origin',(0.,0.,2.86));
#5277=CARTESIAN_POINT('',(4.05,-3.17416573867739,2.86));
#5278=CARTESIAN_POINT('',(4.05,-2.35,2.86));
#5279=CARTESIAN_POINT('Origin',(3.8,-2.8,2.86));
#5280=CARTESIAN_POINT('Origin',(-3.9,-4.4,2.76));
#5281=CARTESIAN_POINT('',(-3.9,-3.28989794855664,2.56));
#5282=CARTESIAN_POINT('',(-3.9,4.7,2.56));
#5283=CARTESIAN_POINT('',(-3.9,-3.28989794855664,2.558));
#5284=CARTESIAN_POINT('',(-3.9,-3.23874821936961,2.76));
#5285=CARTESIAN_POINT('Origin',(0.,0.,2.56));
#5286=CARTESIAN_POINT('',(-4.02,-3.24899888641287,2.56));
#5287=CARTESIAN_POINT('',(-4.02,4.72,2.56));
#5288=CARTESIAN_POINT('Origin',(-3.8,-2.8,2.56));
#5289=CARTESIAN_POINT('Origin',(0.,0.,2.56));
#5290=CARTESIAN_POINT('Origin',(3.8,-2.8,2.56));
#5291=CARTESIAN_POINT('Origin',(-4.02,4.72,2.56));
#5292=CARTESIAN_POINT('',(-4.02,-3.24899888641287,2.558));
#5293=CARTESIAN_POINT('Origin',(0.,0.,2.86));
#5294=CARTESIAN_POINT('',(3.9,3.23874821936961,2.86));
#5295=CARTESIAN_POINT('',(3.9,-4.4,2.86));
#5296=CARTESIAN_POINT('',(4.05,3.17416573867739,2.86));
#5297=CARTESIAN_POINT('Origin',(3.8,2.8,2.86));
#5298=CARTESIAN_POINT('',(4.05,-2.35,2.86));
#5299=CARTESIAN_POINT('Origin',(0.,0.,2.86));
#5300=CARTESIAN_POINT('',(-3.52712776429834,4.79907904530829,2.86));
#5301=CARTESIAN_POINT('Origin',(-3.5,4.4,2.86));
#5302=CARTESIAN_POINT('',(-3.44,4.85,2.86));
#5303=CARTESIAN_POINT('Origin',(-3.44,4.75,2.86));
#5304=CARTESIAN_POINT('',(3.44,4.85,2.86));
#5305=CARTESIAN_POINT('',(1.72,4.85,2.86));
#5306=CARTESIAN_POINT('',(3.52712776429834,4.79907904530829,2.86));
#5307=CARTESIAN_POINT('Origin',(3.44,4.75,2.86));
#5308=CARTESIAN_POINT('',(3.9,4.4,2.86));
#5309=CARTESIAN_POINT('Origin',(3.5,4.4,2.86));
#5310=CARTESIAN_POINT('',(3.9,-4.4,2.86));
#5311=CARTESIAN_POINT('',(4.05,4.7,2.86));
#5312=CARTESIAN_POINT('',(4.05,-2.35,2.86));
#5313=CARTESIAN_POINT('',(3.8,4.95,2.86));
#5314=CARTESIAN_POINT('Origin',(3.8,4.7,2.86));
#5315=CARTESIAN_POINT('',(-3.8,4.95,2.86));
#5316=CARTESIAN_POINT('',(1.9,4.95,2.86));
#5317=CARTESIAN_POINT('',(-4.05,4.7,2.86));
#5318=CARTESIAN_POINT('Origin',(-3.8,4.7,2.86));
#5319=CARTESIAN_POINT('',(-4.05,2.35,2.86));
#5320=CARTESIAN_POINT('Origin',(0.,0.,2.86));
#5321=CARTESIAN_POINT('',(-4.05,3.17416573867739,2.86));
#5322=CARTESIAN_POINT('',(-4.05,2.35,2.86));
#5323=CARTESIAN_POINT('Origin',(-3.8,2.8,2.86));
#5324=CARTESIAN_POINT('Origin',(3.9,4.4,2.76));
#5325=CARTESIAN_POINT('',(3.9,3.28989794855664,2.56));
#5326=CARTESIAN_POINT('',(3.9,-4.7,2.56));
#5327=CARTESIAN_POINT('',(3.9,3.28989794855664,2.558));
#5328=CARTESIAN_POINT('',(3.9,3.23874821936961,2.76));
#5329=CARTESIAN_POINT('Origin',(0.,0.,2.56));
#5330=CARTESIAN_POINT('',(4.02,3.24899888641287,2.56));
#5331=CARTESIAN_POINT('',(4.02,-4.72,2.56));
#5332=CARTESIAN_POINT('Origin',(3.8,2.8,2.56));
#5333=CARTESIAN_POINT('Origin',(0.,0.,2.56));
#5334=CARTESIAN_POINT('',(4.02,-4.72,2.56));
#5335=CARTESIAN_POINT('',(3.9,4.7,2.56));
#5336=CARTESIAN_POINT('',(3.9,-4.7,2.56));
#5337=CARTESIAN_POINT('',(3.8,4.8,2.56));
#5338=CARTESIAN_POINT('Origin',(3.8,4.7,2.56));
#5339=CARTESIAN_POINT('',(3.52660254037844,4.8,2.56));
#5340=CARTESIAN_POINT('',(3.8,4.8,2.56));
#5341=CARTESIAN_POINT('',(3.44,4.85,2.56));
#5342=CARTESIAN_POINT('Origin',(3.44,4.75,2.56));
#5343=CARTESIAN_POINT('',(-3.44,4.85,2.56));
#5344=CARTESIAN_POINT('',(1.72,4.85,2.56));
#5345=CARTESIAN_POINT('',(-3.52660254037844,4.8,2.56));
#5346=CARTESIAN_POINT('Origin',(-3.44,4.75,2.56));
#5347=CARTESIAN_POINT('',(-3.8,4.8,2.56));
#5348=CARTESIAN_POINT('',(3.8,4.8,2.56));
#5349=CARTESIAN_POINT('Origin',(-3.8,4.7,2.56));
#5350=CARTESIAN_POINT('Origin',(0.,0.,2.56));
#5351=CARTESIAN_POINT('Origin',(-3.8,2.8,2.56));
#5352=CARTESIAN_POINT('Origin',(4.02,-4.72,2.56));
#5353=CARTESIAN_POINT('',(4.02,3.24899888641287,2.558));
#5354=CARTESIAN_POINT('Origin',(-3.54,4.75,2.558));
#5355=CARTESIAN_POINT('',(-3.54,-3.16728735344414,2.862));
#5356=CARTESIAN_POINT('',(-3.54,-3.16728735344414,2.76));
#5357=CARTESIAN_POINT('',(-3.54,-2.43271264655586,2.862));
#5358=CARTESIAN_POINT('',(-3.54,-2.43271264655586,2.76));
#5359=CARTESIAN_POINT('',(-3.54,4.75,2.862));
#5360=CARTESIAN_POINT('Origin',(3.44,4.75,2.558));
#5361=CARTESIAN_POINT('',(3.44,4.85,2.558));
#5362=CARTESIAN_POINT('',(3.52660254037844,4.8,2.76));
#5363=CARTESIAN_POINT('',(3.52660254037844,4.8,2.558));
#5364=CARTESIAN_POINT('',(3.52712776429834,4.79907904530829,2.76));
#5365=CARTESIAN_POINT('Origin',(3.44,4.75,2.76));
#5366=CARTESIAN_POINT('',(3.52712776429834,4.79907904530829,2.558));
#5367=CARTESIAN_POINT('Origin',(0.,0.,2.862));
#5368=CARTESIAN_POINT('',(3.54,3.16728735344414,2.862));
#5369=CARTESIAN_POINT('',(3.54,2.43271264655586,2.862));
#5370=CARTESIAN_POINT('Origin',(3.8,2.8,2.862));
#5371=CARTESIAN_POINT('',(3.54,-4.75,2.862));
#5372=CARTESIAN_POINT('Origin',(0.,0.,2.862));
#5373=CARTESIAN_POINT('',(3.54,-2.43271264655586,2.862));
#5374=CARTESIAN_POINT('',(3.54,-3.16728735344414,2.862));
#5375=CARTESIAN_POINT('Origin',(3.8,-2.8,2.862));
#5376=CARTESIAN_POINT('',(3.54,-4.75,2.862));
#5377=CARTESIAN_POINT('Origin',(0.,0.,2.862));
#5378=CARTESIAN_POINT('Origin',(-3.8,-2.8,2.862));
#5379=CARTESIAN_POINT('Origin',(0.,0.,2.862));
#5380=CARTESIAN_POINT('',(-3.54,2.43271264655586,2.862));
#5381=CARTESIAN_POINT('',(-3.54,3.16728735344414,2.862));
#5382=CARTESIAN_POINT('Origin',(-3.8,2.8,2.862));
#5383=CARTESIAN_POINT('',(-3.54,4.75,2.862));
#5384=CARTESIAN_POINT('Origin',(3.54,-4.75,2.558));
#5385=CARTESIAN_POINT('',(3.54,-2.43271264655586,2.76));
#5386=CARTESIAN_POINT('',(3.54,-3.16728735344414,2.76));
#5387=CARTESIAN_POINT('Origin',(-3.44,-4.75,2.558));
#5388=CARTESIAN_POINT('',(-3.52660254037844,-4.8,2.76));
#5389=CARTESIAN_POINT('',(-3.52660254037844,-4.8,2.558));
#5390=CARTESIAN_POINT('',(-3.52712776429834,-4.79907904530829,2.76));
#5391=CARTESIAN_POINT('Origin',(-3.44,-4.75,2.76));
#5392=CARTESIAN_POINT('',(-3.52712776429834,-4.79907904530829,2.558));
#5393=CARTESIAN_POINT('Origin',(-3.54,4.75,2.558));
#5394=CARTESIAN_POINT('',(-3.54,2.43271264655586,2.76));
#5395=CARTESIAN_POINT('',(-3.54,3.16728735344414,2.76));
#5396=CARTESIAN_POINT('Origin',(-3.44,4.75,2.558));
#5397=CARTESIAN_POINT('',(-3.52712776429834,4.79907904530829,2.76));
#5398=CARTESIAN_POINT('',(-3.52712776429834,4.79907904530829,2.558));
#5399=CARTESIAN_POINT('',(-3.52660254037844,4.8,2.76));
#5400=CARTESIAN_POINT('Origin',(-3.44,4.75,2.76));
#5401=CARTESIAN_POINT('',(-3.52660254037844,4.8,2.558));
#5402=CARTESIAN_POINT('',(-3.44,4.85,2.558));
#5403=CARTESIAN_POINT('Origin',(3.44,4.85,2.558));
#5404=CARTESIAN_POINT('Origin',(3.54,-4.75,2.558));
#5405=CARTESIAN_POINT('',(3.54,3.16728735344414,2.76));
#5406=CARTESIAN_POINT('',(3.54,2.43271264655586,2.76));
#5407=CARTESIAN_POINT('Origin',(3.44,-4.75,2.558));
#5408=CARTESIAN_POINT('',(3.52712776429834,-4.79907904530829,2.76));
#5409=CARTESIAN_POINT('',(3.52712776429834,-4.79907904530829,2.558));
#5410=CARTESIAN_POINT('',(3.52660254037844,-4.8,2.76));
#5411=CARTESIAN_POINT('Origin',(3.44,-4.75,2.76));
#5412=CARTESIAN_POINT('',(3.52660254037844,-4.8,2.558));
#5413=CARTESIAN_POINT('Origin',(-3.8,2.8,2.76));
#5414=CARTESIAN_POINT('',(-4.05,3.17416573867739,4.19));
#5415=CARTESIAN_POINT('',(-4.05,3.17416573867739,2.76));
#5416=CARTESIAN_POINT('',(-4.05,2.42583426132261,4.19));
#5417=CARTESIAN_POINT('Origin',(-3.8,2.8,4.19));
#5418=CARTESIAN_POINT('',(-4.05,2.42583426132261,2.86));
#5419=CARTESIAN_POINT('',(-4.05,2.42583426132261,2.76));
#5420=CARTESIAN_POINT('',(-3.9,2.36125178063039,2.86));
#5421=CARTESIAN_POINT('Origin',(-3.8,2.8,2.86));
#5422=CARTESIAN_POINT('',(-3.9,2.36125178063039,2.76));
#5423=CARTESIAN_POINT('Origin',(-3.8,-2.8,2.76));
#5424=CARTESIAN_POINT('',(-3.9,-2.36125178063039,2.86));
#5425=CARTESIAN_POINT('',(-3.9,-2.36125178063039,2.76));
#5426=CARTESIAN_POINT('',(-4.05,-2.42583426132261,2.86));
#5427=CARTESIAN_POINT('Origin',(-3.8,-2.8,2.86));
#5428=CARTESIAN_POINT('',(-4.05,-2.42583426132261,4.19));
#5429=CARTESIAN_POINT('',(-4.05,-2.42583426132261,2.76));
#5430=CARTESIAN_POINT('',(-4.05,-3.17416573867739,4.19));
#5431=CARTESIAN_POINT('Origin',(-3.8,-2.8,4.19));
#5432=CARTESIAN_POINT('',(-4.05,-3.17416573867739,2.76));
#5433=CARTESIAN_POINT('Origin',(0.,0.,2.76));
#5434=CARTESIAN_POINT('',(3.8,4.8,2.76));
#5435=CARTESIAN_POINT('',(-1.9,4.8,2.76));
#5436=CARTESIAN_POINT('',(3.9,4.7,2.76));
#5437=CARTESIAN_POINT('Origin',(3.8,4.7,2.76));
#5438=CARTESIAN_POINT('',(3.9,4.4,2.76));
#5439=CARTESIAN_POINT('',(3.9,2.35,2.76));
#5440=CARTESIAN_POINT('Origin',(3.5,4.4,2.76));
#5441=CARTESIAN_POINT('Origin',(-3.5,4.8,2.76));
#5442=CARTESIAN_POINT('',(-3.8,4.8,2.76));
#5443=CARTESIAN_POINT('',(-1.9,4.8,2.76));
#5444=CARTESIAN_POINT('',(-3.8,4.8,2.56));
#5445=CARTESIAN_POINT('Origin',(-3.5,4.8,2.76));
#5446=CARTESIAN_POINT('',(3.8,4.8,2.56));
#5447=CARTESIAN_POINT('Origin',(3.8,2.8,2.76));
#5448=CARTESIAN_POINT('',(3.9,2.36125178063039,2.86));
#5449=CARTESIAN_POINT('',(3.9,2.36125178063039,2.76));
#5450=CARTESIAN_POINT('',(4.05,2.42583426132261,2.86));
#5451=CARTESIAN_POINT('Origin',(3.8,2.8,2.86));
#5452=CARTESIAN_POINT('',(4.05,2.42583426132261,4.19));
#5453=CARTESIAN_POINT('',(4.05,2.42583426132261,2.76));
#5454=CARTESIAN_POINT('',(4.05,3.17416573867739,4.19));
#5455=CARTESIAN_POINT('Origin',(3.8,2.8,4.19));
#5456=CARTESIAN_POINT('',(4.05,3.17416573867739,2.76));
#5457=CARTESIAN_POINT('Origin',(3.8,-2.8,2.76));
#5458=CARTESIAN_POINT('',(4.05,-3.17416573867739,4.19));
#5459=CARTESIAN_POINT('',(4.05,-3.17416573867739,2.76));
#5460=CARTESIAN_POINT('',(4.05,-2.42583426132261,4.19));
#5461=CARTESIAN_POINT('Origin',(3.8,-2.8,4.19));
#5462=CARTESIAN_POINT('',(4.05,-2.42583426132261,2.86));
#5463=CARTESIAN_POINT('',(4.05,-2.42583426132261,2.76));
#5464=CARTESIAN_POINT('',(3.9,-2.36125178063039,2.86));
#5465=CARTESIAN_POINT('Origin',(3.8,-2.8,2.86));
#5466=CARTESIAN_POINT('',(3.9,-2.36125178063039,2.76));
#5467=CARTESIAN_POINT('Origin',(-3.5,-4.4,2.76));
#5468=CARTESIAN_POINT('',(-3.9,-4.4,2.76));
#5469=CARTESIAN_POINT('Origin',(-3.5,-4.4,2.76));
#5470=CARTESIAN_POINT('',(-3.9,-4.4,2.76));
#5471=CARTESIAN_POINT('Origin',(0.,0.,2.76));
#5472=CARTESIAN_POINT('',(-3.8,-4.8,2.76));
#5473=CARTESIAN_POINT('',(1.9,-4.8,2.76));
#5474=CARTESIAN_POINT('',(-3.9,-4.7,2.76));
#5475=CARTESIAN_POINT('Origin',(-3.8,-4.7,2.76));
#5476=CARTESIAN_POINT('',(-3.9,-2.35,2.76));
#5477=CARTESIAN_POINT('Origin',(3.5,-4.8,2.76));
#5478=CARTESIAN_POINT('',(3.8,-4.8,2.76));
#5479=CARTESIAN_POINT('',(1.9,-4.8,2.76));
#5480=CARTESIAN_POINT('',(3.8,-4.8,2.56));
#5481=CARTESIAN_POINT('Origin',(3.5,-4.8,2.76));
#5482=CARTESIAN_POINT('',(-3.8,-4.8,2.56));
#5483=CARTESIAN_POINT('Origin',(3.55,-4.,3.258));
#5484=CARTESIAN_POINT('',(3.34,-4.,3.26));
#5485=CARTESIAN_POINT('Origin',(3.55,-4.,3.26));
#5486=CARTESIAN_POINT('',(3.34,-4.,3.76));
#5487=CARTESIAN_POINT('',(3.34,-4.,3.258));
#5488=CARTESIAN_POINT('Origin',(3.55,-4.,3.76));
#5489=CARTESIAN_POINT('Origin',(3.55,-4.,3.76));
#5490=CARTESIAN_POINT('Origin',(-3.55,4.,3.258));
#5491=CARTESIAN_POINT('',(-3.76,4.,3.26));
#5492=CARTESIAN_POINT('Origin',(-3.55,4.,3.26));
#5493=CARTESIAN_POINT('',(-3.76,4.,3.76));
#5494=CARTESIAN_POINT('',(-3.76,4.,3.258));
#5495=CARTESIAN_POINT('Origin',(-3.55,4.,3.76));
#5496=CARTESIAN_POINT('Origin',(-3.55,4.,3.76));
#5497=CARTESIAN_POINT('Origin',(-3.55,-4.,3.258));
#5498=CARTESIAN_POINT('',(-3.76,-4.,3.26));
#5499=CARTESIAN_POINT('Origin',(-3.55,-4.,3.26));
#5500=CARTESIAN_POINT('',(-3.76,-4.,3.76));
#5501=CARTESIAN_POINT('',(-3.76,-4.,3.258));
#5502=CARTESIAN_POINT('Origin',(-3.55,-4.,3.76));
#5503=CARTESIAN_POINT('Origin',(-3.55,-4.,3.76));
#5504=CARTESIAN_POINT('Origin',(3.55,4.,3.258));
#5505=CARTESIAN_POINT('',(3.34,4.,3.26));
#5506=CARTESIAN_POINT('Origin',(3.55,4.,3.26));
#5507=CARTESIAN_POINT('',(3.34,4.,3.76));
#5508=CARTESIAN_POINT('',(3.34,4.,3.258));
#5509=CARTESIAN_POINT('Origin',(3.55,4.,3.76));
#5510=CARTESIAN_POINT('Origin',(3.55,4.,3.76));
#5511=CARTESIAN_POINT('Origin',(3.8,-2.8,4.17));
#5512=CARTESIAN_POINT('',(3.48,-2.8,4.17));
#5513=CARTESIAN_POINT('Origin',(3.8,-2.8,4.17));
#5514=CARTESIAN_POINT('',(3.48,-2.8,4.49));
#5515=CARTESIAN_POINT('',(3.48,-2.8,4.17));
#5516=CARTESIAN_POINT('Origin',(3.8,-2.8,4.49));
#5517=CARTESIAN_POINT('Origin',(3.8,-2.8,4.17));
#5518=CARTESIAN_POINT('',(3.63,-2.8,4.17));
#5519=CARTESIAN_POINT('Origin',(3.8,-2.8,4.17));
#5520=CARTESIAN_POINT('Origin',(-3.8,2.8,4.17));
#5521=CARTESIAN_POINT('',(-4.12,2.8,4.17));
#5522=CARTESIAN_POINT('Origin',(-3.8,2.8,4.17));
#5523=CARTESIAN_POINT('',(-4.12,2.8,4.49));
#5524=CARTESIAN_POINT('',(-4.12,2.8,4.17));
#5525=CARTESIAN_POINT('Origin',(-3.8,2.8,4.49));
#5526=CARTESIAN_POINT('Origin',(-3.8,2.8,4.17));
#5527=CARTESIAN_POINT('',(-3.97,2.8,4.17));
#5528=CARTESIAN_POINT('Origin',(-3.8,2.8,4.17));
#5529=CARTESIAN_POINT('Origin',(-3.8,-2.8,4.17));
#5530=CARTESIAN_POINT('',(-4.12,-2.8,4.17));
#5531=CARTESIAN_POINT('Origin',(-3.8,-2.8,4.17));
#5532=CARTESIAN_POINT('',(-4.12,-2.8,4.49));
#5533=CARTESIAN_POINT('',(-4.12,-2.8,4.17));
#5534=CARTESIAN_POINT('Origin',(-3.8,-2.8,4.49));
#5535=CARTESIAN_POINT('Origin',(-3.8,-2.8,4.17));
#5536=CARTESIAN_POINT('',(-3.97,-2.8,4.17));
#5537=CARTESIAN_POINT('Origin',(-3.8,-2.8,4.17));
#5538=CARTESIAN_POINT('Origin',(3.8,2.8,4.17));
#5539=CARTESIAN_POINT('',(3.48,2.8,4.17));
#5540=CARTESIAN_POINT('Origin',(3.8,2.8,4.17));
#5541=CARTESIAN_POINT('',(3.48,2.8,4.49));
#5542=CARTESIAN_POINT('',(3.48,2.8,4.17));
#5543=CARTESIAN_POINT('Origin',(3.8,2.8,4.49));
#5544=CARTESIAN_POINT('Origin',(3.8,2.8,4.17));
#5545=CARTESIAN_POINT('',(3.63,2.8,4.17));
#5546=CARTESIAN_POINT('Origin',(3.8,2.8,4.17));
#5547=CARTESIAN_POINT('Origin',(3.8,-2.8,2.758));
#5548=CARTESIAN_POINT('',(3.63,-2.8,2.758));
#5549=CARTESIAN_POINT('Origin',(-3.8,2.8,2.758));
#5550=CARTESIAN_POINT('',(-3.97,2.8,2.758));
#5551=CARTESIAN_POINT('Origin',(-3.8,-2.8,2.758));
#5552=CARTESIAN_POINT('',(-3.97,-2.8,2.758));
#5553=CARTESIAN_POINT('Origin',(3.8,2.8,2.758));
#5554=CARTESIAN_POINT('',(3.63,2.8,2.758));
#5555=CARTESIAN_POINT('Ctrl Pts',(-2.43,-3.755,4.44));
#5556=CARTESIAN_POINT('Ctrl Pts',(-2.44184294871797,-3.76703525641028,4.45666666666669));
#5557=CARTESIAN_POINT('Ctrl Pts',(-2.45368589743594,-3.77907051282055,4.47333333333339));
#5558=CARTESIAN_POINT('Ctrl Pts',(-2.46552884615391,-3.79110576923083,4.49000000000008));
#5559=CARTESIAN_POINT('Ctrl Pts',(-1.62,-3.755,4.44));
#5560=CARTESIAN_POINT('Ctrl Pts',(-1.62857172656486,-3.76703525591078,4.45666666666669));
#5561=CARTESIAN_POINT('Ctrl Pts',(-1.63714344625774,-3.77907051332005,4.47333333333339));
#5562=CARTESIAN_POINT('Ctrl Pts',(-1.6457151728226,-3.79110576923083,4.49000000000008));
#5563=CARTESIAN_POINT('Ctrl Pts',(-0.40500090987447,-3.75500084275721,4.43999999999997));
#5564=CARTESIAN_POINT('Ctrl Pts',(-0.407143837757026,-3.76703609986231,
4.45666666666667));
#5565=CARTESIAN_POINT('Ctrl Pts',(-0.409286734356569,-3.77907130375049,
4.47333333333336));
#5566=CARTESIAN_POINT('Ctrl Pts',(-0.411429662239125,-3.79110656085559,
4.49000000000005));
#5567=CARTESIAN_POINT('Ctrl Pts',(1.01250462545634,-3.75500439441927,4.43999999999994));
#5568=CARTESIAN_POINT('Ctrl Pts',(1.01786195044548,-3.76703965024437,4.45666666666663));
#5569=CARTESIAN_POINT('Ctrl Pts',(1.02321926415645,-3.77907482581346,4.47333333333333));
#5570=CARTESIAN_POINT('Ctrl Pts',(1.02857658914559,-3.79111008163856,4.49000000000002));
#5571=CARTESIAN_POINT('Ctrl Pts',(1.72125136190166,-3.75500424657686,4.43999999999991));
#5572=CARTESIAN_POINT('Ctrl Pts',(1.73002589521298,-3.76703950391869,4.4566666666666));
#5573=CARTESIAN_POINT('Ctrl Pts',(1.73880047410771,-3.77907461797901,4.4733333333333));
#5574=CARTESIAN_POINT('Ctrl Pts',(1.74757500741903,-3.79110987532085,4.48999999999999));
#5575=CARTESIAN_POINT('Ctrl Pts',(2.12625754564715,-3.7550070565454,4.4399999999999));
#5576=CARTESIAN_POINT('Ctrl Pts',(2.13684206790508,-3.76704231078528,4.4566666666666));
#5577=CARTESIAN_POINT('Ctrl Pts',(2.14742658580045,-3.77907744216941,4.47333333333329));
#5578=CARTESIAN_POINT('Ctrl Pts',(2.15801110805838,-3.79111269640929,4.48999999999999));
#5579=CARTESIAN_POINT('Ctrl Pts',(2.32874825083615,-3.75500379732583,4.43999999999989));
#5580=CARTESIAN_POINT('Ctrl Pts',(2.34018232611044,-3.76703906038948,4.45666666666658));
#5581=CARTESIAN_POINT('Ctrl Pts',(2.35161643829995,-3.77907411941112,4.47333333333327));
#5582=CARTESIAN_POINT('Ctrl Pts',(2.36305051357425,-3.79110938247478,4.48999999999997));
#5583=CARTESIAN_POINT('Ctrl Pts',(2.44307474634237,-3.75501251503657,4.43999999999988));
#5584=CARTESIAN_POINT('Ctrl Pts',(2.45497036523826,-3.76704775681238,4.45666666666657));
#5585=CARTESIAN_POINT('Ctrl Pts',(2.46686597539235,-3.7790829117333,4.47333333333327));
#5586=CARTESIAN_POINT('Ctrl Pts',(2.47876159428824,-3.79111815350912,4.48999999999996));
#5587=CARTESIAN_POINT('Ctrl Pts',(2.46916758121326,-3.74981169374958,4.43999999999988));
#5588=CARTESIAN_POINT('Ctrl Pts',(2.48115767327096,-3.76182228551424,4.45666666666657));
#5589=CARTESIAN_POINT('Ctrl Pts',(2.49314702424186,-3.77383261527956,4.47333333333327));
#5590=CARTESIAN_POINT('Ctrl Pts',(2.50513711629955,-3.78584320704422,4.48999999999996));
#5591=CARTESIAN_POINT('Ctrl Pts',(2.51375672824696,-3.72023900295079,4.43999999999988));
#5592=CARTESIAN_POINT('Ctrl Pts',(2.5258756555941,-3.73214676170732,4.45666666666658));
#5593=CARTESIAN_POINT('Ctrl Pts',(2.53799468010494,-3.74405468754582,4.47333333333327));
#5594=CARTESIAN_POINT('Ctrl Pts',(2.55011360745208,-3.75596244630235,4.48999999999996));
#5595=CARTESIAN_POINT('Ctrl Pts',(2.53009281208212,-3.681213138446,4.43999999999988));
#5596=CARTESIAN_POINT('Ctrl Pts',(2.54225561447072,-3.69301175956621,4.45666666666658));
#5597=CARTESIAN_POINT('Ctrl Pts',(2.55441864379386,-3.70481044857064,4.47333333333327));
#5598=CARTESIAN_POINT('Ctrl Pts',(2.56658144618246,-3.71660906969085,4.48999999999996));
#5599=CARTESIAN_POINT('Ctrl Pts',(2.52995883655787,-3.61690765394755,4.43999999999988));
#5600=CARTESIAN_POINT('Ctrl Pts',(2.54212267209276,-3.62850039307768,4.45666666666658));
#5601=CARTESIAN_POINT('Ctrl Pts',(2.55428609196353,-3.64009325394156,4.47333333333327));
#5602=CARTESIAN_POINT('Ctrl Pts',(2.56644992749842,-3.65168599307169,4.48999999999997));
#5603=CARTESIAN_POINT('Ctrl Pts',(2.53000453751221,-3.54077987411017,4.43999999999989));
#5604=CARTESIAN_POINT('Ctrl Pts',(2.54216783228175,-3.55212852054844,4.45666666666658));
#5605=CARTESIAN_POINT('Ctrl Pts',(2.55433149683915,-3.56347731446667,4.47333333333327));
#5606=CARTESIAN_POINT('Ctrl Pts',(2.56649479160869,-3.57482596090494,4.48999999999997));
#5607=CARTESIAN_POINT('Ctrl Pts',(2.52998125485971,-3.38847916518982,4.43999999999989));
#5608=CARTESIAN_POINT('Ctrl Pts',(2.54214478280408,-3.39933971380781,4.45666666666658));
#5609=CARTESIAN_POINT('Ctrl Pts',(2.55430841310007,-3.41020039808231,4.47333333333328));
#5610=CARTESIAN_POINT('Ctrl Pts',(2.56647194104444,-3.42106094670031,4.48999999999997));
#5611=CARTESIAN_POINT('Ctrl Pts',(2.53000012685121,-3.12197628053413,4.4399999999999));
#5612=CARTESIAN_POINT('Ctrl Pts',(2.54216355318481,-3.13198262010722,4.45666666666659));
#5613=CARTESIAN_POINT('Ctrl Pts',(2.55432703339053,-3.14198907719016,4.47333333333329));
#5614=CARTESIAN_POINT('Ctrl Pts',(2.56649045972413,-3.15199541676325,4.48999999999998));
#5615=CARTESIAN_POINT('Ctrl Pts',(2.52998357483496,-2.58894983310956,4.43999999999991));
#5616=CARTESIAN_POINT('Ctrl Pts',(2.54214706360196,-2.59724778192677,4.45666666666661));
#5617=CARTESIAN_POINT('Ctrl Pts',(2.55431079399354,-2.60554585928652,4.4733333333333));
#5618=CARTESIAN_POINT('Ctrl Pts',(2.56647428276053,-2.61384380810374,4.49));
#5619=CARTESIAN_POINT('Ctrl Pts',(2.53001119714217,-1.5229180266232,4.43999999999996));
#5620=CARTESIAN_POINT('Ctrl Pts',(2.54217461727504,-1.5277991577682,4.45666666666665));
#5621=CARTESIAN_POINT('Ctrl Pts',(2.55433777309082,-1.53268027360759,4.47333333333335));
#5622=CARTESIAN_POINT('Ctrl Pts',(2.5665011932237,-1.53756140475259,4.49000000000004));
#5623=CARTESIAN_POINT('Ctrl Pts',(2.52995852413474,1.30438292259168E-5,
4.43999999999995));
#5624=CARTESIAN_POINT('Ctrl Pts',(2.54212206205873,1.30183490212847E-5,
4.45666666666665));
#5625=CARTESIAN_POINT('Ctrl Pts',(2.55428696940983,1.25572210284321E-5,
4.47333333333334));
#5626=CARTESIAN_POINT('Ctrl Pts',(2.56645050733382,1.25317408238E-5,4.49000000000004));
#5627=CARTESIAN_POINT('Ctrl Pts',(2.5300596254794,1.82749449572125,4.43999999999996));
#5628=CARTESIAN_POINT('Ctrl Pts',(2.54222294557517,1.83335191690662,4.45666666666666));
#5629=CARTESIAN_POINT('Ctrl Pts',(2.55438474884451,1.83920971836906,4.47333333333335));
#5630=CARTESIAN_POINT('Ctrl Pts',(2.56654806894029,1.84506713955444,4.49000000000005));
#5631=CARTESIAN_POINT('Ctrl Pts',(2.52983075705311,3.04589215896879,4.43999999999979));
#5632=CARTESIAN_POINT('Ctrl Pts',(2.5419944788606,3.05565435320372,4.45666666666648));
#5633=CARTESIAN_POINT('Ctrl Pts',(2.55416501825638,3.06541430329307,4.47333333333318));
#5634=CARTESIAN_POINT('Ctrl Pts',(2.56632874006388,3.075176497528,4.48999999999987));
#5635=CARTESIAN_POINT('Ctrl Pts',(2.53012706733807,3.68119609907537,4.43999999999975));
#5636=CARTESIAN_POINT('Ctrl Pts',(2.54228986327618,3.69299498493524,4.45666666666644));
#5637=CARTESIAN_POINT('Ctrl Pts',(2.55445167313684,3.70479375800078,4.47333333333314));
#5638=CARTESIAN_POINT('Ctrl Pts',(2.56661446907495,3.71659264386065,4.48999999999983));
#5639=CARTESIAN_POINT('Ctrl Pts',(2.50823345783146,3.73335263494076,4.43999999999975));
#5640=CARTESIAN_POINT('Ctrl Pts',(2.52033955916586,3.74529524804125,4.45666666666645));
#5641=CARTESIAN_POINT('Ctrl Pts',(2.53244609803682,3.75723932309049,4.47333333333314));
#5642=CARTESIAN_POINT('Ctrl Pts',(2.54455219937122,3.76918193619098,4.48999999999983));
#5643=CARTESIAN_POINT('Ctrl Pts',(2.45611495367728,3.75513721955282,4.43999999999975));
#5644=CARTESIAN_POINT('Ctrl Pts',(2.4680640127534,3.76717203157072,4.45666666666644));
#5645=CARTESIAN_POINT('Ctrl Pts',(2.48001555134718,3.77920497426285,4.47333333333314));
#5646=CARTESIAN_POINT('Ctrl Pts',(2.49196461042331,3.79123978628075,4.48999999999983));
#5647=CARTESIAN_POINT('Ctrl Pts',(1.62005505619666,3.75476195097104,4.43999999999983));
#5648=CARTESIAN_POINT('Ctrl Pts',(1.62862663365941,3.76679746768142,4.45666666666652));
#5649=CARTESIAN_POINT('Ctrl Pts',(1.63719132521496,3.77883885731102,4.47333333333321));
#5650=CARTESIAN_POINT('Ctrl Pts',(1.64576290267771,3.79087437402139,4.48999999999991));
#5651=CARTESIAN_POINT('Ctrl Pts',(5.09392391491542E-8,3.75518734756431,
4.44000000000002));
#5652=CARTESIAN_POINT('Ctrl Pts',(5.09121962514935E-8,3.76722227838117,
4.45666666666671));
#5653=CARTESIAN_POINT('Ctrl Pts',(4.85855338956416E-8,3.77925313998366,
4.47333333333341));
#5654=CARTESIAN_POINT('Ctrl Pts',(4.85584909979808E-8,3.79128807080052,
4.4900000000001));
#5655=CARTESIAN_POINT('Ctrl Pts',(-1.62005550212863,3.75476168299086,4.44));
#5656=CARTESIAN_POINT('Ctrl Pts',(-1.62862707954836,3.76679719970866,4.45666666666669));
#5657=CARTESIAN_POINT('Ctrl Pts',(-1.63719175030809,3.77883859490155,4.47333333333338));
#5658=CARTESIAN_POINT('Ctrl Pts',(-1.64576332772782,3.79087411161934,4.49000000000008));
#5659=CARTESIAN_POINT('Ctrl Pts',(-2.45611552408936,3.75513679776545,4.44000000000002));
#5660=CARTESIAN_POINT('Ctrl Pts',(-2.4680645832362,3.76717160975084,4.45666666666671));
#5661=CARTESIAN_POINT('Ctrl Pts',(-2.48001609494698,3.7792045613023,4.47333333333341));
#5662=CARTESIAN_POINT('Ctrl Pts',(-2.49196515409382,3.7912393732877,4.4900000000001));
#5663=CARTESIAN_POINT('Ctrl Pts',(-2.50823403041918,3.73335221219164,4.44000000000002));
#5664=CARTESIAN_POINT('Ctrl Pts',(-2.52034013136247,3.74529482547408,4.45666666666671));
#5665=CARTESIAN_POINT('Ctrl Pts',(-2.53244664419073,3.75723890896498,4.47333333333341));
#5666=CARTESIAN_POINT('Ctrl Pts',(-2.54455274513402,3.76918152224742,4.4900000000001));
#5667=CARTESIAN_POINT('Ctrl Pts',(-2.53012763586965,3.6811956790836,4.44000000000002));
#5668=CARTESIAN_POINT('Ctrl Pts',(-2.54229043228223,3.69299456472259,4.45666666666671));
#5669=CARTESIAN_POINT('Ctrl Pts',(-2.55445221452251,3.70479334699535,4.47333333333341));
#5670=CARTESIAN_POINT('Ctrl Pts',(-2.56661501093509,3.71659223263434,4.4900000000001));
#5671=CARTESIAN_POINT('Ctrl Pts',(-2.52983172262015,3.04589142704083,4.44000000000001));
#5672=CARTESIAN_POINT('Ctrl Pts',(-2.54199543379801,3.05565362614512,4.45666666666671));
#5673=CARTESIAN_POINT('Ctrl Pts',(-2.55416595091651,3.06541358093488,4.4733333333334));
#5674=CARTESIAN_POINT('Ctrl Pts',(-2.56632966209437,3.07517578003917,4.4900000000001));
#5675=CARTESIAN_POINT('Ctrl Pts',(-2.53006800414531,1.82748845850374,4.44));
#5676=CARTESIAN_POINT('Ctrl Pts',(-2.54223134295768,1.83334587095725,4.4566666666667));
#5677=CARTESIAN_POINT('Ctrl Pts',(-2.55439265463994,1.83920385369927,4.47333333333339));
#5678=CARTESIAN_POINT('Ctrl Pts',(-2.56655599345231,1.84506126615278,4.49000000000008));
#5679=CARTESIAN_POINT('Ctrl Pts',(-2.52995127532499,1.54907566036516E-5,
4.44));
#5680=CARTESIAN_POINT('Ctrl Pts',(-2.54211482036141,1.54658442154397E-5,
4.4566666666667));
#5681=CARTESIAN_POINT('Ctrl Pts',(-2.55428027159673,1.47938150035281E-5,
4.47333333333339));
#5682=CARTESIAN_POINT('Ctrl Pts',(-2.56644381663315,1.47689026153163E-5,
4.49000000000009));
#5683=CARTESIAN_POINT('Ctrl Pts',(-2.53004362565461,-1.5229304675821,4.44));
#5684=CARTESIAN_POINT('Ctrl Pts',(-2.54220701953292,-1.52781159476403,4.4566666666667));
#5685=CARTESIAN_POINT('Ctrl Pts',(-2.5543695470184,-1.53269259314094,4.47333333333339));
#5686=CARTESIAN_POINT('Ctrl Pts',(-2.56653294089671,-1.53757372032286,4.49000000000008));
#5687=CARTESIAN_POINT('Ctrl Pts',(-2.53003362577699,-2.58896889052512,4.44));
#5688=CARTESIAN_POINT('Ctrl Pts',(-2.5421971444156,-2.59726684376897,4.45666666666669));
#5689=CARTESIAN_POINT('Ctrl Pts',(-2.5543599509582,-2.60556482367229,4.47333333333339));
#5690=CARTESIAN_POINT('Ctrl Pts',(-2.56652346959681,-2.61386277691614,4.49000000000008));
#5691=CARTESIAN_POINT('Ctrl Pts',(-2.53006808635421,-3.19814867496809,4.44));
#5692=CARTESIAN_POINT('Ctrl Pts',(-2.54223146268695,-3.20839906475406,4.45666666666669));
#5693=CARTESIAN_POINT('Ctrl Pts',(-2.55439382484578,-3.21864943276545,4.47333333333339));
#5694=CARTESIAN_POINT('Ctrl Pts',(-2.56655720117852,-3.22889982255141,4.49000000000008));
#5695=CARTESIAN_POINT('Ctrl Pts',(-2.53003562185083,-3.50271792613897,4.44));
#5696=CARTESIAN_POINT('Ctrl Pts',(-2.54219925819493,-3.51394457327977,4.45666666666669));
#5697=CARTESIAN_POINT('Ctrl Pts',(-2.55436174910841,-3.52517124432128,4.47333333333339));
#5698=CARTESIAN_POINT('Ctrl Pts',(-2.56652538545251,-3.53639789146208,4.49000000000008));
#5699=CARTESIAN_POINT('Ctrl Pts',(-2.53012863145384,-3.68122741037891,4.44));
#5700=CARTESIAN_POINT('Ctrl Pts',(-2.54229177332225,-3.69302603459766,4.45666666666669));
#5701=CARTESIAN_POINT('Ctrl Pts',(-2.55445347301118,-3.70482457114238,4.47333333333339));
#5702=CARTESIAN_POINT('Ctrl Pts',(-2.56661661487959,-3.71662319536113,4.49000000000008));
#5703=CARTESIAN_POINT('Ctrl Pts',(-2.51369700802544,-3.72022375191541,4.44));
#5704=CARTESIAN_POINT('Ctrl Pts',(-2.5258156050311,-3.73213149675106,4.45666666666669));
#5705=CARTESIAN_POINT('Ctrl Pts',(-2.53793656408315,-3.74403916315389,4.47333333333339));
#5706=CARTESIAN_POINT('Ctrl Pts',(-2.55005516108881,-3.75594690798954,4.49000000000008));
#5707=CARTESIAN_POINT('Ctrl Pts',(-2.46915887793502,-3.74980085200691,4.44));
#5708=CARTESIAN_POINT('Ctrl Pts',(-2.48114906226374,-3.76181144619523,4.45666666666669));
#5709=CARTESIAN_POINT('Ctrl Pts',(-2.49313820807081,-3.77382199416716,4.47333333333339));
#5710=CARTESIAN_POINT('Ctrl Pts',(-2.50512839239953,-3.78583258835548,4.49000000000008));
#5711=CARTESIAN_POINT('Ctrl Pts',(-2.44305635545469,-3.755,4.44));
#5712=CARTESIAN_POINT('Ctrl Pts',(-2.45495181238747,-3.76703521468668,4.45666666666669));
#5713=CARTESIAN_POINT('Ctrl Pts',(-2.4668479308577,-3.77907055454416,4.47333333333339));
#5714=CARTESIAN_POINT('Ctrl Pts',(-2.47874338779048,-3.79110576923083,4.49000000000008));
#5715=CARTESIAN_POINT('Ctrl Pts',(-2.43,-3.755,4.44));
#5716=CARTESIAN_POINT('Ctrl Pts',(-2.44184294871797,-3.76703525641028,4.45666666666669));
#5717=CARTESIAN_POINT('Ctrl Pts',(-2.45368589743593,-3.77907051282055,4.47333333333339));
#5718=CARTESIAN_POINT('Ctrl Pts',(-2.4655288461539,-3.79110576923083,4.49000000000008));
#5719=CARTESIAN_POINT('',(-2.46552884615385,-3.79110576923077,4.49));
#5720=CARTESIAN_POINT('Ctrl Pts',(-2.46552884615428,-3.79110576923077,4.49));
#5721=CARTESIAN_POINT('Ctrl Pts',(-2.47874338779072,-3.79110576923071,4.49));
#5722=CARTESIAN_POINT('Ctrl Pts',(-2.49193589009508,-3.78846917879304,4.49));
#5723=CARTESIAN_POINT('Ctrl Pts',(-2.50414798733337,-3.78341517352851,4.49));
#5724=CARTESIAN_POINT('Ctrl Pts',(-2.51636008457179,-3.77836116826393,4.49));
#5725=CARTESIAN_POINT('Ctrl Pts',(-2.52759177674411,-3.77088974817245,4.49));
#5726=CARTESIAN_POINT('Ctrl Pts',(-2.53691973305796,-3.76153950004164,4.49));
#5727=CARTESIAN_POINT('Ctrl Pts',(-2.55557564568568,-3.74283900378001,4.49));
#5728=CARTESIAN_POINT('Ctrl Pts',(-2.56661661487953,-3.71662319536107,4.49));
#5729=CARTESIAN_POINT('Ctrl Pts',(-2.56660323246606,-3.69018600715479,4.49));
#5730=CARTESIAN_POINT('Ctrl Pts',(-2.56652538545245,-3.53639789146202,4.49));
#5731=CARTESIAN_POINT('Ctrl Pts',(-2.56654129331545,-3.38264885700669,4.49));
#5732=CARTESIAN_POINT('Ctrl Pts',(-2.56654503079924,-3.22889470907461,4.49));
#5733=CARTESIAN_POINT('Ctrl Pts',(-2.56654876828303,-3.07514056114254,4.49));
#5734=CARTESIAN_POINT('Ctrl Pts',(-2.5665403353876,-2.92138129973373,4.49));
#5735=CARTESIAN_POINT('Ctrl Pts',(-2.5665351644716,-2.76762326562341,4.49));
#5736=CARTESIAN_POINT('Ctrl Pts',(-2.56652482263959,-2.46010719740278,4.49));
#5737=CARTESIAN_POINT('Ctrl Pts',(-2.56652752872528,-2.15259603837613,4.49));
#5738=CARTESIAN_POINT('Ctrl Pts',(-2.56652339116483,-1.84508269974333,4.49));
#5739=CARTESIAN_POINT('Ctrl Pts',(-2.56651511604394,-1.23005602247774,4.49));
#5740=CARTESIAN_POINT('Ctrl Pts',(-2.56647946633851,-0.615020626787565,
4.49));
#5741=CARTESIAN_POINT('Ctrl Pts',(-2.56648033762232,4.82059921325109E-6,
4.49));
#5742=CARTESIAN_POINT('Ctrl Pts',(-2.56648120890614,0.615030267985992,4.49));
#5743=CARTESIAN_POINT('Ctrl Pts',(-2.56651860117919,1.23004576706937,4.49));
#5744=CARTESIAN_POINT('Ctrl Pts',(-2.56648071447623,1.84508214508265,4.49));
#5745=CARTESIAN_POINT('Ctrl Pts',(-2.56644282777328,2.46011852309593,4.49000000000001));
#5746=CARTESIAN_POINT('Ctrl Pts',(-2.56632966209431,3.07517578003912,4.49000000000001));
#5747=CARTESIAN_POINT('Ctrl Pts',(-2.56660325291961,3.69016218119871,4.49000000000002));
#5748=CARTESIAN_POINT('Ctrl Pts',(-2.56661501093502,3.71659223263428,4.49000000000002));
#5749=CARTESIAN_POINT('Ctrl Pts',(-2.55558387803449,3.74288687744082,4.49000000000002));
#5750=CARTESIAN_POINT('Ctrl Pts',(-2.53692141382417,3.76154866260416,4.49000000000002));
#5751=CARTESIAN_POINT('Ctrl Pts',(-2.51825894961386,3.7802104477675,4.49000000000002));
#5752=CARTESIAN_POINT('Ctrl Pts',(-2.49196515409376,3.79123937328764,4.49000000000002));
#5753=CARTESIAN_POINT('Ctrl Pts',(-2.46553734911654,3.79122796576778,4.49000000000002));
#5754=CARTESIAN_POINT('Ctrl Pts',(-1.64576332772777,3.79087411161928,4.48999999999999));
#5755=CARTESIAN_POINT('Ctrl Pts',(-0.822881639584644,3.79108109120987,4.49000000000001));
#5756=CARTESIAN_POINT('Ctrl Pts',(-8.19832875088832E-8,3.79108115681038,
4.48999999999996));
#5757=CARTESIAN_POINT('Ctrl Pts',(0.822881475618073,3.79108122241089,4.48999999999992));
#5758=CARTESIAN_POINT('Ctrl Pts',(1.64576290267766,3.79087437402133,4.48999999999982));
#5759=CARTESIAN_POINT('Ctrl Pts',(2.46553680915067,3.79122837405771,4.48999999999975));
#5760=CARTESIAN_POINT('Ctrl Pts',(2.49196461042325,3.79123978628069,4.48999999999975));
#5761=CARTESIAN_POINT('Ctrl Pts',(2.5182584048972,3.78021086123581,4.48999999999975));
#5762=CARTESIAN_POINT('Ctrl Pts',(2.53692086956011,3.76154907563078,4.48999999999975));
#5763=CARTESIAN_POINT('Ctrl Pts',(2.55558333422302,3.74288729002575,4.48999999999975));
#5764=CARTESIAN_POINT('Ctrl Pts',(2.56661446907489,3.71659264386059,4.48999999999975));
#5765=CARTESIAN_POINT('Ctrl Pts',(2.56660269539426,3.6901626050448,4.48999999999975));
#5766=CARTESIAN_POINT('Ctrl Pts',(2.56632874006382,3.07517649752796,4.48999999999979));
#5767=CARTESIAN_POINT('Ctrl Pts',(2.56643840450202,2.46012181854118,4.48999999999988));
#5768=CARTESIAN_POINT('Ctrl Pts',(2.56647697645338,1.84508537774553,4.48999999999992));
#5769=CARTESIAN_POINT('Ctrl Pts',(2.56651554840474,1.23004893694988,4.48999999999996));
#5770=CARTESIAN_POINT('Ctrl Pts',(2.56648302786925,0.61503073434535,4.48999999999995));
#5771=CARTESIAN_POINT('Ctrl Pts',(2.56647690477948,6.84574440737624E-6,
4.48999999999995));
#5772=CARTESIAN_POINT('Ctrl Pts',(2.56647078168971,-0.615017042856533,4.48999999999995));
#5773=CARTESIAN_POINT('Ctrl Pts',(2.56649105604566,-1.23004661745389,4.48999999999995));
#5774=CARTESIAN_POINT('Ctrl Pts',(2.56648756255929,-1.84506881978677,4.48999999999994));
#5775=CARTESIAN_POINT('Ctrl Pts',(2.56648581581611,-2.15257992095321,4.48999999999993));
#5776=CARTESIAN_POINT('Ctrl Pts',(2.56647812711235,-2.46008917905353,4.48999999999992));
#5777=CARTESIAN_POINT('Ctrl Pts',(2.56648172686389,-2.76760240171916,4.48999999999991));
#5778=CARTESIAN_POINT('Ctrl Pts',(2.56648352673967,-2.92135901305198,4.4899999999999));
#5779=CARTESIAN_POINT('Ctrl Pts',(2.56648814872927,-3.07511661552612,4.4899999999999));
#5780=CARTESIAN_POINT('Ctrl Pts',(2.56648263465735,-3.22887030394591,4.48999999999989));
#5781=CARTESIAN_POINT('Ctrl Pts',(2.56647987762139,-3.3057471481558,4.48999999999989));
#5782=CARTESIAN_POINT('Ctrl Pts',(2.56647458657005,-3.3826230138521,4.48999999999989));
#5783=CARTESIAN_POINT('Ctrl Pts',(2.56648043974102,-3.45950330715241,4.48999999999989));
#5784=CARTESIAN_POINT('Ctrl Pts',(2.5664833663265,-3.49794345380257,4.48999999999989));
#5785=CARTESIAN_POINT('Ctrl Pts',(2.56648907896756,-3.53638470735372,4.48999999999989));
#5786=CARTESIAN_POINT('Ctrl Pts',(2.56648071926053,-3.57482034217099,4.48999999999988));
#5787=CARTESIAN_POINT('Ctrl Pts',(2.56647235955349,-3.61325597698825,4.48999999999988));
#5788=CARTESIAN_POINT('Ctrl Pts',(2.56644992749836,-3.65168599307163,4.48999999999988));
#5789=CARTESIAN_POINT('Ctrl Pts',(2.56652785866364,-3.6901560481172,4.48999999999988));
#5790=CARTESIAN_POINT('Ctrl Pts',(2.56658144618239,-3.7166090696908,4.48999999999988));
#5791=CARTESIAN_POINT('Ctrl Pts',(2.55560288702881,-3.74284465409846,4.48999999999988));
#5792=CARTESIAN_POINT('Ctrl Pts',(2.53695120359344,-3.76155010248164,4.48999999999988));
#5793=CARTESIAN_POINT('Ctrl Pts',(2.52762536187575,-3.77090282667322,4.48999999999988));
#5794=CARTESIAN_POINT('Ctrl Pts',(2.51638123908762,-3.77837301685869,4.48999999999988));
#5795=CARTESIAN_POINT('Ctrl Pts',(2.50416529719073,-3.78342684856765,4.48999999999988));
#5796=CARTESIAN_POINT('Ctrl Pts',(2.49194935529384,-3.78848068027661,4.48999999999988));
#5797=CARTESIAN_POINT('Ctrl Pts',(2.47876159428818,-3.79111815350906,4.48999999999988));
#5798=CARTESIAN_POINT('Ctrl Pts',(2.46554478762998,-3.79111715165976,4.48999999999988));
#5799=CARTESIAN_POINT('Ctrl Pts',(2.36305051357419,-3.79110938247472,4.48999999999988));
#5800=CARTESIAN_POINT('Ctrl Pts',(2.26053081081626,-3.79111103944197,4.48999999999989));
#5801=CARTESIAN_POINT('Ctrl Pts',(2.15796644685738,-3.79111151528954,4.4899999999999));
#5802=CARTESIAN_POINT('Ctrl Pts',(2.05540208289849,-3.79111199113711,4.4899999999999));
#5803=CARTESIAN_POINT('Ctrl Pts',(1.95279305773866,-3.79111128586501,4.4899999999999));
#5804=CARTESIAN_POINT('Ctrl Pts',(1.85014902104765,-3.79111082550825,4.48999999999991));
#5805=CARTESIAN_POINT('Ctrl Pts',(1.64486094766564,-3.79110990479475,4.48999999999991));
#5806=CARTESIAN_POINT('Ctrl Pts',(1.43943282815895,-3.79110996374266,4.48999999999992));
#5807=CARTESIAN_POINT('Ctrl Pts',(1.23390902223141,-3.79110983538495,4.48999999999993));
#5808=CARTESIAN_POINT('Ctrl Pts',(0.822861410376322,-3.79110957866951,4.48999999999994));
#5809=CARTESIAN_POINT('Ctrl Pts',(0.411431052837842,-3.79110857273152,4.48999999999995));
#5810=CARTESIAN_POINT('Ctrl Pts',(1.3133029169915E-6,-3.79110781414788,
4.48999999999996));
#5811=CARTESIAN_POINT('Ctrl Pts',(-0.822858165766928,-3.79110629698061,
4.48999999999998));
#5812=CARTESIAN_POINT('Ctrl Pts',(-1.64571517282255,-3.79110576923077,4.49));
#5813=CARTESIAN_POINT('Ctrl Pts',(-2.46552884615385,-3.79110576923077,4.49));
#5814=CARTESIAN_POINT('',(-2.43,-3.755,4.44));
#5815=CARTESIAN_POINT('',(-2.43,-3.755,4.44));
#5816=CARTESIAN_POINT('',(-2.53,-3.655,4.44));
#5817=CARTESIAN_POINT('Origin',(-2.43,-3.655,4.44));
#5818=CARTESIAN_POINT('',(-2.53,3.655,4.44));
#5819=CARTESIAN_POINT('',(-2.53,1.65681818181818,4.44));
#5820=CARTESIAN_POINT('',(-2.43,3.755,4.44));
#5821=CARTESIAN_POINT('Origin',(-2.43,3.655,4.44));
#5822=CARTESIAN_POINT('',(2.43,3.755,4.44));
#5823=CARTESIAN_POINT('',(1.10454545454545,3.755,4.44));
#5824=CARTESIAN_POINT('',(2.53,3.655,4.44));
#5825=CARTESIAN_POINT('Origin',(2.43,3.655,4.44));
#5826=CARTESIAN_POINT('',(2.53,-3.655,4.44));
#5827=CARTESIAN_POINT('',(2.53,-1.99818181818182,4.44));
#5828=CARTESIAN_POINT('',(2.43,-3.755,4.44));
#5829=CARTESIAN_POINT('Origin',(2.43,-3.655,4.44));
#5830=CARTESIAN_POINT('',(-1.32545454545455,-3.755,4.44));
#5831=CARTESIAN_POINT('Origin',(-2.53,3.655,4.368));
#5832=CARTESIAN_POINT('',(-2.53,-3.655,4.37));
#5833=CARTESIAN_POINT('',(-2.53,-3.655,4.368));
#5834=CARTESIAN_POINT('',(-2.53,3.655,4.37));
#5835=CARTESIAN_POINT('',(-2.53,1.8275,4.37));
#5836=CARTESIAN_POINT('',(-2.53,3.655,4.368));
#5837=CARTESIAN_POINT('Origin',(-2.43,-3.655,4.368));
#5838=CARTESIAN_POINT('',(-2.43,-3.755,4.37));
#5839=CARTESIAN_POINT('',(-2.43,-3.755,4.368));
#5840=CARTESIAN_POINT('Origin',(-2.43,-3.655,4.37));
#5841=CARTESIAN_POINT('Origin',(-2.43,-3.755,4.368));
#5842=CARTESIAN_POINT('',(2.43,-3.755,4.37));
#5843=CARTESIAN_POINT('',(2.43,-3.755,4.368));
#5844=CARTESIAN_POINT('',(-1.215,-3.755,4.37));
#5845=CARTESIAN_POINT('Origin',(2.43,-3.655,4.368));
#5846=CARTESIAN_POINT('',(2.53,-3.655,4.37));
#5847=CARTESIAN_POINT('',(2.53,-3.655,4.368));
#5848=CARTESIAN_POINT('Origin',(2.43,-3.655,4.37));
#5849=CARTESIAN_POINT('Origin',(2.53,-3.655,4.368));
#5850=CARTESIAN_POINT('',(2.53,3.655,4.37));
#5851=CARTESIAN_POINT('',(2.53,3.655,4.368));
#5852=CARTESIAN_POINT('',(2.53,-1.8275,4.37));
#5853=CARTESIAN_POINT('Origin',(2.43,3.655,4.368));
#5854=CARTESIAN_POINT('',(2.43,3.755,4.37));
#5855=CARTESIAN_POINT('',(2.43,3.755,4.368));
#5856=CARTESIAN_POINT('Origin',(2.43,3.655,4.37));
#5857=CARTESIAN_POINT('Origin',(2.43,3.755,4.368));
#5858=CARTESIAN_POINT('',(-2.43,3.755,4.37));
#5859=CARTESIAN_POINT('',(-2.43,3.755,4.368));
#5860=CARTESIAN_POINT('',(1.215,3.755,4.37));
#5861=CARTESIAN_POINT('Origin',(-2.43,3.655,4.368));
#5862=CARTESIAN_POINT('Origin',(-2.43,3.655,4.37));
#5863=CARTESIAN_POINT('Origin',(3.06,-4.51,2.758));
#5864=CARTESIAN_POINT('',(3.06,-4.51,4.19));
#5865=CARTESIAN_POINT('',(3.06,4.51,4.19));
#5866=CARTESIAN_POINT('',(3.06,-2.255,4.19));
#5867=CARTESIAN_POINT('',(3.06,-4.51,4.37));
#5868=CARTESIAN_POINT('',(3.06,-4.51,2.758));
#5869=CARTESIAN_POINT('',(3.06,4.51,4.37));
#5870=CARTESIAN_POINT('',(3.06,-4.51,4.37));
#5871=CARTESIAN_POINT('',(3.06,4.51,2.758));
#5872=CARTESIAN_POINT('Origin',(2.91,4.51,2.758));
#5873=CARTESIAN_POINT('',(2.91,4.66,4.19));
#5874=CARTESIAN_POINT('Origin',(2.91,4.51,4.19));
#5875=CARTESIAN_POINT('',(2.91,4.66,4.37));
#5876=CARTESIAN_POINT('Origin',(2.91,4.51,4.37));
#5877=CARTESIAN_POINT('',(2.91,4.66,2.758));
#5878=CARTESIAN_POINT('Origin',(2.91,4.66,2.758));
#5879=CARTESIAN_POINT('',(-2.91,4.66,4.19));
#5880=CARTESIAN_POINT('',(1.455,4.66,4.19));
#5881=CARTESIAN_POINT('',(-2.91,4.66,4.37));
#5882=CARTESIAN_POINT('',(2.91,4.66,4.37));
#5883=CARTESIAN_POINT('',(-2.91,4.66,2.758));
#5884=CARTESIAN_POINT('Origin',(-2.91,4.51,2.758));
#5885=CARTESIAN_POINT('',(-3.06,4.51,4.19));
#5886=CARTESIAN_POINT('Origin',(-2.91,4.51,4.19));
#5887=CARTESIAN_POINT('',(-3.06,4.51,4.37));
#5888=CARTESIAN_POINT('Origin',(-2.91,4.51,4.37));
#5889=CARTESIAN_POINT('',(-3.06,4.51,2.758));
#5890=CARTESIAN_POINT('Origin',(-3.06,4.51,2.758));
#5891=CARTESIAN_POINT('',(-3.06,-4.51,4.19));
#5892=CARTESIAN_POINT('',(-3.06,2.255,4.19));
#5893=CARTESIAN_POINT('',(-3.06,-4.51,4.37));
#5894=CARTESIAN_POINT('',(-3.06,4.51,4.37));
#5895=CARTESIAN_POINT('',(-3.06,-4.51,2.758));
#5896=CARTESIAN_POINT('Origin',(2.91,-4.51,2.758));
#5897=CARTESIAN_POINT('',(2.91,-4.66,4.19));
#5898=CARTESIAN_POINT('Origin',(2.91,-4.51,4.19));
#5899=CARTESIAN_POINT('',(2.91,-4.66,4.37));
#5900=CARTESIAN_POINT('',(2.91,-4.66,2.758));
#5901=CARTESIAN_POINT('Origin',(2.91,-4.51,4.37));
#5902=CARTESIAN_POINT('Origin',(-2.91,-4.66,2.758));
#5903=CARTESIAN_POINT('',(-2.91,-4.66,4.19));
#5904=CARTESIAN_POINT('',(-1.455,-4.66,4.19));
#5905=CARTESIAN_POINT('',(-2.91,-4.66,4.37));
#5906=CARTESIAN_POINT('',(-2.91,-4.66,2.758));
#5907=CARTESIAN_POINT('',(-2.91,-4.66,4.37));
#5908=CARTESIAN_POINT('Origin',(-2.91,-4.51,2.758));
#5909=CARTESIAN_POINT('Origin',(-2.91,-4.51,4.19));
#5910=CARTESIAN_POINT('Origin',(-2.91,-4.51,4.37));
#5911=CARTESIAN_POINT('Origin',(0.,0.,4.37));
#5912=CARTESIAN_POINT('Origin',(3.55,4.,3.26));
#5913=CARTESIAN_POINT('',(3.1,4.,4.19));
#5914=CARTESIAN_POINT('Origin',(3.55,4.,4.19));
#5915=CARTESIAN_POINT('',(3.1,4.,3.26));
#5916=CARTESIAN_POINT('',(3.1,4.,3.26));
#5917=CARTESIAN_POINT('Origin',(3.55,4.,3.26));
#5918=CARTESIAN_POINT('Origin',(3.55,4.,3.26));
#5919=CARTESIAN_POINT('Origin',(-3.55,-4.,3.26));
#5920=CARTESIAN_POINT('',(-4.,-4.,4.19));
#5921=CARTESIAN_POINT('Origin',(-3.55,-4.,4.19));
#5922=CARTESIAN_POINT('',(-4.,-4.,3.26));
#5923=CARTESIAN_POINT('',(-4.,-4.,3.26));
#5924=CARTESIAN_POINT('Origin',(-3.55,-4.,3.26));
#5925=CARTESIAN_POINT('Origin',(-3.55,-4.,3.26));
#5926=CARTESIAN_POINT('Origin',(-3.55,4.,3.26));
#5927=CARTESIAN_POINT('',(-4.,4.,4.19));
#5928=CARTESIAN_POINT('Origin',(-3.55,4.,4.19));
#5929=CARTESIAN_POINT('',(-4.,4.,3.26));
#5930=CARTESIAN_POINT('',(-4.,4.,3.26));
#5931=CARTESIAN_POINT('Origin',(-3.55,4.,3.26));
#5932=CARTESIAN_POINT('Origin',(-3.55,4.,3.26));
#5933=CARTESIAN_POINT('Origin',(3.55,-4.,3.26));
#5934=CARTESIAN_POINT('',(3.1,-4.,4.19));
#5935=CARTESIAN_POINT('Origin',(3.55,-4.,4.19));
#5936=CARTESIAN_POINT('',(3.1,-4.,3.26));
#5937=CARTESIAN_POINT('',(3.1,-4.,3.26));
#5938=CARTESIAN_POINT('Origin',(3.55,-4.,3.26));
#5939=CARTESIAN_POINT('Origin',(3.55,-4.,3.26));
#5940=CARTESIAN_POINT('Origin',(3.9,4.4,2.76));
#5941=CARTESIAN_POINT('',(3.9,4.4,2.76));
#5942=CARTESIAN_POINT('',(3.9,4.7,2.56));
#5943=CARTESIAN_POINT('Origin',(4.05,-4.7,2.758));
#5944=CARTESIAN_POINT('',(4.05,4.7,4.19));
#5945=CARTESIAN_POINT('',(4.05,-4.7,4.19));
#5946=CARTESIAN_POINT('',(4.05,4.7,2.758));
#5947=CARTESIAN_POINT('Origin',(-3.9,-4.4,2.76));
#5948=CARTESIAN_POINT('',(-3.9,-4.7,2.56));
#5949=CARTESIAN_POINT('Origin',(-3.9,-4.4,2.76));
#5950=CARTESIAN_POINT('',(-3.9,-2.31010205144336,2.56));
#5951=CARTESIAN_POINT('',(-3.9,-2.31010205144336,2.558));
#5952=CARTESIAN_POINT('',(-3.9,2.31010205144336,2.56));
#5953=CARTESIAN_POINT('',(-3.9,4.7,2.56));
#5954=CARTESIAN_POINT('',(-3.9,2.31010205144336,2.558));
#5955=CARTESIAN_POINT('',(-3.9,4.4,2.86));
#5956=CARTESIAN_POINT('Origin',(-4.05,4.7,2.758));
#5957=CARTESIAN_POINT('',(-4.05,-4.7,4.19));
#5958=CARTESIAN_POINT('',(-4.05,4.7,4.19));
#5959=CARTESIAN_POINT('',(-4.05,-4.7,2.758));
#5960=CARTESIAN_POINT('Origin',(-4.05,4.7,2.758));
#5961=CARTESIAN_POINT('',(-4.05,2.35,2.86));
#5962=CARTESIAN_POINT('',(-4.05,4.7,4.19));
#5963=CARTESIAN_POINT('Origin',(0.,0.,2.86));
#5964=CARTESIAN_POINT('Origin',(0.,0.,2.86));
#5965=CARTESIAN_POINT('',(3.9,-4.4,2.86));
#5966=CARTESIAN_POINT('',(4.05,-2.35,2.86));
#5967=CARTESIAN_POINT('Origin',(0.,0.,4.19));
#5968=CARTESIAN_POINT('',(4.05,-4.7,4.19));
#5969=CARTESIAN_POINT('',(4.05,-4.7,4.19));
#5970=CARTESIAN_POINT('',(4.05,-4.7,4.19));
#5971=CARTESIAN_POINT('Origin',(3.8,-4.7,4.19));
#5972=CARTESIAN_POINT('Origin',(-3.8,-4.7,4.19));
#5973=CARTESIAN_POINT('',(-4.05,4.7,4.19));
#5974=CARTESIAN_POINT('',(-4.05,4.7,4.19));
#5975=CARTESIAN_POINT('',(-3.8,4.95,4.19));
#5976=CARTESIAN_POINT('Origin',(-3.8,4.7,4.19));
#5977=CARTESIAN_POINT('',(3.8,4.95,4.19));
#5978=CARTESIAN_POINT('',(3.8,4.95,4.19));
#5979=CARTESIAN_POINT('Origin',(3.8,4.7,4.19));
#5980=CARTESIAN_POINT('Origin',(4.05,-4.7,2.758));
#5981=CARTESIAN_POINT('',(4.05,-4.7,2.758));
#5982=CARTESIAN_POINT('Origin',(4.05,-4.7,2.758));
#5983=CARTESIAN_POINT('Origin',(3.9,4.4,2.76));
#5984=CARTESIAN_POINT('',(3.9,-4.7,2.76));
#5985=CARTESIAN_POINT('',(3.9,-4.7,2.56));
#5986=CARTESIAN_POINT('',(3.9,-4.4,2.76));
#5987=CARTESIAN_POINT('',(3.9,2.35,2.76));
#5988=CARTESIAN_POINT('',(3.9,-4.4,2.76));
#5989=CARTESIAN_POINT('Origin',(3.8,-2.8,2.558));
#5990=CARTESIAN_POINT('Origin',(3.8,-2.8,2.558));
#5991=CARTESIAN_POINT('',(3.9,-2.31010205144336,2.56));
#5992=CARTESIAN_POINT('',(3.9,-2.31010205144336,2.558));
#5993=CARTESIAN_POINT('',(4.02,-2.35100111358713,2.56));
#5994=CARTESIAN_POINT('Origin',(3.8,-2.8,2.56));
#5995=CARTESIAN_POINT('',(4.02,-2.35100111358713,2.558));
#5996=CARTESIAN_POINT('Origin',(-3.8,2.8,2.558));
#5997=CARTESIAN_POINT('',(-4.02,2.35100111358713,2.56));
#5998=CARTESIAN_POINT('Origin',(-3.8,2.8,2.56));
#5999=CARTESIAN_POINT('',(-4.02,2.35100111358713,2.558));
#6000=CARTESIAN_POINT('Origin',(-3.8,2.8,2.558));
#6001=CARTESIAN_POINT('Origin',(-3.8,-2.8,2.558));
#6002=CARTESIAN_POINT('Origin',(-3.8,-2.8,2.558));
#6003=CARTESIAN_POINT('',(-4.02,-2.35100111358713,2.56));
#6004=CARTESIAN_POINT('',(-4.02,-2.35100111358713,2.558));
#6005=CARTESIAN_POINT('Origin',(-3.8,-2.8,2.56));
#6006=CARTESIAN_POINT('Origin',(3.8,2.8,2.558));
#6007=CARTESIAN_POINT('',(3.9,2.31010205144336,2.56));
#6008=CARTESIAN_POINT('',(3.9,2.31010205144336,2.558));
#6009=CARTESIAN_POINT('',(4.02,2.35100111358713,2.56));
#6010=CARTESIAN_POINT('',(4.02,2.35100111358713,2.558));
#6011=CARTESIAN_POINT('Origin',(3.8,2.8,2.56));
#6012=CARTESIAN_POINT('Origin',(3.8,2.8,2.558));
#6013=CARTESIAN_POINT('Origin',(-4.02,4.72,2.56));
#6014=CARTESIAN_POINT('Origin',(-4.02,4.72,2.56));
#6015=CARTESIAN_POINT('',(-4.02,4.72,2.56));
#6016=CARTESIAN_POINT('Origin',(3.9,4.4,2.76));
#6017=CARTESIAN_POINT('',(3.9,-4.7,2.56));
#6018=CARTESIAN_POINT('Origin',(0.,0.,2.56));
#6019=CARTESIAN_POINT('Origin',(4.02,-4.72,2.56));
#6020=CARTESIAN_POINT('Origin',(4.02,-4.72,2.56));
#6021=CARTESIAN_POINT('Origin',(3.8,4.7,2.56));
#6022=CARTESIAN_POINT('Origin',(-3.8,4.7,2.56));
#6023=CARTESIAN_POINT('Origin',(-3.8,4.7,2.76));
#6024=CARTESIAN_POINT('Origin',(3.8,-4.7,2.56));
#6025=CARTESIAN_POINT('Origin',(3.8,-4.7,2.76));
#6026=CARTESIAN_POINT('Origin',(-3.8,-4.7,2.56));
#6027=CARTESIAN_POINT('Origin',(4.02,-4.72,2.56));
#6028=CARTESIAN_POINT('',(4.02,-4.72,2.56));
#6029=CARTESIAN_POINT('Origin',(0.,0.,2.56));
#6030=CARTESIAN_POINT('Origin',(0.,0.,2.76));
#6031=CARTESIAN_POINT('Origin',(3.5,-4.4,2.76));
#6032=CARTESIAN_POINT('Origin',(0.,0.,2.76));
#6033=CARTESIAN_POINT('Origin',(-3.5,4.4,2.76));
#6034=CARTESIAN_POINT('Origin',(3.5,-4.4,2.76));
#6035=CARTESIAN_POINT('Origin',(3.5,4.4,2.76));
#6036=CARTESIAN_POINT('Origin',(-3.5,4.4,2.76));
#6037=CARTESIAN_POINT('Origin',(3.8,5.2,2.76));
#6038=CARTESIAN_POINT('',(-3.8,5.2,4.49));
#6039=CARTESIAN_POINT('',(-3.8,5.2,2.76));
#6040=CARTESIAN_POINT('',(3.8,5.2,4.49));
#6041=CARTESIAN_POINT('',(3.8,5.2,4.49));
#6042=CARTESIAN_POINT('',(3.8,5.2,2.76));
#6043=CARTESIAN_POINT('Origin',(-3.8,4.7,2.76));
#6044=CARTESIAN_POINT('',(-4.3,4.7,4.49));
#6045=CARTESIAN_POINT('',(-4.3,4.7,2.76));
#6046=CARTESIAN_POINT('Origin',(-3.8,4.7,4.49));
#6047=CARTESIAN_POINT('Origin',(-4.3,4.7,2.76));
#6048=CARTESIAN_POINT('',(-4.3,-4.7,4.49));
#6049=CARTESIAN_POINT('',(-4.3,-4.7,2.76));
#6050=CARTESIAN_POINT('',(-4.3,4.7,4.49));
#6051=CARTESIAN_POINT('Origin',(-3.8,-4.7,2.76));
#6052=CARTESIAN_POINT('',(-3.8,-5.2,4.49));
#6053=CARTESIAN_POINT('',(-3.8,-5.2,2.76));
#6054=CARTESIAN_POINT('Origin',(-3.8,-4.7,4.49));
#6055=CARTESIAN_POINT('Origin',(-4.05,4.7,2.758));
#6056=CARTESIAN_POINT('',(-4.05,4.7,2.758));
#6057=CARTESIAN_POINT('Origin',(-3.8,4.7,2.758));
#6058=CARTESIAN_POINT('',(-3.8,4.95,2.758));
#6059=CARTESIAN_POINT('Origin',(3.8,4.95,2.758));
#6060=CARTESIAN_POINT('',(3.8,4.95,2.758));
#6061=CARTESIAN_POINT('Origin',(3.8,4.7,2.758));
#6062=CARTESIAN_POINT('Origin',(3.8,-4.7,2.758));
#6063=CARTESIAN_POINT('Origin',(-3.8,-4.7,2.758));
#6064=CARTESIAN_POINT('Origin',(3.8,4.7,2.76));
#6065=CARTESIAN_POINT('',(4.3,4.7,4.49));
#6066=CARTESIAN_POINT('Origin',(3.8,4.7,4.49));
#6067=CARTESIAN_POINT('',(4.3,4.7,2.76));
#6068=CARTESIAN_POINT('Origin',(4.3,-4.7,2.76));
#6069=CARTESIAN_POINT('',(4.3,-4.7,4.49));
#6070=CARTESIAN_POINT('',(4.3,-4.7,4.49));
#6071=CARTESIAN_POINT('',(4.3,-4.7,2.76));
#6072=CARTESIAN_POINT('Origin',(3.8,-4.7,2.76));
#6073=CARTESIAN_POINT('',(3.8,-5.2,4.49));
#6074=CARTESIAN_POINT('Origin',(3.8,-4.7,4.49));
#6075=CARTESIAN_POINT('',(3.8,-5.2,2.76));
#6076=CARTESIAN_POINT('Origin',(-3.8,-5.2,2.76));
#6077=CARTESIAN_POINT('',(-3.8,-5.2,4.49));
#6078=CARTESIAN_POINT('Origin',(0.,0.,4.49));
#6079=UNCERTAINTY_MEASURE_WITH_UNIT(LENGTH_MEASURE(0.001),#6083,
'DISTANCE_ACCURACY_VALUE',
'Maximum model space distance between geometric entities at asserted c
onnectivities');
#6080=UNCERTAINTY_MEASURE_WITH_UNIT(LENGTH_MEASURE(0.001),#6083,
'DISTANCE_ACCURACY_VALUE',
'Maximum model space distance between geometric entities at asserted c
onnectivities');
#6081=(
GEOMETRIC_REPRESENTATION_CONTEXT(3)
GLOBAL_UNCERTAINTY_ASSIGNED_CONTEXT((#6079))
GLOBAL_UNIT_ASSIGNED_CONTEXT((#6083,#6085,#6086))
REPRESENTATION_CONTEXT('','3D')
);
#6082=(
GEOMETRIC_REPRESENTATION_CONTEXT(3)
GLOBAL_UNCERTAINTY_ASSIGNED_CONTEXT((#6080))
GLOBAL_UNIT_ASSIGNED_CONTEXT((#6083,#6085,#6086))
REPRESENTATION_CONTEXT('','3D')
);
#6083=(
LENGTH_UNIT()
NAMED_UNIT(*)
SI_UNIT(.CENTI.,.METRE.)
);
#6084=(
LENGTH_UNIT()
NAMED_UNIT(*)
SI_UNIT($,.METRE.)
);
#6085=(
NAMED_UNIT(*)
PLANE_ANGLE_UNIT()
SI_UNIT($,.RADIAN.)
);
#6086=(
NAMED_UNIT(*)
SI_UNIT($,.STERADIAN.)
SOLID_ANGLE_UNIT()
);
#6087=SHAPE_DEFINITION_REPRESENTATION(#6088,#6089);
#6088=PRODUCT_DEFINITION_SHAPE('',$,#6091);
#6089=SHAPE_REPRESENTATION('',(#3450),#6081);
#6090=PRODUCT_DEFINITION_CONTEXT('part definition',#6095,'design');
#6091=PRODUCT_DEFINITION('02 Top bezel - fitted lip and 4.2mm pilots',
'02 Top bezel - fitted lip and 4.2mm pilots',#6092,#6090);
#6092=PRODUCT_DEFINITION_FORMATION('',$,#6097);
#6093=PRODUCT_RELATED_PRODUCT_CATEGORY(
'02 Top bezel - fitted lip and 4.2mm pilots',
'02 Top bezel - fitted lip and 4.2mm pilots',(#6097));
#6094=APPLICATION_PROTOCOL_DEFINITION('international standard',
'automotive_design',2009,#6095);
#6095=APPLICATION_CONTEXT(
'Core Data for Automotive Mechanical Design Process');
#6096=PRODUCT_CONTEXT('part definition',#6095,'mechanical');
#6097=PRODUCT('02 Top bezel - fitted lip and 4.2mm pilots',
'02 Top bezel - fitted lip and 4.2mm pilots',$,(#6096));
#6098=PRESENTATION_STYLE_ASSIGNMENT((#6100));
#6099=PRESENTATION_STYLE_ASSIGNMENT((#6101));
#6100=SURFACE_STYLE_USAGE(.BOTH.,#6102);
#6101=SURFACE_STYLE_USAGE(.BOTH.,#6103);
#6102=SURFACE_SIDE_STYLE('',(#6104));
#6103=SURFACE_SIDE_STYLE('',(#6105));
#6104=SURFACE_STYLE_FILL_AREA(#6106);
#6105=SURFACE_STYLE_FILL_AREA(#6107);
#6106=FILL_AREA_STYLE('Steel - Satin',(#6108));
#6107=FILL_AREA_STYLE('Case top orange',(#6109));
#6108=FILL_AREA_STYLE_COLOUR('Steel - Satin',#6110);
#6109=FILL_AREA_STYLE_COLOUR('Case top orange',#6111);
#6110=COLOUR_RGB('Steel - Satin',0.627450980392157,0.627450980392157,0.627450980392157);
#6111=COLOUR_RGB('Case top orange',0.898039215686275,0.533333333333333,
0.203921568627451);
ENDSEC;
END-ISO-10303-21;
