ISO-10303-21;
HEADER;
/* Generated by software containing ST-Developer
 * from STEP Tools, Inc. (www.steptools.com) 
 */

FILE_DESCRIPTION(
/* description */ (''),
/* implementation_level */ '2;1');

FILE_NAME(
/* name */ 'carrier-bottom.step',
/* time_stamp */ '2026-09-15T10:15:48-07:00',
/* author */ (''),
/* organization */ (''),
/* preprocessor_version */ 'ST-DEVELOPER v20.2',
/* originating_system */ 'Autodesk Translation Framework v15.15.0.0',
/* authorisation */ '');

FILE_SCHEMA (('AUTOMOTIVE_DESIGN { 1 0 10303 214 3 1 1 }'));
ENDSEC;

DATA;
#10=MECHANICAL_DESIGN_GEOMETRIC_PRESENTATION_REPRESENTATION('',(#13),#5893);
#11=SHAPE_REPRESENTATION_RELATIONSHIP('SRR','None',#5900,#12);
#12=ADVANCED_BREP_SHAPE_REPRESENTATION('',(#14),#5892);
#13=STYLED_ITEM('',(#5910),#14);
#14=MANIFOLD_SOLID_BREP(
'01 Bottom shell - fitted guides and 4.2mm pilots',#3523);
#15=B_SPLINE_CURVE_WITH_KNOTS('',3,(#5484,#5485,#5486,#5487,#5488,#5489),
 .UNSPECIFIED.,.F.,.F.,(4,2,4),(0.95296858488715,1.0351057694818,1.1029683820014),
 .UNSPECIFIED.);
#16=B_SPLINE_CURVE_WITH_KNOTS('',3,(#5509,#5510,#5511,#5512,#5513,#5514),
 .UNSPECIFIED.,.F.,.F.,(4,2,4),(0.893891701928161,0.926169963992213,1.01366623991842),
 .UNSPECIFIED.);
#17=FACE_BOUND('',#464,.T.);
#18=FACE_BOUND('',#467,.T.);
#19=FACE_BOUND('',#470,.T.);
#20=FACE_BOUND('',#473,.T.);
#21=FACE_BOUND('',#476,.T.);
#22=FACE_BOUND('',#477,.T.);
#23=FACE_BOUND('',#478,.T.);
#24=FACE_BOUND('',#479,.T.);
#25=FACE_BOUND('',#482,.T.);
#26=FACE_BOUND('',#492,.T.);
#27=FACE_BOUND('',#497,.T.);
#28=FACE_BOUND('',#500,.T.);
#29=FACE_BOUND('',#505,.T.);
#30=FACE_BOUND('',#506,.T.);
#31=FACE_BOUND('',#507,.T.);
#32=FACE_BOUND('',#508,.T.);
#33=FACE_BOUND('',#514,.T.);
#34=FACE_BOUND('',#515,.T.);
#35=FACE_BOUND('',#516,.T.);
#36=FACE_BOUND('',#517,.T.);
#37=FACE_BOUND('',#525,.T.);
#38=FACE_BOUND('',#571,.T.);
#39=FACE_BOUND('',#616,.T.);
#40=FACE_BOUND('',#619,.T.);
#41=FACE_BOUND('',#622,.T.);
#42=FACE_BOUND('',#625,.T.);
#43=FACE_BOUND('',#633,.T.);
#44=FACE_BOUND('',#634,.T.);
#45=FACE_BOUND('',#635,.T.);
#46=CYLINDRICAL_SURFACE('',#3568,0.25);
#47=CYLINDRICAL_SURFACE('',#3574,0.17);
#48=CYLINDRICAL_SURFACE('',#3577,0.17);
#49=CYLINDRICAL_SURFACE('',#3580,0.17);
#50=CYLINDRICAL_SURFACE('',#3583,0.17);
#51=CYLINDRICAL_SURFACE('',#3586,0.21);
#52=CYLINDRICAL_SURFACE('',#3590,0.21);
#53=CYLINDRICAL_SURFACE('',#3594,0.21);
#54=CYLINDRICAL_SURFACE('',#3598,0.21);
#55=CYLINDRICAL_SURFACE('',#3618,0.5);
#56=CYLINDRICAL_SURFACE('',#3624,0.45);
#57=CYLINDRICAL_SURFACE('',#3629,0.45);
#58=CYLINDRICAL_SURFACE('',#3633,0.5);
#59=CYLINDRICAL_SURFACE('',#3638,0.45);
#60=CYLINDRICAL_SURFACE('',#3640,0.5);
#61=CYLINDRICAL_SURFACE('',#3646,0.5);
#62=CYLINDRICAL_SURFACE('',#3650,0.5);
#63=CYLINDRICAL_SURFACE('',#3652,0.5);
#64=CYLINDRICAL_SURFACE('',#3659,0.5);
#65=CYLINDRICAL_SURFACE('',#3698,0.27);
#66=CYLINDRICAL_SURFACE('',#3701,0.27);
#67=CYLINDRICAL_SURFACE('',#3705,0.27);
#68=CYLINDRICAL_SURFACE('',#3708,0.27);
#69=CYLINDRICAL_SURFACE('',#3710,0.2);
#70=CYLINDRICAL_SURFACE('',#3728,0.04);
#71=CYLINDRICAL_SURFACE('',#3731,0.04);
#72=CYLINDRICAL_SURFACE('',#3747,0.0199999999999999);
#73=CYLINDRICAL_SURFACE('',#3750,0.02);
#74=CYLINDRICAL_SURFACE('',#3754,0.2);
#75=CYLINDRICAL_SURFACE('',#3758,0.2);
#76=CYLINDRICAL_SURFACE('',#3762,0.2);
#77=CYLINDRICAL_SURFACE('',#3766,0.2);
#78=CYLINDRICAL_SURFACE('',#3773,0.04);
#79=CYLINDRICAL_SURFACE('',#3775,0.0399999999999998);
#80=CYLINDRICAL_SURFACE('',#3776,0.02);
#81=CYLINDRICAL_SURFACE('',#3779,0.02);
#82=CYLINDRICAL_SURFACE('',#3782,0.02);
#83=CYLINDRICAL_SURFACE('',#3785,0.02);
#84=CYLINDRICAL_SURFACE('',#3788,0.02);
#85=CYLINDRICAL_SURFACE('',#3791,0.02);
#86=CYLINDRICAL_SURFACE('',#3793,0.21);
#87=CYLINDRICAL_SURFACE('',#3796,0.21);
#88=CYLINDRICAL_SURFACE('',#3799,0.21);
#89=CYLINDRICAL_SURFACE('',#3802,0.21);
#90=CYLINDRICAL_SURFACE('',#3805,0.21);
#91=CYLINDRICAL_SURFACE('',#3809,0.21);
#92=CYLINDRICAL_SURFACE('',#3813,0.21);
#93=CYLINDRICAL_SURFACE('',#3817,0.21);
#94=CYLINDRICAL_SURFACE('',#3822,0.2);
#95=CYLINDRICAL_SURFACE('',#3823,0.2);
#96=CYLINDRICAL_SURFACE('',#3825,0.2);
#97=CYLINDRICAL_SURFACE('',#3829,0.45);
#98=CYLINDRICAL_SURFACE('',#3832,0.45);
#99=CYLINDRICAL_SURFACE('',#3835,0.45);
#100=CYLINDRICAL_SURFACE('',#3838,0.45);
#101=CYLINDRICAL_SURFACE('',#3841,0.45);
#102=CYLINDRICAL_SURFACE('',#3844,0.25);
#103=CYLINDRICAL_SURFACE('',#3845,0.25);
#104=CYLINDRICAL_SURFACE('',#3847,0.25);
#105=CYLINDRICAL_SURFACE('',#3849,0.5);
#106=CYLINDRICAL_SURFACE('',#3851,0.5);
#107=CYLINDRICAL_SURFACE('',#3853,0.5);
#108=CIRCLE('',#3567,0.25);
#109=CIRCLE('',#3569,0.25);
#110=CIRCLE('',#3570,0.25);
#111=CIRCLE('',#3573,0.25);
#112=CIRCLE('',#3575,0.17);
#113=CIRCLE('',#3576,0.17);
#114=CIRCLE('',#3578,0.17);
#115=CIRCLE('',#3579,0.17);
#116=CIRCLE('',#3581,0.17);
#117=CIRCLE('',#3582,0.17);
#118=CIRCLE('',#3584,0.17);
#119=CIRCLE('',#3585,0.17);
#120=CIRCLE('',#3587,0.21);
#121=CIRCLE('',#3588,0.21);
#122=CIRCLE('',#3591,0.21);
#123=CIRCLE('',#3592,0.21);
#124=CIRCLE('',#3595,0.21);
#125=CIRCLE('',#3596,0.21);
#126=CIRCLE('',#3599,0.21);
#127=CIRCLE('',#3600,0.21);
#128=CIRCLE('',#3604,0.5);
#129=CIRCLE('',#3605,0.25);
#130=CIRCLE('',#3606,0.25);
#131=CIRCLE('',#3607,0.5);
#132=CIRCLE('',#3608,0.45);
#133=CIRCLE('',#3609,0.45);
#134=CIRCLE('',#3610,0.5);
#135=CIRCLE('',#3611,0.5);
#136=CIRCLE('',#3612,0.45);
#137=CIRCLE('',#3613,0.45);
#138=CIRCLE('',#3614,0.45);
#139=CIRCLE('',#3615,0.45);
#140=CIRCLE('',#3616,0.45);
#141=CIRCLE('',#3617,0.45);
#142=CIRCLE('',#3619,0.5);
#143=CIRCLE('',#3621,0.45);
#144=CIRCLE('',#3625,0.45);
#145=CIRCLE('',#3626,0.45);
#146=CIRCLE('',#3630,0.45);
#147=CIRCLE('',#3631,0.45);
#148=CIRCLE('',#3634,0.5);
#149=CIRCLE('',#3636,0.45);
#150=CIRCLE('',#3637,0.5);
#151=CIRCLE('',#3639,0.45);
#152=CIRCLE('',#3641,0.5);
#153=CIRCLE('',#3643,0.25);
#154=CIRCLE('',#3645,0.5);
#155=CIRCLE('',#3648,0.5);
#156=CIRCLE('',#3649,0.5);
#157=CIRCLE('',#3651,0.5);
#158=CIRCLE('',#3655,0.5);
#159=CIRCLE('',#3656,0.5);
#160=CIRCLE('',#3657,0.5);
#161=CIRCLE('',#3658,0.5);
#162=CIRCLE('',#3660,0.5);
#163=CIRCLE('',#3665,0.5);
#164=CIRCLE('',#3666,0.5);
#165=CIRCLE('',#3667,0.5);
#166=CIRCLE('',#3668,0.25);
#167=CIRCLE('',#3669,0.45);
#168=CIRCLE('',#3670,0.25);
#169=CIRCLE('',#3671,0.25);
#170=CIRCLE('',#3672,0.21);
#171=CIRCLE('',#3673,0.21);
#172=CIRCLE('',#3674,0.21);
#173=CIRCLE('',#3675,0.21);
#174=CIRCLE('',#3683,0.02);
#175=CIRCLE('',#3684,0.02);
#176=CIRCLE('',#3685,0.02);
#177=CIRCLE('',#3686,0.02);
#178=CIRCLE('',#3687,0.2);
#179=CIRCLE('',#3688,0.2);
#180=CIRCLE('',#3689,0.2);
#181=CIRCLE('',#3690,0.2);
#182=CIRCLE('',#3697,0.27);
#183=CIRCLE('',#3699,0.27);
#184=CIRCLE('',#3700,0.27);
#185=CIRCLE('',#3702,0.27);
#186=CIRCLE('',#3704,0.27);
#187=CIRCLE('',#3706,0.27);
#188=CIRCLE('',#3707,0.27);
#189=CIRCLE('',#3709,0.27);
#190=CIRCLE('',#3711,0.2);
#191=CIRCLE('',#3712,0.2);
#192=CIRCLE('',#3714,0.2);
#193=CIRCLE('',#3715,0.2);
#194=CIRCLE('',#3716,0.0399999999999998);
#195=CIRCLE('',#3717,0.04);
#196=CIRCLE('',#3720,0.2);
#197=CIRCLE('',#3723,0.04);
#198=CIRCLE('',#3724,0.04);
#199=CIRCLE('',#3725,0.2);
#200=CIRCLE('',#3729,0.04);
#201=CIRCLE('',#3732,0.04);
#202=CIRCLE('',#3737,0.0199999999999999);
#203=CIRCLE('',#3738,0.02);
#204=CIRCLE('',#3739,0.02);
#205=CIRCLE('',#3740,0.02);
#206=CIRCLE('',#3748,0.0199999999999999);
#207=CIRCLE('',#3751,0.02);
#208=CIRCLE('',#3755,0.2);
#209=CIRCLE('',#3756,0.2);
#210=CIRCLE('',#3759,0.2);
#211=CIRCLE('',#3760,0.2);
#212=CIRCLE('',#3763,0.2);
#213=CIRCLE('',#3764,0.2);
#214=CIRCLE('',#3767,0.2);
#215=CIRCLE('',#3768,0.2);
#216=CIRCLE('',#3770,0.04);
#217=CIRCLE('',#3771,0.0399999999999998);
#218=CIRCLE('',#3777,0.02);
#219=CIRCLE('',#3780,0.02);
#220=CIRCLE('',#3783,0.02);
#221=CIRCLE('',#3786,0.02);
#222=CIRCLE('',#3789,0.02);
#223=CIRCLE('',#3792,0.02);
#224=CIRCLE('',#3794,0.21);
#225=CIRCLE('',#3797,0.21);
#226=CIRCLE('',#3800,0.21);
#227=CIRCLE('',#3803,0.21);
#228=CIRCLE('',#3806,0.21);
#229=CIRCLE('',#3807,0.21);
#230=CIRCLE('',#3810,0.21);
#231=CIRCLE('',#3811,0.21);
#232=CIRCLE('',#3814,0.21);
#233=CIRCLE('',#3815,0.21);
#234=CIRCLE('',#3818,0.21);
#235=CIRCLE('',#3819,0.21);
#236=CIRCLE('',#3833,0.45);
#237=CIRCLE('',#3836,0.45);
#238=CIRCLE('',#3839,0.45);
#239=CIRCLE('',#3842,0.45);
#240=FACE_OUTER_BOUND('',#425,.T.);
#241=FACE_OUTER_BOUND('',#426,.T.);
#242=FACE_OUTER_BOUND('',#427,.T.);
#243=FACE_OUTER_BOUND('',#428,.T.);
#244=FACE_OUTER_BOUND('',#429,.T.);
#245=FACE_OUTER_BOUND('',#430,.T.);
#246=FACE_OUTER_BOUND('',#431,.T.);
#247=FACE_OUTER_BOUND('',#432,.T.);
#248=FACE_OUTER_BOUND('',#433,.T.);
#249=FACE_OUTER_BOUND('',#434,.T.);
#250=FACE_OUTER_BOUND('',#435,.T.);
#251=FACE_OUTER_BOUND('',#436,.T.);
#252=FACE_OUTER_BOUND('',#437,.T.);
#253=FACE_OUTER_BOUND('',#438,.T.);
#254=FACE_OUTER_BOUND('',#439,.T.);
#255=FACE_OUTER_BOUND('',#440,.T.);
#256=FACE_OUTER_BOUND('',#441,.T.);
#257=FACE_OUTER_BOUND('',#442,.T.);
#258=FACE_OUTER_BOUND('',#443,.T.);
#259=FACE_OUTER_BOUND('',#444,.T.);
#260=FACE_OUTER_BOUND('',#445,.T.);
#261=FACE_OUTER_BOUND('',#446,.T.);
#262=FACE_OUTER_BOUND('',#447,.T.);
#263=FACE_OUTER_BOUND('',#448,.T.);
#264=FACE_OUTER_BOUND('',#449,.T.);
#265=FACE_OUTER_BOUND('',#450,.T.);
#266=FACE_OUTER_BOUND('',#451,.T.);
#267=FACE_OUTER_BOUND('',#452,.T.);
#268=FACE_OUTER_BOUND('',#453,.T.);
#269=FACE_OUTER_BOUND('',#454,.T.);
#270=FACE_OUTER_BOUND('',#455,.T.);
#271=FACE_OUTER_BOUND('',#456,.T.);
#272=FACE_OUTER_BOUND('',#457,.T.);
#273=FACE_OUTER_BOUND('',#458,.T.);
#274=FACE_OUTER_BOUND('',#459,.T.);
#275=FACE_OUTER_BOUND('',#460,.T.);
#276=FACE_OUTER_BOUND('',#461,.T.);
#277=FACE_OUTER_BOUND('',#462,.T.);
#278=FACE_OUTER_BOUND('',#463,.T.);
#279=FACE_OUTER_BOUND('',#465,.T.);
#280=FACE_OUTER_BOUND('',#466,.T.);
#281=FACE_OUTER_BOUND('',#468,.T.);
#282=FACE_OUTER_BOUND('',#469,.T.);
#283=FACE_OUTER_BOUND('',#471,.T.);
#284=FACE_OUTER_BOUND('',#472,.T.);
#285=FACE_OUTER_BOUND('',#474,.T.);
#286=FACE_OUTER_BOUND('',#475,.T.);
#287=FACE_OUTER_BOUND('',#480,.T.);
#288=FACE_OUTER_BOUND('',#481,.T.);
#289=FACE_OUTER_BOUND('',#483,.T.);
#290=FACE_OUTER_BOUND('',#484,.T.);
#291=FACE_OUTER_BOUND('',#485,.T.);
#292=FACE_OUTER_BOUND('',#486,.T.);
#293=FACE_OUTER_BOUND('',#487,.T.);
#294=FACE_OUTER_BOUND('',#488,.T.);
#295=FACE_OUTER_BOUND('',#489,.T.);
#296=FACE_OUTER_BOUND('',#490,.T.);
#297=FACE_OUTER_BOUND('',#491,.T.);
#298=FACE_OUTER_BOUND('',#493,.T.);
#299=FACE_OUTER_BOUND('',#494,.T.);
#300=FACE_OUTER_BOUND('',#495,.T.);
#301=FACE_OUTER_BOUND('',#496,.T.);
#302=FACE_OUTER_BOUND('',#498,.T.);
#303=FACE_OUTER_BOUND('',#499,.T.);
#304=FACE_OUTER_BOUND('',#501,.T.);
#305=FACE_OUTER_BOUND('',#502,.T.);
#306=FACE_OUTER_BOUND('',#503,.T.);
#307=FACE_OUTER_BOUND('',#504,.T.);
#308=FACE_OUTER_BOUND('',#509,.T.);
#309=FACE_OUTER_BOUND('',#510,.T.);
#310=FACE_OUTER_BOUND('',#511,.T.);
#311=FACE_OUTER_BOUND('',#512,.T.);
#312=FACE_OUTER_BOUND('',#513,.T.);
#313=FACE_OUTER_BOUND('',#518,.T.);
#314=FACE_OUTER_BOUND('',#519,.T.);
#315=FACE_OUTER_BOUND('',#520,.T.);
#316=FACE_OUTER_BOUND('',#521,.T.);
#317=FACE_OUTER_BOUND('',#522,.T.);
#318=FACE_OUTER_BOUND('',#523,.T.);
#319=FACE_OUTER_BOUND('',#524,.T.);
#320=FACE_OUTER_BOUND('',#526,.T.);
#321=FACE_OUTER_BOUND('',#527,.T.);
#322=FACE_OUTER_BOUND('',#528,.T.);
#323=FACE_OUTER_BOUND('',#529,.T.);
#324=FACE_OUTER_BOUND('',#530,.T.);
#325=FACE_OUTER_BOUND('',#531,.T.);
#326=FACE_OUTER_BOUND('',#532,.T.);
#327=FACE_OUTER_BOUND('',#533,.T.);
#328=FACE_OUTER_BOUND('',#534,.T.);
#329=FACE_OUTER_BOUND('',#535,.T.);
#330=FACE_OUTER_BOUND('',#536,.T.);
#331=FACE_OUTER_BOUND('',#537,.T.);
#332=FACE_OUTER_BOUND('',#538,.T.);
#333=FACE_OUTER_BOUND('',#539,.T.);
#334=FACE_OUTER_BOUND('',#540,.T.);
#335=FACE_OUTER_BOUND('',#541,.T.);
#336=FACE_OUTER_BOUND('',#542,.T.);
#337=FACE_OUTER_BOUND('',#543,.T.);
#338=FACE_OUTER_BOUND('',#544,.T.);
#339=FACE_OUTER_BOUND('',#545,.T.);
#340=FACE_OUTER_BOUND('',#546,.T.);
#341=FACE_OUTER_BOUND('',#547,.T.);
#342=FACE_OUTER_BOUND('',#548,.T.);
#343=FACE_OUTER_BOUND('',#549,.T.);
#344=FACE_OUTER_BOUND('',#550,.T.);
#345=FACE_OUTER_BOUND('',#551,.T.);
#346=FACE_OUTER_BOUND('',#552,.T.);
#347=FACE_OUTER_BOUND('',#553,.T.);
#348=FACE_OUTER_BOUND('',#554,.T.);
#349=FACE_OUTER_BOUND('',#555,.T.);
#350=FACE_OUTER_BOUND('',#556,.T.);
#351=FACE_OUTER_BOUND('',#557,.T.);
#352=FACE_OUTER_BOUND('',#558,.T.);
#353=FACE_OUTER_BOUND('',#559,.T.);
#354=FACE_OUTER_BOUND('',#560,.T.);
#355=FACE_OUTER_BOUND('',#561,.T.);
#356=FACE_OUTER_BOUND('',#562,.T.);
#357=FACE_OUTER_BOUND('',#563,.T.);
#358=FACE_OUTER_BOUND('',#564,.T.);
#359=FACE_OUTER_BOUND('',#565,.T.);
#360=FACE_OUTER_BOUND('',#566,.T.);
#361=FACE_OUTER_BOUND('',#567,.T.);
#362=FACE_OUTER_BOUND('',#568,.T.);
#363=FACE_OUTER_BOUND('',#569,.T.);
#364=FACE_OUTER_BOUND('',#570,.T.);
#365=FACE_OUTER_BOUND('',#572,.T.);
#366=FACE_OUTER_BOUND('',#573,.T.);
#367=FACE_OUTER_BOUND('',#574,.T.);
#368=FACE_OUTER_BOUND('',#575,.T.);
#369=FACE_OUTER_BOUND('',#576,.T.);
#370=FACE_OUTER_BOUND('',#577,.T.);
#371=FACE_OUTER_BOUND('',#578,.T.);
#372=FACE_OUTER_BOUND('',#579,.T.);
#373=FACE_OUTER_BOUND('',#580,.T.);
#374=FACE_OUTER_BOUND('',#581,.T.);
#375=FACE_OUTER_BOUND('',#582,.T.);
#376=FACE_OUTER_BOUND('',#583,.T.);
#377=FACE_OUTER_BOUND('',#584,.T.);
#378=FACE_OUTER_BOUND('',#585,.T.);
#379=FACE_OUTER_BOUND('',#586,.T.);
#380=FACE_OUTER_BOUND('',#587,.T.);
#381=FACE_OUTER_BOUND('',#588,.T.);
#382=FACE_OUTER_BOUND('',#589,.T.);
#383=FACE_OUTER_BOUND('',#590,.T.);
#384=FACE_OUTER_BOUND('',#591,.T.);
#385=FACE_OUTER_BOUND('',#592,.T.);
#386=FACE_OUTER_BOUND('',#593,.T.);
#387=FACE_OUTER_BOUND('',#594,.T.);
#388=FACE_OUTER_BOUND('',#595,.T.);
#389=FACE_OUTER_BOUND('',#596,.T.);
#390=FACE_OUTER_BOUND('',#597,.T.);
#391=FACE_OUTER_BOUND('',#598,.T.);
#392=FACE_OUTER_BOUND('',#599,.T.);
#393=FACE_OUTER_BOUND('',#600,.T.);
#394=FACE_OUTER_BOUND('',#601,.T.);
#395=FACE_OUTER_BOUND('',#602,.T.);
#396=FACE_OUTER_BOUND('',#603,.T.);
#397=FACE_OUTER_BOUND('',#604,.T.);
#398=FACE_OUTER_BOUND('',#605,.T.);
#399=FACE_OUTER_BOUND('',#606,.T.);
#400=FACE_OUTER_BOUND('',#607,.T.);
#401=FACE_OUTER_BOUND('',#608,.T.);
#402=FACE_OUTER_BOUND('',#609,.T.);
#403=FACE_OUTER_BOUND('',#610,.T.);
#404=FACE_OUTER_BOUND('',#611,.T.);
#405=FACE_OUTER_BOUND('',#612,.T.);
#406=FACE_OUTER_BOUND('',#613,.T.);
#407=FACE_OUTER_BOUND('',#614,.T.);
#408=FACE_OUTER_BOUND('',#615,.T.);
#409=FACE_OUTER_BOUND('',#617,.T.);
#410=FACE_OUTER_BOUND('',#618,.T.);
#411=FACE_OUTER_BOUND('',#620,.T.);
#412=FACE_OUTER_BOUND('',#621,.T.);
#413=FACE_OUTER_BOUND('',#623,.T.);
#414=FACE_OUTER_BOUND('',#624,.T.);
#415=FACE_OUTER_BOUND('',#626,.T.);
#416=FACE_OUTER_BOUND('',#627,.T.);
#417=FACE_OUTER_BOUND('',#628,.T.);
#418=FACE_OUTER_BOUND('',#629,.T.);
#419=FACE_OUTER_BOUND('',#630,.T.);
#420=FACE_OUTER_BOUND('',#631,.T.);
#421=FACE_OUTER_BOUND('',#632,.T.);
#422=FACE_OUTER_BOUND('',#636,.T.);
#423=FACE_OUTER_BOUND('',#637,.T.);
#424=FACE_OUTER_BOUND('',#638,.T.);
#425=EDGE_LOOP('',(#2211,#2212,#2213,#2214));
#426=EDGE_LOOP('',(#2215,#2216,#2217,#2218));
#427=EDGE_LOOP('',(#2219,#2220,#2221,#2222));
#428=EDGE_LOOP('',(#2223,#2224,#2225,#2226));
#429=EDGE_LOOP('',(#2227,#2228,#2229,#2230));
#430=EDGE_LOOP('',(#2231,#2232,#2233,#2234,#2235));
#431=EDGE_LOOP('',(#2236,#2237,#2238,#2239,#2240,#2241,#2242,#2243,#2244,
#2245));
#432=EDGE_LOOP('',(#2246,#2247,#2248,#2249,#2250,#2251,#2252,#2253,#2254,
#2255,#2256,#2257,#2258,#2259));
#433=EDGE_LOOP('',(#2260,#2261,#2262,#2263));
#434=EDGE_LOOP('',(#2264,#2265,#2266,#2267));
#435=EDGE_LOOP('',(#2268,#2269,#2270,#2271,#2272));
#436=EDGE_LOOP('',(#2273,#2274,#2275,#2276,#2277));
#437=EDGE_LOOP('',(#2278,#2279,#2280,#2281,#2282,#2283));
#438=EDGE_LOOP('',(#2284,#2285,#2286,#2287));
#439=EDGE_LOOP('',(#2288,#2289,#2290,#2291));
#440=EDGE_LOOP('',(#2292,#2293,#2294,#2295));
#441=EDGE_LOOP('',(#2296,#2297,#2298,#2299));
#442=EDGE_LOOP('',(#2300,#2301,#2302,#2303));
#443=EDGE_LOOP('',(#2304,#2305,#2306,#2307,#2308,#2309,#2310,#2311));
#444=EDGE_LOOP('',(#2312,#2313,#2314,#2315,#2316,#2317,#2318,#2319,#2320,
#2321));
#445=EDGE_LOOP('',(#2322,#2323,#2324,#2325));
#446=EDGE_LOOP('',(#2326,#2327,#2328,#2329,#2330));
#447=EDGE_LOOP('',(#2331,#2332,#2333,#2334,#2335));
#448=EDGE_LOOP('',(#2336,#2337,#2338,#2339));
#449=EDGE_LOOP('',(#2340,#2341,#2342,#2343,#2344));
#450=EDGE_LOOP('',(#2345,#2346,#2347,#2348,#2349,#2350,#2351,#2352,#2353,
#2354,#2355,#2356,#2357,#2358));
#451=EDGE_LOOP('',(#2359,#2360,#2361,#2362,#2363,#2364));
#452=EDGE_LOOP('',(#2365,#2366,#2367,#2368,#2369,#2370));
#453=EDGE_LOOP('',(#2371,#2372,#2373,#2374,#2375,#2376));
#454=EDGE_LOOP('',(#2377,#2378,#2379,#2380,#2381));
#455=EDGE_LOOP('',(#2382,#2383,#2384,#2385,#2386,#2387));
#456=EDGE_LOOP('',(#2388,#2389,#2390,#2391));
#457=EDGE_LOOP('',(#2392,#2393,#2394,#2395,#2396));
#458=EDGE_LOOP('',(#2397,#2398,#2399,#2400));
#459=EDGE_LOOP('',(#2401,#2402,#2403,#2404));
#460=EDGE_LOOP('',(#2405,#2406,#2407,#2408));
#461=EDGE_LOOP('',(#2409,#2410,#2411,#2412));
#462=EDGE_LOOP('',(#2413,#2414,#2415,#2416));
#463=EDGE_LOOP('',(#2417));
#464=EDGE_LOOP('',(#2418));
#465=EDGE_LOOP('',(#2419,#2420,#2421,#2422));
#466=EDGE_LOOP('',(#2423));
#467=EDGE_LOOP('',(#2424));
#468=EDGE_LOOP('',(#2425,#2426,#2427,#2428));
#469=EDGE_LOOP('',(#2429));
#470=EDGE_LOOP('',(#2430));
#471=EDGE_LOOP('',(#2431,#2432,#2433,#2434));
#472=EDGE_LOOP('',(#2435));
#473=EDGE_LOOP('',(#2436));
#474=EDGE_LOOP('',(#2437,#2438,#2439,#2440));
#475=EDGE_LOOP('',(#2441,#2442,#2443,#2444,#2445,#2446,#2447,#2448,#2449,
#2450,#2451,#2452,#2453,#2454,#2455,#2456,#2457,#2458,#2459,#2460,#2461,
#2462,#2463,#2464,#2465,#2466,#2467,#2468,#2469,#2470));
#476=EDGE_LOOP('',(#2471));
#477=EDGE_LOOP('',(#2472));
#478=EDGE_LOOP('',(#2473));
#479=EDGE_LOOP('',(#2474));
#480=EDGE_LOOP('',(#2475,#2476,#2477,#2478));
#481=EDGE_LOOP('',(#2479,#2480,#2481,#2482));
#482=EDGE_LOOP('',(#2483));
#483=EDGE_LOOP('',(#2484,#2485,#2486,#2487));
#484=EDGE_LOOP('',(#2488,#2489,#2490,#2491,#2492,#2493));
#485=EDGE_LOOP('',(#2494,#2495,#2496,#2497,#2498,#2499));
#486=EDGE_LOOP('',(#2500,#2501,#2502,#2503));
#487=EDGE_LOOP('',(#2504,#2505,#2506,#2507,#2508,#2509));
#488=EDGE_LOOP('',(#2510,#2511,#2512,#2513,#2514,#2515));
#489=EDGE_LOOP('',(#2516,#2517,#2518,#2519));
#490=EDGE_LOOP('',(#2520,#2521,#2522,#2523));
#491=EDGE_LOOP('',(#2524,#2525,#2526,#2527,#2528,#2529,#2530,#2531,#2532));
#492=EDGE_LOOP('',(#2533));
#493=EDGE_LOOP('',(#2534,#2535,#2536,#2537,#2538,#2539));
#494=EDGE_LOOP('',(#2540,#2541,#2542,#2543));
#495=EDGE_LOOP('',(#2544,#2545,#2546,#2547));
#496=EDGE_LOOP('',(#2548,#2549,#2550,#2551));
#497=EDGE_LOOP('',(#2552));
#498=EDGE_LOOP('',(#2553,#2554,#2555,#2556));
#499=EDGE_LOOP('',(#2557,#2558,#2559,#2560,#2561,#2562,#2563,#2564,#2565));
#500=EDGE_LOOP('',(#2566));
#501=EDGE_LOOP('',(#2567,#2568,#2569,#2570));
#502=EDGE_LOOP('',(#2571,#2572,#2573,#2574));
#503=EDGE_LOOP('',(#2575,#2576,#2577,#2578));
#504=EDGE_LOOP('',(#2579,#2580,#2581,#2582,#2583,#2584,#2585,#2586,#2587,
#2588,#2589,#2590));
#505=EDGE_LOOP('',(#2591));
#506=EDGE_LOOP('',(#2592));
#507=EDGE_LOOP('',(#2593));
#508=EDGE_LOOP('',(#2594));
#509=EDGE_LOOP('',(#2595,#2596,#2597,#2598));
#510=EDGE_LOOP('',(#2599,#2600,#2601,#2602));
#511=EDGE_LOOP('',(#2603,#2604,#2605,#2606));
#512=EDGE_LOOP('',(#2607,#2608,#2609,#2610,#2611,#2612,#2613,#2614));
#513=EDGE_LOOP('',(#2615,#2616,#2617,#2618,#2619,#2620,#2621,#2622,#2623,
#2624,#2625,#2626,#2627,#2628,#2629,#2630,#2631,#2632,#2633,#2634,#2635,
#2636,#2637,#2638,#2639,#2640,#2641,#2642));
#514=EDGE_LOOP('',(#2643));
#515=EDGE_LOOP('',(#2644));
#516=EDGE_LOOP('',(#2645));
#517=EDGE_LOOP('',(#2646));
#518=EDGE_LOOP('',(#2647,#2648,#2649,#2650,#2651,#2652));
#519=EDGE_LOOP('',(#2653,#2654,#2655,#2656));
#520=EDGE_LOOP('',(#2657,#2658,#2659,#2660,#2661,#2662));
#521=EDGE_LOOP('',(#2663,#2664,#2665,#2666));
#522=EDGE_LOOP('',(#2667,#2668,#2669,#2670));
#523=EDGE_LOOP('',(#2671,#2672,#2673,#2674,#2675,#2676,#2677,#2678,#2679,
#2680,#2681,#2682));
#524=EDGE_LOOP('',(#2683,#2684,#2685,#2686,#2687,#2688,#2689,#2690,#2691,
#2692,#2693,#2694,#2695,#2696,#2697,#2698,#2699,#2700,#2701,#2702,#2703,
#2704,#2705,#2706));
#525=EDGE_LOOP('',(#2707,#2708,#2709,#2710,#2711,#2712,#2713,#2714));
#526=EDGE_LOOP('',(#2715,#2716,#2717,#2718,#2719,#2720));
#527=EDGE_LOOP('',(#2721,#2722,#2723,#2724));
#528=EDGE_LOOP('',(#2725,#2726,#2727,#2728,#2729,#2730));
#529=EDGE_LOOP('',(#2731,#2732,#2733,#2734));
#530=EDGE_LOOP('',(#2735,#2736,#2737,#2738));
#531=EDGE_LOOP('',(#2739,#2740));
#532=EDGE_LOOP('',(#2741,#2742,#2743,#2744,#2745));
#533=EDGE_LOOP('',(#2746,#2747,#2748,#2749));
#534=EDGE_LOOP('',(#2750,#2751));
#535=EDGE_LOOP('',(#2752,#2753,#2754,#2755,#2756));
#536=EDGE_LOOP('',(#2757,#2758,#2759,#2760));
#537=EDGE_LOOP('',(#2761,#2762,#2763,#2764,#2765,#2766,#2767));
#538=EDGE_LOOP('',(#2768,#2769,#2770,#2771,#2772,#2773,#2774,#2775,#2776,
#2777,#2778,#2779,#2780,#2781,#2782,#2783,#2784,#2785,#2786,#2787));
#539=EDGE_LOOP('',(#2788,#2789,#2790));
#540=EDGE_LOOP('',(#2791,#2792,#2793));
#541=EDGE_LOOP('',(#2794,#2795,#2796,#2797,#2798,#2799));
#542=EDGE_LOOP('',(#2800,#2801,#2802,#2803,#2804,#2805,#2806,#2807,#2808,
#2809,#2810,#2811));
#543=EDGE_LOOP('',(#2812,#2813,#2814,#2815,#2816,#2817));
#544=EDGE_LOOP('',(#2818,#2819,#2820,#2821,#2822,#2823,#2824,#2825));
#545=EDGE_LOOP('',(#2826,#2827,#2828,#2829));
#546=EDGE_LOOP('',(#2830,#2831,#2832,#2833));
#547=EDGE_LOOP('',(#2834,#2835,#2836,#2837));
#548=EDGE_LOOP('',(#2838,#2839,#2840,#2841,#2842,#2843));
#549=EDGE_LOOP('',(#2844,#2845,#2846,#2847));
#550=EDGE_LOOP('',(#2848,#2849,#2850,#2851,#2852,#2853));
#551=EDGE_LOOP('',(#2854,#2855,#2856,#2857,#2858,#2859,#2860,#2861,#2862,
#2863,#2864,#2865,#2866,#2867,#2868,#2869));
#552=EDGE_LOOP('',(#2870,#2871,#2872,#2873));
#553=EDGE_LOOP('',(#2874,#2875,#2876,#2877));
#554=EDGE_LOOP('',(#2878,#2879,#2880,#2881));
#555=EDGE_LOOP('',(#2882,#2883,#2884,#2885));
#556=EDGE_LOOP('',(#2886,#2887,#2888,#2889));
#557=EDGE_LOOP('',(#2890,#2891,#2892,#2893,#2894,#2895));
#558=EDGE_LOOP('',(#2896,#2897,#2898,#2899));
#559=EDGE_LOOP('',(#2900,#2901,#2902,#2903));
#560=EDGE_LOOP('',(#2904,#2905,#2906,#2907));
#561=EDGE_LOOP('',(#2908,#2909,#2910,#2911,#2912,#2913));
#562=EDGE_LOOP('',(#2914,#2915,#2916,#2917));
#563=EDGE_LOOP('',(#2918,#2919,#2920,#2921));
#564=EDGE_LOOP('',(#2922,#2923,#2924,#2925));
#565=EDGE_LOOP('',(#2926,#2927,#2928,#2929));
#566=EDGE_LOOP('',(#2930,#2931,#2932,#2933));
#567=EDGE_LOOP('',(#2934,#2935,#2936,#2937));
#568=EDGE_LOOP('',(#2938,#2939,#2940,#2941));
#569=EDGE_LOOP('',(#2942,#2943,#2944,#2945));
#570=EDGE_LOOP('',(#2946,#2947,#2948,#2949,#2950,#2951,#2952,#2953));
#571=EDGE_LOOP('',(#2954,#2955,#2956,#2957,#2958,#2959,#2960,#2961));
#572=EDGE_LOOP('',(#2962,#2963,#2964,#2965,#2966,#2967));
#573=EDGE_LOOP('',(#2968,#2969,#2970,#2971));
#574=EDGE_LOOP('',(#2972,#2973,#2974,#2975));
#575=EDGE_LOOP('',(#2976,#2977,#2978,#2979));
#576=EDGE_LOOP('',(#2980,#2981,#2982,#2983));
#577=EDGE_LOOP('',(#2984,#2985,#2986,#2987));
#578=EDGE_LOOP('',(#2988,#2989,#2990,#2991));
#579=EDGE_LOOP('',(#2992,#2993,#2994,#2995,#2996,#2997));
#580=EDGE_LOOP('',(#2998,#2999,#3000,#3001));
#581=EDGE_LOOP('',(#3002,#3003,#3004,#3005));
#582=EDGE_LOOP('',(#3006,#3007,#3008,#3009));
#583=EDGE_LOOP('',(#3010,#3011,#3012,#3013,#3014,#3015));
#584=EDGE_LOOP('',(#3016,#3017,#3018,#3019));
#585=EDGE_LOOP('',(#3020,#3021,#3022,#3023));
#586=EDGE_LOOP('',(#3024,#3025,#3026,#3027));
#587=EDGE_LOOP('',(#3028,#3029,#3030,#3031));
#588=EDGE_LOOP('',(#3032));
#589=EDGE_LOOP('',(#3033,#3034,#3035,#3036));
#590=EDGE_LOOP('',(#3037));
#591=EDGE_LOOP('',(#3038,#3039,#3040,#3041));
#592=EDGE_LOOP('',(#3042));
#593=EDGE_LOOP('',(#3043,#3044,#3045,#3046));
#594=EDGE_LOOP('',(#3047));
#595=EDGE_LOOP('',(#3048,#3049,#3050,#3051));
#596=EDGE_LOOP('',(#3052));
#597=EDGE_LOOP('',(#3053,#3054,#3055,#3056));
#598=EDGE_LOOP('',(#3057));
#599=EDGE_LOOP('',(#3058,#3059,#3060,#3061));
#600=EDGE_LOOP('',(#3062));
#601=EDGE_LOOP('',(#3063,#3064,#3065,#3066));
#602=EDGE_LOOP('',(#3067));
#603=EDGE_LOOP('',(#3068,#3069,#3070,#3071,#3072,#3073));
#604=EDGE_LOOP('',(#3074,#3075,#3076,#3077,#3078,#3079,#3080));
#605=EDGE_LOOP('',(#3081,#3082,#3083,#3084));
#606=EDGE_LOOP('',(#3085,#3086,#3087,#3088));
#607=EDGE_LOOP('',(#3089,#3090,#3091,#3092));
#608=EDGE_LOOP('',(#3093,#3094,#3095,#3096,#3097,#3098));
#609=EDGE_LOOP('',(#3099,#3100,#3101,#3102));
#610=EDGE_LOOP('',(#3103,#3104,#3105,#3106,#3107,#3108));
#611=EDGE_LOOP('',(#3109,#3110,#3111,#3112,#3113,#3114));
#612=EDGE_LOOP('',(#3115,#3116,#3117,#3118,#3119,#3120));
#613=EDGE_LOOP('',(#3121,#3122,#3123,#3124));
#614=EDGE_LOOP('',(#3125,#3126,#3127,#3128));
#615=EDGE_LOOP('',(#3129));
#616=EDGE_LOOP('',(#3130));
#617=EDGE_LOOP('',(#3131,#3132,#3133,#3134));
#618=EDGE_LOOP('',(#3135));
#619=EDGE_LOOP('',(#3136));
#620=EDGE_LOOP('',(#3137,#3138,#3139,#3140));
#621=EDGE_LOOP('',(#3141));
#622=EDGE_LOOP('',(#3142));
#623=EDGE_LOOP('',(#3143,#3144,#3145,#3146));
#624=EDGE_LOOP('',(#3147));
#625=EDGE_LOOP('',(#3148));
#626=EDGE_LOOP('',(#3149,#3150,#3151,#3152,#3153,#3154));
#627=EDGE_LOOP('',(#3155,#3156,#3157,#3158));
#628=EDGE_LOOP('',(#3159,#3160,#3161,#3162));
#629=EDGE_LOOP('',(#3163,#3164,#3165,#3166));
#630=EDGE_LOOP('',(#3167,#3168,#3169,#3170));
#631=EDGE_LOOP('',(#3171,#3172,#3173,#3174));
#632=EDGE_LOOP('',(#3175,#3176,#3177,#3178));
#633=EDGE_LOOP('',(#3179,#3180,#3181,#3182,#3183,#3184,#3185,#3186));
#634=EDGE_LOOP('',(#3187,#3188,#3189,#3190,#3191,#3192,#3193,#3194));
#635=EDGE_LOOP('',(#3195,#3196,#3197,#3198,#3199,#3200,#3201,#3202));
#636=EDGE_LOOP('',(#3203,#3204,#3205,#3206));
#637=EDGE_LOOP('',(#3207,#3208,#3209,#3210));
#638=EDGE_LOOP('',(#3211,#3212,#3213,#3214));
#639=LINE('',#4862,#1007);
#640=LINE('',#4864,#1008);
#641=LINE('',#4866,#1009);
#642=LINE('',#4867,#1010);
#643=LINE('',#4870,#1011);
#644=LINE('',#4872,#1012);
#645=LINE('',#4873,#1013);
#646=LINE('',#4877,#1014);
#647=LINE('',#4879,#1015);
#648=LINE('',#4881,#1016);
#649=LINE('',#4882,#1017);
#650=LINE('',#4885,#1018);
#651=LINE('',#4887,#1019);
#652=LINE('',#4888,#1020);
#653=LINE('',#4891,#1021);
#654=LINE('',#4893,#1022);
#655=LINE('',#4894,#1023);
#656=LINE('',#4898,#1024);
#657=LINE('',#4900,#1025);
#658=LINE('',#4902,#1026);
#659=LINE('',#4904,#1027);
#660=LINE('',#4905,#1028);
#661=LINE('',#4908,#1029);
#662=LINE('',#4909,#1030);
#663=LINE('',#4910,#1031);
#664=LINE('',#4911,#1032);
#665=LINE('',#4913,#1033);
#666=LINE('',#4914,#1034);
#667=LINE('',#4916,#1035);
#668=LINE('',#4918,#1036);
#669=LINE('',#4920,#1037);
#670=LINE('',#4922,#1038);
#671=LINE('',#4924,#1039);
#672=LINE('',#4925,#1040);
#673=LINE('',#4930,#1041);
#674=LINE('',#4932,#1042);
#675=LINE('',#4933,#1043);
#676=LINE('',#4936,#1044);
#677=LINE('',#4938,#1045);
#678=LINE('',#4940,#1046);
#679=LINE('',#4941,#1047);
#680=LINE('',#4944,#1048);
#681=LINE('',#4946,#1049);
#682=LINE('',#4948,#1050);
#683=LINE('',#4949,#1051);
#684=LINE('',#4953,#1052);
#685=LINE('',#4955,#1053);
#686=LINE('',#4957,#1054);
#687=LINE('',#4958,#1055);
#688=LINE('',#4961,#1056);
#689=LINE('',#4963,#1057);
#690=LINE('',#4964,#1058);
#691=LINE('',#4967,#1059);
#692=LINE('',#4969,#1060);
#693=LINE('',#4970,#1061);
#694=LINE('',#4974,#1062);
#695=LINE('',#4976,#1063);
#696=LINE('',#4978,#1064);
#697=LINE('',#4979,#1065);
#698=LINE('',#4983,#1066);
#699=LINE('',#4984,#1067);
#700=LINE('',#4985,#1068);
#701=LINE('',#4988,#1069);
#702=LINE('',#4990,#1070);
#703=LINE('',#4992,#1071);
#704=LINE('',#4994,#1072);
#705=LINE('',#4996,#1073);
#706=LINE('',#4998,#1074);
#707=LINE('',#4999,#1075);
#708=LINE('',#5003,#1076);
#709=LINE('',#5004,#1077);
#710=LINE('',#5005,#1078);
#711=LINE('',#5006,#1079);
#712=LINE('',#5008,#1080);
#713=LINE('',#5011,#1081);
#714=LINE('',#5013,#1082);
#715=LINE('',#5014,#1083);
#716=LINE('',#5018,#1084);
#717=LINE('',#5019,#1085);
#718=LINE('',#5020,#1086);
#719=LINE('',#5022,#1087);
#720=LINE('',#5025,#1088);
#721=LINE('',#5027,#1089);
#722=LINE('',#5029,#1090);
#723=LINE('',#5030,#1091);
#724=LINE('',#5033,#1092);
#725=LINE('',#5035,#1093);
#726=LINE('',#5037,#1094);
#727=LINE('',#5039,#1095);
#728=LINE('',#5040,#1096);
#729=LINE('',#5043,#1097);
#730=LINE('',#5045,#1098);
#731=LINE('',#5046,#1099);
#732=LINE('',#5049,#1100);
#733=LINE('',#5051,#1101);
#734=LINE('',#5053,#1102);
#735=LINE('',#5055,#1103);
#736=LINE('',#5056,#1104);
#737=LINE('',#5060,#1105);
#738=LINE('',#5061,#1106);
#739=LINE('',#5063,#1107);
#740=LINE('',#5065,#1108);
#741=LINE('',#5066,#1109);
#742=LINE('',#5070,#1110);
#743=LINE('',#5073,#1111);
#744=LINE('',#5077,#1112);
#745=LINE('',#5080,#1113);
#746=LINE('',#5084,#1114);
#747=LINE('',#5089,#1115);
#748=LINE('',#5095,#1116);
#749=LINE('',#5101,#1117);
#750=LINE('',#5107,#1118);
#751=LINE('',#5113,#1119);
#752=LINE('',#5120,#1120);
#753=LINE('',#5127,#1121);
#754=LINE('',#5134,#1122);
#755=LINE('',#5140,#1123);
#756=LINE('',#5142,#1124);
#757=LINE('',#5144,#1125);
#758=LINE('',#5145,#1126);
#759=LINE('',#5150,#1127);
#760=LINE('',#5154,#1128);
#761=LINE('',#5156,#1129);
#762=LINE('',#5158,#1130);
#763=LINE('',#5160,#1131);
#764=LINE('',#5162,#1132);
#765=LINE('',#5164,#1133);
#766=LINE('',#5166,#1134);
#767=LINE('',#5168,#1135);
#768=LINE('',#5170,#1136);
#769=LINE('',#5174,#1137);
#770=LINE('',#5178,#1138);
#771=LINE('',#5182,#1139);
#772=LINE('',#5186,#1140);
#773=LINE('',#5188,#1141);
#774=LINE('',#5192,#1142);
#775=LINE('',#5196,#1143);
#776=LINE('',#5209,#1144);
#777=LINE('',#5213,#1145);
#778=LINE('',#5216,#1146);
#779=LINE('',#5218,#1147);
#780=LINE('',#5219,#1148);
#781=LINE('',#5223,#1149);
#782=LINE('',#5225,#1150);
#783=LINE('',#5226,#1151);
#784=LINE('',#5228,#1152);
#785=LINE('',#5229,#1153);
#786=LINE('',#5234,#1154);
#787=LINE('',#5237,#1155);
#788=LINE('',#5239,#1156);
#789=LINE('',#5240,#1157);
#790=LINE('',#5244,#1158);
#791=LINE('',#5245,#1159);
#792=LINE('',#5247,#1160);
#793=LINE('',#5249,#1161);
#794=LINE('',#5250,#1162);
#795=LINE('',#5255,#1163);
#796=LINE('',#5258,#1164);
#797=LINE('',#5260,#1165);
#798=LINE('',#5261,#1166);
#799=LINE('',#5268,#1167);
#800=LINE('',#5272,#1168);
#801=LINE('',#5275,#1169);
#802=LINE('',#5278,#1170);
#803=LINE('',#5282,#1171);
#804=LINE('',#5298,#1172);
#805=LINE('',#5299,#1173);
#806=LINE('',#5303,#1174);
#807=LINE('',#5307,#1175);
#808=LINE('',#5310,#1176);
#809=LINE('',#5314,#1177);
#810=LINE('',#5318,#1178);
#811=LINE('',#5319,#1179);
#812=LINE('',#5322,#1180);
#813=LINE('',#5323,#1181);
#814=LINE('',#5328,#1182);
#815=LINE('',#5332,#1183);
#816=LINE('',#5335,#1184);
#817=LINE('',#5339,#1185);
#818=LINE('',#5342,#1186);
#819=LINE('',#5346,#1187);
#820=LINE('',#5349,#1188);
#821=LINE('',#5350,#1189);
#822=LINE('',#5362,#1190);
#823=LINE('',#5364,#1191);
#824=LINE('',#5366,#1192);
#825=LINE('',#5367,#1193);
#826=LINE('',#5368,#1194);
#827=LINE('',#5371,#1195);
#828=LINE('',#5373,#1196);
#829=LINE('',#5374,#1197);
#830=LINE('',#5377,#1198);
#831=LINE('',#5378,#1199);
#832=LINE('',#5380,#1200);
#833=LINE('',#5381,#1201);
#834=LINE('',#5383,#1202);
#835=LINE('',#5387,#1203);
#836=LINE('',#5389,#1204);
#837=LINE('',#5391,#1205);
#838=LINE('',#5393,#1206);
#839=LINE('',#5395,#1207);
#840=LINE('',#5397,#1208);
#841=LINE('',#5399,#1209);
#842=LINE('',#5401,#1210);
#843=LINE('',#5402,#1211);
#844=LINE('',#5405,#1212);
#845=LINE('',#5407,#1213);
#846=LINE('',#5409,#1214);
#847=LINE('',#5413,#1215);
#848=LINE('',#5417,#1216);
#849=LINE('',#5419,#1217);
#850=LINE('',#5421,#1218);
#851=LINE('',#5425,#1219);
#852=LINE('',#5429,#1220);
#853=LINE('',#5431,#1221);
#854=LINE('',#5432,#1222);
#855=LINE('',#5433,#1223);
#856=LINE('',#5434,#1224);
#857=LINE('',#5435,#1225);
#858=LINE('',#5438,#1226);
#859=LINE('',#5442,#1227);
#860=LINE('',#5446,#1228);
#861=LINE('',#5450,#1229);
#862=LINE('',#5454,#1230);
#863=LINE('',#5456,#1231);
#864=LINE('',#5457,#1232);
#865=LINE('',#5460,#1233);
#866=LINE('',#5461,#1234);
#867=LINE('',#5463,#1235);
#868=LINE('',#5465,#1236);
#869=LINE('',#5466,#1237);
#870=LINE('',#5468,#1238);
#871=LINE('',#5473,#1239);
#872=LINE('',#5480,#1240);
#873=LINE('',#5490,#1241);
#874=LINE('',#5493,#1242);
#875=LINE('',#5495,#1243);
#876=LINE('',#5500,#1244);
#877=LINE('',#5507,#1245);
#878=LINE('',#5517,#1246);
#879=LINE('',#5520,#1247);
#880=LINE('',#5522,#1248);
#881=LINE('',#5525,#1249);
#882=LINE('',#5527,#1250);
#883=LINE('',#5531,#1251);
#884=LINE('',#5535,#1252);
#885=LINE('',#5537,#1253);
#886=LINE('',#5541,#1254);
#887=LINE('',#5545,#1255);
#888=LINE('',#5546,#1256);
#889=LINE('',#5548,#1257);
#890=LINE('',#5550,#1258);
#891=LINE('',#5554,#1259);
#892=LINE('',#5558,#1260);
#893=LINE('',#5559,#1261);
#894=LINE('',#5561,#1262);
#895=LINE('',#5564,#1263);
#896=LINE('',#5568,#1264);
#897=LINE('',#5570,#1265);
#898=LINE('',#5571,#1266);
#899=LINE('',#5575,#1267);
#900=LINE('',#5579,#1268);
#901=LINE('',#5582,#1269);
#902=LINE('',#5584,#1270);
#903=LINE('',#5587,#1271);
#904=LINE('',#5589,#1272);
#905=LINE('',#5590,#1273);
#906=LINE('',#5592,#1274);
#907=LINE('',#5593,#1275);
#908=LINE('',#5595,#1276);
#909=LINE('',#5596,#1277);
#910=LINE('',#5599,#1278);
#911=LINE('',#5602,#1279);
#912=LINE('',#5605,#1280);
#913=LINE('',#5606,#1281);
#914=LINE('',#5610,#1282);
#915=LINE('',#5613,#1283);
#916=LINE('',#5614,#1284);
#917=LINE('',#5616,#1285);
#918=LINE('',#5618,#1286);
#919=LINE('',#5619,#1287);
#920=LINE('',#5623,#1288);
#921=LINE('',#5627,#1289);
#922=LINE('',#5631,#1290);
#923=LINE('',#5633,#1291);
#924=LINE('',#5634,#1292);
#925=LINE('',#5636,#1293);
#926=LINE('',#5638,#1294);
#927=LINE('',#5640,#1295);
#928=LINE('',#5644,#1296);
#929=LINE('',#5648,#1297);
#930=LINE('',#5649,#1298);
#931=LINE('',#5651,#1299);
#932=LINE('',#5652,#1300);
#933=LINE('',#5654,#1301);
#934=LINE('',#5655,#1302);
#935=LINE('',#5659,#1303);
#936=LINE('',#5660,#1304);
#937=LINE('',#5663,#1305);
#938=LINE('',#5665,#1306);
#939=LINE('',#5666,#1307);
#940=LINE('',#5670,#1308);
#941=LINE('',#5673,#1309);
#942=LINE('',#5674,#1310);
#943=LINE('',#5678,#1311);
#944=LINE('',#5681,#1312);
#945=LINE('',#5682,#1313);
#946=LINE('',#5686,#1314);
#947=LINE('',#5688,#1315);
#948=LINE('',#5690,#1316);
#949=LINE('',#5691,#1317);
#950=LINE('',#5696,#1318);
#951=LINE('',#5700,#1319);
#952=LINE('',#5702,#1320);
#953=LINE('',#5703,#1321);
#954=LINE('',#5708,#1322);
#955=LINE('',#5712,#1323);
#956=LINE('',#5714,#1324);
#957=LINE('',#5715,#1325);
#958=LINE('',#5720,#1326);
#959=LINE('',#5724,#1327);
#960=LINE('',#5726,#1328);
#961=LINE('',#5727,#1329);
#962=LINE('',#5733,#1330);
#963=LINE('',#5737,#1331);
#964=LINE('',#5740,#1332);
#965=LINE('',#5742,#1333);
#966=LINE('',#5744,#1334);
#967=LINE('',#5748,#1335);
#968=LINE('',#5752,#1336);
#969=LINE('',#5753,#1337);
#970=LINE('',#5758,#1338);
#971=LINE('',#5760,#1339);
#972=LINE('',#5761,#1340);
#973=LINE('',#5764,#1341);
#974=LINE('',#5768,#1342);
#975=LINE('',#5769,#1343);
#976=LINE('',#5772,#1344);
#977=LINE('',#5776,#1345);
#978=LINE('',#5777,#1346);
#979=LINE('',#5781,#1347);
#980=LINE('',#5784,#1348);
#981=LINE('',#5785,#1349);
#982=LINE('',#5791,#1350);
#983=LINE('',#5796,#1351);
#984=LINE('',#5801,#1352);
#985=LINE('',#5806,#1353);
#986=LINE('',#5812,#1354);
#987=LINE('',#5819,#1355);
#988=LINE('',#5826,#1356);
#989=LINE('',#5833,#1357);
#990=LINE('',#5837,#1358);
#991=LINE('',#5840,#1359);
#992=LINE('',#5842,#1360);
#993=LINE('',#5844,#1361);
#994=LINE('',#5848,#1362);
#995=LINE('',#5850,#1363);
#996=LINE('',#5851,#1364);
#997=LINE('',#5853,#1365);
#998=LINE('',#5858,#1366);
#999=LINE('',#5863,#1367);
#1000=LINE('',#5868,#1368);
#1001=LINE('',#5873,#1369);
#1002=LINE('',#5880,#1370);
#1003=LINE('',#5881,#1371);
#1004=LINE('',#5883,#1372);
#1005=LINE('',#5885,#1373);
#1006=LINE('',#5887,#1374);
#1007=VECTOR('',#3858,1.);
#1008=VECTOR('',#3859,1.);
#1009=VECTOR('',#3860,1.);
#1010=VECTOR('',#3861,1.);
#1011=VECTOR('',#3864,1.);
#1012=VECTOR('',#3865,1.);
#1013=VECTOR('',#3866,1.);
#1014=VECTOR('',#3869,1.);
#1015=VECTOR('',#3870,1.);
#1016=VECTOR('',#3871,1.);
#1017=VECTOR('',#3872,1.);
#1018=VECTOR('',#3875,1.);
#1019=VECTOR('',#3876,1.);
#1020=VECTOR('',#3877,1.);
#1021=VECTOR('',#3880,1.);
#1022=VECTOR('',#3881,1.);
#1023=VECTOR('',#3882,1.);
#1024=VECTOR('',#3885,1.);
#1025=VECTOR('',#3886,1.);
#1026=VECTOR('',#3887,1.);
#1027=VECTOR('',#3888,1.);
#1028=VECTOR('',#3889,1.);
#1029=VECTOR('',#3892,1.);
#1030=VECTOR('',#3893,1.);
#1031=VECTOR('',#3894,1.);
#1032=VECTOR('',#3895,1.);
#1033=VECTOR('',#3898,1.);
#1034=VECTOR('',#3899,1.);
#1035=VECTOR('',#3900,1.);
#1036=VECTOR('',#3901,1.);
#1037=VECTOR('',#3902,1.);
#1038=VECTOR('',#3903,1.);
#1039=VECTOR('',#3904,1.);
#1040=VECTOR('',#3905,1.);
#1041=VECTOR('',#3912,1.);
#1042=VECTOR('',#3913,1.);
#1043=VECTOR('',#3914,1.);
#1044=VECTOR('',#3917,1.);
#1045=VECTOR('',#3918,1.);
#1046=VECTOR('',#3919,1.);
#1047=VECTOR('',#3920,1.);
#1048=VECTOR('',#3923,1.);
#1049=VECTOR('',#3924,1.);
#1050=VECTOR('',#3925,1.);
#1051=VECTOR('',#3926,1.);
#1052=VECTOR('',#3929,1.);
#1053=VECTOR('',#3930,1.);
#1054=VECTOR('',#3931,1.);
#1055=VECTOR('',#3932,1.);
#1056=VECTOR('',#3935,1.);
#1057=VECTOR('',#3936,1.);
#1058=VECTOR('',#3937,1.);
#1059=VECTOR('',#3940,1.);
#1060=VECTOR('',#3941,1.);
#1061=VECTOR('',#3942,1.);
#1062=VECTOR('',#3945,1.);
#1063=VECTOR('',#3946,1.);
#1064=VECTOR('',#3947,1.);
#1065=VECTOR('',#3948,1.);
#1066=VECTOR('',#3951,1.);
#1067=VECTOR('',#3952,1.);
#1068=VECTOR('',#3953,1.);
#1069=VECTOR('',#3956,1.);
#1070=VECTOR('',#3957,1.);
#1071=VECTOR('',#3958,1.);
#1072=VECTOR('',#3959,1.);
#1073=VECTOR('',#3960,1.);
#1074=VECTOR('',#3961,1.);
#1075=VECTOR('',#3962,1.);
#1076=VECTOR('',#3965,1.);
#1077=VECTOR('',#3966,1.);
#1078=VECTOR('',#3967,1.);
#1079=VECTOR('',#3968,1.);
#1080=VECTOR('',#3971,1.);
#1081=VECTOR('',#3974,1.);
#1082=VECTOR('',#3975,1.);
#1083=VECTOR('',#3976,1.);
#1084=VECTOR('',#3979,1.);
#1085=VECTOR('',#3980,1.);
#1086=VECTOR('',#3981,1.);
#1087=VECTOR('',#3984,1.);
#1088=VECTOR('',#3987,1.);
#1089=VECTOR('',#3988,1.);
#1090=VECTOR('',#3989,1.);
#1091=VECTOR('',#3990,1.);
#1092=VECTOR('',#3993,1.);
#1093=VECTOR('',#3994,1.);
#1094=VECTOR('',#3995,1.);
#1095=VECTOR('',#3996,1.);
#1096=VECTOR('',#3997,1.);
#1097=VECTOR('',#4000,1.);
#1098=VECTOR('',#4001,1.);
#1099=VECTOR('',#4002,1.);
#1100=VECTOR('',#4005,1.);
#1101=VECTOR('',#4006,1.);
#1102=VECTOR('',#4007,1.);
#1103=VECTOR('',#4008,1.);
#1104=VECTOR('',#4009,1.);
#1105=VECTOR('',#4012,1.);
#1106=VECTOR('',#4013,1.);
#1107=VECTOR('',#4014,1.);
#1108=VECTOR('',#4015,1.);
#1109=VECTOR('',#4016,1.);
#1110=VECTOR('',#4021,1.);
#1111=VECTOR('',#4024,1.);
#1112=VECTOR('',#4027,1.);
#1113=VECTOR('',#4032,1.);
#1114=VECTOR('',#4037,1.);
#1115=VECTOR('',#4042,0.17);
#1116=VECTOR('',#4049,0.17);
#1117=VECTOR('',#4056,0.17);
#1118=VECTOR('',#4063,0.17);
#1119=VECTOR('',#4070,0.21);
#1120=VECTOR('',#4079,0.21);
#1121=VECTOR('',#4088,0.21);
#1122=VECTOR('',#4097,0.21);
#1123=VECTOR('',#4104,1.);
#1124=VECTOR('',#4105,1.);
#1125=VECTOR('',#4106,1.);
#1126=VECTOR('',#4107,1.);
#1127=VECTOR('',#4112,1.);
#1128=VECTOR('',#4115,1.);
#1129=VECTOR('',#4116,1.);
#1130=VECTOR('',#4117,1.);
#1131=VECTOR('',#4118,1.);
#1132=VECTOR('',#4119,1.);
#1133=VECTOR('',#4120,1.);
#1134=VECTOR('',#4121,1.);
#1135=VECTOR('',#4122,1.);
#1136=VECTOR('',#4123,1.);
#1137=VECTOR('',#4126,1.);
#1138=VECTOR('',#4129,1.);
#1139=VECTOR('',#4132,1.);
#1140=VECTOR('',#4135,1.);
#1141=VECTOR('',#4138,1.);
#1142=VECTOR('',#4141,1.);
#1143=VECTOR('',#4144,1.);
#1144=VECTOR('',#4159,1.);
#1145=VECTOR('',#4164,1.);
#1146=VECTOR('',#4167,1.);
#1147=VECTOR('',#4168,1.);
#1148=VECTOR('',#4169,1.);
#1149=VECTOR('',#4172,1.);
#1150=VECTOR('',#4173,1.);
#1151=VECTOR('',#4174,1.);
#1152=VECTOR('',#4175,1.);
#1153=VECTOR('',#4176,1.);
#1154=VECTOR('',#4183,1.);
#1155=VECTOR('',#4186,1.);
#1156=VECTOR('',#4187,1.);
#1157=VECTOR('',#4188,1.);
#1158=VECTOR('',#4191,1.);
#1159=VECTOR('',#4192,1.);
#1160=VECTOR('',#4193,1.);
#1161=VECTOR('',#4194,1.);
#1162=VECTOR('',#4195,1.);
#1163=VECTOR('',#4202,1.);
#1164=VECTOR('',#4205,1.);
#1165=VECTOR('',#4206,1.);
#1166=VECTOR('',#4207,1.);
#1167=VECTOR('',#4216,1.);
#1168=VECTOR('',#4221,1.);
#1169=VECTOR('',#4224,1.);
#1170=VECTOR('',#4227,1.);
#1171=VECTOR('',#4232,1.);
#1172=VECTOR('',#4259,1.);
#1173=VECTOR('',#4260,1.);
#1174=VECTOR('',#4263,1.);
#1175=VECTOR('',#4266,1.);
#1176=VECTOR('',#4269,1.);
#1177=VECTOR('',#4274,1.);
#1178=VECTOR('',#4279,1.);
#1179=VECTOR('',#4280,1.);
#1180=VECTOR('',#4283,1.);
#1181=VECTOR('',#4284,1.);
#1182=VECTOR('',#4289,1.);
#1183=VECTOR('',#4292,1.);
#1184=VECTOR('',#4295,1.);
#1185=VECTOR('',#4298,1.);
#1186=VECTOR('',#4301,1.);
#1187=VECTOR('',#4304,1.);
#1188=VECTOR('',#4307,1.);
#1189=VECTOR('',#4308,1.);
#1190=VECTOR('',#4319,1.);
#1191=VECTOR('',#4320,1.);
#1192=VECTOR('',#4321,1.);
#1193=VECTOR('',#4322,1.);
#1194=VECTOR('',#4323,1.);
#1195=VECTOR('',#4326,1.);
#1196=VECTOR('',#4327,1.);
#1197=VECTOR('',#4328,1.);
#1198=VECTOR('',#4331,1.);
#1199=VECTOR('',#4332,1.);
#1200=VECTOR('',#4333,1.);
#1201=VECTOR('',#4334,1.);
#1202=VECTOR('',#4337,1.);
#1203=VECTOR('',#4342,1.);
#1204=VECTOR('',#4343,1.);
#1205=VECTOR('',#4344,1.);
#1206=VECTOR('',#4345,1.);
#1207=VECTOR('',#4346,1.);
#1208=VECTOR('',#4347,1.);
#1209=VECTOR('',#4348,1.);
#1210=VECTOR('',#4349,1.);
#1211=VECTOR('',#4350,1.);
#1212=VECTOR('',#4353,1.);
#1213=VECTOR('',#4354,1.);
#1214=VECTOR('',#4355,1.);
#1215=VECTOR('',#4358,1.);
#1216=VECTOR('',#4361,1.);
#1217=VECTOR('',#4362,1.);
#1218=VECTOR('',#4363,1.);
#1219=VECTOR('',#4366,1.);
#1220=VECTOR('',#4369,1.);
#1221=VECTOR('',#4370,1.);
#1222=VECTOR('',#4371,1.);
#1223=VECTOR('',#4372,1.);
#1224=VECTOR('',#4373,1.);
#1225=VECTOR('',#4374,1.);
#1226=VECTOR('',#4375,1.);
#1227=VECTOR('',#4378,1.);
#1228=VECTOR('',#4381,1.);
#1229=VECTOR('',#4384,1.);
#1230=VECTOR('',#4389,1.);
#1231=VECTOR('',#4390,1.);
#1232=VECTOR('',#4391,1.);
#1233=VECTOR('',#4394,1.);
#1234=VECTOR('',#4395,1.);
#1235=VECTOR('',#4398,1.);
#1236=VECTOR('',#4399,1.);
#1237=VECTOR('',#4400,1.);
#1238=VECTOR('',#4403,1.);
#1239=VECTOR('',#4408,1.);
#1240=VECTOR('',#4415,1.);
#1241=VECTOR('',#4418,1.);
#1242=VECTOR('',#4421,1.);
#1243=VECTOR('',#4422,1.);
#1244=VECTOR('',#4427,1.);
#1245=VECTOR('',#4434,1.);
#1246=VECTOR('',#4437,1.);
#1247=VECTOR('',#4440,1.);
#1248=VECTOR('',#4441,1.);
#1249=VECTOR('',#4446,1.);
#1250=VECTOR('',#4447,1.);
#1251=VECTOR('',#4450,1.);
#1252=VECTOR('',#4455,1.);
#1253=VECTOR('',#4456,1.);
#1254=VECTOR('',#4459,1.);
#1255=VECTOR('',#4462,1.);
#1256=VECTOR('',#4463,1.);
#1257=VECTOR('',#4464,1.);
#1258=VECTOR('',#4465,1.);
#1259=VECTOR('',#4468,1.);
#1260=VECTOR('',#4471,1.);
#1261=VECTOR('',#4472,1.);
#1262=VECTOR('',#4475,1.);
#1263=VECTOR('',#4478,1.);
#1264=VECTOR('',#4483,1.);
#1265=VECTOR('',#4484,1.);
#1266=VECTOR('',#4485,1.);
#1267=VECTOR('',#4488,1.);
#1268=VECTOR('',#4491,1.);
#1269=VECTOR('',#4494,1.);
#1270=VECTOR('',#4495,1.);
#1271=VECTOR('',#4498,1.);
#1272=VECTOR('',#4499,1.);
#1273=VECTOR('',#4500,1.);
#1274=VECTOR('',#4503,1.);
#1275=VECTOR('',#4504,1.);
#1276=VECTOR('',#4507,1.);
#1277=VECTOR('',#4508,1.);
#1278=VECTOR('',#4511,1.);
#1279=VECTOR('',#4514,1.);
#1280=VECTOR('',#4517,1.);
#1281=VECTOR('',#4518,1.);
#1282=VECTOR('',#4523,1.);
#1283=VECTOR('',#4526,1.);
#1284=VECTOR('',#4527,1.);
#1285=VECTOR('',#4530,1.);
#1286=VECTOR('',#4533,1.);
#1287=VECTOR('',#4534,1.);
#1288=VECTOR('',#4537,1.);
#1289=VECTOR('',#4540,1.);
#1290=VECTOR('',#4543,1.);
#1291=VECTOR('',#4544,1.);
#1292=VECTOR('',#4545,1.);
#1293=VECTOR('',#4546,1.);
#1294=VECTOR('',#4547,1.);
#1295=VECTOR('',#4548,1.);
#1296=VECTOR('',#4551,1.);
#1297=VECTOR('',#4554,1.);
#1298=VECTOR('',#4555,1.);
#1299=VECTOR('',#4558,1.);
#1300=VECTOR('',#4559,1.);
#1301=VECTOR('',#4562,1.);
#1302=VECTOR('',#4563,1.);
#1303=VECTOR('',#4570,1.);
#1304=VECTOR('',#4571,1.);
#1305=VECTOR('',#4574,1.);
#1306=VECTOR('',#4575,1.);
#1307=VECTOR('',#4576,1.);
#1308=VECTOR('',#4581,1.);
#1309=VECTOR('',#4584,1.);
#1310=VECTOR('',#4585,1.);
#1311=VECTOR('',#4590,1.);
#1312=VECTOR('',#4593,1.);
#1313=VECTOR('',#4594,1.);
#1314=VECTOR('',#4597,1.);
#1315=VECTOR('',#4598,1.);
#1316=VECTOR('',#4599,1.);
#1317=VECTOR('',#4600,1.);
#1318=VECTOR('',#4605,1.);
#1319=VECTOR('',#4610,1.);
#1320=VECTOR('',#4611,1.);
#1321=VECTOR('',#4612,1.);
#1322=VECTOR('',#4617,1.);
#1323=VECTOR('',#4622,1.);
#1324=VECTOR('',#4623,1.);
#1325=VECTOR('',#4624,1.);
#1326=VECTOR('',#4629,1.);
#1327=VECTOR('',#4634,1.);
#1328=VECTOR('',#4635,1.);
#1329=VECTOR('',#4636,1.);
#1330=VECTOR('',#4645,1.);
#1331=VECTOR('',#4648,1.);
#1332=VECTOR('',#4653,1.);
#1333=VECTOR('',#4656,1.);
#1334=VECTOR('',#4659,1.);
#1335=VECTOR('',#4664,1.);
#1336=VECTOR('',#4669,1.);
#1337=VECTOR('',#4670,1.);
#1338=VECTOR('',#4677,1.);
#1339=VECTOR('',#4678,1.);
#1340=VECTOR('',#4679,1.);
#1341=VECTOR('',#4682,1.);
#1342=VECTOR('',#4687,1.);
#1343=VECTOR('',#4688,1.);
#1344=VECTOR('',#4691,1.);
#1345=VECTOR('',#4696,1.);
#1346=VECTOR('',#4697,1.);
#1347=VECTOR('',#4702,1.);
#1348=VECTOR('',#4705,1.);
#1349=VECTOR('',#4706,1.);
#1350=VECTOR('',#4715,0.21);
#1351=VECTOR('',#4722,0.21);
#1352=VECTOR('',#4729,0.21);
#1353=VECTOR('',#4736,0.21);
#1354=VECTOR('',#4743,0.21);
#1355=VECTOR('',#4752,0.21);
#1356=VECTOR('',#4761,0.21);
#1357=VECTOR('',#4770,0.21);
#1358=VECTOR('',#4777,1.);
#1359=VECTOR('',#4782,1.);
#1360=VECTOR('',#4785,1.);
#1361=VECTOR('',#4788,1.);
#1362=VECTOR('',#4795,1.);
#1363=VECTOR('',#4798,1.);
#1364=VECTOR('',#4799,1.);
#1365=VECTOR('',#4802,1.);
#1366=VECTOR('',#4809,0.45);
#1367=VECTOR('',#4816,0.45);
#1368=VECTOR('',#4823,0.45);
#1369=VECTOR('',#4830,0.45);
#1370=VECTOR('',#4843,1.);
#1371=VECTOR('',#4844,1.);
#1372=VECTOR('',#4847,1.);
#1373=VECTOR('',#4850,1.);
#1374=VECTOR('',#4853,1.);
#1375=VERTEX_POINT('',#4860);
#1376=VERTEX_POINT('',#4861);
#1377=VERTEX_POINT('',#4863);
#1378=VERTEX_POINT('',#4865);
#1379=VERTEX_POINT('',#4869);
#1380=VERTEX_POINT('',#4871);
#1381=VERTEX_POINT('',#4875);
#1382=VERTEX_POINT('',#4876);
#1383=VERTEX_POINT('',#4878);
#1384=VERTEX_POINT('',#4880);
#1385=VERTEX_POINT('',#4884);
#1386=VERTEX_POINT('',#4886);
#1387=VERTEX_POINT('',#4890);
#1388=VERTEX_POINT('',#4892);
#1389=VERTEX_POINT('',#4896);
#1390=VERTEX_POINT('',#4897);
#1391=VERTEX_POINT('',#4899);
#1392=VERTEX_POINT('',#4901);
#1393=VERTEX_POINT('',#4903);
#1394=VERTEX_POINT('',#4907);
#1395=VERTEX_POINT('',#4915);
#1396=VERTEX_POINT('',#4917);
#1397=VERTEX_POINT('',#4919);
#1398=VERTEX_POINT('',#4921);
#1399=VERTEX_POINT('',#4923);
#1400=VERTEX_POINT('',#4929);
#1401=VERTEX_POINT('',#4931);
#1402=VERTEX_POINT('',#4935);
#1403=VERTEX_POINT('',#4937);
#1404=VERTEX_POINT('',#4939);
#1405=VERTEX_POINT('',#4943);
#1406=VERTEX_POINT('',#4945);
#1407=VERTEX_POINT('',#4947);
#1408=VERTEX_POINT('',#4951);
#1409=VERTEX_POINT('',#4952);
#1410=VERTEX_POINT('',#4954);
#1411=VERTEX_POINT('',#4956);
#1412=VERTEX_POINT('',#4960);
#1413=VERTEX_POINT('',#4962);
#1414=VERTEX_POINT('',#4966);
#1415=VERTEX_POINT('',#4968);
#1416=VERTEX_POINT('',#4972);
#1417=VERTEX_POINT('',#4973);
#1418=VERTEX_POINT('',#4975);
#1419=VERTEX_POINT('',#4977);
#1420=VERTEX_POINT('',#4981);
#1421=VERTEX_POINT('',#4982);
#1422=VERTEX_POINT('',#4987);
#1423=VERTEX_POINT('',#4989);
#1424=VERTEX_POINT('',#4991);
#1425=VERTEX_POINT('',#4993);
#1426=VERTEX_POINT('',#4995);
#1427=VERTEX_POINT('',#4997);
#1428=VERTEX_POINT('',#5001);
#1429=VERTEX_POINT('',#5002);
#1430=VERTEX_POINT('',#5010);
#1431=VERTEX_POINT('',#5012);
#1432=VERTEX_POINT('',#5016);
#1433=VERTEX_POINT('',#5017);
#1434=VERTEX_POINT('',#5024);
#1435=VERTEX_POINT('',#5026);
#1436=VERTEX_POINT('',#5028);
#1437=VERTEX_POINT('',#5032);
#1438=VERTEX_POINT('',#5034);
#1439=VERTEX_POINT('',#5036);
#1440=VERTEX_POINT('',#5038);
#1441=VERTEX_POINT('',#5042);
#1442=VERTEX_POINT('',#5044);
#1443=VERTEX_POINT('',#5048);
#1444=VERTEX_POINT('',#5050);
#1445=VERTEX_POINT('',#5052);
#1446=VERTEX_POINT('',#5054);
#1447=VERTEX_POINT('',#5058);
#1448=VERTEX_POINT('',#5059);
#1449=VERTEX_POINT('',#5062);
#1450=VERTEX_POINT('',#5064);
#1451=VERTEX_POINT('',#5068);
#1452=VERTEX_POINT('',#5072);
#1453=VERTEX_POINT('',#5074);
#1454=VERTEX_POINT('',#5076);
#1455=VERTEX_POINT('',#5082);
#1456=VERTEX_POINT('',#5086);
#1457=VERTEX_POINT('',#5088);
#1458=VERTEX_POINT('',#5092);
#1459=VERTEX_POINT('',#5094);
#1460=VERTEX_POINT('',#5098);
#1461=VERTEX_POINT('',#5100);
#1462=VERTEX_POINT('',#5104);
#1463=VERTEX_POINT('',#5106);
#1464=VERTEX_POINT('',#5110);
#1465=VERTEX_POINT('',#5112);
#1466=VERTEX_POINT('',#5117);
#1467=VERTEX_POINT('',#5119);
#1468=VERTEX_POINT('',#5124);
#1469=VERTEX_POINT('',#5126);
#1470=VERTEX_POINT('',#5131);
#1471=VERTEX_POINT('',#5133);
#1472=VERTEX_POINT('',#5138);
#1473=VERTEX_POINT('',#5139);
#1474=VERTEX_POINT('',#5141);
#1475=VERTEX_POINT('',#5143);
#1476=VERTEX_POINT('',#5147);
#1477=VERTEX_POINT('',#5149);
#1478=VERTEX_POINT('',#5151);
#1479=VERTEX_POINT('',#5153);
#1480=VERTEX_POINT('',#5155);
#1481=VERTEX_POINT('',#5157);
#1482=VERTEX_POINT('',#5159);
#1483=VERTEX_POINT('',#5161);
#1484=VERTEX_POINT('',#5163);
#1485=VERTEX_POINT('',#5165);
#1486=VERTEX_POINT('',#5167);
#1487=VERTEX_POINT('',#5169);
#1488=VERTEX_POINT('',#5171);
#1489=VERTEX_POINT('',#5173);
#1490=VERTEX_POINT('',#5175);
#1491=VERTEX_POINT('',#5177);
#1492=VERTEX_POINT('',#5179);
#1493=VERTEX_POINT('',#5181);
#1494=VERTEX_POINT('',#5183);
#1495=VERTEX_POINT('',#5185);
#1496=VERTEX_POINT('',#5189);
#1497=VERTEX_POINT('',#5191);
#1498=VERTEX_POINT('',#5193);
#1499=VERTEX_POINT('',#5195);
#1500=VERTEX_POINT('',#5198);
#1501=VERTEX_POINT('',#5200);
#1502=VERTEX_POINT('',#5202);
#1503=VERTEX_POINT('',#5204);
#1504=VERTEX_POINT('',#5207);
#1505=VERTEX_POINT('',#5211);
#1506=VERTEX_POINT('',#5215);
#1507=VERTEX_POINT('',#5217);
#1508=VERTEX_POINT('',#5221);
#1509=VERTEX_POINT('',#5222);
#1510=VERTEX_POINT('',#5224);
#1511=VERTEX_POINT('',#5227);
#1512=VERTEX_POINT('',#5232);
#1513=VERTEX_POINT('',#5236);
#1514=VERTEX_POINT('',#5238);
#1515=VERTEX_POINT('',#5242);
#1516=VERTEX_POINT('',#5243);
#1517=VERTEX_POINT('',#5246);
#1518=VERTEX_POINT('',#5248);
#1519=VERTEX_POINT('',#5253);
#1520=VERTEX_POINT('',#5257);
#1521=VERTEX_POINT('',#5259);
#1522=VERTEX_POINT('',#5265);
#1523=VERTEX_POINT('',#5267);
#1524=VERTEX_POINT('',#5271);
#1525=VERTEX_POINT('',#5273);
#1526=VERTEX_POINT('',#5277);
#1527=VERTEX_POINT('',#5281);
#1528=VERTEX_POINT('',#5295);
#1529=VERTEX_POINT('',#5296);
#1530=VERTEX_POINT('',#5300);
#1531=VERTEX_POINT('',#5302);
#1532=VERTEX_POINT('',#5304);
#1533=VERTEX_POINT('',#5306);
#1534=VERTEX_POINT('',#5308);
#1535=VERTEX_POINT('',#5312);
#1536=VERTEX_POINT('',#5317);
#1537=VERTEX_POINT('',#5321);
#1538=VERTEX_POINT('',#5325);
#1539=VERTEX_POINT('',#5327);
#1540=VERTEX_POINT('',#5329);
#1541=VERTEX_POINT('',#5331);
#1542=VERTEX_POINT('',#5333);
#1543=VERTEX_POINT('',#5336);
#1544=VERTEX_POINT('',#5338);
#1545=VERTEX_POINT('',#5340);
#1546=VERTEX_POINT('',#5343);
#1547=VERTEX_POINT('',#5345);
#1548=VERTEX_POINT('',#5347);
#1549=VERTEX_POINT('',#5351);
#1550=VERTEX_POINT('',#5353);
#1551=VERTEX_POINT('',#5355);
#1552=VERTEX_POINT('',#5357);
#1553=VERTEX_POINT('',#5360);
#1554=VERTEX_POINT('',#5361);
#1555=VERTEX_POINT('',#5363);
#1556=VERTEX_POINT('',#5365);
#1557=VERTEX_POINT('',#5370);
#1558=VERTEX_POINT('',#5372);
#1559=VERTEX_POINT('',#5376);
#1560=VERTEX_POINT('',#5379);
#1561=VERTEX_POINT('',#5386);
#1562=VERTEX_POINT('',#5388);
#1563=VERTEX_POINT('',#5390);
#1564=VERTEX_POINT('',#5392);
#1565=VERTEX_POINT('',#5394);
#1566=VERTEX_POINT('',#5396);
#1567=VERTEX_POINT('',#5398);
#1568=VERTEX_POINT('',#5400);
#1569=VERTEX_POINT('',#5404);
#1570=VERTEX_POINT('',#5406);
#1571=VERTEX_POINT('',#5408);
#1572=VERTEX_POINT('',#5410);
#1573=VERTEX_POINT('',#5412);
#1574=VERTEX_POINT('',#5414);
#1575=VERTEX_POINT('',#5416);
#1576=VERTEX_POINT('',#5418);
#1577=VERTEX_POINT('',#5420);
#1578=VERTEX_POINT('',#5422);
#1579=VERTEX_POINT('',#5424);
#1580=VERTEX_POINT('',#5426);
#1581=VERTEX_POINT('',#5428);
#1582=VERTEX_POINT('',#5430);
#1583=VERTEX_POINT('',#5436);
#1584=VERTEX_POINT('',#5437);
#1585=VERTEX_POINT('',#5439);
#1586=VERTEX_POINT('',#5441);
#1587=VERTEX_POINT('',#5443);
#1588=VERTEX_POINT('',#5445);
#1589=VERTEX_POINT('',#5447);
#1590=VERTEX_POINT('',#5449);
#1591=VERTEX_POINT('',#5453);
#1592=VERTEX_POINT('',#5455);
#1593=VERTEX_POINT('',#5459);
#1594=VERTEX_POINT('',#5464);
#1595=VERTEX_POINT('',#5471);
#1596=VERTEX_POINT('',#5472);
#1597=VERTEX_POINT('',#5476);
#1598=VERTEX_POINT('',#5477);
#1599=VERTEX_POINT('',#5479);
#1600=VERTEX_POINT('',#5481);
#1601=VERTEX_POINT('',#5483);
#1602=VERTEX_POINT('',#5492);
#1603=VERTEX_POINT('',#5494);
#1604=VERTEX_POINT('',#5498);
#1605=VERTEX_POINT('',#5499);
#1606=VERTEX_POINT('',#5503);
#1607=VERTEX_POINT('',#5504);
#1608=VERTEX_POINT('',#5506);
#1609=VERTEX_POINT('',#5508);
#1610=VERTEX_POINT('',#5515);
#1611=VERTEX_POINT('',#5519);
#1612=VERTEX_POINT('',#5521);
#1613=VERTEX_POINT('',#5526);
#1614=VERTEX_POINT('',#5528);
#1615=VERTEX_POINT('',#5530);
#1616=VERTEX_POINT('',#5534);
#1617=VERTEX_POINT('',#5536);
#1618=VERTEX_POINT('',#5538);
#1619=VERTEX_POINT('',#5540);
#1620=VERTEX_POINT('',#5542);
#1621=VERTEX_POINT('',#5544);
#1622=VERTEX_POINT('',#5547);
#1623=VERTEX_POINT('',#5549);
#1624=VERTEX_POINT('',#5551);
#1625=VERTEX_POINT('',#5553);
#1626=VERTEX_POINT('',#5555);
#1627=VERTEX_POINT('',#5557);
#1628=VERTEX_POINT('',#5563);
#1629=VERTEX_POINT('',#5567);
#1630=VERTEX_POINT('',#5569);
#1631=VERTEX_POINT('',#5573);
#1632=VERTEX_POINT('',#5574);
#1633=VERTEX_POINT('',#5576);
#1634=VERTEX_POINT('',#5578);
#1635=VERTEX_POINT('',#5580);
#1636=VERTEX_POINT('',#5583);
#1637=VERTEX_POINT('',#5585);
#1638=VERTEX_POINT('',#5588);
#1639=VERTEX_POINT('',#5598);
#1640=VERTEX_POINT('',#5600);
#1641=VERTEX_POINT('',#5604);
#1642=VERTEX_POINT('',#5608);
#1643=VERTEX_POINT('',#5612);
#1644=VERTEX_POINT('',#5621);
#1645=VERTEX_POINT('',#5622);
#1646=VERTEX_POINT('',#5624);
#1647=VERTEX_POINT('',#5626);
#1648=VERTEX_POINT('',#5628);
#1649=VERTEX_POINT('',#5630);
#1650=VERTEX_POINT('',#5632);
#1651=VERTEX_POINT('',#5635);
#1652=VERTEX_POINT('',#5637);
#1653=VERTEX_POINT('',#5639);
#1654=VERTEX_POINT('',#5641);
#1655=VERTEX_POINT('',#5643);
#1656=VERTEX_POINT('',#5645);
#1657=VERTEX_POINT('',#5647);
#1658=VERTEX_POINT('',#5662);
#1659=VERTEX_POINT('',#5664);
#1660=VERTEX_POINT('',#5668);
#1661=VERTEX_POINT('',#5672);
#1662=VERTEX_POINT('',#5676);
#1663=VERTEX_POINT('',#5680);
#1664=VERTEX_POINT('',#5684);
#1665=VERTEX_POINT('',#5685);
#1666=VERTEX_POINT('',#5687);
#1667=VERTEX_POINT('',#5689);
#1668=VERTEX_POINT('',#5693);
#1669=VERTEX_POINT('',#5695);
#1670=VERTEX_POINT('',#5699);
#1671=VERTEX_POINT('',#5701);
#1672=VERTEX_POINT('',#5705);
#1673=VERTEX_POINT('',#5707);
#1674=VERTEX_POINT('',#5711);
#1675=VERTEX_POINT('',#5713);
#1676=VERTEX_POINT('',#5717);
#1677=VERTEX_POINT('',#5719);
#1678=VERTEX_POINT('',#5723);
#1679=VERTEX_POINT('',#5725);
#1680=VERTEX_POINT('',#5732);
#1681=VERTEX_POINT('',#5734);
#1682=VERTEX_POINT('',#5736);
#1683=VERTEX_POINT('',#5747);
#1684=VERTEX_POINT('',#5751);
#1685=VERTEX_POINT('',#5757);
#1686=VERTEX_POINT('',#5759);
#1687=VERTEX_POINT('',#5763);
#1688=VERTEX_POINT('',#5767);
#1689=VERTEX_POINT('',#5771);
#1690=VERTEX_POINT('',#5775);
#1691=VERTEX_POINT('',#5779);
#1692=VERTEX_POINT('',#5783);
#1693=VERTEX_POINT('',#5789);
#1694=VERTEX_POINT('',#5794);
#1695=VERTEX_POINT('',#5799);
#1696=VERTEX_POINT('',#5804);
#1697=VERTEX_POINT('',#5809);
#1698=VERTEX_POINT('',#5811);
#1699=VERTEX_POINT('',#5816);
#1700=VERTEX_POINT('',#5818);
#1701=VERTEX_POINT('',#5823);
#1702=VERTEX_POINT('',#5825);
#1703=VERTEX_POINT('',#5830);
#1704=VERTEX_POINT('',#5832);
#1705=VERTEX_POINT('',#5856);
#1706=VERTEX_POINT('',#5861);
#1707=VERTEX_POINT('',#5866);
#1708=VERTEX_POINT('',#5871);
#1709=EDGE_CURVE('',#1375,#1376,#639,.T.);
#1710=EDGE_CURVE('',#1375,#1377,#640,.T.);
#1711=EDGE_CURVE('',#1378,#1377,#641,.T.);
#1712=EDGE_CURVE('',#1376,#1378,#642,.T.);
#1713=EDGE_CURVE('',#1378,#1379,#643,.T.);
#1714=EDGE_CURVE('',#1377,#1380,#644,.T.);
#1715=EDGE_CURVE('',#1379,#1380,#645,.T.);
#1716=EDGE_CURVE('',#1381,#1382,#646,.T.);
#1717=EDGE_CURVE('',#1381,#1383,#647,.T.);
#1718=EDGE_CURVE('',#1383,#1384,#648,.T.);
#1719=EDGE_CURVE('',#1382,#1384,#649,.T.);
#1720=EDGE_CURVE('',#1385,#1381,#650,.T.);
#1721=EDGE_CURVE('',#1385,#1386,#651,.T.);
#1722=EDGE_CURVE('',#1386,#1383,#652,.T.);
#1723=EDGE_CURVE('',#1387,#1385,#653,.T.);
#1724=EDGE_CURVE('',#1388,#1387,#654,.T.);
#1725=EDGE_CURVE('',#1388,#1386,#655,.T.);
#1726=EDGE_CURVE('',#1389,#1390,#656,.T.);
#1727=EDGE_CURVE('',#1391,#1389,#657,.T.);
#1728=EDGE_CURVE('',#1391,#1392,#658,.T.);
#1729=EDGE_CURVE('',#1393,#1392,#659,.T.);
#1730=EDGE_CURVE('',#1390,#1393,#660,.T.);
#1731=EDGE_CURVE('',#1394,#1375,#661,.T.);
#1732=EDGE_CURVE('',#1394,#1389,#662,.T.);
#1733=EDGE_CURVE('',#1384,#1390,#663,.T.);
#1734=EDGE_CURVE('',#1380,#1388,#664,.T.);
#1735=EDGE_CURVE('',#1379,#1387,#665,.T.);
#1736=EDGE_CURVE('',#1382,#1393,#666,.T.);
#1737=EDGE_CURVE('',#1392,#1395,#667,.T.);
#1738=EDGE_CURVE('',#1395,#1396,#668,.T.);
#1739=EDGE_CURVE('',#1397,#1396,#669,.T.);
#1740=EDGE_CURVE('',#1398,#1397,#670,.T.);
#1741=EDGE_CURVE('',#1399,#1398,#671,.T.);
#1742=EDGE_CURVE('',#1376,#1399,#672,.T.);
#1743=EDGE_CURVE('',#1400,#1394,#673,.T.);
#1744=EDGE_CURVE('',#1401,#1400,#674,.T.);
#1745=EDGE_CURVE('',#1391,#1401,#675,.T.);
#1746=EDGE_CURVE('',#1401,#1402,#676,.T.);
#1747=EDGE_CURVE('',#1403,#1402,#677,.T.);
#1748=EDGE_CURVE('',#1404,#1403,#678,.T.);
#1749=EDGE_CURVE('',#1404,#1391,#679,.T.);
#1750=EDGE_CURVE('',#1405,#1400,#680,.T.);
#1751=EDGE_CURVE('',#1406,#1405,#681,.T.);
#1752=EDGE_CURVE('',#1407,#1406,#682,.T.);
#1753=EDGE_CURVE('',#1402,#1407,#683,.T.);
#1754=EDGE_CURVE('',#1408,#1409,#684,.T.);
#1755=EDGE_CURVE('',#1410,#1408,#685,.T.);
#1756=EDGE_CURVE('',#1411,#1410,#686,.T.);
#1757=EDGE_CURVE('',#1411,#1409,#687,.T.);
#1758=EDGE_CURVE('',#1409,#1412,#688,.T.);
#1759=EDGE_CURVE('',#1413,#1411,#689,.T.);
#1760=EDGE_CURVE('',#1413,#1412,#690,.T.);
#1761=EDGE_CURVE('',#1412,#1414,#691,.T.);
#1762=EDGE_CURVE('',#1415,#1413,#692,.T.);
#1763=EDGE_CURVE('',#1414,#1415,#693,.T.);
#1764=EDGE_CURVE('',#1416,#1417,#694,.T.);
#1765=EDGE_CURVE('',#1418,#1416,#695,.T.);
#1766=EDGE_CURVE('',#1419,#1418,#696,.T.);
#1767=EDGE_CURVE('',#1419,#1417,#697,.T.);
#1768=EDGE_CURVE('',#1420,#1421,#698,.T.);
#1769=EDGE_CURVE('',#1417,#1420,#699,.T.);
#1770=EDGE_CURVE('',#1421,#1419,#700,.T.);
#1771=EDGE_CURVE('',#1421,#1422,#701,.T.);
#1772=EDGE_CURVE('',#1422,#1423,#702,.T.);
#1773=EDGE_CURVE('',#1423,#1424,#703,.T.);
#1774=EDGE_CURVE('',#1424,#1425,#704,.T.);
#1775=EDGE_CURVE('',#1426,#1425,#705,.T.);
#1776=EDGE_CURVE('',#1427,#1426,#706,.T.);
#1777=EDGE_CURVE('',#1427,#1420,#707,.T.);
#1778=EDGE_CURVE('',#1428,#1429,#708,.T.);
#1779=EDGE_CURVE('',#1422,#1429,#709,.T.);
#1780=EDGE_CURVE('',#1418,#1415,#710,.T.);
#1781=EDGE_CURVE('',#1410,#1428,#711,.T.);
#1782=EDGE_CURVE('',#1414,#1416,#712,.T.);
#1783=EDGE_CURVE('',#1429,#1430,#713,.T.);
#1784=EDGE_CURVE('',#1431,#1430,#714,.T.);
#1785=EDGE_CURVE('',#1423,#1431,#715,.T.);
#1786=EDGE_CURVE('',#1432,#1433,#716,.T.);
#1787=EDGE_CURVE('',#1430,#1432,#717,.T.);
#1788=EDGE_CURVE('',#1433,#1428,#718,.T.);
#1789=EDGE_CURVE('',#1433,#1408,#719,.T.);
#1790=EDGE_CURVE('',#1434,#1430,#720,.T.);
#1791=EDGE_CURVE('',#1435,#1434,#721,.T.);
#1792=EDGE_CURVE('',#1436,#1435,#722,.T.);
#1793=EDGE_CURVE('',#1431,#1436,#723,.T.);
#1794=EDGE_CURVE('',#1437,#1427,#724,.T.);
#1795=EDGE_CURVE('',#1437,#1438,#725,.T.);
#1796=EDGE_CURVE('',#1439,#1438,#726,.T.);
#1797=EDGE_CURVE('',#1439,#1440,#727,.T.);
#1798=EDGE_CURVE('',#1440,#1432,#728,.T.);
#1799=EDGE_CURVE('',#1441,#1436,#729,.T.);
#1800=EDGE_CURVE('',#1442,#1441,#730,.T.);
#1801=EDGE_CURVE('',#1424,#1442,#731,.T.);
#1802=EDGE_CURVE('',#1443,#1403,#732,.T.);
#1803=EDGE_CURVE('',#1444,#1443,#733,.T.);
#1804=EDGE_CURVE('',#1445,#1444,#734,.T.);
#1805=EDGE_CURVE('',#1445,#1446,#735,.T.);
#1806=EDGE_CURVE('',#1446,#1404,#736,.T.);
#1807=EDGE_CURVE('',#1447,#1448,#737,.T.);
#1808=EDGE_CURVE('',#1435,#1447,#738,.T.);
#1809=EDGE_CURVE('',#1434,#1449,#739,.T.);
#1810=EDGE_CURVE('',#1449,#1450,#740,.T.);
#1811=EDGE_CURVE('',#1448,#1450,#741,.T.);
#1812=EDGE_CURVE('',#1443,#1451,#108,.T.);
#1813=EDGE_CURVE('',#1451,#1407,#742,.T.);
#1814=EDGE_CURVE('',#1451,#1452,#743,.T.);
#1815=EDGE_CURVE('',#1452,#1453,#109,.T.);
#1816=EDGE_CURVE('',#1454,#1453,#744,.T.);
#1817=EDGE_CURVE('',#1454,#1444,#110,.T.);
#1818=EDGE_CURVE('',#1406,#1452,#745,.T.);
#1819=EDGE_CURVE('',#1455,#1447,#111,.T.);
#1820=EDGE_CURVE('',#1441,#1455,#746,.T.);
#1821=EDGE_CURVE('',#1456,#1456,#112,.T.);
#1822=EDGE_CURVE('',#1456,#1457,#747,.T.);
#1823=EDGE_CURVE('',#1457,#1457,#113,.T.);
#1824=EDGE_CURVE('',#1458,#1458,#114,.T.);
#1825=EDGE_CURVE('',#1458,#1459,#748,.T.);
#1826=EDGE_CURVE('',#1459,#1459,#115,.T.);
#1827=EDGE_CURVE('',#1460,#1460,#116,.T.);
#1828=EDGE_CURVE('',#1460,#1461,#749,.T.);
#1829=EDGE_CURVE('',#1461,#1461,#117,.T.);
#1830=EDGE_CURVE('',#1462,#1462,#118,.T.);
#1831=EDGE_CURVE('',#1462,#1463,#750,.T.);
#1832=EDGE_CURVE('',#1463,#1463,#119,.T.);
#1833=EDGE_CURVE('',#1464,#1464,#120,.T.);
#1834=EDGE_CURVE('',#1464,#1465,#751,.T.);
#1835=EDGE_CURVE('',#1465,#1465,#121,.T.);
#1836=EDGE_CURVE('',#1466,#1466,#122,.T.);
#1837=EDGE_CURVE('',#1466,#1467,#752,.T.);
#1838=EDGE_CURVE('',#1467,#1467,#123,.T.);
#1839=EDGE_CURVE('',#1468,#1468,#124,.T.);
#1840=EDGE_CURVE('',#1468,#1469,#753,.T.);
#1841=EDGE_CURVE('',#1469,#1469,#125,.T.);
#1842=EDGE_CURVE('',#1470,#1470,#126,.T.);
#1843=EDGE_CURVE('',#1470,#1471,#754,.T.);
#1844=EDGE_CURVE('',#1471,#1471,#127,.T.);
#1845=EDGE_CURVE('',#1472,#1473,#755,.T.);
#1846=EDGE_CURVE('',#1474,#1472,#756,.T.);
#1847=EDGE_CURVE('',#1475,#1474,#757,.T.);
#1848=EDGE_CURVE('',#1473,#1475,#758,.T.);
#1849=EDGE_CURVE('',#1475,#1476,#128,.T.);
#1850=EDGE_CURVE('',#1477,#1476,#759,.T.);
#1851=EDGE_CURVE('',#1478,#1477,#129,.T.);
#1852=EDGE_CURVE('',#1479,#1478,#760,.T.);
#1853=EDGE_CURVE('',#1480,#1479,#761,.T.);
#1854=EDGE_CURVE('',#1481,#1480,#762,.T.);
#1855=EDGE_CURVE('',#1482,#1481,#763,.T.);
#1856=EDGE_CURVE('',#1483,#1482,#764,.T.);
#1857=EDGE_CURVE('',#1484,#1483,#765,.T.);
#1858=EDGE_CURVE('',#1485,#1484,#766,.T.);
#1859=EDGE_CURVE('',#1486,#1485,#767,.T.);
#1860=EDGE_CURVE('',#1487,#1486,#768,.T.);
#1861=EDGE_CURVE('',#1488,#1487,#130,.T.);
#1862=EDGE_CURVE('',#1489,#1488,#769,.T.);
#1863=EDGE_CURVE('',#1489,#1490,#131,.T.);
#1864=EDGE_CURVE('',#1490,#1491,#770,.T.);
#1865=EDGE_CURVE('',#1492,#1491,#132,.T.);
#1866=EDGE_CURVE('',#1493,#1492,#771,.T.);
#1867=EDGE_CURVE('',#1494,#1493,#133,.T.);
#1868=EDGE_CURVE('',#1494,#1495,#772,.T.);
#1869=EDGE_CURVE('',#1495,#1439,#134,.T.);
#1870=EDGE_CURVE('',#1438,#1397,#773,.T.);
#1871=EDGE_CURVE('',#1396,#1496,#135,.T.);
#1872=EDGE_CURVE('',#1496,#1497,#774,.T.);
#1873=EDGE_CURVE('',#1498,#1497,#136,.T.);
#1874=EDGE_CURVE('',#1499,#1498,#775,.T.);
#1875=EDGE_CURVE('',#1473,#1499,#137,.T.);
#1876=EDGE_CURVE('',#1500,#1500,#138,.T.);
#1877=EDGE_CURVE('',#1501,#1501,#139,.T.);
#1878=EDGE_CURVE('',#1502,#1502,#140,.T.);
#1879=EDGE_CURVE('',#1503,#1503,#141,.T.);
#1880=EDGE_CURVE('',#1504,#1474,#142,.T.);
#1881=EDGE_CURVE('',#1476,#1504,#776,.T.);
#1882=EDGE_CURVE('',#1505,#1472,#143,.T.);
#1883=EDGE_CURVE('',#1504,#1505,#777,.T.);
#1884=EDGE_CURVE('',#1497,#1506,#778,.T.);
#1885=EDGE_CURVE('',#1507,#1496,#779,.T.);
#1886=EDGE_CURVE('',#1506,#1507,#780,.T.);
#1887=EDGE_CURVE('',#1508,#1509,#781,.T.);
#1888=EDGE_CURVE('',#1509,#1510,#782,.T.);
#1889=EDGE_CURVE('',#1510,#1454,#783,.T.);
#1890=EDGE_CURVE('',#1453,#1511,#784,.T.);
#1891=EDGE_CURVE('',#1508,#1511,#785,.T.);
#1892=EDGE_CURVE('',#1506,#1508,#144,.T.);
#1893=EDGE_CURVE('',#1511,#1512,#145,.T.);
#1894=EDGE_CURVE('',#1512,#1498,#786,.T.);
#1895=EDGE_CURVE('',#1491,#1513,#787,.T.);
#1896=EDGE_CURVE('',#1514,#1490,#788,.T.);
#1897=EDGE_CURVE('',#1513,#1514,#789,.T.);
#1898=EDGE_CURVE('',#1515,#1516,#790,.T.);
#1899=EDGE_CURVE('',#1516,#1489,#791,.T.);
#1900=EDGE_CURVE('',#1488,#1517,#792,.T.);
#1901=EDGE_CURVE('',#1517,#1518,#793,.T.);
#1902=EDGE_CURVE('',#1515,#1518,#794,.T.);
#1903=EDGE_CURVE('',#1513,#1515,#146,.T.);
#1904=EDGE_CURVE('',#1518,#1519,#147,.T.);
#1905=EDGE_CURVE('',#1519,#1492,#795,.T.);
#1906=EDGE_CURVE('',#1520,#1494,#796,.T.);
#1907=EDGE_CURVE('',#1521,#1520,#797,.T.);
#1908=EDGE_CURVE('',#1495,#1521,#798,.T.);
#1909=EDGE_CURVE('',#1440,#1521,#148,.T.);
#1910=EDGE_CURVE('',#1522,#1520,#149,.T.);
#1911=EDGE_CURVE('',#1523,#1522,#799,.T.);
#1912=EDGE_CURVE('',#1523,#1449,#150,.T.);
#1913=EDGE_CURVE('',#1499,#1524,#800,.T.);
#1914=EDGE_CURVE('',#1524,#1525,#151,.T.);
#1915=EDGE_CURVE('',#1525,#1505,#801,.T.);
#1916=EDGE_CURVE('',#1526,#1523,#802,.T.);
#1917=EDGE_CURVE('',#1450,#1526,#152,.T.);
#1918=EDGE_CURVE('',#1527,#1526,#803,.T.);
#1919=EDGE_CURVE('',#1448,#1527,#153,.T.);
#1920=EDGE_CURVE('',#1514,#1516,#154,.T.);
#1921=EDGE_CURVE('',#1507,#1395,#155,.T.);
#1922=EDGE_CURVE('',#1446,#1509,#156,.T.);
#1923=EDGE_CURVE('',#1510,#1445,#157,.T.);
#1924=EDGE_CURVE('',#1528,#1529,#158,.T.);
#1925=EDGE_CURVE('',#1528,#1399,#804,.T.);
#1926=EDGE_CURVE('',#1398,#1437,#805,.T.);
#1927=EDGE_CURVE('',#1426,#1530,#159,.T.);
#1928=EDGE_CURVE('',#1530,#1531,#806,.T.);
#1929=EDGE_CURVE('',#1531,#1532,#160,.T.);
#1930=EDGE_CURVE('',#1532,#1533,#807,.T.);
#1931=EDGE_CURVE('',#1533,#1534,#161,.T.);
#1932=EDGE_CURVE('',#1534,#1529,#808,.T.);
#1933=EDGE_CURVE('',#1425,#1535,#162,.T.);
#1934=EDGE_CURVE('',#1530,#1535,#809,.T.);
#1935=EDGE_CURVE('',#1455,#1536,#810,.T.);
#1936=EDGE_CURVE('',#1536,#1442,#811,.T.);
#1937=EDGE_CURVE('',#1528,#1537,#812,.T.);
#1938=EDGE_CURVE('',#1537,#1405,#813,.T.);
#1939=EDGE_CURVE('',#1538,#1537,#163,.T.);
#1940=EDGE_CURVE('',#1539,#1538,#814,.T.);
#1941=EDGE_CURVE('',#1540,#1539,#164,.T.);
#1942=EDGE_CURVE('',#1541,#1540,#815,.T.);
#1943=EDGE_CURVE('',#1542,#1541,#165,.T.);
#1944=EDGE_CURVE('',#1535,#1542,#816,.T.);
#1945=EDGE_CURVE('',#1543,#1536,#166,.T.);
#1946=EDGE_CURVE('',#1544,#1543,#817,.T.);
#1947=EDGE_CURVE('',#1545,#1544,#167,.T.);
#1948=EDGE_CURVE('',#1519,#1545,#818,.T.);
#1949=EDGE_CURVE('',#1546,#1517,#168,.T.);
#1950=EDGE_CURVE('',#1547,#1546,#819,.T.);
#1951=EDGE_CURVE('',#1548,#1547,#169,.T.);
#1952=EDGE_CURVE('',#1525,#1548,#820,.T.);
#1953=EDGE_CURVE('',#1512,#1524,#821,.T.);
#1954=EDGE_CURVE('',#1549,#1549,#170,.T.);
#1955=EDGE_CURVE('',#1550,#1550,#171,.T.);
#1956=EDGE_CURVE('',#1551,#1551,#172,.T.);
#1957=EDGE_CURVE('',#1552,#1552,#173,.T.);
#1958=EDGE_CURVE('',#1553,#1554,#822,.T.);
#1959=EDGE_CURVE('',#1554,#1555,#823,.T.);
#1960=EDGE_CURVE('',#1555,#1556,#824,.T.);
#1961=EDGE_CURVE('',#1484,#1556,#825,.T.);
#1962=EDGE_CURVE('',#1483,#1553,#826,.T.);
#1963=EDGE_CURVE('',#1554,#1557,#827,.T.);
#1964=EDGE_CURVE('',#1557,#1558,#828,.T.);
#1965=EDGE_CURVE('',#1558,#1555,#829,.T.);
#1966=EDGE_CURVE('',#1557,#1559,#830,.T.);
#1967=EDGE_CURVE('',#1559,#1486,#831,.T.);
#1968=EDGE_CURVE('',#1485,#1560,#832,.T.);
#1969=EDGE_CURVE('',#1560,#1558,#833,.T.);
#1970=EDGE_CURVE('',#1556,#1560,#834,.T.);
#1971=EDGE_CURVE('',#1553,#1561,#835,.T.);
#1972=EDGE_CURVE('',#1562,#1561,#836,.T.);
#1973=EDGE_CURVE('',#1563,#1562,#837,.T.);
#1974=EDGE_CURVE('',#1564,#1563,#838,.T.);
#1975=EDGE_CURVE('',#1564,#1565,#839,.T.);
#1976=EDGE_CURVE('',#1566,#1565,#840,.T.);
#1977=EDGE_CURVE('',#1567,#1566,#841,.T.);
#1978=EDGE_CURVE('',#1568,#1567,#842,.T.);
#1979=EDGE_CURVE('',#1568,#1559,#843,.T.);
#1980=EDGE_CURVE('',#1569,#1568,#844,.T.);
#1981=EDGE_CURVE('',#1570,#1569,#845,.T.);
#1982=EDGE_CURVE('',#1571,#1570,#846,.T.);
#1983=EDGE_CURVE('',#1572,#1571,#174,.T.);
#1984=EDGE_CURVE('',#1573,#1572,#847,.T.);
#1985=EDGE_CURVE('',#1574,#1573,#175,.T.);
#1986=EDGE_CURVE('',#1575,#1574,#848,.T.);
#1987=EDGE_CURVE('',#1576,#1575,#849,.T.);
#1988=EDGE_CURVE('',#1577,#1576,#850,.T.);
#1989=EDGE_CURVE('',#1578,#1577,#176,.T.);
#1990=EDGE_CURVE('',#1579,#1578,#851,.T.);
#1991=EDGE_CURVE('',#1580,#1579,#177,.T.);
#1992=EDGE_CURVE('',#1581,#1580,#852,.T.);
#1993=EDGE_CURVE('',#1582,#1581,#853,.T.);
#1994=EDGE_CURVE('',#1565,#1582,#854,.T.);
#1995=EDGE_CURVE('',#1479,#1564,#855,.T.);
#1996=EDGE_CURVE('',#1478,#1547,#856,.T.);
#1997=EDGE_CURVE('',#1487,#1546,#857,.T.);
#1998=EDGE_CURVE('',#1583,#1584,#858,.T.);
#1999=EDGE_CURVE('',#1585,#1583,#178,.T.);
#2000=EDGE_CURVE('',#1586,#1585,#859,.T.);
#2001=EDGE_CURVE('',#1587,#1586,#179,.T.);
#2002=EDGE_CURVE('',#1588,#1587,#860,.T.);
#2003=EDGE_CURVE('',#1589,#1588,#180,.T.);
#2004=EDGE_CURVE('',#1590,#1589,#861,.T.);
#2005=EDGE_CURVE('',#1584,#1590,#181,.T.);
#2006=EDGE_CURVE('',#1563,#1591,#862,.T.);
#2007=EDGE_CURVE('',#1591,#1592,#863,.T.);
#2008=EDGE_CURVE('',#1480,#1592,#864,.T.);
#2009=EDGE_CURVE('',#1562,#1593,#865,.T.);
#2010=EDGE_CURVE('',#1593,#1591,#866,.T.);
#2011=EDGE_CURVE('',#1561,#1482,#867,.T.);
#2012=EDGE_CURVE('',#1481,#1594,#868,.T.);
#2013=EDGE_CURVE('',#1594,#1593,#869,.T.);
#2014=EDGE_CURVE('',#1592,#1594,#870,.T.);
#2015=EDGE_CURVE('',#1595,#1596,#871,.T.);
#2016=EDGE_CURVE('',#1596,#1595,#182,.T.);
#2017=EDGE_CURVE('',#1597,#1598,#183,.T.);
#2018=EDGE_CURVE('',#1598,#1599,#872,.T.);
#2019=EDGE_CURVE('',#1599,#1600,#184,.T.);
#2020=EDGE_CURVE('',#1600,#1601,#15,.T.);
#2021=EDGE_CURVE('',#1601,#1597,#873,.T.);
#2022=EDGE_CURVE('',#1602,#1595,#874,.T.);
#2023=EDGE_CURVE('',#1596,#1603,#875,.T.);
#2024=EDGE_CURVE('',#1603,#1602,#185,.T.);
#2025=EDGE_CURVE('',#1604,#1605,#876,.T.);
#2026=EDGE_CURVE('',#1605,#1604,#186,.T.);
#2027=EDGE_CURVE('',#1606,#1607,#187,.T.);
#2028=EDGE_CURVE('',#1607,#1608,#877,.T.);
#2029=EDGE_CURVE('',#1608,#1609,#16,.T.);
#2030=EDGE_CURVE('',#1609,#1610,#188,.T.);
#2031=EDGE_CURVE('',#1610,#1606,#878,.T.);
#2032=EDGE_CURVE('',#1611,#1604,#879,.T.);
#2033=EDGE_CURVE('',#1605,#1612,#880,.T.);
#2034=EDGE_CURVE('',#1612,#1611,#189,.T.);
#2035=EDGE_CURVE('',#1600,#1589,#881,.T.);
#2036=EDGE_CURVE('',#1613,#1588,#882,.T.);
#2037=EDGE_CURVE('',#1614,#1613,#190,.T.);
#2038=EDGE_CURVE('',#1615,#1614,#883,.T.);
#2039=EDGE_CURVE('',#1601,#1615,#191,.T.);
#2040=EDGE_CURVE('',#1616,#1602,#884,.T.);
#2041=EDGE_CURVE('',#1617,#1616,#885,.T.);
#2042=EDGE_CURVE('',#1617,#1618,#192,.T.);
#2043=EDGE_CURVE('',#1619,#1618,#886,.T.);
#2044=EDGE_CURVE('',#1619,#1620,#193,.T.);
#2045=EDGE_CURVE('',#1621,#1620,#887,.T.);
#2046=EDGE_CURVE('',#1612,#1621,#888,.T.);
#2047=EDGE_CURVE('',#1622,#1611,#889,.T.);
#2048=EDGE_CURVE('',#1623,#1622,#890,.T.);
#2049=EDGE_CURVE('',#1624,#1623,#194,.T.);
#2050=EDGE_CURVE('',#1625,#1624,#891,.T.);
#2051=EDGE_CURVE('',#1626,#1625,#195,.T.);
#2052=EDGE_CURVE('',#1627,#1626,#892,.T.);
#2053=EDGE_CURVE('',#1603,#1627,#893,.T.);
#2054=EDGE_CURVE('',#1597,#1615,#894,.T.);
#2055=EDGE_CURVE('',#1628,#1607,#895,.T.);
#2056=EDGE_CURVE('',#1628,#1608,#196,.T.);
#2057=EDGE_CURVE('',#1621,#1629,#896,.T.);
#2058=EDGE_CURVE('',#1629,#1630,#897,.T.);
#2059=EDGE_CURVE('',#1630,#1622,#898,.T.);
#2060=EDGE_CURVE('',#1631,#1632,#899,.T.);
#2061=EDGE_CURVE('',#1632,#1633,#197,.T.);
#2062=EDGE_CURVE('',#1633,#1634,#900,.T.);
#2063=EDGE_CURVE('',#1634,#1635,#198,.T.);
#2064=EDGE_CURVE('',#1635,#1630,#901,.T.);
#2065=EDGE_CURVE('',#1629,#1636,#902,.T.);
#2066=EDGE_CURVE('',#1636,#1637,#199,.T.);
#2067=EDGE_CURVE('',#1637,#1614,#903,.T.);
#2068=EDGE_CURVE('',#1613,#1638,#904,.T.);
#2069=EDGE_CURVE('',#1631,#1638,#905,.T.);
#2070=EDGE_CURVE('',#1627,#1631,#906,.T.);
#2071=EDGE_CURVE('',#1638,#1616,#907,.T.);
#2072=EDGE_CURVE('',#1637,#1628,#908,.T.);
#2073=EDGE_CURVE('',#1606,#1598,#909,.T.);
#2074=EDGE_CURVE('',#1632,#1639,#910,.T.);
#2075=EDGE_CURVE('',#1640,#1639,#200,.T.);
#2076=EDGE_CURVE('',#1633,#1640,#911,.T.);
#2077=EDGE_CURVE('',#1641,#1640,#912,.T.);
#2078=EDGE_CURVE('',#1634,#1641,#913,.T.);
#2079=EDGE_CURVE('',#1642,#1641,#201,.T.);
#2080=EDGE_CURVE('',#1635,#1642,#914,.T.);
#2081=EDGE_CURVE('',#1643,#1642,#915,.T.);
#2082=EDGE_CURVE('',#1623,#1643,#916,.T.);
#2083=EDGE_CURVE('',#1599,#1610,#917,.T.);
#2084=EDGE_CURVE('',#1620,#1583,#918,.T.);
#2085=EDGE_CURVE('',#1636,#1584,#919,.T.);
#2086=EDGE_CURVE('',#1644,#1645,#920,.T.);
#2087=EDGE_CURVE('',#1645,#1646,#202,.T.);
#2088=EDGE_CURVE('',#1646,#1647,#921,.T.);
#2089=EDGE_CURVE('',#1647,#1648,#203,.T.);
#2090=EDGE_CURVE('',#1648,#1649,#922,.T.);
#2091=EDGE_CURVE('',#1650,#1649,#923,.T.);
#2092=EDGE_CURVE('',#1567,#1650,#924,.T.);
#2093=EDGE_CURVE('',#1566,#1651,#925,.T.);
#2094=EDGE_CURVE('',#1652,#1651,#926,.T.);
#2095=EDGE_CURVE('',#1652,#1653,#927,.T.);
#2096=EDGE_CURVE('',#1653,#1654,#204,.T.);
#2097=EDGE_CURVE('',#1654,#1655,#928,.T.);
#2098=EDGE_CURVE('',#1655,#1656,#205,.T.);
#2099=EDGE_CURVE('',#1656,#1657,#929,.T.);
#2100=EDGE_CURVE('',#1644,#1657,#930,.T.);
#2101=EDGE_CURVE('',#1649,#1570,#931,.T.);
#2102=EDGE_CURVE('',#1569,#1650,#932,.T.);
#2103=EDGE_CURVE('',#1581,#1652,#933,.T.);
#2104=EDGE_CURVE('',#1651,#1582,#934,.T.);
#2105=EDGE_CURVE('',#1575,#1644,#935,.T.);
#2106=EDGE_CURVE('',#1657,#1576,#936,.T.);
#2107=EDGE_CURVE('',#1574,#1658,#937,.T.);
#2108=EDGE_CURVE('',#1658,#1659,#938,.T.);
#2109=EDGE_CURVE('',#1645,#1659,#939,.T.);
#2110=EDGE_CURVE('',#1659,#1660,#206,.T.);
#2111=EDGE_CURVE('',#1646,#1660,#940,.T.);
#2112=EDGE_CURVE('',#1660,#1661,#941,.T.);
#2113=EDGE_CURVE('',#1647,#1661,#942,.T.);
#2114=EDGE_CURVE('',#1661,#1662,#207,.T.);
#2115=EDGE_CURVE('',#1648,#1662,#943,.T.);
#2116=EDGE_CURVE('',#1662,#1663,#944,.T.);
#2117=EDGE_CURVE('',#1571,#1663,#945,.T.);
#2118=EDGE_CURVE('',#1664,#1665,#946,.T.);
#2119=EDGE_CURVE('',#1666,#1665,#947,.T.);
#2120=EDGE_CURVE('',#1667,#1666,#948,.T.);
#2121=EDGE_CURVE('',#1667,#1664,#949,.T.);
#2122=EDGE_CURVE('',#1665,#1668,#208,.T.);
#2123=EDGE_CURVE('',#1669,#1668,#950,.T.);
#2124=EDGE_CURVE('',#1669,#1666,#209,.T.);
#2125=EDGE_CURVE('',#1668,#1670,#951,.T.);
#2126=EDGE_CURVE('',#1671,#1670,#952,.T.);
#2127=EDGE_CURVE('',#1669,#1671,#953,.T.);
#2128=EDGE_CURVE('',#1670,#1672,#210,.T.);
#2129=EDGE_CURVE('',#1673,#1672,#954,.T.);
#2130=EDGE_CURVE('',#1673,#1671,#211,.T.);
#2131=EDGE_CURVE('',#1672,#1674,#955,.T.);
#2132=EDGE_CURVE('',#1675,#1674,#956,.T.);
#2133=EDGE_CURVE('',#1673,#1675,#957,.T.);
#2134=EDGE_CURVE('',#1674,#1676,#212,.T.);
#2135=EDGE_CURVE('',#1677,#1676,#958,.T.);
#2136=EDGE_CURVE('',#1677,#1675,#213,.T.);
#2137=EDGE_CURVE('',#1676,#1678,#959,.T.);
#2138=EDGE_CURVE('',#1679,#1678,#960,.T.);
#2139=EDGE_CURVE('',#1677,#1679,#961,.T.);
#2140=EDGE_CURVE('',#1678,#1664,#214,.T.);
#2141=EDGE_CURVE('',#1667,#1679,#215,.T.);
#2142=EDGE_CURVE('',#1639,#1680,#962,.T.);
#2143=EDGE_CURVE('',#1680,#1681,#216,.T.);
#2144=EDGE_CURVE('',#1681,#1682,#963,.T.);
#2145=EDGE_CURVE('',#1682,#1643,#217,.T.);
#2146=EDGE_CURVE('',#1626,#1680,#964,.T.);
#2147=EDGE_CURVE('',#1625,#1681,#965,.T.);
#2148=EDGE_CURVE('',#1624,#1682,#966,.T.);
#2149=EDGE_CURVE('',#1573,#1683,#967,.T.);
#2150=EDGE_CURVE('',#1683,#1658,#218,.T.);
#2151=EDGE_CURVE('',#1572,#1684,#968,.T.);
#2152=EDGE_CURVE('',#1684,#1683,#969,.T.);
#2153=EDGE_CURVE('',#1663,#1684,#219,.T.);
#2154=EDGE_CURVE('',#1580,#1685,#970,.T.);
#2155=EDGE_CURVE('',#1685,#1686,#971,.T.);
#2156=EDGE_CURVE('',#1653,#1686,#972,.T.);
#2157=EDGE_CURVE('',#1579,#1687,#973,.T.);
#2158=EDGE_CURVE('',#1687,#1685,#220,.T.);
#2159=EDGE_CURVE('',#1578,#1688,#974,.T.);
#2160=EDGE_CURVE('',#1688,#1687,#975,.T.);
#2161=EDGE_CURVE('',#1577,#1689,#976,.T.);
#2162=EDGE_CURVE('',#1689,#1688,#221,.T.);
#2163=EDGE_CURVE('',#1656,#1690,#977,.T.);
#2164=EDGE_CURVE('',#1690,#1689,#978,.T.);
#2165=EDGE_CURVE('',#1686,#1691,#222,.T.);
#2166=EDGE_CURVE('',#1654,#1691,#979,.T.);
#2167=EDGE_CURVE('',#1691,#1692,#980,.T.);
#2168=EDGE_CURVE('',#1655,#1692,#981,.T.);
#2169=EDGE_CURVE('',#1692,#1690,#223,.T.);
#2170=EDGE_CURVE('',#1693,#1693,#224,.T.);
#2171=EDGE_CURVE('',#1693,#1549,#982,.T.);
#2172=EDGE_CURVE('',#1694,#1694,#225,.T.);
#2173=EDGE_CURVE('',#1694,#1550,#983,.T.);
#2174=EDGE_CURVE('',#1695,#1695,#226,.T.);
#2175=EDGE_CURVE('',#1695,#1551,#984,.T.);
#2176=EDGE_CURVE('',#1696,#1696,#227,.T.);
#2177=EDGE_CURVE('',#1696,#1552,#985,.T.);
#2178=EDGE_CURVE('',#1697,#1697,#228,.T.);
#2179=EDGE_CURVE('',#1697,#1698,#986,.T.);
#2180=EDGE_CURVE('',#1698,#1698,#229,.T.);
#2181=EDGE_CURVE('',#1699,#1699,#230,.T.);
#2182=EDGE_CURVE('',#1699,#1700,#987,.T.);
#2183=EDGE_CURVE('',#1700,#1700,#231,.T.);
#2184=EDGE_CURVE('',#1701,#1701,#232,.T.);
#2185=EDGE_CURVE('',#1701,#1702,#988,.T.);
#2186=EDGE_CURVE('',#1702,#1702,#233,.T.);
#2187=EDGE_CURVE('',#1703,#1703,#234,.T.);
#2188=EDGE_CURVE('',#1703,#1704,#989,.T.);
#2189=EDGE_CURVE('',#1704,#1704,#235,.T.);
#2190=EDGE_CURVE('',#1609,#1590,#990,.T.);
#2191=EDGE_CURVE('',#1619,#1585,#991,.T.);
#2192=EDGE_CURVE('',#1618,#1586,#992,.T.);
#2193=EDGE_CURVE('',#1617,#1587,#993,.T.);
#2194=EDGE_CURVE('',#1477,#1548,#994,.T.);
#2195=EDGE_CURVE('',#1493,#1545,#995,.T.);
#2196=EDGE_CURVE('',#1544,#1522,#996,.T.);
#2197=EDGE_CURVE('',#1527,#1543,#997,.T.);
#2198=EDGE_CURVE('',#1705,#1705,#236,.T.);
#2199=EDGE_CURVE('',#1705,#1503,#998,.T.);
#2200=EDGE_CURVE('',#1706,#1706,#237,.T.);
#2201=EDGE_CURVE('',#1706,#1502,#999,.T.);
#2202=EDGE_CURVE('',#1707,#1707,#238,.T.);
#2203=EDGE_CURVE('',#1707,#1501,#1000,.T.);
#2204=EDGE_CURVE('',#1708,#1708,#239,.T.);
#2205=EDGE_CURVE('',#1708,#1500,#1001,.T.);
#2206=EDGE_CURVE('',#1534,#1539,#1002,.T.);
#2207=EDGE_CURVE('',#1529,#1538,#1003,.T.);
#2208=EDGE_CURVE('',#1533,#1540,#1004,.T.);
#2209=EDGE_CURVE('',#1532,#1541,#1005,.T.);
#2210=EDGE_CURVE('',#1531,#1542,#1006,.T.);
#2211=ORIENTED_EDGE('',*,*,#1709,.F.);
#2212=ORIENTED_EDGE('',*,*,#1710,.T.);
#2213=ORIENTED_EDGE('',*,*,#1711,.F.);
#2214=ORIENTED_EDGE('',*,*,#1712,.F.);
#2215=ORIENTED_EDGE('',*,*,#1713,.F.);
#2216=ORIENTED_EDGE('',*,*,#1711,.T.);
#2217=ORIENTED_EDGE('',*,*,#1714,.T.);
#2218=ORIENTED_EDGE('',*,*,#1715,.F.);
#2219=ORIENTED_EDGE('',*,*,#1716,.F.);
#2220=ORIENTED_EDGE('',*,*,#1717,.T.);
#2221=ORIENTED_EDGE('',*,*,#1718,.T.);
#2222=ORIENTED_EDGE('',*,*,#1719,.F.);
#2223=ORIENTED_EDGE('',*,*,#1720,.F.);
#2224=ORIENTED_EDGE('',*,*,#1721,.T.);
#2225=ORIENTED_EDGE('',*,*,#1722,.T.);
#2226=ORIENTED_EDGE('',*,*,#1717,.F.);
#2227=ORIENTED_EDGE('',*,*,#1723,.F.);
#2228=ORIENTED_EDGE('',*,*,#1724,.F.);
#2229=ORIENTED_EDGE('',*,*,#1725,.T.);
#2230=ORIENTED_EDGE('',*,*,#1721,.F.);
#2231=ORIENTED_EDGE('',*,*,#1726,.F.);
#2232=ORIENTED_EDGE('',*,*,#1727,.F.);
#2233=ORIENTED_EDGE('',*,*,#1728,.T.);
#2234=ORIENTED_EDGE('',*,*,#1729,.F.);
#2235=ORIENTED_EDGE('',*,*,#1730,.F.);
#2236=ORIENTED_EDGE('',*,*,#1731,.F.);
#2237=ORIENTED_EDGE('',*,*,#1732,.T.);
#2238=ORIENTED_EDGE('',*,*,#1726,.T.);
#2239=ORIENTED_EDGE('',*,*,#1733,.F.);
#2240=ORIENTED_EDGE('',*,*,#1718,.F.);
#2241=ORIENTED_EDGE('',*,*,#1722,.F.);
#2242=ORIENTED_EDGE('',*,*,#1725,.F.);
#2243=ORIENTED_EDGE('',*,*,#1734,.F.);
#2244=ORIENTED_EDGE('',*,*,#1714,.F.);
#2245=ORIENTED_EDGE('',*,*,#1710,.F.);
#2246=ORIENTED_EDGE('',*,*,#1712,.T.);
#2247=ORIENTED_EDGE('',*,*,#1713,.T.);
#2248=ORIENTED_EDGE('',*,*,#1735,.T.);
#2249=ORIENTED_EDGE('',*,*,#1723,.T.);
#2250=ORIENTED_EDGE('',*,*,#1720,.T.);
#2251=ORIENTED_EDGE('',*,*,#1716,.T.);
#2252=ORIENTED_EDGE('',*,*,#1736,.T.);
#2253=ORIENTED_EDGE('',*,*,#1729,.T.);
#2254=ORIENTED_EDGE('',*,*,#1737,.T.);
#2255=ORIENTED_EDGE('',*,*,#1738,.T.);
#2256=ORIENTED_EDGE('',*,*,#1739,.F.);
#2257=ORIENTED_EDGE('',*,*,#1740,.F.);
#2258=ORIENTED_EDGE('',*,*,#1741,.F.);
#2259=ORIENTED_EDGE('',*,*,#1742,.F.);
#2260=ORIENTED_EDGE('',*,*,#1715,.T.);
#2261=ORIENTED_EDGE('',*,*,#1734,.T.);
#2262=ORIENTED_EDGE('',*,*,#1724,.T.);
#2263=ORIENTED_EDGE('',*,*,#1735,.F.);
#2264=ORIENTED_EDGE('',*,*,#1719,.T.);
#2265=ORIENTED_EDGE('',*,*,#1733,.T.);
#2266=ORIENTED_EDGE('',*,*,#1730,.T.);
#2267=ORIENTED_EDGE('',*,*,#1736,.F.);
#2268=ORIENTED_EDGE('',*,*,#1743,.F.);
#2269=ORIENTED_EDGE('',*,*,#1744,.F.);
#2270=ORIENTED_EDGE('',*,*,#1745,.F.);
#2271=ORIENTED_EDGE('',*,*,#1727,.T.);
#2272=ORIENTED_EDGE('',*,*,#1732,.F.);
#2273=ORIENTED_EDGE('',*,*,#1745,.T.);
#2274=ORIENTED_EDGE('',*,*,#1746,.T.);
#2275=ORIENTED_EDGE('',*,*,#1747,.F.);
#2276=ORIENTED_EDGE('',*,*,#1748,.F.);
#2277=ORIENTED_EDGE('',*,*,#1749,.T.);
#2278=ORIENTED_EDGE('',*,*,#1744,.T.);
#2279=ORIENTED_EDGE('',*,*,#1750,.F.);
#2280=ORIENTED_EDGE('',*,*,#1751,.F.);
#2281=ORIENTED_EDGE('',*,*,#1752,.F.);
#2282=ORIENTED_EDGE('',*,*,#1753,.F.);
#2283=ORIENTED_EDGE('',*,*,#1746,.F.);
#2284=ORIENTED_EDGE('',*,*,#1754,.F.);
#2285=ORIENTED_EDGE('',*,*,#1755,.F.);
#2286=ORIENTED_EDGE('',*,*,#1756,.F.);
#2287=ORIENTED_EDGE('',*,*,#1757,.T.);
#2288=ORIENTED_EDGE('',*,*,#1758,.F.);
#2289=ORIENTED_EDGE('',*,*,#1757,.F.);
#2290=ORIENTED_EDGE('',*,*,#1759,.F.);
#2291=ORIENTED_EDGE('',*,*,#1760,.T.);
#2292=ORIENTED_EDGE('',*,*,#1761,.F.);
#2293=ORIENTED_EDGE('',*,*,#1760,.F.);
#2294=ORIENTED_EDGE('',*,*,#1762,.F.);
#2295=ORIENTED_EDGE('',*,*,#1763,.F.);
#2296=ORIENTED_EDGE('',*,*,#1764,.F.);
#2297=ORIENTED_EDGE('',*,*,#1765,.F.);
#2298=ORIENTED_EDGE('',*,*,#1766,.F.);
#2299=ORIENTED_EDGE('',*,*,#1767,.T.);
#2300=ORIENTED_EDGE('',*,*,#1768,.F.);
#2301=ORIENTED_EDGE('',*,*,#1769,.F.);
#2302=ORIENTED_EDGE('',*,*,#1767,.F.);
#2303=ORIENTED_EDGE('',*,*,#1770,.F.);
#2304=ORIENTED_EDGE('',*,*,#1768,.T.);
#2305=ORIENTED_EDGE('',*,*,#1771,.T.);
#2306=ORIENTED_EDGE('',*,*,#1772,.T.);
#2307=ORIENTED_EDGE('',*,*,#1773,.T.);
#2308=ORIENTED_EDGE('',*,*,#1774,.T.);
#2309=ORIENTED_EDGE('',*,*,#1775,.F.);
#2310=ORIENTED_EDGE('',*,*,#1776,.F.);
#2311=ORIENTED_EDGE('',*,*,#1777,.T.);
#2312=ORIENTED_EDGE('',*,*,#1778,.T.);
#2313=ORIENTED_EDGE('',*,*,#1779,.F.);
#2314=ORIENTED_EDGE('',*,*,#1771,.F.);
#2315=ORIENTED_EDGE('',*,*,#1770,.T.);
#2316=ORIENTED_EDGE('',*,*,#1766,.T.);
#2317=ORIENTED_EDGE('',*,*,#1780,.T.);
#2318=ORIENTED_EDGE('',*,*,#1762,.T.);
#2319=ORIENTED_EDGE('',*,*,#1759,.T.);
#2320=ORIENTED_EDGE('',*,*,#1756,.T.);
#2321=ORIENTED_EDGE('',*,*,#1781,.T.);
#2322=ORIENTED_EDGE('',*,*,#1765,.T.);
#2323=ORIENTED_EDGE('',*,*,#1782,.F.);
#2324=ORIENTED_EDGE('',*,*,#1763,.T.);
#2325=ORIENTED_EDGE('',*,*,#1780,.F.);
#2326=ORIENTED_EDGE('',*,*,#1772,.F.);
#2327=ORIENTED_EDGE('',*,*,#1779,.T.);
#2328=ORIENTED_EDGE('',*,*,#1783,.T.);
#2329=ORIENTED_EDGE('',*,*,#1784,.F.);
#2330=ORIENTED_EDGE('',*,*,#1785,.F.);
#2331=ORIENTED_EDGE('',*,*,#1786,.F.);
#2332=ORIENTED_EDGE('',*,*,#1787,.F.);
#2333=ORIENTED_EDGE('',*,*,#1783,.F.);
#2334=ORIENTED_EDGE('',*,*,#1778,.F.);
#2335=ORIENTED_EDGE('',*,*,#1788,.F.);
#2336=ORIENTED_EDGE('',*,*,#1755,.T.);
#2337=ORIENTED_EDGE('',*,*,#1789,.F.);
#2338=ORIENTED_EDGE('',*,*,#1788,.T.);
#2339=ORIENTED_EDGE('',*,*,#1781,.F.);
#2340=ORIENTED_EDGE('',*,*,#1784,.T.);
#2341=ORIENTED_EDGE('',*,*,#1790,.F.);
#2342=ORIENTED_EDGE('',*,*,#1791,.F.);
#2343=ORIENTED_EDGE('',*,*,#1792,.F.);
#2344=ORIENTED_EDGE('',*,*,#1793,.F.);
#2345=ORIENTED_EDGE('',*,*,#1769,.T.);
#2346=ORIENTED_EDGE('',*,*,#1777,.F.);
#2347=ORIENTED_EDGE('',*,*,#1794,.F.);
#2348=ORIENTED_EDGE('',*,*,#1795,.T.);
#2349=ORIENTED_EDGE('',*,*,#1796,.F.);
#2350=ORIENTED_EDGE('',*,*,#1797,.T.);
#2351=ORIENTED_EDGE('',*,*,#1798,.T.);
#2352=ORIENTED_EDGE('',*,*,#1786,.T.);
#2353=ORIENTED_EDGE('',*,*,#1789,.T.);
#2354=ORIENTED_EDGE('',*,*,#1754,.T.);
#2355=ORIENTED_EDGE('',*,*,#1758,.T.);
#2356=ORIENTED_EDGE('',*,*,#1761,.T.);
#2357=ORIENTED_EDGE('',*,*,#1782,.T.);
#2358=ORIENTED_EDGE('',*,*,#1764,.T.);
#2359=ORIENTED_EDGE('',*,*,#1785,.T.);
#2360=ORIENTED_EDGE('',*,*,#1793,.T.);
#2361=ORIENTED_EDGE('',*,*,#1799,.F.);
#2362=ORIENTED_EDGE('',*,*,#1800,.F.);
#2363=ORIENTED_EDGE('',*,*,#1801,.F.);
#2364=ORIENTED_EDGE('',*,*,#1773,.F.);
#2365=ORIENTED_EDGE('',*,*,#1748,.T.);
#2366=ORIENTED_EDGE('',*,*,#1802,.F.);
#2367=ORIENTED_EDGE('',*,*,#1803,.F.);
#2368=ORIENTED_EDGE('',*,*,#1804,.F.);
#2369=ORIENTED_EDGE('',*,*,#1805,.T.);
#2370=ORIENTED_EDGE('',*,*,#1806,.T.);
#2371=ORIENTED_EDGE('',*,*,#1807,.F.);
#2372=ORIENTED_EDGE('',*,*,#1808,.F.);
#2373=ORIENTED_EDGE('',*,*,#1791,.T.);
#2374=ORIENTED_EDGE('',*,*,#1809,.T.);
#2375=ORIENTED_EDGE('',*,*,#1810,.T.);
#2376=ORIENTED_EDGE('',*,*,#1811,.F.);
#2377=ORIENTED_EDGE('',*,*,#1812,.F.);
#2378=ORIENTED_EDGE('',*,*,#1802,.T.);
#2379=ORIENTED_EDGE('',*,*,#1747,.T.);
#2380=ORIENTED_EDGE('',*,*,#1753,.T.);
#2381=ORIENTED_EDGE('',*,*,#1813,.F.);
#2382=ORIENTED_EDGE('',*,*,#1803,.T.);
#2383=ORIENTED_EDGE('',*,*,#1812,.T.);
#2384=ORIENTED_EDGE('',*,*,#1814,.T.);
#2385=ORIENTED_EDGE('',*,*,#1815,.T.);
#2386=ORIENTED_EDGE('',*,*,#1816,.F.);
#2387=ORIENTED_EDGE('',*,*,#1817,.T.);
#2388=ORIENTED_EDGE('',*,*,#1813,.T.);
#2389=ORIENTED_EDGE('',*,*,#1752,.T.);
#2390=ORIENTED_EDGE('',*,*,#1818,.T.);
#2391=ORIENTED_EDGE('',*,*,#1814,.F.);
#2392=ORIENTED_EDGE('',*,*,#1819,.F.);
#2393=ORIENTED_EDGE('',*,*,#1820,.F.);
#2394=ORIENTED_EDGE('',*,*,#1799,.T.);
#2395=ORIENTED_EDGE('',*,*,#1792,.T.);
#2396=ORIENTED_EDGE('',*,*,#1808,.T.);
#2397=ORIENTED_EDGE('',*,*,#1821,.F.);
#2398=ORIENTED_EDGE('',*,*,#1822,.T.);
#2399=ORIENTED_EDGE('',*,*,#1823,.F.);
#2400=ORIENTED_EDGE('',*,*,#1822,.F.);
#2401=ORIENTED_EDGE('',*,*,#1824,.F.);
#2402=ORIENTED_EDGE('',*,*,#1825,.T.);
#2403=ORIENTED_EDGE('',*,*,#1826,.F.);
#2404=ORIENTED_EDGE('',*,*,#1825,.F.);
#2405=ORIENTED_EDGE('',*,*,#1827,.F.);
#2406=ORIENTED_EDGE('',*,*,#1828,.T.);
#2407=ORIENTED_EDGE('',*,*,#1829,.F.);
#2408=ORIENTED_EDGE('',*,*,#1828,.F.);
#2409=ORIENTED_EDGE('',*,*,#1830,.F.);
#2410=ORIENTED_EDGE('',*,*,#1831,.T.);
#2411=ORIENTED_EDGE('',*,*,#1832,.F.);
#2412=ORIENTED_EDGE('',*,*,#1831,.F.);
#2413=ORIENTED_EDGE('',*,*,#1833,.F.);
#2414=ORIENTED_EDGE('',*,*,#1834,.T.);
#2415=ORIENTED_EDGE('',*,*,#1835,.F.);
#2416=ORIENTED_EDGE('',*,*,#1834,.F.);
#2417=ORIENTED_EDGE('',*,*,#1833,.T.);
#2418=ORIENTED_EDGE('',*,*,#1823,.T.);
#2419=ORIENTED_EDGE('',*,*,#1836,.F.);
#2420=ORIENTED_EDGE('',*,*,#1837,.T.);
#2421=ORIENTED_EDGE('',*,*,#1838,.F.);
#2422=ORIENTED_EDGE('',*,*,#1837,.F.);
#2423=ORIENTED_EDGE('',*,*,#1836,.T.);
#2424=ORIENTED_EDGE('',*,*,#1826,.T.);
#2425=ORIENTED_EDGE('',*,*,#1839,.F.);
#2426=ORIENTED_EDGE('',*,*,#1840,.T.);
#2427=ORIENTED_EDGE('',*,*,#1841,.F.);
#2428=ORIENTED_EDGE('',*,*,#1840,.F.);
#2429=ORIENTED_EDGE('',*,*,#1839,.T.);
#2430=ORIENTED_EDGE('',*,*,#1829,.T.);
#2431=ORIENTED_EDGE('',*,*,#1842,.F.);
#2432=ORIENTED_EDGE('',*,*,#1843,.T.);
#2433=ORIENTED_EDGE('',*,*,#1844,.F.);
#2434=ORIENTED_EDGE('',*,*,#1843,.F.);
#2435=ORIENTED_EDGE('',*,*,#1842,.T.);
#2436=ORIENTED_EDGE('',*,*,#1832,.T.);
#2437=ORIENTED_EDGE('',*,*,#1845,.F.);
#2438=ORIENTED_EDGE('',*,*,#1846,.F.);
#2439=ORIENTED_EDGE('',*,*,#1847,.F.);
#2440=ORIENTED_EDGE('',*,*,#1848,.F.);
#2441=ORIENTED_EDGE('',*,*,#1848,.T.);
#2442=ORIENTED_EDGE('',*,*,#1849,.T.);
#2443=ORIENTED_EDGE('',*,*,#1850,.F.);
#2444=ORIENTED_EDGE('',*,*,#1851,.F.);
#2445=ORIENTED_EDGE('',*,*,#1852,.F.);
#2446=ORIENTED_EDGE('',*,*,#1853,.F.);
#2447=ORIENTED_EDGE('',*,*,#1854,.F.);
#2448=ORIENTED_EDGE('',*,*,#1855,.F.);
#2449=ORIENTED_EDGE('',*,*,#1856,.F.);
#2450=ORIENTED_EDGE('',*,*,#1857,.F.);
#2451=ORIENTED_EDGE('',*,*,#1858,.F.);
#2452=ORIENTED_EDGE('',*,*,#1859,.F.);
#2453=ORIENTED_EDGE('',*,*,#1860,.F.);
#2454=ORIENTED_EDGE('',*,*,#1861,.F.);
#2455=ORIENTED_EDGE('',*,*,#1862,.F.);
#2456=ORIENTED_EDGE('',*,*,#1863,.T.);
#2457=ORIENTED_EDGE('',*,*,#1864,.T.);
#2458=ORIENTED_EDGE('',*,*,#1865,.F.);
#2459=ORIENTED_EDGE('',*,*,#1866,.F.);
#2460=ORIENTED_EDGE('',*,*,#1867,.F.);
#2461=ORIENTED_EDGE('',*,*,#1868,.T.);
#2462=ORIENTED_EDGE('',*,*,#1869,.T.);
#2463=ORIENTED_EDGE('',*,*,#1796,.T.);
#2464=ORIENTED_EDGE('',*,*,#1870,.T.);
#2465=ORIENTED_EDGE('',*,*,#1739,.T.);
#2466=ORIENTED_EDGE('',*,*,#1871,.T.);
#2467=ORIENTED_EDGE('',*,*,#1872,.T.);
#2468=ORIENTED_EDGE('',*,*,#1873,.F.);
#2469=ORIENTED_EDGE('',*,*,#1874,.F.);
#2470=ORIENTED_EDGE('',*,*,#1875,.F.);
#2471=ORIENTED_EDGE('',*,*,#1876,.F.);
#2472=ORIENTED_EDGE('',*,*,#1877,.F.);
#2473=ORIENTED_EDGE('',*,*,#1878,.F.);
#2474=ORIENTED_EDGE('',*,*,#1879,.F.);
#2475=ORIENTED_EDGE('',*,*,#1847,.T.);
#2476=ORIENTED_EDGE('',*,*,#1880,.F.);
#2477=ORIENTED_EDGE('',*,*,#1881,.F.);
#2478=ORIENTED_EDGE('',*,*,#1849,.F.);
#2479=ORIENTED_EDGE('',*,*,#1882,.F.);
#2480=ORIENTED_EDGE('',*,*,#1883,.F.);
#2481=ORIENTED_EDGE('',*,*,#1880,.T.);
#2482=ORIENTED_EDGE('',*,*,#1846,.T.);
#2483=ORIENTED_EDGE('',*,*,#1844,.T.);
#2484=ORIENTED_EDGE('',*,*,#1884,.F.);
#2485=ORIENTED_EDGE('',*,*,#1872,.F.);
#2486=ORIENTED_EDGE('',*,*,#1885,.F.);
#2487=ORIENTED_EDGE('',*,*,#1886,.F.);
#2488=ORIENTED_EDGE('',*,*,#1887,.T.);
#2489=ORIENTED_EDGE('',*,*,#1888,.T.);
#2490=ORIENTED_EDGE('',*,*,#1889,.T.);
#2491=ORIENTED_EDGE('',*,*,#1816,.T.);
#2492=ORIENTED_EDGE('',*,*,#1890,.T.);
#2493=ORIENTED_EDGE('',*,*,#1891,.F.);
#2494=ORIENTED_EDGE('',*,*,#1884,.T.);
#2495=ORIENTED_EDGE('',*,*,#1892,.T.);
#2496=ORIENTED_EDGE('',*,*,#1891,.T.);
#2497=ORIENTED_EDGE('',*,*,#1893,.T.);
#2498=ORIENTED_EDGE('',*,*,#1894,.T.);
#2499=ORIENTED_EDGE('',*,*,#1873,.T.);
#2500=ORIENTED_EDGE('',*,*,#1895,.F.);
#2501=ORIENTED_EDGE('',*,*,#1864,.F.);
#2502=ORIENTED_EDGE('',*,*,#1896,.F.);
#2503=ORIENTED_EDGE('',*,*,#1897,.F.);
#2504=ORIENTED_EDGE('',*,*,#1898,.T.);
#2505=ORIENTED_EDGE('',*,*,#1899,.T.);
#2506=ORIENTED_EDGE('',*,*,#1862,.T.);
#2507=ORIENTED_EDGE('',*,*,#1900,.T.);
#2508=ORIENTED_EDGE('',*,*,#1901,.T.);
#2509=ORIENTED_EDGE('',*,*,#1902,.F.);
#2510=ORIENTED_EDGE('',*,*,#1895,.T.);
#2511=ORIENTED_EDGE('',*,*,#1903,.T.);
#2512=ORIENTED_EDGE('',*,*,#1902,.T.);
#2513=ORIENTED_EDGE('',*,*,#1904,.T.);
#2514=ORIENTED_EDGE('',*,*,#1905,.T.);
#2515=ORIENTED_EDGE('',*,*,#1865,.T.);
#2516=ORIENTED_EDGE('',*,*,#1906,.F.);
#2517=ORIENTED_EDGE('',*,*,#1907,.F.);
#2518=ORIENTED_EDGE('',*,*,#1908,.F.);
#2519=ORIENTED_EDGE('',*,*,#1868,.F.);
#2520=ORIENTED_EDGE('',*,*,#1908,.T.);
#2521=ORIENTED_EDGE('',*,*,#1909,.F.);
#2522=ORIENTED_EDGE('',*,*,#1797,.F.);
#2523=ORIENTED_EDGE('',*,*,#1869,.F.);
#2524=ORIENTED_EDGE('',*,*,#1910,.F.);
#2525=ORIENTED_EDGE('',*,*,#1911,.F.);
#2526=ORIENTED_EDGE('',*,*,#1912,.T.);
#2527=ORIENTED_EDGE('',*,*,#1809,.F.);
#2528=ORIENTED_EDGE('',*,*,#1790,.T.);
#2529=ORIENTED_EDGE('',*,*,#1787,.T.);
#2530=ORIENTED_EDGE('',*,*,#1798,.F.);
#2531=ORIENTED_EDGE('',*,*,#1909,.T.);
#2532=ORIENTED_EDGE('',*,*,#1907,.T.);
#2533=ORIENTED_EDGE('',*,*,#1841,.T.);
#2534=ORIENTED_EDGE('',*,*,#1845,.T.);
#2535=ORIENTED_EDGE('',*,*,#1875,.T.);
#2536=ORIENTED_EDGE('',*,*,#1913,.T.);
#2537=ORIENTED_EDGE('',*,*,#1914,.T.);
#2538=ORIENTED_EDGE('',*,*,#1915,.T.);
#2539=ORIENTED_EDGE('',*,*,#1882,.T.);
#2540=ORIENTED_EDGE('',*,*,#1916,.F.);
#2541=ORIENTED_EDGE('',*,*,#1917,.F.);
#2542=ORIENTED_EDGE('',*,*,#1810,.F.);
#2543=ORIENTED_EDGE('',*,*,#1912,.F.);
#2544=ORIENTED_EDGE('',*,*,#1917,.T.);
#2545=ORIENTED_EDGE('',*,*,#1918,.F.);
#2546=ORIENTED_EDGE('',*,*,#1919,.F.);
#2547=ORIENTED_EDGE('',*,*,#1811,.T.);
#2548=ORIENTED_EDGE('',*,*,#1920,.T.);
#2549=ORIENTED_EDGE('',*,*,#1898,.F.);
#2550=ORIENTED_EDGE('',*,*,#1903,.F.);
#2551=ORIENTED_EDGE('',*,*,#1897,.T.);
#2552=ORIENTED_EDGE('',*,*,#1838,.T.);
#2553=ORIENTED_EDGE('',*,*,#1896,.T.);
#2554=ORIENTED_EDGE('',*,*,#1863,.F.);
#2555=ORIENTED_EDGE('',*,*,#1899,.F.);
#2556=ORIENTED_EDGE('',*,*,#1920,.F.);
#2557=ORIENTED_EDGE('',*,*,#1921,.T.);
#2558=ORIENTED_EDGE('',*,*,#1737,.F.);
#2559=ORIENTED_EDGE('',*,*,#1728,.F.);
#2560=ORIENTED_EDGE('',*,*,#1749,.F.);
#2561=ORIENTED_EDGE('',*,*,#1806,.F.);
#2562=ORIENTED_EDGE('',*,*,#1922,.T.);
#2563=ORIENTED_EDGE('',*,*,#1887,.F.);
#2564=ORIENTED_EDGE('',*,*,#1892,.F.);
#2565=ORIENTED_EDGE('',*,*,#1886,.T.);
#2566=ORIENTED_EDGE('',*,*,#1835,.T.);
#2567=ORIENTED_EDGE('',*,*,#1805,.F.);
#2568=ORIENTED_EDGE('',*,*,#1923,.F.);
#2569=ORIENTED_EDGE('',*,*,#1888,.F.);
#2570=ORIENTED_EDGE('',*,*,#1922,.F.);
#2571=ORIENTED_EDGE('',*,*,#1885,.T.);
#2572=ORIENTED_EDGE('',*,*,#1871,.F.);
#2573=ORIENTED_EDGE('',*,*,#1738,.F.);
#2574=ORIENTED_EDGE('',*,*,#1921,.F.);
#2575=ORIENTED_EDGE('',*,*,#1923,.T.);
#2576=ORIENTED_EDGE('',*,*,#1804,.T.);
#2577=ORIENTED_EDGE('',*,*,#1817,.F.);
#2578=ORIENTED_EDGE('',*,*,#1889,.F.);
#2579=ORIENTED_EDGE('',*,*,#1924,.F.);
#2580=ORIENTED_EDGE('',*,*,#1925,.T.);
#2581=ORIENTED_EDGE('',*,*,#1741,.T.);
#2582=ORIENTED_EDGE('',*,*,#1926,.T.);
#2583=ORIENTED_EDGE('',*,*,#1794,.T.);
#2584=ORIENTED_EDGE('',*,*,#1776,.T.);
#2585=ORIENTED_EDGE('',*,*,#1927,.T.);
#2586=ORIENTED_EDGE('',*,*,#1928,.T.);
#2587=ORIENTED_EDGE('',*,*,#1929,.T.);
#2588=ORIENTED_EDGE('',*,*,#1930,.T.);
#2589=ORIENTED_EDGE('',*,*,#1931,.T.);
#2590=ORIENTED_EDGE('',*,*,#1932,.T.);
#2591=ORIENTED_EDGE('',*,*,#1821,.T.);
#2592=ORIENTED_EDGE('',*,*,#1824,.T.);
#2593=ORIENTED_EDGE('',*,*,#1827,.T.);
#2594=ORIENTED_EDGE('',*,*,#1830,.T.);
#2595=ORIENTED_EDGE('',*,*,#1775,.T.);
#2596=ORIENTED_EDGE('',*,*,#1933,.T.);
#2597=ORIENTED_EDGE('',*,*,#1934,.F.);
#2598=ORIENTED_EDGE('',*,*,#1927,.F.);
#2599=ORIENTED_EDGE('',*,*,#1870,.F.);
#2600=ORIENTED_EDGE('',*,*,#1795,.F.);
#2601=ORIENTED_EDGE('',*,*,#1926,.F.);
#2602=ORIENTED_EDGE('',*,*,#1740,.T.);
#2603=ORIENTED_EDGE('',*,*,#1820,.T.);
#2604=ORIENTED_EDGE('',*,*,#1935,.T.);
#2605=ORIENTED_EDGE('',*,*,#1936,.T.);
#2606=ORIENTED_EDGE('',*,*,#1800,.T.);
#2607=ORIENTED_EDGE('',*,*,#1709,.T.);
#2608=ORIENTED_EDGE('',*,*,#1742,.T.);
#2609=ORIENTED_EDGE('',*,*,#1925,.F.);
#2610=ORIENTED_EDGE('',*,*,#1937,.T.);
#2611=ORIENTED_EDGE('',*,*,#1938,.T.);
#2612=ORIENTED_EDGE('',*,*,#1750,.T.);
#2613=ORIENTED_EDGE('',*,*,#1743,.T.);
#2614=ORIENTED_EDGE('',*,*,#1731,.T.);
#2615=ORIENTED_EDGE('',*,*,#1751,.T.);
#2616=ORIENTED_EDGE('',*,*,#1938,.F.);
#2617=ORIENTED_EDGE('',*,*,#1939,.F.);
#2618=ORIENTED_EDGE('',*,*,#1940,.F.);
#2619=ORIENTED_EDGE('',*,*,#1941,.F.);
#2620=ORIENTED_EDGE('',*,*,#1942,.F.);
#2621=ORIENTED_EDGE('',*,*,#1943,.F.);
#2622=ORIENTED_EDGE('',*,*,#1944,.F.);
#2623=ORIENTED_EDGE('',*,*,#1933,.F.);
#2624=ORIENTED_EDGE('',*,*,#1774,.F.);
#2625=ORIENTED_EDGE('',*,*,#1801,.T.);
#2626=ORIENTED_EDGE('',*,*,#1936,.F.);
#2627=ORIENTED_EDGE('',*,*,#1945,.F.);
#2628=ORIENTED_EDGE('',*,*,#1946,.F.);
#2629=ORIENTED_EDGE('',*,*,#1947,.F.);
#2630=ORIENTED_EDGE('',*,*,#1948,.F.);
#2631=ORIENTED_EDGE('',*,*,#1904,.F.);
#2632=ORIENTED_EDGE('',*,*,#1901,.F.);
#2633=ORIENTED_EDGE('',*,*,#1949,.F.);
#2634=ORIENTED_EDGE('',*,*,#1950,.F.);
#2635=ORIENTED_EDGE('',*,*,#1951,.F.);
#2636=ORIENTED_EDGE('',*,*,#1952,.F.);
#2637=ORIENTED_EDGE('',*,*,#1914,.F.);
#2638=ORIENTED_EDGE('',*,*,#1953,.F.);
#2639=ORIENTED_EDGE('',*,*,#1893,.F.);
#2640=ORIENTED_EDGE('',*,*,#1890,.F.);
#2641=ORIENTED_EDGE('',*,*,#1815,.F.);
#2642=ORIENTED_EDGE('',*,*,#1818,.F.);
#2643=ORIENTED_EDGE('',*,*,#1954,.F.);
#2644=ORIENTED_EDGE('',*,*,#1955,.F.);
#2645=ORIENTED_EDGE('',*,*,#1956,.F.);
#2646=ORIENTED_EDGE('',*,*,#1957,.F.);
#2647=ORIENTED_EDGE('',*,*,#1958,.T.);
#2648=ORIENTED_EDGE('',*,*,#1959,.T.);
#2649=ORIENTED_EDGE('',*,*,#1960,.T.);
#2650=ORIENTED_EDGE('',*,*,#1961,.F.);
#2651=ORIENTED_EDGE('',*,*,#1857,.T.);
#2652=ORIENTED_EDGE('',*,*,#1962,.T.);
#2653=ORIENTED_EDGE('',*,*,#1963,.T.);
#2654=ORIENTED_EDGE('',*,*,#1964,.T.);
#2655=ORIENTED_EDGE('',*,*,#1965,.T.);
#2656=ORIENTED_EDGE('',*,*,#1959,.F.);
#2657=ORIENTED_EDGE('',*,*,#1966,.T.);
#2658=ORIENTED_EDGE('',*,*,#1967,.T.);
#2659=ORIENTED_EDGE('',*,*,#1859,.T.);
#2660=ORIENTED_EDGE('',*,*,#1968,.T.);
#2661=ORIENTED_EDGE('',*,*,#1969,.T.);
#2662=ORIENTED_EDGE('',*,*,#1964,.F.);
#2663=ORIENTED_EDGE('',*,*,#1858,.T.);
#2664=ORIENTED_EDGE('',*,*,#1961,.T.);
#2665=ORIENTED_EDGE('',*,*,#1970,.T.);
#2666=ORIENTED_EDGE('',*,*,#1968,.F.);
#2667=ORIENTED_EDGE('',*,*,#1960,.F.);
#2668=ORIENTED_EDGE('',*,*,#1965,.F.);
#2669=ORIENTED_EDGE('',*,*,#1969,.F.);
#2670=ORIENTED_EDGE('',*,*,#1970,.F.);
#2671=ORIENTED_EDGE('',*,*,#1958,.F.);
#2672=ORIENTED_EDGE('',*,*,#1971,.T.);
#2673=ORIENTED_EDGE('',*,*,#1972,.F.);
#2674=ORIENTED_EDGE('',*,*,#1973,.F.);
#2675=ORIENTED_EDGE('',*,*,#1974,.F.);
#2676=ORIENTED_EDGE('',*,*,#1975,.T.);
#2677=ORIENTED_EDGE('',*,*,#1976,.F.);
#2678=ORIENTED_EDGE('',*,*,#1977,.F.);
#2679=ORIENTED_EDGE('',*,*,#1978,.F.);
#2680=ORIENTED_EDGE('',*,*,#1979,.T.);
#2681=ORIENTED_EDGE('',*,*,#1966,.F.);
#2682=ORIENTED_EDGE('',*,*,#1963,.F.);
#2683=ORIENTED_EDGE('',*,*,#1967,.F.);
#2684=ORIENTED_EDGE('',*,*,#1979,.F.);
#2685=ORIENTED_EDGE('',*,*,#1980,.F.);
#2686=ORIENTED_EDGE('',*,*,#1981,.F.);
#2687=ORIENTED_EDGE('',*,*,#1982,.F.);
#2688=ORIENTED_EDGE('',*,*,#1983,.F.);
#2689=ORIENTED_EDGE('',*,*,#1984,.F.);
#2690=ORIENTED_EDGE('',*,*,#1985,.F.);
#2691=ORIENTED_EDGE('',*,*,#1986,.F.);
#2692=ORIENTED_EDGE('',*,*,#1987,.F.);
#2693=ORIENTED_EDGE('',*,*,#1988,.F.);
#2694=ORIENTED_EDGE('',*,*,#1989,.F.);
#2695=ORIENTED_EDGE('',*,*,#1990,.F.);
#2696=ORIENTED_EDGE('',*,*,#1991,.F.);
#2697=ORIENTED_EDGE('',*,*,#1992,.F.);
#2698=ORIENTED_EDGE('',*,*,#1993,.F.);
#2699=ORIENTED_EDGE('',*,*,#1994,.F.);
#2700=ORIENTED_EDGE('',*,*,#1975,.F.);
#2701=ORIENTED_EDGE('',*,*,#1995,.F.);
#2702=ORIENTED_EDGE('',*,*,#1852,.T.);
#2703=ORIENTED_EDGE('',*,*,#1996,.T.);
#2704=ORIENTED_EDGE('',*,*,#1950,.T.);
#2705=ORIENTED_EDGE('',*,*,#1997,.F.);
#2706=ORIENTED_EDGE('',*,*,#1860,.T.);
#2707=ORIENTED_EDGE('',*,*,#1998,.F.);
#2708=ORIENTED_EDGE('',*,*,#1999,.F.);
#2709=ORIENTED_EDGE('',*,*,#2000,.F.);
#2710=ORIENTED_EDGE('',*,*,#2001,.F.);
#2711=ORIENTED_EDGE('',*,*,#2002,.F.);
#2712=ORIENTED_EDGE('',*,*,#2003,.F.);
#2713=ORIENTED_EDGE('',*,*,#2004,.F.);
#2714=ORIENTED_EDGE('',*,*,#2005,.F.);
#2715=ORIENTED_EDGE('',*,*,#1974,.T.);
#2716=ORIENTED_EDGE('',*,*,#2006,.T.);
#2717=ORIENTED_EDGE('',*,*,#2007,.T.);
#2718=ORIENTED_EDGE('',*,*,#2008,.F.);
#2719=ORIENTED_EDGE('',*,*,#1853,.T.);
#2720=ORIENTED_EDGE('',*,*,#1995,.T.);
#2721=ORIENTED_EDGE('',*,*,#1973,.T.);
#2722=ORIENTED_EDGE('',*,*,#2009,.T.);
#2723=ORIENTED_EDGE('',*,*,#2010,.T.);
#2724=ORIENTED_EDGE('',*,*,#2006,.F.);
#2725=ORIENTED_EDGE('',*,*,#1972,.T.);
#2726=ORIENTED_EDGE('',*,*,#2011,.T.);
#2727=ORIENTED_EDGE('',*,*,#1855,.T.);
#2728=ORIENTED_EDGE('',*,*,#2012,.T.);
#2729=ORIENTED_EDGE('',*,*,#2013,.T.);
#2730=ORIENTED_EDGE('',*,*,#2009,.F.);
#2731=ORIENTED_EDGE('',*,*,#1854,.T.);
#2732=ORIENTED_EDGE('',*,*,#2008,.T.);
#2733=ORIENTED_EDGE('',*,*,#2014,.T.);
#2734=ORIENTED_EDGE('',*,*,#2012,.F.);
#2735=ORIENTED_EDGE('',*,*,#2007,.F.);
#2736=ORIENTED_EDGE('',*,*,#2010,.F.);
#2737=ORIENTED_EDGE('',*,*,#2013,.F.);
#2738=ORIENTED_EDGE('',*,*,#2014,.F.);
#2739=ORIENTED_EDGE('',*,*,#2015,.T.);
#2740=ORIENTED_EDGE('',*,*,#2016,.T.);
#2741=ORIENTED_EDGE('',*,*,#2017,.T.);
#2742=ORIENTED_EDGE('',*,*,#2018,.T.);
#2743=ORIENTED_EDGE('',*,*,#2019,.T.);
#2744=ORIENTED_EDGE('',*,*,#2020,.T.);
#2745=ORIENTED_EDGE('',*,*,#2021,.T.);
#2746=ORIENTED_EDGE('',*,*,#2022,.T.);
#2747=ORIENTED_EDGE('',*,*,#2016,.F.);
#2748=ORIENTED_EDGE('',*,*,#2023,.T.);
#2749=ORIENTED_EDGE('',*,*,#2024,.T.);
#2750=ORIENTED_EDGE('',*,*,#2025,.T.);
#2751=ORIENTED_EDGE('',*,*,#2026,.T.);
#2752=ORIENTED_EDGE('',*,*,#2027,.T.);
#2753=ORIENTED_EDGE('',*,*,#2028,.T.);
#2754=ORIENTED_EDGE('',*,*,#2029,.T.);
#2755=ORIENTED_EDGE('',*,*,#2030,.T.);
#2756=ORIENTED_EDGE('',*,*,#2031,.T.);
#2757=ORIENTED_EDGE('',*,*,#2032,.T.);
#2758=ORIENTED_EDGE('',*,*,#2026,.F.);
#2759=ORIENTED_EDGE('',*,*,#2033,.T.);
#2760=ORIENTED_EDGE('',*,*,#2034,.T.);
#2761=ORIENTED_EDGE('',*,*,#2020,.F.);
#2762=ORIENTED_EDGE('',*,*,#2035,.T.);
#2763=ORIENTED_EDGE('',*,*,#2003,.T.);
#2764=ORIENTED_EDGE('',*,*,#2036,.F.);
#2765=ORIENTED_EDGE('',*,*,#2037,.F.);
#2766=ORIENTED_EDGE('',*,*,#2038,.F.);
#2767=ORIENTED_EDGE('',*,*,#2039,.F.);
#2768=ORIENTED_EDGE('',*,*,#2022,.F.);
#2769=ORIENTED_EDGE('',*,*,#2040,.F.);
#2770=ORIENTED_EDGE('',*,*,#2041,.F.);
#2771=ORIENTED_EDGE('',*,*,#2042,.T.);
#2772=ORIENTED_EDGE('',*,*,#2043,.F.);
#2773=ORIENTED_EDGE('',*,*,#2044,.T.);
#2774=ORIENTED_EDGE('',*,*,#2045,.F.);
#2775=ORIENTED_EDGE('',*,*,#2046,.F.);
#2776=ORIENTED_EDGE('',*,*,#2033,.F.);
#2777=ORIENTED_EDGE('',*,*,#2025,.F.);
#2778=ORIENTED_EDGE('',*,*,#2032,.F.);
#2779=ORIENTED_EDGE('',*,*,#2047,.F.);
#2780=ORIENTED_EDGE('',*,*,#2048,.F.);
#2781=ORIENTED_EDGE('',*,*,#2049,.F.);
#2782=ORIENTED_EDGE('',*,*,#2050,.F.);
#2783=ORIENTED_EDGE('',*,*,#2051,.F.);
#2784=ORIENTED_EDGE('',*,*,#2052,.F.);
#2785=ORIENTED_EDGE('',*,*,#2053,.F.);
#2786=ORIENTED_EDGE('',*,*,#2023,.F.);
#2787=ORIENTED_EDGE('',*,*,#2015,.F.);
#2788=ORIENTED_EDGE('',*,*,#2021,.F.);
#2789=ORIENTED_EDGE('',*,*,#2039,.T.);
#2790=ORIENTED_EDGE('',*,*,#2054,.F.);
#2791=ORIENTED_EDGE('',*,*,#2028,.F.);
#2792=ORIENTED_EDGE('',*,*,#2055,.F.);
#2793=ORIENTED_EDGE('',*,*,#2056,.T.);
#2794=ORIENTED_EDGE('',*,*,#2034,.F.);
#2795=ORIENTED_EDGE('',*,*,#2046,.T.);
#2796=ORIENTED_EDGE('',*,*,#2057,.T.);
#2797=ORIENTED_EDGE('',*,*,#2058,.T.);
#2798=ORIENTED_EDGE('',*,*,#2059,.T.);
#2799=ORIENTED_EDGE('',*,*,#2047,.T.);
#2800=ORIENTED_EDGE('',*,*,#2060,.T.);
#2801=ORIENTED_EDGE('',*,*,#2061,.T.);
#2802=ORIENTED_EDGE('',*,*,#2062,.T.);
#2803=ORIENTED_EDGE('',*,*,#2063,.T.);
#2804=ORIENTED_EDGE('',*,*,#2064,.T.);
#2805=ORIENTED_EDGE('',*,*,#2058,.F.);
#2806=ORIENTED_EDGE('',*,*,#2065,.T.);
#2807=ORIENTED_EDGE('',*,*,#2066,.T.);
#2808=ORIENTED_EDGE('',*,*,#2067,.T.);
#2809=ORIENTED_EDGE('',*,*,#2037,.T.);
#2810=ORIENTED_EDGE('',*,*,#2068,.T.);
#2811=ORIENTED_EDGE('',*,*,#2069,.F.);
#2812=ORIENTED_EDGE('',*,*,#2024,.F.);
#2813=ORIENTED_EDGE('',*,*,#2053,.T.);
#2814=ORIENTED_EDGE('',*,*,#2070,.T.);
#2815=ORIENTED_EDGE('',*,*,#2069,.T.);
#2816=ORIENTED_EDGE('',*,*,#2071,.T.);
#2817=ORIENTED_EDGE('',*,*,#2040,.T.);
#2818=ORIENTED_EDGE('',*,*,#2017,.F.);
#2819=ORIENTED_EDGE('',*,*,#2054,.T.);
#2820=ORIENTED_EDGE('',*,*,#2038,.T.);
#2821=ORIENTED_EDGE('',*,*,#2067,.F.);
#2822=ORIENTED_EDGE('',*,*,#2072,.T.);
#2823=ORIENTED_EDGE('',*,*,#2055,.T.);
#2824=ORIENTED_EDGE('',*,*,#2027,.F.);
#2825=ORIENTED_EDGE('',*,*,#2073,.T.);
#2826=ORIENTED_EDGE('',*,*,#2061,.F.);
#2827=ORIENTED_EDGE('',*,*,#2074,.T.);
#2828=ORIENTED_EDGE('',*,*,#2075,.F.);
#2829=ORIENTED_EDGE('',*,*,#2076,.F.);
#2830=ORIENTED_EDGE('',*,*,#2062,.F.);
#2831=ORIENTED_EDGE('',*,*,#2076,.T.);
#2832=ORIENTED_EDGE('',*,*,#2077,.F.);
#2833=ORIENTED_EDGE('',*,*,#2078,.F.);
#2834=ORIENTED_EDGE('',*,*,#2063,.F.);
#2835=ORIENTED_EDGE('',*,*,#2078,.T.);
#2836=ORIENTED_EDGE('',*,*,#2079,.F.);
#2837=ORIENTED_EDGE('',*,*,#2080,.F.);
#2838=ORIENTED_EDGE('',*,*,#2064,.F.);
#2839=ORIENTED_EDGE('',*,*,#2080,.T.);
#2840=ORIENTED_EDGE('',*,*,#2081,.F.);
#2841=ORIENTED_EDGE('',*,*,#2082,.F.);
#2842=ORIENTED_EDGE('',*,*,#2048,.T.);
#2843=ORIENTED_EDGE('',*,*,#2059,.F.);
#2844=ORIENTED_EDGE('',*,*,#2018,.F.);
#2845=ORIENTED_EDGE('',*,*,#2073,.F.);
#2846=ORIENTED_EDGE('',*,*,#2031,.F.);
#2847=ORIENTED_EDGE('',*,*,#2083,.F.);
#2848=ORIENTED_EDGE('',*,*,#2057,.F.);
#2849=ORIENTED_EDGE('',*,*,#2045,.T.);
#2850=ORIENTED_EDGE('',*,*,#2084,.T.);
#2851=ORIENTED_EDGE('',*,*,#1998,.T.);
#2852=ORIENTED_EDGE('',*,*,#2085,.F.);
#2853=ORIENTED_EDGE('',*,*,#2065,.F.);
#2854=ORIENTED_EDGE('',*,*,#2086,.T.);
#2855=ORIENTED_EDGE('',*,*,#2087,.T.);
#2856=ORIENTED_EDGE('',*,*,#2088,.T.);
#2857=ORIENTED_EDGE('',*,*,#2089,.T.);
#2858=ORIENTED_EDGE('',*,*,#2090,.T.);
#2859=ORIENTED_EDGE('',*,*,#2091,.F.);
#2860=ORIENTED_EDGE('',*,*,#2092,.F.);
#2861=ORIENTED_EDGE('',*,*,#1977,.T.);
#2862=ORIENTED_EDGE('',*,*,#2093,.T.);
#2863=ORIENTED_EDGE('',*,*,#2094,.F.);
#2864=ORIENTED_EDGE('',*,*,#2095,.T.);
#2865=ORIENTED_EDGE('',*,*,#2096,.T.);
#2866=ORIENTED_EDGE('',*,*,#2097,.T.);
#2867=ORIENTED_EDGE('',*,*,#2098,.T.);
#2868=ORIENTED_EDGE('',*,*,#2099,.T.);
#2869=ORIENTED_EDGE('',*,*,#2100,.F.);
#2870=ORIENTED_EDGE('',*,*,#2101,.T.);
#2871=ORIENTED_EDGE('',*,*,#1981,.T.);
#2872=ORIENTED_EDGE('',*,*,#2102,.T.);
#2873=ORIENTED_EDGE('',*,*,#2091,.T.);
#2874=ORIENTED_EDGE('',*,*,#2103,.T.);
#2875=ORIENTED_EDGE('',*,*,#2094,.T.);
#2876=ORIENTED_EDGE('',*,*,#2104,.T.);
#2877=ORIENTED_EDGE('',*,*,#1993,.T.);
#2878=ORIENTED_EDGE('',*,*,#1980,.T.);
#2879=ORIENTED_EDGE('',*,*,#1978,.T.);
#2880=ORIENTED_EDGE('',*,*,#2092,.T.);
#2881=ORIENTED_EDGE('',*,*,#2102,.F.);
#2882=ORIENTED_EDGE('',*,*,#1994,.T.);
#2883=ORIENTED_EDGE('',*,*,#2104,.F.);
#2884=ORIENTED_EDGE('',*,*,#2093,.F.);
#2885=ORIENTED_EDGE('',*,*,#1976,.T.);
#2886=ORIENTED_EDGE('',*,*,#2105,.T.);
#2887=ORIENTED_EDGE('',*,*,#2100,.T.);
#2888=ORIENTED_EDGE('',*,*,#2106,.T.);
#2889=ORIENTED_EDGE('',*,*,#1987,.T.);
#2890=ORIENTED_EDGE('',*,*,#2105,.F.);
#2891=ORIENTED_EDGE('',*,*,#1986,.T.);
#2892=ORIENTED_EDGE('',*,*,#2107,.T.);
#2893=ORIENTED_EDGE('',*,*,#2108,.T.);
#2894=ORIENTED_EDGE('',*,*,#2109,.F.);
#2895=ORIENTED_EDGE('',*,*,#2086,.F.);
#2896=ORIENTED_EDGE('',*,*,#2087,.F.);
#2897=ORIENTED_EDGE('',*,*,#2109,.T.);
#2898=ORIENTED_EDGE('',*,*,#2110,.T.);
#2899=ORIENTED_EDGE('',*,*,#2111,.F.);
#2900=ORIENTED_EDGE('',*,*,#2088,.F.);
#2901=ORIENTED_EDGE('',*,*,#2111,.T.);
#2902=ORIENTED_EDGE('',*,*,#2112,.T.);
#2903=ORIENTED_EDGE('',*,*,#2113,.F.);
#2904=ORIENTED_EDGE('',*,*,#2089,.F.);
#2905=ORIENTED_EDGE('',*,*,#2113,.T.);
#2906=ORIENTED_EDGE('',*,*,#2114,.T.);
#2907=ORIENTED_EDGE('',*,*,#2115,.F.);
#2908=ORIENTED_EDGE('',*,*,#2090,.F.);
#2909=ORIENTED_EDGE('',*,*,#2115,.T.);
#2910=ORIENTED_EDGE('',*,*,#2116,.T.);
#2911=ORIENTED_EDGE('',*,*,#2117,.F.);
#2912=ORIENTED_EDGE('',*,*,#1982,.T.);
#2913=ORIENTED_EDGE('',*,*,#2101,.F.);
#2914=ORIENTED_EDGE('',*,*,#2118,.T.);
#2915=ORIENTED_EDGE('',*,*,#2119,.F.);
#2916=ORIENTED_EDGE('',*,*,#2120,.F.);
#2917=ORIENTED_EDGE('',*,*,#2121,.T.);
#2918=ORIENTED_EDGE('',*,*,#2122,.T.);
#2919=ORIENTED_EDGE('',*,*,#2123,.F.);
#2920=ORIENTED_EDGE('',*,*,#2124,.T.);
#2921=ORIENTED_EDGE('',*,*,#2119,.T.);
#2922=ORIENTED_EDGE('',*,*,#2125,.T.);
#2923=ORIENTED_EDGE('',*,*,#2126,.F.);
#2924=ORIENTED_EDGE('',*,*,#2127,.F.);
#2925=ORIENTED_EDGE('',*,*,#2123,.T.);
#2926=ORIENTED_EDGE('',*,*,#2128,.T.);
#2927=ORIENTED_EDGE('',*,*,#2129,.F.);
#2928=ORIENTED_EDGE('',*,*,#2130,.T.);
#2929=ORIENTED_EDGE('',*,*,#2126,.T.);
#2930=ORIENTED_EDGE('',*,*,#2131,.T.);
#2931=ORIENTED_EDGE('',*,*,#2132,.F.);
#2932=ORIENTED_EDGE('',*,*,#2133,.F.);
#2933=ORIENTED_EDGE('',*,*,#2129,.T.);
#2934=ORIENTED_EDGE('',*,*,#2134,.T.);
#2935=ORIENTED_EDGE('',*,*,#2135,.F.);
#2936=ORIENTED_EDGE('',*,*,#2136,.T.);
#2937=ORIENTED_EDGE('',*,*,#2132,.T.);
#2938=ORIENTED_EDGE('',*,*,#2137,.T.);
#2939=ORIENTED_EDGE('',*,*,#2138,.F.);
#2940=ORIENTED_EDGE('',*,*,#2139,.F.);
#2941=ORIENTED_EDGE('',*,*,#2135,.T.);
#2942=ORIENTED_EDGE('',*,*,#2140,.T.);
#2943=ORIENTED_EDGE('',*,*,#2121,.F.);
#2944=ORIENTED_EDGE('',*,*,#2141,.T.);
#2945=ORIENTED_EDGE('',*,*,#2138,.T.);
#2946=ORIENTED_EDGE('',*,*,#2130,.F.);
#2947=ORIENTED_EDGE('',*,*,#2133,.T.);
#2948=ORIENTED_EDGE('',*,*,#2136,.F.);
#2949=ORIENTED_EDGE('',*,*,#2139,.T.);
#2950=ORIENTED_EDGE('',*,*,#2141,.F.);
#2951=ORIENTED_EDGE('',*,*,#2120,.T.);
#2952=ORIENTED_EDGE('',*,*,#2124,.F.);
#2953=ORIENTED_EDGE('',*,*,#2127,.T.);
#2954=ORIENTED_EDGE('',*,*,#2142,.T.);
#2955=ORIENTED_EDGE('',*,*,#2143,.T.);
#2956=ORIENTED_EDGE('',*,*,#2144,.T.);
#2957=ORIENTED_EDGE('',*,*,#2145,.T.);
#2958=ORIENTED_EDGE('',*,*,#2081,.T.);
#2959=ORIENTED_EDGE('',*,*,#2079,.T.);
#2960=ORIENTED_EDGE('',*,*,#2077,.T.);
#2961=ORIENTED_EDGE('',*,*,#2075,.T.);
#2962=ORIENTED_EDGE('',*,*,#2060,.F.);
#2963=ORIENTED_EDGE('',*,*,#2070,.F.);
#2964=ORIENTED_EDGE('',*,*,#2052,.T.);
#2965=ORIENTED_EDGE('',*,*,#2146,.T.);
#2966=ORIENTED_EDGE('',*,*,#2142,.F.);
#2967=ORIENTED_EDGE('',*,*,#2074,.F.);
#2968=ORIENTED_EDGE('',*,*,#2143,.F.);
#2969=ORIENTED_EDGE('',*,*,#2146,.F.);
#2970=ORIENTED_EDGE('',*,*,#2051,.T.);
#2971=ORIENTED_EDGE('',*,*,#2147,.T.);
#2972=ORIENTED_EDGE('',*,*,#2144,.F.);
#2973=ORIENTED_EDGE('',*,*,#2147,.F.);
#2974=ORIENTED_EDGE('',*,*,#2050,.T.);
#2975=ORIENTED_EDGE('',*,*,#2148,.T.);
#2976=ORIENTED_EDGE('',*,*,#2145,.F.);
#2977=ORIENTED_EDGE('',*,*,#2148,.F.);
#2978=ORIENTED_EDGE('',*,*,#2049,.T.);
#2979=ORIENTED_EDGE('',*,*,#2082,.T.);
#2980=ORIENTED_EDGE('',*,*,#1985,.T.);
#2981=ORIENTED_EDGE('',*,*,#2149,.T.);
#2982=ORIENTED_EDGE('',*,*,#2150,.T.);
#2983=ORIENTED_EDGE('',*,*,#2107,.F.);
#2984=ORIENTED_EDGE('',*,*,#1984,.T.);
#2985=ORIENTED_EDGE('',*,*,#2151,.T.);
#2986=ORIENTED_EDGE('',*,*,#2152,.T.);
#2987=ORIENTED_EDGE('',*,*,#2149,.F.);
#2988=ORIENTED_EDGE('',*,*,#1983,.T.);
#2989=ORIENTED_EDGE('',*,*,#2117,.T.);
#2990=ORIENTED_EDGE('',*,*,#2153,.T.);
#2991=ORIENTED_EDGE('',*,*,#2151,.F.);
#2992=ORIENTED_EDGE('',*,*,#2095,.F.);
#2993=ORIENTED_EDGE('',*,*,#2103,.F.);
#2994=ORIENTED_EDGE('',*,*,#1992,.T.);
#2995=ORIENTED_EDGE('',*,*,#2154,.T.);
#2996=ORIENTED_EDGE('',*,*,#2155,.T.);
#2997=ORIENTED_EDGE('',*,*,#2156,.F.);
#2998=ORIENTED_EDGE('',*,*,#1991,.T.);
#2999=ORIENTED_EDGE('',*,*,#2157,.T.);
#3000=ORIENTED_EDGE('',*,*,#2158,.T.);
#3001=ORIENTED_EDGE('',*,*,#2154,.F.);
#3002=ORIENTED_EDGE('',*,*,#1990,.T.);
#3003=ORIENTED_EDGE('',*,*,#2159,.T.);
#3004=ORIENTED_EDGE('',*,*,#2160,.T.);
#3005=ORIENTED_EDGE('',*,*,#2157,.F.);
#3006=ORIENTED_EDGE('',*,*,#1989,.T.);
#3007=ORIENTED_EDGE('',*,*,#2161,.T.);
#3008=ORIENTED_EDGE('',*,*,#2162,.T.);
#3009=ORIENTED_EDGE('',*,*,#2159,.F.);
#3010=ORIENTED_EDGE('',*,*,#2106,.F.);
#3011=ORIENTED_EDGE('',*,*,#2099,.F.);
#3012=ORIENTED_EDGE('',*,*,#2163,.T.);
#3013=ORIENTED_EDGE('',*,*,#2164,.T.);
#3014=ORIENTED_EDGE('',*,*,#2161,.F.);
#3015=ORIENTED_EDGE('',*,*,#1988,.T.);
#3016=ORIENTED_EDGE('',*,*,#2096,.F.);
#3017=ORIENTED_EDGE('',*,*,#2156,.T.);
#3018=ORIENTED_EDGE('',*,*,#2165,.T.);
#3019=ORIENTED_EDGE('',*,*,#2166,.F.);
#3020=ORIENTED_EDGE('',*,*,#2097,.F.);
#3021=ORIENTED_EDGE('',*,*,#2166,.T.);
#3022=ORIENTED_EDGE('',*,*,#2167,.T.);
#3023=ORIENTED_EDGE('',*,*,#2168,.F.);
#3024=ORIENTED_EDGE('',*,*,#2098,.F.);
#3025=ORIENTED_EDGE('',*,*,#2168,.T.);
#3026=ORIENTED_EDGE('',*,*,#2169,.T.);
#3027=ORIENTED_EDGE('',*,*,#2163,.F.);
#3028=ORIENTED_EDGE('',*,*,#2170,.T.);
#3029=ORIENTED_EDGE('',*,*,#2171,.T.);
#3030=ORIENTED_EDGE('',*,*,#1954,.T.);
#3031=ORIENTED_EDGE('',*,*,#2171,.F.);
#3032=ORIENTED_EDGE('',*,*,#2170,.F.);
#3033=ORIENTED_EDGE('',*,*,#2172,.T.);
#3034=ORIENTED_EDGE('',*,*,#2173,.T.);
#3035=ORIENTED_EDGE('',*,*,#1955,.T.);
#3036=ORIENTED_EDGE('',*,*,#2173,.F.);
#3037=ORIENTED_EDGE('',*,*,#2172,.F.);
#3038=ORIENTED_EDGE('',*,*,#2174,.T.);
#3039=ORIENTED_EDGE('',*,*,#2175,.T.);
#3040=ORIENTED_EDGE('',*,*,#1956,.T.);
#3041=ORIENTED_EDGE('',*,*,#2175,.F.);
#3042=ORIENTED_EDGE('',*,*,#2174,.F.);
#3043=ORIENTED_EDGE('',*,*,#2176,.T.);
#3044=ORIENTED_EDGE('',*,*,#2177,.T.);
#3045=ORIENTED_EDGE('',*,*,#1957,.T.);
#3046=ORIENTED_EDGE('',*,*,#2177,.F.);
#3047=ORIENTED_EDGE('',*,*,#2176,.F.);
#3048=ORIENTED_EDGE('',*,*,#2178,.T.);
#3049=ORIENTED_EDGE('',*,*,#2179,.T.);
#3050=ORIENTED_EDGE('',*,*,#2180,.T.);
#3051=ORIENTED_EDGE('',*,*,#2179,.F.);
#3052=ORIENTED_EDGE('',*,*,#2178,.F.);
#3053=ORIENTED_EDGE('',*,*,#2181,.T.);
#3054=ORIENTED_EDGE('',*,*,#2182,.T.);
#3055=ORIENTED_EDGE('',*,*,#2183,.T.);
#3056=ORIENTED_EDGE('',*,*,#2182,.F.);
#3057=ORIENTED_EDGE('',*,*,#2181,.F.);
#3058=ORIENTED_EDGE('',*,*,#2184,.T.);
#3059=ORIENTED_EDGE('',*,*,#2185,.T.);
#3060=ORIENTED_EDGE('',*,*,#2186,.T.);
#3061=ORIENTED_EDGE('',*,*,#2185,.F.);
#3062=ORIENTED_EDGE('',*,*,#2184,.F.);
#3063=ORIENTED_EDGE('',*,*,#2187,.T.);
#3064=ORIENTED_EDGE('',*,*,#2188,.T.);
#3065=ORIENTED_EDGE('',*,*,#2189,.T.);
#3066=ORIENTED_EDGE('',*,*,#2188,.F.);
#3067=ORIENTED_EDGE('',*,*,#2187,.F.);
#3068=ORIENTED_EDGE('',*,*,#2019,.F.);
#3069=ORIENTED_EDGE('',*,*,#2083,.T.);
#3070=ORIENTED_EDGE('',*,*,#2030,.F.);
#3071=ORIENTED_EDGE('',*,*,#2190,.T.);
#3072=ORIENTED_EDGE('',*,*,#2004,.T.);
#3073=ORIENTED_EDGE('',*,*,#2035,.F.);
#3074=ORIENTED_EDGE('',*,*,#2029,.F.);
#3075=ORIENTED_EDGE('',*,*,#2056,.F.);
#3076=ORIENTED_EDGE('',*,*,#2072,.F.);
#3077=ORIENTED_EDGE('',*,*,#2066,.F.);
#3078=ORIENTED_EDGE('',*,*,#2085,.T.);
#3079=ORIENTED_EDGE('',*,*,#2005,.T.);
#3080=ORIENTED_EDGE('',*,*,#2190,.F.);
#3081=ORIENTED_EDGE('',*,*,#1999,.T.);
#3082=ORIENTED_EDGE('',*,*,#2084,.F.);
#3083=ORIENTED_EDGE('',*,*,#2044,.F.);
#3084=ORIENTED_EDGE('',*,*,#2191,.T.);
#3085=ORIENTED_EDGE('',*,*,#2000,.T.);
#3086=ORIENTED_EDGE('',*,*,#2191,.F.);
#3087=ORIENTED_EDGE('',*,*,#2043,.T.);
#3088=ORIENTED_EDGE('',*,*,#2192,.T.);
#3089=ORIENTED_EDGE('',*,*,#2001,.T.);
#3090=ORIENTED_EDGE('',*,*,#2192,.F.);
#3091=ORIENTED_EDGE('',*,*,#2042,.F.);
#3092=ORIENTED_EDGE('',*,*,#2193,.T.);
#3093=ORIENTED_EDGE('',*,*,#2071,.F.);
#3094=ORIENTED_EDGE('',*,*,#2068,.F.);
#3095=ORIENTED_EDGE('',*,*,#2036,.T.);
#3096=ORIENTED_EDGE('',*,*,#2002,.T.);
#3097=ORIENTED_EDGE('',*,*,#2193,.F.);
#3098=ORIENTED_EDGE('',*,*,#2041,.T.);
#3099=ORIENTED_EDGE('',*,*,#1894,.F.);
#3100=ORIENTED_EDGE('',*,*,#1953,.T.);
#3101=ORIENTED_EDGE('',*,*,#1913,.F.);
#3102=ORIENTED_EDGE('',*,*,#1874,.T.);
#3103=ORIENTED_EDGE('',*,*,#1883,.T.);
#3104=ORIENTED_EDGE('',*,*,#1915,.F.);
#3105=ORIENTED_EDGE('',*,*,#1952,.T.);
#3106=ORIENTED_EDGE('',*,*,#2194,.F.);
#3107=ORIENTED_EDGE('',*,*,#1850,.T.);
#3108=ORIENTED_EDGE('',*,*,#1881,.T.);
#3109=ORIENTED_EDGE('',*,*,#1906,.T.);
#3110=ORIENTED_EDGE('',*,*,#1867,.T.);
#3111=ORIENTED_EDGE('',*,*,#2195,.T.);
#3112=ORIENTED_EDGE('',*,*,#1947,.T.);
#3113=ORIENTED_EDGE('',*,*,#2196,.T.);
#3114=ORIENTED_EDGE('',*,*,#1910,.T.);
#3115=ORIENTED_EDGE('',*,*,#1911,.T.);
#3116=ORIENTED_EDGE('',*,*,#2196,.F.);
#3117=ORIENTED_EDGE('',*,*,#1946,.T.);
#3118=ORIENTED_EDGE('',*,*,#2197,.F.);
#3119=ORIENTED_EDGE('',*,*,#1918,.T.);
#3120=ORIENTED_EDGE('',*,*,#1916,.T.);
#3121=ORIENTED_EDGE('',*,*,#1905,.F.);
#3122=ORIENTED_EDGE('',*,*,#1948,.T.);
#3123=ORIENTED_EDGE('',*,*,#2195,.F.);
#3124=ORIENTED_EDGE('',*,*,#1866,.T.);
#3125=ORIENTED_EDGE('',*,*,#2198,.T.);
#3126=ORIENTED_EDGE('',*,*,#2199,.T.);
#3127=ORIENTED_EDGE('',*,*,#1879,.T.);
#3128=ORIENTED_EDGE('',*,*,#2199,.F.);
#3129=ORIENTED_EDGE('',*,*,#2198,.F.);
#3130=ORIENTED_EDGE('',*,*,#2189,.F.);
#3131=ORIENTED_EDGE('',*,*,#2200,.T.);
#3132=ORIENTED_EDGE('',*,*,#2201,.T.);
#3133=ORIENTED_EDGE('',*,*,#1878,.T.);
#3134=ORIENTED_EDGE('',*,*,#2201,.F.);
#3135=ORIENTED_EDGE('',*,*,#2200,.F.);
#3136=ORIENTED_EDGE('',*,*,#2186,.F.);
#3137=ORIENTED_EDGE('',*,*,#2202,.T.);
#3138=ORIENTED_EDGE('',*,*,#2203,.T.);
#3139=ORIENTED_EDGE('',*,*,#1877,.T.);
#3140=ORIENTED_EDGE('',*,*,#2203,.F.);
#3141=ORIENTED_EDGE('',*,*,#2202,.F.);
#3142=ORIENTED_EDGE('',*,*,#2183,.F.);
#3143=ORIENTED_EDGE('',*,*,#2204,.T.);
#3144=ORIENTED_EDGE('',*,*,#2205,.T.);
#3145=ORIENTED_EDGE('',*,*,#1876,.T.);
#3146=ORIENTED_EDGE('',*,*,#2205,.F.);
#3147=ORIENTED_EDGE('',*,*,#2204,.F.);
#3148=ORIENTED_EDGE('',*,*,#2180,.F.);
#3149=ORIENTED_EDGE('',*,*,#1807,.T.);
#3150=ORIENTED_EDGE('',*,*,#1919,.T.);
#3151=ORIENTED_EDGE('',*,*,#2197,.T.);
#3152=ORIENTED_EDGE('',*,*,#1945,.T.);
#3153=ORIENTED_EDGE('',*,*,#1935,.F.);
#3154=ORIENTED_EDGE('',*,*,#1819,.T.);
#3155=ORIENTED_EDGE('',*,*,#1951,.T.);
#3156=ORIENTED_EDGE('',*,*,#1996,.F.);
#3157=ORIENTED_EDGE('',*,*,#1851,.T.);
#3158=ORIENTED_EDGE('',*,*,#2194,.T.);
#3159=ORIENTED_EDGE('',*,*,#1962,.F.);
#3160=ORIENTED_EDGE('',*,*,#1856,.T.);
#3161=ORIENTED_EDGE('',*,*,#2011,.F.);
#3162=ORIENTED_EDGE('',*,*,#1971,.F.);
#3163=ORIENTED_EDGE('',*,*,#1949,.T.);
#3164=ORIENTED_EDGE('',*,*,#1900,.F.);
#3165=ORIENTED_EDGE('',*,*,#1861,.T.);
#3166=ORIENTED_EDGE('',*,*,#1997,.T.);
#3167=ORIENTED_EDGE('',*,*,#1932,.F.);
#3168=ORIENTED_EDGE('',*,*,#2206,.T.);
#3169=ORIENTED_EDGE('',*,*,#1940,.T.);
#3170=ORIENTED_EDGE('',*,*,#2207,.F.);
#3171=ORIENTED_EDGE('',*,*,#1931,.F.);
#3172=ORIENTED_EDGE('',*,*,#2208,.T.);
#3173=ORIENTED_EDGE('',*,*,#1941,.T.);
#3174=ORIENTED_EDGE('',*,*,#2206,.F.);
#3175=ORIENTED_EDGE('',*,*,#1930,.F.);
#3176=ORIENTED_EDGE('',*,*,#2209,.T.);
#3177=ORIENTED_EDGE('',*,*,#1942,.T.);
#3178=ORIENTED_EDGE('',*,*,#2208,.F.);
#3179=ORIENTED_EDGE('',*,*,#2131,.F.);
#3180=ORIENTED_EDGE('',*,*,#2128,.F.);
#3181=ORIENTED_EDGE('',*,*,#2125,.F.);
#3182=ORIENTED_EDGE('',*,*,#2122,.F.);
#3183=ORIENTED_EDGE('',*,*,#2118,.F.);
#3184=ORIENTED_EDGE('',*,*,#2140,.F.);
#3185=ORIENTED_EDGE('',*,*,#2137,.F.);
#3186=ORIENTED_EDGE('',*,*,#2134,.F.);
#3187=ORIENTED_EDGE('',*,*,#2116,.F.);
#3188=ORIENTED_EDGE('',*,*,#2114,.F.);
#3189=ORIENTED_EDGE('',*,*,#2112,.F.);
#3190=ORIENTED_EDGE('',*,*,#2110,.F.);
#3191=ORIENTED_EDGE('',*,*,#2108,.F.);
#3192=ORIENTED_EDGE('',*,*,#2150,.F.);
#3193=ORIENTED_EDGE('',*,*,#2152,.F.);
#3194=ORIENTED_EDGE('',*,*,#2153,.F.);
#3195=ORIENTED_EDGE('',*,*,#2164,.F.);
#3196=ORIENTED_EDGE('',*,*,#2169,.F.);
#3197=ORIENTED_EDGE('',*,*,#2167,.F.);
#3198=ORIENTED_EDGE('',*,*,#2165,.F.);
#3199=ORIENTED_EDGE('',*,*,#2155,.F.);
#3200=ORIENTED_EDGE('',*,*,#2158,.F.);
#3201=ORIENTED_EDGE('',*,*,#2160,.F.);
#3202=ORIENTED_EDGE('',*,*,#2162,.F.);
#3203=ORIENTED_EDGE('',*,*,#1929,.F.);
#3204=ORIENTED_EDGE('',*,*,#2210,.T.);
#3205=ORIENTED_EDGE('',*,*,#1943,.T.);
#3206=ORIENTED_EDGE('',*,*,#2209,.F.);
#3207=ORIENTED_EDGE('',*,*,#1928,.F.);
#3208=ORIENTED_EDGE('',*,*,#1934,.T.);
#3209=ORIENTED_EDGE('',*,*,#1944,.T.);
#3210=ORIENTED_EDGE('',*,*,#2210,.F.);
#3211=ORIENTED_EDGE('',*,*,#1937,.F.);
#3212=ORIENTED_EDGE('',*,*,#1924,.T.);
#3213=ORIENTED_EDGE('',*,*,#2207,.T.);
#3214=ORIENTED_EDGE('',*,*,#1939,.T.);
#3215=PLANE('',#3537);
#3216=PLANE('',#3538);
#3217=PLANE('',#3539);
#3218=PLANE('',#3540);
#3219=PLANE('',#3541);
#3220=PLANE('',#3542);
#3221=PLANE('',#3543);
#3222=PLANE('',#3544);
#3223=PLANE('',#3545);
#3224=PLANE('',#3546);
#3225=PLANE('',#3547);
#3226=PLANE('',#3548);
#3227=PLANE('',#3549);
#3228=PLANE('',#3550);
#3229=PLANE('',#3551);
#3230=PLANE('',#3552);
#3231=PLANE('',#3553);
#3232=PLANE('',#3554);
#3233=PLANE('',#3555);
#3234=PLANE('',#3556);
#3235=PLANE('',#3557);
#3236=PLANE('',#3558);
#3237=PLANE('',#3559);
#3238=PLANE('',#3560);
#3239=PLANE('',#3561);
#3240=PLANE('',#3562);
#3241=PLANE('',#3563);
#3242=PLANE('',#3564);
#3243=PLANE('',#3565);
#3244=PLANE('',#3566);
#3245=PLANE('',#3571);
#3246=PLANE('',#3572);
#3247=PLANE('',#3589);
#3248=PLANE('',#3593);
#3249=PLANE('',#3597);
#3250=PLANE('',#3601);
#3251=PLANE('',#3602);
#3252=PLANE('',#3603);
#3253=PLANE('',#3620);
#3254=PLANE('',#3622);
#3255=PLANE('',#3623);
#3256=PLANE('',#3627);
#3257=PLANE('',#3628);
#3258=PLANE('',#3632);
#3259=PLANE('',#3635);
#3260=PLANE('',#3642);
#3261=PLANE('',#3644);
#3262=PLANE('',#3647);
#3263=PLANE('',#3653);
#3264=PLANE('',#3654);
#3265=PLANE('',#3661);
#3266=PLANE('',#3662);
#3267=PLANE('',#3663);
#3268=PLANE('',#3664);
#3269=PLANE('',#3676);
#3270=PLANE('',#3677);
#3271=PLANE('',#3678);
#3272=PLANE('',#3679);
#3273=PLANE('',#3680);
#3274=PLANE('',#3681);
#3275=PLANE('',#3682);
#3276=PLANE('',#3691);
#3277=PLANE('',#3692);
#3278=PLANE('',#3693);
#3279=PLANE('',#3694);
#3280=PLANE('',#3695);
#3281=PLANE('',#3696);
#3282=PLANE('',#3703);
#3283=PLANE('',#3713);
#3284=PLANE('',#3718);
#3285=PLANE('',#3719);
#3286=PLANE('',#3721);
#3287=PLANE('',#3722);
#3288=PLANE('',#3726);
#3289=PLANE('',#3727);
#3290=PLANE('',#3730);
#3291=PLANE('',#3733);
#3292=PLANE('',#3734);
#3293=PLANE('',#3735);
#3294=PLANE('',#3736);
#3295=PLANE('',#3741);
#3296=PLANE('',#3742);
#3297=PLANE('',#3743);
#3298=PLANE('',#3744);
#3299=PLANE('',#3745);
#3300=PLANE('',#3746);
#3301=PLANE('',#3749);
#3302=PLANE('',#3752);
#3303=PLANE('',#3753);
#3304=PLANE('',#3757);
#3305=PLANE('',#3761);
#3306=PLANE('',#3765);
#3307=PLANE('',#3769);
#3308=PLANE('',#3772);
#3309=PLANE('',#3774);
#3310=PLANE('',#3778);
#3311=PLANE('',#3781);
#3312=PLANE('',#3784);
#3313=PLANE('',#3787);
#3314=PLANE('',#3790);
#3315=PLANE('',#3795);
#3316=PLANE('',#3798);
#3317=PLANE('',#3801);
#3318=PLANE('',#3804);
#3319=PLANE('',#3808);
#3320=PLANE('',#3812);
#3321=PLANE('',#3816);
#3322=PLANE('',#3820);
#3323=PLANE('',#3821);
#3324=PLANE('',#3824);
#3325=PLANE('',#3826);
#3326=PLANE('',#3827);
#3327=PLANE('',#3828);
#3328=PLANE('',#3830);
#3329=PLANE('',#3831);
#3330=PLANE('',#3834);
#3331=PLANE('',#3837);
#3332=PLANE('',#3840);
#3333=PLANE('',#3843);
#3334=PLANE('',#3846);
#3335=PLANE('',#3848);
#3336=PLANE('',#3850);
#3337=PLANE('',#3852);
#3338=ADVANCED_FACE('',(#240),#3215,.F.);
#3339=ADVANCED_FACE('',(#241),#3216,.F.);
#3340=ADVANCED_FACE('',(#242),#3217,.F.);
#3341=ADVANCED_FACE('',(#243),#3218,.F.);
#3342=ADVANCED_FACE('',(#244),#3219,.F.);
#3343=ADVANCED_FACE('',(#245),#3220,.F.);
#3344=ADVANCED_FACE('',(#246),#3221,.F.);
#3345=ADVANCED_FACE('',(#247),#3222,.F.);
#3346=ADVANCED_FACE('',(#248),#3223,.F.);
#3347=ADVANCED_FACE('',(#249),#3224,.F.);
#3348=ADVANCED_FACE('',(#250),#3225,.F.);
#3349=ADVANCED_FACE('',(#251),#3226,.F.);
#3350=ADVANCED_FACE('',(#252),#3227,.F.);
#3351=ADVANCED_FACE('',(#253),#3228,.F.);
#3352=ADVANCED_FACE('',(#254),#3229,.F.);
#3353=ADVANCED_FACE('',(#255),#3230,.F.);
#3354=ADVANCED_FACE('',(#256),#3231,.F.);
#3355=ADVANCED_FACE('',(#257),#3232,.F.);
#3356=ADVANCED_FACE('',(#258),#3233,.F.);
#3357=ADVANCED_FACE('',(#259),#3234,.F.);
#3358=ADVANCED_FACE('',(#260),#3235,.F.);
#3359=ADVANCED_FACE('',(#261),#3236,.F.);
#3360=ADVANCED_FACE('',(#262),#3237,.F.);
#3361=ADVANCED_FACE('',(#263),#3238,.F.);
#3362=ADVANCED_FACE('',(#264),#3239,.F.);
#3363=ADVANCED_FACE('',(#265),#3240,.F.);
#3364=ADVANCED_FACE('',(#266),#3241,.F.);
#3365=ADVANCED_FACE('',(#267),#3242,.T.);
#3366=ADVANCED_FACE('',(#268),#3243,.T.);
#3367=ADVANCED_FACE('',(#269),#3244,.T.);
#3368=ADVANCED_FACE('',(#270),#46,.F.);
#3369=ADVANCED_FACE('',(#271),#3245,.T.);
#3370=ADVANCED_FACE('',(#272),#3246,.T.);
#3371=ADVANCED_FACE('',(#273),#47,.F.);
#3372=ADVANCED_FACE('',(#274),#48,.F.);
#3373=ADVANCED_FACE('',(#275),#49,.F.);
#3374=ADVANCED_FACE('',(#276),#50,.F.);
#3375=ADVANCED_FACE('',(#277),#51,.F.);
#3376=ADVANCED_FACE('',(#278,#17),#3247,.T.);
#3377=ADVANCED_FACE('',(#279),#52,.F.);
#3378=ADVANCED_FACE('',(#280,#18),#3248,.T.);
#3379=ADVANCED_FACE('',(#281),#53,.F.);
#3380=ADVANCED_FACE('',(#282,#19),#3249,.T.);
#3381=ADVANCED_FACE('',(#283),#54,.F.);
#3382=ADVANCED_FACE('',(#284,#20),#3250,.T.);
#3383=ADVANCED_FACE('',(#285),#3251,.T.);
#3384=ADVANCED_FACE('',(#286,#21,#22,#23,#24),#3252,.F.);
#3385=ADVANCED_FACE('',(#287),#55,.T.);
#3386=ADVANCED_FACE('',(#288,#25),#3253,.T.);
#3387=ADVANCED_FACE('',(#289),#3254,.T.);
#3388=ADVANCED_FACE('',(#290),#3255,.T.);
#3389=ADVANCED_FACE('',(#291),#56,.T.);
#3390=ADVANCED_FACE('',(#292),#3256,.T.);
#3391=ADVANCED_FACE('',(#293),#3257,.T.);
#3392=ADVANCED_FACE('',(#294),#57,.T.);
#3393=ADVANCED_FACE('',(#295),#3258,.T.);
#3394=ADVANCED_FACE('',(#296),#58,.T.);
#3395=ADVANCED_FACE('',(#297,#26),#3259,.T.);
#3396=ADVANCED_FACE('',(#298),#59,.T.);
#3397=ADVANCED_FACE('',(#299),#60,.T.);
#3398=ADVANCED_FACE('',(#300),#3260,.F.);
#3399=ADVANCED_FACE('',(#301,#27),#3261,.T.);
#3400=ADVANCED_FACE('',(#302),#61,.T.);
#3401=ADVANCED_FACE('',(#303,#28),#3262,.T.);
#3402=ADVANCED_FACE('',(#304),#62,.T.);
#3403=ADVANCED_FACE('',(#305),#63,.T.);
#3404=ADVANCED_FACE('',(#306),#3263,.F.);
#3405=ADVANCED_FACE('',(#307,#29,#30,#31,#32),#3264,.T.);
#3406=ADVANCED_FACE('',(#308),#64,.T.);
#3407=ADVANCED_FACE('',(#309),#3265,.F.);
#3408=ADVANCED_FACE('',(#310),#3266,.T.);
#3409=ADVANCED_FACE('',(#311),#3267,.F.);
#3410=ADVANCED_FACE('',(#312,#33,#34,#35,#36),#3268,.F.);
#3411=ADVANCED_FACE('',(#313),#3269,.F.);
#3412=ADVANCED_FACE('',(#314),#3270,.F.);
#3413=ADVANCED_FACE('',(#315),#3271,.F.);
#3414=ADVANCED_FACE('',(#316),#3272,.F.);
#3415=ADVANCED_FACE('',(#317),#3273,.F.);
#3416=ADVANCED_FACE('',(#318),#3274,.F.);
#3417=ADVANCED_FACE('',(#319,#37),#3275,.T.);
#3418=ADVANCED_FACE('',(#320),#3276,.F.);
#3419=ADVANCED_FACE('',(#321),#3277,.F.);
#3420=ADVANCED_FACE('',(#322),#3278,.F.);
#3421=ADVANCED_FACE('',(#323),#3279,.F.);
#3422=ADVANCED_FACE('',(#324),#3280,.F.);
#3423=ADVANCED_FACE('',(#325),#3281,.T.);
#3424=ADVANCED_FACE('',(#326),#65,.F.);
#3425=ADVANCED_FACE('',(#327),#66,.F.);
#3426=ADVANCED_FACE('',(#328),#3282,.T.);
#3427=ADVANCED_FACE('',(#329),#67,.F.);
#3428=ADVANCED_FACE('',(#330),#68,.F.);
#3429=ADVANCED_FACE('',(#331),#69,.T.);
#3430=ADVANCED_FACE('',(#332),#3283,.T.);
#3431=ADVANCED_FACE('',(#333),#3284,.T.);
#3432=ADVANCED_FACE('',(#334),#3285,.T.);
#3433=ADVANCED_FACE('',(#335),#3286,.T.);
#3434=ADVANCED_FACE('',(#336),#3287,.T.);
#3435=ADVANCED_FACE('',(#337),#3288,.T.);
#3436=ADVANCED_FACE('',(#338),#3289,.F.);
#3437=ADVANCED_FACE('',(#339),#70,.F.);
#3438=ADVANCED_FACE('',(#340),#3290,.T.);
#3439=ADVANCED_FACE('',(#341),#71,.F.);
#3440=ADVANCED_FACE('',(#342),#3291,.T.);
#3441=ADVANCED_FACE('',(#343),#3292,.T.);
#3442=ADVANCED_FACE('',(#344),#3293,.F.);
#3443=ADVANCED_FACE('',(#345),#3294,.T.);
#3444=ADVANCED_FACE('',(#346),#3295,.T.);
#3445=ADVANCED_FACE('',(#347),#3296,.T.);
#3446=ADVANCED_FACE('',(#348),#3297,.T.);
#3447=ADVANCED_FACE('',(#349),#3298,.T.);
#3448=ADVANCED_FACE('',(#350),#3299,.T.);
#3449=ADVANCED_FACE('',(#351),#3300,.T.);
#3450=ADVANCED_FACE('',(#352),#72,.F.);
#3451=ADVANCED_FACE('',(#353),#3301,.T.);
#3452=ADVANCED_FACE('',(#354),#73,.F.);
#3453=ADVANCED_FACE('',(#355),#3302,.T.);
#3454=ADVANCED_FACE('',(#356),#3303,.T.);
#3455=ADVANCED_FACE('',(#357),#74,.F.);
#3456=ADVANCED_FACE('',(#358),#3304,.T.);
#3457=ADVANCED_FACE('',(#359),#75,.F.);
#3458=ADVANCED_FACE('',(#360),#3305,.T.);
#3459=ADVANCED_FACE('',(#361),#76,.F.);
#3460=ADVANCED_FACE('',(#362),#3306,.T.);
#3461=ADVANCED_FACE('',(#363),#77,.F.);
#3462=ADVANCED_FACE('',(#364,#38),#3307,.F.);
#3463=ADVANCED_FACE('',(#365),#3308,.T.);
#3464=ADVANCED_FACE('',(#366),#78,.F.);
#3465=ADVANCED_FACE('',(#367),#3309,.T.);
#3466=ADVANCED_FACE('',(#368),#79,.F.);
#3467=ADVANCED_FACE('',(#369),#80,.F.);
#3468=ADVANCED_FACE('',(#370),#3310,.T.);
#3469=ADVANCED_FACE('',(#371),#81,.F.);
#3470=ADVANCED_FACE('',(#372),#3311,.T.);
#3471=ADVANCED_FACE('',(#373),#82,.F.);
#3472=ADVANCED_FACE('',(#374),#3312,.T.);
#3473=ADVANCED_FACE('',(#375),#83,.F.);
#3474=ADVANCED_FACE('',(#376),#3313,.T.);
#3475=ADVANCED_FACE('',(#377),#84,.F.);
#3476=ADVANCED_FACE('',(#378),#3314,.T.);
#3477=ADVANCED_FACE('',(#379),#85,.F.);
#3478=ADVANCED_FACE('',(#380),#86,.F.);
#3479=ADVANCED_FACE('',(#381),#3315,.F.);
#3480=ADVANCED_FACE('',(#382),#87,.F.);
#3481=ADVANCED_FACE('',(#383),#3316,.F.);
#3482=ADVANCED_FACE('',(#384),#88,.F.);
#3483=ADVANCED_FACE('',(#385),#3317,.F.);
#3484=ADVANCED_FACE('',(#386),#89,.F.);
#3485=ADVANCED_FACE('',(#387),#3318,.F.);
#3486=ADVANCED_FACE('',(#388),#90,.F.);
#3487=ADVANCED_FACE('',(#389),#3319,.F.);
#3488=ADVANCED_FACE('',(#390),#91,.F.);
#3489=ADVANCED_FACE('',(#391),#3320,.F.);
#3490=ADVANCED_FACE('',(#392),#92,.F.);
#3491=ADVANCED_FACE('',(#393),#3321,.F.);
#3492=ADVANCED_FACE('',(#394),#93,.F.);
#3493=ADVANCED_FACE('',(#395),#3322,.F.);
#3494=ADVANCED_FACE('',(#396),#3323,.F.);
#3495=ADVANCED_FACE('',(#397),#94,.T.);
#3496=ADVANCED_FACE('',(#398),#95,.T.);
#3497=ADVANCED_FACE('',(#399),#3324,.F.);
#3498=ADVANCED_FACE('',(#400),#96,.T.);
#3499=ADVANCED_FACE('',(#401),#3325,.F.);
#3500=ADVANCED_FACE('',(#402),#3326,.T.);
#3501=ADVANCED_FACE('',(#403),#3327,.T.);
#3502=ADVANCED_FACE('',(#404),#97,.T.);
#3503=ADVANCED_FACE('',(#405),#3328,.T.);
#3504=ADVANCED_FACE('',(#406),#3329,.T.);
#3505=ADVANCED_FACE('',(#407),#98,.T.);
#3506=ADVANCED_FACE('',(#408,#39),#3330,.F.);
#3507=ADVANCED_FACE('',(#409),#99,.T.);
#3508=ADVANCED_FACE('',(#410,#40),#3331,.F.);
#3509=ADVANCED_FACE('',(#411),#100,.T.);
#3510=ADVANCED_FACE('',(#412,#41),#3332,.F.);
#3511=ADVANCED_FACE('',(#413),#101,.T.);
#3512=ADVANCED_FACE('',(#414,#42),#3333,.F.);
#3513=ADVANCED_FACE('',(#415),#102,.F.);
#3514=ADVANCED_FACE('',(#416),#103,.F.);
#3515=ADVANCED_FACE('',(#417),#3334,.T.);
#3516=ADVANCED_FACE('',(#418),#104,.F.);
#3517=ADVANCED_FACE('',(#419),#3335,.F.);
#3518=ADVANCED_FACE('',(#420),#105,.T.);
#3519=ADVANCED_FACE('',(#421,#43,#44,#45),#3336,.F.);
#3520=ADVANCED_FACE('',(#422),#106,.T.);
#3521=ADVANCED_FACE('',(#423),#3337,.F.);
#3522=ADVANCED_FACE('',(#424),#107,.T.);
#3523=CLOSED_SHELL('',(#3338,#3339,#3340,#3341,#3342,#3343,#3344,#3345,
#3346,#3347,#3348,#3349,#3350,#3351,#3352,#3353,#3354,#3355,#3356,#3357,
#3358,#3359,#3360,#3361,#3362,#3363,#3364,#3365,#3366,#3367,#3368,#3369,
#3370,#3371,#3372,#3373,#3374,#3375,#3376,#3377,#3378,#3379,#3380,#3381,
#3382,#3383,#3384,#3385,#3386,#3387,#3388,#3389,#3390,#3391,#3392,#3393,
#3394,#3395,#3396,#3397,#3398,#3399,#3400,#3401,#3402,#3403,#3404,#3405,
#3406,#3407,#3408,#3409,#3410,#3411,#3412,#3413,#3414,#3415,#3416,#3417,
#3418,#3419,#3420,#3421,#3422,#3423,#3424,#3425,#3426,#3427,#3428,#3429,
#3430,#3431,#3432,#3433,#3434,#3435,#3436,#3437,#3438,#3439,#3440,#3441,
#3442,#3443,#3444,#3445,#3446,#3447,#3448,#3449,#3450,#3451,#3452,#3453,
#3454,#3455,#3456,#3457,#3458,#3459,#3460,#3461,#3462,#3463,#3464,#3465,
#3466,#3467,#3468,#3469,#3470,#3471,#3472,#3473,#3474,#3475,#3476,#3477,
#3478,#3479,#3480,#3481,#3482,#3483,#3484,#3485,#3486,#3487,#3488,#3489,
#3490,#3491,#3492,#3493,#3494,#3495,#3496,#3497,#3498,#3499,#3500,#3501,
#3502,#3503,#3504,#3505,#3506,#3507,#3508,#3509,#3510,#3511,#3512,#3513,
#3514,#3515,#3516,#3517,#3518,#3519,#3520,#3521,#3522));
#3524=DERIVED_UNIT_ELEMENT(#3526,1.);
#3525=DERIVED_UNIT_ELEMENT(#5895,-3.);
#3526=(
MASS_UNIT()
NAMED_UNIT(*)
SI_UNIT(.KILO.,.GRAM.)
);
#3527=DERIVED_UNIT((#3524,#3525));
#3528=MEASURE_REPRESENTATION_ITEM('density measure',
POSITIVE_RATIO_MEASURE(7850.),#3527);
#3529=PROPERTY_DEFINITION_REPRESENTATION(#3534,#3531);
#3530=PROPERTY_DEFINITION_REPRESENTATION(#3535,#3532);
#3531=REPRESENTATION('material name',(#3533),#5892);
#3532=REPRESENTATION('density',(#3528),#5892);
#3533=DESCRIPTIVE_REPRESENTATION_ITEM('Steel','Steel');
#3534=PROPERTY_DEFINITION('material property','material name',#5902);
#3535=PROPERTY_DEFINITION('material property','density of part',#5902);
#3536=AXIS2_PLACEMENT_3D('',#4858,#3854,#3855);
#3537=AXIS2_PLACEMENT_3D('',#4859,#3856,#3857);
#3538=AXIS2_PLACEMENT_3D('',#4868,#3862,#3863);
#3539=AXIS2_PLACEMENT_3D('',#4874,#3867,#3868);
#3540=AXIS2_PLACEMENT_3D('',#4883,#3873,#3874);
#3541=AXIS2_PLACEMENT_3D('',#4889,#3878,#3879);
#3542=AXIS2_PLACEMENT_3D('',#4895,#3883,#3884);
#3543=AXIS2_PLACEMENT_3D('',#4906,#3890,#3891);
#3544=AXIS2_PLACEMENT_3D('',#4912,#3896,#3897);
#3545=AXIS2_PLACEMENT_3D('',#4926,#3906,#3907);
#3546=AXIS2_PLACEMENT_3D('',#4927,#3908,#3909);
#3547=AXIS2_PLACEMENT_3D('',#4928,#3910,#3911);
#3548=AXIS2_PLACEMENT_3D('',#4934,#3915,#3916);
#3549=AXIS2_PLACEMENT_3D('',#4942,#3921,#3922);
#3550=AXIS2_PLACEMENT_3D('',#4950,#3927,#3928);
#3551=AXIS2_PLACEMENT_3D('',#4959,#3933,#3934);
#3552=AXIS2_PLACEMENT_3D('',#4965,#3938,#3939);
#3553=AXIS2_PLACEMENT_3D('',#4971,#3943,#3944);
#3554=AXIS2_PLACEMENT_3D('',#4980,#3949,#3950);
#3555=AXIS2_PLACEMENT_3D('',#4986,#3954,#3955);
#3556=AXIS2_PLACEMENT_3D('',#5000,#3963,#3964);
#3557=AXIS2_PLACEMENT_3D('',#5007,#3969,#3970);
#3558=AXIS2_PLACEMENT_3D('',#5009,#3972,#3973);
#3559=AXIS2_PLACEMENT_3D('',#5015,#3977,#3978);
#3560=AXIS2_PLACEMENT_3D('',#5021,#3982,#3983);
#3561=AXIS2_PLACEMENT_3D('',#5023,#3985,#3986);
#3562=AXIS2_PLACEMENT_3D('',#5031,#3991,#3992);
#3563=AXIS2_PLACEMENT_3D('',#5041,#3998,#3999);
#3564=AXIS2_PLACEMENT_3D('',#5047,#4003,#4004);
#3565=AXIS2_PLACEMENT_3D('',#5057,#4010,#4011);
#3566=AXIS2_PLACEMENT_3D('',#5067,#4017,#4018);
#3567=AXIS2_PLACEMENT_3D('',#5069,#4019,#4020);
#3568=AXIS2_PLACEMENT_3D('',#5071,#4022,#4023);
#3569=AXIS2_PLACEMENT_3D('',#5075,#4025,#4026);
#3570=AXIS2_PLACEMENT_3D('',#5078,#4028,#4029);
#3571=AXIS2_PLACEMENT_3D('',#5079,#4030,#4031);
#3572=AXIS2_PLACEMENT_3D('',#5081,#4033,#4034);
#3573=AXIS2_PLACEMENT_3D('',#5083,#4035,#4036);
#3574=AXIS2_PLACEMENT_3D('',#5085,#4038,#4039);
#3575=AXIS2_PLACEMENT_3D('',#5087,#4040,#4041);
#3576=AXIS2_PLACEMENT_3D('',#5090,#4043,#4044);
#3577=AXIS2_PLACEMENT_3D('',#5091,#4045,#4046);
#3578=AXIS2_PLACEMENT_3D('',#5093,#4047,#4048);
#3579=AXIS2_PLACEMENT_3D('',#5096,#4050,#4051);
#3580=AXIS2_PLACEMENT_3D('',#5097,#4052,#4053);
#3581=AXIS2_PLACEMENT_3D('',#5099,#4054,#4055);
#3582=AXIS2_PLACEMENT_3D('',#5102,#4057,#4058);
#3583=AXIS2_PLACEMENT_3D('',#5103,#4059,#4060);
#3584=AXIS2_PLACEMENT_3D('',#5105,#4061,#4062);
#3585=AXIS2_PLACEMENT_3D('',#5108,#4064,#4065);
#3586=AXIS2_PLACEMENT_3D('',#5109,#4066,#4067);
#3587=AXIS2_PLACEMENT_3D('',#5111,#4068,#4069);
#3588=AXIS2_PLACEMENT_3D('',#5114,#4071,#4072);
#3589=AXIS2_PLACEMENT_3D('',#5115,#4073,#4074);
#3590=AXIS2_PLACEMENT_3D('',#5116,#4075,#4076);
#3591=AXIS2_PLACEMENT_3D('',#5118,#4077,#4078);
#3592=AXIS2_PLACEMENT_3D('',#5121,#4080,#4081);
#3593=AXIS2_PLACEMENT_3D('',#5122,#4082,#4083);
#3594=AXIS2_PLACEMENT_3D('',#5123,#4084,#4085);
#3595=AXIS2_PLACEMENT_3D('',#5125,#4086,#4087);
#3596=AXIS2_PLACEMENT_3D('',#5128,#4089,#4090);
#3597=AXIS2_PLACEMENT_3D('',#5129,#4091,#4092);
#3598=AXIS2_PLACEMENT_3D('',#5130,#4093,#4094);
#3599=AXIS2_PLACEMENT_3D('',#5132,#4095,#4096);
#3600=AXIS2_PLACEMENT_3D('',#5135,#4098,#4099);
#3601=AXIS2_PLACEMENT_3D('',#5136,#4100,#4101);
#3602=AXIS2_PLACEMENT_3D('',#5137,#4102,#4103);
#3603=AXIS2_PLACEMENT_3D('',#5146,#4108,#4109);
#3604=AXIS2_PLACEMENT_3D('',#5148,#4110,#4111);
#3605=AXIS2_PLACEMENT_3D('',#5152,#4113,#4114);
#3606=AXIS2_PLACEMENT_3D('',#5172,#4124,#4125);
#3607=AXIS2_PLACEMENT_3D('',#5176,#4127,#4128);
#3608=AXIS2_PLACEMENT_3D('',#5180,#4130,#4131);
#3609=AXIS2_PLACEMENT_3D('',#5184,#4133,#4134);
#3610=AXIS2_PLACEMENT_3D('',#5187,#4136,#4137);
#3611=AXIS2_PLACEMENT_3D('',#5190,#4139,#4140);
#3612=AXIS2_PLACEMENT_3D('',#5194,#4142,#4143);
#3613=AXIS2_PLACEMENT_3D('',#5197,#4145,#4146);
#3614=AXIS2_PLACEMENT_3D('',#5199,#4147,#4148);
#3615=AXIS2_PLACEMENT_3D('',#5201,#4149,#4150);
#3616=AXIS2_PLACEMENT_3D('',#5203,#4151,#4152);
#3617=AXIS2_PLACEMENT_3D('',#5205,#4153,#4154);
#3618=AXIS2_PLACEMENT_3D('',#5206,#4155,#4156);
#3619=AXIS2_PLACEMENT_3D('',#5208,#4157,#4158);
#3620=AXIS2_PLACEMENT_3D('',#5210,#4160,#4161);
#3621=AXIS2_PLACEMENT_3D('',#5212,#4162,#4163);
#3622=AXIS2_PLACEMENT_3D('',#5214,#4165,#4166);
#3623=AXIS2_PLACEMENT_3D('',#5220,#4170,#4171);
#3624=AXIS2_PLACEMENT_3D('',#5230,#4177,#4178);
#3625=AXIS2_PLACEMENT_3D('',#5231,#4179,#4180);
#3626=AXIS2_PLACEMENT_3D('',#5233,#4181,#4182);
#3627=AXIS2_PLACEMENT_3D('',#5235,#4184,#4185);
#3628=AXIS2_PLACEMENT_3D('',#5241,#4189,#4190);
#3629=AXIS2_PLACEMENT_3D('',#5251,#4196,#4197);
#3630=AXIS2_PLACEMENT_3D('',#5252,#4198,#4199);
#3631=AXIS2_PLACEMENT_3D('',#5254,#4200,#4201);
#3632=AXIS2_PLACEMENT_3D('',#5256,#4203,#4204);
#3633=AXIS2_PLACEMENT_3D('',#5262,#4208,#4209);
#3634=AXIS2_PLACEMENT_3D('',#5263,#4210,#4211);
#3635=AXIS2_PLACEMENT_3D('',#5264,#4212,#4213);
#3636=AXIS2_PLACEMENT_3D('',#5266,#4214,#4215);
#3637=AXIS2_PLACEMENT_3D('',#5269,#4217,#4218);
#3638=AXIS2_PLACEMENT_3D('',#5270,#4219,#4220);
#3639=AXIS2_PLACEMENT_3D('',#5274,#4222,#4223);
#3640=AXIS2_PLACEMENT_3D('',#5276,#4225,#4226);
#3641=AXIS2_PLACEMENT_3D('',#5279,#4228,#4229);
#3642=AXIS2_PLACEMENT_3D('',#5280,#4230,#4231);
#3643=AXIS2_PLACEMENT_3D('',#5283,#4233,#4234);
#3644=AXIS2_PLACEMENT_3D('',#5284,#4235,#4236);
#3645=AXIS2_PLACEMENT_3D('',#5285,#4237,#4238);
#3646=AXIS2_PLACEMENT_3D('',#5286,#4239,#4240);
#3647=AXIS2_PLACEMENT_3D('',#5287,#4241,#4242);
#3648=AXIS2_PLACEMENT_3D('',#5288,#4243,#4244);
#3649=AXIS2_PLACEMENT_3D('',#5289,#4245,#4246);
#3650=AXIS2_PLACEMENT_3D('',#5290,#4247,#4248);
#3651=AXIS2_PLACEMENT_3D('',#5291,#4249,#4250);
#3652=AXIS2_PLACEMENT_3D('',#5292,#4251,#4252);
#3653=AXIS2_PLACEMENT_3D('',#5293,#4253,#4254);
#3654=AXIS2_PLACEMENT_3D('',#5294,#4255,#4256);
#3655=AXIS2_PLACEMENT_3D('',#5297,#4257,#4258);
#3656=AXIS2_PLACEMENT_3D('',#5301,#4261,#4262);
#3657=AXIS2_PLACEMENT_3D('',#5305,#4264,#4265);
#3658=AXIS2_PLACEMENT_3D('',#5309,#4267,#4268);
#3659=AXIS2_PLACEMENT_3D('',#5311,#4270,#4271);
#3660=AXIS2_PLACEMENT_3D('',#5313,#4272,#4273);
#3661=AXIS2_PLACEMENT_3D('',#5315,#4275,#4276);
#3662=AXIS2_PLACEMENT_3D('',#5316,#4277,#4278);
#3663=AXIS2_PLACEMENT_3D('',#5320,#4281,#4282);
#3664=AXIS2_PLACEMENT_3D('',#5324,#4285,#4286);
#3665=AXIS2_PLACEMENT_3D('',#5326,#4287,#4288);
#3666=AXIS2_PLACEMENT_3D('',#5330,#4290,#4291);
#3667=AXIS2_PLACEMENT_3D('',#5334,#4293,#4294);
#3668=AXIS2_PLACEMENT_3D('',#5337,#4296,#4297);
#3669=AXIS2_PLACEMENT_3D('',#5341,#4299,#4300);
#3670=AXIS2_PLACEMENT_3D('',#5344,#4302,#4303);
#3671=AXIS2_PLACEMENT_3D('',#5348,#4305,#4306);
#3672=AXIS2_PLACEMENT_3D('',#5352,#4309,#4310);
#3673=AXIS2_PLACEMENT_3D('',#5354,#4311,#4312);
#3674=AXIS2_PLACEMENT_3D('',#5356,#4313,#4314);
#3675=AXIS2_PLACEMENT_3D('',#5358,#4315,#4316);
#3676=AXIS2_PLACEMENT_3D('',#5359,#4317,#4318);
#3677=AXIS2_PLACEMENT_3D('',#5369,#4324,#4325);
#3678=AXIS2_PLACEMENT_3D('',#5375,#4329,#4330);
#3679=AXIS2_PLACEMENT_3D('',#5382,#4335,#4336);
#3680=AXIS2_PLACEMENT_3D('',#5384,#4338,#4339);
#3681=AXIS2_PLACEMENT_3D('',#5385,#4340,#4341);
#3682=AXIS2_PLACEMENT_3D('',#5403,#4351,#4352);
#3683=AXIS2_PLACEMENT_3D('',#5411,#4356,#4357);
#3684=AXIS2_PLACEMENT_3D('',#5415,#4359,#4360);
#3685=AXIS2_PLACEMENT_3D('',#5423,#4364,#4365);
#3686=AXIS2_PLACEMENT_3D('',#5427,#4367,#4368);
#3687=AXIS2_PLACEMENT_3D('',#5440,#4376,#4377);
#3688=AXIS2_PLACEMENT_3D('',#5444,#4379,#4380);
#3689=AXIS2_PLACEMENT_3D('',#5448,#4382,#4383);
#3690=AXIS2_PLACEMENT_3D('',#5451,#4385,#4386);
#3691=AXIS2_PLACEMENT_3D('',#5452,#4387,#4388);
#3692=AXIS2_PLACEMENT_3D('',#5458,#4392,#4393);
#3693=AXIS2_PLACEMENT_3D('',#5462,#4396,#4397);
#3694=AXIS2_PLACEMENT_3D('',#5467,#4401,#4402);
#3695=AXIS2_PLACEMENT_3D('',#5469,#4404,#4405);
#3696=AXIS2_PLACEMENT_3D('',#5470,#4406,#4407);
#3697=AXIS2_PLACEMENT_3D('',#5474,#4409,#4410);
#3698=AXIS2_PLACEMENT_3D('',#5475,#4411,#4412);
#3699=AXIS2_PLACEMENT_3D('',#5478,#4413,#4414);
#3700=AXIS2_PLACEMENT_3D('',#5482,#4416,#4417);
#3701=AXIS2_PLACEMENT_3D('',#5491,#4419,#4420);
#3702=AXIS2_PLACEMENT_3D('',#5496,#4423,#4424);
#3703=AXIS2_PLACEMENT_3D('',#5497,#4425,#4426);
#3704=AXIS2_PLACEMENT_3D('',#5501,#4428,#4429);
#3705=AXIS2_PLACEMENT_3D('',#5502,#4430,#4431);
#3706=AXIS2_PLACEMENT_3D('',#5505,#4432,#4433);
#3707=AXIS2_PLACEMENT_3D('',#5516,#4435,#4436);
#3708=AXIS2_PLACEMENT_3D('',#5518,#4438,#4439);
#3709=AXIS2_PLACEMENT_3D('',#5523,#4442,#4443);
#3710=AXIS2_PLACEMENT_3D('',#5524,#4444,#4445);
#3711=AXIS2_PLACEMENT_3D('',#5529,#4448,#4449);
#3712=AXIS2_PLACEMENT_3D('',#5532,#4451,#4452);
#3713=AXIS2_PLACEMENT_3D('',#5533,#4453,#4454);
#3714=AXIS2_PLACEMENT_3D('',#5539,#4457,#4458);
#3715=AXIS2_PLACEMENT_3D('',#5543,#4460,#4461);
#3716=AXIS2_PLACEMENT_3D('',#5552,#4466,#4467);
#3717=AXIS2_PLACEMENT_3D('',#5556,#4469,#4470);
#3718=AXIS2_PLACEMENT_3D('',#5560,#4473,#4474);
#3719=AXIS2_PLACEMENT_3D('',#5562,#4476,#4477);
#3720=AXIS2_PLACEMENT_3D('',#5565,#4479,#4480);
#3721=AXIS2_PLACEMENT_3D('',#5566,#4481,#4482);
#3722=AXIS2_PLACEMENT_3D('',#5572,#4486,#4487);
#3723=AXIS2_PLACEMENT_3D('',#5577,#4489,#4490);
#3724=AXIS2_PLACEMENT_3D('',#5581,#4492,#4493);
#3725=AXIS2_PLACEMENT_3D('',#5586,#4496,#4497);
#3726=AXIS2_PLACEMENT_3D('',#5591,#4501,#4502);
#3727=AXIS2_PLACEMENT_3D('',#5594,#4505,#4506);
#3728=AXIS2_PLACEMENT_3D('',#5597,#4509,#4510);
#3729=AXIS2_PLACEMENT_3D('',#5601,#4512,#4513);
#3730=AXIS2_PLACEMENT_3D('',#5603,#4515,#4516);
#3731=AXIS2_PLACEMENT_3D('',#5607,#4519,#4520);
#3732=AXIS2_PLACEMENT_3D('',#5609,#4521,#4522);
#3733=AXIS2_PLACEMENT_3D('',#5611,#4524,#4525);
#3734=AXIS2_PLACEMENT_3D('',#5615,#4528,#4529);
#3735=AXIS2_PLACEMENT_3D('',#5617,#4531,#4532);
#3736=AXIS2_PLACEMENT_3D('',#5620,#4535,#4536);
#3737=AXIS2_PLACEMENT_3D('',#5625,#4538,#4539);
#3738=AXIS2_PLACEMENT_3D('',#5629,#4541,#4542);
#3739=AXIS2_PLACEMENT_3D('',#5642,#4549,#4550);
#3740=AXIS2_PLACEMENT_3D('',#5646,#4552,#4553);
#3741=AXIS2_PLACEMENT_3D('',#5650,#4556,#4557);
#3742=AXIS2_PLACEMENT_3D('',#5653,#4560,#4561);
#3743=AXIS2_PLACEMENT_3D('',#5656,#4564,#4565);
#3744=AXIS2_PLACEMENT_3D('',#5657,#4566,#4567);
#3745=AXIS2_PLACEMENT_3D('',#5658,#4568,#4569);
#3746=AXIS2_PLACEMENT_3D('',#5661,#4572,#4573);
#3747=AXIS2_PLACEMENT_3D('',#5667,#4577,#4578);
#3748=AXIS2_PLACEMENT_3D('',#5669,#4579,#4580);
#3749=AXIS2_PLACEMENT_3D('',#5671,#4582,#4583);
#3750=AXIS2_PLACEMENT_3D('',#5675,#4586,#4587);
#3751=AXIS2_PLACEMENT_3D('',#5677,#4588,#4589);
#3752=AXIS2_PLACEMENT_3D('',#5679,#4591,#4592);
#3753=AXIS2_PLACEMENT_3D('',#5683,#4595,#4596);
#3754=AXIS2_PLACEMENT_3D('',#5692,#4601,#4602);
#3755=AXIS2_PLACEMENT_3D('',#5694,#4603,#4604);
#3756=AXIS2_PLACEMENT_3D('',#5697,#4606,#4607);
#3757=AXIS2_PLACEMENT_3D('',#5698,#4608,#4609);
#3758=AXIS2_PLACEMENT_3D('',#5704,#4613,#4614);
#3759=AXIS2_PLACEMENT_3D('',#5706,#4615,#4616);
#3760=AXIS2_PLACEMENT_3D('',#5709,#4618,#4619);
#3761=AXIS2_PLACEMENT_3D('',#5710,#4620,#4621);
#3762=AXIS2_PLACEMENT_3D('',#5716,#4625,#4626);
#3763=AXIS2_PLACEMENT_3D('',#5718,#4627,#4628);
#3764=AXIS2_PLACEMENT_3D('',#5721,#4630,#4631);
#3765=AXIS2_PLACEMENT_3D('',#5722,#4632,#4633);
#3766=AXIS2_PLACEMENT_3D('',#5728,#4637,#4638);
#3767=AXIS2_PLACEMENT_3D('',#5729,#4639,#4640);
#3768=AXIS2_PLACEMENT_3D('',#5730,#4641,#4642);
#3769=AXIS2_PLACEMENT_3D('',#5731,#4643,#4644);
#3770=AXIS2_PLACEMENT_3D('',#5735,#4646,#4647);
#3771=AXIS2_PLACEMENT_3D('',#5738,#4649,#4650);
#3772=AXIS2_PLACEMENT_3D('',#5739,#4651,#4652);
#3773=AXIS2_PLACEMENT_3D('',#5741,#4654,#4655);
#3774=AXIS2_PLACEMENT_3D('',#5743,#4657,#4658);
#3775=AXIS2_PLACEMENT_3D('',#5745,#4660,#4661);
#3776=AXIS2_PLACEMENT_3D('',#5746,#4662,#4663);
#3777=AXIS2_PLACEMENT_3D('',#5749,#4665,#4666);
#3778=AXIS2_PLACEMENT_3D('',#5750,#4667,#4668);
#3779=AXIS2_PLACEMENT_3D('',#5754,#4671,#4672);
#3780=AXIS2_PLACEMENT_3D('',#5755,#4673,#4674);
#3781=AXIS2_PLACEMENT_3D('',#5756,#4675,#4676);
#3782=AXIS2_PLACEMENT_3D('',#5762,#4680,#4681);
#3783=AXIS2_PLACEMENT_3D('',#5765,#4683,#4684);
#3784=AXIS2_PLACEMENT_3D('',#5766,#4685,#4686);
#3785=AXIS2_PLACEMENT_3D('',#5770,#4689,#4690);
#3786=AXIS2_PLACEMENT_3D('',#5773,#4692,#4693);
#3787=AXIS2_PLACEMENT_3D('',#5774,#4694,#4695);
#3788=AXIS2_PLACEMENT_3D('',#5778,#4698,#4699);
#3789=AXIS2_PLACEMENT_3D('',#5780,#4700,#4701);
#3790=AXIS2_PLACEMENT_3D('',#5782,#4703,#4704);
#3791=AXIS2_PLACEMENT_3D('',#5786,#4707,#4708);
#3792=AXIS2_PLACEMENT_3D('',#5787,#4709,#4710);
#3793=AXIS2_PLACEMENT_3D('',#5788,#4711,#4712);
#3794=AXIS2_PLACEMENT_3D('',#5790,#4713,#4714);
#3795=AXIS2_PLACEMENT_3D('',#5792,#4716,#4717);
#3796=AXIS2_PLACEMENT_3D('',#5793,#4718,#4719);
#3797=AXIS2_PLACEMENT_3D('',#5795,#4720,#4721);
#3798=AXIS2_PLACEMENT_3D('',#5797,#4723,#4724);
#3799=AXIS2_PLACEMENT_3D('',#5798,#4725,#4726);
#3800=AXIS2_PLACEMENT_3D('',#5800,#4727,#4728);
#3801=AXIS2_PLACEMENT_3D('',#5802,#4730,#4731);
#3802=AXIS2_PLACEMENT_3D('',#5803,#4732,#4733);
#3803=AXIS2_PLACEMENT_3D('',#5805,#4734,#4735);
#3804=AXIS2_PLACEMENT_3D('',#5807,#4737,#4738);
#3805=AXIS2_PLACEMENT_3D('',#5808,#4739,#4740);
#3806=AXIS2_PLACEMENT_3D('',#5810,#4741,#4742);
#3807=AXIS2_PLACEMENT_3D('',#5813,#4744,#4745);
#3808=AXIS2_PLACEMENT_3D('',#5814,#4746,#4747);
#3809=AXIS2_PLACEMENT_3D('',#5815,#4748,#4749);
#3810=AXIS2_PLACEMENT_3D('',#5817,#4750,#4751);
#3811=AXIS2_PLACEMENT_3D('',#5820,#4753,#4754);
#3812=AXIS2_PLACEMENT_3D('',#5821,#4755,#4756);
#3813=AXIS2_PLACEMENT_3D('',#5822,#4757,#4758);
#3814=AXIS2_PLACEMENT_3D('',#5824,#4759,#4760);
#3815=AXIS2_PLACEMENT_3D('',#5827,#4762,#4763);
#3816=AXIS2_PLACEMENT_3D('',#5828,#4764,#4765);
#3817=AXIS2_PLACEMENT_3D('',#5829,#4766,#4767);
#3818=AXIS2_PLACEMENT_3D('',#5831,#4768,#4769);
#3819=AXIS2_PLACEMENT_3D('',#5834,#4771,#4772);
#3820=AXIS2_PLACEMENT_3D('',#5835,#4773,#4774);
#3821=AXIS2_PLACEMENT_3D('',#5836,#4775,#4776);
#3822=AXIS2_PLACEMENT_3D('',#5838,#4778,#4779);
#3823=AXIS2_PLACEMENT_3D('',#5839,#4780,#4781);
#3824=AXIS2_PLACEMENT_3D('',#5841,#4783,#4784);
#3825=AXIS2_PLACEMENT_3D('',#5843,#4786,#4787);
#3826=AXIS2_PLACEMENT_3D('',#5845,#4789,#4790);
#3827=AXIS2_PLACEMENT_3D('',#5846,#4791,#4792);
#3828=AXIS2_PLACEMENT_3D('',#5847,#4793,#4794);
#3829=AXIS2_PLACEMENT_3D('',#5849,#4796,#4797);
#3830=AXIS2_PLACEMENT_3D('',#5852,#4800,#4801);
#3831=AXIS2_PLACEMENT_3D('',#5854,#4803,#4804);
#3832=AXIS2_PLACEMENT_3D('',#5855,#4805,#4806);
#3833=AXIS2_PLACEMENT_3D('',#5857,#4807,#4808);
#3834=AXIS2_PLACEMENT_3D('',#5859,#4810,#4811);
#3835=AXIS2_PLACEMENT_3D('',#5860,#4812,#4813);
#3836=AXIS2_PLACEMENT_3D('',#5862,#4814,#4815);
#3837=AXIS2_PLACEMENT_3D('',#5864,#4817,#4818);
#3838=AXIS2_PLACEMENT_3D('',#5865,#4819,#4820);
#3839=AXIS2_PLACEMENT_3D('',#5867,#4821,#4822);
#3840=AXIS2_PLACEMENT_3D('',#5869,#4824,#4825);
#3841=AXIS2_PLACEMENT_3D('',#5870,#4826,#4827);
#3842=AXIS2_PLACEMENT_3D('',#5872,#4828,#4829);
#3843=AXIS2_PLACEMENT_3D('',#5874,#4831,#4832);
#3844=AXIS2_PLACEMENT_3D('',#5875,#4833,#4834);
#3845=AXIS2_PLACEMENT_3D('',#5876,#4835,#4836);
#3846=AXIS2_PLACEMENT_3D('',#5877,#4837,#4838);
#3847=AXIS2_PLACEMENT_3D('',#5878,#4839,#4840);
#3848=AXIS2_PLACEMENT_3D('',#5879,#4841,#4842);
#3849=AXIS2_PLACEMENT_3D('',#5882,#4845,#4846);
#3850=AXIS2_PLACEMENT_3D('',#5884,#4848,#4849);
#3851=AXIS2_PLACEMENT_3D('',#5886,#4851,#4852);
#3852=AXIS2_PLACEMENT_3D('',#5888,#4854,#4855);
#3853=AXIS2_PLACEMENT_3D('',#5889,#4856,#4857);
#3854=DIRECTION('axis',(0.,0.,1.));
#3855=DIRECTION('refdir',(1.,0.,0.));
#3856=DIRECTION('center_axis',(0.,0.,-1.));
#3857=DIRECTION('ref_axis',(0.,1.,0.));
#3858=DIRECTION('',(-1.,0.,0.));
#3859=DIRECTION('',(0.,1.,0.));
#3860=DIRECTION('',(1.,0.,0.));
#3861=DIRECTION('',(0.,1.,0.));
#3862=DIRECTION('center_axis',(0.,0.447213595499955,-0.894427190999917));
#3863=DIRECTION('ref_axis',(0.,0.894427190999917,0.447213595499955));
#3864=DIRECTION('',(0.,0.894427190999917,0.447213595499955));
#3865=DIRECTION('',(0.,0.894427190999917,0.447213595499955));
#3866=DIRECTION('',(1.,0.,0.));
#3867=DIRECTION('center_axis',(0.,0.447213595499961,-0.894427190999915));
#3868=DIRECTION('ref_axis',(0.,0.894427190999915,0.447213595499961));
#3869=DIRECTION('',(0.,0.894427190999915,0.447213595499961));
#3870=DIRECTION('',(1.,0.,0.));
#3871=DIRECTION('',(0.,0.894427190999915,0.447213595499961));
#3872=DIRECTION('',(1.,0.,0.));
#3873=DIRECTION('center_axis',(0.,0.,-1.));
#3874=DIRECTION('ref_axis',(0.,1.,0.));
#3875=DIRECTION('',(0.,1.,0.));
#3876=DIRECTION('',(1.,0.,0.));
#3877=DIRECTION('',(0.,1.,0.));
#3878=DIRECTION('center_axis',(0.,-0.447213595499961,-0.894427190999915));
#3879=DIRECTION('ref_axis',(0.,0.894427190999915,-0.447213595499961));
#3880=DIRECTION('',(0.,0.894427190999915,-0.447213595499961));
#3881=DIRECTION('',(-1.,0.,0.));
#3882=DIRECTION('',(0.,0.894427190999915,-0.447213595499961));
#3883=DIRECTION('center_axis',(0.,1.,0.));
#3884=DIRECTION('ref_axis',(0.,0.,1.));
#3885=DIRECTION('',(0.,0.,-1.));
#3886=DIRECTION('',(0.707106781186548,0.,-0.707106781186548));
#3887=DIRECTION('',(-1.,0.,0.));
#3888=DIRECTION('',(0.,0.,1.));
#3889=DIRECTION('',(-1.,0.,0.));
#3890=DIRECTION('center_axis',(1.,0.,0.));
#3891=DIRECTION('ref_axis',(0.,0.,-1.));
#3892=DIRECTION('',(0.,0.,-1.));
#3893=DIRECTION('',(0.,1.,0.));
#3894=DIRECTION('',(0.,1.,0.));
#3895=DIRECTION('',(0.,1.,0.));
#3896=DIRECTION('center_axis',(1.,0.,0.));
#3897=DIRECTION('ref_axis',(0.,1.,0.));
#3898=DIRECTION('',(0.,1.,0.));
#3899=DIRECTION('',(0.,1.,0.));
#3900=DIRECTION('',(0.,1.,0.));
#3901=DIRECTION('',(0.,0.,-1.));
#3902=DIRECTION('',(0.,1.,0.));
#3903=DIRECTION('',(0.,0.,1.));
#3904=DIRECTION('',(0.,1.,0.));
#3905=DIRECTION('',(0.,0.,-1.));
#3906=DIRECTION('center_axis',(0.,0.,-1.));
#3907=DIRECTION('ref_axis',(-1.,0.,0.));
#3908=DIRECTION('center_axis',(0.,0.,-1.));
#3909=DIRECTION('ref_axis',(-1.,0.,0.));
#3910=DIRECTION('center_axis',(0.707106781186548,0.,0.707106781186548));
#3911=DIRECTION('ref_axis',(0.707106781186548,0.,-0.707106781186548));
#3912=DIRECTION('',(0.707106781186548,0.,-0.707106781186548));
#3913=DIRECTION('',(0.,-1.,0.));
#3914=DIRECTION('',(-0.707106781186548,0.,0.707106781186548));
#3915=DIRECTION('center_axis',(0.,-1.,0.));
#3916=DIRECTION('ref_axis',(1.,0.,0.));
#3917=DIRECTION('',(0.,0.,1.));
#3918=DIRECTION('',(-1.,0.,0.));
#3919=DIRECTION('',(0.,0.,1.));
#3920=DIRECTION('',(-1.,0.,0.));
#3921=DIRECTION('center_axis',(1.,0.,0.));
#3922=DIRECTION('ref_axis',(0.,1.,0.));
#3923=DIRECTION('',(0.,0.,-1.));
#3924=DIRECTION('',(0.,-1.,0.));
#3925=DIRECTION('',(0.,0.,1.));
#3926=DIRECTION('',(0.,-1.,0.));
#3927=DIRECTION('center_axis',(0.,0.447213595499961,-0.894427190999915));
#3928=DIRECTION('ref_axis',(0.,0.894427190999915,0.447213595499961));
#3929=DIRECTION('',(0.,-0.894427190999915,-0.447213595499961));
#3930=DIRECTION('',(1.,0.,0.));
#3931=DIRECTION('',(0.,0.894427190999915,0.447213595499961));
#3932=DIRECTION('',(1.,0.,0.));
#3933=DIRECTION('center_axis',(0.,0.,-1.));
#3934=DIRECTION('ref_axis',(0.,1.,0.));
#3935=DIRECTION('',(0.,-1.,0.));
#3936=DIRECTION('',(0.,1.,0.));
#3937=DIRECTION('',(1.,0.,0.));
#3938=DIRECTION('center_axis',(0.,-0.447213595499961,-0.894427190999915));
#3939=DIRECTION('ref_axis',(0.,0.894427190999915,-0.447213595499961));
#3940=DIRECTION('',(0.,-0.894427190999915,0.447213595499961));
#3941=DIRECTION('',(0.,0.894427190999915,-0.447213595499961));
#3942=DIRECTION('',(-1.,0.,0.));
#3943=DIRECTION('center_axis',(0.,0.447213595499955,-0.894427190999917));
#3944=DIRECTION('ref_axis',(0.,0.894427190999917,0.447213595499955));
#3945=DIRECTION('',(0.,-0.894427190999917,-0.447213595499955));
#3946=DIRECTION('',(1.,0.,0.));
#3947=DIRECTION('',(0.,0.894427190999917,0.447213595499955));
#3948=DIRECTION('',(1.,0.,0.));
#3949=DIRECTION('center_axis',(0.,0.,-1.));
#3950=DIRECTION('ref_axis',(0.,1.,0.));
#3951=DIRECTION('',(-1.,0.,0.));
#3952=DIRECTION('',(0.,-1.,0.));
#3953=DIRECTION('',(0.,1.,0.));
#3954=DIRECTION('center_axis',(0.,1.,0.));
#3955=DIRECTION('ref_axis',(-1.,0.,0.));
#3956=DIRECTION('',(0.,0.,1.));
#3957=DIRECTION('',(0.707106781186548,0.,0.707106781186548));
#3958=DIRECTION('',(0.,0.,1.));
#3959=DIRECTION('',(-1.,0.,0.));
#3960=DIRECTION('',(0.,0.,1.));
#3961=DIRECTION('',(-1.,0.,0.));
#3962=DIRECTION('',(0.,0.,1.));
#3963=DIRECTION('center_axis',(-1.,0.,0.));
#3964=DIRECTION('ref_axis',(0.,0.,1.));
#3965=DIRECTION('',(0.,0.,1.));
#3966=DIRECTION('',(0.,1.,0.));
#3967=DIRECTION('',(0.,1.,0.));
#3968=DIRECTION('',(0.,1.,0.));
#3969=DIRECTION('center_axis',(0.,0.,-1.));
#3970=DIRECTION('ref_axis',(-1.,0.,0.));
#3971=DIRECTION('',(0.,-1.,0.));
#3972=DIRECTION('center_axis',(-0.707106781186548,0.,0.707106781186548));
#3973=DIRECTION('ref_axis',(0.707106781186548,0.,0.707106781186548));
#3974=DIRECTION('',(0.707106781186548,0.,0.707106781186548));
#3975=DIRECTION('',(-0.707106781186548,0.,-0.707106781186548));
#3976=DIRECTION('',(0.,1.,0.));
#3977=DIRECTION('center_axis',(0.,1.,0.));
#3978=DIRECTION('ref_axis',(0.,0.,1.));
#3979=DIRECTION('',(0.,0.,-1.));
#3980=DIRECTION('',(1.,0.,0.));
#3981=DIRECTION('',(-1.,0.,0.));
#3982=DIRECTION('center_axis',(0.,0.,-1.));
#3983=DIRECTION('ref_axis',(-1.,0.,0.));
#3984=DIRECTION('',(0.,-1.,0.));
#3985=DIRECTION('center_axis',(0.,-1.,0.));
#3986=DIRECTION('ref_axis',(1.,0.,0.));
#3987=DIRECTION('',(1.,0.,0.));
#3988=DIRECTION('',(0.,0.,-1.));
#3989=DIRECTION('',(-1.,0.,0.));
#3990=DIRECTION('',(0.,0.,1.));
#3991=DIRECTION('center_axis',(-1.,0.,0.));
#3992=DIRECTION('ref_axis',(0.,-1.,0.));
#3993=DIRECTION('',(0.,-1.,0.));
#3994=DIRECTION('',(0.,0.,1.));
#3995=DIRECTION('',(0.,-1.,0.));
#3996=DIRECTION('',(0.,0.,1.));
#3997=DIRECTION('',(0.,-1.,0.));
#3998=DIRECTION('center_axis',(-1.,0.,0.));
#3999=DIRECTION('ref_axis',(0.,-1.,0.));
#4000=DIRECTION('',(0.,1.,0.));
#4001=DIRECTION('',(0.,0.,-1.));
#4002=DIRECTION('',(0.,1.,0.));
#4003=DIRECTION('center_axis',(1.,0.,0.));
#4004=DIRECTION('ref_axis',(0.,1.,0.));
#4005=DIRECTION('',(0.,1.,0.));
#4006=DIRECTION('',(0.,0.,1.));
#4007=DIRECTION('',(0.,-1.,0.));
#4008=DIRECTION('',(0.,0.,1.));
#4009=DIRECTION('',(0.,-1.,0.));
#4010=DIRECTION('center_axis',(-1.,0.,0.));
#4011=DIRECTION('ref_axis',(0.,-1.,0.));
#4012=DIRECTION('',(0.,0.,-1.));
#4013=DIRECTION('',(0.,-1.,0.));
#4014=DIRECTION('',(0.,1.,0.));
#4015=DIRECTION('',(0.,0.,-1.));
#4016=DIRECTION('',(0.,1.,0.));
#4017=DIRECTION('center_axis',(0.,0.,1.));
#4018=DIRECTION('ref_axis',(1.,0.,0.));
#4019=DIRECTION('center_axis',(0.,0.,-1.));
#4020=DIRECTION('ref_axis',(1.,0.,0.));
#4021=DIRECTION('',(-1.,0.,0.));
#4022=DIRECTION('center_axis',(0.,0.,-1.));
#4023=DIRECTION('ref_axis',(1.,0.,0.));
#4024=DIRECTION('',(0.,0.,1.));
#4025=DIRECTION('center_axis',(0.,0.,1.));
#4026=DIRECTION('ref_axis',(1.,0.,0.));
#4027=DIRECTION('',(0.,0.,1.));
#4028=DIRECTION('center_axis',(0.,0.,-1.));
#4029=DIRECTION('ref_axis',(1.,0.,0.));
#4030=DIRECTION('center_axis',(0.,1.,0.));
#4031=DIRECTION('ref_axis',(-1.,0.,0.));
#4032=DIRECTION('',(1.,0.,0.));
#4033=DIRECTION('center_axis',(0.,0.,1.));
#4034=DIRECTION('ref_axis',(1.,0.,0.));
#4035=DIRECTION('center_axis',(0.,0.,-1.));
#4036=DIRECTION('ref_axis',(0.,-1.,0.));
#4037=DIRECTION('',(-1.,0.,0.));
#4038=DIRECTION('center_axis',(0.,0.,1.));
#4039=DIRECTION('ref_axis',(1.,0.,0.));
#4040=DIRECTION('center_axis',(0.,0.,1.));
#4041=DIRECTION('ref_axis',(1.,0.,0.));
#4042=DIRECTION('',(0.,0.,1.));
#4043=DIRECTION('center_axis',(0.,0.,-1.));
#4044=DIRECTION('ref_axis',(1.,0.,0.));
#4045=DIRECTION('center_axis',(0.,0.,1.));
#4046=DIRECTION('ref_axis',(1.,0.,0.));
#4047=DIRECTION('center_axis',(0.,0.,1.));
#4048=DIRECTION('ref_axis',(1.,0.,0.));
#4049=DIRECTION('',(0.,0.,1.));
#4050=DIRECTION('center_axis',(0.,0.,-1.));
#4051=DIRECTION('ref_axis',(1.,0.,0.));
#4052=DIRECTION('center_axis',(0.,0.,1.));
#4053=DIRECTION('ref_axis',(1.,0.,0.));
#4054=DIRECTION('center_axis',(0.,0.,1.));
#4055=DIRECTION('ref_axis',(1.,0.,0.));
#4056=DIRECTION('',(0.,0.,1.));
#4057=DIRECTION('center_axis',(0.,0.,-1.));
#4058=DIRECTION('ref_axis',(1.,0.,0.));
#4059=DIRECTION('center_axis',(0.,0.,1.));
#4060=DIRECTION('ref_axis',(1.,0.,0.));
#4061=DIRECTION('center_axis',(0.,0.,1.));
#4062=DIRECTION('ref_axis',(1.,0.,0.));
#4063=DIRECTION('',(0.,0.,1.));
#4064=DIRECTION('center_axis',(0.,0.,-1.));
#4065=DIRECTION('ref_axis',(1.,0.,0.));
#4066=DIRECTION('center_axis',(0.,0.,1.));
#4067=DIRECTION('ref_axis',(1.,0.,0.));
#4068=DIRECTION('center_axis',(0.,0.,1.));
#4069=DIRECTION('ref_axis',(1.,0.,0.));
#4070=DIRECTION('',(0.,0.,1.));
#4071=DIRECTION('center_axis',(0.,0.,-1.));
#4072=DIRECTION('ref_axis',(1.,0.,0.));
#4073=DIRECTION('center_axis',(0.,0.,1.));
#4074=DIRECTION('ref_axis',(1.,0.,0.));
#4075=DIRECTION('center_axis',(0.,0.,1.));
#4076=DIRECTION('ref_axis',(1.,0.,0.));
#4077=DIRECTION('center_axis',(0.,0.,1.));
#4078=DIRECTION('ref_axis',(1.,0.,0.));
#4079=DIRECTION('',(0.,0.,1.));
#4080=DIRECTION('center_axis',(0.,0.,-1.));
#4081=DIRECTION('ref_axis',(1.,0.,0.));
#4082=DIRECTION('center_axis',(0.,0.,1.));
#4083=DIRECTION('ref_axis',(1.,0.,0.));
#4084=DIRECTION('center_axis',(0.,0.,1.));
#4085=DIRECTION('ref_axis',(1.,0.,0.));
#4086=DIRECTION('center_axis',(0.,0.,1.));
#4087=DIRECTION('ref_axis',(1.,0.,0.));
#4088=DIRECTION('',(0.,0.,1.));
#4089=DIRECTION('center_axis',(0.,0.,-1.));
#4090=DIRECTION('ref_axis',(1.,0.,0.));
#4091=DIRECTION('center_axis',(0.,0.,1.));
#4092=DIRECTION('ref_axis',(1.,0.,0.));
#4093=DIRECTION('center_axis',(0.,0.,1.));
#4094=DIRECTION('ref_axis',(1.,0.,0.));
#4095=DIRECTION('center_axis',(0.,0.,1.));
#4096=DIRECTION('ref_axis',(1.,0.,0.));
#4097=DIRECTION('',(0.,0.,1.));
#4098=DIRECTION('center_axis',(0.,0.,-1.));
#4099=DIRECTION('ref_axis',(1.,0.,0.));
#4100=DIRECTION('center_axis',(0.,0.,1.));
#4101=DIRECTION('ref_axis',(1.,0.,0.));
#4102=DIRECTION('center_axis',(-1.,0.,0.));
#4103=DIRECTION('ref_axis',(0.,-1.,0.));
#4104=DIRECTION('',(0.,0.,-1.));
#4105=DIRECTION('',(0.,-1.,0.));
#4106=DIRECTION('',(0.,0.,1.));
#4107=DIRECTION('',(0.,1.,0.));
#4108=DIRECTION('center_axis',(0.,0.,-1.));
#4109=DIRECTION('ref_axis',(-1.,0.,0.));
#4110=DIRECTION('center_axis',(0.,0.,-1.));
#4111=DIRECTION('ref_axis',(1.,0.,0.));
#4112=DIRECTION('',(0.,-1.,0.));
#4113=DIRECTION('center_axis',(0.,0.,-1.));
#4114=DIRECTION('ref_axis',(0.,1.,0.));
#4115=DIRECTION('',(1.,0.,0.));
#4116=DIRECTION('',(0.,1.,0.));
#4117=DIRECTION('',(1.,0.,0.));
#4118=DIRECTION('',(0.,-1.,0.));
#4119=DIRECTION('',(1.,0.,0.));
#4120=DIRECTION('',(0.,1.,0.));
#4121=DIRECTION('',(1.,0.,0.));
#4122=DIRECTION('',(0.,-1.,0.));
#4123=DIRECTION('',(1.,0.,0.));
#4124=DIRECTION('center_axis',(0.,0.,-1.));
#4125=DIRECTION('ref_axis',(-1.,0.,0.));
#4126=DIRECTION('',(0.,1.,0.));
#4127=DIRECTION('center_axis',(0.,0.,-1.));
#4128=DIRECTION('ref_axis',(1.,0.,0.));
#4129=DIRECTION('',(0.,-1.,0.));
#4130=DIRECTION('center_axis',(0.,0.,1.));
#4131=DIRECTION('ref_axis',(-1.,0.,0.));
#4132=DIRECTION('',(0.,1.,0.));
#4133=DIRECTION('center_axis',(0.,0.,1.));
#4134=DIRECTION('ref_axis',(-1.,0.,0.));
#4135=DIRECTION('',(0.,-1.,0.));
#4136=DIRECTION('center_axis',(0.,0.,-1.));
#4137=DIRECTION('ref_axis',(1.,0.,0.));
#4138=DIRECTION('',(1.,0.,0.));
#4139=DIRECTION('center_axis',(0.,0.,-1.));
#4140=DIRECTION('ref_axis',(1.,0.,0.));
#4141=DIRECTION('',(0.,1.,0.));
#4142=DIRECTION('center_axis',(0.,0.,1.));
#4143=DIRECTION('ref_axis',(-1.,0.,0.));
#4144=DIRECTION('',(0.,-1.,0.));
#4145=DIRECTION('center_axis',(0.,0.,1.));
#4146=DIRECTION('ref_axis',(-1.,0.,0.));
#4147=DIRECTION('center_axis',(0.,0.,1.));
#4148=DIRECTION('ref_axis',(-1.,0.,0.));
#4149=DIRECTION('center_axis',(0.,0.,1.));
#4150=DIRECTION('ref_axis',(-1.,0.,0.));
#4151=DIRECTION('center_axis',(0.,0.,1.));
#4152=DIRECTION('ref_axis',(-1.,0.,0.));
#4153=DIRECTION('center_axis',(0.,0.,1.));
#4154=DIRECTION('ref_axis',(-1.,0.,0.));
#4155=DIRECTION('center_axis',(0.,0.,1.));
#4156=DIRECTION('ref_axis',(-0.789646481053785,0.613562087289766,0.));
#4157=DIRECTION('center_axis',(0.,0.,1.));
#4158=DIRECTION('ref_axis',(1.,0.,0.));
#4159=DIRECTION('',(0.,0.,1.));
#4160=DIRECTION('center_axis',(0.,0.,1.));
#4161=DIRECTION('ref_axis',(1.,0.,0.));
#4162=DIRECTION('center_axis',(0.,0.,1.));
#4163=DIRECTION('ref_axis',(-1.,0.,0.));
#4164=DIRECTION('',(0.,-1.,0.));
#4165=DIRECTION('center_axis',(-1.,0.,0.));
#4166=DIRECTION('ref_axis',(0.,-1.,0.));
#4167=DIRECTION('',(0.,0.,1.));
#4168=DIRECTION('',(0.,0.,-1.));
#4169=DIRECTION('',(0.,-1.,0.));
#4170=DIRECTION('center_axis',(-1.,0.,0.));
#4171=DIRECTION('ref_axis',(0.,-1.,0.));
#4172=DIRECTION('',(0.,-1.,0.));
#4173=DIRECTION('',(0.,0.,-1.));
#4174=DIRECTION('',(0.,-1.,0.));
#4175=DIRECTION('',(0.,1.,0.));
#4176=DIRECTION('',(0.,0.,1.));
#4177=DIRECTION('center_axis',(0.,0.,-1.));
#4178=DIRECTION('ref_axis',(-1.,0.,0.));
#4179=DIRECTION('center_axis',(0.,0.,1.));
#4180=DIRECTION('ref_axis',(-1.,0.,0.));
#4181=DIRECTION('center_axis',(0.,0.,-1.));
#4182=DIRECTION('ref_axis',(-1.,0.,0.));
#4183=DIRECTION('',(0.,0.,-1.));
#4184=DIRECTION('center_axis',(1.,0.,0.));
#4185=DIRECTION('ref_axis',(0.,1.,0.));
#4186=DIRECTION('',(0.,0.,1.));
#4187=DIRECTION('',(0.,0.,-1.));
#4188=DIRECTION('',(0.,1.,0.));
#4189=DIRECTION('center_axis',(1.,0.,0.));
#4190=DIRECTION('ref_axis',(0.,1.,0.));
#4191=DIRECTION('',(0.,1.,0.));
#4192=DIRECTION('',(0.,0.,-1.));
#4193=DIRECTION('',(0.,0.,1.));
#4194=DIRECTION('',(0.,-1.,0.));
#4195=DIRECTION('',(0.,0.,1.));
#4196=DIRECTION('center_axis',(0.,0.,-1.));
#4197=DIRECTION('ref_axis',(1.,1.22464679914735E-16,0.));
#4198=DIRECTION('center_axis',(0.,0.,1.));
#4199=DIRECTION('ref_axis',(-1.,0.,0.));
#4200=DIRECTION('center_axis',(0.,0.,-1.));
#4201=DIRECTION('ref_axis',(-1.,0.,0.));
#4202=DIRECTION('',(0.,0.,-1.));
#4203=DIRECTION('center_axis',(1.,0.,0.));
#4204=DIRECTION('ref_axis',(0.,1.,0.));
#4205=DIRECTION('',(0.,0.,-1.));
#4206=DIRECTION('',(0.,1.,0.));
#4207=DIRECTION('',(0.,0.,1.));
#4208=DIRECTION('center_axis',(0.,0.,1.));
#4209=DIRECTION('ref_axis',(1.,0.,0.));
#4210=DIRECTION('center_axis',(0.,0.,1.));
#4211=DIRECTION('ref_axis',(1.,0.,0.));
#4212=DIRECTION('center_axis',(0.,0.,1.));
#4213=DIRECTION('ref_axis',(1.,0.,0.));
#4214=DIRECTION('center_axis',(0.,0.,1.));
#4215=DIRECTION('ref_axis',(-1.,0.,0.));
#4216=DIRECTION('',(0.,1.,0.));
#4217=DIRECTION('center_axis',(0.,0.,1.));
#4218=DIRECTION('ref_axis',(1.,0.,0.));
#4219=DIRECTION('center_axis',(0.,0.,-1.));
#4220=DIRECTION('ref_axis',(-1.,0.,0.));
#4221=DIRECTION('',(0.,0.,1.));
#4222=DIRECTION('center_axis',(0.,0.,-1.));
#4223=DIRECTION('ref_axis',(-1.,0.,0.));
#4224=DIRECTION('',(0.,0.,-1.));
#4225=DIRECTION('center_axis',(0.,0.,1.));
#4226=DIRECTION('ref_axis',(1.,0.,0.));
#4227=DIRECTION('',(0.,0.,1.));
#4228=DIRECTION('center_axis',(0.,0.,-1.));
#4229=DIRECTION('ref_axis',(1.,0.,0.));
#4230=DIRECTION('center_axis',(0.,0.,-1.));
#4231=DIRECTION('ref_axis',(-1.,0.,0.));
#4232=DIRECTION('',(0.,1.,0.));
#4233=DIRECTION('center_axis',(0.,0.,-1.));
#4234=DIRECTION('ref_axis',(0.,-1.,0.));
#4235=DIRECTION('center_axis',(0.,0.,1.));
#4236=DIRECTION('ref_axis',(1.,0.,0.));
#4237=DIRECTION('center_axis',(0.,0.,1.));
#4238=DIRECTION('ref_axis',(1.,0.,0.));
#4239=DIRECTION('center_axis',(0.,0.,1.));
#4240=DIRECTION('ref_axis',(1.,0.,0.));
#4241=DIRECTION('center_axis',(0.,0.,1.));
#4242=DIRECTION('ref_axis',(1.,0.,0.));
#4243=DIRECTION('center_axis',(0.,0.,1.));
#4244=DIRECTION('ref_axis',(1.,0.,0.));
#4245=DIRECTION('center_axis',(0.,0.,1.));
#4246=DIRECTION('ref_axis',(1.,0.,0.));
#4247=DIRECTION('center_axis',(0.,0.,1.));
#4248=DIRECTION('ref_axis',(1.,0.,0.));
#4249=DIRECTION('center_axis',(0.,0.,-1.));
#4250=DIRECTION('ref_axis',(1.,0.,0.));
#4251=DIRECTION('center_axis',(0.,0.,1.));
#4252=DIRECTION('ref_axis',(-0.983020836480719,0.183493964600331,0.));
#4253=DIRECTION('center_axis',(0.,0.,-1.));
#4254=DIRECTION('ref_axis',(-1.,0.,0.));
#4255=DIRECTION('center_axis',(0.,0.,-1.));
#4256=DIRECTION('ref_axis',(-1.,0.,0.));
#4257=DIRECTION('center_axis',(0.,0.,1.));
#4258=DIRECTION('ref_axis',(0.,-1.,0.));
#4259=DIRECTION('',(-1.,0.,0.));
#4260=DIRECTION('',(-1.,0.,0.));
#4261=DIRECTION('center_axis',(0.,0.,-1.));
#4262=DIRECTION('ref_axis',(0.,-1.,0.));
#4263=DIRECTION('',(0.,1.,0.));
#4264=DIRECTION('center_axis',(0.,0.,-1.));
#4265=DIRECTION('ref_axis',(-1.,0.,0.));
#4266=DIRECTION('',(1.,0.,0.));
#4267=DIRECTION('center_axis',(0.,0.,-1.));
#4268=DIRECTION('ref_axis',(0.,1.,0.));
#4269=DIRECTION('',(0.,-1.,0.));
#4270=DIRECTION('center_axis',(0.,0.,-1.));
#4271=DIRECTION('ref_axis',(0.,-1.,0.));
#4272=DIRECTION('center_axis',(0.,0.,-1.));
#4273=DIRECTION('ref_axis',(0.,-1.,0.));
#4274=DIRECTION('',(0.,0.,1.));
#4275=DIRECTION('center_axis',(0.,1.,0.));
#4276=DIRECTION('ref_axis',(-1.,0.,0.));
#4277=DIRECTION('center_axis',(0.,1.,0.));
#4278=DIRECTION('ref_axis',(-1.,0.,0.));
#4279=DIRECTION('',(0.,0.,1.));
#4280=DIRECTION('',(1.,0.,0.));
#4281=DIRECTION('center_axis',(0.,1.,0.));
#4282=DIRECTION('ref_axis',(-1.,0.,0.));
#4283=DIRECTION('',(0.,0.,1.));
#4284=DIRECTION('',(-1.,0.,0.));
#4285=DIRECTION('center_axis',(0.,0.,-1.));
#4286=DIRECTION('ref_axis',(-1.,0.,0.));
#4287=DIRECTION('center_axis',(0.,0.,-1.));
#4288=DIRECTION('ref_axis',(1.,0.,0.));
#4289=DIRECTION('',(0.,-1.,0.));
#4290=DIRECTION('center_axis',(0.,0.,-1.));
#4291=DIRECTION('ref_axis',(0.,1.,0.));
#4292=DIRECTION('',(1.,0.,0.));
#4293=DIRECTION('center_axis',(0.,0.,-1.));
#4294=DIRECTION('ref_axis',(-1.,0.,0.));
#4295=DIRECTION('',(0.,1.,0.));
#4296=DIRECTION('center_axis',(0.,0.,1.));
#4297=DIRECTION('ref_axis',(0.,-1.,0.));
#4298=DIRECTION('',(0.,-1.,0.));
#4299=DIRECTION('center_axis',(0.,0.,-1.));
#4300=DIRECTION('ref_axis',(-1.,0.,0.));
#4301=DIRECTION('',(0.,-1.,0.));
#4302=DIRECTION('center_axis',(0.,0.,1.));
#4303=DIRECTION('ref_axis',(-1.,0.,0.));
#4304=DIRECTION('',(-1.,0.,0.));
#4305=DIRECTION('center_axis',(0.,0.,1.));
#4306=DIRECTION('ref_axis',(0.,1.,0.));
#4307=DIRECTION('',(0.,1.,0.));
#4308=DIRECTION('',(0.,1.,0.));
#4309=DIRECTION('center_axis',(0.,0.,1.));
#4310=DIRECTION('ref_axis',(-1.,0.,0.));
#4311=DIRECTION('center_axis',(0.,0.,1.));
#4312=DIRECTION('ref_axis',(-1.,0.,0.));
#4313=DIRECTION('center_axis',(0.,0.,1.));
#4314=DIRECTION('ref_axis',(-1.,0.,0.));
#4315=DIRECTION('center_axis',(0.,0.,1.));
#4316=DIRECTION('ref_axis',(-1.,0.,0.));
#4317=DIRECTION('center_axis',(-1.,0.,0.));
#4318=DIRECTION('ref_axis',(0.,-1.,0.));
#4319=DIRECTION('',(0.,1.,0.));
#4320=DIRECTION('',(0.,0.,1.));
#4321=DIRECTION('',(0.,-1.,0.));
#4322=DIRECTION('',(0.,0.,1.));
#4323=DIRECTION('',(0.,0.,1.));
#4324=DIRECTION('center_axis',(0.,-1.,0.));
#4325=DIRECTION('ref_axis',(1.,0.,0.));
#4326=DIRECTION('',(-1.,0.,0.));
#4327=DIRECTION('',(0.,0.,1.));
#4328=DIRECTION('',(1.,0.,0.));
#4329=DIRECTION('center_axis',(1.,0.,0.));
#4330=DIRECTION('ref_axis',(0.,1.,0.));
#4331=DIRECTION('',(0.,-1.,0.));
#4332=DIRECTION('',(0.,0.,-1.));
#4333=DIRECTION('',(0.,0.,1.));
#4334=DIRECTION('',(0.,1.,0.));
#4335=DIRECTION('center_axis',(0.,1.,0.));
#4336=DIRECTION('ref_axis',(-1.,0.,0.));
#4337=DIRECTION('',(-1.,0.,0.));
#4338=DIRECTION('center_axis',(0.,0.,-1.));
#4339=DIRECTION('ref_axis',(-1.,0.,0.));
#4340=DIRECTION('center_axis',(0.,0.,-1.));
#4341=DIRECTION('ref_axis',(-1.,0.,0.));
#4342=DIRECTION('',(1.,0.,0.));
#4343=DIRECTION('',(0.,-1.,0.));
#4344=DIRECTION('',(-1.,0.,0.));
#4345=DIRECTION('',(0.,1.,0.));
#4346=DIRECTION('',(1.,0.,0.));
#4347=DIRECTION('',(0.,-1.,0.));
#4348=DIRECTION('',(1.,0.,0.));
#4349=DIRECTION('',(0.,1.,0.));
#4350=DIRECTION('',(1.,0.,0.));
#4351=DIRECTION('center_axis',(0.,-1.,0.));
#4352=DIRECTION('ref_axis',(1.,0.,0.));
#4353=DIRECTION('',(0.,0.,-1.));
#4354=DIRECTION('',(-1.,0.,0.));
#4355=DIRECTION('',(0.,0.,-1.));
#4356=DIRECTION('center_axis',(0.,-1.,0.));
#4357=DIRECTION('ref_axis',(0.,0.,1.));
#4358=DIRECTION('',(-1.,0.,0.));
#4359=DIRECTION('center_axis',(0.,-1.,0.));
#4360=DIRECTION('ref_axis',(1.,0.,0.));
#4361=DIRECTION('',(0.,0.,1.));
#4362=DIRECTION('',(-1.,0.,0.));
#4363=DIRECTION('',(0.,0.,-1.));
#4364=DIRECTION('center_axis',(0.,-1.,0.));
#4365=DIRECTION('ref_axis',(0.,0.,1.));
#4366=DIRECTION('',(-1.,0.,0.));
#4367=DIRECTION('center_axis',(0.,-1.,0.));
#4368=DIRECTION('ref_axis',(1.,0.,0.));
#4369=DIRECTION('',(0.,0.,1.));
#4370=DIRECTION('',(-1.,0.,0.));
#4371=DIRECTION('',(0.,0.,1.));
#4372=DIRECTION('',(0.,0.,1.));
#4373=DIRECTION('',(0.,0.,1.));
#4374=DIRECTION('',(0.,0.,1.));
#4375=DIRECTION('',(0.,0.,-1.));
#4376=DIRECTION('center_axis',(0.,-1.,0.));
#4377=DIRECTION('ref_axis',(0.,0.,1.));
#4378=DIRECTION('',(-1.,0.,0.));
#4379=DIRECTION('center_axis',(0.,-1.,0.));
#4380=DIRECTION('ref_axis',(1.,0.,0.));
#4381=DIRECTION('',(0.,0.,1.));
#4382=DIRECTION('center_axis',(0.,-1.,0.));
#4383=DIRECTION('ref_axis',(0.,0.,-1.));
#4384=DIRECTION('',(1.,0.,0.));
#4385=DIRECTION('center_axis',(0.,-1.,0.));
#4386=DIRECTION('ref_axis',(-1.,0.,0.));
#4387=DIRECTION('center_axis',(-1.,0.,0.));
#4388=DIRECTION('ref_axis',(0.,-1.,0.));
#4389=DIRECTION('',(0.,0.,1.));
#4390=DIRECTION('',(0.,-1.,0.));
#4391=DIRECTION('',(0.,0.,1.));
#4392=DIRECTION('center_axis',(0.,-1.,0.));
#4393=DIRECTION('ref_axis',(1.,0.,0.));
#4394=DIRECTION('',(0.,0.,1.));
#4395=DIRECTION('',(1.,0.,0.));
#4396=DIRECTION('center_axis',(1.,0.,0.));
#4397=DIRECTION('ref_axis',(0.,1.,0.));
#4398=DIRECTION('',(0.,0.,-1.));
#4399=DIRECTION('',(0.,0.,1.));
#4400=DIRECTION('',(0.,1.,0.));
#4401=DIRECTION('center_axis',(0.,1.,0.));
#4402=DIRECTION('ref_axis',(-1.,0.,0.));
#4403=DIRECTION('',(-1.,0.,0.));
#4404=DIRECTION('center_axis',(0.,0.,-1.));
#4405=DIRECTION('ref_axis',(-1.,0.,0.));
#4406=DIRECTION('center_axis',(0.,0.,-1.));
#4407=DIRECTION('ref_axis',(-1.,0.,0.));
#4408=DIRECTION('',(-1.,0.,0.));
#4409=DIRECTION('center_axis',(0.,0.,-1.));
#4410=DIRECTION('ref_axis',(-1.,0.,0.));
#4411=DIRECTION('center_axis',(0.,0.,-1.));
#4412=DIRECTION('ref_axis',(-1.,0.,0.));
#4413=DIRECTION('center_axis',(0.,0.,1.));
#4414=DIRECTION('ref_axis',(-1.,0.,0.));
#4415=DIRECTION('',(0.,0.,-1.));
#4416=DIRECTION('center_axis',(0.,0.,-1.));
#4417=DIRECTION('ref_axis',(-1.,0.,0.));
#4418=DIRECTION('',(0.,0.,1.));
#4419=DIRECTION('center_axis',(0.,0.,-1.));
#4420=DIRECTION('ref_axis',(-1.,0.,0.));
#4421=DIRECTION('',(0.,0.,1.));
#4422=DIRECTION('',(0.,0.,-1.));
#4423=DIRECTION('center_axis',(0.,0.,-1.));
#4424=DIRECTION('ref_axis',(-1.,0.,0.));
#4425=DIRECTION('center_axis',(0.,0.,-1.));
#4426=DIRECTION('ref_axis',(-1.,0.,0.));
#4427=DIRECTION('',(-1.,0.,0.));
#4428=DIRECTION('center_axis',(0.,0.,-1.));
#4429=DIRECTION('ref_axis',(-1.,0.,0.));
#4430=DIRECTION('center_axis',(0.,0.,-1.));
#4431=DIRECTION('ref_axis',(-1.,0.,0.));
#4432=DIRECTION('center_axis',(0.,0.,1.));
#4433=DIRECTION('ref_axis',(-1.,0.,0.));
#4434=DIRECTION('',(0.,0.,-1.));
#4435=DIRECTION('center_axis',(0.,0.,-1.));
#4436=DIRECTION('ref_axis',(-1.,0.,0.));
#4437=DIRECTION('',(0.,0.,1.));
#4438=DIRECTION('center_axis',(0.,0.,-1.));
#4439=DIRECTION('ref_axis',(-1.,0.,0.));
#4440=DIRECTION('',(0.,0.,1.));
#4441=DIRECTION('',(0.,0.,-1.));
#4442=DIRECTION('center_axis',(0.,0.,-1.));
#4443=DIRECTION('ref_axis',(-1.,0.,0.));
#4444=DIRECTION('center_axis',(0.,-1.,0.));
#4445=DIRECTION('ref_axis',(0.,0.,-1.));
#4446=DIRECTION('',(0.,1.,0.));
#4447=DIRECTION('',(0.,1.,0.));
#4448=DIRECTION('center_axis',(0.,-1.,0.));
#4449=DIRECTION('ref_axis',(0.,0.,-1.));
#4450=DIRECTION('',(0.,1.,0.));
#4451=DIRECTION('center_axis',(0.,-1.,0.));
#4452=DIRECTION('ref_axis',(0.,0.,-1.));
#4453=DIRECTION('center_axis',(0.,-1.,0.));
#4454=DIRECTION('ref_axis',(-1.,0.,0.));
#4455=DIRECTION('',(-1.,0.,0.));
#4456=DIRECTION('',(0.,0.,-1.));
#4457=DIRECTION('center_axis',(0.,-1.,0.));
#4458=DIRECTION('ref_axis',(1.,0.,0.));
#4459=DIRECTION('',(1.,0.,0.));
#4460=DIRECTION('center_axis',(0.,-1.,0.));
#4461=DIRECTION('ref_axis',(0.,0.,1.));
#4462=DIRECTION('',(0.,0.,1.));
#4463=DIRECTION('',(-1.,0.,0.));
#4464=DIRECTION('',(-1.,0.,0.));
#4465=DIRECTION('',(0.,0.,-1.));
#4466=DIRECTION('center_axis',(0.,-1.,0.));
#4467=DIRECTION('ref_axis',(0.,0.,1.));
#4468=DIRECTION('',(-1.,0.,0.));
#4469=DIRECTION('center_axis',(0.,-1.,0.));
#4470=DIRECTION('ref_axis',(1.,0.,0.));
#4471=DIRECTION('',(0.,0.,1.));
#4472=DIRECTION('',(-1.,0.,0.));
#4473=DIRECTION('center_axis',(0.,-1.,0.));
#4474=DIRECTION('ref_axis',(-1.,0.,0.));
#4475=DIRECTION('',(1.,0.,0.));
#4476=DIRECTION('center_axis',(0.,-1.,0.));
#4477=DIRECTION('ref_axis',(-1.,0.,0.));
#4478=DIRECTION('',(1.,0.,0.));
#4479=DIRECTION('center_axis',(0.,-1.,0.));
#4480=DIRECTION('ref_axis',(-1.,0.,0.));
#4481=DIRECTION('center_axis',(0.,0.,-1.));
#4482=DIRECTION('ref_axis',(-1.,0.,0.));
#4483=DIRECTION('',(0.,1.,0.));
#4484=DIRECTION('',(1.,0.,0.));
#4485=DIRECTION('',(0.,-1.,0.));
#4486=DIRECTION('center_axis',(0.,-1.,0.));
#4487=DIRECTION('ref_axis',(1.,0.,0.));
#4488=DIRECTION('',(0.,0.,-1.));
#4489=DIRECTION('center_axis',(0.,1.,0.));
#4490=DIRECTION('ref_axis',(0.,0.,-1.));
#4491=DIRECTION('',(-1.,0.,0.));
#4492=DIRECTION('center_axis',(0.,1.,0.));
#4493=DIRECTION('ref_axis',(-1.,0.,0.));
#4494=DIRECTION('',(0.,0.,1.));
#4495=DIRECTION('',(0.,0.,-1.));
#4496=DIRECTION('center_axis',(0.,-1.,0.));
#4497=DIRECTION('ref_axis',(-1.,0.,0.));
#4498=DIRECTION('',(1.,0.,0.));
#4499=DIRECTION('',(0.,0.,1.));
#4500=DIRECTION('',(1.,0.,0.));
#4501=DIRECTION('center_axis',(0.,0.,-1.));
#4502=DIRECTION('ref_axis',(-1.,0.,0.));
#4503=DIRECTION('',(0.,1.,0.));
#4504=DIRECTION('',(0.,-1.,0.));
#4505=DIRECTION('center_axis',(0.,0.,-1.));
#4506=DIRECTION('ref_axis',(-1.,0.,0.));
#4507=DIRECTION('',(0.,-1.,0.));
#4508=DIRECTION('',(1.,0.,0.));
#4509=DIRECTION('center_axis',(0.,-1.,0.));
#4510=DIRECTION('ref_axis',(0.,0.,-1.));
#4511=DIRECTION('',(0.,1.,0.));
#4512=DIRECTION('center_axis',(0.,-1.,0.));
#4513=DIRECTION('ref_axis',(0.,0.,-1.));
#4514=DIRECTION('',(0.,1.,0.));
#4515=DIRECTION('center_axis',(0.,0.,1.));
#4516=DIRECTION('ref_axis',(1.,0.,0.));
#4517=DIRECTION('',(1.,0.,0.));
#4518=DIRECTION('',(0.,1.,0.));
#4519=DIRECTION('center_axis',(0.,-1.,0.));
#4520=DIRECTION('ref_axis',(-1.,0.,0.));
#4521=DIRECTION('center_axis',(0.,-1.,0.));
#4522=DIRECTION('ref_axis',(-1.,0.,0.));
#4523=DIRECTION('',(0.,1.,0.));
#4524=DIRECTION('center_axis',(1.,0.,0.));
#4525=DIRECTION('ref_axis',(0.,0.,-1.));
#4526=DIRECTION('',(0.,0.,-1.));
#4527=DIRECTION('',(0.,1.,0.));
#4528=DIRECTION('center_axis',(0.,-1.,0.));
#4529=DIRECTION('ref_axis',(-1.,0.,0.));
#4530=DIRECTION('',(-1.,0.,0.));
#4531=DIRECTION('center_axis',(1.,0.,0.));
#4532=DIRECTION('ref_axis',(0.,0.,-1.));
#4533=DIRECTION('',(0.,1.,0.));
#4534=DIRECTION('',(0.,1.,0.));
#4535=DIRECTION('center_axis',(0.,-1.,0.));
#4536=DIRECTION('ref_axis',(1.,0.,0.));
#4537=DIRECTION('',(0.,0.,-1.));
#4538=DIRECTION('center_axis',(0.,1.,0.));
#4539=DIRECTION('ref_axis',(0.,0.,-1.));
#4540=DIRECTION('',(-1.,0.,0.));
#4541=DIRECTION('center_axis',(0.,1.,0.));
#4542=DIRECTION('ref_axis',(-1.,0.,0.));
#4543=DIRECTION('',(0.,0.,1.));
#4544=DIRECTION('',(1.,0.,0.));
#4545=DIRECTION('',(0.,0.,1.));
#4546=DIRECTION('',(0.,0.,1.));
#4547=DIRECTION('',(1.,0.,0.));
#4548=DIRECTION('',(0.,0.,-1.));
#4549=DIRECTION('center_axis',(0.,1.,0.));
#4550=DIRECTION('ref_axis',(0.,0.,-1.));
#4551=DIRECTION('',(-1.,0.,0.));
#4552=DIRECTION('center_axis',(0.,1.,0.));
#4553=DIRECTION('ref_axis',(-1.,0.,0.));
#4554=DIRECTION('',(0.,0.,1.));
#4555=DIRECTION('',(1.,0.,0.));
#4556=DIRECTION('center_axis',(0.,0.,-1.));
#4557=DIRECTION('ref_axis',(-1.,0.,0.));
#4558=DIRECTION('',(0.,-1.,0.));
#4559=DIRECTION('',(0.,1.,0.));
#4560=DIRECTION('center_axis',(0.,0.,-1.));
#4561=DIRECTION('ref_axis',(-1.,0.,0.));
#4562=DIRECTION('',(0.,1.,0.));
#4563=DIRECTION('',(0.,-1.,0.));
#4564=DIRECTION('center_axis',(1.,0.,0.));
#4565=DIRECTION('ref_axis',(0.,1.,0.));
#4566=DIRECTION('center_axis',(-1.,0.,0.));
#4567=DIRECTION('ref_axis',(0.,-1.,0.));
#4568=DIRECTION('center_axis',(0.,0.,-1.));
#4569=DIRECTION('ref_axis',(-1.,0.,0.));
#4570=DIRECTION('',(0.,1.,0.));
#4571=DIRECTION('',(0.,-1.,0.));
#4572=DIRECTION('center_axis',(-1.,0.,0.));
#4573=DIRECTION('ref_axis',(0.,0.,1.));
#4574=DIRECTION('',(0.,1.,0.));
#4575=DIRECTION('',(0.,0.,-1.));
#4576=DIRECTION('',(0.,1.,0.));
#4577=DIRECTION('center_axis',(0.,-1.,0.));
#4578=DIRECTION('ref_axis',(0.,0.,-1.));
#4579=DIRECTION('center_axis',(0.,1.,0.));
#4580=DIRECTION('ref_axis',(0.,0.,-1.));
#4581=DIRECTION('',(0.,1.,0.));
#4582=DIRECTION('center_axis',(0.,0.,1.));
#4583=DIRECTION('ref_axis',(1.,0.,0.));
#4584=DIRECTION('',(-1.,0.,0.));
#4585=DIRECTION('',(0.,1.,0.));
#4586=DIRECTION('center_axis',(0.,-1.,0.));
#4587=DIRECTION('ref_axis',(-1.,0.,0.));
#4588=DIRECTION('center_axis',(0.,1.,0.));
#4589=DIRECTION('ref_axis',(-1.,0.,0.));
#4590=DIRECTION('',(0.,1.,0.));
#4591=DIRECTION('center_axis',(1.,0.,0.));
#4592=DIRECTION('ref_axis',(0.,0.,-1.));
#4593=DIRECTION('',(0.,0.,1.));
#4594=DIRECTION('',(0.,1.,0.));
#4595=DIRECTION('center_axis',(-1.,0.,0.));
#4596=DIRECTION('ref_axis',(0.,0.,1.));
#4597=DIRECTION('',(0.,0.,-1.));
#4598=DIRECTION('',(0.,1.,0.));
#4599=DIRECTION('',(0.,0.,-1.));
#4600=DIRECTION('',(0.,1.,0.));
#4601=DIRECTION('center_axis',(0.,-1.,0.));
#4602=DIRECTION('ref_axis',(0.,0.,-1.));
#4603=DIRECTION('center_axis',(0.,1.,0.));
#4604=DIRECTION('ref_axis',(0.,0.,-1.));
#4605=DIRECTION('',(0.,1.,0.));
#4606=DIRECTION('center_axis',(0.,-1.,0.));
#4607=DIRECTION('ref_axis',(0.,0.,-1.));
#4608=DIRECTION('center_axis',(0.,0.,1.));
#4609=DIRECTION('ref_axis',(1.,0.,0.));
#4610=DIRECTION('',(-1.,0.,0.));
#4611=DIRECTION('',(0.,1.,0.));
#4612=DIRECTION('',(-1.,0.,0.));
#4613=DIRECTION('center_axis',(0.,-1.,0.));
#4614=DIRECTION('ref_axis',(-1.,0.,0.));
#4615=DIRECTION('center_axis',(0.,1.,0.));
#4616=DIRECTION('ref_axis',(-1.,0.,0.));
#4617=DIRECTION('',(0.,1.,0.));
#4618=DIRECTION('center_axis',(0.,-1.,0.));
#4619=DIRECTION('ref_axis',(-1.,0.,0.));
#4620=DIRECTION('center_axis',(1.,0.,0.));
#4621=DIRECTION('ref_axis',(0.,0.,-1.));
#4622=DIRECTION('',(0.,0.,1.));
#4623=DIRECTION('',(0.,1.,0.));
#4624=DIRECTION('',(0.,0.,1.));
#4625=DIRECTION('center_axis',(0.,-1.,0.));
#4626=DIRECTION('ref_axis',(0.,0.,1.));
#4627=DIRECTION('center_axis',(0.,1.,0.));
#4628=DIRECTION('ref_axis',(0.,0.,1.));
#4629=DIRECTION('',(0.,1.,0.));
#4630=DIRECTION('center_axis',(0.,-1.,0.));
#4631=DIRECTION('ref_axis',(0.,0.,1.));
#4632=DIRECTION('center_axis',(0.,0.,-1.));
#4633=DIRECTION('ref_axis',(-1.,0.,0.));
#4634=DIRECTION('',(1.,0.,0.));
#4635=DIRECTION('',(0.,1.,0.));
#4636=DIRECTION('',(1.,0.,0.));
#4637=DIRECTION('center_axis',(0.,-1.,0.));
#4638=DIRECTION('ref_axis',(1.,0.,0.));
#4639=DIRECTION('center_axis',(0.,1.,0.));
#4640=DIRECTION('ref_axis',(1.,0.,0.));
#4641=DIRECTION('center_axis',(0.,-1.,0.));
#4642=DIRECTION('ref_axis',(1.,0.,0.));
#4643=DIRECTION('center_axis',(0.,-1.,0.));
#4644=DIRECTION('ref_axis',(-1.,0.,0.));
#4645=DIRECTION('',(0.,0.,1.));
#4646=DIRECTION('center_axis',(0.,-1.,0.));
#4647=DIRECTION('ref_axis',(1.,0.,0.));
#4648=DIRECTION('',(-1.,0.,0.));
#4649=DIRECTION('center_axis',(0.,-1.,0.));
#4650=DIRECTION('ref_axis',(0.,0.,1.));
#4651=DIRECTION('center_axis',(-1.,0.,0.));
#4652=DIRECTION('ref_axis',(0.,0.,1.));
#4653=DIRECTION('',(0.,1.,0.));
#4654=DIRECTION('center_axis',(0.,-1.,0.));
#4655=DIRECTION('ref_axis',(1.,0.,0.));
#4656=DIRECTION('',(0.,1.,0.));
#4657=DIRECTION('center_axis',(0.,0.,-1.));
#4658=DIRECTION('ref_axis',(-1.,0.,0.));
#4659=DIRECTION('',(0.,1.,0.));
#4660=DIRECTION('center_axis',(0.,-1.,0.));
#4661=DIRECTION('ref_axis',(0.,0.,1.));
#4662=DIRECTION('center_axis',(0.,-1.,0.));
#4663=DIRECTION('ref_axis',(1.,0.,0.));
#4664=DIRECTION('',(0.,1.,0.));
#4665=DIRECTION('center_axis',(0.,1.,0.));
#4666=DIRECTION('ref_axis',(1.,0.,0.));
#4667=DIRECTION('center_axis',(0.,0.,-1.));
#4668=DIRECTION('ref_axis',(-1.,0.,0.));
#4669=DIRECTION('',(0.,1.,0.));
#4670=DIRECTION('',(1.,0.,0.));
#4671=DIRECTION('center_axis',(0.,-1.,0.));
#4672=DIRECTION('ref_axis',(0.,0.,1.));
#4673=DIRECTION('center_axis',(0.,1.,0.));
#4674=DIRECTION('ref_axis',(0.,0.,1.));
#4675=DIRECTION('center_axis',(-1.,0.,0.));
#4676=DIRECTION('ref_axis',(0.,0.,1.));
#4677=DIRECTION('',(0.,1.,0.));
#4678=DIRECTION('',(0.,0.,-1.));
#4679=DIRECTION('',(0.,1.,0.));
#4680=DIRECTION('center_axis',(0.,-1.,0.));
#4681=DIRECTION('ref_axis',(1.,0.,0.));
#4682=DIRECTION('',(0.,1.,0.));
#4683=DIRECTION('center_axis',(0.,1.,0.));
#4684=DIRECTION('ref_axis',(1.,0.,0.));
#4685=DIRECTION('center_axis',(0.,0.,-1.));
#4686=DIRECTION('ref_axis',(-1.,0.,0.));
#4687=DIRECTION('',(0.,1.,0.));
#4688=DIRECTION('',(1.,0.,0.));
#4689=DIRECTION('center_axis',(0.,-1.,0.));
#4690=DIRECTION('ref_axis',(0.,0.,1.));
#4691=DIRECTION('',(0.,1.,0.));
#4692=DIRECTION('center_axis',(0.,1.,0.));
#4693=DIRECTION('ref_axis',(0.,0.,1.));
#4694=DIRECTION('center_axis',(1.,0.,0.));
#4695=DIRECTION('ref_axis',(0.,0.,-1.));
#4696=DIRECTION('',(0.,1.,0.));
#4697=DIRECTION('',(0.,0.,1.));
#4698=DIRECTION('center_axis',(0.,-1.,0.));
#4699=DIRECTION('ref_axis',(0.,0.,-1.));
#4700=DIRECTION('center_axis',(0.,1.,0.));
#4701=DIRECTION('ref_axis',(0.,0.,-1.));
#4702=DIRECTION('',(0.,1.,0.));
#4703=DIRECTION('center_axis',(0.,0.,1.));
#4704=DIRECTION('ref_axis',(1.,0.,0.));
#4705=DIRECTION('',(-1.,0.,0.));
#4706=DIRECTION('',(0.,1.,0.));
#4707=DIRECTION('center_axis',(0.,-1.,0.));
#4708=DIRECTION('ref_axis',(-1.,0.,0.));
#4709=DIRECTION('center_axis',(0.,1.,0.));
#4710=DIRECTION('ref_axis',(-1.,0.,0.));
#4711=DIRECTION('center_axis',(0.,0.,-1.));
#4712=DIRECTION('ref_axis',(-1.,0.,0.));
#4713=DIRECTION('center_axis',(0.,0.,-1.));
#4714=DIRECTION('ref_axis',(-1.,0.,0.));
#4715=DIRECTION('',(0.,0.,1.));
#4716=DIRECTION('center_axis',(0.,0.,-1.));
#4717=DIRECTION('ref_axis',(-1.,0.,0.));
#4718=DIRECTION('center_axis',(0.,0.,-1.));
#4719=DIRECTION('ref_axis',(-1.,0.,0.));
#4720=DIRECTION('center_axis',(0.,0.,-1.));
#4721=DIRECTION('ref_axis',(-1.,0.,0.));
#4722=DIRECTION('',(0.,0.,1.));
#4723=DIRECTION('center_axis',(0.,0.,-1.));
#4724=DIRECTION('ref_axis',(-1.,0.,0.));
#4725=DIRECTION('center_axis',(0.,0.,-1.));
#4726=DIRECTION('ref_axis',(-1.,0.,0.));
#4727=DIRECTION('center_axis',(0.,0.,-1.));
#4728=DIRECTION('ref_axis',(-1.,0.,0.));
#4729=DIRECTION('',(0.,0.,1.));
#4730=DIRECTION('center_axis',(0.,0.,-1.));
#4731=DIRECTION('ref_axis',(-1.,0.,0.));
#4732=DIRECTION('center_axis',(0.,0.,-1.));
#4733=DIRECTION('ref_axis',(-1.,0.,0.));
#4734=DIRECTION('center_axis',(0.,0.,-1.));
#4735=DIRECTION('ref_axis',(-1.,0.,0.));
#4736=DIRECTION('',(0.,0.,1.));
#4737=DIRECTION('center_axis',(0.,0.,-1.));
#4738=DIRECTION('ref_axis',(-1.,0.,0.));
#4739=DIRECTION('center_axis',(0.,0.,-1.));
#4740=DIRECTION('ref_axis',(-1.,0.,0.));
#4741=DIRECTION('center_axis',(0.,0.,-1.));
#4742=DIRECTION('ref_axis',(-1.,0.,0.));
#4743=DIRECTION('',(0.,0.,1.));
#4744=DIRECTION('center_axis',(0.,0.,1.));
#4745=DIRECTION('ref_axis',(-1.,0.,0.));
#4746=DIRECTION('center_axis',(0.,0.,-1.));
#4747=DIRECTION('ref_axis',(-1.,0.,0.));
#4748=DIRECTION('center_axis',(0.,0.,-1.));
#4749=DIRECTION('ref_axis',(-1.,0.,0.));
#4750=DIRECTION('center_axis',(0.,0.,-1.));
#4751=DIRECTION('ref_axis',(-1.,0.,0.));
#4752=DIRECTION('',(0.,0.,1.));
#4753=DIRECTION('center_axis',(0.,0.,1.));
#4754=DIRECTION('ref_axis',(-1.,0.,0.));
#4755=DIRECTION('center_axis',(0.,0.,-1.));
#4756=DIRECTION('ref_axis',(-1.,0.,0.));
#4757=DIRECTION('center_axis',(0.,0.,-1.));
#4758=DIRECTION('ref_axis',(-1.,0.,0.));
#4759=DIRECTION('center_axis',(0.,0.,-1.));
#4760=DIRECTION('ref_axis',(-1.,0.,0.));
#4761=DIRECTION('',(0.,0.,1.));
#4762=DIRECTION('center_axis',(0.,0.,1.));
#4763=DIRECTION('ref_axis',(-1.,0.,0.));
#4764=DIRECTION('center_axis',(0.,0.,-1.));
#4765=DIRECTION('ref_axis',(-1.,0.,0.));
#4766=DIRECTION('center_axis',(0.,0.,-1.));
#4767=DIRECTION('ref_axis',(-1.,0.,0.));
#4768=DIRECTION('center_axis',(0.,0.,-1.));
#4769=DIRECTION('ref_axis',(-1.,0.,0.));
#4770=DIRECTION('',(0.,0.,1.));
#4771=DIRECTION('center_axis',(0.,0.,1.));
#4772=DIRECTION('ref_axis',(-1.,0.,0.));
#4773=DIRECTION('center_axis',(0.,0.,-1.));
#4774=DIRECTION('ref_axis',(-1.,0.,0.));
#4775=DIRECTION('center_axis',(0.,0.,1.));
#4776=DIRECTION('ref_axis',(1.,0.,0.));
#4777=DIRECTION('',(0.,1.,0.));
#4778=DIRECTION('center_axis',(0.,-1.,0.));
#4779=DIRECTION('ref_axis',(-1.,0.,0.));
#4780=DIRECTION('center_axis',(0.,-1.,0.));
#4781=DIRECTION('ref_axis',(0.,0.,1.));
#4782=DIRECTION('',(0.,1.,0.));
#4783=DIRECTION('center_axis',(0.,0.,-1.));
#4784=DIRECTION('ref_axis',(-1.,0.,0.));
#4785=DIRECTION('',(0.,1.,0.));
#4786=DIRECTION('center_axis',(0.,-1.,0.));
#4787=DIRECTION('ref_axis',(1.,0.,0.));
#4788=DIRECTION('',(0.,1.,0.));
#4789=DIRECTION('center_axis',(-1.,0.,0.));
#4790=DIRECTION('ref_axis',(0.,0.,1.));
#4791=DIRECTION('center_axis',(-1.,0.,0.));
#4792=DIRECTION('ref_axis',(0.,-1.,0.));
#4793=DIRECTION('center_axis',(-1.,0.,0.));
#4794=DIRECTION('ref_axis',(0.,-1.,0.));
#4795=DIRECTION('',(0.,0.,1.));
#4796=DIRECTION('center_axis',(0.,0.,-1.));
#4797=DIRECTION('ref_axis',(1.,-1.22464679914735E-16,0.));
#4798=DIRECTION('',(0.,0.,1.));
#4799=DIRECTION('',(0.,0.,-1.));
#4800=DIRECTION('center_axis',(1.,0.,0.));
#4801=DIRECTION('ref_axis',(0.,1.,0.));
#4802=DIRECTION('',(0.,0.,1.));
#4803=DIRECTION('center_axis',(1.,0.,0.));
#4804=DIRECTION('ref_axis',(0.,1.,0.));
#4805=DIRECTION('center_axis',(0.,0.,-1.));
#4806=DIRECTION('ref_axis',(-1.,0.,0.));
#4807=DIRECTION('center_axis',(0.,0.,-1.));
#4808=DIRECTION('ref_axis',(-1.,0.,0.));
#4809=DIRECTION('',(0.,0.,-1.));
#4810=DIRECTION('center_axis',(0.,0.,-1.));
#4811=DIRECTION('ref_axis',(-1.,0.,0.));
#4812=DIRECTION('center_axis',(0.,0.,-1.));
#4813=DIRECTION('ref_axis',(-1.,0.,0.));
#4814=DIRECTION('center_axis',(0.,0.,-1.));
#4815=DIRECTION('ref_axis',(-1.,0.,0.));
#4816=DIRECTION('',(0.,0.,-1.));
#4817=DIRECTION('center_axis',(0.,0.,-1.));
#4818=DIRECTION('ref_axis',(-1.,0.,0.));
#4819=DIRECTION('center_axis',(0.,0.,-1.));
#4820=DIRECTION('ref_axis',(-1.,0.,0.));
#4821=DIRECTION('center_axis',(0.,0.,-1.));
#4822=DIRECTION('ref_axis',(-1.,0.,0.));
#4823=DIRECTION('',(0.,0.,-1.));
#4824=DIRECTION('center_axis',(0.,0.,-1.));
#4825=DIRECTION('ref_axis',(-1.,0.,0.));
#4826=DIRECTION('center_axis',(0.,0.,-1.));
#4827=DIRECTION('ref_axis',(-1.,0.,0.));
#4828=DIRECTION('center_axis',(0.,0.,-1.));
#4829=DIRECTION('ref_axis',(-1.,0.,0.));
#4830=DIRECTION('',(0.,0.,-1.));
#4831=DIRECTION('center_axis',(0.,0.,-1.));
#4832=DIRECTION('ref_axis',(-1.,0.,0.));
#4833=DIRECTION('center_axis',(0.,0.,-1.));
#4834=DIRECTION('ref_axis',(0.,-1.,0.));
#4835=DIRECTION('center_axis',(0.,0.,-1.));
#4836=DIRECTION('ref_axis',(0.,1.,0.));
#4837=DIRECTION('center_axis',(0.,-1.,0.));
#4838=DIRECTION('ref_axis',(1.,0.,0.));
#4839=DIRECTION('center_axis',(0.,0.,-1.));
#4840=DIRECTION('ref_axis',(-1.,0.,0.));
#4841=DIRECTION('center_axis',(-1.,0.,0.));
#4842=DIRECTION('ref_axis',(0.,-1.,0.));
#4843=DIRECTION('',(0.,0.,1.));
#4844=DIRECTION('',(0.,0.,1.));
#4845=DIRECTION('center_axis',(0.,0.,-1.));
#4846=DIRECTION('ref_axis',(0.,1.,0.));
#4847=DIRECTION('',(0.,0.,1.));
#4848=DIRECTION('center_axis',(0.,-1.,0.));
#4849=DIRECTION('ref_axis',(1.,0.,0.));
#4850=DIRECTION('',(0.,0.,1.));
#4851=DIRECTION('center_axis',(0.,0.,-1.));
#4852=DIRECTION('ref_axis',(-1.,0.,0.));
#4853=DIRECTION('',(0.,0.,1.));
#4854=DIRECTION('center_axis',(1.,0.,0.));
#4855=DIRECTION('ref_axis',(0.,1.,0.));
#4856=DIRECTION('center_axis',(0.,0.,-1.));
#4857=DIRECTION('ref_axis',(1.,0.,0.));
#4858=CARTESIAN_POINT('',(0.,0.,0.));
#4859=CARTESIAN_POINT('Origin',(3.27,-5.21,0.35));
#4860=CARTESIAN_POINT('',(3.63,-5.2,0.35));
#4861=CARTESIAN_POINT('',(3.33,-5.2,0.35));
#4862=CARTESIAN_POINT('',(3.535,-5.2,0.35));
#4863=CARTESIAN_POINT('',(3.63,-5.06,0.35));
#4864=CARTESIAN_POINT('',(3.63,-5.21,0.35));
#4865=CARTESIAN_POINT('',(3.33,-5.06,0.35));
#4866=CARTESIAN_POINT('',(3.27,-5.06,0.35));
#4867=CARTESIAN_POINT('',(3.33,-5.255,0.35));
#4868=CARTESIAN_POINT('Origin',(3.27,-5.06,0.35));
#4869=CARTESIAN_POINT('',(3.33,-5.,0.38));
#4870=CARTESIAN_POINT('',(3.33,-5.2264,0.266800000000001));
#4871=CARTESIAN_POINT('',(3.63,-5.,0.38));
#4872=CARTESIAN_POINT('',(3.63,-5.06,0.35));
#4873=CARTESIAN_POINT('',(3.45,-5.,0.38));
#4874=CARTESIAN_POINT('Origin',(3.27,-4.46,0.35));
#4875=CARTESIAN_POINT('',(3.33,-4.46,0.35));
#4876=CARTESIAN_POINT('',(3.33,-4.4,0.38));
#4877=CARTESIAN_POINT('',(3.33,-4.8664,0.146799999999999));
#4878=CARTESIAN_POINT('',(3.63,-4.46,0.35));
#4879=CARTESIAN_POINT('',(3.27,-4.46,0.35));
#4880=CARTESIAN_POINT('',(3.63,-4.4,0.38));
#4881=CARTESIAN_POINT('',(3.63,-4.46,0.35));
#4882=CARTESIAN_POINT('',(3.45,-4.4,0.38));
#4883=CARTESIAN_POINT('Origin',(3.27,-4.86,0.35));
#4884=CARTESIAN_POINT('',(3.33,-4.86,0.35));
#4885=CARTESIAN_POINT('',(3.33,-5.08,0.35));
#4886=CARTESIAN_POINT('',(3.63,-4.86,0.35));
#4887=CARTESIAN_POINT('',(3.27,-4.86,0.35));
#4888=CARTESIAN_POINT('',(3.63,-4.86,0.35));
#4889=CARTESIAN_POINT('Origin',(3.27,-4.92,0.38));
#4890=CARTESIAN_POINT('',(3.33,-4.92,0.38));
#4891=CARTESIAN_POINT('',(3.33,-4.9956,0.4178));
#4892=CARTESIAN_POINT('',(3.63,-4.92,0.38));
#4893=CARTESIAN_POINT('',(3.45,-4.92,0.38));
#4894=CARTESIAN_POINT('',(3.63,-4.92,0.38));
#4895=CARTESIAN_POINT('Origin',(3.45,-4.3,0.673284271247462));
#4896=CARTESIAN_POINT('',(3.63,-4.3,0.606568542494924));
#4897=CARTESIAN_POINT('',(3.63,-4.3,0.38));
#4898=CARTESIAN_POINT('',(3.63,-4.3,0.38));
#4899=CARTESIAN_POINT('',(3.48656854249492,-4.3,0.75));
#4900=CARTESIAN_POINT('',(3.63,-4.3,0.606568542494924));
#4901=CARTESIAN_POINT('',(3.33,-4.3,0.75));
#4902=CARTESIAN_POINT('',(3.6225,-4.3,0.75));
#4903=CARTESIAN_POINT('',(3.33,-4.3,0.38));
#4904=CARTESIAN_POINT('',(3.33,-4.3,0.335642135623731));
#4905=CARTESIAN_POINT('',(3.27,-4.3,0.38));
#4906=CARTESIAN_POINT('Origin',(3.63,-5.21,0.606568542494924));
#4907=CARTESIAN_POINT('',(3.63,-5.2,0.606568542494924));
#4908=CARTESIAN_POINT('',(3.63,-5.2,0.183));
#4909=CARTESIAN_POINT('',(3.63,-5.21,0.606568542494924));
#4910=CARTESIAN_POINT('',(3.63,-5.21,0.38));
#4911=CARTESIAN_POINT('',(3.63,-5.21,0.38));
#4912=CARTESIAN_POINT('Origin',(3.33,-5.3,-0.002));
#4913=CARTESIAN_POINT('',(3.33,-5.255,0.38));
#4914=CARTESIAN_POINT('',(3.33,-5.255,0.38));
#4915=CARTESIAN_POINT('',(3.33,-4.12083250825002,0.75));
#4916=CARTESIAN_POINT('',(3.33,-4.7375,0.75));
#4917=CARTESIAN_POINT('',(3.33,-4.12083250825002,0.25));
#4918=CARTESIAN_POINT('',(3.33,-4.12083250825002,0.25));
#4919=CARTESIAN_POINT('',(3.33,-4.2,0.25));
#4920=CARTESIAN_POINT('',(3.33,-2.025,0.25));
#4921=CARTESIAN_POINT('',(3.33,-4.2,0.));
#4922=CARTESIAN_POINT('',(3.33,-4.2,-0.002));
#4923=CARTESIAN_POINT('',(3.33,-5.2,0.));
#4924=CARTESIAN_POINT('',(3.33,-2.65,0.));
#4925=CARTESIAN_POINT('',(3.33,-5.2,-0.001));
#4926=CARTESIAN_POINT('Origin',(3.63,-5.21,0.38));
#4927=CARTESIAN_POINT('Origin',(3.63,-5.21,0.38));
#4928=CARTESIAN_POINT('Origin',(3.27,-5.21,0.966568542494923));
#4929=CARTESIAN_POINT('',(3.33,-5.2,0.906568542494924));
#4930=CARTESIAN_POINT('',(3.64414213562373,-5.2,0.592426406871193));
#4931=CARTESIAN_POINT('',(3.33,-4.3,0.906568542494924));
#4932=CARTESIAN_POINT('',(3.33,-5.255,0.906568542494924));
#4933=CARTESIAN_POINT('',(3.33914213562373,-4.3,0.897426406871193));
#4934=CARTESIAN_POINT('Origin',(3.33,-4.3,0.75));
#4935=CARTESIAN_POINT('',(3.33,-4.3,1.06));
#4936=CARTESIAN_POINT('',(3.33,-4.3,0.38));
#4937=CARTESIAN_POINT('',(3.9,-4.3,1.06));
#4938=CARTESIAN_POINT('',(3.9,-4.3,1.06));
#4939=CARTESIAN_POINT('',(3.9,-4.3,0.75));
#4940=CARTESIAN_POINT('',(3.9,-4.3,0.375));
#4941=CARTESIAN_POINT('',(3.6225,-4.3,0.75));
#4942=CARTESIAN_POINT('Origin',(3.33,-5.3,-0.002));
#4943=CARTESIAN_POINT('',(3.33,-5.2,2.76));
#4944=CARTESIAN_POINT('',(3.33,-5.2,-0.001));
#4945=CARTESIAN_POINT('',(3.33,-4.95,2.76));
#4946=CARTESIAN_POINT('',(3.33,-2.65,2.76));
#4947=CARTESIAN_POINT('',(3.33,-4.95,1.06));
#4948=CARTESIAN_POINT('',(3.33,-4.95,0.124));
#4949=CARTESIAN_POINT('',(3.33,-4.3,1.06));
#4950=CARTESIAN_POINT('Origin',(-3.63,-4.46,0.35));
#4951=CARTESIAN_POINT('',(-3.33,-4.4,0.38));
#4952=CARTESIAN_POINT('',(-3.33,-4.46,0.35));
#4953=CARTESIAN_POINT('',(-3.33,-4.4264,0.3668));
#4954=CARTESIAN_POINT('',(-3.63,-4.4,0.38));
#4955=CARTESIAN_POINT('',(-3.45,-4.4,0.38));
#4956=CARTESIAN_POINT('',(-3.63,-4.46,0.35));
#4957=CARTESIAN_POINT('',(-3.63,-4.46,0.35));
#4958=CARTESIAN_POINT('',(-3.63,-4.46,0.35));
#4959=CARTESIAN_POINT('Origin',(-3.63,-4.86,0.35));
#4960=CARTESIAN_POINT('',(-3.33,-4.86,0.35));
#4961=CARTESIAN_POINT('',(-3.33,-4.53,0.35));
#4962=CARTESIAN_POINT('',(-3.63,-4.86,0.35));
#4963=CARTESIAN_POINT('',(-3.63,-4.86,0.35));
#4964=CARTESIAN_POINT('',(-3.63,-4.86,0.35));
#4965=CARTESIAN_POINT('Origin',(-3.63,-4.92,0.38));
#4966=CARTESIAN_POINT('',(-3.33,-4.92,0.38));
#4967=CARTESIAN_POINT('',(-3.33,-4.5556,0.197799999999999));
#4968=CARTESIAN_POINT('',(-3.63,-4.92,0.38));
#4969=CARTESIAN_POINT('',(-3.63,-4.92,0.38));
#4970=CARTESIAN_POINT('',(-3.45,-4.92,0.38));
#4971=CARTESIAN_POINT('Origin',(-3.63,-5.06,0.35));
#4972=CARTESIAN_POINT('',(-3.33,-5.,0.38));
#4973=CARTESIAN_POINT('',(-3.33,-5.06,0.35));
#4974=CARTESIAN_POINT('',(-3.33,-4.7864,0.4868));
#4975=CARTESIAN_POINT('',(-3.63,-5.,0.38));
#4976=CARTESIAN_POINT('',(-3.45,-5.,0.38));
#4977=CARTESIAN_POINT('',(-3.63,-5.06,0.35));
#4978=CARTESIAN_POINT('',(-3.63,-5.06,0.35));
#4979=CARTESIAN_POINT('',(-3.63,-5.06,0.35));
#4980=CARTESIAN_POINT('Origin',(-3.63,-5.21,0.35));
#4981=CARTESIAN_POINT('',(-3.33,-5.2,0.35));
#4982=CARTESIAN_POINT('',(-3.63,-5.2,0.35));
#4983=CARTESIAN_POINT('',(0.085,-5.2,0.35));
#4984=CARTESIAN_POINT('',(-3.33,-4.705,0.35));
#4985=CARTESIAN_POINT('',(-3.63,-5.21,0.35));
#4986=CARTESIAN_POINT('Origin',(3.8,-5.2,0.));
#4987=CARTESIAN_POINT('',(-3.63,-5.2,0.606568542494924));
#4988=CARTESIAN_POINT('',(-3.63,-5.2,0.19));
#4989=CARTESIAN_POINT('',(-3.33,-5.2,0.906568542494924));
#4990=CARTESIAN_POINT('',(-1.92414213562373,-5.2,2.31242640687119));
#4991=CARTESIAN_POINT('',(-3.33,-5.2,2.76));
#4992=CARTESIAN_POINT('',(-3.33,-5.2,-0.001));
#4993=CARTESIAN_POINT('',(-3.8,-5.2,2.76));
#4994=CARTESIAN_POINT('',(3.8,-5.2,2.76));
#4995=CARTESIAN_POINT('',(-3.8,-5.2,0.));
#4996=CARTESIAN_POINT('',(-3.8,-5.2,0.));
#4997=CARTESIAN_POINT('',(-3.33,-5.2,0.));
#4998=CARTESIAN_POINT('',(3.8,-5.2,0.));
#4999=CARTESIAN_POINT('',(-3.33,-5.2,-0.001));
#5000=CARTESIAN_POINT('Origin',(-3.63,-5.21,0.38));
#5001=CARTESIAN_POINT('',(-3.63,-4.3,0.38));
#5002=CARTESIAN_POINT('',(-3.63,-4.3,0.606568542494924));
#5003=CARTESIAN_POINT('',(-3.63,-4.3,0.38));
#5004=CARTESIAN_POINT('',(-3.63,-5.21,0.606568542494924));
#5005=CARTESIAN_POINT('',(-3.63,-5.21,0.38));
#5006=CARTESIAN_POINT('',(-3.63,-5.21,0.38));
#5007=CARTESIAN_POINT('Origin',(-3.27,-5.21,0.38));
#5008=CARTESIAN_POINT('',(-3.33,-4.705,0.38));
#5009=CARTESIAN_POINT('Origin',(-3.63,-5.21,0.606568542494924));
#5010=CARTESIAN_POINT('',(-3.48656854249492,-4.3,0.75));
#5011=CARTESIAN_POINT('',(-3.63,-4.3,0.606568542494924));
#5012=CARTESIAN_POINT('',(-3.33,-4.3,0.906568542494924));
#5013=CARTESIAN_POINT('',(-3.66164213562373,-4.3,0.574926406871193));
#5014=CARTESIAN_POINT('',(-3.33,-4.705,0.906568542494924));
#5015=CARTESIAN_POINT('Origin',(-3.45,-4.3,0.673284271247462));
#5016=CARTESIAN_POINT('',(-3.33,-4.3,0.75));
#5017=CARTESIAN_POINT('',(-3.33,-4.3,0.38));
#5018=CARTESIAN_POINT('',(-3.33,-4.3,0.335642135623731));
#5019=CARTESIAN_POINT('',(-3.9,-4.3,0.75));
#5020=CARTESIAN_POINT('',(-3.27,-4.3,0.38));
#5021=CARTESIAN_POINT('Origin',(-3.27,-5.21,0.38));
#5022=CARTESIAN_POINT('',(-3.33,-4.705,0.38));
#5023=CARTESIAN_POINT('Origin',(-3.9,-4.3,0.75));
#5024=CARTESIAN_POINT('',(-3.9,-4.3,0.75));
#5025=CARTESIAN_POINT('',(-3.9,-4.3,0.75));
#5026=CARTESIAN_POINT('',(-3.9,-4.3,1.06));
#5027=CARTESIAN_POINT('',(-3.9,-4.3,0.375));
#5028=CARTESIAN_POINT('',(-3.33,-4.3,1.06));
#5029=CARTESIAN_POINT('',(-3.33,-4.3,1.06));
#5030=CARTESIAN_POINT('',(-3.33,-4.3,0.38));
#5031=CARTESIAN_POINT('Origin',(-3.33,-4.2,-0.002));
#5032=CARTESIAN_POINT('',(-3.33,-4.2,0.));
#5033=CARTESIAN_POINT('',(-3.33,-2.1,0.));
#5034=CARTESIAN_POINT('',(-3.33,-4.2,0.25));
#5035=CARTESIAN_POINT('',(-3.33,-4.2,-0.002));
#5036=CARTESIAN_POINT('',(-3.33,-4.12083250825002,0.25));
#5037=CARTESIAN_POINT('',(-3.33,-2.6,0.25));
#5038=CARTESIAN_POINT('',(-3.33,-4.12083250825002,0.75));
#5039=CARTESIAN_POINT('',(-3.33,-4.12083250825002,0.25));
#5040=CARTESIAN_POINT('',(-3.33,-4.1875,0.75));
#5041=CARTESIAN_POINT('Origin',(-3.33,-4.2,-0.002));
#5042=CARTESIAN_POINT('',(-3.33,-4.95,1.06));
#5043=CARTESIAN_POINT('',(-3.33,-5.2,1.06));
#5044=CARTESIAN_POINT('',(-3.33,-4.95,2.76));
#5045=CARTESIAN_POINT('',(-3.33,-4.95,0.124));
#5046=CARTESIAN_POINT('',(-3.33,-2.1,2.76));
#5047=CARTESIAN_POINT('Origin',(3.9,-5.2,0.));
#5048=CARTESIAN_POINT('',(3.9,-4.92912878474779,1.06));
#5049=CARTESIAN_POINT('',(3.9,-5.2,1.06));
#5050=CARTESIAN_POINT('',(3.9,-4.92912878474779,0.25));
#5051=CARTESIAN_POINT('',(3.9,-4.92912878474779,0.25));
#5052=CARTESIAN_POINT('',(3.9,-4.1,0.25));
#5053=CARTESIAN_POINT('',(3.9,-2.6,0.25));
#5054=CARTESIAN_POINT('',(3.9,-4.1,0.75));
#5055=CARTESIAN_POINT('',(3.9,-4.1,0.25));
#5056=CARTESIAN_POINT('',(3.9,-4.6875,0.75));
#5057=CARTESIAN_POINT('Origin',(-3.9,-4.05,0.));
#5058=CARTESIAN_POINT('',(-3.9,-4.92912878474779,1.06));
#5059=CARTESIAN_POINT('',(-3.9,-4.92912878474779,0.25));
#5060=CARTESIAN_POINT('',(-3.9,-4.92912878474779,0.25));
#5061=CARTESIAN_POINT('',(-3.9,-4.3,1.06));
#5062=CARTESIAN_POINT('',(-3.9,-4.1,0.75));
#5063=CARTESIAN_POINT('',(-3.9,-4.1125,0.75));
#5064=CARTESIAN_POINT('',(-3.9,-4.1,0.25));
#5065=CARTESIAN_POINT('',(-3.9,-4.1,0.25));
#5066=CARTESIAN_POINT('',(-3.9,-2.025,0.25));
#5067=CARTESIAN_POINT('Origin',(3.615,-4.75,1.06));
#5068=CARTESIAN_POINT('',(3.8,-4.95,1.06));
#5069=CARTESIAN_POINT('Origin',(3.8,-4.7,1.06));
#5070=CARTESIAN_POINT('',(3.7075,-4.95,1.06));
#5071=CARTESIAN_POINT('Origin',(3.8,-4.7,0.25));
#5072=CARTESIAN_POINT('',(3.8,-4.95,2.76));
#5073=CARTESIAN_POINT('',(3.8,-4.95,0.25));
#5074=CARTESIAN_POINT('',(4.05,-4.7,2.76));
#5075=CARTESIAN_POINT('Origin',(3.8,-4.7,2.76));
#5076=CARTESIAN_POINT('',(4.05,-4.7,0.25));
#5077=CARTESIAN_POINT('',(4.05,-4.7,0.25));
#5078=CARTESIAN_POINT('Origin',(3.8,-4.7,0.25));
#5079=CARTESIAN_POINT('Origin',(3.8,-4.95,0.25));
#5080=CARTESIAN_POINT('',(1.9,-4.95,2.76));
#5081=CARTESIAN_POINT('Origin',(-3.615,-4.75,1.06));
#5082=CARTESIAN_POINT('',(-3.8,-4.95,1.06));
#5083=CARTESIAN_POINT('Origin',(-3.8,-4.7,1.06));
#5084=CARTESIAN_POINT('',(0.0925,-4.95,1.06));
#5085=CARTESIAN_POINT('Origin',(3.6,-3.7,-0.002));
#5086=CARTESIAN_POINT('',(3.43,-3.7,0.));
#5087=CARTESIAN_POINT('Origin',(3.6,-3.7,0.));
#5088=CARTESIAN_POINT('',(3.43,-3.7,0.25));
#5089=CARTESIAN_POINT('',(3.43,-3.7,-0.002));
#5090=CARTESIAN_POINT('Origin',(3.6,-3.7,0.25));
#5091=CARTESIAN_POINT('Origin',(-3.6,3.7,-0.002));
#5092=CARTESIAN_POINT('',(-3.77,3.7,0.));
#5093=CARTESIAN_POINT('Origin',(-3.6,3.7,0.));
#5094=CARTESIAN_POINT('',(-3.77,3.7,0.25));
#5095=CARTESIAN_POINT('',(-3.77,3.7,-0.002));
#5096=CARTESIAN_POINT('Origin',(-3.6,3.7,0.25));
#5097=CARTESIAN_POINT('Origin',(-3.6,-3.7,-0.002));
#5098=CARTESIAN_POINT('',(-3.77,-3.7,0.));
#5099=CARTESIAN_POINT('Origin',(-3.6,-3.7,0.));
#5100=CARTESIAN_POINT('',(-3.77,-3.7,0.25));
#5101=CARTESIAN_POINT('',(-3.77,-3.7,-0.002));
#5102=CARTESIAN_POINT('Origin',(-3.6,-3.7,0.25));
#5103=CARTESIAN_POINT('Origin',(3.6,3.7,-0.002));
#5104=CARTESIAN_POINT('',(3.43,3.7,0.));
#5105=CARTESIAN_POINT('Origin',(3.6,3.7,0.));
#5106=CARTESIAN_POINT('',(3.43,3.7,0.25));
#5107=CARTESIAN_POINT('',(3.43,3.7,-0.002));
#5108=CARTESIAN_POINT('Origin',(3.6,3.7,0.25));
#5109=CARTESIAN_POINT('Origin',(3.6,-3.7,0.25));
#5110=CARTESIAN_POINT('',(3.39,-3.7,0.25));
#5111=CARTESIAN_POINT('Origin',(3.6,-3.7,0.25));
#5112=CARTESIAN_POINT('',(3.39,-3.7,0.75));
#5113=CARTESIAN_POINT('',(3.39,-3.7,0.25));
#5114=CARTESIAN_POINT('Origin',(3.6,-3.7,0.75));
#5115=CARTESIAN_POINT('Origin',(3.6,-3.7,0.25));
#5116=CARTESIAN_POINT('Origin',(-3.6,3.7,0.25));
#5117=CARTESIAN_POINT('',(-3.81,3.7,0.25));
#5118=CARTESIAN_POINT('Origin',(-3.6,3.7,0.25));
#5119=CARTESIAN_POINT('',(-3.81,3.7,0.75));
#5120=CARTESIAN_POINT('',(-3.81,3.7,0.25));
#5121=CARTESIAN_POINT('Origin',(-3.6,3.7,0.75));
#5122=CARTESIAN_POINT('Origin',(-3.6,3.7,0.25));
#5123=CARTESIAN_POINT('Origin',(-3.6,-3.7,0.25));
#5124=CARTESIAN_POINT('',(-3.81,-3.7,0.25));
#5125=CARTESIAN_POINT('Origin',(-3.6,-3.7,0.25));
#5126=CARTESIAN_POINT('',(-3.81,-3.7,0.75));
#5127=CARTESIAN_POINT('',(-3.81,-3.7,0.25));
#5128=CARTESIAN_POINT('Origin',(-3.6,-3.7,0.75));
#5129=CARTESIAN_POINT('Origin',(-3.6,-3.7,0.25));
#5130=CARTESIAN_POINT('Origin',(3.6,3.7,0.25));
#5131=CARTESIAN_POINT('',(3.39,3.7,0.25));
#5132=CARTESIAN_POINT('Origin',(3.6,3.7,0.25));
#5133=CARTESIAN_POINT('',(3.39,3.7,0.75));
#5134=CARTESIAN_POINT('',(3.39,3.7,0.25));
#5135=CARTESIAN_POINT('Origin',(3.6,3.7,0.75));
#5136=CARTESIAN_POINT('Origin',(3.6,3.7,0.25));
#5137=CARTESIAN_POINT('Origin',(3.5,3.7,0.25));
#5138=CARTESIAN_POINT('',(3.5,3.13541019662497,0.75));
#5139=CARTESIAN_POINT('',(3.5,3.13541019662497,0.25));
#5140=CARTESIAN_POINT('',(3.5,3.13541019662497,0.25));
#5141=CARTESIAN_POINT('',(3.5,3.21010205144337,0.75));
#5142=CARTESIAN_POINT('',(3.5,3.7,0.75));
#5143=CARTESIAN_POINT('',(3.5,3.21010205144337,0.25));
#5144=CARTESIAN_POINT('',(3.5,3.21010205144337,0.25));
#5145=CARTESIAN_POINT('',(3.5,1.85,0.25));
#5146=CARTESIAN_POINT('Origin',(0.,0.,0.25));
#5147=CARTESIAN_POINT('',(4.05,3.91794494717703,0.25));
#5148=CARTESIAN_POINT('Origin',(3.6,3.7,0.25));
#5149=CARTESIAN_POINT('',(4.05,4.7,0.25));
#5150=CARTESIAN_POINT('',(4.05,4.7,0.25));
#5151=CARTESIAN_POINT('',(3.8,4.95,0.25));
#5152=CARTESIAN_POINT('Origin',(3.8,4.7,0.25));
#5153=CARTESIAN_POINT('',(2.8,4.95,0.25));
#5154=CARTESIAN_POINT('',(-3.8,4.95,0.25));
#5155=CARTESIAN_POINT('',(2.8,4.92,0.25));
#5156=CARTESIAN_POINT('',(2.8,2.525,0.25));
#5157=CARTESIAN_POINT('',(2.5,4.92,0.25));
#5158=CARTESIAN_POINT('',(1.4,4.92,0.25));
#5159=CARTESIAN_POINT('',(2.5,4.95,0.25));
#5160=CARTESIAN_POINT('',(2.5,2.46,0.25));
#5161=CARTESIAN_POINT('',(-2.6,4.95,0.25));
#5162=CARTESIAN_POINT('',(-3.8,4.95,0.25));
#5163=CARTESIAN_POINT('',(-2.6,4.92,0.25));
#5164=CARTESIAN_POINT('',(-2.6,2.525,0.25));
#5165=CARTESIAN_POINT('',(-2.9,4.92,0.25));
#5166=CARTESIAN_POINT('',(-1.3,4.92,0.25));
#5167=CARTESIAN_POINT('',(-2.9,4.95,0.25));
#5168=CARTESIAN_POINT('',(-2.9,2.46,0.25));
#5169=CARTESIAN_POINT('',(-3.8,4.95,0.25));
#5170=CARTESIAN_POINT('',(-3.8,4.95,0.25));
#5171=CARTESIAN_POINT('',(-4.05,4.7,0.25));
#5172=CARTESIAN_POINT('Origin',(-3.8,4.7,0.25));
#5173=CARTESIAN_POINT('',(-4.05,3.91794494717703,0.25));
#5174=CARTESIAN_POINT('',(-4.05,-4.7,0.25));
#5175=CARTESIAN_POINT('',(-3.5,3.21010205144336,0.25));
#5176=CARTESIAN_POINT('Origin',(-3.6,3.7,0.25));
#5177=CARTESIAN_POINT('',(-3.5,3.13541019662497,0.25));
#5178=CARTESIAN_POINT('',(-3.5,1.4,0.25));
#5179=CARTESIAN_POINT('',(-4.05,2.42583426132261,0.25));
#5180=CARTESIAN_POINT('Origin',(-3.8,2.8,0.25));
#5181=CARTESIAN_POINT('',(-4.05,-2.42583426132261,0.25));
#5182=CARTESIAN_POINT('',(-4.05,-4.7,0.25));
#5183=CARTESIAN_POINT('',(-3.5,-3.13541019662497,0.25));
#5184=CARTESIAN_POINT('Origin',(-3.8,-2.8,0.25));
#5185=CARTESIAN_POINT('',(-3.5,-3.21010205144336,0.25));
#5186=CARTESIAN_POINT('',(-3.5,-1.85,0.25));
#5187=CARTESIAN_POINT('Origin',(-3.6,-3.7,0.25));
#5188=CARTESIAN_POINT('',(1.665,-4.2,0.25));
#5189=CARTESIAN_POINT('',(3.5,-3.21010205144337,0.25));
#5190=CARTESIAN_POINT('Origin',(3.6,-3.7,0.25));
#5191=CARTESIAN_POINT('',(3.5,-3.13541019662497,0.25));
#5192=CARTESIAN_POINT('',(3.5,-1.4,0.25));
#5193=CARTESIAN_POINT('',(4.05,-2.42583426132261,0.25));
#5194=CARTESIAN_POINT('Origin',(3.8,-2.8,0.25));
#5195=CARTESIAN_POINT('',(4.05,2.42583426132261,0.25));
#5196=CARTESIAN_POINT('',(4.05,4.7,0.25));
#5197=CARTESIAN_POINT('Origin',(3.8,2.8,0.25));
#5198=CARTESIAN_POINT('',(-2.1,-3.7,0.25));
#5199=CARTESIAN_POINT('Origin',(-2.55,-3.7,0.25));
#5200=CARTESIAN_POINT('',(3.,2.1,0.25));
#5201=CARTESIAN_POINT('Origin',(2.55,2.1,0.25));
#5202=CARTESIAN_POINT('',(3.,-3.7,0.25));
#5203=CARTESIAN_POINT('Origin',(2.55,-3.7,0.25));
#5204=CARTESIAN_POINT('',(-2.1,2.1,0.25));
#5205=CARTESIAN_POINT('Origin',(-2.55,2.1,0.25));
#5206=CARTESIAN_POINT('Origin',(3.6,3.7,0.25));
#5207=CARTESIAN_POINT('',(4.05,3.91794494717703,0.75));
#5208=CARTESIAN_POINT('Origin',(3.6,3.7,0.75));
#5209=CARTESIAN_POINT('',(4.05,3.91794494717703,0.25));
#5210=CARTESIAN_POINT('Origin',(3.6,3.7,0.75));
#5211=CARTESIAN_POINT('',(4.05,3.17416573867739,0.75));
#5212=CARTESIAN_POINT('Origin',(3.8,2.8,0.75));
#5213=CARTESIAN_POINT('',(4.05,3.975,0.75));
#5214=CARTESIAN_POINT('Origin',(3.5,-2.8,0.25));
#5215=CARTESIAN_POINT('',(3.5,-3.13541019662497,0.75));
#5216=CARTESIAN_POINT('',(3.5,-3.13541019662497,0.25));
#5217=CARTESIAN_POINT('',(3.5,-3.21010205144337,0.75));
#5218=CARTESIAN_POINT('',(3.5,-3.21010205144337,0.25));
#5219=CARTESIAN_POINT('',(3.5,-2.8,0.75));
#5220=CARTESIAN_POINT('Origin',(4.05,4.7,0.25));
#5221=CARTESIAN_POINT('',(4.05,-3.17416573867739,0.75));
#5222=CARTESIAN_POINT('',(4.05,-3.91794494717703,0.75));
#5223=CARTESIAN_POINT('',(4.05,0.5,0.75));
#5224=CARTESIAN_POINT('',(4.05,-3.91794494717703,0.25));
#5225=CARTESIAN_POINT('',(4.05,-3.91794494717703,0.25));
#5226=CARTESIAN_POINT('',(4.05,4.7,0.25));
#5227=CARTESIAN_POINT('',(4.05,-3.17416573867739,2.76));
#5228=CARTESIAN_POINT('',(4.05,2.35,2.76));
#5229=CARTESIAN_POINT('',(4.05,-3.17416573867739,0.25));
#5230=CARTESIAN_POINT('Origin',(3.8,-2.8,0.25));
#5231=CARTESIAN_POINT('Origin',(3.8,-2.8,0.75));
#5232=CARTESIAN_POINT('',(4.05,-2.42583426132261,2.76));
#5233=CARTESIAN_POINT('Origin',(3.8,-2.8,2.76));
#5234=CARTESIAN_POINT('',(4.05,-2.42583426132261,0.25));
#5235=CARTESIAN_POINT('Origin',(-3.5,2.8,0.25));
#5236=CARTESIAN_POINT('',(-3.5,3.13541019662497,0.75));
#5237=CARTESIAN_POINT('',(-3.5,3.13541019662497,0.25));
#5238=CARTESIAN_POINT('',(-3.5,3.21010205144336,0.75));
#5239=CARTESIAN_POINT('',(-3.5,3.21010205144336,0.25));
#5240=CARTESIAN_POINT('',(-3.5,2.8,0.75));
#5241=CARTESIAN_POINT('Origin',(-4.05,-4.7,0.25));
#5242=CARTESIAN_POINT('',(-4.05,3.17416573867739,0.75));
#5243=CARTESIAN_POINT('',(-4.05,3.91794494717703,0.75));
#5244=CARTESIAN_POINT('',(-4.05,-0.5,0.75));
#5245=CARTESIAN_POINT('',(-4.05,3.91794494717703,0.25));
#5246=CARTESIAN_POINT('',(-4.05,4.7,2.76));
#5247=CARTESIAN_POINT('',(-4.05,4.7,0.25));
#5248=CARTESIAN_POINT('',(-4.05,3.17416573867739,2.76));
#5249=CARTESIAN_POINT('',(-4.05,-2.35,2.76));
#5250=CARTESIAN_POINT('',(-4.05,3.17416573867739,0.25));
#5251=CARTESIAN_POINT('Origin',(-3.8,2.8,0.25));
#5252=CARTESIAN_POINT('Origin',(-3.8,2.8,0.75));
#5253=CARTESIAN_POINT('',(-4.05,2.42583426132261,2.76));
#5254=CARTESIAN_POINT('Origin',(-3.8,2.8,2.76));
#5255=CARTESIAN_POINT('',(-4.05,2.42583426132261,0.25));
#5256=CARTESIAN_POINT('Origin',(-3.5,-3.7,0.25));
#5257=CARTESIAN_POINT('',(-3.5,-3.13541019662497,0.75));
#5258=CARTESIAN_POINT('',(-3.5,-3.13541019662497,0.25));
#5259=CARTESIAN_POINT('',(-3.5,-3.21010205144336,0.75));
#5260=CARTESIAN_POINT('',(-3.5,-3.7,0.75));
#5261=CARTESIAN_POINT('',(-3.5,-3.21010205144336,0.25));
#5262=CARTESIAN_POINT('Origin',(-3.6,-3.7,0.25));
#5263=CARTESIAN_POINT('Origin',(-3.6,-3.7,0.75));
#5264=CARTESIAN_POINT('Origin',(-3.6,-3.7,0.75));
#5265=CARTESIAN_POINT('',(-4.05,-3.17416573867739,0.75));
#5266=CARTESIAN_POINT('Origin',(-3.8,-2.8,0.75));
#5267=CARTESIAN_POINT('',(-4.05,-3.91794494717703,0.75));
#5268=CARTESIAN_POINT('',(-4.05,-3.975,0.75));
#5269=CARTESIAN_POINT('Origin',(-3.6,-3.7,0.75));
#5270=CARTESIAN_POINT('Origin',(3.8,2.8,0.25));
#5271=CARTESIAN_POINT('',(4.05,2.42583426132261,2.76));
#5272=CARTESIAN_POINT('',(4.05,2.42583426132261,0.25));
#5273=CARTESIAN_POINT('',(4.05,3.17416573867739,2.76));
#5274=CARTESIAN_POINT('Origin',(3.8,2.8,2.76));
#5275=CARTESIAN_POINT('',(4.05,3.17416573867739,0.25));
#5276=CARTESIAN_POINT('Origin',(-3.6,-3.7,0.25));
#5277=CARTESIAN_POINT('',(-4.05,-3.91794494717703,0.25));
#5278=CARTESIAN_POINT('',(-4.05,-3.91794494717703,0.25));
#5279=CARTESIAN_POINT('Origin',(-3.6,-3.7,0.25));
#5280=CARTESIAN_POINT('Origin',(0.,0.,0.25));
#5281=CARTESIAN_POINT('',(-4.05,-4.7,0.25));
#5282=CARTESIAN_POINT('',(-4.05,-4.7,0.25));
#5283=CARTESIAN_POINT('Origin',(-3.8,-4.7,0.25));
#5284=CARTESIAN_POINT('Origin',(-3.6,3.7,0.75));
#5285=CARTESIAN_POINT('Origin',(-3.6,3.7,0.75));
#5286=CARTESIAN_POINT('Origin',(-3.6,3.7,0.25));
#5287=CARTESIAN_POINT('Origin',(3.6,-3.7,0.75));
#5288=CARTESIAN_POINT('Origin',(3.6,-3.7,0.75));
#5289=CARTESIAN_POINT('Origin',(3.6,-3.7,0.75));
#5290=CARTESIAN_POINT('Origin',(3.6,-3.7,0.25));
#5291=CARTESIAN_POINT('Origin',(3.6,-3.7,0.25));
#5292=CARTESIAN_POINT('Origin',(3.6,-3.7,0.25));
#5293=CARTESIAN_POINT('Origin',(0.,0.,0.25));
#5294=CARTESIAN_POINT('Origin',(0.,0.,0.));
#5295=CARTESIAN_POINT('',(3.8,-5.2,0.));
#5296=CARTESIAN_POINT('',(4.3,-4.7,0.));
#5297=CARTESIAN_POINT('Origin',(3.8,-4.7,0.));
#5298=CARTESIAN_POINT('',(3.8,-5.2,0.));
#5299=CARTESIAN_POINT('',(1.665,-4.2,0.));
#5300=CARTESIAN_POINT('',(-4.3,-4.7,0.));
#5301=CARTESIAN_POINT('Origin',(-3.8,-4.7,0.));
#5302=CARTESIAN_POINT('',(-4.3,4.7,0.));
#5303=CARTESIAN_POINT('',(-4.3,-4.7,0.));
#5304=CARTESIAN_POINT('',(-3.8,5.2,0.));
#5305=CARTESIAN_POINT('Origin',(-3.8,4.7,0.));
#5306=CARTESIAN_POINT('',(3.8,5.2,0.));
#5307=CARTESIAN_POINT('',(-3.8,5.2,0.));
#5308=CARTESIAN_POINT('',(4.3,4.7,0.));
#5309=CARTESIAN_POINT('Origin',(3.8,4.7,0.));
#5310=CARTESIAN_POINT('',(4.3,4.7,0.));
#5311=CARTESIAN_POINT('Origin',(-3.8,-4.7,0.));
#5312=CARTESIAN_POINT('',(-4.3,-4.7,2.76));
#5313=CARTESIAN_POINT('Origin',(-3.8,-4.7,2.76));
#5314=CARTESIAN_POINT('',(-4.3,-4.7,0.));
#5315=CARTESIAN_POINT('Origin',(3.33,-4.2,-0.002));
#5316=CARTESIAN_POINT('Origin',(3.8,-4.95,0.25));
#5317=CARTESIAN_POINT('',(-3.8,-4.95,2.76));
#5318=CARTESIAN_POINT('',(-3.8,-4.95,0.25));
#5319=CARTESIAN_POINT('',(1.9,-4.95,2.76));
#5320=CARTESIAN_POINT('Origin',(3.8,-5.2,0.));
#5321=CARTESIAN_POINT('',(3.8,-5.2,2.76));
#5322=CARTESIAN_POINT('',(3.8,-5.2,0.));
#5323=CARTESIAN_POINT('',(3.8,-5.2,2.76));
#5324=CARTESIAN_POINT('Origin',(0.,0.,2.76));
#5325=CARTESIAN_POINT('',(4.3,-4.7,2.76));
#5326=CARTESIAN_POINT('Origin',(3.8,-4.7,2.76));
#5327=CARTESIAN_POINT('',(4.3,4.7,2.76));
#5328=CARTESIAN_POINT('',(4.3,4.7,2.76));
#5329=CARTESIAN_POINT('',(3.8,5.2,2.76));
#5330=CARTESIAN_POINT('Origin',(3.8,4.7,2.76));
#5331=CARTESIAN_POINT('',(-3.8,5.2,2.76));
#5332=CARTESIAN_POINT('',(-3.8,5.2,2.76));
#5333=CARTESIAN_POINT('',(-4.3,4.7,2.76));
#5334=CARTESIAN_POINT('Origin',(-3.8,4.7,2.76));
#5335=CARTESIAN_POINT('',(-4.3,-4.7,2.76));
#5336=CARTESIAN_POINT('',(-4.05,-4.7,2.76));
#5337=CARTESIAN_POINT('Origin',(-3.8,-4.7,2.76));
#5338=CARTESIAN_POINT('',(-4.05,-3.17416573867739,2.76));
#5339=CARTESIAN_POINT('',(-4.05,-2.35,2.76));
#5340=CARTESIAN_POINT('',(-4.05,-2.42583426132261,2.76));
#5341=CARTESIAN_POINT('Origin',(-3.8,-2.8,2.76));
#5342=CARTESIAN_POINT('',(-4.05,-2.35,2.76));
#5343=CARTESIAN_POINT('',(-3.8,4.95,2.76));
#5344=CARTESIAN_POINT('Origin',(-3.8,4.7,2.76));
#5345=CARTESIAN_POINT('',(3.8,4.95,2.76));
#5346=CARTESIAN_POINT('',(-1.9,4.95,2.76));
#5347=CARTESIAN_POINT('',(4.05,4.7,2.76));
#5348=CARTESIAN_POINT('Origin',(3.8,4.7,2.76));
#5349=CARTESIAN_POINT('',(4.05,2.35,2.76));
#5350=CARTESIAN_POINT('',(4.05,2.35,2.76));
#5351=CARTESIAN_POINT('',(-3.59,-2.8,2.76));
#5352=CARTESIAN_POINT('Origin',(-3.8,-2.8,2.76));
#5353=CARTESIAN_POINT('',(4.01,2.8,2.76));
#5354=CARTESIAN_POINT('Origin',(3.8,2.8,2.76));
#5355=CARTESIAN_POINT('',(4.01,-2.8,2.76));
#5356=CARTESIAN_POINT('Origin',(3.8,-2.8,2.76));
#5357=CARTESIAN_POINT('',(-3.59,2.8,2.76));
#5358=CARTESIAN_POINT('Origin',(-3.8,2.8,2.76));
#5359=CARTESIAN_POINT('Origin',(-2.6,5.05,0.25));
#5360=CARTESIAN_POINT('',(-2.6,4.95,0.7));
#5361=CARTESIAN_POINT('',(-2.6,5.05,0.7));
#5362=CARTESIAN_POINT('',(-2.6,5.037,0.7));
#5363=CARTESIAN_POINT('',(-2.6,5.05,0.75));
#5364=CARTESIAN_POINT('',(-2.6,5.05,0.25));
#5365=CARTESIAN_POINT('',(-2.6,4.92,0.75));
#5366=CARTESIAN_POINT('',(-2.6,5.05,0.75));
#5367=CARTESIAN_POINT('',(-2.6,4.92,0.25));
#5368=CARTESIAN_POINT('',(-2.6,4.95,0.25));
#5369=CARTESIAN_POINT('Origin',(-2.9,5.05,0.25));
#5370=CARTESIAN_POINT('',(-2.9,5.05,0.7));
#5371=CARTESIAN_POINT('',(-1.45,5.05,0.7));
#5372=CARTESIAN_POINT('',(-2.9,5.05,0.75));
#5373=CARTESIAN_POINT('',(-2.9,5.05,0.25));
#5374=CARTESIAN_POINT('',(-2.9,5.05,0.75));
#5375=CARTESIAN_POINT('Origin',(-2.9,4.92,0.25));
#5376=CARTESIAN_POINT('',(-2.9,4.95,0.7));
#5377=CARTESIAN_POINT('',(-2.9,4.972,0.7));
#5378=CARTESIAN_POINT('',(-2.9,4.95,0.25));
#5379=CARTESIAN_POINT('',(-2.9,4.92,0.75));
#5380=CARTESIAN_POINT('',(-2.9,4.92,0.25));
#5381=CARTESIAN_POINT('',(-2.9,4.92,0.75));
#5382=CARTESIAN_POINT('Origin',(-2.6,4.92,0.25));
#5383=CARTESIAN_POINT('',(-2.6,4.92,0.75));
#5384=CARTESIAN_POINT('Origin',(-2.75,4.985,0.75));
#5385=CARTESIAN_POINT('Origin',(0.,5.024,0.7));
#5386=CARTESIAN_POINT('',(2.5,4.95,0.7));
#5387=CARTESIAN_POINT('',(-1.9,4.95,0.7));
#5388=CARTESIAN_POINT('',(2.5,5.05,0.7));
#5389=CARTESIAN_POINT('',(2.5,4.972,0.7));
#5390=CARTESIAN_POINT('',(2.8,5.05,0.7));
#5391=CARTESIAN_POINT('',(1.25,5.05,0.7));
#5392=CARTESIAN_POINT('',(2.8,4.95,0.7));
#5393=CARTESIAN_POINT('',(2.8,5.037,0.7));
#5394=CARTESIAN_POINT('',(3.05,4.95,0.7));
#5395=CARTESIAN_POINT('',(-1.9,4.95,0.7));
#5396=CARTESIAN_POINT('',(3.05,5.1,0.7));
#5397=CARTESIAN_POINT('',(3.05,5.1,0.7));
#5398=CARTESIAN_POINT('',(-3.05,5.1,0.7));
#5399=CARTESIAN_POINT('',(-3.05,5.1,0.7));
#5400=CARTESIAN_POINT('',(-3.05,4.95,0.7));
#5401=CARTESIAN_POINT('',(-3.05,4.948,0.7));
#5402=CARTESIAN_POINT('',(-1.9,4.95,0.7));
#5403=CARTESIAN_POINT('Origin',(-3.8,4.95,0.25));
#5404=CARTESIAN_POINT('',(-3.05,4.95,0.99));
#5405=CARTESIAN_POINT('',(-3.05,4.95,0.475));
#5406=CARTESIAN_POINT('',(-0.15,4.95,0.99));
#5407=CARTESIAN_POINT('',(-1.9,4.95,0.99));
#5408=CARTESIAN_POINT('',(-0.15,4.95,2.05));
#5409=CARTESIAN_POINT('',(-0.15,4.95,1.15));
#5410=CARTESIAN_POINT('',(-0.13,4.95,2.07));
#5411=CARTESIAN_POINT('Origin',(-0.13,4.95,2.05));
#5412=CARTESIAN_POINT('',(0.83,4.95,2.07));
#5413=CARTESIAN_POINT('',(-1.485,4.95,2.07));
#5414=CARTESIAN_POINT('',(0.85,4.95,2.05));
#5415=CARTESIAN_POINT('Origin',(0.83,4.95,2.05));
#5416=CARTESIAN_POINT('',(0.85,4.95,0.99));
#5417=CARTESIAN_POINT('',(0.85,4.95,0.565));
#5418=CARTESIAN_POINT('',(1.2125,4.95,0.99));
#5419=CARTESIAN_POINT('',(-1.9,4.95,0.99));
#5420=CARTESIAN_POINT('',(1.2125,4.95,2.291));
#5421=CARTESIAN_POINT('',(1.2125,4.95,1.2705));
#5422=CARTESIAN_POINT('',(1.2325,4.95,2.311));
#5423=CARTESIAN_POINT('Origin',(1.2325,4.95,2.291));
#5424=CARTESIAN_POINT('',(2.8675,4.95,2.311));
#5425=CARTESIAN_POINT('',(-0.46625,4.95,2.311));
#5426=CARTESIAN_POINT('',(2.8875,4.95,2.291));
#5427=CARTESIAN_POINT('Origin',(2.8675,4.95,2.291));
#5428=CARTESIAN_POINT('',(2.8875,4.95,0.99));
#5429=CARTESIAN_POINT('',(2.8875,4.95,0.565));
#5430=CARTESIAN_POINT('',(3.05,4.95,0.99));
#5431=CARTESIAN_POINT('',(-1.9,4.95,0.99));
#5432=CARTESIAN_POINT('',(3.05,4.95,0.475));
#5433=CARTESIAN_POINT('',(2.8,4.95,0.25));
#5434=CARTESIAN_POINT('',(3.8,4.95,0.25));
#5435=CARTESIAN_POINT('',(-3.8,4.95,0.25));
#5436=CARTESIAN_POINT('',(-2.45,4.95,1.87));
#5437=CARTESIAN_POINT('',(-2.45,4.95,1.27));
#5438=CARTESIAN_POINT('',(-2.45,4.95,1.06));
#5439=CARTESIAN_POINT('',(-2.25,4.95,2.07));
#5440=CARTESIAN_POINT('Origin',(-2.25,4.95,1.87));
#5441=CARTESIAN_POINT('',(-0.65,4.95,2.07));
#5442=CARTESIAN_POINT('',(-2.225,4.95,2.07));
#5443=CARTESIAN_POINT('',(-0.45,4.95,1.87));
#5444=CARTESIAN_POINT('Origin',(-0.65,4.95,1.87));
#5445=CARTESIAN_POINT('',(-0.45,4.95,1.27));
#5446=CARTESIAN_POINT('',(-0.45,4.95,0.76));
#5447=CARTESIAN_POINT('',(-0.65,4.95,1.07));
#5448=CARTESIAN_POINT('Origin',(-0.65,4.95,1.27));
#5449=CARTESIAN_POINT('',(-2.25,4.95,1.07));
#5450=CARTESIAN_POINT('',(-3.025,4.95,1.07));
#5451=CARTESIAN_POINT('Origin',(-2.25,4.95,1.27));
#5452=CARTESIAN_POINT('Origin',(2.8,5.05,0.25));
#5453=CARTESIAN_POINT('',(2.8,5.05,0.75));
#5454=CARTESIAN_POINT('',(2.8,5.05,0.25));
#5455=CARTESIAN_POINT('',(2.8,4.92,0.75));
#5456=CARTESIAN_POINT('',(2.8,5.05,0.75));
#5457=CARTESIAN_POINT('',(2.8,4.92,0.25));
#5458=CARTESIAN_POINT('Origin',(2.5,5.05,0.25));
#5459=CARTESIAN_POINT('',(2.5,5.05,0.75));
#5460=CARTESIAN_POINT('',(2.5,5.05,0.25));
#5461=CARTESIAN_POINT('',(2.5,5.05,0.75));
#5462=CARTESIAN_POINT('Origin',(2.5,4.92,0.25));
#5463=CARTESIAN_POINT('',(2.5,4.95,0.25));
#5464=CARTESIAN_POINT('',(2.5,4.92,0.75));
#5465=CARTESIAN_POINT('',(2.5,4.92,0.25));
#5466=CARTESIAN_POINT('',(2.5,4.92,0.75));
#5467=CARTESIAN_POINT('Origin',(2.8,4.92,0.25));
#5468=CARTESIAN_POINT('',(2.8,4.92,0.75));
#5469=CARTESIAN_POINT('Origin',(2.65,4.985,0.75));
#5470=CARTESIAN_POINT('Origin',(-0.6753,4.6317,1.68));
#5471=CARTESIAN_POINT('',(-0.516412901719492,4.85,1.68));
#5472=CARTESIAN_POINT('',(-0.834187098280508,4.85,1.68));
#5473=CARTESIAN_POINT('',(-1.06265,4.85,1.68));
#5474=CARTESIAN_POINT('Origin',(-0.6753,4.6317,1.68));
#5475=CARTESIAN_POINT('Origin',(-0.6753,4.6317,0.83));
#5476=CARTESIAN_POINT('',(-0.516412901719492,4.85,1.13));
#5477=CARTESIAN_POINT('',(-0.834187098280508,4.85,1.13));
#5478=CARTESIAN_POINT('Origin',(-0.6753,4.6317,1.13));
#5479=CARTESIAN_POINT('',(-0.834187098280508,4.85,1.07));
#5480=CARTESIAN_POINT('',(-0.834187098280508,4.85,0.83));
#5481=CARTESIAN_POINT('',(-0.65,4.90051203470083,1.07));
#5482=CARTESIAN_POINT('Origin',(-0.6753,4.6317,1.07));
#5483=CARTESIAN_POINT('',(-0.516412901719492,4.85,1.12115616514953));
#5484=CARTESIAN_POINT('Ctrl Pts',(-0.65,4.90051203470083,1.07));
#5485=CARTESIAN_POINT('Ctrl Pts',(-0.622741402820389,4.89794651523139,1.07));
#5486=CARTESIAN_POINT('Ctrl Pts',(-0.594926022518919,4.89084662734261,1.07586011190056));
#5487=CARTESIAN_POINT('Ctrl Pts',(-0.549879759336003,4.87182323395299,1.09544407177193));
#5488=CARTESIAN_POINT('Ctrl Pts',(-0.531566833329493,4.86102961164019,1.10755553632029));
#5489=CARTESIAN_POINT('Ctrl Pts',(-0.516412901719492,4.85,1.12115616514953));
#5490=CARTESIAN_POINT('',(-0.516412901719492,4.85,0.83));
#5491=CARTESIAN_POINT('Origin',(-0.6753,4.6317,0.83));
#5492=CARTESIAN_POINT('',(-0.516412901719492,4.85,1.48));
#5493=CARTESIAN_POINT('',(-0.516412901719492,4.85,0.83));
#5494=CARTESIAN_POINT('',(-0.834187098280508,4.85,1.48));
#5495=CARTESIAN_POINT('',(-0.834187098280508,4.85,0.83));
#5496=CARTESIAN_POINT('Origin',(-0.6753,4.6317,1.48));
#5497=CARTESIAN_POINT('Origin',(-2.1993,4.6317,1.68));
#5498=CARTESIAN_POINT('',(-2.04041290171949,4.85,1.68));
#5499=CARTESIAN_POINT('',(-2.35818709828051,4.85,1.68));
#5500=CARTESIAN_POINT('',(-1.82465,4.85,1.68));
#5501=CARTESIAN_POINT('Origin',(-2.1993,4.6317,1.68));
#5502=CARTESIAN_POINT('Origin',(-2.1993,4.6317,0.83));
#5503=CARTESIAN_POINT('',(-2.04041290171949,4.85,1.13));
#5504=CARTESIAN_POINT('',(-2.35818709828051,4.85,1.13));
#5505=CARTESIAN_POINT('Origin',(-2.1993,4.6317,1.13));
#5506=CARTESIAN_POINT('',(-2.35818709828051,4.85,1.10178718311126));
#5507=CARTESIAN_POINT('',(-2.35818709828051,4.85,0.83));
#5508=CARTESIAN_POINT('',(-2.25,4.89689711536893,1.07));
#5509=CARTESIAN_POINT('Ctrl Pts',(-2.35818709828051,4.85,1.10178718311126));
#5510=CARTESIAN_POINT('Ctrl Pts',(-2.35003824108665,4.85593105026951,1.09654619594743));
#5511=CARTESIAN_POINT('Ctrl Pts',(-2.34131541914106,4.86157615183718,1.0917779949219));
#5512=CARTESIAN_POINT('Ctrl Pts',(-2.30721345981258,4.88084539643866,1.07642035297845));
#5513=CARTESIAN_POINT('Ctrl Pts',(-2.27864661726068,4.89142049661651,1.07));
#5514=CARTESIAN_POINT('Ctrl Pts',(-2.25,4.89689711536893,1.07));
#5515=CARTESIAN_POINT('',(-2.04041290171949,4.85,1.07));
#5516=CARTESIAN_POINT('Origin',(-2.1993,4.6317,1.07));
#5517=CARTESIAN_POINT('',(-2.04041290171949,4.85,0.83));
#5518=CARTESIAN_POINT('Origin',(-2.1993,4.6317,0.83));
#5519=CARTESIAN_POINT('',(-2.04041290171949,4.85,1.48));
#5520=CARTESIAN_POINT('',(-2.04041290171949,4.85,0.83));
#5521=CARTESIAN_POINT('',(-2.35818709828051,4.85,1.48));
#5522=CARTESIAN_POINT('',(-2.35818709828051,4.85,0.83));
#5523=CARTESIAN_POINT('Origin',(-2.1993,4.6317,1.48));
#5524=CARTESIAN_POINT('Origin',(-0.65,4.85,1.27));
#5525=CARTESIAN_POINT('',(-0.65,4.85,1.07));
#5526=CARTESIAN_POINT('',(-0.45,4.9057,1.27));
#5527=CARTESIAN_POINT('',(-0.45,4.85,1.27));
#5528=CARTESIAN_POINT('',(-0.507171431429143,4.9057,1.13));
#5529=CARTESIAN_POINT('Origin',(-0.65,4.9057,1.27));
#5530=CARTESIAN_POINT('',(-0.507171431429143,4.85,1.13));
#5531=CARTESIAN_POINT('',(-0.507171431429143,4.85,1.13));
#5532=CARTESIAN_POINT('Origin',(-0.65,4.85,1.27));
#5533=CARTESIAN_POINT('Origin',(-1.45,4.85,1.57));
#5534=CARTESIAN_POINT('',(-0.45,4.85,1.48));
#5535=CARTESIAN_POINT('',(-1.45,4.85,1.48));
#5536=CARTESIAN_POINT('',(-0.45,4.85,1.87));
#5537=CARTESIAN_POINT('',(-0.45,4.85,1.87));
#5538=CARTESIAN_POINT('',(-0.65,4.85,2.07));
#5539=CARTESIAN_POINT('Origin',(-0.65,4.85,1.87));
#5540=CARTESIAN_POINT('',(-2.25,4.85,2.07));
#5541=CARTESIAN_POINT('',(-2.25,4.85,2.07));
#5542=CARTESIAN_POINT('',(-2.45,4.85,1.87));
#5543=CARTESIAN_POINT('Origin',(-2.25,4.85,1.87));
#5544=CARTESIAN_POINT('',(-2.45,4.85,1.48));
#5545=CARTESIAN_POINT('',(-2.45,4.85,1.27));
#5546=CARTESIAN_POINT('',(-1.45,4.85,1.48));
#5547=CARTESIAN_POINT('',(-1.957,4.85,1.48));
#5548=CARTESIAN_POINT('',(-1.45,4.85,1.48));
#5549=CARTESIAN_POINT('',(-1.957,4.85,1.73));
#5550=CARTESIAN_POINT('',(-1.957,4.85,1.65));
#5551=CARTESIAN_POINT('',(-1.917,4.85,1.77));
#5552=CARTESIAN_POINT('Origin',(-1.917,4.85,1.73));
#5553=CARTESIAN_POINT('',(-0.983,4.85,1.77));
#5554=CARTESIAN_POINT('',(-1.2165,4.85,1.77));
#5555=CARTESIAN_POINT('',(-0.943,4.85,1.73));
#5556=CARTESIAN_POINT('Origin',(-0.983,4.85,1.73));
#5557=CARTESIAN_POINT('',(-0.943,4.85,1.48));
#5558=CARTESIAN_POINT('',(-0.943,4.85,1.455));
#5559=CARTESIAN_POINT('',(-1.45,4.85,1.48));
#5560=CARTESIAN_POINT('Origin',(-1.45,4.85,1.57));
#5561=CARTESIAN_POINT('',(-1.45,4.85,1.13));
#5562=CARTESIAN_POINT('Origin',(-1.45,4.85,1.57));
#5563=CARTESIAN_POINT('',(-2.39282856857086,4.85,1.13));
#5564=CARTESIAN_POINT('',(-1.45,4.85,1.13));
#5565=CARTESIAN_POINT('Origin',(-2.25,4.85,1.27));
#5566=CARTESIAN_POINT('Origin',(-1.45,4.87685,1.48));
#5567=CARTESIAN_POINT('',(-2.45,4.9057,1.48));
#5568=CARTESIAN_POINT('',(-2.45,4.863425,1.48));
#5569=CARTESIAN_POINT('',(-1.957,4.9057,1.48));
#5570=CARTESIAN_POINT('',(-2.486,4.9057,1.48));
#5571=CARTESIAN_POINT('',(-1.957,4.788425,1.48));
#5572=CARTESIAN_POINT('Origin',(-2.486,4.9057,1.13));
#5573=CARTESIAN_POINT('',(-0.943,4.9057,1.48));
#5574=CARTESIAN_POINT('',(-0.943,4.9057,1.34));
#5575=CARTESIAN_POINT('',(-0.943,4.9057,1.235));
#5576=CARTESIAN_POINT('',(-0.983,4.9057,1.3));
#5577=CARTESIAN_POINT('Origin',(-0.983,4.9057,1.34));
#5578=CARTESIAN_POINT('',(-1.917,4.9057,1.3));
#5579=CARTESIAN_POINT('',(-2.2015,4.9057,1.3));
#5580=CARTESIAN_POINT('',(-1.957,4.9057,1.34));
#5581=CARTESIAN_POINT('Origin',(-1.917,4.9057,1.34));
#5582=CARTESIAN_POINT('',(-1.957,4.9057,1.43));
#5583=CARTESIAN_POINT('',(-2.45,4.9057,1.27));
#5584=CARTESIAN_POINT('',(-2.45,4.9057,1.5));
#5585=CARTESIAN_POINT('',(-2.39282856857086,4.9057,1.13));
#5586=CARTESIAN_POINT('Origin',(-2.25,4.9057,1.27));
#5587=CARTESIAN_POINT('',(-2.486,4.9057,1.13));
#5588=CARTESIAN_POINT('',(-0.45,4.9057,1.48));
#5589=CARTESIAN_POINT('',(-0.45,4.9057,1.2));
#5590=CARTESIAN_POINT('',(-2.486,4.9057,1.48));
#5591=CARTESIAN_POINT('Origin',(-1.45,4.87685,1.48));
#5592=CARTESIAN_POINT('',(-0.943,4.788425,1.48));
#5593=CARTESIAN_POINT('',(-0.45,4.863425,1.48));
#5594=CARTESIAN_POINT('Origin',(-1.45,4.87685,1.13));
#5595=CARTESIAN_POINT('',(-2.39282856857086,4.85,1.13));
#5596=CARTESIAN_POINT('',(-1.45,4.85,1.13));
#5597=CARTESIAN_POINT('Origin',(-0.983,4.7,1.34));
#5598=CARTESIAN_POINT('',(-0.943,5.,1.34));
#5599=CARTESIAN_POINT('',(-0.943,4.7,1.34));
#5600=CARTESIAN_POINT('',(-0.983,5.,1.3));
#5601=CARTESIAN_POINT('Origin',(-0.983,5.,1.34));
#5602=CARTESIAN_POINT('',(-0.983,4.7,1.3));
#5603=CARTESIAN_POINT('Origin',(-1.917,4.7,1.3));
#5604=CARTESIAN_POINT('',(-1.917,5.,1.3));
#5605=CARTESIAN_POINT('',(-1.6835,5.,1.3));
#5606=CARTESIAN_POINT('',(-1.917,4.7,1.3));
#5607=CARTESIAN_POINT('Origin',(-1.917,4.7,1.34));
#5608=CARTESIAN_POINT('',(-1.957,5.,1.34));
#5609=CARTESIAN_POINT('Origin',(-1.917,5.,1.34));
#5610=CARTESIAN_POINT('',(-1.957,4.7,1.34));
#5611=CARTESIAN_POINT('Origin',(-1.957,4.7,1.73));
#5612=CARTESIAN_POINT('',(-1.957,5.,1.73));
#5613=CARTESIAN_POINT('',(-1.957,5.,1.65));
#5614=CARTESIAN_POINT('',(-1.957,4.7,1.73));
#5615=CARTESIAN_POINT('Origin',(-1.45,4.85,1.57));
#5616=CARTESIAN_POINT('',(-0.65,4.85,1.07));
#5617=CARTESIAN_POINT('Origin',(-2.45,4.85,1.87));
#5618=CARTESIAN_POINT('',(-2.45,4.85,1.87));
#5619=CARTESIAN_POINT('',(-2.45,4.85,1.27));
#5620=CARTESIAN_POINT('Origin',(-3.05,5.1,0.7));
#5621=CARTESIAN_POINT('',(0.85,5.1,0.99));
#5622=CARTESIAN_POINT('',(0.85,5.1,0.88));
#5623=CARTESIAN_POINT('',(0.85,5.1,0.79));
#5624=CARTESIAN_POINT('',(0.83,5.1,0.86));
#5625=CARTESIAN_POINT('Origin',(0.83,5.1,0.88));
#5626=CARTESIAN_POINT('',(-0.13,5.1,0.86));
#5627=CARTESIAN_POINT('',(-1.59,5.1,0.86));
#5628=CARTESIAN_POINT('',(-0.15,5.1,0.88));
#5629=CARTESIAN_POINT('Origin',(-0.13,5.1,0.88));
#5630=CARTESIAN_POINT('',(-0.15,5.1,0.99));
#5631=CARTESIAN_POINT('',(-0.15,5.1,1.375));
#5632=CARTESIAN_POINT('',(-3.05,5.1,0.99));
#5633=CARTESIAN_POINT('',(-3.05,5.1,0.99));
#5634=CARTESIAN_POINT('',(-3.05,5.1,0.7));
#5635=CARTESIAN_POINT('',(3.05,5.1,0.99));
#5636=CARTESIAN_POINT('',(3.05,5.1,0.7));
#5637=CARTESIAN_POINT('',(2.8875,5.1,0.99));
#5638=CARTESIAN_POINT('',(-3.05,5.1,0.99));
#5639=CARTESIAN_POINT('',(2.8875,5.1,0.88));
#5640=CARTESIAN_POINT('',(2.8875,5.1,0.79));
#5641=CARTESIAN_POINT('',(2.8675,5.1,0.86));
#5642=CARTESIAN_POINT('Origin',(2.8675,5.1,0.88));
#5643=CARTESIAN_POINT('',(1.2325,5.1,0.86));
#5644=CARTESIAN_POINT('',(-0.90875,5.1,0.86));
#5645=CARTESIAN_POINT('',(1.2125,5.1,0.88));
#5646=CARTESIAN_POINT('Origin',(1.2325,5.1,0.88));
#5647=CARTESIAN_POINT('',(1.2125,5.1,0.99));
#5648=CARTESIAN_POINT('',(1.2125,5.1,1.4955));
#5649=CARTESIAN_POINT('',(-3.05,5.1,0.99));
#5650=CARTESIAN_POINT('Origin',(0.,5.024,0.99));
#5651=CARTESIAN_POINT('',(-0.15,4.862,0.99));
#5652=CARTESIAN_POINT('',(-3.05,4.948,0.99));
#5653=CARTESIAN_POINT('Origin',(0.,5.024,0.99));
#5654=CARTESIAN_POINT('',(2.8875,4.862,0.99));
#5655=CARTESIAN_POINT('',(3.05,5.1,0.99));
#5656=CARTESIAN_POINT('Origin',(-3.05,4.948,0.7));
#5657=CARTESIAN_POINT('Origin',(3.05,5.1,0.7));
#5658=CARTESIAN_POINT('Origin',(0.,5.024,0.99));
#5659=CARTESIAN_POINT('',(0.85,4.862,0.99));
#5660=CARTESIAN_POINT('',(1.2125,4.862,0.99));
#5661=CARTESIAN_POINT('Origin',(0.85,4.7,0.88));
#5662=CARTESIAN_POINT('',(0.85,5.2,2.05));
#5663=CARTESIAN_POINT('',(0.85,4.7,2.05));
#5664=CARTESIAN_POINT('',(0.85,5.2,0.88));
#5665=CARTESIAN_POINT('',(0.85,5.2,0.44));
#5666=CARTESIAN_POINT('',(0.85,4.7,0.88));
#5667=CARTESIAN_POINT('Origin',(0.83,4.7,0.88));
#5668=CARTESIAN_POINT('',(0.83,5.2,0.86));
#5669=CARTESIAN_POINT('Origin',(0.83,5.2,0.88));
#5670=CARTESIAN_POINT('',(0.83,4.7,0.86));
#5671=CARTESIAN_POINT('Origin',(-0.13,4.7,0.86));
#5672=CARTESIAN_POINT('',(-0.13,5.2,0.86));
#5673=CARTESIAN_POINT('',(-1.965,5.2,0.86));
#5674=CARTESIAN_POINT('',(-0.13,4.7,0.86));
#5675=CARTESIAN_POINT('Origin',(-0.13,4.7,0.88));
#5676=CARTESIAN_POINT('',(-0.15,5.2,0.88));
#5677=CARTESIAN_POINT('Origin',(-0.13,5.2,0.88));
#5678=CARTESIAN_POINT('',(-0.15,4.7,0.88));
#5679=CARTESIAN_POINT('Origin',(-0.15,4.7,2.05));
#5680=CARTESIAN_POINT('',(-0.15,5.2,2.05));
#5681=CARTESIAN_POINT('',(-0.15,5.2,1.025));
#5682=CARTESIAN_POINT('',(-0.15,4.7,2.05));
#5683=CARTESIAN_POINT('Origin',(-0.45,5.,1.27));
#5684=CARTESIAN_POINT('',(-0.45,5.2,1.87));
#5685=CARTESIAN_POINT('',(-0.45,5.2,1.27));
#5686=CARTESIAN_POINT('',(-0.45,5.2,0.635));
#5687=CARTESIAN_POINT('',(-0.45,5.,1.27));
#5688=CARTESIAN_POINT('',(-0.45,5.,1.27));
#5689=CARTESIAN_POINT('',(-0.45,5.,1.87));
#5690=CARTESIAN_POINT('',(-0.45,5.,1.87));
#5691=CARTESIAN_POINT('',(-0.45,5.,1.87));
#5692=CARTESIAN_POINT('Origin',(-0.65,5.,1.27));
#5693=CARTESIAN_POINT('',(-0.65,5.2,1.07));
#5694=CARTESIAN_POINT('Origin',(-0.65,5.2,1.27));
#5695=CARTESIAN_POINT('',(-0.65,5.,1.07));
#5696=CARTESIAN_POINT('',(-0.65,5.,1.07));
#5697=CARTESIAN_POINT('Origin',(-0.65,5.,1.27));
#5698=CARTESIAN_POINT('Origin',(-2.25,5.,1.07));
#5699=CARTESIAN_POINT('',(-2.25,5.2,1.07));
#5700=CARTESIAN_POINT('',(-3.025,5.2,1.07));
#5701=CARTESIAN_POINT('',(-2.25,5.,1.07));
#5702=CARTESIAN_POINT('',(-2.25,5.,1.07));
#5703=CARTESIAN_POINT('',(-0.65,5.,1.07));
#5704=CARTESIAN_POINT('Origin',(-2.25,5.,1.27));
#5705=CARTESIAN_POINT('',(-2.45,5.2,1.27));
#5706=CARTESIAN_POINT('Origin',(-2.25,5.2,1.27));
#5707=CARTESIAN_POINT('',(-2.45,5.,1.27));
#5708=CARTESIAN_POINT('',(-2.45,5.,1.27));
#5709=CARTESIAN_POINT('Origin',(-2.25,5.,1.27));
#5710=CARTESIAN_POINT('Origin',(-2.45,5.,1.87));
#5711=CARTESIAN_POINT('',(-2.45,5.2,1.87));
#5712=CARTESIAN_POINT('',(-2.45,5.2,0.935));
#5713=CARTESIAN_POINT('',(-2.45,5.,1.87));
#5714=CARTESIAN_POINT('',(-2.45,5.,1.87));
#5715=CARTESIAN_POINT('',(-2.45,5.,1.27));
#5716=CARTESIAN_POINT('Origin',(-2.25,5.,1.87));
#5717=CARTESIAN_POINT('',(-2.25,5.2,2.07));
#5718=CARTESIAN_POINT('Origin',(-2.25,5.2,1.87));
#5719=CARTESIAN_POINT('',(-2.25,5.,2.07));
#5720=CARTESIAN_POINT('',(-2.25,5.,2.07));
#5721=CARTESIAN_POINT('Origin',(-2.25,5.,1.87));
#5722=CARTESIAN_POINT('Origin',(-0.65,5.,2.07));
#5723=CARTESIAN_POINT('',(-0.65,5.2,2.07));
#5724=CARTESIAN_POINT('',(-2.225,5.2,2.07));
#5725=CARTESIAN_POINT('',(-0.65,5.,2.07));
#5726=CARTESIAN_POINT('',(-0.65,5.,2.07));
#5727=CARTESIAN_POINT('',(-2.25,5.,2.07));
#5728=CARTESIAN_POINT('Origin',(-0.65,5.,1.87));
#5729=CARTESIAN_POINT('Origin',(-0.65,5.2,1.87));
#5730=CARTESIAN_POINT('Origin',(-0.65,5.,1.87));
#5731=CARTESIAN_POINT('Origin',(-1.45,5.,1.57));
#5732=CARTESIAN_POINT('',(-0.943,5.,1.73));
#5733=CARTESIAN_POINT('',(-0.943,5.,1.455));
#5734=CARTESIAN_POINT('',(-0.983,5.,1.77));
#5735=CARTESIAN_POINT('Origin',(-0.983,5.,1.73));
#5736=CARTESIAN_POINT('',(-1.917,5.,1.77));
#5737=CARTESIAN_POINT('',(-1.2165,5.,1.77));
#5738=CARTESIAN_POINT('Origin',(-1.917,5.,1.73));
#5739=CARTESIAN_POINT('Origin',(-0.943,4.7,1.34));
#5740=CARTESIAN_POINT('',(-0.943,4.7,1.73));
#5741=CARTESIAN_POINT('Origin',(-0.983,4.7,1.73));
#5742=CARTESIAN_POINT('',(-0.983,4.7,1.77));
#5743=CARTESIAN_POINT('Origin',(-0.983,4.7,1.77));
#5744=CARTESIAN_POINT('',(-1.917,4.7,1.77));
#5745=CARTESIAN_POINT('Origin',(-1.917,4.7,1.73));
#5746=CARTESIAN_POINT('Origin',(0.83,4.7,2.05));
#5747=CARTESIAN_POINT('',(0.83,5.2,2.07));
#5748=CARTESIAN_POINT('',(0.83,4.7,2.07));
#5749=CARTESIAN_POINT('Origin',(0.83,5.2,2.05));
#5750=CARTESIAN_POINT('Origin',(0.83,4.7,2.07));
#5751=CARTESIAN_POINT('',(-0.13,5.2,2.07));
#5752=CARTESIAN_POINT('',(-0.13,4.7,2.07));
#5753=CARTESIAN_POINT('',(-1.485,5.2,2.07));
#5754=CARTESIAN_POINT('Origin',(-0.13,4.7,2.05));
#5755=CARTESIAN_POINT('Origin',(-0.13,5.2,2.05));
#5756=CARTESIAN_POINT('Origin',(2.8875,4.7,0.88));
#5757=CARTESIAN_POINT('',(2.8875,5.2,2.291));
#5758=CARTESIAN_POINT('',(2.8875,4.7,2.291));
#5759=CARTESIAN_POINT('',(2.8875,5.2,0.88));
#5760=CARTESIAN_POINT('',(2.8875,5.2,0.44));
#5761=CARTESIAN_POINT('',(2.8875,4.7,0.88));
#5762=CARTESIAN_POINT('Origin',(2.8675,4.7,2.291));
#5763=CARTESIAN_POINT('',(2.8675,5.2,2.311));
#5764=CARTESIAN_POINT('',(2.8675,4.7,2.311));
#5765=CARTESIAN_POINT('Origin',(2.8675,5.2,2.291));
#5766=CARTESIAN_POINT('Origin',(2.8675,4.7,2.311));
#5767=CARTESIAN_POINT('',(1.2325,5.2,2.311));
#5768=CARTESIAN_POINT('',(1.2325,4.7,2.311));
#5769=CARTESIAN_POINT('',(-0.46625,5.2,2.311));
#5770=CARTESIAN_POINT('Origin',(1.2325,4.7,2.291));
#5771=CARTESIAN_POINT('',(1.2125,5.2,2.291));
#5772=CARTESIAN_POINT('',(1.2125,4.7,2.291));
#5773=CARTESIAN_POINT('Origin',(1.2325,5.2,2.291));
#5774=CARTESIAN_POINT('Origin',(1.2125,4.7,2.291));
#5775=CARTESIAN_POINT('',(1.2125,5.2,0.88));
#5776=CARTESIAN_POINT('',(1.2125,4.7,0.88));
#5777=CARTESIAN_POINT('',(1.2125,5.2,1.1455));
#5778=CARTESIAN_POINT('Origin',(2.8675,4.7,0.88));
#5779=CARTESIAN_POINT('',(2.8675,5.2,0.86));
#5780=CARTESIAN_POINT('Origin',(2.8675,5.2,0.88));
#5781=CARTESIAN_POINT('',(2.8675,4.7,0.86));
#5782=CARTESIAN_POINT('Origin',(1.2325,4.7,0.86));
#5783=CARTESIAN_POINT('',(1.2325,5.2,0.86));
#5784=CARTESIAN_POINT('',(-1.28375,5.2,0.86));
#5785=CARTESIAN_POINT('',(1.2325,4.7,0.86));
#5786=CARTESIAN_POINT('Origin',(1.2325,4.7,0.88));
#5787=CARTESIAN_POINT('Origin',(1.2325,5.2,0.88));
#5788=CARTESIAN_POINT('Origin',(-3.8,-2.8,2.26));
#5789=CARTESIAN_POINT('',(-3.59,-2.8,2.26));
#5790=CARTESIAN_POINT('Origin',(-3.8,-2.8,2.26));
#5791=CARTESIAN_POINT('',(-3.59,-2.8,2.26));
#5792=CARTESIAN_POINT('Origin',(-3.8,-2.8,2.26));
#5793=CARTESIAN_POINT('Origin',(3.8,2.8,2.26));
#5794=CARTESIAN_POINT('',(4.01,2.8,2.26));
#5795=CARTESIAN_POINT('Origin',(3.8,2.8,2.26));
#5796=CARTESIAN_POINT('',(4.01,2.8,2.26));
#5797=CARTESIAN_POINT('Origin',(3.8,2.8,2.26));
#5798=CARTESIAN_POINT('Origin',(3.8,-2.8,2.26));
#5799=CARTESIAN_POINT('',(4.01,-2.8,2.26));
#5800=CARTESIAN_POINT('Origin',(3.8,-2.8,2.26));
#5801=CARTESIAN_POINT('',(4.01,-2.8,2.26));
#5802=CARTESIAN_POINT('Origin',(3.8,-2.8,2.26));
#5803=CARTESIAN_POINT('Origin',(-3.8,2.8,2.26));
#5804=CARTESIAN_POINT('',(-3.59,2.8,2.26));
#5805=CARTESIAN_POINT('Origin',(-3.8,2.8,2.26));
#5806=CARTESIAN_POINT('',(-3.59,2.8,2.26));
#5807=CARTESIAN_POINT('Origin',(-3.8,2.8,2.26));
#5808=CARTESIAN_POINT('Origin',(-2.55,-3.7,0.25));
#5809=CARTESIAN_POINT('',(-2.34,-3.7,0.25));
#5810=CARTESIAN_POINT('Origin',(-2.55,-3.7,0.25));
#5811=CARTESIAN_POINT('',(-2.34,-3.7,0.75));
#5812=CARTESIAN_POINT('',(-2.34,-3.7,0.25));
#5813=CARTESIAN_POINT('Origin',(-2.55,-3.7,0.75));
#5814=CARTESIAN_POINT('Origin',(-2.55,-3.7,0.25));
#5815=CARTESIAN_POINT('Origin',(2.55,2.1,0.25));
#5816=CARTESIAN_POINT('',(2.76,2.1,0.25));
#5817=CARTESIAN_POINT('Origin',(2.55,2.1,0.25));
#5818=CARTESIAN_POINT('',(2.76,2.1,0.75));
#5819=CARTESIAN_POINT('',(2.76,2.1,0.25));
#5820=CARTESIAN_POINT('Origin',(2.55,2.1,0.75));
#5821=CARTESIAN_POINT('Origin',(2.55,2.1,0.25));
#5822=CARTESIAN_POINT('Origin',(2.55,-3.7,0.25));
#5823=CARTESIAN_POINT('',(2.76,-3.7,0.25));
#5824=CARTESIAN_POINT('Origin',(2.55,-3.7,0.25));
#5825=CARTESIAN_POINT('',(2.76,-3.7,0.75));
#5826=CARTESIAN_POINT('',(2.76,-3.7,0.25));
#5827=CARTESIAN_POINT('Origin',(2.55,-3.7,0.75));
#5828=CARTESIAN_POINT('Origin',(2.55,-3.7,0.25));
#5829=CARTESIAN_POINT('Origin',(-2.55,2.1,0.25));
#5830=CARTESIAN_POINT('',(-2.34,2.1,0.25));
#5831=CARTESIAN_POINT('Origin',(-2.55,2.1,0.25));
#5832=CARTESIAN_POINT('',(-2.34,2.1,0.75));
#5833=CARTESIAN_POINT('',(-2.34,2.1,0.25));
#5834=CARTESIAN_POINT('Origin',(-2.55,2.1,0.75));
#5835=CARTESIAN_POINT('Origin',(-2.55,2.1,0.25));
#5836=CARTESIAN_POINT('Origin',(-2.25,4.85,1.07));
#5837=CARTESIAN_POINT('',(-2.25,4.85,1.07));
#5838=CARTESIAN_POINT('Origin',(-2.25,4.85,1.27));
#5839=CARTESIAN_POINT('Origin',(-2.25,4.85,1.87));
#5840=CARTESIAN_POINT('',(-2.25,4.85,2.07));
#5841=CARTESIAN_POINT('Origin',(-0.65,4.85,2.07));
#5842=CARTESIAN_POINT('',(-0.65,4.85,2.07));
#5843=CARTESIAN_POINT('Origin',(-0.65,4.85,1.87));
#5844=CARTESIAN_POINT('',(-0.45,4.85,1.87));
#5845=CARTESIAN_POINT('Origin',(-0.45,4.85,1.27));
#5846=CARTESIAN_POINT('Origin',(4.05,4.7,0.25));
#5847=CARTESIAN_POINT('Origin',(4.05,4.7,0.25));
#5848=CARTESIAN_POINT('',(4.05,4.7,0.25));
#5849=CARTESIAN_POINT('Origin',(-3.8,-2.8,0.25));
#5850=CARTESIAN_POINT('',(-4.05,-2.42583426132261,0.25));
#5851=CARTESIAN_POINT('',(-4.05,-3.17416573867739,0.25));
#5852=CARTESIAN_POINT('Origin',(-4.05,-4.7,0.25));
#5853=CARTESIAN_POINT('',(-4.05,-4.7,0.25));
#5854=CARTESIAN_POINT('Origin',(-4.05,-4.7,0.25));
#5855=CARTESIAN_POINT('Origin',(-2.55,2.1,0.25));
#5856=CARTESIAN_POINT('',(-2.1,2.1,0.75));
#5857=CARTESIAN_POINT('Origin',(-2.55,2.1,0.75));
#5858=CARTESIAN_POINT('',(-2.1,2.1,0.25));
#5859=CARTESIAN_POINT('Origin',(-2.55,2.1,0.75));
#5860=CARTESIAN_POINT('Origin',(2.55,-3.7,0.25));
#5861=CARTESIAN_POINT('',(3.,-3.7,0.75));
#5862=CARTESIAN_POINT('Origin',(2.55,-3.7,0.75));
#5863=CARTESIAN_POINT('',(3.,-3.7,0.25));
#5864=CARTESIAN_POINT('Origin',(2.55,-3.7,0.75));
#5865=CARTESIAN_POINT('Origin',(2.55,2.1,0.25));
#5866=CARTESIAN_POINT('',(3.,2.1,0.75));
#5867=CARTESIAN_POINT('Origin',(2.55,2.1,0.75));
#5868=CARTESIAN_POINT('',(3.,2.1,0.25));
#5869=CARTESIAN_POINT('Origin',(2.55,2.1,0.75));
#5870=CARTESIAN_POINT('Origin',(-2.55,-3.7,0.25));
#5871=CARTESIAN_POINT('',(-2.1,-3.7,0.75));
#5872=CARTESIAN_POINT('Origin',(-2.55,-3.7,0.75));
#5873=CARTESIAN_POINT('',(-2.1,-3.7,0.25));
#5874=CARTESIAN_POINT('Origin',(-2.55,-3.7,0.75));
#5875=CARTESIAN_POINT('Origin',(-3.8,-4.7,0.25));
#5876=CARTESIAN_POINT('Origin',(3.8,4.7,0.25));
#5877=CARTESIAN_POINT('Origin',(-3.8,4.95,0.25));
#5878=CARTESIAN_POINT('Origin',(-3.8,4.7,0.25));
#5879=CARTESIAN_POINT('Origin',(4.3,4.7,0.));
#5880=CARTESIAN_POINT('',(4.3,4.7,0.));
#5881=CARTESIAN_POINT('',(4.3,-4.7,0.));
#5882=CARTESIAN_POINT('Origin',(3.8,4.7,0.));
#5883=CARTESIAN_POINT('',(3.8,5.2,0.));
#5884=CARTESIAN_POINT('Origin',(-3.8,5.2,0.));
#5885=CARTESIAN_POINT('',(-3.8,5.2,0.));
#5886=CARTESIAN_POINT('Origin',(-3.8,4.7,0.));
#5887=CARTESIAN_POINT('',(-4.3,4.7,0.));
#5888=CARTESIAN_POINT('Origin',(-4.3,-4.7,0.));
#5889=CARTESIAN_POINT('Origin',(3.8,-4.7,0.));
#5890=UNCERTAINTY_MEASURE_WITH_UNIT(LENGTH_MEASURE(0.001),#5894,
'DISTANCE_ACCURACY_VALUE',
'Maximum model space distance between geometric entities at asserted c
onnectivities');
#5891=UNCERTAINTY_MEASURE_WITH_UNIT(LENGTH_MEASURE(0.001),#5894,
'DISTANCE_ACCURACY_VALUE',
'Maximum model space distance between geometric entities at asserted c
onnectivities');
#5892=(
GEOMETRIC_REPRESENTATION_CONTEXT(3)
GLOBAL_UNCERTAINTY_ASSIGNED_CONTEXT((#5890))
GLOBAL_UNIT_ASSIGNED_CONTEXT((#5894,#5896,#5897))
REPRESENTATION_CONTEXT('','3D')
);
#5893=(
GEOMETRIC_REPRESENTATION_CONTEXT(3)
GLOBAL_UNCERTAINTY_ASSIGNED_CONTEXT((#5891))
GLOBAL_UNIT_ASSIGNED_CONTEXT((#5894,#5896,#5897))
REPRESENTATION_CONTEXT('','3D')
);
#5894=(
LENGTH_UNIT()
NAMED_UNIT(*)
SI_UNIT(.CENTI.,.METRE.)
);
#5895=(
LENGTH_UNIT()
NAMED_UNIT(*)
SI_UNIT($,.METRE.)
);
#5896=(
NAMED_UNIT(*)
PLANE_ANGLE_UNIT()
SI_UNIT($,.RADIAN.)
);
#5897=(
NAMED_UNIT(*)
SI_UNIT($,.STERADIAN.)
SOLID_ANGLE_UNIT()
);
#5898=SHAPE_DEFINITION_REPRESENTATION(#5899,#5900);
#5899=PRODUCT_DEFINITION_SHAPE('',$,#5902);
#5900=SHAPE_REPRESENTATION('',(#3536),#5892);
#5901=PRODUCT_DEFINITION_CONTEXT('part definition',#5906,'design');
#5902=PRODUCT_DEFINITION(
'01 Bottom shell - fitted guides and 4.2mm pilots',
'01 Bottom shell - fitted guides and 4.2mm pilots',#5903,#5901);
#5903=PRODUCT_DEFINITION_FORMATION('',$,#5908);
#5904=PRODUCT_RELATED_PRODUCT_CATEGORY(
'01 Bottom shell - fitted guides and 4.2mm pilots',
'01 Bottom shell - fitted guides and 4.2mm pilots',(#5908));
#5905=APPLICATION_PROTOCOL_DEFINITION('international standard',
'automotive_design',2009,#5906);
#5906=APPLICATION_CONTEXT(
'Core Data for Automotive Mechanical Design Process');
#5907=PRODUCT_CONTEXT('part definition',#5906,'mechanical');
#5908=PRODUCT('01 Bottom shell - fitted guides and 4.2mm pilots',
'01 Bottom shell - fitted guides and 4.2mm pilots',$,(#5907));
#5909=PRESENTATION_STYLE_ASSIGNMENT((#5911));
#5910=PRESENTATION_STYLE_ASSIGNMENT((#5912));
#5911=SURFACE_STYLE_USAGE(.BOTH.,#5913);
#5912=SURFACE_STYLE_USAGE(.BOTH.,#5914);
#5913=SURFACE_SIDE_STYLE('',(#5915));
#5914=SURFACE_SIDE_STYLE('',(#5916));
#5915=SURFACE_STYLE_FILL_AREA(#5917);
#5916=SURFACE_STYLE_FILL_AREA(#5918);
#5917=FILL_AREA_STYLE('Steel - Satin',(#5919));
#5918=FILL_AREA_STYLE('Case bottom slate',(#5920));
#5919=FILL_AREA_STYLE_COLOUR('Steel - Satin',#5921);
#5920=FILL_AREA_STYLE_COLOUR('Case bottom slate',#5922);
#5921=COLOUR_RGB('Steel - Satin',0.627450980392157,0.627450980392157,0.627450980392157);
#5922=COLOUR_RGB('Case bottom slate',0.282352941176471,0.356862745098039,
0.415686274509804);
ENDSEC;
END-ISO-10303-21;
