ISO-10303-21;
HEADER;
/* Generated by software containing ST-Developer
 * from STEP Tools, Inc. (www.steptools.com) 
 */

FILE_DESCRIPTION(
/* description */ (''),
/* implementation_level */ '2;1');

FILE_NAME(
/* name */ 'probe-fascia.step',
/* time_stamp */ '2026-09-15T10:15:49-07:00',
/* author */ (''),
/* organization */ (''),
/* preprocessor_version */ 'ST-DEVELOPER v20.2',
/* originating_system */ 'Autodesk Translation Framework v15.15.0.0',
/* authorisation */ '');

FILE_SCHEMA (('AUTOMOTIVE_DESIGN { 1 0 10303 214 3 1 1 }'));
ENDSEC;

DATA;
#10=MECHANICAL_DESIGN_GEOMETRIC_PRESENTATION_REPRESENTATION('',(#13),#2153);
#11=SHAPE_REPRESENTATION_RELATIONSHIP('SRR','None',#2160,#12);
#12=ADVANCED_BREP_SHAPE_REPRESENTATION('',(#14),#2152);
#13=STYLED_ITEM('',(#2170),#14);
#14=MANIFOLD_SOLID_BREP('04 Probe fascia - fitted seams',#1157);
#15=B_SPLINE_SURFACE_WITH_KNOTS('',3,3,((#1992,#1993,#1994,#1995),(#1996,
#1997,#1998,#1999),(#2000,#2001,#2002,#2003),(#2004,#2005,#2006,#2007),
(#2008,#2009,#2010,#2011),(#2012,#2013,#2014,#2015),(#2016,#2017,#2018,
#2019),(#2020,#2021,#2022,#2023),(#2024,#2025,#2026,#2027),(#2028,#2029,
#2030,#2031),(#2032,#2033,#2034,#2035),(#2036,#2037,#2038,#2039),(#2040,
#2041,#2042,#2043),(#2044,#2045,#2046,#2047),(#2048,#2049,#2050,#2051),
(#2052,#2053,#2054,#2055),(#2056,#2057,#2058,#2059),(#2060,#2061,#2062,
#2063),(#2064,#2065,#2066,#2067),(#2068,#2069,#2070,#2071),(#2072,#2073,
#2074,#2075),(#2076,#2077,#2078,#2079),(#2080,#2081,#2082,#2083),(#2084,
#2085,#2086,#2087),(#2088,#2089,#2090,#2091),(#2092,#2093,#2094,#2095),
(#2096,#2097,#2098,#2099),(#2100,#2101,#2102,#2103),(#2104,#2105,#2106,
#2107),(#2108,#2109,#2110,#2111),(#2112,#2113,#2114,#2115),(#2116,#2117,
#2118,#2119),(#2120,#2121,#2122,#2123),(#2124,#2125,#2126,#2127),(#2128,
#2129,#2130,#2131),(#2132,#2133,#2134,#2135),(#2136,#2137,#2138,#2139),
(#2140,#2141,#2142,#2143),(#2144,#2145,#2146,#2147)),.UNSPECIFIED.,.T.,
 .F.,.F.,(4,1,1,1,2,1,2,1,1,1,2,1,1,1,1,1,1,2,1,1,1,2,1,1,2,1,1,1,2,4),
(4,4),(0.,0.012225643830143,0.024451287660286,0.036676931490429,0.048902575320572,
0.136409389262165,0.398929831086943,0.411155474917086,0.423381118747229,
0.435606762577372,0.447832406407515,0.460874304805636,0.473916203203758,
0.480437152402818,0.486958101601879,0.493479050800939,0.49673952540047,
0.5,0.512225643830143,0.524451287660286,0.536676931490429,0.548902575320572,
0.723916203203758,0.811423017145351,0.898929831086944,0.911155474917086,
0.92338111874723,0.935606762577373,0.947832406407515,1.),(0.00265957446808299,
1.),.UNSPECIFIED.);
#16=CYLINDRICAL_SURFACE('',#1208,0.28);
#17=CYLINDRICAL_SURFACE('',#1210,0.28);
#18=CYLINDRICAL_SURFACE('',#1212,0.28);
#19=CYLINDRICAL_SURFACE('',#1229,0.4);
#20=CYLINDRICAL_SURFACE('',#1233,0.4);
#21=CYLINDRICAL_SURFACE('',#1236,0.4);
#22=CYLINDRICAL_SURFACE('',#1246,0.4);
#23=CONICAL_SURFACE('',#1202,0.32,0.572966142888705);
#24=CONICAL_SURFACE('',#1204,0.32,0.572966142888705);
#25=CONICAL_SURFACE('',#1206,0.32,0.572966142888705);
#26=B_SPLINE_CURVE_WITH_KNOTS('',3,(#1704,#1705,#1706,#1707,#1708,#1709,
#1710,#1711,#1712,#1713,#1714,#1715,#1716,#1717,#1718,#1719,#1720,#1721,
#1722,#1723,#1724,#1725,#1726,#1727,#1728,#1729,#1730,#1731,#1732,#1733,
#1734,#1735,#1736,#1737,#1738,#1739,#1740,#1741,#1742,#1743,#1744,#1745,
#1746,#1747,#1748,#1749,#1750,#1751,#1752,#1753,#1754,#1755,#1756,#1757,
#1758,#1759,#1760,#1761,#1762,#1763,#1764,#1765,#1766,#1767,#1768,#1769,
#1770,#1771,#1772,#1773,#1774,#1775,#1776,#1777,#1778,#1779,#1780,#1781,
#1782,#1783,#1784,#1785,#1786,#1787,#1788,#1789,#1790,#1791),
 .UNSPECIFIED.,.T.,.F.,(4,3,3,3,3,3,3,3,3,3,3,3,3,3,3,3,3,3,3,3,3,3,3,3,
3,3,3,3,3,4),(0.465750682363783,0.614828086592376,0.763905490821021,0.912982895049667,
1.06206029927831,2.12910338150584,5.33023262818842,5.47931003241706,5.62838743664571,
5.77746484087435,5.926542245103,6.08557291755004,6.24460358999708,6.3241189262206,
6.40363426244412,6.48314959866764,6.5229072667794,6.56266493489116,6.71174233911981,
6.86081974334845,7.0098971475771,7.15897455180574,9.2930607162608,10.3601037984883,
11.4271468807159,11.5762242849445,11.7253016891731,11.8743790934018,12.0234564976304,
12.6595791874186),.UNSPECIFIED.);
#27=B_SPLINE_CURVE_WITH_KNOTS('',3,(#1953,#1954,#1955,#1956,#1957,#1958,
#1959,#1960,#1961,#1962,#1963,#1964,#1965,#1966,#1967,#1968,#1969,#1970,
#1971,#1972,#1973,#1974,#1975,#1976,#1977,#1978,#1979,#1980,#1981,#1982,
#1983,#1984,#1985,#1986,#1987,#1988,#1989,#1990,#1991),.UNSPECIFIED.,.T.,
 .F.,(4,1,1,1,2,1,2,1,1,1,2,1,1,1,1,1,1,2,1,1,1,2,1,1,2,1,1,1,2,4),(0.,
0.012225643830143,0.024451287660286,0.036676931490429,0.048902575320572,
0.136409389262165,0.398929831086943,0.411155474917086,0.423381118747229,
0.435606762577372,0.447832406407515,0.460874304805636,0.473916203203758,
0.480437152402818,0.486958101601879,0.493479050800939,0.49673952540047,
0.5,0.512225643830143,0.524451287660286,0.536676931490429,0.548902575320572,
0.723916203203758,0.811423017145351,0.898929831086944,0.911155474917086,
0.92338111874723,0.935606762577373,0.947832406407515,1.),.UNSPECIFIED.);
#28=FACE_BOUND('',#120,.T.);
#29=FACE_BOUND('',#121,.T.);
#30=FACE_BOUND('',#122,.T.);
#31=FACE_BOUND('',#125,.T.);
#32=FACE_BOUND('',#172,.T.);
#33=FACE_BOUND('',#173,.T.);
#34=FACE_BOUND('',#174,.T.);
#35=CIRCLE('',#1174,0.4);
#36=CIRCLE('',#1176,0.4);
#37=CIRCLE('',#1181,0.4);
#38=CIRCLE('',#1182,0.4);
#39=CIRCLE('',#1183,0.4);
#40=CIRCLE('',#1184,0.4);
#41=CIRCLE('',#1185,0.318709677419355);
#42=CIRCLE('',#1186,0.318709677419355);
#43=CIRCLE('',#1187,0.318709677419355);
#44=CIRCLE('',#1203,0.28);
#45=CIRCLE('',#1205,0.28);
#46=CIRCLE('',#1207,0.28);
#47=CIRCLE('',#1209,0.28);
#48=CIRCLE('',#1211,0.28);
#49=CIRCLE('',#1213,0.28);
#50=CIRCLE('',#1221,0.4);
#51=CIRCLE('',#1230,0.4);
#52=CIRCLE('',#1237,0.4);
#53=CIRCLE('',#1244,0.4);
#54=FACE_OUTER_BOUND('',#112,.T.);
#55=FACE_OUTER_BOUND('',#113,.T.);
#56=FACE_OUTER_BOUND('',#114,.T.);
#57=FACE_OUTER_BOUND('',#115,.T.);
#58=FACE_OUTER_BOUND('',#116,.T.);
#59=FACE_OUTER_BOUND('',#117,.T.);
#60=FACE_OUTER_BOUND('',#118,.T.);
#61=FACE_OUTER_BOUND('',#119,.T.);
#62=FACE_OUTER_BOUND('',#123,.T.);
#63=FACE_OUTER_BOUND('',#124,.T.);
#64=FACE_OUTER_BOUND('',#126,.T.);
#65=FACE_OUTER_BOUND('',#127,.T.);
#66=FACE_OUTER_BOUND('',#128,.T.);
#67=FACE_OUTER_BOUND('',#129,.T.);
#68=FACE_OUTER_BOUND('',#130,.T.);
#69=FACE_OUTER_BOUND('',#131,.T.);
#70=FACE_OUTER_BOUND('',#132,.T.);
#71=FACE_OUTER_BOUND('',#133,.T.);
#72=FACE_OUTER_BOUND('',#134,.T.);
#73=FACE_OUTER_BOUND('',#135,.T.);
#74=FACE_OUTER_BOUND('',#136,.T.);
#75=FACE_OUTER_BOUND('',#137,.T.);
#76=FACE_OUTER_BOUND('',#138,.T.);
#77=FACE_OUTER_BOUND('',#139,.T.);
#78=FACE_OUTER_BOUND('',#140,.T.);
#79=FACE_OUTER_BOUND('',#141,.T.);
#80=FACE_OUTER_BOUND('',#142,.T.);
#81=FACE_OUTER_BOUND('',#143,.T.);
#82=FACE_OUTER_BOUND('',#144,.T.);
#83=FACE_OUTER_BOUND('',#145,.T.);
#84=FACE_OUTER_BOUND('',#146,.T.);
#85=FACE_OUTER_BOUND('',#147,.T.);
#86=FACE_OUTER_BOUND('',#148,.T.);
#87=FACE_OUTER_BOUND('',#149,.T.);
#88=FACE_OUTER_BOUND('',#150,.T.);
#89=FACE_OUTER_BOUND('',#151,.T.);
#90=FACE_OUTER_BOUND('',#152,.T.);
#91=FACE_OUTER_BOUND('',#153,.T.);
#92=FACE_OUTER_BOUND('',#154,.T.);
#93=FACE_OUTER_BOUND('',#155,.T.);
#94=FACE_OUTER_BOUND('',#156,.T.);
#95=FACE_OUTER_BOUND('',#157,.T.);
#96=FACE_OUTER_BOUND('',#158,.T.);
#97=FACE_OUTER_BOUND('',#159,.T.);
#98=FACE_OUTER_BOUND('',#160,.T.);
#99=FACE_OUTER_BOUND('',#161,.T.);
#100=FACE_OUTER_BOUND('',#162,.T.);
#101=FACE_OUTER_BOUND('',#163,.T.);
#102=FACE_OUTER_BOUND('',#164,.T.);
#103=FACE_OUTER_BOUND('',#165,.T.);
#104=FACE_OUTER_BOUND('',#166,.T.);
#105=FACE_OUTER_BOUND('',#167,.T.);
#106=FACE_OUTER_BOUND('',#168,.T.);
#107=FACE_OUTER_BOUND('',#169,.T.);
#108=FACE_OUTER_BOUND('',#170,.T.);
#109=FACE_OUTER_BOUND('',#171,.T.);
#110=FACE_OUTER_BOUND('',#175,.T.);
#111=FACE_OUTER_BOUND('',#176,.T.);
#112=EDGE_LOOP('',(#728,#729,#730,#731,#732,#733,#734,#735,#736,#737,#738,
#739));
#113=EDGE_LOOP('',(#740,#741,#742,#743,#744,#745,#746,#747));
#114=EDGE_LOOP('',(#748,#749,#750,#751,#752,#753,#754,#755));
#115=EDGE_LOOP('',(#756,#757,#758,#759,#760,#761,#762,#763));
#116=EDGE_LOOP('',(#764,#765,#766,#767));
#117=EDGE_LOOP('',(#768,#769,#770,#771,#772,#773,#774,#775,#776,#777,#778,
#779));
#118=EDGE_LOOP('',(#780,#781,#782,#783,#784,#785,#786,#787,#788,#789,#790,
#791));
#119=EDGE_LOOP('',(#792,#793,#794,#795,#796,#797,#798,#799,#800,#801,#802,
#803,#804,#805,#806,#807));
#120=EDGE_LOOP('',(#808));
#121=EDGE_LOOP('',(#809));
#122=EDGE_LOOP('',(#810));
#123=EDGE_LOOP('',(#811,#812,#813,#814));
#124=EDGE_LOOP('',(#815,#816,#817,#818,#819,#820,#821,#822,#823,#824,#825,
#826));
#125=EDGE_LOOP('',(#827));
#126=EDGE_LOOP('',(#828,#829,#830,#831));
#127=EDGE_LOOP('',(#832,#833,#834,#835,#836,#837,#838,#839,#840,#841,#842,
#843));
#128=EDGE_LOOP('',(#844,#845,#846,#847));
#129=EDGE_LOOP('',(#848,#849,#850,#851));
#130=EDGE_LOOP('',(#852,#853,#854,#855));
#131=EDGE_LOOP('',(#856,#857,#858,#859));
#132=EDGE_LOOP('',(#860,#861,#862,#863));
#133=EDGE_LOOP('',(#864,#865,#866,#867));
#134=EDGE_LOOP('',(#868,#869,#870,#871));
#135=EDGE_LOOP('',(#872,#873,#874,#875));
#136=EDGE_LOOP('',(#876,#877,#878,#879));
#137=EDGE_LOOP('',(#880,#881,#882,#883));
#138=EDGE_LOOP('',(#884,#885,#886,#887));
#139=EDGE_LOOP('',(#888,#889,#890,#891));
#140=EDGE_LOOP('',(#892,#893,#894,#895));
#141=EDGE_LOOP('',(#896,#897,#898,#899));
#142=EDGE_LOOP('',(#900,#901,#902,#903));
#143=EDGE_LOOP('',(#904,#905,#906,#907));
#144=EDGE_LOOP('',(#908,#909,#910,#911));
#145=EDGE_LOOP('',(#912,#913,#914,#915,#916,#917));
#146=EDGE_LOOP('',(#918,#919,#920,#921));
#147=EDGE_LOOP('',(#922,#923,#924,#925,#926,#927));
#148=EDGE_LOOP('',(#928,#929,#930,#931));
#149=EDGE_LOOP('',(#932,#933,#934,#935));
#150=EDGE_LOOP('',(#936,#937,#938,#939,#940));
#151=EDGE_LOOP('',(#941,#942,#943,#944,#945,#946,#947,#948));
#152=EDGE_LOOP('',(#949,#950,#951,#952,#953,#954));
#153=EDGE_LOOP('',(#955,#956,#957,#958));
#154=EDGE_LOOP('',(#959,#960,#961,#962));
#155=EDGE_LOOP('',(#963,#964,#965,#966,#967,#968));
#156=EDGE_LOOP('',(#969,#970,#971,#972));
#157=EDGE_LOOP('',(#973,#974,#975,#976));
#158=EDGE_LOOP('',(#977,#978,#979,#980,#981,#982));
#159=EDGE_LOOP('',(#983,#984,#985,#986,#987,#988,#989,#990));
#160=EDGE_LOOP('',(#991,#992,#993,#994));
#161=EDGE_LOOP('',(#995,#996,#997,#998,#999,#1000));
#162=EDGE_LOOP('',(#1001,#1002,#1003,#1004));
#163=EDGE_LOOP('',(#1005,#1006,#1007,#1008));
#164=EDGE_LOOP('',(#1009,#1010,#1011,#1012));
#165=EDGE_LOOP('',(#1013,#1014,#1015));
#166=EDGE_LOOP('',(#1016,#1017,#1018,#1019));
#167=EDGE_LOOP('',(#1020,#1021,#1022,#1023,#1024));
#168=EDGE_LOOP('',(#1025,#1026,#1027,#1028,#1029,#1030,#1031,#1032));
#169=EDGE_LOOP('',(#1033,#1034,#1035,#1036));
#170=EDGE_LOOP('',(#1037,#1038,#1039));
#171=EDGE_LOOP('',(#1040));
#172=EDGE_LOOP('',(#1041));
#173=EDGE_LOOP('',(#1042));
#174=EDGE_LOOP('',(#1043));
#175=EDGE_LOOP('',(#1044,#1045,#1046,#1047));
#176=EDGE_LOOP('',(#1048,#1049,#1050,#1051));
#177=LINE('',#1546,#318);
#178=LINE('',#1548,#319);
#179=LINE('',#1550,#320);
#180=LINE('',#1552,#321);
#181=LINE('',#1554,#322);
#182=LINE('',#1556,#323);
#183=LINE('',#1558,#324);
#184=LINE('',#1560,#325);
#185=LINE('',#1562,#326);
#186=LINE('',#1564,#327);
#187=LINE('',#1566,#328);
#188=LINE('',#1567,#329);
#189=LINE('',#1570,#330);
#190=LINE('',#1572,#331);
#191=LINE('',#1574,#332);
#192=LINE('',#1576,#333);
#193=LINE('',#1578,#334);
#194=LINE('',#1580,#335);
#195=LINE('',#1581,#336);
#196=LINE('',#1584,#337);
#197=LINE('',#1586,#338);
#198=LINE('',#1588,#339);
#199=LINE('',#1590,#340);
#200=LINE('',#1594,#341);
#201=LINE('',#1595,#342);
#202=LINE('',#1598,#343);
#203=LINE('',#1600,#344);
#204=LINE('',#1602,#345);
#205=LINE('',#1606,#346);
#206=LINE('',#1608,#347);
#207=LINE('',#1609,#348);
#208=LINE('',#1613,#349);
#209=LINE('',#1615,#350);
#210=LINE('',#1617,#351);
#211=LINE('',#1618,#352);
#212=LINE('',#1621,#353);
#213=LINE('',#1623,#354);
#214=LINE('',#1625,#355);
#215=LINE('',#1626,#356);
#216=LINE('',#1628,#357);
#217=LINE('',#1630,#358);
#218=LINE('',#1632,#359);
#219=LINE('',#1634,#360);
#220=LINE('',#1635,#361);
#221=LINE('',#1639,#362);
#222=LINE('',#1641,#363);
#223=LINE('',#1643,#364);
#224=LINE('',#1644,#365);
#225=LINE('',#1646,#366);
#226=LINE('',#1648,#367);
#227=LINE('',#1650,#368);
#228=LINE('',#1652,#369);
#229=LINE('',#1654,#370);
#230=LINE('',#1655,#371);
#231=LINE('',#1658,#372);
#232=LINE('',#1662,#373);
#233=LINE('',#1664,#374);
#234=LINE('',#1666,#375);
#235=LINE('',#1668,#376);
#236=LINE('',#1672,#377);
#237=LINE('',#1676,#378);
#238=LINE('',#1677,#379);
#239=LINE('',#1686,#380);
#240=LINE('',#1687,#381);
#241=LINE('',#1690,#382);
#242=LINE('',#1692,#383);
#243=LINE('',#1694,#384);
#244=LINE('',#1696,#385);
#245=LINE('',#1697,#386);
#246=LINE('',#1699,#387);
#247=LINE('',#1701,#388);
#248=LINE('',#1702,#389);
#249=LINE('',#1794,#390);
#250=LINE('',#1795,#391);
#251=LINE('',#1798,#392);
#252=LINE('',#1800,#393);
#253=LINE('',#1801,#394);
#254=LINE('',#1802,#395);
#255=LINE('',#1805,#396);
#256=LINE('',#1806,#397);
#257=LINE('',#1809,#398);
#258=LINE('',#1810,#399);
#259=LINE('',#1812,#400);
#260=LINE('',#1815,#401);
#261=LINE('',#1816,#402);
#262=LINE('',#1818,#403);
#263=LINE('',#1821,#404);
#264=LINE('',#1824,#405);
#265=LINE('',#1826,#406);
#266=LINE('',#1829,#407);
#267=LINE('',#1833,#408);
#268=LINE('',#1837,#409);
#269=LINE('',#1842,#410);
#270=LINE('',#1846,#411);
#271=LINE('',#1850,#412);
#272=LINE('',#1853,#413);
#273=LINE('',#1855,#414);
#274=LINE('',#1856,#415);
#275=LINE('',#1859,#416);
#276=LINE('',#1861,#417);
#277=LINE('',#1862,#418);
#278=LINE('',#1865,#419);
#279=LINE('',#1867,#420);
#280=LINE('',#1868,#421);
#281=LINE('',#1870,#422);
#282=LINE('',#1871,#423);
#283=LINE('',#1875,#424);
#284=LINE('',#1877,#425);
#285=LINE('',#1878,#426);
#286=LINE('',#1881,#427);
#287=LINE('',#1883,#428);
#288=LINE('',#1886,#429);
#289=LINE('',#1888,#430);
#290=LINE('',#1891,#431);
#291=LINE('',#1893,#432);
#292=LINE('',#1895,#433);
#293=LINE('',#1896,#434);
#294=LINE('',#1899,#435);
#295=LINE('',#1900,#436);
#296=LINE('',#1903,#437);
#297=LINE('',#1905,#438);
#298=LINE('',#1906,#439);
#299=LINE('',#1908,#440);
#300=LINE('',#1909,#441);
#301=LINE('',#1913,#442);
#302=LINE('',#1915,#443);
#303=LINE('',#1916,#444);
#304=LINE('',#1921,#445);
#305=LINE('',#1922,#446);
#306=LINE('',#1924,#447);
#307=LINE('',#1925,#448);
#308=LINE('',#1927,#449);
#309=LINE('',#1929,#450);
#310=LINE('',#1932,#451);
#311=LINE('',#1933,#452);
#312=LINE('',#1940,#453);
#313=LINE('',#1941,#454);
#314=LINE('',#1943,#455);
#315=LINE('',#1947,#456);
#316=LINE('',#1948,#457);
#317=LINE('',#2148,#458);
#318=VECTOR('',#1251,1.);
#319=VECTOR('',#1252,1.);
#320=VECTOR('',#1253,1.);
#321=VECTOR('',#1254,1.);
#322=VECTOR('',#1255,1.);
#323=VECTOR('',#1256,1.);
#324=VECTOR('',#1257,1.);
#325=VECTOR('',#1258,1.);
#326=VECTOR('',#1259,1.);
#327=VECTOR('',#1260,1.);
#328=VECTOR('',#1261,1.);
#329=VECTOR('',#1262,1.);
#330=VECTOR('',#1265,1.);
#331=VECTOR('',#1266,1.);
#332=VECTOR('',#1267,1.);
#333=VECTOR('',#1268,1.);
#334=VECTOR('',#1269,1.);
#335=VECTOR('',#1270,1.);
#336=VECTOR('',#1271,1.);
#337=VECTOR('',#1274,1.);
#338=VECTOR('',#1275,1.);
#339=VECTOR('',#1276,1.);
#340=VECTOR('',#1277,1.);
#341=VECTOR('',#1280,1.);
#342=VECTOR('',#1281,1.);
#343=VECTOR('',#1284,1.);
#344=VECTOR('',#1285,1.);
#345=VECTOR('',#1286,1.);
#346=VECTOR('',#1289,1.);
#347=VECTOR('',#1290,1.);
#348=VECTOR('',#1291,1.);
#349=VECTOR('',#1294,1.);
#350=VECTOR('',#1295,1.);
#351=VECTOR('',#1296,1.);
#352=VECTOR('',#1297,1.);
#353=VECTOR('',#1300,1.);
#354=VECTOR('',#1301,1.);
#355=VECTOR('',#1302,1.);
#356=VECTOR('',#1303,1.);
#357=VECTOR('',#1304,1.);
#358=VECTOR('',#1305,1.);
#359=VECTOR('',#1306,1.);
#360=VECTOR('',#1307,1.);
#361=VECTOR('',#1308,1.);
#362=VECTOR('',#1311,1.);
#363=VECTOR('',#1312,1.);
#364=VECTOR('',#1313,1.);
#365=VECTOR('',#1314,1.);
#366=VECTOR('',#1315,1.);
#367=VECTOR('',#1316,1.);
#368=VECTOR('',#1317,1.);
#369=VECTOR('',#1318,1.);
#370=VECTOR('',#1319,1.);
#371=VECTOR('',#1320,1.);
#372=VECTOR('',#1323,1.);
#373=VECTOR('',#1328,1.);
#374=VECTOR('',#1329,1.);
#375=VECTOR('',#1330,1.);
#376=VECTOR('',#1331,1.);
#377=VECTOR('',#1334,1.);
#378=VECTOR('',#1337,1.);
#379=VECTOR('',#1338,1.);
#380=VECTOR('',#1347,1.);
#381=VECTOR('',#1348,1.);
#382=VECTOR('',#1351,1.);
#383=VECTOR('',#1352,1.);
#384=VECTOR('',#1353,1.);
#385=VECTOR('',#1354,1.);
#386=VECTOR('',#1355,1.);
#387=VECTOR('',#1356,1.);
#388=VECTOR('',#1357,1.);
#389=VECTOR('',#1358,1.);
#390=VECTOR('',#1361,1.);
#391=VECTOR('',#1362,1.);
#392=VECTOR('',#1365,1.);
#393=VECTOR('',#1366,1.);
#394=VECTOR('',#1367,1.);
#395=VECTOR('',#1368,1.);
#396=VECTOR('',#1371,1.);
#397=VECTOR('',#1372,1.);
#398=VECTOR('',#1375,1.);
#399=VECTOR('',#1376,1.);
#400=VECTOR('',#1379,1.);
#401=VECTOR('',#1382,1.);
#402=VECTOR('',#1383,1.);
#403=VECTOR('',#1386,1.);
#404=VECTOR('',#1391,1.);
#405=VECTOR('',#1396,1.);
#406=VECTOR('',#1399,1.);
#407=VECTOR('',#1402,0.32);
#408=VECTOR('',#1407,0.32);
#409=VECTOR('',#1412,0.32);
#410=VECTOR('',#1419,0.28);
#411=VECTOR('',#1424,0.28);
#412=VECTOR('',#1429,0.28);
#413=VECTOR('',#1432,1.);
#414=VECTOR('',#1433,1.);
#415=VECTOR('',#1434,1.);
#416=VECTOR('',#1437,1.);
#417=VECTOR('',#1438,1.);
#418=VECTOR('',#1439,1.);
#419=VECTOR('',#1442,1.);
#420=VECTOR('',#1443,1.);
#421=VECTOR('',#1444,1.);
#422=VECTOR('',#1447,1.);
#423=VECTOR('',#1448,1.);
#424=VECTOR('',#1453,1.);
#425=VECTOR('',#1454,1.);
#426=VECTOR('',#1455,1.);
#427=VECTOR('',#1458,1.);
#428=VECTOR('',#1459,1.);
#429=VECTOR('',#1462,1.);
#430=VECTOR('',#1465,1.);
#431=VECTOR('',#1468,1.);
#432=VECTOR('',#1469,1.);
#433=VECTOR('',#1470,1.);
#434=VECTOR('',#1471,1.);
#435=VECTOR('',#1474,1.);
#436=VECTOR('',#1475,1.);
#437=VECTOR('',#1478,1.);
#438=VECTOR('',#1479,1.);
#439=VECTOR('',#1480,1.);
#440=VECTOR('',#1483,1.);
#441=VECTOR('',#1484,1.);
#442=VECTOR('',#1489,1.);
#443=VECTOR('',#1490,1.);
#444=VECTOR('',#1491,1.);
#445=VECTOR('',#1496,1.);
#446=VECTOR('',#1497,1.);
#447=VECTOR('',#1500,1.);
#448=VECTOR('',#1501,1.);
#449=VECTOR('',#1504,1.);
#450=VECTOR('',#1507,1.);
#451=VECTOR('',#1510,1.);
#452=VECTOR('',#1511,1.);
#453=VECTOR('',#1522,1.);
#454=VECTOR('',#1523,1.);
#455=VECTOR('',#1526,1.);
#456=VECTOR('',#1531,1.);
#457=VECTOR('',#1532,1.);
#458=VECTOR('',#1539,0.915425584086441);
#459=VERTEX_POINT('',#1544);
#460=VERTEX_POINT('',#1545);
#461=VERTEX_POINT('',#1547);
#462=VERTEX_POINT('',#1549);
#463=VERTEX_POINT('',#1551);
#464=VERTEX_POINT('',#1553);
#465=VERTEX_POINT('',#1555);
#466=VERTEX_POINT('',#1557);
#467=VERTEX_POINT('',#1559);
#468=VERTEX_POINT('',#1561);
#469=VERTEX_POINT('',#1563);
#470=VERTEX_POINT('',#1565);
#471=VERTEX_POINT('',#1569);
#472=VERTEX_POINT('',#1571);
#473=VERTEX_POINT('',#1573);
#474=VERTEX_POINT('',#1575);
#475=VERTEX_POINT('',#1577);
#476=VERTEX_POINT('',#1579);
#477=VERTEX_POINT('',#1583);
#478=VERTEX_POINT('',#1585);
#479=VERTEX_POINT('',#1587);
#480=VERTEX_POINT('',#1589);
#481=VERTEX_POINT('',#1591);
#482=VERTEX_POINT('',#1593);
#483=VERTEX_POINT('',#1597);
#484=VERTEX_POINT('',#1599);
#485=VERTEX_POINT('',#1601);
#486=VERTEX_POINT('',#1603);
#487=VERTEX_POINT('',#1605);
#488=VERTEX_POINT('',#1607);
#489=VERTEX_POINT('',#1611);
#490=VERTEX_POINT('',#1612);
#491=VERTEX_POINT('',#1614);
#492=VERTEX_POINT('',#1616);
#493=VERTEX_POINT('',#1620);
#494=VERTEX_POINT('',#1622);
#495=VERTEX_POINT('',#1624);
#496=VERTEX_POINT('',#1627);
#497=VERTEX_POINT('',#1629);
#498=VERTEX_POINT('',#1631);
#499=VERTEX_POINT('',#1633);
#500=VERTEX_POINT('',#1637);
#501=VERTEX_POINT('',#1638);
#502=VERTEX_POINT('',#1640);
#503=VERTEX_POINT('',#1642);
#504=VERTEX_POINT('',#1645);
#505=VERTEX_POINT('',#1647);
#506=VERTEX_POINT('',#1649);
#507=VERTEX_POINT('',#1651);
#508=VERTEX_POINT('',#1653);
#509=VERTEX_POINT('',#1657);
#510=VERTEX_POINT('',#1660);
#511=VERTEX_POINT('',#1663);
#512=VERTEX_POINT('',#1665);
#513=VERTEX_POINT('',#1667);
#514=VERTEX_POINT('',#1669);
#515=VERTEX_POINT('',#1671);
#516=VERTEX_POINT('',#1673);
#517=VERTEX_POINT('',#1675);
#518=VERTEX_POINT('',#1678);
#519=VERTEX_POINT('',#1680);
#520=VERTEX_POINT('',#1682);
#521=VERTEX_POINT('',#1685);
#522=VERTEX_POINT('',#1689);
#523=VERTEX_POINT('',#1691);
#524=VERTEX_POINT('',#1693);
#525=VERTEX_POINT('',#1695);
#526=VERTEX_POINT('',#1698);
#527=VERTEX_POINT('',#1700);
#528=VERTEX_POINT('',#1703);
#529=VERTEX_POINT('',#1793);
#530=VERTEX_POINT('',#1797);
#531=VERTEX_POINT('',#1799);
#532=VERTEX_POINT('',#1804);
#533=VERTEX_POINT('',#1808);
#534=VERTEX_POINT('',#1814);
#535=VERTEX_POINT('',#1828);
#536=VERTEX_POINT('',#1832);
#537=VERTEX_POINT('',#1836);
#538=VERTEX_POINT('',#1840);
#539=VERTEX_POINT('',#1844);
#540=VERTEX_POINT('',#1848);
#541=VERTEX_POINT('',#1852);
#542=VERTEX_POINT('',#1854);
#543=VERTEX_POINT('',#1858);
#544=VERTEX_POINT('',#1860);
#545=VERTEX_POINT('',#1864);
#546=VERTEX_POINT('',#1866);
#547=VERTEX_POINT('',#1874);
#548=VERTEX_POINT('',#1876);
#549=VERTEX_POINT('',#1880);
#550=VERTEX_POINT('',#1882);
#551=VERTEX_POINT('',#1884);
#552=VERTEX_POINT('',#1890);
#553=VERTEX_POINT('',#1892);
#554=VERTEX_POINT('',#1894);
#555=VERTEX_POINT('',#1898);
#556=VERTEX_POINT('',#1902);
#557=VERTEX_POINT('',#1904);
#558=VERTEX_POINT('',#1912);
#559=VERTEX_POINT('',#1914);
#560=VERTEX_POINT('',#1918);
#561=VERTEX_POINT('',#1919);
#562=VERTEX_POINT('',#1931);
#563=VERTEX_POINT('',#1939);
#564=VERTEX_POINT('',#1946);
#565=VERTEX_POINT('',#1952);
#566=EDGE_CURVE('',#459,#460,#177,.T.);
#567=EDGE_CURVE('',#460,#461,#178,.T.);
#568=EDGE_CURVE('',#461,#462,#179,.T.);
#569=EDGE_CURVE('',#462,#463,#180,.T.);
#570=EDGE_CURVE('',#463,#464,#181,.T.);
#571=EDGE_CURVE('',#464,#465,#182,.T.);
#572=EDGE_CURVE('',#465,#466,#183,.T.);
#573=EDGE_CURVE('',#466,#467,#184,.T.);
#574=EDGE_CURVE('',#467,#468,#185,.T.);
#575=EDGE_CURVE('',#468,#469,#186,.T.);
#576=EDGE_CURVE('',#469,#470,#187,.T.);
#577=EDGE_CURVE('',#470,#459,#188,.T.);
#578=EDGE_CURVE('',#462,#471,#189,.T.);
#579=EDGE_CURVE('',#471,#472,#190,.T.);
#580=EDGE_CURVE('',#472,#473,#191,.T.);
#581=EDGE_CURVE('',#473,#474,#192,.T.);
#582=EDGE_CURVE('',#474,#475,#193,.T.);
#583=EDGE_CURVE('',#475,#476,#194,.T.);
#584=EDGE_CURVE('',#476,#463,#195,.T.);
#585=EDGE_CURVE('',#477,#459,#196,.T.);
#586=EDGE_CURVE('',#478,#470,#197,.T.);
#587=EDGE_CURVE('',#478,#479,#198,.T.);
#588=EDGE_CURVE('',#479,#480,#199,.T.);
#589=EDGE_CURVE('',#480,#481,#35,.T.);
#590=EDGE_CURVE('',#481,#482,#200,.T.);
#591=EDGE_CURVE('',#482,#477,#201,.T.);
#592=EDGE_CURVE('',#466,#483,#202,.T.);
#593=EDGE_CURVE('',#483,#484,#203,.T.);
#594=EDGE_CURVE('',#484,#485,#204,.T.);
#595=EDGE_CURVE('',#485,#486,#36,.T.);
#596=EDGE_CURVE('',#486,#487,#205,.T.);
#597=EDGE_CURVE('',#487,#488,#206,.T.);
#598=EDGE_CURVE('',#488,#467,#207,.T.);
#599=EDGE_CURVE('',#489,#490,#208,.T.);
#600=EDGE_CURVE('',#490,#491,#209,.T.);
#601=EDGE_CURVE('',#492,#491,#210,.T.);
#602=EDGE_CURVE('',#489,#492,#211,.T.);
#603=EDGE_CURVE('',#493,#489,#212,.T.);
#604=EDGE_CURVE('',#494,#492,#213,.T.);
#605=EDGE_CURVE('',#494,#495,#214,.T.);
#606=EDGE_CURVE('',#478,#495,#215,.T.);
#607=EDGE_CURVE('',#496,#469,#216,.T.);
#608=EDGE_CURVE('',#497,#496,#217,.T.);
#609=EDGE_CURVE('',#498,#497,#218,.T.);
#610=EDGE_CURVE('',#499,#498,#219,.T.);
#611=EDGE_CURVE('',#493,#499,#220,.T.);
#612=EDGE_CURVE('',#500,#501,#221,.T.);
#613=EDGE_CURVE('',#502,#501,#222,.T.);
#614=EDGE_CURVE('',#502,#503,#223,.T.);
#615=EDGE_CURVE('',#494,#503,#224,.T.);
#616=EDGE_CURVE('',#491,#504,#225,.T.);
#617=EDGE_CURVE('',#505,#504,#226,.T.);
#618=EDGE_CURVE('',#505,#506,#227,.T.);
#619=EDGE_CURVE('',#507,#506,#228,.T.);
#620=EDGE_CURVE('',#507,#508,#229,.T.);
#621=EDGE_CURVE('',#500,#508,#230,.T.);
#622=EDGE_CURVE('',#503,#509,#231,.T.);
#623=EDGE_CURVE('',#509,#500,#37,.T.);
#624=EDGE_CURVE('',#508,#510,#38,.T.);
#625=EDGE_CURVE('',#505,#510,#232,.T.);
#626=EDGE_CURVE('',#504,#511,#233,.T.);
#627=EDGE_CURVE('',#512,#511,#234,.T.);
#628=EDGE_CURVE('',#512,#513,#235,.T.);
#629=EDGE_CURVE('',#513,#514,#39,.T.);
#630=EDGE_CURVE('',#514,#515,#236,.T.);
#631=EDGE_CURVE('',#515,#516,#40,.T.);
#632=EDGE_CURVE('',#516,#517,#237,.T.);
#633=EDGE_CURVE('',#495,#517,#238,.T.);
#634=EDGE_CURVE('',#518,#518,#41,.T.);
#635=EDGE_CURVE('',#519,#519,#42,.T.);
#636=EDGE_CURVE('',#520,#520,#43,.T.);
#637=EDGE_CURVE('',#493,#521,#239,.T.);
#638=EDGE_CURVE('',#490,#521,#240,.T.);
#639=EDGE_CURVE('',#522,#468,#241,.T.);
#640=EDGE_CURVE('',#523,#522,#242,.T.);
#641=EDGE_CURVE('',#524,#523,#243,.T.);
#642=EDGE_CURVE('',#525,#524,#244,.T.);
#643=EDGE_CURVE('',#521,#525,#245,.T.);
#644=EDGE_CURVE('',#499,#526,#246,.T.);
#645=EDGE_CURVE('',#526,#527,#247,.T.);
#646=EDGE_CURVE('',#527,#496,#248,.T.);
#647=EDGE_CURVE('',#528,#528,#26,.T.);
#648=EDGE_CURVE('',#527,#529,#249,.T.);
#649=EDGE_CURVE('',#497,#529,#250,.T.);
#650=EDGE_CURVE('',#530,#525,#251,.T.);
#651=EDGE_CURVE('',#531,#530,#252,.T.);
#652=EDGE_CURVE('',#522,#531,#253,.T.);
#653=EDGE_CURVE('',#511,#488,#254,.T.);
#654=EDGE_CURVE('',#532,#531,#255,.T.);
#655=EDGE_CURVE('',#523,#532,#256,.T.);
#656=EDGE_CURVE('',#530,#533,#257,.T.);
#657=EDGE_CURVE('',#533,#532,#258,.T.);
#658=EDGE_CURVE('',#524,#533,#259,.T.);
#659=EDGE_CURVE('',#534,#498,#260,.T.);
#660=EDGE_CURVE('',#526,#534,#261,.T.);
#661=EDGE_CURVE('',#529,#534,#262,.T.);
#662=EDGE_CURVE('',#479,#517,#263,.T.);
#663=EDGE_CURVE('',#512,#487,#264,.T.);
#664=EDGE_CURVE('',#486,#513,#265,.T.);
#665=EDGE_CURVE('',#518,#535,#266,.T.);
#666=EDGE_CURVE('',#535,#535,#44,.T.);
#667=EDGE_CURVE('',#519,#536,#267,.T.);
#668=EDGE_CURVE('',#536,#536,#45,.T.);
#669=EDGE_CURVE('',#520,#537,#268,.T.);
#670=EDGE_CURVE('',#537,#537,#46,.T.);
#671=EDGE_CURVE('',#538,#538,#47,.T.);
#672=EDGE_CURVE('',#538,#537,#269,.T.);
#673=EDGE_CURVE('',#539,#539,#48,.T.);
#674=EDGE_CURVE('',#539,#536,#270,.T.);
#675=EDGE_CURVE('',#540,#540,#49,.T.);
#676=EDGE_CURVE('',#540,#535,#271,.T.);
#677=EDGE_CURVE('',#541,#460,#272,.T.);
#678=EDGE_CURVE('',#542,#541,#273,.T.);
#679=EDGE_CURVE('',#542,#461,#274,.T.);
#680=EDGE_CURVE('',#543,#542,#275,.T.);
#681=EDGE_CURVE('',#543,#544,#276,.T.);
#682=EDGE_CURVE('',#471,#544,#277,.T.);
#683=EDGE_CURVE('',#544,#545,#278,.T.);
#684=EDGE_CURVE('',#546,#543,#279,.T.);
#685=EDGE_CURVE('',#546,#545,#280,.T.);
#686=EDGE_CURVE('',#545,#477,#281,.T.);
#687=EDGE_CURVE('',#541,#546,#282,.T.);
#688=EDGE_CURVE('',#473,#547,#283,.T.);
#689=EDGE_CURVE('',#548,#472,#284,.T.);
#690=EDGE_CURVE('',#547,#548,#285,.T.);
#691=EDGE_CURVE('',#549,#548,#286,.T.);
#692=EDGE_CURVE('',#550,#549,#287,.T.);
#693=EDGE_CURVE('',#551,#550,#50,.T.);
#694=EDGE_CURVE('',#547,#551,#288,.T.);
#695=EDGE_CURVE('',#482,#549,#289,.T.);
#696=EDGE_CURVE('',#552,#476,#290,.T.);
#697=EDGE_CURVE('',#553,#552,#291,.T.);
#698=EDGE_CURVE('',#554,#553,#292,.T.);
#699=EDGE_CURVE('',#554,#464,#293,.T.);
#700=EDGE_CURVE('',#555,#554,#294,.T.);
#701=EDGE_CURVE('',#555,#465,#295,.T.);
#702=EDGE_CURVE('',#556,#552,#296,.T.);
#703=EDGE_CURVE('',#557,#556,#297,.T.);
#704=EDGE_CURVE('',#553,#557,#298,.T.);
#705=EDGE_CURVE('',#483,#556,#299,.T.);
#706=EDGE_CURVE('',#557,#555,#300,.T.);
#707=EDGE_CURVE('',#558,#474,#301,.T.);
#708=EDGE_CURVE('',#558,#559,#302,.T.);
#709=EDGE_CURVE('',#475,#559,#303,.T.);
#710=EDGE_CURVE('',#560,#561,#51,.T.);
#711=EDGE_CURVE('',#561,#514,#304,.T.);
#712=EDGE_CURVE('',#485,#560,#305,.T.);
#713=EDGE_CURVE('',#551,#515,#306,.T.);
#714=EDGE_CURVE('',#561,#558,#307,.T.);
#715=EDGE_CURVE('',#550,#481,#308,.T.);
#716=EDGE_CURVE('',#480,#516,#309,.T.);
#717=EDGE_CURVE('',#562,#502,#310,.T.);
#718=EDGE_CURVE('',#509,#562,#311,.T.);
#719=EDGE_CURVE('',#501,#562,#52,.T.);
#720=EDGE_CURVE('',#563,#484,#312,.T.);
#721=EDGE_CURVE('',#560,#563,#313,.T.);
#722=EDGE_CURVE('',#559,#563,#314,.T.);
#723=EDGE_CURVE('',#564,#510,#315,.T.);
#724=EDGE_CURVE('',#506,#564,#316,.T.);
#725=EDGE_CURVE('',#564,#507,#53,.T.);
#726=EDGE_CURVE('',#565,#565,#27,.T.);
#727=EDGE_CURVE('',#528,#565,#317,.T.);
#728=ORIENTED_EDGE('',*,*,#566,.T.);
#729=ORIENTED_EDGE('',*,*,#567,.T.);
#730=ORIENTED_EDGE('',*,*,#568,.T.);
#731=ORIENTED_EDGE('',*,*,#569,.T.);
#732=ORIENTED_EDGE('',*,*,#570,.T.);
#733=ORIENTED_EDGE('',*,*,#571,.T.);
#734=ORIENTED_EDGE('',*,*,#572,.T.);
#735=ORIENTED_EDGE('',*,*,#573,.T.);
#736=ORIENTED_EDGE('',*,*,#574,.T.);
#737=ORIENTED_EDGE('',*,*,#575,.T.);
#738=ORIENTED_EDGE('',*,*,#576,.T.);
#739=ORIENTED_EDGE('',*,*,#577,.T.);
#740=ORIENTED_EDGE('',*,*,#578,.T.);
#741=ORIENTED_EDGE('',*,*,#579,.T.);
#742=ORIENTED_EDGE('',*,*,#580,.T.);
#743=ORIENTED_EDGE('',*,*,#581,.T.);
#744=ORIENTED_EDGE('',*,*,#582,.T.);
#745=ORIENTED_EDGE('',*,*,#583,.T.);
#746=ORIENTED_EDGE('',*,*,#584,.T.);
#747=ORIENTED_EDGE('',*,*,#569,.F.);
#748=ORIENTED_EDGE('',*,*,#585,.T.);
#749=ORIENTED_EDGE('',*,*,#577,.F.);
#750=ORIENTED_EDGE('',*,*,#586,.F.);
#751=ORIENTED_EDGE('',*,*,#587,.T.);
#752=ORIENTED_EDGE('',*,*,#588,.T.);
#753=ORIENTED_EDGE('',*,*,#589,.T.);
#754=ORIENTED_EDGE('',*,*,#590,.T.);
#755=ORIENTED_EDGE('',*,*,#591,.T.);
#756=ORIENTED_EDGE('',*,*,#592,.T.);
#757=ORIENTED_EDGE('',*,*,#593,.T.);
#758=ORIENTED_EDGE('',*,*,#594,.T.);
#759=ORIENTED_EDGE('',*,*,#595,.T.);
#760=ORIENTED_EDGE('',*,*,#596,.T.);
#761=ORIENTED_EDGE('',*,*,#597,.T.);
#762=ORIENTED_EDGE('',*,*,#598,.T.);
#763=ORIENTED_EDGE('',*,*,#573,.F.);
#764=ORIENTED_EDGE('',*,*,#599,.T.);
#765=ORIENTED_EDGE('',*,*,#600,.T.);
#766=ORIENTED_EDGE('',*,*,#601,.F.);
#767=ORIENTED_EDGE('',*,*,#602,.F.);
#768=ORIENTED_EDGE('',*,*,#603,.T.);
#769=ORIENTED_EDGE('',*,*,#602,.T.);
#770=ORIENTED_EDGE('',*,*,#604,.F.);
#771=ORIENTED_EDGE('',*,*,#605,.T.);
#772=ORIENTED_EDGE('',*,*,#606,.F.);
#773=ORIENTED_EDGE('',*,*,#586,.T.);
#774=ORIENTED_EDGE('',*,*,#576,.F.);
#775=ORIENTED_EDGE('',*,*,#607,.F.);
#776=ORIENTED_EDGE('',*,*,#608,.F.);
#777=ORIENTED_EDGE('',*,*,#609,.F.);
#778=ORIENTED_EDGE('',*,*,#610,.F.);
#779=ORIENTED_EDGE('',*,*,#611,.F.);
#780=ORIENTED_EDGE('',*,*,#612,.T.);
#781=ORIENTED_EDGE('',*,*,#613,.F.);
#782=ORIENTED_EDGE('',*,*,#614,.T.);
#783=ORIENTED_EDGE('',*,*,#615,.F.);
#784=ORIENTED_EDGE('',*,*,#604,.T.);
#785=ORIENTED_EDGE('',*,*,#601,.T.);
#786=ORIENTED_EDGE('',*,*,#616,.T.);
#787=ORIENTED_EDGE('',*,*,#617,.F.);
#788=ORIENTED_EDGE('',*,*,#618,.T.);
#789=ORIENTED_EDGE('',*,*,#619,.F.);
#790=ORIENTED_EDGE('',*,*,#620,.T.);
#791=ORIENTED_EDGE('',*,*,#621,.F.);
#792=ORIENTED_EDGE('',*,*,#615,.T.);
#793=ORIENTED_EDGE('',*,*,#622,.T.);
#794=ORIENTED_EDGE('',*,*,#623,.T.);
#795=ORIENTED_EDGE('',*,*,#621,.T.);
#796=ORIENTED_EDGE('',*,*,#624,.T.);
#797=ORIENTED_EDGE('',*,*,#625,.F.);
#798=ORIENTED_EDGE('',*,*,#617,.T.);
#799=ORIENTED_EDGE('',*,*,#626,.T.);
#800=ORIENTED_EDGE('',*,*,#627,.F.);
#801=ORIENTED_EDGE('',*,*,#628,.T.);
#802=ORIENTED_EDGE('',*,*,#629,.T.);
#803=ORIENTED_EDGE('',*,*,#630,.T.);
#804=ORIENTED_EDGE('',*,*,#631,.T.);
#805=ORIENTED_EDGE('',*,*,#632,.T.);
#806=ORIENTED_EDGE('',*,*,#633,.F.);
#807=ORIENTED_EDGE('',*,*,#605,.F.);
#808=ORIENTED_EDGE('',*,*,#634,.T.);
#809=ORIENTED_EDGE('',*,*,#635,.T.);
#810=ORIENTED_EDGE('',*,*,#636,.T.);
#811=ORIENTED_EDGE('',*,*,#603,.F.);
#812=ORIENTED_EDGE('',*,*,#637,.T.);
#813=ORIENTED_EDGE('',*,*,#638,.F.);
#814=ORIENTED_EDGE('',*,*,#599,.F.);
#815=ORIENTED_EDGE('',*,*,#639,.F.);
#816=ORIENTED_EDGE('',*,*,#640,.F.);
#817=ORIENTED_EDGE('',*,*,#641,.F.);
#818=ORIENTED_EDGE('',*,*,#642,.F.);
#819=ORIENTED_EDGE('',*,*,#643,.F.);
#820=ORIENTED_EDGE('',*,*,#637,.F.);
#821=ORIENTED_EDGE('',*,*,#611,.T.);
#822=ORIENTED_EDGE('',*,*,#644,.T.);
#823=ORIENTED_EDGE('',*,*,#645,.T.);
#824=ORIENTED_EDGE('',*,*,#646,.T.);
#825=ORIENTED_EDGE('',*,*,#607,.T.);
#826=ORIENTED_EDGE('',*,*,#575,.F.);
#827=ORIENTED_EDGE('',*,*,#647,.T.);
#828=ORIENTED_EDGE('',*,*,#608,.T.);
#829=ORIENTED_EDGE('',*,*,#646,.F.);
#830=ORIENTED_EDGE('',*,*,#648,.T.);
#831=ORIENTED_EDGE('',*,*,#649,.F.);
#832=ORIENTED_EDGE('',*,*,#638,.T.);
#833=ORIENTED_EDGE('',*,*,#643,.T.);
#834=ORIENTED_EDGE('',*,*,#650,.F.);
#835=ORIENTED_EDGE('',*,*,#651,.F.);
#836=ORIENTED_EDGE('',*,*,#652,.F.);
#837=ORIENTED_EDGE('',*,*,#639,.T.);
#838=ORIENTED_EDGE('',*,*,#574,.F.);
#839=ORIENTED_EDGE('',*,*,#598,.F.);
#840=ORIENTED_EDGE('',*,*,#653,.F.);
#841=ORIENTED_EDGE('',*,*,#626,.F.);
#842=ORIENTED_EDGE('',*,*,#616,.F.);
#843=ORIENTED_EDGE('',*,*,#600,.F.);
#844=ORIENTED_EDGE('',*,*,#652,.T.);
#845=ORIENTED_EDGE('',*,*,#654,.F.);
#846=ORIENTED_EDGE('',*,*,#655,.F.);
#847=ORIENTED_EDGE('',*,*,#640,.T.);
#848=ORIENTED_EDGE('',*,*,#651,.T.);
#849=ORIENTED_EDGE('',*,*,#656,.T.);
#850=ORIENTED_EDGE('',*,*,#657,.T.);
#851=ORIENTED_EDGE('',*,*,#654,.T.);
#852=ORIENTED_EDGE('',*,*,#650,.T.);
#853=ORIENTED_EDGE('',*,*,#642,.T.);
#854=ORIENTED_EDGE('',*,*,#658,.T.);
#855=ORIENTED_EDGE('',*,*,#656,.F.);
#856=ORIENTED_EDGE('',*,*,#610,.T.);
#857=ORIENTED_EDGE('',*,*,#659,.F.);
#858=ORIENTED_EDGE('',*,*,#660,.F.);
#859=ORIENTED_EDGE('',*,*,#644,.F.);
#860=ORIENTED_EDGE('',*,*,#609,.T.);
#861=ORIENTED_EDGE('',*,*,#649,.T.);
#862=ORIENTED_EDGE('',*,*,#661,.T.);
#863=ORIENTED_EDGE('',*,*,#659,.T.);
#864=ORIENTED_EDGE('',*,*,#645,.F.);
#865=ORIENTED_EDGE('',*,*,#660,.T.);
#866=ORIENTED_EDGE('',*,*,#661,.F.);
#867=ORIENTED_EDGE('',*,*,#648,.F.);
#868=ORIENTED_EDGE('',*,*,#662,.F.);
#869=ORIENTED_EDGE('',*,*,#587,.F.);
#870=ORIENTED_EDGE('',*,*,#606,.T.);
#871=ORIENTED_EDGE('',*,*,#633,.T.);
#872=ORIENTED_EDGE('',*,*,#641,.T.);
#873=ORIENTED_EDGE('',*,*,#655,.T.);
#874=ORIENTED_EDGE('',*,*,#657,.F.);
#875=ORIENTED_EDGE('',*,*,#658,.F.);
#876=ORIENTED_EDGE('',*,*,#663,.F.);
#877=ORIENTED_EDGE('',*,*,#627,.T.);
#878=ORIENTED_EDGE('',*,*,#653,.T.);
#879=ORIENTED_EDGE('',*,*,#597,.F.);
#880=ORIENTED_EDGE('',*,*,#663,.T.);
#881=ORIENTED_EDGE('',*,*,#596,.F.);
#882=ORIENTED_EDGE('',*,*,#664,.T.);
#883=ORIENTED_EDGE('',*,*,#628,.F.);
#884=ORIENTED_EDGE('',*,*,#634,.F.);
#885=ORIENTED_EDGE('',*,*,#665,.T.);
#886=ORIENTED_EDGE('',*,*,#666,.F.);
#887=ORIENTED_EDGE('',*,*,#665,.F.);
#888=ORIENTED_EDGE('',*,*,#635,.F.);
#889=ORIENTED_EDGE('',*,*,#667,.T.);
#890=ORIENTED_EDGE('',*,*,#668,.F.);
#891=ORIENTED_EDGE('',*,*,#667,.F.);
#892=ORIENTED_EDGE('',*,*,#636,.F.);
#893=ORIENTED_EDGE('',*,*,#669,.T.);
#894=ORIENTED_EDGE('',*,*,#670,.F.);
#895=ORIENTED_EDGE('',*,*,#669,.F.);
#896=ORIENTED_EDGE('',*,*,#671,.F.);
#897=ORIENTED_EDGE('',*,*,#672,.T.);
#898=ORIENTED_EDGE('',*,*,#670,.T.);
#899=ORIENTED_EDGE('',*,*,#672,.F.);
#900=ORIENTED_EDGE('',*,*,#673,.F.);
#901=ORIENTED_EDGE('',*,*,#674,.T.);
#902=ORIENTED_EDGE('',*,*,#668,.T.);
#903=ORIENTED_EDGE('',*,*,#674,.F.);
#904=ORIENTED_EDGE('',*,*,#675,.F.);
#905=ORIENTED_EDGE('',*,*,#676,.T.);
#906=ORIENTED_EDGE('',*,*,#666,.T.);
#907=ORIENTED_EDGE('',*,*,#676,.F.);
#908=ORIENTED_EDGE('',*,*,#677,.F.);
#909=ORIENTED_EDGE('',*,*,#678,.F.);
#910=ORIENTED_EDGE('',*,*,#679,.T.);
#911=ORIENTED_EDGE('',*,*,#567,.F.);
#912=ORIENTED_EDGE('',*,*,#679,.F.);
#913=ORIENTED_EDGE('',*,*,#680,.F.);
#914=ORIENTED_EDGE('',*,*,#681,.T.);
#915=ORIENTED_EDGE('',*,*,#682,.F.);
#916=ORIENTED_EDGE('',*,*,#578,.F.);
#917=ORIENTED_EDGE('',*,*,#568,.F.);
#918=ORIENTED_EDGE('',*,*,#683,.F.);
#919=ORIENTED_EDGE('',*,*,#681,.F.);
#920=ORIENTED_EDGE('',*,*,#684,.F.);
#921=ORIENTED_EDGE('',*,*,#685,.T.);
#922=ORIENTED_EDGE('',*,*,#585,.F.);
#923=ORIENTED_EDGE('',*,*,#686,.F.);
#924=ORIENTED_EDGE('',*,*,#685,.F.);
#925=ORIENTED_EDGE('',*,*,#687,.F.);
#926=ORIENTED_EDGE('',*,*,#677,.T.);
#927=ORIENTED_EDGE('',*,*,#566,.F.);
#928=ORIENTED_EDGE('',*,*,#680,.T.);
#929=ORIENTED_EDGE('',*,*,#678,.T.);
#930=ORIENTED_EDGE('',*,*,#687,.T.);
#931=ORIENTED_EDGE('',*,*,#684,.T.);
#932=ORIENTED_EDGE('',*,*,#688,.F.);
#933=ORIENTED_EDGE('',*,*,#580,.F.);
#934=ORIENTED_EDGE('',*,*,#689,.F.);
#935=ORIENTED_EDGE('',*,*,#690,.F.);
#936=ORIENTED_EDGE('',*,*,#691,.F.);
#937=ORIENTED_EDGE('',*,*,#692,.F.);
#938=ORIENTED_EDGE('',*,*,#693,.F.);
#939=ORIENTED_EDGE('',*,*,#694,.F.);
#940=ORIENTED_EDGE('',*,*,#690,.T.);
#941=ORIENTED_EDGE('',*,*,#686,.T.);
#942=ORIENTED_EDGE('',*,*,#591,.F.);
#943=ORIENTED_EDGE('',*,*,#695,.T.);
#944=ORIENTED_EDGE('',*,*,#691,.T.);
#945=ORIENTED_EDGE('',*,*,#689,.T.);
#946=ORIENTED_EDGE('',*,*,#579,.F.);
#947=ORIENTED_EDGE('',*,*,#682,.T.);
#948=ORIENTED_EDGE('',*,*,#683,.T.);
#949=ORIENTED_EDGE('',*,*,#696,.F.);
#950=ORIENTED_EDGE('',*,*,#697,.F.);
#951=ORIENTED_EDGE('',*,*,#698,.F.);
#952=ORIENTED_EDGE('',*,*,#699,.T.);
#953=ORIENTED_EDGE('',*,*,#570,.F.);
#954=ORIENTED_EDGE('',*,*,#584,.F.);
#955=ORIENTED_EDGE('',*,*,#699,.F.);
#956=ORIENTED_EDGE('',*,*,#700,.F.);
#957=ORIENTED_EDGE('',*,*,#701,.T.);
#958=ORIENTED_EDGE('',*,*,#571,.F.);
#959=ORIENTED_EDGE('',*,*,#702,.F.);
#960=ORIENTED_EDGE('',*,*,#703,.F.);
#961=ORIENTED_EDGE('',*,*,#704,.F.);
#962=ORIENTED_EDGE('',*,*,#697,.T.);
#963=ORIENTED_EDGE('',*,*,#705,.F.);
#964=ORIENTED_EDGE('',*,*,#592,.F.);
#965=ORIENTED_EDGE('',*,*,#572,.F.);
#966=ORIENTED_EDGE('',*,*,#701,.F.);
#967=ORIENTED_EDGE('',*,*,#706,.F.);
#968=ORIENTED_EDGE('',*,*,#703,.T.);
#969=ORIENTED_EDGE('',*,*,#706,.T.);
#970=ORIENTED_EDGE('',*,*,#700,.T.);
#971=ORIENTED_EDGE('',*,*,#698,.T.);
#972=ORIENTED_EDGE('',*,*,#704,.T.);
#973=ORIENTED_EDGE('',*,*,#707,.F.);
#974=ORIENTED_EDGE('',*,*,#708,.T.);
#975=ORIENTED_EDGE('',*,*,#709,.F.);
#976=ORIENTED_EDGE('',*,*,#582,.F.);
#977=ORIENTED_EDGE('',*,*,#710,.T.);
#978=ORIENTED_EDGE('',*,*,#711,.T.);
#979=ORIENTED_EDGE('',*,*,#629,.F.);
#980=ORIENTED_EDGE('',*,*,#664,.F.);
#981=ORIENTED_EDGE('',*,*,#595,.F.);
#982=ORIENTED_EDGE('',*,*,#712,.T.);
#983=ORIENTED_EDGE('',*,*,#694,.T.);
#984=ORIENTED_EDGE('',*,*,#713,.T.);
#985=ORIENTED_EDGE('',*,*,#630,.F.);
#986=ORIENTED_EDGE('',*,*,#711,.F.);
#987=ORIENTED_EDGE('',*,*,#714,.T.);
#988=ORIENTED_EDGE('',*,*,#707,.T.);
#989=ORIENTED_EDGE('',*,*,#581,.F.);
#990=ORIENTED_EDGE('',*,*,#688,.T.);
#991=ORIENTED_EDGE('',*,*,#715,.F.);
#992=ORIENTED_EDGE('',*,*,#692,.T.);
#993=ORIENTED_EDGE('',*,*,#695,.F.);
#994=ORIENTED_EDGE('',*,*,#590,.F.);
#995=ORIENTED_EDGE('',*,*,#693,.T.);
#996=ORIENTED_EDGE('',*,*,#715,.T.);
#997=ORIENTED_EDGE('',*,*,#589,.F.);
#998=ORIENTED_EDGE('',*,*,#716,.T.);
#999=ORIENTED_EDGE('',*,*,#631,.F.);
#1000=ORIENTED_EDGE('',*,*,#713,.F.);
#1001=ORIENTED_EDGE('',*,*,#614,.F.);
#1002=ORIENTED_EDGE('',*,*,#717,.F.);
#1003=ORIENTED_EDGE('',*,*,#718,.F.);
#1004=ORIENTED_EDGE('',*,*,#622,.F.);
#1005=ORIENTED_EDGE('',*,*,#662,.T.);
#1006=ORIENTED_EDGE('',*,*,#632,.F.);
#1007=ORIENTED_EDGE('',*,*,#716,.F.);
#1008=ORIENTED_EDGE('',*,*,#588,.F.);
#1009=ORIENTED_EDGE('',*,*,#718,.T.);
#1010=ORIENTED_EDGE('',*,*,#719,.F.);
#1011=ORIENTED_EDGE('',*,*,#612,.F.);
#1012=ORIENTED_EDGE('',*,*,#623,.F.);
#1013=ORIENTED_EDGE('',*,*,#717,.T.);
#1014=ORIENTED_EDGE('',*,*,#613,.T.);
#1015=ORIENTED_EDGE('',*,*,#719,.T.);
#1016=ORIENTED_EDGE('',*,*,#712,.F.);
#1017=ORIENTED_EDGE('',*,*,#594,.F.);
#1018=ORIENTED_EDGE('',*,*,#720,.F.);
#1019=ORIENTED_EDGE('',*,*,#721,.F.);
#1020=ORIENTED_EDGE('',*,*,#710,.F.);
#1021=ORIENTED_EDGE('',*,*,#721,.T.);
#1022=ORIENTED_EDGE('',*,*,#722,.F.);
#1023=ORIENTED_EDGE('',*,*,#708,.F.);
#1024=ORIENTED_EDGE('',*,*,#714,.F.);
#1025=ORIENTED_EDGE('',*,*,#696,.T.);
#1026=ORIENTED_EDGE('',*,*,#583,.F.);
#1027=ORIENTED_EDGE('',*,*,#709,.T.);
#1028=ORIENTED_EDGE('',*,*,#722,.T.);
#1029=ORIENTED_EDGE('',*,*,#720,.T.);
#1030=ORIENTED_EDGE('',*,*,#593,.F.);
#1031=ORIENTED_EDGE('',*,*,#705,.T.);
#1032=ORIENTED_EDGE('',*,*,#702,.T.);
#1033=ORIENTED_EDGE('',*,*,#723,.F.);
#1034=ORIENTED_EDGE('',*,*,#724,.F.);
#1035=ORIENTED_EDGE('',*,*,#618,.F.);
#1036=ORIENTED_EDGE('',*,*,#625,.T.);
#1037=ORIENTED_EDGE('',*,*,#724,.T.);
#1038=ORIENTED_EDGE('',*,*,#725,.T.);
#1039=ORIENTED_EDGE('',*,*,#619,.T.);
#1040=ORIENTED_EDGE('',*,*,#726,.F.);
#1041=ORIENTED_EDGE('',*,*,#671,.T.);
#1042=ORIENTED_EDGE('',*,*,#673,.T.);
#1043=ORIENTED_EDGE('',*,*,#675,.T.);
#1044=ORIENTED_EDGE('',*,*,#647,.F.);
#1045=ORIENTED_EDGE('',*,*,#727,.T.);
#1046=ORIENTED_EDGE('',*,*,#726,.T.);
#1047=ORIENTED_EDGE('',*,*,#727,.F.);
#1048=ORIENTED_EDGE('',*,*,#723,.T.);
#1049=ORIENTED_EDGE('',*,*,#624,.F.);
#1050=ORIENTED_EDGE('',*,*,#620,.F.);
#1051=ORIENTED_EDGE('',*,*,#725,.F.);
#1052=PLANE('',#1171);
#1053=PLANE('',#1172);
#1054=PLANE('',#1173);
#1055=PLANE('',#1175);
#1056=PLANE('',#1177);
#1057=PLANE('',#1178);
#1058=PLANE('',#1179);
#1059=PLANE('',#1180);
#1060=PLANE('',#1188);
#1061=PLANE('',#1189);
#1062=PLANE('',#1190);
#1063=PLANE('',#1191);
#1064=PLANE('',#1192);
#1065=PLANE('',#1193);
#1066=PLANE('',#1194);
#1067=PLANE('',#1195);
#1068=PLANE('',#1196);
#1069=PLANE('',#1197);
#1070=PLANE('',#1198);
#1071=PLANE('',#1199);
#1072=PLANE('',#1200);
#1073=PLANE('',#1201);
#1074=PLANE('',#1214);
#1075=PLANE('',#1215);
#1076=PLANE('',#1216);
#1077=PLANE('',#1217);
#1078=PLANE('',#1218);
#1079=PLANE('',#1219);
#1080=PLANE('',#1220);
#1081=PLANE('',#1222);
#1082=PLANE('',#1223);
#1083=PLANE('',#1224);
#1084=PLANE('',#1225);
#1085=PLANE('',#1226);
#1086=PLANE('',#1227);
#1087=PLANE('',#1228);
#1088=PLANE('',#1231);
#1089=PLANE('',#1232);
#1090=PLANE('',#1234);
#1091=PLANE('',#1235);
#1092=PLANE('',#1238);
#1093=PLANE('',#1239);
#1094=PLANE('',#1240);
#1095=PLANE('',#1241);
#1096=PLANE('',#1242);
#1097=PLANE('',#1243);
#1098=PLANE('',#1245);
#1099=ADVANCED_FACE('',(#54),#1052,.T.);
#1100=ADVANCED_FACE('',(#55),#1053,.T.);
#1101=ADVANCED_FACE('',(#56),#1054,.T.);
#1102=ADVANCED_FACE('',(#57),#1055,.T.);
#1103=ADVANCED_FACE('',(#58),#1056,.T.);
#1104=ADVANCED_FACE('',(#59),#1057,.T.);
#1105=ADVANCED_FACE('',(#60),#1058,.F.);
#1106=ADVANCED_FACE('',(#61,#28,#29,#30),#1059,.T.);
#1107=ADVANCED_FACE('',(#62),#1060,.T.);
#1108=ADVANCED_FACE('',(#63,#31),#1061,.F.);
#1109=ADVANCED_FACE('',(#64),#1062,.T.);
#1110=ADVANCED_FACE('',(#65),#1063,.T.);
#1111=ADVANCED_FACE('',(#66),#1064,.T.);
#1112=ADVANCED_FACE('',(#67),#1065,.T.);
#1113=ADVANCED_FACE('',(#68),#1066,.T.);
#1114=ADVANCED_FACE('',(#69),#1067,.T.);
#1115=ADVANCED_FACE('',(#70),#1068,.T.);
#1116=ADVANCED_FACE('',(#71),#1069,.T.);
#1117=ADVANCED_FACE('',(#72),#1070,.T.);
#1118=ADVANCED_FACE('',(#73),#1071,.T.);
#1119=ADVANCED_FACE('',(#74),#1072,.T.);
#1120=ADVANCED_FACE('',(#75),#1073,.T.);
#1121=ADVANCED_FACE('',(#76),#23,.F.);
#1122=ADVANCED_FACE('',(#77),#24,.F.);
#1123=ADVANCED_FACE('',(#78),#25,.F.);
#1124=ADVANCED_FACE('',(#79),#16,.F.);
#1125=ADVANCED_FACE('',(#80),#17,.F.);
#1126=ADVANCED_FACE('',(#81),#18,.F.);
#1127=ADVANCED_FACE('',(#82),#1074,.F.);
#1128=ADVANCED_FACE('',(#83),#1075,.F.);
#1129=ADVANCED_FACE('',(#84),#1076,.F.);
#1130=ADVANCED_FACE('',(#85),#1077,.F.);
#1131=ADVANCED_FACE('',(#86),#1078,.T.);
#1132=ADVANCED_FACE('',(#87),#1079,.T.);
#1133=ADVANCED_FACE('',(#88),#1080,.T.);
#1134=ADVANCED_FACE('',(#89),#1081,.T.);
#1135=ADVANCED_FACE('',(#90),#1082,.F.);
#1136=ADVANCED_FACE('',(#91),#1083,.F.);
#1137=ADVANCED_FACE('',(#92),#1084,.F.);
#1138=ADVANCED_FACE('',(#93),#1085,.F.);
#1139=ADVANCED_FACE('',(#94),#1086,.T.);
#1140=ADVANCED_FACE('',(#95),#1087,.T.);
#1141=ADVANCED_FACE('',(#96),#19,.T.);
#1142=ADVANCED_FACE('',(#97),#1088,.T.);
#1143=ADVANCED_FACE('',(#98),#1089,.T.);
#1144=ADVANCED_FACE('',(#99),#20,.T.);
#1145=ADVANCED_FACE('',(#100),#1090,.T.);
#1146=ADVANCED_FACE('',(#101),#1091,.T.);
#1147=ADVANCED_FACE('',(#102),#21,.T.);
#1148=ADVANCED_FACE('',(#103),#1092,.T.);
#1149=ADVANCED_FACE('',(#104),#1093,.T.);
#1150=ADVANCED_FACE('',(#105),#1094,.T.);
#1151=ADVANCED_FACE('',(#106),#1095,.T.);
#1152=ADVANCED_FACE('',(#107),#1096,.T.);
#1153=ADVANCED_FACE('',(#108),#1097,.T.);
#1154=ADVANCED_FACE('',(#109,#32,#33,#34),#1098,.F.);
#1155=ADVANCED_FACE('',(#110),#15,.F.);
#1156=ADVANCED_FACE('',(#111),#22,.T.);
#1157=CLOSED_SHELL('',(#1099,#1100,#1101,#1102,#1103,#1104,#1105,#1106,
#1107,#1108,#1109,#1110,#1111,#1112,#1113,#1114,#1115,#1116,#1117,#1118,
#1119,#1120,#1121,#1122,#1123,#1124,#1125,#1126,#1127,#1128,#1129,#1130,
#1131,#1132,#1133,#1134,#1135,#1136,#1137,#1138,#1139,#1140,#1141,#1142,
#1143,#1144,#1145,#1146,#1147,#1148,#1149,#1150,#1151,#1152,#1153,#1154,
#1155,#1156));
#1158=DERIVED_UNIT_ELEMENT(#1160,1.);
#1159=DERIVED_UNIT_ELEMENT(#2155,-3.);
#1160=(
MASS_UNIT()
NAMED_UNIT(*)
SI_UNIT(.KILO.,.GRAM.)
);
#1161=DERIVED_UNIT((#1158,#1159));
#1162=MEASURE_REPRESENTATION_ITEM('density measure',
POSITIVE_RATIO_MEASURE(7850.),#1161);
#1163=PROPERTY_DEFINITION_REPRESENTATION(#1168,#1165);
#1164=PROPERTY_DEFINITION_REPRESENTATION(#1169,#1166);
#1165=REPRESENTATION('material name',(#1167),#2152);
#1166=REPRESENTATION('density',(#1162),#2152);
#1167=DESCRIPTIVE_REPRESENTATION_ITEM('Steel','Steel');
#1168=PROPERTY_DEFINITION('material property','material name',#2162);
#1169=PROPERTY_DEFINITION('material property','density of part',#2162);
#1170=AXIS2_PLACEMENT_3D('',#1542,#1247,#1248);
#1171=AXIS2_PLACEMENT_3D('',#1543,#1249,#1250);
#1172=AXIS2_PLACEMENT_3D('',#1568,#1263,#1264);
#1173=AXIS2_PLACEMENT_3D('',#1582,#1272,#1273);
#1174=AXIS2_PLACEMENT_3D('',#1592,#1278,#1279);
#1175=AXIS2_PLACEMENT_3D('',#1596,#1282,#1283);
#1176=AXIS2_PLACEMENT_3D('',#1604,#1287,#1288);
#1177=AXIS2_PLACEMENT_3D('',#1610,#1292,#1293);
#1178=AXIS2_PLACEMENT_3D('',#1619,#1298,#1299);
#1179=AXIS2_PLACEMENT_3D('',#1636,#1309,#1310);
#1180=AXIS2_PLACEMENT_3D('',#1656,#1321,#1322);
#1181=AXIS2_PLACEMENT_3D('',#1659,#1324,#1325);
#1182=AXIS2_PLACEMENT_3D('',#1661,#1326,#1327);
#1183=AXIS2_PLACEMENT_3D('',#1670,#1332,#1333);
#1184=AXIS2_PLACEMENT_3D('',#1674,#1335,#1336);
#1185=AXIS2_PLACEMENT_3D('',#1679,#1339,#1340);
#1186=AXIS2_PLACEMENT_3D('',#1681,#1341,#1342);
#1187=AXIS2_PLACEMENT_3D('',#1683,#1343,#1344);
#1188=AXIS2_PLACEMENT_3D('',#1684,#1345,#1346);
#1189=AXIS2_PLACEMENT_3D('',#1688,#1349,#1350);
#1190=AXIS2_PLACEMENT_3D('',#1792,#1359,#1360);
#1191=AXIS2_PLACEMENT_3D('',#1796,#1363,#1364);
#1192=AXIS2_PLACEMENT_3D('',#1803,#1369,#1370);
#1193=AXIS2_PLACEMENT_3D('',#1807,#1373,#1374);
#1194=AXIS2_PLACEMENT_3D('',#1811,#1377,#1378);
#1195=AXIS2_PLACEMENT_3D('',#1813,#1380,#1381);
#1196=AXIS2_PLACEMENT_3D('',#1817,#1384,#1385);
#1197=AXIS2_PLACEMENT_3D('',#1819,#1387,#1388);
#1198=AXIS2_PLACEMENT_3D('',#1820,#1389,#1390);
#1199=AXIS2_PLACEMENT_3D('',#1822,#1392,#1393);
#1200=AXIS2_PLACEMENT_3D('',#1823,#1394,#1395);
#1201=AXIS2_PLACEMENT_3D('',#1825,#1397,#1398);
#1202=AXIS2_PLACEMENT_3D('',#1827,#1400,#1401);
#1203=AXIS2_PLACEMENT_3D('',#1830,#1403,#1404);
#1204=AXIS2_PLACEMENT_3D('',#1831,#1405,#1406);
#1205=AXIS2_PLACEMENT_3D('',#1834,#1408,#1409);
#1206=AXIS2_PLACEMENT_3D('',#1835,#1410,#1411);
#1207=AXIS2_PLACEMENT_3D('',#1838,#1413,#1414);
#1208=AXIS2_PLACEMENT_3D('',#1839,#1415,#1416);
#1209=AXIS2_PLACEMENT_3D('',#1841,#1417,#1418);
#1210=AXIS2_PLACEMENT_3D('',#1843,#1420,#1421);
#1211=AXIS2_PLACEMENT_3D('',#1845,#1422,#1423);
#1212=AXIS2_PLACEMENT_3D('',#1847,#1425,#1426);
#1213=AXIS2_PLACEMENT_3D('',#1849,#1427,#1428);
#1214=AXIS2_PLACEMENT_3D('',#1851,#1430,#1431);
#1215=AXIS2_PLACEMENT_3D('',#1857,#1435,#1436);
#1216=AXIS2_PLACEMENT_3D('',#1863,#1440,#1441);
#1217=AXIS2_PLACEMENT_3D('',#1869,#1445,#1446);
#1218=AXIS2_PLACEMENT_3D('',#1872,#1449,#1450);
#1219=AXIS2_PLACEMENT_3D('',#1873,#1451,#1452);
#1220=AXIS2_PLACEMENT_3D('',#1879,#1456,#1457);
#1221=AXIS2_PLACEMENT_3D('',#1885,#1460,#1461);
#1222=AXIS2_PLACEMENT_3D('',#1887,#1463,#1464);
#1223=AXIS2_PLACEMENT_3D('',#1889,#1466,#1467);
#1224=AXIS2_PLACEMENT_3D('',#1897,#1472,#1473);
#1225=AXIS2_PLACEMENT_3D('',#1901,#1476,#1477);
#1226=AXIS2_PLACEMENT_3D('',#1907,#1481,#1482);
#1227=AXIS2_PLACEMENT_3D('',#1910,#1485,#1486);
#1228=AXIS2_PLACEMENT_3D('',#1911,#1487,#1488);
#1229=AXIS2_PLACEMENT_3D('',#1917,#1492,#1493);
#1230=AXIS2_PLACEMENT_3D('',#1920,#1494,#1495);
#1231=AXIS2_PLACEMENT_3D('',#1923,#1498,#1499);
#1232=AXIS2_PLACEMENT_3D('',#1926,#1502,#1503);
#1233=AXIS2_PLACEMENT_3D('',#1928,#1505,#1506);
#1234=AXIS2_PLACEMENT_3D('',#1930,#1508,#1509);
#1235=AXIS2_PLACEMENT_3D('',#1934,#1512,#1513);
#1236=AXIS2_PLACEMENT_3D('',#1935,#1514,#1515);
#1237=AXIS2_PLACEMENT_3D('',#1936,#1516,#1517);
#1238=AXIS2_PLACEMENT_3D('',#1937,#1518,#1519);
#1239=AXIS2_PLACEMENT_3D('',#1938,#1520,#1521);
#1240=AXIS2_PLACEMENT_3D('',#1942,#1524,#1525);
#1241=AXIS2_PLACEMENT_3D('',#1944,#1527,#1528);
#1242=AXIS2_PLACEMENT_3D('',#1945,#1529,#1530);
#1243=AXIS2_PLACEMENT_3D('',#1949,#1533,#1534);
#1244=AXIS2_PLACEMENT_3D('',#1950,#1535,#1536);
#1245=AXIS2_PLACEMENT_3D('',#1951,#1537,#1538);
#1246=AXIS2_PLACEMENT_3D('',#2149,#1540,#1541);
#1247=DIRECTION('axis',(0.,0.,1.));
#1248=DIRECTION('refdir',(1.,0.,0.));
#1249=DIRECTION('center_axis',(0.,0.,1.));
#1250=DIRECTION('ref_axis',(1.,0.,0.));
#1251=DIRECTION('',(0.,-1.,0.));
#1252=DIRECTION('',(-1.,0.,0.));
#1253=DIRECTION('',(0.,1.,0.));
#1254=DIRECTION('',(-1.,0.,0.));
#1255=DIRECTION('',(0.,-1.,0.));
#1256=DIRECTION('',(-1.,0.,0.));
#1257=DIRECTION('',(0.,1.,0.));
#1258=DIRECTION('',(-1.,0.,0.));
#1259=DIRECTION('',(0.,-1.,0.));
#1260=DIRECTION('',(1.,0.,0.));
#1261=DIRECTION('',(0.,1.,0.));
#1262=DIRECTION('',(-1.,0.,0.));
#1263=DIRECTION('center_axis',(0.,1.,0.));
#1264=DIRECTION('ref_axis',(-1.,0.,0.));
#1265=DIRECTION('',(0.,0.,-1.));
#1266=DIRECTION('',(-1.,0.,0.));
#1267=DIRECTION('',(0.,0.,-1.));
#1268=DIRECTION('',(-1.,0.,0.));
#1269=DIRECTION('',(0.,0.,1.));
#1270=DIRECTION('',(-1.,0.,0.));
#1271=DIRECTION('',(0.,0.,1.));
#1272=DIRECTION('center_axis',(0.,1.,0.));
#1273=DIRECTION('ref_axis',(-1.,0.,0.));
#1274=DIRECTION('',(0.,0.,1.));
#1275=DIRECTION('',(0.,0.,1.));
#1276=DIRECTION('',(-1.,0.,0.));
#1277=DIRECTION('',(0.,0.,1.));
#1278=DIRECTION('center_axis',(0.,-1.,0.));
#1279=DIRECTION('ref_axis',(0.,0.,1.));
#1280=DIRECTION('',(0.,0.,1.));
#1281=DIRECTION('',(-1.,0.,0.));
#1282=DIRECTION('center_axis',(0.,1.,0.));
#1283=DIRECTION('ref_axis',(-1.,0.,0.));
#1284=DIRECTION('',(0.,0.,-1.));
#1285=DIRECTION('',(-1.,0.,0.));
#1286=DIRECTION('',(0.,0.,-1.));
#1287=DIRECTION('center_axis',(0.,-1.,0.));
#1288=DIRECTION('ref_axis',(-1.,0.,0.));
#1289=DIRECTION('',(0.,0.,-1.));
#1290=DIRECTION('',(-1.,0.,0.));
#1291=DIRECTION('',(0.,0.,1.));
#1292=DIRECTION('center_axis',(0.,1.,0.));
#1293=DIRECTION('ref_axis',(-1.,0.,0.));
#1294=DIRECTION('',(-1.,0.,0.));
#1295=DIRECTION('',(0.,0.,1.));
#1296=DIRECTION('',(-1.,0.,0.));
#1297=DIRECTION('',(0.,0.,1.));
#1298=DIRECTION('center_axis',(1.,0.,0.));
#1299=DIRECTION('ref_axis',(0.,1.,0.));
#1300=DIRECTION('',(0.,1.,0.));
#1301=DIRECTION('',(0.,1.,0.));
#1302=DIRECTION('',(0.,0.,1.));
#1303=DIRECTION('',(0.,1.,0.));
#1304=DIRECTION('',(0.,0.,1.));
#1305=DIRECTION('',(0.,-1.,0.));
#1306=DIRECTION('',(0.,0.,1.));
#1307=DIRECTION('',(0.,1.,0.));
#1308=DIRECTION('',(0.,0.,1.));
#1309=DIRECTION('center_axis',(0.,0.,-1.));
#1310=DIRECTION('ref_axis',(-1.,0.,0.));
#1311=DIRECTION('',(0.,-1.,0.));
#1312=DIRECTION('',(-1.,0.,0.));
#1313=DIRECTION('',(0.,1.,0.));
#1314=DIRECTION('',(-1.,0.,0.));
#1315=DIRECTION('',(0.,-1.,0.));
#1316=DIRECTION('',(-1.,0.,0.));
#1317=DIRECTION('',(0.,-1.,0.));
#1318=DIRECTION('',(-1.,0.,0.));
#1319=DIRECTION('',(0.,1.,0.));
#1320=DIRECTION('',(-1.,0.,0.));
#1321=DIRECTION('center_axis',(0.,1.,0.));
#1322=DIRECTION('ref_axis',(1.,0.,0.));
#1323=DIRECTION('',(0.,0.,1.));
#1324=DIRECTION('center_axis',(0.,1.,0.));
#1325=DIRECTION('ref_axis',(1.,0.,0.));
#1326=DIRECTION('center_axis',(0.,1.,0.));
#1327=DIRECTION('ref_axis',(0.,0.,-1.));
#1328=DIRECTION('',(0.,0.,1.));
#1329=DIRECTION('',(0.,0.,1.));
#1330=DIRECTION('',(-1.,0.,0.));
#1331=DIRECTION('',(0.,0.,1.));
#1332=DIRECTION('center_axis',(0.,1.,0.));
#1333=DIRECTION('ref_axis',(-1.,0.,0.));
#1334=DIRECTION('',(1.,0.,0.));
#1335=DIRECTION('center_axis',(0.,1.,0.));
#1336=DIRECTION('ref_axis',(0.,0.,1.));
#1337=DIRECTION('',(0.,0.,-1.));
#1338=DIRECTION('',(-1.,0.,0.));
#1339=DIRECTION('center_axis',(0.,-1.,0.));
#1340=DIRECTION('ref_axis',(1.,0.,0.));
#1341=DIRECTION('center_axis',(0.,-1.,0.));
#1342=DIRECTION('ref_axis',(1.,0.,0.));
#1343=DIRECTION('center_axis',(0.,-1.,0.));
#1344=DIRECTION('ref_axis',(1.,0.,0.));
#1345=DIRECTION('center_axis',(0.,0.,-1.));
#1346=DIRECTION('ref_axis',(-1.,0.,0.));
#1347=DIRECTION('',(-1.,0.,0.));
#1348=DIRECTION('',(0.,-1.,0.));
#1349=DIRECTION('center_axis',(0.,1.,0.));
#1350=DIRECTION('ref_axis',(-1.,0.,0.));
#1351=DIRECTION('',(0.,0.,1.));
#1352=DIRECTION('',(0.707106781186547,0.,0.707106781186548));
#1353=DIRECTION('',(0.,0.,1.));
#1354=DIRECTION('',(-1.,0.,0.));
#1355=DIRECTION('',(0.,0.,1.));
#1356=DIRECTION('',(1.,0.,0.));
#1357=DIRECTION('',(0.,0.,1.));
#1358=DIRECTION('',(-0.707106781186547,0.,0.707106781186548));
#1359=DIRECTION('center_axis',(0.707106781186548,0.,0.707106781186547));
#1360=DIRECTION('ref_axis',(0.707106781186547,0.,-0.707106781186548));
#1361=DIRECTION('',(0.,1.,0.));
#1362=DIRECTION('',(0.707106781186547,0.,-0.707106781186548));
#1363=DIRECTION('center_axis',(-1.,0.,0.));
#1364=DIRECTION('ref_axis',(0.,-1.,0.));
#1365=DIRECTION('',(0.,-1.,0.));
#1366=DIRECTION('',(0.,0.,-1.));
#1367=DIRECTION('',(0.,1.,0.));
#1368=DIRECTION('',(0.,-1.,0.));
#1369=DIRECTION('center_axis',(-0.707106781186548,0.,0.707106781186547));
#1370=DIRECTION('ref_axis',(0.707106781186547,0.,0.707106781186548));
#1371=DIRECTION('',(0.707106781186547,0.,0.707106781186548));
#1372=DIRECTION('',(0.,1.,0.));
#1373=DIRECTION('center_axis',(0.,1.,0.));
#1374=DIRECTION('ref_axis',(0.,0.,1.));
#1375=DIRECTION('',(-1.,0.,0.));
#1376=DIRECTION('',(0.,0.,1.));
#1377=DIRECTION('center_axis',(0.,0.,-1.));
#1378=DIRECTION('ref_axis',(-1.,0.,0.));
#1379=DIRECTION('',(0.,1.,0.));
#1380=DIRECTION('center_axis',(0.,0.,-1.));
#1381=DIRECTION('ref_axis',(-1.,0.,0.));
#1382=DIRECTION('',(-1.,0.,0.));
#1383=DIRECTION('',(0.,1.,0.));
#1384=DIRECTION('center_axis',(0.,1.,0.));
#1385=DIRECTION('ref_axis',(0.,0.,1.));
#1386=DIRECTION('',(0.,0.,-1.));
#1387=DIRECTION('center_axis',(1.,0.,0.));
#1388=DIRECTION('ref_axis',(0.,0.,-1.));
#1389=DIRECTION('center_axis',(0.,0.,1.));
#1390=DIRECTION('ref_axis',(1.,0.,0.));
#1391=DIRECTION('',(0.,1.,0.));
#1392=DIRECTION('center_axis',(-1.,0.,0.));
#1393=DIRECTION('ref_axis',(0.,0.,1.));
#1394=DIRECTION('center_axis',(0.,0.,1.));
#1395=DIRECTION('ref_axis',(1.,0.,0.));
#1396=DIRECTION('',(0.,-1.,0.));
#1397=DIRECTION('center_axis',(-1.,0.,0.));
#1398=DIRECTION('ref_axis',(0.,0.,1.));
#1399=DIRECTION('',(0.,1.,0.));
#1400=DIRECTION('center_axis',(0.,1.,0.));
#1401=DIRECTION('ref_axis',(1.,0.,0.));
#1402=DIRECTION('',(0.542126869822092,-0.840296648224245,6.63913935859398E-17));
#1403=DIRECTION('center_axis',(0.,1.,0.));
#1404=DIRECTION('ref_axis',(1.,0.,0.));
#1405=DIRECTION('center_axis',(0.,1.,0.));
#1406=DIRECTION('ref_axis',(1.,0.,0.));
#1407=DIRECTION('',(0.542126869822092,-0.840296648224245,6.63913935859398E-17));
#1408=DIRECTION('center_axis',(0.,1.,0.));
#1409=DIRECTION('ref_axis',(1.,0.,0.));
#1410=DIRECTION('center_axis',(0.,1.,0.));
#1411=DIRECTION('ref_axis',(1.,0.,0.));
#1412=DIRECTION('',(0.542126869822092,-0.840296648224245,6.63913935859398E-17));
#1413=DIRECTION('center_axis',(0.,1.,0.));
#1414=DIRECTION('ref_axis',(1.,0.,0.));
#1415=DIRECTION('center_axis',(0.,1.,0.));
#1416=DIRECTION('ref_axis',(1.,0.,0.));
#1417=DIRECTION('center_axis',(-3.88673468859513E-32,1.,-4.50855275981007E-31));
#1418=DIRECTION('ref_axis',(1.,0.,0.));
#1419=DIRECTION('',(0.,1.,0.));
#1420=DIRECTION('center_axis',(0.,1.,0.));
#1421=DIRECTION('ref_axis',(1.,0.,0.));
#1422=DIRECTION('center_axis',(-3.88673468859513E-32,1.,-4.50855275981007E-31));
#1423=DIRECTION('ref_axis',(1.,0.,0.));
#1424=DIRECTION('',(0.,1.,0.));
#1425=DIRECTION('center_axis',(0.,1.,0.));
#1426=DIRECTION('ref_axis',(1.,0.,0.));
#1427=DIRECTION('center_axis',(-3.88673468859513E-32,1.,-4.50855275981007E-31));
#1428=DIRECTION('ref_axis',(1.,0.,0.));
#1429=DIRECTION('',(0.,1.,0.));
#1430=DIRECTION('center_axis',(0.,-1.,0.));
#1431=DIRECTION('ref_axis',(1.,0.,0.));
#1432=DIRECTION('',(0.,0.,1.));
#1433=DIRECTION('',(1.,0.,0.));
#1434=DIRECTION('',(0.,0.,1.));
#1435=DIRECTION('center_axis',(-1.,0.,0.));
#1436=DIRECTION('ref_axis',(0.,-1.,0.));
#1437=DIRECTION('',(0.,-1.,0.));
#1438=DIRECTION('',(0.,0.,1.));
#1439=DIRECTION('',(0.,1.,0.));
#1440=DIRECTION('center_axis',(0.,1.,0.));
#1441=DIRECTION('ref_axis',(-1.,0.,0.));
#1442=DIRECTION('',(1.,0.,0.));
#1443=DIRECTION('',(-1.,0.,0.));
#1444=DIRECTION('',(0.,0.,1.));
#1445=DIRECTION('center_axis',(1.,0.,0.));
#1446=DIRECTION('ref_axis',(0.,1.,0.));
#1447=DIRECTION('',(0.,-1.,0.));
#1448=DIRECTION('',(0.,1.,0.));
#1449=DIRECTION('center_axis',(0.,0.,1.));
#1450=DIRECTION('ref_axis',(1.,0.,0.));
#1451=DIRECTION('center_axis',(-1.,0.,0.));
#1452=DIRECTION('ref_axis',(0.,-1.,0.));
#1453=DIRECTION('',(0.,1.,0.));
#1454=DIRECTION('',(0.,-1.,0.));
#1455=DIRECTION('',(0.,0.,1.));
#1456=DIRECTION('center_axis',(0.,1.,0.));
#1457=DIRECTION('ref_axis',(-1.,0.,0.));
#1458=DIRECTION('',(-1.,0.,0.));
#1459=DIRECTION('',(0.,0.,1.));
#1460=DIRECTION('center_axis',(0.,1.,0.));
#1461=DIRECTION('ref_axis',(0.,0.,1.));
#1462=DIRECTION('',(1.,0.,0.));
#1463=DIRECTION('center_axis',(0.,0.,1.));
#1464=DIRECTION('ref_axis',(1.,0.,0.));
#1465=DIRECTION('',(0.,1.,0.));
#1466=DIRECTION('center_axis',(1.,0.,0.));
#1467=DIRECTION('ref_axis',(0.,1.,0.));
#1468=DIRECTION('',(0.,-1.,0.));
#1469=DIRECTION('',(0.,0.,1.));
#1470=DIRECTION('',(0.,1.,0.));
#1471=DIRECTION('',(0.,0.,1.));
#1472=DIRECTION('center_axis',(0.,-1.,0.));
#1473=DIRECTION('ref_axis',(1.,0.,0.));
#1474=DIRECTION('',(1.,0.,0.));
#1475=DIRECTION('',(0.,0.,1.));
#1476=DIRECTION('center_axis',(0.,1.,0.));
#1477=DIRECTION('ref_axis',(-1.,0.,0.));
#1478=DIRECTION('',(1.,0.,0.));
#1479=DIRECTION('',(0.,0.,1.));
#1480=DIRECTION('',(-1.,0.,0.));
#1481=DIRECTION('center_axis',(-1.,0.,0.));
#1482=DIRECTION('ref_axis',(0.,-1.,0.));
#1483=DIRECTION('',(0.,1.,0.));
#1484=DIRECTION('',(0.,-1.,0.));
#1485=DIRECTION('center_axis',(0.,0.,1.));
#1486=DIRECTION('ref_axis',(1.,0.,0.));
#1487=DIRECTION('center_axis',(1.,0.,0.));
#1488=DIRECTION('ref_axis',(0.,1.,0.));
#1489=DIRECTION('',(0.,-1.,0.));
#1490=DIRECTION('',(0.,0.,1.));
#1491=DIRECTION('',(0.,1.,0.));
#1492=DIRECTION('center_axis',(0.,1.,0.));
#1493=DIRECTION('ref_axis',(-1.,0.,0.));
#1494=DIRECTION('center_axis',(0.,1.,0.));
#1495=DIRECTION('ref_axis',(-1.,0.,0.));
#1496=DIRECTION('',(0.,1.,0.));
#1497=DIRECTION('',(0.,1.,0.));
#1498=DIRECTION('center_axis',(0.,0.,1.));
#1499=DIRECTION('ref_axis',(1.,0.,0.));
#1500=DIRECTION('',(0.,1.,0.));
#1501=DIRECTION('',(1.,0.,0.));
#1502=DIRECTION('center_axis',(1.,0.,0.));
#1503=DIRECTION('ref_axis',(0.,1.,0.));
#1504=DIRECTION('',(0.,-1.,0.));
#1505=DIRECTION('center_axis',(0.,1.,0.));
#1506=DIRECTION('ref_axis',(0.,0.,1.));
#1507=DIRECTION('',(0.,1.,0.));
#1508=DIRECTION('center_axis',(-1.,0.,0.));
#1509=DIRECTION('ref_axis',(0.,-1.,0.));
#1510=DIRECTION('',(0.,0.,-1.));
#1511=DIRECTION('',(0.,-1.,0.));
#1512=DIRECTION('center_axis',(1.,0.,0.));
#1513=DIRECTION('ref_axis',(0.,0.,-1.));
#1514=DIRECTION('center_axis',(0.,1.,0.));
#1515=DIRECTION('ref_axis',(1.,0.,0.));
#1516=DIRECTION('center_axis',(0.,-1.,0.));
#1517=DIRECTION('ref_axis',(1.,0.,0.));
#1518=DIRECTION('center_axis',(0.,1.,0.));
#1519=DIRECTION('ref_axis',(-1.,0.,0.));
#1520=DIRECTION('center_axis',(-1.,0.,0.));
#1521=DIRECTION('ref_axis',(0.,-1.,0.));
#1522=DIRECTION('',(0.,-1.,0.));
#1523=DIRECTION('',(0.,0.,1.));
#1524=DIRECTION('center_axis',(0.,1.,0.));
#1525=DIRECTION('ref_axis',(-1.,0.,0.));
#1526=DIRECTION('',(-1.,0.,0.));
#1527=DIRECTION('center_axis',(0.,0.,1.));
#1528=DIRECTION('ref_axis',(1.,0.,0.));
#1529=DIRECTION('center_axis',(1.,0.,0.));
#1530=DIRECTION('ref_axis',(0.,1.,0.));
#1531=DIRECTION('',(0.,1.,0.));
#1532=DIRECTION('',(0.,0.,1.));
#1533=DIRECTION('center_axis',(0.,1.,0.));
#1534=DIRECTION('ref_axis',(-1.,0.,0.));
#1535=DIRECTION('center_axis',(0.,-1.,0.));
#1536=DIRECTION('ref_axis',(0.,0.,-1.));
#1537=DIRECTION('center_axis',(-3.88673468859513E-32,1.,-4.50855275981007E-31));
#1538=DIRECTION('ref_axis',(0.,4.50855275981007E-31,1.));
#1539=DIRECTION('',(-0.546194042084787,0.82147583929552,0.163858212625436));
#1540=DIRECTION('center_axis',(0.,1.,0.));
#1541=DIRECTION('ref_axis',(0.,0.,-1.));
#1542=CARTESIAN_POINT('',(0.,0.,0.));
#1543=CARTESIAN_POINT('Origin',(-3.305,-5.075,2.74));
#1544=CARTESIAN_POINT('',(2.73,-4.95,2.74));
#1545=CARTESIAN_POINT('',(2.73,-5.085,2.74));
#1546=CARTESIAN_POINT('',(2.73,-5.08,2.74));
#1547=CARTESIAN_POINT('',(1.47,-5.085,2.74));
#1548=CARTESIAN_POINT('',(-0.9175,-5.085,2.74));
#1549=CARTESIAN_POINT('',(1.47,-4.95,2.74));
#1550=CARTESIAN_POINT('',(1.47,-4.95,2.74));
#1551=CARTESIAN_POINT('',(-1.47,-4.95,2.74));
#1552=CARTESIAN_POINT('',(3.31,-4.95,2.74));
#1553=CARTESIAN_POINT('',(-1.47,-5.085,2.74));
#1554=CARTESIAN_POINT('',(-1.47,-5.08,2.74));
#1555=CARTESIAN_POINT('',(-2.73,-5.085,2.74));
#1556=CARTESIAN_POINT('',(-3.0175,-5.085,2.74));
#1557=CARTESIAN_POINT('',(-2.73,-4.95,2.74));
#1558=CARTESIAN_POINT('',(-2.73,-4.95,2.74));
#1559=CARTESIAN_POINT('',(-3.31,-4.95,2.74));
#1560=CARTESIAN_POINT('',(3.31,-4.95,2.74));
#1561=CARTESIAN_POINT('',(-3.31,-5.2,2.74));
#1562=CARTESIAN_POINT('',(-3.31,-4.95,2.74));
#1563=CARTESIAN_POINT('',(3.31,-5.2,2.74));
#1564=CARTESIAN_POINT('',(-3.31,-5.2,2.74));
#1565=CARTESIAN_POINT('',(3.31,-4.95,2.74));
#1566=CARTESIAN_POINT('',(3.31,-5.2,2.74));
#1567=CARTESIAN_POINT('',(3.31,-4.95,2.74));
#1568=CARTESIAN_POINT('Origin',(3.8,-4.95,0.25));
#1569=CARTESIAN_POINT('',(1.47,-4.95,2.5));
#1570=CARTESIAN_POINT('',(1.47,-4.95,1.164));
#1571=CARTESIAN_POINT('',(1.17,-4.95,2.5));
#1572=CARTESIAN_POINT('',(2.95,-4.95,2.5));
#1573=CARTESIAN_POINT('',(1.17,-4.95,2.165));
#1574=CARTESIAN_POINT('',(1.17,-4.95,1.165));
#1575=CARTESIAN_POINT('',(-1.17,-4.95,2.165));
#1576=CARTESIAN_POINT('',(0.5,-4.95,2.165));
#1577=CARTESIAN_POINT('',(-1.17,-4.95,2.5));
#1578=CARTESIAN_POINT('',(-1.17,-4.95,1.165));
#1579=CARTESIAN_POINT('',(-1.47,-4.95,2.5));
#1580=CARTESIAN_POINT('',(0.3925,-4.95,2.5));
#1581=CARTESIAN_POINT('',(-1.47,-4.95,1.164));
#1582=CARTESIAN_POINT('Origin',(3.8,-4.95,0.25));
#1583=CARTESIAN_POINT('',(2.73,-4.95,2.5));
#1584=CARTESIAN_POINT('',(2.73,-4.95,1.164));
#1585=CARTESIAN_POINT('',(3.31,-4.95,0.95));
#1586=CARTESIAN_POINT('',(3.31,-4.95,0.));
#1587=CARTESIAN_POINT('',(3.2,-4.95,0.95));
#1588=CARTESIAN_POINT('',(3.5,-4.95,0.95));
#1589=CARTESIAN_POINT('',(3.2,-4.95,1.765));
#1590=CARTESIAN_POINT('',(3.2,-4.95,1.0075));
#1591=CARTESIAN_POINT('',(3.13,-4.95,1.99105309110915));
#1592=CARTESIAN_POINT('Origin',(2.8,-4.95,1.765));
#1593=CARTESIAN_POINT('',(3.13,-4.95,2.5));
#1594=CARTESIAN_POINT('',(3.13,-4.95,1.025));
#1595=CARTESIAN_POINT('',(2.95,-4.95,2.5));
#1596=CARTESIAN_POINT('Origin',(3.8,-4.95,0.25));
#1597=CARTESIAN_POINT('',(-2.73,-4.95,2.5));
#1598=CARTESIAN_POINT('',(-2.73,-4.95,1.164));
#1599=CARTESIAN_POINT('',(-3.13,-4.95,2.5));
#1600=CARTESIAN_POINT('',(0.3925,-4.95,2.5));
#1601=CARTESIAN_POINT('',(-3.13,-4.95,1.99105309110915));
#1602=CARTESIAN_POINT('',(-3.13,-4.95,1.025));
#1603=CARTESIAN_POINT('',(-3.2,-4.95,1.765));
#1604=CARTESIAN_POINT('Origin',(-2.8,-4.95,1.765));
#1605=CARTESIAN_POINT('',(-3.2,-4.95,0.95));
#1606=CARTESIAN_POINT('',(-3.2,-4.95,0.4075));
#1607=CARTESIAN_POINT('',(-3.31,-4.95,0.95));
#1608=CARTESIAN_POINT('',(0.3,-4.95,0.95));
#1609=CARTESIAN_POINT('',(-3.31,-4.95,0.));
#1610=CARTESIAN_POINT('Origin',(3.31,-4.22,0.));
#1611=CARTESIAN_POINT('',(3.31,-4.22,0.));
#1612=CARTESIAN_POINT('',(-3.31,-4.22,0.));
#1613=CARTESIAN_POINT('',(3.31,-4.22,0.));
#1614=CARTESIAN_POINT('',(-3.31,-4.22,0.25));
#1615=CARTESIAN_POINT('',(-3.31,-4.22,0.));
#1616=CARTESIAN_POINT('',(3.31,-4.22,0.25));
#1617=CARTESIAN_POINT('',(3.31,-4.22,0.25));
#1618=CARTESIAN_POINT('',(3.31,-4.22,0.));
#1619=CARTESIAN_POINT('Origin',(3.31,-5.2,0.));
#1620=CARTESIAN_POINT('',(3.31,-5.2,0.));
#1621=CARTESIAN_POINT('',(3.31,-5.2,0.));
#1622=CARTESIAN_POINT('',(3.31,-4.25,0.25));
#1623=CARTESIAN_POINT('',(3.31,-4.252,0.25));
#1624=CARTESIAN_POINT('',(3.31,-4.25,0.95));
#1625=CARTESIAN_POINT('',(3.31,-4.25,0.248));
#1626=CARTESIAN_POINT('',(3.31,-5.2,0.95));
#1627=CARTESIAN_POINT('',(3.31,-5.2,0.870000000000001));
#1628=CARTESIAN_POINT('',(3.31,-5.2,0.));
#1629=CARTESIAN_POINT('',(3.31,-4.3,0.870000000000001));
#1630=CARTESIAN_POINT('',(3.31,-5.2,0.870000000000001));
#1631=CARTESIAN_POINT('',(3.31,-4.3,0.38));
#1632=CARTESIAN_POINT('',(3.31,-4.3,0.4465));
#1633=CARTESIAN_POINT('',(3.31,-5.2,0.38));
#1634=CARTESIAN_POINT('',(3.31,-5.2,0.38));
#1635=CARTESIAN_POINT('',(3.31,-5.2,0.));
#1636=CARTESIAN_POINT('Origin',(0.,0.,0.25));
#1637=CARTESIAN_POINT('',(3.04652586071242,-4.25,0.25));
#1638=CARTESIAN_POINT('',(3.04652586071242,-4.95,0.25));
#1639=CARTESIAN_POINT('',(3.04652586071242,-5.2,0.25));
#1640=CARTESIAN_POINT('',(3.1,-4.95,0.25));
#1641=CARTESIAN_POINT('',(3.8,-4.95,0.25));
#1642=CARTESIAN_POINT('',(3.1,-4.25,0.25));
#1643=CARTESIAN_POINT('',(3.1,-2.125,0.25));
#1644=CARTESIAN_POINT('',(0.,-4.25,0.25));
#1645=CARTESIAN_POINT('',(-3.31,-4.25,0.25));
#1646=CARTESIAN_POINT('',(-3.31,-4.22,0.25));
#1647=CARTESIAN_POINT('',(-3.1,-4.25,0.25));
#1648=CARTESIAN_POINT('',(0.,-4.25,0.25));
#1649=CARTESIAN_POINT('',(-3.1,-4.95,0.25));
#1650=CARTESIAN_POINT('',(-3.1,-2.6,0.25));
#1651=CARTESIAN_POINT('',(-3.04652586071242,-4.95,0.25));
#1652=CARTESIAN_POINT('',(3.8,-4.95,0.25));
#1653=CARTESIAN_POINT('',(-3.04652586071242,-4.25,0.25));
#1654=CARTESIAN_POINT('',(-3.04652586071242,-5.2,0.25));
#1655=CARTESIAN_POINT('',(0.,-4.25,0.25));
#1656=CARTESIAN_POINT('Origin',(0.,-4.25,1.165));
#1657=CARTESIAN_POINT('',(3.1,-4.25,0.300424868893541));
#1658=CARTESIAN_POINT('',(3.1,-4.25,0.248));
#1659=CARTESIAN_POINT('Origin',(2.8,-4.25,0.565));
#1660=CARTESIAN_POINT('',(-3.1,-4.25,0.300424868893541));
#1661=CARTESIAN_POINT('Origin',(-2.8,-4.25,0.565));
#1662=CARTESIAN_POINT('',(-3.1,-4.25,0.248));
#1663=CARTESIAN_POINT('',(-3.31,-4.25,0.95));
#1664=CARTESIAN_POINT('',(-3.31,-4.25,0.));
#1665=CARTESIAN_POINT('',(-3.2,-4.25,0.95));
#1666=CARTESIAN_POINT('',(-3.1,-4.25,0.95));
#1667=CARTESIAN_POINT('',(-3.2,-4.25,1.765));
#1668=CARTESIAN_POINT('',(-3.2,-4.25,1.765));
#1669=CARTESIAN_POINT('',(-2.8,-4.25,2.165));
#1670=CARTESIAN_POINT('Origin',(-2.8,-4.25,1.765));
#1671=CARTESIAN_POINT('',(2.8,-4.25,2.165));
#1672=CARTESIAN_POINT('',(2.8,-4.25,2.165));
#1673=CARTESIAN_POINT('',(3.2,-4.25,1.765));
#1674=CARTESIAN_POINT('Origin',(2.8,-4.25,1.765));
#1675=CARTESIAN_POINT('',(3.2,-4.25,0.95));
#1676=CARTESIAN_POINT('',(3.2,-4.25,0.565));
#1677=CARTESIAN_POINT('',(3.31,-4.25,0.95));
#1678=CARTESIAN_POINT('',(1.38129032258064,-4.25,1.165));
#1679=CARTESIAN_POINT('Origin',(1.7,-4.25,1.165));
#1680=CARTESIAN_POINT('',(-0.318709677419355,-4.25,1.165));
#1681=CARTESIAN_POINT('Origin',(0.,-4.25,1.165));
#1682=CARTESIAN_POINT('',(-2.01870967741936,-4.25,1.165));
#1683=CARTESIAN_POINT('Origin',(-1.7,-4.25,1.165));
#1684=CARTESIAN_POINT('Origin',(0.,0.,0.));
#1685=CARTESIAN_POINT('',(-3.31,-5.2,0.));
#1686=CARTESIAN_POINT('',(3.8,-5.2,0.));
#1687=CARTESIAN_POINT('',(-3.31,-4.95,0.));
#1688=CARTESIAN_POINT('Origin',(3.8,-5.2,0.));
#1689=CARTESIAN_POINT('',(-3.31,-5.2,0.870000000000001));
#1690=CARTESIAN_POINT('',(-3.31,-5.2,0.));
#1691=CARTESIAN_POINT('',(-3.6,-5.2,0.58));
#1692=CARTESIAN_POINT('',(-3.6,-5.2,0.58));
#1693=CARTESIAN_POINT('',(-3.6,-5.2,0.38));
#1694=CARTESIAN_POINT('',(-3.6,-5.2,0.38));
#1695=CARTESIAN_POINT('',(-3.31,-5.2,0.38));
#1696=CARTESIAN_POINT('',(-3.27,-5.2,0.38));
#1697=CARTESIAN_POINT('',(-3.31,-5.2,0.));
#1698=CARTESIAN_POINT('',(3.6,-5.2,0.38));
#1699=CARTESIAN_POINT('',(3.27,-5.2,0.38));
#1700=CARTESIAN_POINT('',(3.6,-5.2,0.58));
#1701=CARTESIAN_POINT('',(3.6,-5.2,0.38));
#1702=CARTESIAN_POINT('',(3.6,-5.2,0.58));
#1703=CARTESIAN_POINT('',(2.99867021276596,-5.2,0.715398936170213));
#1704=CARTESIAN_POINT('Ctrl Pts',(2.99867021276596,-5.2,0.715398936170146));
#1705=CARTESIAN_POINT('Ctrl Pts',(2.99867021276595,-5.2,0.652966509393347));
#1706=CARTESIAN_POINT('Ctrl Pts',(2.98753011359322,-5.2,0.58154790169505));
#1707=CARTESIAN_POINT('Ctrl Pts',(2.95986412995685,-5.2,0.512144194081493));
#1708=CARTESIAN_POINT('Ctrl Pts',(2.93219814632047,-5.2,0.44274048646791));
#1709=CARTESIAN_POINT('Ctrl Pts',(2.88800627822044,-5.2,0.375351678939069));
#1710=CARTESIAN_POINT('Ctrl Pts',(2.83211639356097,-5.2,0.321082911298103));
#1711=CARTESIAN_POINT('Ctrl Pts',(2.77622650890151,-5.2,0.266814143657137));
#1712=CARTESIAN_POINT('Ctrl Pts',(2.70863860768261,-5.2,0.225665415904046));
#1713=CARTESIAN_POINT('Ctrl Pts',(2.64116779851321,-5.2,0.200487993550999));
#1714=CARTESIAN_POINT('Ctrl Pts',(2.57369698934382,-5.2,0.175310571197952));
#1715=CARTESIAN_POINT('Ctrl Pts',(2.50634327222394,-5.2,0.16610445424495));
#1716=CARTESIAN_POINT('Ctrl Pts',(2.44934886581685,-5.2,0.166086239507226));
#1717=CARTESIAN_POINT('Ctrl Pts',(2.04140315870574,-5.2,0.165955864887524));
#1718=CARTESIAN_POINT('Ctrl Pts',(1.63322147877373,-5.2,0.166015528547459));
#1719=CARTESIAN_POINT('Ctrl Pts',(1.22495424429605,-5.2,0.166043276629196));
#1720=CARTESIAN_POINT('Ctrl Pts',(0.000152540863012751,-5.2,0.166126520874405));
#1721=CARTESIAN_POINT('Ctrl Pts',(-1.22541915348112,-5.2,0.165922524915824));
#1722=CARTESIAN_POINT('Ctrl Pts',(-2.44936520973307,-5.2,0.166139995174591));
#1723=CARTESIAN_POINT('Ctrl Pts',(-2.50636468926706,-5.2,0.166150122819924));
#1724=CARTESIAN_POINT('Ctrl Pts',(-2.57368140376462,-5.2,0.175443485237025));
#1725=CARTESIAN_POINT('Ctrl Pts',(-2.64115926323691,-5.2,0.200608716242448));
#1726=CARTESIAN_POINT('Ctrl Pts',(-2.70863712270921,-5.2,0.22577394724787));
#1727=CARTESIAN_POINT('Ctrl Pts',(-2.77627612715624,-5.2,0.266811046841613));
#1728=CARTESIAN_POINT('Ctrl Pts',(-2.83214061339738,-5.2,0.321059722580104));
#1729=CARTESIAN_POINT('Ctrl Pts',(-2.88800509963853,-5.2,0.375308398318595));
#1730=CARTESIAN_POINT('Ctrl Pts',(-2.93209506767378,-5.2,0.442768650201833));
#1731=CARTESIAN_POINT('Ctrl Pts',(-2.95974548283791,-5.2,0.512186606079547));
#1732=CARTESIAN_POINT('Ctrl Pts',(-2.98739589800204,-5.2,0.581604561957262));
#1733=CARTESIAN_POINT('Ctrl Pts',(-2.99860676029504,-5.2,0.652980221829451));
#1734=CARTESIAN_POINT('Ctrl Pts',(-2.99861726085877,-5.2,0.715404133863594));
#1735=CARTESIAN_POINT('Ctrl Pts',(-2.99862846250075,-5.2,0.781995826675328));
#1736=CARTESIAN_POINT('Ctrl Pts',(-2.9986273918541,-5.2,0.848615397597333));
#1737=CARTESIAN_POINT('Ctrl Pts',(-2.99862751038862,-5.2,0.915241076024539));
#1738=CARTESIAN_POINT('Ctrl Pts',(-2.99862762892315,-5.2,0.981866754451746));
#1739=CARTESIAN_POINT('Ctrl Pts',(-2.99862893663885,-5.2,1.04849854038415));
#1740=CARTESIAN_POINT('Ctrl Pts',(-2.9986293622793,-5.2,1.11513138673775));
#1741=CARTESIAN_POINT('Ctrl Pts',(-2.99862957509953,-5.2,1.14844780991454));
#1742=CARTESIAN_POINT('Ctrl Pts',(-2.99862956740095,-5.2,1.18176449819663));
#1743=CARTESIAN_POINT('Ctrl Pts',(-2.99862952217186,-5.2,1.21508003240168));
#1744=CARTESIAN_POINT('Ctrl Pts',(-2.99862947694276,-5.2,1.24839556660672));
#1745=CARTESIAN_POINT('Ctrl Pts',(-2.99862939418316,-5.2,1.28170994673473));
#1746=CARTESIAN_POINT('Ctrl Pts',(-2.99862927121982,-5.2,1.31502243709256));
#1747=CARTESIAN_POINT('Ctrl Pts',(-2.99862914825648,-5.2,1.34833492745039));
#1748=CARTESIAN_POINT('Ctrl Pts',(-2.9986289850894,-5.2,1.38164552803806));
#1749=CARTESIAN_POINT('Ctrl Pts',(-2.99862857394624,-5.2,1.41495276532002));
#1750=CARTESIAN_POINT('Ctrl Pts',(-2.99862836837466,-5.2,1.431606383961));
#1751=CARTESIAN_POINT('Ctrl Pts',(-2.99862810080905,-5.2,1.44825916177555));
#1752=CARTESIAN_POINT('Ctrl Pts',(-2.99862826168756,-5.2,1.46491146416267));
#1753=CARTESIAN_POINT('Ctrl Pts',(-2.99862842256607,-5.2,1.48156376654978));
#1754=CARTESIAN_POINT('Ctrl Pts',(-2.9986290118887,-5.2,1.49821559350946));
#1755=CARTESIAN_POINT('Ctrl Pts',(-2.99862628282485,-5.2,1.51486352555083));
#1756=CARTESIAN_POINT('Ctrl Pts',(-2.99861604978621,-5.2,1.57728747072601));
#1757=CARTESIAN_POINT('Ctrl Pts',(-2.98740455745937,-5.2,1.64866295289534));
#1758=CARTESIAN_POINT('Ctrl Pts',(-2.95975379554307,-5.2,1.71808081223685));
#1759=CARTESIAN_POINT('Ctrl Pts',(-2.93210303362678,-5.2,1.78749867157835));
#1760=CARTESIAN_POINT('Ctrl Pts',(-2.88801300212104,-5.2,1.85495890809204));
#1761=CARTESIAN_POINT('Ctrl Pts',(-2.83214845486288,-5.2,1.90920753113082));
#1762=CARTESIAN_POINT('Ctrl Pts',(-2.77628390760472,-5.2,1.96345615416961));
#1763=CARTESIAN_POINT('Ctrl Pts',(-2.70864484459412,-5.2,2.00449316373349));
#1764=CARTESIAN_POINT('Ctrl Pts',(-2.64116679493027,-5.2,2.02965836846248));
#1765=CARTESIAN_POINT('Ctrl Pts',(-2.57368874526642,-5.2,2.05482357319148));
#1766=CARTESIAN_POINT('Ctrl Pts',(-2.5063717089493,-5.2,2.06411697308559));
#1767=CARTESIAN_POINT('Ctrl Pts',(-2.4493734166238,-5.2,2.06412679451136));
#1768=CARTESIAN_POINT('Ctrl Pts',(-1.63342637435534,-5.20000000000001,2.06426739106225));
#1769=CARTESIAN_POINT('Ctrl Pts',(-0.816674631515417,-5.2,2.06421284869485));
#1770=CARTESIAN_POINT('Ctrl Pts',(6.15199032605318E-6,-5.2,2.06419841613975));
#1771=CARTESIAN_POINT('Ctrl Pts',(0.408346543743198,-5.2,2.0641911998622));
#1772=CARTESIAN_POINT('Ctrl Pts',(0.816669195662523,-5.2,2.06419401103772));
#1773=CARTESIAN_POINT('Ctrl Pts',(1.22493300165998,-5.2,2.0641980390918));
#1774=CARTESIAN_POINT('Ctrl Pts',(1.63319680765744,-5.2,2.06420206714588));
#1775=CARTESIAN_POINT('Ctrl Pts',(2.04140176773303,-5.2,2.06420731207852));
#1776=CARTESIAN_POINT('Ctrl Pts',(2.44936910540886,-5.20000000000001,2.06412667217921));
#1777=CARTESIAN_POINT('Ctrl Pts',(2.50636653383866,-5.20000000000001,2.06411540591727));
#1778=CARTESIAN_POINT('Ctrl Pts',(2.57368395070314,-5.20000000000001,2.05482203951647));
#1779=CARTESIAN_POINT('Ctrl Pts',(2.64116210483641,-5.20000000000001,2.02965669223125));
#1780=CARTESIAN_POINT('Ctrl Pts',(2.70864025896968,-5.20000000000001,2.00449134494603));
#1781=CARTESIAN_POINT('Ctrl Pts',(2.77627915037174,-5.20000000000001,1.96345401677638));
#1782=CARTESIAN_POINT('Ctrl Pts',(2.83214364120285,-5.20000000000001,1.90920511560158));
#1783=CARTESIAN_POINT('Ctrl Pts',(2.88800813203396,-5.20000000000001,1.85495621442677));
#1784=CARTESIAN_POINT('Ctrl Pts',(2.93209822229412,-5.20000000000001,1.78749574024682));
#1785=CARTESIAN_POINT('Ctrl Pts',(2.95974885534174,-5.20000000000001,1.7180776416382));
#1786=CARTESIAN_POINT('Ctrl Pts',(2.98739948838936,-5.2,1.64865954302958));
#1787=CARTESIAN_POINT('Ctrl Pts',(2.99861066422444,-5.2,1.5772838199923));
#1788=CARTESIAN_POINT('Ctrl Pts',(2.99862098829777,-5.2,1.51485868351282));
#1789=CARTESIAN_POINT('Ctrl Pts',(2.99866504177006,-5.2,1.24848668748038));
#1790=CARTESIAN_POINT('Ctrl Pts',(2.99867021276596,-5.2,0.981802040361361));
#1791=CARTESIAN_POINT('Ctrl Pts',(2.99867021276596,-5.2,0.715398936170216));
#1792=CARTESIAN_POINT('Origin',(3.27,-5.2,0.91));
#1793=CARTESIAN_POINT('',(3.6,-4.3,0.58));
#1794=CARTESIAN_POINT('',(3.6,-5.2,0.58));
#1795=CARTESIAN_POINT('',(3.6,-4.3,0.58));
#1796=CARTESIAN_POINT('Origin',(-3.31,-4.95,0.));
#1797=CARTESIAN_POINT('',(-3.31,-4.3,0.38));
#1798=CARTESIAN_POINT('',(-3.31,-4.725,0.38));
#1799=CARTESIAN_POINT('',(-3.31,-4.3,0.870000000000001));
#1800=CARTESIAN_POINT('',(-3.31,-4.3,0.4465));
#1801=CARTESIAN_POINT('',(-3.31,-4.725,0.870000000000001));
#1802=CARTESIAN_POINT('',(-3.31,-4.25,0.95));
#1803=CARTESIAN_POINT('Origin',(-3.6,-5.2,0.58));
#1804=CARTESIAN_POINT('',(-3.6,-4.3,0.58));
#1805=CARTESIAN_POINT('',(-3.6,-4.3,0.58));
#1806=CARTESIAN_POINT('',(-3.6,-5.2,0.58));
#1807=CARTESIAN_POINT('Origin',(-3.435,-4.3,0.645));
#1808=CARTESIAN_POINT('',(-3.6,-4.3,0.38));
#1809=CARTESIAN_POINT('',(-3.27,-4.3,0.38));
#1810=CARTESIAN_POINT('',(-3.6,-4.3,0.38));
#1811=CARTESIAN_POINT('Origin',(-3.27,-5.2,0.38));
#1812=CARTESIAN_POINT('',(-3.6,-5.2,0.38));
#1813=CARTESIAN_POINT('Origin',(3.6,-5.2,0.38));
#1814=CARTESIAN_POINT('',(3.6,-4.3,0.38));
#1815=CARTESIAN_POINT('',(3.27,-4.3,0.38));
#1816=CARTESIAN_POINT('',(3.6,-5.2,0.38));
#1817=CARTESIAN_POINT('Origin',(3.435,-4.3,0.645));
#1818=CARTESIAN_POINT('',(3.6,-4.3,0.38));
#1819=CARTESIAN_POINT('Origin',(3.6,-5.2,0.58));
#1820=CARTESIAN_POINT('Origin',(3.2,-4.725,0.95));
#1821=CARTESIAN_POINT('',(3.2,-4.9625,0.95));
#1822=CARTESIAN_POINT('Origin',(-3.6,-5.2,0.38));
#1823=CARTESIAN_POINT('Origin',(-3.2,-4.725,0.95));
#1824=CARTESIAN_POINT('',(-3.2,-4.9625,0.95));
#1825=CARTESIAN_POINT('Origin',(-3.2,-5.2,0.565));
#1826=CARTESIAN_POINT('',(-3.2,-5.2,1.765));
#1827=CARTESIAN_POINT('Origin',(1.7,-4.248,1.165));
#1828=CARTESIAN_POINT('',(1.42,-4.31,1.165));
#1829=CARTESIAN_POINT('',(1.38,-4.248,1.165));
#1830=CARTESIAN_POINT('Origin',(1.7,-4.31,1.165));
#1831=CARTESIAN_POINT('Origin',(0.,-4.248,1.165));
#1832=CARTESIAN_POINT('',(-0.28,-4.31,1.165));
#1833=CARTESIAN_POINT('',(-0.32,-4.248,1.165));
#1834=CARTESIAN_POINT('Origin',(0.,-4.31,1.165));
#1835=CARTESIAN_POINT('Origin',(-1.7,-4.248,1.165));
#1836=CARTESIAN_POINT('',(-1.98,-4.31,1.165));
#1837=CARTESIAN_POINT('',(-2.02,-4.248,1.165));
#1838=CARTESIAN_POINT('Origin',(-1.7,-4.31,1.165));
#1839=CARTESIAN_POINT('Origin',(-1.7,-4.452,1.165));
#1840=CARTESIAN_POINT('',(-1.98,-4.45,1.165));
#1841=CARTESIAN_POINT('Origin',(-1.7,-4.45,1.165));
#1842=CARTESIAN_POINT('',(-1.98,-4.452,1.165));
#1843=CARTESIAN_POINT('Origin',(0.,-4.452,1.165));
#1844=CARTESIAN_POINT('',(-0.28,-4.45,1.165));
#1845=CARTESIAN_POINT('Origin',(0.,-4.45,1.165));
#1846=CARTESIAN_POINT('',(-0.28,-4.452,1.165));
#1847=CARTESIAN_POINT('Origin',(1.7,-4.452,1.165));
#1848=CARTESIAN_POINT('',(1.42,-4.45,1.165));
#1849=CARTESIAN_POINT('Origin',(1.7,-4.45,1.165));
#1850=CARTESIAN_POINT('',(1.42,-4.452,1.165));
#1851=CARTESIAN_POINT('Origin',(1.47,-5.085,2.078));
#1852=CARTESIAN_POINT('',(2.73,-5.085,2.078));
#1853=CARTESIAN_POINT('',(2.73,-5.085,2.078));
#1854=CARTESIAN_POINT('',(1.47,-5.085,2.078));
#1855=CARTESIAN_POINT('',(1.47,-5.085,2.078));
#1856=CARTESIAN_POINT('',(1.47,-5.085,2.078));
#1857=CARTESIAN_POINT('Origin',(1.47,-4.825,2.078));
#1858=CARTESIAN_POINT('',(1.47,-4.825,2.078));
#1859=CARTESIAN_POINT('',(1.47,-4.825,2.078));
#1860=CARTESIAN_POINT('',(1.47,-4.825,2.5));
#1861=CARTESIAN_POINT('',(1.47,-4.825,2.078));
#1862=CARTESIAN_POINT('',(1.47,-4.7875,2.5));
#1863=CARTESIAN_POINT('Origin',(2.73,-4.825,2.078));
#1864=CARTESIAN_POINT('',(2.73,-4.825,2.5));
#1865=CARTESIAN_POINT('',(2.8725,-4.825,2.5));
#1866=CARTESIAN_POINT('',(2.73,-4.825,2.078));
#1867=CARTESIAN_POINT('',(2.73,-4.825,2.078));
#1868=CARTESIAN_POINT('',(2.73,-4.825,2.078));
#1869=CARTESIAN_POINT('Origin',(2.73,-5.085,2.078));
#1870=CARTESIAN_POINT('',(2.73,-4.9175,2.5));
#1871=CARTESIAN_POINT('',(2.73,-5.085,2.078));
#1872=CARTESIAN_POINT('Origin',(2.1,-4.955,2.078));
#1873=CARTESIAN_POINT('Origin',(1.17,-4.55,2.08));
#1874=CARTESIAN_POINT('',(1.17,-4.55,2.165));
#1875=CARTESIAN_POINT('',(1.17,-4.875,2.165));
#1876=CARTESIAN_POINT('',(1.17,-4.55,2.5));
#1877=CARTESIAN_POINT('',(1.17,-4.55,2.5));
#1878=CARTESIAN_POINT('',(1.17,-4.55,2.08));
#1879=CARTESIAN_POINT('Origin',(3.13,-4.55,1.8));
#1880=CARTESIAN_POINT('',(3.13,-4.55,2.5));
#1881=CARTESIAN_POINT('',(3.13,-4.55,2.5));
#1882=CARTESIAN_POINT('',(3.13,-4.55,1.99105309110915));
#1883=CARTESIAN_POINT('',(3.13,-4.55,1.8));
#1884=CARTESIAN_POINT('',(2.8,-4.55,2.165));
#1885=CARTESIAN_POINT('Origin',(2.8,-4.55,1.765));
#1886=CARTESIAN_POINT('',(0.115,-4.55,2.165));
#1887=CARTESIAN_POINT('Origin',(3.015,-4.75,2.5));
#1888=CARTESIAN_POINT('',(3.13,-4.95,2.5));
#1889=CARTESIAN_POINT('Origin',(-1.47,-5.085,2.078));
#1890=CARTESIAN_POINT('',(-1.47,-4.825,2.5));
#1891=CARTESIAN_POINT('',(-1.47,-4.9175,2.5));
#1892=CARTESIAN_POINT('',(-1.47,-4.825,2.078));
#1893=CARTESIAN_POINT('',(-1.47,-4.825,2.078));
#1894=CARTESIAN_POINT('',(-1.47,-5.085,2.078));
#1895=CARTESIAN_POINT('',(-1.47,-5.085,2.078));
#1896=CARTESIAN_POINT('',(-1.47,-5.085,2.078));
#1897=CARTESIAN_POINT('Origin',(-2.73,-5.085,2.078));
#1898=CARTESIAN_POINT('',(-2.73,-5.085,2.078));
#1899=CARTESIAN_POINT('',(-2.73,-5.085,2.078));
#1900=CARTESIAN_POINT('',(-2.73,-5.085,2.078));
#1901=CARTESIAN_POINT('Origin',(-1.47,-4.825,2.078));
#1902=CARTESIAN_POINT('',(-2.73,-4.825,2.5));
#1903=CARTESIAN_POINT('',(-2.2425,-4.825,2.5));
#1904=CARTESIAN_POINT('',(-2.73,-4.825,2.078));
#1905=CARTESIAN_POINT('',(-2.73,-4.825,2.078));
#1906=CARTESIAN_POINT('',(-1.47,-4.825,2.078));
#1907=CARTESIAN_POINT('Origin',(-2.73,-4.825,2.078));
#1908=CARTESIAN_POINT('',(-2.73,-4.7875,2.5));
#1909=CARTESIAN_POINT('',(-2.73,-4.825,2.078));
#1910=CARTESIAN_POINT('Origin',(-2.1,-4.955,2.078));
#1911=CARTESIAN_POINT('Origin',(-1.17,-5.2,2.08));
#1912=CARTESIAN_POINT('',(-1.17,-4.55,2.165));
#1913=CARTESIAN_POINT('',(-1.17,-5.2,2.165));
#1914=CARTESIAN_POINT('',(-1.17,-4.55,2.5));
#1915=CARTESIAN_POINT('',(-1.17,-4.55,2.08));
#1916=CARTESIAN_POINT('',(-1.17,-5.2,2.5));
#1917=CARTESIAN_POINT('Origin',(-2.8,-5.2,1.765));
#1918=CARTESIAN_POINT('',(-3.13,-4.55,1.99105309110915));
#1919=CARTESIAN_POINT('',(-2.8,-4.55,2.165));
#1920=CARTESIAN_POINT('Origin',(-2.8,-4.55,1.765));
#1921=CARTESIAN_POINT('',(-2.8,-5.2,2.165));
#1922=CARTESIAN_POINT('',(-3.13,-5.2,1.99105309110915));
#1923=CARTESIAN_POINT('Origin',(-2.8,-5.2,2.165));
#1924=CARTESIAN_POINT('',(2.8,-5.2,2.165));
#1925=CARTESIAN_POINT('',(-1.985,-4.55,2.165));
#1926=CARTESIAN_POINT('Origin',(3.13,-4.95,1.8));
#1927=CARTESIAN_POINT('',(3.13,-5.2,1.99105309110915));
#1928=CARTESIAN_POINT('Origin',(2.8,-5.2,1.765));
#1929=CARTESIAN_POINT('',(3.2,-5.2,1.765));
#1930=CARTESIAN_POINT('Origin',(3.1,-4.25,0.248));
#1931=CARTESIAN_POINT('',(3.1,-4.95,0.300424868893541));
#1932=CARTESIAN_POINT('',(3.1,-4.95,0.249));
#1933=CARTESIAN_POINT('',(3.1,-5.2,0.300424868893541));
#1934=CARTESIAN_POINT('Origin',(3.2,-5.2,1.765));
#1935=CARTESIAN_POINT('Origin',(2.8,-5.2,0.565));
#1936=CARTESIAN_POINT('Origin',(2.8,-4.95,0.565));
#1937=CARTESIAN_POINT('Origin',(3.8,-4.95,0.25));
#1938=CARTESIAN_POINT('Origin',(-3.13,-4.55,1.8));
#1939=CARTESIAN_POINT('',(-3.13,-4.55,2.5));
#1940=CARTESIAN_POINT('',(-3.13,-4.55,2.5));
#1941=CARTESIAN_POINT('',(-3.13,-4.55,1.8));
#1942=CARTESIAN_POINT('Origin',(-2.9,-4.55,1.8));
#1943=CARTESIAN_POINT('',(-2.9,-4.55,2.5));
#1944=CARTESIAN_POINT('Origin',(-3.015,-4.75,2.5));
#1945=CARTESIAN_POINT('Origin',(-3.1,-5.2,0.248));
#1946=CARTESIAN_POINT('',(-3.1,-4.95,0.300424868893541));
#1947=CARTESIAN_POINT('',(-3.1,-5.2,0.300424868893541));
#1948=CARTESIAN_POINT('',(-3.1,-4.95,0.249));
#1949=CARTESIAN_POINT('Origin',(3.8,-4.95,0.25));
#1950=CARTESIAN_POINT('Origin',(-2.8,-4.95,0.565));
#1951=CARTESIAN_POINT('Origin',(0.227272727272726,-4.45,1.13772727272727));
#1952=CARTESIAN_POINT('',(2.5,-4.45,0.865));
#1953=CARTESIAN_POINT('Ctrl Pts',(2.5,-4.45,0.865));
#1954=CARTESIAN_POINT('Ctrl Pts',(2.5,-4.45,0.825730091830128));
#1955=CARTESIAN_POINT('Ctrl Pts',(2.48438858912301,-4.45,0.747198741364465));
#1956=CARTESIAN_POINT('Ctrl Pts',(2.41766488599096,-4.45,0.647330927830434));
#1957=CARTESIAN_POINT('Ctrl Pts',(2.31779725938233,-4.45,0.580607454944863));
#1958=CARTESIAN_POINT('Ctrl Pts',(2.23926457656087,-4.45,0.564996182427391));
#1959=CARTESIAN_POINT('Ctrl Pts',(1.9189230231803,-4.45,0.564993158280855));
#1960=CARTESIAN_POINT('Ctrl Pts',(0.537839458830525,-4.45,0.565002731867455));
#1961=CARTESIAN_POINT('Ctrl Pts',(-1.35676464694354,-4.45,0.565000204898017));
#1962=CARTESIAN_POINT('Ctrl Pts',(-2.23926821128663,-4.45,0.564997395702846));
#1963=CARTESIAN_POINT('Ctrl Pts',(-2.31778897382724,-4.45,0.580623102979893));
#1964=CARTESIAN_POINT('Ctrl Pts',(-2.41768060044793,-4.45,0.647318413470763));
#1965=CARTESIAN_POINT('Ctrl Pts',(-2.48437586728619,-4.45,0.747210003688745));
#1966=CARTESIAN_POINT('Ctrl Pts',(-2.50000154421093,-4.45,0.825730831429708));
#1967=CARTESIAN_POINT('Ctrl Pts',(-2.50000108621096,-4.45,0.906891543767955));
#1968=CARTESIAN_POINT('Ctrl Pts',(-2.50000111170468,-4.45,1.00283775474964));
#1969=CARTESIAN_POINT('Ctrl Pts',(-2.5000010455604,-4.45,1.13797282855283));
#1970=CARTESIAN_POINT('Ctrl Pts',(-2.50000104415167,-4.45,1.24608107190148));
#1971=CARTESIAN_POINT('Ctrl Pts',(-2.50000105119399,-4.45,1.32488176736261));
#1972=CARTESIAN_POINT('Ctrl Pts',(-2.50000106453179,-4.45,1.38674833448979));
#1973=CARTESIAN_POINT('Ctrl Pts',(-2.50000108836022,-4.45,1.43282087862555));
#1974=CARTESIAN_POINT('Ctrl Pts',(-2.5000010655007,-4.45,1.45452699145456));
#1975=CARTESIAN_POINT('Ctrl Pts',(-2.50000133894204,-4.45,1.50426924158435));
#1976=CARTESIAN_POINT('Ctrl Pts',(-2.48437570734808,-4.45,1.58279004615798));
#1977=CARTESIAN_POINT('Ctrl Pts',(-2.41768043446731,-4.45,1.68268163875733));
#1978=CARTESIAN_POINT('Ctrl Pts',(-2.31778886327481,-4.45,1.74937691261398));
#1979=CARTESIAN_POINT('Ctrl Pts',(-2.23926804422293,-4.45,1.76500265704255));
#1980=CARTESIAN_POINT('Ctrl Pts',(-1.63784414690515,-4.45,1.764999526248));
#1981=CARTESIAN_POINT('Ctrl Pts',(-0.409457997928124,-4.45,1.76500028567255));
#1982=CARTESIAN_POINT('Ctrl Pts',(1.22837870171531,-4.45,1.76500021715347));
#1983=CARTESIAN_POINT('Ctrl Pts',(1.91892198256882,-4.45,1.76500052538444));
#1984=CARTESIAN_POINT('Ctrl Pts',(2.23926818389426,-4.45,1.7650023180026));
#1985=CARTESIAN_POINT('Ctrl Pts',(2.31778902500412,-4.45,1.74937657856189));
#1986=CARTESIAN_POINT('Ctrl Pts',(2.41768057883952,-4.45,1.68268130300993));
#1987=CARTESIAN_POINT('Ctrl Pts',(2.48437585029523,-4.45,1.58278969271269));
#1988=CARTESIAN_POINT('Ctrl Pts',(2.50000149279307,-4.45,1.50426888881692));
#1989=CARTESIAN_POINT('Ctrl Pts',(2.50000030140712,-4.45,1.2974340228056));
#1990=CARTESIAN_POINT('Ctrl Pts',(2.5,-4.45,1.03256717587087));
#1991=CARTESIAN_POINT('Ctrl Pts',(2.5,-4.45,0.865000000000002));
#1992=CARTESIAN_POINT('Ctrl Pts',(2.99867021276596,-5.2,0.715398936170213));
#1993=CARTESIAN_POINT('Ctrl Pts',(2.83244680851064,-4.95,0.765265957446808));
#1994=CARTESIAN_POINT('Ctrl Pts',(2.66622340425532,-4.7,0.815132978723404));
#1995=CARTESIAN_POINT('Ctrl Pts',(2.5,-4.45,0.865));
#1996=CARTESIAN_POINT('Ctrl Pts',(2.99867021276596,-5.2,0.652966509393398));
#1997=CARTESIAN_POINT('Ctrl Pts',(2.83243264103156,-4.95,0.710487033595075));
#1998=CARTESIAN_POINT('Ctrl Pts',(2.66623757173439,-4.7,0.768209567628451));
#1999=CARTESIAN_POINT('Ctrl Pts',(2.5,-4.45,0.825730091830128));
#2000=CARTESIAN_POINT('Ctrl Pts',(2.9763900144205,-5.2,0.510129293996751));
#2001=CARTESIAN_POINT('Ctrl Pts',(2.81241415803051,-4.95,0.589151211140153));
#2002=CARTESIAN_POINT('Ctrl Pts',(2.648364445513,-4.7,0.668176824221063));
#2003=CARTESIAN_POINT('Ctrl Pts',(2.48438858912301,-4.45,0.747198741364465));
#2004=CARTESIAN_POINT('Ctrl Pts',(2.84381441012041,-5.2,0.307962871410227));
#2005=CARTESIAN_POINT('Ctrl Pts',(2.70178647604225,-4.95,0.421050568876217));
#2006=CARTESIAN_POINT('Ctrl Pts',(2.55969282006913,-4.7,0.534243230364444));
#2007=CARTESIAN_POINT('Ctrl Pts',(2.41766488599096,-4.45,0.647330927830434));
#2008=CARTESIAN_POINT('Ctrl Pts',(2.6410507064637,-5.20000000000001,0.184516688150954));
#2009=CARTESIAN_POINT('Ctrl Pts',(2.53332897483221,-4.95,0.316536281559258));
#2010=CARTESIAN_POINT('Ctrl Pts',(2.42551899101383,-4.7,0.448587861536558));
#2011=CARTESIAN_POINT('Ctrl Pts',(2.31779725938233,-4.45,0.580607454944863));
#2012=CARTESIAN_POINT('Ctrl Pts',(2.50634327222394,-5.20000000000001,0.166104454244949));
#2013=CARTESIAN_POINT('Ctrl Pts',(2.41733762759849,-4.95,0.299081633408973));
#2014=CARTESIAN_POINT('Ctrl Pts',(2.32827022118632,-4.7,0.432019003263367));
#2015=CARTESIAN_POINT('Ctrl Pts',(2.23926457656087,-4.45,0.564996182427391));
#2016=CARTESIAN_POINT('Ctrl Pts',(2.04140315870574,-5.20000000000001,0.165955864887523));
#2017=CARTESIAN_POINT('Ctrl Pts',(2.00059279063863,-4.95,0.298935503208084));
#2018=CARTESIAN_POINT('Ctrl Pts',(1.95973339124741,-4.7,0.432013519960293));
#2019=CARTESIAN_POINT('Ctrl Pts',(1.9189230231803,-4.45,0.564993158280855));
#2020=CARTESIAN_POINT('Ctrl Pts',(0.408676438977723,-5.2,0.166194519527265));
#2021=CARTESIAN_POINT('Ctrl Pts',(0.451729581855988,-4.95,0.299172160080375));
#2022=CARTESIAN_POINT('Ctrl Pts',(0.49478631595226,-4.7,0.432025091314344));
#2023=CARTESIAN_POINT('Ctrl Pts',(0.537839458830525,-4.45,0.565002731867455));
#2024=CARTESIAN_POINT('Ctrl Pts',(-1.22541915348112,-5.2,0.165922524915824));
#2025=CARTESIAN_POINT('Ctrl Pts',(-1.26921310725872,-4.95,0.298901673791352));
#2026=CARTESIAN_POINT('Ctrl Pts',(-1.31297069316595,-4.7,0.432021056022489));
#2027=CARTESIAN_POINT('Ctrl Pts',(-1.35676464694354,-4.45,0.565000204898017));
#2028=CARTESIAN_POINT('Ctrl Pts',(-2.50636468926706,-5.2,0.166150122819923));
#2029=CARTESIAN_POINT('Ctrl Pts',(-2.41735823788043,-4.95,0.299129363492417));
#2030=CARTESIAN_POINT('Ctrl Pts',(-2.32827466267326,-4.7,0.432018155030352));
#2031=CARTESIAN_POINT('Ctrl Pts',(-2.23926821128663,-4.45,0.564997395702846));
#2032=CARTESIAN_POINT('Ctrl Pts',(-2.64099811826218,-5.2,0.184736847654126));
#2033=CARTESIAN_POINT('Ctrl Pts',(-2.5332747214344,-4.95,0.316747470928776));
#2034=CARTESIAN_POINT('Ctrl Pts',(-2.42551237065502,-4.7,0.448612479705242));
#2035=CARTESIAN_POINT('Ctrl Pts',(-2.31778897382724,-4.45,0.580623102979893));
#2036=CARTESIAN_POINT('Ctrl Pts',(-2.84391513160327,-5.20000000000001,0.307848146435355));
#2037=CARTESIAN_POINT('Ctrl Pts',(-2.70188261120283,-4.95,0.420944599620837));
#2038=CARTESIAN_POINT('Ctrl Pts',(-2.55971312084838,-4.7,0.534221960285281));
#2039=CARTESIAN_POINT('Ctrl Pts',(-2.41768060044793,-4.45,0.647318413470763));
#2040=CARTESIAN_POINT('Ctrl Pts',(-2.97618503570903,-5.20000000000001,0.510228902085072));
#2041=CARTESIAN_POINT('Ctrl Pts',(-2.81221545250264,-4.95000000000001,0.589242464548735));
#2042=CARTESIAN_POINT('Ctrl Pts',(-2.64834545049258,-4.7,0.668196441225082));
#2043=CARTESIAN_POINT('Ctrl Pts',(-2.48437586728619,-4.45,0.747210003688745));
#2044=CARTESIAN_POINT('Ctrl Pts',(-2.99860676029504,-5.20000000000001,0.652980221829451));
#2045=CARTESIAN_POINT('Ctrl Pts',(-2.83236873678987,-4.95000000000001,0.710520394596282));
#2046=CARTESIAN_POINT('Ctrl Pts',(-2.66623956771611,-4.7,0.768190658662877));
#2047=CARTESIAN_POINT('Ctrl Pts',(-2.50000154421093,-4.45,0.825730831429708));
#2048=CARTESIAN_POINT('Ctrl Pts',(-2.99862846250075,-5.20000000000001,0.781995826675328));
#2049=CARTESIAN_POINT('Ctrl Pts',(-2.83241163878067,-4.95,0.823651801015351));
#2050=CARTESIAN_POINT('Ctrl Pts',(-2.66621790993104,-4.7,0.865235569427932));
#2051=CARTESIAN_POINT('Ctrl Pts',(-2.50000108621096,-4.45,0.906891543767955));
#2052=CARTESIAN_POINT('Ctrl Pts',(-2.99862632120745,-5.2,0.915234968519338));
#2053=CARTESIAN_POINT('Ctrl Pts',(-2.83239874599198,-4.95,0.944419100510822));
#2054=CARTESIAN_POINT('Ctrl Pts',(-2.66622868692015,-4.7,0.973653622758155));
#2055=CARTESIAN_POINT('Ctrl Pts',(-2.50000111170468,-4.45,1.00283775474964));
#2056=CARTESIAN_POINT('Ctrl Pts',(-2.9986295904967,-5.2,1.08181443335036));
#2057=CARTESIAN_POINT('Ctrl Pts',(-2.8324081181011,-4.95,1.10054228567846));
#2058=CARTESIAN_POINT('Ctrl Pts',(-2.66622251795601,-4.7,1.11924497622472));
#2059=CARTESIAN_POINT('Ctrl Pts',(-2.5000010455604,-4.45,1.13797282855283));
#2060=CARTESIAN_POINT('Ctrl Pts',(-2.99862955970236,-5.2,1.21508118647872));
#2061=CARTESIAN_POINT('Ctrl Pts',(-2.83240546605654,-4.95,1.22540938529405));
#2062=CARTESIAN_POINT('Ctrl Pts',(-2.66622513779749,-4.7,1.23575287308615));
#2063=CARTESIAN_POINT('Ctrl Pts',(-2.50000104415167,-4.45,1.24608107190148));
#2064=CARTESIAN_POINT('Ctrl Pts',(-2.99862931142356,-5.2,1.31502432686273));
#2065=CARTESIAN_POINT('Ctrl Pts',(-2.83240614667182,-4.95,1.31831464758982));
#2066=CARTESIAN_POINT('Ctrl Pts',(-2.66622421594573,-4.7,1.32159144663551));
#2067=CARTESIAN_POINT('Ctrl Pts',(-2.50000105119399,-4.45,1.32488176736261));
#2068=CARTESIAN_POINT('Ctrl Pts',(-2.99862890350587,-5.2,1.39830082833189));
#2069=CARTESIAN_POINT('Ctrl Pts',(-2.832405991131,-4.95,1.39444356467526));
#2070=CARTESIAN_POINT('Ctrl Pts',(-2.66622397690665,-4.7,1.39060559814643));
#2071=CARTESIAN_POINT('Ctrl Pts',(-2.50000106453179,-4.45,1.38674833448979));
#2072=CARTESIAN_POINT('Ctrl Pts',(-2.99862783324345,-5.2,1.4649119395901));
#2073=CARTESIAN_POINT('Ctrl Pts',(-2.83240326519198,-4.95,1.45422166849287));
#2074=CARTESIAN_POINT('Ctrl Pts',(-2.66622565641169,-4.7,1.44351114972278));
#2075=CARTESIAN_POINT('Ctrl Pts',(-2.50000108836022,-4.45,1.43282087862555));
#2076=CARTESIAN_POINT('Ctrl Pts',(-2.9986290118887,-5.2,1.49821559350946));
#2077=CARTESIAN_POINT('Ctrl Pts',(-2.83240823547215,-4.95,1.48363969097238));
#2078=CARTESIAN_POINT('Ctrl Pts',(-2.66622184191725,-4.7,1.46910289399164));
#2079=CARTESIAN_POINT('Ctrl Pts',(-2.5000010655007,-4.45,1.45452699145456));
#2080=CARTESIAN_POINT('Ctrl Pts',(-2.99861604978621,-5.2,1.57728747072601));
#2081=CARTESIAN_POINT('Ctrl Pts',(-2.83237281462798,-4.95,1.55301216975632));
#2082=CARTESIAN_POINT('Ctrl Pts',(-2.66624457410028,-4.7,1.52854454255404));
#2083=CARTESIAN_POINT('Ctrl Pts',(-2.50000133894204,-4.45,1.50426924158435));
#2084=CARTESIAN_POINT('Ctrl Pts',(-2.97619306513252,-5.2,1.72003843506466));
#2085=CARTESIAN_POINT('Ctrl Pts',(-2.81222621592478,-4.95,1.67425826517531));
#2086=CARTESIAN_POINT('Ctrl Pts',(-2.64834255655582,-4.7,1.62857021604734));
#2087=CARTESIAN_POINT('Ctrl Pts',(-2.48437570734808,-4.45,1.58279004615798));
#2088=CARTESIAN_POINT('Ctrl Pts',(-2.84392297061531,-5.2,1.92241914460573));
#2089=CARTESIAN_POINT('Ctrl Pts',(-2.70188911992068,-4.95,1.84257374702385));
#2090=CARTESIAN_POINT('Ctrl Pts',(-2.55971428516194,-4.7,1.76252703633921));
#2091=CARTESIAN_POINT('Ctrl Pts',(-2.41768043446731,-4.45,1.68268163875733));
#2092=CARTESIAN_POINT('Ctrl Pts',(-2.64100578158353,-5.20000000000001,2.04553017329737));
#2093=CARTESIAN_POINT('Ctrl Pts',(-2.53328280185456,-4.95000000000001,1.94676047559025));
#2094=CARTESIAN_POINT('Ctrl Pts',(-2.42551184300378,-4.7,1.84814661032111));
#2095=CARTESIAN_POINT('Ctrl Pts',(-2.31778886327481,-4.45,1.74937691261398));
#2096=CARTESIAN_POINT('Ctrl Pts',(-2.5063717089493,-5.20000000000001,2.06411697308559));
#2097=CARTESIAN_POINT('Ctrl Pts',(-2.41736604267352,-4.95,1.96438300526072));
#2098=CARTESIAN_POINT('Ctrl Pts',(-2.32827371049871,-4.7,1.86473662486742));
#2099=CARTESIAN_POINT('Ctrl Pts',(-2.23926804422293,-4.45,1.76500265704255));
#2100=CARTESIAN_POINT('Ctrl Pts',(-1.63342637435534,-5.20000000000001,2.06426739106225));
#2101=CARTESIAN_POINT('Ctrl Pts',(-1.63491161077578,-4.95000000000001,1.96453277907468));
#2102=CARTESIAN_POINT('Ctrl Pts',(-1.63635891048471,-4.7,1.86473413823556));
#2103=CARTESIAN_POINT('Ctrl Pts',(-1.63784414690515,-4.45,1.764999526248));
#2104=CARTESIAN_POINT('Ctrl Pts',(-0.408298760095452,-5.2,2.06418557751115));
#2105=CARTESIAN_POINT('Ctrl Pts',(-0.408683364736508,-4.95,1.96445197384038));
#2106=CARTESIAN_POINT('Ctrl Pts',(-0.409073393287068,-4.7,1.86473388934332));
#2107=CARTESIAN_POINT('Ctrl Pts',(-0.409457997928124,-4.45,1.76500028567255));
#2108=CARTESIAN_POINT('Ctrl Pts',(1.22499184758185,-5.2,2.06419682221325));
#2109=CARTESIAN_POINT('Ctrl Pts',(1.22612268180674,-4.95,1.964462526035));
#2110=CARTESIAN_POINT('Ctrl Pts',(1.22724786749042,-4.7,1.86473451333172));
#2111=CARTESIAN_POINT('Ctrl Pts',(1.22837870171531,-4.45,1.76500021715347));
#2112=CARTESIAN_POINT('Ctrl Pts',(2.04140176773303,-5.20000000000001,2.06420731207852));
#2113=CARTESIAN_POINT('Ctrl Pts',(2.00058397420512,-4.95000000000001,1.96447359247242));
#2114=CARTESIAN_POINT('Ctrl Pts',(1.95973977609673,-4.7,1.86473424499055));
#2115=CARTESIAN_POINT('Ctrl Pts',(1.91892198256882,-4.45,1.76500052538444));
#2116=CARTESIAN_POINT('Ctrl Pts',(2.50636653383866,-5.20000000000001,2.06411540591728));
#2117=CARTESIAN_POINT('Ctrl Pts',(2.41736313532318,-4.95000000000001,1.96438009977719));
#2118=CARTESIAN_POINT('Ctrl Pts',(2.32827158240974,-4.70000000000001,1.86473762414269));
#2119=CARTESIAN_POINT('Ctrl Pts',(2.23926818389426,-4.45,1.7650023180026));
#2120=CARTESIAN_POINT('Ctrl Pts',(2.64100136756762,-5.20000000000001,2.04552867311567));
#2121=CARTESIAN_POINT('Ctrl Pts',(2.53327520444868,-4.95000000000001,1.94676661407617));
#2122=CARTESIAN_POINT('Ctrl Pts',(2.42551518812306,-4.7,1.8481386376014));
#2123=CARTESIAN_POINT('Ctrl Pts',(2.31778902500412,-4.45,1.74937657856189));
#2124=CARTESIAN_POINT('Ctrl Pts',(2.8439180417738,-5.20000000000001,1.92241668860673));
#2125=CARTESIAN_POINT('Ctrl Pts',(2.7018883018142,-4.95000000000001,1.8425584275287));
#2126=CARTESIAN_POINT('Ctrl Pts',(2.55971031879913,-4.70000000000001,1.76253956408796));
#2127=CARTESIAN_POINT('Ctrl Pts',(2.41768057883952,-4.45,1.68268130300993));
#2128=CARTESIAN_POINT('Ctrl Pts',(2.97618831255428,-5.20000000000001,1.72003526606686));
#2129=CARTESIAN_POINT('Ctrl Pts',(2.81221498273663,-4.95000000000001,1.67427773772668));
#2130=CARTESIAN_POINT('Ctrl Pts',(2.64834918011288,-4.70000000000001,1.62854722105288));
#2131=CARTESIAN_POINT('Ctrl Pts',(2.48437585029523,-4.45,1.58278969271269));
#2132=CARTESIAN_POINT('Ctrl Pts',(2.99861066422444,-5.20000000000001,1.5772838199923));
#2133=CARTESIAN_POINT('Ctrl Pts',(2.83237828361597,-4.95000000000001,1.55296849659408));
#2134=CARTESIAN_POINT('Ctrl Pts',(2.66623387340155,-4.7,1.52858421221515));
#2135=CARTESIAN_POINT('Ctrl Pts',(2.50000149279307,-4.45,1.50426888881692));
#2136=CARTESIAN_POINT('Ctrl Pts',(2.99866504177006,-5.2,1.24848668748038));
#2137=CARTESIAN_POINT('Ctrl Pts',(2.83245133724823,-4.95,1.2647768834798));
#2138=CARTESIAN_POINT('Ctrl Pts',(2.66621400592895,-4.7,1.28114382680617));
#2139=CARTESIAN_POINT('Ctrl Pts',(2.50000030140712,-4.45,1.2974340228056));
#2140=CARTESIAN_POINT('Ctrl Pts',(2.99867021276596,-5.2,0.981802040361361));
#2141=CARTESIAN_POINT('Ctrl Pts',(2.83244118642319,-4.95,0.998743415493948));
#2142=CARTESIAN_POINT('Ctrl Pts',(2.66622902634276,-4.7,1.01562580073828));
#2143=CARTESIAN_POINT('Ctrl Pts',(2.5,-4.45,1.03256717587087));
#2144=CARTESIAN_POINT('Ctrl Pts',(2.99867021276596,-5.2,0.715398936170216));
#2145=CARTESIAN_POINT('Ctrl Pts',(2.83244680851064,-4.95,0.765265957446811));
#2146=CARTESIAN_POINT('Ctrl Pts',(2.66622340425532,-4.7,0.815132978723407));
#2147=CARTESIAN_POINT('Ctrl Pts',(2.5,-4.45,0.865000000000002));
#2148=CARTESIAN_POINT('',(3.,-5.202,0.715));
#2149=CARTESIAN_POINT('Origin',(-2.8,-5.2,0.565));
#2150=UNCERTAINTY_MEASURE_WITH_UNIT(LENGTH_MEASURE(0.001),#2154,
'DISTANCE_ACCURACY_VALUE',
'Maximum model space distance between geometric entities at asserted c
onnectivities');
#2151=UNCERTAINTY_MEASURE_WITH_UNIT(LENGTH_MEASURE(0.001),#2154,
'DISTANCE_ACCURACY_VALUE',
'Maximum model space distance between geometric entities at asserted c
onnectivities');
#2152=(
GEOMETRIC_REPRESENTATION_CONTEXT(3)
GLOBAL_UNCERTAINTY_ASSIGNED_CONTEXT((#2150))
GLOBAL_UNIT_ASSIGNED_CONTEXT((#2154,#2156,#2157))
REPRESENTATION_CONTEXT('','3D')
);
#2153=(
GEOMETRIC_REPRESENTATION_CONTEXT(3)
GLOBAL_UNCERTAINTY_ASSIGNED_CONTEXT((#2151))
GLOBAL_UNIT_ASSIGNED_CONTEXT((#2154,#2156,#2157))
REPRESENTATION_CONTEXT('','3D')
);
#2154=(
LENGTH_UNIT()
NAMED_UNIT(*)
SI_UNIT(.CENTI.,.METRE.)
);
#2155=(
LENGTH_UNIT()
NAMED_UNIT(*)
SI_UNIT($,.METRE.)
);
#2156=(
NAMED_UNIT(*)
PLANE_ANGLE_UNIT()
SI_UNIT($,.RADIAN.)
);
#2157=(
NAMED_UNIT(*)
SI_UNIT($,.STERADIAN.)
SOLID_ANGLE_UNIT()
);
#2158=SHAPE_DEFINITION_REPRESENTATION(#2159,#2160);
#2159=PRODUCT_DEFINITION_SHAPE('',$,#2162);
#2160=SHAPE_REPRESENTATION('',(#1170),#2152);
#2161=PRODUCT_DEFINITION_CONTEXT('part definition',#2166,'design');
#2162=PRODUCT_DEFINITION('04 Probe fascia - fitted seams',
'04 Probe fascia - fitted seams',#2163,#2161);
#2163=PRODUCT_DEFINITION_FORMATION('',$,#2168);
#2164=PRODUCT_RELATED_PRODUCT_CATEGORY('04 Probe fascia - fitted seams',
'04 Probe fascia - fitted seams',(#2168));
#2165=APPLICATION_PROTOCOL_DEFINITION('international standard',
'automotive_design',2009,#2166);
#2166=APPLICATION_CONTEXT(
'Core Data for Automotive Mechanical Design Process');
#2167=PRODUCT_CONTEXT('part definition',#2166,'mechanical');
#2168=PRODUCT('04 Probe fascia - fitted seams',
'04 Probe fascia - fitted seams',$,(#2167));
#2169=PRESENTATION_STYLE_ASSIGNMENT((#2171));
#2170=PRESENTATION_STYLE_ASSIGNMENT((#2172));
#2171=SURFACE_STYLE_USAGE(.BOTH.,#2173);
#2172=SURFACE_STYLE_USAGE(.BOTH.,#2174);
#2173=SURFACE_SIDE_STYLE('',(#2175));
#2174=SURFACE_SIDE_STYLE('',(#2176));
#2175=SURFACE_STYLE_FILL_AREA(#2177);
#2176=SURFACE_STYLE_FILL_AREA(#2178);
#2177=FILL_AREA_STYLE('Steel - Satin',(#2179));
#2178=FILL_AREA_STYLE('Case bottom slate',(#2180));
#2179=FILL_AREA_STYLE_COLOUR('Steel - Satin',#2181);
#2180=FILL_AREA_STYLE_COLOUR('Case bottom slate',#2182);
#2181=COLOUR_RGB('Steel - Satin',0.627450980392157,0.627450980392157,0.627450980392157);
#2182=COLOUR_RGB('Case bottom slate',0.282352941176471,0.356862745098039,
0.415686274509804);
ENDSEC;
END-ISO-10303-21;
